orchestrate maxn=35 fold=true cores=80 unit_mult=8 merge_mult=1 ram=1073741824 counter=u128 kernel=kink run_dir=runs/ns_a35_2m/nvme rev=b8f13d41
event=kink_round H=10 col=0 round=seed frontier_in=1 map_wall_s=0.004 map_cpu_s=0.000 merge_wall_s=0.000 merge_cpu_s=0.000 map_units=1 merge_ranges=0 map_eff_cores=0.00 merge_eff_cores=0.00
event=kink_round H=9 col=0 round=seed frontier_in=1 map_wall_s=0.003 map_cpu_s=0.000 merge_wall_s=0.000 merge_cpu_s=0.000 map_units=1 merge_ranges=0 map_eff_cores=0.00 merge_eff_cores=0.00
event=kink_round H=5 col=0 round=seed frontier_in=1 map_wall_s=0.003 map_cpu_s=0.000 merge_wall_s=0.000 merge_cpu_s=0.000 map_units=1 merge_ranges=0 map_eff_cores=0.00 merge_eff_cores=0.00
event=kink_round H=4 col=0 round=seed frontier_in=1 map_wall_s=0.003 map_cpu_s=0.000 merge_wall_s=0.000 merge_cpu_s=0.000 map_units=1 merge_ranges=0 map_eff_cores=0.00 merge_eff_cores=0.00
event=kink_round H=17 col=0 round=seed frontier_in=1 map_wall_s=0.003 map_cpu_s=0.000 merge_wall_s=0.000 merge_cpu_s=0.000 map_units=1 merge_ranges=0 map_eff_cores=0.00 merge_eff_cores=0.00
event=kink_round H=7 col=0 round=seed frontier_in=1 map_wall_s=0.003 map_cpu_s=0.000 merge_wall_s=0.000 merge_cpu_s=0.000 map_units=1 merge_ranges=0 map_eff_cores=0.00 merge_eff_cores=0.00
event=kink_round H=13 col=0 round=seed frontier_in=1 map_wall_s=0.003 map_cpu_s=0.000 merge_wall_s=0.000 merge_cpu_s=0.000 map_units=1 merge_ranges=0 map_eff_cores=0.00 merge_eff_cores=0.00
event=kink_round H=6 col=0 round=seed frontier_in=1 map_wall_s=0.005 map_cpu_s=0.001 merge_wall_s=0.000 merge_cpu_s=0.000 map_units=1 merge_ranges=0 map_eff_cores=0.22 merge_eff_cores=0.00
event=kink_round H=18 col=0 round=seed frontier_in=1 map_wall_s=0.004 map_cpu_s=0.001 merge_wall_s=0.000 merge_cpu_s=0.000 map_units=1 merge_ranges=0 map_eff_cores=0.27 merge_eff_cores=0.00
event=kink_round H=3 col=0 round=seed frontier_in=1 map_wall_s=0.004 map_cpu_s=0.001 merge_wall_s=0.000 merge_cpu_s=0.000 map_units=1 merge_ranges=0 map_eff_cores=0.27 merge_eff_cores=0.00
event=kink_round H=16 col=0 round=seed frontier_in=1 map_wall_s=0.003 map_cpu_s=0.001 merge_wall_s=0.000 merge_cpu_s=0.000 map_units=1 merge_ranges=0 map_eff_cores=0.30 merge_eff_cores=0.00
event=kink_round H=8 col=0 round=seed frontier_in=1 map_wall_s=0.004 map_cpu_s=0.000 merge_wall_s=0.000 merge_cpu_s=0.000 map_units=1 merge_ranges=0 map_eff_cores=0.00 merge_eff_cores=0.00
event=kink_round H=12 col=0 round=seed frontier_in=1 map_wall_s=0.003 map_cpu_s=0.000 merge_wall_s=0.000 merge_cpu_s=0.000 map_units=1 merge_ranges=0 map_eff_cores=0.00 merge_eff_cores=0.00
event=kink_round H=15 col=0 round=seed frontier_in=1 map_wall_s=0.002 map_cpu_s=0.000 merge_wall_s=0.000 merge_cpu_s=0.000 map_units=1 merge_ranges=0 map_eff_cores=0.00 merge_eff_cores=0.00
event=kink_round H=11 col=0 round=seed frontier_in=1 map_wall_s=0.003 map_cpu_s=0.000 merge_wall_s=0.000 merge_cpu_s=0.000 map_units=1 merge_ranges=0 map_eff_cores=0.00 merge_eff_cores=0.00
event=kink_round H=14 col=0 round=seed frontier_in=1 map_wall_s=0.003 map_cpu_s=0.000 merge_wall_s=0.000 merge_cpu_s=0.000 map_units=1 merge_ranges=0 map_eff_cores=0.00 merge_eff_cores=0.00
event=kink_round H=9 col=0 round=stage0 frontier_in=1 map_wall_s=0.002 map_cpu_s=0.000 merge_wall_s=0.003 merge_cpu_s=0.000 map_units=1 merge_ranges=1 map_eff_cores=0.00 merge_eff_cores=0.00
event=kink_round H=10 col=0 round=stage0 frontier_in=1 map_wall_s=0.003 map_cpu_s=0.000 merge_wall_s=0.003 merge_cpu_s=0.000 map_units=1 merge_ranges=1 map_eff_cores=0.00 merge_eff_cores=0.00
event=kink_round H=17 col=0 round=stage0 frontier_in=1 map_wall_s=0.003 map_cpu_s=0.000 merge_wall_s=0.003 merge_cpu_s=0.000 map_units=1 merge_ranges=1 map_eff_cores=0.00 merge_eff_cores=0.00
event=kink_round H=4 col=0 round=stage0 frontier_in=1 map_wall_s=0.002 map_cpu_s=0.000 merge_wall_s=0.004 merge_cpu_s=0.000 map_units=1 merge_ranges=1 map_eff_cores=0.00 merge_eff_cores=0.00
event=kink_round H=6 col=0 round=stage0 frontier_in=1 map_wall_s=0.002 map_cpu_s=0.000 merge_wall_s=0.003 merge_cpu_s=0.000 map_units=1 merge_ranges=1 map_eff_cores=0.00 merge_eff_cores=0.00
event=kink_round H=18 col=0 round=stage0 frontier_in=1 map_wall_s=0.002 map_cpu_s=0.000 merge_wall_s=0.003 merge_cpu_s=0.000 map_units=1 merge_ranges=1 map_eff_cores=0.00 merge_eff_cores=0.00
event=kink_round H=16 col=0 round=stage0 frontier_in=1 map_wall_s=0.002 map_cpu_s=0.000 merge_wall_s=0.003 merge_cpu_s=0.000 map_units=1 merge_ranges=1 map_eff_cores=0.00 merge_eff_cores=0.00
event=kink_round H=3 col=0 round=stage0 frontier_in=1 map_wall_s=0.003 map_cpu_s=0.000 merge_wall_s=0.003 merge_cpu_s=0.001 map_units=1 merge_ranges=1 map_eff_cores=0.00 merge_eff_cores=0.31
event=kink_round H=13 col=0 round=stage0 frontier_in=1 map_wall_s=0.003 map_cpu_s=0.000 merge_wall_s=0.003 merge_cpu_s=0.001 map_units=1 merge_ranges=1 map_eff_cores=0.00 merge_eff_cores=0.30
event=kink_round H=14 col=0 round=stage0 frontier_in=1 map_wall_s=0.002 map_cpu_s=0.000 merge_wall_s=0.002 merge_cpu_s=0.000 map_units=1 merge_ranges=1 map_eff_cores=0.00 merge_eff_cores=0.00
event=kink_round H=8 col=0 round=stage0 frontier_in=1 map_wall_s=0.003 map_cpu_s=0.000 merge_wall_s=0.003 merge_cpu_s=0.000 map_units=1 merge_ranges=1 map_eff_cores=0.00 merge_eff_cores=0.00
event=kink_round H=11 col=0 round=stage0 frontier_in=1 map_wall_s=0.002 map_cpu_s=0.000 merge_wall_s=0.003 merge_cpu_s=0.000 map_units=1 merge_ranges=1 map_eff_cores=0.00 merge_eff_cores=0.00
event=kink_round H=5 col=0 round=stage0 frontier_in=1 map_wall_s=0.003 map_cpu_s=0.000 merge_wall_s=0.004 merge_cpu_s=0.000 map_units=1 merge_ranges=1 map_eff_cores=0.00 merge_eff_cores=0.00
event=kink_round H=12 col=0 round=stage0 frontier_in=1 map_wall_s=0.003 map_cpu_s=0.000 merge_wall_s=0.003 merge_cpu_s=0.001 map_units=1 merge_ranges=1 map_eff_cores=0.00 merge_eff_cores=0.31
event=kink_round H=7 col=0 round=stage0 frontier_in=1 map_wall_s=0.003 map_cpu_s=0.001 merge_wall_s=0.004 merge_cpu_s=0.001 map_units=1 merge_ranges=1 map_eff_cores=0.35 merge_eff_cores=0.24
event=kink_round H=15 col=0 round=stage0 frontier_in=1 map_wall_s=0.004 map_cpu_s=0.001 merge_wall_s=0.002 merge_cpu_s=0.000 map_units=1 merge_ranges=1 map_eff_cores=0.29 merge_eff_cores=0.00
event=kink_round H=9 col=0 round=stage1 frontier_in=2 map_wall_s=0.002 map_cpu_s=0.000 merge_wall_s=0.052 merge_cpu_s=0.000 map_units=1 merge_ranges=1 map_eff_cores=0.00 merge_eff_cores=0.00
event=kink_round H=10 col=0 round=stage1 frontier_in=2 map_wall_s=0.002 map_cpu_s=0.000 merge_wall_s=0.053 merge_cpu_s=0.000 map_units=1 merge_ranges=1 map_eff_cores=0.00 merge_eff_cores=0.00
event=kink_round H=17 col=0 round=stage1 frontier_in=2 map_wall_s=0.002 map_cpu_s=0.000 merge_wall_s=0.052 merge_cpu_s=0.001 map_units=1 merge_ranges=1 map_eff_cores=0.00 merge_eff_cores=0.02
event=kink_round H=18 col=0 round=stage1 frontier_in=2 map_wall_s=0.002 map_cpu_s=0.000 merge_wall_s=0.052 merge_cpu_s=0.000 map_units=1 merge_ranges=1 map_eff_cores=0.00 merge_eff_cores=0.00
event=kink_round H=16 col=0 round=stage1 frontier_in=2 map_wall_s=0.002 map_cpu_s=0.000 merge_wall_s=0.052 merge_cpu_s=0.001 map_units=1 merge_ranges=1 map_eff_cores=0.00 merge_eff_cores=0.02
event=kink_round H=14 col=0 round=stage1 frontier_in=2 map_wall_s=0.002 map_cpu_s=0.000 merge_wall_s=0.052 merge_cpu_s=0.001 map_units=1 merge_ranges=1 map_eff_cores=0.00 merge_eff_cores=0.02
event=kink_round H=13 col=0 round=stage1 frontier_in=2 map_wall_s=0.002 map_cpu_s=0.000 merge_wall_s=0.052 merge_cpu_s=0.000 map_units=1 merge_ranges=1 map_eff_cores=0.00 merge_eff_cores=0.00
event=kink_round H=6 col=0 round=stage1 frontier_in=2 map_wall_s=0.002 map_cpu_s=0.000 merge_wall_s=0.053 merge_cpu_s=0.000 map_units=1 merge_ranges=1 map_eff_cores=0.00 merge_eff_cores=0.00
event=kink_round H=8 col=0 round=stage1 frontier_in=2 map_wall_s=0.052 map_cpu_s=0.000 merge_wall_s=0.003 merge_cpu_s=0.000 map_units=1 merge_ranges=1 map_eff_cores=0.00 merge_eff_cores=0.00
event=kink_round H=4 col=0 round=stage1 frontier_in=2 map_wall_s=0.002 map_cpu_s=0.000 merge_wall_s=0.054 merge_cpu_s=0.000 map_units=1 merge_ranges=1 map_eff_cores=0.00 merge_eff_cores=0.00
event=kink_round H=7 col=0 round=stage1 frontier_in=2 map_wall_s=0.053 map_cpu_s=0.000 merge_wall_s=0.003 merge_cpu_s=0.000 map_units=1 merge_ranges=1 map_eff_cores=0.00 merge_eff_cores=0.00
event=kink_round H=3 col=0 round=stage1 frontier_in=2 map_wall_s=0.054 map_cpu_s=0.001 merge_wall_s=0.003 merge_cpu_s=0.000 map_units=1 merge_ranges=1 map_eff_cores=0.02 merge_eff_cores=0.00
event=kink_round H=12 col=0 round=stage1 frontier_in=2 map_wall_s=0.054 map_cpu_s=0.001 merge_wall_s=0.003 merge_cpu_s=0.000 map_units=1 merge_ranges=1 map_eff_cores=0.02 merge_eff_cores=0.00
event=kink_round H=5 col=0 round=stage1 frontier_in=2 map_wall_s=0.053 map_cpu_s=0.001 merge_wall_s=0.004 merge_cpu_s=0.001 map_units=1 merge_ranges=1 map_eff_cores=0.02 merge_eff_cores=0.27
event=kink_round H=11 col=0 round=stage1 frontier_in=2 map_wall_s=0.054 map_cpu_s=0.001 merge_wall_s=0.003 merge_cpu_s=0.000 map_units=1 merge_ranges=1 map_eff_cores=0.02 merge_eff_cores=0.00
event=kink_round H=15 col=0 round=stage1 frontier_in=2 map_wall_s=0.005 map_cpu_s=0.000 merge_wall_s=0.003 merge_cpu_s=0.000 map_units=1 merge_ranges=1 map_eff_cores=0.00 merge_eff_cores=0.00
event=kink_round H=13 col=0 round=stage2 frontier_in=4 map_wall_s=0.001 map_cpu_s=0.001 merge_wall_s=0.003 merge_cpu_s=0.000 map_units=1 merge_ranges=1 map_eff_cores=1.05 merge_eff_cores=0.00
event=kink_round H=16 col=0 round=stage2 frontier_in=4 map_wall_s=0.001 map_cpu_s=0.000 merge_wall_s=0.003 merge_cpu_s=0.000 map_units=1 merge_ranges=1 map_eff_cores=0.00 merge_eff_cores=0.00
event=kink_round H=4 col=0 round=stage2 frontier_in=4 map_wall_s=0.001 map_cpu_s=0.000 merge_wall_s=0.002 merge_cpu_s=0.000 map_units=1 merge_ranges=1 map_eff_cores=0.00 merge_eff_cores=0.00
event=kink_round H=8 col=0 round=stage2 frontier_in=4 map_wall_s=0.001 map_cpu_s=0.001 merge_wall_s=0.003 merge_cpu_s=0.000 map_units=1 merge_ranges=1 map_eff_cores=1.23 merge_eff_cores=0.00
event=kink_round H=9 col=0 round=stage2 frontier_in=4 map_wall_s=0.003 map_cpu_s=0.001 merge_wall_s=0.003 merge_cpu_s=0.000 map_units=1 merge_ranges=1 map_eff_cores=0.29 merge_eff_cores=0.00
event=kink_round H=10 col=0 round=stage2 frontier_in=4 map_wall_s=0.001 map_cpu_s=0.000 merge_wall_s=0.005 merge_cpu_s=0.001 map_units=1 merge_ranges=1 map_eff_cores=0.00 merge_eff_cores=0.22
event=kink_round H=17 col=0 round=stage2 frontier_in=4 map_wall_s=0.003 map_cpu_s=0.000 merge_wall_s=0.003 merge_cpu_s=0.000 map_units=1 merge_ranges=1 map_eff_cores=0.00 merge_eff_cores=0.00
event=kink_round H=6 col=0 round=stage2 frontier_in=4 map_wall_s=0.001 map_cpu_s=0.001 merge_wall_s=0.004 merge_cpu_s=0.001 map_units=1 merge_ranges=1 map_eff_cores=1.21 merge_eff_cores=0.24
event=kink_round H=14 col=0 round=stage2 frontier_in=4 map_wall_s=0.001 map_cpu_s=0.001 merge_wall_s=0.004 merge_cpu_s=0.000 map_units=1 merge_ranges=1 map_eff_cores=0.77 merge_eff_cores=0.00
event=kink_round H=7 col=0 round=stage2 frontier_in=4 map_wall_s=0.001 map_cpu_s=0.000 merge_wall_s=0.003 merge_cpu_s=0.000 map_units=1 merge_ranges=1 map_eff_cores=0.00 merge_eff_cores=0.00
event=kink_round H=3 col=0 round=stage2 frontier_in=4 map_wall_s=0.001 map_cpu_s=0.000 merge_wall_s=0.002 merge_cpu_s=0.000 map_units=1 merge_ranges=1 map_eff_cores=0.00 merge_eff_cores=0.00
event=kink_round H=11 col=0 round=stage2 frontier_in=4 map_wall_s=0.001 map_cpu_s=0.000 merge_wall_s=0.002 merge_cpu_s=0.000 map_units=1 merge_ranges=1 map_eff_cores=0.00 merge_eff_cores=0.00
event=kink_round H=18 col=0 round=stage2 frontier_in=4 map_wall_s=0.003 map_cpu_s=0.001 merge_wall_s=0.004 merge_cpu_s=0.000 map_units=1 merge_ranges=1 map_eff_cores=0.32 merge_eff_cores=0.00
event=kink_round H=12 col=0 round=stage2 frontier_in=4 map_wall_s=0.001 map_cpu_s=0.001 merge_wall_s=0.003 merge_cpu_s=0.000 map_units=1 merge_ranges=1 map_eff_cores=0.97 merge_eff_cores=0.00
event=kink_round H=13 col=0 round=stage3 frontier_in=8 map_wall_s=0.001 map_cpu_s=0.000 merge_wall_s=0.002 merge_cpu_s=0.000 map_units=1 merge_ranges=1 map_eff_cores=0.00 merge_eff_cores=0.00
event=kink_round H=15 col=0 round=stage2 frontier_in=4 map_wall_s=0.002 map_cpu_s=0.001 merge_wall_s=0.001 merge_cpu_s=0.000 map_units=1 merge_ranges=1 map_eff_cores=0.43 merge_eff_cores=0.00
event=kink_round H=16 col=0 round=stage3 frontier_in=8 map_wall_s=0.002 map_cpu_s=0.000 merge_wall_s=0.001 merge_cpu_s=0.000 map_units=1 merge_ranges=1 map_eff_cores=0.00 merge_eff_cores=0.00
event=kink_round H=5 col=0 round=stage2 frontier_in=4 map_wall_s=0.004 map_cpu_s=0.001 merge_wall_s=0.001 merge_cpu_s=0.000 map_units=1 merge_ranges=1 map_eff_cores=0.28 merge_eff_cores=0.00
event=kink_round H=14 col=0 round=stage3 frontier_in=8 map_wall_s=0.002 map_cpu_s=0.000 merge_wall_s=0.001 merge_cpu_s=0.000 map_units=1 merge_ranges=1 map_eff_cores=0.00 merge_eff_cores=0.00
event=kink_round H=16 col=0 round=stage4 frontier_in=16 map_wall_s=0.001 map_cpu_s=0.000 merge_wall_s=0.002 merge_cpu_s=0.001 map_units=1 merge_ranges=1 map_eff_cores=0.00 merge_eff_cores=0.59
event=kink_round H=6 col=0 round=stage3 frontier_in=8 map_wall_s=0.003 map_cpu_s=0.001 merge_wall_s=0.001 merge_cpu_s=0.000 map_units=1 merge_ranges=1 map_eff_cores=0.29 merge_eff_cores=0.00
event=kink_round H=8 col=0 round=stage3 frontier_in=8 map_wall_s=0.003 map_cpu_s=0.000 merge_wall_s=0.003 merge_cpu_s=0.000 map_units=1 merge_ranges=1 map_eff_cores=0.00 merge_eff_cores=0.00
event=kink_round H=4 col=0 round=stage3 frontier_in=8 map_wall_s=0.002 map_cpu_s=0.000 merge_wall_s=0.004 merge_cpu_s=0.000 map_units=1 merge_ranges=1 map_eff_cores=0.00 merge_eff_cores=0.00
event=kink_round H=9 col=0 round=stage3 frontier_in=8 map_wall_s=0.003 map_cpu_s=0.000 merge_wall_s=0.002 merge_cpu_s=0.000 map_units=1 merge_ranges=1 map_eff_cores=0.00 merge_eff_cores=0.00
event=kink_round H=5 col=0 round=stage3 frontier_in=8 map_wall_s=0.001 map_cpu_s=0.000 merge_wall_s=0.003 merge_cpu_s=0.001 map_units=1 merge_ranges=1 map_eff_cores=0.00 merge_eff_cores=0.36
event=kink_round H=18 col=0 round=stage3 frontier_in=8 map_wall_s=0.003 map_cpu_s=0.001 merge_wall_s=0.002 merge_cpu_s=0.000 map_units=1 merge_ranges=1 map_eff_cores=0.38 merge_eff_cores=0.00
event=kink_round H=13 col=0 round=stage4 frontier_in=16 map_wall_s=0.001 map_cpu_s=0.001 merge_wall_s=0.004 merge_cpu_s=0.000 map_units=1 merge_ranges=1 map_eff_cores=1.11 merge_eff_cores=0.00
event=kink_round H=10 col=0 round=stage3 frontier_in=8 map_wall_s=0.003 map_cpu_s=0.000 merge_wall_s=0.004 merge_cpu_s=0.000 map_units=1 merge_ranges=1 map_eff_cores=0.00 merge_eff_cores=0.00
event=kink_round H=17 col=0 round=stage3 frontier_in=8 map_wall_s=0.002 map_cpu_s=0.000 merge_wall_s=0.004 merge_cpu_s=0.000 map_units=1 merge_ranges=1 map_eff_cores=0.00 merge_eff_cores=0.00
event=kink_round H=7 col=0 round=stage3 frontier_in=8 map_wall_s=0.004 map_cpu_s=0.001 merge_wall_s=0.003 merge_cpu_s=0.000 map_units=1 merge_ranges=1 map_eff_cores=0.27 merge_eff_cores=0.00
event=kink_round H=3 col=0 round=finalize frontier_in=8 map_wall_s=0.003 map_cpu_s=0.000 merge_wall_s=0.003 merge_cpu_s=0.000 map_units=1 merge_ranges=1 map_eff_cores=0.00 merge_eff_cores=0.00
event=kink_round H=15 col=0 round=stage3 frontier_in=8 map_wall_s=0.001 map_cpu_s=0.001 merge_wall_s=0.005 merge_cpu_s=0.000 map_units=1 merge_ranges=1 map_eff_cores=1.22 merge_eff_cores=0.00
event=column H=3 col=0 frontier_in=1 frontier_out=5 wall_s=0.08 cum_wall_s=0.1 cpu_s=0.0 rss_max_mb=48.8 map_wall_s=0.06 map_cpu_s=0.0 merge_wall_s=0.01 merge_cpu_s=0.0 map_units=5 merge_ranges=4 eff_cores=0.04
event=kink_round H=12 col=0 round=stage3 frontier_in=8 map_wall_s=0.003 map_cpu_s=0.001 merge_wall_s=0.004 merge_cpu_s=0.000 map_units=1 merge_ranges=1 map_eff_cores=0.38 merge_eff_cores=0.00
event=kink_round H=11 col=0 round=stage3 frontier_in=8 map_wall_s=0.002 map_cpu_s=0.000 merge_wall_s=0.005 merge_cpu_s=0.000 map_units=1 merge_ranges=1 map_eff_cores=0.00 merge_eff_cores=0.00
event=kink_round H=4 col=0 round=finalize frontier_in=16 map_wall_s=0.001 map_cpu_s=0.000 merge_wall_s=0.002 merge_cpu_s=0.000 map_units=1 merge_ranges=1 map_eff_cores=0.00 merge_eff_cores=0.00
event=column H=4 col=0 frontier_in=1 frontier_out=9 wall_s=0.13 cum_wall_s=0.2 cpu_s=0.0 rss_max_mb=50.8 map_wall_s=0.01 map_cpu_s=0.0 merge_wall_s=0.07 merge_cpu_s=0.0 map_units=6 merge_ranges=5 eff_cores=0.00
event=kink_round H=5 col=0 round=stage4 frontier_in=16 map_wall_s=0.003 map_cpu_s=0.000 merge_wall_s=0.056 merge_cpu_s=0.001 map_units=1 merge_ranges=1 map_eff_cores=0.00 merge_eff_cores=0.02
event=kink_round H=3 col=1 round=seed frontier_in=5 map_wall_s=0.002 map_cpu_s=0.000 merge_wall_s=0.000 merge_cpu_s=0.000 map_units=1 merge_ranges=0 map_eff_cores=0.00 merge_eff_cores=0.00
event=kink_round H=8 col=0 round=stage4 frontier_in=16 map_wall_s=0.003 map_cpu_s=0.001 merge_wall_s=0.056 merge_cpu_s=0.001 map_units=1 merge_ranges=1 map_eff_cores=0.35 merge_eff_cores=0.02
event=kink_round H=16 col=0 round=stage5 frontier_in=32 map_wall_s=0.002 map_cpu_s=0.000 merge_wall_s=0.058 merge_cpu_s=0.000 map_units=1 merge_ranges=1 map_eff_cores=0.00 merge_eff_cores=0.00
event=kink_round H=7 col=0 round=stage4 frontier_in=16 map_wall_s=0.001 map_cpu_s=0.000 merge_wall_s=0.057 merge_cpu_s=0.000 map_units=1 merge_ranges=1 map_eff_cores=0.00 merge_eff_cores=0.00
event=kink_round H=13 col=0 round=stage5 frontier_in=32 map_wall_s=0.001 map_cpu_s=0.001 merge_wall_s=0.057 merge_cpu_s=0.000 map_units=1 merge_ranges=1 map_eff_cores=1.31 merge_eff_cores=0.00
event=kink_round H=15 col=0 round=stage4 frontier_in=16 map_wall_s=0.001 map_cpu_s=0.000 merge_wall_s=0.057 merge_cpu_s=0.001 map_units=1 merge_ranges=1 map_eff_cores=0.00 merge_eff_cores=0.02
event=kink_round H=17 col=0 round=stage4 frontier_in=16 map_wall_s=0.001 map_cpu_s=0.000 merge_wall_s=0.057 merge_cpu_s=0.001 map_units=1 merge_ranges=1 map_eff_cores=0.00 merge_eff_cores=0.02
event=kink_round H=4 col=1 round=seed frontier_in=9 map_wall_s=0.004 map_cpu_s=0.001 merge_wall_s=0.000 merge_cpu_s=0.000 map_units=1 merge_ranges=0 map_eff_cores=0.28 merge_eff_cores=0.00
event=kink_round H=11 col=0 round=stage4 frontier_in=16 map_wall_s=0.003 map_cpu_s=0.001 merge_wall_s=0.001 merge_cpu_s=0.001 map_units=1 merge_ranges=1 map_eff_cores=0.40 merge_eff_cores=0.79
event=kink_round H=6 col=0 round=stage4 frontier_in=16 map_wall_s=0.002 map_cpu_s=0.000 merge_wall_s=0.060 merge_cpu_s=0.000 map_units=1 merge_ranges=1 map_eff_cores=0.00 merge_eff_cores=0.00
event=kink_round H=10 col=0 round=stage4 frontier_in=16 map_wall_s=0.058 map_cpu_s=0.001 merge_wall_s=0.002 merge_cpu_s=0.001 map_units=1 merge_ranges=1 map_eff_cores=0.02 merge_eff_cores=0.43
event=kink_round H=18 col=0 round=stage4 frontier_in=16 map_wall_s=0.002 map_cpu_s=0.000 merge_wall_s=0.060 merge_cpu_s=0.001 map_units=1 merge_ranges=1 map_eff_cores=0.00 merge_eff_cores=0.02
event=kink_round H=3 col=1 round=stage0 frontier_in=5 map_wall_s=0.001 map_cpu_s=0.001 merge_wall_s=0.003 merge_cpu_s=0.000 map_units=1 merge_ranges=1 map_eff_cores=0.75 merge_eff_cores=0.00
event=kink_round H=12 col=0 round=stage4 frontier_in=16 map_wall_s=0.004 map_cpu_s=0.001 merge_wall_s=0.002 merge_cpu_s=0.001 map_units=1 merge_ranges=1 map_eff_cores=0.25 merge_eff_cores=0.41
event=kink_round H=11 col=0 round=stage5 frontier_in=32 map_wall_s=0.001 map_cpu_s=0.001 merge_wall_s=0.001 merge_cpu_s=0.000 map_units=1 merge_ranges=1 map_eff_cores=1.12 merge_eff_cores=0.00
event=kink_round H=7 col=0 round=stage5 frontier_in=32 map_wall_s=0.001 map_cpu_s=0.001 merge_wall_s=0.002 merge_cpu_s=0.000 map_units=1 merge_ranges=1 map_eff_cores=0.72 merge_eff_cores=0.00
event=kink_round H=5 col=0 round=finalize frontier_in=32 map_wall_s=0.001 map_cpu_s=0.001 merge_wall_s=0.003 merge_cpu_s=0.000 map_units=1 merge_ranges=1 map_eff_cores=0.77 merge_eff_cores=0.00
event=kink_round H=9 col=0 round=stage4 frontier_in=16 map_wall_s=0.002 map_cpu_s=0.000 merge_wall_s=0.062 merge_cpu_s=0.000 map_units=1 merge_ranges=1 map_eff_cores=0.00 merge_eff_cores=0.00
event=column H=5 col=0 frontier_in=1 frontier_out=19 wall_s=0.14 cum_wall_s=0.3 cpu_s=0.0 rss_max_mb=50.8 map_wall_s=0.07 map_cpu_s=0.0 merge_wall_s=0.07 merge_cpu_s=0.0 map_units=7 merge_ranges=6 eff_cores=0.04
event=kink_round H=15 col=0 round=stage5 frontier_in=32 map_wall_s=0.003 map_cpu_s=0.001 merge_wall_s=0.001 merge_cpu_s=0.001 map_units=1 merge_ranges=1 map_eff_cores=0.37 merge_eff_cores=0.80
event=kink_round H=14 col=0 round=stage4 frontier_in=16 map_wall_s=0.002 map_cpu_s=0.000 merge_wall_s=0.062 merge_cpu_s=0.000 map_units=1 merge_ranges=1 map_eff_cores=0.00 merge_eff_cores=0.00
event=kink_round H=5 col=1 round=seed frontier_in=19 map_wall_s=0.001 map_cpu_s=0.001 merge_wall_s=0.000 merge_cpu_s=0.000 map_units=1 merge_ranges=0 map_eff_cores=1.14 merge_eff_cores=0.00
event=kink_round H=16 col=0 round=stage6 frontier_in=64 map_wall_s=0.001 map_cpu_s=0.001 merge_wall_s=0.004 merge_cpu_s=0.000 map_units=1 merge_ranges=1 map_eff_cores=0.68 merge_eff_cores=0.00
event=kink_round H=3 col=1 round=stage1 frontier_in=10 map_wall_s=0.001 map_cpu_s=0.001 merge_wall_s=0.001 merge_cpu_s=0.000 map_units=1 merge_ranges=1 map_eff_cores=1.19 merge_eff_cores=0.00
event=kink_round H=13 col=0 round=stage6 frontier_in=64 map_wall_s=0.002 map_cpu_s=0.001 merge_wall_s=0.004 merge_cpu_s=0.000 map_units=1 merge_ranges=1 map_eff_cores=0.58 merge_eff_cores=0.00
event=kink_round H=4 col=1 round=stage0 frontier_in=9 map_wall_s=0.002 map_cpu_s=0.000 merge_wall_s=0.003 merge_cpu_s=0.000 map_units=1 merge_ranges=1 map_eff_cores=0.00 merge_eff_cores=0.00
event=kink_round H=18 col=0 round=stage5 frontier_in=32 map_wall_s=0.001 map_cpu_s=0.001 merge_wall_s=0.003 merge_cpu_s=0.000 map_units=1 merge_ranges=1 map_eff_cores=1.23 merge_eff_cores=0.00
event=kink_round H=11 col=0 round=stage6 frontier_in=64 map_wall_s=0.001 map_cpu_s=0.001 merge_wall_s=0.001 merge_cpu_s=0.001 map_units=1 merge_ranges=1 map_eff_cores=0.78 merge_eff_cores=0.78
event=kink_round H=10 col=0 round=stage5 frontier_in=32 map_wall_s=0.001 map_cpu_s=0.001 merge_wall_s=0.003 merge_cpu_s=0.001 map_units=1 merge_ranges=1 map_eff_cores=0.67 merge_eff_cores=0.38
event=kink_round H=8 col=0 round=stage5 frontier_in=32 map_wall_s=0.003 map_cpu_s=0.001 merge_wall_s=0.004 merge_cpu_s=0.000 map_units=1 merge_ranges=1 map_eff_cores=0.31 merge_eff_cores=0.00
event=kink_round H=14 col=0 round=stage5 frontier_in=32 map_wall_s=0.001 map_cpu_s=0.001 merge_wall_s=0.001 merge_cpu_s=0.001 map_units=1 merge_ranges=1 map_eff_cores=1.14 merge_eff_cores=0.89
event=kink_round H=12 col=0 round=stage5 frontier_in=32 map_wall_s=0.003 map_cpu_s=0.001 merge_wall_s=0.003 merge_cpu_s=0.001 map_units=1 merge_ranges=1 map_eff_cores=0.38 merge_eff_cores=0.39
event=kink_round H=9 col=0 round=stage5 frontier_in=32 map_wall_s=0.004 map_cpu_s=0.001 merge_wall_s=0.001 merge_cpu_s=0.000 map_units=1 merge_ranges=1 map_eff_cores=0.28 merge_eff_cores=0.00
event=kink_round H=15 col=0 round=stage6 frontier_in=64 map_wall_s=0.002 map_cpu_s=0.001 merge_wall_s=0.002 merge_cpu_s=0.001 map_units=1 merge_ranges=1 map_eff_cores=0.45 merge_eff_cores=0.53
event=kink_round H=17 col=0 round=stage5 frontier_in=32 map_wall_s=0.007 map_cpu_s=0.001 merge_wall_s=0.004 merge_cpu_s=0.001 map_units=1 merge_ranges=1 map_eff_cores=0.15 merge_eff_cores=0.27
event=kink_round H=10 col=0 round=stage6 frontier_in=64 map_wall_s=0.002 map_cpu_s=0.001 merge_wall_s=0.001 merge_cpu_s=0.001 map_units=1 merge_ranges=1 map_eff_cores=0.51 merge_eff_cores=0.78
event=kink_round H=5 col=1 round=stage0 frontier_in=19 map_wall_s=0.004 map_cpu_s=0.000 merge_wall_s=0.002 merge_cpu_s=0.001 map_units=1 merge_ranges=1 map_eff_cores=0.00 merge_eff_cores=0.52
event=kink_round H=18 col=0 round=stage6 frontier_in=64 map_wall_s=0.002 map_cpu_s=0.001 merge_wall_s=0.003 merge_cpu_s=0.001 map_units=1 merge_ranges=1 map_eff_cores=0.57 merge_eff_cores=0.33
event=kink_round H=9 col=0 round=stage6 frontier_in=64 map_wall_s=0.001 map_cpu_s=0.000 merge_wall_s=0.001 merge_cpu_s=0.001 map_units=1 merge_ranges=1 map_eff_cores=0.00 merge_eff_cores=0.78
event=kink_round H=7 col=0 round=stage6 frontier_in=64 map_wall_s=0.004 map_cpu_s=0.001 merge_wall_s=0.003 merge_cpu_s=0.001 map_units=1 merge_ranges=1 map_eff_cores=0.25 merge_eff_cores=0.29
event=kink_round H=6 col=0 round=stage5 frontier_in=32 map_wall_s=0.005 map_cpu_s=0.001 merge_wall_s=0.005 merge_cpu_s=0.001 map_units=1 merge_ranges=1 map_eff_cores=0.18 merge_eff_cores=0.20
event=kink_round H=8 col=0 round=stage6 frontier_in=64 map_wall_s=0.003 map_cpu_s=0.001 merge_wall_s=0.003 merge_cpu_s=0.001 map_units=1 merge_ranges=1 map_eff_cores=0.37 merge_eff_cores=0.39
event=kink_round H=14 col=0 round=stage6 frontier_in=64 map_wall_s=0.003 map_cpu_s=0.001 merge_wall_s=0.003 merge_cpu_s=0.001 map_units=1 merge_ranges=1 map_eff_cores=0.36 merge_eff_cores=0.29
event=kink_round H=3 col=1 round=stage2 frontier_in=15 map_wall_s=0.004 map_cpu_s=0.001 merge_wall_s=0.004 merge_cpu_s=0.001 map_units=1 merge_ranges=1 map_eff_cores=0.25 merge_eff_cores=0.26
event=kink_round H=13 col=0 round=stage7 frontier_in=128 map_wall_s=0.002 map_cpu_s=0.001 merge_wall_s=0.006 merge_cpu_s=0.001 map_units=1 merge_ranges=1 map_eff_cores=0.52 merge_eff_cores=0.17
event=kink_round H=5 col=1 round=stage1 frontier_in=38 map_wall_s=0.002 map_cpu_s=0.000 merge_wall_s=0.001 merge_cpu_s=0.000 map_units=1 merge_ranges=1 map_eff_cores=0.00 merge_eff_cores=0.00
event=kink_round H=12 col=0 round=stage6 frontier_in=64 map_wall_s=0.001 map_cpu_s=0.001 merge_wall_s=0.005 merge_cpu_s=0.001 map_units=1 merge_ranges=1 map_eff_cores=0.91 merge_eff_cores=0.21
event=kink_round H=11 col=0 round=stage7 frontier_in=128 map_wall_s=0.003 map_cpu_s=0.001 merge_wall_s=0.006 merge_cpu_s=0.001 map_units=1 merge_ranges=1 map_eff_cores=0.38 merge_eff_cores=0.17
event=kink_round H=17 col=0 round=stage6 frontier_in=64 map_wall_s=0.001 map_cpu_s=0.001 merge_wall_s=0.003 merge_cpu_s=0.000 map_units=1 merge_ranges=1 map_eff_cores=1.01 merge_eff_cores=0.00
event=kink_round H=7 col=0 round=finalize frontier_in=128 map_wall_s=0.003 map_cpu_s=0.001 merge_wall_s=0.001 merge_cpu_s=0.000 map_units=1 merge_ranges=1 map_eff_cores=0.35 merge_eff_cores=0.00
event=column H=7 col=0 frontier_in=1 frontier_out=71 wall_s=0.15 cum_wall_s=0.5 cpu_s=0.0 rss_max_mb=52.8 map_wall_s=0.07 map_cpu_s=0.0 merge_wall_s=0.08 merge_cpu_s=0.0 map_units=9 merge_ranges=8 eff_cores=0.05
event=kink_round H=9 col=0 round=stage7 frontier_in=128 map_wall_s=0.002 map_cpu_s=0.001 merge_wall_s=0.002 merge_cpu_s=0.000 map_units=1 merge_ranges=1 map_eff_cores=0.47 merge_eff_cores=0.00
event=kink_round H=10 col=0 round=stage7 frontier_in=128 map_wall_s=0.001 map_cpu_s=0.001 merge_wall_s=0.003 merge_cpu_s=0.001 map_units=1 merge_ranges=1 map_eff_cores=0.80 merge_eff_cores=0.31
event=kink_round H=15 col=0 round=stage7 frontier_in=128 map_wall_s=0.003 map_cpu_s=0.001 merge_wall_s=0.003 merge_cpu_s=0.001 map_units=1 merge_ranges=1 map_eff_cores=0.37 merge_eff_cores=0.30
event=kink_round H=18 col=0 round=stage7 frontier_in=128 map_wall_s=0.003 map_cpu_s=0.001 merge_wall_s=0.002 merge_cpu_s=0.001 map_units=1 merge_ranges=1 map_eff_cores=0.35 merge_eff_cores=0.53
event=kink_round H=16 col=0 round=stage7 frontier_in=128 map_wall_s=0.006 map_cpu_s=0.001 merge_wall_s=0.004 merge_cpu_s=0.001 map_units=1 merge_ranges=1 map_eff_cores=0.16 merge_eff_cores=0.26
event=kink_round H=4 col=1 round=stage1 frontier_in=18 map_wall_s=0.002 map_cpu_s=0.001 merge_wall_s=0.008 merge_cpu_s=0.001 map_units=1 merge_ranges=1 map_eff_cores=0.41 merge_eff_cores=0.13
event=kink_round H=7 col=1 round=seed frontier_in=71 map_wall_s=0.001 map_cpu_s=0.000 merge_wall_s=0.000 merge_cpu_s=0.000 map_units=1 merge_ranges=0 map_eff_cores=0.00 merge_eff_cores=0.00
event=kink_round H=8 col=0 round=stage7 frontier_in=128 map_wall_s=0.001 map_cpu_s=0.001 merge_wall_s=0.001 merge_cpu_s=0.000 map_units=1 merge_ranges=1 map_eff_cores=0.84 merge_eff_cores=0.00
event=kink_round H=6 col=0 round=finalize frontier_in=64 map_wall_s=0.003 map_cpu_s=0.001 merge_wall_s=0.002 merge_cpu_s=0.000 map_units=1 merge_ranges=1 map_eff_cores=0.32 merge_eff_cores=0.00
event=kink_round H=13 col=0 round=stage8 frontier_in=256 map_wall_s=0.002 map_cpu_s=0.001 merge_wall_s=0.002 merge_cpu_s=0.001 map_units=1 merge_ranges=1 map_eff_cores=0.57 merge_eff_cores=0.53
event=column H=6 col=0 frontier_in=1 frontier_out=35 wall_s=0.15 cum_wall_s=0.7 cpu_s=0.0 rss_max_mb=50.8 map_wall_s=0.02 map_cpu_s=0.0 merge_wall_s=0.13 merge_cpu_s=0.0 map_units=8 merge_ranges=7 eff_cores=0.05
event=kink_round H=16 col=0 round=stage8 frontier_in=256 map_wall_s=0.002 map_cpu_s=0.001 merge_wall_s=0.002 merge_cpu_s=0.001 map_units=1 merge_ranges=1 map_eff_cores=0.57 merge_eff_cores=0.66
event=kink_round H=12 col=0 round=stage7 frontier_in=128 map_wall_s=0.003 map_cpu_s=0.001 merge_wall_s=0.001 merge_cpu_s=0.001 map_units=1 merge_ranges=1 map_eff_cores=0.37 merge_eff_cores=0.98
event=kink_round H=17 col=0 round=stage7 frontier_in=128 map_wall_s=0.003 map_cpu_s=0.001 merge_wall_s=0.001 merge_cpu_s=0.001 map_units=1 merge_ranges=1 map_eff_cores=0.32 merge_eff_cores=0.81
event=kink_round H=18 col=0 round=stage8 frontier_in=256 map_wall_s=0.002 map_cpu_s=0.001 merge_wall_s=0.001 merge_cpu_s=0.001 map_units=1 merge_ranges=1 map_eff_cores=0.54 merge_eff_cores=0.68
event=kink_round H=7 col=1 round=stage0 frontier_in=71 map_wall_s=0.002 map_cpu_s=0.001 merge_wall_s=0.002 merge_cpu_s=0.001 map_units=1 merge_ranges=1 map_eff_cores=0.59 merge_eff_cores=0.60
event=kink_round H=3 col=1 round=finalize frontier_in=21 map_wall_s=0.002 map_cpu_s=0.000 merge_wall_s=0.004 merge_cpu_s=0.001 map_units=1 merge_ranges=1 map_eff_cores=0.00 merge_eff_cores=0.26
event=column H=3 col=1 frontier_in=5 frontier_out=10 wall_s=0.08 cum_wall_s=0.7 cpu_s=0.0 rss_max_mb=56.8 map_wall_s=0.01 map_cpu_s=0.0 merge_wall_s=0.01 merge_cpu_s=0.0 map_units=5 merge_ranges=4 eff_cores=0.06
event=kink_round H=5 col=1 round=stage2 frontier_in=60 map_wall_s=0.001 map_cpu_s=0.001 merge_wall_s=0.006 merge_cpu_s=0.001 map_units=1 merge_ranges=1 map_eff_cores=1.01 merge_eff_cores=0.17
event=kink_round H=9 col=0 round=stage8 frontier_in=256 map_wall_s=0.002 map_cpu_s=0.001 merge_wall_s=0.004 merge_cpu_s=0.001 map_units=1 merge_ranges=1 map_eff_cores=0.58 merge_eff_cores=0.25
event=kink_round H=4 col=1 round=stage2 frontier_in=28 map_wall_s=0.003 map_cpu_s=0.001 merge_wall_s=0.002 merge_cpu_s=0.001 map_units=1 merge_ranges=1 map_eff_cores=0.36 merge_eff_cores=0.55
event=kink_round H=14 col=0 round=stage7 frontier_in=128 map_wall_s=0.003 map_cpu_s=0.001 merge_wall_s=0.005 merge_cpu_s=0.001 map_units=1 merge_ranges=1 map_eff_cores=0.34 merge_eff_cores=0.20
event=kink_round H=15 col=0 round=stage8 frontier_in=256 map_wall_s=0.005 map_cpu_s=0.001 merge_wall_s=0.001 merge_cpu_s=0.000 map_units=1 merge_ranges=1 map_eff_cores=0.19 merge_eff_cores=0.00
event=kink_round H=6 col=1 round=seed frontier_in=35 map_wall_s=0.004 map_cpu_s=0.001 merge_wall_s=0.000 merge_cpu_s=0.000 map_units=1 merge_ranges=0 map_eff_cores=0.25 merge_eff_cores=0.00
event=kink_round H=13 col=0 round=stage9 frontier_in=512 map_wall_s=0.002 map_cpu_s=0.002 merge_wall_s=0.002 merge_cpu_s=0.001 map_units=1 merge_ranges=1 map_eff_cores=0.92 merge_eff_cores=0.52
event=kink_round H=3 col=2 round=seed frontier_in=10 map_wall_s=0.001 map_cpu_s=0.000 merge_wall_s=0.000 merge_cpu_s=0.000 map_units=1 merge_ranges=0 map_eff_cores=0.00 merge_eff_cores=0.00
event=kink_round H=8 col=0 round=finalize frontier_in=256 map_wall_s=0.004 map_cpu_s=0.001 merge_wall_s=0.002 merge_cpu_s=0.001 map_units=1 merge_ranges=1 map_eff_cores=0.26 merge_eff_cores=0.56
event=column H=8 col=0 frontier_in=1 frontier_out=135 wall_s=0.16 cum_wall_s=0.9 cpu_s=0.0 rss_max_mb=50.8 map_wall_s=0.08 map_cpu_s=0.0 merge_wall_s=0.08 merge_cpu_s=0.0 map_units=10 merge_ranges=9 eff_cores=0.06
event=kink_round H=10 col=0 round=stage8 frontier_in=256 map_wall_s=0.002 map_cpu_s=0.001 merge_wall_s=0.006 merge_cpu_s=0.001 map_units=1 merge_ranges=1 map_eff_cores=0.62 merge_eff_cores=0.16
event=kink_round H=14 col=0 round=stage8 frontier_in=256 map_wall_s=0.001 map_cpu_s=0.001 merge_wall_s=0.001 merge_cpu_s=0.001 map_units=1 merge_ranges=1 map_eff_cores=0.98 merge_eff_cores=1.10
event=kink_round H=4 col=1 round=stage3 frontier_in=35 map_wall_s=0.001 map_cpu_s=0.001 merge_wall_s=0.002 merge_cpu_s=0.000 map_units=1 merge_ranges=1 map_eff_cores=1.22 merge_eff_cores=0.00
event=kink_round H=16 col=0 round=stage9 frontier_in=512 map_wall_s=0.001 map_cpu_s=0.001 merge_wall_s=0.003 merge_cpu_s=0.001 map_units=1 merge_ranges=1 map_eff_cores=0.72 merge_eff_cores=0.29
event=kink_round H=11 col=0 round=stage8 frontier_in=256 map_wall_s=0.006 map_cpu_s=0.001 merge_wall_s=0.003 merge_cpu_s=0.000 map_units=1 merge_ranges=1 map_eff_cores=0.16 merge_eff_cores=0.00
event=kink_round H=3 col=2 round=stage0 frontier_in=10 map_wall_s=0.002 map_cpu_s=0.001 merge_wall_s=0.001 merge_cpu_s=0.000 map_units=1 merge_ranges=1 map_eff_cores=0.50 merge_eff_cores=0.00
event=kink_round H=12 col=0 round=stage8 frontier_in=256 map_wall_s=0.002 map_cpu_s=0.001 merge_wall_s=0.004 merge_cpu_s=0.001 map_units=1 merge_ranges=1 map_eff_cores=0.51 merge_eff_cores=0.25
event=kink_round H=8 col=1 round=seed frontier_in=135 map_wall_s=0.002 map_cpu_s=0.000 merge_wall_s=0.000 merge_cpu_s=0.000 map_units=1 merge_ranges=0 map_eff_cores=0.00 merge_eff_cores=0.00
event=kink_round H=7 col=1 round=stage1 frontier_in=142 map_wall_s=0.002 map_cpu_s=0.001 merge_wall_s=0.003 merge_cpu_s=0.001 map_units=1 merge_ranges=1 map_eff_cores=0.46 merge_eff_cores=0.30
event=kink_round H=17 col=0 round=stage8 frontier_in=256 map_wall_s=0.001 map_cpu_s=0.001 merge_wall_s=0.005 merge_cpu_s=0.001 map_units=1 merge_ranges=1 map_eff_cores=0.73 merge_eff_cores=0.22
event=kink_round H=4 col=1 round=finalize frontier_in=52 map_wall_s=0.001 map_cpu_s=0.001 merge_wall_s=0.001 merge_cpu_s=0.000 map_units=1 merge_ranges=1 map_eff_cores=1.36 merge_eff_cores=0.00
event=kink_round H=9 col=0 round=finalize frontier_in=512 map_wall_s=0.002 map_cpu_s=0.001 merge_wall_s=0.003 merge_cpu_s=0.001 map_units=1 merge_ranges=1 map_eff_cores=0.44 merge_eff_cores=0.39
event=column H=4 col=1 frontier_in=9 frontier_out=22 wall_s=0.03 cum_wall_s=0.9 cpu_s=0.0 rss_max_mb=54.8 map_wall_s=0.01 map_cpu_s=0.0 merge_wall_s=0.02 merge_cpu_s=0.0 map_units=6 merge_ranges=5 eff_cores=0.24
event=column H=9 col=0 frontier_in=1 frontier_out=271 wall_s=0.16 cum_wall_s=1.1 cpu_s=0.0 rss_max_mb=50.8 map_wall_s=0.03 map_cpu_s=0.0 merge_wall_s=0.13 merge_cpu_s=0.0 map_units=11 merge_ranges=10 eff_cores=0.05
event=kink_round H=15 col=0 round=stage9 frontier_in=512 map_wall_s=0.003 map_cpu_s=0.001 merge_wall_s=0.001 merge_cpu_s=0.001 map_units=1 merge_ranges=1 map_eff_cores=0.34 merge_eff_cores=0.73
event=kink_round H=18 col=0 round=stage9 frontier_in=512 map_wall_s=0.003 map_cpu_s=0.001 merge_wall_s=0.003 merge_cpu_s=0.001 map_units=1 merge_ranges=1 map_eff_cores=0.34 merge_eff_cores=0.31
event=kink_round H=6 col=1 round=stage0 frontier_in=35 map_wall_s=0.002 map_cpu_s=0.000 merge_wall_s=0.002 merge_cpu_s=0.001 map_units=1 merge_ranges=1 map_eff_cores=0.00 merge_eff_cores=0.40
event=kink_round H=4 col=2 round=seed frontier_in=22 map_wall_s=0.001 map_cpu_s=0.000 merge_wall_s=0.000 merge_cpu_s=0.000 map_units=1 merge_ranges=0 map_eff_cores=0.00 merge_eff_cores=0.00
event=kink_round H=5 col=1 round=stage3 frontier_in=76 map_wall_s=0.002 map_cpu_s=0.001 merge_wall_s=0.003 merge_cpu_s=0.001 map_units=1 merge_ranges=1 map_eff_cores=0.41 merge_eff_cores=0.31
event=kink_round H=8 col=1 round=stage0 frontier_in=135 map_wall_s=0.002 map_cpu_s=0.001 merge_wall_s=0.001 merge_cpu_s=0.000 map_units=1 merge_ranges=1 map_eff_cores=0.56 merge_eff_cores=0.00
event=kink_round H=13 col=0 round=stage10 frontier_in=1024 map_wall_s=0.002 map_cpu_s=0.002 merge_wall_s=0.004 merge_cpu_s=0.002 map_units=1 merge_ranges=1 map_eff_cores=0.94 merge_eff_cores=0.54
event=kink_round H=12 col=0 round=stage9 frontier_in=512 map_wall_s=0.001 map_cpu_s=0.001 merge_wall_s=0.002 merge_cpu_s=0.001 map_units=1 merge_ranges=1 map_eff_cores=0.88 merge_eff_cores=0.42
event=kink_round H=3 col=2 round=stage1 frontier_in=17 map_wall_s=0.003 map_cpu_s=0.001 merge_wall_s=0.001 merge_cpu_s=0.001 map_units=1 merge_ranges=1 map_eff_cores=0.39 merge_eff_cores=0.76
event=kink_round H=6 col=1 round=stage1 frontier_in=70 map_wall_s=0.001 map_cpu_s=0.001 merge_wall_s=0.001 merge_cpu_s=0.001 map_units=1 merge_ranges=1 map_eff_cores=0.68 merge_eff_cores=1.05
event=kink_round H=9 col=1 round=seed frontier_in=271 map_wall_s=0.002 map_cpu_s=0.001 merge_wall_s=0.000 merge_cpu_s=0.000 map_units=1 merge_ranges=0 map_eff_cores=0.40 merge_eff_cores=0.00
event=kink_round H=14 col=0 round=stage9 frontier_in=512 map_wall_s=0.002 map_cpu_s=0.002 merge_wall_s=0.004 merge_cpu_s=0.001 map_units=1 merge_ranges=1 map_eff_cores=0.94 merge_eff_cores=0.22
event=kink_round H=10 col=0 round=stage9 frontier_in=512 map_wall_s=0.003 map_cpu_s=0.002 merge_wall_s=0.004 merge_cpu_s=0.001 map_units=1 merge_ranges=1 map_eff_cores=0.75 merge_eff_cores=0.23
event=kink_round H=17 col=0 round=stage9 frontier_in=512 map_wall_s=0.002 map_cpu_s=0.001 merge_wall_s=0.003 merge_cpu_s=0.001 map_units=1 merge_ranges=1 map_eff_cores=0.52 merge_eff_cores=0.38
event=kink_round H=11 col=0 round=stage9 frontier_in=512 map_wall_s=0.002 map_cpu_s=0.001 merge_wall_s=0.005 merge_cpu_s=0.001 map_units=1 merge_ranges=1 map_eff_cores=0.63 merge_eff_cores=0.19
event=kink_round H=8 col=1 round=stage1 frontier_in=270 map_wall_s=0.002 map_cpu_s=0.001 merge_wall_s=0.002 merge_cpu_s=0.001 map_units=1 merge_ranges=1 map_eff_cores=0.64 merge_eff_cores=0.54
event=kink_round H=5 col=1 round=stage4 frontier_in=98 map_wall_s=0.002 map_cpu_s=0.001 merge_wall_s=0.003 merge_cpu_s=0.000 map_units=1 merge_ranges=1 map_eff_cores=0.59 merge_eff_cores=0.00
event=kink_round H=6 col=1 round=stage2 frontier_in=113 map_wall_s=0.002 map_cpu_s=0.000 merge_wall_s=0.002 merge_cpu_s=0.000 map_units=1 merge_ranges=1 map_eff_cores=0.00 merge_eff_cores=0.00
event=kink_round H=9 col=1 round=stage0 frontier_in=271 map_wall_s=0.002 map_cpu_s=0.001 merge_wall_s=0.001 merge_cpu_s=0.000 map_units=1 merge_ranges=1 map_eff_cores=0.51 merge_eff_cores=0.00
event=kink_round H=4 col=2 round=stage0 frontier_in=22 map_wall_s=0.004 map_cpu_s=0.000 merge_wall_s=0.002 merge_cpu_s=0.000 map_units=1 merge_ranges=1 map_eff_cores=0.00 merge_eff_cores=0.00
event=kink_round H=18 col=0 round=stage10 frontier_in=1024 map_wall_s=0.005 map_cpu_s=0.003 merge_wall_s=0.002 merge_cpu_s=0.001 map_units=1 merge_ranges=1 map_eff_cores=0.60 merge_eff_cores=0.45
event=kink_round H=16 col=0 round=stage10 frontier_in=1024 map_wall_s=0.006 map_cpu_s=0.002 merge_wall_s=0.003 merge_cpu_s=0.002 map_units=1 merge_ranges=1 map_eff_cores=0.34 merge_eff_cores=0.65
event=kink_round H=7 col=1 round=stage2 frontier_in=230 map_wall_s=0.003 map_cpu_s=0.001 merge_wall_s=0.006 merge_cpu_s=0.001 map_units=1 merge_ranges=1 map_eff_cores=0.37 merge_eff_cores=0.16
event=kink_round H=15 col=0 round=stage10 frontier_in=1024 map_wall_s=0.005 map_cpu_s=0.002 merge_wall_s=0.004 merge_cpu_s=0.002 map_units=1 merge_ranges=1 map_eff_cores=0.44 merge_eff_cores=0.50
event=kink_round H=14 col=0 round=stage10 frontier_in=1024 map_wall_s=0.003 map_cpu_s=0.002 merge_wall_s=0.003 merge_cpu_s=0.001 map_units=1 merge_ranges=1 map_eff_cores=0.77 merge_eff_cores=0.38
event=kink_round H=13 col=0 round=stage11 frontier_in=2048 map_wall_s=0.004 map_cpu_s=0.003 merge_wall_s=0.003 merge_cpu_s=0.002 map_units=1 merge_ranges=1 map_eff_cores=0.83 merge_eff_cores=0.59
event=kink_round H=5 col=1 round=finalize frontier_in=128 map_wall_s=0.001 map_cpu_s=0.000 merge_wall_s=0.002 merge_cpu_s=0.000 map_units=1 merge_ranges=1 map_eff_cores=0.00 merge_eff_cores=0.00
event=kink_round H=8 col=1 round=stage2 frontier_in=442 map_wall_s=0.002 map_cpu_s=0.001 merge_wall_s=0.003 merge_cpu_s=0.001 map_units=1 merge_ranges=1 map_eff_cores=0.65 merge_eff_cores=0.39
event=kink_round H=6 col=1 round=stage3 frontier_in=146 map_wall_s=0.001 map_cpu_s=0.001 merge_wall_s=0.001 merge_cpu_s=0.000 map_units=1 merge_ranges=1 map_eff_cores=0.68 merge_eff_cores=0.00
event=kink_round H=3 col=2 round=stage2 frontier_in=23 map_wall_s=0.002 map_cpu_s=0.000 merge_wall_s=0.005 merge_cpu_s=0.000 map_units=1 merge_ranges=1 map_eff_cores=0.00 merge_eff_cores=0.00
event=column H=5 col=1 frontier_in=19 frontier_out=56 wall_s=0.03 cum_wall_s=1.1 cpu_s=0.0 rss_max_mb=56.8 map_wall_s=0.01 map_cpu_s=0.0 merge_wall_s=0.02 merge_cpu_s=0.0 map_units=7 merge_ranges=6 eff_cores=0.21
event=kink_round H=4 col=2 round=stage1 frontier_in=36 map_wall_s=0.001 map_cpu_s=0.001 merge_wall_s=0.002 merge_cpu_s=0.000 map_units=1 merge_ranges=1 map_eff_cores=0.95 merge_eff_cores=0.00
event=kink_round H=12 col=0 round=stage10 frontier_in=1024 map_wall_s=0.005 map_cpu_s=0.002 merge_wall_s=0.004 merge_cpu_s=0.001 map_units=1 merge_ranges=1 map_eff_cores=0.43 merge_eff_cores=0.26
event=kink_round H=9 col=1 round=stage1 frontier_in=542 map_wall_s=0.002 map_cpu_s=0.001 merge_wall_s=0.005 merge_cpu_s=0.001 map_units=1 merge_ranges=1 map_eff_cores=0.59 merge_eff_cores=0.18
event=kink_round H=7 col=1 round=stage3 frontier_in=300 map_wall_s=0.001 map_cpu_s=0.001 merge_wall_s=0.005 merge_cpu_s=0.001 map_units=1 merge_ranges=1 map_eff_cores=0.70 merge_eff_cores=0.22
event=kink_round H=5 col=2 round=seed frontier_in=56 map_wall_s=0.004 map_cpu_s=0.000 merge_wall_s=0.000 merge_cpu_s=0.000 map_units=1 merge_ranges=0 map_eff_cores=0.00 merge_eff_cores=0.00
event=kink_round H=17 col=0 round=stage10 frontier_in=1024 map_wall_s=0.003 map_cpu_s=0.003 merge_wall_s=0.006 merge_cpu_s=0.002 map_units=1 merge_ranges=1 map_eff_cores=0.92 merge_eff_cores=0.32
event=kink_round H=10 col=0 round=finalize frontier_in=1024 map_wall_s=0.004 map_cpu_s=0.002 merge_wall_s=0.005 merge_cpu_s=0.000 map_units=1 merge_ranges=1 map_eff_cores=0.51 merge_eff_cores=0.00
event=kink_round H=11 col=0 round=stage10 frontier_in=1024 map_wall_s=0.004 map_cpu_s=0.003 merge_wall_s=0.005 merge_cpu_s=0.001 map_units=1 merge_ranges=1 map_eff_cores=0.78 merge_eff_cores=0.20
event=kink_round H=3 col=2 round=finalize frontier_in=27 map_wall_s=0.001 map_cpu_s=0.000 merge_wall_s=0.003 merge_cpu_s=0.000 map_units=1 merge_ranges=1 map_eff_cores=0.00 merge_eff_cores=0.00
event=column H=10 col=0 frontier_in=1 frontier_out=527 wall_s=0.18 cum_wall_s=1.3 cpu_s=0.0 rss_max_mb=52.8 map_wall_s=0.08 map_cpu_s=0.0 merge_wall_s=0.09 merge_cpu_s=0.0 map_units=12 merge_ranges=11 eff_cores=0.09
event=column H=3 col=2 frontier_in=10 frontier_out=10 wall_s=0.02 cum_wall_s=1.3 cpu_s=0.0 rss_max_mb=52.8 map_wall_s=0.01 map_cpu_s=0.0 merge_wall_s=0.01 merge_cpu_s=0.0 map_units=5 merge_ranges=4 eff_cores=0.15
event=kink_round H=4 col=2 round=stage2 frontier_in=56 map_wall_s=0.004 map_cpu_s=0.001 merge_wall_s=0.001 merge_cpu_s=0.000 map_units=1 merge_ranges=1 map_eff_cores=0.28 merge_eff_cores=0.00
event=kink_round H=6 col=1 round=stage4 frontier_in=181 map_wall_s=0.004 map_cpu_s=0.001 merge_wall_s=0.001 merge_cpu_s=0.000 map_units=1 merge_ranges=1 map_eff_cores=0.25 merge_eff_cores=0.00
event=kink_round H=8 col=1 round=stage3 frontier_in=582 map_wall_s=0.004 map_cpu_s=0.002 merge_wall_s=0.001 merge_cpu_s=0.001 map_units=1 merge_ranges=1 map_eff_cores=0.48 merge_eff_cores=1.11
event=kink_round H=3 col=3 round=seed frontier_in=10 map_wall_s=0.001 map_cpu_s=0.000 merge_wall_s=0.000 merge_cpu_s=0.000 map_units=1 merge_ranges=0 map_eff_cores=0.00 merge_eff_cores=0.00
event=kink_round H=10 col=1 round=seed frontier_in=527 map_wall_s=0.001 map_cpu_s=0.001 merge_wall_s=0.000 merge_cpu_s=0.000 map_units=1 merge_ranges=0 map_eff_cores=0.84 merge_eff_cores=0.00
event=kink_round H=4 col=2 round=stage3 frontier_in=59 map_wall_s=0.000 map_cpu_s=0.000 merge_wall_s=0.001 merge_cpu_s=0.000 map_units=1 merge_ranges=1 map_eff_cores=0.00 merge_eff_cores=0.00
event=kink_round H=18 col=0 round=stage11 frontier_in=2048 map_wall_s=0.007 map_cpu_s=0.003 merge_wall_s=0.003 merge_cpu_s=0.002 map_units=1 merge_ranges=1 map_eff_cores=0.43 merge_eff_cores=0.76
event=kink_round H=12 col=0 round=stage11 frontier_in=2048 map_wall_s=0.003 map_cpu_s=0.002 merge_wall_s=0.002 merge_cpu_s=0.002 map_units=1 merge_ranges=1 map_eff_cores=0.65 merge_eff_cores=0.81
event=kink_round H=16 col=0 round=stage11 frontier_in=2048 map_wall_s=0.007 map_cpu_s=0.004 merge_wall_s=0.004 merge_cpu_s=0.002 map_units=1 merge_ranges=1 map_eff_cores=0.58 merge_eff_cores=0.50
event=kink_round H=3 col=3 round=stage0 frontier_in=10 map_wall_s=0.001 map_cpu_s=0.000 merge_wall_s=0.002 merge_cpu_s=0.000 map_units=1 merge_ranges=1 map_eff_cores=0.00 merge_eff_cores=0.00
event=kink_round H=6 col=1 round=stage5 frontier_in=238 map_wall_s=0.002 map_cpu_s=0.001 merge_wall_s=0.001 merge_cpu_s=0.001 map_units=1 merge_ranges=1 map_eff_cores=0.55 merge_eff_cores=0.77
event=kink_round H=14 col=0 round=stage11 frontier_in=2048 map_wall_s=0.005 map_cpu_s=0.004 merge_wall_s=0.004 merge_cpu_s=0.003 map_units=1 merge_ranges=1 map_eff_cores=0.82 merge_eff_cores=0.73
event=kink_round H=5 col=2 round=stage0 frontier_in=56 map_wall_s=0.003 map_cpu_s=0.001 merge_wall_s=0.002 merge_cpu_s=0.000 map_units=1 merge_ranges=1 map_eff_cores=0.38 merge_eff_cores=0.00
event=kink_round H=9 col=1 round=stage2 frontier_in=888 map_wall_s=0.002 map_cpu_s=0.002 merge_wall_s=0.002 merge_cpu_s=0.001 map_units=1 merge_ranges=1 map_eff_cores=0.84 merge_eff_cores=0.48
event=kink_round H=15 col=0 round=stage11 frontier_in=2048 map_wall_s=0.006 map_cpu_s=0.003 merge_wall_s=0.005 merge_cpu_s=0.004 map_units=1 merge_ranges=1 map_eff_cores=0.54 merge_eff_cores=0.80
event=kink_round H=8 col=1 round=stage4 frontier_in=728 map_wall_s=0.002 map_cpu_s=0.001 merge_wall_s=0.002 merge_cpu_s=0.002 map_units=1 merge_ranges=1 map_eff_cores=0.55 merge_eff_cores=0.86
event=kink_round H=7 col=1 round=stage4 frontier_in=373 map_wall_s=0.002 map_cpu_s=0.001 merge_wall_s=0.004 merge_cpu_s=0.001 map_units=1 merge_ranges=1 map_eff_cores=0.51 merge_eff_cores=0.26
event=kink_round H=10 col=1 round=stage0 frontier_in=527 map_wall_s=0.003 map_cpu_s=0.001 merge_wall_s=0.003 merge_cpu_s=0.001 map_units=1 merge_ranges=1 map_eff_cores=0.38 merge_eff_cores=0.38
event=kink_round H=11 col=0 round=finalize frontier_in=2048 map_wall_s=0.002 map_cpu_s=0.002 merge_wall_s=0.004 merge_cpu_s=0.001 map_units=1 merge_ranges=1 map_eff_cores=0.85 merge_eff_cores=0.24
event=column H=11 col=0 frontier_in=1 frontier_out=1055 wall_s=0.18 cum_wall_s=1.5 cpu_s=0.0 rss_max_mb=54.8 map_wall_s=0.08 map_cpu_s=0.0 merge_wall_s=0.04 merge_cpu_s=0.0 map_units=13 merge_ranges=12 eff_cores=0.10
event=kink_round H=4 col=2 round=finalize frontier_in=70 map_wall_s=0.001 map_cpu_s=0.000 merge_wall_s=0.004 merge_cpu_s=0.000 map_units=1 merge_ranges=1 map_eff_cores=0.00 merge_eff_cores=0.00
event=kink_round H=12 col=0 round=finalize frontier_in=4096 map_wall_s=0.003 map_cpu_s=0.005 merge_wall_s=0.002 merge_cpu_s=0.003 map_units=2 merge_ranges=2 map_eff_cores=1.69 merge_eff_cores=1.37
event=column H=4 col=2 frontier_in=22 frontier_out=22 wall_s=0.02 cum_wall_s=1.5 cpu_s=0.0 rss_max_mb=52.8 map_wall_s=0.01 map_cpu_s=0.0 merge_wall_s=0.01 merge_cpu_s=0.0 map_units=6 merge_ranges=5 eff_cores=0.09
event=column H=12 col=0 frontier_in=1 frontier_out=2079 wall_s=0.18 cum_wall_s=1.7 cpu_s=0.0 rss_max_mb=73.0 map_wall_s=0.09 map_cpu_s=0.0 merge_wall_s=0.04 merge_cpu_s=0.0 map_units=15 merge_ranges=14 eff_cores=0.17
event=kink_round H=13 col=0 round=stage12 frontier_in=4096 map_wall_s=0.006 map_cpu_s=0.008 merge_wall_s=0.006 merge_cpu_s=0.005 map_units=2 merge_ranges=2 map_eff_cores=1.34 merge_eff_cores=0.78
event=kink_round H=5 col=2 round=stage1 frontier_in=92 map_wall_s=0.001 map_cpu_s=0.001 merge_wall_s=0.002 merge_cpu_s=0.001 map_units=1 merge_ranges=1 map_eff_cores=0.67 merge_eff_cores=0.40
event=kink_round H=6 col=1 round=finalize frontier_in=311 map_wall_s=0.003 map_cpu_s=0.001 merge_wall_s=0.002 merge_cpu_s=0.001 map_units=1 merge_ranges=1 map_eff_cores=0.37 merge_eff_cores=0.53
event=kink_round H=9 col=1 round=stage3 frontier_in=1172 map_wall_s=0.002 map_cpu_s=0.002 merge_wall_s=0.002 merge_cpu_s=0.002 map_units=1 merge_ranges=1 map_eff_cores=0.95 merge_eff_cores=0.90
event=kink_round H=4 col=3 round=seed frontier_in=22 map_wall_s=0.001 map_cpu_s=0.000 merge_wall_s=0.000 merge_cpu_s=0.000 map_units=1 merge_ranges=0 map_eff_cores=0.00 merge_eff_cores=0.00
event=column H=6 col=1 frontier_in=35 frontier_out=126 wall_s=0.03 cum_wall_s=1.7 cpu_s=0.0 rss_max_mb=73.0 map_wall_s=0.02 map_cpu_s=0.0 merge_wall_s=0.01 merge_cpu_s=0.0 map_units=8 merge_ranges=7 eff_cores=0.31
event=kink_round H=17 col=0 round=stage11 frontier_in=2048 map_wall_s=0.004 map_cpu_s=0.004 merge_wall_s=0.005 merge_cpu_s=0.004 map_units=1 merge_ranges=1 map_eff_cores=0.93 merge_eff_cores=0.79
event=kink_round H=11 col=1 round=seed frontier_in=1055 map_wall_s=0.001 map_cpu_s=0.001 merge_wall_s=0.000 merge_cpu_s=0.000 map_units=1 merge_ranges=0 map_eff_cores=0.67 merge_eff_cores=0.00
event=kink_round H=3 col=3 round=stage1 frontier_in=17 map_wall_s=0.005 map_cpu_s=0.000 merge_wall_s=0.001 merge_cpu_s=0.000 map_units=1 merge_ranges=1 map_eff_cores=0.00 merge_eff_cores=0.00
event=kink_round H=7 col=1 round=stage5 frontier_in=461 map_wall_s=0.002 map_cpu_s=0.002 merge_wall_s=0.002 merge_cpu_s=0.001 map_units=1 merge_ranges=1 map_eff_cores=0.95 merge_eff_cores=0.42
event=kink_round H=8 col=1 round=stage5 frontier_in=889 map_wall_s=0.002 map_cpu_s=0.002 merge_wall_s=0.004 merge_cpu_s=0.001 map_units=1 merge_ranges=1 map_eff_cores=1.09 merge_eff_cores=0.28
event=kink_round H=6 col=2 round=seed frontier_in=126 map_wall_s=0.001 map_cpu_s=0.000 merge_wall_s=0.000 merge_cpu_s=0.000 map_units=1 merge_ranges=0 map_eff_cores=0.00 merge_eff_cores=0.00
event=kink_round H=12 col=1 round=seed frontier_in=2079 map_wall_s=0.003 map_cpu_s=0.004 merge_wall_s=0.000 merge_cpu_s=0.000 map_units=2 merge_ranges=0 map_eff_cores=1.40 merge_eff_cores=0.00
event=kink_round H=10 col=1 round=stage1 frontier_in=1054 map_wall_s=0.002 map_cpu_s=0.001 merge_wall_s=0.002 merge_cpu_s=0.001 map_units=1 merge_ranges=1 map_eff_cores=0.60 merge_eff_cores=0.41
event=kink_round H=4 col=3 round=stage0 frontier_in=22 map_wall_s=0.002 map_cpu_s=0.000 merge_wall_s=0.001 merge_cpu_s=0.000 map_units=1 merge_ranges=1 map_eff_cores=0.00 merge_eff_cores=0.00
event=kink_round H=5 col=2 round=stage2 frontier_in=145 map_wall_s=0.002 map_cpu_s=0.001 merge_wall_s=0.003 merge_cpu_s=0.001 map_units=1 merge_ranges=1 map_eff_cores=0.50 merge_eff_cores=0.37
event=kink_round H=3 col=3 round=stage2 frontier_in=23 map_wall_s=0.001 map_cpu_s=0.000 merge_wall_s=0.002 merge_cpu_s=0.001 map_units=1 merge_ranges=1 map_eff_cores=0.00 merge_eff_cores=0.44
event=kink_round H=18 col=0 round=stage12 frontier_in=4096 map_wall_s=0.004 map_cpu_s=0.008 merge_wall_s=0.008 merge_cpu_s=0.007 map_units=2 merge_ranges=2 map_eff_cores=1.78 merge_eff_cores=0.87
event=kink_round H=4 col=3 round=stage1 frontier_in=36 map_wall_s=0.002 map_cpu_s=0.001 merge_wall_s=0.002 merge_cpu_s=0.000 map_units=1 merge_ranges=1 map_eff_cores=0.48 merge_eff_cores=0.00
event=kink_round H=11 col=1 round=stage0 frontier_in=1055 map_wall_s=0.003 map_cpu_s=0.003 merge_wall_s=0.003 merge_cpu_s=0.001 map_units=1 merge_ranges=1 map_eff_cores=0.88 merge_eff_cores=0.36
event=kink_round H=9 col=1 round=stage4 frontier_in=1472 map_wall_s=0.004 map_cpu_s=0.003 merge_wall_s=0.004 merge_cpu_s=0.003 map_units=1 merge_ranges=1 map_eff_cores=0.81 merge_eff_cores=0.68
event=kink_round H=16 col=0 round=stage12 frontier_in=4096 map_wall_s=0.005 map_cpu_s=0.006 merge_wall_s=0.009 merge_cpu_s=0.007 map_units=2 merge_ranges=2 map_eff_cores=1.23 merge_eff_cores=0.80
event=kink_round H=6 col=2 round=stage0 frontier_in=126 map_wall_s=0.003 map_cpu_s=0.001 merge_wall_s=0.004 merge_cpu_s=0.001 map_units=1 merge_ranges=1 map_eff_cores=0.35 merge_eff_cores=0.23
event=kink_round H=5 col=2 round=stage3 frontier_in=164 map_wall_s=0.002 map_cpu_s=0.001 merge_wall_s=0.002 merge_cpu_s=0.000 map_units=1 merge_ranges=1 map_eff_cores=0.52 merge_eff_cores=0.00
event=kink_round H=7 col=1 round=stage6 frontier_in=578 map_wall_s=0.004 map_cpu_s=0.002 merge_wall_s=0.004 merge_cpu_s=0.001 map_units=1 merge_ranges=1 map_eff_cores=0.49 merge_eff_cores=0.29
event=kink_round H=14 col=0 round=stage12 frontier_in=4096 map_wall_s=0.007 map_cpu_s=0.009 merge_wall_s=0.007 merge_cpu_s=0.007 map_units=2 merge_ranges=2 map_eff_cores=1.33 merge_eff_cores=0.98
event=kink_round H=3 col=3 round=finalize frontier_in=27 map_wall_s=0.001 map_cpu_s=0.000 merge_wall_s=0.003 merge_cpu_s=0.000 map_units=1 merge_ranges=1 map_eff_cores=0.00 merge_eff_cores=0.00
event=column H=3 col=3 frontier_in=10 frontier_out=10 wall_s=0.02 cum_wall_s=1.7 cpu_s=0.0 rss_max_mb=56.8 map_wall_s=0.01 map_cpu_s=0.0 merge_wall_s=0.01 merge_cpu_s=0.0 map_units=5 merge_ranges=4 eff_cores=0.05
event=kink_round H=12 col=1 round=stage0 frontier_in=2079 map_wall_s=0.004 map_cpu_s=0.006 merge_wall_s=0.004 merge_cpu_s=0.002 map_units=2 merge_ranges=2 map_eff_cores=1.59 merge_eff_cores=0.47
event=kink_round H=15 col=0 round=stage12 frontier_in=4096 map_wall_s=0.006 map_cpu_s=0.008 merge_wall_s=0.006 merge_cpu_s=0.008 map_units=2 merge_ranges=2 map_eff_cores=1.37 merge_eff_cores=1.37
event=kink_round H=3 col=4 round=seed frontier_in=10 map_wall_s=0.000 map_cpu_s=0.000 merge_wall_s=0.000 merge_cpu_s=0.000 map_units=1 merge_ranges=0 map_eff_cores=0.00 merge_eff_cores=0.00
event=kink_round H=13 col=0 round=finalize frontier_in=8192 map_wall_s=0.005 map_cpu_s=0.015 merge_wall_s=0.006 merge_cpu_s=0.007 map_units=4 merge_ranges=4 map_eff_cores=3.02 merge_eff_cores=1.21
event=column H=13 col=0 frontier_in=1 frontier_out=4159 wall_s=0.20 cum_wall_s=1.9 cpu_s=0.1 rss_max_mb=56.8 map_wall_s=0.04 map_cpu_s=0.0 merge_wall_s=0.15 merge_cpu_s=0.0 map_units=19 merge_ranges=18 eff_cores=0.29
event=kink_round H=8 col=1 round=stage6 frontier_in=1114 map_wall_s=0.007 map_cpu_s=0.004 merge_wall_s=0.003 merge_cpu_s=0.002 map_units=1 merge_ranges=1 map_eff_cores=0.57 merge_eff_cores=0.61
event=kink_round H=4 col=3 round=stage2 frontier_in=56 map_wall_s=0.002 map_cpu_s=0.001 merge_wall_s=0.002 merge_cpu_s=0.001 map_units=1 merge_ranges=1 map_eff_cores=0.49 merge_eff_cores=0.60
event=kink_round H=6 col=2 round=stage1 frontier_in=203 map_wall_s=0.001 map_cpu_s=0.001 merge_wall_s=0.002 merge_cpu_s=0.001 map_units=1 merge_ranges=1 map_eff_cores=0.98 merge_eff_cores=0.44
event=kink_round H=5 col=2 round=stage4 frontier_in=179 map_wall_s=0.002 map_cpu_s=0.001 merge_wall_s=0.002 merge_cpu_s=0.001 map_units=1 merge_ranges=1 map_eff_cores=0.53 merge_eff_cores=0.48
event=kink_round H=7 col=1 round=finalize frontier_in=744 map_wall_s=0.003 map_cpu_s=0.002 merge_wall_s=0.001 merge_cpu_s=0.001 map_units=1 merge_ranges=1 map_eff_cores=0.63 merge_eff_cores=1.06
event=kink_round H=10 col=1 round=stage2 frontier_in=1736 map_wall_s=0.007 map_cpu_s=0.005 merge_wall_s=0.005 merge_cpu_s=0.003 map_units=1 merge_ranges=1 map_eff_cores=0.75 merge_eff_cores=0.58
event=column H=7 col=1 frontier_in=71 frontier_out=307 wall_s=0.05 cum_wall_s=2.0 cpu_s=0.0 rss_max_mb=46.7 map_wall_s=0.02 map_cpu_s=0.0 merge_wall_s=0.03 merge_cpu_s=0.0 map_units=9 merge_ranges=8 eff_cores=0.38
event=kink_round H=4 col=3 round=stage3 frontier_in=59 map_wall_s=0.002 map_cpu_s=0.001 merge_wall_s=0.001 merge_cpu_s=0.000 map_units=1 merge_ranges=1 map_eff_cores=0.65 merge_eff_cores=0.00
event=kink_round H=17 col=0 round=stage12 frontier_in=4096 map_wall_s=0.006 map_cpu_s=0.009 merge_wall_s=0.009 merge_cpu_s=0.005 map_units=2 merge_ranges=2 map_eff_cores=1.48 merge_eff_cores=0.58
event=kink_round H=3 col=4 round=stage0 frontier_in=10 map_wall_s=0.002 map_cpu_s=0.001 merge_wall_s=0.003 merge_cpu_s=0.000 map_units=1 merge_ranges=1 map_eff_cores=0.48 merge_eff_cores=0.00
event=kink_round H=7 col=2 round=seed frontier_in=307 map_wall_s=0.001 map_cpu_s=0.001 merge_wall_s=0.000 merge_cpu_s=0.000 map_units=1 merge_ranges=0 map_eff_cores=0.86 merge_eff_cores=0.00
event=kink_round H=11 col=1 round=stage1 frontier_in=2110 map_wall_s=0.003 map_cpu_s=0.003 merge_wall_s=0.006 merge_cpu_s=0.004 map_units=2 merge_ranges=2 map_eff_cores=1.01 merge_eff_cores=0.68
event=kink_round H=6 col=2 round=stage2 frontier_in=330 map_wall_s=0.002 map_cpu_s=0.002 merge_wall_s=0.002 merge_cpu_s=0.001 map_units=1 merge_ranges=1 map_eff_cores=0.99 merge_eff_cores=0.52
event=kink_round H=9 col=1 round=stage5 frontier_in=1798 map_wall_s=0.005 map_cpu_s=0.005 merge_wall_s=0.004 merge_cpu_s=0.002 map_units=1 merge_ranges=1 map_eff_cores=1.01 merge_eff_cores=0.50
event=kink_round H=5 col=2 round=finalize frontier_in=180 map_wall_s=0.002 map_cpu_s=0.001 merge_wall_s=0.003 merge_cpu_s=0.001 map_units=1 merge_ranges=1 map_eff_cores=0.42 merge_eff_cores=0.32
event=kink_round H=13 col=1 round=seed frontier_in=4159 map_wall_s=0.006 map_cpu_s=0.006 merge_wall_s=0.000 merge_cpu_s=0.000 map_units=3 merge_ranges=0 map_eff_cores=1.01 merge_eff_cores=0.00
event=column H=5 col=2 frontier_in=56 frontier_out=57 wall_s=0.03 cum_wall_s=2.0 cpu_s=0.0 rss_max_mb=73.0 map_wall_s=0.02 map_cpu_s=0.0 merge_wall_s=0.01 merge_cpu_s=0.0 map_units=7 merge_ranges=6 eff_cores=0.31
event=kink_round H=3 col=4 round=stage1 frontier_in=17 map_wall_s=0.002 map_cpu_s=0.000 merge_wall_s=0.003 merge_cpu_s=0.000 map_units=1 merge_ranges=1 map_eff_cores=0.00 merge_eff_cores=0.00
event=kink_round H=7 col=2 round=stage0 frontier_in=307 map_wall_s=0.001 map_cpu_s=0.001 merge_wall_s=0.005 merge_cpu_s=0.001 map_units=1 merge_ranges=1 map_eff_cores=0.85 merge_eff_cores=0.20
event=kink_round H=10 col=1 round=stage3 frontier_in=2300 map_wall_s=0.005 map_cpu_s=0.004 merge_wall_s=0.004 merge_cpu_s=0.005 map_units=2 merge_ranges=2 map_eff_cores=0.88 merge_eff_cores=1.36
event=kink_round H=4 col=3 round=finalize frontier_in=70 map_wall_s=0.001 map_cpu_s=0.001 merge_wall_s=0.005 merge_cpu_s=0.000 map_units=1 merge_ranges=1 map_eff_cores=1.08 merge_eff_cores=0.00
event=kink_round H=6 col=2 round=stage3 frontier_in=394 map_wall_s=0.004 map_cpu_s=0.001 merge_wall_s=0.001 merge_cpu_s=0.001 map_units=1 merge_ranges=1 map_eff_cores=0.24 merge_eff_cores=0.67
event=kink_round H=5 col=3 round=seed frontier_in=57 map_wall_s=0.004 map_cpu_s=0.000 merge_wall_s=0.000 merge_cpu_s=0.000 map_units=1 merge_ranges=0 map_eff_cores=0.00 merge_eff_cores=0.00
event=kink_round H=18 col=0 round=stage13 frontier_in=8192 map_wall_s=0.007 map_cpu_s=0.022 merge_wall_s=0.010 merge_cpu_s=0.017 map_units=4 merge_ranges=4 map_eff_cores=3.28 merge_eff_cores=1.65
event=kink_round H=8 col=1 round=stage7 frontier_in=1399 map_wall_s=0.005 map_cpu_s=0.004 merge_wall_s=0.006 merge_cpu_s=0.003 map_units=1 merge_ranges=1 map_eff_cores=0.81 merge_eff_cores=0.47
event=column H=4 col=3 frontier_in=22 frontier_out=22 wall_s=0.02 cum_wall_s=2.1 cpu_s=0.0 rss_max_mb=73.0 map_wall_s=0.01 map_cpu_s=0.0 merge_wall_s=0.01 merge_cpu_s=0.0 map_units=6 merge_ranges=5 eff_cores=0.20
event=kink_round H=15 col=0 round=stage13 frontier_in=8192 map_wall_s=0.006 map_cpu_s=0.016 merge_wall_s=0.008 merge_cpu_s=0.015 map_units=4 merge_ranges=4 map_eff_cores=2.59 merge_eff_cores=1.89
event=kink_round H=5 col=3 round=stage0 frontier_in=57 map_wall_s=0.003 map_cpu_s=0.001 merge_wall_s=0.001 merge_cpu_s=0.001 map_units=1 merge_ranges=1 map_eff_cores=0.33 merge_eff_cores=1.04
event=kink_round H=11 col=1 round=stage2 frontier_in=3476 map_wall_s=0.006 map_cpu_s=0.012 merge_wall_s=0.006 merge_cpu_s=0.004 map_units=2 merge_ranges=2 map_eff_cores=1.99 merge_eff_cores=0.67
event=kink_round H=6 col=2 round=stage4 frontier_in=413 map_wall_s=0.003 map_cpu_s=0.001 merge_wall_s=0.002 merge_cpu_s=0.001 map_units=1 merge_ranges=1 map_eff_cores=0.29 merge_eff_cores=0.48
event=kink_round H=4 col=4 round=seed frontier_in=22 map_wall_s=0.007 map_cpu_s=0.000 merge_wall_s=0.000 merge_cpu_s=0.000 map_units=1 merge_ranges=0 map_eff_cores=0.00 merge_eff_cores=0.00
event=kink_round H=12 col=1 round=stage1 frontier_in=4158 map_wall_s=0.005 map_cpu_s=0.007 merge_wall_s=0.016 merge_cpu_s=0.007 map_units=3 merge_ranges=3 map_eff_cores=1.40 merge_eff_cores=0.45
event=kink_round H=13 col=1 round=stage0 frontier_in=4159 map_wall_s=0.005 map_cpu_s=0.012 merge_wall_s=0.007 merge_cpu_s=0.006 map_units=3 merge_ranges=3 map_eff_cores=2.30 merge_eff_cores=0.84
event=kink_round H=6 col=2 round=stage5 frontier_in=458 map_wall_s=0.001 map_cpu_s=0.001 merge_wall_s=0.002 merge_cpu_s=0.001 map_units=1 merge_ranges=1 map_eff_cores=0.91 merge_eff_cores=0.56
event=kink_round H=3 col=4 round=stage2 frontier_in=23 map_wall_s=0.003 map_cpu_s=0.001 merge_wall_s=0.008 merge_cpu_s=0.000 map_units=1 merge_ranges=1 map_eff_cores=0.33 merge_eff_cores=0.00
event=kink_round H=17 col=0 round=stage13 frontier_in=8192 map_wall_s=0.008 map_cpu_s=0.017 merge_wall_s=0.009 merge_cpu_s=0.014 map_units=4 merge_ranges=4 map_eff_cores=2.22 merge_eff_cores=1.61
event=kink_round H=5 col=3 round=stage1 frontier_in=94 map_wall_s=0.001 map_cpu_s=0.001 merge_wall_s=0.003 merge_cpu_s=0.000 map_units=1 merge_ranges=1 map_eff_cores=0.69 merge_eff_cores=0.00
event=kink_round H=16 col=0 round=stage13 frontier_in=8192 map_wall_s=0.007 map_cpu_s=0.016 merge_wall_s=0.017 merge_cpu_s=0.012 map_units=4 merge_ranges=4 map_eff_cores=2.41 merge_eff_cores=0.72
event=kink_round H=8 col=1 round=finalize frontier_in=1800 map_wall_s=0.008 map_cpu_s=0.005 merge_wall_s=0.001 merge_cpu_s=0.001 map_units=1 merge_ranges=1 map_eff_cores=0.65 merge_eff_cores=0.73
event=column H=8 col=1 frontier_in=135 frontier_out=715 wall_s=0.06 cum_wall_s=2.1 cpu_s=0.0 rss_max_mb=50.8 map_wall_s=0.03 map_cpu_s=0.0 merge_wall_s=0.02 merge_cpu_s=0.0 map_units=10 merge_ranges=9 eff_cores=0.54
event=kink_round H=8 col=2 round=seed frontier_in=715 map_wall_s=0.002 map_cpu_s=0.001 merge_wall_s=0.000 merge_cpu_s=0.000 map_units=1 merge_ranges=0 map_eff_cores=0.40 merge_eff_cores=0.00
event=kink_round H=9 col=1 round=stage6 frontier_in=2190 map_wall_s=0.006 map_cpu_s=0.006 merge_wall_s=0.017 merge_cpu_s=0.005 map_units=2 merge_ranges=2 map_eff_cores=0.93 merge_eff_cores=0.30
event=kink_round H=10 col=1 round=stage4 frontier_in=2897 map_wall_s=0.008 map_cpu_s=0.009 merge_wall_s=0.010 merge_cpu_s=0.003 map_units=2 merge_ranges=2 map_eff_cores=1.08 merge_eff_cores=0.31
event=kink_round H=3 col=4 round=finalize frontier_in=27 map_wall_s=0.001 map_cpu_s=0.001 merge_wall_s=0.008 merge_cpu_s=0.000 map_units=1 merge_ranges=1 map_eff_cores=1.30 merge_eff_cores=0.00
event=kink_round H=5 col=3 round=stage2 frontier_in=146 map_wall_s=0.004 map_cpu_s=0.001 merge_wall_s=0.005 merge_cpu_s=0.001 map_units=1 merge_ranges=1 map_eff_cores=0.23 merge_eff_cores=0.21
event=kink_round H=14 col=0 round=stage13 frontier_in=8192 map_wall_s=0.007 map_cpu_s=0.015 merge_wall_s=0.024 merge_cpu_s=0.018 map_units=4 merge_ranges=4 map_eff_cores=2.21 merge_eff_cores=0.75
event=kink_round H=4 col=4 round=stage0 frontier_in=22 map_wall_s=0.006 map_cpu_s=0.001 merge_wall_s=0.007 merge_cpu_s=0.001 map_units=1 merge_ranges=1 map_eff_cores=0.17 merge_eff_cores=0.15
event=kink_round H=6 col=2 round=finalize frontier_in=447 map_wall_s=0.004 map_cpu_s=0.001 merge_wall_s=0.008 merge_cpu_s=0.001 map_units=1 merge_ranges=1 map_eff_cores=0.28 merge_eff_cores=0.13
event=column H=6 col=2 frontier_in=126 frontier_out=131 wall_s=0.04 cum_wall_s=2.2 cpu_s=0.0 rss_max_mb=73.0 map_wall_s=0.02 map_cpu_s=0.0 merge_wall_s=0.02 merge_cpu_s=0.0 map_units=8 merge_ranges=7 eff_cores=0.34
event=column H=3 col=4 frontier_in=10 frontier_out=10 wall_s=0.04 cum_wall_s=2.2 cpu_s=0.0 rss_max_mb=48.8 map_wall_s=0.01 map_cpu_s=0.0 merge_wall_s=0.02 merge_cpu_s=0.0 map_units=5 merge_ranges=4 eff_cores=0.08
event=kink_round H=11 col=1 round=stage3 frontier_in=4608 map_wall_s=0.008 map_cpu_s=0.011 merge_wall_s=0.009 merge_cpu_s=0.008 map_units=3 merge_ranges=3 map_eff_cores=1.35 merge_eff_cores=0.91
event=kink_round H=7 col=2 round=stage1 frontier_in=495 map_wall_s=0.006 map_cpu_s=0.002 merge_wall_s=0.009 merge_cpu_s=0.002 map_units=1 merge_ranges=1 map_eff_cores=0.34 merge_eff_cores=0.21
event=kink_round H=8 col=2 round=stage0 frontier_in=715 map_wall_s=0.003 map_cpu_s=0.002 merge_wall_s=0.007 merge_cpu_s=0.002 map_units=1 merge_ranges=1 map_eff_cores=0.77 merge_eff_cores=0.29
event=kink_round H=3 col=5 round=seed frontier_in=10 map_wall_s=0.003 map_cpu_s=0.001 merge_wall_s=0.000 merge_cpu_s=0.000 map_units=1 merge_ranges=0 map_eff_cores=0.39 merge_eff_cores=0.00
event=kink_round H=13 col=1 round=stage1 frontier_in=8318 map_wall_s=0.006 map_cpu_s=0.021 merge_wall_s=0.008 merge_cpu_s=0.007 map_units=5 merge_ranges=5 map_eff_cores=3.44 merge_eff_cores=0.87
event=kink_round H=5 col=3 round=stage3 frontier_in=166 map_wall_s=0.002 map_cpu_s=0.001 merge_wall_s=0.001 merge_cpu_s=0.001 map_units=1 merge_ranges=1 map_eff_cores=0.57 merge_eff_cores=1.02
event=kink_round H=6 col=3 round=seed frontier_in=131 map_wall_s=0.002 map_cpu_s=0.000 merge_wall_s=0.000 merge_cpu_s=0.000 map_units=1 merge_ranges=0 map_eff_cores=0.00 merge_eff_cores=0.00
event=kink_round H=18 col=0 round=stage14 frontier_in=16384 map_wall_s=0.013 map_cpu_s=0.039 merge_wall_s=0.018 merge_cpu_s=0.031 map_units=8 merge_ranges=8 map_eff_cores=3.11 merge_eff_cores=1.73
event=kink_round H=7 col=2 round=stage2 frontier_in=807 map_wall_s=0.002 map_cpu_s=0.001 merge_wall_s=0.002 merge_cpu_s=0.001 map_units=1 merge_ranges=1 map_eff_cores=0.63 merge_eff_cores=0.63
event=kink_round H=4 col=4 round=stage1 frontier_in=36 map_wall_s=0.002 map_cpu_s=0.000 merge_wall_s=0.010 merge_cpu_s=0.000 map_units=1 merge_ranges=1 map_eff_cores=0.00 merge_eff_cores=0.00
event=kink_round H=3 col=5 round=stage0 frontier_in=10 map_wall_s=0.007 map_cpu_s=0.000 merge_wall_s=0.001 merge_cpu_s=0.000 map_units=1 merge_ranges=1 map_eff_cores=0.00 merge_eff_cores=0.00
event=kink_round H=6 col=3 round=stage0 frontier_in=131 map_wall_s=0.001 map_cpu_s=0.001 merge_wall_s=0.005 merge_cpu_s=0.001 map_units=1 merge_ranges=1 map_eff_cores=0.91 merge_eff_cores=0.19
event=kink_round H=3 col=5 round=stage1 frontier_in=17 map_wall_s=0.002 map_cpu_s=0.001 merge_wall_s=0.001 merge_cpu_s=0.000 map_units=1 merge_ranges=1 map_eff_cores=0.43 merge_eff_cores=0.00
event=kink_round H=5 col=3 round=stage4 frontier_in=179 map_wall_s=0.003 map_cpu_s=0.001 merge_wall_s=0.010 merge_cpu_s=0.001 map_units=1 merge_ranges=1 map_eff_cores=0.29 merge_eff_cores=0.10
event=kink_round H=8 col=2 round=stage1 frontier_in=1142 map_wall_s=0.005 map_cpu_s=0.004 merge_wall_s=0.004 merge_cpu_s=0.003 map_units=1 merge_ranges=1 map_eff_cores=0.75 merge_eff_cores=0.83
event=kink_round H=4 col=4 round=stage2 frontier_in=56 map_wall_s=0.004 map_cpu_s=0.001 merge_wall_s=0.005 merge_cpu_s=0.000 map_units=1 merge_ranges=1 map_eff_cores=0.28 merge_eff_cores=0.00
event=kink_round H=12 col=1 round=stage2 frontier_in=6868 map_wall_s=0.011 map_cpu_s=0.018 merge_wall_s=0.020 merge_cpu_s=0.010 map_units=4 merge_ranges=4 map_eff_cores=1.71 merge_eff_cores=0.50
event=kink_round H=10 col=1 round=stage5 frontier_in=3546 map_wall_s=0.008 map_cpu_s=0.007 merge_wall_s=0.016 merge_cpu_s=0.005 map_units=2 merge_ranges=2 map_eff_cores=0.84 merge_eff_cores=0.31
event=kink_round H=3 col=5 round=stage2 frontier_in=23 map_wall_s=0.003 map_cpu_s=0.000 merge_wall_s=0.004 merge_cpu_s=0.001 map_units=1 merge_ranges=1 map_eff_cores=0.00 merge_eff_cores=0.28
event=kink_round H=7 col=2 round=stage3 frontier_in=975 map_wall_s=0.005 map_cpu_s=0.003 merge_wall_s=0.004 merge_cpu_s=0.001 map_units=1 merge_ranges=1 map_eff_cores=0.58 merge_eff_cores=0.25
event=kink_round H=16 col=0 round=stage14 frontier_in=16384 map_wall_s=0.012 map_cpu_s=0.047 merge_wall_s=0.021 merge_cpu_s=0.030 map_units=8 merge_ranges=8 map_eff_cores=3.77 merge_eff_cores=1.40
event=kink_round H=5 col=3 round=finalize frontier_in=180 map_wall_s=0.003 map_cpu_s=0.001 merge_wall_s=0.001 merge_cpu_s=0.000 map_units=1 merge_ranges=1 map_eff_cores=0.33 merge_eff_cores=0.00
event=kink_round H=6 col=3 round=stage1 frontier_in=212 map_wall_s=0.003 map_cpu_s=0.002 merge_wall_s=0.008 merge_cpu_s=0.001 map_units=1 merge_ranges=1 map_eff_cores=0.60 merge_eff_cores=0.13
event=kink_round H=4 col=4 round=stage3 frontier_in=59 map_wall_s=0.003 map_cpu_s=0.001 merge_wall_s=0.001 merge_cpu_s=0.000 map_units=1 merge_ranges=1 map_eff_cores=0.32 merge_eff_cores=0.00
event=kink_round H=14 col=0 round=finalize frontier_in=16384 map_wall_s=0.017 map_cpu_s=0.032 merge_wall_s=0.009 merge_cpu_s=0.014 map_units=8 merge_ranges=8 map_eff_cores=1.83 merge_eff_cores=1.52
event=kink_round H=17 col=0 round=stage14 frontier_in=16384 map_wall_s=0.024 map_cpu_s=0.047 merge_wall_s=0.013 merge_cpu_s=0.030 map_units=8 merge_ranges=8 map_eff_cores=1.97 merge_eff_cores=2.27
event=column H=14 col=0 frontier_in=1 frontier_out=8255 wall_s=0.25 cum_wall_s=2.4 cpu_s=0.1 rss_max_mb=52.8 map_wall_s=0.06 map_cpu_s=0.1 merge_wall_s=0.18 merge_cpu_s=0.0 map_units=27 merge_ranges=26 eff_cores=0.47
event=kink_round H=4 col=4 round=finalize frontier_in=70 map_wall_s=0.001 map_cpu_s=0.001 merge_wall_s=0.001 merge_cpu_s=0.000 map_units=1 merge_ranges=1 map_eff_cores=0.82 merge_eff_cores=0.00
event=column H=4 col=4 frontier_in=22 frontier_out=22 wall_s=0.05 cum_wall_s=2.5 cpu_s=0.0 rss_max_mb=73.0 map_wall_s=0.02 map_cpu_s=0.0 merge_wall_s=0.02 merge_cpu_s=0.0 map_units=6 merge_ranges=5 eff_cores=0.11
event=kink_round H=4 col=5 round=seed frontier_in=22 map_wall_s=0.001 map_cpu_s=0.000 merge_wall_s=0.000 merge_cpu_s=0.000 map_units=1 merge_ranges=0 map_eff_cores=0.00 merge_eff_cores=0.00
event=column H=5 col=3 frontier_in=57 frontier_out=57 wall_s=0.05 cum_wall_s=2.5 cpu_s=0.0 rss_max_mb=73.0 map_wall_s=0.02 map_cpu_s=0.0 merge_wall_s=0.02 merge_cpu_s=0.0 map_units=7 merge_ranges=6 eff_cores=0.19
event=kink_round H=15 col=0 round=stage14 frontier_in=16384 map_wall_s=0.013 map_cpu_s=0.035 merge_wall_s=0.027 merge_cpu_s=0.027 map_units=8 merge_ranges=8 map_eff_cores=2.70 merge_eff_cores=1.01
event=kink_round H=9 col=1 round=stage7 frontier_in=2691 map_wall_s=0.015 map_cpu_s=0.007 merge_wall_s=0.017 merge_cpu_s=0.006 map_units=2 merge_ranges=2 map_eff_cores=0.47 merge_eff_cores=0.35
event=kink_round H=5 col=4 round=seed frontier_in=57 map_wall_s=0.001 map_cpu_s=0.000 merge_wall_s=0.000 merge_cpu_s=0.000 map_units=1 merge_ranges=0 map_eff_cores=0.00 merge_eff_cores=0.00
event=kink_round H=11 col=1 round=stage4 frontier_in=5810 map_wall_s=0.013 map_cpu_s=0.013 merge_wall_s=0.009 merge_cpu_s=0.006 map_units=3 merge_ranges=3 map_eff_cores=1.01 merge_eff_cores=0.70
event=kink_round H=5 col=4 round=stage0 frontier_in=57 map_wall_s=0.002 map_cpu_s=0.000 merge_wall_s=0.002 merge_cpu_s=0.001 map_units=1 merge_ranges=1 map_eff_cores=0.00 merge_eff_cores=0.55
event=kink_round H=13 col=1 round=stage2 frontier_in=13740 map_wall_s=0.015 map_cpu_s=0.033 merge_wall_s=0.013 merge_cpu_s=0.019 map_units=7 merge_ranges=7 map_eff_cores=2.21 merge_eff_cores=1.41
event=kink_round H=6 col=3 round=stage2 frontier_in=341 map_wall_s=0.010 map_cpu_s=0.001 merge_wall_s=0.004 merge_cpu_s=0.001 map_units=1 merge_ranges=1 map_eff_cores=0.10 merge_eff_cores=0.22
event=kink_round H=4 col=5 round=stage0 frontier_in=22 map_wall_s=0.011 map_cpu_s=0.001 merge_wall_s=0.001 merge_cpu_s=0.000 map_units=1 merge_ranges=1 map_eff_cores=0.09 merge_eff_cores=0.00
event=kink_round H=8 col=2 round=stage2 frontier_in=1882 map_wall_s=0.013 map_cpu_s=0.007 merge_wall_s=0.006 merge_cpu_s=0.002 map_units=1 merge_ranges=1 map_eff_cores=0.54 merge_eff_cores=0.32
event=kink_round H=7 col=2 round=stage4 frontier_in=1051 map_wall_s=0.005 map_cpu_s=0.004 merge_wall_s=0.012 merge_cpu_s=0.002 map_units=1 merge_ranges=1 map_eff_cores=0.86 merge_eff_cores=0.17
event=kink_round H=10 col=1 round=stage6 frontier_in=4307 map_wall_s=0.013 map_cpu_s=0.010 merge_wall_s=0.006 merge_cpu_s=0.010 map_units=3 merge_ranges=3 map_eff_cores=0.78 merge_eff_cores=1.67
event=kink_round H=3 col=5 round=finalize frontier_in=27 map_wall_s=0.008 map_cpu_s=0.001 merge_wall_s=0.009 merge_cpu_s=0.001 map_units=1 merge_ranges=1 map_eff_cores=0.13 merge_eff_cores=0.11
event=column H=3 col=5 frontier_in=10 frontier_out=10 wall_s=0.04 cum_wall_s=2.6 cpu_s=0.0 rss_max_mb=56.8 map_wall_s=0.02 map_cpu_s=0.0 merge_wall_s=0.01 merge_cpu_s=0.0 map_units=5 merge_ranges=4 eff_cores=0.12
event=kink_round H=5 col=4 round=stage1 frontier_in=94 map_wall_s=0.004 map_cpu_s=0.001 merge_wall_s=0.007 merge_cpu_s=0.001 map_units=1 merge_ranges=1 map_eff_cores=0.27 merge_eff_cores=0.13
event=kink_round H=14 col=1 round=seed frontier_in=8255 map_wall_s=0.019 map_cpu_s=0.010 merge_wall_s=0.000 merge_cpu_s=0.000 map_units=5 merge_ranges=0 map_eff_cores=0.52 merge_eff_cores=0.00
event=kink_round H=3 col=6 round=seed frontier_in=10 map_wall_s=0.004 map_cpu_s=0.000 merge_wall_s=0.000 merge_cpu_s=0.000 map_units=1 merge_ranges=0 map_eff_cores=0.00 merge_eff_cores=0.00
event=kink_round H=5 col=4 round=stage2 frontier_in=146 map_wall_s=0.001 map_cpu_s=0.001 merge_wall_s=0.003 merge_cpu_s=0.000 map_units=1 merge_ranges=1 map_eff_cores=1.09 merge_eff_cores=0.00
event=kink_round H=9 col=1 round=stage8 frontier_in=3360 map_wall_s=0.006 map_cpu_s=0.007 merge_wall_s=0.016 merge_cpu_s=0.008 map_units=2 merge_ranges=2 map_eff_cores=1.12 merge_eff_cores=0.50
event=kink_round H=4 col=5 round=stage1 frontier_in=36 map_wall_s=0.007 map_cpu_s=0.001 merge_wall_s=0.006 merge_cpu_s=0.001 map_units=1 merge_ranges=1 map_eff_cores=0.15 merge_eff_cores=0.16
event=kink_round H=6 col=3 round=stage3 frontier_in=403 map_wall_s=0.011 map_cpu_s=0.001 merge_wall_s=0.007 merge_cpu_s=0.001 map_units=1 merge_ranges=1 map_eff_cores=0.09 merge_eff_cores=0.14
event=kink_round H=11 col=1 round=stage5 frontier_in=7124 map_wall_s=0.013 map_cpu_s=0.015 merge_wall_s=0.015 merge_cpu_s=0.008 map_units=4 merge_ranges=4 map_eff_cores=1.19 merge_eff_cores=0.52
event=kink_round H=7 col=2 round=stage5 frontier_in=1093 map_wall_s=0.006 map_cpu_s=0.003 merge_wall_s=0.008 merge_cpu_s=0.002 map_units=1 merge_ranges=1 map_eff_cores=0.50 merge_eff_cores=0.25
event=kink_round H=5 col=4 round=stage3 frontier_in=166 map_wall_s=0.001 map_cpu_s=0.001 merge_wall_s=0.018 merge_cpu_s=0.001 map_units=1 merge_ranges=1 map_eff_cores=0.73 merge_eff_cores=0.06
event=kink_round H=18 col=0 round=stage15 frontier_in=32768 map_wall_s=0.009 map_cpu_s=0.065 merge_wall_s=0.045 merge_cpu_s=0.071 map_units=16 merge_ranges=16 map_eff_cores=6.89 merge_eff_cores=1.58
event=kink_round H=12 col=1 round=stage3 frontier_in=9120 map_wall_s=0.016 map_cpu_s=0.016 merge_wall_s=0.024 merge_cpu_s=0.013 map_units=5 merge_ranges=5 map_eff_cores=1.01 merge_eff_cores=0.54
event=kink_round H=10 col=1 round=stage7 frontier_in=5284 map_wall_s=0.010 map_cpu_s=0.011 merge_wall_s=0.015 merge_cpu_s=0.010 map_units=3 merge_ranges=3 map_eff_cores=1.08 merge_eff_cores=0.66
event=kink_round H=4 col=5 round=stage2 frontier_in=56 map_wall_s=0.006 map_cpu_s=0.001 merge_wall_s=0.010 merge_cpu_s=0.001 map_units=1 merge_ranges=1 map_eff_cores=0.16 merge_eff_cores=0.10
event=kink_round H=6 col=3 round=stage4 frontier_in=423 map_wall_s=0.002 map_cpu_s=0.002 merge_wall_s=0.011 merge_cpu_s=0.001 map_units=1 merge_ranges=1 map_eff_cores=0.91 merge_eff_cores=0.09
event=kink_round H=8 col=2 round=stage3 frontier_in=2295 map_wall_s=0.009 map_cpu_s=0.008 merge_wall_s=0.024 merge_cpu_s=0.004 map_units=2 merge_ranges=2 map_eff_cores=0.87 merge_eff_cores=0.16
event=kink_round H=17 col=0 round=stage15 frontier_in=32768 map_wall_s=0.015 map_cpu_s=0.072 merge_wall_s=0.033 merge_cpu_s=0.070 map_units=16 merge_ranges=16 map_eff_cores=4.71 merge_eff_cores=2.10
event=kink_round H=6 col=3 round=stage5 frontier_in=458 map_wall_s=0.005 map_cpu_s=0.002 merge_wall_s=0.008 merge_cpu_s=0.001 map_units=1 merge_ranges=1 map_eff_cores=0.43 merge_eff_cores=0.13
event=kink_round H=3 col=6 round=stage0 frontier_in=10 map_wall_s=0.019 map_cpu_s=0.001 merge_wall_s=0.016 merge_cpu_s=0.000 map_units=1 merge_ranges=1 map_eff_cores=0.05 merge_eff_cores=0.00
event=kink_round H=9 col=1 round=finalize frontier_in=4326 map_wall_s=0.013 map_cpu_s=0.010 merge_wall_s=0.013 merge_cpu_s=0.004 map_units=3 merge_ranges=3 map_eff_cores=0.78 merge_eff_cores=0.30
event=kink_round H=4 col=5 round=stage3 frontier_in=59 map_wall_s=0.010 map_cpu_s=0.001 merge_wall_s=0.005 merge_cpu_s=0.001 map_units=1 merge_ranges=1 map_eff_cores=0.10 merge_eff_cores=0.19
event=kink_round H=13 col=1 round=stage3 frontier_in=18248 map_wall_s=0.014 map_cpu_s=0.040 merge_wall_s=0.024 merge_cpu_s=0.019 map_units=9 merge_ranges=9 map_eff_cores=2.91 merge_eff_cores=0.79
event=kink_round H=14 col=1 round=stage0 frontier_in=8255 map_wall_s=0.007 map_cpu_s=0.012 merge_wall_s=0.033 merge_cpu_s=0.014 map_units=5 merge_ranges=5 map_eff_cores=1.84 merge_eff_cores=0.43
event=kink_round H=5 col=4 round=stage4 frontier_in=179 map_wall_s=0.002 map_cpu_s=0.001 merge_wall_s=0.017 merge_cpu_s=0.001 map_units=1 merge_ranges=1 map_eff_cores=0.62 merge_eff_cores=0.06
event=column H=9 col=1 frontier_in=271 frontier_out=1729 wall_s=0.15 cum_wall_s=2.7 cpu_s=0.1 rss_max_mb=56.8 map_wall_s=0.06 map_cpu_s=0.0 merge_wall_s=0.08 merge_cpu_s=0.0 map_units=16 merge_ranges=15 eff_cores=0.50
event=kink_round H=7 col=2 round=stage6 frontier_in=1169 map_wall_s=0.015 map_cpu_s=0.005 merge_wall_s=0.006 merge_cpu_s=0.003 map_units=1 merge_ranges=1 map_eff_cores=0.34 merge_eff_cores=0.51
event=kink_round H=3 col=6 round=stage1 frontier_in=17 map_wall_s=0.004 map_cpu_s=0.001 merge_wall_s=0.001 merge_cpu_s=0.000 map_units=1 merge_ranges=1 map_eff_cores=0.24 merge_eff_cores=0.00
event=kink_round H=16 col=0 round=stage15 frontier_in=32768 map_wall_s=0.017 map_cpu_s=0.068 merge_wall_s=0.042 merge_cpu_s=0.063 map_units=16 merge_ranges=16 map_eff_cores=3.93 merge_eff_cores=1.49
event=kink_round H=6 col=3 round=finalize frontier_in=447 map_wall_s=0.002 map_cpu_s=0.002 merge_wall_s=0.001 merge_cpu_s=0.001 map_units=1 merge_ranges=1 map_eff_cores=0.84 merge_eff_cores=0.86
event=kink_round H=5 col=4 round=finalize frontier_in=180 map_wall_s=0.002 map_cpu_s=0.001 merge_wall_s=0.001 merge_cpu_s=0.000 map_units=1 merge_ranges=1 map_eff_cores=0.47 merge_eff_cores=0.00
event=column H=5 col=4 frontier_in=57 frontier_out=57 wall_s=0.06 cum_wall_s=2.8 cpu_s=0.0 rss_max_mb=56.8 map_wall_s=0.01 map_cpu_s=0.0 merge_wall_s=0.05 merge_cpu_s=0.0 map_units=7 merge_ranges=6 eff_cores=0.15
event=kink_round H=8 col=2 round=stage4 frontier_in=2516 map_wall_s=0.004 map_cpu_s=0.007 merge_wall_s=0.011 merge_cpu_s=0.004 map_units=2 merge_ranges=2 map_eff_cores=1.77 merge_eff_cores=0.35
event=kink_round H=5 col=5 round=seed frontier_in=57 map_wall_s=0.006 map_cpu_s=0.001 merge_wall_s=0.000 merge_cpu_s=0.000 map_units=1 merge_ranges=0 map_eff_cores=0.18 merge_eff_cores=0.00
event=column H=6 col=3 frontier_in=131 frontier_out=131 wall_s=0.10 cum_wall_s=2.9 cpu_s=0.0 rss_max_mb=56.8 map_wall_s=0.04 map_cpu_s=0.0 merge_wall_s=0.05 merge_cpu_s=0.0 map_units=8 merge_ranges=7 eff_cores=0.19
event=kink_round H=3 col=6 round=stage2 frontier_in=23 map_wall_s=0.002 map_cpu_s=0.000 merge_wall_s=0.009 merge_cpu_s=0.001 map_units=1 merge_ranges=1 map_eff_cores=0.00 merge_eff_cores=0.11
event=kink_round H=4 col=5 round=finalize frontier_in=70 map_wall_s=0.003 map_cpu_s=0.001 merge_wall_s=0.016 merge_cpu_s=0.001 map_units=1 merge_ranges=1 map_eff_cores=0.34 merge_eff_cores=0.06
event=column H=4 col=5 frontier_in=22 frontier_out=22 wall_s=0.08 cum_wall_s=3.0 cpu_s=0.0 rss_max_mb=56.8 map_wall_s=0.04 map_cpu_s=0.0 merge_wall_s=0.04 merge_cpu_s=0.0 map_units=6 merge_ranges=5 eff_cores=0.12
event=kink_round H=12 col=1 round=stage4 frontier_in=11510 map_wall_s=0.014 map_cpu_s=0.025 merge_wall_s=0.021 merge_cpu_s=0.013 map_units=6 merge_ranges=6 map_eff_cores=1.77 merge_eff_cores=0.63
event=kink_round H=9 col=2 round=seed frontier_in=1729 map_wall_s=0.017 map_cpu_s=0.004 merge_wall_s=0.000 merge_cpu_s=0.000 map_units=1 merge_ranges=0 map_eff_cores=0.23 merge_eff_cores=0.00
event=kink_round H=6 col=4 round=seed frontier_in=131 map_wall_s=0.008 map_cpu_s=0.001 merge_wall_s=0.000 merge_cpu_s=0.000 map_units=1 merge_ranges=0 map_eff_cores=0.13 merge_eff_cores=0.00
event=kink_round H=5 col=5 round=stage0 frontier_in=57 map_wall_s=0.011 map_cpu_s=0.001 merge_wall_s=0.002 merge_cpu_s=0.001 map_units=1 merge_ranges=1 map_eff_cores=0.09 merge_eff_cores=0.65
event=kink_round H=10 col=1 round=stage8 frontier_in=6503 map_wall_s=0.013 map_cpu_s=0.015 merge_wall_s=0.027 merge_cpu_s=0.014 map_units=4 merge_ranges=4 map_eff_cores=1.16 merge_eff_cores=0.52
event=kink_round H=7 col=2 round=finalize frontier_in=1127 map_wall_s=0.025 map_cpu_s=0.004 merge_wall_s=0.001 merge_cpu_s=0.001 map_units=1 merge_ranges=1 map_eff_cores=0.16 merge_eff_cores=0.95
event=kink_round H=4 col=6 round=seed frontier_in=22 map_wall_s=0.012 map_cpu_s=0.001 merge_wall_s=0.000 merge_cpu_s=0.000 map_units=1 merge_ranges=0 map_eff_cores=0.08 merge_eff_cores=0.00
event=kink_round H=6 col=4 round=stage0 frontier_in=131 map_wall_s=0.001 map_cpu_s=0.001 merge_wall_s=0.009 merge_cpu_s=0.001 map_units=1 merge_ranges=1 map_eff_cores=0.80 merge_eff_cores=0.12
event=column H=7 col=2 frontier_in=307 frontier_out=334 wall_s=0.15 cum_wall_s=3.1 cpu_s=0.0 rss_max_mb=56.8 map_wall_s=0.07 map_cpu_s=0.0 merge_wall_s=0.05 merge_cpu_s=0.0 map_units=9 merge_ranges=8 eff_cores=0.25
event=kink_round H=11 col=1 round=stage6 frontier_in=8649 map_wall_s=0.026 map_cpu_s=0.028 merge_wall_s=0.033 merge_cpu_s=0.015 map_units=5 merge_ranges=5 map_eff_cores=1.09 merge_eff_cores=0.45
event=kink_round H=15 col=0 round=finalize frontier_in=32768 map_wall_s=0.016 map_cpu_s=0.049 merge_wall_s=0.066 merge_cpu_s=0.036 map_units=16 merge_ranges=16 map_eff_cores=3.15 merge_eff_cores=0.55
event=column H=15 col=0 frontier_in=1 frontier_out=16511 wall_s=0.35 cum_wall_s=3.5 cpu_s=0.2 rss_max_mb=73.0 map_wall_s=0.08 map_cpu_s=0.1 merge_wall_s=0.19 merge_cpu_s=0.1 map_units=43 merge_ranges=42 eff_cores=0.63
event=kink_round H=4 col=6 round=stage0 frontier_in=22 map_wall_s=0.002 map_cpu_s=0.001 merge_wall_s=0.001 merge_cpu_s=0.000 map_units=1 merge_ranges=1 map_eff_cores=0.45 merge_eff_cores=0.00
event=kink_round H=3 col=6 round=finalize frontier_in=27 map_wall_s=0.007 map_cpu_s=0.001 merge_wall_s=0.012 merge_cpu_s=0.000 map_units=1 merge_ranges=1 map_eff_cores=0.14 merge_eff_cores=0.00
event=column H=3 col=6 frontier_in=10 frontier_out=10 wall_s=0.08 cum_wall_s=3.5 cpu_s=0.0 rss_max_mb=52.8 map_wall_s=0.04 map_cpu_s=0.0 merge_wall_s=0.04 merge_cpu_s=0.0 map_units=5 merge_ranges=4 eff_cores=0.05
event=kink_round H=5 col=5 round=stage1 frontier_in=94 map_wall_s=0.009 map_cpu_s=0.001 merge_wall_s=0.002 merge_cpu_s=0.001 map_units=1 merge_ranges=1 map_eff_cores=0.12 merge_eff_cores=0.42
event=kink_round H=7 col=3 round=seed frontier_in=334 map_wall_s=0.003 map_cpu_s=0.001 merge_wall_s=0.000 merge_cpu_s=0.000 map_units=1 merge_ranges=0 map_eff_cores=0.39 merge_eff_cores=0.00
event=kink_round H=3 col=7 round=seed frontier_in=10 map_wall_s=0.004 map_cpu_s=0.000 merge_wall_s=0.000 merge_cpu_s=0.000 map_units=1 merge_ranges=0 map_eff_cores=0.00 merge_eff_cores=0.00
event=kink_round H=9 col=2 round=stage0 frontier_in=1729 map_wall_s=0.013 map_cpu_s=0.004 merge_wall_s=0.014 merge_cpu_s=0.007 map_units=1 merge_ranges=1 map_eff_cores=0.30 merge_eff_cores=0.49
event=kink_round H=15 col=1 round=seed frontier_in=16511 map_wall_s=0.014 map_cpu_s=0.030 merge_wall_s=0.000 merge_cpu_s=0.000 map_units=9 merge_ranges=0 map_eff_cores=2.21 merge_eff_cores=0.00
event=kink_round H=6 col=4 round=stage1 frontier_in=212 map_wall_s=0.006 map_cpu_s=0.002 merge_wall_s=0.011 merge_cpu_s=0.002 map_units=1 merge_ranges=1 map_eff_cores=0.33 merge_eff_cores=0.18
event=kink_round H=8 col=2 round=stage5 frontier_in=2631 map_wall_s=0.006 map_cpu_s=0.006 merge_wall_s=0.020 merge_cpu_s=0.010 map_units=2 merge_ranges=2 map_eff_cores=0.96 merge_eff_cores=0.51
event=kink_round H=3 col=7 round=stage0 frontier_in=10 map_wall_s=0.005 map_cpu_s=0.001 merge_wall_s=0.006 merge_cpu_s=0.000 map_units=1 merge_ranges=1 map_eff_cores=0.19 merge_eff_cores=0.00
event=kink_round H=14 col=1 round=stage1 frontier_in=16510 map_wall_s=0.015 map_cpu_s=0.039 merge_wall_s=0.034 merge_cpu_s=0.030 map_units=9 merge_ranges=9 map_eff_cores=2.54 merge_eff_cores=0.89
event=kink_round H=7 col=3 round=stage0 frontier_in=334 map_wall_s=0.015 map_cpu_s=0.002 merge_wall_s=0.003 merge_cpu_s=0.002 map_units=1 merge_ranges=1 map_eff_cores=0.14 merge_eff_cores=0.75
event=kink_round H=13 col=1 round=stage4 frontier_in=23036 map_wall_s=0.023 map_cpu_s=0.057 merge_wall_s=0.026 merge_cpu_s=0.035 map_units=12 merge_ranges=12 map_eff_cores=2.43 merge_eff_cores=1.32
event=kink_round H=10 col=1 round=stage9 frontier_in=8120 map_wall_s=0.013 map_cpu_s=0.021 merge_wall_s=0.016 merge_cpu_s=0.017 map_units=4 merge_ranges=4 map_eff_cores=1.63 merge_eff_cores=1.06
event=kink_round H=5 col=5 round=stage2 frontier_in=146 map_wall_s=0.007 map_cpu_s=0.002 merge_wall_s=0.001 merge_cpu_s=0.001 map_units=1 merge_ranges=1 map_eff_cores=0.30 merge_eff_cores=1.07
event=kink_round H=3 col=7 round=stage1 frontier_in=17 map_wall_s=0.004 map_cpu_s=0.001 merge_wall_s=0.001 merge_cpu_s=0.000 map_units=1 merge_ranges=1 map_eff_cores=0.27 merge_eff_cores=0.00
event=kink_round H=6 col=4 round=stage2 frontier_in=341 map_wall_s=0.002 map_cpu_s=0.002 merge_wall_s=0.004 merge_cpu_s=0.002 map_units=1 merge_ranges=1 map_eff_cores=1.15 merge_eff_cores=0.51
event=kink_round H=3 col=7 round=stage2 frontier_in=23 map_wall_s=0.001 map_cpu_s=0.001 merge_wall_s=0.001 merge_cpu_s=0.001 map_units=1 merge_ranges=1 map_eff_cores=1.36 merge_eff_cores=0.97
event=kink_round H=6 col=4 round=stage3 frontier_in=403 map_wall_s=0.002 map_cpu_s=0.001 merge_wall_s=0.002 merge_cpu_s=0.001 map_units=1 merge_ranges=1 map_eff_cores=0.62 merge_eff_cores=0.42
event=kink_round H=4 col=6 round=stage1 frontier_in=36 map_wall_s=0.010 map_cpu_s=0.001 merge_wall_s=0.016 merge_cpu_s=0.001 map_units=1 merge_ranges=1 map_eff_cores=0.10 merge_eff_cores=0.06
event=kink_round H=3 col=7 round=finalize frontier_in=27 map_wall_s=0.001 map_cpu_s=0.001 merge_wall_s=0.003 merge_cpu_s=0.001 map_units=1 merge_ranges=1 map_eff_cores=0.90 merge_eff_cores=0.33
event=column H=3 col=7 frontier_in=10 frontier_out=10 wall_s=0.03 cum_wall_s=3.6 cpu_s=0.0 rss_max_mb=56.8 map_wall_s=0.01 map_cpu_s=0.0 merge_wall_s=0.01 merge_cpu_s=0.0 map_units=5 merge_ranges=4 eff_cores=0.23
event=kink_round H=12 col=1 round=stage5 frontier_in=14128 map_wall_s=0.012 map_cpu_s=0.040 merge_wall_s=0.015 merge_cpu_s=0.021 map_units=7 merge_ranges=7 map_eff_cores=3.26 merge_eff_cores=1.42
event=kink_round H=3 col=8 round=seed frontier_in=10 map_wall_s=0.001 map_cpu_s=0.001 merge_wall_s=0.000 merge_cpu_s=0.000 map_units=1 merge_ranges=0 map_eff_cores=0.92 merge_eff_cores=0.00
event=kink_round H=5 col=5 round=stage3 frontier_in=166 map_wall_s=0.003 map_cpu_s=0.001 merge_wall_s=0.005 merge_cpu_s=0.001 map_units=1 merge_ranges=1 map_eff_cores=0.38 merge_eff_cores=0.20
event=kink_round H=11 col=1 round=stage7 frontier_in=10473 map_wall_s=0.012 map_cpu_s=0.030 merge_wall_s=0.020 merge_cpu_s=0.015 map_units=6 merge_ranges=6 map_eff_cores=2.45 merge_eff_cores=0.74
event=kink_round H=9 col=2 round=stage1 frontier_in=2762 map_wall_s=0.004 map_cpu_s=0.007 merge_wall_s=0.011 merge_cpu_s=0.011 map_units=2 merge_ranges=2 map_eff_cores=1.71 merge_eff_cores=1.04
event=kink_round H=7 col=3 round=stage1 frontier_in=542 map_wall_s=0.006 map_cpu_s=0.002 merge_wall_s=0.010 merge_cpu_s=0.003 map_units=1 merge_ranges=1 map_eff_cores=0.31 merge_eff_cores=0.30
event=kink_round H=16 col=0 round=finalize frontier_in=65536 map_wall_s=0.028 map_cpu_s=0.128 merge_wall_s=0.036 merge_cpu_s=0.117 map_units=32 merge_ranges=32 map_eff_cores=4.60 merge_eff_cores=3.21
event=kink_round H=18 col=0 round=stage16 frontier_in=65536 map_wall_s=0.019 map_cpu_s=0.150 merge_wall_s=0.068 merge_cpu_s=0.174 map_units=32 merge_ranges=32 map_eff_cores=7.97 merge_eff_cores=2.57
event=kink_round H=4 col=6 round=stage2 frontier_in=56 map_wall_s=0.001 map_cpu_s=0.000 merge_wall_s=0.010 merge_cpu_s=0.001 map_units=1 merge_ranges=1 map_eff_cores=0.00 merge_eff_cores=0.10
event=kink_round H=10 col=1 round=finalize frontier_in=10453 map_wall_s=0.007 map_cpu_s=0.021 merge_wall_s=0.011 merge_cpu_s=0.014 map_units=6 merge_ranges=6 map_eff_cores=3.05 merge_eff_cores=1.30
event=column H=10 col=1 frontier_in=527 frontier_out=4107 wall_s=0.21 cum_wall_s=3.8 cpu_s=0.2 rss_max_mb=73.0 map_wall_s=0.09 map_cpu_s=0.1 merge_wall_s=0.11 merge_cpu_s=0.1 map_units=30 merge_ranges=29 eff_cores=0.90
event=kink_round H=6 col=4 round=stage4 frontier_in=423 map_wall_s=0.006 map_cpu_s=0.003 merge_wall_s=0.007 merge_cpu_s=0.001 map_units=1 merge_ranges=1 map_eff_cores=0.49 merge_eff_cores=0.14
event=kink_round H=8 col=2 round=stage6 frontier_in=2793 map_wall_s=0.006 map_cpu_s=0.007 merge_wall_s=0.019 merge_cpu_s=0.009 map_units=2 merge_ranges=2 map_eff_cores=1.17 merge_eff_cores=0.48
event=kink_round H=3 col=8 round=stage0 frontier_in=10 map_wall_s=0.004 map_cpu_s=0.001 merge_wall_s=0.011 merge_cpu_s=0.000 map_units=1 merge_ranges=1 map_eff_cores=0.25 merge_eff_cores=0.00
event=kink_round H=17 col=0 round=stage16 frontier_in=65536 map_wall_s=0.031 map_cpu_s=0.145 merge_wall_s=0.044 merge_cpu_s=0.170 map_units=32 merge_ranges=32 map_eff_cores=4.74 merge_eff_cores=3.88
event=kink_round H=15 col=1 round=stage0 frontier_in=16511 map_wall_s=0.010 map_cpu_s=0.038 merge_wall_s=0.019 merge_cpu_s=0.024 map_units=9 merge_ranges=9 map_eff_cores=3.81 merge_eff_cores=1.28
event=kink_round H=4 col=6 round=stage3 frontier_in=59 map_wall_s=0.003 map_cpu_s=0.001 merge_wall_s=0.001 merge_cpu_s=0.001 map_units=1 merge_ranges=1 map_eff_cores=0.34 merge_eff_cores=0.68
event=kink_round H=3 col=8 round=stage1 frontier_in=17 map_wall_s=0.001 map_cpu_s=0.001 merge_wall_s=0.001 merge_cpu_s=0.001 map_units=1 merge_ranges=1 map_eff_cores=1.04 merge_eff_cores=0.82
event=kink_round H=4 col=6 round=finalize frontier_in=70 map_wall_s=0.000 map_cpu_s=0.000 merge_wall_s=0.001 merge_cpu_s=0.000 map_units=1 merge_ranges=1 map_eff_cores=0.00 merge_eff_cores=0.00
event=column H=4 col=6 frontier_in=22 frontier_out=22 wall_s=0.06 cum_wall_s=3.8 cpu_s=0.0 rss_max_mb=73.0 map_wall_s=0.03 map_cpu_s=0.0 merge_wall_s=0.03 merge_cpu_s=0.0 map_units=6 merge_ranges=5 eff_cores=0.11
event=kink_round H=5 col=5 round=stage4 frontier_in=179 map_wall_s=0.002 map_cpu_s=0.001 merge_wall_s=0.009 merge_cpu_s=0.001 map_units=1 merge_ranges=1 map_eff_cores=0.60 merge_eff_cores=0.12
event=kink_round H=10 col=2 round=seed frontier_in=4107 map_wall_s=0.010 map_cpu_s=0.015 merge_wall_s=0.000 merge_cpu_s=0.000 map_units=3 merge_ranges=0 map_eff_cores=1.56 merge_eff_cores=0.00
event=kink_round H=4 col=7 round=seed frontier_in=22 map_wall_s=0.002 map_cpu_s=0.001 merge_wall_s=0.000 merge_cpu_s=0.000 map_units=1 merge_ranges=0 map_eff_cores=0.40 merge_eff_cores=0.00
event=kink_round H=14 col=1 round=stage2 frontier_in=27308 map_wall_s=0.013 map_cpu_s=0.078 merge_wall_s=0.018 merge_cpu_s=0.046 map_units=14 merge_ranges=14 map_eff_cores=5.90 merge_eff_cores=2.57
event=kink_round H=13 col=1 round=stage5 frontier_in=28288 map_wall_s=0.013 map_cpu_s=0.072 merge_wall_s=0.010 merge_cpu_s=0.052 map_units=14 merge_ranges=14 map_eff_cores=5.45 merge_eff_cores=5.01
event=kink_round H=6 col=4 round=stage5 frontier_in=458 map_wall_s=0.005 map_cpu_s=0.004 merge_wall_s=0.006 merge_cpu_s=0.003 map_units=1 merge_ranges=1 map_eff_cores=0.87 merge_eff_cores=0.52
event=kink_round H=3 col=8 round=stage2 frontier_in=23 map_wall_s=0.003 map_cpu_s=0.001 merge_wall_s=0.004 merge_cpu_s=0.000 map_units=1 merge_ranges=1 map_eff_cores=0.30 merge_eff_cores=0.00
event=column H=16 col=0 frontier_in=1 frontier_out=32895 wall_s=0.40 cum_wall_s=4.2 cpu_s=0.5 rss_max_mb=73.0 map_wall_s=0.11 map_cpu_s=0.3 merge_wall_s=0.26 merge_cpu_s=0.2 map_units=75 merge_ranges=74 eff_cores=1.28
event=kink_round H=6 col=4 round=finalize frontier_in=447 map_wall_s=0.002 map_cpu_s=0.001 merge_wall_s=0.001 merge_cpu_s=0.001 map_units=1 merge_ranges=1 map_eff_cores=0.58 merge_eff_cores=0.77
event=kink_round H=9 col=2 round=stage2 frontier_in=4556 map_wall_s=0.010 map_cpu_s=0.016 merge_wall_s=0.011 merge_cpu_s=0.014 map_units=3 merge_ranges=3 map_eff_cores=1.67 merge_eff_cores=1.28
event=kink_round H=4 col=7 round=stage0 frontier_in=22 map_wall_s=0.003 map_cpu_s=0.001 merge_wall_s=0.002 merge_cpu_s=0.001 map_units=1 merge_ranges=1 map_eff_cores=0.34 merge_eff_cores=0.54
event=column H=6 col=4 frontier_in=131 frontier_out=131 wall_s=0.07 cum_wall_s=4.3 cpu_s=0.0 rss_max_mb=52.8 map_wall_s=0.03 map_cpu_s=0.0 merge_wall_s=0.04 merge_cpu_s=0.0 map_units=8 merge_ranges=7 eff_cores=0.35
event=kink_round H=5 col=5 round=finalize frontier_in=180 map_wall_s=0.004 map_cpu_s=0.001 merge_wall_s=0.003 merge_cpu_s=0.001 map_units=1 merge_ranges=1 map_eff_cores=0.23 merge_eff_cores=0.33
event=column H=5 col=5 frontier_in=57 frontier_out=57 wall_s=0.08 cum_wall_s=4.4 cpu_s=0.0 rss_max_mb=73.0 map_wall_s=0.04 map_cpu_s=0.0 merge_wall_s=0.02 merge_cpu_s=0.0 map_units=7 merge_ranges=6 eff_cores=0.17
event=kink_round H=7 col=3 round=stage2 frontier_in=872 map_wall_s=0.011 map_cpu_s=0.004 merge_wall_s=0.006 merge_cpu_s=0.004 map_units=1 merge_ranges=1 map_eff_cores=0.38 merge_eff_cores=0.69
event=kink_round H=12 col=1 round=stage6 frontier_in=17164 map_wall_s=0.013 map_cpu_s=0.043 merge_wall_s=0.012 merge_cpu_s=0.035 map_units=9 merge_ranges=9 map_eff_cores=3.30 merge_eff_cores=2.83
event=kink_round H=6 col=5 round=seed frontier_in=131 map_wall_s=0.001 map_cpu_s=0.001 merge_wall_s=0.000 merge_cpu_s=0.000 map_units=1 merge_ranges=0 map_eff_cores=0.74 merge_eff_cores=0.00
event=kink_round H=3 col=8 round=finalize frontier_in=27 map_wall_s=0.001 map_cpu_s=0.001 merge_wall_s=0.002 merge_cpu_s=0.000 map_units=1 merge_ranges=1 map_eff_cores=0.80 merge_eff_cores=0.00
event=column H=3 col=8 frontier_in=10 frontier_out=10 wall_s=0.03 cum_wall_s=4.4 cpu_s=0.0 rss_max_mb=50.8 map_wall_s=0.01 map_cpu_s=0.0 merge_wall_s=0.02 merge_cpu_s=0.0 map_units=5 merge_ranges=4 eff_cores=0.20
event=kink_round H=11 col=1 round=stage8 frontier_in=12748 map_wall_s=0.013 map_cpu_s=0.041 merge_wall_s=0.012 merge_cpu_s=0.026 map_units=7 merge_ranges=7 map_eff_cores=3.12 merge_eff_cores=2.15
event=kink_round H=5 col=6 round=seed frontier_in=57 map_wall_s=0.011 map_cpu_s=0.001 merge_wall_s=0.000 merge_cpu_s=0.000 map_units=1 merge_ranges=0 map_eff_cores=0.09 merge_eff_cores=0.00
event=kink_round H=4 col=7 round=stage1 frontier_in=36 map_wall_s=0.024 map_cpu_s=0.001 merge_wall_s=0.008 merge_cpu_s=0.000 map_units=1 merge_ranges=1 map_eff_cores=0.04 merge_eff_cores=0.00
event=kink_round H=3 col=9 round=seed frontier_in=10 map_wall_s=0.050 map_cpu_s=0.000 merge_wall_s=0.000 merge_cpu_s=0.000 map_units=1 merge_ranges=0 map_eff_cores=0.00 merge_eff_cores=0.00
event=kink_round H=16 col=1 round=seed frontier_in=32895 map_wall_s=0.059 map_cpu_s=0.059 merge_wall_s=0.000 merge_cpu_s=0.000 map_units=17 merge_ranges=0 map_eff_cores=1.00 merge_eff_cores=0.00
event=kink_round H=8 col=2 round=stage7 frontier_in=2984 map_wall_s=0.008 map_cpu_s=0.012 merge_wall_s=0.058 merge_cpu_s=0.007 map_units=2 merge_ranges=2 map_eff_cores=1.46 merge_eff_cores=0.12
event=kink_round H=6 col=5 round=stage0 frontier_in=131 map_wall_s=0.034 map_cpu_s=0.002 merge_wall_s=0.025 merge_cpu_s=0.002 map_units=1 merge_ranges=1 map_eff_cores=0.06 merge_eff_cores=0.08
event=kink_round H=3 col=9 round=stage0 frontier_in=10 map_wall_s=0.001 map_cpu_s=0.000 merge_wall_s=0.010 merge_cpu_s=0.000 map_units=1 merge_ranges=1 map_eff_cores=0.00 merge_eff_cores=0.00
event=kink_round H=5 col=6 round=stage0 frontier_in=57 map_wall_s=0.048 map_cpu_s=0.001 merge_wall_s=0.004 merge_cpu_s=0.001 map_units=1 merge_ranges=1 map_eff_cores=0.02 merge_eff_cores=0.23
event=kink_round H=4 col=7 round=stage2 frontier_in=56 map_wall_s=0.027 map_cpu_s=0.001 merge_wall_s=0.017 merge_cpu_s=0.000 map_units=1 merge_ranges=1 map_eff_cores=0.04 merge_eff_cores=0.00
event=kink_round H=7 col=3 round=stage3 frontier_in=1034 map_wall_s=0.058 map_cpu_s=0.003 merge_wall_s=0.019 merge_cpu_s=0.002 map_units=1 merge_ranges=1 map_eff_cores=0.05 merge_eff_cores=0.10
event=kink_round H=10 col=2 round=stage0 frontier_in=4107 map_wall_s=0.009 map_cpu_s=0.021 merge_wall_s=0.082 merge_cpu_s=0.013 map_units=3 merge_ranges=3 map_eff_cores=2.30 merge_eff_cores=0.16
event=kink_round H=9 col=2 round=stage3 frontier_in=5566 map_wall_s=0.060 map_cpu_s=0.018 merge_wall_s=0.026 merge_cpu_s=0.012 map_units=3 merge_ranges=3 map_eff_cores=0.30 merge_eff_cores=0.47
event=kink_round H=6 col=5 round=stage1 frontier_in=212 map_wall_s=0.004 map_cpu_s=0.001 merge_wall_s=0.021 merge_cpu_s=0.001 map_units=1 merge_ranges=1 map_eff_cores=0.25 merge_eff_cores=0.05
event=kink_round H=5 col=6 round=stage1 frontier_in=94 map_wall_s=0.022 map_cpu_s=0.001 merge_wall_s=0.006 merge_cpu_s=0.001 map_units=1 merge_ranges=1 map_eff_cores=0.05 merge_eff_cores=0.18
event=kink_round H=4 col=7 round=stage3 frontier_in=59 map_wall_s=0.006 map_cpu_s=0.001 merge_wall_s=0.010 merge_cpu_s=0.001 map_units=1 merge_ranges=1 map_eff_cores=0.16 merge_eff_cores=0.10
event=kink_round H=3 col=9 round=stage1 frontier_in=17 map_wall_s=0.009 map_cpu_s=0.001 merge_wall_s=0.012 merge_cpu_s=0.001 map_units=1 merge_ranges=1 map_eff_cores=0.11 merge_eff_cores=0.09
event=kink_round H=15 col=1 round=stage1 frontier_in=33022 map_wall_s=0.036 map_cpu_s=0.097 merge_wall_s=0.061 merge_cpu_s=0.056 map_units=17 merge_ranges=17 map_eff_cores=2.70 merge_eff_cores=0.92
event=kink_round H=8 col=2 round=finalize frontier_in=2876 map_wall_s=0.017 map_cpu_s=0.010 merge_wall_s=0.005 merge_cpu_s=0.005 map_units=2 merge_ranges=2 map_eff_cores=0.58 merge_eff_cores=0.96
event=kink_round H=5 col=6 round=stage2 frontier_in=146 map_wall_s=0.006 map_cpu_s=0.001 merge_wall_s=0.001 merge_cpu_s=0.001 map_units=1 merge_ranges=1 map_eff_cores=0.18 merge_eff_cores=0.97
event=kink_round H=6 col=5 round=stage2 frontier_in=341 map_wall_s=0.004 map_cpu_s=0.003 merge_wall_s=0.004 merge_cpu_s=0.002 map_units=1 merge_ranges=1 map_eff_cores=0.84 merge_eff_cores=0.49
event=column H=8 col=2 frontier_in=715 frontier_out=819 wall_s=0.28 cum_wall_s=4.7 cpu_s=0.1 rss_max_mb=73.0 map_wall_s=0.07 map_cpu_s=0.1 merge_wall_s=0.15 merge_cpu_s=0.0 map_units=16 merge_ranges=15 eff_cores=0.39
event=kink_round H=7 col=3 round=stage4 frontier_in=1112 map_wall_s=0.004 map_cpu_s=0.004 merge_wall_s=0.005 merge_cpu_s=0.005 map_units=1 merge_ranges=1 map_eff_cores=1.01 merge_eff_cores=0.93
event=kink_round H=11 col=1 round=stage9 frontier_in=15655 map_wall_s=0.056 map_cpu_s=0.046 merge_wall_s=0.036 merge_cpu_s=0.042 map_units=8 merge_ranges=8 map_eff_cores=0.83 merge_eff_cores=1.17
event=kink_round H=14 col=1 round=stage3 frontier_in=36296 map_wall_s=0.059 map_cpu_s=0.083 merge_wall_s=0.043 merge_cpu_s=0.051 map_units=18 merge_ranges=18 map_eff_cores=1.40 merge_eff_cores=1.18
event=kink_round H=4 col=7 round=finalize frontier_in=70 map_wall_s=0.005 map_cpu_s=0.001 merge_wall_s=0.002 merge_cpu_s=0.000 map_units=1 merge_ranges=1 map_eff_cores=0.20 merge_eff_cores=0.00
event=column H=4 col=7 frontier_in=22 frontier_out=22 wall_s=0.11 cum_wall_s=4.8 cpu_s=0.0 rss_max_mb=56.8 map_wall_s=0.07 map_cpu_s=0.0 merge_wall_s=0.04 merge_cpu_s=0.0 map_units=6 merge_ranges=5 eff_cores=0.07
event=kink_round H=4 col=8 round=seed frontier_in=22 map_wall_s=0.001 map_cpu_s=0.001 merge_wall_s=0.000 merge_cpu_s=0.000 map_units=1 merge_ranges=0 map_eff_cores=0.92 merge_eff_cores=0.00
event=kink_round H=8 col=3 round=seed frontier_in=819 map_wall_s=0.004 map_cpu_s=0.002 merge_wall_s=0.000 merge_cpu_s=0.000 map_units=1 merge_ranges=0 map_eff_cores=0.51 merge_eff_cores=0.00
event=kink_round H=3 col=9 round=stage2 frontier_in=23 map_wall_s=0.005 map_cpu_s=0.001 merge_wall_s=0.006 merge_cpu_s=0.000 map_units=1 merge_ranges=1 map_eff_cores=0.20 merge_eff_cores=0.00
event=kink_round H=13 col=1 round=stage6 frontier_in=34392 map_wall_s=0.032 map_cpu_s=0.119 merge_wall_s=0.076 merge_cpu_s=0.062 map_units=17 merge_ranges=17 map_eff_cores=3.67 merge_eff_cores=0.82
event=kink_round H=5 col=6 round=stage3 frontier_in=166 map_wall_s=0.002 map_cpu_s=0.002 merge_wall_s=0.006 merge_cpu_s=0.001 map_units=1 merge_ranges=1 map_eff_cores=0.96 merge_eff_cores=0.16
event=kink_round H=10 col=2 round=stage1 frontier_in=6533 map_wall_s=0.008 map_cpu_s=0.015 merge_wall_s=0.014 merge_cpu_s=0.017 map_units=4 merge_ranges=4 map_eff_cores=1.87 merge_eff_cores=1.24
event=kink_round H=7 col=3 round=stage5 frontier_in=1130 map_wall_s=0.003 map_cpu_s=0.003 merge_wall_s=0.003 merge_cpu_s=0.002 map_units=1 merge_ranges=1 map_eff_cores=0.91 merge_eff_cores=0.59
event=kink_round H=12 col=1 round=stage7 frontier_in=20783 map_wall_s=0.082 map_cpu_s=0.052 merge_wall_s=0.023 merge_cpu_s=0.027 map_units=11 merge_ranges=11 map_eff_cores=0.63 merge_eff_cores=1.17
event=kink_round H=3 col=9 round=finalize frontier_in=27 map_wall_s=0.001 map_cpu_s=0.000 merge_wall_s=0.001 merge_cpu_s=0.000 map_units=1 merge_ranges=1 map_eff_cores=0.00 merge_eff_cores=0.00
event=column H=3 col=9 frontier_in=10 frontier_out=10 wall_s=0.11 cum_wall_s=4.9 cpu_s=0.0 rss_max_mb=73.0 map_wall_s=0.07 map_cpu_s=0.0 merge_wall_s=0.03 merge_cpu_s=0.0 map_units=5 merge_ranges=4 eff_cores=0.03
event=kink_round H=3 col=10 round=seed frontier_in=10 map_wall_s=0.001 map_cpu_s=0.000 merge_wall_s=0.000 merge_cpu_s=0.000 map_units=1 merge_ranges=0 map_eff_cores=0.00 merge_eff_cores=0.00
event=kink_round H=16 col=1 round=stage0 frontier_in=32895 map_wall_s=0.030 map_cpu_s=0.079 merge_wall_s=0.021 merge_cpu_s=0.071 map_units=17 merge_ranges=17 map_eff_cores=2.63 merge_eff_cores=3.38
event=kink_round H=4 col=8 round=stage0 frontier_in=22 map_wall_s=0.002 map_cpu_s=0.001 merge_wall_s=0.003 merge_cpu_s=0.001 map_units=1 merge_ranges=1 map_eff_cores=0.49 merge_eff_cores=0.33
event=kink_round H=6 col=5 round=stage3 frontier_in=403 map_wall_s=0.008 map_cpu_s=0.003 merge_wall_s=0.010 merge_cpu_s=0.003 map_units=1 merge_ranges=1 map_eff_cores=0.36 merge_eff_cores=0.29
event=kink_round H=9 col=2 round=stage4 frontier_in=6131 map_wall_s=0.009 map_cpu_s=0.021 merge_wall_s=0.019 merge_cpu_s=0.013 map_units=3 merge_ranges=3 map_eff_cores=2.43 merge_eff_cores=0.67
event=kink_round H=4 col=8 round=stage1 frontier_in=36 map_wall_s=0.002 map_cpu_s=0.001 merge_wall_s=0.008 merge_cpu_s=0.001 map_units=1 merge_ranges=1 map_eff_cores=0.49 merge_eff_cores=0.13
event=kink_round H=5 col=6 round=stage4 frontier_in=179 map_wall_s=0.010 map_cpu_s=0.001 merge_wall_s=0.003 merge_cpu_s=0.002 map_units=1 merge_ranges=1 map_eff_cores=0.10 merge_eff_cores=0.77
event=kink_round H=3 col=10 round=stage0 frontier_in=10 map_wall_s=0.013 map_cpu_s=0.001 merge_wall_s=0.001 merge_cpu_s=0.000 map_units=1 merge_ranges=1 map_eff_cores=0.08 merge_eff_cores=0.00
event=kink_round H=7 col=3 round=stage6 frontier_in=1170 map_wall_s=0.010 map_cpu_s=0.009 merge_wall_s=0.005 merge_cpu_s=0.002 map_units=1 merge_ranges=1 map_eff_cores=0.92 merge_eff_cores=0.42
event=kink_round H=3 col=10 round=stage1 frontier_in=17 map_wall_s=0.001 map_cpu_s=0.000 merge_wall_s=0.001 merge_cpu_s=0.000 map_units=1 merge_ranges=1 map_eff_cores=0.00 merge_eff_cores=0.00
event=kink_round H=5 col=6 round=finalize frontier_in=180 map_wall_s=0.003 map_cpu_s=0.001 merge_wall_s=0.001 merge_cpu_s=0.001 map_units=1 merge_ranges=1 map_eff_cores=0.32 merge_eff_cores=0.72
event=column H=5 col=6 frontier_in=57 frontier_out=57 wall_s=0.13 cum_wall_s=5.0 cpu_s=0.0 rss_max_mb=50.8 map_wall_s=0.10 map_cpu_s=0.0 merge_wall_s=0.02 merge_cpu_s=0.0 map_units=7 merge_ranges=6 eff_cores=0.12
event=kink_round H=4 col=8 round=stage2 frontier_in=56 map_wall_s=0.001 map_cpu_s=0.000 merge_wall_s=0.015 merge_cpu_s=0.000 map_units=1 merge_ranges=1 map_eff_cores=0.00 merge_eff_cores=0.00
event=kink_round H=5 col=7 round=seed frontier_in=57 map_wall_s=0.018 map_cpu_s=0.000 merge_wall_s=0.000 merge_cpu_s=0.000 map_units=1 merge_ranges=0 map_eff_cores=0.00 merge_eff_cores=0.00
event=kink_round H=7 col=3 round=finalize frontier_in=1129 map_wall_s=0.013 map_cpu_s=0.005 merge_wall_s=0.009 merge_cpu_s=0.001 map_units=1 merge_ranges=1 map_eff_cores=0.38 merge_eff_cores=0.11
event=kink_round H=3 col=10 round=stage2 frontier_in=23 map_wall_s=0.001 map_cpu_s=0.001 merge_wall_s=0.021 merge_cpu_s=0.001 map_units=1 merge_ranges=1 map_eff_cores=1.16 merge_eff_cores=0.05
event=kink_round H=18 col=0 round=stage17 frontier_in=131072 map_wall_s=0.066 map_cpu_s=0.356 merge_wall_s=0.084 merge_cpu_s=0.373 map_units=64 merge_ranges=64 map_eff_cores=5.37 merge_eff_cores=4.45
event=kink_round H=5 col=7 round=stage0 frontier_in=57 map_wall_s=0.002 map_cpu_s=0.001 merge_wall_s=0.001 merge_cpu_s=0.001 map_units=1 merge_ranges=1 map_eff_cores=0.55 merge_eff_cores=0.74
event=kink_round H=8 col=3 round=stage0 frontier_in=819 map_wall_s=0.007 map_cpu_s=0.005 merge_wall_s=0.036 merge_cpu_s=0.006 map_units=1 merge_ranges=1 map_eff_cores=0.74 merge_eff_cores=0.16
event=column H=7 col=3 frontier_in=334 frontier_out=335 wall_s=0.21 cum_wall_s=5.3 cpu_s=0.1 rss_max_mb=50.8 map_wall_s=0.12 map_cpu_s=0.0 merge_wall_s=0.06 merge_cpu_s=0.0 map_units=9 merge_ranges=8 eff_cores=0.26
event=kink_round H=17 col=0 round=finalize frontier_in=131072 map_wall_s=0.064 map_cpu_s=0.336 merge_wall_s=0.087 merge_cpu_s=0.291 map_units=64 merge_ranges=64 map_eff_cores=5.26 merge_eff_cores=3.36
event=kink_round H=6 col=5 round=stage4 frontier_in=423 map_wall_s=0.004 map_cpu_s=0.002 merge_wall_s=0.023 merge_cpu_s=0.002 map_units=1 merge_ranges=1 map_eff_cores=0.56 merge_eff_cores=0.09
event=kink_round H=3 col=10 round=finalize frontier_in=27 map_wall_s=0.000 map_cpu_s=0.000 merge_wall_s=0.002 merge_cpu_s=0.000 map_units=1 merge_ranges=1 map_eff_cores=0.00 merge_eff_cores=0.00
event=column H=3 col=10 frontier_in=10 frontier_out=10 wall_s=0.04 cum_wall_s=5.3 cpu_s=0.0 rss_max_mb=50.8 map_wall_s=0.02 map_cpu_s=0.0 merge_wall_s=0.03 merge_cpu_s=0.0 map_units=5 merge_ranges=4 eff_cores=0.07
event=kink_round H=4 col=8 round=stage3 frontier_in=59 map_wall_s=0.010 map_cpu_s=0.001 merge_wall_s=0.002 merge_cpu_s=0.000 map_units=1 merge_ranges=1 map_eff_cores=0.10 merge_eff_cores=0.00
event=kink_round H=3 col=11 round=seed frontier_in=10 map_wall_s=0.001 map_cpu_s=0.000 merge_wall_s=0.000 merge_cpu_s=0.000 map_units=1 merge_ranges=0 map_eff_cores=0.00 merge_eff_cores=0.00
event=kink_round H=5 col=7 round=stage1 frontier_in=94 map_wall_s=0.001 map_cpu_s=0.001 merge_wall_s=0.001 merge_cpu_s=0.001 map_units=1 merge_ranges=1 map_eff_cores=0.67 merge_eff_cores=0.71
event=kink_round H=7 col=4 round=seed frontier_in=335 map_wall_s=0.002 map_cpu_s=0.001 merge_wall_s=0.000 merge_cpu_s=0.000 map_units=1 merge_ranges=0 map_eff_cores=0.48 merge_eff_cores=0.00
event=kink_round H=15 col=1 round=stage2 frontier_in=54620 map_wall_s=0.010 map_cpu_s=0.117 merge_wall_s=0.043 merge_cpu_s=0.117 map_units=27 merge_ranges=27 map_eff_cores=11.54 merge_eff_cores=2.69
event=kink_round H=3 col=11 round=stage0 frontier_in=10 map_wall_s=0.001 map_cpu_s=0.000 merge_wall_s=0.001 merge_cpu_s=0.001 map_units=1 merge_ranges=1 map_eff_cores=0.00 merge_eff_cores=0.92
event=kink_round H=11 col=1 round=stage10 frontier_in=19555 map_wall_s=0.018 map_cpu_s=0.065 merge_wall_s=0.028 merge_cpu_s=0.050 map_units=10 merge_ranges=10 map_eff_cores=3.59 merge_eff_cores=1.76
event=kink_round H=8 col=3 round=stage1 frontier_in=1317 map_wall_s=0.005 map_cpu_s=0.004 merge_wall_s=0.004 merge_cpu_s=0.003 map_units=1 merge_ranges=1 map_eff_cores=0.83 merge_eff_cores=0.84
event=kink_round H=12 col=1 round=stage8 frontier_in=25266 map_wall_s=0.015 map_cpu_s=0.101 merge_wall_s=0.034 merge_cpu_s=0.051 map_units=13 merge_ranges=13 map_eff_cores=6.55 merge_eff_cores=1.51
event=kink_round H=4 col=8 round=finalize frontier_in=70 map_wall_s=0.006 map_cpu_s=0.001 merge_wall_s=0.002 merge_cpu_s=0.000 map_units=1 merge_ranges=1 map_eff_cores=0.17 merge_eff_cores=0.00
event=column H=4 col=8 frontier_in=22 frontier_out=22 wall_s=0.06 cum_wall_s=5.4 cpu_s=0.0 rss_max_mb=50.8 map_wall_s=0.02 map_cpu_s=0.0 merge_wall_s=0.03 merge_cpu_s=0.0 map_units=6 merge_ranges=5 eff_cores=0.13
event=kink_round H=4 col=9 round=seed frontier_in=22 map_wall_s=0.000 map_cpu_s=0.000 merge_wall_s=0.000 merge_cpu_s=0.000 map_units=1 merge_ranges=0 map_eff_cores=0.00 merge_eff_cores=0.00
event=kink_round H=9 col=2 round=stage5 frontier_in=6468 map_wall_s=0.015 map_cpu_s=0.019 merge_wall_s=0.022 merge_cpu_s=0.011 map_units=4 merge_ranges=4 map_eff_cores=1.24 merge_eff_cores=0.50
event=kink_round H=6 col=5 round=stage5 frontier_in=458 map_wall_s=0.002 map_cpu_s=0.002 merge_wall_s=0.010 merge_cpu_s=0.001 map_units=1 merge_ranges=1 map_eff_cores=1.04 merge_eff_cores=0.10
event=kink_round H=10 col=2 round=stage2 frontier_in=10827 map_wall_s=0.016 map_cpu_s=0.043 merge_wall_s=0.038 merge_cpu_s=0.030 map_units=6 merge_ranges=6 map_eff_cores=2.62 merge_eff_cores=0.80
event=kink_round H=4 col=9 round=stage0 frontier_in=22 map_wall_s=0.001 map_cpu_s=0.001 merge_wall_s=0.003 merge_cpu_s=0.001 map_units=1 merge_ranges=1 map_eff_cores=0.67 merge_eff_cores=0.33
event=kink_round H=5 col=7 round=stage2 frontier_in=146 map_wall_s=0.010 map_cpu_s=0.001 merge_wall_s=0.015 merge_cpu_s=0.001 map_units=1 merge_ranges=1 map_eff_cores=0.10 merge_eff_cores=0.06
event=kink_round H=13 col=1 round=stage7 frontier_in=41624 map_wall_s=0.027 map_cpu_s=0.117 merge_wall_s=0.027 merge_cpu_s=0.083 map_units=21 merge_ranges=21 map_eff_cores=4.35 merge_eff_cores=3.08
event=kink_round H=14 col=1 round=stage4 frontier_in=45836 map_wall_s=0.015 map_cpu_s=0.134 merge_wall_s=0.057 merge_cpu_s=0.098 map_units=23 merge_ranges=23 map_eff_cores=9.05 merge_eff_cores=1.73
event=kink_round H=16 col=1 round=stage1 frontier_in=65790 map_wall_s=0.025 map_cpu_s=0.129 merge_wall_s=0.032 merge_cpu_s=0.146 map_units=33 merge_ranges=33 map_eff_cores=5.09 merge_eff_cores=4.57
event=kink_round H=7 col=4 round=stage0 frontier_in=335 map_wall_s=0.009 map_cpu_s=0.004 merge_wall_s=0.021 merge_cpu_s=0.001 map_units=1 merge_ranges=1 map_eff_cores=0.44 merge_eff_cores=0.05
event=kink_round H=5 col=7 round=stage3 frontier_in=166 map_wall_s=0.011 map_cpu_s=0.001 merge_wall_s=0.034 merge_cpu_s=0.001 map_units=1 merge_ranges=1 map_eff_cores=0.09 merge_eff_cores=0.03
event=kink_round H=4 col=9 round=stage1 frontier_in=36 map_wall_s=0.032 map_cpu_s=0.001 merge_wall_s=0.025 merge_cpu_s=0.001 map_units=1 merge_ranges=1 map_eff_cores=0.03 merge_eff_cores=0.04
event=kink_round H=4 col=9 round=stage2 frontier_in=56 map_wall_s=0.001 map_cpu_s=0.000 merge_wall_s=0.001 merge_cpu_s=0.000 map_units=1 merge_ranges=1 map_eff_cores=0.00 merge_eff_cores=0.00
event=kink_round H=3 col=11 round=stage1 frontier_in=17 map_wall_s=0.011 map_cpu_s=0.001 merge_wall_s=0.064 merge_cpu_s=0.000 map_units=1 merge_ranges=1 map_eff_cores=0.09 merge_eff_cores=0.00
event=kink_round H=7 col=4 round=stage1 frontier_in=544 map_wall_s=0.025 map_cpu_s=0.003 merge_wall_s=0.022 merge_cpu_s=0.002 map_units=1 merge_ranges=1 map_eff_cores=0.12 merge_eff_cores=0.09
event=kink_round H=8 col=3 round=stage2 frontier_in=2141 map_wall_s=0.030 map_cpu_s=0.010 merge_wall_s=0.044 merge_cpu_s=0.004 map_units=2 merge_ranges=2 map_eff_cores=0.34 merge_eff_cores=0.09
event=kink_round H=6 col=5 round=finalize frontier_in=447 map_wall_s=0.019 map_cpu_s=0.001 merge_wall_s=0.053 merge_cpu_s=0.001 map_units=1 merge_ranges=1 map_eff_cores=0.05 merge_eff_cores=0.02
event=column H=17 col=0 frontier_in=1 frontier_out=65791 wall_s=0.64 cum_wall_s=6.0 cpu_s=1.2 rss_max_mb=73.0 map_wall_s=0.18 map_cpu_s=0.6 merge_wall_s=0.34 merge_cpu_s=0.6 map_units=139 merge_ranges=138 eff_cores=1.93
event=column H=6 col=5 frontier_in=131 frontier_out=131 wall_s=0.23 cum_wall_s=6.2 cpu_s=0.0 rss_max_mb=54.8 map_wall_s=0.08 map_cpu_s=0.0 merge_wall_s=0.15 merge_cpu_s=0.0 map_units=8 merge_ranges=7 eff_cores=0.12
event=kink_round H=3 col=11 round=stage2 frontier_in=23 map_wall_s=0.001 map_cpu_s=0.001 merge_wall_s=0.005 merge_cpu_s=0.000 map_units=1 merge_ranges=1 map_eff_cores=0.94 merge_eff_cores=0.00
event=kink_round H=4 col=9 round=stage3 frontier_in=59 map_wall_s=0.002 map_cpu_s=0.000 merge_wall_s=0.008 merge_cpu_s=0.000 map_units=1 merge_ranges=1 map_eff_cores=0.00 merge_eff_cores=0.00
event=kink_round H=9 col=2 round=stage6 frontier_in=6817 map_wall_s=0.021 map_cpu_s=0.019 merge_wall_s=0.045 merge_cpu_s=0.012 map_units=4 merge_ranges=4 map_eff_cores=0.93 merge_eff_cores=0.26
event=kink_round H=5 col=7 round=stage4 frontier_in=179 map_wall_s=0.001 map_cpu_s=0.001 merge_wall_s=0.026 merge_cpu_s=0.001 map_units=1 merge_ranges=1 map_eff_cores=0.87 merge_eff_cores=0.04
event=kink_round H=6 col=6 round=seed frontier_in=131 map_wall_s=0.019 map_cpu_s=0.001 merge_wall_s=0.000 merge_cpu_s=0.000 map_units=1 merge_ranges=0 map_eff_cores=0.05 merge_eff_cores=0.00
event=kink_round H=12 col=1 round=stage9 frontier_in=30787 map_wall_s=0.052 map_cpu_s=0.075 merge_wall_s=0.035 merge_cpu_s=0.060 map_units=16 merge_ranges=16 map_eff_cores=1.43 merge_eff_cores=1.74
event=kink_round H=5 col=7 round=finalize frontier_in=180 map_wall_s=0.006 map_cpu_s=0.001 merge_wall_s=0.016 merge_cpu_s=0.000 map_units=1 merge_ranges=1 map_eff_cores=0.17 merge_eff_cores=0.00
event=kink_round H=16 col=1 round=stage2 frontier_in=108892 map_wall_s=0.049 map_cpu_s=0.221 merge_wall_s=0.047 merge_cpu_s=0.205 map_units=54 merge_ranges=54 map_eff_cores=4.47 merge_eff_cores=4.40
event=kink_round H=3 col=11 round=finalize frontier_in=27 map_wall_s=0.003 map_cpu_s=0.000 merge_wall_s=0.040 merge_cpu_s=0.000 map_units=1 merge_ranges=1 map_eff_cores=0.00 merge_eff_cores=0.00
event=column H=5 col=7 frontier_in=57 frontier_out=57 wall_s=0.17 cum_wall_s=6.4 cpu_s=0.0 rss_max_mb=56.8 map_wall_s=0.05 map_cpu_s=0.0 merge_wall_s=0.09 merge_cpu_s=0.0 map_units=7 merge_ranges=6 eff_cores=0.06
event=kink_round H=4 col=9 round=finalize frontier_in=70 map_wall_s=0.047 map_cpu_s=0.001 merge_wall_s=0.004 merge_cpu_s=0.000 map_units=1 merge_ranges=1 map_eff_cores=0.02 merge_eff_cores=0.00
event=column H=4 col=9 frontier_in=22 frontier_out=22 wall_s=0.14 cum_wall_s=6.5 cpu_s=0.0 rss_max_mb=54.8 map_wall_s=0.08 map_cpu_s=0.0 merge_wall_s=0.04 merge_cpu_s=0.0 map_units=6 merge_ranges=5 eff_cores=0.04
event=kink_round H=4 col=10 round=seed frontier_in=22 map_wall_s=0.001 map_cpu_s=0.000 merge_wall_s=0.000 merge_cpu_s=0.000 map_units=1 merge_ranges=0 map_eff_cores=0.00 merge_eff_cores=0.00
event=kink_round H=10 col=2 round=stage3 frontier_in=13248 map_wall_s=0.043 map_cpu_s=0.033 merge_wall_s=0.087 merge_cpu_s=0.032 map_units=7 merge_ranges=7 map_eff_cores=0.77 merge_eff_cores=0.37
event=column H=3 col=11 frontier_in=10 frontier_out=10 wall_s=0.16 cum_wall_s=6.7 cpu_s=0.0 rss_max_mb=73.0 map_wall_s=0.02 map_cpu_s=0.0 merge_wall_s=0.11 merge_cpu_s=0.0 map_units=5 merge_ranges=4 eff_cores=0.02
event=kink_round H=17 col=1 round=seed frontier_in=65791 map_wall_s=0.071 map_cpu_s=0.100 merge_wall_s=0.000 merge_cpu_s=0.000 map_units=33 merge_ranges=0 map_eff_cores=1.41 merge_eff_cores=0.00
event=kink_round H=9 col=2 round=stage7 frontier_in=7175 map_wall_s=0.024 map_cpu_s=0.017 merge_wall_s=0.038 merge_cpu_s=0.012 map_units=4 merge_ranges=4 map_eff_cores=0.70 merge_eff_cores=0.32
event=kink_round H=6 col=6 round=stage0 frontier_in=131 map_wall_s=0.006 map_cpu_s=0.001 merge_wall_s=0.048 merge_cpu_s=0.001 map_units=1 merge_ranges=1 map_eff_cores=0.17 merge_eff_cores=0.02
event=kink_round H=4 col=10 round=stage0 frontier_in=22 map_wall_s=0.001 map_cpu_s=0.001 merge_wall_s=0.004 merge_cpu_s=0.001 map_units=1 merge_ranges=1 map_eff_cores=0.80 merge_eff_cores=0.26
event=kink_round H=7 col=4 round=stage2 frontier_in=873 map_wall_s=0.007 map_cpu_s=0.003 merge_wall_s=0.066 merge_cpu_s=0.002 map_units=1 merge_ranges=1 map_eff_cores=0.43 merge_eff_cores=0.03
event=kink_round H=4 col=10 round=stage1 frontier_in=36 map_wall_s=0.001 map_cpu_s=0.001 merge_wall_s=0.001 merge_cpu_s=0.000 map_units=1 merge_ranges=1 map_eff_cores=0.84 merge_eff_cores=0.00
event=kink_round H=6 col=6 round=stage1 frontier_in=212 map_wall_s=0.002 map_cpu_s=0.001 merge_wall_s=0.002 merge_cpu_s=0.001 map_units=1 merge_ranges=1 map_eff_cores=0.65 merge_eff_cores=0.46
event=kink_round H=3 col=12 round=seed frontier_in=10 map_wall_s=0.009 map_cpu_s=0.001 merge_wall_s=0.000 merge_cpu_s=0.000 map_units=1 merge_ranges=0 map_eff_cores=0.11 merge_eff_cores=0.00
event=kink_round H=11 col=1 round=finalize frontier_in=25187 map_wall_s=0.049 map_cpu_s=0.051 merge_wall_s=0.107 merge_cpu_s=0.035 map_units=13 merge_ranges=13 map_eff_cores=1.05 merge_eff_cores=0.33
event=kink_round H=5 col=8 round=seed frontier_in=57 map_wall_s=0.010 map_cpu_s=0.001 merge_wall_s=0.000 merge_cpu_s=0.000 map_units=1 merge_ranges=0 map_eff_cores=0.10 merge_eff_cores=0.00
event=kink_round H=15 col=1 round=stage3 frontier_in=72600 map_wall_s=0.060 map_cpu_s=0.149 merge_wall_s=0.096 merge_cpu_s=0.159 map_units=36 merge_ranges=36 map_eff_cores=2.50 merge_eff_cores=1.65
event=kink_round H=4 col=10 round=stage2 frontier_in=56 map_wall_s=0.007 map_cpu_s=0.001 merge_wall_s=0.008 merge_cpu_s=0.002 map_units=1 merge_ranges=1 map_eff_cores=0.15 merge_eff_cores=0.27
event=column H=11 col=1 frontier_in=1055 frontier_out=9918 wall_s=0.54 cum_wall_s=7.2 cpu_s=0.5 rss_max_mb=73.0 map_wall_s=0.22 map_cpu_s=0.3 merge_wall_s=0.28 merge_cpu_s=0.2 map_units=65 merge_ranges=64 eff_cores=0.98
event=kink_round H=8 col=3 round=stage3 frontier_in=2557 map_wall_s=0.066 map_cpu_s=0.011 merge_wall_s=0.024 merge_cpu_s=0.006 map_units=2 merge_ranges=2 map_eff_cores=0.17 merge_eff_cores=0.25
event=kink_round H=7 col=4 round=stage3 frontier_in=1036 map_wall_s=0.007 map_cpu_s=0.004 merge_wall_s=0.012 merge_cpu_s=0.003 map_units=1 merge_ranges=1 map_eff_cores=0.55 merge_eff_cores=0.25
event=kink_round H=3 col=12 round=stage0 frontier_in=10 map_wall_s=0.009 map_cpu_s=0.002 merge_wall_s=0.006 merge_cpu_s=0.001 map_units=1 merge_ranges=1 map_eff_cores=0.23 merge_eff_cores=0.18
event=kink_round H=6 col=6 round=stage2 frontier_in=341 map_wall_s=0.004 map_cpu_s=0.002 merge_wall_s=0.017 merge_cpu_s=0.002 map_units=1 merge_ranges=1 map_eff_cores=0.52 merge_eff_cores=0.12
event=kink_round H=5 col=8 round=stage0 frontier_in=57 map_wall_s=0.016 map_cpu_s=0.001 merge_wall_s=0.001 merge_cpu_s=0.001 map_units=1 merge_ranges=1 map_eff_cores=0.06 merge_eff_cores=1.03
event=kink_round H=5 col=8 round=stage1 frontier_in=94 map_wall_s=0.001 map_cpu_s=0.001 merge_wall_s=0.001 merge_cpu_s=0.001 map_units=1 merge_ranges=1 map_eff_cores=0.70 merge_eff_cores=1.03
event=kink_round H=6 col=6 round=stage3 frontier_in=403 map_wall_s=0.003 map_cpu_s=0.003 merge_wall_s=0.002 merge_cpu_s=0.001 map_units=1 merge_ranges=1 map_eff_cores=0.95 merge_eff_cores=0.63
event=kink_round H=14 col=1 round=stage5 frontier_in=56304 map_wall_s=0.053 map_cpu_s=0.121 merge_wall_s=0.103 merge_cpu_s=0.111 map_units=28 merge_ranges=28 map_eff_cores=2.30 merge_eff_cores=1.08
event=kink_round H=7 col=4 round=stage4 frontier_in=1113 map_wall_s=0.004 map_cpu_s=0.004 merge_wall_s=0.004 merge_cpu_s=0.003 map_units=1 merge_ranges=1 map_eff_cores=0.90 merge_eff_cores=0.67
event=kink_round H=9 col=2 round=stage8 frontier_in=7638 map_wall_s=0.012 map_cpu_s=0.024 merge_wall_s=0.018 merge_cpu_s=0.012 map_units=4 merge_ranges=4 map_eff_cores=1.94 merge_eff_cores=0.66
event=kink_round H=4 col=10 round=stage3 frontier_in=59 map_wall_s=0.011 map_cpu_s=0.001 merge_wall_s=0.004 merge_cpu_s=0.001 map_units=1 merge_ranges=1 map_eff_cores=0.09 merge_eff_cores=0.23
event=kink_round H=13 col=1 round=stage8 frontier_in=50296 map_wall_s=0.056 map_cpu_s=0.141 merge_wall_s=0.107 merge_cpu_s=0.102 map_units=25 merge_ranges=25 map_eff_cores=2.53 merge_eff_cores=0.95
event=kink_round H=3 col=12 round=stage1 frontier_in=17 map_wall_s=0.006 map_cpu_s=0.000 merge_wall_s=0.006 merge_cpu_s=0.000 map_units=1 merge_ranges=1 map_eff_cores=0.00 merge_eff_cores=0.00
event=kink_round H=12 col=1 round=stage10 frontier_in=37812 map_wall_s=0.035 map_cpu_s=0.094 merge_wall_s=0.030 merge_cpu_s=0.073 map_units=19 merge_ranges=19 map_eff_cores=2.71 merge_eff_cores=2.42
event=kink_round H=11 col=2 round=seed frontier_in=9918 map_wall_s=0.009 map_cpu_s=0.017 merge_wall_s=0.000 merge_cpu_s=0.000 map_units=5 merge_ranges=0 map_eff_cores=1.83 merge_eff_cores=0.00
event=kink_round H=6 col=6 round=stage4 frontier_in=423 map_wall_s=0.007 map_cpu_s=0.004 merge_wall_s=0.019 merge_cpu_s=0.002 map_units=1 merge_ranges=1 map_eff_cores=0.57 merge_eff_cores=0.10
event=kink_round H=5 col=8 round=stage2 frontier_in=146 map_wall_s=0.012 map_cpu_s=0.002 merge_wall_s=0.017 merge_cpu_s=0.002 map_units=1 merge_ranges=1 map_eff_cores=0.17 merge_eff_cores=0.12
event=kink_round H=4 col=10 round=finalize frontier_in=70 map_wall_s=0.026 map_cpu_s=0.001 merge_wall_s=0.003 merge_cpu_s=0.000 map_units=1 merge_ranges=1 map_eff_cores=0.04 merge_eff_cores=0.00
event=kink_round H=3 col=12 round=stage2 frontier_in=23 map_wall_s=0.004 map_cpu_s=0.000 merge_wall_s=0.024 merge_cpu_s=0.001 map_units=1 merge_ranges=1 map_eff_cores=0.00 merge_eff_cores=0.04
event=kink_round H=6 col=6 round=stage5 frontier_in=458 map_wall_s=0.002 map_cpu_s=0.002 merge_wall_s=0.004 merge_cpu_s=0.002 map_units=1 merge_ranges=1 map_eff_cores=0.82 merge_eff_cores=0.52
event=kink_round H=6 col=6 round=finalize frontier_in=447 map_wall_s=0.002 map_cpu_s=0.001 merge_wall_s=0.002 merge_cpu_s=0.001 map_units=1 merge_ranges=1 map_eff_cores=0.53 merge_eff_cores=0.64
event=column H=4 col=10 frontier_in=22 frontier_out=22 wall_s=0.07 cum_wall_s=7.3 cpu_s=0.0 rss_max_mb=56.8 map_wall_s=0.05 map_cpu_s=0.0 merge_wall_s=0.02 merge_cpu_s=0.0 map_units=6 merge_ranges=5 eff_cores=0.12
event=column H=6 col=6 frontier_in=131 frontier_out=131 wall_s=0.14 cum_wall_s=7.5 cpu_s=0.0 rss_max_mb=52.8 map_wall_s=0.04 map_cpu_s=0.0 merge_wall_s=0.09 merge_cpu_s=0.0 map_units=8 merge_ranges=7 eff_cores=0.17
event=kink_round H=10 col=2 round=stage4 frontier_in=14644 map_wall_s=0.021 map_cpu_s=0.047 merge_wall_s=0.033 merge_cpu_s=0.026 map_units=8 merge_ranges=8 map_eff_cores=2.25 merge_eff_cores=0.78
event=kink_round H=7 col=4 round=stage5 frontier_in=1130 map_wall_s=0.016 map_cpu_s=0.009 merge_wall_s=0.027 merge_cpu_s=0.005 map_units=1 merge_ranges=1 map_eff_cores=0.58 merge_eff_cores=0.19
event=kink_round H=9 col=2 round=finalize frontier_in=7403 map_wall_s=0.030 map_cpu_s=0.019 merge_wall_s=0.013 merge_cpu_s=0.011 map_units=4 merge_ranges=4 map_eff_cores=0.64 merge_eff_cores=0.86
event=kink_round H=17 col=1 round=stage0 frontier_in=65791 map_wall_s=0.013 map_cpu_s=0.152 merge_wall_s=0.063 merge_cpu_s=0.123 map_units=33 merge_ranges=33 map_eff_cores=11.34 merge_eff_cores=1.95
event=kink_round H=8 col=3 round=stage4 frontier_in=2780 map_wall_s=0.011 map_cpu_s=0.010 merge_wall_s=0.042 merge_cpu_s=0.006 map_units=2 merge_ranges=2 map_eff_cores=0.92 merge_eff_cores=0.14
event=column H=9 col=2 frontier_in=1729 frontier_out=2113 wall_s=0.48 cum_wall_s=7.9 cpu_s=0.3 rss_max_mb=73.0 map_wall_s=0.21 map_cpu_s=0.2 merge_wall_s=0.22 merge_cpu_s=0.1 map_units=33 merge_ranges=32 eff_cores=0.59
event=kink_round H=18 col=0 round=finalize frontier_in=262144 map_wall_s=0.085 map_cpu_s=0.555 merge_wall_s=0.143 merge_cpu_s=0.541 map_units=128 merge_ranges=80 map_eff_cores=6.53 merge_eff_cores=3.77
event=kink_round H=4 col=11 round=seed frontier_in=22 map_wall_s=0.021 map_cpu_s=0.001 merge_wall_s=0.000 merge_cpu_s=0.000 map_units=1 merge_ranges=0 map_eff_cores=0.05 merge_eff_cores=0.00
event=kink_round H=3 col=12 round=finalize frontier_in=27 map_wall_s=0.001 map_cpu_s=0.001 merge_wall_s=0.030 merge_cpu_s=0.000 map_units=1 merge_ranges=1 map_eff_cores=0.89 merge_eff_cores=0.00
event=column H=3 col=12 frontier_in=10 frontier_out=10 wall_s=0.10 cum_wall_s=8.0 cpu_s=0.0 rss_max_mb=50.8 map_wall_s=0.03 map_cpu_s=0.0 merge_wall_s=0.07 merge_cpu_s=0.0 map_units=5 merge_ranges=4 eff_cores=0.06
event=kink_round H=6 col=7 round=seed frontier_in=131 map_wall_s=0.023 map_cpu_s=0.001 merge_wall_s=0.000 merge_cpu_s=0.000 map_units=1 merge_ranges=0 map_eff_cores=0.04 merge_eff_cores=0.00
event=kink_round H=3 col=13 round=seed frontier_in=10 map_wall_s=0.000 map_cpu_s=0.000 merge_wall_s=0.000 merge_cpu_s=0.000 map_units=1 merge_ranges=0 map_eff_cores=0.00 merge_eff_cores=0.00
event=kink_round H=5 col=8 round=stage3 frontier_in=166 map_wall_s=0.033 map_cpu_s=0.002 merge_wall_s=0.001 merge_cpu_s=0.001 map_units=1 merge_ranges=1 map_eff_cores=0.06 merge_eff_cores=0.67
event=kink_round H=11 col=2 round=stage0 frontier_in=9918 map_wall_s=0.036 map_cpu_s=0.034 merge_wall_s=0.020 merge_cpu_s=0.024 map_units=5 merge_ranges=5 map_eff_cores=0.95 merge_eff_cores=1.19
event=kink_round H=6 col=7 round=stage0 frontier_in=131 map_wall_s=0.002 map_cpu_s=0.001 merge_wall_s=0.007 merge_cpu_s=0.001 map_units=1 merge_ranges=1 map_eff_cores=0.54 merge_eff_cores=0.15
event=kink_round H=5 col=8 round=stage4 frontier_in=179 map_wall_s=0.007 map_cpu_s=0.001 merge_wall_s=0.002 merge_cpu_s=0.001 map_units=1 merge_ranges=1 map_eff_cores=0.14 merge_eff_cores=0.41
event=kink_round H=5 col=8 round=finalize frontier_in=180 map_wall_s=0.002 map_cpu_s=0.002 merge_wall_s=0.001 merge_cpu_s=0.001 map_units=1 merge_ranges=1 map_eff_cores=1.04 merge_eff_cores=1.13
event=column H=5 col=8 frontier_in=57 frontier_out=57 wall_s=0.11 cum_wall_s=8.1 cpu_s=0.0 rss_max_mb=56.8 map_wall_s=0.08 map_cpu_s=0.0 merge_wall_s=0.02 merge_cpu_s=0.0 map_units=7 merge_ranges=6 eff_cores=0.16
event=kink_round H=6 col=7 round=stage1 frontier_in=212 map_wall_s=0.002 map_cpu_s=0.002 merge_wall_s=0.004 merge_cpu_s=0.001 map_units=1 merge_ranges=1 map_eff_cores=1.00 merge_eff_cores=0.28
event=kink_round H=5 col=9 round=seed frontier_in=57 map_wall_s=0.001 map_cpu_s=0.000 merge_wall_s=0.000 merge_cpu_s=0.000 map_units=1 merge_ranges=0 map_eff_cores=0.00 merge_eff_cores=0.00
event=kink_round H=5 col=9 round=stage0 frontier_in=57 map_wall_s=0.001 map_cpu_s=0.001 merge_wall_s=0.001 merge_cpu_s=0.000 map_units=1 merge_ranges=1 map_eff_cores=1.17 merge_eff_cores=0.00
event=kink_round H=7 col=4 round=stage6 frontier_in=1170 map_wall_s=0.031 map_cpu_s=0.005 merge_wall_s=0.007 merge_cpu_s=0.003 map_units=1 merge_ranges=1 map_eff_cores=0.16 merge_eff_cores=0.43
event=kink_round H=3 col=13 round=stage0 frontier_in=10 map_wall_s=0.018 map_cpu_s=0.000 merge_wall_s=0.001 merge_cpu_s=0.000 map_units=1 merge_ranges=1 map_eff_cores=0.00 merge_eff_cores=0.00
event=kink_round H=8 col=3 round=stage5 frontier_in=2852 map_wall_s=0.007 map_cpu_s=0.008 merge_wall_s=0.013 merge_cpu_s=0.008 map_units=2 merge_ranges=2 map_eff_cores=1.18 merge_eff_cores=0.62
event=kink_round H=9 col=3 round=seed frontier_in=2113 map_wall_s=0.030 map_cpu_s=0.004 merge_wall_s=0.000 merge_cpu_s=0.000 map_units=2 merge_ranges=0 map_eff_cores=0.13 merge_eff_cores=0.00
event=kink_round H=3 col=13 round=stage1 frontier_in=17 map_wall_s=0.001 map_cpu_s=0.000 merge_wall_s=0.001 merge_cpu_s=0.000 map_units=1 merge_ranges=1 map_eff_cores=0.00 merge_eff_cores=0.00
event=kink_round H=4 col=11 round=stage0 frontier_in=22 map_wall_s=0.024 map_cpu_s=0.001 merge_wall_s=0.001 merge_cpu_s=0.001 map_units=1 merge_ranges=1 map_eff_cores=0.04 merge_eff_cores=0.91
event=kink_round H=5 col=9 round=stage1 frontier_in=94 map_wall_s=0.004 map_cpu_s=0.001 merge_wall_s=0.002 merge_cpu_s=0.001 map_units=1 merge_ranges=1 map_eff_cores=0.24 merge_eff_cores=0.50
event=kink_round H=3 col=13 round=stage2 frontier_in=23 map_wall_s=0.001 map_cpu_s=0.000 merge_wall_s=0.002 merge_cpu_s=0.001 map_units=1 merge_ranges=1 map_eff_cores=0.00 merge_eff_cores=0.64
event=kink_round H=7 col=4 round=finalize frontier_in=1129 map_wall_s=0.003 map_cpu_s=0.003 merge_wall_s=0.001 merge_cpu_s=0.001 map_units=1 merge_ranges=1 map_eff_cores=1.04 merge_eff_cores=0.75
event=column H=7 col=4 frontier_in=335 frontier_out=335 wall_s=0.27 cum_wall_s=8.4 cpu_s=0.1 rss_max_mb=73.0 map_wall_s=0.10 map_cpu_s=0.0 merge_wall_s=0.16 merge_cpu_s=0.0 map_units=9 merge_ranges=8 eff_cores=0.20
event=kink_round H=6 col=7 round=stage2 frontier_in=341 map_wall_s=0.008 map_cpu_s=0.004 merge_wall_s=0.005 merge_cpu_s=0.002 map_units=1 merge_ranges=1 map_eff_cores=0.52 merge_eff_cores=0.44
event=kink_round H=7 col=5 round=seed frontier_in=335 map_wall_s=0.004 map_cpu_s=0.001 merge_wall_s=0.000 merge_cpu_s=0.000 map_units=1 merge_ranges=0 map_eff_cores=0.27 merge_eff_cores=0.00
event=kink_round H=5 col=9 round=stage2 frontier_in=146 map_wall_s=0.002 map_cpu_s=0.002 merge_wall_s=0.009 merge_cpu_s=0.001 map_units=1 merge_ranges=1 map_eff_cores=0.97 merge_eff_cores=0.11
event=kink_round H=6 col=7 round=stage3 frontier_in=403 map_wall_s=0.006 map_cpu_s=0.003 merge_wall_s=0.002 merge_cpu_s=0.002 map_units=1 merge_ranges=1 map_eff_cores=0.52 merge_eff_cores=0.94
event=kink_round H=16 col=1 round=stage3 frontier_in=144792 map_wall_s=0.031 map_cpu_s=0.343 merge_wall_s=0.121 merge_cpu_s=0.372 map_units=71 merge_ranges=71 map_eff_cores=10.94 merge_eff_cores=3.07
event=kink_round H=10 col=2 round=stage5 frontier_in=15558 map_wall_s=0.032 map_cpu_s=0.053 merge_wall_s=0.027 merge_cpu_s=0.034 map_units=8 merge_ranges=8 map_eff_cores=1.67 merge_eff_cores=1.27
event=kink_round H=4 col=11 round=stage1 frontier_in=36 map_wall_s=0.002 map_cpu_s=0.001 merge_wall_s=0.015 merge_cpu_s=0.001 map_units=1 merge_ranges=1 map_eff_cores=0.44 merge_eff_cores=0.07
event=kink_round H=3 col=13 round=finalize frontier_in=27 map_wall_s=0.002 map_cpu_s=0.000 merge_wall_s=0.013 merge_cpu_s=0.001 map_units=1 merge_ranges=1 map_eff_cores=0.00 merge_eff_cores=0.08
event=column H=3 col=13 frontier_in=10 frontier_out=10 wall_s=0.04 cum_wall_s=8.4 cpu_s=0.0 rss_max_mb=50.8 map_wall_s=0.02 map_cpu_s=0.0 merge_wall_s=0.02 merge_cpu_s=0.0 map_units=5 merge_ranges=4 eff_cores=0.05
event=kink_round H=7 col=5 round=stage0 frontier_in=335 map_wall_s=0.002 map_cpu_s=0.002 merge_wall_s=0.008 merge_cpu_s=0.003 map_units=1 merge_ranges=1 map_eff_cores=0.83 merge_eff_cores=0.39
event=kink_round H=12 col=1 round=stage11 frontier_in=47231 map_wall_s=0.024 map_cpu_s=0.128 merge_wall_s=0.054 merge_cpu_s=0.112 map_units=24 merge_ranges=24 map_eff_cores=5.22 merge_eff_cores=2.07
event=kink_round H=3 col=14 round=seed frontier_in=10 map_wall_s=0.002 map_cpu_s=0.000 merge_wall_s=0.000 merge_cpu_s=0.000 map_units=1 merge_ranges=0 map_eff_cores=0.00 merge_eff_cores=0.00
event=kink_round H=8 col=3 round=stage6 frontier_in=2920 map_wall_s=0.011 map_cpu_s=0.015 merge_wall_s=0.010 merge_cpu_s=0.006 map_units=2 merge_ranges=2 map_eff_cores=1.30 merge_eff_cores=0.60
event=kink_round H=5 col=9 round=stage3 frontier_in=166 map_wall_s=0.001 map_cpu_s=0.001 merge_wall_s=0.002 merge_cpu_s=0.001 map_units=1 merge_ranges=1 map_eff_cores=0.68 merge_eff_cores=0.51
event=kink_round H=4 col=11 round=stage2 frontier_in=56 map_wall_s=0.001 map_cpu_s=0.000 merge_wall_s=0.003 merge_cpu_s=0.001 map_units=1 merge_ranges=1 map_eff_cores=0.00 merge_eff_cores=0.35
event=kink_round H=6 col=7 round=stage4 frontier_in=423 map_wall_s=0.003 map_cpu_s=0.002 merge_wall_s=0.004 merge_cpu_s=0.002 map_units=1 merge_ranges=1 map_eff_cores=0.74 merge_eff_cores=0.47
event=kink_round H=11 col=2 round=stage1 frontier_in=15777 map_wall_s=0.018 map_cpu_s=0.049 merge_wall_s=0.023 merge_cpu_s=0.051 map_units=8 merge_ranges=8 map_eff_cores=2.76 merge_eff_cores=2.22
event=kink_round H=14 col=1 round=stage6 frontier_in=68481 map_wall_s=0.055 map_cpu_s=0.170 merge_wall_s=0.048 merge_cpu_s=0.113 map_units=34 merge_ranges=34 map_eff_cores=3.10 merge_eff_cores=2.33
event=kink_round H=9 col=3 round=stage0 frontier_in=2113 map_wall_s=0.011 map_cpu_s=0.009 merge_wall_s=0.038 merge_cpu_s=0.009 map_units=2 merge_ranges=2 map_eff_cores=0.80 merge_eff_cores=0.24
event=kink_round H=13 col=1 round=stage9 frontier_in=60951 map_wall_s=0.025 map_cpu_s=0.171 merge_wall_s=0.086 merge_cpu_s=0.122 map_units=30 merge_ranges=30 map_eff_cores=6.93 merge_eff_cores=1.42
event=kink_round H=3 col=14 round=stage0 frontier_in=10 map_wall_s=0.001 map_cpu_s=0.001 merge_wall_s=0.044 merge_cpu_s=0.001 map_units=1 merge_ranges=1 map_eff_cores=0.67 merge_eff_cores=0.02
event=column H=18 col=0 frontier_in=1 frontier_out=131327 wall_s=0.89 cum_wall_s=9.3 cpu_s=2.4 rss_max_mb=73.0 map_wall_s=0.24 map_cpu_s=1.2 merge_wall_s=0.51 merge_cpu_s=1.2 map_units=267 merge_ranges=218 eff_cores=2.73
event=kink_round H=7 col=5 round=stage1 frontier_in=544 map_wall_s=0.004 map_cpu_s=0.003 merge_wall_s=0.047 merge_cpu_s=0.002 map_units=1 merge_ranges=1 map_eff_cores=0.76 merge_eff_cores=0.04
event=kink_round H=4 col=11 round=stage3 frontier_in=59 map_wall_s=0.006 map_cpu_s=0.001 merge_wall_s=0.045 merge_cpu_s=0.000 map_units=1 merge_ranges=1 map_eff_cores=0.18 merge_eff_cores=0.00
event=kink_round H=6 col=7 round=stage5 frontier_in=458 map_wall_s=0.018 map_cpu_s=0.003 merge_wall_s=0.045 merge_cpu_s=0.004 map_units=1 merge_ranges=1 map_eff_cores=0.17 merge_eff_cores=0.09
event=kink_round H=5 col=9 round=stage4 frontier_in=179 map_wall_s=0.055 map_cpu_s=0.002 merge_wall_s=0.008 merge_cpu_s=0.001 map_units=1 merge_ranges=1 map_eff_cores=0.04 merge_eff_cores=0.12
event=kink_round H=15 col=1 round=stage4 frontier_in=91688 map_wall_s=0.040 map_cpu_s=0.211 merge_wall_s=0.118 merge_cpu_s=0.173 map_units=45 merge_ranges=45 map_eff_cores=5.27 merge_eff_cores=1.46
event=kink_round H=5 col=9 round=finalize frontier_in=180 map_wall_s=0.002 map_cpu_s=0.001 merge_wall_s=0.001 merge_cpu_s=0.001 map_units=1 merge_ranges=1 map_eff_cores=0.63 merge_eff_cores=1.10
event=column H=5 col=9 frontier_in=57 frontier_out=57 wall_s=0.09 cum_wall_s=9.4 cpu_s=0.0 rss_max_mb=52.8 map_wall_s=0.07 map_cpu_s=0.0 merge_wall_s=0.02 merge_cpu_s=0.0 map_units=7 merge_ranges=6 eff_cores=0.14
event=kink_round H=5 col=10 round=seed frontier_in=57 map_wall_s=0.001 map_cpu_s=0.000 merge_wall_s=0.000 merge_cpu_s=0.000 map_units=1 merge_ranges=0 map_eff_cores=0.00 merge_eff_cores=0.00
event=kink_round H=6 col=7 round=finalize frontier_in=447 map_wall_s=0.003 map_cpu_s=0.002 merge_wall_s=0.001 merge_cpu_s=0.001 map_units=1 merge_ranges=1 map_eff_cores=0.63 merge_eff_cores=0.77
event=column H=6 col=7 frontier_in=131 frontier_out=131 wall_s=0.13 cum_wall_s=9.6 cpu_s=0.0 rss_max_mb=54.8 map_wall_s=0.06 map_cpu_s=0.0 merge_wall_s=0.07 merge_cpu_s=0.0 map_units=8 merge_ranges=7 eff_cores=0.23
event=kink_round H=7 col=5 round=stage2 frontier_in=873 map_wall_s=0.004 map_cpu_s=0.003 merge_wall_s=0.016 merge_cpu_s=0.003 map_units=1 merge_ranges=1 map_eff_cores=0.78 merge_eff_cores=0.19
event=kink_round H=6 col=8 round=seed frontier_in=131 map_wall_s=0.001 map_cpu_s=0.001 merge_wall_s=0.000 merge_cpu_s=0.000 map_units=1 merge_ranges=0 map_eff_cores=1.13 merge_eff_cores=0.00
event=kink_round H=8 col=3 round=stage7 frontier_in=2997 map_wall_s=0.058 map_cpu_s=0.009 merge_wall_s=0.011 merge_cpu_s=0.006 map_units=2 merge_ranges=2 map_eff_cores=0.16 merge_eff_cores=0.52
event=kink_round H=5 col=10 round=stage0 frontier_in=57 map_wall_s=0.001 map_cpu_s=0.001 merge_wall_s=0.001 merge_cpu_s=0.001 map_units=1 merge_ranges=1 map_eff_cores=0.76 merge_eff_cores=0.67
event=kink_round H=4 col=11 round=finalize frontier_in=70 map_wall_s=0.001 map_cpu_s=0.001 merge_wall_s=0.013 merge_cpu_s=0.001 map_units=1 merge_ranges=1 map_eff_cores=1.24 merge_eff_cores=0.08
event=column H=4 col=11 frontier_in=22 frontier_out=22 wall_s=0.17 cum_wall_s=9.7 cpu_s=0.0 rss_max_mb=56.8 map_wall_s=0.05 map_cpu_s=0.0 merge_wall_s=0.08 merge_cpu_s=0.0 map_units=6 merge_ranges=5 eff_cores=0.05
event=kink_round H=4 col=12 round=seed frontier_in=22 map_wall_s=0.001 map_cpu_s=0.000 merge_wall_s=0.000 merge_cpu_s=0.000 map_units=1 merge_ranges=0 map_eff_cores=0.00 merge_eff_cores=0.00
event=kink_round H=5 col=10 round=stage1 frontier_in=94 map_wall_s=0.002 map_cpu_s=0.001 merge_wall_s=0.032 merge_cpu_s=0.001 map_units=1 merge_ranges=1 map_eff_cores=0.51 merge_eff_cores=0.03
event=kink_round H=3 col=14 round=stage1 frontier_in=17 map_wall_s=0.004 map_cpu_s=0.001 merge_wall_s=0.055 merge_cpu_s=0.000 map_units=1 merge_ranges=1 map_eff_cores=0.25 merge_eff_cores=0.00
event=kink_round H=9 col=3 round=stage1 frontier_in=3401 map_wall_s=0.051 map_cpu_s=0.017 merge_wall_s=0.024 merge_cpu_s=0.019 map_units=2 merge_ranges=2 map_eff_cores=0.34 merge_eff_cores=0.79
event=kink_round H=4 col=12 round=stage0 frontier_in=22 map_wall_s=0.001 map_cpu_s=0.000 merge_wall_s=0.010 merge_cpu_s=0.001 map_units=1 merge_ranges=1 map_eff_cores=0.00 merge_eff_cores=0.10
event=kink_round H=3 col=14 round=stage2 frontier_in=23 map_wall_s=0.008 map_cpu_s=0.001 merge_wall_s=0.001 merge_cpu_s=0.000 map_units=1 merge_ranges=1 map_eff_cores=0.13 merge_eff_cores=0.00
event=kink_round H=18 col=1 round=seed frontier_in=131327 map_wall_s=0.066 map_cpu_s=0.228 merge_wall_s=0.000 merge_cpu_s=0.000 map_units=65 merge_ranges=0 map_eff_cores=3.45 merge_eff_cores=0.00
event=kink_round H=3 col=14 round=finalize frontier_in=27 map_wall_s=0.000 map_cpu_s=0.000 merge_wall_s=0.002 merge_cpu_s=0.000 map_units=1 merge_ranges=1 map_eff_cores=0.00 merge_eff_cores=0.00
event=column H=3 col=14 frontier_in=10 frontier_out=10 wall_s=0.12 cum_wall_s=9.8 cpu_s=0.0 rss_max_mb=52.8 map_wall_s=0.02 map_cpu_s=0.0 merge_wall_s=0.10 merge_cpu_s=0.0 map_units=5 merge_ranges=4 eff_cores=0.03
event=kink_round H=3 col=15 round=seed frontier_in=10 map_wall_s=0.001 map_cpu_s=0.000 merge_wall_s=0.000 merge_cpu_s=0.000 map_units=1 merge_ranges=0 map_eff_cores=0.00 merge_eff_cores=0.00
event=kink_round H=10 col=2 round=stage6 frontier_in=16362 map_wall_s=0.060 map_cpu_s=0.049 merge_wall_s=0.057 merge_cpu_s=0.027 map_units=8 merge_ranges=8 map_eff_cores=0.82 merge_eff_cores=0.48
event=kink_round H=6 col=8 round=stage0 frontier_in=131 map_wall_s=0.003 map_cpu_s=0.001 merge_wall_s=0.047 merge_cpu_s=0.001 map_units=1 merge_ranges=1 map_eff_cores=0.37 merge_eff_cores=0.02
event=kink_round H=17 col=1 round=stage1 frontier_in=131582 map_wall_s=0.016 map_cpu_s=0.291 merge_wall_s=0.125 merge_cpu_s=0.317 map_units=65 merge_ranges=65 map_eff_cores=18.61 merge_eff_cores=2.53
event=kink_round H=4 col=12 round=stage1 frontier_in=36 map_wall_s=0.001 map_cpu_s=0.001 merge_wall_s=0.010 merge_cpu_s=0.000 map_units=1 merge_ranges=1 map_eff_cores=1.54 merge_eff_cores=0.00
event=kink_round H=3 col=15 round=stage0 frontier_in=10 map_wall_s=0.002 map_cpu_s=0.000 merge_wall_s=0.006 merge_cpu_s=0.001 map_units=1 merge_ranges=1 map_eff_cores=0.00 merge_eff_cores=0.17
event=kink_round H=5 col=10 round=stage2 frontier_in=146 map_wall_s=0.002 map_cpu_s=0.001 merge_wall_s=0.018 merge_cpu_s=0.001 map_units=1 merge_ranges=1 map_eff_cores=0.50 merge_eff_cores=0.05
event=kink_round H=8 col=3 round=finalize frontier_in=2895 map_wall_s=0.035 map_cpu_s=0.006 merge_wall_s=0.027 merge_cpu_s=0.003 map_units=2 merge_ranges=2 map_eff_cores=0.17 merge_eff_cores=0.11
event=column H=8 col=3 frontier_in=819 frontier_out=825 wall_s=0.47 cum_wall_s=10.3 cpu_s=0.1 rss_max_mb=56.8 map_wall_s=0.23 map_cpu_s=0.1 merge_wall_s=0.21 merge_cpu_s=0.0 map_units=17 merge_ranges=16 eff_cores=0.27
event=kink_round H=4 col=12 round=stage2 frontier_in=56 map_wall_s=0.009 map_cpu_s=0.001 merge_wall_s=0.001 merge_cpu_s=0.000 map_units=1 merge_ranges=1 map_eff_cores=0.12 merge_eff_cores=0.00
event=kink_round H=7 col=5 round=stage3 frontier_in=1036 map_wall_s=0.042 map_cpu_s=0.008 merge_wall_s=0.024 merge_cpu_s=0.003 map_units=1 merge_ranges=1 map_eff_cores=0.19 merge_eff_cores=0.13
event=kink_round H=9 col=3 round=stage2 frontier_in=5528 map_wall_s=0.025 map_cpu_s=0.020 merge_wall_s=0.006 merge_cpu_s=0.012 map_units=3 merge_ranges=3 map_eff_cores=0.79 merge_eff_cores=2.17
event=kink_round H=5 col=10 round=stage3 frontier_in=166 map_wall_s=0.008 map_cpu_s=0.002 merge_wall_s=0.007 merge_cpu_s=0.001 map_units=1 merge_ranges=1 map_eff_cores=0.24 merge_eff_cores=0.14
event=kink_round H=8 col=4 round=seed frontier_in=825 map_wall_s=0.003 map_cpu_s=0.003 merge_wall_s=0.000 merge_cpu_s=0.000 map_units=1 merge_ranges=0 map_eff_cores=1.00 merge_eff_cores=0.00
event=kink_round H=6 col=8 round=stage1 frontier_in=212 map_wall_s=0.006 map_cpu_s=0.002 merge_wall_s=0.018 merge_cpu_s=0.001 map_units=1 merge_ranges=1 map_eff_cores=0.31 merge_eff_cores=0.06
event=kink_round H=11 col=2 round=stage2 frontier_in=26151 map_wall_s=0.055 map_cpu_s=0.084 merge_wall_s=0.045 merge_cpu_s=0.049 map_units=13 merge_ranges=13 map_eff_cores=1.52 merge_eff_cores=1.09
event=kink_round H=3 col=15 round=stage1 frontier_in=17 map_wall_s=0.024 map_cpu_s=0.001 merge_wall_s=0.003 merge_cpu_s=0.000 map_units=1 merge_ranges=1 map_eff_cores=0.04 merge_eff_cores=0.00
event=kink_round H=3 col=15 round=stage2 frontier_in=23 map_wall_s=0.001 map_cpu_s=0.000 merge_wall_s=0.001 merge_cpu_s=0.000 map_units=1 merge_ranges=1 map_eff_cores=0.00 merge_eff_cores=0.00
event=kink_round H=16 col=1 round=stage4 frontier_in=182888 map_wall_s=0.073 map_cpu_s=0.474 merge_wall_s=0.088 merge_cpu_s=0.385 map_units=90 merge_ranges=80 map_eff_cores=6.47 merge_eff_cores=4.37
event=kink_round H=5 col=10 round=stage4 frontier_in=179 map_wall_s=0.004 map_cpu_s=0.002 merge_wall_s=0.029 merge_cpu_s=0.002 map_units=1 merge_ranges=1 map_eff_cores=0.45 merge_eff_cores=0.07
event=kink_round H=8 col=4 round=stage0 frontier_in=825 map_wall_s=0.016 map_cpu_s=0.003 merge_wall_s=0.016 merge_cpu_s=0.003 map_units=1 merge_ranges=1 map_eff_cores=0.19 merge_eff_cores=0.18
event=kink_round H=4 col=12 round=stage3 frontier_in=59 map_wall_s=0.029 map_cpu_s=0.001 merge_wall_s=0.008 merge_cpu_s=0.001 map_units=1 merge_ranges=1 map_eff_cores=0.03 merge_eff_cores=0.12
event=kink_round H=3 col=15 round=finalize frontier_in=27 map_wall_s=0.006 map_cpu_s=0.001 merge_wall_s=0.017 merge_cpu_s=0.000 map_units=1 merge_ranges=1 map_eff_cores=0.15 merge_eff_cores=0.00
event=kink_round H=7 col=5 round=stage4 frontier_in=1113 map_wall_s=0.008 map_cpu_s=0.005 merge_wall_s=0.033 merge_cpu_s=0.003 map_units=1 merge_ranges=1 map_eff_cores=0.62 merge_eff_cores=0.09
event=column H=3 col=15 frontier_in=10 frontier_out=10 wall_s=0.06 cum_wall_s=10.4 cpu_s=0.0 rss_max_mb=73.0 map_wall_s=0.03 map_cpu_s=0.0 merge_wall_s=0.03 merge_cpu_s=0.0 map_units=5 merge_ranges=4 eff_cores=0.05
event=kink_round H=12 col=1 round=finalize frontier_in=60828 map_wall_s=0.034 map_cpu_s=0.147 merge_wall_s=0.040 merge_cpu_s=0.111 map_units=30 merge_ranges=30 map_eff_cores=4.33 merge_eff_cores=2.80
event=kink_round H=6 col=8 round=stage2 frontier_in=341 map_wall_s=0.003 map_cpu_s=0.002 merge_wall_s=0.037 merge_cpu_s=0.002 map_units=1 merge_ranges=1 map_eff_cores=0.67 merge_eff_cores=0.05
event=kink_round H=3 col=16 round=seed frontier_in=10 map_wall_s=0.008 map_cpu_s=0.003 merge_wall_s=0.000 merge_cpu_s=0.000 map_units=1 merge_ranges=0 map_eff_cores=0.36 merge_eff_cores=0.00
event=kink_round H=13 col=1 round=stage10 frontier_in=74214 map_wall_s=0.071 map_cpu_s=0.223 merge_wall_s=0.081 merge_cpu_s=0.166 map_units=37 merge_ranges=37 map_eff_cores=3.16 merge_eff_cores=2.05
event=kink_round H=4 col=12 round=finalize frontier_in=70 map_wall_s=0.006 map_cpu_s=0.001 merge_wall_s=0.003 merge_cpu_s=0.001 map_units=1 merge_ranges=1 map_eff_cores=0.16 merge_eff_cores=0.34
event=column H=4 col=12 frontier_in=22 frontier_out=22 wall_s=0.08 cum_wall_s=10.5 cpu_s=0.0 rss_max_mb=50.8 map_wall_s=0.05 map_cpu_s=0.0 merge_wall_s=0.03 merge_cpu_s=0.0 map_units=6 merge_ranges=5 eff_cores=0.08
event=kink_round H=9 col=3 round=stage3 frontier_in=6599 map_wall_s=0.031 map_cpu_s=0.028 merge_wall_s=0.018 merge_cpu_s=0.017 map_units=4 merge_ranges=4 map_eff_cores=0.90 merge_eff_cores=0.93
event=kink_round H=5 col=10 round=finalize frontier_in=180 map_wall_s=0.011 map_cpu_s=0.001 merge_wall_s=0.001 merge_cpu_s=0.001 map_units=1 merge_ranges=1 map_eff_cores=0.09 merge_eff_cores=0.69
event=kink_round H=4 col=13 round=seed frontier_in=22 map_wall_s=0.001 map_cpu_s=0.001 merge_wall_s=0.000 merge_cpu_s=0.000 map_units=1 merge_ranges=0 map_eff_cores=1.14 merge_eff_cores=0.00
event=column H=5 col=10 frontier_in=57 frontier_out=57 wall_s=0.12 cum_wall_s=10.6 cpu_s=0.0 rss_max_mb=56.8 map_wall_s=0.03 map_cpu_s=0.0 merge_wall_s=0.09 merge_cpu_s=0.0 map_units=7 merge_ranges=6 eff_cores=0.12
event=kink_round H=14 col=1 round=stage7 frontier_in=82898 map_wall_s=0.032 map_cpu_s=0.181 merge_wall_s=0.035 merge_cpu_s=0.142 map_units=41 merge_ranges=41 map_eff_cores=5.58 merge_eff_cores=4.01
event=kink_round H=5 col=11 round=seed frontier_in=57 map_wall_s=0.001 map_cpu_s=0.001 merge_wall_s=0.000 merge_cpu_s=0.000 map_units=1 merge_ranges=0 map_eff_cores=1.36 merge_eff_cores=0.00
event=kink_round H=10 col=2 round=stage7 frontier_in=17500 map_wall_s=0.020 map_cpu_s=0.052 merge_wall_s=0.028 merge_cpu_s=0.033 map_units=9 merge_ranges=9 map_eff_cores=2.59 merge_eff_cores=1.18
event=column H=12 col=1 frontier_in=2079 frontier_out=23778 wall_s=0.85 cum_wall_s=11.4 cpu_s=1.3 rss_max_mb=73.0 map_wall_s=0.32 map_cpu_s=0.8 merge_wall_s=0.33 merge_cpu_s=0.5 map_units=151 merge_ranges=149 eff_cores=1.52
event=kink_round H=6 col=8 round=stage3 frontier_in=403 map_wall_s=0.002 map_cpu_s=0.002 merge_wall_s=0.005 merge_cpu_s=0.002 map_units=1 merge_ranges=1 map_eff_cores=0.85 merge_eff_cores=0.42
event=kink_round H=18 col=1 round=stage0 frontier_in=131327 map_wall_s=0.037 map_cpu_s=0.347 merge_wall_s=0.043 merge_cpu_s=0.283 map_units=65 merge_ranges=65 map_eff_cores=9.34 merge_eff_cores=6.62
event=kink_round H=4 col=13 round=stage0 frontier_in=22 map_wall_s=0.004 map_cpu_s=0.000 merge_wall_s=0.004 merge_cpu_s=0.000 map_units=1 merge_ranges=1 map_eff_cores=0.00 merge_eff_cores=0.00
event=kink_round H=5 col=11 round=stage0 frontier_in=57 map_wall_s=0.001 map_cpu_s=0.001 merge_wall_s=0.011 merge_cpu_s=0.001 map_units=1 merge_ranges=1 map_eff_cores=1.32 merge_eff_cores=0.09
event=kink_round H=7 col=5 round=stage5 frontier_in=1130 map_wall_s=0.008 map_cpu_s=0.006 merge_wall_s=0.018 merge_cpu_s=0.003 map_units=1 merge_ranges=1 map_eff_cores=0.74 merge_eff_cores=0.16
event=kink_round H=8 col=4 round=stage1 frontier_in=1328 map_wall_s=0.013 map_cpu_s=0.006 merge_wall_s=0.020 merge_cpu_s=0.005 map_units=1 merge_ranges=1 map_eff_cores=0.45 merge_eff_cores=0.24
event=kink_round H=6 col=8 round=stage4 frontier_in=423 map_wall_s=0.003 map_cpu_s=0.002 merge_wall_s=0.020 merge_cpu_s=0.003 map_units=1 merge_ranges=1 map_eff_cores=0.80 merge_eff_cores=0.15
event=kink_round H=11 col=2 round=stage3 frontier_in=32019 map_wall_s=0.035 map_cpu_s=0.086 merge_wall_s=0.033 merge_cpu_s=0.058 map_units=16 merge_ranges=16 map_eff_cores=2.49 merge_eff_cores=1.78
event=kink_round H=4 col=13 round=stage1 frontier_in=36 map_wall_s=0.021 map_cpu_s=0.000 merge_wall_s=0.016 merge_cpu_s=0.000 map_units=1 merge_ranges=1 map_eff_cores=0.00 merge_eff_cores=0.00
event=kink_round H=3 col=16 round=stage0 frontier_in=10 map_wall_s=0.019 map_cpu_s=0.001 merge_wall_s=0.035 merge_cpu_s=0.001 map_units=1 merge_ranges=1 map_eff_cores=0.05 merge_eff_cores=0.03
event=kink_round H=5 col=11 round=stage1 frontier_in=94 map_wall_s=0.015 map_cpu_s=0.001 merge_wall_s=0.029 merge_cpu_s=0.001 map_units=1 merge_ranges=1 map_eff_cores=0.07 merge_eff_cores=0.04
event=kink_round H=7 col=5 round=stage6 frontier_in=1170 map_wall_s=0.035 map_cpu_s=0.005 merge_wall_s=0.021 merge_cpu_s=0.004 map_units=1 merge_ranges=1 map_eff_cores=0.14 merge_eff_cores=0.19
event=kink_round H=4 col=13 round=stage2 frontier_in=56 map_wall_s=0.020 map_cpu_s=0.001 merge_wall_s=0.007 merge_cpu_s=0.000 map_units=1 merge_ranges=1 map_eff_cores=0.05 merge_eff_cores=0.00
event=kink_round H=5 col=11 round=stage2 frontier_in=146 map_wall_s=0.010 map_cpu_s=0.001 merge_wall_s=0.008 merge_cpu_s=0.001 map_units=1 merge_ranges=1 map_eff_cores=0.10 merge_eff_cores=0.13
event=kink_round H=4 col=13 round=stage3 frontier_in=59 map_wall_s=0.001 map_cpu_s=0.000 merge_wall_s=0.001 merge_cpu_s=0.000 map_units=1 merge_ranges=1 map_eff_cores=0.00 merge_eff_cores=0.00
event=kink_round H=4 col=13 round=finalize frontier_in=70 map_wall_s=0.001 map_cpu_s=0.000 merge_wall_s=0.001 merge_cpu_s=0.000 map_units=1 merge_ranges=1 map_eff_cores=0.00 merge_eff_cores=0.00
event=column H=4 col=13 frontier_in=22 frontier_out=22 wall_s=0.08 cum_wall_s=11.5 cpu_s=0.0 rss_max_mb=50.8 map_wall_s=0.05 map_cpu_s=0.0 merge_wall_s=0.03 merge_cpu_s=0.0 map_units=6 merge_ranges=5 eff_cores=0.03
event=kink_round H=4 col=14 round=seed frontier_in=22 map_wall_s=0.001 map_cpu_s=0.000 merge_wall_s=0.000 merge_cpu_s=0.000 map_units=1 merge_ranges=0 map_eff_cores=0.00 merge_eff_cores=0.00
event=kink_round H=6 col=8 round=stage5 frontier_in=458 map_wall_s=0.025 map_cpu_s=0.002 merge_wall_s=0.029 merge_cpu_s=0.002 map_units=1 merge_ranges=1 map_eff_cores=0.08 merge_eff_cores=0.07
event=kink_round H=12 col=2 round=seed frontier_in=23778 map_wall_s=0.075 map_cpu_s=0.047 merge_wall_s=0.000 merge_cpu_s=0.000 map_units=12 merge_ranges=0 map_eff_cores=0.62 merge_eff_cores=0.00
event=kink_round H=7 col=5 round=finalize frontier_in=1129 map_wall_s=0.008 map_cpu_s=0.003 merge_wall_s=0.002 merge_cpu_s=0.001 map_units=1 merge_ranges=1 map_eff_cores=0.37 merge_eff_cores=0.52
event=column H=7 col=5 frontier_in=335 frontier_out=335 wall_s=0.29 cum_wall_s=11.8 cpu_s=0.1 rss_max_mb=56.8 map_wall_s=0.12 map_cpu_s=0.0 merge_wall_s=0.17 merge_cpu_s=0.0 map_units=9 merge_ranges=8 eff_cores=0.20
event=kink_round H=6 col=8 round=finalize frontier_in=447 map_wall_s=0.002 map_cpu_s=0.001 merge_wall_s=0.001 merge_cpu_s=0.001 map_units=1 merge_ranges=1 map_eff_cores=0.65 merge_eff_cores=0.84
event=column H=6 col=8 frontier_in=131 frontier_out=131 wall_s=0.20 cum_wall_s=12.0 cpu_s=0.0 rss_max_mb=73.0 map_wall_s=0.04 map_cpu_s=0.0 merge_wall_s=0.16 merge_cpu_s=0.0 map_units=8 merge_ranges=7 eff_cores=0.12
event=kink_round H=8 col=4 round=stage2 frontier_in=2153 map_wall_s=0.029 map_cpu_s=0.009 merge_wall_s=0.033 merge_cpu_s=0.007 map_units=2 merge_ranges=2 map_eff_cores=0.31 merge_eff_cores=0.21
event=kink_round H=9 col=3 round=stage4 frontier_in=7184 map_wall_s=0.011 map_cpu_s=0.025 merge_wall_s=0.078 merge_cpu_s=0.015 map_units=4 merge_ranges=4 map_eff_cores=2.26 merge_eff_cores=0.19
event=kink_round H=6 col=9 round=seed frontier_in=131 map_wall_s=0.007 map_cpu_s=0.001 merge_wall_s=0.000 merge_cpu_s=0.000 map_units=1 merge_ranges=0 map_eff_cores=0.15 merge_eff_cores=0.00
event=kink_round H=7 col=6 round=seed frontier_in=335 map_wall_s=0.007 map_cpu_s=0.001 merge_wall_s=0.000 merge_cpu_s=0.000 map_units=1 merge_ranges=0 map_eff_cores=0.13 merge_eff_cores=0.00
event=kink_round H=5 col=11 round=stage3 frontier_in=166 map_wall_s=0.001 map_cpu_s=0.001 merge_wall_s=0.018 merge_cpu_s=0.001 map_units=1 merge_ranges=1 map_eff_cores=1.00 merge_eff_cores=0.06
event=kink_round H=3 col=16 round=stage1 frontier_in=17 map_wall_s=0.013 map_cpu_s=0.001 merge_wall_s=0.028 merge_cpu_s=0.001 map_units=1 merge_ranges=1 map_eff_cores=0.08 merge_eff_cores=0.04
event=kink_round H=10 col=2 round=stage8 frontier_in=18479 map_wall_s=0.014 map_cpu_s=0.049 merge_wall_s=0.091 merge_cpu_s=0.038 map_units=10 merge_ranges=10 map_eff_cores=3.47 merge_eff_cores=0.42
event=kink_round H=3 col=16 round=stage2 frontier_in=23 map_wall_s=0.005 map_cpu_s=0.001 merge_wall_s=0.010 merge_cpu_s=0.001 map_units=1 merge_ranges=1 map_eff_cores=0.19 merge_eff_cores=0.10
event=kink_round H=6 col=9 round=stage0 frontier_in=131 map_wall_s=0.001 map_cpu_s=0.001 merge_wall_s=0.018 merge_cpu_s=0.001 map_units=1 merge_ranges=1 map_eff_cores=1.02 merge_eff_cores=0.06
event=kink_round H=8 col=4 round=stage3 frontier_in=2568 map_wall_s=0.008 map_cpu_s=0.009 merge_wall_s=0.016 merge_cpu_s=0.008 map_units=2 merge_ranges=2 map_eff_cores=1.10 merge_eff_cores=0.49
event=kink_round H=15 col=1 round=stage5 frontier_in=112640 map_wall_s=0.017 map_cpu_s=0.302 merge_wall_s=0.108 merge_cpu_s=0.221 map_units=55 merge_ranges=55 map_eff_cores=18.16 merge_eff_cores=2.05
event=kink_round H=5 col=11 round=stage4 frontier_in=179 map_wall_s=0.006 map_cpu_s=0.001 merge_wall_s=0.017 merge_cpu_s=0.001 map_units=1 merge_ranges=1 map_eff_cores=0.16 merge_eff_cores=0.06
event=kink_round H=14 col=1 round=stage8 frontier_in=100225 map_wall_s=0.055 map_cpu_s=0.292 merge_wall_s=0.063 merge_cpu_s=0.182 map_units=49 merge_ranges=49 map_eff_cores=5.34 merge_eff_cores=2.90
event=kink_round H=12 col=2 round=stage0 frontier_in=23778 map_wall_s=0.016 map_cpu_s=0.062 merge_wall_s=0.029 merge_cpu_s=0.051 map_units=12 merge_ranges=12 map_eff_cores=3.79 merge_eff_cores=1.75
event=kink_round H=4 col=14 round=stage0 frontier_in=22 map_wall_s=0.026 map_cpu_s=0.001 merge_wall_s=0.024 merge_cpu_s=0.001 map_units=1 merge_ranges=1 map_eff_cores=0.04 merge_eff_cores=0.04
event=kink_round H=9 col=3 round=stage5 frontier_in=7422 map_wall_s=0.008 map_cpu_s=0.021 merge_wall_s=0.035 merge_cpu_s=0.016 map_units=4 merge_ranges=4 map_eff_cores=2.49 merge_eff_cores=0.45
event=kink_round H=7 col=6 round=stage0 frontier_in=335 map_wall_s=0.018 map_cpu_s=0.003 merge_wall_s=0.029 merge_cpu_s=0.003 map_units=1 merge_ranges=1 map_eff_cores=0.16 merge_eff_cores=0.10
event=kink_round H=4 col=14 round=stage1 frontier_in=36 map_wall_s=0.017 map_cpu_s=0.002 merge_wall_s=0.017 merge_cpu_s=0.002 map_units=1 merge_ranges=1 map_eff_cores=0.12 merge_eff_cores=0.12
event=kink_round H=5 col=11 round=finalize frontier_in=180 map_wall_s=0.019 map_cpu_s=0.001 merge_wall_s=0.027 merge_cpu_s=0.001 map_units=1 merge_ranges=1 map_eff_cores=0.05 merge_eff_cores=0.04
event=column H=5 col=11 frontier_in=57 frontier_out=57 wall_s=0.16 cum_wall_s=12.2 cpu_s=0.0 rss_max_mb=56.8 map_wall_s=0.05 map_cpu_s=0.0 merge_wall_s=0.11 merge_cpu_s=0.0 map_units=7 merge_ranges=6 eff_cores=0.08
event=kink_round H=13 col=1 round=stage11 frontier_in=91167 map_wall_s=0.063 map_cpu_s=0.249 merge_wall_s=0.067 merge_cpu_s=0.196 map_units=45 merge_ranges=45 map_eff_cores=3.94 merge_eff_cores=2.94
event=kink_round H=6 col=9 round=stage1 frontier_in=212 map_wall_s=0.028 map_cpu_s=0.002 merge_wall_s=0.032 merge_cpu_s=0.002 map_units=1 merge_ranges=1 map_eff_cores=0.07 merge_eff_cores=0.06
event=kink_round H=3 col=16 round=finalize frontier_in=27 map_wall_s=0.030 map_cpu_s=0.002 merge_wall_s=0.031 merge_cpu_s=0.001 map_units=1 merge_ranges=1 map_eff_cores=0.07 merge_eff_cores=0.03
event=column H=3 col=16 frontier_in=10 frontier_out=10 wall_s=0.18 cum_wall_s=12.3 cpu_s=0.0 rss_max_mb=56.8 map_wall_s=0.08 map_cpu_s=0.0 merge_wall_s=0.10 merge_cpu_s=0.0 map_units=5 merge_ranges=4 eff_cores=0.07
event=kink_round H=5 col=12 round=seed frontier_in=57 map_wall_s=0.011 map_cpu_s=0.002 merge_wall_s=0.000 merge_cpu_s=0.000 map_units=1 merge_ranges=0 map_eff_cores=0.18 merge_eff_cores=0.00
event=kink_round H=11 col=2 round=stage4 frontier_in=35408 map_wall_s=0.069 map_cpu_s=0.108 merge_wall_s=0.072 merge_cpu_s=0.070 map_units=18 merge_ranges=18 map_eff_cores=1.57 merge_eff_cores=0.97
event=kink_round H=3 col=17 round=seed frontier_in=10 map_wall_s=0.007 map_cpu_s=0.001 merge_wall_s=0.000 merge_cpu_s=0.000 map_units=1 merge_ranges=0 map_eff_cores=0.15 merge_eff_cores=0.00
event=kink_round H=7 col=6 round=stage1 frontier_in=544 map_wall_s=0.029 map_cpu_s=0.004 merge_wall_s=0.012 merge_cpu_s=0.004 map_units=1 merge_ranges=1 map_eff_cores=0.14 merge_eff_cores=0.33
event=kink_round H=8 col=4 round=stage4 frontier_in=2795 map_wall_s=0.050 map_cpu_s=0.011 merge_wall_s=0.029 merge_cpu_s=0.009 map_units=2 merge_ranges=2 map_eff_cores=0.22 merge_eff_cores=0.31
event=kink_round H=17 col=1 round=stage2 frontier_in=217788 map_wall_s=0.078 map_cpu_s=0.534 merge_wall_s=0.106 merge_cpu_s=0.422 map_units=107 merge_ranges=80 map_eff_cores=6.84 merge_eff_cores=3.98
event=kink_round H=4 col=14 round=stage2 frontier_in=56 map_wall_s=0.010 map_cpu_s=0.001 merge_wall_s=0.021 merge_cpu_s=0.001 map_units=1 merge_ranges=1 map_eff_cores=0.10 merge_eff_cores=0.05
event=kink_round H=5 col=12 round=stage0 frontier_in=57 map_wall_s=0.008 map_cpu_s=0.001 merge_wall_s=0.016 merge_cpu_s=0.002 map_units=1 merge_ranges=1 map_eff_cores=0.13 merge_eff_cores=0.13
event=kink_round H=6 col=9 round=stage2 frontier_in=341 map_wall_s=0.013 map_cpu_s=0.003 merge_wall_s=0.017 merge_cpu_s=0.002 map_units=1 merge_ranges=1 map_eff_cores=0.23 merge_eff_cores=0.12
event=kink_round H=10 col=2 round=stage9 frontier_in=19701 map_wall_s=0.048 map_cpu_s=0.067 merge_wall_s=0.033 merge_cpu_s=0.039 map_units=10 merge_ranges=10 map_eff_cores=1.38 merge_eff_cores=1.18
event=kink_round H=16 col=1 round=stage5 frontier_in=224704 map_wall_s=0.092 map_cpu_s=0.613 merge_wall_s=0.113 merge_cpu_s=0.455 map_units=110 merge_ranges=80 map_eff_cores=6.67 merge_eff_cores=4.03
event=kink_round H=9 col=3 round=stage6 frontier_in=7544 map_wall_s=0.042 map_cpu_s=0.030 merge_wall_s=0.030 merge_cpu_s=0.018 map_units=4 merge_ranges=4 map_eff_cores=0.72 merge_eff_cores=0.60
event=kink_round H=7 col=6 round=stage2 frontier_in=873 map_wall_s=0.015 map_cpu_s=0.004 merge_wall_s=0.019 merge_cpu_s=0.005 map_units=1 merge_ranges=1 map_eff_cores=0.26 merge_eff_cores=0.26
event=kink_round H=3 col=17 round=stage0 frontier_in=10 map_wall_s=0.011 map_cpu_s=0.001 merge_wall_s=0.028 merge_cpu_s=0.001 map_units=1 merge_ranges=1 map_eff_cores=0.09 merge_eff_cores=0.04
event=kink_round H=4 col=14 round=stage3 frontier_in=59 map_wall_s=0.016 map_cpu_s=0.001 merge_wall_s=0.009 merge_cpu_s=0.003 map_units=1 merge_ranges=1 map_eff_cores=0.06 merge_eff_cores=0.33
event=kink_round H=15 col=1 round=stage6 frontier_in=137026 map_wall_s=0.048 map_cpu_s=0.409 merge_wall_s=0.053 merge_cpu_s=0.268 map_units=67 merge_ranges=67 map_eff_cores=8.47 merge_eff_cores=5.05
event=kink_round H=12 col=2 round=stage1 frontier_in=37756 map_wall_s=0.042 map_cpu_s=0.128 merge_wall_s=0.048 merge_cpu_s=0.094 map_units=19 merge_ranges=19 map_eff_cores=3.02 merge_eff_cores=1.96
event=kink_round H=6 col=9 round=stage3 frontier_in=403 map_wall_s=0.025 map_cpu_s=0.004 merge_wall_s=0.013 merge_cpu_s=0.002 map_units=1 merge_ranges=1 map_eff_cores=0.16 merge_eff_cores=0.16
event=kink_round H=5 col=12 round=stage1 frontier_in=94 map_wall_s=0.019 map_cpu_s=0.002 merge_wall_s=0.019 merge_cpu_s=0.001 map_units=1 merge_ranges=1 map_eff_cores=0.10 merge_eff_cores=0.05
event=kink_round H=3 col=17 round=stage1 frontier_in=17 map_wall_s=0.006 map_cpu_s=0.002 merge_wall_s=0.017 merge_cpu_s=0.001 map_units=1 merge_ranges=1 map_eff_cores=0.31 merge_eff_cores=0.06
event=kink_round H=8 col=4 round=stage5 frontier_in=2858 map_wall_s=0.030 map_cpu_s=0.013 merge_wall_s=0.023 merge_cpu_s=0.009 map_units=2 merge_ranges=2 map_eff_cores=0.43 merge_eff_cores=0.40
event=kink_round H=7 col=6 round=stage3 frontier_in=1036 map_wall_s=0.009 map_cpu_s=0.005 merge_wall_s=0.020 merge_cpu_s=0.004 map_units=1 merge_ranges=1 map_eff_cores=0.55 merge_eff_cores=0.20
event=kink_round H=3 col=17 round=stage2 frontier_in=23 map_wall_s=0.010 map_cpu_s=0.002 merge_wall_s=0.010 merge_cpu_s=0.001 map_units=1 merge_ranges=1 map_eff_cores=0.19 merge_eff_cores=0.10
event=kink_round H=5 col=12 round=stage2 frontier_in=146 map_wall_s=0.012 map_cpu_s=0.002 merge_wall_s=0.009 merge_cpu_s=0.001 map_units=1 merge_ranges=1 map_eff_cores=0.16 merge_eff_cores=0.11
event=kink_round H=6 col=9 round=stage4 frontier_in=423 map_wall_s=0.013 map_cpu_s=0.003 merge_wall_s=0.010 merge_cpu_s=0.003 map_units=1 merge_ranges=1 map_eff_cores=0.23 merge_eff_cores=0.30
event=kink_round H=7 col=6 round=stage4 frontier_in=1113 map_wall_s=0.009 map_cpu_s=0.005 merge_wall_s=0.010 merge_cpu_s=0.004 map_units=1 merge_ranges=1 map_eff_cores=0.58 merge_eff_cores=0.42
event=kink_round H=4 col=14 round=finalize frontier_in=70 map_wall_s=0.017 map_cpu_s=0.001 merge_wall_s=0.029 merge_cpu_s=0.001 map_units=1 merge_ranges=1 map_eff_cores=0.06 merge_eff_cores=0.03
event=column H=4 col=14 frontier_in=22 frontier_out=22 wall_s=0.19 cum_wall_s=12.5 cpu_s=0.0 rss_max_mb=56.8 map_wall_s=0.09 map_cpu_s=0.0 merge_wall_s=0.10 merge_cpu_s=0.0 map_units=6 merge_ranges=5 eff_cores=0.07
event=kink_round H=3 col=17 round=finalize frontier_in=27 map_wall_s=0.001 map_cpu_s=0.000 merge_wall_s=0.003 merge_cpu_s=0.001 map_units=1 merge_ranges=1 map_eff_cores=0.00 merge_eff_cores=0.33
event=column H=3 col=17 frontier_in=10 frontier_out=10 wall_s=0.10 cum_wall_s=12.6 cpu_s=0.0 rss_max_mb=52.8 map_wall_s=0.04 map_cpu_s=0.0 merge_wall_s=0.06 merge_cpu_s=0.0 map_units=5 merge_ranges=4 eff_cores=0.10
event=kink_round H=5 col=12 round=stage3 frontier_in=166 map_wall_s=0.001 map_cpu_s=0.001 merge_wall_s=0.005 merge_cpu_s=0.001 map_units=1 merge_ranges=1 map_eff_cores=0.86 merge_eff_cores=0.20
event=kink_round H=8 col=4 round=stage6 frontier_in=2920 map_wall_s=0.016 map_cpu_s=0.012 merge_wall_s=0.011 merge_cpu_s=0.010 map_units=2 merge_ranges=2 map_eff_cores=0.75 merge_eff_cores=0.92
event=kink_round H=3 col=18 round=seed frontier_in=10 map_wall_s=0.004 map_cpu_s=0.000 merge_wall_s=0.000 merge_cpu_s=0.000 map_units=1 merge_ranges=0 map_eff_cores=0.00 merge_eff_cores=0.00
event=kink_round H=11 col=2 round=stage5 frontier_in=37682 map_wall_s=0.039 map_cpu_s=0.108 merge_wall_s=0.046 merge_cpu_s=0.093 map_units=19 merge_ranges=19 map_eff_cores=2.75 merge_eff_cores=2.04
event=kink_round H=10 col=2 round=finalize frontier_in=19162 map_wall_s=0.026 map_cpu_s=0.051 merge_wall_s=0.039 merge_cpu_s=0.030 map_units=10 merge_ranges=10 map_eff_cores=1.96 merge_eff_cores=0.78
event=column H=10 col=2 frontier_in=4107 frontier_out=5379 wall_s=0.92 cum_wall_s=13.6 cpu_s=0.8 rss_max_mb=73.0 map_wall_s=0.31 map_cpu_s=0.5 merge_wall_s=0.53 merge_cpu_s=0.3 map_units=86 merge_ranges=83 eff_cores=0.89
event=kink_round H=6 col=9 round=stage5 frontier_in=458 map_wall_s=0.002 map_cpu_s=0.002 merge_wall_s=0.011 merge_cpu_s=0.002 map_units=1 merge_ranges=1 map_eff_cores=0.93 merge_eff_cores=0.18
event=kink_round H=4 col=15 round=seed frontier_in=22 map_wall_s=0.009 map_cpu_s=0.001 merge_wall_s=0.000 merge_cpu_s=0.000 map_units=1 merge_ranges=0 map_eff_cores=0.12 merge_eff_cores=0.00
event=kink_round H=3 col=18 round=stage0 frontier_in=10 map_wall_s=0.000 map_cpu_s=0.000 merge_wall_s=0.010 merge_cpu_s=0.001 map_units=1 merge_ranges=1 map_eff_cores=0.00 merge_eff_cores=0.10
event=kink_round H=9 col=3 round=stage7 frontier_in=7594 map_wall_s=0.021 map_cpu_s=0.026 merge_wall_s=0.047 merge_cpu_s=0.021 map_units=4 merge_ranges=4 map_eff_cores=1.23 merge_eff_cores=0.44
event=kink_round H=7 col=6 round=stage5 frontier_in=1130 map_wall_s=0.005 map_cpu_s=0.004 merge_wall_s=0.023 merge_cpu_s=0.005 map_units=1 merge_ranges=1 map_eff_cores=0.89 merge_eff_cores=0.22
event=kink_round H=4 col=15 round=stage0 frontier_in=22 map_wall_s=0.007 map_cpu_s=0.001 merge_wall_s=0.012 merge_cpu_s=0.001 map_units=1 merge_ranges=1 map_eff_cores=0.15 merge_eff_cores=0.09
event=kink_round H=6 col=9 round=finalize frontier_in=447 map_wall_s=0.008 map_cpu_s=0.001 merge_wall_s=0.012 merge_cpu_s=0.001 map_units=1 merge_ranges=1 map_eff_cores=0.13 merge_eff_cores=0.09
event=column H=6 col=9 frontier_in=131 frontier_out=131 wall_s=0.21 cum_wall_s=13.8 cpu_s=0.0 rss_max_mb=56.8 map_wall_s=0.10 map_cpu_s=0.0 merge_wall_s=0.11 merge_cpu_s=0.0 map_units=8 merge_ranges=7 eff_cores=0.14
event=kink_round H=5 col=12 round=stage4 frontier_in=179 map_wall_s=0.018 map_cpu_s=0.001 merge_wall_s=0.001 merge_cpu_s=0.001 map_units=1 merge_ranges=1 map_eff_cores=0.06 merge_eff_cores=0.81
event=kink_round H=6 col=10 round=seed frontier_in=131 map_wall_s=0.001 map_cpu_s=0.001 merge_wall_s=0.000 merge_cpu_s=0.000 map_units=1 merge_ranges=0 map_eff_cores=0.70 merge_eff_cores=0.00
event=kink_round H=4 col=15 round=stage1 frontier_in=36 map_wall_s=0.001 map_cpu_s=0.000 merge_wall_s=0.002 merge_cpu_s=0.000 map_units=1 merge_ranges=1 map_eff_cores=0.00 merge_eff_cores=0.00
event=kink_round H=3 col=18 round=stage1 frontier_in=17 map_wall_s=0.014 map_cpu_s=0.001 merge_wall_s=0.006 merge_cpu_s=0.000 map_units=1 merge_ranges=1 map_eff_cores=0.07 merge_eff_cores=0.00
event=kink_round H=7 col=6 round=stage6 frontier_in=1170 map_wall_s=0.005 map_cpu_s=0.005 merge_wall_s=0.004 merge_cpu_s=0.003 map_units=1 merge_ranges=1 map_eff_cores=0.97 merge_eff_cores=0.68
event=kink_round H=3 col=18 round=stage2 frontier_in=23 map_wall_s=0.002 map_cpu_s=0.000 merge_wall_s=0.000 merge_cpu_s=0.000 map_units=1 merge_ranges=1 map_eff_cores=0.00 merge_eff_cores=0.00
event=kink_round H=3 col=18 round=finalize frontier_in=27 map_wall_s=0.000 map_cpu_s=0.000 merge_wall_s=0.000 merge_cpu_s=0.000 map_units=1 merge_ranges=1 map_eff_cores=0.00 merge_eff_cores=0.00
event=column H=3 col=18 frontier_in=10 frontier_out=10 wall_s=0.04 cum_wall_s=13.8 cpu_s=0.0 rss_max_mb=73.0 map_wall_s=0.02 map_cpu_s=0.0 merge_wall_s=0.02 merge_cpu_s=0.0 map_units=5 merge_ranges=4 eff_cores=0.05
event=kink_round H=3 col=19 round=seed frontier_in=10 map_wall_s=0.001 map_cpu_s=0.000 merge_wall_s=0.000 merge_cpu_s=0.000 map_units=1 merge_ranges=0 map_eff_cores=0.00 merge_eff_cores=0.00
event=kink_round H=6 col=10 round=stage0 frontier_in=131 map_wall_s=0.004 map_cpu_s=0.001 merge_wall_s=0.004 merge_cpu_s=0.001 map_units=1 merge_ranges=1 map_eff_cores=0.24 merge_eff_cores=0.24
event=kink_round H=3 col=19 round=stage0 frontier_in=10 map_wall_s=0.001 map_cpu_s=0.000 merge_wall_s=0.001 merge_cpu_s=0.000 map_units=1 merge_ranges=1 map_eff_cores=0.00 merge_eff_cores=0.00
event=kink_round H=5 col=12 round=finalize frontier_in=180 map_wall_s=0.008 map_cpu_s=0.001 merge_wall_s=0.004 merge_cpu_s=0.001 map_units=1 merge_ranges=1 map_eff_cores=0.12 merge_eff_cores=0.24
event=column H=5 col=12 frontier_in=57 frontier_out=57 wall_s=0.15 cum_wall_s=13.9 cpu_s=0.0 rss_max_mb=52.8 map_wall_s=0.08 map_cpu_s=0.0 merge_wall_s=0.05 merge_cpu_s=0.0 map_units=7 merge_ranges=6 eff_cores=0.12
event=kink_round H=5 col=13 round=seed frontier_in=57 map_wall_s=0.001 map_cpu_s=0.000 merge_wall_s=0.000 merge_cpu_s=0.000 map_units=1 merge_ranges=0 map_eff_cores=0.00 merge_eff_cores=0.00
event=kink_round H=8 col=4 round=stage7 frontier_in=2997 map_wall_s=0.032 map_cpu_s=0.013 merge_wall_s=0.008 merge_cpu_s=0.008 map_units=2 merge_ranges=2 map_eff_cores=0.41 merge_eff_cores=0.95
event=kink_round H=7 col=6 round=finalize frontier_in=1129 map_wall_s=0.005 map_cpu_s=0.005 merge_wall_s=0.006 merge_cpu_s=0.001 map_units=1 merge_ranges=1 map_eff_cores=0.92 merge_eff_cores=0.17
event=kink_round H=10 col=3 round=seed frontier_in=5379 map_wall_s=0.048 map_cpu_s=0.015 merge_wall_s=0.000 merge_cpu_s=0.000 map_units=3 merge_ranges=0 map_eff_cores=0.31 merge_eff_cores=0.00
event=kink_round H=18 col=1 round=stage1 frontier_in=262654 map_wall_s=0.076 map_cpu_s=0.700 merge_wall_s=0.158 merge_cpu_s=0.510 map_units=129 merge_ranges=80 map_eff_cores=9.18 merge_eff_cores=3.23
event=kink_round H=6 col=10 round=stage1 frontier_in=212 map_wall_s=0.003 map_cpu_s=0.001 merge_wall_s=0.043 merge_cpu_s=0.001 map_units=1 merge_ranges=1 map_eff_cores=0.37 merge_eff_cores=0.02
event=kink_round H=3 col=19 round=stage1 frontier_in=17 map_wall_s=0.006 map_cpu_s=0.000 merge_wall_s=0.039 merge_cpu_s=0.000 map_units=1 merge_ranges=1 map_eff_cores=0.00 merge_eff_cores=0.00
event=kink_round H=14 col=1 round=stage9 frontier_in=121360 map_wall_s=0.046 map_cpu_s=0.360 merge_wall_s=0.156 merge_cpu_s=0.305 map_units=60 merge_ranges=60 map_eff_cores=7.80 merge_eff_cores=1.95
event=column H=7 col=6 frontier_in=335 frontier_out=335 wall_s=0.28 cum_wall_s=14.2 cpu_s=0.1 rss_max_mb=56.8 map_wall_s=0.10 map_cpu_s=0.0 merge_wall_s=0.12 merge_cpu_s=0.0 map_units=9 merge_ranges=8 eff_cores=0.23
event=kink_round H=9 col=3 round=stage8 frontier_in=7731 map_wall_s=0.026 map_cpu_s=0.028 merge_wall_s=0.057 merge_cpu_s=0.017 map_units=4 merge_ranges=4 map_eff_cores=1.06 merge_eff_cores=0.30
event=kink_round H=7 col=7 round=seed frontier_in=335 map_wall_s=0.016 map_cpu_s=0.002 merge_wall_s=0.000 merge_cpu_s=0.000 map_units=1 merge_ranges=0 map_eff_cores=0.13 merge_eff_cores=0.00
event=kink_round H=3 col=19 round=stage2 frontier_in=23 map_wall_s=0.018 map_cpu_s=0.000 merge_wall_s=0.008 merge_cpu_s=0.000 map_units=1 merge_ranges=1 map_eff_cores=0.00 merge_eff_cores=0.00
event=kink_round H=8 col=4 round=finalize frontier_in=2895 map_wall_s=0.054 map_cpu_s=0.008 merge_wall_s=0.015 merge_cpu_s=0.004 map_units=2 merge_ranges=2 map_eff_cores=0.15 merge_eff_cores=0.27
event=column H=8 col=4 frontier_in=825 frontier_out=825 wall_s=0.43 cum_wall_s=14.7 cpu_s=0.2 rss_max_mb=56.8 map_wall_s=0.25 map_cpu_s=0.1 merge_wall_s=0.17 merge_cpu_s=0.1 map_units=17 merge_ranges=16 eff_cores=0.35
event=kink_round H=12 col=2 round=stage2 frontier_in=62708 map_wall_s=0.037 map_cpu_s=0.200 merge_wall_s=0.120 merge_cpu_s=0.135 map_units=31 merge_ranges=31 map_eff_cores=5.36 merge_eff_cores=1.12
event=kink_round H=5 col=13 round=stage0 frontier_in=57 map_wall_s=0.035 map_cpu_s=0.001 merge_wall_s=0.041 merge_cpu_s=0.000 map_units=1 merge_ranges=1 map_eff_cores=0.03 merge_eff_cores=0.00
event=kink_round H=6 col=10 round=stage2 frontier_in=341 map_wall_s=0.020 map_cpu_s=0.002 merge_wall_s=0.020 merge_cpu_s=0.001 map_units=1 merge_ranges=1 map_eff_cores=0.10 merge_eff_cores=0.05
event=kink_round H=8 col=5 round=seed frontier_in=825 map_wall_s=0.018 map_cpu_s=0.003 merge_wall_s=0.000 merge_cpu_s=0.000 map_units=1 merge_ranges=0 map_eff_cores=0.17 merge_eff_cores=0.00
event=kink_round H=13 col=1 round=stage12 frontier_in=113906 map_wall_s=0.036 map_cpu_s=0.335 merge_wall_s=0.198 merge_cpu_s=0.329 map_units=56 merge_ranges=56 map_eff_cores=9.41 merge_eff_cores=1.66
event=kink_round H=4 col=15 round=stage2 frontier_in=56 map_wall_s=0.047 map_cpu_s=0.001 merge_wall_s=0.090 merge_cpu_s=0.001 map_units=1 merge_ranges=1 map_eff_cores=0.02 merge_eff_cores=0.01
event=kink_round H=11 col=2 round=stage6 frontier_in=39831 map_wall_s=0.078 map_cpu_s=0.120 merge_wall_s=0.088 merge_cpu_s=0.085 map_units=20 merge_ranges=20 map_eff_cores=1.53 merge_eff_cores=0.97
event=kink_round H=9 col=3 round=finalize frontier_in=7527 map_wall_s=0.026 map_cpu_s=0.020 merge_wall_s=0.057 merge_cpu_s=0.008 map_units=4 merge_ranges=4 map_eff_cores=0.78 merge_eff_cores=0.14
event=column H=9 col=3 frontier_in=2113 frontier_out=2152 wall_s=0.69 cum_wall_s=15.3 cpu_s=0.4 rss_max_mb=73.0 map_wall_s=0.28 map_cpu_s=0.2 merge_wall_s=0.39 merge_cpu_s=0.2 map_units=37 merge_ranges=35 eff_cores=0.55
event=kink_round H=9 col=4 round=seed frontier_in=2152 map_wall_s=0.015 map_cpu_s=0.008 merge_wall_s=0.000 merge_cpu_s=0.000 map_units=2 merge_ranges=0 map_eff_cores=0.54 merge_eff_cores=0.00
event=kink_round H=7 col=7 round=stage0 frontier_in=335 map_wall_s=0.076 map_cpu_s=0.002 merge_wall_s=0.020 merge_cpu_s=0.003 map_units=1 merge_ranges=1 map_eff_cores=0.03 merge_eff_cores=0.15
event=kink_round H=5 col=13 round=stage1 frontier_in=94 map_wall_s=0.041 map_cpu_s=0.001 merge_wall_s=0.020 merge_cpu_s=0.002 map_units=1 merge_ranges=1 map_eff_cores=0.02 merge_eff_cores=0.10
event=kink_round H=6 col=10 round=stage3 frontier_in=403 map_wall_s=0.056 map_cpu_s=0.002 merge_wall_s=0.026 merge_cpu_s=0.002 map_units=1 merge_ranges=1 map_eff_cores=0.04 merge_eff_cores=0.08
event=kink_round H=4 col=15 round=stage3 frontier_in=59 map_wall_s=0.019 map_cpu_s=0.000 merge_wall_s=0.021 merge_cpu_s=0.001 map_units=1 merge_ranges=1 map_eff_cores=0.00 merge_eff_cores=0.05
event=kink_round H=3 col=19 round=finalize frontier_in=27 map_wall_s=0.017 map_cpu_s=0.001 merge_wall_s=0.087 merge_cpu_s=0.001 map_units=1 merge_ranges=1 map_eff_cores=0.06 merge_eff_cores=0.01
event=kink_round H=8 col=5 round=stage0 frontier_in=825 map_wall_s=0.056 map_cpu_s=0.004 merge_wall_s=0.030 merge_cpu_s=0.004 map_units=1 merge_ranges=1 map_eff_cores=0.07 merge_eff_cores=0.13
event=kink_round H=6 col=10 round=stage4 frontier_in=423 map_wall_s=0.010 map_cpu_s=0.002 merge_wall_s=0.002 merge_cpu_s=0.001 map_units=1 merge_ranges=1 map_eff_cores=0.21 merge_eff_cores=0.65
event=kink_round H=4 col=15 round=finalize frontier_in=70 map_wall_s=0.014 map_cpu_s=0.001 merge_wall_s=0.000 merge_cpu_s=0.000 map_units=1 merge_ranges=1 map_eff_cores=0.07 merge_eff_cores=0.00
event=column H=4 col=15 frontier_in=22 frontier_out=22 wall_s=0.22 cum_wall_s=15.6 cpu_s=0.0 rss_max_mb=73.0 map_wall_s=0.10 map_cpu_s=0.0 merge_wall_s=0.13 merge_cpu_s=0.0 map_units=6 merge_ranges=5 eff_cores=0.03
event=kink_round H=4 col=16 round=seed frontier_in=22 map_wall_s=0.001 map_cpu_s=0.000 merge_wall_s=0.000 merge_cpu_s=0.000 map_units=1 merge_ranges=0 map_eff_cores=0.00 merge_eff_cores=0.00
event=column H=3 col=19 frontier_in=10 frontier_out=10 wall_s=0.19 cum_wall_s=15.8 cpu_s=0.0 rss_max_mb=56.8 map_wall_s=0.04 map_cpu_s=0.0 merge_wall_s=0.14 merge_cpu_s=0.0 map_units=5 merge_ranges=4 eff_cores=0.01
event=kink_round H=10 col=3 round=stage0 frontier_in=5379 map_wall_s=0.024 map_cpu_s=0.021 merge_wall_s=0.146 merge_cpu_s=0.015 map_units=3 merge_ranges=3 map_eff_cores=0.86 merge_eff_cores=0.10
event=kink_round H=7 col=7 round=stage1 frontier_in=544 map_wall_s=0.010 map_cpu_s=0.003 merge_wall_s=0.008 merge_cpu_s=0.003 map_units=1 merge_ranges=1 map_eff_cores=0.30 merge_eff_cores=0.37
event=kink_round H=3 col=20 round=seed frontier_in=10 map_wall_s=0.000 map_cpu_s=0.000 merge_wall_s=0.000 merge_cpu_s=0.000 map_units=1 merge_ranges=0 map_eff_cores=0.00 merge_eff_cores=0.00
event=kink_round H=8 col=5 round=stage1 frontier_in=1328 map_wall_s=0.006 map_cpu_s=0.006 merge_wall_s=0.010 merge_cpu_s=0.008 map_units=1 merge_ranges=1 map_eff_cores=1.00 merge_eff_cores=0.78
event=kink_round H=5 col=13 round=stage2 frontier_in=146 map_wall_s=0.025 map_cpu_s=0.002 merge_wall_s=0.023 merge_cpu_s=0.001 map_units=1 merge_ranges=1 map_eff_cores=0.08 merge_eff_cores=0.04
event=kink_round H=7 col=7 round=stage2 frontier_in=873 map_wall_s=0.006 map_cpu_s=0.006 merge_wall_s=0.026 merge_cpu_s=0.003 map_units=1 merge_ranges=1 map_eff_cores=1.01 merge_eff_cores=0.12
event=kink_round H=6 col=10 round=stage5 frontier_in=458 map_wall_s=0.008 map_cpu_s=0.002 merge_wall_s=0.039 merge_cpu_s=0.003 map_units=1 merge_ranges=1 map_eff_cores=0.26 merge_eff_cores=0.08
event=kink_round H=9 col=4 round=stage0 frontier_in=2152 map_wall_s=0.028 map_cpu_s=0.014 merge_wall_s=0.045 merge_cpu_s=0.011 map_units=2 merge_ranges=2 map_eff_cores=0.51 merge_eff_cores=0.24
event=kink_round H=11 col=2 round=stage7 frontier_in=42305 map_wall_s=0.044 map_cpu_s=0.129 merge_wall_s=0.054 merge_cpu_s=0.112 map_units=21 merge_ranges=21 map_eff_cores=2.95 merge_eff_cores=2.08
event=kink_round H=14 col=1 round=stage10 frontier_in=147165 map_wall_s=0.095 map_cpu_s=0.410 merge_wall_s=0.080 merge_cpu_s=0.402 map_units=72 merge_ranges=72 map_eff_cores=4.33 merge_eff_cores=5.05
event=kink_round H=5 col=13 round=stage3 frontier_in=166 map_wall_s=0.023 map_cpu_s=0.001 merge_wall_s=0.004 merge_cpu_s=0.001 map_units=1 merge_ranges=1 map_eff_cores=0.04 merge_eff_cores=0.25
event=kink_round H=8 col=5 round=stage2 frontier_in=2153 map_wall_s=0.032 map_cpu_s=0.010 merge_wall_s=0.020 merge_cpu_s=0.008 map_units=2 merge_ranges=2 map_eff_cores=0.32 merge_eff_cores=0.39
event=kink_round H=5 col=13 round=stage4 frontier_in=179 map_wall_s=0.002 map_cpu_s=0.001 merge_wall_s=0.001 merge_cpu_s=0.001 map_units=1 merge_ranges=1 map_eff_cores=0.55 merge_eff_cores=0.83
event=kink_round H=5 col=13 round=finalize frontier_in=180 map_wall_s=0.001 map_cpu_s=0.001 merge_wall_s=0.001 merge_cpu_s=0.000 map_units=1 merge_ranges=1 map_eff_cores=0.95 merge_eff_cores=0.00
event=column H=5 col=13 frontier_in=57 frontier_out=57 wall_s=0.25 cum_wall_s=16.0 cpu_s=0.0 rss_max_mb=50.8 map_wall_s=0.13 map_cpu_s=0.0 merge_wall_s=0.09 merge_cpu_s=0.0 map_units=7 merge_ranges=6 eff_cores=0.05
event=kink_round H=5 col=14 round=seed frontier_in=57 map_wall_s=0.001 map_cpu_s=0.000 merge_wall_s=0.000 merge_cpu_s=0.000 map_units=1 merge_ranges=0 map_eff_cores=0.00 merge_eff_cores=0.00
event=kink_round H=7 col=7 round=stage3 frontier_in=1036 map_wall_s=0.024 map_cpu_s=0.004 merge_wall_s=0.010 merge_cpu_s=0.004 map_units=1 merge_ranges=1 map_eff_cores=0.17 merge_eff_cores=0.39
event=kink_round H=5 col=14 round=stage0 frontier_in=57 map_wall_s=0.002 map_cpu_s=0.001 merge_wall_s=0.002 merge_cpu_s=0.001 map_units=1 merge_ranges=1 map_eff_cores=0.43 merge_eff_cores=0.46
event=kink_round H=5 col=14 round=stage1 frontier_in=94 map_wall_s=0.001 map_cpu_s=0.001 merge_wall_s=0.001 merge_cpu_s=0.001 map_units=1 merge_ranges=1 map_eff_cores=1.16 merge_eff_cores=0.92
event=kink_round H=9 col=4 round=stage1 frontier_in=3470 map_wall_s=0.017 map_cpu_s=0.015 merge_wall_s=0.009 merge_cpu_s=0.014 map_units=2 merge_ranges=2 map_eff_cores=0.88 merge_eff_cores=1.57
event=kink_round H=5 col=14 round=stage2 frontier_in=146 map_wall_s=0.002 map_cpu_s=0.001 merge_wall_s=0.007 merge_cpu_s=0.001 map_units=1 merge_ranges=1 map_eff_cores=0.58 merge_eff_cores=0.13
event=kink_round H=7 col=7 round=stage4 frontier_in=1113 map_wall_s=0.008 map_cpu_s=0.005 merge_wall_s=0.004 merge_cpu_s=0.003 map_units=1 merge_ranges=1 map_eff_cores=0.63 merge_eff_cores=0.72
event=kink_round H=5 col=14 round=stage3 frontier_in=166 map_wall_s=0.004 map_cpu_s=0.001 merge_wall_s=0.004 merge_cpu_s=0.001 map_units=1 merge_ranges=1 map_eff_cores=0.28 merge_eff_cores=0.26
event=kink_round H=3 col=20 round=stage0 frontier_in=10 map_wall_s=0.001 map_cpu_s=0.000 merge_wall_s=0.090 merge_cpu_s=0.000 map_units=1 merge_ranges=1 map_eff_cores=0.00 merge_eff_cores=0.00
event=kink_round H=4 col=16 round=stage0 frontier_in=22 map_wall_s=0.009 map_cpu_s=0.002 merge_wall_s=0.085 merge_cpu_s=0.000 map_units=1 merge_ranges=1 map_eff_cores=0.23 merge_eff_cores=0.00
event=kink_round H=4 col=16 round=stage1 frontier_in=36 map_wall_s=0.001 map_cpu_s=0.001 merge_wall_s=0.001 merge_cpu_s=0.000 map_units=1 merge_ranges=1 map_eff_cores=1.16 merge_eff_cores=0.00
event=kink_round H=3 col=20 round=stage1 frontier_in=17 map_wall_s=0.001 map_cpu_s=0.001 merge_wall_s=0.002 merge_cpu_s=0.000 map_units=1 merge_ranges=1 map_eff_cores=1.08 merge_eff_cores=0.00
event=kink_round H=17 col=1 round=stage3 frontier_in=289592 map_wall_s=0.052 map_cpu_s=0.772 merge_wall_s=0.327 merge_cpu_s=0.577 map_units=142 merge_ranges=80 map_eff_cores=14.86 merge_eff_cores=1.76
event=kink_round H=4 col=16 round=stage2 frontier_in=56 map_wall_s=0.005 map_cpu_s=0.000 merge_wall_s=0.002 merge_cpu_s=0.001 map_units=1 merge_ranges=1 map_eff_cores=0.00 merge_eff_cores=0.46
event=kink_round H=3 col=20 round=stage2 frontier_in=23 map_wall_s=0.006 map_cpu_s=0.001 merge_wall_s=0.001 merge_cpu_s=0.000 map_units=1 merge_ranges=1 map_eff_cores=0.18 merge_eff_cores=0.00
event=kink_round H=7 col=7 round=stage5 frontier_in=1130 map_wall_s=0.008 map_cpu_s=0.005 merge_wall_s=0.019 merge_cpu_s=0.003 map_units=1 merge_ranges=1 map_eff_cores=0.64 merge_eff_cores=0.15
event=kink_round H=3 col=20 round=finalize frontier_in=27 map_wall_s=0.004 map_cpu_s=0.000 merge_wall_s=0.002 merge_cpu_s=0.001 map_units=1 merge_ranges=1 map_eff_cores=0.00 merge_eff_cores=0.54
event=kink_round H=9 col=4 round=stage2 frontier_in=5617 map_wall_s=0.014 map_cpu_s=0.024 merge_wall_s=0.022 merge_cpu_s=0.016 map_units=3 merge_ranges=3 map_eff_cores=1.68 merge_eff_cores=0.72
event=column H=3 col=20 frontier_in=10 frontier_out=10 wall_s=0.11 cum_wall_s=16.1 cpu_s=0.0 rss_max_mb=56.8 map_wall_s=0.01 map_cpu_s=0.0 merge_wall_s=0.09 merge_cpu_s=0.0 map_units=5 merge_ranges=4 eff_cores=0.03
event=kink_round H=4 col=16 round=stage3 frontier_in=59 map_wall_s=0.006 map_cpu_s=0.001 merge_wall_s=0.002 merge_cpu_s=0.001 map_units=1 merge_ranges=1 map_eff_cores=0.17 merge_eff_cores=0.66
event=kink_round H=10 col=3 round=stage1 frontier_in=8624 map_wall_s=0.028 map_cpu_s=0.031 merge_wall_s=0.080 merge_cpu_s=0.027 map_units=5 merge_ranges=5 map_eff_cores=1.11 merge_eff_cores=0.34
event=kink_round H=8 col=5 round=stage3 frontier_in=2568 map_wall_s=0.018 map_cpu_s=0.011 merge_wall_s=0.035 merge_cpu_s=0.009 map_units=2 merge_ranges=2 map_eff_cores=0.60 merge_eff_cores=0.26
event=kink_round H=6 col=10 round=finalize frontier_in=447 map_wall_s=0.067 map_cpu_s=0.002 merge_wall_s=0.008 merge_cpu_s=0.001 map_units=1 merge_ranges=1 map_eff_cores=0.03 merge_eff_cores=0.13
event=column H=6 col=10 frontier_in=131 frontier_out=131 wall_s=0.31 cum_wall_s=16.4 cpu_s=0.0 rss_max_mb=50.8 map_wall_s=0.17 map_cpu_s=0.0 merge_wall_s=0.14 merge_cpu_s=0.0 map_units=8 merge_ranges=7 eff_cores=0.07
event=kink_round H=5 col=14 round=stage4 frontier_in=179 map_wall_s=0.022 map_cpu_s=0.001 merge_wall_s=0.008 merge_cpu_s=0.002 map_units=1 merge_ranges=1 map_eff_cores=0.05 merge_eff_cores=0.25
event=kink_round H=6 col=11 round=seed frontier_in=131 map_wall_s=0.001 map_cpu_s=0.001 merge_wall_s=0.000 merge_cpu_s=0.000 map_units=1 merge_ranges=0 map_eff_cores=0.85 merge_eff_cores=0.00
event=kink_round H=16 col=1 round=stage6 frontier_in=273382 map_wall_s=0.081 map_cpu_s=0.798 merge_wall_s=0.224 merge_cpu_s=0.499 map_units=134 merge_ranges=80 map_eff_cores=9.85 merge_eff_cores=2.23
event=kink_round H=6 col=11 round=stage0 frontier_in=131 map_wall_s=0.001 map_cpu_s=0.001 merge_wall_s=0.012 merge_cpu_s=0.001 map_units=1 merge_ranges=1 map_eff_cores=0.72 merge_eff_cores=0.08
event=kink_round H=3 col=21 round=seed frontier_in=10 map_wall_s=0.032 map_cpu_s=0.001 merge_wall_s=0.000 merge_cpu_s=0.000 map_units=1 merge_ranges=0 map_eff_cores=0.03 merge_eff_cores=0.00
event=kink_round H=5 col=14 round=finalize frontier_in=180 map_wall_s=0.001 map_cpu_s=0.001 merge_wall_s=0.025 merge_cpu_s=0.001 map_units=1 merge_ranges=1 map_eff_cores=1.20 merge_eff_cores=0.04
event=column H=5 col=14 frontier_in=57 frontier_out=57 wall_s=0.08 cum_wall_s=16.5 cpu_s=0.0 rss_max_mb=52.8 map_wall_s=0.03 map_cpu_s=0.0 merge_wall_s=0.05 merge_cpu_s=0.0 map_units=7 merge_ranges=6 eff_cores=0.16
event=kink_round H=7 col=7 round=stage6 frontier_in=1170 map_wall_s=0.008 map_cpu_s=0.006 merge_wall_s=0.037 merge_cpu_s=0.004 map_units=1 merge_ranges=1 map_eff_cores=0.79 merge_eff_cores=0.11
event=kink_round H=4 col=16 round=finalize frontier_in=70 map_wall_s=0.033 map_cpu_s=0.001 merge_wall_s=0.019 merge_cpu_s=0.001 map_units=1 merge_ranges=1 map_eff_cores=0.03 merge_eff_cores=0.05
event=column H=4 col=16 frontier_in=22 frontier_out=22 wall_s=0.16 cum_wall_s=16.7 cpu_s=0.0 rss_max_mb=73.0 map_wall_s=0.05 map_cpu_s=0.0 merge_wall_s=0.11 merge_cpu_s=0.0 map_units=6 merge_ranges=5 eff_cores=0.05
event=kink_round H=5 col=15 round=seed frontier_in=57 map_wall_s=0.018 map_cpu_s=0.001 merge_wall_s=0.000 merge_cpu_s=0.000 map_units=1 merge_ranges=0 map_eff_cores=0.06 merge_eff_cores=0.00
event=kink_round H=6 col=11 round=stage1 frontier_in=212 map_wall_s=0.025 map_cpu_s=0.002 merge_wall_s=0.015 merge_cpu_s=0.001 map_units=1 merge_ranges=1 map_eff_cores=0.08 merge_eff_cores=0.07
event=kink_round H=3 col=21 round=stage0 frontier_in=10 map_wall_s=0.016 map_cpu_s=0.001 merge_wall_s=0.014 merge_cpu_s=0.000 map_units=1 merge_ranges=1 map_eff_cores=0.06 merge_eff_cores=0.00
event=kink_round H=9 col=4 round=stage3 frontier_in=6680 map_wall_s=0.032 map_cpu_s=0.024 merge_wall_s=0.032 merge_cpu_s=0.021 map_units=4 merge_ranges=4 map_eff_cores=0.74 merge_eff_cores=0.66
event=kink_round H=4 col=17 round=seed frontier_in=22 map_wall_s=0.016 map_cpu_s=0.001 merge_wall_s=0.000 merge_cpu_s=0.000 map_units=1 merge_ranges=0 map_eff_cores=0.06 merge_eff_cores=0.00
event=kink_round H=8 col=5 round=stage4 frontier_in=2795 map_wall_s=0.029 map_cpu_s=0.012 merge_wall_s=0.041 merge_cpu_s=0.009 map_units=2 merge_ranges=2 map_eff_cores=0.41 merge_eff_cores=0.22
event=kink_round H=5 col=15 round=stage0 frontier_in=57 map_wall_s=0.016 map_cpu_s=0.001 merge_wall_s=0.011 merge_cpu_s=0.001 map_units=1 merge_ranges=1 map_eff_cores=0.06 merge_eff_cores=0.09
event=kink_round H=3 col=21 round=stage1 frontier_in=17 map_wall_s=0.005 map_cpu_s=0.000 merge_wall_s=0.014 merge_cpu_s=0.000 map_units=1 merge_ranges=1 map_eff_cores=0.00 merge_eff_cores=0.00
event=kink_round H=12 col=2 round=stage3 frontier_in=76829 map_wall_s=0.031 map_cpu_s=0.330 merge_wall_s=0.198 merge_cpu_s=0.229 map_units=38 merge_ranges=38 map_eff_cores=10.51 merge_eff_cores=1.15
event=kink_round H=6 col=11 round=stage2 frontier_in=341 map_wall_s=0.027 map_cpu_s=0.002 merge_wall_s=0.006 merge_cpu_s=0.002 map_units=1 merge_ranges=1 map_eff_cores=0.07 merge_eff_cores=0.33
event=kink_round H=3 col=21 round=stage2 frontier_in=23 map_wall_s=0.008 map_cpu_s=0.001 merge_wall_s=0.013 merge_cpu_s=0.001 map_units=1 merge_ranges=1 map_eff_cores=0.13 merge_eff_cores=0.08
event=kink_round H=5 col=15 round=stage1 frontier_in=94 map_wall_s=0.020 map_cpu_s=0.001 merge_wall_s=0.006 merge_cpu_s=0.001 map_units=1 merge_ranges=1 map_eff_cores=0.05 merge_eff_cores=0.18
event=kink_round H=15 col=1 round=stage7 frontier_in=165924 map_wall_s=0.025 map_cpu_s=0.445 merge_wall_s=0.436 merge_cpu_s=0.345 map_units=82 merge_ranges=80 map_eff_cores=17.95 merge_eff_cores=0.79
event=kink_round H=13 col=1 round=finalize frontier_in=146732 map_wall_s=0.097 map_cpu_s=0.399 merge_wall_s=0.107 merge_cpu_s=0.389 map_units=72 merge_ranges=72 map_eff_cores=4.11 merge_eff_cores=3.64
event=kink_round H=7 col=7 round=finalize frontier_in=1129 map_wall_s=0.024 map_cpu_s=0.003 merge_wall_s=0.042 merge_cpu_s=0.001 map_units=1 merge_ranges=1 map_eff_cores=0.13 merge_eff_cores=0.02
event=column H=7 col=7 frontier_in=335 frontier_out=335 wall_s=0.35 cum_wall_s=17.0 cpu_s=0.1 rss_max_mb=52.8 map_wall_s=0.18 map_cpu_s=0.0 merge_wall_s=0.17 merge_cpu_s=0.0 map_units=9 merge_ranges=8 eff_cores=0.17
event=kink_round H=8 col=5 round=stage5 frontier_in=2858 map_wall_s=0.021 map_cpu_s=0.012 merge_wall_s=0.014 merge_cpu_s=0.010 map_units=2 merge_ranges=2 map_eff_cores=0.56 merge_eff_cores=0.70
event=kink_round H=7 col=8 round=seed frontier_in=335 map_wall_s=0.002 map_cpu_s=0.001 merge_wall_s=0.000 merge_cpu_s=0.000 map_units=1 merge_ranges=0 map_eff_cores=0.59 merge_eff_cores=0.00
event=kink_round H=3 col=21 round=finalize frontier_in=27 map_wall_s=0.001 map_cpu_s=0.000 merge_wall_s=0.011 merge_cpu_s=0.000 map_units=1 merge_ranges=1 map_eff_cores=0.00 merge_eff_cores=0.00
event=column H=3 col=21 frontier_in=10 frontier_out=10 wall_s=0.12 cum_wall_s=17.1 cpu_s=0.0 rss_max_mb=52.8 map_wall_s=0.06 map_cpu_s=0.0 merge_wall_s=0.05 merge_cpu_s=0.0 map_units=5 merge_ranges=4 eff_cores=0.03
event=kink_round H=6 col=11 round=stage3 frontier_in=403 map_wall_s=0.011 map_cpu_s=0.002 merge_wall_s=0.017 merge_cpu_s=0.002 map_units=1 merge_ranges=1 map_eff_cores=0.19 merge_eff_cores=0.12
event=kink_round H=3 col=22 round=seed frontier_in=10 map_wall_s=0.009 map_cpu_s=0.001 merge_wall_s=0.000 merge_cpu_s=0.000 map_units=1 merge_ranges=0 map_eff_cores=0.11 merge_eff_cores=0.00
event=kink_round H=10 col=3 round=stage2 frontier_in=14071 map_wall_s=0.099 map_cpu_s=0.048 merge_wall_s=0.016 merge_cpu_s=0.035 map_units=7 merge_ranges=7 map_eff_cores=0.49 merge_eff_cores=2.16
event=kink_round H=11 col=2 round=stage8 frontier_in=45231 map_wall_s=0.016 map_cpu_s=0.154 merge_wall_s=0.116 merge_cpu_s=0.111 map_units=23 merge_ranges=23 map_eff_cores=9.70 merge_eff_cores=0.95
event=kink_round H=4 col=17 round=stage0 frontier_in=22 map_wall_s=0.007 map_cpu_s=0.001 merge_wall_s=0.059 merge_cpu_s=0.002 map_units=1 merge_ranges=1 map_eff_cores=0.15 merge_eff_cores=0.03
event=kink_round H=9 col=4 round=stage4 frontier_in=7281 map_wall_s=0.033 map_cpu_s=0.029 merge_wall_s=0.035 merge_cpu_s=0.028 map_units=4 merge_ranges=4 map_eff_cores=0.87 merge_eff_cores=0.80
event=kink_round H=5 col=15 round=stage2 frontier_in=146 map_wall_s=0.003 map_cpu_s=0.001 merge_wall_s=0.027 merge_cpu_s=0.001 map_units=1 merge_ranges=1 map_eff_cores=0.39 merge_eff_cores=0.04
event=kink_round H=8 col=5 round=stage6 frontier_in=2920 map_wall_s=0.011 map_cpu_s=0.014 merge_wall_s=0.027 merge_cpu_s=0.012 map_units=2 merge_ranges=2 map_eff_cores=1.22 merge_eff_cores=0.44
event=kink_round H=7 col=8 round=stage0 frontier_in=335 map_wall_s=0.013 map_cpu_s=0.002 merge_wall_s=0.026 merge_cpu_s=0.002 map_units=1 merge_ranges=1 map_eff_cores=0.15 merge_eff_cores=0.08
event=column H=13 col=1 frontier_in=4159 frontier_out=57408 wall_s=1.59 cum_wall_s=18.7 cpu_s=3.6 rss_max_mb=73.0 map_wall_s=0.49 map_cpu_s=2.0 merge_wall_s=0.84 merge_cpu_s=1.6 map_units=356 merge_ranges=353 eff_cores=2.25
event=kink_round H=3 col=22 round=stage0 frontier_in=10 map_wall_s=0.026 map_cpu_s=0.001 merge_wall_s=0.008 merge_cpu_s=0.000 map_units=1 merge_ranges=1 map_eff_cores=0.04 merge_eff_cores=0.00
event=kink_round H=6 col=11 round=stage4 frontier_in=423 map_wall_s=0.031 map_cpu_s=0.003 merge_wall_s=0.019 merge_cpu_s=0.002 map_units=1 merge_ranges=1 map_eff_cores=0.10 merge_eff_cores=0.11
event=kink_round H=14 col=1 round=stage11 frontier_in=179206 map_wall_s=0.099 map_cpu_s=0.578 merge_wall_s=0.098 merge_cpu_s=0.545 map_units=88 merge_ranges=80 map_eff_cores=5.83 merge_eff_cores=5.55
event=kink_round H=6 col=11 round=stage5 frontier_in=458 map_wall_s=0.047 map_cpu_s=0.002 merge_wall_s=0.005 merge_cpu_s=0.001 map_units=1 merge_ranges=1 map_eff_cores=0.04 merge_eff_cores=0.22
event=kink_round H=7 col=8 round=stage1 frontier_in=544 map_wall_s=0.038 map_cpu_s=0.003 merge_wall_s=0.036 merge_cpu_s=0.003 map_units=1 merge_ranges=1 map_eff_cores=0.08 merge_eff_cores=0.08
event=kink_round H=4 col=17 round=stage1 frontier_in=36 map_wall_s=0.025 map_cpu_s=0.001 merge_wall_s=0.085 merge_cpu_s=0.001 map_units=1 merge_ranges=1 map_eff_cores=0.04 merge_eff_cores=0.01
event=kink_round H=10 col=3 round=stage3 frontier_in=16787 map_wall_s=0.082 map_cpu_s=0.058 merge_wall_s=0.033 merge_cpu_s=0.042 map_units=9 merge_ranges=9 map_eff_cores=0.71 merge_eff_cores=1.25
event=kink_round H=8 col=5 round=stage7 frontier_in=2997 map_wall_s=0.014 map_cpu_s=0.013 merge_wall_s=0.091 merge_cpu_s=0.010 map_units=2 merge_ranges=2 map_eff_cores=0.91 merge_eff_cores=0.11
event=kink_round H=3 col=22 round=stage1 frontier_in=17 map_wall_s=0.084 map_cpu_s=0.001 merge_wall_s=0.013 merge_cpu_s=0.001 map_units=1 merge_ranges=1 map_eff_cores=0.01 merge_eff_cores=0.08
event=kink_round H=4 col=17 round=stage2 frontier_in=56 map_wall_s=0.020 map_cpu_s=0.001 merge_wall_s=0.009 merge_cpu_s=0.001 map_units=1 merge_ranges=1 map_eff_cores=0.05 merge_eff_cores=0.11
event=kink_round H=5 col=15 round=stage3 frontier_in=166 map_wall_s=0.024 map_cpu_s=0.001 merge_wall_s=0.114 merge_cpu_s=0.001 map_units=1 merge_ranges=1 map_eff_cores=0.04 merge_eff_cores=0.01
event=kink_round H=3 col=22 round=stage2 frontier_in=23 map_wall_s=0.016 map_cpu_s=0.000 merge_wall_s=0.001 merge_cpu_s=0.000 map_units=1 merge_ranges=1 map_eff_cores=0.00 merge_eff_cores=0.00
event=kink_round H=3 col=22 round=finalize frontier_in=27 map_wall_s=0.000 map_cpu_s=0.000 merge_wall_s=0.001 merge_cpu_s=0.000 map_units=1 merge_ranges=1 map_eff_cores=0.00 merge_eff_cores=0.00
event=kink_round H=4 col=17 round=stage3 frontier_in=59 map_wall_s=0.002 map_cpu_s=0.001 merge_wall_s=0.001 merge_cpu_s=0.000 map_units=1 merge_ranges=1 map_eff_cores=0.48 merge_eff_cores=0.00
event=column H=3 col=22 frontier_in=10 frontier_out=10 wall_s=0.16 cum_wall_s=18.9 cpu_s=0.0 rss_max_mb=56.8 map_wall_s=0.14 map_cpu_s=0.0 merge_wall_s=0.02 merge_cpu_s=0.0 map_units=5 merge_ranges=4 eff_cores=0.03
event=kink_round H=7 col=8 round=stage2 frontier_in=873 map_wall_s=0.029 map_cpu_s=0.005 merge_wall_s=0.020 merge_cpu_s=0.003 map_units=1 merge_ranges=1 map_eff_cores=0.17 merge_eff_cores=0.15
event=kink_round H=3 col=23 round=seed frontier_in=10 map_wall_s=0.000 map_cpu_s=0.000 merge_wall_s=0.000 merge_cpu_s=0.000 map_units=1 merge_ranges=0 map_eff_cores=0.00 merge_eff_cores=0.00
event=kink_round H=4 col=17 round=finalize frontier_in=70 map_wall_s=0.001 map_cpu_s=0.000 merge_wall_s=0.001 merge_cpu_s=0.000 map_units=1 merge_ranges=1 map_eff_cores=0.00 merge_eff_cores=0.00
event=column H=4 col=17 frontier_in=22 frontier_out=22 wall_s=0.22 cum_wall_s=19.1 cpu_s=0.0 rss_max_mb=56.8 map_wall_s=0.07 map_cpu_s=0.0 merge_wall_s=0.15 merge_cpu_s=0.0 map_units=6 merge_ranges=5 eff_cores=0.04
event=kink_round H=5 col=15 round=stage4 frontier_in=179 map_wall_s=0.003 map_cpu_s=0.001 merge_wall_s=0.001 merge_cpu_s=0.001 map_units=1 merge_ranges=1 map_eff_cores=0.36 merge_eff_cores=1.06
event=kink_round H=3 col=23 round=stage0 frontier_in=10 map_wall_s=0.001 map_cpu_s=0.000 merge_wall_s=0.002 merge_cpu_s=0.000 map_units=1 merge_ranges=1 map_eff_cores=0.00 merge_eff_cores=0.00
event=kink_round H=18 col=1 round=stage2 frontier_in=434876 map_wall_s=0.146 map_cpu_s=1.028 merge_wall_s=0.389 merge_cpu_s=1.043 map_units=213 merge_ranges=80 map_eff_cores=7.04 merge_eff_cores=2.68
event=kink_round H=5 col=15 round=finalize frontier_in=180 map_wall_s=0.002 map_cpu_s=0.001 merge_wall_s=0.002 merge_cpu_s=0.001 map_units=1 merge_ranges=1 map_eff_cores=0.66 merge_eff_cores=0.57
event=column H=5 col=15 frontier_in=57 frontier_out=57 wall_s=0.25 cum_wall_s=19.3 cpu_s=0.0 rss_max_mb=56.8 map_wall_s=0.08 map_cpu_s=0.0 merge_wall_s=0.16 merge_cpu_s=0.0 map_units=7 merge_ranges=6 eff_cores=0.05
event=kink_round H=4 col=18 round=seed frontier_in=22 map_wall_s=0.004 map_cpu_s=0.001 merge_wall_s=0.000 merge_cpu_s=0.000 map_units=1 merge_ranges=0 map_eff_cores=0.26 merge_eff_cores=0.00
event=kink_round H=8 col=5 round=finalize frontier_in=2895 map_wall_s=0.020 map_cpu_s=0.010 merge_wall_s=0.004 merge_cpu_s=0.004 map_units=2 merge_ranges=2 map_eff_cores=0.51 merge_eff_cores=0.90
event=column H=8 col=5 frontier_in=825 frontier_out=825 wall_s=0.50 cum_wall_s=19.8 cpu_s=0.2 rss_max_mb=56.8 map_wall_s=0.23 map_cpu_s=0.1 merge_wall_s=0.27 merge_cpu_s=0.1 map_units=17 merge_ranges=16 eff_cores=0.34
event=kink_round H=5 col=16 round=seed frontier_in=57 map_wall_s=0.001 map_cpu_s=0.001 merge_wall_s=0.000 merge_cpu_s=0.000 map_units=1 merge_ranges=0 map_eff_cores=1.27 merge_eff_cores=0.00
event=kink_round H=3 col=23 round=stage1 frontier_in=17 map_wall_s=0.002 map_cpu_s=0.001 merge_wall_s=0.001 merge_cpu_s=0.000 map_units=1 merge_ranges=1 map_eff_cores=0.52 merge_eff_cores=0.00
event=kink_round H=16 col=1 round=stage7 frontier_in=331090 map_wall_s=0.051 map_cpu_s=0.920 merge_wall_s=0.158 merge_cpu_s=0.702 map_units=162 merge_ranges=80 map_eff_cores=17.98 merge_eff_cores=4.44
event=kink_round H=4 col=18 round=stage0 frontier_in=22 map_wall_s=0.001 map_cpu_s=0.001 merge_wall_s=0.001 merge_cpu_s=0.001 map_units=1 merge_ranges=1 map_eff_cores=1.36 merge_eff_cores=0.91
event=kink_round H=6 col=11 round=finalize frontier_in=447 map_wall_s=0.029 map_cpu_s=0.001 merge_wall_s=0.027 merge_cpu_s=0.001 map_units=1 merge_ranges=1 map_eff_cores=0.03 merge_eff_cores=0.04
event=column H=6 col=11 frontier_in=131 frontier_out=131 wall_s=0.27 cum_wall_s=20.1 cpu_s=0.0 rss_max_mb=52.8 map_wall_s=0.17 map_cpu_s=0.0 merge_wall_s=0.10 merge_cpu_s=0.0 map_units=8 merge_ranges=7 eff_cores=0.09
event=kink_round H=3 col=23 round=stage2 frontier_in=23 map_wall_s=0.001 map_cpu_s=0.001 merge_wall_s=0.001 merge_cpu_s=0.000 map_units=1 merge_ranges=1 map_eff_cores=1.43 merge_eff_cores=0.00
event=kink_round H=13 col=2 round=seed frontier_in=57408 map_wall_s=0.127 map_cpu_s=0.166 merge_wall_s=0.000 merge_cpu_s=0.000 map_units=29 merge_ranges=0 map_eff_cores=1.31 merge_eff_cores=0.00
event=kink_round H=6 col=12 round=seed frontier_in=131 map_wall_s=0.004 map_cpu_s=0.001 merge_wall_s=0.000 merge_cpu_s=0.000 map_units=1 merge_ranges=0 map_eff_cores=0.25 merge_eff_cores=0.00
event=kink_round H=7 col=8 round=stage3 frontier_in=1036 map_wall_s=0.005 map_cpu_s=0.005 merge_wall_s=0.008 merge_cpu_s=0.003 map_units=1 merge_ranges=1 map_eff_cores=1.02 merge_eff_cores=0.40
event=kink_round H=5 col=16 round=stage0 frontier_in=57 map_wall_s=0.001 map_cpu_s=0.001 merge_wall_s=0.010 merge_cpu_s=0.001 map_units=1 merge_ranges=1 map_eff_cores=1.07 merge_eff_cores=0.10
event=kink_round H=8 col=6 round=seed frontier_in=825 map_wall_s=0.014 map_cpu_s=0.003 merge_wall_s=0.000 merge_cpu_s=0.000 map_units=1 merge_ranges=0 map_eff_cores=0.21 merge_eff_cores=0.00
event=kink_round H=3 col=23 round=finalize frontier_in=27 map_wall_s=0.004 map_cpu_s=0.001 merge_wall_s=0.011 merge_cpu_s=0.001 map_units=1 merge_ranges=1 map_eff_cores=0.26 merge_eff_cores=0.09
event=kink_round H=4 col=18 round=stage1 frontier_in=36 map_wall_s=0.005 map_cpu_s=0.001 merge_wall_s=0.011 merge_cpu_s=0.001 map_units=1 merge_ranges=1 map_eff_cores=0.22 merge_eff_cores=0.09
event=column H=3 col=23 frontier_in=10 frontier_out=10 wall_s=0.02 cum_wall_s=20.1 cpu_s=0.0 rss_max_mb=50.8 map_wall_s=0.01 map_cpu_s=0.0 merge_wall_s=0.01 merge_cpu_s=0.0 map_units=5 merge_ranges=4 eff_cores=0.17
event=kink_round H=10 col=3 round=stage4 frontier_in=18319 map_wall_s=0.024 map_cpu_s=0.068 merge_wall_s=0.020 merge_cpu_s=0.044 map_units=9 merge_ranges=9 map_eff_cores=2.79 merge_eff_cores=2.18
event=kink_round H=12 col=2 round=stage4 frontier_in=85005 map_wall_s=0.043 map_cpu_s=0.288 merge_wall_s=0.140 merge_cpu_s=0.205 map_units=42 merge_ranges=42 map_eff_cores=6.67 merge_eff_cores=1.47
event=kink_round H=3 col=24 round=seed frontier_in=10 map_wall_s=0.013 map_cpu_s=0.002 merge_wall_s=0.000 merge_cpu_s=0.000 map_units=1 merge_ranges=0 map_eff_cores=0.15 merge_eff_cores=0.00
event=kink_round H=6 col=12 round=stage0 frontier_in=131 map_wall_s=0.011 map_cpu_s=0.002 merge_wall_s=0.015 merge_cpu_s=0.002 map_units=1 merge_ranges=1 map_eff_cores=0.18 merge_eff_cores=0.14
event=kink_round H=5 col=16 round=stage1 frontier_in=94 map_wall_s=0.020 map_cpu_s=0.002 merge_wall_s=0.002 merge_cpu_s=0.001 map_units=1 merge_ranges=1 map_eff_cores=0.10 merge_eff_cores=0.46
event=kink_round H=4 col=18 round=stage2 frontier_in=56 map_wall_s=0.013 map_cpu_s=0.002 merge_wall_s=0.004 merge_cpu_s=0.001 map_units=1 merge_ranges=1 map_eff_cores=0.15 merge_eff_cores=0.23
event=kink_round H=7 col=8 round=stage4 frontier_in=1113 map_wall_s=0.014 map_cpu_s=0.005 merge_wall_s=0.005 merge_cpu_s=0.004 map_units=1 merge_ranges=1 map_eff_cores=0.37 merge_eff_cores=0.73
event=kink_round H=3 col=24 round=stage0 frontier_in=10 map_wall_s=0.002 map_cpu_s=0.001 merge_wall_s=0.004 merge_cpu_s=0.001 map_units=1 merge_ranges=1 map_eff_cores=0.63 merge_eff_cores=0.26
event=kink_round H=5 col=16 round=stage2 frontier_in=146 map_wall_s=0.002 map_cpu_s=0.001 merge_wall_s=0.002 merge_cpu_s=0.001 map_units=1 merge_ranges=1 map_eff_cores=0.48 merge_eff_cores=0.42
event=kink_round H=4 col=18 round=stage3 frontier_in=59 map_wall_s=0.004 map_cpu_s=0.001 merge_wall_s=0.001 merge_cpu_s=0.001 map_units=1 merge_ranges=1 map_eff_cores=0.25 merge_eff_cores=0.96
event=kink_round H=3 col=24 round=stage1 frontier_in=17 map_wall_s=0.002 map_cpu_s=0.001 merge_wall_s=0.003 merge_cpu_s=0.001 map_units=1 merge_ranges=1 map_eff_cores=0.66 merge_eff_cores=0.29
event=kink_round H=8 col=6 round=stage0 frontier_in=825 map_wall_s=0.022 map_cpu_s=0.005 merge_wall_s=0.006 merge_cpu_s=0.004 map_units=1 merge_ranges=1 map_eff_cores=0.23 merge_eff_cores=0.68
event=kink_round H=17 col=1 round=stage4 frontier_in=365792 map_wall_s=0.096 map_cpu_s=0.992 merge_wall_s=0.214 merge_cpu_s=0.938 map_units=179 merge_ranges=80 map_eff_cores=10.35 merge_eff_cores=4.38
event=kink_round H=4 col=18 round=finalize frontier_in=70 map_wall_s=0.002 map_cpu_s=0.001 merge_wall_s=0.005 merge_cpu_s=0.000 map_units=1 merge_ranges=1 map_eff_cores=0.64 merge_eff_cores=0.00
event=kink_round H=6 col=12 round=stage1 frontier_in=212 map_wall_s=0.007 map_cpu_s=0.002 merge_wall_s=0.007 merge_cpu_s=0.001 map_units=1 merge_ranges=1 map_eff_cores=0.27 merge_eff_cores=0.15
event=column H=4 col=18 frontier_in=22 frontier_out=22 wall_s=0.05 cum_wall_s=20.2 cpu_s=0.0 rss_max_mb=48.8 map_wall_s=0.03 map_cpu_s=0.0 merge_wall_s=0.02 merge_cpu_s=0.0 map_units=6 merge_ranges=5 eff_cores=0.22
event=kink_round H=5 col=16 round=stage3 frontier_in=166 map_wall_s=0.004 map_cpu_s=0.001 merge_wall_s=0.012 merge_cpu_s=0.001 map_units=1 merge_ranges=1 map_eff_cores=0.24 merge_eff_cores=0.09
event=kink_round H=9 col=4 round=stage5 frontier_in=7500 map_wall_s=0.047 map_cpu_s=0.035 merge_wall_s=0.170 merge_cpu_s=0.025 map_units=4 merge_ranges=4 map_eff_cores=0.74 merge_eff_cores=0.15
event=kink_round H=11 col=2 round=stage9 frontier_in=47800 map_wall_s=0.126 map_cpu_s=0.165 merge_wall_s=0.083 merge_cpu_s=0.118 map_units=24 merge_ranges=24 map_eff_cores=1.31 merge_eff_cores=1.42
event=kink_round H=7 col=8 round=stage5 frontier_in=1130 map_wall_s=0.015 map_cpu_s=0.006 merge_wall_s=0.035 merge_cpu_s=0.003 map_units=1 merge_ranges=1 map_eff_cores=0.41 merge_eff_cores=0.09
event=kink_round H=4 col=19 round=seed frontier_in=22 map_wall_s=0.040 map_cpu_s=0.001 merge_wall_s=0.000 merge_cpu_s=0.000 map_units=1 merge_ranges=0 map_eff_cores=0.02 merge_eff_cores=0.00
event=kink_round H=3 col=24 round=stage2 frontier_in=23 map_wall_s=0.004 map_cpu_s=0.000 merge_wall_s=0.052 merge_cpu_s=0.000 map_units=1 merge_ranges=1 map_eff_cores=0.00 merge_eff_cores=0.00
event=kink_round H=8 col=6 round=stage1 frontier_in=1328 map_wall_s=0.020 map_cpu_s=0.007 merge_wall_s=0.044 merge_cpu_s=0.006 map_units=1 merge_ranges=1 map_eff_cores=0.36 merge_eff_cores=0.14
event=kink_round H=5 col=16 round=stage4 frontier_in=179 map_wall_s=0.030 map_cpu_s=0.001 merge_wall_s=0.031 merge_cpu_s=0.002 map_units=1 merge_ranges=1 map_eff_cores=0.03 merge_eff_cores=0.06
event=kink_round H=6 col=12 round=stage2 frontier_in=341 map_wall_s=0.039 map_cpu_s=0.002 merge_wall_s=0.033 merge_cpu_s=0.002 map_units=1 merge_ranges=1 map_eff_cores=0.05 merge_eff_cores=0.06
event=kink_round H=10 col=3 round=stage5 frontier_in=19043 map_wall_s=0.030 map_cpu_s=0.078 merge_wall_s=0.071 merge_cpu_s=0.047 map_units=10 merge_ranges=10 map_eff_cores=2.64 merge_eff_cores=0.66
event=kink_round H=14 col=1 round=stage12 frontier_in=220145 map_wall_s=0.066 map_cpu_s=0.856 merge_wall_s=0.139 merge_cpu_s=0.607 map_units=108 merge_ranges=80 map_eff_cores=12.89 merge_eff_cores=4.37
event=kink_round H=13 col=2 round=stage0 frontier_in=57408 map_wall_s=0.060 map_cpu_s=0.182 merge_wall_s=0.086 merge_cpu_s=0.156 map_units=29 merge_ranges=29 map_eff_cores=3.04 merge_eff_cores=1.82
event=kink_round H=12 col=2 round=stage5 frontier_in=90560 map_wall_s=0.050 map_cpu_s=0.284 merge_wall_s=0.065 merge_cpu_s=0.257 map_units=45 merge_ranges=45 map_eff_cores=5.73 merge_eff_cores=3.96
event=kink_round H=4 col=19 round=stage0 frontier_in=22 map_wall_s=0.043 map_cpu_s=0.002 merge_wall_s=0.032 merge_cpu_s=0.000 map_units=1 merge_ranges=1 map_eff_cores=0.05 merge_eff_cores=0.00
event=kink_round H=3 col=24 round=finalize frontier_in=27 map_wall_s=0.035 map_cpu_s=0.002 merge_wall_s=0.034 merge_cpu_s=0.001 map_units=1 merge_ranges=1 map_eff_cores=0.06 merge_eff_cores=0.03
event=column H=3 col=24 frontier_in=10 frontier_out=10 wall_s=0.15 cum_wall_s=20.3 cpu_s=0.0 rss_max_mb=54.8 map_wall_s=0.06 map_cpu_s=0.0 merge_wall_s=0.09 merge_cpu_s=0.0 map_units=5 merge_ranges=4 eff_cores=0.06
event=kink_round H=3 col=25 round=seed frontier_in=10 map_wall_s=0.006 map_cpu_s=0.000 merge_wall_s=0.000 merge_cpu_s=0.000 map_units=1 merge_ranges=0 map_eff_cores=0.00 merge_eff_cores=0.00
event=kink_round H=3 col=25 round=stage0 frontier_in=10 map_wall_s=0.000 map_cpu_s=0.000 merge_wall_s=0.001 merge_cpu_s=0.000 map_units=1 merge_ranges=1 map_eff_cores=0.00 merge_eff_cores=0.00
event=kink_round H=9 col=4 round=stage6 frontier_in=7569 map_wall_s=0.049 map_cpu_s=0.037 merge_wall_s=0.055 merge_cpu_s=0.021 map_units=4 merge_ranges=4 map_eff_cores=0.75 merge_eff_cores=0.38
event=kink_round H=6 col=12 round=stage3 frontier_in=403 map_wall_s=0.050 map_cpu_s=0.002 merge_wall_s=0.004 merge_cpu_s=0.001 map_units=1 merge_ranges=1 map_eff_cores=0.04 merge_eff_cores=0.22
event=kink_round H=8 col=6 round=stage2 frontier_in=2153 map_wall_s=0.043 map_cpu_s=0.012 merge_wall_s=0.029 merge_cpu_s=0.008 map_units=2 merge_ranges=2 map_eff_cores=0.28 merge_eff_cores=0.28
event=kink_round H=7 col=8 round=stage6 frontier_in=1170 map_wall_s=0.039 map_cpu_s=0.005 merge_wall_s=0.060 merge_cpu_s=0.004 map_units=1 merge_ranges=1 map_eff_cores=0.13 merge_eff_cores=0.07
event=kink_round H=4 col=19 round=stage1 frontier_in=36 map_wall_s=0.018 map_cpu_s=0.001 merge_wall_s=0.009 merge_cpu_s=0.001 map_units=1 merge_ranges=1 map_eff_cores=0.06 merge_eff_cores=0.12
event=kink_round H=6 col=12 round=stage4 frontier_in=423 map_wall_s=0.010 map_cpu_s=0.002 merge_wall_s=0.002 merge_cpu_s=0.001 map_units=1 merge_ranges=1 map_eff_cores=0.19 merge_eff_cores=0.57
event=kink_round H=4 col=19 round=stage2 frontier_in=56 map_wall_s=0.001 map_cpu_s=0.000 merge_wall_s=0.001 merge_cpu_s=0.001 map_units=1 merge_ranges=1 map_eff_cores=0.00 merge_eff_cores=1.26
event=kink_round H=15 col=1 round=stage8 frontier_in=200537 map_wall_s=0.130 map_cpu_s=0.644 merge_wall_s=0.192 merge_cpu_s=0.502 map_units=98 merge_ranges=80 map_eff_cores=4.95 merge_eff_cores=2.62
event=kink_round H=7 col=8 round=finalize frontier_in=1129 map_wall_s=0.004 map_cpu_s=0.003 merge_wall_s=0.002 merge_cpu_s=0.001 map_units=1 merge_ranges=1 map_eff_cores=0.82 merge_eff_cores=0.42
event=column H=7 col=8 frontier_in=335 frontier_out=335 wall_s=0.36 cum_wall_s=20.7 cpu_s=0.1 rss_max_mb=56.8 map_wall_s=0.16 map_cpu_s=0.0 merge_wall_s=0.19 merge_cpu_s=0.0 map_units=9 merge_ranges=8 eff_cores=0.16
event=kink_round H=6 col=12 round=stage5 frontier_in=458 map_wall_s=0.002 map_cpu_s=0.002 merge_wall_s=0.002 merge_cpu_s=0.001 map_units=1 merge_ranges=1 map_eff_cores=1.01 merge_eff_cores=0.45
event=kink_round H=3 col=25 round=stage1 frontier_in=17 map_wall_s=0.001 map_cpu_s=0.001 merge_wall_s=0.020 merge_cpu_s=0.000 map_units=1 merge_ranges=1 map_eff_cores=1.13 merge_eff_cores=0.00
event=kink_round H=7 col=9 round=seed frontier_in=335 map_wall_s=0.007 map_cpu_s=0.002 merge_wall_s=0.000 merge_cpu_s=0.000 map_units=1 merge_ranges=0 map_eff_cores=0.29 merge_eff_cores=0.00
event=kink_round H=4 col=19 round=stage3 frontier_in=59 map_wall_s=0.004 map_cpu_s=0.001 merge_wall_s=0.009 merge_cpu_s=0.000 map_units=1 merge_ranges=1 map_eff_cores=0.25 merge_eff_cores=0.00
event=kink_round H=5 col=16 round=finalize frontier_in=180 map_wall_s=0.032 map_cpu_s=0.001 merge_wall_s=0.059 merge_cpu_s=0.001 map_units=1 merge_ranges=1 map_eff_cores=0.03 merge_eff_cores=0.02
event=kink_round H=8 col=6 round=stage3 frontier_in=2568 map_wall_s=0.008 map_cpu_s=0.010 merge_wall_s=0.020 merge_cpu_s=0.009 map_units=2 merge_ranges=2 map_eff_cores=1.25 merge_eff_cores=0.44
event=kink_round H=9 col=4 round=stage7 frontier_in=7596 map_wall_s=0.010 map_cpu_s=0.031 merge_wall_s=0.020 merge_cpu_s=0.022 map_units=4 merge_ranges=4 map_eff_cores=2.97 merge_eff_cores=1.10
event=column H=5 col=16 frontier_in=57 frontier_out=57 wall_s=0.21 cum_wall_s=20.9 cpu_s=0.0 rss_max_mb=50.8 map_wall_s=0.09 map_cpu_s=0.0 merge_wall_s=0.12 merge_cpu_s=0.0 map_units=7 merge_ranges=6 eff_cores=0.07
event=kink_round H=11 col=2 round=stage10 frontier_in=51107 map_wall_s=0.072 map_cpu_s=0.163 merge_wall_s=0.042 merge_cpu_s=0.120 map_units=25 merge_ranges=25 map_eff_cores=2.27 merge_eff_cores=2.87
event=kink_round H=4 col=19 round=finalize frontier_in=70 map_wall_s=0.001 map_cpu_s=0.000 merge_wall_s=0.047 merge_cpu_s=0.001 map_units=1 merge_ranges=1 map_eff_cores=0.00 merge_eff_cores=0.02
event=kink_round H=5 col=17 round=seed frontier_in=57 map_wall_s=0.085 map_cpu_s=0.001 merge_wall_s=0.000 merge_cpu_s=0.000 map_units=1 merge_ranges=0 map_eff_cores=0.01 merge_eff_cores=0.00
event=kink_round H=10 col=3 round=stage6 frontier_in=19371 map_wall_s=0.056 map_cpu_s=0.072 merge_wall_s=0.124 merge_cpu_s=0.052 map_units=10 merge_ranges=10 map_eff_cores=1.30 merge_eff_cores=0.42
event=column H=4 col=19 frontier_in=22 frontier_out=22 wall_s=0.27 cum_wall_s=21.2 cpu_s=0.0 rss_max_mb=56.8 map_wall_s=0.11 map_cpu_s=0.0 merge_wall_s=0.10 merge_cpu_s=0.0 map_units=6 merge_ranges=5 eff_cores=0.03
event=kink_round H=7 col=9 round=stage0 frontier_in=335 map_wall_s=0.052 map_cpu_s=0.002 merge_wall_s=0.107 merge_cpu_s=0.002 map_units=1 merge_ranges=1 map_eff_cores=0.04 merge_eff_cores=0.02
event=kink_round H=6 col=12 round=finalize frontier_in=447 map_wall_s=0.051 map_cpu_s=0.001 merge_wall_s=0.112 merge_cpu_s=0.001 map_units=1 merge_ranges=1 map_eff_cores=0.02 merge_eff_cores=0.01
event=column H=6 col=12 frontier_in=131 frontier_out=131 wall_s=0.36 cum_wall_s=21.6 cpu_s=0.0 rss_max_mb=56.8 map_wall_s=0.17 map_cpu_s=0.0 merge_wall_s=0.18 merge_cpu_s=0.0 map_units=8 merge_ranges=7 eff_cores=0.06
event=kink_round H=4 col=20 round=seed frontier_in=22 map_wall_s=0.056 map_cpu_s=0.002 merge_wall_s=0.000 merge_cpu_s=0.000 map_units=1 merge_ranges=0 map_eff_cores=0.04 merge_eff_cores=0.00
event=kink_round H=8 col=6 round=stage4 frontier_in=2795 map_wall_s=0.099 map_cpu_s=0.014 merge_wall_s=0.067 merge_cpu_s=0.010 map_units=2 merge_ranges=2 map_eff_cores=0.14 merge_eff_cores=0.15
event=kink_round H=3 col=25 round=stage2 frontier_in=23 map_wall_s=0.087 map_cpu_s=0.000 merge_wall_s=0.089 merge_cpu_s=0.001 map_units=1 merge_ranges=1 map_eff_cores=0.00 merge_eff_cores=0.01
event=kink_round H=6 col=13 round=seed frontier_in=131 map_wall_s=0.031 map_cpu_s=0.001 merge_wall_s=0.000 merge_cpu_s=0.000 map_units=1 merge_ranges=0 map_eff_cores=0.03 merge_eff_cores=0.00
event=kink_round H=5 col=17 round=stage0 frontier_in=57 map_wall_s=0.071 map_cpu_s=0.001 merge_wall_s=0.027 merge_cpu_s=0.001 map_units=1 merge_ranges=1 map_eff_cores=0.01 merge_eff_cores=0.04
event=kink_round H=9 col=4 round=stage8 frontier_in=7732 map_wall_s=0.157 map_cpu_s=0.037 merge_wall_s=0.027 merge_cpu_s=0.024 map_units=4 merge_ranges=4 map_eff_cores=0.24 merge_eff_cores=0.89
event=kink_round H=3 col=25 round=finalize frontier_in=27 map_wall_s=0.010 map_cpu_s=0.000 merge_wall_s=0.024 merge_cpu_s=0.001 map_units=1 merge_ranges=1 map_eff_cores=0.00 merge_eff_cores=0.04
event=kink_round H=6 col=13 round=stage0 frontier_in=131 map_wall_s=0.020 map_cpu_s=0.001 merge_wall_s=0.010 merge_cpu_s=0.001 map_units=1 merge_ranges=1 map_eff_cores=0.05 merge_eff_cores=0.10
event=kink_round H=4 col=20 round=stage0 frontier_in=22 map_wall_s=0.021 map_cpu_s=0.001 merge_wall_s=0.024 merge_cpu_s=0.001 map_units=1 merge_ranges=1 map_eff_cores=0.05 merge_eff_cores=0.04
event=column H=3 col=25 frontier_in=10 frontier_out=10 wall_s=0.25 cum_wall_s=21.8 cpu_s=0.0 rss_max_mb=73.0 map_wall_s=0.10 map_cpu_s=0.0 merge_wall_s=0.13 merge_cpu_s=0.0 map_units=5 merge_ranges=4 eff_cores=0.01
event=kink_round H=11 col=2 round=finalize frontier_in=49839 map_wall_s=0.138 map_cpu_s=0.163 merge_wall_s=0.055 merge_cpu_s=0.081 map_units=25 merge_ranges=25 map_eff_cores=1.18 merge_eff_cores=1.48
event=kink_round H=5 col=17 round=stage1 frontier_in=94 map_wall_s=0.024 map_cpu_s=0.002 merge_wall_s=0.003 merge_cpu_s=0.001 map_units=1 merge_ranges=1 map_eff_cores=0.08 merge_eff_cores=0.34
event=column H=11 col=2 frontier_in=9918 frontier_out=13993 wall_s=1.60 cum_wall_s=23.4 cpu_s=2.4 rss_max_mb=73.0 map_wall_s=0.73 map_cpu_s=1.4 merge_wall_s=0.68 merge_cpu_s=1.0 map_units=222 merge_ranges=217 eff_cores=1.47
event=kink_round H=7 col=9 round=stage1 frontier_in=544 map_wall_s=0.043 map_cpu_s=0.003 merge_wall_s=0.029 merge_cpu_s=0.004 map_units=1 merge_ranges=1 map_eff_cores=0.07 merge_eff_cores=0.14
event=kink_round H=8 col=6 round=stage5 frontier_in=2858 map_wall_s=0.044 map_cpu_s=0.012 merge_wall_s=0.006 merge_cpu_s=0.009 map_units=2 merge_ranges=2 map_eff_cores=0.27 merge_eff_cores=1.60
event=kink_round H=3 col=26 round=seed frontier_in=10 map_wall_s=0.007 map_cpu_s=0.001 merge_wall_s=0.000 merge_cpu_s=0.000 map_units=1 merge_ranges=0 map_eff_cores=0.14 merge_eff_cores=0.00
event=kink_round H=4 col=20 round=stage1 frontier_in=36 map_wall_s=0.001 map_cpu_s=0.001 merge_wall_s=0.006 merge_cpu_s=0.000 map_units=1 merge_ranges=1 map_eff_cores=0.95 merge_eff_cores=0.00
event=kink_round H=13 col=2 round=stage1 frontier_in=91156 map_wall_s=0.099 map_cpu_s=0.303 merge_wall_s=0.142 merge_cpu_s=0.287 map_units=45 merge_ranges=45 map_eff_cores=3.06 merge_eff_cores=2.02
event=kink_round H=16 col=1 round=stage8 frontier_in=400176 map_wall_s=0.137 map_cpu_s=1.256 merge_wall_s=0.258 merge_cpu_s=0.933 map_units=196 merge_ranges=80 map_eff_cores=9.17 merge_eff_cores=3.62
event=kink_round H=5 col=17 round=stage2 frontier_in=146 map_wall_s=0.005 map_cpu_s=0.001 merge_wall_s=0.008 merge_cpu_s=0.001 map_units=1 merge_ranges=1 map_eff_cores=0.20 merge_eff_cores=0.12
event=kink_round H=6 col=13 round=stage1 frontier_in=212 map_wall_s=0.007 map_cpu_s=0.002 merge_wall_s=0.008 merge_cpu_s=0.001 map_units=1 merge_ranges=1 map_eff_cores=0.30 merge_eff_cores=0.12
event=kink_round H=10 col=3 round=stage7 frontier_in=19806 map_wall_s=0.098 map_cpu_s=0.088 merge_wall_s=0.020 merge_cpu_s=0.059 map_units=10 merge_ranges=10 map_eff_cores=0.90 merge_eff_cores=3.02
event=kink_round H=12 col=2 round=stage6 frontier_in=95982 map_wall_s=0.111 map_cpu_s=0.332 merge_wall_s=0.138 merge_cpu_s=0.236 map_units=47 merge_ranges=47 map_eff_cores=3.00 merge_eff_cores=1.71
event=kink_round H=3 col=26 round=stage0 frontier_in=10 map_wall_s=0.009 map_cpu_s=0.000 merge_wall_s=0.001 merge_cpu_s=0.000 map_units=1 merge_ranges=1 map_eff_cores=0.00 merge_eff_cores=0.00
event=kink_round H=3 col=26 round=stage1 frontier_in=17 map_wall_s=0.001 map_cpu_s=0.000 merge_wall_s=0.001 merge_cpu_s=0.000 map_units=1 merge_ranges=1 map_eff_cores=0.00 merge_eff_cores=0.00
event=kink_round H=5 col=17 round=stage3 frontier_in=166 map_wall_s=0.001 map_cpu_s=0.001 merge_wall_s=0.003 merge_cpu_s=0.001 map_units=1 merge_ranges=1 map_eff_cores=0.69 merge_eff_cores=0.31
event=kink_round H=4 col=20 round=stage2 frontier_in=56 map_wall_s=0.007 map_cpu_s=0.000 merge_wall_s=0.005 merge_cpu_s=0.000 map_units=1 merge_ranges=1 map_eff_cores=0.00 merge_eff_cores=0.00
event=kink_round H=7 col=9 round=stage2 frontier_in=873 map_wall_s=0.009 map_cpu_s=0.004 merge_wall_s=0.004 merge_cpu_s=0.003 map_units=1 merge_ranges=1 map_eff_cores=0.47 merge_eff_cores=0.73
event=kink_round H=6 col=13 round=stage2 frontier_in=341 map_wall_s=0.004 map_cpu_s=0.002 merge_wall_s=0.002 merge_cpu_s=0.001 map_units=1 merge_ranges=1 map_eff_cores=0.48 merge_eff_cores=0.46
event=kink_round H=11 col=3 round=seed frontier_in=13993 map_wall_s=0.020 map_cpu_s=0.039 merge_wall_s=0.000 merge_cpu_s=0.000 map_units=7 merge_ranges=0 map_eff_cores=1.99 merge_eff_cores=0.00
event=kink_round H=3 col=26 round=stage2 frontier_in=23 map_wall_s=0.001 map_cpu_s=0.000 merge_wall_s=0.008 merge_cpu_s=0.000 map_units=1 merge_ranges=1 map_eff_cores=0.00 merge_eff_cores=0.00
event=kink_round H=4 col=20 round=stage3 frontier_in=59 map_wall_s=0.004 map_cpu_s=0.001 merge_wall_s=0.016 merge_cpu_s=0.001 map_units=1 merge_ranges=1 map_eff_cores=0.28 merge_eff_cores=0.06
event=kink_round H=3 col=26 round=finalize frontier_in=27 map_wall_s=0.014 map_cpu_s=0.000 merge_wall_s=0.001 merge_cpu_s=0.001 map_units=1 merge_ranges=1 map_eff_cores=0.00 merge_eff_cores=0.83
event=kink_round H=4 col=20 round=finalize frontier_in=70 map_wall_s=0.002 map_cpu_s=0.001 merge_wall_s=0.001 merge_cpu_s=0.001 map_units=1 merge_ranges=1 map_eff_cores=0.43 merge_eff_cores=0.77
event=column H=3 col=26 frontier_in=10 frontier_out=10 wall_s=0.04 cum_wall_s=23.5 cpu_s=0.0 rss_max_mb=52.8 map_wall_s=0.03 map_cpu_s=0.0 merge_wall_s=0.01 merge_cpu_s=0.0 map_units=5 merge_ranges=4 eff_cores=0.05
event=column H=4 col=20 frontier_in=22 frontier_out=22 wall_s=0.15 cum_wall_s=23.6 cpu_s=0.0 rss_max_mb=50.8 map_wall_s=0.09 map_cpu_s=0.0 merge_wall_s=0.05 merge_cpu_s=0.0 map_units=6 merge_ranges=5 eff_cores=0.06
event=kink_round H=5 col=17 round=stage4 frontier_in=179 map_wall_s=0.015 map_cpu_s=0.001 merge_wall_s=0.009 merge_cpu_s=0.001 map_units=1 merge_ranges=1 map_eff_cores=0.07 merge_eff_cores=0.11
event=kink_round H=6 col=13 round=stage3 frontier_in=403 map_wall_s=0.017 map_cpu_s=0.002 merge_wall_s=0.005 merge_cpu_s=0.001 map_units=1 merge_ranges=1 map_eff_cores=0.12 merge_eff_cores=0.19
event=kink_round H=4 col=21 round=seed frontier_in=22 map_wall_s=0.001 map_cpu_s=0.000 merge_wall_s=0.000 merge_cpu_s=0.000 map_units=1 merge_ranges=0 map_eff_cores=0.00 merge_eff_cores=0.00
event=kink_round H=7 col=9 round=stage3 frontier_in=1036 map_wall_s=0.007 map_cpu_s=0.006 merge_wall_s=0.020 merge_cpu_s=0.004 map_units=1 merge_ranges=1 map_eff_cores=0.90 merge_eff_cores=0.20
event=kink_round H=9 col=4 round=finalize frontier_in=7529 map_wall_s=0.038 map_cpu_s=0.028 merge_wall_s=0.025 merge_cpu_s=0.011 map_units=4 merge_ranges=4 map_eff_cores=0.73 merge_eff_cores=0.45
event=kink_round H=3 col=27 round=seed frontier_in=10 map_wall_s=0.004 map_cpu_s=0.001 merge_wall_s=0.000 merge_cpu_s=0.000 map_units=1 merge_ranges=0 map_eff_cores=0.24 merge_eff_cores=0.00
event=kink_round H=6 col=13 round=stage4 frontier_in=423 map_wall_s=0.002 map_cpu_s=0.002 merge_wall_s=0.002 merge_cpu_s=0.001 map_units=1 merge_ranges=1 map_eff_cores=1.05 merge_eff_cores=0.56
event=column H=9 col=4 frontier_in=2152 frontier_out=2153 wall_s=0.90 cum_wall_s=24.5 cpu_s=0.5 rss_max_mb=73.0 map_wall_s=0.44 map_cpu_s=0.3 merge_wall_s=0.44 merge_cpu_s=0.2 map_units=37 merge_ranges=35 eff_cores=0.53
event=kink_round H=5 col=17 round=finalize frontier_in=180 map_wall_s=0.003 map_cpu_s=0.001 merge_wall_s=0.005 merge_cpu_s=0.000 map_units=1 merge_ranges=1 map_eff_cores=0.34 merge_eff_cores=0.00
event=column H=5 col=17 frontier_in=57 frontier_out=57 wall_s=0.26 cum_wall_s=24.8 cpu_s=0.0 rss_max_mb=50.8 map_wall_s=0.20 map_cpu_s=0.0 merge_wall_s=0.06 merge_cpu_s=0.0 map_units=7 merge_ranges=6 eff_cores=0.05
event=kink_round H=5 col=18 round=seed frontier_in=57 map_wall_s=0.001 map_cpu_s=0.001 merge_wall_s=0.000 merge_cpu_s=0.000 map_units=1 merge_ranges=0 map_eff_cores=1.11 merge_eff_cores=0.00
event=kink_round H=3 col=27 round=stage0 frontier_in=10 map_wall_s=0.004 map_cpu_s=0.001 merge_wall_s=0.004 merge_cpu_s=0.001 map_units=1 merge_ranges=1 map_eff_cores=0.25 merge_eff_cores=0.23
event=kink_round H=8 col=6 round=stage6 frontier_in=2920 map_wall_s=0.024 map_cpu_s=0.012 merge_wall_s=0.017 merge_cpu_s=0.009 map_units=2 merge_ranges=2 map_eff_cores=0.49 merge_eff_cores=0.52
event=kink_round H=17 col=1 round=stage5 frontier_in=449440 map_wall_s=0.111 map_cpu_s=1.330 merge_wall_s=0.290 merge_cpu_s=0.977 map_units=220 merge_ranges=80 map_eff_cores=12.02 merge_eff_cores=3.36
event=kink_round H=4 col=21 round=stage0 frontier_in=22 map_wall_s=0.003 map_cpu_s=0.001 merge_wall_s=0.015 merge_cpu_s=0.000 map_units=1 merge_ranges=1 map_eff_cores=0.39 merge_eff_cores=0.00
event=kink_round H=6 col=13 round=stage5 frontier_in=458 map_wall_s=0.002 map_cpu_s=0.002 merge_wall_s=0.012 merge_cpu_s=0.002 map_units=1 merge_ranges=1 map_eff_cores=1.05 merge_eff_cores=0.16
event=kink_round H=9 col=5 round=seed frontier_in=2153 map_wall_s=0.017 map_cpu_s=0.008 merge_wall_s=0.000 merge_cpu_s=0.000 map_units=2 merge_ranges=0 map_eff_cores=0.46 merge_eff_cores=0.00
event=kink_round H=18 col=1 round=stage3 frontier_in=578360 map_wall_s=0.150 map_cpu_s=1.626 merge_wall_s=0.303 merge_cpu_s=1.160 map_units=283 merge_ranges=80 map_eff_cores=10.81 merge_eff_cores=3.83
event=kink_round H=3 col=27 round=stage1 frontier_in=17 map_wall_s=0.006 map_cpu_s=0.001 merge_wall_s=0.010 merge_cpu_s=0.001 map_units=1 merge_ranges=1 map_eff_cores=0.16 merge_eff_cores=0.10
event=kink_round H=5 col=18 round=stage0 frontier_in=57 map_wall_s=0.003 map_cpu_s=0.002 merge_wall_s=0.016 merge_cpu_s=0.001 map_units=1 merge_ranges=1 map_eff_cores=0.59 merge_eff_cores=0.06
event=kink_round H=7 col=9 round=stage4 frontier_in=1113 map_wall_s=0.015 map_cpu_s=0.005 merge_wall_s=0.020 merge_cpu_s=0.003 map_units=1 merge_ranges=1 map_eff_cores=0.34 merge_eff_cores=0.15
event=kink_round H=10 col=3 round=stage8 frontier_in=19890 map_wall_s=0.032 map_cpu_s=0.078 merge_wall_s=0.032 merge_cpu_s=0.055 map_units=10 merge_ranges=10 map_eff_cores=2.41 merge_eff_cores=1.74
event=kink_round H=6 col=13 round=finalize frontier_in=447 map_wall_s=0.014 map_cpu_s=0.002 merge_wall_s=0.015 merge_cpu_s=0.001 map_units=1 merge_ranges=1 map_eff_cores=0.15 merge_eff_cores=0.07
event=column H=6 col=13 frontier_in=131 frontier_out=131 wall_s=0.15 cum_wall_s=24.9 cpu_s=0.0 rss_max_mb=56.8 map_wall_s=0.10 map_cpu_s=0.0 merge_wall_s=0.06 merge_cpu_s=0.0 map_units=8 merge_ranges=7 eff_cores=0.14
event=kink_round H=11 col=3 round=stage0 frontier_in=13993 map_wall_s=0.039 map_cpu_s=0.050 merge_wall_s=0.034 merge_cpu_s=0.045 map_units=7 merge_ranges=7 map_eff_cores=1.29 merge_eff_cores=1.30
event=kink_round H=5 col=18 round=stage1 frontier_in=94 map_wall_s=0.005 map_cpu_s=0.001 merge_wall_s=0.027 merge_cpu_s=0.001 map_units=1 merge_ranges=1 map_eff_cores=0.19 merge_eff_cores=0.04
event=kink_round H=4 col=21 round=stage1 frontier_in=36 map_wall_s=0.020 map_cpu_s=0.000 merge_wall_s=0.040 merge_cpu_s=0.000 map_units=1 merge_ranges=1 map_eff_cores=0.00 merge_eff_cores=0.00
event=kink_round H=8 col=6 round=stage7 frontier_in=2997 map_wall_s=0.024 map_cpu_s=0.014 merge_wall_s=0.043 merge_cpu_s=0.009 map_units=2 merge_ranges=2 map_eff_cores=0.58 merge_eff_cores=0.21
event=kink_round H=9 col=5 round=stage0 frontier_in=2153 map_wall_s=0.020 map_cpu_s=0.013 merge_wall_s=0.050 merge_cpu_s=0.013 map_units=2 merge_ranges=2 map_eff_cores=0.66 merge_eff_cores=0.26
event=kink_round H=3 col=27 round=stage2 frontier_in=23 map_wall_s=0.016 map_cpu_s=0.000 merge_wall_s=0.045 merge_cpu_s=0.000 map_units=1 merge_ranges=1 map_eff_cores=0.00 merge_eff_cores=0.00
event=kink_round H=14 col=1 round=stage13 frontier_in=275044 map_wall_s=0.192 map_cpu_s=1.107 merge_wall_s=0.174 merge_cpu_s=0.738 map_units=135 merge_ranges=80 map_eff_cores=5.76 merge_eff_cores=4.25
event=kink_round H=6 col=14 round=seed frontier_in=131 map_wall_s=0.047 map_cpu_s=0.001 merge_wall_s=0.000 merge_cpu_s=0.000 map_units=1 merge_ranges=0 map_eff_cores=0.02 merge_eff_cores=0.00
event=kink_round H=7 col=9 round=stage5 frontier_in=1130 map_wall_s=0.040 map_cpu_s=0.004 merge_wall_s=0.034 merge_cpu_s=0.005 map_units=1 merge_ranges=1 map_eff_cores=0.10 merge_eff_cores=0.15
event=kink_round H=15 col=1 round=stage9 frontier_in=242137 map_wall_s=0.152 map_cpu_s=0.825 merge_wall_s=0.102 merge_cpu_s=0.546 map_units=119 merge_ranges=80 map_eff_cores=5.42 merge_eff_cores=5.36
event=kink_round H=12 col=2 round=stage7 frontier_in=101890 map_wall_s=0.031 map_cpu_s=0.372 merge_wall_s=0.089 merge_cpu_s=0.282 map_units=50 merge_ranges=50 map_eff_cores=11.93 merge_eff_cores=3.17
event=kink_round H=5 col=18 round=stage2 frontier_in=146 map_wall_s=0.047 map_cpu_s=0.002 merge_wall_s=0.017 merge_cpu_s=0.001 map_units=1 merge_ranges=1 map_eff_cores=0.04 merge_eff_cores=0.06
event=kink_round H=6 col=14 round=stage0 frontier_in=131 map_wall_s=0.022 map_cpu_s=0.002 merge_wall_s=0.023 merge_cpu_s=0.002 map_units=1 merge_ranges=1 map_eff_cores=0.09 merge_eff_cores=0.09
event=kink_round H=4 col=21 round=stage2 frontier_in=56 map_wall_s=0.028 map_cpu_s=0.001 merge_wall_s=0.036 merge_cpu_s=0.001 map_units=1 merge_ranges=1 map_eff_cores=0.04 merge_eff_cores=0.03
event=kink_round H=8 col=6 round=finalize frontier_in=2895 map_wall_s=0.032 map_cpu_s=0.012 merge_wall_s=0.032 merge_cpu_s=0.007 map_units=2 merge_ranges=2 map_eff_cores=0.37 merge_eff_cores=0.22
event=column H=8 col=6 frontier_in=825 frontier_out=825 wall_s=0.61 cum_wall_s=25.5 cpu_s=0.2 rss_max_mb=73.0 map_wall_s=0.33 map_cpu_s=0.1 merge_wall_s=0.26 merge_cpu_s=0.1 map_units=17 merge_ranges=16 eff_cores=0.28
event=kink_round H=7 col=9 round=stage6 frontier_in=1170 map_wall_s=0.019 map_cpu_s=0.006 merge_wall_s=0.019 merge_cpu_s=0.005 map_units=1 merge_ranges=1 map_eff_cores=0.32 merge_eff_cores=0.26
event=kink_round H=13 col=2 round=stage2 frontier_in=151403 map_wall_s=0.053 map_cpu_s=0.508 merge_wall_s=0.128 merge_cpu_s=0.427 map_units=74 merge_ranges=74 map_eff_cores=9.54 merge_eff_cores=3.34
event=kink_round H=3 col=27 round=finalize frontier_in=27 map_wall_s=0.042 map_cpu_s=0.001 merge_wall_s=0.023 merge_cpu_s=0.001 map_units=1 merge_ranges=1 map_eff_cores=0.02 merge_eff_cores=0.04
event=column H=3 col=27 frontier_in=10 frontier_out=10 wall_s=0.16 cum_wall_s=25.7 cpu_s=0.0 rss_max_mb=48.8 map_wall_s=0.07 map_cpu_s=0.0 merge_wall_s=0.08 merge_cpu_s=0.0 map_units=5 merge_ranges=4 eff_cores=0.04
event=kink_round H=5 col=18 round=stage3 frontier_in=166 map_wall_s=0.020 map_cpu_s=0.002 merge_wall_s=0.012 merge_cpu_s=0.002 map_units=1 merge_ranges=1 map_eff_cores=0.10 merge_eff_cores=0.16
event=kink_round H=10 col=3 round=stage9 frontier_in=20210 map_wall_s=0.058 map_cpu_s=0.088 merge_wall_s=0.059 merge_cpu_s=0.065 map_units=10 merge_ranges=10 map_eff_cores=1.52 merge_eff_cores=1.10
event=kink_round H=8 col=7 round=seed frontier_in=825 map_wall_s=0.013 map_cpu_s=0.004 merge_wall_s=0.000 merge_cpu_s=0.000 map_units=1 merge_ranges=0 map_eff_cores=0.30 merge_eff_cores=0.00
event=kink_round H=9 col=5 round=stage1 frontier_in=3472 map_wall_s=0.039 map_cpu_s=0.020 merge_wall_s=0.033 merge_cpu_s=0.019 map_units=2 merge_ranges=2 map_eff_cores=0.51 merge_eff_cores=0.58
event=kink_round H=11 col=3 round=stage1 frontier_in=22442 map_wall_s=0.065 map_cpu_s=0.097 merge_wall_s=0.042 merge_cpu_s=0.098 map_units=11 merge_ranges=11 map_eff_cores=1.49 merge_eff_cores=2.31
event=kink_round H=6 col=14 round=stage1 frontier_in=212 map_wall_s=0.008 map_cpu_s=0.002 merge_wall_s=0.023 merge_cpu_s=0.001 map_units=1 merge_ranges=1 map_eff_cores=0.25 merge_eff_cores=0.04
event=kink_round H=4 col=21 round=stage3 frontier_in=59 map_wall_s=0.008 map_cpu_s=0.003 merge_wall_s=0.020 merge_cpu_s=0.000 map_units=1 merge_ranges=1 map_eff_cores=0.39 merge_eff_cores=0.00
event=kink_round H=5 col=18 round=stage4 frontier_in=179 map_wall_s=0.024 map_cpu_s=0.001 merge_wall_s=0.045 merge_cpu_s=0.001 map_units=1 merge_ranges=1 map_eff_cores=0.04 merge_eff_cores=0.02
event=kink_round H=3 col=28 round=seed frontier_in=10 map_wall_s=0.075 map_cpu_s=0.001 merge_wall_s=0.000 merge_cpu_s=0.000 map_units=1 merge_ranges=0 map_eff_cores=0.01 merge_eff_cores=0.00
event=kink_round H=6 col=14 round=stage2 frontier_in=341 map_wall_s=0.028 map_cpu_s=0.002 merge_wall_s=0.035 merge_cpu_s=0.003 map_units=1 merge_ranges=1 map_eff_cores=0.07 merge_eff_cores=0.09
event=kink_round H=8 col=7 round=stage0 frontier_in=825 map_wall_s=0.040 map_cpu_s=0.006 merge_wall_s=0.037 merge_cpu_s=0.005 map_units=1 merge_ranges=1 map_eff_cores=0.15 merge_eff_cores=0.14
event=kink_round H=4 col=21 round=finalize frontier_in=70 map_wall_s=0.043 map_cpu_s=0.001 merge_wall_s=0.027 merge_cpu_s=0.000 map_units=1 merge_ranges=1 map_eff_cores=0.02 merge_eff_cores=0.00
event=column H=4 col=21 frontier_in=22 frontier_out=22 wall_s=0.24 cum_wall_s=25.9 cpu_s=0.0 rss_max_mb=56.8 map_wall_s=0.10 map_cpu_s=0.0 merge_wall_s=0.14 merge_cpu_s=0.0 map_units=6 merge_ranges=5 eff_cores=0.03
event=kink_round H=10 col=3 round=finalize frontier_in=19790 map_wall_s=0.054 map_cpu_s=0.084 merge_wall_s=0.055 merge_cpu_s=0.033 map_units=10 merge_ranges=10 map_eff_cores=1.55 merge_eff_cores=0.60
event=kink_round H=9 col=5 round=stage2 frontier_in=5618 map_wall_s=0.052 map_cpu_s=0.035 merge_wall_s=0.057 merge_cpu_s=0.022 map_units=3 merge_ranges=3 map_eff_cores=0.67 merge_eff_cores=0.39
event=kink_round H=7 col=9 round=finalize frontier_in=1129 map_wall_s=0.073 map_cpu_s=0.004 merge_wall_s=0.048 merge_cpu_s=0.001 map_units=1 merge_ranges=1 map_eff_cores=0.05 merge_eff_cores=0.02
event=column H=7 col=9 frontier_in=335 frontier_out=335 wall_s=0.55 cum_wall_s=26.5 cpu_s=0.1 rss_max_mb=54.8 map_wall_s=0.26 map_cpu_s=0.0 merge_wall_s=0.28 merge_cpu_s=0.0 map_units=9 merge_ranges=8 eff_cores=0.11
event=kink_round H=11 col=3 round=stage2 frontier_in=36608 map_wall_s=0.045 map_cpu_s=0.169 merge_wall_s=0.062 merge_cpu_s=0.114 map_units=18 merge_ranges=18 map_eff_cores=3.72 merge_eff_cores=1.83
event=column H=10 col=3 frontier_in=5379 frontier_out=5560 wall_s=1.35 cum_wall_s=27.8 cpu_s=1.2 rss_max_mb=73.0 map_wall_s=0.63 map_cpu_s=0.7 merge_wall_s=0.66 merge_cpu_s=0.5 map_units=96 merge_ranges=93 eff_cores=0.89
event=kink_round H=4 col=22 round=seed frontier_in=22 map_wall_s=0.056 map_cpu_s=0.001 merge_wall_s=0.000 merge_cpu_s=0.000 map_units=1 merge_ranges=0 map_eff_cores=0.02 merge_eff_cores=0.00
event=kink_round H=7 col=10 round=seed frontier_in=335 map_wall_s=0.072 map_cpu_s=0.002 merge_wall_s=0.000 merge_cpu_s=0.000 map_units=1 merge_ranges=0 map_eff_cores=0.03 merge_eff_cores=0.00
event=kink_round H=5 col=18 round=finalize frontier_in=180 map_wall_s=0.047 map_cpu_s=0.001 merge_wall_s=0.082 merge_cpu_s=0.001 map_units=1 merge_ranges=1 map_eff_cores=0.02 merge_eff_cores=0.01
event=column H=5 col=18 frontier_in=57 frontier_out=57 wall_s=0.35 cum_wall_s=28.2 cpu_s=0.0 rss_max_mb=56.8 map_wall_s=0.15 map_cpu_s=0.0 merge_wall_s=0.20 merge_cpu_s=0.0 map_units=7 merge_ranges=6 eff_cores=0.05
event=kink_round H=12 col=2 round=stage8 frontier_in=109271 map_wall_s=0.081 map_cpu_s=0.504 merge_wall_s=0.114 merge_cpu_s=0.304 map_units=54 merge_ranges=54 map_eff_cores=6.20 merge_eff_cores=2.66
event=kink_round H=3 col=28 round=stage0 frontier_in=10 map_wall_s=0.044 map_cpu_s=0.001 merge_wall_s=0.108 merge_cpu_s=0.001 map_units=1 merge_ranges=1 map_eff_cores=0.02 merge_eff_cores=0.01
event=kink_round H=16 col=1 round=stage9 frontier_in=483441 map_wall_s=0.131 map_cpu_s=1.568 merge_wall_s=0.255 merge_cpu_s=1.125 map_units=237 merge_ranges=80 map_eff_cores=11.93 merge_eff_cores=4.41
event=kink_round H=6 col=14 round=stage3 frontier_in=403 map_wall_s=0.047 map_cpu_s=0.002 merge_wall_s=0.113 merge_cpu_s=0.002 map_units=1 merge_ranges=1 map_eff_cores=0.04 merge_eff_cores=0.02
event=kink_round H=10 col=4 round=seed frontier_in=5560 map_wall_s=0.125 map_cpu_s=0.024 merge_wall_s=0.000 merge_cpu_s=0.000 map_units=3 merge_ranges=0 map_eff_cores=0.19 merge_eff_cores=0.00
event=kink_round H=8 col=7 round=stage1 frontier_in=1328 map_wall_s=0.058 map_cpu_s=0.008 merge_wall_s=0.109 merge_cpu_s=0.007 map_units=1 merge_ranges=1 map_eff_cores=0.14 merge_eff_cores=0.06
event=kink_round H=17 col=1 round=stage6 frontier_in=546828 map_wall_s=0.201 map_cpu_s=1.711 merge_wall_s=0.198 merge_cpu_s=1.213 map_units=268 merge_ranges=80 map_eff_cores=8.53 merge_eff_cores=6.12
event=kink_round H=5 col=19 round=seed frontier_in=57 map_wall_s=0.076 map_cpu_s=0.000 merge_wall_s=0.000 merge_cpu_s=0.000 map_units=1 merge_ranges=0 map_eff_cores=0.00 merge_eff_cores=0.00
event=kink_round H=4 col=22 round=stage0 frontier_in=22 map_wall_s=0.096 map_cpu_s=0.001 merge_wall_s=0.037 merge_cpu_s=0.000 map_units=1 merge_ranges=1 map_eff_cores=0.01 merge_eff_cores=0.00
event=kink_round H=3 col=28 round=stage1 frontier_in=17 map_wall_s=0.049 map_cpu_s=0.001 merge_wall_s=0.016 merge_cpu_s=0.002 map_units=1 merge_ranges=1 map_eff_cores=0.02 merge_eff_cores=0.13
event=kink_round H=7 col=10 round=stage0 frontier_in=335 map_wall_s=0.088 map_cpu_s=0.002 merge_wall_s=0.016 merge_cpu_s=0.003 map_units=1 merge_ranges=1 map_eff_cores=0.02 merge_eff_cores=0.18
event=kink_round H=6 col=14 round=stage4 frontier_in=423 map_wall_s=0.041 map_cpu_s=0.003 merge_wall_s=0.017 merge_cpu_s=0.002 map_units=1 merge_ranges=1 map_eff_cores=0.07 merge_eff_cores=0.12
event=kink_round H=4 col=22 round=stage1 frontier_in=36 map_wall_s=0.016 map_cpu_s=0.002 merge_wall_s=0.019 merge_cpu_s=0.002 map_units=1 merge_ranges=1 map_eff_cores=0.13 merge_eff_cores=0.10
event=kink_round H=5 col=19 round=stage0 frontier_in=57 map_wall_s=0.016 map_cpu_s=0.003 merge_wall_s=0.020 merge_cpu_s=0.001 map_units=1 merge_ranges=1 map_eff_cores=0.18 merge_eff_cores=0.05
event=kink_round H=9 col=5 round=stage3 frontier_in=6682 map_wall_s=0.124 map_cpu_s=0.036 merge_wall_s=0.063 merge_cpu_s=0.029 map_units=4 merge_ranges=4 map_eff_cores=0.29 merge_eff_cores=0.46
event=kink_round H=8 col=7 round=stage2 frontier_in=2153 map_wall_s=0.044 map_cpu_s=0.012 merge_wall_s=0.034 merge_cpu_s=0.011 map_units=2 merge_ranges=2 map_eff_cores=0.27 merge_eff_cores=0.32
event=kink_round H=11 col=3 round=stage3 frontier_in=43658 map_wall_s=0.135 map_cpu_s=0.188 merge_wall_s=0.076 merge_cpu_s=0.139 map_units=22 merge_ranges=22 map_eff_cores=1.39 merge_eff_cores=1.84
event=kink_round H=14 col=1 round=finalize frontier_in=354293 map_wall_s=0.143 map_cpu_s=1.218 merge_wall_s=0.198 merge_cpu_s=0.842 map_units=173 merge_ranges=80 map_eff_cores=8.51 merge_eff_cores=4.25
event=kink_round H=6 col=14 round=stage5 frontier_in=458 map_wall_s=0.017 map_cpu_s=0.003 merge_wall_s=0.043 merge_cpu_s=0.001 map_units=1 merge_ranges=1 map_eff_cores=0.18 merge_eff_cores=0.02
event=kink_round H=3 col=28 round=stage2 frontier_in=23 map_wall_s=0.026 map_cpu_s=0.001 merge_wall_s=0.041 merge_cpu_s=0.000 map_units=1 merge_ranges=1 map_eff_cores=0.04 merge_eff_cores=0.00
event=kink_round H=13 col=2 round=stage3 frontier_in=185517 map_wall_s=0.128 map_cpu_s=0.824 merge_wall_s=0.193 merge_cpu_s=0.517 map_units=91 merge_ranges=80 map_eff_cores=6.41 merge_eff_cores=2.67
event=kink_round H=10 col=4 round=stage0 frontier_in=5560 map_wall_s=0.064 map_cpu_s=0.029 merge_wall_s=0.070 merge_cpu_s=0.021 map_units=3 merge_ranges=3 map_eff_cores=0.45 merge_eff_cores=0.30
event=column H=14 col=1 frontier_in=8255 frontier_out=138190 wall_s=2.67 cum_wall_s=30.9 cpu_s=9.9 rss_max_mb=73.0 map_wall_s=0.96 map_cpu_s=5.6 merge_wall_s=1.28 merge_cpu_s=4.2 map_units=862 merge_ranges=673 eff_cores=3.70
event=kink_round H=5 col=19 round=stage1 frontier_in=94 map_wall_s=0.038 map_cpu_s=0.001 merge_wall_s=0.042 merge_cpu_s=0.001 map_units=1 merge_ranges=1 map_eff_cores=0.03 merge_eff_cores=0.02
event=kink_round H=7 col=10 round=stage1 frontier_in=544 map_wall_s=0.035 map_cpu_s=0.005 merge_wall_s=0.065 merge_cpu_s=0.003 map_units=1 merge_ranges=1 map_eff_cores=0.14 merge_eff_cores=0.05
event=kink_round H=15 col=1 round=stage10 frontier_in=292826 map_wall_s=0.181 map_cpu_s=1.056 merge_wall_s=0.102 merge_cpu_s=0.724 map_units=143 merge_ranges=80 map_eff_cores=5.84 merge_eff_cores=7.13
event=kink_round H=12 col=2 round=stage9 frontier_in=117190 map_wall_s=0.070 map_cpu_s=0.535 merge_wall_s=0.088 merge_cpu_s=0.324 map_units=58 merge_ranges=58 map_eff_cores=7.66 merge_eff_cores=3.68
event=kink_round H=4 col=22 round=stage2 frontier_in=56 map_wall_s=0.045 map_cpu_s=0.001 merge_wall_s=0.042 merge_cpu_s=0.000 map_units=1 merge_ranges=1 map_eff_cores=0.02 merge_eff_cores=0.00
event=kink_round H=8 col=7 round=stage3 frontier_in=2568 map_wall_s=0.051 map_cpu_s=0.011 merge_wall_s=0.037 merge_cpu_s=0.010 map_units=2 merge_ranges=2 map_eff_cores=0.21 merge_eff_cores=0.27
event=kink_round H=18 col=1 round=stage4 frontier_in=730592 map_wall_s=0.214 map_cpu_s=2.212 merge_wall_s=0.318 merge_cpu_s=1.573 map_units=357 merge_ranges=80 map_eff_cores=10.32 merge_eff_cores=4.95
event=kink_round H=6 col=14 round=finalize frontier_in=447 map_wall_s=0.043 map_cpu_s=0.002 merge_wall_s=0.030 merge_cpu_s=0.002 map_units=1 merge_ranges=1 map_eff_cores=0.05 merge_eff_cores=0.07
event=column H=6 col=14 frontier_in=131 frontier_out=131 wall_s=0.54 cum_wall_s=31.4 cpu_s=0.0 rss_max_mb=50.8 map_wall_s=0.25 map_cpu_s=0.0 merge_wall_s=0.28 merge_cpu_s=0.0 map_units=8 merge_ranges=7 eff_cores=0.06
event=kink_round H=3 col=28 round=finalize frontier_in=27 map_wall_s=0.041 map_cpu_s=0.000 merge_wall_s=0.031 merge_cpu_s=0.001 map_units=1 merge_ranges=1 map_eff_cores=0.00 merge_eff_cores=0.03
event=column H=3 col=28 frontier_in=10 frontier_out=10 wall_s=0.43 cum_wall_s=31.8 cpu_s=0.0 rss_max_mb=73.0 map_wall_s=0.23 map_cpu_s=0.0 merge_wall_s=0.20 merge_cpu_s=0.0 map_units=5 merge_ranges=4 eff_cores=0.02
event=kink_round H=14 col=2 round=seed frontier_in=138190 map_wall_s=0.052 map_cpu_s=0.434 merge_wall_s=0.000 merge_cpu_s=0.000 map_units=68 merge_ranges=0 map_eff_cores=8.41 merge_eff_cores=0.00
event=kink_round H=9 col=5 round=stage4 frontier_in=7282 map_wall_s=0.072 map_cpu_s=0.032 merge_wall_s=0.048 merge_cpu_s=0.027 map_units=4 merge_ranges=4 map_eff_cores=0.45 merge_eff_cores=0.57
event=kink_round H=10 col=4 round=stage1 frontier_in=8934 map_wall_s=0.035 map_cpu_s=0.046 merge_wall_s=0.040 merge_cpu_s=0.042 map_units=5 merge_ranges=5 map_eff_cores=1.31 merge_eff_cores=1.05
event=kink_round H=4 col=22 round=stage3 frontier_in=59 map_wall_s=0.029 map_cpu_s=0.002 merge_wall_s=0.033 merge_cpu_s=0.001 map_units=1 merge_ranges=1 map_eff_cores=0.07 merge_eff_cores=0.03
event=kink_round H=3 col=29 round=seed frontier_in=10 map_wall_s=0.038 map_cpu_s=0.002 merge_wall_s=0.000 merge_cpu_s=0.000 map_units=1 merge_ranges=0 map_eff_cores=0.05 merge_eff_cores=0.00
event=kink_round H=5 col=19 round=stage2 frontier_in=146 map_wall_s=0.044 map_cpu_s=0.002 merge_wall_s=0.033 merge_cpu_s=0.001 map_units=1 merge_ranges=1 map_eff_cores=0.05 merge_eff_cores=0.03
event=kink_round H=11 col=3 round=stage4 frontier_in=47620 map_wall_s=0.071 map_cpu_s=0.193 merge_wall_s=0.053 merge_cpu_s=0.144 map_units=24 merge_ranges=24 map_eff_cores=2.72 merge_eff_cores=2.74
event=kink_round H=6 col=15 round=seed frontier_in=131 map_wall_s=0.047 map_cpu_s=0.003 merge_wall_s=0.000 merge_cpu_s=0.000 map_units=1 merge_ranges=0 map_eff_cores=0.06 merge_eff_cores=0.00
event=kink_round H=7 col=10 round=stage2 frontier_in=873 map_wall_s=0.040 map_cpu_s=0.005 merge_wall_s=0.043 merge_cpu_s=0.004 map_units=1 merge_ranges=1 map_eff_cores=0.13 merge_eff_cores=0.09
event=kink_round H=8 col=7 round=stage4 frontier_in=2795 map_wall_s=0.031 map_cpu_s=0.014 merge_wall_s=0.045 merge_cpu_s=0.011 map_units=2 merge_ranges=2 map_eff_cores=0.46 merge_eff_cores=0.25
event=kink_round H=9 col=5 round=stage5 frontier_in=7502 map_wall_s=0.043 map_cpu_s=0.041 merge_wall_s=0.084 merge_cpu_s=0.026 map_units=4 merge_ranges=4 map_eff_cores=0.95 merge_eff_cores=0.31
event=kink_round H=6 col=15 round=stage0 frontier_in=131 map_wall_s=0.076 map_cpu_s=0.001 merge_wall_s=0.032 merge_cpu_s=0.001 map_units=1 merge_ranges=1 map_eff_cores=0.01 merge_eff_cores=0.03
event=kink_round H=7 col=10 round=stage3 frontier_in=1036 map_wall_s=0.073 map_cpu_s=0.005 merge_wall_s=0.037 merge_cpu_s=0.003 map_units=1 merge_ranges=1 map_eff_cores=0.07 merge_eff_cores=0.08
event=kink_round H=14 col=2 round=stage0 frontier_in=138190 map_wall_s=0.060 map_cpu_s=0.614 merge_wall_s=0.125 merge_cpu_s=0.505 map_units=68 merge_ranges=68 map_eff_cores=10.16 merge_eff_cores=4.03
event=kink_round H=10 col=4 round=stage2 frontier_in=14505 map_wall_s=0.093 map_cpu_s=0.061 merge_wall_s=0.093 merge_cpu_s=0.048 map_units=8 merge_ranges=8 map_eff_cores=0.65 merge_eff_cores=0.52
event=kink_round H=5 col=19 round=stage3 frontier_in=166 map_wall_s=0.070 map_cpu_s=0.001 merge_wall_s=0.132 merge_cpu_s=0.001 map_units=1 merge_ranges=1 map_eff_cores=0.01 merge_eff_cores=0.01
event=kink_round H=3 col=29 round=stage0 frontier_in=10 map_wall_s=0.071 map_cpu_s=0.000 merge_wall_s=0.142 merge_cpu_s=0.001 map_units=1 merge_ranges=1 map_eff_cores=0.00 merge_eff_cores=0.01
event=kink_round H=4 col=22 round=finalize frontier_in=70 map_wall_s=0.075 map_cpu_s=0.001 merge_wall_s=0.160 merge_cpu_s=0.001 map_units=1 merge_ranges=1 map_eff_cores=0.01 merge_eff_cores=0.01
event=column H=4 col=22 frontier_in=22 frontier_out=22 wall_s=0.61 cum_wall_s=32.4 cpu_s=0.0 rss_max_mb=56.8 map_wall_s=0.32 map_cpu_s=0.0 merge_wall_s=0.29 merge_cpu_s=0.0 map_units=6 merge_ranges=5 eff_cores=0.02
event=kink_round H=8 col=7 round=stage5 frontier_in=2858 map_wall_s=0.078 map_cpu_s=0.013 merge_wall_s=0.134 merge_cpu_s=0.009 map_units=2 merge_ranges=2 map_eff_cores=0.17 merge_eff_cores=0.07
event=kink_round H=4 col=23 round=seed frontier_in=22 map_wall_s=0.010 map_cpu_s=0.001 merge_wall_s=0.000 merge_cpu_s=0.000 map_units=1 merge_ranges=0 map_eff_cores=0.10 merge_eff_cores=0.00
event=kink_round H=7 col=10 round=stage4 frontier_in=1113 map_wall_s=0.083 map_cpu_s=0.005 merge_wall_s=0.039 merge_cpu_s=0.004 map_units=1 merge_ranges=1 map_eff_cores=0.06 merge_eff_cores=0.10
event=kink_round H=11 col=3 round=stage5 frontier_in=49514 map_wall_s=0.085 map_cpu_s=0.196 merge_wall_s=0.150 merge_cpu_s=0.143 map_units=25 merge_ranges=25 map_eff_cores=2.30 merge_eff_cores=0.95
event=kink_round H=3 col=29 round=stage1 frontier_in=17 map_wall_s=0.022 map_cpu_s=0.001 merge_wall_s=0.051 merge_cpu_s=0.000 map_units=1 merge_ranges=1 map_eff_cores=0.04 merge_eff_cores=0.00
event=kink_round H=5 col=19 round=stage4 frontier_in=179 map_wall_s=0.030 map_cpu_s=0.001 merge_wall_s=0.055 merge_cpu_s=0.001 map_units=1 merge_ranges=1 map_eff_cores=0.03 merge_eff_cores=0.02
event=kink_round H=10 col=4 round=stage3 frontier_in=17207 map_wall_s=0.060 map_cpu_s=0.097 merge_wall_s=0.093 merge_cpu_s=0.062 map_units=9 merge_ranges=9 map_eff_cores=1.63 merge_eff_cores=0.67
event=kink_round H=9 col=5 round=stage6 frontier_in=7569 map_wall_s=0.143 map_cpu_s=0.033 merge_wall_s=0.094 merge_cpu_s=0.028 map_units=4 merge_ranges=4 map_eff_cores=0.23 merge_eff_cores=0.30
event=kink_round H=6 col=15 round=stage1 frontier_in=212 map_wall_s=0.056 map_cpu_s=0.001 merge_wall_s=0.175 merge_cpu_s=0.002 map_units=1 merge_ranges=1 map_eff_cores=0.02 merge_eff_cores=0.01
event=kink_round H=12 col=2 round=stage10 frontier_in=124118 map_wall_s=0.062 map_cpu_s=0.593 merge_wall_s=0.344 merge_cpu_s=0.410 map_units=61 merge_ranges=61 map_eff_cores=9.54 merge_eff_cores=1.19
event=kink_round H=4 col=23 round=stage0 frontier_in=22 map_wall_s=0.069 map_cpu_s=0.001 merge_wall_s=0.049 merge_cpu_s=0.000 map_units=1 merge_ranges=1 map_eff_cores=0.01 merge_eff_cores=0.00
event=kink_round H=7 col=10 round=stage5 frontier_in=1130 map_wall_s=0.069 map_cpu_s=0.006 merge_wall_s=0.050 merge_cpu_s=0.004 map_units=1 merge_ranges=1 map_eff_cores=0.09 merge_eff_cores=0.08
event=kink_round H=5 col=19 round=finalize frontier_in=180 map_wall_s=0.064 map_cpu_s=0.001 merge_wall_s=0.025 merge_cpu_s=0.000 map_units=1 merge_ranges=1 map_eff_cores=0.02 merge_eff_cores=0.00
event=column H=5 col=19 frontier_in=57 frontier_out=57 wall_s=0.65 cum_wall_s=33.1 cpu_s=0.0 rss_max_mb=50.8 map_wall_s=0.34 map_cpu_s=0.0 merge_wall_s=0.31 merge_cpu_s=0.0 map_units=7 merge_ranges=6 eff_cores=0.02
event=kink_round H=3 col=29 round=stage2 frontier_in=23 map_wall_s=0.076 map_cpu_s=0.001 merge_wall_s=0.021 merge_cpu_s=0.000 map_units=1 merge_ranges=1 map_eff_cores=0.01 merge_eff_cores=0.00
event=kink_round H=5 col=20 round=seed frontier_in=57 map_wall_s=0.002 map_cpu_s=0.000 merge_wall_s=0.000 merge_cpu_s=0.000 map_units=1 merge_ranges=0 map_eff_cores=0.00 merge_eff_cores=0.00
event=kink_round H=4 col=23 round=stage1 frontier_in=36 map_wall_s=0.022 map_cpu_s=0.000 merge_wall_s=0.002 merge_cpu_s=0.000 map_units=1 merge_ranges=1 map_eff_cores=0.00 merge_eff_cores=0.00
event=kink_round H=3 col=29 round=finalize frontier_in=27 map_wall_s=0.001 map_cpu_s=0.000 merge_wall_s=0.003 merge_cpu_s=0.001 map_units=1 merge_ranges=1 map_eff_cores=0.00 merge_eff_cores=0.32
event=kink_round H=5 col=20 round=stage0 frontier_in=57 map_wall_s=0.001 map_cpu_s=0.000 merge_wall_s=0.003 merge_cpu_s=0.001 map_units=1 merge_ranges=1 map_eff_cores=0.00 merge_eff_cores=0.34
event=column H=3 col=29 frontier_in=10 frontier_out=10 wall_s=0.42 cum_wall_s=33.5 cpu_s=0.0 rss_max_mb=50.8 map_wall_s=0.21 map_cpu_s=0.0 merge_wall_s=0.22 merge_cpu_s=0.0 map_units=5 merge_ranges=4 eff_cores=0.01
event=kink_round H=6 col=15 round=stage2 frontier_in=341 map_wall_s=0.031 map_cpu_s=0.001 merge_wall_s=0.005 merge_cpu_s=0.002 map_units=1 merge_ranges=1 map_eff_cores=0.03 merge_eff_cores=0.38
event=kink_round H=4 col=23 round=stage2 frontier_in=56 map_wall_s=0.001 map_cpu_s=0.000 merge_wall_s=0.004 merge_cpu_s=0.001 map_units=1 merge_ranges=1 map_eff_cores=0.00 merge_eff_cores=0.28
event=kink_round H=8 col=7 round=stage6 frontier_in=2920 map_wall_s=0.083 map_cpu_s=0.016 merge_wall_s=0.069 merge_cpu_s=0.010 map_units=2 merge_ranges=2 map_eff_cores=0.19 merge_eff_cores=0.15
event=kink_round H=9 col=5 round=stage7 frontier_in=7596 map_wall_s=0.041 map_cpu_s=0.059 merge_wall_s=0.007 merge_cpu_s=0.021 map_units=4 merge_ranges=4 map_eff_cores=1.43 merge_eff_cores=2.88
event=kink_round H=3 col=30 round=seed frontier_in=10 map_wall_s=0.004 map_cpu_s=0.000 merge_wall_s=0.000 merge_cpu_s=0.000 map_units=1 merge_ranges=0 map_eff_cores=0.00 merge_eff_cores=0.00
event=kink_round H=7 col=10 round=stage6 frontier_in=1170 map_wall_s=0.021 map_cpu_s=0.005 merge_wall_s=0.006 merge_cpu_s=0.003 map_units=1 merge_ranges=1 map_eff_cores=0.24 merge_eff_cores=0.50
event=kink_round H=3 col=30 round=stage0 frontier_in=10 map_wall_s=0.001 map_cpu_s=0.000 merge_wall_s=0.002 merge_cpu_s=0.000 map_units=1 merge_ranges=1 map_eff_cores=0.00 merge_eff_cores=0.00
event=kink_round H=6 col=15 round=stage3 frontier_in=403 map_wall_s=0.004 map_cpu_s=0.002 merge_wall_s=0.003 merge_cpu_s=0.002 map_units=1 merge_ranges=1 map_eff_cores=0.46 merge_eff_cores=0.78
event=kink_round H=5 col=20 round=stage1 frontier_in=94 map_wall_s=0.001 map_cpu_s=0.001 merge_wall_s=0.007 merge_cpu_s=0.001 map_units=1 merge_ranges=1 map_eff_cores=0.70 merge_eff_cores=0.15
event=kink_round H=4 col=23 round=stage3 frontier_in=59 map_wall_s=0.004 map_cpu_s=0.001 merge_wall_s=0.004 merge_cpu_s=0.000 map_units=1 merge_ranges=1 map_eff_cores=0.27 merge_eff_cores=0.00
event=kink_round H=3 col=30 round=stage1 frontier_in=17 map_wall_s=0.001 map_cpu_s=0.000 merge_wall_s=0.001 merge_cpu_s=0.000 map_units=1 merge_ranges=1 map_eff_cores=0.00 merge_eff_cores=0.00
event=kink_round H=4 col=23 round=finalize frontier_in=70 map_wall_s=0.001 map_cpu_s=0.000 merge_wall_s=0.001 merge_cpu_s=0.000 map_units=1 merge_ranges=1 map_eff_cores=0.00 merge_eff_cores=0.00
event=column H=4 col=23 frontier_in=22 frontier_out=22 wall_s=0.17 cum_wall_s=33.7 cpu_s=0.0 rss_max_mb=73.0 map_wall_s=0.11 map_cpu_s=0.0 merge_wall_s=0.06 merge_cpu_s=0.0 map_units=6 merge_ranges=5 eff_cores=0.02
event=kink_round H=5 col=20 round=stage2 frontier_in=146 map_wall_s=0.001 map_cpu_s=0.001 merge_wall_s=0.001 merge_cpu_s=0.000 map_units=1 merge_ranges=1 map_eff_cores=0.87 merge_eff_cores=0.00
event=kink_round H=6 col=15 round=stage4 frontier_in=423 map_wall_s=0.002 map_cpu_s=0.001 merge_wall_s=0.002 merge_cpu_s=0.001 map_units=1 merge_ranges=1 map_eff_cores=0.49 merge_eff_cores=0.45
event=kink_round H=3 col=30 round=stage2 frontier_in=23 map_wall_s=0.001 map_cpu_s=0.000 merge_wall_s=0.003 merge_cpu_s=0.000 map_units=1 merge_ranges=1 map_eff_cores=0.00 merge_eff_cores=0.00
event=kink_round H=7 col=10 round=finalize frontier_in=1129 map_wall_s=0.004 map_cpu_s=0.003 merge_wall_s=0.004 merge_cpu_s=0.001 map_units=1 merge_ranges=1 map_eff_cores=0.82 merge_eff_cores=0.25
event=column H=7 col=10 frontier_in=335 frontier_out=335 wall_s=0.75 cum_wall_s=34.4 cpu_s=0.1 rss_max_mb=56.8 map_wall_s=0.48 map_cpu_s=0.0 merge_wall_s=0.26 merge_cpu_s=0.0 map_units=9 merge_ranges=8 eff_cores=0.08
event=kink_round H=8 col=7 round=stage7 frontier_in=2997 map_wall_s=0.006 map_cpu_s=0.011 merge_wall_s=0.012 merge_cpu_s=0.010 map_units=2 merge_ranges=2 map_eff_cores=1.79 merge_eff_cores=0.81
event=kink_round H=4 col=24 round=seed frontier_in=22 map_wall_s=0.013 map_cpu_s=0.001 merge_wall_s=0.000 merge_cpu_s=0.000 map_units=1 merge_ranges=0 map_eff_cores=0.08 merge_eff_cores=0.00
event=kink_round H=5 col=20 round=stage3 frontier_in=166 map_wall_s=0.003 map_cpu_s=0.001 merge_wall_s=0.011 merge_cpu_s=0.001 map_units=1 merge_ranges=1 map_eff_cores=0.29 merge_eff_cores=0.09
event=kink_round H=7 col=11 round=seed frontier_in=335 map_wall_s=0.012 map_cpu_s=0.002 merge_wall_s=0.000 merge_cpu_s=0.000 map_units=1 merge_ranges=0 map_eff_cores=0.17 merge_eff_cores=0.00
event=kink_round H=11 col=3 round=stage6 frontier_in=50626 map_wall_s=0.134 map_cpu_s=0.270 merge_wall_s=0.041 merge_cpu_s=0.162 map_units=25 merge_ranges=25 map_eff_cores=2.02 merge_eff_cores=3.96
event=kink_round H=17 col=1 round=stage7 frontier_in=662308 map_wall_s=0.237 map_cpu_s=2.155 merge_wall_s=0.352 merge_cpu_s=1.476 map_units=324 merge_ranges=80 map_eff_cores=9.11 merge_eff_cores=4.20
event=kink_round H=10 col=4 round=stage4 frontier_in=18788 map_wall_s=0.057 map_cpu_s=0.135 merge_wall_s=0.046 merge_cpu_s=0.071 map_units=10 merge_ranges=10 map_eff_cores=2.37 merge_eff_cores=1.53
event=kink_round H=9 col=5 round=stage8 frontier_in=7732 map_wall_s=0.014 map_cpu_s=0.030 merge_wall_s=0.049 merge_cpu_s=0.026 map_units=4 merge_ranges=4 map_eff_cores=2.09 merge_eff_cores=0.53
event=kink_round H=7 col=11 round=stage0 frontier_in=335 map_wall_s=0.021 map_cpu_s=0.002 merge_wall_s=0.045 merge_cpu_s=0.001 map_units=1 merge_ranges=1 map_eff_cores=0.09 merge_eff_cores=0.02
event=kink_round H=5 col=20 round=stage4 frontier_in=179 map_wall_s=0.015 map_cpu_s=0.001 merge_wall_s=0.059 merge_cpu_s=0.001 map_units=1 merge_ranges=1 map_eff_cores=0.07 merge_eff_cores=0.02
event=kink_round H=4 col=24 round=stage0 frontier_in=22 map_wall_s=0.016 map_cpu_s=0.001 merge_wall_s=0.060 merge_cpu_s=0.000 map_units=1 merge_ranges=1 map_eff_cores=0.06 merge_eff_cores=0.00
event=kink_round H=6 col=15 round=stage5 frontier_in=458 map_wall_s=0.011 map_cpu_s=0.004 merge_wall_s=0.093 merge_cpu_s=0.001 map_units=1 merge_ranges=1 map_eff_cores=0.35 merge_eff_cores=0.01
event=kink_round H=13 col=2 round=stage4 frontier_in=205300 map_wall_s=0.141 map_cpu_s=0.889 merge_wall_s=0.395 merge_cpu_s=0.689 map_units=101 merge_ranges=80 map_eff_cores=6.31 merge_eff_cores=1.74
event=kink_round H=16 col=1 round=stage10 frontier_in=584370 map_wall_s=0.168 map_cpu_s=2.017 merge_wall_s=0.544 merge_cpu_s=1.322 map_units=286 merge_ranges=80 map_eff_cores=12.02 merge_eff_cores=2.43
event=kink_round H=15 col=1 round=stage11 frontier_in=355007 map_wall_s=0.269 map_cpu_s=1.341 merge_wall_s=0.321 merge_cpu_s=1.115 map_units=174 merge_ranges=80 map_eff_cores=4.98 merge_eff_cores=3.48
event=kink_round H=4 col=24 round=stage1 frontier_in=36 map_wall_s=0.035 map_cpu_s=0.001 merge_wall_s=0.018 merge_cpu_s=0.001 map_units=1 merge_ranges=1 map_eff_cores=0.03 merge_eff_cores=0.06
event=kink_round H=9 col=5 round=finalize frontier_in=7529 map_wall_s=0.053 map_cpu_s=0.025 merge_wall_s=0.034 merge_cpu_s=0.011 map_units=4 merge_ranges=4 map_eff_cores=0.47 merge_eff_cores=0.32
event=column H=9 col=5 frontier_in=2153 frontier_out=2153 wall_s=1.16 cum_wall_s=35.6 cpu_s=0.6 rss_max_mb=73.0 map_wall_s=0.62 map_cpu_s=0.3 merge_wall_s=0.52 merge_cpu_s=0.2 map_units=37 merge_ranges=35 eff_cores=0.48
event=kink_round H=6 col=15 round=finalize frontier_in=447 map_wall_s=0.018 map_cpu_s=0.002 merge_wall_s=0.024 merge_cpu_s=0.001 map_units=1 merge_ranges=1 map_eff_cores=0.11 merge_eff_cores=0.04
event=column H=6 col=15 frontier_in=131 frontier_out=131 wall_s=0.58 cum_wall_s=36.2 cpu_s=0.0 rss_max_mb=56.8 map_wall_s=0.25 map_cpu_s=0.0 merge_wall_s=0.33 merge_cpu_s=0.0 map_units=8 merge_ranges=7 eff_cores=0.04
event=kink_round H=3 col=30 round=finalize frontier_in=27 map_wall_s=0.119 map_cpu_s=0.001 merge_wall_s=0.028 merge_cpu_s=0.000 map_units=1 merge_ranges=1 map_eff_cores=0.01 merge_eff_cores=0.00
event=column H=3 col=30 frontier_in=10 frontier_out=10 wall_s=0.16 cum_wall_s=36.3 cpu_s=0.0 rss_max_mb=73.0 map_wall_s=0.13 map_cpu_s=0.0 merge_wall_s=0.03 merge_cpu_s=0.0 map_units=5 merge_ranges=4 eff_cores=0.01
event=kink_round H=5 col=20 round=finalize frontier_in=180 map_wall_s=0.035 map_cpu_s=0.001 merge_wall_s=0.027 merge_cpu_s=0.000 map_units=1 merge_ranges=1 map_eff_cores=0.03 merge_eff_cores=0.00
event=column H=5 col=20 frontier_in=57 frontier_out=57 wall_s=0.17 cum_wall_s=36.5 cpu_s=0.0 rss_max_mb=73.0 map_wall_s=0.06 map_cpu_s=0.0 merge_wall_s=0.11 merge_cpu_s=0.0 map_units=7 merge_ranges=6 eff_cores=0.05
event=kink_round H=8 col=7 round=finalize frontier_in=2895 map_wall_s=0.119 map_cpu_s=0.008 merge_wall_s=0.030 merge_cpu_s=0.007 map_units=2 merge_ranges=2 map_eff_cores=0.07 merge_eff_cores=0.24
event=kink_round H=7 col=11 round=stage1 frontier_in=544 map_wall_s=0.041 map_cpu_s=0.003 merge_wall_s=0.037 merge_cpu_s=0.003 map_units=1 merge_ranges=1 map_eff_cores=0.07 merge_eff_cores=0.08
event=column H=8 col=7 frontier_in=825 frontier_out=825 wall_s=1.04 cum_wall_s=37.5 cpu_s=0.2 rss_max_mb=73.0 map_wall_s=0.52 map_cpu_s=0.1 merge_wall_s=0.51 merge_cpu_s=0.1 map_units=17 merge_ranges=16 eff_cores=0.18
event=kink_round H=6 col=16 round=seed frontier_in=131 map_wall_s=0.016 map_cpu_s=0.001 merge_wall_s=0.000 merge_cpu_s=0.000 map_units=1 merge_ranges=0 map_eff_cores=0.06 merge_eff_cores=0.00
event=kink_round H=5 col=21 round=seed frontier_in=57 map_wall_s=0.015 map_cpu_s=0.000 merge_wall_s=0.000 merge_cpu_s=0.000 map_units=1 merge_ranges=0 map_eff_cores=0.00 merge_eff_cores=0.00
event=kink_round H=9 col=6 round=seed frontier_in=2153 map_wall_s=0.019 map_cpu_s=0.008 merge_wall_s=0.000 merge_cpu_s=0.000 map_units=2 merge_ranges=0 map_eff_cores=0.43 merge_eff_cores=0.00
event=kink_round H=3 col=31 round=seed frontier_in=10 map_wall_s=0.017 map_cpu_s=0.000 merge_wall_s=0.000 merge_cpu_s=0.000 map_units=1 merge_ranges=0 map_eff_cores=0.00 merge_eff_cores=0.00
event=kink_round H=10 col=4 round=stage5 frontier_in=19495 map_wall_s=0.075 map_cpu_s=0.085 merge_wall_s=0.039 merge_cpu_s=0.069 map_units=10 merge_ranges=10 map_eff_cores=1.13 merge_eff_cores=1.76
event=kink_round H=8 col=8 round=seed frontier_in=825 map_wall_s=0.011 map_cpu_s=0.004 merge_wall_s=0.000 merge_cpu_s=0.000 map_units=1 merge_ranges=0 map_eff_cores=0.36 merge_eff_cores=0.00
event=kink_round H=12 col=2 round=stage11 frontier_in=132950 map_wall_s=0.107 map_cpu_s=0.592 merge_wall_s=0.072 merge_cpu_s=0.383 map_units=65 merge_ranges=65 map_eff_cores=5.53 merge_eff_cores=5.30
event=kink_round H=14 col=2 round=stage1 frontier_in=219259 map_wall_s=0.145 map_cpu_s=1.225 merge_wall_s=0.192 merge_cpu_s=0.833 map_units=108 merge_ranges=80 map_eff_cores=8.47 merge_eff_cores=4.33
event=kink_round H=4 col=24 round=stage2 frontier_in=56 map_wall_s=0.022 map_cpu_s=0.001 merge_wall_s=0.028 merge_cpu_s=0.000 map_units=1 merge_ranges=1 map_eff_cores=0.05 merge_eff_cores=0.00
event=kink_round H=11 col=3 round=stage7 frontier_in=51477 map_wall_s=0.094 map_cpu_s=0.204 merge_wall_s=0.064 merge_cpu_s=0.181 map_units=26 merge_ranges=26 map_eff_cores=2.17 merge_eff_cores=2.82
event=kink_round H=6 col=16 round=stage0 frontier_in=131 map_wall_s=0.020 map_cpu_s=0.001 merge_wall_s=0.043 merge_cpu_s=0.001 map_units=1 merge_ranges=1 map_eff_cores=0.05 merge_eff_cores=0.02
event=kink_round H=5 col=21 round=stage0 frontier_in=57 map_wall_s=0.019 map_cpu_s=0.001 merge_wall_s=0.046 merge_cpu_s=0.002 map_units=1 merge_ranges=1 map_eff_cores=0.05 merge_eff_cores=0.04
event=kink_round H=7 col=11 round=stage2 frontier_in=873 map_wall_s=0.014 map_cpu_s=0.003 merge_wall_s=0.058 merge_cpu_s=0.003 map_units=1 merge_ranges=1 map_eff_cores=0.21 merge_eff_cores=0.05
event=kink_round H=3 col=31 round=stage0 frontier_in=10 map_wall_s=0.025 map_cpu_s=0.001 merge_wall_s=0.043 merge_cpu_s=0.002 map_units=1 merge_ranges=1 map_eff_cores=0.04 merge_eff_cores=0.05
event=kink_round H=9 col=6 round=stage0 frontier_in=2153 map_wall_s=0.033 map_cpu_s=0.013 merge_wall_s=0.059 merge_cpu_s=0.014 map_units=2 merge_ranges=2 map_eff_cores=0.40 merge_eff_cores=0.24
event=kink_round H=8 col=8 round=stage0 frontier_in=825 map_wall_s=0.056 map_cpu_s=0.005 merge_wall_s=0.049 merge_cpu_s=0.007 map_units=1 merge_ranges=1 map_eff_cores=0.09 merge_eff_cores=0.14
event=kink_round H=4 col=24 round=stage3 frontier_in=59 map_wall_s=0.045 map_cpu_s=0.003 merge_wall_s=0.041 merge_cpu_s=0.001 map_units=1 merge_ranges=1 map_eff_cores=0.07 merge_eff_cores=0.02
event=kink_round H=10 col=4 round=stage6 frontier_in=19668 map_wall_s=0.060 map_cpu_s=0.099 merge_wall_s=0.067 merge_cpu_s=0.083 map_units=10 merge_ranges=10 map_eff_cores=1.65 merge_eff_cores=1.23
event=kink_round H=3 col=31 round=stage1 frontier_in=17 map_wall_s=0.042 map_cpu_s=0.000 merge_wall_s=0.042 merge_cpu_s=0.000 map_units=1 merge_ranges=1 map_eff_cores=0.00 merge_eff_cores=0.00
event=kink_round H=6 col=16 round=stage1 frontier_in=212 map_wall_s=0.038 map_cpu_s=0.001 merge_wall_s=0.055 merge_cpu_s=0.003 map_units=1 merge_ranges=1 map_eff_cores=0.03 merge_eff_cores=0.05
event=kink_round H=18 col=1 round=stage5 frontier_in=897696 map_wall_s=0.419 map_cpu_s=2.879 merge_wall_s=0.321 merge_cpu_s=1.874 map_units=439 merge_ranges=80 map_eff_cores=6.87 merge_eff_cores=5.85
event=kink_round H=5 col=21 round=stage1 frontier_in=94 map_wall_s=0.047 map_cpu_s=0.001 merge_wall_s=0.055 merge_cpu_s=0.001 map_units=1 merge_ranges=1 map_eff_cores=0.02 merge_eff_cores=0.02
event=kink_round H=7 col=11 round=stage3 frontier_in=1036 map_wall_s=0.054 map_cpu_s=0.006 merge_wall_s=0.063 merge_cpu_s=0.004 map_units=1 merge_ranges=1 map_eff_cores=0.11 merge_eff_cores=0.06
event=kink_round H=12 col=2 round=finalize frontier_in=129881 map_wall_s=0.066 map_cpu_s=0.670 merge_wall_s=0.089 merge_cpu_s=0.359 map_units=64 merge_ranges=64 map_eff_cores=10.20 merge_eff_cores=4.03
event=kink_round H=11 col=3 round=stage8 frontier_in=52418 map_wall_s=0.074 map_cpu_s=0.256 merge_wall_s=0.064 merge_cpu_s=0.160 map_units=26 merge_ranges=26 map_eff_cores=3.45 merge_eff_cores=2.50
event=kink_round H=13 col=2 round=stage5 frontier_in=218746 map_wall_s=0.101 map_cpu_s=1.015 merge_wall_s=0.107 merge_cpu_s=0.692 map_units=107 merge_ranges=80 map_eff_cores=10.02 merge_eff_cores=6.45
event=column H=12 col=2 frontier_in=23778 frontier_out=36226 wall_s=2.74 cum_wall_s=40.3 cpu_s=8.2 rss_max_mb=73.0 map_wall_s=0.82 map_cpu_s=4.9 merge_wall_s=1.54 merge_cpu_s=3.3 map_units=598 merge_ranges=586 eff_cores=2.99
event=kink_round H=4 col=24 round=finalize frontier_in=70 map_wall_s=0.045 map_cpu_s=0.000 merge_wall_s=0.062 merge_cpu_s=0.000 map_units=1 merge_ranges=1 map_eff_cores=0.00 merge_eff_cores=0.00
event=column H=4 col=24 frontier_in=22 frontier_out=22 wall_s=0.39 cum_wall_s=40.7 cpu_s=0.0 rss_max_mb=56.8 map_wall_s=0.18 map_cpu_s=0.0 merge_wall_s=0.21 merge_cpu_s=0.0 map_units=6 merge_ranges=5 eff_cores=0.02
event=kink_round H=8 col=8 round=stage1 frontier_in=1328 map_wall_s=0.050 map_cpu_s=0.008 merge_wall_s=0.098 merge_cpu_s=0.007 map_units=1 merge_ranges=1 map_eff_cores=0.16 merge_eff_cores=0.07
event=kink_round H=9 col=6 round=stage1 frontier_in=3472 map_wall_s=0.062 map_cpu_s=0.018 merge_wall_s=0.103 merge_cpu_s=0.018 map_units=2 merge_ranges=2 map_eff_cores=0.29 merge_eff_cores=0.17
event=kink_round H=10 col=4 round=stage7 frontier_in=19901 map_wall_s=0.057 map_cpu_s=0.087 merge_wall_s=0.095 merge_cpu_s=0.074 map_units=10 merge_ranges=10 map_eff_cores=1.54 merge_eff_cores=0.78
event=kink_round H=4 col=25 round=seed frontier_in=22 map_wall_s=0.068 map_cpu_s=0.001 merge_wall_s=0.000 merge_cpu_s=0.000 map_units=1 merge_ranges=0 map_eff_cores=0.01 merge_eff_cores=0.00
event=kink_round H=3 col=31 round=stage2 frontier_in=23 map_wall_s=0.061 map_cpu_s=0.001 merge_wall_s=0.073 merge_cpu_s=0.001 map_units=1 merge_ranges=1 map_eff_cores=0.02 merge_eff_cores=0.01
event=kink_round H=6 col=16 round=stage2 frontier_in=341 map_wall_s=0.062 map_cpu_s=0.001 merge_wall_s=0.079 merge_cpu_s=0.002 map_units=1 merge_ranges=1 map_eff_cores=0.02 merge_eff_cores=0.03
event=kink_round H=7 col=11 round=stage4 frontier_in=1113 map_wall_s=0.078 map_cpu_s=0.006 merge_wall_s=0.058 merge_cpu_s=0.006 map_units=1 merge_ranges=1 map_eff_cores=0.08 merge_eff_cores=0.10
event=kink_round H=5 col=21 round=stage2 frontier_in=146 map_wall_s=0.075 map_cpu_s=0.001 merge_wall_s=0.081 merge_cpu_s=0.002 map_units=1 merge_ranges=1 map_eff_cores=0.01 merge_eff_cores=0.02
event=kink_round H=12 col=3 round=seed frontier_in=36226 map_wall_s=0.125 map_cpu_s=0.191 merge_wall_s=0.000 merge_cpu_s=0.000 map_units=18 merge_ranges=0 map_eff_cores=1.53 merge_eff_cores=0.00
event=kink_round H=15 col=1 round=stage12 frontier_in=432349 map_wall_s=0.151 map_cpu_s=1.835 merge_wall_s=0.259 merge_cpu_s=1.182 map_units=212 merge_ranges=80 map_eff_cores=12.17 merge_eff_cores=4.56
event=kink_round H=17 col=1 round=stage8 frontier_in=800608 map_wall_s=0.224 map_cpu_s=2.737 merge_wall_s=0.300 merge_cpu_s=1.700 map_units=391 merge_ranges=80 map_eff_cores=12.23 merge_eff_cores=5.66
event=kink_round H=11 col=3 round=stage9 frontier_in=52500 map_wall_s=0.103 map_cpu_s=0.306 merge_wall_s=0.132 merge_cpu_s=0.180 map_units=26 merge_ranges=26 map_eff_cores=2.97 merge_eff_cores=1.37
event=kink_round H=4 col=25 round=stage0 frontier_in=22 map_wall_s=0.046 map_cpu_s=0.001 merge_wall_s=0.121 merge_cpu_s=0.000 map_units=1 merge_ranges=1 map_eff_cores=0.02 merge_eff_cores=0.00
event=kink_round H=6 col=16 round=stage3 frontier_in=403 map_wall_s=0.041 map_cpu_s=0.003 merge_wall_s=0.120 merge_cpu_s=0.001 map_units=1 merge_ranges=1 map_eff_cores=0.07 merge_eff_cores=0.01
event=kink_round H=8 col=8 round=stage2 frontier_in=2153 map_wall_s=0.070 map_cpu_s=0.015 merge_wall_s=0.125 merge_cpu_s=0.008 map_units=2 merge_ranges=2 map_eff_cores=0.21 merge_eff_cores=0.06
event=kink_round H=3 col=31 round=finalize frontier_in=27 map_wall_s=0.046 map_cpu_s=0.001 merge_wall_s=0.121 merge_cpu_s=0.001 map_units=1 merge_ranges=1 map_eff_cores=0.02 merge_eff_cores=0.01
event=column H=3 col=31 frontier_in=10 frontier_out=10 wall_s=0.47 cum_wall_s=41.1 cpu_s=0.0 rss_max_mb=50.8 map_wall_s=0.19 map_cpu_s=0.0 merge_wall_s=0.28 merge_cpu_s=0.0 map_units=5 merge_ranges=4 eff_cores=0.01
event=kink_round H=5 col=21 round=stage3 frontier_in=166 map_wall_s=0.094 map_cpu_s=0.001 merge_wall_s=0.061 merge_cpu_s=0.001 map_units=1 merge_ranges=1 map_eff_cores=0.01 merge_eff_cores=0.02
event=kink_round H=3 col=32 round=seed frontier_in=10 map_wall_s=0.034 map_cpu_s=0.003 merge_wall_s=0.000 merge_cpu_s=0.000 map_units=1 merge_ranges=0 map_eff_cores=0.09 merge_eff_cores=0.00
event=kink_round H=7 col=11 round=stage5 frontier_in=1130 map_wall_s=0.099 map_cpu_s=0.006 merge_wall_s=0.070 merge_cpu_s=0.003 map_units=1 merge_ranges=1 map_eff_cores=0.06 merge_eff_cores=0.04
event=kink_round H=9 col=6 round=stage2 frontier_in=5618 map_wall_s=0.070 map_cpu_s=0.034 merge_wall_s=0.149 merge_cpu_s=0.023 map_units=3 merge_ranges=3 map_eff_cores=0.49 merge_eff_cores=0.15
event=kink_round H=10 col=4 round=stage8 frontier_in=19909 map_wall_s=0.084 map_cpu_s=0.122 merge_wall_s=0.123 merge_cpu_s=0.077 map_units=10 merge_ranges=10 map_eff_cores=1.45 merge_eff_cores=0.62
event=kink_round H=6 col=16 round=stage4 frontier_in=423 map_wall_s=0.024 map_cpu_s=0.002 merge_wall_s=0.034 merge_cpu_s=0.001 map_units=1 merge_ranges=1 map_eff_cores=0.08 merge_eff_cores=0.03
event=kink_round H=8 col=8 round=stage3 frontier_in=2568 map_wall_s=0.042 map_cpu_s=0.015 merge_wall_s=0.082 merge_cpu_s=0.010 map_units=2 merge_ranges=2 map_eff_cores=0.36 merge_eff_cores=0.12
event=kink_round H=4 col=25 round=stage1 frontier_in=36 map_wall_s=0.036 map_cpu_s=0.003 merge_wall_s=0.092 merge_cpu_s=0.001 map_units=1 merge_ranges=1 map_eff_cores=0.08 merge_eff_cores=0.01
event=kink_round H=5 col=21 round=stage4 frontier_in=179 map_wall_s=0.034 map_cpu_s=0.001 merge_wall_s=0.080 merge_cpu_s=0.002 map_units=1 merge_ranges=1 map_eff_cores=0.03 merge_eff_cores=0.02
event=kink_round H=3 col=32 round=stage0 frontier_in=10 map_wall_s=0.072 map_cpu_s=0.000 merge_wall_s=0.036 merge_cpu_s=0.000 map_units=1 merge_ranges=1 map_eff_cores=0.00 merge_eff_cores=0.00
event=kink_round H=12 col=3 round=stage0 frontier_in=36226 map_wall_s=0.153 map_cpu_s=0.190 merge_wall_s=0.118 merge_cpu_s=0.143 map_units=18 merge_ranges=18 map_eff_cores=1.25 merge_eff_cores=1.21
event=kink_round H=14 col=2 round=stage2 frontier_in=364480 map_wall_s=0.208 map_cpu_s=1.568 merge_wall_s=0.316 merge_cpu_s=1.294 map_units=178 merge_ranges=80 map_eff_cores=7.55 merge_eff_cores=4.09
event=kink_round H=7 col=11 round=stage6 frontier_in=1170 map_wall_s=0.075 map_cpu_s=0.004 merge_wall_s=0.044 merge_cpu_s=0.003 map_units=1 merge_ranges=1 map_eff_cores=0.05 merge_eff_cores=0.07
event=kink_round H=6 col=16 round=stage5 frontier_in=458 map_wall_s=0.062 map_cpu_s=0.002 merge_wall_s=0.039 merge_cpu_s=0.001 map_units=1 merge_ranges=1 map_eff_cores=0.03 merge_eff_cores=0.03
event=kink_round H=13 col=2 round=stage6 frontier_in=231984 map_wall_s=0.227 map_cpu_s=1.264 merge_wall_s=0.166 merge_cpu_s=0.833 map_units=114 merge_ranges=80 map_eff_cores=5.56 merge_eff_cores=5.01
event=kink_round H=16 col=1 round=stage11 frontier_in=706965 map_wall_s=0.282 map_cpu_s=2.793 merge_wall_s=0.352 merge_cpu_s=2.030 map_units=346 merge_ranges=80 map_eff_cores=9.91 merge_eff_cores=5.77
event=kink_round H=4 col=25 round=stage2 frontier_in=56 map_wall_s=0.032 map_cpu_s=0.000 merge_wall_s=0.028 merge_cpu_s=0.001 map_units=1 merge_ranges=1 map_eff_cores=0.00 merge_eff_cores=0.04
event=kink_round H=9 col=6 round=stage3 frontier_in=6682 map_wall_s=0.101 map_cpu_s=0.034 merge_wall_s=0.051 merge_cpu_s=0.027 map_units=4 merge_ranges=4 map_eff_cores=0.34 merge_eff_cores=0.53
event=kink_round H=10 col=4 round=stage9 frontier_in=20222 map_wall_s=0.092 map_cpu_s=0.100 merge_wall_s=0.056 merge_cpu_s=0.071 map_units=10 merge_ranges=10 map_eff_cores=1.08 merge_eff_cores=1.26
event=kink_round H=11 col=3 round=stage10 frontier_in=53344 map_wall_s=0.079 map_cpu_s=0.273 merge_wall_s=0.093 merge_cpu_s=0.199 map_units=27 merge_ranges=27 map_eff_cores=3.44 merge_eff_cores=2.13
event=kink_round H=5 col=21 round=finalize frontier_in=180 map_wall_s=0.033 map_cpu_s=0.001 merge_wall_s=0.035 merge_cpu_s=0.002 map_units=1 merge_ranges=1 map_eff_cores=0.03 merge_eff_cores=0.06
event=column H=5 col=21 frontier_in=57 frontier_out=57 wall_s=0.68 cum_wall_s=41.8 cpu_s=0.0 rss_max_mb=73.0 map_wall_s=0.32 map_cpu_s=0.0 merge_wall_s=0.36 merge_cpu_s=0.0 map_units=7 merge_ranges=6 eff_cores=0.02
event=kink_round H=3 col=32 round=stage1 frontier_in=17 map_wall_s=0.033 map_cpu_s=0.000 merge_wall_s=0.034 merge_cpu_s=0.001 map_units=1 merge_ranges=1 map_eff_cores=0.00 merge_eff_cores=0.03
event=kink_round H=8 col=8 round=stage4 frontier_in=2795 map_wall_s=0.048 map_cpu_s=0.014 merge_wall_s=0.047 merge_cpu_s=0.011 map_units=2 merge_ranges=2 map_eff_cores=0.29 merge_eff_cores=0.24
event=kink_round H=5 col=22 round=seed frontier_in=57 map_wall_s=0.017 map_cpu_s=0.001 merge_wall_s=0.000 merge_cpu_s=0.000 map_units=1 merge_ranges=0 map_eff_cores=0.06 merge_eff_cores=0.00
event=kink_round H=7 col=11 round=finalize frontier_in=1129 map_wall_s=0.031 map_cpu_s=0.004 merge_wall_s=0.036 merge_cpu_s=0.002 map_units=1 merge_ranges=1 map_eff_cores=0.13 merge_eff_cores=0.06
event=kink_round H=6 col=16 round=finalize frontier_in=447 map_wall_s=0.029 map_cpu_s=0.002 merge_wall_s=0.034 merge_cpu_s=0.002 map_units=1 merge_ranges=1 map_eff_cores=0.07 merge_eff_cores=0.06
event=column H=7 col=11 frontier_in=335 frontier_out=335 wall_s=0.84 cum_wall_s=42.7 cpu_s=0.1 rss_max_mb=52.8 map_wall_s=0.43 map_cpu_s=0.0 merge_wall_s=0.41 merge_cpu_s=0.0 map_units=9 merge_ranges=8 eff_cores=0.07
event=column H=6 col=16 frontier_in=131 frontier_out=131 wall_s=0.70 cum_wall_s=43.4 cpu_s=0.0 rss_max_mb=50.8 map_wall_s=0.29 map_cpu_s=0.0 merge_wall_s=0.40 merge_cpu_s=0.0 map_units=8 merge_ranges=7 eff_cores=0.03
event=kink_round H=4 col=25 round=stage3 frontier_in=59 map_wall_s=0.031 map_cpu_s=0.003 merge_wall_s=0.031 merge_cpu_s=0.000 map_units=1 merge_ranges=1 map_eff_cores=0.10 merge_eff_cores=0.00
event=kink_round H=6 col=17 round=seed frontier_in=131 map_wall_s=0.044 map_cpu_s=0.001 merge_wall_s=0.000 merge_cpu_s=0.000 map_units=1 merge_ranges=0 map_eff_cores=0.02 merge_eff_cores=0.00
event=kink_round H=7 col=12 round=seed frontier_in=335 map_wall_s=0.055 map_cpu_s=0.001 merge_wall_s=0.000 merge_cpu_s=0.000 map_units=1 merge_ranges=0 map_eff_cores=0.02 merge_eff_cores=0.00
event=kink_round H=3 col=32 round=stage2 frontier_in=23 map_wall_s=0.015 map_cpu_s=0.001 merge_wall_s=0.066 merge_cpu_s=0.001 map_units=1 merge_ranges=1 map_eff_cores=0.07 merge_eff_cores=0.02
event=kink_round H=9 col=6 round=stage4 frontier_in=7282 map_wall_s=0.040 map_cpu_s=0.041 merge_wall_s=0.083 merge_cpu_s=0.022 map_units=4 merge_ranges=4 map_eff_cores=1.02 merge_eff_cores=0.27
event=kink_round H=12 col=3 round=stage1 frontier_in=58008 map_wall_s=0.049 map_cpu_s=0.311 merge_wall_s=0.097 merge_cpu_s=0.221 map_units=29 merge_ranges=29 map_eff_cores=6.39 merge_eff_cores=2.27
event=kink_round H=10 col=4 round=finalize frontier_in=19812 map_wall_s=0.044 map_cpu_s=0.091 merge_wall_s=0.076 merge_cpu_s=0.033 map_units=10 merge_ranges=10 map_eff_cores=2.05 merge_eff_cores=0.43
event=column H=10 col=4 frontier_in=5560 frontier_out=5567 wall_s=1.70 cum_wall_s=45.1 cpu_s=1.6 rss_max_mb=73.0 map_wall_s=0.85 map_cpu_s=1.0 merge_wall_s=0.80 merge_cpu_s=0.7 map_units=98 merge_ranges=95 eff_cores=0.96
event=kink_round H=5 col=22 round=stage0 frontier_in=57 map_wall_s=0.038 map_cpu_s=0.001 merge_wall_s=0.088 merge_cpu_s=0.000 map_units=1 merge_ranges=1 map_eff_cores=0.03 merge_eff_cores=0.00
event=kink_round H=4 col=25 round=finalize frontier_in=70 map_wall_s=0.057 map_cpu_s=0.001 merge_wall_s=0.130 merge_cpu_s=0.002 map_units=1 merge_ranges=1 map_eff_cores=0.02 merge_eff_cores=0.02
event=column H=4 col=25 frontier_in=22 frontier_out=22 wall_s=0.67 cum_wall_s=45.7 cpu_s=0.0 rss_max_mb=46.7 map_wall_s=0.27 map_cpu_s=0.0 merge_wall_s=0.40 merge_cpu_s=0.0 map_units=6 merge_ranges=5 eff_cores=0.02
event=kink_round H=8 col=8 round=stage5 frontier_in=2858 map_wall_s=0.061 map_cpu_s=0.013 merge_wall_s=0.159 merge_cpu_s=0.009 map_units=2 merge_ranges=2 map_eff_cores=0.21 merge_eff_cores=0.06
event=kink_round H=10 col=5 round=seed frontier_in=5567 map_wall_s=0.136 map_cpu_s=0.028 merge_wall_s=0.000 merge_cpu_s=0.000 map_units=3 merge_ranges=0 map_eff_cores=0.21 merge_eff_cores=0.00
event=kink_round H=6 col=17 round=stage0 frontier_in=131 map_wall_s=0.127 map_cpu_s=0.001 merge_wall_s=0.077 merge_cpu_s=0.004 map_units=1 merge_ranges=1 map_eff_cores=0.01 merge_eff_cores=0.05
event=kink_round H=4 col=26 round=seed frontier_in=22 map_wall_s=0.037 map_cpu_s=0.002 merge_wall_s=0.000 merge_cpu_s=0.000 map_units=1 merge_ranges=0 map_eff_cores=0.05 merge_eff_cores=0.00
event=kink_round H=7 col=12 round=stage0 frontier_in=335 map_wall_s=0.156 map_cpu_s=0.003 merge_wall_s=0.042 merge_cpu_s=0.004 map_units=1 merge_ranges=1 map_eff_cores=0.02 merge_eff_cores=0.10
event=kink_round H=3 col=32 round=finalize frontier_in=27 map_wall_s=0.146 map_cpu_s=0.000 merge_wall_s=0.038 merge_cpu_s=0.002 map_units=1 merge_ranges=1 map_eff_cores=0.00 merge_eff_cores=0.05
event=column H=3 col=32 frontier_in=10 frontier_out=10 wall_s=0.48 cum_wall_s=46.2 cpu_s=0.0 rss_max_mb=52.8 map_wall_s=0.30 map_cpu_s=0.0 merge_wall_s=0.17 merge_cpu_s=0.0 map_units=5 merge_ranges=4 eff_cores=0.02
event=kink_round H=5 col=22 round=stage1 frontier_in=94 map_wall_s=0.113 map_cpu_s=0.002 merge_wall_s=0.018 merge_cpu_s=0.003 map_units=1 merge_ranges=1 map_eff_cores=0.02 merge_eff_cores=0.17
event=kink_round H=9 col=6 round=stage5 frontier_in=7502 map_wall_s=0.140 map_cpu_s=0.038 merge_wall_s=0.027 merge_cpu_s=0.030 map_units=4 merge_ranges=4 map_eff_cores=0.27 merge_eff_cores=1.13
event=kink_round H=11 col=3 round=finalize frontier_in=52518 map_wall_s=0.092 map_cpu_s=0.183 merge_wall_s=0.164 merge_cpu_s=0.144 map_units=26 merge_ranges=26 map_eff_cores=1.98 merge_eff_cores=0.88
event=column H=11 col=3 frontier_in=13993 frontier_out=14772 wall_s=2.18 cum_wall_s=48.4 cpu_s=4.1 rss_max_mb=73.0 map_wall_s=1.04 map_cpu_s=2.4 merge_wall_s=0.98 merge_cpu_s=1.7 map_units=270 merge_ranges=263 eff_cores=1.90
event=kink_round H=15 col=1 round=stage13 frontier_in=531186 map_wall_s=0.216 map_cpu_s=2.246 merge_wall_s=0.295 merge_cpu_s=1.384 map_units=260 merge_ranges=80 map_eff_cores=10.42 merge_eff_cores=4.69
event=kink_round H=13 col=2 round=stage7 frontier_in=246859 map_wall_s=0.240 map_cpu_s=1.017 merge_wall_s=0.074 merge_cpu_s=0.739 map_units=121 merge_ranges=80 map_eff_cores=4.23 merge_eff_cores=9.93
event=kink_round H=3 col=33 round=seed frontier_in=10 map_wall_s=0.059 map_cpu_s=0.000 merge_wall_s=0.000 merge_cpu_s=0.000 map_units=1 merge_ranges=0 map_eff_cores=0.00 merge_eff_cores=0.00
event=kink_round H=6 col=17 round=stage1 frontier_in=212 map_wall_s=0.018 map_cpu_s=0.001 merge_wall_s=0.073 merge_cpu_s=0.001 map_units=1 merge_ranges=1 map_eff_cores=0.05 merge_eff_cores=0.01
event=kink_round H=4 col=26 round=stage0 frontier_in=22 map_wall_s=0.042 map_cpu_s=0.000 merge_wall_s=0.047 merge_cpu_s=0.000 map_units=1 merge_ranges=1 map_eff_cores=0.00 merge_eff_cores=0.00
event=kink_round H=5 col=22 round=stage2 frontier_in=146 map_wall_s=0.056 map_cpu_s=0.001 merge_wall_s=0.033 merge_cpu_s=0.001 map_units=1 merge_ranges=1 map_eff_cores=0.02 merge_eff_cores=0.03
event=kink_round H=7 col=12 round=stage1 frontier_in=544 map_wall_s=0.058 map_cpu_s=0.003 merge_wall_s=0.034 merge_cpu_s=0.003 map_units=1 merge_ranges=1 map_eff_cores=0.05 merge_eff_cores=0.09
event=kink_round H=8 col=8 round=stage6 frontier_in=2920 map_wall_s=0.044 map_cpu_s=0.016 merge_wall_s=0.090 merge_cpu_s=0.009 map_units=2 merge_ranges=2 map_eff_cores=0.37 merge_eff_cores=0.10
event=kink_round H=10 col=5 round=stage0 frontier_in=5567 map_wall_s=0.036 map_cpu_s=0.030 merge_wall_s=0.079 merge_cpu_s=0.026 map_units=3 merge_ranges=3 map_eff_cores=0.84 merge_eff_cores=0.33
event=kink_round H=4 col=26 round=stage1 frontier_in=36 map_wall_s=0.011 map_cpu_s=0.001 merge_wall_s=0.018 merge_cpu_s=0.000 map_units=1 merge_ranges=1 map_eff_cores=0.09 merge_eff_cores=0.00
event=kink_round H=6 col=17 round=stage2 frontier_in=341 map_wall_s=0.013 map_cpu_s=0.001 merge_wall_s=0.019 merge_cpu_s=0.001 map_units=1 merge_ranges=1 map_eff_cores=0.08 merge_eff_cores=0.05
event=kink_round H=11 col=4 round=seed frontier_in=14772 map_wall_s=0.092 map_cpu_s=0.063 merge_wall_s=0.000 merge_cpu_s=0.000 map_units=8 merge_ranges=0 map_eff_cores=0.68 merge_eff_cores=0.00
event=kink_round H=18 col=1 round=stage6 frontier_in=1092252 map_wall_s=0.476 map_cpu_s=3.996 merge_wall_s=0.385 merge_cpu_s=2.125 map_units=534 merge_ranges=80 map_eff_cores=8.40 merge_eff_cores=5.52
event=kink_round H=12 col=3 round=stage2 frontier_in=94759 map_wall_s=0.150 map_cpu_s=0.478 merge_wall_s=0.132 merge_cpu_s=0.318 map_units=47 merge_ranges=47 map_eff_cores=3.19 merge_eff_cores=2.42
event=kink_round H=3 col=33 round=stage0 frontier_in=10 map_wall_s=0.028 map_cpu_s=0.001 merge_wall_s=0.044 merge_cpu_s=0.001 map_units=1 merge_ranges=1 map_eff_cores=0.04 merge_eff_cores=0.02
event=kink_round H=5 col=22 round=stage3 frontier_in=166 map_wall_s=0.025 map_cpu_s=0.001 merge_wall_s=0.031 merge_cpu_s=0.001 map_units=1 merge_ranges=1 map_eff_cores=0.04 merge_eff_cores=0.03
event=kink_round H=7 col=12 round=stage2 frontier_in=873 map_wall_s=0.035 map_cpu_s=0.005 merge_wall_s=0.022 merge_cpu_s=0.003 map_units=1 merge_ranges=1 map_eff_cores=0.14 merge_eff_cores=0.14
event=kink_round H=4 col=26 round=stage2 frontier_in=56 map_wall_s=0.035 map_cpu_s=0.001 merge_wall_s=0.020 merge_cpu_s=0.001 map_units=1 merge_ranges=1 map_eff_cores=0.03 merge_eff_cores=0.05
event=kink_round H=6 col=17 round=stage3 frontier_in=403 map_wall_s=0.034 map_cpu_s=0.002 merge_wall_s=0.014 merge_cpu_s=0.001 map_units=1 merge_ranges=1 map_eff_cores=0.06 merge_eff_cores=0.07
event=kink_round H=8 col=8 round=stage7 frontier_in=2997 map_wall_s=0.042 map_cpu_s=0.014 merge_wall_s=0.037 merge_cpu_s=0.010 map_units=2 merge_ranges=2 map_eff_cores=0.34 merge_eff_cores=0.27
event=kink_round H=9 col=6 round=stage6 frontier_in=7569 map_wall_s=0.089 map_cpu_s=0.032 merge_wall_s=0.095 merge_cpu_s=0.027 map_units=4 merge_ranges=4 map_eff_cores=0.36 merge_eff_cores=0.28
event=kink_round H=10 col=5 round=stage1 frontier_in=8947 map_wall_s=0.050 map_cpu_s=0.058 merge_wall_s=0.039 merge_cpu_s=0.045 map_units=5 merge_ranges=5 map_eff_cores=1.16 merge_eff_cores=1.16
event=kink_round H=7 col=12 round=stage3 frontier_in=1036 map_wall_s=0.044 map_cpu_s=0.004 merge_wall_s=0.037 merge_cpu_s=0.005 map_units=1 merge_ranges=1 map_eff_cores=0.09 merge_eff_cores=0.14
event=kink_round H=3 col=33 round=stage1 frontier_in=16 map_wall_s=0.014 map_cpu_s=0.001 merge_wall_s=0.122 merge_cpu_s=0.002 map_units=1 merge_ranges=1 map_eff_cores=0.07 merge_eff_cores=0.02
event=kink_round H=5 col=22 round=stage4 frontier_in=179 map_wall_s=0.023 map_cpu_s=0.001 merge_wall_s=0.170 merge_cpu_s=0.001 map_units=1 merge_ranges=1 map_eff_cores=0.04 merge_eff_cores=0.01
event=kink_round H=14 col=2 round=stage3 frontier_in=446733 map_wall_s=0.265 map_cpu_s=1.869 merge_wall_s=0.347 merge_cpu_s=1.280 map_units=219 merge_ranges=80 map_eff_cores=7.05 merge_eff_cores=3.69
event=kink_round H=6 col=17 round=stage4 frontier_in=423 map_wall_s=0.095 map_cpu_s=0.002 merge_wall_s=0.082 merge_cpu_s=0.001 map_units=1 merge_ranges=1 map_eff_cores=0.02 merge_eff_cores=0.01
event=kink_round H=4 col=26 round=stage3 frontier_in=59 map_wall_s=0.154 map_cpu_s=0.002 merge_wall_s=0.032 merge_cpu_s=0.001 map_units=1 merge_ranges=1 map_eff_cores=0.01 merge_eff_cores=0.03
event=kink_round H=9 col=6 round=stage7 frontier_in=7596 map_wall_s=0.051 map_cpu_s=0.045 merge_wall_s=0.102 merge_cpu_s=0.027 map_units=4 merge_ranges=4 map_eff_cores=0.87 merge_eff_cores=0.26
event=kink_round H=8 col=8 round=finalize frontier_in=2895 map_wall_s=0.022 map_cpu_s=0.008 merge_wall_s=0.179 merge_cpu_s=0.015 map_units=2 merge_ranges=2 map_eff_cores=0.37 merge_eff_cores=0.08
event=column H=8 col=8 frontier_in=825 frontier_out=825 wall_s=1.32 cum_wall_s=49.7 cpu_s=0.2 rss_max_mb=73.0 map_wall_s=0.44 map_cpu_s=0.1 merge_wall_s=0.87 merge_cpu_s=0.1 map_units=17 merge_ranges=16 eff_cores=0.15
event=kink_round H=5 col=22 round=finalize frontier_in=180 map_wall_s=0.016 map_cpu_s=0.001 merge_wall_s=0.045 merge_cpu_s=0.000 map_units=1 merge_ranges=1 map_eff_cores=0.06 merge_eff_cores=0.00
event=column H=5 col=22 frontier_in=57 frontier_out=57 wall_s=0.67 cum_wall_s=50.4 cpu_s=0.0 rss_max_mb=54.8 map_wall_s=0.29 map_cpu_s=0.0 merge_wall_s=0.38 merge_cpu_s=0.0 map_units=7 merge_ranges=6 eff_cores=0.02
event=kink_round H=3 col=33 round=stage2 frontier_in=22 map_wall_s=0.064 map_cpu_s=0.001 merge_wall_s=0.062 merge_cpu_s=0.002 map_units=1 merge_ranges=1 map_eff_cores=0.02 merge_eff_cores=0.03
event=kink_round H=11 col=4 round=stage0 frontier_in=14772 map_wall_s=0.051 map_cpu_s=0.092 merge_wall_s=0.264 merge_cpu_s=0.082 map_units=8 merge_ranges=8 map_eff_cores=1.80 merge_eff_cores=0.31
event=kink_round H=8 col=9 round=seed frontier_in=825 map_wall_s=0.064 map_cpu_s=0.004 merge_wall_s=0.000 merge_cpu_s=0.000 map_units=1 merge_ranges=0 map_eff_cores=0.06 merge_eff_cores=0.00
event=kink_round H=4 col=26 round=finalize frontier_in=70 map_wall_s=0.057 map_cpu_s=0.001 merge_wall_s=0.058 merge_cpu_s=0.002 map_units=1 merge_ranges=1 map_eff_cores=0.02 merge_eff_cores=0.03
event=column H=4 col=26 frontier_in=22 frontier_out=22 wall_s=0.51 cum_wall_s=50.9 cpu_s=0.0 rss_max_mb=50.8 map_wall_s=0.34 map_cpu_s=0.0 merge_wall_s=0.18 merge_cpu_s=0.0 map_units=6 merge_ranges=5 eff_cores=0.02
event=kink_round H=5 col=23 round=seed frontier_in=57 map_wall_s=0.072 map_cpu_s=0.001 merge_wall_s=0.000 merge_cpu_s=0.000 map_units=1 merge_ranges=0 map_eff_cores=0.01 merge_eff_cores=0.00
event=kink_round H=6 col=17 round=stage5 frontier_in=458 map_wall_s=0.052 map_cpu_s=0.002 merge_wall_s=0.074 merge_cpu_s=0.002 map_units=1 merge_ranges=1 map_eff_cores=0.04 merge_eff_cores=0.03
event=kink_round H=10 col=5 round=stage2 frontier_in=14518 map_wall_s=0.195 map_cpu_s=0.099 merge_wall_s=0.093 merge_cpu_s=0.064 map_units=8 merge_ranges=8 map_eff_cores=0.51 merge_eff_cores=0.69
event=kink_round H=7 col=12 round=stage4 frontier_in=1113 map_wall_s=0.183 map_cpu_s=0.007 merge_wall_s=0.076 merge_cpu_s=0.005 map_units=1 merge_ranges=1 map_eff_cores=0.04 merge_eff_cores=0.07
event=kink_round H=12 col=3 round=stage3 frontier_in=112940 map_wall_s=0.187 map_cpu_s=0.700 merge_wall_s=0.161 merge_cpu_s=0.481 map_units=56 merge_ranges=56 map_eff_cores=3.74 merge_eff_cores=2.99
event=kink_round H=13 col=2 round=stage8 frontier_in=264037 map_wall_s=0.194 map_cpu_s=1.359 merge_wall_s=0.217 merge_cpu_s=1.002 map_units=129 merge_ranges=80 map_eff_cores=7.00 merge_eff_cores=4.61
event=kink_round H=17 col=1 round=stage9 frontier_in=966986 map_wall_s=0.436 map_cpu_s=3.549 merge_wall_s=0.577 merge_cpu_s=2.104 map_units=473 merge_ranges=80 map_eff_cores=8.15 merge_eff_cores=3.65
event=kink_round H=3 col=33 round=finalize frontier_in=24 map_wall_s=0.051 map_cpu_s=0.001 merge_wall_s=0.104 merge_cpu_s=0.001 map_units=1 merge_ranges=1 map_eff_cores=0.02 merge_eff_cores=0.01
event=column H=3 col=33 frontier_in=10 frontier_out=5 wall_s=0.57 cum_wall_s=51.5 cpu_s=0.0 rss_max_mb=52.8 map_wall_s=0.22 map_cpu_s=0.0 merge_wall_s=0.33 merge_cpu_s=0.0 map_units=5 merge_ranges=4 eff_cores=0.02
event=kink_round H=4 col=27 round=seed frontier_in=22 map_wall_s=0.104 map_cpu_s=0.000 merge_wall_s=0.000 merge_cpu_s=0.000 map_units=1 merge_ranges=0 map_eff_cores=0.00 merge_eff_cores=0.00
event=kink_round H=9 col=6 round=stage8 frontier_in=7732 map_wall_s=0.098 map_cpu_s=0.046 merge_wall_s=0.125 merge_cpu_s=0.026 map_units=4 merge_ranges=4 map_eff_cores=0.47 merge_eff_cores=0.21
event=kink_round H=16 col=1 round=stage12 frontier_in=857144 map_wall_s=0.454 map_cpu_s=3.250 merge_wall_s=0.356 merge_cpu_s=2.795 map_units=419 merge_ranges=80 map_eff_cores=7.17 merge_eff_cores=7.85
event=kink_round H=3 col=34 round=seed frontier_in=5 map_wall_s=0.031 map_cpu_s=0.000 merge_wall_s=0.000 merge_cpu_s=0.000 map_units=1 merge_ranges=0 map_eff_cores=0.00 merge_eff_cores=0.00
event=kink_round H=8 col=9 round=stage0 frontier_in=825 map_wall_s=0.065 map_cpu_s=0.007 merge_wall_s=0.100 merge_cpu_s=0.004 map_units=1 merge_ranges=1 map_eff_cores=0.11 merge_eff_cores=0.04
event=kink_round H=5 col=23 round=stage0 frontier_in=57 map_wall_s=0.100 map_cpu_s=0.001 merge_wall_s=0.034 merge_cpu_s=0.001 map_units=1 merge_ranges=1 map_eff_cores=0.01 merge_eff_cores=0.03
event=kink_round H=6 col=17 round=finalize frontier_in=447 map_wall_s=0.101 map_cpu_s=0.002 merge_wall_s=0.034 merge_cpu_s=0.001 map_units=1 merge_ranges=1 map_eff_cores=0.02 merge_eff_cores=0.03
event=column H=6 col=17 frontier_in=131 frontier_out=131 wall_s=0.86 cum_wall_s=52.3 cpu_s=0.0 rss_max_mb=73.0 map_wall_s=0.48 map_cpu_s=0.0 merge_wall_s=0.37 merge_cpu_s=0.0 map_units=8 merge_ranges=7 eff_cores=0.03
event=kink_round H=7 col=12 round=stage5 frontier_in=1130 map_wall_s=0.103 map_cpu_s=0.005 merge_wall_s=0.056 merge_cpu_s=0.004 map_units=1 merge_ranges=1 map_eff_cores=0.05 merge_eff_cores=0.07
event=kink_round H=6 col=18 round=seed frontier_in=131 map_wall_s=0.044 map_cpu_s=0.001 merge_wall_s=0.000 merge_cpu_s=0.000 map_units=1 merge_ranges=0 map_eff_cores=0.02 merge_eff_cores=0.00
event=kink_round H=11 col=4 round=stage1 frontier_in=23758 map_wall_s=0.089 map_cpu_s=0.174 merge_wall_s=0.137 merge_cpu_s=0.118 map_units=12 merge_ranges=12 map_eff_cores=1.96 merge_eff_cores=0.86
event=kink_round H=4 col=27 round=stage0 frontier_in=22 map_wall_s=0.033 map_cpu_s=0.001 merge_wall_s=0.071 merge_cpu_s=0.001 map_units=1 merge_ranges=1 map_eff_cores=0.03 merge_eff_cores=0.01
event=kink_round H=3 col=34 round=stage0 frontier_in=5 map_wall_s=0.047 map_cpu_s=0.002 merge_wall_s=0.034 merge_cpu_s=0.000 map_units=1 merge_ranges=1 map_eff_cores=0.04 merge_eff_cores=0.00
event=kink_round H=5 col=23 round=stage1 frontier_in=94 map_wall_s=0.044 map_cpu_s=0.001 merge_wall_s=0.037 merge_cpu_s=0.002 map_units=1 merge_ranges=1 map_eff_cores=0.02 merge_eff_cores=0.05
event=kink_round H=10 col=5 round=stage3 frontier_in=17220 map_wall_s=0.114 map_cpu_s=0.086 merge_wall_s=0.083 merge_cpu_s=0.066 map_units=9 merge_ranges=9 map_eff_cores=0.76 merge_eff_cores=0.80
event=kink_round H=8 col=9 round=stage1 frontier_in=1328 map_wall_s=0.050 map_cpu_s=0.006 merge_wall_s=0.046 merge_cpu_s=0.006 map_units=1 merge_ranges=1 map_eff_cores=0.12 merge_eff_cores=0.13
event=kink_round H=6 col=18 round=stage0 frontier_in=131 map_wall_s=0.034 map_cpu_s=0.002 merge_wall_s=0.074 merge_cpu_s=0.001 map_units=1 merge_ranges=1 map_eff_cores=0.06 merge_eff_cores=0.01
event=kink_round H=15 col=1 round=stage14 frontier_in=663722 map_wall_s=0.343 map_cpu_s=2.949 merge_wall_s=0.346 merge_cpu_s=2.245 map_units=325 merge_ranges=80 map_eff_cores=8.59 merge_eff_cores=6.49
event=kink_round H=7 col=12 round=stage6 frontier_in=1170 map_wall_s=0.040 map_cpu_s=0.005 merge_wall_s=0.086 merge_cpu_s=0.003 map_units=1 merge_ranges=1 map_eff_cores=0.13 merge_eff_cores=0.03
event=kink_round H=12 col=3 round=stage4 frontier_in=123156 map_wall_s=0.072 map_cpu_s=0.723 merge_wall_s=0.137 merge_cpu_s=0.454 map_units=61 merge_ranges=61 map_eff_cores=10.03 merge_eff_cores=3.32
event=kink_round H=9 col=6 round=finalize frontier_in=7529 map_wall_s=0.069 map_cpu_s=0.028 merge_wall_s=0.137 merge_cpu_s=0.011 map_units=4 merge_ranges=4 map_eff_cores=0.41 merge_eff_cores=0.08
event=column H=9 col=6 frontier_in=2153 frontier_out=2153 wall_s=1.76 cum_wall_s=54.1 cpu_s=0.6 rss_max_mb=73.0 map_wall_s=0.77 map_cpu_s=0.3 merge_wall_s=0.93 merge_cpu_s=0.2 map_units=37 merge_ranges=35 eff_cores=0.32
event=kink_round H=4 col=27 round=stage1 frontier_in=36 map_wall_s=0.065 map_cpu_s=0.000 merge_wall_s=0.136 merge_cpu_s=0.000 map_units=1 merge_ranges=1 map_eff_cores=0.00 merge_eff_cores=0.00
event=kink_round H=9 col=7 round=seed frontier_in=2153 map_wall_s=0.112 map_cpu_s=0.011 merge_wall_s=0.000 merge_cpu_s=0.000 map_units=2 merge_ranges=0 map_eff_cores=0.10 merge_eff_cores=0.00
event=kink_round H=5 col=23 round=stage2 frontier_in=146 map_wall_s=0.126 map_cpu_s=0.001 merge_wall_s=0.105 merge_cpu_s=0.001 map_units=1 merge_ranges=1 map_eff_cores=0.01 merge_eff_cores=0.01
event=kink_round H=3 col=34 round=stage1 frontier_in=7 map_wall_s=0.132 map_cpu_s=0.000 merge_wall_s=0.099 merge_cpu_s=0.002 map_units=1 merge_ranges=1 map_eff_cores=0.00 merge_eff_cores=0.02
event=kink_round H=11 col=4 round=stage2 frontier_in=38524 map_wall_s=0.106 map_cpu_s=0.176 merge_wall_s=0.152 merge_cpu_s=0.149 map_units=19 merge_ranges=19 map_eff_cores=1.66 merge_eff_cores=0.98
event=kink_round H=6 col=18 round=stage1 frontier_in=212 map_wall_s=0.116 map_cpu_s=0.002 merge_wall_s=0.064 merge_cpu_s=0.002 map_units=1 merge_ranges=1 map_eff_cores=0.02 merge_eff_cores=0.03
event=kink_round H=8 col=9 round=stage2 frontier_in=2153 map_wall_s=0.159 map_cpu_s=0.009 merge_wall_s=0.078 merge_cpu_s=0.009 map_units=2 merge_ranges=2 map_eff_cores=0.06 merge_eff_cores=0.11
event=kink_round H=14 col=2 round=stage4 frontier_in=494465 map_wall_s=0.286 map_cpu_s=2.464 merge_wall_s=0.273 merge_cpu_s=1.413 map_units=242 merge_ranges=80 map_eff_cores=8.63 merge_eff_cores=5.18
event=kink_round H=7 col=12 round=finalize frontier_in=1129 map_wall_s=0.117 map_cpu_s=0.003 merge_wall_s=0.064 merge_cpu_s=0.001 map_units=1 merge_ranges=1 map_eff_cores=0.03 merge_eff_cores=0.02
event=kink_round H=13 col=2 round=stage9 frontier_in=283667 map_wall_s=0.114 map_cpu_s=1.358 merge_wall_s=0.267 merge_cpu_s=0.847 map_units=139 merge_ranges=80 map_eff_cores=11.90 merge_eff_cores=3.18
event=column H=7 col=12 frontier_in=335 frontier_out=335 wall_s=1.22 cum_wall_s=55.3 cpu_s=0.1 rss_max_mb=73.0 map_wall_s=0.79 map_cpu_s=0.0 merge_wall_s=0.42 merge_cpu_s=0.0 map_units=9 merge_ranges=8 eff_cores=0.05
event=kink_round H=10 col=5 round=stage4 frontier_in=18804 map_wall_s=0.179 map_cpu_s=0.090 merge_wall_s=0.081 merge_cpu_s=0.065 map_units=10 merge_ranges=10 map_eff_cores=0.50 merge_eff_cores=0.80
event=kink_round H=4 col=27 round=stage2 frontier_in=56 map_wall_s=0.061 map_cpu_s=0.001 merge_wall_s=0.042 merge_cpu_s=0.004 map_units=1 merge_ranges=1 map_eff_cores=0.02 merge_eff_cores=0.09
event=kink_round H=7 col=13 round=seed frontier_in=335 map_wall_s=0.055 map_cpu_s=0.003 merge_wall_s=0.000 merge_cpu_s=0.000 map_units=1 merge_ranges=0 map_eff_cores=0.05 merge_eff_cores=0.00
event=kink_round H=5 col=23 round=stage3 frontier_in=166 map_wall_s=0.048 map_cpu_s=0.003 merge_wall_s=0.056 merge_cpu_s=0.002 map_units=1 merge_ranges=1 map_eff_cores=0.06 merge_eff_cores=0.04
event=kink_round H=3 col=34 round=stage2 frontier_in=9 map_wall_s=0.058 map_cpu_s=0.002 merge_wall_s=0.060 merge_cpu_s=0.002 map_units=1 merge_ranges=1 map_eff_cores=0.03 merge_eff_cores=0.03
event=kink_round H=9 col=7 round=stage0 frontier_in=2153 map_wall_s=0.053 map_cpu_s=0.014 merge_wall_s=0.077 merge_cpu_s=0.012 map_units=2 merge_ranges=2 map_eff_cores=0.26 merge_eff_cores=0.16
event=kink_round H=6 col=18 round=stage2 frontier_in=341 map_wall_s=0.042 map_cpu_s=0.003 merge_wall_s=0.066 merge_cpu_s=0.001 map_units=1 merge_ranges=1 map_eff_cores=0.07 merge_eff_cores=0.02
event=kink_round H=8 col=9 round=stage3 frontier_in=2568 map_wall_s=0.046 map_cpu_s=0.012 merge_wall_s=0.072 merge_cpu_s=0.009 map_units=2 merge_ranges=2 map_eff_cores=0.26 merge_eff_cores=0.12
event=kink_round H=11 col=4 round=stage3 frontier_in=45601 map_wall_s=0.063 map_cpu_s=0.284 merge_wall_s=0.090 merge_cpu_s=0.169 map_units=23 merge_ranges=23 map_eff_cores=4.48 merge_eff_cores=1.88
event=kink_round H=12 col=3 round=stage5 frontier_in=128212 map_wall_s=0.141 map_cpu_s=0.735 merge_wall_s=0.168 merge_cpu_s=0.479 map_units=63 merge_ranges=63 map_eff_cores=5.20 merge_eff_cores=2.85
event=kink_round H=4 col=27 round=stage3 frontier_in=59 map_wall_s=0.057 map_cpu_s=0.002 merge_wall_s=0.075 merge_cpu_s=0.001 map_units=1 merge_ranges=1 map_eff_cores=0.04 merge_eff_cores=0.01
event=kink_round H=7 col=13 round=stage0 frontier_in=335 map_wall_s=0.050 map_cpu_s=0.003 merge_wall_s=0.057 merge_cpu_s=0.002 map_units=1 merge_ranges=1 map_eff_cores=0.06 merge_eff_cores=0.04
event=kink_round H=10 col=5 round=stage5 frontier_in=19508 map_wall_s=0.086 map_cpu_s=0.097 merge_wall_s=0.094 merge_cpu_s=0.066 map_units=10 merge_ranges=10 map_eff_cores=1.12 merge_eff_cores=0.70
event=kink_round H=5 col=23 round=stage4 frontier_in=179 map_wall_s=0.076 map_cpu_s=0.001 merge_wall_s=0.095 merge_cpu_s=0.001 map_units=1 merge_ranges=1 map_eff_cores=0.01 merge_eff_cores=0.01
event=kink_round H=6 col=18 round=stage3 frontier_in=403 map_wall_s=0.056 map_cpu_s=0.002 merge_wall_s=0.103 merge_cpu_s=0.003 map_units=1 merge_ranges=1 map_eff_cores=0.04 merge_eff_cores=0.03
event=kink_round H=3 col=34 round=finalize frontier_in=9 map_wall_s=0.070 map_cpu_s=0.001 merge_wall_s=0.105 merge_cpu_s=0.003 map_units=1 merge_ranges=1 map_eff_cores=0.01 merge_eff_cores=0.03
event=column H=3 col=34 frontier_in=5 frontier_out=2 wall_s=0.65 cum_wall_s=55.9 cpu_s=0.0 rss_max_mb=50.8 map_wall_s=0.34 map_cpu_s=0.0 merge_wall_s=0.30 merge_cpu_s=0.0 map_units=5 merge_ranges=4 eff_cores=0.02
event=kink_round H=9 col=7 round=stage1 frontier_in=3472 map_wall_s=0.063 map_cpu_s=0.018 merge_wall_s=0.108 merge_cpu_s=0.019 map_units=2 merge_ranges=2 map_eff_cores=0.28 merge_eff_cores=0.18
event=kink_round H=8 col=9 round=stage4 frontier_in=2795 map_wall_s=0.057 map_cpu_s=0.014 merge_wall_s=0.105 merge_cpu_s=0.012 map_units=2 merge_ranges=2 map_eff_cores=0.25 merge_eff_cores=0.11
event=kink_round H=4 col=27 round=finalize frontier_in=70 map_wall_s=0.099 map_cpu_s=0.003 merge_wall_s=0.053 merge_cpu_s=0.002 map_units=1 merge_ranges=1 map_eff_cores=0.03 merge_eff_cores=0.04
event=column H=4 col=27 frontier_in=22 frontier_out=22 wall_s=0.80 cum_wall_s=56.7 cpu_s=0.0 rss_max_mb=50.8 map_wall_s=0.42 map_cpu_s=0.0 merge_wall_s=0.38 merge_cpu_s=0.0 map_units=6 merge_ranges=5 eff_cores=0.02
event=kink_round H=3 col=35 round=seed frontier_in=2 map_wall_s=0.051 map_cpu_s=0.002 merge_wall_s=0.000 merge_cpu_s=0.000 map_units=1 merge_ranges=0 map_eff_cores=0.04 merge_eff_cores=0.00
event=kink_round H=7 col=13 round=stage1 frontier_in=544 map_wall_s=0.093 map_cpu_s=0.004 merge_wall_s=0.057 merge_cpu_s=0.003 map_units=1 merge_ranges=1 map_eff_cores=0.04 merge_eff_cores=0.05
event=kink_round H=10 col=5 round=stage6 frontier_in=19682 map_wall_s=0.076 map_cpu_s=0.115 merge_wall_s=0.104 merge_cpu_s=0.075 map_units=10 merge_ranges=10 map_eff_cores=1.51 merge_eff_cores=0.72
event=kink_round H=11 col=4 round=stage4 frontier_in=49725 map_wall_s=0.092 map_cpu_s=0.292 merge_wall_s=0.119 merge_cpu_s=0.208 map_units=25 merge_ranges=25 map_eff_cores=3.17 merge_eff_cores=1.74
event=kink_round H=13 col=2 round=stage10 frontier_in=304747 map_wall_s=0.158 map_cpu_s=1.493 merge_wall_s=0.242 merge_cpu_s=0.995 map_units=149 merge_ranges=80 map_eff_cores=9.47 merge_eff_cores=4.11
event=kink_round H=5 col=23 round=finalize frontier_in=180 map_wall_s=0.066 map_cpu_s=0.001 merge_wall_s=0.152 merge_cpu_s=0.001 map_units=1 merge_ranges=1 map_eff_cores=0.02 merge_eff_cores=0.01
event=column H=5 col=23 frontier_in=57 frontier_out=57 wall_s=1.02 cum_wall_s=57.8 cpu_s=0.0 rss_max_mb=56.8 map_wall_s=0.53 map_cpu_s=0.0 merge_wall_s=0.48 merge_cpu_s=0.0 map_units=7 merge_ranges=6 eff_cores=0.02
event=kink_round H=4 col=28 round=seed frontier_in=22 map_wall_s=0.149 map_cpu_s=0.001 merge_wall_s=0.000 merge_cpu_s=0.000 map_units=1 merge_ranges=0 map_eff_cores=0.01 merge_eff_cores=0.00
event=kink_round H=8 col=9 round=stage5 frontier_in=2858 map_wall_s=0.059 map_cpu_s=0.014 merge_wall_s=0.153 merge_cpu_s=0.010 map_units=2 merge_ranges=2 map_eff_cores=0.24 merge_eff_cores=0.07
event=kink_round H=6 col=18 round=stage4 frontier_in=423 map_wall_s=0.108 map_cpu_s=0.004 merge_wall_s=0.179 merge_cpu_s=0.002 map_units=1 merge_ranges=1 map_eff_cores=0.04 merge_eff_cores=0.01
event=kink_round H=9 col=7 round=stage2 frontier_in=5618 map_wall_s=0.088 map_cpu_s=0.028 merge_wall_s=0.200 merge_cpu_s=0.022 map_units=3 merge_ranges=3 map_eff_cores=0.32 merge_eff_cores=0.11
event=kink_round H=3 col=35 round=stage0 frontier_in=2 map_wall_s=0.147 map_cpu_s=0.000 merge_wall_s=0.184 merge_cpu_s=0.000 map_units=1 merge_ranges=1 map_eff_cores=0.00 merge_eff_cores=0.00
event=kink_round H=7 col=13 round=stage2 frontier_in=873 map_wall_s=0.170 map_cpu_s=0.005 merge_wall_s=0.165 merge_cpu_s=0.003 map_units=1 merge_ranges=1 map_eff_cores=0.03 merge_eff_cores=0.02
event=kink_round H=5 col=24 round=seed frontier_in=57 map_wall_s=0.192 map_cpu_s=0.001 merge_wall_s=0.000 merge_cpu_s=0.000 map_units=1 merge_ranges=0 map_eff_cores=0.01 merge_eff_cores=0.00
event=kink_round H=12 col=3 round=stage6 frontier_in=131425 map_wall_s=0.127 map_cpu_s=0.764 merge_wall_s=0.311 merge_cpu_s=0.582 map_units=65 merge_ranges=65 map_eff_cores=5.99 merge_eff_cores=1.87
event=kink_round H=18 col=1 round=stage7 frontier_in=1322972 map_wall_s=0.706 map_cpu_s=4.661 merge_wall_s=0.580 merge_cpu_s=2.620 map_units=640 merge_ranges=80 map_eff_cores=6.60 merge_eff_cores=4.52
event=kink_round H=4 col=28 round=stage0 frontier_in=22 map_wall_s=0.185 map_cpu_s=0.002 merge_wall_s=0.048 merge_cpu_s=0.001 map_units=1 merge_ranges=1 map_eff_cores=0.01 merge_eff_cores=0.02
event=kink_round H=8 col=9 round=stage6 frontier_in=2920 map_wall_s=0.191 map_cpu_s=0.017 merge_wall_s=0.037 merge_cpu_s=0.012 map_units=2 merge_ranges=2 map_eff_cores=0.09 merge_eff_cores=0.33
event=kink_round H=6 col=18 round=stage5 frontier_in=458 map_wall_s=0.154 map_cpu_s=0.005 merge_wall_s=0.014 merge_cpu_s=0.002 map_units=1 merge_ranges=1 map_eff_cores=0.03 merge_eff_cores=0.14
event=kink_round H=4 col=28 round=stage1 frontier_in=36 map_wall_s=0.013 map_cpu_s=0.003 merge_wall_s=0.019 merge_cpu_s=0.002 map_units=1 merge_ranges=1 map_eff_cores=0.22 merge_eff_cores=0.11
event=kink_round H=10 col=5 round=stage7 frontier_in=19901 map_wall_s=0.224 map_cpu_s=0.120 merge_wall_s=0.120 merge_cpu_s=0.084 map_units=10 merge_ranges=10 map_eff_cores=0.54 merge_eff_cores=0.70
event=kink_round H=6 col=18 round=finalize frontier_in=447 map_wall_s=0.029 map_cpu_s=0.002 merge_wall_s=0.003 merge_cpu_s=0.001 map_units=1 merge_ranges=1 map_eff_cores=0.07 merge_eff_cores=0.29
event=column H=6 col=18 frontier_in=131 frontier_out=131 wall_s=1.09 cum_wall_s=58.8 cpu_s=0.0 rss_max_mb=50.8 map_wall_s=0.58 map_cpu_s=0.0 merge_wall_s=0.50 merge_cpu_s=0.0 map_units=8 merge_ranges=7 eff_cores=0.03
event=kink_round H=4 col=28 round=stage2 frontier_in=56 map_wall_s=0.012 map_cpu_s=0.001 merge_wall_s=0.003 merge_cpu_s=0.000 map_units=1 merge_ranges=1 map_eff_cores=0.08 merge_eff_cores=0.00
event=kink_round H=6 col=19 round=seed frontier_in=131 map_wall_s=0.002 map_cpu_s=0.001 merge_wall_s=0.000 merge_cpu_s=0.000 map_units=1 merge_ranges=0 map_eff_cores=0.58 merge_eff_cores=0.00
event=kink_round H=6 col=19 round=stage0 frontier_in=131 map_wall_s=0.001 map_cpu_s=0.001 merge_wall_s=0.001 merge_cpu_s=0.001 map_units=1 merge_ranges=1 map_eff_cores=0.90 merge_eff_cores=0.73
event=kink_round H=4 col=28 round=stage3 frontier_in=59 map_wall_s=0.005 map_cpu_s=0.001 merge_wall_s=0.005 merge_cpu_s=0.001 map_units=1 merge_ranges=1 map_eff_cores=0.18 merge_eff_cores=0.21
event=kink_round H=8 col=9 round=stage7 frontier_in=2997 map_wall_s=0.035 map_cpu_s=0.016 merge_wall_s=0.013 merge_cpu_s=0.010 map_units=2 merge_ranges=2 map_eff_cores=0.46 merge_eff_cores=0.76
event=kink_round H=3 col=35 round=stage1 frontier_in=2 map_wall_s=0.045 map_cpu_s=0.002 merge_wall_s=0.066 merge_cpu_s=0.002 map_units=1 merge_ranges=1 map_eff_cores=0.04 merge_eff_cores=0.03
event=kink_round H=5 col=24 round=stage0 frontier_in=57 map_wall_s=0.055 map_cpu_s=0.003 merge_wall_s=0.069 merge_cpu_s=0.009 map_units=1 merge_ranges=1 map_eff_cores=0.05 merge_eff_cores=0.13
event=kink_round H=3 col=35 round=stage2 frontier_in=2 map_wall_s=0.025 map_cpu_s=0.001 merge_wall_s=0.007 merge_cpu_s=0.001 map_units=1 merge_ranges=1 map_eff_cores=0.04 merge_eff_cores=0.14
event=kink_round H=6 col=19 round=stage1 frontier_in=212 map_wall_s=0.003 map_cpu_s=0.001 merge_wall_s=0.043 merge_cpu_s=0.002 map_units=1 merge_ranges=1 map_eff_cores=0.37 merge_eff_cores=0.05
event=kink_round H=4 col=28 round=finalize frontier_in=70 map_wall_s=0.039 map_cpu_s=0.001 merge_wall_s=0.003 merge_cpu_s=0.002 map_units=1 merge_ranges=1 map_eff_cores=0.03 merge_eff_cores=0.70
event=column H=4 col=28 frontier_in=22 frontier_out=22 wall_s=0.48 cum_wall_s=59.3 cpu_s=0.0 rss_max_mb=50.8 map_wall_s=0.40 map_cpu_s=0.0 merge_wall_s=0.08 merge_cpu_s=0.0 map_units=6 merge_ranges=5 eff_cores=0.03
event=kink_round H=3 col=35 round=finalize frontier_in=1 map_wall_s=0.004 map_cpu_s=0.001 merge_wall_s=0.000 merge_cpu_s=0.000 map_units=0 merge_ranges=0 map_eff_cores=0.26 merge_eff_cores=0.00
event=column H=3 col=35 frontier_in=2 frontier_out=0 wall_s=0.53 cum_wall_s=59.9 cpu_s=0.0 rss_max_mb=73.0 map_wall_s=0.27 map_cpu_s=0.0 merge_wall_s=0.26 merge_cpu_s=0.0 map_units=4 merge_ranges=3 eff_cores=0.02
event=kink_round H=4 col=29 round=seed frontier_in=22 map_wall_s=0.003 map_cpu_s=0.001 merge_wall_s=0.000 merge_cpu_s=0.000 map_units=1 merge_ranges=0 map_eff_cores=0.34 merge_eff_cores=0.00
event=kink_round H=5 col=24 round=stage1 frontier_in=94 map_wall_s=0.016 map_cpu_s=0.001 merge_wall_s=0.006 merge_cpu_s=0.002 map_units=1 merge_ranges=1 map_eff_cores=0.06 merge_eff_cores=0.32
event=kink_round H=7 col=13 round=stage3 frontier_in=1036 map_wall_s=0.048 map_cpu_s=0.005 merge_wall_s=0.102 merge_cpu_s=0.012 map_units=1 merge_ranges=1 map_eff_cores=0.10 merge_eff_cores=0.12
event=kink_round H=4 col=29 round=stage0 frontier_in=22 map_wall_s=0.002 map_cpu_s=0.001 merge_wall_s=0.002 merge_cpu_s=0.001 map_units=1 merge_ranges=1 map_eff_cores=0.65 merge_eff_cores=0.65
event=kink_round H=6 col=19 round=stage2 frontier_in=341 map_wall_s=0.006 map_cpu_s=0.003 merge_wall_s=0.009 merge_cpu_s=0.002 map_units=1 merge_ranges=1 map_eff_cores=0.48 merge_eff_cores=0.23
event=kink_round H=4 col=29 round=stage1 frontier_in=36 map_wall_s=0.002 map_cpu_s=0.001 merge_wall_s=0.007 merge_cpu_s=0.001 map_units=1 merge_ranges=1 map_eff_cores=0.44 merge_eff_cores=0.15
event=kink_round H=5 col=24 round=stage2 frontier_in=146 map_wall_s=0.011 map_cpu_s=0.001 merge_wall_s=0.002 merge_cpu_s=0.001 map_units=1 merge_ranges=1 map_eff_cores=0.10 merge_eff_cores=0.60
event=kink_round H=8 col=9 round=finalize frontier_in=2895 map_wall_s=0.049 map_cpu_s=0.016 merge_wall_s=0.007 merge_cpu_s=0.005 map_units=2 merge_ranges=2 map_eff_cores=0.33 merge_eff_cores=0.70
event=kink_round H=4 col=29 round=stage2 frontier_in=56 map_wall_s=0.001 map_cpu_s=0.001 merge_wall_s=0.002 merge_cpu_s=0.001 map_units=1 merge_ranges=1 map_eff_cores=0.81 merge_eff_cores=0.62
event=column H=8 col=9 frontier_in=825 frontier_out=825 wall_s=1.39 cum_wall_s=61.3 cpu_s=0.2 rss_max_mb=56.8 map_wall_s=0.78 map_cpu_s=0.1 merge_wall_s=0.61 merge_cpu_s=0.1 map_units=17 merge_ranges=16 eff_cores=0.14
event=kink_round H=6 col=19 round=stage3 frontier_in=403 map_wall_s=0.005 map_cpu_s=0.002 merge_wall_s=0.002 merge_cpu_s=0.001 map_units=1 merge_ranges=1 map_eff_cores=0.42 merge_eff_cores=0.49
event=kink_round H=5 col=24 round=stage3 frontier_in=166 map_wall_s=0.002 map_cpu_s=0.001 merge_wall_s=0.001 merge_cpu_s=0.001 map_units=1 merge_ranges=1 map_eff_cores=0.54 merge_eff_cores=0.69
event=kink_round H=10 col=5 round=stage8 frontier_in=19909 map_wall_s=0.044 map_cpu_s=0.137 merge_wall_s=0.026 merge_cpu_s=0.081 map_units=10 merge_ranges=10 map_eff_cores=3.10 merge_eff_cores=3.14
event=kink_round H=8 col=10 round=seed frontier_in=825 map_wall_s=0.006 map_cpu_s=0.005 merge_wall_s=0.000 merge_cpu_s=0.000 map_units=1 merge_ranges=0 map_eff_cores=0.82 merge_eff_cores=0.00
event=kink_round H=5 col=24 round=stage4 frontier_in=179 map_wall_s=0.005 map_cpu_s=0.001 merge_wall_s=0.001 merge_cpu_s=0.001 map_units=1 merge_ranges=1 map_eff_cores=0.18 merge_eff_cores=0.95
event=kink_round H=4 col=29 round=stage3 frontier_in=59 map_wall_s=0.006 map_cpu_s=0.001 merge_wall_s=0.002 merge_cpu_s=0.001 map_units=1 merge_ranges=1 map_eff_cores=0.17 merge_eff_cores=0.54
event=kink_round H=15 col=1 round=finalize frontier_in=855048 map_wall_s=0.471 map_cpu_s=3.099 merge_wall_s=0.512 merge_cpu_s=3.025 map_units=418 merge_ranges=80 map_eff_cores=6.58 merge_eff_cores=5.90
event=kink_round H=6 col=19 round=stage4 frontier_in=423 map_wall_s=0.006 map_cpu_s=0.002 merge_wall_s=0.002 merge_cpu_s=0.001 map_units=1 merge_ranges=1 map_eff_cores=0.35 merge_eff_cores=0.44
event=kink_round H=7 col=13 round=stage4 frontier_in=1113 map_wall_s=0.007 map_cpu_s=0.007 merge_wall_s=0.015 merge_cpu_s=0.003 map_units=1 merge_ranges=1 map_eff_cores=0.99 merge_eff_cores=0.21
event=kink_round H=17 col=1 round=stage10 frontier_in=1167306 map_wall_s=0.597 map_cpu_s=4.206 merge_wall_s=0.560 merge_cpu_s=3.498 map_units=570 merge_ranges=80 map_eff_cores=7.05 merge_eff_cores=6.25
event=kink_round H=4 col=29 round=finalize frontier_in=70 map_wall_s=0.001 map_cpu_s=0.001 merge_wall_s=0.002 merge_cpu_s=0.000 map_units=1 merge_ranges=1 map_eff_cores=0.82 merge_eff_cores=0.00
event=column H=4 col=29 frontier_in=22 frontier_out=22 wall_s=0.03 cum_wall_s=61.3 cpu_s=0.0 rss_max_mb=50.8 map_wall_s=0.02 map_cpu_s=0.0 merge_wall_s=0.01 merge_cpu_s=0.0 map_units=6 merge_ranges=5 eff_cores=0.33
event=kink_round H=5 col=24 round=finalize frontier_in=180 map_wall_s=0.002 map_cpu_s=0.001 merge_wall_s=0.002 merge_cpu_s=0.000 map_units=1 merge_ranges=1 map_eff_cores=0.46 merge_eff_cores=0.00
event=column H=5 col=24 frontier_in=57 frontier_out=57 wall_s=0.37 cum_wall_s=61.7 cpu_s=0.0 rss_max_mb=54.8 map_wall_s=0.28 map_cpu_s=0.0 merge_wall_s=0.08 merge_cpu_s=0.0 map_units=7 merge_ranges=6 eff_cores=0.06
event=kink_round H=4 col=30 round=seed frontier_in=22 map_wall_s=0.001 map_cpu_s=0.000 merge_wall_s=0.000 merge_cpu_s=0.000 map_units=1 merge_ranges=0 map_eff_cores=0.00 merge_eff_cores=0.00
event=kink_round H=4 col=30 round=stage0 frontier_in=22 map_wall_s=0.001 map_cpu_s=0.001 merge_wall_s=0.001 merge_cpu_s=0.001 map_units=1 merge_ranges=1 map_eff_cores=0.98 merge_eff_cores=0.90
event=kink_round H=4 col=30 round=stage1 frontier_in=36 map_wall_s=0.001 map_cpu_s=0.001 merge_wall_s=0.001 merge_cpu_s=0.000 map_units=1 merge_ranges=1 map_eff_cores=1.37 merge_eff_cores=0.00
event=kink_round H=5 col=25 round=seed frontier_in=57 map_wall_s=0.005 map_cpu_s=0.000 merge_wall_s=0.000 merge_cpu_s=0.000 map_units=1 merge_ranges=0 map_eff_cores=0.00 merge_eff_cores=0.00
event=kink_round H=5 col=25 round=stage0 frontier_in=57 map_wall_s=0.001 map_cpu_s=0.000 merge_wall_s=0.003 merge_cpu_s=0.000 map_units=1 merge_ranges=1 map_eff_cores=0.00 merge_eff_cores=0.00
event=kink_round H=6 col=19 round=stage5 frontier_in=458 map_wall_s=0.007 map_cpu_s=0.001 merge_wall_s=0.006 merge_cpu_s=0.001 map_units=1 merge_ranges=1 map_eff_cores=0.15 merge_eff_cores=0.16
event=kink_round H=9 col=7 round=stage3 frontier_in=6682 map_wall_s=0.151 map_cpu_s=0.041 merge_wall_s=0.130 merge_cpu_s=0.042 map_units=4 merge_ranges=4 map_eff_cores=0.27 merge_eff_cores=0.32
event=kink_round H=4 col=30 round=stage2 frontier_in=56 map_wall_s=0.002 map_cpu_s=0.000 merge_wall_s=0.006 merge_cpu_s=0.000 map_units=1 merge_ranges=1 map_eff_cores=0.00 merge_eff_cores=0.00
event=kink_round H=8 col=10 round=stage0 frontier_in=825 map_wall_s=0.006 map_cpu_s=0.005 merge_wall_s=0.011 merge_cpu_s=0.003 map_units=1 merge_ranges=1 map_eff_cores=0.86 merge_eff_cores=0.26
event=kink_round H=7 col=13 round=stage5 frontier_in=1130 map_wall_s=0.006 map_cpu_s=0.005 merge_wall_s=0.008 merge_cpu_s=0.004 map_units=1 merge_ranges=1 map_eff_cores=0.85 merge_eff_cores=0.48
event=kink_round H=11 col=4 round=stage5 frontier_in=51608 map_wall_s=0.294 map_cpu_s=0.345 merge_wall_s=0.141 merge_cpu_s=0.247 map_units=26 merge_ranges=26 map_eff_cores=1.17 merge_eff_cores=1.75
event=kink_round H=5 col=25 round=stage1 frontier_in=94 map_wall_s=0.003 map_cpu_s=0.001 merge_wall_s=0.012 merge_cpu_s=0.001 map_units=1 merge_ranges=1 map_eff_cores=0.33 merge_eff_cores=0.08
event=kink_round H=4 col=30 round=stage3 frontier_in=59 map_wall_s=0.001 map_cpu_s=0.000 merge_wall_s=0.013 merge_cpu_s=0.001 map_units=1 merge_ranges=1 map_eff_cores=0.00 merge_eff_cores=0.08
event=kink_round H=16 col=1 round=stage13 frontier_in=1043895 map_wall_s=0.575 map_cpu_s=4.220 merge_wall_s=0.601 merge_cpu_s=3.334 map_units=510 merge_ranges=80 map_eff_cores=7.33 merge_eff_cores=5.55
event=kink_round H=6 col=19 round=finalize frontier_in=447 map_wall_s=0.011 map_cpu_s=0.001 merge_wall_s=0.028 merge_cpu_s=0.001 map_units=1 merge_ranges=1 map_eff_cores=0.09 merge_eff_cores=0.04
event=column H=6 col=19 frontier_in=131 frontier_out=131 wall_s=0.13 cum_wall_s=61.8 cpu_s=0.0 rss_max_mb=56.8 map_wall_s=0.04 map_cpu_s=0.0 merge_wall_s=0.09 merge_cpu_s=0.0 map_units=8 merge_ranges=7 eff_cores=0.16
event=column H=15 col=1 frontier_in=16511 frontier_out=333623 wall_s=5.99 cum_wall_s=67.8 cpu_s=27.9 rss_max_mb=73.0 map_wall_s=2.17 map_cpu_s=15.8 merge_wall_s=3.06 merge_cpu_s=12.1 map_units=2096 merge_ranges=976 eff_cores=4.66
event=kink_round H=7 col=13 round=stage6 frontier_in=1170 map_wall_s=0.016 map_cpu_s=0.005 merge_wall_s=0.027 merge_cpu_s=0.003 map_units=1 merge_ranges=1 map_eff_cores=0.32 merge_eff_cores=0.11
event=kink_round H=12 col=3 round=stage7 frontier_in=133957 map_wall_s=0.085 map_cpu_s=1.007 merge_wall_s=0.059 merge_cpu_s=0.542 map_units=66 merge_ranges=66 map_eff_cores=11.81 merge_eff_cores=9.23
event=kink_round H=10 col=5 round=stage9 frontier_in=20222 map_wall_s=0.026 map_cpu_s=0.097 merge_wall_s=0.043 merge_cpu_s=0.060 map_units=10 merge_ranges=10 map_eff_cores=3.76 merge_eff_cores=1.40
event=kink_round H=14 col=2 round=stage5 frontier_in=526886 map_wall_s=0.316 map_cpu_s=2.366 merge_wall_s=0.520 merge_cpu_s=1.959 map_units=258 merge_ranges=80 map_eff_cores=7.48 merge_eff_cores=3.77
event=kink_round H=8 col=10 round=stage1 frontier_in=1328 map_wall_s=0.017 map_cpu_s=0.007 merge_wall_s=0.033 merge_cpu_s=0.006 map_units=1 merge_ranges=1 map_eff_cores=0.40 merge_eff_cores=0.18
event=kink_round H=5 col=25 round=stage2 frontier_in=146 map_wall_s=0.028 map_cpu_s=0.001 merge_wall_s=0.020 merge_cpu_s=0.001 map_units=1 merge_ranges=1 map_eff_cores=0.04 merge_eff_cores=0.05
event=kink_round H=4 col=30 round=finalize frontier_in=70 map_wall_s=0.027 map_cpu_s=0.000 merge_wall_s=0.023 merge_cpu_s=0.002 map_units=1 merge_ranges=1 map_eff_cores=0.00 merge_eff_cores=0.09
event=column H=4 col=30 frontier_in=22 frontier_out=22 wall_s=0.08 cum_wall_s=67.9 cpu_s=0.0 rss_max_mb=56.8 map_wall_s=0.03 map_cpu_s=0.0 merge_wall_s=0.04 merge_cpu_s=0.0 map_units=6 merge_ranges=5 eff_cores=0.08
event=kink_round H=6 col=20 round=seed frontier_in=131 map_wall_s=0.027 map_cpu_s=0.001 merge_wall_s=0.000 merge_cpu_s=0.000 map_units=1 merge_ranges=0 map_eff_cores=0.04 merge_eff_cores=0.00
event=kink_round H=9 col=7 round=stage4 frontier_in=7282 map_wall_s=0.028 map_cpu_s=0.031 merge_wall_s=0.037 merge_cpu_s=0.023 map_units=4 merge_ranges=4 map_eff_cores=1.10 merge_eff_cores=0.63
event=kink_round H=4 col=31 round=seed frontier_in=22 map_wall_s=0.024 map_cpu_s=0.000 merge_wall_s=0.000 merge_cpu_s=0.000 map_units=1 merge_ranges=0 map_eff_cores=0.00 merge_eff_cores=0.00
event=kink_round H=7 col=13 round=finalize frontier_in=1129 map_wall_s=0.021 map_cpu_s=0.004 merge_wall_s=0.036 merge_cpu_s=0.003 map_units=1 merge_ranges=1 map_eff_cores=0.19 merge_eff_cores=0.08
event=column H=7 col=13 frontier_in=335 frontier_out=335 wall_s=0.94 cum_wall_s=68.8 cpu_s=0.1 rss_max_mb=73.0 map_wall_s=0.47 map_cpu_s=0.0 merge_wall_s=0.47 merge_cpu_s=0.0 map_units=9 merge_ranges=8 eff_cores=0.08
event=kink_round H=5 col=25 round=stage3 frontier_in=166 map_wall_s=0.018 map_cpu_s=0.002 merge_wall_s=0.034 merge_cpu_s=0.001 map_units=1 merge_ranges=1 map_eff_cores=0.11 merge_eff_cores=0.03
event=kink_round H=8 col=10 round=stage2 frontier_in=2153 map_wall_s=0.025 map_cpu_s=0.011 merge_wall_s=0.057 merge_cpu_s=0.007 map_units=2 merge_ranges=2 map_eff_cores=0.45 merge_eff_cores=0.12
event=kink_round H=11 col=4 round=stage6 frontier_in=52312 map_wall_s=0.056 map_cpu_s=0.265 merge_wall_s=0.069 merge_cpu_s=0.204 map_units=26 merge_ranges=26 map_eff_cores=4.70 merge_eff_cores=2.95
event=kink_round H=13 col=2 round=stage11 frontier_in=323446 map_wall_s=0.330 map_cpu_s=2.182 merge_wall_s=0.148 merge_cpu_s=1.046 map_units=158 merge_ranges=80 map_eff_cores=6.61 merge_eff_cores=7.07
event=kink_round H=7 col=14 round=seed frontier_in=335 map_wall_s=0.067 map_cpu_s=0.002 merge_wall_s=0.000 merge_cpu_s=0.000 map_units=1 merge_ranges=0 map_eff_cores=0.03 merge_eff_cores=0.00
event=kink_round H=6 col=20 round=stage0 frontier_in=131 map_wall_s=0.035 map_cpu_s=0.003 merge_wall_s=0.074 merge_cpu_s=0.002 map_units=1 merge_ranges=1 map_eff_cores=0.09 merge_eff_cores=0.03
event=kink_round H=10 col=5 round=finalize frontier_in=19812 map_wall_s=0.032 map_cpu_s=0.073 merge_wall_s=0.085 merge_cpu_s=0.045 map_units=10 merge_ranges=10 map_eff_cores=2.26 merge_eff_cores=0.53
event=column H=10 col=5 frontier_in=5567 frontier_out=5567 wall_s=2.12 cum_wall_s=70.9 cpu_s=1.7 rss_max_mb=73.0 map_wall_s=1.20 map_cpu_s=1.0 merge_wall_s=0.85 merge_cpu_s=0.7 map_units=98 merge_ranges=95 eff_cores=0.81
event=kink_round H=15 col=2 round=seed frontier_in=333623 map_wall_s=0.162 map_cpu_s=1.100 merge_wall_s=0.000 merge_cpu_s=0.000 map_units=163 merge_ranges=0 map_eff_cores=6.79 merge_eff_cores=0.00
event=kink_round H=9 col=7 round=stage5 frontier_in=7502 map_wall_s=0.047 map_cpu_s=0.040 merge_wall_s=0.118 merge_cpu_s=0.024 map_units=4 merge_ranges=4 map_eff_cores=0.85 merge_eff_cores=0.20
event=kink_round H=4 col=31 round=stage0 frontier_in=22 map_wall_s=0.042 map_cpu_s=0.001 merge_wall_s=0.101 merge_cpu_s=0.000 map_units=1 merge_ranges=1 map_eff_cores=0.02 merge_eff_cores=0.00
event=kink_round H=10 col=6 round=seed frontier_in=5567 map_wall_s=0.083 map_cpu_s=0.021 merge_wall_s=0.000 merge_cpu_s=0.000 map_units=3 merge_ranges=0 map_eff_cores=0.25 merge_eff_cores=0.00
event=kink_round H=5 col=25 round=stage4 frontier_in=179 map_wall_s=0.099 map_cpu_s=0.001 merge_wall_s=0.122 merge_cpu_s=0.000 map_units=1 merge_ranges=1 map_eff_cores=0.01 merge_eff_cores=0.00
event=kink_round H=6 col=20 round=stage1 frontier_in=212 map_wall_s=0.072 map_cpu_s=0.001 merge_wall_s=0.135 merge_cpu_s=0.003 map_units=1 merge_ranges=1 map_eff_cores=0.01 merge_eff_cores=0.02
event=kink_round H=8 col=10 round=stage3 frontier_in=2568 map_wall_s=0.095 map_cpu_s=0.011 merge_wall_s=0.153 merge_cpu_s=0.008 map_units=2 merge_ranges=2 map_eff_cores=0.12 merge_eff_cores=0.05
event=kink_round H=7 col=14 round=stage0 frontier_in=335 map_wall_s=0.073 map_cpu_s=0.002 merge_wall_s=0.148 merge_cpu_s=0.004 map_units=1 merge_ranges=1 map_eff_cores=0.03 merge_eff_cores=0.03
event=kink_round H=12 col=3 round=stage8 frontier_in=136951 map_wall_s=0.106 map_cpu_s=0.937 merge_wall_s=0.196 merge_cpu_s=0.529 map_units=67 merge_ranges=67 map_eff_cores=8.85 merge_eff_cores=2.69
event=kink_round H=4 col=31 round=stage1 frontier_in=36 map_wall_s=0.140 map_cpu_s=0.001 merge_wall_s=0.079 merge_cpu_s=0.001 map_units=1 merge_ranges=1 map_eff_cores=0.01 merge_eff_cores=0.01
event=kink_round H=11 col=4 round=stage7 frontier_in=52502 map_wall_s=0.143 map_cpu_s=0.247 merge_wall_s=0.140 merge_cpu_s=0.201 map_units=26 merge_ranges=26 map_eff_cores=1.73 merge_eff_cores=1.43
event=kink_round H=9 col=7 round=stage6 frontier_in=7569 map_wall_s=0.157 map_cpu_s=0.037 merge_wall_s=0.092 merge_cpu_s=0.027 map_units=4 merge_ranges=4 map_eff_cores=0.24 merge_eff_cores=0.29
event=kink_round H=10 col=6 round=stage0 frontier_in=5567 map_wall_s=0.146 map_cpu_s=0.033 merge_wall_s=0.093 merge_cpu_s=0.030 map_units=3 merge_ranges=3 map_eff_cores=0.23 merge_eff_cores=0.32
event=kink_round H=5 col=25 round=finalize frontier_in=180 map_wall_s=0.090 map_cpu_s=0.001 merge_wall_s=0.084 merge_cpu_s=0.001 map_units=1 merge_ranges=1 map_eff_cores=0.01 merge_eff_cores=0.01
event=column H=5 col=25 frontier_in=57 frontier_out=57 wall_s=0.52 cum_wall_s=71.4 cpu_s=0.0 rss_max_mb=73.0 map_wall_s=0.24 map_cpu_s=0.0 merge_wall_s=0.28 merge_cpu_s=0.0 map_units=7 merge_ranges=6 eff_cores=0.02
event=kink_round H=6 col=20 round=stage2 frontier_in=341 map_wall_s=0.075 map_cpu_s=0.003 merge_wall_s=0.056 merge_cpu_s=0.001 map_units=1 merge_ranges=1 map_eff_cores=0.04 merge_eff_cores=0.02
event=kink_round H=7 col=14 round=stage1 frontier_in=544 map_wall_s=0.077 map_cpu_s=0.004 merge_wall_s=0.049 merge_cpu_s=0.003 map_units=1 merge_ranges=1 map_eff_cores=0.05 merge_eff_cores=0.06
event=kink_round H=8 col=10 round=stage4 frontier_in=2795 map_wall_s=0.085 map_cpu_s=0.014 merge_wall_s=0.062 merge_cpu_s=0.011 map_units=2 merge_ranges=2 map_eff_cores=0.16 merge_eff_cores=0.18
event=kink_round H=4 col=31 round=stage2 frontier_in=56 map_wall_s=0.059 map_cpu_s=0.001 merge_wall_s=0.054 merge_cpu_s=0.000 map_units=1 merge_ranges=1 map_eff_cores=0.02 merge_eff_cores=0.00
event=kink_round H=5 col=26 round=seed frontier_in=57 map_wall_s=0.053 map_cpu_s=0.001 merge_wall_s=0.000 merge_cpu_s=0.000 map_units=1 merge_ranges=0 map_eff_cores=0.02 merge_eff_cores=0.00
event=kink_round H=13 col=2 round=stage12 frontier_in=346835 map_wall_s=0.303 map_cpu_s=1.616 merge_wall_s=0.149 merge_cpu_s=1.074 map_units=170 merge_ranges=80 map_eff_cores=5.33 merge_eff_cores=7.22
event=kink_round H=6 col=20 round=stage3 frontier_in=403 map_wall_s=0.053 map_cpu_s=0.001 merge_wall_s=0.097 merge_cpu_s=0.004 map_units=1 merge_ranges=1 map_eff_cores=0.02 merge_eff_cores=0.04
event=kink_round H=7 col=14 round=stage2 frontier_in=873 map_wall_s=0.059 map_cpu_s=0.003 merge_wall_s=0.090 merge_cpu_s=0.005 map_units=1 merge_ranges=1 map_eff_cores=0.05 merge_eff_cores=0.06
event=kink_round H=12 col=3 round=stage9 frontier_in=139565 map_wall_s=0.099 map_cpu_s=0.933 merge_wall_s=0.157 merge_cpu_s=0.542 map_units=69 merge_ranges=69 map_eff_cores=9.45 merge_eff_cores=3.46
event=kink_round H=9 col=7 round=stage7 frontier_in=7596 map_wall_s=0.067 map_cpu_s=0.042 merge_wall_s=0.130 merge_cpu_s=0.028 map_units=4 merge_ranges=4 map_eff_cores=0.62 merge_eff_cores=0.22
event=kink_round H=10 col=6 round=stage1 frontier_in=8947 map_wall_s=0.077 map_cpu_s=0.047 merge_wall_s=0.109 merge_cpu_s=0.047 map_units=5 merge_ranges=5 map_eff_cores=0.61 merge_eff_cores=0.43
event=kink_round H=11 col=4 round=stage8 frontier_in=52798 map_wall_s=0.090 map_cpu_s=0.319 merge_wall_s=0.136 merge_cpu_s=0.197 map_units=26 merge_ranges=26 map_eff_cores=3.55 merge_eff_cores=1.45
event=kink_round H=15 col=2 round=stage0 frontier_in=333623 map_wall_s=0.312 map_cpu_s=2.063 merge_wall_s=0.208 merge_cpu_s=1.311 map_units=163 merge_ranges=80 map_eff_cores=6.60 merge_eff_cores=6.29
event=kink_round H=5 col=26 round=stage0 frontier_in=57 map_wall_s=0.094 map_cpu_s=0.003 merge_wall_s=0.067 merge_cpu_s=0.000 map_units=1 merge_ranges=1 map_eff_cores=0.03 merge_eff_cores=0.00
event=kink_round H=8 col=10 round=stage5 frontier_in=2858 map_wall_s=0.121 map_cpu_s=0.013 merge_wall_s=0.077 merge_cpu_s=0.010 map_units=2 merge_ranges=2 map_eff_cores=0.11 merge_eff_cores=0.13
event=kink_round H=4 col=31 round=stage3 frontier_in=59 map_wall_s=0.100 map_cpu_s=0.003 merge_wall_s=0.074 merge_cpu_s=0.001 map_units=1 merge_ranges=1 map_eff_cores=0.03 merge_eff_cores=0.01
event=kink_round H=14 col=2 round=stage6 frontier_in=558969 map_wall_s=0.415 map_cpu_s=2.455 merge_wall_s=0.242 merge_cpu_s=1.752 map_units=273 merge_ranges=80 map_eff_cores=5.92 merge_eff_cores=7.24
event=kink_round H=6 col=20 round=stage4 frontier_in=423 map_wall_s=0.074 map_cpu_s=0.003 merge_wall_s=0.049 merge_cpu_s=0.002 map_units=1 merge_ranges=1 map_eff_cores=0.04 merge_eff_cores=0.04
event=kink_round H=7 col=14 round=stage3 frontier_in=1036 map_wall_s=0.073 map_cpu_s=0.004 merge_wall_s=0.051 merge_cpu_s=0.004 map_units=1 merge_ranges=1 map_eff_cores=0.05 merge_eff_cores=0.08
event=kink_round H=4 col=31 round=finalize frontier_in=70 map_wall_s=0.041 map_cpu_s=0.002 merge_wall_s=0.017 merge_cpu_s=0.001 map_units=1 merge_ranges=1 map_eff_cores=0.05 merge_eff_cores=0.06
event=column H=4 col=31 frontier_in=22 frontier_out=22 wall_s=0.73 cum_wall_s=72.2 cpu_s=0.0 rss_max_mb=52.8 map_wall_s=0.41 map_cpu_s=0.0 merge_wall_s=0.33 merge_cpu_s=0.0 map_units=6 merge_ranges=5 eff_cores=0.02
event=kink_round H=5 col=26 round=stage1 frontier_in=94 map_wall_s=0.047 map_cpu_s=0.002 merge_wall_s=0.026 merge_cpu_s=0.003 map_units=1 merge_ranges=1 map_eff_cores=0.04 merge_eff_cores=0.12
event=kink_round H=8 col=10 round=stage6 frontier_in=2920 map_wall_s=0.049 map_cpu_s=0.014 merge_wall_s=0.035 merge_cpu_s=0.008 map_units=2 merge_ranges=2 map_eff_cores=0.29 merge_eff_cores=0.23
event=kink_round H=9 col=7 round=stage8 frontier_in=7732 map_wall_s=0.065 map_cpu_s=0.032 merge_wall_s=0.096 merge_cpu_s=0.027 map_units=4 merge_ranges=4 map_eff_cores=0.49 merge_eff_cores=0.28
event=kink_round H=10 col=6 round=stage2 frontier_in=14518 map_wall_s=0.069 map_cpu_s=0.072 merge_wall_s=0.089 merge_cpu_s=0.054 map_units=8 merge_ranges=8 map_eff_cores=1.04 merge_eff_cores=0.60
event=kink_round H=4 col=32 round=seed frontier_in=22 map_wall_s=0.072 map_cpu_s=0.001 merge_wall_s=0.000 merge_cpu_s=0.000 map_units=1 merge_ranges=0 map_eff_cores=0.01 merge_eff_cores=0.00
event=kink_round H=6 col=20 round=stage5 frontier_in=458 map_wall_s=0.011 map_cpu_s=0.001 merge_wall_s=0.072 merge_cpu_s=0.001 map_units=1 merge_ranges=1 map_eff_cores=0.09 merge_eff_cores=0.01
event=kink_round H=11 col=4 round=stage9 frontier_in=52648 map_wall_s=0.073 map_cpu_s=0.341 merge_wall_s=0.125 merge_cpu_s=0.167 map_units=26 merge_ranges=26 map_eff_cores=4.70 merge_eff_cores=1.33
event=kink_round H=12 col=3 round=stage10 frontier_in=139773 map_wall_s=0.084 map_cpu_s=0.949 merge_wall_s=0.217 merge_cpu_s=0.603 map_units=69 merge_ranges=69 map_eff_cores=11.36 merge_eff_cores=2.78
event=kink_round H=18 col=1 round=stage8 frontier_in=1599333 map_wall_s=0.595 map_cpu_s=5.083 merge_wall_s=0.431 merge_cpu_s=3.051 map_units=640 merge_ranges=80 map_eff_cores=8.55 merge_eff_cores=7.08
event=kink_round H=13 col=2 round=finalize frontier_in=339147 map_wall_s=0.116 map_cpu_s=1.449 merge_wall_s=0.235 merge_cpu_s=1.417 map_units=166 merge_ranges=80 map_eff_cores=12.51 merge_eff_cores=6.03
event=kink_round H=5 col=26 round=stage2 frontier_in=146 map_wall_s=0.075 map_cpu_s=0.001 merge_wall_s=0.209 merge_cpu_s=0.001 map_units=1 merge_ranges=1 map_eff_cores=0.01 merge_eff_cores=0.00
event=kink_round H=7 col=14 round=stage4 frontier_in=1113 map_wall_s=0.107 map_cpu_s=0.006 merge_wall_s=0.194 merge_cpu_s=0.004 map_units=1 merge_ranges=1 map_eff_cores=0.06 merge_eff_cores=0.02
event=kink_round H=8 col=10 round=stage7 frontier_in=2997 map_wall_s=0.101 map_cpu_s=0.021 merge_wall_s=0.207 merge_cpu_s=0.011 map_units=2 merge_ranges=2 map_eff_cores=0.21 merge_eff_cores=0.05
event=kink_round H=4 col=32 round=stage0 frontier_in=22 map_wall_s=0.218 map_cpu_s=0.001 merge_wall_s=0.065 merge_cpu_s=0.002 map_units=1 merge_ranges=1 map_eff_cores=0.00 merge_eff_cores=0.03
event=kink_round H=9 col=7 round=finalize frontier_in=7529 map_wall_s=0.196 map_cpu_s=0.033 merge_wall_s=0.113 merge_cpu_s=0.017 map_units=4 merge_ranges=4 map_eff_cores=0.17 merge_eff_cores=0.15
event=column H=9 col=7 frontier_in=2153 frontier_out=2153 wall_s=2.15 cum_wall_s=74.3 cpu_s=0.6 rss_max_mb=73.0 map_wall_s=1.03 map_cpu_s=0.3 merge_wall_s=1.10 merge_cpu_s=0.2 map_units=37 merge_ranges=35 eff_cores=0.26
event=kink_round H=6 col=20 round=finalize frontier_in=447 map_wall_s=0.222 map_cpu_s=0.002 merge_wall_s=0.073 merge_cpu_s=0.002 map_units=1 merge_ranges=1 map_eff_cores=0.01 merge_eff_cores=0.03
event=column H=6 col=20 frontier_in=131 frontier_out=131 wall_s=1.13 cum_wall_s=75.4 cpu_s=0.0 rss_max_mb=73.0 map_wall_s=0.57 map_cpu_s=0.0 merge_wall_s=0.56 merge_cpu_s=0.0 map_units=8 merge_ranges=7 eff_cores=0.03
event=column H=13 col=2 frontier_in=57408 frontier_out=94599 wall_s=5.73 cum_wall_s=81.2 cpu_s=26.3 rss_max_mb=73.0 map_wall_s=2.39 map_cpu_s=15.6 merge_wall_s=2.55 merge_cpu_s=10.7 map_units=1622 merge_ranges=1028 eff_cores=4.60
event=kink_round H=5 col=26 round=stage3 frontier_in=166 map_wall_s=0.066 map_cpu_s=0.002 merge_wall_s=0.102 merge_cpu_s=0.001 map_units=1 merge_ranges=1 map_eff_cores=0.03 merge_eff_cores=0.01
event=kink_round H=17 col=1 round=stage11 frontier_in=1410299 map_wall_s=0.701 map_cpu_s=5.573 merge_wall_s=0.501 merge_cpu_s=3.468 map_units=640 merge_ranges=80 map_eff_cores=7.95 merge_eff_cores=6.92
event=kink_round H=10 col=6 round=stage3 frontier_in=17220 map_wall_s=0.270 map_cpu_s=0.117 merge_wall_s=0.134 merge_cpu_s=0.076 map_units=9 merge_ranges=9 map_eff_cores=0.43 merge_eff_cores=0.57
event=kink_round H=6 col=21 round=seed frontier_in=131 map_wall_s=0.110 map_cpu_s=0.003 merge_wall_s=0.000 merge_cpu_s=0.000 map_units=1 merge_ranges=0 map_eff_cores=0.03 merge_eff_cores=0.00
event=kink_round H=9 col=8 round=seed frontier_in=2153 map_wall_s=0.118 map_cpu_s=0.014 merge_wall_s=0.000 merge_cpu_s=0.000 map_units=2 merge_ranges=0 map_eff_cores=0.12 merge_eff_cores=0.00
event=kink_round H=7 col=14 round=stage5 frontier_in=1130 map_wall_s=0.102 map_cpu_s=0.007 merge_wall_s=0.084 merge_cpu_s=0.004 map_units=1 merge_ranges=1 map_eff_cores=0.07 merge_eff_cores=0.05
event=kink_round H=4 col=32 round=stage1 frontier_in=35 map_wall_s=0.102 map_cpu_s=0.001 merge_wall_s=0.083 merge_cpu_s=0.001 map_units=1 merge_ranges=1 map_eff_cores=0.01 merge_eff_cores=0.01
event=kink_round H=8 col=10 round=finalize frontier_in=2895 map_wall_s=0.136 map_cpu_s=0.017 merge_wall_s=0.096 merge_cpu_s=0.006 map_units=2 merge_ranges=2 map_eff_cores=0.13 merge_eff_cores=0.06
event=column H=8 col=10 frontier_in=825 frontier_out=825 wall_s=1.39 cum_wall_s=82.6 cpu_s=0.2 rss_max_mb=56.8 map_wall_s=0.64 map_cpu_s=0.1 merge_wall_s=0.73 merge_cpu_s=0.1 map_units=17 merge_ranges=16 eff_cores=0.14
event=kink_round H=11 col=4 round=stage10 frontier_in=53452 map_wall_s=0.215 map_cpu_s=0.372 merge_wall_s=0.194 merge_cpu_s=0.229 map_units=27 merge_ranges=27 map_eff_cores=1.73 merge_eff_cores=1.18
event=kink_round H=5 col=26 round=stage4 frontier_in=179 map_wall_s=0.082 map_cpu_s=0.001 merge_wall_s=0.052 merge_cpu_s=0.001 map_units=1 merge_ranges=1 map_eff_cores=0.01 merge_eff_cores=0.02
event=kink_round H=6 col=21 round=stage0 frontier_in=131 map_wall_s=0.081 map_cpu_s=0.002 merge_wall_s=0.048 merge_cpu_s=0.002 map_units=1 merge_ranges=1 map_eff_cores=0.02 merge_eff_cores=0.04
event=kink_round H=13 col=3 round=seed frontier_in=94599 map_wall_s=0.118 map_cpu_s=0.591 merge_wall_s=0.000 merge_cpu_s=0.000 map_units=47 merge_ranges=0 map_eff_cores=5.00 merge_eff_cores=0.00
event=kink_round H=12 col=3 round=stage11 frontier_in=141992 map_wall_s=0.134 map_cpu_s=1.204 merge_wall_s=0.225 merge_cpu_s=0.715 map_units=70 merge_ranges=70 map_eff_cores=9.00 merge_eff_cores=3.18
event=kink_round H=8 col=11 round=seed frontier_in=825 map_wall_s=0.101 map_cpu_s=0.004 merge_wall_s=0.000 merge_cpu_s=0.000 map_units=1 merge_ranges=0 map_eff_cores=0.04 merge_eff_cores=0.00
event=kink_round H=16 col=1 round=stage14 frontier_in=1282516 map_wall_s=0.723 map_cpu_s=5.569 merge_wall_s=0.677 merge_cpu_s=4.271 map_units=627 merge_ranges=80 map_eff_cores=7.70 merge_eff_cores=6.31
event=kink_round H=9 col=8 round=stage0 frontier_in=2153 map_wall_s=0.098 map_cpu_s=0.017 merge_wall_s=0.098 merge_cpu_s=0.011 map_units=2 merge_ranges=2 map_eff_cores=0.17 merge_eff_cores=0.11
event=kink_round H=4 col=32 round=stage2 frontier_in=54 map_wall_s=0.050 map_cpu_s=0.001 merge_wall_s=0.098 merge_cpu_s=0.001 map_units=1 merge_ranges=1 map_eff_cores=0.02 merge_eff_cores=0.01
event=kink_round H=7 col=14 round=stage6 frontier_in=1170 map_wall_s=0.079 map_cpu_s=0.006 merge_wall_s=0.106 merge_cpu_s=0.003 map_units=1 merge_ranges=1 map_eff_cores=0.08 merge_eff_cores=0.03
event=kink_round H=10 col=6 round=stage4 frontier_in=18804 map_wall_s=0.115 map_cpu_s=0.132 merge_wall_s=0.126 merge_cpu_s=0.069 map_units=10 merge_ranges=10 map_eff_cores=1.15 merge_eff_cores=0.55
event=kink_round H=5 col=26 round=finalize frontier_in=180 map_wall_s=0.096 map_cpu_s=0.001 merge_wall_s=0.096 merge_cpu_s=0.001 map_units=1 merge_ranges=1 map_eff_cores=0.01 merge_eff_cores=0.01
event=column H=5 col=26 frontier_in=57 frontier_out=57 wall_s=1.07 cum_wall_s=83.6 cpu_s=0.0 rss_max_mb=56.8 map_wall_s=0.51 map_cpu_s=0.0 merge_wall_s=0.55 merge_cpu_s=0.0 map_units=7 merge_ranges=6 eff_cores=0.02
event=kink_round H=6 col=21 round=stage1 frontier_in=212 map_wall_s=0.100 map_cpu_s=0.002 merge_wall_s=0.097 merge_cpu_s=0.003 map_units=1 merge_ranges=1 map_eff_cores=0.02 merge_eff_cores=0.03
event=kink_round H=5 col=27 round=seed frontier_in=57 map_wall_s=0.031 map_cpu_s=0.001 merge_wall_s=0.000 merge_cpu_s=0.000 map_units=1 merge_ranges=0 map_eff_cores=0.03 merge_eff_cores=0.00
event=kink_round H=7 col=14 round=finalize frontier_in=1129 map_wall_s=0.098 map_cpu_s=0.003 merge_wall_s=0.036 merge_cpu_s=0.002 map_units=1 merge_ranges=1 map_eff_cores=0.03 merge_eff_cores=0.06
event=column H=7 col=14 frontier_in=335 frontier_out=335 wall_s=1.52 cum_wall_s=85.1 cpu_s=0.1 rss_max_mb=56.8 map_wall_s=0.73 map_cpu_s=0.0 merge_wall_s=0.76 merge_cpu_s=0.0 map_units=9 merge_ranges=8 eff_cores=0.04
event=kink_round H=9 col=8 round=stage1 frontier_in=3472 map_wall_s=0.102 map_cpu_s=0.017 merge_wall_s=0.043 merge_cpu_s=0.017 map_units=2 merge_ranges=2 map_eff_cores=0.17 merge_eff_cores=0.40
event=kink_round H=8 col=11 round=stage0 frontier_in=825 map_wall_s=0.100 map_cpu_s=0.003 merge_wall_s=0.058 merge_cpu_s=0.004 map_units=1 merge_ranges=1 map_eff_cores=0.03 merge_eff_cores=0.07
event=kink_round H=11 col=4 round=finalize frontier_in=52681 map_wall_s=0.125 map_cpu_s=0.283 merge_wall_s=0.102 merge_cpu_s=0.130 map_units=26 merge_ranges=26 map_eff_cores=2.26 merge_eff_cores=1.28
event=kink_round H=4 col=32 round=stage3 frontier_in=57 map_wall_s=0.116 map_cpu_s=0.002 merge_wall_s=0.036 merge_cpu_s=0.000 map_units=1 merge_ranges=1 map_eff_cores=0.02 merge_eff_cores=0.00
event=column H=11 col=4 frontier_in=14772 frontier_out=14825 wall_s=3.40 cum_wall_s=88.5 cpu_s=5.4 rss_max_mb=73.0 map_wall_s=1.49 map_cpu_s=3.3 merge_wall_s=1.67 merge_cpu_s=2.1 map_units=278 merge_ranges=270 eff_cores=1.57
event=kink_round H=15 col=2 round=stage1 frontier_in=529343 map_wall_s=0.520 map_cpu_s=3.246 merge_wall_s=0.339 merge_cpu_s=2.417 map_units=259 merge_ranges=80 map_eff_cores=6.25 merge_eff_cores=7.14
event=kink_round H=7 col=15 round=seed frontier_in=335 map_wall_s=0.055 map_cpu_s=0.002 merge_wall_s=0.000 merge_cpu_s=0.000 map_units=1 merge_ranges=0 map_eff_cores=0.04 merge_eff_cores=0.00
event=kink_round H=13 col=3 round=stage0 frontier_in=94599 map_wall_s=0.158 map_cpu_s=0.504 merge_wall_s=0.095 merge_cpu_s=0.420 map_units=47 merge_ranges=47 map_eff_cores=3.18 merge_eff_cores=4.41
event=kink_round H=6 col=21 round=stage2 frontier_in=341 map_wall_s=0.041 map_cpu_s=0.001 merge_wall_s=0.059 merge_cpu_s=0.001 map_units=1 merge_ranges=1 map_eff_cores=0.02 merge_eff_cores=0.02
event=kink_round H=12 col=3 round=finalize frontier_in=140376 map_wall_s=0.124 map_cpu_s=0.612 merge_wall_s=0.116 merge_cpu_s=0.482 map_units=69 merge_ranges=69 map_eff_cores=4.93 merge_eff_cores=4.16
event=kink_round H=5 col=27 round=stage0 frontier_in=57 map_wall_s=0.043 map_cpu_s=0.001 merge_wall_s=0.065 merge_cpu_s=0.000 map_units=1 merge_ranges=1 map_eff_cores=0.02 merge_eff_cores=0.00
event=kink_round H=11 col=5 round=seed frontier_in=14825 map_wall_s=0.080 map_cpu_s=0.070 merge_wall_s=0.000 merge_cpu_s=0.000 map_units=8 merge_ranges=0 map_eff_cores=0.88 merge_eff_cores=0.00
event=kink_round H=10 col=6 round=stage5 frontier_in=19508 map_wall_s=0.103 map_cpu_s=0.092 merge_wall_s=0.103 merge_cpu_s=0.062 map_units=10 merge_ranges=10 map_eff_cores=0.89 merge_eff_cores=0.60
event=kink_round H=4 col=32 round=finalize frontier_in=65 map_wall_s=0.060 map_cpu_s=0.000 merge_wall_s=0.067 merge_cpu_s=0.000 map_units=1 merge_ranges=1 map_eff_cores=0.00 merge_eff_cores=0.00
event=column H=4 col=32 frontier_in=22 frontier_out=13 wall_s=0.97 cum_wall_s=89.5 cpu_s=0.0 rss_max_mb=73.0 map_wall_s=0.62 map_cpu_s=0.0 merge_wall_s=0.35 merge_cpu_s=0.0 map_units=6 merge_ranges=5 eff_cores=0.01
event=column H=12 col=3 frontier_in=36226 frontier_out=39212 wall_s=4.28 cum_wall_s=93.8 cpu_s=15.8 rss_max_mb=73.0 map_wall_s=1.64 map_cpu_s=9.7 merge_wall_s=2.09 merge_cpu_s=6.1 map_units=767 merge_ranges=749 eff_cores=3.69
event=kink_round H=8 col=11 round=stage1 frontier_in=1328 map_wall_s=0.074 map_cpu_s=0.008 merge_wall_s=0.080 merge_cpu_s=0.005 map_units=1 merge_ranges=1 map_eff_cores=0.11 merge_eff_cores=0.06
event=kink_round H=9 col=8 round=stage2 frontier_in=5618 map_wall_s=0.081 map_cpu_s=0.030 merge_wall_s=0.089 merge_cpu_s=0.019 map_units=3 merge_ranges=3 map_eff_cores=0.37 merge_eff_cores=0.21
event=kink_round H=14 col=2 round=stage7 frontier_in=595462 map_wall_s=0.563 map_cpu_s=3.678 merge_wall_s=0.399 merge_cpu_s=1.792 map_units=291 merge_ranges=80 map_eff_cores=6.53 merge_eff_cores=4.49
event=kink_round H=7 col=15 round=stage0 frontier_in=335 map_wall_s=0.067 map_cpu_s=0.002 merge_wall_s=0.110 merge_cpu_s=0.002 map_units=1 merge_ranges=1 map_eff_cores=0.03 merge_eff_cores=0.02
event=kink_round H=4 col=33 round=seed frontier_in=13 map_wall_s=0.098 map_cpu_s=0.000 merge_wall_s=0.000 merge_cpu_s=0.000 map_units=1 merge_ranges=0 map_eff_cores=0.00 merge_eff_cores=0.00
event=kink_round H=6 col=21 round=stage3 frontier_in=403 map_wall_s=0.054 map_cpu_s=0.001 merge_wall_s=0.105 merge_cpu_s=0.001 map_units=1 merge_ranges=1 map_eff_cores=0.02 merge_eff_cores=0.01
event=kink_round H=5 col=27 round=stage1 frontier_in=94 map_wall_s=0.080 map_cpu_s=0.001 merge_wall_s=0.128 merge_cpu_s=0.001 map_units=1 merge_ranges=1 map_eff_cores=0.01 merge_eff_cores=0.01
event=kink_round H=12 col=4 round=seed frontier_in=39212 map_wall_s=0.155 map_cpu_s=0.199 merge_wall_s=0.000 merge_cpu_s=0.000 map_units=20 merge_ranges=0 map_eff_cores=1.29 merge_eff_cores=0.00
event=kink_round H=11 col=5 round=stage0 frontier_in=14825 map_wall_s=0.107 map_cpu_s=0.078 merge_wall_s=0.150 merge_cpu_s=0.067 map_units=8 merge_ranges=8 map_eff_cores=0.73 merge_eff_cores=0.45
event=kink_round H=8 col=11 round=stage2 frontier_in=2153 map_wall_s=0.116 map_cpu_s=0.010 merge_wall_s=0.108 merge_cpu_s=0.007 map_units=2 merge_ranges=2 map_eff_cores=0.09 merge_eff_cores=0.06
event=kink_round H=10 col=6 round=stage6 frontier_in=19682 map_wall_s=0.142 map_cpu_s=0.089 merge_wall_s=0.133 merge_cpu_s=0.063 map_units=10 merge_ranges=10 map_eff_cores=0.63 merge_eff_cores=0.47
event=kink_round H=9 col=8 round=stage3 frontier_in=6682 map_wall_s=0.111 map_cpu_s=0.030 merge_wall_s=0.115 merge_cpu_s=0.023 map_units=4 merge_ranges=4 map_eff_cores=0.27 merge_eff_cores=0.20
event=kink_round H=7 col=15 round=stage1 frontier_in=544 map_wall_s=0.082 map_cpu_s=0.003 merge_wall_s=0.084 merge_cpu_s=0.002 map_units=1 merge_ranges=1 map_eff_cores=0.04 merge_eff_cores=0.02
event=kink_round H=4 col=33 round=stage0 frontier_in=13 map_wall_s=0.092 map_cpu_s=0.001 merge_wall_s=0.079 merge_cpu_s=0.001 map_units=1 merge_ranges=1 map_eff_cores=0.01 merge_eff_cores=0.01
event=kink_round H=6 col=21 round=stage4 frontier_in=423 map_wall_s=0.091 map_cpu_s=0.001 merge_wall_s=0.080 merge_cpu_s=0.001 map_units=1 merge_ranges=1 map_eff_cores=0.01 merge_eff_cores=0.01
event=kink_round H=5 col=27 round=stage2 frontier_in=146 map_wall_s=0.087 map_cpu_s=0.001 merge_wall_s=0.059 merge_cpu_s=0.001 map_units=1 merge_ranges=1 map_eff_cores=0.01 merge_eff_cores=0.02
event=kink_round H=13 col=3 round=stage1 frontier_in=151498 map_wall_s=0.139 map_cpu_s=0.754 merge_wall_s=0.216 merge_cpu_s=0.747 map_units=74 merge_ranges=74 map_eff_cores=5.44 merge_eff_cores=3.47
event=kink_round H=8 col=11 round=stage3 frontier_in=2568 map_wall_s=0.063 map_cpu_s=0.011 merge_wall_s=0.113 merge_cpu_s=0.010 map_units=2 merge_ranges=2 map_eff_cores=0.18 merge_eff_cores=0.09
event=kink_round H=11 col=5 round=stage1 frontier_in=23853 map_wall_s=0.089 map_cpu_s=0.141 merge_wall_s=0.137 merge_cpu_s=0.128 map_units=12 merge_ranges=12 map_eff_cores=1.59 merge_eff_cores=0.93
event=kink_round H=12 col=4 round=stage0 frontier_in=39212 map_wall_s=0.111 map_cpu_s=0.228 merge_wall_s=0.159 merge_cpu_s=0.210 map_units=20 merge_ranges=20 map_eff_cores=2.06 merge_eff_cores=1.32
event=kink_round H=6 col=21 round=stage5 frontier_in=458 map_wall_s=0.108 map_cpu_s=0.002 merge_wall_s=0.071 merge_cpu_s=0.001 map_units=1 merge_ranges=1 map_eff_cores=0.02 merge_eff_cores=0.01
event=kink_round H=4 col=33 round=stage1 frontier_in=20 map_wall_s=0.107 map_cpu_s=0.001 merge_wall_s=0.076 merge_cpu_s=0.000 map_units=1 merge_ranges=1 map_eff_cores=0.01 merge_eff_cores=0.00
event=kink_round H=7 col=15 round=stage2 frontier_in=873 map_wall_s=0.095 map_cpu_s=0.003 merge_wall_s=0.102 merge_cpu_s=0.002 map_units=1 merge_ranges=1 map_eff_cores=0.03 merge_eff_cores=0.02
event=kink_round H=5 col=27 round=stage3 frontier_in=166 map_wall_s=0.105 map_cpu_s=0.001 merge_wall_s=0.061 merge_cpu_s=0.002 map_units=1 merge_ranges=1 map_eff_cores=0.01 merge_eff_cores=0.03
event=kink_round H=9 col=8 round=stage4 frontier_in=7282 map_wall_s=0.115 map_cpu_s=0.029 merge_wall_s=0.108 merge_cpu_s=0.025 map_units=4 merge_ranges=4 map_eff_cores=0.25 merge_eff_cores=0.23
event=kink_round H=10 col=6 round=stage7 frontier_in=19901 map_wall_s=0.125 map_cpu_s=0.086 merge_wall_s=0.117 merge_cpu_s=0.080 map_units=10 merge_ranges=10 map_eff_cores=0.69 merge_eff_cores=0.68
event=kink_round H=8 col=11 round=stage4 frontier_in=2795 map_wall_s=0.068 map_cpu_s=0.016 merge_wall_s=0.047 merge_cpu_s=0.010 map_units=2 merge_ranges=2 map_eff_cores=0.24 merge_eff_cores=0.21
event=kink_round H=5 col=27 round=stage4 frontier_in=179 map_wall_s=0.037 map_cpu_s=0.001 merge_wall_s=0.014 merge_cpu_s=0.001 map_units=1 merge_ranges=1 map_eff_cores=0.03 merge_eff_cores=0.07
event=kink_round H=4 col=33 round=stage2 frontier_in=31 map_wall_s=0.054 map_cpu_s=0.001 merge_wall_s=0.023 merge_cpu_s=0.003 map_units=1 merge_ranges=1 map_eff_cores=0.02 merge_eff_cores=0.13
event=kink_round H=6 col=21 round=finalize frontier_in=447 map_wall_s=0.057 map_cpu_s=0.001 merge_wall_s=0.028 merge_cpu_s=0.004 map_units=1 merge_ranges=1 map_eff_cores=0.02 merge_eff_cores=0.14
event=kink_round H=7 col=15 round=stage3 frontier_in=1036 map_wall_s=0.059 map_cpu_s=0.005 merge_wall_s=0.023 merge_cpu_s=0.004 map_units=1 merge_ranges=1 map_eff_cores=0.08 merge_eff_cores=0.18
event=column H=6 col=21 frontier_in=131 frontier_out=131 wall_s=1.13 cum_wall_s=94.9 cpu_s=0.0 rss_max_mb=73.0 map_wall_s=0.64 map_cpu_s=0.0 merge_wall_s=0.49 merge_cpu_s=0.0 map_units=8 merge_ranges=7 eff_cores=0.02
event=kink_round H=11 col=5 round=stage2 frontier_in=38639 map_wall_s=0.075 map_cpu_s=0.251 merge_wall_s=0.029 merge_cpu_s=0.160 map_units=19 merge_ranges=19 map_eff_cores=3.35 merge_eff_cores=5.56
event=kink_round H=9 col=8 round=stage5 frontier_in=7502 map_wall_s=0.036 map_cpu_s=0.042 merge_wall_s=0.061 merge_cpu_s=0.021 map_units=4 merge_ranges=4 map_eff_cores=1.17 merge_eff_cores=0.34
event=kink_round H=6 col=22 round=seed frontier_in=131 map_wall_s=0.068 map_cpu_s=0.001 merge_wall_s=0.000 merge_cpu_s=0.000 map_units=1 merge_ranges=0 map_eff_cores=0.01 merge_eff_cores=0.00
event=kink_round H=18 col=1 round=stage9 frontier_in=1931698 map_wall_s=0.881 map_cpu_s=6.737 merge_wall_s=0.403 merge_cpu_s=3.605 map_units=640 merge_ranges=80 map_eff_cores=7.65 merge_eff_cores=8.94
event=kink_round H=13 col=3 round=stage2 frontier_in=247446 map_wall_s=0.182 map_cpu_s=1.545 merge_wall_s=0.111 merge_cpu_s=1.028 map_units=121 merge_ranges=80 map_eff_cores=8.48 merge_eff_cores=9.23
event=kink_round H=5 col=27 round=finalize frontier_in=180 map_wall_s=0.039 map_cpu_s=0.000 merge_wall_s=0.116 merge_cpu_s=0.001 map_units=1 merge_ranges=1 map_eff_cores=0.00 merge_eff_cores=0.01
event=kink_round H=4 col=33 round=stage3 frontier_in=35 map_wall_s=0.058 map_cpu_s=0.000 merge_wall_s=0.098 merge_cpu_s=0.001 map_units=1 merge_ranges=1 map_eff_cores=0.00 merge_eff_cores=0.01
event=column H=5 col=27 frontier_in=57 frontier_out=57 wall_s=0.87 cum_wall_s=95.8 cpu_s=0.0 rss_max_mb=73.0 map_wall_s=0.42 map_cpu_s=0.0 merge_wall_s=0.44 merge_cpu_s=0.0 map_units=7 merge_ranges=6 eff_cores=0.01
event=kink_round H=7 col=15 round=stage4 frontier_in=1113 map_wall_s=0.068 map_cpu_s=0.005 merge_wall_s=0.086 merge_cpu_s=0.003 map_units=1 merge_ranges=1 map_eff_cores=0.07 merge_eff_cores=0.04
event=kink_round H=8 col=11 round=stage5 frontier_in=2858 map_wall_s=0.015 map_cpu_s=0.010 merge_wall_s=0.148 merge_cpu_s=0.010 map_units=2 merge_ranges=2 map_eff_cores=0.65 merge_eff_cores=0.07
event=kink_round H=14 col=2 round=stage8 frontier_in=636782 map_wall_s=0.413 map_cpu_s=3.165 merge_wall_s=0.196 merge_cpu_s=1.995 map_units=311 merge_ranges=80 map_eff_cores=7.67 merge_eff_cores=10.16
event=kink_round H=10 col=6 round=stage8 frontier_in=19909 map_wall_s=0.034 map_cpu_s=0.095 merge_wall_s=0.155 merge_cpu_s=0.070 map_units=10 merge_ranges=10 map_eff_cores=2.82 merge_eff_cores=0.45
event=kink_round H=12 col=4 round=stage1 frontier_in=62990 map_wall_s=0.065 map_cpu_s=0.461 merge_wall_s=0.182 merge_cpu_s=0.357 map_units=31 merge_ranges=31 map_eff_cores=7.12 merge_eff_cores=1.97
event=kink_round H=5 col=28 round=seed frontier_in=57 map_wall_s=0.080 map_cpu_s=0.001 merge_wall_s=0.000 merge_cpu_s=0.000 map_units=1 merge_ranges=0 map_eff_cores=0.01 merge_eff_cores=0.00
event=kink_round H=6 col=22 round=stage0 frontier_in=131 map_wall_s=0.085 map_cpu_s=0.001 merge_wall_s=0.090 merge_cpu_s=0.002 map_units=1 merge_ranges=1 map_eff_cores=0.01 merge_eff_cores=0.02
event=kink_round H=9 col=8 round=stage6 frontier_in=7569 map_wall_s=0.106 map_cpu_s=0.032 merge_wall_s=0.114 merge_cpu_s=0.033 map_units=4 merge_ranges=4 map_eff_cores=0.30 merge_eff_cores=0.29
event=kink_round H=15 col=2 round=stage2 frontier_in=879945 map_wall_s=0.573 map_cpu_s=4.112 merge_wall_s=0.335 merge_cpu_s=2.824 map_units=430 merge_ranges=80 map_eff_cores=7.17 merge_eff_cores=8.42
event=kink_round H=7 col=15 round=stage5 frontier_in=1130 map_wall_s=0.086 map_cpu_s=0.005 merge_wall_s=0.109 merge_cpu_s=0.005 map_units=1 merge_ranges=1 map_eff_cores=0.06 merge_eff_cores=0.05
event=kink_round H=8 col=11 round=stage6 frontier_in=2920 map_wall_s=0.083 map_cpu_s=0.013 merge_wall_s=0.118 merge_cpu_s=0.014 map_units=2 merge_ranges=2 map_eff_cores=0.16 merge_eff_cores=0.12
event=kink_round H=11 col=5 round=stage3 frontier_in=45708 map_wall_s=0.154 map_cpu_s=0.237 merge_wall_s=0.202 merge_cpu_s=0.224 map_units=23 merge_ranges=23 map_eff_cores=1.54 merge_eff_cores=1.11
event=kink_round H=4 col=33 round=finalize frontier_in=38 map_wall_s=0.079 map_cpu_s=0.001 merge_wall_s=0.179 merge_cpu_s=0.002 map_units=1 merge_ranges=1 map_eff_cores=0.01 merge_eff_cores=0.01
event=column H=4 col=33 frontier_in=13 frontier_out=6 wall_s=0.95 cum_wall_s=96.8 cpu_s=0.0 rss_max_mb=54.8 map_wall_s=0.49 map_cpu_s=0.0 merge_wall_s=0.46 merge_cpu_s=0.0 map_units=6 merge_ranges=5 eff_cores=0.01
event=kink_round H=6 col=22 round=stage1 frontier_in=212 map_wall_s=0.099 map_cpu_s=0.003 merge_wall_s=0.073 merge_cpu_s=0.002 map_units=1 merge_ranges=1 map_eff_cores=0.03 merge_eff_cores=0.03
event=kink_round H=5 col=28 round=stage0 frontier_in=57 map_wall_s=0.112 map_cpu_s=0.002 merge_wall_s=0.074 merge_cpu_s=0.001 map_units=1 merge_ranges=1 map_eff_cores=0.02 merge_eff_cores=0.01
event=kink_round H=10 col=6 round=stage9 frontier_in=20222 map_wall_s=0.128 map_cpu_s=0.112 merge_wall_s=0.168 merge_cpu_s=0.078 map_units=10 merge_ranges=10 map_eff_cores=0.88 merge_eff_cores=0.46
event=kink_round H=4 col=34 round=seed frontier_in=6 map_wall_s=0.066 map_cpu_s=0.001 merge_wall_s=0.000 merge_cpu_s=0.000 map_units=1 merge_ranges=0 map_eff_cores=0.02 merge_eff_cores=0.00
event=kink_round H=7 col=15 round=stage6 frontier_in=1170 map_wall_s=0.069 map_cpu_s=0.006 merge_wall_s=0.126 merge_cpu_s=0.003 map_units=1 merge_ranges=1 map_eff_cores=0.09 merge_eff_cores=0.02
event=kink_round H=17 col=1 round=stage12 frontier_in=1706068 map_wall_s=0.795 map_cpu_s=6.044 merge_wall_s=0.587 merge_cpu_s=3.880 map_units=640 merge_ranges=80 map_eff_cores=7.60 merge_eff_cores=6.61
event=kink_round H=9 col=8 round=stage7 frontier_in=7596 map_wall_s=0.144 map_cpu_s=0.044 merge_wall_s=0.163 merge_cpu_s=0.029 map_units=4 merge_ranges=4 map_eff_cores=0.30 merge_eff_cores=0.18
event=kink_round H=12 col=4 round=stage2 frontier_in=102205 map_wall_s=0.156 map_cpu_s=0.615 merge_wall_s=0.246 merge_cpu_s=0.547 map_units=50 merge_ranges=50 map_eff_cores=3.94 merge_eff_cores=2.22
event=kink_round H=8 col=11 round=stage7 frontier_in=2997 map_wall_s=0.100 map_cpu_s=0.014 merge_wall_s=0.145 merge_cpu_s=0.011 map_units=2 merge_ranges=2 map_eff_cores=0.14 merge_eff_cores=0.08
event=kink_round H=5 col=28 round=stage1 frontier_in=94 map_wall_s=0.085 map_cpu_s=0.001 merge_wall_s=0.168 merge_cpu_s=0.001 map_units=1 merge_ranges=1 map_eff_cores=0.01 merge_eff_cores=0.01
event=kink_round H=6 col=22 round=stage2 frontier_in=341 map_wall_s=0.128 map_cpu_s=0.002 merge_wall_s=0.144 merge_cpu_s=0.001 map_units=1 merge_ranges=1 map_eff_cores=0.02 merge_eff_cores=0.01
event=kink_round H=16 col=1 round=stage15 frontier_in=1602489 map_wall_s=0.743 map_cpu_s=6.914 merge_wall_s=0.697 merge_cpu_s=4.199 map_units=640 merge_ranges=80 map_eff_cores=9.31 merge_eff_cores=6.02
event=kink_round H=11 col=5 round=stage4 frontier_in=49854 map_wall_s=0.150 map_cpu_s=0.399 merge_wall_s=0.196 merge_cpu_s=0.229 map_units=25 merge_ranges=25 map_eff_cores=2.66 merge_eff_cores=1.17
event=kink_round H=4 col=34 round=stage0 frontier_in=6 map_wall_s=0.162 map_cpu_s=0.001 merge_wall_s=0.145 merge_cpu_s=0.001 map_units=1 merge_ranges=1 map_eff_cores=0.01 merge_eff_cores=0.01
event=kink_round H=7 col=15 round=finalize frontier_in=1129 map_wall_s=0.150 map_cpu_s=0.006 merge_wall_s=0.123 merge_cpu_s=0.002 map_units=1 merge_ranges=1 map_eff_cores=0.04 merge_eff_cores=0.02
event=column H=7 col=15 frontier_in=335 frontier_out=335 wall_s=1.50 cum_wall_s=98.2 cpu_s=0.1 rss_max_mb=56.8 map_wall_s=0.73 map_cpu_s=0.0 merge_wall_s=0.76 merge_cpu_s=0.0 map_units=9 merge_ranges=8 eff_cores=0.04
event=kink_round H=10 col=6 round=finalize frontier_in=19812 map_wall_s=0.227 map_cpu_s=0.108 merge_wall_s=0.154 merge_cpu_s=0.045 map_units=10 merge_ranges=10 map_eff_cores=0.48 merge_eff_cores=0.29
event=column H=10 col=6 frontier_in=5567 frontier_out=5567 wall_s=3.00 cum_wall_s=101.2 cpu_s=1.7 rss_max_mb=73.0 map_wall_s=1.52 map_cpu_s=1.0 merge_wall_s=1.38 merge_cpu_s=0.7 map_units=98 merge_ranges=95 eff_cores=0.56
event=kink_round H=13 col=3 round=stage3 frontier_in=294845 map_wall_s=0.322 map_cpu_s=2.017 merge_wall_s=0.443 merge_cpu_s=1.496 map_units=144 merge_ranges=80 map_eff_cores=6.26 merge_eff_cores=3.37
event=kink_round H=8 col=11 round=finalize frontier_in=2895 map_wall_s=0.168 map_cpu_s=0.018 merge_wall_s=0.143 merge_cpu_s=0.005 map_units=2 merge_ranges=2 map_eff_cores=0.11 merge_eff_cores=0.03
event=kink_round H=9 col=8 round=stage8 frontier_in=7732 map_wall_s=0.173 map_cpu_s=0.050 merge_wall_s=0.155 merge_cpu_s=0.028 map_units=4 merge_ranges=4 map_eff_cores=0.29 merge_eff_cores=0.18
event=column H=8 col=11 frontier_in=825 frontier_out=825 wall_s=1.87 cum_wall_s=103.1 cpu_s=0.2 rss_max_mb=73.0 map_wall_s=0.89 map_cpu_s=0.1 merge_wall_s=0.96 merge_cpu_s=0.1 map_units=17 merge_ranges=16 eff_cores=0.10
event=kink_round H=5 col=28 round=stage2 frontier_in=146 map_wall_s=0.139 map_cpu_s=0.002 merge_wall_s=0.128 merge_cpu_s=0.002 map_units=1 merge_ranges=1 map_eff_cores=0.01 merge_eff_cores=0.02
event=kink_round H=7 col=16 round=seed frontier_in=335 map_wall_s=0.118 map_cpu_s=0.004 merge_wall_s=0.000 merge_cpu_s=0.000 map_units=1 merge_ranges=0 map_eff_cores=0.03 merge_eff_cores=0.00
event=kink_round H=6 col=22 round=stage3 frontier_in=403 map_wall_s=0.125 map_cpu_s=0.002 merge_wall_s=0.125 merge_cpu_s=0.002 map_units=1 merge_ranges=1 map_eff_cores=0.02 merge_eff_cores=0.02
event=kink_round H=10 col=7 round=seed frontier_in=5567 map_wall_s=0.156 map_cpu_s=0.037 merge_wall_s=0.000 merge_cpu_s=0.000 map_units=3 merge_ranges=0 map_eff_cores=0.24 merge_eff_cores=0.00
event=kink_round H=12 col=4 round=stage3 frontier_in=120707 map_wall_s=0.221 map_cpu_s=1.065 merge_wall_s=0.222 merge_cpu_s=0.672 map_units=59 merge_ranges=59 map_eff_cores=4.83 merge_eff_cores=3.03
event=kink_round H=4 col=34 round=stage1 frontier_in=9 map_wall_s=0.135 map_cpu_s=0.002 merge_wall_s=0.149 merge_cpu_s=0.000 map_units=1 merge_ranges=1 map_eff_cores=0.01 merge_eff_cores=0.00
event=kink_round H=8 col=12 round=seed frontier_in=825 map_wall_s=0.154 map_cpu_s=0.003 merge_wall_s=0.000 merge_cpu_s=0.000 map_units=1 merge_ranges=0 map_eff_cores=0.02 merge_eff_cores=0.00
event=kink_round H=7 col=16 round=stage0 frontier_in=335 map_wall_s=0.150 map_cpu_s=0.002 merge_wall_s=0.087 merge_cpu_s=0.002 map_units=1 merge_ranges=1 map_eff_cores=0.01 merge_eff_cores=0.02
event=kink_round H=5 col=28 round=stage3 frontier_in=166 map_wall_s=0.149 map_cpu_s=0.001 merge_wall_s=0.093 merge_cpu_s=0.001 map_units=1 merge_ranges=1 map_eff_cores=0.01 merge_eff_cores=0.01
event=kink_round H=6 col=22 round=stage4 frontier_in=423 map_wall_s=0.149 map_cpu_s=0.001 merge_wall_s=0.091 merge_cpu_s=0.003 map_units=1 merge_ranges=1 map_eff_cores=0.01 merge_eff_cores=0.03
event=kink_round H=11 col=5 round=stage5 frontier_in=51726 map_wall_s=0.183 map_cpu_s=0.416 merge_wall_s=0.208 merge_cpu_s=0.186 map_units=26 merge_ranges=26 map_eff_cores=2.28 merge_eff_cores=0.89
event=kink_round H=9 col=8 round=finalize frontier_in=7529 map_wall_s=0.162 map_cpu_s=0.025 merge_wall_s=0.109 merge_cpu_s=0.013 map_units=4 merge_ranges=4 map_eff_cores=0.15 merge_eff_cores=0.12
event=column H=9 col=8 frontier_in=2153 frontier_out=2153 wall_s=2.37 cum_wall_s=105.5 cpu_s=0.5 rss_max_mb=73.0 map_wall_s=1.25 map_cpu_s=0.3 merge_wall_s=1.05 merge_cpu_s=0.2 map_units=37 merge_ranges=35 eff_cores=0.23
event=kink_round H=4 col=34 round=stage2 frontier_in=12 map_wall_s=0.084 map_cpu_s=0.001 merge_wall_s=0.078 merge_cpu_s=0.001 map_units=1 merge_ranges=1 map_eff_cores=0.01 merge_eff_cores=0.01
event=kink_round H=8 col=12 round=stage0 frontier_in=825 map_wall_s=0.089 map_cpu_s=0.005 merge_wall_s=0.088 merge_cpu_s=0.004 map_units=1 merge_ranges=1 map_eff_cores=0.06 merge_eff_cores=0.05
event=kink_round H=14 col=2 round=stage9 frontier_in=685159 map_wall_s=0.665 map_cpu_s=4.640 merge_wall_s=0.419 merge_cpu_s=2.442 map_units=335 merge_ranges=80 map_eff_cores=6.97 merge_eff_cores=5.82
event=kink_round H=10 col=7 round=stage0 frontier_in=5567 map_wall_s=0.123 map_cpu_s=0.033 merge_wall_s=0.109 merge_cpu_s=0.029 map_units=3 merge_ranges=3 map_eff_cores=0.27 merge_eff_cores=0.27
event=kink_round H=9 col=9 round=seed frontier_in=2153 map_wall_s=0.097 map_cpu_s=0.008 merge_wall_s=0.000 merge_cpu_s=0.000 map_units=2 merge_ranges=0 map_eff_cores=0.08 merge_eff_cores=0.00
event=kink_round H=7 col=16 round=stage1 frontier_in=544 map_wall_s=0.077 map_cpu_s=0.003 merge_wall_s=0.096 merge_cpu_s=0.002 map_units=1 merge_ranges=1 map_eff_cores=0.04 merge_eff_cores=0.02
event=kink_round H=6 col=22 round=stage5 frontier_in=458 map_wall_s=0.079 map_cpu_s=0.002 merge_wall_s=0.106 merge_cpu_s=0.001 map_units=1 merge_ranges=1 map_eff_cores=0.03 merge_eff_cores=0.01
event=kink_round H=5 col=28 round=stage4 frontier_in=179 map_wall_s=0.082 map_cpu_s=0.002 merge_wall_s=0.104 merge_cpu_s=0.000 map_units=1 merge_ranges=1 map_eff_cores=0.02 merge_eff_cores=0.00
event=kink_round H=12 col=4 round=stage4 frontier_in=131502 map_wall_s=0.124 map_cpu_s=0.918 merge_wall_s=0.168 merge_cpu_s=0.597 map_units=65 merge_ranges=65 map_eff_cores=7.38 merge_eff_cores=3.56
event=kink_round H=13 col=3 round=stage4 frontier_in=321447 map_wall_s=0.294 map_cpu_s=2.066 merge_wall_s=0.200 merge_cpu_s=1.283 map_units=157 merge_ranges=80 map_eff_cores=7.02 merge_eff_cores=6.41
event=kink_round H=11 col=5 round=stage6 frontier_in=52426 map_wall_s=0.096 map_cpu_s=0.318 merge_wall_s=0.153 merge_cpu_s=0.176 map_units=26 merge_ranges=26 map_eff_cores=3.32 merge_eff_cores=1.15
event=kink_round H=4 col=34 round=stage3 frontier_in=13 map_wall_s=0.069 map_cpu_s=0.000 merge_wall_s=0.162 merge_cpu_s=0.000 map_units=1 merge_ranges=1 map_eff_cores=0.00 merge_eff_cores=0.00
event=kink_round H=8 col=12 round=stage1 frontier_in=1328 map_wall_s=0.134 map_cpu_s=0.006 merge_wall_s=0.192 merge_cpu_s=0.005 map_units=1 merge_ranges=1 map_eff_cores=0.04 merge_eff_cores=0.03
event=kink_round H=10 col=7 round=stage1 frontier_in=8947 map_wall_s=0.134 map_cpu_s=0.045 merge_wall_s=0.207 merge_cpu_s=0.040 map_units=5 merge_ranges=5 map_eff_cores=0.34 merge_eff_cores=0.19
event=kink_round H=9 col=9 round=stage0 frontier_in=2153 map_wall_s=0.205 map_cpu_s=0.010 merge_wall_s=0.176 merge_cpu_s=0.011 map_units=2 merge_ranges=2 map_eff_cores=0.05 merge_eff_cores=0.06
event=kink_round H=6 col=22 round=finalize frontier_in=447 map_wall_s=0.199 map_cpu_s=0.001 merge_wall_s=0.160 merge_cpu_s=0.001 map_units=1 merge_ranges=1 map_eff_cores=0.01 merge_eff_cores=0.01
event=column H=6 col=22 frontier_in=131 frontier_out=131 wall_s=1.72 cum_wall_s=107.2 cpu_s=0.0 rss_max_mb=54.8 map_wall_s=0.93 map_cpu_s=0.0 merge_wall_s=0.79 merge_cpu_s=0.0 map_units=8 merge_ranges=7 eff_cores=0.01
event=kink_round H=5 col=28 round=finalize frontier_in=180 map_wall_s=0.199 map_cpu_s=0.001 merge_wall_s=0.160 merge_cpu_s=0.001 map_units=1 merge_ranges=1 map_eff_cores=0.01 merge_eff_cores=0.01
event=column H=5 col=28 frontier_in=57 frontier_out=57 wall_s=1.57 cum_wall_s=108.8 cpu_s=0.0 rss_max_mb=56.8 map_wall_s=0.84 map_cpu_s=0.0 merge_wall_s=0.73 merge_cpu_s=0.0 map_units=7 merge_ranges=6 eff_cores=0.01
event=kink_round H=7 col=16 round=stage2 frontier_in=873 map_wall_s=0.217 map_cpu_s=0.004 merge_wall_s=0.163 merge_cpu_s=0.003 map_units=1 merge_ranges=1 map_eff_cores=0.02 merge_eff_cores=0.02
event=kink_round H=4 col=34 round=finalize frontier_in=10 map_wall_s=0.180 map_cpu_s=0.000 merge_wall_s=0.105 merge_cpu_s=0.000 map_units=1 merge_ranges=1 map_eff_cores=0.00 merge_eff_cores=0.00
event=column H=4 col=34 frontier_in=6 frontier_out=2 wall_s=1.35 cum_wall_s=110.1 cpu_s=0.0 rss_max_mb=50.8 map_wall_s=0.70 map_cpu_s=0.0 merge_wall_s=0.64 merge_cpu_s=0.0 map_units=6 merge_ranges=5 eff_cores=0.01
event=kink_round H=6 col=23 round=seed frontier_in=131 map_wall_s=0.071 map_cpu_s=0.001 merge_wall_s=0.000 merge_cpu_s=0.000 map_units=1 merge_ranges=0 map_eff_cores=0.01 merge_eff_cores=0.00
event=kink_round H=5 col=29 round=seed frontier_in=57 map_wall_s=0.077 map_cpu_s=0.002 merge_wall_s=0.000 merge_cpu_s=0.000 map_units=1 merge_ranges=0 map_eff_cores=0.03 merge_eff_cores=0.00
event=kink_round H=11 col=5 round=stage7 frontier_in=52569 map_wall_s=0.188 map_cpu_s=0.259 merge_wall_s=0.161 merge_cpu_s=0.186 map_units=26 merge_ranges=26 map_eff_cores=1.38 merge_eff_cores=1.15
event=kink_round H=4 col=35 round=seed frontier_in=2 map_wall_s=0.062 map_cpu_s=0.001 merge_wall_s=0.000 merge_cpu_s=0.000 map_units=1 merge_ranges=0 map_eff_cores=0.02 merge_eff_cores=0.00
event=kink_round H=8 col=12 round=stage2 frontier_in=2153 map_wall_s=0.155 map_cpu_s=0.010 merge_wall_s=0.084 merge_cpu_s=0.009 map_units=2 merge_ranges=2 map_eff_cores=0.06 merge_eff_cores=0.11
event=kink_round H=12 col=4 round=stage5 frontier_in=136650 map_wall_s=0.226 map_cpu_s=0.815 merge_wall_s=0.202 merge_cpu_s=0.577 map_units=67 merge_ranges=67 map_eff_cores=3.60 merge_eff_cores=2.85
event=kink_round H=7 col=16 round=stage3 frontier_in=1036 map_wall_s=0.074 map_cpu_s=0.006 merge_wall_s=0.055 merge_cpu_s=0.005 map_units=1 merge_ranges=1 map_eff_cores=0.08 merge_eff_cores=0.09
event=kink_round H=9 col=9 round=stage1 frontier_in=3472 map_wall_s=0.087 map_cpu_s=0.020 merge_wall_s=0.055 merge_cpu_s=0.015 map_units=2 merge_ranges=2 map_eff_cores=0.23 merge_eff_cores=0.27
event=kink_round H=18 col=1 round=stage10 frontier_in=2332707 map_wall_s=1.141 map_cpu_s=8.858 merge_wall_s=0.576 merge_cpu_s=4.166 map_units=640 merge_ranges=80 map_eff_cores=7.76 merge_eff_cores=7.23
event=kink_round H=6 col=23 round=stage0 frontier_in=131 map_wall_s=0.033 map_cpu_s=0.001 merge_wall_s=0.036 merge_cpu_s=0.001 map_units=1 merge_ranges=1 map_eff_cores=0.03 merge_eff_cores=0.03
event=kink_round H=5 col=29 round=stage0 frontier_in=57 map_wall_s=0.031 map_cpu_s=0.001 merge_wall_s=0.033 merge_cpu_s=0.002 map_units=1 merge_ranges=1 map_eff_cores=0.03 merge_eff_cores=0.06
event=kink_round H=10 col=7 round=stage2 frontier_in=14518 map_wall_s=0.156 map_cpu_s=0.066 merge_wall_s=0.080 merge_cpu_s=0.057 map_units=8 merge_ranges=8 map_eff_cores=0.42 merge_eff_cores=0.71
event=kink_round H=4 col=35 round=stage0 frontier_in=2 map_wall_s=0.033 map_cpu_s=0.001 merge_wall_s=0.016 merge_cpu_s=0.000 map_units=1 merge_ranges=1 map_eff_cores=0.03 merge_eff_cores=0.00
event=kink_round H=8 col=12 round=stage3 frontier_in=2568 map_wall_s=0.043 map_cpu_s=0.014 merge_wall_s=0.031 merge_cpu_s=0.008 map_units=2 merge_ranges=2 map_eff_cores=0.33 merge_eff_cores=0.25
event=kink_round H=7 col=16 round=stage4 frontier_in=1113 map_wall_s=0.019 map_cpu_s=0.004 merge_wall_s=0.030 merge_cpu_s=0.002 map_units=1 merge_ranges=1 map_eff_cores=0.22 merge_eff_cores=0.07
event=kink_round H=11 col=5 round=stage8 frontier_in=52799 map_wall_s=0.053 map_cpu_s=0.303 merge_wall_s=0.060 merge_cpu_s=0.160 map_units=26 merge_ranges=26 map_eff_cores=5.70 merge_eff_cores=2.66
event=kink_round H=15 col=2 round=stage3 frontier_in=1078545 map_wall_s=0.989 map_cpu_s=6.140 merge_wall_s=0.542 merge_cpu_s=3.258 map_units=527 merge_ranges=80 map_eff_cores=6.21 merge_eff_cores=6.01
event=kink_round H=6 col=23 round=stage1 frontier_in=212 map_wall_s=0.030 map_cpu_s=0.001 merge_wall_s=0.086 merge_cpu_s=0.001 map_units=1 merge_ranges=1 map_eff_cores=0.03 merge_eff_cores=0.01
event=kink_round H=5 col=29 round=stage1 frontier_in=94 map_wall_s=0.031 map_cpu_s=0.001 merge_wall_s=0.082 merge_cpu_s=0.000 map_units=1 merge_ranges=1 map_eff_cores=0.03 merge_eff_cores=0.00
event=kink_round H=4 col=35 round=stage1 frontier_in=2 map_wall_s=0.028 map_cpu_s=0.000 merge_wall_s=0.077 merge_cpu_s=0.000 map_units=1 merge_ranges=1 map_eff_cores=0.00 merge_eff_cores=0.00
event=kink_round H=13 col=3 round=stage5 frontier_in=334602 map_wall_s=0.383 map_cpu_s=1.972 merge_wall_s=0.132 merge_cpu_s=1.304 map_units=164 merge_ranges=80 map_eff_cores=5.14 merge_eff_cores=9.86
event=kink_round H=9 col=9 round=stage2 frontier_in=5618 map_wall_s=0.040 map_cpu_s=0.030 merge_wall_s=0.093 merge_cpu_s=0.017 map_units=3 merge_ranges=3 map_eff_cores=0.75 merge_eff_cores=0.18
event=kink_round H=10 col=7 round=stage3 frontier_in=17220 map_wall_s=0.055 map_cpu_s=0.076 merge_wall_s=0.101 merge_cpu_s=0.056 map_units=9 merge_ranges=9 map_eff_cores=1.39 merge_eff_cores=0.55
event=kink_round H=7 col=16 round=stage5 frontier_in=1130 map_wall_s=0.084 map_cpu_s=0.004 merge_wall_s=0.142 merge_cpu_s=0.003 map_units=1 merge_ranges=1 map_eff_cores=0.05 merge_eff_cores=0.02
event=kink_round H=8 col=12 round=stage4 frontier_in=2795 map_wall_s=0.089 map_cpu_s=0.011 merge_wall_s=0.139 merge_cpu_s=0.008 map_units=2 merge_ranges=2 map_eff_cores=0.12 merge_eff_cores=0.06
event=kink_round H=14 col=2 round=stage10 frontier_in=737935 map_wall_s=0.565 map_cpu_s=3.847 merge_wall_s=0.247 merge_cpu_s=2.297 map_units=361 merge_ranges=80 map_eff_cores=6.81 merge_eff_cores=9.31
event=kink_round H=12 col=4 round=stage6 frontier_in=138883 map_wall_s=0.061 map_cpu_s=0.820 merge_wall_s=0.219 merge_cpu_s=0.556 map_units=68 merge_ranges=68 map_eff_cores=13.35 merge_eff_cores=2.53
event=kink_round H=4 col=35 round=stage2 frontier_in=2 map_wall_s=0.143 map_cpu_s=0.000 merge_wall_s=0.058 merge_cpu_s=0.002 map_units=1 merge_ranges=1 map_eff_cores=0.00 merge_eff_cores=0.03
event=kink_round H=5 col=29 round=stage2 frontier_in=146 map_wall_s=0.142 map_cpu_s=0.000 merge_wall_s=0.060 merge_cpu_s=0.002 map_units=1 merge_ranges=1 map_eff_cores=0.00 merge_eff_cores=0.03
event=kink_round H=6 col=23 round=stage2 frontier_in=341 map_wall_s=0.151 map_cpu_s=0.001 merge_wall_s=0.056 merge_cpu_s=0.002 map_units=1 merge_ranges=1 map_eff_cores=0.01 merge_eff_cores=0.04
event=kink_round H=9 col=9 round=stage3 frontier_in=6682 map_wall_s=0.139 map_cpu_s=0.027 merge_wall_s=0.064 merge_cpu_s=0.025 map_units=4 merge_ranges=4 map_eff_cores=0.19 merge_eff_cores=0.39
event=kink_round H=7 col=16 round=stage6 frontier_in=1170 map_wall_s=0.051 map_cpu_s=0.005 merge_wall_s=0.048 merge_cpu_s=0.004 map_units=1 merge_ranges=1 map_eff_cores=0.10 merge_eff_cores=0.08
event=kink_round H=10 col=7 round=stage4 frontier_in=18804 map_wall_s=0.137 map_cpu_s=0.091 merge_wall_s=0.060 merge_cpu_s=0.072 map_units=10 merge_ranges=10 map_eff_cores=0.67 merge_eff_cores=1.19
event=kink_round H=11 col=5 round=stage9 frontier_in=52650 map_wall_s=0.186 map_cpu_s=0.280 merge_wall_s=0.105 merge_cpu_s=0.187 map_units=26 merge_ranges=26 map_eff_cores=1.50 merge_eff_cores=1.79
event=kink_round H=8 col=12 round=stage5 frontier_in=2858 map_wall_s=0.059 map_cpu_s=0.011 merge_wall_s=0.050 merge_cpu_s=0.009 map_units=2 merge_ranges=2 map_eff_cores=0.19 merge_eff_cores=0.18
event=kink_round H=5 col=29 round=stage3 frontier_in=166 map_wall_s=0.041 map_cpu_s=0.001 merge_wall_s=0.051 merge_cpu_s=0.000 map_units=1 merge_ranges=1 map_eff_cores=0.02 merge_eff_cores=0.00
event=kink_round H=6 col=23 round=stage3 frontier_in=403 map_wall_s=0.042 map_cpu_s=0.003 merge_wall_s=0.048 merge_cpu_s=0.002 map_units=1 merge_ranges=1 map_eff_cores=0.07 merge_eff_cores=0.04
event=kink_round H=4 col=35 round=stage3 frontier_in=2 map_wall_s=0.037 map_cpu_s=0.001 merge_wall_s=0.061 merge_cpu_s=0.001 map_units=1 merge_ranges=1 map_eff_cores=0.03 merge_eff_cores=0.02
event=kink_round H=17 col=1 round=stage13 frontier_in=2068613 map_wall_s=1.175 map_cpu_s=7.891 merge_wall_s=0.428 merge_cpu_s=4.497 map_units=640 merge_ranges=80 map_eff_cores=6.72 merge_eff_cores=10.50
event=kink_round H=9 col=9 round=stage4 frontier_in=7282 map_wall_s=0.052 map_cpu_s=0.037 merge_wall_s=0.071 merge_cpu_s=0.027 map_units=4 merge_ranges=4 map_eff_cores=0.71 merge_eff_cores=0.38
event=kink_round H=4 col=35 round=finalize frontier_in=1 map_wall_s=0.048 map_cpu_s=0.000 merge_wall_s=0.000 merge_cpu_s=0.000 map_units=0 merge_ranges=0 map_eff_cores=0.00 merge_eff_cores=0.00
event=column H=4 col=35 frontier_in=2 frontier_out=0 wall_s=0.56 cum_wall_s=110.7 cpu_s=0.0 rss_max_mb=52.8 map_wall_s=0.35 map_cpu_s=0.0 merge_wall_s=0.21 merge_cpu_s=0.0 map_units=5 merge_ranges=4 eff_cores=0.01
event=kink_round H=7 col=16 round=finalize frontier_in=1129 map_wall_s=0.055 map_cpu_s=0.003 merge_wall_s=0.058 merge_cpu_s=0.001 map_units=1 merge_ranges=1 map_eff_cores=0.05 merge_eff_cores=0.02
event=column H=7 col=16 frontier_in=335 frontier_out=335 wall_s=1.53 cum_wall_s=112.2 cpu_s=0.1 rss_max_mb=52.8 map_wall_s=0.84 map_cpu_s=0.0 merge_wall_s=0.68 merge_cpu_s=0.0 map_units=9 merge_ranges=8 eff_cores=0.04
event=kink_round H=8 col=12 round=stage6 frontier_in=2920 map_wall_s=0.047 map_cpu_s=0.012 merge_wall_s=0.090 merge_cpu_s=0.007 map_units=2 merge_ranges=2 map_eff_cores=0.25 merge_eff_cores=0.08
event=kink_round H=6 col=23 round=stage4 frontier_in=423 map_wall_s=0.051 map_cpu_s=0.001 merge_wall_s=0.087 merge_cpu_s=0.002 map_units=1 merge_ranges=1 map_eff_cores=0.02 merge_eff_cores=0.02
event=kink_round H=5 col=29 round=stage4 frontier_in=179 map_wall_s=0.051 map_cpu_s=0.001 merge_wall_s=0.091 merge_cpu_s=0.001 map_units=1 merge_ranges=1 map_eff_cores=0.02 merge_eff_cores=0.01
event=kink_round H=7 col=17 round=seed frontier_in=335 map_wall_s=0.078 map_cpu_s=0.002 merge_wall_s=0.000 merge_cpu_s=0.000 map_units=1 merge_ranges=0 map_eff_cores=0.03 merge_eff_cores=0.00
event=kink_round H=10 col=7 round=stage5 frontier_in=19508 map_wall_s=0.066 map_cpu_s=0.121 merge_wall_s=0.119 merge_cpu_s=0.072 map_units=10 merge_ranges=10 map_eff_cores=1.83 merge_eff_cores=0.61
event=kink_round H=12 col=4 round=stage7 frontier_in=139593 map_wall_s=0.075 map_cpu_s=0.968 merge_wall_s=0.240 merge_cpu_s=0.583 map_units=69 merge_ranges=69 map_eff_cores=12.82 merge_eff_cores=2.43
event=kink_round H=16 col=1 round=finalize frontier_in=2064390 map_wall_s=0.969 map_cpu_s=6.745 merge_wall_s=0.622 merge_cpu_s=4.467 map_units=640 merge_ranges=80 map_eff_cores=6.96 merge_eff_cores=7.18
event=kink_round H=13 col=3 round=stage6 frontier_in=343107 map_wall_s=0.264 map_cpu_s=2.323 merge_wall_s=0.248 merge_cpu_s=1.304 map_units=168 merge_ranges=80 map_eff_cores=8.80 merge_eff_cores=5.27
event=kink_round H=11 col=5 round=stage10 frontier_in=53453 map_wall_s=0.103 map_cpu_s=0.255 merge_wall_s=0.165 merge_cpu_s=0.257 map_units=27 merge_ranges=27 map_eff_cores=2.49 merge_eff_cores=1.56
event=kink_round H=9 col=9 round=stage5 frontier_in=7502 map_wall_s=0.119 map_cpu_s=0.038 merge_wall_s=0.184 merge_cpu_s=0.028 map_units=4 merge_ranges=4 map_eff_cores=0.32 merge_eff_cores=0.15
event=kink_round H=6 col=23 round=stage5 frontier_in=458 map_wall_s=0.103 map_cpu_s=0.004 merge_wall_s=0.121 merge_cpu_s=0.002 map_units=1 merge_ranges=1 map_eff_cores=0.04 merge_eff_cores=0.02
event=kink_round H=8 col=12 round=stage7 frontier_in=2997 map_wall_s=0.107 map_cpu_s=0.020 merge_wall_s=0.165 merge_cpu_s=0.011 map_units=2 merge_ranges=2 map_eff_cores=0.19 merge_eff_cores=0.07
event=kink_round H=5 col=29 round=finalize frontier_in=180 map_wall_s=0.120 map_cpu_s=0.001 merge_wall_s=0.130 merge_cpu_s=0.001 map_units=1 merge_ranges=1 map_eff_cores=0.01 merge_eff_cores=0.01
event=column H=5 col=29 frontier_in=57 frontier_out=57 wall_s=0.95 cum_wall_s=113.2 cpu_s=0.0 rss_max_mb=73.0 map_wall_s=0.49 map_cpu_s=0.0 merge_wall_s=0.45 merge_cpu_s=0.0 map_units=7 merge_ranges=6 eff_cores=0.01
event=kink_round H=7 col=17 round=stage0 frontier_in=335 map_wall_s=0.129 map_cpu_s=0.004 merge_wall_s=0.129 merge_cpu_s=0.003 map_units=1 merge_ranges=1 map_eff_cores=0.03 merge_eff_cores=0.02
event=column H=16 col=1 frontier_in=32895 frontier_out=804455 wall_s=10.99 cum_wall_s=124.2 cpu_s=65.3 rss_max_mb=73.0 map_wall_s=4.67 map_cpu_s=38.0 merge_wall_s=5.17 merge_cpu_s=27.3 map_units=4589 merge_ranges=1215 eff_cores=5.94
event=kink_round H=5 col=30 round=seed frontier_in=57 map_wall_s=0.195 map_cpu_s=0.001 merge_wall_s=0.000 merge_cpu_s=0.000 map_units=1 merge_ranges=0 map_eff_cores=0.01 merge_eff_cores=0.00
event=kink_round H=10 col=7 round=stage6 frontier_in=19682 map_wall_s=0.188 map_cpu_s=0.138 merge_wall_s=0.251 merge_cpu_s=0.082 map_units=10 merge_ranges=10 map_eff_cores=0.74 merge_eff_cores=0.33
event=kink_round H=6 col=23 round=finalize frontier_in=447 map_wall_s=0.211 map_cpu_s=0.003 merge_wall_s=0.162 merge_cpu_s=0.001 map_units=1 merge_ranges=1 map_eff_cores=0.01 merge_eff_cores=0.01
event=column H=6 col=23 frontier_in=131 frontier_out=131 wall_s=1.29 cum_wall_s=125.5 cpu_s=0.0 rss_max_mb=56.8 map_wall_s=0.69 map_cpu_s=0.0 merge_wall_s=0.60 merge_cpu_s=0.0 map_units=8 merge_ranges=7 eff_cores=0.02
event=kink_round H=7 col=17 round=stage1 frontier_in=544 map_wall_s=0.200 map_cpu_s=0.004 merge_wall_s=0.149 merge_cpu_s=0.003 map_units=1 merge_ranges=1 map_eff_cores=0.02 merge_eff_cores=0.02
event=kink_round H=9 col=9 round=stage6 frontier_in=7569 map_wall_s=0.213 map_cpu_s=0.053 merge_wall_s=0.197 merge_cpu_s=0.027 map_units=4 merge_ranges=4 map_eff_cores=0.25 merge_eff_cores=0.14
event=kink_round H=8 col=12 round=finalize frontier_in=2895 map_wall_s=0.235 map_cpu_s=0.015 merge_wall_s=0.185 merge_cpu_s=0.007 map_units=2 merge_ranges=2 map_eff_cores=0.06 merge_eff_cores=0.04
event=column H=8 col=12 frontier_in=825 frontier_out=825 wall_s=2.14 cum_wall_s=127.6 cpu_s=0.2 rss_max_mb=56.8 map_wall_s=1.11 map_cpu_s=0.1 merge_wall_s=1.02 merge_cpu_s=0.1 map_units=17 merge_ranges=16 eff_cores=0.08
event=kink_round H=11 col=5 round=finalize frontier_in=52683 map_wall_s=0.258 map_cpu_s=0.356 merge_wall_s=0.274 merge_cpu_s=0.179 map_units=26 merge_ranges=26 map_eff_cores=1.38 merge_eff_cores=0.65
event=kink_round H=12 col=4 round=stage8 frontier_in=140411 map_wall_s=0.221 map_cpu_s=1.344 merge_wall_s=0.351 merge_cpu_s=0.837 map_units=69 merge_ranges=69 map_eff_cores=6.08 merge_eff_cores=2.39
event=column H=11 col=5 frontier_in=14825 frontier_out=14826 wall_s=3.90 cum_wall_s=131.5 cpu_s=5.5 rss_max_mb=73.0 map_wall_s=1.72 map_cpu_s=3.4 merge_wall_s=1.84 merge_cpu_s=2.1 map_units=278 merge_ranges=270 eff_cores=1.41
event=kink_round H=6 col=24 round=seed frontier_in=131 map_wall_s=0.339 map_cpu_s=0.001 merge_wall_s=0.000 merge_cpu_s=0.000 map_units=1 merge_ranges=0 map_eff_cores=0.00 merge_eff_cores=0.00
event=kink_round H=5 col=30 round=stage0 frontier_in=57 map_wall_s=0.154 map_cpu_s=0.001 merge_wall_s=0.335 merge_cpu_s=0.001 map_units=1 merge_ranges=1 map_eff_cores=0.01 merge_eff_cores=0.00
event=kink_round H=8 col=13 round=seed frontier_in=825 map_wall_s=0.293 map_cpu_s=0.006 merge_wall_s=0.000 merge_cpu_s=0.000 map_units=1 merge_ranges=0 map_eff_cores=0.02 merge_eff_cores=0.00
event=kink_round H=10 col=7 round=stage7 frontier_in=19901 map_wall_s=0.188 map_cpu_s=0.129 merge_wall_s=0.321 merge_cpu_s=0.080 map_units=10 merge_ranges=10 map_eff_cores=0.69 merge_eff_cores=0.25
event=kink_round H=14 col=2 round=stage11 frontier_in=794147 map_wall_s=0.665 map_cpu_s=5.058 merge_wall_s=0.560 merge_cpu_s=3.478 map_units=388 merge_ranges=80 map_eff_cores=7.60 merge_eff_cores=6.21
event=kink_round H=7 col=17 round=stage2 frontier_in=873 map_wall_s=0.327 map_cpu_s=0.005 merge_wall_s=0.235 merge_cpu_s=0.003 map_units=1 merge_ranges=1 map_eff_cores=0.02 merge_eff_cores=0.01
event=kink_round H=11 col=6 round=seed frontier_in=14826 map_wall_s=0.346 map_cpu_s=0.069 merge_wall_s=0.000 merge_cpu_s=0.000 map_units=8 merge_ranges=0 map_eff_cores=0.20 merge_eff_cores=0.00
event=kink_round H=9 col=9 round=stage7 frontier_in=7596 map_wall_s=0.348 map_cpu_s=0.045 merge_wall_s=0.231 merge_cpu_s=0.025 map_units=4 merge_ranges=4 map_eff_cores=0.13 merge_eff_cores=0.11
event=kink_round H=5 col=30 round=stage1 frontier_in=94 map_wall_s=0.233 map_cpu_s=0.002 merge_wall_s=0.074 merge_cpu_s=0.001 map_units=1 merge_ranges=1 map_eff_cores=0.01 merge_eff_cores=0.01
event=kink_round H=6 col=24 round=stage0 frontier_in=131 map_wall_s=0.239 map_cpu_s=0.002 merge_wall_s=0.078 merge_cpu_s=0.003 map_units=1 merge_ranges=1 map_eff_cores=0.01 merge_eff_cores=0.04
event=kink_round H=8 col=13 round=stage0 frontier_in=825 map_wall_s=0.239 map_cpu_s=0.004 merge_wall_s=0.096 merge_cpu_s=0.003 map_units=1 merge_ranges=1 map_eff_cores=0.02 merge_eff_cores=0.03
event=kink_round H=10 col=7 round=stage8 frontier_in=19909 map_wall_s=0.208 map_cpu_s=0.094 merge_wall_s=0.089 merge_cpu_s=0.062 map_units=10 merge_ranges=10 map_eff_cores=0.45 merge_eff_cores=0.70
event=kink_round H=7 col=17 round=stage3 frontier_in=1036 map_wall_s=0.072 map_cpu_s=0.003 merge_wall_s=0.101 merge_cpu_s=0.004 map_units=1 merge_ranges=1 map_eff_cores=0.04 merge_eff_cores=0.04
event=kink_round H=5 col=30 round=stage2 frontier_in=146 map_wall_s=0.053 map_cpu_s=0.002 merge_wall_s=0.055 merge_cpu_s=0.001 map_units=1 merge_ranges=1 map_eff_cores=0.04 merge_eff_cores=0.02
event=kink_round H=15 col=2 round=stage4 frontier_in=1193823 map_wall_s=0.905 map_cpu_s=6.807 merge_wall_s=0.890 merge_cpu_s=4.943 map_units=583 merge_ranges=80 map_eff_cores=7.52 merge_eff_cores=5.55
event=kink_round H=13 col=3 round=stage7 frontier_in=350656 map_wall_s=0.773 map_cpu_s=3.217 merge_wall_s=0.415 merge_cpu_s=1.393 map_units=172 merge_ranges=80 map_eff_cores=4.16 merge_eff_cores=3.36
event=kink_round H=11 col=6 round=stage0 frontier_in=14826 map_wall_s=0.091 map_cpu_s=0.094 merge_wall_s=0.131 merge_cpu_s=0.081 map_units=8 merge_ranges=8 map_eff_cores=1.04 merge_eff_cores=0.62
event=kink_round H=7 col=17 round=stage4 frontier_in=1113 map_wall_s=0.047 map_cpu_s=0.004 merge_wall_s=0.012 merge_cpu_s=0.002 map_units=1 merge_ranges=1 map_eff_cores=0.08 merge_eff_cores=0.16
event=kink_round H=12 col=4 round=stage9 frontier_in=141082 map_wall_s=0.377 map_cpu_s=0.781 merge_wall_s=0.226 merge_cpu_s=0.596 map_units=69 merge_ranges=69 map_eff_cores=2.07 merge_eff_cores=2.64
event=kink_round H=5 col=30 round=stage3 frontier_in=165 map_wall_s=0.032 map_cpu_s=0.000 merge_wall_s=0.029 merge_cpu_s=0.001 map_units=1 merge_ranges=1 map_eff_cores=0.00 merge_eff_cores=0.03
event=kink_round H=16 col=2 round=seed frontier_in=804455 map_wall_s=1.044 map_cpu_s=3.582 merge_wall_s=0.000 merge_cpu_s=0.000 map_units=393 merge_ranges=0 map_eff_cores=3.43 merge_eff_cores=0.00
event=kink_round H=8 col=13 round=stage1 frontier_in=1328 map_wall_s=0.120 map_cpu_s=0.007 merge_wall_s=0.025 merge_cpu_s=0.005 map_units=1 merge_ranges=1 map_eff_cores=0.06 merge_eff_cores=0.20
event=kink_round H=9 col=9 round=stage8 frontier_in=7732 map_wall_s=0.074 map_cpu_s=0.029 merge_wall_s=0.152 merge_cpu_s=0.027 map_units=4 merge_ranges=4 map_eff_cores=0.39 merge_eff_cores=0.18
event=kink_round H=10 col=7 round=stage9 frontier_in=20222 map_wall_s=0.082 map_cpu_s=0.086 merge_wall_s=0.038 merge_cpu_s=0.059 map_units=10 merge_ranges=10 map_eff_cores=1.05 merge_eff_cores=1.56
event=kink_round H=6 col=24 round=stage1 frontier_in=212 map_wall_s=0.167 map_cpu_s=0.002 merge_wall_s=0.016 merge_cpu_s=0.001 map_units=1 merge_ranges=1 map_eff_cores=0.01 merge_eff_cores=0.06
event=kink_round H=7 col=17 round=stage5 frontier_in=1130 map_wall_s=0.039 map_cpu_s=0.004 merge_wall_s=0.008 merge_cpu_s=0.003 map_units=1 merge_ranges=1 map_eff_cores=0.10 merge_eff_cores=0.37
event=kink_round H=5 col=30 round=stage4 frontier_in=179 map_wall_s=0.034 map_cpu_s=0.001 merge_wall_s=0.008 merge_cpu_s=0.000 map_units=1 merge_ranges=1 map_eff_cores=0.03 merge_eff_cores=0.00
event=kink_round H=6 col=24 round=stage2 frontier_in=341 map_wall_s=0.019 map_cpu_s=0.001 merge_wall_s=0.002 merge_cpu_s=0.001 map_units=1 merge_ranges=1 map_eff_cores=0.05 merge_eff_cores=0.62
event=kink_round H=8 col=13 round=stage2 frontier_in=2153 map_wall_s=0.018 map_cpu_s=0.008 merge_wall_s=0.024 merge_cpu_s=0.006 map_units=2 merge_ranges=2 map_eff_cores=0.45 merge_eff_cores=0.25
event=kink_round H=9 col=9 round=finalize frontier_in=7529 map_wall_s=0.029 map_cpu_s=0.024 merge_wall_s=0.011 merge_cpu_s=0.008 map_units=4 merge_ranges=4 map_eff_cores=0.82 merge_eff_cores=0.73
event=column H=9 col=9 frontier_in=2153 frontier_out=2153 wall_s=2.66 cum_wall_s=134.2 cpu_s=0.5 rss_max_mb=73.0 map_wall_s=1.40 map_cpu_s=0.3 merge_wall_s=1.23 merge_cpu_s=0.2 map_units=37 merge_ranges=35 eff_cores=0.20
event=kink_round H=10 col=7 round=finalize frontier_in=19812 map_wall_s=0.022 map_cpu_s=0.065 merge_wall_s=0.046 merge_cpu_s=0.031 map_units=10 merge_ranges=10 map_eff_cores=2.91 merge_eff_cores=0.67
event=column H=10 col=7 frontier_in=5567 frontier_out=5567 wall_s=3.04 cum_wall_s=137.2 cpu_s=1.6 rss_max_mb=73.0 map_wall_s=1.51 map_cpu_s=1.0 merge_wall_s=1.42 merge_cpu_s=0.6 map_units=98 merge_ranges=95 eff_cores=0.53
event=kink_round H=18 col=1 round=stage11 frontier_in=2817556 map_wall_s=1.057 map_cpu_s=10.508 merge_wall_s=0.965 merge_cpu_s=6.263 map_units=640 merge_ranges=80 map_eff_cores=9.95 merge_eff_cores=6.49
event=kink_round H=6 col=24 round=stage3 frontier_in=403 map_wall_s=0.008 map_cpu_s=0.001 merge_wall_s=0.096 merge_cpu_s=0.001 map_units=1 merge_ranges=1 map_eff_cores=0.12 merge_eff_cores=0.01
event=kink_round H=5 col=30 round=finalize frontier_in=180 map_wall_s=0.009 map_cpu_s=0.000 merge_wall_s=0.099 merge_cpu_s=0.000 map_units=1 merge_ranges=1 map_eff_cores=0.00 merge_eff_cores=0.00
event=column H=5 col=30 frontier_in=57 frontier_out=57 wall_s=1.32 cum_wall_s=138.5 cpu_s=0.0 rss_max_mb=73.0 map_wall_s=0.71 map_cpu_s=0.0 merge_wall_s=0.60 merge_cpu_s=0.0 map_units=7 merge_ranges=6 eff_cores=0.01
event=kink_round H=7 col=17 round=stage6 frontier_in=1170 map_wall_s=0.016 map_cpu_s=0.004 merge_wall_s=0.107 merge_cpu_s=0.002 map_units=1 merge_ranges=1 map_eff_cores=0.24 merge_eff_cores=0.02
event=kink_round H=9 col=10 round=seed frontier_in=2153 map_wall_s=0.114 map_cpu_s=0.008 merge_wall_s=0.000 merge_cpu_s=0.000 map_units=2 merge_ranges=0 map_eff_cores=0.07 merge_eff_cores=0.00
event=kink_round H=11 col=6 round=stage1 frontier_in=23855 map_wall_s=0.062 map_cpu_s=0.125 merge_wall_s=0.163 merge_cpu_s=0.109 map_units=12 merge_ranges=12 map_eff_cores=2.01 merge_eff_cores=0.67
event=kink_round H=10 col=8 round=seed frontier_in=5567 map_wall_s=0.271 map_cpu_s=0.018 merge_wall_s=0.000 merge_cpu_s=0.000 map_units=3 merge_ranges=0 map_eff_cores=0.07 merge_eff_cores=0.00
event=kink_round H=5 col=31 round=seed frontier_in=57 map_wall_s=0.221 map_cpu_s=0.000 merge_wall_s=0.000 merge_cpu_s=0.000 map_units=1 merge_ranges=0 map_eff_cores=0.00 merge_eff_cores=0.00
event=kink_round H=8 col=13 round=stage3 frontier_in=2568 map_wall_s=0.115 map_cpu_s=0.009 merge_wall_s=0.229 merge_cpu_s=0.006 map_units=2 merge_ranges=2 map_eff_cores=0.08 merge_eff_cores=0.03
event=kink_round H=12 col=4 round=stage10 frontier_in=140604 map_wall_s=0.134 map_cpu_s=0.823 merge_wall_s=0.295 merge_cpu_s=0.538 map_units=69 merge_ranges=69 map_eff_cores=6.16 merge_eff_cores=1.82
event=kink_round H=6 col=24 round=stage4 frontier_in=423 map_wall_s=0.228 map_cpu_s=0.001 merge_wall_s=0.116 merge_cpu_s=0.001 map_units=1 merge_ranges=1 map_eff_cores=0.00 merge_eff_cores=0.01
event=kink_round H=7 col=17 round=finalize frontier_in=1129 map_wall_s=0.227 map_cpu_s=0.002 merge_wall_s=0.106 merge_cpu_s=0.001 map_units=1 merge_ranges=1 map_eff_cores=0.01 merge_eff_cores=0.01
event=column H=7 col=17 frontier_in=335 frontier_out=335 wall_s=1.99 cum_wall_s=140.5 cpu_s=0.1 rss_max_mb=73.0 map_wall_s=1.14 map_cpu_s=0.0 merge_wall_s=0.85 merge_cpu_s=0.0 map_units=9 merge_ranges=8 eff_cores=0.03
event=kink_round H=9 col=10 round=stage0 frontier_in=2153 map_wall_s=0.233 map_cpu_s=0.010 merge_wall_s=0.105 merge_cpu_s=0.009 map_units=2 merge_ranges=2 map_eff_cores=0.04 merge_eff_cores=0.09
event=kink_round H=14 col=2 round=stage12 frontier_in=843999 map_wall_s=0.372 map_cpu_s=4.180 merge_wall_s=0.458 merge_cpu_s=2.774 map_units=413 merge_ranges=80 map_eff_cores=11.23 merge_eff_cores=6.06
event=kink_round H=5 col=31 round=stage0 frontier_in=57 map_wall_s=0.117 map_cpu_s=0.000 merge_wall_s=0.062 merge_cpu_s=0.001 map_units=1 merge_ranges=1 map_eff_cores=0.00 merge_eff_cores=0.02
event=kink_round H=7 col=18 round=seed frontier_in=335 map_wall_s=0.055 map_cpu_s=0.001 merge_wall_s=0.000 merge_cpu_s=0.000 map_units=1 merge_ranges=0 map_eff_cores=0.02 merge_eff_cores=0.00
event=kink_round H=8 col=13 round=stage4 frontier_in=2795 map_wall_s=0.104 map_cpu_s=0.010 merge_wall_s=0.073 merge_cpu_s=0.007 map_units=2 merge_ranges=2 map_eff_cores=0.10 merge_eff_cores=0.10
event=kink_round H=10 col=8 round=stage0 frontier_in=5567 map_wall_s=0.130 map_cpu_s=0.029 merge_wall_s=0.078 merge_cpu_s=0.027 map_units=3 merge_ranges=3 map_eff_cores=0.22 merge_eff_cores=0.34
event=kink_round H=11 col=6 round=stage2 frontier_in=38640 map_wall_s=0.287 map_cpu_s=0.212 merge_wall_s=0.096 merge_cpu_s=0.152 map_units=19 merge_ranges=19 map_eff_cores=0.74 merge_eff_cores=1.58
event=kink_round H=6 col=24 round=stage5 frontier_in=458 map_wall_s=0.062 map_cpu_s=0.001 merge_wall_s=0.088 merge_cpu_s=0.001 map_units=1 merge_ranges=1 map_eff_cores=0.02 merge_eff_cores=0.01
event=kink_round H=9 col=10 round=stage1 frontier_in=3472 map_wall_s=0.082 map_cpu_s=0.017 merge_wall_s=0.107 merge_cpu_s=0.017 map_units=2 merge_ranges=2 map_eff_cores=0.21 merge_eff_cores=0.16
event=kink_round H=13 col=3 round=stage8 frontier_in=358350 map_wall_s=0.463 map_cpu_s=1.990 merge_wall_s=0.197 merge_cpu_s=1.395 map_units=175 merge_ranges=80 map_eff_cores=4.30 merge_eff_cores=7.10
event=kink_round H=5 col=31 round=stage1 frontier_in=92 map_wall_s=0.085 map_cpu_s=0.001 merge_wall_s=0.077 merge_cpu_s=0.000 map_units=1 merge_ranges=1 map_eff_cores=0.01 merge_eff_cores=0.00
event=kink_round H=17 col=1 round=stage14 frontier_in=2519478 map_wall_s=1.453 map_cpu_s=11.015 merge_wall_s=0.742 merge_cpu_s=5.251 map_units=640 merge_ranges=80 map_eff_cores=7.58 merge_eff_cores=7.08
event=kink_round H=7 col=18 round=stage0 frontier_in=335 map_wall_s=0.100 map_cpu_s=0.003 merge_wall_s=0.105 merge_cpu_s=0.002 map_units=1 merge_ranges=1 map_eff_cores=0.03 merge_eff_cores=0.02
event=kink_round H=12 col=4 round=stage11 frontier_in=142674 map_wall_s=0.098 map_cpu_s=0.873 merge_wall_s=0.164 merge_cpu_s=0.627 map_units=70 merge_ranges=70 map_eff_cores=8.87 merge_eff_cores=3.83
event=kink_round H=6 col=24 round=finalize frontier_in=447 map_wall_s=0.078 map_cpu_s=0.001 merge_wall_s=0.050 merge_cpu_s=0.000 map_units=1 merge_ranges=1 map_eff_cores=0.01 merge_eff_cores=0.00
event=column H=6 col=24 frontier_in=131 frontier_out=131 wall_s=1.59 cum_wall_s=142.1 cpu_s=0.0 rss_max_mb=52.8 map_wall_s=1.14 map_cpu_s=0.0 merge_wall_s=0.45 merge_cpu_s=0.0 map_units=8 merge_ranges=7 eff_cores=0.01
event=kink_round H=8 col=13 round=stage5 frontier_in=2858 map_wall_s=0.089 map_cpu_s=0.013 merge_wall_s=0.105 merge_cpu_s=0.008 map_units=2 merge_ranges=2 map_eff_cores=0.15 merge_eff_cores=0.08
event=kink_round H=10 col=8 round=stage1 frontier_in=8947 map_wall_s=0.107 map_cpu_s=0.054 merge_wall_s=0.102 merge_cpu_s=0.046 map_units=5 merge_ranges=5 map_eff_cores=0.50 merge_eff_cores=0.45
event=kink_round H=6 col=25 round=seed frontier_in=131 map_wall_s=0.046 map_cpu_s=0.002 merge_wall_s=0.000 merge_cpu_s=0.000 map_units=1 merge_ranges=0 map_eff_cores=0.04 merge_eff_cores=0.00
event=kink_round H=11 col=6 round=stage3 frontier_in=45710 map_wall_s=0.112 map_cpu_s=0.229 merge_wall_s=0.116 merge_cpu_s=0.195 map_units=23 merge_ranges=23 map_eff_cores=2.04 merge_eff_cores=1.69
event=kink_round H=5 col=31 round=stage2 frontier_in=143 map_wall_s=0.058 map_cpu_s=0.001 merge_wall_s=0.065 merge_cpu_s=0.003 map_units=1 merge_ranges=1 map_eff_cores=0.02 merge_eff_cores=0.05
event=kink_round H=9 col=10 round=stage2 frontier_in=5618 map_wall_s=0.086 map_cpu_s=0.029 merge_wall_s=0.075 merge_cpu_s=0.023 map_units=3 merge_ranges=3 map_eff_cores=0.34 merge_eff_cores=0.31
event=kink_round H=7 col=18 round=stage1 frontier_in=544 map_wall_s=0.058 map_cpu_s=0.004 merge_wall_s=0.108 merge_cpu_s=0.002 map_units=1 merge_ranges=1 map_eff_cores=0.07 merge_eff_cores=0.02
event=kink_round H=8 col=13 round=stage6 frontier_in=2920 map_wall_s=0.069 map_cpu_s=0.014 merge_wall_s=0.121 merge_cpu_s=0.009 map_units=2 merge_ranges=2 map_eff_cores=0.20 merge_eff_cores=0.07
event=kink_round H=6 col=25 round=stage0 frontier_in=131 map_wall_s=0.067 map_cpu_s=0.005 merge_wall_s=0.097 merge_cpu_s=0.001 map_units=1 merge_ranges=1 map_eff_cores=0.07 merge_eff_cores=0.01
event=kink_round H=10 col=8 round=stage2 frontier_in=14518 map_wall_s=0.072 map_cpu_s=0.080 merge_wall_s=0.135 merge_cpu_s=0.056 map_units=8 merge_ranges=8 map_eff_cores=1.11 merge_eff_cores=0.41
event=kink_round H=12 col=4 round=finalize frontier_in=141323 map_wall_s=0.091 map_cpu_s=0.855 merge_wall_s=0.144 merge_cpu_s=0.534 map_units=70 merge_ranges=70 map_eff_cores=9.35 merge_eff_cores=3.71
event=column H=12 col=4 frontier_in=39212 frontier_out=39498 wall_s=5.40 cum_wall_s=147.5 cpu_s=18.0 rss_max_mb=73.0 map_wall_s=2.12 map_cpu_s=10.8 merge_wall_s=2.82 merge_cpu_s=7.2 map_units=796 merge_ranges=776 eff_cores=3.33
event=kink_round H=5 col=31 round=stage3 frontier_in=161 map_wall_s=0.121 map_cpu_s=0.001 merge_wall_s=0.152 merge_cpu_s=0.003 map_units=1 merge_ranges=1 map_eff_cores=0.01 merge_eff_cores=0.02
event=kink_round H=16 col=2 round=stage0 frontier_in=804455 map_wall_s=0.768 map_cpu_s=9.334 merge_wall_s=0.341 merge_cpu_s=3.308 map_units=393 merge_ranges=80 map_eff_cores=12.16 merge_eff_cores=9.70
event=kink_round H=9 col=10 round=stage3 frontier_in=6682 map_wall_s=0.123 map_cpu_s=0.031 merge_wall_s=0.151 merge_cpu_s=0.021 map_units=4 merge_ranges=4 map_eff_cores=0.25 merge_eff_cores=0.14
event=kink_round H=7 col=18 round=stage2 frontier_in=873 map_wall_s=0.153 map_cpu_s=0.004 merge_wall_s=0.064 merge_cpu_s=0.002 map_units=1 merge_ranges=1 map_eff_cores=0.03 merge_eff_cores=0.03
event=kink_round H=12 col=5 round=seed frontier_in=39498 map_wall_s=0.106 map_cpu_s=0.208 merge_wall_s=0.000 merge_cpu_s=0.000 map_units=20 merge_ranges=0 map_eff_cores=1.96 merge_eff_cores=0.00
event=kink_round H=11 col=6 round=stage4 frontier_in=49855 map_wall_s=0.130 map_cpu_s=0.279 merge_wall_s=0.180 merge_cpu_s=0.182 map_units=25 merge_ranges=25 map_eff_cores=2.15 merge_eff_cores=1.01
event=kink_round H=8 col=13 round=stage7 frontier_in=2997 map_wall_s=0.142 map_cpu_s=0.016 merge_wall_s=0.072 merge_cpu_s=0.010 map_units=2 merge_ranges=2 map_eff_cores=0.11 merge_eff_cores=0.14
event=kink_round H=6 col=25 round=stage1 frontier_in=212 map_wall_s=0.136 map_cpu_s=0.002 merge_wall_s=0.067 merge_cpu_s=0.001 map_units=1 merge_ranges=1 map_eff_cores=0.01 merge_eff_cores=0.01
event=kink_round H=10 col=8 round=stage3 frontier_in=17220 map_wall_s=0.151 map_cpu_s=0.075 merge_wall_s=0.055 merge_cpu_s=0.055 map_units=9 merge_ranges=9 map_eff_cores=0.50 merge_eff_cores=1.00
event=kink_round H=5 col=31 round=stage4 frontier_in=176 map_wall_s=0.059 map_cpu_s=0.002 merge_wall_s=0.048 merge_cpu_s=0.000 map_units=1 merge_ranges=1 map_eff_cores=0.03 merge_eff_cores=0.00
event=kink_round H=7 col=18 round=stage3 frontier_in=1036 map_wall_s=0.046 map_cpu_s=0.003 merge_wall_s=0.077 merge_cpu_s=0.002 map_units=1 merge_ranges=1 map_eff_cores=0.07 merge_eff_cores=0.03
event=kink_round H=13 col=3 round=stage9 frontier_in=366535 map_wall_s=0.357 map_cpu_s=2.441 merge_wall_s=0.148 merge_cpu_s=1.528 map_units=179 merge_ranges=80 map_eff_cores=6.84 merge_eff_cores=10.30
event=kink_round H=9 col=10 round=stage4 frontier_in=7282 map_wall_s=0.082 map_cpu_s=0.031 merge_wall_s=0.067 merge_cpu_s=0.019 map_units=4 merge_ranges=4 map_eff_cores=0.38 merge_eff_cores=0.28
event=kink_round H=8 col=13 round=finalize frontier_in=2895 map_wall_s=0.045 map_cpu_s=0.012 merge_wall_s=0.072 merge_cpu_s=0.004 map_units=2 merge_ranges=2 map_eff_cores=0.27 merge_eff_cores=0.06
event=column H=8 col=13 frontier_in=825 frontier_out=825 wall_s=2.06 cum_wall_s=149.6 cpu_s=0.2 rss_max_mb=73.0 map_wall_s=1.24 map_cpu_s=0.1 merge_wall_s=0.82 merge_cpu_s=0.1 map_units=17 merge_ranges=16 eff_cores=0.08
event=kink_round H=6 col=25 round=stage2 frontier_in=341 map_wall_s=0.049 map_cpu_s=0.003 merge_wall_s=0.069 merge_cpu_s=0.001 map_units=1 merge_ranges=1 map_eff_cores=0.06 merge_eff_cores=0.01
event=kink_round H=15 col=2 round=stage5 frontier_in=1272195 map_wall_s=0.857 map_cpu_s=6.145 merge_wall_s=0.415 merge_cpu_s=4.079 map_units=622 merge_ranges=80 map_eff_cores=7.17 merge_eff_cores=9.83
event=kink_round H=12 col=5 round=stage0 frontier_in=39498 map_wall_s=0.071 map_cpu_s=0.248 merge_wall_s=0.102 merge_cpu_s=0.197 map_units=20 merge_ranges=20 map_eff_cores=3.47 merge_eff_cores=1.92
event=kink_round H=5 col=31 round=finalize frontier_in=171 map_wall_s=0.070 map_cpu_s=0.000 merge_wall_s=0.163 merge_cpu_s=0.001 map_units=1 merge_ranges=1 map_eff_cores=0.00 merge_eff_cores=0.01
event=column H=5 col=31 frontier_in=57 frontier_out=37 wall_s=1.30 cum_wall_s=150.8 cpu_s=0.0 rss_max_mb=52.8 map_wall_s=0.73 map_cpu_s=0.0 merge_wall_s=0.57 merge_cpu_s=0.0 map_units=7 merge_ranges=6 eff_cores=0.01
event=kink_round H=8 col=14 round=seed frontier_in=825 map_wall_s=0.183 map_cpu_s=0.003 merge_wall_s=0.000 merge_cpu_s=0.000 map_units=1 merge_ranges=0 map_eff_cores=0.02 merge_eff_cores=0.00
event=kink_round H=11 col=6 round=stage5 frontier_in=51728 map_wall_s=0.067 map_cpu_s=0.308 merge_wall_s=0.244 merge_cpu_s=0.206 map_units=26 merge_ranges=26 map_eff_cores=4.61 merge_eff_cores=0.84
event=kink_round H=10 col=8 round=stage4 frontier_in=18804 map_wall_s=0.080 map_cpu_s=0.085 merge_wall_s=0.204 merge_cpu_s=0.071 map_units=10 merge_ranges=10 map_eff_cores=1.06 merge_eff_cores=0.35
event=kink_round H=14 col=2 round=stage13 frontier_in=905714 map_wall_s=0.598 map_cpu_s=5.011 merge_wall_s=0.328 merge_cpu_s=3.085 map_units=443 merge_ranges=80 map_eff_cores=8.37 merge_eff_cores=9.40
event=kink_round H=5 col=32 round=seed frontier_in=37 map_wall_s=0.203 map_cpu_s=0.002 merge_wall_s=0.000 merge_cpu_s=0.000 map_units=1 merge_ranges=0 map_eff_cores=0.01 merge_eff_cores=0.00
event=kink_round H=7 col=18 round=stage4 frontier_in=1113 map_wall_s=0.179 map_cpu_s=0.006 merge_wall_s=0.205 merge_cpu_s=0.003 map_units=1 merge_ranges=1 map_eff_cores=0.03 merge_eff_cores=0.01
event=kink_round H=6 col=25 round=stage3 frontier_in=403 map_wall_s=0.184 map_cpu_s=0.002 merge_wall_s=0.180 merge_cpu_s=0.002 map_units=1 merge_ranges=1 map_eff_cores=0.01 merge_eff_cores=0.01
event=kink_round H=9 col=10 round=stage5 frontier_in=7502 map_wall_s=0.190 map_cpu_s=0.040 merge_wall_s=0.208 merge_cpu_s=0.033 map_units=4 merge_ranges=4 map_eff_cores=0.21 merge_eff_cores=0.16
event=kink_round H=8 col=14 round=stage0 frontier_in=825 map_wall_s=0.194 map_cpu_s=0.006 merge_wall_s=0.208 merge_cpu_s=0.006 map_units=1 merge_ranges=1 map_eff_cores=0.03 merge_eff_cores=0.03
event=kink_round H=10 col=8 round=stage5 frontier_in=19508 map_wall_s=0.220 map_cpu_s=0.139 merge_wall_s=0.234 merge_cpu_s=0.080 map_units=10 merge_ranges=10 map_eff_cores=0.63 merge_eff_cores=0.34
event=kink_round H=12 col=5 round=stage1 frontier_in=63487 map_wall_s=0.325 map_cpu_s=0.560 merge_wall_s=0.313 merge_cpu_s=0.471 map_units=31 merge_ranges=31 map_eff_cores=1.72 merge_eff_cores=1.50
event=kink_round H=5 col=32 round=stage0 frontier_in=37 map_wall_s=0.174 map_cpu_s=0.001 merge_wall_s=0.189 merge_cpu_s=0.002 map_units=1 merge_ranges=1 map_eff_cores=0.01 merge_eff_cores=0.01
event=kink_round H=7 col=18 round=stage5 frontier_in=1130 map_wall_s=0.186 map_cpu_s=0.006 merge_wall_s=0.188 merge_cpu_s=0.003 map_units=1 merge_ranges=1 map_eff_cores=0.03 merge_eff_cores=0.02
event=kink_round H=6 col=25 round=stage4 frontier_in=423 map_wall_s=0.201 map_cpu_s=0.004 merge_wall_s=0.173 merge_cpu_s=0.001 map_units=1 merge_ranges=1 map_eff_cores=0.02 merge_eff_cores=0.01
event=kink_round H=11 col=6 round=stage6 frontier_in=52427 map_wall_s=0.233 map_cpu_s=0.423 merge_wall_s=0.295 merge_cpu_s=0.233 map_units=26 merge_ranges=26 map_eff_cores=1.82 merge_eff_cores=0.79
event=kink_round H=9 col=10 round=stage6 frontier_in=7569 map_wall_s=0.230 map_cpu_s=0.049 merge_wall_s=0.187 merge_cpu_s=0.031 map_units=4 merge_ranges=4 map_eff_cores=0.21 merge_eff_cores=0.17
event=kink_round H=8 col=14 round=stage1 frontier_in=1328 map_wall_s=0.191 map_cpu_s=0.010 merge_wall_s=0.167 merge_cpu_s=0.008 map_units=1 merge_ranges=1 map_eff_cores=0.05 merge_eff_cores=0.05
event=kink_round H=5 col=32 round=stage1 frontier_in=59 map_wall_s=0.149 map_cpu_s=0.003 merge_wall_s=0.217 merge_cpu_s=0.001 map_units=1 merge_ranges=1 map_eff_cores=0.02 merge_eff_cores=0.00
event=kink_round H=6 col=25 round=stage5 frontier_in=458 map_wall_s=0.158 map_cpu_s=0.002 merge_wall_s=0.199 merge_cpu_s=0.001 map_units=1 merge_ranges=1 map_eff_cores=0.01 merge_eff_cores=0.01
event=kink_round H=7 col=18 round=stage6 frontier_in=1170 map_wall_s=0.169 map_cpu_s=0.006 merge_wall_s=0.199 merge_cpu_s=0.003 map_units=1 merge_ranges=1 map_eff_cores=0.04 merge_eff_cores=0.02
event=kink_round H=10 col=8 round=stage6 frontier_in=19682 map_wall_s=0.185 map_cpu_s=0.141 merge_wall_s=0.257 merge_cpu_s=0.078 map_units=10 merge_ranges=10 map_eff_cores=0.76 merge_eff_cores=0.30
event=kink_round H=9 col=10 round=stage7 frontier_in=7596 map_wall_s=0.275 map_cpu_s=0.051 merge_wall_s=0.160 merge_cpu_s=0.028 map_units=4 merge_ranges=4 map_eff_cores=0.19 merge_eff_cores=0.18
event=kink_round H=18 col=1 round=stage12 frontier_in=3404775 map_wall_s=1.019 map_cpu_s=10.353 merge_wall_s=1.358 merge_cpu_s=6.959 map_units=640 merge_ranges=80 map_eff_cores=10.16 merge_eff_cores=5.12
event=kink_round H=11 col=6 round=stage7 frontier_in=52569 map_wall_s=0.291 map_cpu_s=0.375 merge_wall_s=0.181 merge_cpu_s=0.271 map_units=26 merge_ranges=26 map_eff_cores=1.29 merge_eff_cores=1.50
event=kink_round H=8 col=14 round=stage2 frontier_in=2153 map_wall_s=0.188 map_cpu_s=0.013 merge_wall_s=0.128 merge_cpu_s=0.010 map_units=2 merge_ranges=2 map_eff_cores=0.07 merge_eff_cores=0.08
event=kink_round H=5 col=32 round=stage2 frontier_in=97 map_wall_s=0.116 map_cpu_s=0.002 merge_wall_s=0.090 merge_cpu_s=0.001 map_units=1 merge_ranges=1 map_eff_cores=0.02 merge_eff_cores=0.01
event=kink_round H=12 col=5 round=stage2 frontier_in=102866 map_wall_s=0.225 map_cpu_s=0.905 merge_wall_s=0.353 merge_cpu_s=0.603 map_units=51 merge_ranges=51 map_eff_cores=4.02 merge_eff_cores=1.71
event=kink_round H=13 col=3 round=stage10 frontier_in=373684 map_wall_s=0.709 map_cpu_s=3.392 merge_wall_s=0.554 merge_cpu_s=2.002 map_units=183 merge_ranges=80 map_eff_cores=4.79 merge_eff_cores=3.61
event=kink_round H=6 col=25 round=finalize frontier_in=447 map_wall_s=0.118 map_cpu_s=0.004 merge_wall_s=0.089 merge_cpu_s=0.001 map_units=1 merge_ranges=1 map_eff_cores=0.03 merge_eff_cores=0.01
event=column H=6 col=25 frontier_in=131 frontier_out=131 wall_s=1.84 cum_wall_s=152.7 cpu_s=0.0 rss_max_mb=54.8 map_wall_s=0.96 map_cpu_s=0.0 merge_wall_s=0.87 merge_cpu_s=0.0 map_units=8 merge_ranges=7 eff_cores=0.02
event=kink_round H=7 col=18 round=finalize frontier_in=1129 map_wall_s=0.135 map_cpu_s=0.007 merge_wall_s=0.078 merge_cpu_s=0.003 map_units=1 merge_ranges=1 map_eff_cores=0.05 merge_eff_cores=0.04
event=column H=7 col=18 frontier_in=335 frontier_out=335 wall_s=2.11 cum_wall_s=154.8 cpu_s=0.1 rss_max_mb=73.0 map_wall_s=1.08 map_cpu_s=0.0 merge_wall_s=1.02 merge_cpu_s=0.0 map_units=9 merge_ranges=8 eff_cores=0.03
event=kink_round H=6 col=26 round=seed frontier_in=131 map_wall_s=0.182 map_cpu_s=0.001 merge_wall_s=0.000 merge_cpu_s=0.000 map_units=1 merge_ranges=0 map_eff_cores=0.01 merge_eff_cores=0.00
event=kink_round H=10 col=8 round=stage7 frontier_in=19901 map_wall_s=0.154 map_cpu_s=0.140 merge_wall_s=0.206 merge_cpu_s=0.053 map_units=10 merge_ranges=10 map_eff_cores=0.91 merge_eff_cores=0.26
event=kink_round H=7 col=19 round=seed frontier_in=335 map_wall_s=0.184 map_cpu_s=0.001 merge_wall_s=0.000 merge_cpu_s=0.000 map_units=1 merge_ranges=0 map_eff_cores=0.01 merge_eff_cores=0.00
event=kink_round H=8 col=14 round=stage3 frontier_in=2568 map_wall_s=0.096 map_cpu_s=0.017 merge_wall_s=0.162 merge_cpu_s=0.006 map_units=2 merge_ranges=2 map_eff_cores=0.18 merge_eff_cores=0.04
event=kink_round H=9 col=10 round=stage8 frontier_in=7732 map_wall_s=0.105 map_cpu_s=0.049 merge_wall_s=0.164 merge_cpu_s=0.019 map_units=4 merge_ranges=4 map_eff_cores=0.47 merge_eff_cores=0.12
event=kink_round H=5 col=32 round=stage3 frontier_in=114 map_wall_s=0.191 map_cpu_s=0.000 merge_wall_s=0.137 merge_cpu_s=0.000 map_units=1 merge_ranges=1 map_eff_cores=0.00 merge_eff_cores=0.00
event=kink_round H=11 col=6 round=stage8 frontier_in=52799 map_wall_s=0.223 map_cpu_s=0.238 merge_wall_s=0.254 merge_cpu_s=0.166 map_units=26 merge_ranges=26 map_eff_cores=1.07 merge_eff_cores=0.65
event=kink_round H=6 col=26 round=stage0 frontier_in=131 map_wall_s=0.127 map_cpu_s=0.001 merge_wall_s=0.167 merge_cpu_s=0.001 map_units=1 merge_ranges=1 map_eff_cores=0.01 merge_eff_cores=0.01
event=kink_round H=7 col=19 round=stage0 frontier_in=335 map_wall_s=0.219 map_cpu_s=0.002 merge_wall_s=0.094 merge_cpu_s=0.001 map_units=1 merge_ranges=1 map_eff_cores=0.01 merge_eff_cores=0.01
event=kink_round H=8 col=14 round=stage4 frontier_in=2795 map_wall_s=0.221 map_cpu_s=0.012 merge_wall_s=0.083 merge_cpu_s=0.007 map_units=2 merge_ranges=2 map_eff_cores=0.05 merge_eff_cores=0.08
event=kink_round H=12 col=5 round=stage3 frontier_in=121337 map_wall_s=0.190 map_cpu_s=0.680 merge_wall_s=0.277 merge_cpu_s=0.514 map_units=60 merge_ranges=60 map_eff_cores=3.59 merge_eff_cores=1.86
event=kink_round H=5 col=32 round=stage4 frontier_in=126 map_wall_s=0.164 map_cpu_s=0.000 merge_wall_s=0.051 merge_cpu_s=0.001 map_units=1 merge_ranges=1 map_eff_cores=0.00 merge_eff_cores=0.02
event=kink_round H=9 col=10 round=finalize frontier_in=7529 map_wall_s=0.225 map_cpu_s=0.024 merge_wall_s=0.099 merge_cpu_s=0.008 map_units=4 merge_ranges=4 map_eff_cores=0.11 merge_eff_cores=0.08
event=column H=9 col=10 frontier_in=2153 frontier_out=2153 wall_s=3.09 cum_wall_s=157.9 cpu_s=0.5 rss_max_mb=73.0 map_wall_s=1.74 map_cpu_s=0.3 merge_wall_s=1.32 merge_cpu_s=0.2 map_units=37 merge_ranges=35 eff_cores=0.18
event=kink_round H=10 col=8 round=stage8 frontier_in=19909 map_wall_s=0.251 map_cpu_s=0.101 merge_wall_s=0.103 merge_cpu_s=0.060 map_units=10 merge_ranges=10 map_eff_cores=0.40 merge_eff_cores=0.58
event=kink_round H=16 col=2 round=stage1 frontier_in=1275982 map_wall_s=1.435 map_cpu_s=9.058 merge_wall_s=0.515 merge_cpu_s=4.923 map_units=624 merge_ranges=80 map_eff_cores=6.31 merge_eff_cores=9.57
event=kink_round H=17 col=1 round=stage15 frontier_in=3095559 map_wall_s=1.505 map_cpu_s=13.003 merge_wall_s=0.770 merge_cpu_s=7.428 map_units=640 merge_ranges=80 map_eff_cores=8.64 merge_eff_cores=9.64
event=kink_round H=14 col=2 round=finalize frontier_in=886116 map_wall_s=1.142 map_cpu_s=6.536 merge_wall_s=0.477 merge_cpu_s=3.038 map_units=433 merge_ranges=80 map_eff_cores=5.72 merge_eff_cores=6.36
event=column H=14 col=2 frontier_in=138190 frontier_out=246587 wall_s=12.82 cum_wall_s=170.7 cpu_s=79.0 rss_max_mb=73.0 map_wall_s=6.73 map_cpu_s=49.1 merge_wall_s=5.10 merge_cpu_s=29.9 map_units=4389 merge_ranges=1188 eff_cores=6.17
event=kink_round H=6 col=26 round=stage1 frontier_in=212 map_wall_s=0.063 map_cpu_s=0.001 merge_wall_s=0.170 merge_cpu_s=0.001 map_units=1 merge_ranges=1 map_eff_cores=0.02 merge_eff_cores=0.01
event=kink_round H=9 col=11 round=seed frontier_in=2153 map_wall_s=0.178 map_cpu_s=0.008 merge_wall_s=0.000 merge_cpu_s=0.000 map_units=2 merge_ranges=0 map_eff_cores=0.05 merge_eff_cores=0.00
event=kink_round H=11 col=6 round=stage9 frontier_in=52650 map_wall_s=0.099 map_cpu_s=0.257 merge_wall_s=0.183 merge_cpu_s=0.174 map_units=26 merge_ranges=26 map_eff_cores=2.58 merge_eff_cores=0.95
event=kink_round H=7 col=19 round=stage1 frontier_in=544 map_wall_s=0.101 map_cpu_s=0.002 merge_wall_s=0.165 merge_cpu_s=0.002 map_units=1 merge_ranges=1 map_eff_cores=0.02 merge_eff_cores=0.01
event=kink_round H=5 col=32 round=finalize frontier_in=124 map_wall_s=0.126 map_cpu_s=0.000 merge_wall_s=0.119 merge_cpu_s=0.000 map_units=1 merge_ranges=1 map_eff_cores=0.00 merge_eff_cores=0.00
event=column H=5 col=32 frontier_in=37 frontier_out=19 wall_s=1.93 cum_wall_s=172.6 cpu_s=0.0 rss_max_mb=56.8 map_wall_s=1.12 map_cpu_s=0.0 merge_wall_s=0.80 merge_cpu_s=0.0 map_units=7 merge_ranges=6 eff_cores=0.01
event=kink_round H=8 col=14 round=stage5 frontier_in=2858 map_wall_s=0.140 map_cpu_s=0.010 merge_wall_s=0.123 merge_cpu_s=0.006 map_units=2 merge_ranges=2 map_eff_cores=0.07 merge_eff_cores=0.05
event=kink_round H=10 col=8 round=stage9 frontier_in=20222 map_wall_s=0.179 map_cpu_s=0.082 merge_wall_s=0.143 merge_cpu_s=0.056 map_units=10 merge_ranges=10 map_eff_cores=0.46 merge_eff_cores=0.39
event=kink_round H=13 col=3 round=stage11 frontier_in=374402 map_wall_s=0.450 map_cpu_s=2.175 merge_wall_s=0.314 merge_cpu_s=1.496 map_units=183 merge_ranges=80 map_eff_cores=4.83 merge_eff_cores=4.76
event=kink_round H=5 col=33 round=seed frontier_in=19 map_wall_s=0.160 map_cpu_s=0.000 merge_wall_s=0.000 merge_cpu_s=0.000 map_units=1 merge_ranges=0 map_eff_cores=0.00 merge_eff_cores=0.00
event=kink_round H=12 col=5 round=stage4 frontier_in=132224 map_wall_s=0.203 map_cpu_s=0.728 merge_wall_s=0.203 merge_cpu_s=0.541 map_units=65 merge_ranges=65 map_eff_cores=3.59 merge_eff_cores=2.66
event=kink_round H=6 col=26 round=stage2 frontier_in=341 map_wall_s=0.107 map_cpu_s=0.001 merge_wall_s=0.135 merge_cpu_s=0.001 map_units=1 merge_ranges=1 map_eff_cores=0.01 merge_eff_cores=0.01
event=kink_round H=9 col=11 round=stage0 frontier_in=2153 map_wall_s=0.137 map_cpu_s=0.010 merge_wall_s=0.133 merge_cpu_s=0.010 map_units=2 merge_ranges=2 map_eff_cores=0.07 merge_eff_cores=0.08
event=kink_round H=14 col=3 round=seed frontier_in=246587 map_wall_s=0.283 map_cpu_s=1.079 merge_wall_s=0.000 merge_cpu_s=0.000 map_units=121 merge_ranges=0 map_eff_cores=3.81 merge_eff_cores=0.00
event=kink_round H=15 col=2 round=stage6 frontier_in=1349713 map_wall_s=1.664 map_cpu_s=9.152 merge_wall_s=0.556 merge_cpu_s=3.980 map_units=640 merge_ranges=80 map_eff_cores=5.50 merge_eff_cores=7.16
event=kink_round H=7 col=19 round=stage2 frontier_in=873 map_wall_s=0.161 map_cpu_s=0.003 merge_wall_s=0.075 merge_cpu_s=0.002 map_units=1 merge_ranges=1 map_eff_cores=0.02 merge_eff_cores=0.03
event=kink_round H=8 col=14 round=stage6 frontier_in=2920 map_wall_s=0.165 map_cpu_s=0.011 merge_wall_s=0.112 merge_cpu_s=0.008 map_units=2 merge_ranges=2 map_eff_cores=0.07 merge_eff_cores=0.07
event=kink_round H=11 col=6 round=stage10 frontier_in=53453 map_wall_s=0.195 map_cpu_s=0.268 merge_wall_s=0.128 merge_cpu_s=0.180 map_units=27 merge_ranges=27 map_eff_cores=1.37 merge_eff_cores=1.41
event=kink_round H=10 col=8 round=finalize frontier_in=19812 map_wall_s=0.128 map_cpu_s=0.075 merge_wall_s=0.108 merge_cpu_s=0.031 map_units=10 merge_ranges=10 map_eff_cores=0.59 merge_eff_cores=0.29
event=column H=10 col=8 frontier_in=5567 frontier_out=5567 wall_s=3.62 cum_wall_s=176.3 cpu_s=1.6 rss_max_mb=73.0 map_wall_s=1.93 map_cpu_s=1.0 merge_wall_s=1.63 merge_cpu_s=0.6 map_units=98 merge_ranges=95 eff_cores=0.45
event=kink_round H=6 col=26 round=stage3 frontier_in=403 map_wall_s=0.093 map_cpu_s=0.001 merge_wall_s=0.114 merge_cpu_s=0.001 map_units=1 merge_ranges=1 map_eff_cores=0.01 merge_eff_cores=0.01
event=kink_round H=5 col=33 round=stage0 frontier_in=19 map_wall_s=0.107 map_cpu_s=0.001 merge_wall_s=0.126 merge_cpu_s=0.001 map_units=1 merge_ranges=1 map_eff_cores=0.01 merge_eff_cores=0.01
event=kink_round H=7 col=19 round=stage3 frontier_in=1036 map_wall_s=0.106 map_cpu_s=0.003 merge_wall_s=0.101 merge_cpu_s=0.003 map_units=1 merge_ranges=1 map_eff_cores=0.03 merge_eff_cores=0.03
event=kink_round H=9 col=11 round=stage1 frontier_in=3472 map_wall_s=0.118 map_cpu_s=0.020 merge_wall_s=0.111 merge_cpu_s=0.016 map_units=2 merge_ranges=2 map_eff_cores=0.17 merge_eff_cores=0.14
event=kink_round H=10 col=9 round=seed frontier_in=5567 map_wall_s=0.118 map_cpu_s=0.018 merge_wall_s=0.000 merge_cpu_s=0.000 map_units=3 merge_ranges=0 map_eff_cores=0.15 merge_eff_cores=0.00
event=kink_round H=8 col=14 round=stage7 frontier_in=2997 map_wall_s=0.119 map_cpu_s=0.014 merge_wall_s=0.127 merge_cpu_s=0.010 map_units=2 merge_ranges=2 map_eff_cores=0.12 merge_eff_cores=0.08
event=kink_round H=12 col=5 round=stage5 frontier_in=137370 map_wall_s=0.145 map_cpu_s=0.827 merge_wall_s=0.230 merge_cpu_s=0.572 map_units=68 merge_ranges=68 map_eff_cores=5.70 merge_eff_cores=2.49
event=kink_round H=6 col=26 round=stage4 frontier_in=423 map_wall_s=0.117 map_cpu_s=0.002 merge_wall_s=0.071 merge_cpu_s=0.002 map_units=1 merge_ranges=1 map_eff_cores=0.02 merge_eff_cores=0.03
event=kink_round H=5 col=33 round=stage1 frontier_in=30 map_wall_s=0.109 map_cpu_s=0.002 merge_wall_s=0.072 merge_cpu_s=0.001 map_units=1 merge_ranges=1 map_eff_cores=0.02 merge_eff_cores=0.01
event=kink_round H=11 col=6 round=finalize frontier_in=52683 map_wall_s=0.114 map_cpu_s=0.306 merge_wall_s=0.133 merge_cpu_s=0.132 map_units=26 merge_ranges=26 map_eff_cores=2.68 merge_eff_cores=0.99
event=column H=11 col=6 frontier_in=14826 frontier_out=14826 wall_s=4.57 cum_wall_s=180.8 cpu_s=5.3 rss_max_mb=73.0 map_wall_s=2.25 map_cpu_s=3.2 merge_wall_s=2.10 merge_cpu_s=2.1 map_units=278 merge_ranges=270 eff_cores=1.15
event=kink_round H=7 col=19 round=stage4 frontier_in=1113 map_wall_s=0.099 map_cpu_s=0.005 merge_wall_s=0.099 merge_cpu_s=0.003 map_units=1 merge_ranges=1 map_eff_cores=0.05 merge_eff_cores=0.03
event=kink_round H=14 col=3 round=stage0 frontier_in=246587 map_wall_s=0.289 map_cpu_s=1.898 merge_wall_s=0.178 merge_cpu_s=1.328 map_units=121 merge_ranges=80 map_eff_cores=6.56 merge_eff_cores=7.45
event=kink_round H=9 col=11 round=stage2 frontier_in=5618 map_wall_s=0.120 map_cpu_s=0.024 merge_wall_s=0.138 merge_cpu_s=0.018 map_units=3 merge_ranges=3 map_eff_cores=0.20 merge_eff_cores=0.13
event=kink_round H=10 col=9 round=stage0 frontier_in=5567 map_wall_s=0.116 map_cpu_s=0.033 merge_wall_s=0.137 merge_cpu_s=0.031 map_units=3 merge_ranges=3 map_eff_cores=0.28 merge_eff_cores=0.23
event=kink_round H=11 col=7 round=seed frontier_in=14826 map_wall_s=0.108 map_cpu_s=0.064 merge_wall_s=0.000 merge_cpu_s=0.000 map_units=8 merge_ranges=0 map_eff_cores=0.59 merge_eff_cores=0.00
event=kink_round H=8 col=14 round=finalize frontier_in=2895 map_wall_s=0.101 map_cpu_s=0.008 merge_wall_s=0.112 merge_cpu_s=0.003 map_units=2 merge_ranges=2 map_eff_cores=0.08 merge_eff_cores=0.03
event=column H=8 col=14 frontier_in=825 frontier_out=825 wall_s=2.83 cum_wall_s=183.7 cpu_s=0.2 rss_max_mb=56.8 map_wall_s=1.60 map_cpu_s=0.1 merge_wall_s=1.22 merge_cpu_s=0.1 map_units=17 merge_ranges=16 eff_cores=0.06
event=kink_round H=6 col=26 round=stage5 frontier_in=458 map_wall_s=0.115 map_cpu_s=0.002 merge_wall_s=0.078 merge_cpu_s=0.001 map_units=1 merge_ranges=1 map_eff_cores=0.02 merge_eff_cores=0.01
event=kink_round H=5 col=33 round=stage2 frontier_in=46 map_wall_s=0.119 map_cpu_s=0.001 merge_wall_s=0.073 merge_cpu_s=0.000 map_units=1 merge_ranges=1 map_eff_cores=0.01 merge_eff_cores=0.00
event=kink_round H=7 col=19 round=stage5 frontier_in=1130 map_wall_s=0.111 map_cpu_s=0.010 merge_wall_s=0.049 merge_cpu_s=0.002 map_units=1 merge_ranges=1 map_eff_cores=0.09 merge_eff_cores=0.04
event=kink_round H=8 col=15 round=seed frontier_in=825 map_wall_s=0.057 map_cpu_s=0.004 merge_wall_s=0.000 merge_cpu_s=0.000 map_units=1 merge_ranges=0 map_eff_cores=0.07 merge_eff_cores=0.00
event=kink_round H=13 col=3 round=stage12 frontier_in=380404 map_wall_s=0.368 map_cpu_s=2.702 merge_wall_s=0.333 merge_cpu_s=1.597 map_units=186 merge_ranges=80 map_eff_cores=7.34 merge_eff_cores=4.79
event=kink_round H=9 col=11 round=stage3 frontier_in=6682 map_wall_s=0.085 map_cpu_s=0.036 merge_wall_s=0.153 merge_cpu_s=0.019 map_units=4 merge_ranges=4 map_eff_cores=0.42 merge_eff_cores=0.12
event=kink_round H=5 col=33 round=stage3 frontier_in=58 map_wall_s=0.044 map_cpu_s=0.001 merge_wall_s=0.156 merge_cpu_s=0.001 map_units=1 merge_ranges=1 map_eff_cores=0.02 merge_eff_cores=0.01
event=kink_round H=6 col=26 round=finalize frontier_in=447 map_wall_s=0.045 map_cpu_s=0.001 merge_wall_s=0.167 merge_cpu_s=0.001 map_units=1 merge_ranges=1 map_eff_cores=0.02 merge_eff_cores=0.01
event=column H=6 col=26 frontier_in=131 frontier_out=131 wall_s=1.75 cum_wall_s=185.4 cpu_s=0.0 rss_max_mb=52.8 map_wall_s=0.85 map_cpu_s=0.0 merge_wall_s=0.90 merge_cpu_s=0.0 map_units=8 merge_ranges=7 eff_cores=0.01
event=kink_round H=10 col=9 round=stage1 frontier_in=8947 map_wall_s=0.094 map_cpu_s=0.047 merge_wall_s=0.172 merge_cpu_s=0.039 map_units=5 merge_ranges=5 map_eff_cores=0.50 merge_eff_cores=0.23
event=kink_round H=11 col=7 round=stage0 frontier_in=14826 map_wall_s=0.078 map_cpu_s=0.092 merge_wall_s=0.189 merge_cpu_s=0.065 map_units=8 merge_ranges=8 map_eff_cores=1.17 merge_eff_cores=0.34
event=kink_round H=6 col=27 round=seed frontier_in=131 map_wall_s=0.049 map_cpu_s=0.001 merge_wall_s=0.000 merge_cpu_s=0.000 map_units=1 merge_ranges=0 map_eff_cores=0.02 merge_eff_cores=0.00
event=kink_round H=8 col=15 round=stage0 frontier_in=825 map_wall_s=0.166 map_cpu_s=0.003 merge_wall_s=0.074 merge_cpu_s=0.004 map_units=1 merge_ranges=1 map_eff_cores=0.02 merge_eff_cores=0.05
event=kink_round H=7 col=19 round=stage6 frontier_in=1170 map_wall_s=0.169 map_cpu_s=0.003 merge_wall_s=0.077 merge_cpu_s=0.005 map_units=1 merge_ranges=1 map_eff_cores=0.02 merge_eff_cores=0.06
event=kink_round H=12 col=5 round=stage6 frontier_in=139577 map_wall_s=0.176 map_cpu_s=0.978 merge_wall_s=0.260 merge_cpu_s=0.567 map_units=69 merge_ranges=69 map_eff_cores=5.56 merge_eff_cores=2.18
event=kink_round H=5 col=33 round=stage4 frontier_in=62 map_wall_s=0.070 map_cpu_s=0.002 merge_wall_s=0.122 merge_cpu_s=0.001 map_units=1 merge_ranges=1 map_eff_cores=0.03 merge_eff_cores=0.01
event=kink_round H=9 col=11 round=stage4 frontier_in=7282 map_wall_s=0.105 map_cpu_s=0.039 merge_wall_s=0.129 merge_cpu_s=0.021 map_units=4 merge_ranges=4 map_eff_cores=0.37 merge_eff_cores=0.16
event=kink_round H=10 col=9 round=stage2 frontier_in=14518 map_wall_s=0.076 map_cpu_s=0.076 merge_wall_s=0.128 merge_cpu_s=0.049 map_units=8 merge_ranges=8 map_eff_cores=1.00 merge_eff_cores=0.38
event=kink_round H=11 col=7 round=stage1 frontier_in=23855 map_wall_s=0.072 map_cpu_s=0.154 merge_wall_s=0.175 merge_cpu_s=0.114 map_units=12 merge_ranges=12 map_eff_cores=2.15 merge_eff_cores=0.65
event=kink_round H=18 col=1 round=stage13 frontier_in=4118990 map_wall_s=1.324 map_cpu_s=12.349 merge_wall_s=0.567 merge_cpu_s=7.292 map_units=640 merge_ranges=80 map_eff_cores=9.33 merge_eff_cores=12.86
event=kink_round H=6 col=27 round=stage0 frontier_in=131 map_wall_s=0.122 map_cpu_s=0.001 merge_wall_s=0.148 merge_cpu_s=0.000 map_units=1 merge_ranges=1 map_eff_cores=0.01 merge_eff_cores=0.00
event=kink_round H=8 col=15 round=stage1 frontier_in=1328 map_wall_s=0.125 map_cpu_s=0.007 merge_wall_s=0.151 merge_cpu_s=0.004 map_units=1 merge_ranges=1 map_eff_cores=0.06 merge_eff_cores=0.03
event=kink_round H=7 col=19 round=finalize frontier_in=1129 map_wall_s=0.125 map_cpu_s=0.004 merge_wall_s=0.155 merge_cpu_s=0.001 map_units=1 merge_ranges=1 map_eff_cores=0.03 merge_eff_cores=0.01
event=column H=7 col=19 frontier_in=335 frontier_out=335 wall_s=2.10 cum_wall_s=187.5 cpu_s=0.1 rss_max_mb=56.8 map_wall_s=1.27 map_cpu_s=0.0 merge_wall_s=0.81 merge_cpu_s=0.0 map_units=9 merge_ranges=8 eff_cores=0.02
event=kink_round H=5 col=33 round=finalize frontier_in=53 map_wall_s=0.147 map_cpu_s=0.000 merge_wall_s=0.088 merge_cpu_s=0.000 map_units=1 merge_ranges=1 map_eff_cores=0.00 merge_eff_cores=0.00
event=column H=5 col=33 frontier_in=19 frontier_out=8 wall_s=1.40 cum_wall_s=188.9 cpu_s=0.0 rss_max_mb=52.8 map_wall_s=0.76 map_cpu_s=0.0 merge_wall_s=0.64 merge_cpu_s=0.0 map_units=7 merge_ranges=6 eff_cores=0.01
event=kink_round H=7 col=20 round=seed frontier_in=335 map_wall_s=0.067 map_cpu_s=0.001 merge_wall_s=0.000 merge_cpu_s=0.000 map_units=1 merge_ranges=0 map_eff_cores=0.02 merge_eff_cores=0.00
event=kink_round H=9 col=11 round=stage5 frontier_in=7502 map_wall_s=0.170 map_cpu_s=0.030 merge_wall_s=0.053 merge_cpu_s=0.020 map_units=4 merge_ranges=4 map_eff_cores=0.18 merge_eff_cores=0.37
event=kink_round H=10 col=9 round=stage3 frontier_in=17220 map_wall_s=0.148 map_cpu_s=0.077 merge_wall_s=0.070 merge_cpu_s=0.051 map_units=9 merge_ranges=9 map_eff_cores=0.52 merge_eff_cores=0.73
event=kink_round H=16 col=2 round=stage2 frontier_in=2121856 map_wall_s=1.101 map_cpu_s=8.990 merge_wall_s=0.448 merge_cpu_s=5.730 map_units=640 merge_ranges=80 map_eff_cores=8.16 merge_eff_cores=12.79
event=kink_round H=11 col=7 round=stage2 frontier_in=38640 map_wall_s=0.141 map_cpu_s=0.173 merge_wall_s=0.037 merge_cpu_s=0.147 map_units=19 merge_ranges=19 map_eff_cores=1.23 merge_eff_cores=3.97
event=kink_round H=12 col=5 round=stage7 frontier_in=140134 map_wall_s=0.172 map_cpu_s=0.822 merge_wall_s=0.195 merge_cpu_s=0.587 map_units=69 merge_ranges=69 map_eff_cores=4.79 merge_eff_cores=3.00
event=kink_round H=14 col=3 round=stage1 frontier_in=394661 map_wall_s=0.373 map_cpu_s=2.474 merge_wall_s=0.253 merge_cpu_s=2.008 map_units=193 merge_ranges=80 map_eff_cores=6.63 merge_eff_cores=7.92
event=kink_round H=6 col=27 round=stage1 frontier_in=212 map_wall_s=0.090 map_cpu_s=0.002 merge_wall_s=0.057 merge_cpu_s=0.001 map_units=1 merge_ranges=1 map_eff_cores=0.02 merge_eff_cores=0.02
event=kink_round H=5 col=34 round=seed frontier_in=8 map_wall_s=0.062 map_cpu_s=0.000 merge_wall_s=0.000 merge_cpu_s=0.000 map_units=1 merge_ranges=0 map_eff_cores=0.00 merge_eff_cores=0.00
event=kink_round H=13 col=3 round=finalize frontier_in=377300 map_wall_s=0.354 map_cpu_s=1.928 merge_wall_s=0.226 merge_cpu_s=1.393 map_units=185 merge_ranges=80 map_eff_cores=5.45 merge_eff_cores=6.17
event=kink_round H=8 col=15 round=stage2 frontier_in=2153 map_wall_s=0.086 map_cpu_s=0.009 merge_wall_s=0.070 merge_cpu_s=0.006 map_units=2 merge_ranges=2 map_eff_cores=0.10 merge_eff_cores=0.09
event=kink_round H=7 col=20 round=stage0 frontier_in=335 map_wall_s=0.065 map_cpu_s=0.001 merge_wall_s=0.090 merge_cpu_s=0.003 map_units=1 merge_ranges=1 map_eff_cores=0.02 merge_eff_cores=0.03
event=kink_round H=9 col=11 round=stage6 frontier_in=7569 map_wall_s=0.086 map_cpu_s=0.030 merge_wall_s=0.152 merge_cpu_s=0.032 map_units=4 merge_ranges=4 map_eff_cores=0.35 merge_eff_cores=0.21
event=kink_round H=10 col=9 round=stage4 frontier_in=18804 map_wall_s=0.088 map_cpu_s=0.086 merge_wall_s=0.162 merge_cpu_s=0.085 map_units=10 merge_ranges=10 map_eff_cores=0.98 merge_eff_cores=0.53
event=kink_round H=6 col=27 round=stage2 frontier_in=341 map_wall_s=0.129 map_cpu_s=0.003 merge_wall_s=0.110 merge_cpu_s=0.002 map_units=1 merge_ranges=1 map_eff_cores=0.02 merge_eff_cores=0.02
event=kink_round H=5 col=34 round=stage0 frontier_in=8 map_wall_s=0.146 map_cpu_s=0.003 merge_wall_s=0.092 merge_cpu_s=0.001 map_units=1 merge_ranges=1 map_eff_cores=0.02 merge_eff_cores=0.01
event=kink_round H=7 col=20 round=stage1 frontier_in=544 map_wall_s=0.078 map_cpu_s=0.003 merge_wall_s=0.088 merge_cpu_s=0.003 map_units=1 merge_ranges=1 map_eff_cores=0.04 merge_eff_cores=0.03
event=kink_round H=8 col=15 round=stage3 frontier_in=2568 map_wall_s=0.163 map_cpu_s=0.017 merge_wall_s=0.101 merge_cpu_s=0.011 map_units=2 merge_ranges=2 map_eff_cores=0.10 merge_eff_cores=0.11
event=column H=13 col=3 frontier_in=94599 frontier_out=105446 wall_s=9.96 cum_wall_s=198.9 cpu_s=48.0 rss_max_mb=73.0 map_wall_s=5.34 map_cpu_s=29.6 merge_wall_s=3.63 merge_cpu_s=18.4 map_units=2185 merge_ranges=1081 eff_cores=4.82
event=kink_round H=11 col=7 round=stage3 frontier_in=45710 map_wall_s=0.202 map_cpu_s=0.316 merge_wall_s=0.165 merge_cpu_s=0.235 map_units=23 merge_ranges=23 map_eff_cores=1.56 merge_eff_cores=1.42
event=kink_round H=12 col=5 round=stage8 frontier_in=140687 map_wall_s=0.219 map_cpu_s=1.336 merge_wall_s=0.265 merge_cpu_s=0.728 map_units=69 merge_ranges=69 map_eff_cores=6.11 merge_eff_cores=2.75
event=kink_round H=9 col=11 round=stage7 frontier_in=7596 map_wall_s=0.130 map_cpu_s=0.050 merge_wall_s=0.183 merge_cpu_s=0.028 map_units=4 merge_ranges=4 map_eff_cores=0.38 merge_eff_cores=0.15
event=kink_round H=6 col=27 round=stage3 frontier_in=403 map_wall_s=0.123 map_cpu_s=0.002 merge_wall_s=0.189 merge_cpu_s=0.002 map_units=1 merge_ranges=1 map_eff_cores=0.02 merge_eff_cores=0.01
event=kink_round H=5 col=34 round=stage1 frontier_in=12 map_wall_s=0.121 map_cpu_s=0.001 merge_wall_s=0.194 merge_cpu_s=0.003 map_units=1 merge_ranges=1 map_eff_cores=0.01 merge_eff_cores=0.02
event=kink_round H=15 col=2 round=stage7 frontier_in=1438130 map_wall_s=1.012 map_cpu_s=7.538 merge_wall_s=0.673 merge_cpu_s=4.873 map_units=640 merge_ranges=80 map_eff_cores=7.45 merge_eff_cores=7.24
event=kink_round H=7 col=20 round=stage2 frontier_in=873 map_wall_s=0.104 map_cpu_s=0.003 merge_wall_s=0.207 merge_cpu_s=0.003 map_units=1 merge_ranges=1 map_eff_cores=0.03 merge_eff_cores=0.01
event=kink_round H=13 col=4 round=seed frontier_in=105446 map_wall_s=0.251 map_cpu_s=0.910 merge_wall_s=0.000 merge_cpu_s=0.000 map_units=52 merge_ranges=0 map_eff_cores=3.63 merge_eff_cores=0.00
event=kink_round H=10 col=9 round=stage5 frontier_in=19508 map_wall_s=0.128 map_cpu_s=0.129 merge_wall_s=0.238 merge_cpu_s=0.083 map_units=10 merge_ranges=10 map_eff_cores=1.01 merge_eff_cores=0.35
event=kink_round H=17 col=1 round=stage16 frontier_in=3868040 map_wall_s=1.117 map_cpu_s=13.555 merge_wall_s=0.995 merge_cpu_s=8.079 map_units=640 merge_ranges=80 map_eff_cores=12.13 merge_eff_cores=8.12
event=kink_round H=8 col=15 round=stage4 frontier_in=2795 map_wall_s=0.188 map_cpu_s=0.017 merge_wall_s=0.170 merge_cpu_s=0.010 map_units=2 merge_ranges=2 map_eff_cores=0.09 merge_eff_cores=0.06
event=heartbeat H=17 col=1 elapsed_s=17 processed=466944 rate_per_s=26957 steals=0
event=kink_round H=6 col=27 round=stage4 frontier_in=423 map_wall_s=0.140 map_cpu_s=0.002 merge_wall_s=0.181 merge_cpu_s=0.001 map_units=1 merge_ranges=1 map_eff_cores=0.01 merge_eff_cores=0.01
event=kink_round H=5 col=34 round=stage2 frontier_in=16 map_wall_s=0.146 map_cpu_s=0.001 merge_wall_s=0.175 merge_cpu_s=0.001 map_units=1 merge_ranges=1 map_eff_cores=0.01 merge_eff_cores=0.01
event=kink_round H=11 col=7 round=stage4 frontier_in=49855 map_wall_s=0.231 map_cpu_s=0.394 merge_wall_s=0.288 merge_cpu_s=0.218 map_units=25 merge_ranges=25 map_eff_cores=1.70 merge_eff_cores=0.76
event=kink_round H=9 col=11 round=stage8 frontier_in=7732 map_wall_s=0.192 map_cpu_s=0.053 merge_wall_s=0.216 merge_cpu_s=0.032 map_units=4 merge_ranges=4 map_eff_cores=0.28 merge_eff_cores=0.15
event=heartbeat H=18 col=1 elapsed_s=17 processed=863232 rate_per_s=49836 steals=0
event=kink_round H=7 col=20 round=stage3 frontier_in=1036 map_wall_s=0.181 map_cpu_s=0.004 merge_wall_s=0.186 merge_cpu_s=0.003 map_units=1 merge_ranges=1 map_eff_cores=0.02 merge_eff_cores=0.02
event=kink_round H=8 col=15 round=stage5 frontier_in=2858 map_wall_s=0.204 map_cpu_s=0.020 merge_wall_s=0.150 merge_cpu_s=0.010 map_units=2 merge_ranges=2 map_eff_cores=0.10 merge_eff_cores=0.07
event=kink_round H=10 col=9 round=stage6 frontier_in=19682 map_wall_s=0.249 map_cpu_s=0.122 merge_wall_s=0.179 merge_cpu_s=0.092 map_units=10 merge_ranges=10 map_eff_cores=0.49 merge_eff_cores=0.51
event=kink_round H=12 col=5 round=stage9 frontier_in=141099 map_wall_s=0.233 map_cpu_s=1.257 merge_wall_s=0.367 merge_cpu_s=0.815 map_units=69 merge_ranges=69 map_eff_cores=5.41 merge_eff_cores=2.22
event=kink_round H=13 col=4 round=stage0 frontier_in=105446 map_wall_s=0.266 map_cpu_s=0.974 merge_wall_s=0.381 merge_cpu_s=0.773 map_units=52 merge_ranges=52 map_eff_cores=3.66 merge_eff_cores=2.03
event=kink_round H=6 col=27 round=stage5 frontier_in=458 map_wall_s=0.197 map_cpu_s=0.002 merge_wall_s=0.264 merge_cpu_s=0.002 map_units=1 merge_ranges=1 map_eff_cores=0.01 merge_eff_cores=0.01
event=kink_round H=5 col=34 round=stage3 frontier_in=19 map_wall_s=0.186 map_cpu_s=0.001 merge_wall_s=0.282 merge_cpu_s=0.001 map_units=1 merge_ranges=1 map_eff_cores=0.01 merge_eff_cores=0.00
event=kink_round H=9 col=11 round=finalize frontier_in=7529 map_wall_s=0.188 map_cpu_s=0.043 merge_wall_s=0.260 merge_cpu_s=0.014 map_units=4 merge_ranges=4 map_eff_cores=0.23 merge_eff_cores=0.05
event=column H=9 col=11 frontier_in=2153 frontier_out=2153 wall_s=3.06 cum_wall_s=201.9 cpu_s=0.6 rss_max_mb=73.0 map_wall_s=1.51 map_cpu_s=0.3 merge_wall_s=1.53 merge_cpu_s=0.2 map_units=37 merge_ranges=35 eff_cores=0.18
event=kink_round H=7 col=20 round=stage4 frontier_in=1113 map_wall_s=0.199 map_cpu_s=0.007 merge_wall_s=0.328 merge_cpu_s=0.003 map_units=1 merge_ranges=1 map_eff_cores=0.04 merge_eff_cores=0.01
event=kink_round H=11 col=7 round=stage5 frontier_in=51728 map_wall_s=0.249 map_cpu_s=0.421 merge_wall_s=0.419 merge_cpu_s=0.240 map_units=26 merge_ranges=26 map_eff_cores=1.69 merge_eff_cores=0.57
event=kink_round H=8 col=15 round=stage6 frontier_in=2920 map_wall_s=0.305 map_cpu_s=0.017 merge_wall_s=0.375 merge_cpu_s=0.011 map_units=2 merge_ranges=2 map_eff_cores=0.06 merge_eff_cores=0.03
event=kink_round H=9 col=12 round=seed frontier_in=2153 map_wall_s=0.350 map_cpu_s=0.017 merge_wall_s=0.000 merge_cpu_s=0.000 map_units=2 merge_ranges=0 map_eff_cores=0.05 merge_eff_cores=0.00
event=kink_round H=10 col=9 round=stage7 frontier_in=19901 map_wall_s=0.312 map_cpu_s=0.137 merge_wall_s=0.374 merge_cpu_s=0.084 map_units=10 merge_ranges=10 map_eff_cores=0.44 merge_eff_cores=0.22
event=kink_round H=14 col=3 round=stage2 frontier_in=644961 map_wall_s=0.835 map_cpu_s=6.085 merge_wall_s=0.814 merge_cpu_s=3.634 map_units=315 merge_ranges=80 map_eff_cores=7.29 merge_eff_cores=4.46
event=kink_round H=5 col=34 round=stage4 frontier_in=19 map_wall_s=0.328 map_cpu_s=0.001 merge_wall_s=0.225 merge_cpu_s=0.000 map_units=1 merge_ranges=1 map_eff_cores=0.00 merge_eff_cores=0.00
event=kink_round H=6 col=27 round=finalize frontier_in=447 map_wall_s=0.339 map_cpu_s=0.002 merge_wall_s=0.224 merge_cpu_s=0.001 map_units=1 merge_ranges=1 map_eff_cores=0.01 merge_eff_cores=0.00
event=column H=6 col=27 frontier_in=131 frontier_out=131 wall_s=2.37 cum_wall_s=204.3 cpu_s=0.0 rss_max_mb=56.8 map_wall_s=1.19 map_cpu_s=0.0 merge_wall_s=1.17 merge_cpu_s=0.0 map_units=8 merge_ranges=7 eff_cores=0.01
event=kink_round H=7 col=20 round=stage5 frontier_in=1130 map_wall_s=0.301 map_cpu_s=0.006 merge_wall_s=0.166 merge_cpu_s=0.003 map_units=1 merge_ranges=1 map_eff_cores=0.02 merge_eff_cores=0.02
event=kink_round H=12 col=5 round=stage10 frontier_in=140628 map_wall_s=0.420 map_cpu_s=1.287 merge_wall_s=0.305 merge_cpu_s=0.603 map_units=69 merge_ranges=69 map_eff_cores=3.06 merge_eff_cores=1.97
event=kink_round H=6 col=28 round=seed frontier_in=131 map_wall_s=0.091 map_cpu_s=0.001 merge_wall_s=0.000 merge_cpu_s=0.000 map_units=1 merge_ranges=0 map_eff_cores=0.01 merge_eff_cores=0.00
event=kink_round H=8 col=15 round=stage7 frontier_in=2997 map_wall_s=0.225 map_cpu_s=0.011 merge_wall_s=0.110 merge_cpu_s=0.006 map_units=2 merge_ranges=2 map_eff_cores=0.05 merge_eff_cores=0.05
event=kink_round H=9 col=12 round=stage0 frontier_in=2153 map_wall_s=0.200 map_cpu_s=0.012 merge_wall_s=0.109 merge_cpu_s=0.008 map_units=2 merge_ranges=2 map_eff_cores=0.06 merge_eff_cores=0.07
event=kink_round H=11 col=7 round=stage6 frontier_in=52427 map_wall_s=0.254 map_cpu_s=0.243 merge_wall_s=0.141 merge_cpu_s=0.163 map_units=26 merge_ranges=26 map_eff_cores=0.96 merge_eff_cores=1.15
event=kink_round H=10 col=9 round=stage8 frontier_in=19909 map_wall_s=0.198 map_cpu_s=0.104 merge_wall_s=0.120 merge_cpu_s=0.063 map_units=10 merge_ranges=10 map_eff_cores=0.52 merge_eff_cores=0.53
event=kink_round H=5 col=34 round=finalize frontier_in=12 map_wall_s=0.091 map_cpu_s=0.000 merge_wall_s=0.105 merge_cpu_s=0.001 map_units=1 merge_ranges=1 map_eff_cores=0.00 merge_eff_cores=0.01
event=column H=5 col=34 frontier_in=8 frontier_out=3 wall_s=2.16 cum_wall_s=206.4 cpu_s=0.0 rss_max_mb=56.8 map_wall_s=1.08 map_cpu_s=0.0 merge_wall_s=1.07 merge_cpu_s=0.0 map_units=7 merge_ranges=6 eff_cores=0.01
event=kink_round H=13 col=4 round=stage1 frontier_in=169474 map_wall_s=0.630 map_cpu_s=1.720 merge_wall_s=0.206 merge_cpu_s=1.029 map_units=83 merge_ranges=80 map_eff_cores=2.73 merge_eff_cores=5.00
event=kink_round H=7 col=20 round=stage6 frontier_in=1170 map_wall_s=0.096 map_cpu_s=0.003 merge_wall_s=0.214 merge_cpu_s=0.002 map_units=1 merge_ranges=1 map_eff_cores=0.03 merge_eff_cores=0.01
event=kink_round H=5 col=35 round=seed frontier_in=3 map_wall_s=0.247 map_cpu_s=0.000 merge_wall_s=0.000 merge_cpu_s=0.000 map_units=1 merge_ranges=0 map_eff_cores=0.00 merge_eff_cores=0.00
event=kink_round H=6 col=28 round=stage0 frontier_in=131 map_wall_s=0.107 map_cpu_s=0.003 merge_wall_s=0.276 merge_cpu_s=0.000 map_units=1 merge_ranges=1 map_eff_cores=0.03 merge_eff_cores=0.00
event=kink_round H=8 col=15 round=finalize frontier_in=2895 map_wall_s=0.087 map_cpu_s=0.008 merge_wall_s=0.276 merge_cpu_s=0.003 map_units=2 merge_ranges=2 map_eff_cores=0.09 merge_eff_cores=0.01
event=column H=8 col=15 frontier_in=825 frontier_out=825 wall_s=3.10 cum_wall_s=209.6 cpu_s=0.2 rss_max_mb=73.0 map_wall_s=1.61 map_cpu_s=0.1 merge_wall_s=1.48 merge_cpu_s=0.1 map_units=17 merge_ranges=16 eff_cores=0.06
event=kink_round H=12 col=5 round=stage11 frontier_in=142690 map_wall_s=0.120 map_cpu_s=0.931 merge_wall_s=0.347 merge_cpu_s=0.549 map_units=70 merge_ranges=70 map_eff_cores=7.75 merge_eff_cores=1.58
event=kink_round H=9 col=12 round=stage1 frontier_in=3472 map_wall_s=0.249 map_cpu_s=0.014 merge_wall_s=0.293 merge_cpu_s=0.012 map_units=2 merge_ranges=2 map_eff_cores=0.06 merge_eff_cores=0.04
event=kink_round H=10 col=9 round=stage9 frontier_in=20222 map_wall_s=0.274 map_cpu_s=0.073 merge_wall_s=0.315 merge_cpu_s=0.050 map_units=10 merge_ranges=10 map_eff_cores=0.27 merge_eff_cores=0.16
event=kink_round H=8 col=16 round=seed frontier_in=825 map_wall_s=0.291 map_cpu_s=0.003 merge_wall_s=0.000 merge_cpu_s=0.000 map_units=1 merge_ranges=0 map_eff_cores=0.01 merge_eff_cores=0.00
event=kink_round H=11 col=7 round=stage7 frontier_in=52569 map_wall_s=0.275 map_cpu_s=0.234 merge_wall_s=0.345 merge_cpu_s=0.164 map_units=26 merge_ranges=26 map_eff_cores=0.85 merge_eff_cores=0.47
event=kink_round H=7 col=20 round=finalize frontier_in=1129 map_wall_s=0.204 map_cpu_s=0.002 merge_wall_s=0.279 merge_cpu_s=0.001 map_units=1 merge_ranges=1 map_eff_cores=0.01 merge_eff_cores=0.00
event=column H=7 col=20 frontier_in=335 frontier_out=335 wall_s=2.86 cum_wall_s=212.4 cpu_s=0.1 rss_max_mb=73.0 map_wall_s=1.30 map_cpu_s=0.0 merge_wall_s=1.56 merge_cpu_s=0.0 map_units=9 merge_ranges=8 eff_cores=0.02
event=kink_round H=5 col=35 round=stage0 frontier_in=3 map_wall_s=0.311 map_cpu_s=0.000 merge_wall_s=0.118 merge_cpu_s=0.001 map_units=1 merge_ranges=1 map_eff_cores=0.00 merge_eff_cores=0.01
event=kink_round H=6 col=28 round=stage1 frontier_in=212 map_wall_s=0.304 map_cpu_s=0.001 merge_wall_s=0.105 merge_cpu_s=0.001 map_units=1 merge_ranges=1 map_eff_cores=0.00 merge_eff_cores=0.01
event=kink_round H=7 col=21 round=seed frontier_in=335 map_wall_s=0.069 map_cpu_s=0.002 merge_wall_s=0.000 merge_cpu_s=0.000 map_units=1 merge_ranges=0 map_eff_cores=0.03 merge_eff_cores=0.00
event=kink_round H=8 col=16 round=stage0 frontier_in=825 map_wall_s=0.106 map_cpu_s=0.004 merge_wall_s=0.083 merge_cpu_s=0.002 map_units=1 merge_ranges=1 map_eff_cores=0.04 merge_eff_cores=0.02
event=kink_round H=6 col=28 round=stage2 frontier_in=341 map_wall_s=0.025 map_cpu_s=0.001 merge_wall_s=0.063 merge_cpu_s=0.001 map_units=1 merge_ranges=1 map_eff_cores=0.04 merge_eff_cores=0.02
event=kink_round H=5 col=35 round=stage1 frontier_in=3 map_wall_s=0.036 map_cpu_s=0.001 merge_wall_s=0.067 merge_cpu_s=0.000 map_units=1 merge_ranges=1 map_eff_cores=0.03 merge_eff_cores=0.00
event=kink_round H=9 col=12 round=stage2 frontier_in=5618 map_wall_s=0.207 map_cpu_s=0.023 merge_wall_s=0.090 merge_cpu_s=0.019 map_units=3 merge_ranges=3 map_eff_cores=0.11 merge_eff_cores=0.21
event=kink_round H=10 col=9 round=finalize frontier_in=19812 map_wall_s=0.136 map_cpu_s=0.071 merge_wall_s=0.093 merge_cpu_s=0.030 map_units=10 merge_ranges=10 map_eff_cores=0.52 merge_eff_cores=0.32
event=column H=10 col=9 frontier_in=5567 frontier_out=5567 wall_s=4.00 cum_wall_s=216.4 cpu_s=1.6 rss_max_mb=73.0 map_wall_s=1.94 map_cpu_s=1.0 merge_wall_s=1.99 merge_cpu_s=0.7 map_units=98 merge_ranges=95 eff_cores=0.41
event=kink_round H=12 col=5 round=finalize frontier_in=141350 map_wall_s=0.304 map_cpu_s=0.645 merge_wall_s=0.129 merge_cpu_s=0.470 map_units=70 merge_ranges=70 map_eff_cores=2.12 merge_eff_cores=3.64
event=kink_round H=13 col=4 round=stage2 frontier_in=274755 map_wall_s=0.640 map_cpu_s=1.680 merge_wall_s=0.154 merge_cpu_s=1.292 map_units=135 merge_ranges=80 map_eff_cores=2.63 merge_eff_cores=8.38
event=kink_round H=18 col=1 round=stage14 frontier_in=4994335 map_wall_s=2.028 map_cpu_s=22.039 merge_wall_s=0.958 merge_cpu_s=8.973 map_units=640 merge_ranges=80 map_eff_cores=10.87 merge_eff_cores=9.37
event=column H=12 col=5 frontier_in=39498 frontier_out=39506 wall_s=6.73 cum_wall_s=223.1 cpu_s=18.6 rss_max_mb=73.0 map_wall_s=2.91 map_cpu_s=11.4 merge_wall_s=3.35 merge_cpu_s=7.2 map_units=800 merge_ranges=780 eff_cores=2.77
event=kink_round H=16 col=2 round=stage3 frontier_in=2601069 map_wall_s=2.074 map_cpu_s=14.877 merge_wall_s=0.719 merge_cpu_s=6.126 map_units=640 merge_ranges=80 map_eff_cores=7.17 merge_eff_cores=8.52
event=kink_round H=11 col=7 round=stage8 frontier_in=52799 map_wall_s=0.106 map_cpu_s=0.250 merge_wall_s=0.157 merge_cpu_s=0.158 map_units=26 merge_ranges=26 map_eff_cores=2.36 merge_eff_cores=1.00
event=kink_round H=7 col=21 round=stage0 frontier_in=335 map_wall_s=0.071 map_cpu_s=0.001 merge_wall_s=0.170 merge_cpu_s=0.001 map_units=1 merge_ranges=1 map_eff_cores=0.01 merge_eff_cores=0.01
event=kink_round H=10 col=10 round=seed frontier_in=5567 map_wall_s=0.170 map_cpu_s=0.018 merge_wall_s=0.000 merge_cpu_s=0.000 map_units=3 merge_ranges=0 map_eff_cores=0.11 merge_eff_cores=0.00
event=kink_round H=5 col=35 round=stage2 frontier_in=3 map_wall_s=0.167 map_cpu_s=0.000 merge_wall_s=0.049 merge_cpu_s=0.000 map_units=1 merge_ranges=1 map_eff_cores=0.00 merge_eff_cores=0.00
event=kink_round H=8 col=16 round=stage1 frontier_in=1328 map_wall_s=0.173 map_cpu_s=0.005 merge_wall_s=0.059 merge_cpu_s=0.005 map_units=1 merge_ranges=1 map_eff_cores=0.03 merge_eff_cores=0.08
event=kink_round H=9 col=12 round=stage3 frontier_in=6682 map_wall_s=0.186 map_cpu_s=0.024 merge_wall_s=0.043 merge_cpu_s=0.019 map_units=4 merge_ranges=4 map_eff_cores=0.13 merge_eff_cores=0.44
event=kink_round H=12 col=6 round=seed frontier_in=39506 map_wall_s=0.140 map_cpu_s=0.225 merge_wall_s=0.000 merge_cpu_s=0.000 map_units=20 merge_ranges=0 map_eff_cores=1.61 merge_eff_cores=0.00
event=kink_round H=6 col=28 round=stage3 frontier_in=402 map_wall_s=0.170 map_cpu_s=0.001 merge_wall_s=0.073 merge_cpu_s=0.001 map_units=1 merge_ranges=1 map_eff_cores=0.01 merge_eff_cores=0.01
event=kink_round H=7 col=21 round=stage1 frontier_in=544 map_wall_s=0.051 map_cpu_s=0.002 merge_wall_s=0.022 merge_cpu_s=0.003 map_units=1 merge_ranges=1 map_eff_cores=0.04 merge_eff_cores=0.13
event=kink_round H=5 col=35 round=stage3 frontier_in=3 map_wall_s=0.022 map_cpu_s=0.001 merge_wall_s=0.005 merge_cpu_s=0.000 map_units=1 merge_ranges=1 map_eff_cores=0.05 merge_eff_cores=0.00
event=kink_round H=8 col=16 round=stage2 frontier_in=2153 map_wall_s=0.007 map_cpu_s=0.011 merge_wall_s=0.019 merge_cpu_s=0.007 map_units=2 merge_ranges=2 map_eff_cores=1.62 merge_eff_cores=0.38
event=kink_round H=10 col=10 round=stage0 frontier_in=5567 map_wall_s=0.048 map_cpu_s=0.030 merge_wall_s=0.025 merge_cpu_s=0.026 map_units=3 merge_ranges=3 map_eff_cores=0.62 merge_eff_cores=1.04
event=kink_round H=5 col=35 round=stage4 frontier_in=2 map_wall_s=0.021 map_cpu_s=0.001 merge_wall_s=0.011 merge_cpu_s=0.001 map_units=1 merge_ranges=1 map_eff_cores=0.05 merge_eff_cores=0.09
event=kink_round H=7 col=21 round=stage2 frontier_in=873 map_wall_s=0.026 map_cpu_s=0.003 merge_wall_s=0.011 merge_cpu_s=0.002 map_units=1 merge_ranges=1 map_eff_cores=0.12 merge_eff_cores=0.18
event=kink_round H=6 col=28 round=stage4 frontier_in=423 map_wall_s=0.024 map_cpu_s=0.001 merge_wall_s=0.015 merge_cpu_s=0.001 map_units=1 merge_ranges=1 map_eff_cores=0.04 merge_eff_cores=0.07
event=kink_round H=9 col=12 round=stage4 frontier_in=7282 map_wall_s=0.021 map_cpu_s=0.029 merge_wall_s=0.028 merge_cpu_s=0.023 map_units=4 merge_ranges=4 map_eff_cores=1.41 merge_eff_cores=0.83
event=kink_round H=11 col=7 round=stage9 frontier_in=52650 map_wall_s=0.123 map_cpu_s=0.255 merge_wall_s=0.048 merge_cpu_s=0.190 map_units=26 merge_ranges=26 map_eff_cores=2.08 merge_eff_cores=3.94
event=kink_round H=5 col=35 round=finalize frontier_in=1 map_wall_s=0.028 map_cpu_s=0.000 merge_wall_s=0.000 merge_cpu_s=0.000 map_units=0 merge_ranges=0 map_eff_cores=0.00 merge_eff_cores=0.00
event=column H=5 col=35 frontier_in=3 frontier_out=0 wall_s=1.08 cum_wall_s=224.2 cpu_s=0.0 rss_max_mb=73.0 map_wall_s=0.83 map_cpu_s=0.0 merge_wall_s=0.25 merge_cpu_s=0.0 map_units=6 merge_ranges=5 eff_cores=0.00
event=kink_round H=8 col=16 round=stage3 frontier_in=2568 map_wall_s=0.025 map_cpu_s=0.012 merge_wall_s=0.085 merge_cpu_s=0.006 map_units=2 merge_ranges=2 map_eff_cores=0.48 merge_eff_cores=0.07
event=kink_round H=14 col=3 round=stage3 frontier_in=768281 map_wall_s=0.968 map_cpu_s=4.456 merge_wall_s=0.439 merge_cpu_s=3.082 map_units=376 merge_ranges=80 map_eff_cores=4.60 merge_eff_cores=7.03
event=kink_round H=15 col=2 round=stage8 frontier_in=1539615 map_wall_s=2.037 map_cpu_s=9.087 merge_wall_s=0.477 merge_cpu_s=4.537 map_units=640 merge_ranges=80 map_eff_cores=4.46 merge_eff_cores=9.51
event=kink_round H=12 col=6 round=stage0 frontier_in=39506 map_wall_s=0.043 map_cpu_s=0.233 merge_wall_s=0.186 merge_cpu_s=0.178 map_units=20 merge_ranges=20 map_eff_cores=5.40 merge_eff_cores=0.96
event=kink_round H=10 col=10 round=stage1 frontier_in=8947 map_wall_s=0.030 map_cpu_s=0.053 merge_wall_s=0.193 merge_cpu_s=0.037 map_units=5 merge_ranges=5 map_eff_cores=1.75 merge_eff_cores=0.19
event=kink_round H=7 col=21 round=stage3 frontier_in=1036 map_wall_s=0.030 map_cpu_s=0.003 merge_wall_s=0.181 merge_cpu_s=0.002 map_units=1 merge_ranges=1 map_eff_cores=0.10 merge_eff_cores=0.01
event=kink_round H=6 col=28 round=stage5 frontier_in=458 map_wall_s=0.102 map_cpu_s=0.001 merge_wall_s=0.130 merge_cpu_s=0.001 map_units=1 merge_ranges=1 map_eff_cores=0.01 merge_eff_cores=0.01
event=kink_round H=13 col=4 round=stage3 frontier_in=323992 map_wall_s=0.181 map_cpu_s=2.185 merge_wall_s=0.279 merge_cpu_s=1.477 map_units=159 merge_ranges=80 map_eff_cores=12.04 merge_eff_cores=5.30
event=kink_round H=9 col=12 round=stage5 frontier_in=7502 map_wall_s=0.184 map_cpu_s=0.029 merge_wall_s=0.113 merge_cpu_s=0.020 map_units=4 merge_ranges=4 map_eff_cores=0.16 merge_eff_cores=0.18
event=kink_round H=8 col=16 round=stage4 frontier_in=2795 map_wall_s=0.145 map_cpu_s=0.011 merge_wall_s=0.117 merge_cpu_s=0.007 map_units=2 merge_ranges=2 map_eff_cores=0.08 merge_eff_cores=0.06
event=kink_round H=11 col=7 round=stage10 frontier_in=53453 map_wall_s=0.203 map_cpu_s=0.255 merge_wall_s=0.140 merge_cpu_s=0.180 map_units=27 merge_ranges=27 map_eff_cores=1.26 merge_eff_cores=1.29
event=kink_round H=7 col=21 round=stage4 frontier_in=1113 map_wall_s=0.105 map_cpu_s=0.004 merge_wall_s=0.098 merge_cpu_s=0.002 map_units=1 merge_ranges=1 map_eff_cores=0.04 merge_eff_cores=0.02
event=kink_round H=10 col=10 round=stage2 frontier_in=14518 map_wall_s=0.109 map_cpu_s=0.071 merge_wall_s=0.128 merge_cpu_s=0.048 map_units=8 merge_ranges=8 map_eff_cores=0.65 merge_eff_cores=0.38
event=kink_round H=6 col=28 round=finalize frontier_in=447 map_wall_s=0.105 map_cpu_s=0.001 merge_wall_s=0.121 merge_cpu_s=0.001 map_units=1 merge_ranges=1 map_eff_cores=0.01 merge_eff_cores=0.01
event=column H=6 col=28 frontier_in=131 frontier_out=131 wall_s=1.71 cum_wall_s=225.9 cpu_s=0.0 rss_max_mb=73.0 map_wall_s=0.93 map_cpu_s=0.0 merge_wall_s=0.78 merge_cpu_s=0.0 map_units=8 merge_ranges=7 eff_cores=0.01
event=kink_round H=12 col=6 round=stage1 frontier_in=63502 map_wall_s=0.112 map_cpu_s=0.425 merge_wall_s=0.166 merge_cpu_s=0.329 map_units=32 merge_ranges=32 map_eff_cores=3.79 merge_eff_cores=1.98
event=kink_round H=9 col=12 round=stage6 frontier_in=7569 map_wall_s=0.118 map_cpu_s=0.028 merge_wall_s=0.114 merge_cpu_s=0.028 map_units=4 merge_ranges=4 map_eff_cores=0.24 merge_eff_cores=0.25
event=kink_round H=6 col=29 round=seed frontier_in=131 map_wall_s=0.121 map_cpu_s=0.003 merge_wall_s=0.000 merge_cpu_s=0.000 map_units=1 merge_ranges=0 map_eff_cores=0.02 merge_eff_cores=0.00
event=kink_round H=8 col=16 round=stage5 frontier_in=2858 map_wall_s=0.117 map_cpu_s=0.010 merge_wall_s=0.125 merge_cpu_s=0.006 map_units=2 merge_ranges=2 map_eff_cores=0.09 merge_eff_cores=0.05
event=kink_round H=7 col=21 round=stage5 frontier_in=1130 map_wall_s=0.104 map_cpu_s=0.004 merge_wall_s=0.115 merge_cpu_s=0.002 map_units=1 merge_ranges=1 map_eff_cores=0.04 merge_eff_cores=0.02
event=kink_round H=11 col=7 round=finalize frontier_in=52683 map_wall_s=0.120 map_cpu_s=0.388 merge_wall_s=0.161 merge_cpu_s=0.132 map_units=26 merge_ranges=26 map_eff_cores=3.23 merge_eff_cores=0.82
event=column H=11 col=7 frontier_in=14826 frontier_out=14826 wall_s=4.70 cum_wall_s=230.6 cpu_s=5.2 rss_max_mb=73.0 map_wall_s=2.16 map_cpu_s=3.2 merge_wall_s=2.27 merge_cpu_s=2.0 map_units=278 merge_ranges=270 eff_cores=1.12
event=kink_round H=17 col=1 round=finalize frontier_in=4983174 map_wall_s=2.058 map_cpu_s=17.169 merge_wall_s=0.780 merge_cpu_s=7.824 map_units=640 merge_ranges=80 map_eff_cores=8.34 merge_eff_cores=10.03
event=kink_round H=10 col=10 round=stage3 frontier_in=17220 map_wall_s=0.170 map_cpu_s=0.103 merge_wall_s=0.130 merge_cpu_s=0.052 map_units=9 merge_ranges=9 map_eff_cores=0.61 merge_eff_cores=0.40
event=kink_round H=6 col=29 round=stage0 frontier_in=131 map_wall_s=0.096 map_cpu_s=0.004 merge_wall_s=0.093 merge_cpu_s=0.002 map_units=1 merge_ranges=1 map_eff_cores=0.04 merge_eff_cores=0.02
event=kink_round H=9 col=12 round=stage7 frontier_in=7596 map_wall_s=0.119 map_cpu_s=0.047 merge_wall_s=0.123 merge_cpu_s=0.025 map_units=4 merge_ranges=4 map_eff_cores=0.40 merge_eff_cores=0.20
event=kink_round H=12 col=6 round=stage2 frontier_in=102880 map_wall_s=0.145 map_cpu_s=0.681 merge_wall_s=0.185 merge_cpu_s=0.499 map_units=51 merge_ranges=51 map_eff_cores=4.69 merge_eff_cores=2.70
event=kink_round H=8 col=16 round=stage6 frontier_in=2920 map_wall_s=0.107 map_cpu_s=0.013 merge_wall_s=0.124 merge_cpu_s=0.006 map_units=2 merge_ranges=2 map_eff_cores=0.12 merge_eff_cores=0.05
event=kink_round H=11 col=8 round=seed frontier_in=14826 map_wall_s=0.127 map_cpu_s=0.064 merge_wall_s=0.000 merge_cpu_s=0.000 map_units=8 merge_ranges=0 map_eff_cores=0.50 merge_eff_cores=0.00
event=kink_round H=7 col=21 round=stage6 frontier_in=1170 map_wall_s=0.092 map_cpu_s=0.003 merge_wall_s=0.118 merge_cpu_s=0.002 map_units=1 merge_ranges=1 map_eff_cores=0.03 merge_eff_cores=0.02
event=kink_round H=6 col=29 round=stage1 frontier_in=211 map_wall_s=0.094 map_cpu_s=0.001 merge_wall_s=0.077 merge_cpu_s=0.002 map_units=1 merge_ranges=1 map_eff_cores=0.01 merge_eff_cores=0.03
event=kink_round H=9 col=12 round=stage8 frontier_in=7732 map_wall_s=0.099 map_cpu_s=0.043 merge_wall_s=0.069 merge_cpu_s=0.023 map_units=4 merge_ranges=4 map_eff_cores=0.43 merge_eff_cores=0.33
event=kink_round H=13 col=4 round=stage4 frontier_in=352690 map_wall_s=0.370 map_cpu_s=2.696 merge_wall_s=0.283 merge_cpu_s=1.558 map_units=173 merge_ranges=80 map_eff_cores=7.29 merge_eff_cores=5.50
event=kink_round H=10 col=10 round=stage4 frontier_in=18804 map_wall_s=0.130 map_cpu_s=0.098 merge_wall_s=0.089 merge_cpu_s=0.063 map_units=10 merge_ranges=10 map_eff_cores=0.75 merge_eff_cores=0.71
event=column H=17 col=1 frontier_in=65791 frontier_out=1942129 wall_s=20.80 cum_wall_s=251.4 cpu_s=146.6 rss_max_mb=73.0 map_wall_s=10.93 map_cpu_s=92.8 merge_wall_s=7.92 merge_cpu_s=53.8 map_units=7285 merge_ranges=1378 eff_cores=7.05
event=kink_round H=8 col=16 round=stage7 frontier_in=2997 map_wall_s=0.099 map_cpu_s=0.011 merge_wall_s=0.093 merge_cpu_s=0.006 map_units=2 merge_ranges=2 map_eff_cores=0.11 merge_eff_cores=0.06
event=kink_round H=7 col=21 round=finalize frontier_in=1129 map_wall_s=0.086 map_cpu_s=0.003 merge_wall_s=0.097 merge_cpu_s=0.001 map_units=1 merge_ranges=1 map_eff_cores=0.03 merge_eff_cores=0.01
event=column H=7 col=21 frontier_in=335 frontier_out=335 wall_s=1.45 cum_wall_s=252.9 cpu_s=0.0 rss_max_mb=56.8 map_wall_s=0.64 map_cpu_s=0.0 merge_wall_s=0.81 merge_cpu_s=0.0 map_units=9 merge_ranges=8 eff_cores=0.03
event=kink_round H=11 col=8 round=stage0 frontier_in=14826 map_wall_s=0.101 map_cpu_s=0.087 merge_wall_s=0.122 merge_cpu_s=0.072 map_units=8 merge_ranges=8 map_eff_cores=0.86 merge_eff_cores=0.59
event=kink_round H=12 col=6 round=stage3 frontier_in=121352 map_wall_s=0.129 map_cpu_s=0.901 merge_wall_s=0.154 merge_cpu_s=0.524 map_units=60 merge_ranges=60 map_eff_cores=7.00 merge_eff_cores=3.41
event=kink_round H=14 col=3 round=stage4 frontier_in=837418 map_wall_s=0.689 map_cpu_s=6.034 merge_wall_s=0.273 merge_cpu_s=3.526 map_units=409 merge_ranges=80 map_eff_cores=8.76 merge_eff_cores=12.93
event=kink_round H=7 col=22 round=seed frontier_in=335 map_wall_s=0.170 map_cpu_s=0.001 merge_wall_s=0.000 merge_cpu_s=0.000 map_units=1 merge_ranges=0 map_eff_cores=0.01 merge_eff_cores=0.00
event=kink_round H=6 col=29 round=stage2 frontier_in=340 map_wall_s=0.098 map_cpu_s=0.001 merge_wall_s=0.165 merge_cpu_s=0.001 map_units=1 merge_ranges=1 map_eff_cores=0.01 merge_eff_cores=0.01
event=kink_round H=9 col=12 round=finalize frontier_in=7529 map_wall_s=0.106 map_cpu_s=0.021 merge_wall_s=0.155 merge_cpu_s=0.011 map_units=4 merge_ranges=4 map_eff_cores=0.20 merge_eff_cores=0.07
event=column H=9 col=12 frontier_in=2153 frontier_out=2153 wall_s=3.00 cum_wall_s=255.9 cpu_s=0.5 rss_max_mb=73.0 map_wall_s=1.84 map_cpu_s=0.3 merge_wall_s=1.14 merge_cpu_s=0.2 map_units=37 merge_ranges=35 eff_cores=0.16
event=kink_round H=10 col=10 round=stage5 frontier_in=19508 map_wall_s=0.109 map_cpu_s=0.087 merge_wall_s=0.154 merge_cpu_s=0.059 map_units=10 merge_ranges=10 map_eff_cores=0.79 merge_eff_cores=0.38
event=kink_round H=8 col=16 round=finalize frontier_in=2895 map_wall_s=0.182 map_cpu_s=0.008 merge_wall_s=0.206 merge_cpu_s=0.004 map_units=2 merge_ranges=2 map_eff_cores=0.04 merge_eff_cores=0.02
event=column H=8 col=16 frontier_in=825 frontier_out=825 wall_s=2.17 cum_wall_s=258.1 cpu_s=0.1 rss_max_mb=56.8 map_wall_s=1.25 map_cpu_s=0.1 merge_wall_s=0.91 merge_cpu_s=0.0 map_units=17 merge_ranges=16 eff_cores=0.06
event=kink_round H=9 col=13 round=seed frontier_in=2153 map_wall_s=0.194 map_cpu_s=0.007 merge_wall_s=0.000 merge_cpu_s=0.000 map_units=2 merge_ranges=0 map_eff_cores=0.04 merge_eff_cores=0.00
event=kink_round H=11 col=8 round=stage1 frontier_in=23855 map_wall_s=0.176 map_cpu_s=0.124 merge_wall_s=0.226 merge_cpu_s=0.118 map_units=12 merge_ranges=12 map_eff_cores=0.70 merge_eff_cores=0.52
event=kink_round H=16 col=2 round=stage4 frontier_in=2879312 map_wall_s=1.005 map_cpu_s=12.800 merge_wall_s=0.529 merge_cpu_s=6.629 map_units=640 merge_ranges=80 map_eff_cores=12.73 merge_eff_cores=12.54
event=kink_round H=7 col=22 round=stage0 frontier_in=335 map_wall_s=0.203 map_cpu_s=0.001 merge_wall_s=0.123 merge_cpu_s=0.001 map_units=1 merge_ranges=1 map_eff_cores=0.00 merge_eff_cores=0.01
event=kink_round H=6 col=29 round=stage3 frontier_in=400 map_wall_s=0.205 map_cpu_s=0.001 merge_wall_s=0.126 merge_cpu_s=0.001 map_units=1 merge_ranges=1 map_eff_cores=0.00 merge_eff_cores=0.01
event=kink_round H=8 col=17 round=seed frontier_in=825 map_wall_s=0.126 map_cpu_s=0.003 merge_wall_s=0.000 merge_cpu_s=0.000 map_units=1 merge_ranges=0 map_eff_cores=0.02 merge_eff_cores=0.00
event=kink_round H=12 col=6 round=stage4 frontier_in=132241 map_wall_s=0.158 map_cpu_s=0.779 merge_wall_s=0.344 merge_cpu_s=0.511 map_units=65 merge_ranges=65 map_eff_cores=4.92 merge_eff_cores=1.49
event=kink_round H=9 col=13 round=stage0 frontier_in=2153 map_wall_s=0.144 map_cpu_s=0.014 merge_wall_s=0.094 merge_cpu_s=0.013 map_units=2 merge_ranges=2 map_eff_cores=0.10 merge_eff_cores=0.14
event=kink_round H=10 col=10 round=stage6 frontier_in=19682 map_wall_s=0.214 map_cpu_s=0.082 merge_wall_s=0.207 merge_cpu_s=0.093 map_units=10 merge_ranges=10 map_eff_cores=0.38 merge_eff_cores=0.45
event=kink_round H=7 col=22 round=stage1 frontier_in=544 map_wall_s=0.102 map_cpu_s=0.004 merge_wall_s=0.065 merge_cpu_s=0.004 map_units=1 merge_ranges=1 map_eff_cores=0.04 merge_eff_cores=0.06
event=kink_round H=6 col=29 round=stage4 frontier_in=421 map_wall_s=0.095 map_cpu_s=0.003 merge_wall_s=0.073 merge_cpu_s=0.002 map_units=1 merge_ranges=1 map_eff_cores=0.03 merge_eff_cores=0.03
event=kink_round H=8 col=17 round=stage0 frontier_in=825 map_wall_s=0.107 map_cpu_s=0.007 merge_wall_s=0.062 merge_cpu_s=0.006 map_units=1 merge_ranges=1 map_eff_cores=0.07 merge_eff_cores=0.10
event=kink_round H=9 col=13 round=stage1 frontier_in=3472 map_wall_s=0.084 map_cpu_s=0.027 merge_wall_s=0.341 merge_cpu_s=0.021 map_units=2 merge_ranges=2 map_eff_cores=0.32 merge_eff_cores=0.06
event=kink_round H=7 col=22 round=stage2 frontier_in=873 map_wall_s=0.158 map_cpu_s=0.004 merge_wall_s=0.242 merge_cpu_s=0.004 map_units=1 merge_ranges=1 map_eff_cores=0.03 merge_eff_cores=0.02
event=kink_round H=11 col=8 round=stage2 frontier_in=38640 map_wall_s=0.243 map_cpu_s=0.332 merge_wall_s=0.408 merge_cpu_s=0.242 map_units=19 merge_ranges=19 map_eff_cores=1.37 merge_eff_cores=0.59
event=kink_round H=8 col=17 round=stage1 frontier_in=1328 map_wall_s=0.165 map_cpu_s=0.008 merge_wall_s=0.258 merge_cpu_s=0.006 map_units=1 merge_ranges=1 map_eff_cores=0.05 merge_eff_cores=0.02
event=kink_round H=6 col=29 round=stage5 frontier_in=458 map_wall_s=0.197 map_cpu_s=0.005 merge_wall_s=0.227 merge_cpu_s=0.002 map_units=1 merge_ranges=1 map_eff_cores=0.03 merge_eff_cores=0.01
event=kink_round H=10 col=10 round=stage7 frontier_in=19901 map_wall_s=0.394 map_cpu_s=0.133 merge_wall_s=0.186 merge_cpu_s=0.079 map_units=10 merge_ranges=10 map_eff_cores=0.34 merge_eff_cores=0.43
event=kink_round H=13 col=4 round=stage5 frontier_in=366355 map_wall_s=0.631 map_cpu_s=2.212 merge_wall_s=0.669 merge_cpu_s=2.287 map_units=179 merge_ranges=80 map_eff_cores=3.51 merge_eff_cores=3.42
event=kink_round H=12 col=6 round=stage5 frontier_in=137385 map_wall_s=0.324 map_cpu_s=1.177 merge_wall_s=0.347 merge_cpu_s=0.814 map_units=68 merge_ranges=68 map_eff_cores=3.63 merge_eff_cores=2.34
event=kink_round H=7 col=22 round=stage3 frontier_in=1036 map_wall_s=0.160 map_cpu_s=0.005 merge_wall_s=0.121 merge_cpu_s=0.003 map_units=1 merge_ranges=1 map_eff_cores=0.03 merge_eff_cores=0.02
event=kink_round H=9 col=13 round=stage2 frontier_in=5618 map_wall_s=0.187 map_cpu_s=0.042 merge_wall_s=0.142 merge_cpu_s=0.023 map_units=3 merge_ranges=3 map_eff_cores=0.22 merge_eff_cores=0.16
event=kink_round H=6 col=29 round=finalize frontier_in=445 map_wall_s=0.180 map_cpu_s=0.002 merge_wall_s=0.104 merge_cpu_s=0.001 map_units=1 merge_ranges=1 map_eff_cores=0.01 merge_eff_cores=0.01
event=column H=6 col=29 frontier_in=131 frontier_out=130 wall_s=1.96 cum_wall_s=260.0 cpu_s=0.0 rss_max_mb=52.8 map_wall_s=1.09 map_cpu_s=0.0 merge_wall_s=0.87 merge_cpu_s=0.0 map_units=8 merge_ranges=7 eff_cores=0.02
event=kink_round H=8 col=17 round=stage2 frontier_in=2153 map_wall_s=0.198 map_cpu_s=0.013 merge_wall_s=0.146 merge_cpu_s=0.010 map_units=2 merge_ranges=2 map_eff_cores=0.07 merge_eff_cores=0.07
event=kink_round H=6 col=30 round=seed frontier_in=130 map_wall_s=0.120 map_cpu_s=0.001 merge_wall_s=0.000 merge_cpu_s=0.000 map_units=1 merge_ranges=0 map_eff_cores=0.01 merge_eff_cores=0.00
event=kink_round H=15 col=2 round=stage9 frontier_in=1654684 map_wall_s=1.022 map_cpu_s=8.992 merge_wall_s=1.350 merge_cpu_s=5.040 map_units=640 merge_ranges=80 map_eff_cores=8.80 merge_eff_cores=3.73
event=kink_round H=11 col=8 round=stage3 frontier_in=45710 map_wall_s=0.246 map_cpu_s=0.401 merge_wall_s=0.183 merge_cpu_s=0.232 map_units=23 merge_ranges=23 map_eff_cores=1.63 merge_eff_cores=1.27
event=kink_round H=17 col=2 round=seed frontier_in=1942129 map_wall_s=1.575 map_cpu_s=9.961 merge_wall_s=0.000 merge_cpu_s=0.000 map_units=640 merge_ranges=0 map_eff_cores=6.32 merge_eff_cores=0.00
event=kink_round H=7 col=22 round=stage4 frontier_in=1113 map_wall_s=0.102 map_cpu_s=0.004 merge_wall_s=0.102 merge_cpu_s=0.003 map_units=1 merge_ranges=1 map_eff_cores=0.04 merge_eff_cores=0.03
event=kink_round H=10 col=10 round=stage8 frontier_in=19909 map_wall_s=0.166 map_cpu_s=0.143 merge_wall_s=0.140 merge_cpu_s=0.078 map_units=10 merge_ranges=10 map_eff_cores=0.86 merge_eff_cores=0.56
event=kink_round H=9 col=13 round=stage3 frontier_in=6682 map_wall_s=0.174 map_cpu_s=0.049 merge_wall_s=0.205 merge_cpu_s=0.020 map_units=4 merge_ranges=4 map_eff_cores=0.28 merge_eff_cores=0.10
event=kink_round H=8 col=17 round=stage3 frontier_in=2568 map_wall_s=0.113 map_cpu_s=0.015 merge_wall_s=0.207 merge_cpu_s=0.007 map_units=2 merge_ranges=2 map_eff_cores=0.13 merge_eff_cores=0.03
event=kink_round H=18 col=1 round=stage15 frontier_in=6082842 map_wall_s=1.166 map_cpu_s=21.313 merge_wall_s=1.761 merge_cpu_s=11.133 map_units=640 merge_ranges=80 map_eff_cores=18.27 merge_eff_cores=6.32
event=kink_round H=12 col=6 round=stage6 frontier_in=139597 map_wall_s=0.222 map_cpu_s=1.322 merge_wall_s=0.396 merge_cpu_s=0.794 map_units=69 merge_ranges=69 map_eff_cores=5.95 merge_eff_cores=2.00
event=kink_round H=6 col=30 round=stage0 frontier_in=130 map_wall_s=0.218 map_cpu_s=0.001 merge_wall_s=0.294 merge_cpu_s=0.000 map_units=1 merge_ranges=1 map_eff_cores=0.00 merge_eff_cores=0.00
event=kink_round H=7 col=22 round=stage5 frontier_in=1130 map_wall_s=0.209 map_cpu_s=0.004 merge_wall_s=0.281 merge_cpu_s=0.002 map_units=1 merge_ranges=1 map_eff_cores=0.02 merge_eff_cores=0.01
event=heartbeat H=15 col=2 elapsed_s=17 processed=693248 rate_per_s=40023 steals=0
event=kink_round H=10 col=10 round=stage9 frontier_in=20222 map_wall_s=0.308 map_cpu_s=0.128 merge_wall_s=0.321 merge_cpu_s=0.077 map_units=10 merge_ranges=10 map_eff_cores=0.42 merge_eff_cores=0.24
event=kink_round H=14 col=3 round=stage5 frontier_in=871693 map_wall_s=1.203 map_cpu_s=8.425 merge_wall_s=0.833 merge_cpu_s=4.939 map_units=426 merge_ranges=80 map_eff_cores=7.00 merge_eff_cores=5.93
event=kink_round H=8 col=17 round=stage4 frontier_in=2795 map_wall_s=0.288 map_cpu_s=0.013 merge_wall_s=0.198 merge_cpu_s=0.010 map_units=2 merge_ranges=2 map_eff_cores=0.05 merge_eff_cores=0.05
event=kink_round H=9 col=13 round=stage4 frontier_in=7282 map_wall_s=0.292 map_cpu_s=0.037 merge_wall_s=0.214 merge_cpu_s=0.028 map_units=4 merge_ranges=4 map_eff_cores=0.13 merge_eff_cores=0.13
event=kink_round H=11 col=8 round=stage4 frontier_in=49855 map_wall_s=0.267 map_cpu_s=0.394 merge_wall_s=0.426 merge_cpu_s=0.253 map_units=25 merge_ranges=25 map_eff_cores=1.48 merge_eff_cores=0.59
event=kink_round H=6 col=30 round=stage1 frontier_in=208 map_wall_s=0.207 map_cpu_s=0.002 merge_wall_s=0.235 merge_cpu_s=0.001 map_units=1 merge_ranges=1 map_eff_cores=0.01 merge_eff_cores=0.00
event=kink_round H=7 col=22 round=stage6 frontier_in=1170 map_wall_s=0.210 map_cpu_s=0.007 merge_wall_s=0.242 merge_cpu_s=0.003 map_units=1 merge_ranges=1 map_eff_cores=0.03 merge_eff_cores=0.01
event=kink_round H=13 col=4 round=stage6 frontier_in=372417 map_wall_s=0.823 map_cpu_s=3.966 merge_wall_s=0.577 merge_cpu_s=2.236 map_units=182 merge_ranges=80 map_eff_cores=4.82 merge_eff_cores=3.87
event=kink_round H=12 col=6 round=stage7 frontier_in=140142 map_wall_s=0.288 map_cpu_s=1.271 merge_wall_s=0.516 merge_cpu_s=0.643 map_units=69 merge_ranges=69 map_eff_cores=4.41 merge_eff_cores=1.25
event=kink_round H=8 col=17 round=stage5 frontier_in=2858 map_wall_s=0.262 map_cpu_s=0.015 merge_wall_s=0.359 merge_cpu_s=0.006 map_units=2 merge_ranges=2 map_eff_cores=0.06 merge_eff_cores=0.02
event=kink_round H=10 col=10 round=finalize frontier_in=19812 map_wall_s=0.277 map_cpu_s=0.134 merge_wall_s=0.362 merge_cpu_s=0.031 map_units=10 merge_ranges=10 map_eff_cores=0.48 merge_eff_cores=0.09
event=column H=10 col=10 frontier_in=5567 frontier_out=5567 wall_s=4.18 cum_wall_s=264.2 cpu_s=1.7 rss_max_mb=73.0 map_wall_s=2.12 map_cpu_s=1.1 merge_wall_s=1.93 merge_cpu_s=0.6 map_units=98 merge_ranges=95 eff_cores=0.41
event=kink_round H=9 col=13 round=stage5 frontier_in=7502 map_wall_s=0.272 map_cpu_s=0.052 merge_wall_s=0.353 merge_cpu_s=0.018 map_units=4 merge_ranges=4 map_eff_cores=0.19 merge_eff_cores=0.05
event=kink_round H=11 col=8 round=stage5 frontier_in=51728 map_wall_s=0.451 map_cpu_s=0.423 merge_wall_s=0.210 merge_cpu_s=0.174 map_units=26 merge_ranges=26 map_eff_cores=0.94 merge_eff_cores=0.83
event=kink_round H=6 col=30 round=stage2 frontier_in=334 map_wall_s=0.382 map_cpu_s=0.001 merge_wall_s=0.162 merge_cpu_s=0.001 map_units=1 merge_ranges=1 map_eff_cores=0.00 merge_eff_cores=0.01
event=kink_round H=7 col=22 round=finalize frontier_in=1129 map_wall_s=0.352 map_cpu_s=0.003 merge_wall_s=0.159 merge_cpu_s=0.001 map_units=1 merge_ranges=1 map_eff_cores=0.01 merge_eff_cores=0.01
event=column H=7 col=22 frontier_in=335 frontier_out=335 wall_s=3.01 cum_wall_s=267.2 cpu_s=0.1 rss_max_mb=73.0 map_wall_s=1.67 map_cpu_s=0.0 merge_wall_s=1.33 merge_cpu_s=0.0 map_units=9 merge_ranges=8 eff_cores=0.02
event=kink_round H=10 col=11 round=seed frontier_in=5567 map_wall_s=0.141 map_cpu_s=0.020 merge_wall_s=0.000 merge_cpu_s=0.000 map_units=3 merge_ranges=0 map_eff_cores=0.14 merge_eff_cores=0.00
event=kink_round H=7 col=23 round=seed frontier_in=335 map_wall_s=0.139 map_cpu_s=0.002 merge_wall_s=0.000 merge_cpu_s=0.000 map_units=1 merge_ranges=0 map_eff_cores=0.01 merge_eff_cores=0.00
event=kink_round H=8 col=17 round=stage6 frontier_in=2920 map_wall_s=0.148 map_cpu_s=0.010 merge_wall_s=0.159 merge_cpu_s=0.008 map_units=2 merge_ranges=2 map_eff_cores=0.07 merge_eff_cores=0.05
event=kink_round H=9 col=13 round=stage6 frontier_in=7569 map_wall_s=0.137 map_cpu_s=0.028 merge_wall_s=0.153 merge_cpu_s=0.021 map_units=4 merge_ranges=4 map_eff_cores=0.20 merge_eff_cores=0.14
event=kink_round H=12 col=6 round=stage8 frontier_in=140687 map_wall_s=0.163 map_cpu_s=0.785 merge_wall_s=0.177 merge_cpu_s=0.559 map_units=69 merge_ranges=69 map_eff_cores=4.82 merge_eff_cores=3.16
event=kink_round H=6 col=30 round=stage3 frontier_in=394 map_wall_s=0.127 map_cpu_s=0.002 merge_wall_s=0.301 merge_cpu_s=0.001 map_units=1 merge_ranges=1 map_eff_cores=0.02 merge_eff_cores=0.00
event=kink_round H=11 col=8 round=stage6 frontier_in=52427 map_wall_s=0.159 map_cpu_s=0.311 merge_wall_s=0.373 merge_cpu_s=0.160 map_units=26 merge_ranges=26 map_eff_cores=1.96 merge_eff_cores=0.43
event=kink_round H=10 col=11 round=stage0 frontier_in=5567 map_wall_s=0.168 map_cpu_s=0.029 merge_wall_s=0.369 merge_cpu_s=0.022 map_units=3 merge_ranges=3 map_eff_cores=0.17 merge_eff_cores=0.06
event=kink_round H=7 col=23 round=stage0 frontier_in=335 map_wall_s=0.314 map_cpu_s=0.001 merge_wall_s=0.196 merge_cpu_s=0.001 map_units=1 merge_ranges=1 map_eff_cores=0.00 merge_eff_cores=0.01
event=kink_round H=8 col=17 round=stage7 frontier_in=2997 map_wall_s=0.347 map_cpu_s=0.009 merge_wall_s=0.196 merge_cpu_s=0.006 map_units=2 merge_ranges=2 map_eff_cores=0.03 merge_eff_cores=0.03
event=kink_round H=9 col=13 round=stage7 frontier_in=7596 map_wall_s=0.358 map_cpu_s=0.028 merge_wall_s=0.205 merge_cpu_s=0.020 map_units=4 merge_ranges=4 map_eff_cores=0.08 merge_eff_cores=0.10
event=kink_round H=6 col=30 round=stage4 frontier_in=411 map_wall_s=0.190 map_cpu_s=0.001 merge_wall_s=0.197 merge_cpu_s=0.000 map_units=1 merge_ranges=1 map_eff_cores=0.01 merge_eff_cores=0.00
event=kink_round H=16 col=2 round=stage5 frontier_in=3068397 map_wall_s=2.377 map_cpu_s=19.359 merge_wall_s=0.838 merge_cpu_s=7.425 map_units=640 merge_ranges=80 map_eff_cores=8.14 merge_eff_cores=8.86
event=kink_round H=13 col=4 round=stage7 frontier_in=375097 map_wall_s=0.683 map_cpu_s=2.290 merge_wall_s=0.361 merge_cpu_s=1.546 map_units=184 merge_ranges=80 map_eff_cores=3.35 merge_eff_cores=4.28
event=kink_round H=12 col=6 round=stage9 frontier_in=141099 map_wall_s=0.374 map_cpu_s=0.750 merge_wall_s=0.327 merge_cpu_s=0.534 map_units=69 merge_ranges=69 map_eff_cores=2.00 merge_eff_cores=1.64
event=kink_round H=10 col=11 round=stage1 frontier_in=8947 map_wall_s=0.188 map_cpu_s=0.042 merge_wall_s=0.240 merge_cpu_s=0.037 map_units=5 merge_ranges=5 map_eff_cores=0.22 merge_eff_cores=0.15
event=kink_round H=11 col=8 round=stage7 frontier_in=52569 map_wall_s=0.211 map_cpu_s=0.248 merge_wall_s=0.237 merge_cpu_s=0.162 map_units=26 merge_ranges=26 map_eff_cores=1.17 merge_eff_cores=0.68
event=kink_round H=7 col=23 round=stage1 frontier_in=544 map_wall_s=0.230 map_cpu_s=0.002 merge_wall_s=0.123 merge_cpu_s=0.002 map_units=1 merge_ranges=1 map_eff_cores=0.01 merge_eff_cores=0.02
event=kink_round H=8 col=17 round=finalize frontier_in=2895 map_wall_s=0.238 map_cpu_s=0.008 merge_wall_s=0.097 merge_cpu_s=0.003 map_units=2 merge_ranges=2 map_eff_cores=0.03 merge_eff_cores=0.03
event=column H=8 col=17 frontier_in=825 frontier_out=825 wall_s=3.68 cum_wall_s=270.9 cpu_s=0.2 rss_max_mb=73.0 map_wall_s=1.99 map_cpu_s=0.1 merge_wall_s=1.68 merge_cpu_s=0.1 map_units=17 merge_ranges=16 eff_cores=0.04
event=kink_round H=6 col=30 round=stage5 frontier_in=449 map_wall_s=0.165 map_cpu_s=0.001 merge_wall_s=0.083 merge_cpu_s=0.001 map_units=1 merge_ranges=1 map_eff_cores=0.01 merge_eff_cores=0.01
event=kink_round H=9 col=13 round=stage8 frontier_in=7732 map_wall_s=0.219 map_cpu_s=0.027 merge_wall_s=0.118 merge_cpu_s=0.017 map_units=4 merge_ranges=4 map_eff_cores=0.12 merge_eff_cores=0.14
event=kink_round H=8 col=18 round=seed frontier_in=825 map_wall_s=0.214 map_cpu_s=0.003 merge_wall_s=0.000 merge_cpu_s=0.000 map_units=1 merge_ranges=0 map_eff_cores=0.01 merge_eff_cores=0.00
event=kink_round H=7 col=23 round=stage2 frontier_in=873 map_wall_s=0.147 map_cpu_s=0.002 merge_wall_s=0.264 merge_cpu_s=0.002 map_units=1 merge_ranges=1 map_eff_cores=0.01 merge_eff_cores=0.01
event=kink_round H=14 col=3 round=stage6 frontier_in=894390 map_wall_s=1.547 map_cpu_s=5.823 merge_wall_s=0.472 merge_cpu_s=3.547 map_units=437 merge_ranges=80 map_eff_cores=3.77 merge_eff_cores=7.52
event=kink_round H=10 col=11 round=stage2 frontier_in=14518 map_wall_s=0.173 map_cpu_s=0.053 merge_wall_s=0.283 merge_cpu_s=0.044 map_units=8 merge_ranges=8 map_eff_cores=0.31 merge_eff_cores=0.16
event=kink_round H=11 col=8 round=stage8 frontier_in=52799 map_wall_s=0.186 map_cpu_s=0.216 merge_wall_s=0.256 merge_cpu_s=0.165 map_units=26 merge_ranges=26 map_eff_cores=1.16 merge_eff_cores=0.64
event=kink_round H=6 col=30 round=finalize frontier_in=425 map_wall_s=0.198 map_cpu_s=0.001 merge_wall_s=0.212 merge_cpu_s=0.000 map_units=1 merge_ranges=1 map_eff_cores=0.01 merge_eff_cores=0.00
event=column H=6 col=30 frontier_in=130 frontier_out=93 wall_s=3.09 cum_wall_s=274.0 cpu_s=0.0 rss_max_mb=52.8 map_wall_s=1.61 map_cpu_s=0.0 merge_wall_s=1.48 merge_cpu_s=0.0 map_units=8 merge_ranges=7 eff_cores=0.00
event=kink_round H=12 col=6 round=stage10 frontier_in=140628 map_wall_s=0.224 map_cpu_s=0.776 merge_wall_s=0.250 merge_cpu_s=0.591 map_units=69 merge_ranges=69 map_eff_cores=3.46 merge_eff_cores=2.36
event=kink_round H=9 col=13 round=finalize frontier_in=7529 map_wall_s=0.192 map_cpu_s=0.025 merge_wall_s=0.301 merge_cpu_s=0.008 map_units=4 merge_ranges=4 map_eff_cores=0.13 merge_eff_cores=0.03
event=column H=9 col=13 frontier_in=2153 frontier_out=2153 wall_s=4.40 cum_wall_s=278.4 cpu_s=0.5 rss_max_mb=56.8 map_wall_s=2.25 map_cpu_s=0.3 merge_wall_s=2.12 merge_cpu_s=0.2 map_units=37 merge_ranges=35 eff_cores=0.12
event=kink_round H=6 col=31 round=seed frontier_in=93 map_wall_s=0.180 map_cpu_s=0.001 merge_wall_s=0.000 merge_cpu_s=0.000 map_units=1 merge_ranges=0 map_eff_cores=0.01 merge_eff_cores=0.00
event=kink_round H=8 col=18 round=stage0 frontier_in=825 map_wall_s=0.212 map_cpu_s=0.003 merge_wall_s=0.181 merge_cpu_s=0.005 map_units=1 merge_ranges=1 map_eff_cores=0.01 merge_eff_cores=0.03
event=kink_round H=9 col=14 round=seed frontier_in=2153 map_wall_s=0.109 map_cpu_s=0.008 merge_wall_s=0.000 merge_cpu_s=0.000 map_units=2 merge_ranges=0 map_eff_cores=0.07 merge_eff_cores=0.00
event=kink_round H=7 col=23 round=stage3 frontier_in=1036 map_wall_s=0.197 map_cpu_s=0.003 merge_wall_s=0.077 merge_cpu_s=0.002 map_units=1 merge_ranges=1 map_eff_cores=0.02 merge_eff_cores=0.03
event=kink_round H=15 col=2 round=stage10 frontier_in=1783967 map_wall_s=2.265 map_cpu_s=10.000 merge_wall_s=0.682 merge_cpu_s=5.285 map_units=640 merge_ranges=80 map_eff_cores=4.41 merge_eff_cores=7.75
event=kink_round H=10 col=11 round=stage3 frontier_in=17220 map_wall_s=0.212 map_cpu_s=0.082 merge_wall_s=0.066 merge_cpu_s=0.076 map_units=9 merge_ranges=9 map_eff_cores=0.39 merge_eff_cores=1.14
event=kink_round H=11 col=8 round=stage9 frontier_in=52650 map_wall_s=0.197 map_cpu_s=0.297 merge_wall_s=0.079 merge_cpu_s=0.168 map_units=26 merge_ranges=26 map_eff_cores=1.51 merge_eff_cores=2.12
event=kink_round H=6 col=31 round=stage0 frontier_in=93 map_wall_s=0.058 map_cpu_s=0.001 merge_wall_s=0.071 merge_cpu_s=0.000 map_units=1 merge_ranges=1 map_eff_cores=0.02 merge_eff_cores=0.00
event=kink_round H=8 col=18 round=stage1 frontier_in=1328 map_wall_s=0.054 map_cpu_s=0.008 merge_wall_s=0.072 merge_cpu_s=0.004 map_units=1 merge_ranges=1 map_eff_cores=0.15 merge_eff_cores=0.06
event=kink_round H=9 col=14 round=stage0 frontier_in=2153 map_wall_s=0.047 map_cpu_s=0.011 merge_wall_s=0.080 merge_cpu_s=0.009 map_units=2 merge_ranges=2 map_eff_cores=0.24 merge_eff_cores=0.11
event=kink_round H=12 col=6 round=stage11 frontier_in=142690 map_wall_s=0.185 map_cpu_s=0.857 merge_wall_s=0.140 merge_cpu_s=0.559 map_units=70 merge_ranges=70 map_eff_cores=4.64 merge_eff_cores=3.99
event=kink_round H=13 col=4 round=stage8 frontier_in=376627 map_wall_s=0.636 map_cpu_s=2.329 merge_wall_s=0.191 merge_cpu_s=1.547 map_units=184 merge_ranges=80 map_eff_cores=3.66 merge_eff_cores=8.08
event=kink_round H=17 col=2 round=stage0 frontier_in=1942129 map_wall_s=2.644 map_cpu_s=29.251 merge_wall_s=0.699 merge_cpu_s=7.189 map_units=640 merge_ranges=80 map_eff_cores=11.06 merge_eff_cores=10.28
event=kink_round H=7 col=23 round=stage4 frontier_in=1113 map_wall_s=0.083 map_cpu_s=0.002 merge_wall_s=0.236 merge_cpu_s=0.001 map_units=1 merge_ranges=1 map_eff_cores=0.02 merge_eff_cores=0.00
event=kink_round H=10 col=11 round=stage4 frontier_in=18804 map_wall_s=0.088 map_cpu_s=0.119 merge_wall_s=0.247 merge_cpu_s=0.054 map_units=10 merge_ranges=10 map_eff_cores=1.35 merge_eff_cores=0.22
event=kink_round H=11 col=8 round=stage10 frontier_in=53453 map_wall_s=0.103 map_cpu_s=0.283 merge_wall_s=0.240 merge_cpu_s=0.166 map_units=27 merge_ranges=27 map_eff_cores=2.76 merge_eff_cores=0.69
event=kink_round H=6 col=31 round=stage1 frontier_in=149 map_wall_s=0.228 map_cpu_s=0.000 merge_wall_s=0.120 merge_cpu_s=0.001 map_units=1 merge_ranges=1 map_eff_cores=0.00 merge_eff_cores=0.01
event=kink_round H=8 col=18 round=stage2 frontier_in=2153 map_wall_s=0.231 map_cpu_s=0.006 merge_wall_s=0.120 merge_cpu_s=0.006 map_units=2 merge_ranges=2 map_eff_cores=0.03 merge_eff_cores=0.05
event=kink_round H=9 col=14 round=stage1 frontier_in=3472 map_wall_s=0.237 map_cpu_s=0.015 merge_wall_s=0.105 merge_cpu_s=0.018 map_units=2 merge_ranges=2 map_eff_cores=0.06 merge_eff_cores=0.17
event=kink_round H=7 col=23 round=stage5 frontier_in=1130 map_wall_s=0.120 map_cpu_s=0.003 merge_wall_s=0.118 merge_cpu_s=0.002 map_units=1 merge_ranges=1 map_eff_cores=0.02 merge_eff_cores=0.02
event=kink_round H=10 col=11 round=stage5 frontier_in=19508 map_wall_s=0.106 map_cpu_s=0.111 merge_wall_s=0.130 merge_cpu_s=0.079 map_units=10 merge_ranges=10 map_eff_cores=1.05 merge_eff_cores=0.61
event=kink_round H=12 col=6 round=finalize frontier_in=141350 map_wall_s=0.255 map_cpu_s=0.620 merge_wall_s=0.194 merge_cpu_s=0.503 map_units=70 merge_ranges=70 map_eff_cores=2.43 merge_eff_cores=2.60
event=kink_round H=6 col=31 round=stage2 frontier_in=249 map_wall_s=0.115 map_cpu_s=0.001 merge_wall_s=0.109 merge_cpu_s=0.001 map_units=1 merge_ranges=1 map_eff_cores=0.01 merge_eff_cores=0.01
event=kink_round H=8 col=18 round=stage3 frontier_in=2568 map_wall_s=0.117 map_cpu_s=0.010 merge_wall_s=0.106 merge_cpu_s=0.008 map_units=2 merge_ranges=2 map_eff_cores=0.09 merge_eff_cores=0.08
event=kink_round H=9 col=14 round=stage2 frontier_in=5618 map_wall_s=0.121 map_cpu_s=0.038 merge_wall_s=0.082 merge_cpu_s=0.017 map_units=3 merge_ranges=3 map_eff_cores=0.31 merge_eff_cores=0.21
event=kink_round H=11 col=8 round=finalize frontier_in=52683 map_wall_s=0.125 map_cpu_s=0.255 merge_wall_s=0.150 merge_cpu_s=0.127 map_units=26 merge_ranges=26 map_eff_cores=2.04 merge_eff_cores=0.85
event=column H=12 col=6 frontier_in=39506 frontier_out=39506 wall_s=6.62 cum_wall_s=285.0 cpu_s=17.8 rss_max_mb=73.0 map_wall_s=2.76 map_cpu_s=10.8 merge_wall_s=3.38 merge_cpu_s=7.0 map_units=801 merge_ranges=781 eff_cores=2.69
event=column H=11 col=8 frontier_in=14826 frontier_out=14826 wall_s=5.74 cum_wall_s=290.7 cpu_s=5.5 rss_max_mb=73.0 map_wall_s=2.59 map_cpu_s=3.4 merge_wall_s=2.91 merge_cpu_s=2.0 map_units=278 merge_ranges=270 eff_cores=0.95
event=kink_round H=7 col=23 round=stage6 frontier_in=1170 map_wall_s=0.112 map_cpu_s=0.005 merge_wall_s=0.125 merge_cpu_s=0.002 map_units=1 merge_ranges=1 map_eff_cores=0.04 merge_eff_cores=0.02
event=kink_round H=10 col=11 round=stage6 frontier_in=19682 map_wall_s=0.091 map_cpu_s=0.120 merge_wall_s=0.108 merge_cpu_s=0.051 map_units=10 merge_ranges=10 map_eff_cores=1.32 merge_eff_cores=0.47
event=kink_round H=6 col=31 round=stage3 frontier_in=309 map_wall_s=0.082 map_cpu_s=0.001 merge_wall_s=0.115 merge_cpu_s=0.001 map_units=1 merge_ranges=1 map_eff_cores=0.01 merge_eff_cores=0.01
event=kink_round H=11 col=9 round=seed frontier_in=14826 map_wall_s=0.133 map_cpu_s=0.072 merge_wall_s=0.000 merge_cpu_s=0.000 map_units=8 merge_ranges=0 map_eff_cores=0.54 merge_eff_cores=0.00
event=kink_round H=12 col=7 round=seed frontier_in=39506 map_wall_s=0.135 map_cpu_s=0.225 merge_wall_s=0.000 merge_cpu_s=0.000 map_units=20 merge_ranges=0 map_eff_cores=1.66 merge_eff_cores=0.00
event=kink_round H=13 col=4 round=stage9 frontier_in=378279 map_wall_s=0.490 map_cpu_s=2.593 merge_wall_s=0.248 merge_cpu_s=1.563 map_units=185 merge_ranges=80 map_eff_cores=5.30 merge_eff_cores=6.31
event=kink_round H=14 col=3 round=stage7 frontier_in=915326 map_wall_s=0.820 map_cpu_s=6.112 merge_wall_s=0.307 merge_cpu_s=3.602 map_units=447 merge_ranges=80 map_eff_cores=7.45 merge_eff_cores=11.74
event=kink_round H=8 col=18 round=stage4 frontier_in=2795 map_wall_s=0.130 map_cpu_s=0.008 merge_wall_s=0.181 merge_cpu_s=0.006 map_units=2 merge_ranges=2 map_eff_cores=0.06 merge_eff_cores=0.03
event=kink_round H=9 col=14 round=stage3 frontier_in=6682 map_wall_s=0.133 map_cpu_s=0.025 merge_wall_s=0.177 merge_cpu_s=0.017 map_units=4 merge_ranges=4 map_eff_cores=0.19 merge_eff_cores=0.10
event=kink_round H=18 col=1 round=stage16 frontier_in=7473633 map_wall_s=2.487 map_cpu_s=24.570 merge_wall_s=1.057 merge_cpu_s=14.083 map_units=640 merge_ranges=80 map_eff_cores=9.88 merge_eff_cores=13.32
event=kink_round H=7 col=23 round=finalize frontier_in=1129 map_wall_s=0.183 map_cpu_s=0.002 merge_wall_s=0.061 merge_cpu_s=0.001 map_units=1 merge_ranges=1 map_eff_cores=0.01 merge_eff_cores=0.02
event=column H=7 col=23 frontier_in=335 frontier_out=335 wall_s=2.73 cum_wall_s=293.5 cpu_s=0.0 rss_max_mb=50.8 map_wall_s=1.53 map_cpu_s=0.0 merge_wall_s=1.20 merge_cpu_s=0.0 map_units=9 merge_ranges=8 eff_cores=0.01
event=kink_round H=6 col=31 round=stage4 frontier_in=329 map_wall_s=0.140 map_cpu_s=0.001 merge_wall_s=0.067 merge_cpu_s=0.001 map_units=1 merge_ranges=1 map_eff_cores=0.01 merge_eff_cores=0.01
event=kink_round H=10 col=11 round=stage7 frontier_in=19901 map_wall_s=0.186 map_cpu_s=0.082 merge_wall_s=0.081 merge_cpu_s=0.059 map_units=10 merge_ranges=10 map_eff_cores=0.44 merge_eff_cores=0.72
event=kink_round H=7 col=24 round=seed frontier_in=335 map_wall_s=0.071 map_cpu_s=0.002 merge_wall_s=0.000 merge_cpu_s=0.000 map_units=1 merge_ranges=0 map_eff_cores=0.03 merge_eff_cores=0.00
event=kink_round H=11 col=9 round=stage0 frontier_in=14826 map_wall_s=0.158 map_cpu_s=0.078 merge_wall_s=0.094 merge_cpu_s=0.068 map_units=8 merge_ranges=8 map_eff_cores=0.49 merge_eff_cores=0.73
event=kink_round H=8 col=18 round=stage5 frontier_in=2858 map_wall_s=0.059 map_cpu_s=0.010 merge_wall_s=0.085 merge_cpu_s=0.008 map_units=2 merge_ranges=2 map_eff_cores=0.17 merge_eff_cores=0.09
event=kink_round H=9 col=14 round=stage4 frontier_in=7282 map_wall_s=0.078 map_cpu_s=0.027 merge_wall_s=0.088 merge_cpu_s=0.018 map_units=4 merge_ranges=4 map_eff_cores=0.34 merge_eff_cores=0.20
event=kink_round H=12 col=7 round=stage0 frontier_in=39506 map_wall_s=0.171 map_cpu_s=0.238 merge_wall_s=0.119 merge_cpu_s=0.194 map_units=20 merge_ranges=20 map_eff_cores=1.39 merge_eff_cores=1.63
event=kink_round H=6 col=31 round=stage5 frontier_in=351 map_wall_s=0.078 map_cpu_s=0.001 merge_wall_s=0.081 merge_cpu_s=0.004 map_units=1 merge_ranges=1 map_eff_cores=0.01 merge_eff_cores=0.05
event=kink_round H=7 col=24 round=stage0 frontier_in=335 map_wall_s=0.066 map_cpu_s=0.001 merge_wall_s=0.051 merge_cpu_s=0.001 map_units=1 merge_ranges=1 map_eff_cores=0.02 merge_eff_cores=0.02
event=kink_round H=10 col=11 round=stage8 frontier_in=19909 map_wall_s=0.091 map_cpu_s=0.124 merge_wall_s=0.071 merge_cpu_s=0.061 map_units=10 merge_ranges=10 map_eff_cores=1.36 merge_eff_cores=0.86
event=kink_round H=8 col=18 round=stage6 frontier_in=2920 map_wall_s=0.078 map_cpu_s=0.009 merge_wall_s=0.055 merge_cpu_s=0.010 map_units=2 merge_ranges=2 map_eff_cores=0.12 merge_eff_cores=0.18
event=kink_round H=9 col=14 round=stage5 frontier_in=7502 map_wall_s=0.072 map_cpu_s=0.031 merge_wall_s=0.064 merge_cpu_s=0.016 map_units=4 merge_ranges=4 map_eff_cores=0.43 merge_eff_cores=0.25
event=kink_round H=11 col=9 round=stage1 frontier_in=23855 map_wall_s=0.106 map_cpu_s=0.163 merge_wall_s=0.077 merge_cpu_s=0.096 map_units=12 merge_ranges=12 map_eff_cores=1.54 merge_eff_cores=1.24
event=kink_round H=6 col=31 round=finalize frontier_in=330 map_wall_s=0.051 map_cpu_s=0.000 merge_wall_s=0.045 merge_cpu_s=0.001 map_units=1 merge_ranges=1 map_eff_cores=0.00 merge_eff_cores=0.02
event=column H=6 col=31 frontier_in=93 frontier_out=48 wall_s=1.54 cum_wall_s=295.0 cpu_s=0.0 rss_max_mb=50.8 map_wall_s=0.93 map_cpu_s=0.0 merge_wall_s=0.61 merge_cpu_s=0.0 map_units=8 merge_ranges=7 eff_cores=0.01
event=kink_round H=7 col=24 round=stage1 frontier_in=544 map_wall_s=0.046 map_cpu_s=0.002 merge_wall_s=0.049 merge_cpu_s=0.001 map_units=1 merge_ranges=1 map_eff_cores=0.04 merge_eff_cores=0.02
event=kink_round H=12 col=7 round=stage1 frontier_in=63502 map_wall_s=0.077 map_cpu_s=0.377 merge_wall_s=0.117 merge_cpu_s=0.296 map_units=32 merge_ranges=32 map_eff_cores=4.92 merge_eff_cores=2.54
event=kink_round H=8 col=18 round=stage7 frontier_in=2997 map_wall_s=0.053 map_cpu_s=0.011 merge_wall_s=0.087 merge_cpu_s=0.005 map_units=2 merge_ranges=2 map_eff_cores=0.21 merge_eff_cores=0.06
event=kink_round H=13 col=4 round=stage10 frontier_in=379818 map_wall_s=0.246 map_cpu_s=2.442 merge_wall_s=0.178 merge_cpu_s=1.578 map_units=186 merge_ranges=80 map_eff_cores=9.93 merge_eff_cores=8.85
event=kink_round H=6 col=32 round=seed frontier_in=48 map_wall_s=0.095 map_cpu_s=0.000 merge_wall_s=0.000 merge_cpu_s=0.000 map_units=1 merge_ranges=0 map_eff_cores=0.00 merge_eff_cores=0.00
event=kink_round H=16 col=2 round=stage6 frontier_in=3255374 map_wall_s=1.320 map_cpu_s=14.295 merge_wall_s=0.700 merge_cpu_s=7.850 map_units=640 merge_ranges=80 map_eff_cores=10.83 merge_eff_cores=11.21
event=kink_round H=10 col=11 round=stage9 frontier_in=20222 map_wall_s=0.066 map_cpu_s=0.083 merge_wall_s=0.118 merge_cpu_s=0.052 map_units=10 merge_ranges=10 map_eff_cores=1.27 merge_eff_cores=0.44
event=kink_round H=9 col=14 round=stage6 frontier_in=7569 map_wall_s=0.107 map_cpu_s=0.025 merge_wall_s=0.161 merge_cpu_s=0.016 map_units=4 merge_ranges=4 map_eff_cores=0.23 merge_eff_cores=0.10
event=kink_round H=7 col=24 round=stage2 frontier_in=873 map_wall_s=0.094 map_cpu_s=0.002 merge_wall_s=0.159 merge_cpu_s=0.002 map_units=1 merge_ranges=1 map_eff_cores=0.02 merge_eff_cores=0.01
event=kink_round H=11 col=9 round=stage2 frontier_in=38640 map_wall_s=0.110 map_cpu_s=0.168 merge_wall_s=0.191 merge_cpu_s=0.135 map_units=19 merge_ranges=19 map_eff_cores=1.53 merge_eff_cores=0.71
event=kink_round H=15 col=2 round=stage11 frontier_in=1924251 map_wall_s=1.085 map_cpu_s=9.485 merge_wall_s=0.436 merge_cpu_s=5.800 map_units=640 merge_ranges=80 map_eff_cores=8.74 merge_eff_cores=13.31
event=kink_round H=8 col=18 round=finalize frontier_in=2895 map_wall_s=0.163 map_cpu_s=0.006 merge_wall_s=0.117 merge_cpu_s=0.002 map_units=2 merge_ranges=2 map_eff_cores=0.04 merge_eff_cores=0.02
event=column H=8 col=18 frontier_in=825 frontier_out=825 wall_s=2.32 cum_wall_s=297.3 cpu_s=0.1 rss_max_mb=73.0 map_wall_s=1.31 map_cpu_s=0.1 merge_wall_s=1.00 merge_cpu_s=0.1 map_units=17 merge_ranges=16 eff_cores=0.06
event=kink_round H=6 col=32 round=stage0 frontier_in=48 map_wall_s=0.161 map_cpu_s=0.001 merge_wall_s=0.108 merge_cpu_s=0.001 map_units=1 merge_ranges=1 map_eff_cores=0.01 merge_eff_cores=0.01
event=kink_round H=8 col=19 round=seed frontier_in=825 map_wall_s=0.079 map_cpu_s=0.003 merge_wall_s=0.000 merge_cpu_s=0.000 map_units=1 merge_ranges=0 map_eff_cores=0.04 merge_eff_cores=0.00
event=kink_round H=10 col=11 round=finalize frontier_in=19812 map_wall_s=0.172 map_cpu_s=0.070 merge_wall_s=0.138 merge_cpu_s=0.041 map_units=10 merge_ranges=10 map_eff_cores=0.41 merge_eff_cores=0.30
event=kink_round H=7 col=24 round=stage3 frontier_in=1036 map_wall_s=0.102 map_cpu_s=0.002 merge_wall_s=0.086 merge_cpu_s=0.002 map_units=1 merge_ranges=1 map_eff_cores=0.02 merge_eff_cores=0.02
event=kink_round H=12 col=7 round=stage2 frontier_in=102880 map_wall_s=0.196 map_cpu_s=0.504 merge_wall_s=0.164 merge_cpu_s=0.442 map_units=51 merge_ranges=51 map_eff_cores=2.57 merge_eff_cores=2.70
event=kink_round H=9 col=14 round=stage7 frontier_in=7596 map_wall_s=0.116 map_cpu_s=0.032 merge_wall_s=0.089 merge_cpu_s=0.019 map_units=4 merge_ranges=4 map_eff_cores=0.28 merge_eff_cores=0.21
event=column H=10 col=11 frontier_in=5567 frontier_out=5567 wall_s=3.60 cum_wall_s=300.9 cpu_s=1.5 rss_max_mb=73.0 map_wall_s=1.68 map_cpu_s=0.9 merge_wall_s=1.85 merge_cpu_s=0.6 map_units=98 merge_ranges=95 eff_cores=0.42
event=kink_round H=6 col=32 round=stage1 frontier_in=80 map_wall_s=0.075 map_cpu_s=0.002 merge_wall_s=0.253 merge_cpu_s=0.001 map_units=1 merge_ranges=1 map_eff_cores=0.03 merge_eff_cores=0.00
event=kink_round H=11 col=9 round=stage3 frontier_in=45710 map_wall_s=0.153 map_cpu_s=0.243 merge_wall_s=0.316 merge_cpu_s=0.191 map_units=23 merge_ranges=23 map_eff_cores=1.59 merge_eff_cores=0.60
event=kink_round H=10 col=12 round=seed frontier_in=5567 map_wall_s=0.313 map_cpu_s=0.026 merge_wall_s=0.000 merge_cpu_s=0.000 map_units=3 merge_ranges=0 map_eff_cores=0.08 merge_eff_cores=0.00
event=kink_round H=17 col=2 round=stage1 frontier_in=3080498 map_wall_s=0.968 map_cpu_s=13.786 merge_wall_s=0.934 merge_cpu_s=9.694 map_units=640 merge_ranges=80 map_eff_cores=14.25 merge_eff_cores=10.38
event=kink_round H=8 col=19 round=stage0 frontier_in=825 map_wall_s=0.261 map_cpu_s=0.005 merge_wall_s=0.259 merge_cpu_s=0.003 map_units=1 merge_ranges=1 map_eff_cores=0.02 merge_eff_cores=0.01
event=kink_round H=7 col=24 round=stage4 frontier_in=1113 map_wall_s=0.264 map_cpu_s=0.006 merge_wall_s=0.252 merge_cpu_s=0.002 map_units=1 merge_ranges=1 map_eff_cores=0.02 merge_eff_cores=0.01
event=kink_round H=9 col=14 round=stage8 frontier_in=7732 map_wall_s=0.284 map_cpu_s=0.041 merge_wall_s=0.271 merge_cpu_s=0.022 map_units=4 merge_ranges=4 map_eff_cores=0.14 merge_eff_cores=0.08
event=kink_round H=14 col=3 round=stage8 frontier_in=937011 map_wall_s=0.589 map_cpu_s=5.854 merge_wall_s=0.782 merge_cpu_s=4.464 map_units=458 merge_ranges=80 map_eff_cores=9.94 merge_eff_cores=5.71
event=kink_round H=6 col=32 round=stage2 frontier_in=133 map_wall_s=0.257 map_cpu_s=0.001 merge_wall_s=0.194 merge_cpu_s=0.001 map_units=1 merge_ranges=1 map_eff_cores=0.00 merge_eff_cores=0.01
event=kink_round H=13 col=4 round=stage11 frontier_in=378523 map_wall_s=0.538 map_cpu_s=2.571 merge_wall_s=0.513 merge_cpu_s=1.897 map_units=185 merge_ranges=80 map_eff_cores=4.78 merge_eff_cores=3.70
event=kink_round H=12 col=7 round=stage3 frontier_in=121352 map_wall_s=0.329 map_cpu_s=0.889 merge_wall_s=0.387 merge_cpu_s=0.579 map_units=60 merge_ranges=60 map_eff_cores=2.70 merge_eff_cores=1.50
event=heartbeat H=16 col=2 elapsed_s=17 processed=690176 rate_per_s=39835 steals=0
event=kink_round H=10 col=12 round=stage0 frontier_in=5567 map_wall_s=0.252 map_cpu_s=0.038 merge_wall_s=0.228 merge_cpu_s=0.027 map_units=3 merge_ranges=3 map_eff_cores=0.15 merge_eff_cores=0.12
event=kink_round H=11 col=9 round=stage4 frontier_in=49855 map_wall_s=0.287 map_cpu_s=0.305 merge_wall_s=0.245 merge_cpu_s=0.190 map_units=25 merge_ranges=25 map_eff_cores=1.06 merge_eff_cores=0.78
event=kink_round H=7 col=24 round=stage5 frontier_in=1130 map_wall_s=0.210 map_cpu_s=0.003 merge_wall_s=0.170 merge_cpu_s=0.002 map_units=1 merge_ranges=1 map_eff_cores=0.01 merge_eff_cores=0.01
event=kink_round H=8 col=19 round=stage1 frontier_in=1328 map_wall_s=0.199 map_cpu_s=0.007 merge_wall_s=0.185 merge_cpu_s=0.004 map_units=1 merge_ranges=1 map_eff_cores=0.04 merge_eff_cores=0.02
event=kink_round H=9 col=14 round=finalize frontier_in=7529 map_wall_s=0.224 map_cpu_s=0.038 merge_wall_s=0.225 merge_cpu_s=0.010 map_units=4 merge_ranges=4 map_eff_cores=0.17 merge_eff_cores=0.04
event=column H=9 col=14 frontier_in=2153 frontier_out=2153 wall_s=2.89 cum_wall_s=303.8 cpu_s=0.5 rss_max_mb=73.0 map_wall_s=1.53 map_cpu_s=0.3 merge_wall_s=1.34 merge_cpu_s=0.2 map_units=37 merge_ranges=35 eff_cores=0.16
event=kink_round H=6 col=32 round=stage3 frontier_in=184 map_wall_s=0.184 map_cpu_s=0.001 merge_wall_s=0.340 merge_cpu_s=0.001 map_units=1 merge_ranges=1 map_eff_cores=0.01 merge_eff_cores=0.00
event=kink_round H=9 col=15 round=seed frontier_in=2153 map_wall_s=0.319 map_cpu_s=0.012 merge_wall_s=0.000 merge_cpu_s=0.000 map_units=2 merge_ranges=0 map_eff_cores=0.04 merge_eff_cores=0.00
event=kink_round H=10 col=12 round=stage1 frontier_in=8947 map_wall_s=0.323 map_cpu_s=0.057 merge_wall_s=0.380 merge_cpu_s=0.040 map_units=5 merge_ranges=5 map_eff_cores=0.18 merge_eff_cores=0.11
event=kink_round H=7 col=24 round=stage6 frontier_in=1170 map_wall_s=0.358 map_cpu_s=0.003 merge_wall_s=0.316 merge_cpu_s=0.002 map_units=1 merge_ranges=1 map_eff_cores=0.01 merge_eff_cores=0.01
event=kink_round H=8 col=19 round=stage2 frontier_in=2153 map_wall_s=0.366 map_cpu_s=0.010 merge_wall_s=0.356 merge_cpu_s=0.005 map_units=2 merge_ranges=2 map_eff_cores=0.03 merge_eff_cores=0.01
event=kink_round H=11 col=9 round=stage5 frontier_in=51728 map_wall_s=0.405 map_cpu_s=0.327 merge_wall_s=0.401 merge_cpu_s=0.201 map_units=26 merge_ranges=26 map_eff_cores=0.81 merge_eff_cores=0.50
event=kink_round H=12 col=7 round=stage4 frontier_in=132241 map_wall_s=0.423 map_cpu_s=0.933 merge_wall_s=0.466 merge_cpu_s=0.634 map_units=65 merge_ranges=65 map_eff_cores=2.21 merge_eff_cores=1.36
event=kink_round H=6 col=32 round=stage4 frontier_in=191 map_wall_s=0.325 map_cpu_s=0.001 merge_wall_s=0.333 merge_cpu_s=0.001 map_units=1 merge_ranges=1 map_eff_cores=0.00 merge_eff_cores=0.00
event=kink_round H=9 col=15 round=stage0 frontier_in=2153 map_wall_s=0.361 map_cpu_s=0.012 merge_wall_s=0.318 merge_cpu_s=0.010 map_units=2 merge_ranges=2 map_eff_cores=0.03 merge_eff_cores=0.03
event=kink_round H=7 col=24 round=finalize frontier_in=1129 map_wall_s=0.328 map_cpu_s=0.003 merge_wall_s=0.328 merge_cpu_s=0.001 map_units=1 merge_ranges=1 map_eff_cores=0.01 merge_eff_cores=0.00
event=column H=7 col=24 frontier_in=335 frontier_out=335 wall_s=2.95 cum_wall_s=306.8 cpu_s=0.0 rss_max_mb=73.0 map_wall_s=1.54 map_cpu_s=0.0 merge_wall_s=1.41 merge_cpu_s=0.0 map_units=9 merge_ranges=8 eff_cores=0.01
event=kink_round H=10 col=12 round=stage2 frontier_in=14518 map_wall_s=0.386 map_cpu_s=0.081 merge_wall_s=0.355 merge_cpu_s=0.057 map_units=8 merge_ranges=8 map_eff_cores=0.21 merge_eff_cores=0.16
event=kink_round H=8 col=19 round=stage3 frontier_in=2568 map_wall_s=0.310 map_cpu_s=0.011 merge_wall_s=0.334 merge_cpu_s=0.006 map_units=2 merge_ranges=2 map_eff_cores=0.04 merge_eff_cores=0.02
event=kink_round H=11 col=9 round=stage6 frontier_in=52427 map_wall_s=0.349 map_cpu_s=0.319 merge_wall_s=0.436 merge_cpu_s=0.195 map_units=26 merge_ranges=26 map_eff_cores=0.91 merge_eff_cores=0.45
event=kink_round H=6 col=32 round=stage5 frontier_in=206 map_wall_s=0.322 map_cpu_s=0.001 merge_wall_s=0.328 merge_cpu_s=0.001 map_units=1 merge_ranges=1 map_eff_cores=0.00 merge_eff_cores=0.00
event=kink_round H=13 col=4 round=stage12 frontier_in=383968 map_wall_s=1.100 map_cpu_s=2.921 merge_wall_s=0.634 merge_cpu_s=1.901 map_units=188 merge_ranges=80 map_eff_cores=2.65 merge_eff_cores=3.00
event=kink_round H=7 col=25 round=seed frontier_in=335 map_wall_s=0.373 map_cpu_s=0.001 merge_wall_s=0.000 merge_cpu_s=0.000 map_units=1 merge_ranges=0 map_eff_cores=0.00 merge_eff_cores=0.00
event=kink_round H=12 col=7 round=stage5 frontier_in=137385 map_wall_s=0.388 map_cpu_s=0.981 merge_wall_s=0.451 merge_cpu_s=0.638 map_units=68 merge_ranges=68 map_eff_cores=2.53 merge_eff_cores=1.42
event=kink_round H=9 col=15 round=stage1 frontier_in=3472 map_wall_s=0.395 map_cpu_s=0.020 merge_wall_s=0.284 merge_cpu_s=0.015 map_units=2 merge_ranges=2 map_eff_cores=0.05 merge_eff_cores=0.05
event=kink_round H=8 col=19 round=stage4 frontier_in=2795 map_wall_s=0.365 map_cpu_s=0.012 merge_wall_s=0.155 merge_cpu_s=0.006 map_units=2 merge_ranges=2 map_eff_cores=0.03 merge_eff_cores=0.04
event=kink_round H=10 col=12 round=stage3 frontier_in=17220 map_wall_s=0.388 map_cpu_s=0.098 merge_wall_s=0.166 merge_cpu_s=0.054 map_units=9 merge_ranges=9 map_eff_cores=0.25 merge_eff_cores=0.33
event=kink_round H=6 col=32 round=finalize frontier_in=174 map_wall_s=0.183 map_cpu_s=0.001 merge_wall_s=0.396 merge_cpu_s=0.001 map_units=1 merge_ranges=1 map_eff_cores=0.01 merge_eff_cores=0.00
event=column H=6 col=32 frontier_in=48 frontier_out=22 wall_s=3.56 cum_wall_s=310.3 cpu_s=0.0 rss_max_mb=52.8 map_wall_s=1.60 map_cpu_s=0.0 merge_wall_s=1.95 merge_cpu_s=0.0 map_units=8 merge_ranges=7 eff_cores=0.00
event=kink_round H=7 col=25 round=stage0 frontier_in=335 map_wall_s=0.149 map_cpu_s=0.001 merge_wall_s=0.362 merge_cpu_s=0.001 map_units=1 merge_ranges=1 map_eff_cores=0.01 merge_eff_cores=0.00
event=kink_round H=11 col=9 round=stage7 frontier_in=52569 map_wall_s=0.226 map_cpu_s=0.312 merge_wall_s=0.385 merge_cpu_s=0.174 map_units=26 merge_ranges=26 map_eff_cores=1.38 merge_eff_cores=0.45
event=kink_round H=6 col=33 round=seed frontier_in=22 map_wall_s=0.242 map_cpu_s=0.000 merge_wall_s=0.000 merge_cpu_s=0.000 map_units=1 merge_ranges=0 map_eff_cores=0.00 merge_eff_cores=0.00
event=kink_round H=9 col=15 round=stage2 frontier_in=5618 map_wall_s=0.420 map_cpu_s=0.023 merge_wall_s=0.251 merge_cpu_s=0.014 map_units=3 merge_ranges=3 map_eff_cores=0.05 merge_eff_cores=0.06
event=kink_round H=8 col=19 round=stage5 frontier_in=2858 map_wall_s=0.358 map_cpu_s=0.009 merge_wall_s=0.223 merge_cpu_s=0.005 map_units=2 merge_ranges=2 map_eff_cores=0.03 merge_eff_cores=0.02
event=kink_round H=12 col=7 round=stage6 frontier_in=139597 map_wall_s=0.454 map_cpu_s=0.824 merge_wall_s=0.272 merge_cpu_s=0.546 map_units=69 merge_ranges=69 map_eff_cores=1.81 merge_eff_cores=2.01
event=kink_round H=14 col=3 round=stage9 frontier_in=961648 map_wall_s=2.051 map_cpu_s=7.775 merge_wall_s=0.583 merge_cpu_s=4.037 map_units=470 merge_ranges=80 map_eff_cores=3.79 merge_eff_cores=6.93
event=kink_round H=16 col=2 round=stage7 frontier_in=3469086 map_wall_s=2.686 map_cpu_s=18.381 merge_wall_s=0.970 merge_cpu_s=9.310 map_units=640 merge_ranges=80 map_eff_cores=6.84 merge_eff_cores=9.60
event=kink_round H=10 col=12 round=stage4 frontier_in=18804 map_wall_s=0.361 map_cpu_s=0.104 merge_wall_s=0.520 merge_cpu_s=0.048 map_units=10 merge_ranges=10 map_eff_cores=0.29 merge_eff_cores=0.09
event=kink_round H=7 col=25 round=stage1 frontier_in=544 map_wall_s=0.239 map_cpu_s=0.002 merge_wall_s=0.427 merge_cpu_s=0.001 map_units=1 merge_ranges=1 map_eff_cores=0.01 merge_eff_cores=0.00
event=kink_round H=15 col=2 round=stage12 frontier_in=2073695 map_wall_s=2.697 map_cpu_s=12.546 merge_wall_s=1.043 merge_cpu_s=5.809 map_units=640 merge_ranges=80 map_eff_cores=4.65 merge_eff_cores=5.57
event=kink_round H=11 col=9 round=stage8 frontier_in=52799 map_wall_s=0.231 map_cpu_s=0.254 merge_wall_s=0.447 merge_cpu_s=0.151 map_units=26 merge_ranges=26 map_eff_cores=1.10 merge_eff_cores=0.34
event=kink_round H=6 col=33 round=stage0 frontier_in=22 map_wall_s=0.424 map_cpu_s=0.000 merge_wall_s=0.170 merge_cpu_s=0.001 map_units=1 merge_ranges=1 map_eff_cores=0.00 merge_eff_cores=0.01
event=kink_round H=8 col=19 round=stage6 frontier_in=2920 map_wall_s=0.424 map_cpu_s=0.008 merge_wall_s=0.173 merge_cpu_s=0.006 map_units=2 merge_ranges=2 map_eff_cores=0.02 merge_eff_cores=0.03
event=kink_round H=9 col=15 round=stage3 frontier_in=6682 map_wall_s=0.424 map_cpu_s=0.022 merge_wall_s=0.177 merge_cpu_s=0.017 map_units=4 merge_ranges=4 map_eff_cores=0.05 merge_eff_cores=0.10
event=kink_round H=7 col=25 round=stage2 frontier_in=873 map_wall_s=0.176 map_cpu_s=0.002 merge_wall_s=0.124 merge_cpu_s=0.002 map_units=1 merge_ranges=1 map_eff_cores=0.01 merge_eff_cores=0.02
event=kink_round H=10 col=12 round=stage5 frontier_in=19508 map_wall_s=0.213 map_cpu_s=0.074 merge_wall_s=0.178 merge_cpu_s=0.049 map_units=10 merge_ranges=10 map_eff_cores=0.35 merge_eff_cores=0.28
event=kink_round H=13 col=4 round=finalize frontier_in=381967 map_wall_s=1.136 map_cpu_s=1.815 merge_wall_s=0.322 merge_cpu_s=1.509 map_units=187 merge_ranges=80 map_eff_cores=1.60 merge_eff_cores=4.68
event=kink_round H=12 col=7 round=stage7 frontier_in=140142 map_wall_s=0.479 map_cpu_s=0.749 merge_wall_s=0.247 merge_cpu_s=0.552 map_units=69 merge_ranges=69 map_eff_cores=1.56 merge_eff_cores=2.24
event=kink_round H=11 col=9 round=stage9 frontier_in=52650 map_wall_s=0.186 map_cpu_s=0.226 merge_wall_s=0.128 merge_cpu_s=0.161 map_units=26 merge_ranges=26 map_eff_cores=1.21 merge_eff_cores=1.26
event=column H=13 col=4 frontier_in=105446 frontier_out=106843 wall_s=14.52 cum_wall_s=324.9 cpu_s=55.5 rss_max_mb=73.0 map_wall_s=8.62 map_cpu_s=33.3 merge_wall_s=5.00 merge_cpu_s=22.2 map_units=2314 merge_ranges=1092 eff_cores=3.82
event=kink_round H=6 col=33 round=stage1 frontier_in=36 map_wall_s=0.130 map_cpu_s=0.001 merge_wall_s=0.217 merge_cpu_s=0.000 map_units=1 merge_ranges=1 map_eff_cores=0.01 merge_eff_cores=0.00
event=kink_round H=8 col=19 round=stage7 frontier_in=2997 map_wall_s=0.143 map_cpu_s=0.009 merge_wall_s=0.332 merge_cpu_s=0.005 map_units=2 merge_ranges=2 map_eff_cores=0.06 merge_eff_cores=0.02
event=kink_round H=9 col=15 round=stage4 frontier_in=7282 map_wall_s=0.154 map_cpu_s=0.030 merge_wall_s=0.338 merge_cpu_s=0.017 map_units=4 merge_ranges=4 map_eff_cores=0.19 merge_eff_cores=0.05
event=kink_round H=7 col=25 round=stage3 frontier_in=1036 map_wall_s=0.229 map_cpu_s=0.002 merge_wall_s=0.228 merge_cpu_s=0.003 map_units=1 merge_ranges=1 map_eff_cores=0.01 merge_eff_cores=0.01
event=kink_round H=13 col=5 round=seed frontier_in=106843 map_wall_s=0.325 map_cpu_s=0.602 merge_wall_s=0.000 merge_cpu_s=0.000 map_units=53 merge_ranges=0 map_eff_cores=1.85 merge_eff_cores=0.00
event=kink_round H=10 col=12 round=stage6 frontier_in=19682 map_wall_s=0.359 map_cpu_s=0.079 merge_wall_s=0.124 merge_cpu_s=0.061 map_units=10 merge_ranges=10 map_eff_cores=0.22 merge_eff_cores=0.49
event=kink_round H=6 col=33 round=stage2 frontier_in=55 map_wall_s=0.233 map_cpu_s=0.000 merge_wall_s=0.072 merge_cpu_s=0.001 map_units=1 merge_ranges=1 map_eff_cores=0.00 merge_eff_cores=0.01
event=kink_round H=11 col=9 round=stage10 frontier_in=53453 map_wall_s=0.359 map_cpu_s=0.250 merge_wall_s=0.116 merge_cpu_s=0.163 map_units=27 merge_ranges=27 map_eff_cores=0.70 merge_eff_cores=1.40
event=kink_round H=8 col=19 round=finalize frontier_in=2895 map_wall_s=0.120 map_cpu_s=0.008 merge_wall_s=0.100 merge_cpu_s=0.003 map_units=2 merge_ranges=2 map_eff_cores=0.07 merge_eff_cores=0.03
event=column H=8 col=19 frontier_in=825 frontier_out=825 wall_s=4.75 cum_wall_s=329.6 cpu_s=0.1 rss_max_mb=73.0 map_wall_s=2.62 map_cpu_s=0.1 merge_wall_s=2.12 merge_cpu_s=0.0 map_units=17 merge_ranges=16 eff_cores=0.03
event=kink_round H=9 col=15 round=stage5 frontier_in=7502 map_wall_s=0.110 map_cpu_s=0.035 merge_wall_s=0.097 merge_cpu_s=0.019 map_units=4 merge_ranges=4 map_eff_cores=0.32 merge_eff_cores=0.20
event=kink_round H=12 col=7 round=stage8 frontier_in=140687 map_wall_s=0.364 map_cpu_s=0.935 merge_wall_s=0.137 merge_cpu_s=0.554 map_units=69 merge_ranges=69 map_eff_cores=2.57 merge_eff_cores=4.05
event=kink_round H=7 col=25 round=stage4 frontier_in=1113 map_wall_s=0.067 map_cpu_s=0.004 merge_wall_s=0.087 merge_cpu_s=0.004 map_units=1 merge_ranges=1 map_eff_cores=0.06 merge_eff_cores=0.05
event=kink_round H=8 col=20 round=seed frontier_in=825 map_wall_s=0.063 map_cpu_s=0.004 merge_wall_s=0.000 merge_cpu_s=0.000 map_units=1 merge_ranges=0 map_eff_cores=0.06 merge_eff_cores=0.00
event=kink_round H=6 col=33 round=stage3 frontier_in=76 map_wall_s=0.075 map_cpu_s=0.002 merge_wall_s=0.070 merge_cpu_s=0.002 map_units=1 merge_ranges=1 map_eff_cores=0.03 merge_eff_cores=0.03
event=kink_round H=10 col=12 round=stage7 frontier_in=19901 map_wall_s=0.098 map_cpu_s=0.102 merge_wall_s=0.089 merge_cpu_s=0.047 map_units=10 merge_ranges=10 map_eff_cores=1.04 merge_eff_cores=0.53
event=kink_round H=13 col=5 round=stage0 frontier_in=106843 map_wall_s=0.119 map_cpu_s=0.761 merge_wall_s=0.140 merge_cpu_s=0.607 map_units=53 merge_ranges=53 map_eff_cores=6.41 merge_eff_cores=4.35
event=kink_round H=7 col=25 round=stage5 frontier_in=1130 map_wall_s=0.061 map_cpu_s=0.002 merge_wall_s=0.074 merge_cpu_s=0.002 map_units=1 merge_ranges=1 map_eff_cores=0.03 merge_eff_cores=0.03
event=kink_round H=9 col=15 round=stage6 frontier_in=7569 map_wall_s=0.066 map_cpu_s=0.028 merge_wall_s=0.095 merge_cpu_s=0.021 map_units=4 merge_ranges=4 map_eff_cores=0.42 merge_eff_cores=0.22
event=kink_round H=11 col=9 round=finalize frontier_in=52683 map_wall_s=0.088 map_cpu_s=0.290 merge_wall_s=0.105 merge_cpu_s=0.118 map_units=26 merge_ranges=26 map_eff_cores=3.28 merge_eff_cores=1.13
event=column H=11 col=9 frontier_in=14826 frontier_out=14826 wall_s=5.90 cum_wall_s=335.5 cpu_s=4.9 rss_max_mb=73.0 map_wall_s=2.79 map_cpu_s=3.0 merge_wall_s=2.94 merge_cpu_s=1.8 map_units=278 merge_ranges=270 eff_cores=0.82
event=kink_round H=18 col=1 round=stage17 frontier_in=9338570 map_wall_s=3.146 map_cpu_s=35.824 merge_wall_s=2.122 merge_cpu_s=18.451 map_units=640 merge_ranges=80 map_eff_cores=11.39 merge_eff_cores=8.70
event=kink_round H=8 col=20 round=stage0 frontier_in=825 map_wall_s=0.077 map_cpu_s=0.003 merge_wall_s=0.097 merge_cpu_s=0.002 map_units=1 merge_ranges=1 map_eff_cores=0.04 merge_eff_cores=0.02
event=kink_round H=6 col=33 round=stage4 frontier_in=86 map_wall_s=0.070 map_cpu_s=0.001 merge_wall_s=0.098 merge_cpu_s=0.000 map_units=1 merge_ranges=1 map_eff_cores=0.01 merge_eff_cores=0.00
event=kink_round H=12 col=7 round=stage9 frontier_in=141099 map_wall_s=0.109 map_cpu_s=0.947 merge_wall_s=0.182 merge_cpu_s=0.545 map_units=69 merge_ranges=69 map_eff_cores=8.66 merge_eff_cores=2.99
event=kink_round H=10 col=12 round=stage8 frontier_in=19909 map_wall_s=0.065 map_cpu_s=0.085 merge_wall_s=0.158 merge_cpu_s=0.054 map_units=10 merge_ranges=10 map_eff_cores=1.31 merge_eff_cores=0.34
event=kink_round H=7 col=25 round=stage6 frontier_in=1170 map_wall_s=0.126 map_cpu_s=0.003 merge_wall_s=0.059 merge_cpu_s=0.002 map_units=1 merge_ranges=1 map_eff_cores=0.02 merge_eff_cores=0.03
event=kink_round H=11 col=10 round=seed frontier_in=14826 map_wall_s=0.128 map_cpu_s=0.087 merge_wall_s=0.000 merge_cpu_s=0.000 map_units=8 merge_ranges=0 map_eff_cores=0.68 merge_eff_cores=0.00
event=kink_round H=17 col=2 round=stage2 frontier_in=5122626 map_wall_s=3.236 map_cpu_s=23.269 merge_wall_s=1.121 merge_cpu_s=11.678 map_units=640 merge_ranges=80 map_eff_cores=7.19 merge_eff_cores=10.41
event=kink_round H=9 col=15 round=stage7 frontier_in=7596 map_wall_s=0.128 map_cpu_s=0.033 merge_wall_s=0.070 merge_cpu_s=0.021 map_units=4 merge_ranges=4 map_eff_cores=0.26 merge_eff_cores=0.30
event=kink_round H=6 col=33 round=stage5 frontier_in=85 map_wall_s=0.073 map_cpu_s=0.000 merge_wall_s=0.047 merge_cpu_s=0.000 map_units=1 merge_ranges=1 map_eff_cores=0.00 merge_eff_cores=0.00
event=kink_round H=8 col=20 round=stage1 frontier_in=1328 map_wall_s=0.105 map_cpu_s=0.007 merge_wall_s=0.049 merge_cpu_s=0.005 map_units=1 merge_ranges=1 map_eff_cores=0.07 merge_eff_cores=0.10
event=kink_round H=7 col=25 round=finalize frontier_in=1129 map_wall_s=0.038 map_cpu_s=0.004 merge_wall_s=0.042 merge_cpu_s=0.001 map_units=1 merge_ranges=1 map_eff_cores=0.11 merge_eff_cores=0.02
event=column H=7 col=25 frontier_in=335 frontier_out=335 wall_s=2.86 cum_wall_s=338.4 cpu_s=0.0 rss_max_mb=73.0 map_wall_s=1.46 map_cpu_s=0.0 merge_wall_s=1.40 merge_cpu_s=0.0 map_units=9 merge_ranges=8 eff_cores=0.01
event=kink_round H=6 col=33 round=finalize frontier_in=59 map_wall_s=0.016 map_cpu_s=0.000 merge_wall_s=0.042 merge_cpu_s=0.001 map_units=1 merge_ranges=1 map_eff_cores=0.00 merge_eff_cores=0.02
event=column H=6 col=33 frontier_in=22 frontier_out=9 wall_s=1.98 cum_wall_s=340.4 cpu_s=0.0 rss_max_mb=56.8 map_wall_s=1.26 map_cpu_s=0.0 merge_wall_s=0.72 merge_cpu_s=0.0 map_units=8 merge_ranges=7 eff_cores=0.00
event=kink_round H=7 col=26 round=seed frontier_in=335 map_wall_s=0.029 map_cpu_s=0.002 merge_wall_s=0.000 merge_cpu_s=0.000 map_units=1 merge_ranges=0 map_eff_cores=0.07 merge_eff_cores=0.00
event=kink_round H=6 col=34 round=seed frontier_in=9 map_wall_s=0.029 map_cpu_s=0.001 merge_wall_s=0.000 merge_cpu_s=0.000 map_units=1 merge_ranges=0 map_eff_cores=0.03 merge_eff_cores=0.00
event=kink_round H=11 col=10 round=stage0 frontier_in=14826 map_wall_s=0.044 map_cpu_s=0.096 merge_wall_s=0.066 merge_cpu_s=0.060 map_units=8 merge_ranges=8 map_eff_cores=2.19 merge_eff_cores=0.91
event=kink_round H=10 col=12 round=stage9 frontier_in=20222 map_wall_s=0.050 map_cpu_s=0.112 merge_wall_s=0.067 merge_cpu_s=0.050 map_units=10 merge_ranges=10 map_eff_cores=2.25 merge_eff_cores=0.75
event=kink_round H=9 col=15 round=stage8 frontier_in=7732 map_wall_s=0.035 map_cpu_s=0.036 merge_wall_s=0.061 merge_cpu_s=0.018 map_units=4 merge_ranges=4 map_eff_cores=1.02 merge_eff_cores=0.30
event=heartbeat H=14 col=3 elapsed_s=17 processed=80896 rate_per_s=4670 steals=0
event=kink_round H=13 col=5 round=stage1 frontier_in=171865 map_wall_s=0.202 map_cpu_s=1.166 merge_wall_s=0.115 merge_cpu_s=1.040 map_units=84 merge_ranges=80 map_eff_cores=5.78 merge_eff_cores=9.03
event=kink_round H=14 col=3 round=stage10 frontier_in=985552 map_wall_s=1.185 map_cpu_s=6.365 merge_wall_s=0.405 merge_cpu_s=4.025 map_units=482 merge_ranges=80 map_eff_cores=5.37 merge_eff_cores=9.93
event=kink_round H=8 col=20 round=stage2 frontier_in=2153 map_wall_s=0.058 map_cpu_s=0.006 merge_wall_s=0.160 merge_cpu_s=0.005 map_units=2 merge_ranges=2 map_eff_cores=0.10 merge_eff_cores=0.03
event=kink_round H=6 col=34 round=stage0 frontier_in=9 map_wall_s=0.140 map_cpu_s=0.000 merge_wall_s=0.041 merge_cpu_s=0.001 map_units=1 merge_ranges=1 map_eff_cores=0.00 merge_eff_cores=0.02
event=kink_round H=12 col=7 round=stage10 frontier_in=140628 map_wall_s=0.067 map_cpu_s=0.846 merge_wall_s=0.201 merge_cpu_s=0.578 map_units=69 merge_ranges=69 map_eff_cores=12.58 merge_eff_cores=2.88
event=kink_round H=7 col=26 round=stage0 frontier_in=335 map_wall_s=0.140 map_cpu_s=0.001 merge_wall_s=0.043 merge_cpu_s=0.001 map_units=1 merge_ranges=1 map_eff_cores=0.01 merge_eff_cores=0.02
event=kink_round H=9 col=15 round=finalize frontier_in=7529 map_wall_s=0.140 map_cpu_s=0.021 merge_wall_s=0.037 merge_cpu_s=0.008 map_units=4 merge_ranges=4 map_eff_cores=0.15 merge_eff_cores=0.22
event=column H=9 col=15 frontier_in=2153 frontier_out=2153 wall_s=4.29 cum_wall_s=344.6 cpu_s=0.4 rss_max_mb=56.8 map_wall_s=2.55 map_cpu_s=0.3 merge_wall_s=1.73 merge_cpu_s=0.2 map_units=37 merge_ranges=35 eff_cores=0.10
event=kink_round H=10 col=12 round=finalize frontier_in=19812 map_wall_s=0.145 map_cpu_s=0.067 merge_wall_s=0.043 merge_cpu_s=0.034 map_units=10 merge_ranges=10 map_eff_cores=0.46 merge_eff_cores=0.78
event=column H=10 col=12 frontier_in=5567 frontier_out=5567 wall_s=5.31 cum_wall_s=349.9 cpu_s=1.4 rss_max_mb=73.0 map_wall_s=2.95 map_cpu_s=0.9 merge_wall_s=2.31 merge_cpu_s=0.5 map_units=98 merge_ranges=95 eff_cores=0.27
event=kink_round H=9 col=16 round=seed frontier_in=2153 map_wall_s=0.026 map_cpu_s=0.009 merge_wall_s=0.000 merge_cpu_s=0.000 map_units=2 merge_ranges=0 map_eff_cores=0.35 merge_eff_cores=0.00
event=kink_round H=6 col=34 round=stage1 frontier_in=13 map_wall_s=0.027 map_cpu_s=0.000 merge_wall_s=0.010 merge_cpu_s=0.001 map_units=1 merge_ranges=1 map_eff_cores=0.00 merge_eff_cores=0.10
event=kink_round H=7 col=26 round=stage1 frontier_in=544 map_wall_s=0.025 map_cpu_s=0.002 merge_wall_s=0.017 merge_cpu_s=0.002 map_units=1 merge_ranges=1 map_eff_cores=0.08 merge_eff_cores=0.12
event=kink_round H=8 col=20 round=stage3 frontier_in=2568 map_wall_s=0.048 map_cpu_s=0.009 merge_wall_s=0.026 merge_cpu_s=0.006 map_units=2 merge_ranges=2 map_eff_cores=0.19 merge_eff_cores=0.23
event=kink_round H=6 col=34 round=stage2 frontier_in=17 map_wall_s=0.004 map_cpu_s=0.000 merge_wall_s=0.007 merge_cpu_s=0.001 map_units=1 merge_ranges=1 map_eff_cores=0.00 merge_eff_cores=0.15
event=kink_round H=10 col=13 round=seed frontier_in=5567 map_wall_s=0.025 map_cpu_s=0.021 merge_wall_s=0.000 merge_cpu_s=0.000 map_units=3 merge_ranges=0 map_eff_cores=0.84 merge_eff_cores=0.00
event=kink_round H=6 col=34 round=stage3 frontier_in=21 map_wall_s=0.002 map_cpu_s=0.001 merge_wall_s=0.008 merge_cpu_s=0.002 map_units=1 merge_ranges=1 map_eff_cores=0.55 merge_eff_cores=0.25
event=kink_round H=7 col=26 round=stage2 frontier_in=873 map_wall_s=0.004 map_cpu_s=0.002 merge_wall_s=0.012 merge_cpu_s=0.002 map_units=1 merge_ranges=1 map_eff_cores=0.49 merge_eff_cores=0.17
event=kink_round H=11 col=10 round=stage1 frontier_in=23855 map_wall_s=0.156 map_cpu_s=0.113 merge_wall_s=0.088 merge_cpu_s=0.112 map_units=12 merge_ranges=12 map_eff_cores=0.72 merge_eff_cores=1.28
event=kink_round H=8 col=20 round=stage4 frontier_in=2795 map_wall_s=0.008 map_cpu_s=0.009 merge_wall_s=0.018 merge_cpu_s=0.006 map_units=2 merge_ranges=2 map_eff_cores=1.10 merge_eff_cores=0.33
event=kink_round H=9 col=16 round=stage0 frontier_in=2153 map_wall_s=0.026 map_cpu_s=0.011 merge_wall_s=0.100 merge_cpu_s=0.007 map_units=2 merge_ranges=2 map_eff_cores=0.42 merge_eff_cores=0.07
event=kink_round H=10 col=13 round=stage0 frontier_in=5567 map_wall_s=0.034 map_cpu_s=0.028 merge_wall_s=0.140 merge_cpu_s=0.019 map_units=3 merge_ranges=3 map_eff_cores=0.82 merge_eff_cores=0.14
event=kink_round H=13 col=5 round=stage2 frontier_in=278093 map_wall_s=0.179 map_cpu_s=1.866 merge_wall_s=0.204 merge_cpu_s=1.277 map_units=136 merge_ranges=80 map_eff_cores=10.40 merge_eff_cores=6.25
event=kink_round H=6 col=34 round=stage4 frontier_in=23 map_wall_s=0.092 map_cpu_s=0.000 merge_wall_s=0.133 merge_cpu_s=0.001 map_units=1 merge_ranges=1 map_eff_cores=0.00 merge_eff_cores=0.01
event=kink_round H=7 col=26 round=stage3 frontier_in=1036 map_wall_s=0.116 map_cpu_s=0.002 merge_wall_s=0.111 merge_cpu_s=0.002 map_units=1 merge_ranges=1 map_eff_cores=0.02 merge_eff_cores=0.02
event=kink_round H=8 col=20 round=stage5 frontier_in=2858 map_wall_s=0.146 map_cpu_s=0.010 merge_wall_s=0.094 merge_cpu_s=0.007 map_units=2 merge_ranges=2 map_eff_cores=0.07 merge_eff_cores=0.07
event=kink_round H=11 col=10 round=stage2 frontier_in=38640 map_wall_s=0.151 map_cpu_s=0.154 merge_wall_s=0.144 merge_cpu_s=0.135 map_units=19 merge_ranges=19 map_eff_cores=1.02 merge_eff_cores=0.94
event=kink_round H=12 col=7 round=stage11 frontier_in=142690 map_wall_s=0.163 map_cpu_s=0.834 merge_wall_s=0.177 merge_cpu_s=0.550 map_units=70 merge_ranges=70 map_eff_cores=5.13 merge_eff_cores=3.11
event=kink_round H=9 col=16 round=stage1 frontier_in=3472 map_wall_s=0.132 map_cpu_s=0.016 merge_wall_s=0.115 merge_cpu_s=0.012 map_units=2 merge_ranges=2 map_eff_cores=0.12 merge_eff_cores=0.10
event=kink_round H=16 col=2 round=stage8 frontier_in=3715518 map_wall_s=1.328 map_cpu_s=16.230 merge_wall_s=0.657 merge_cpu_s=8.910 map_units=640 merge_ranges=80 map_eff_cores=12.22 merge_eff_cores=13.56
event=kink_round H=10 col=13 round=stage1 frontier_in=8947 map_wall_s=0.102 map_cpu_s=0.041 merge_wall_s=0.169 merge_cpu_s=0.039 map_units=5 merge_ranges=5 map_eff_cores=0.40 merge_eff_cores=0.23
event=kink_round H=7 col=26 round=stage4 frontier_in=1113 map_wall_s=0.105 map_cpu_s=0.002 merge_wall_s=0.138 merge_cpu_s=0.002 map_units=1 merge_ranges=1 map_eff_cores=0.02 merge_eff_cores=0.01
event=kink_round H=6 col=34 round=stage5 frontier_in=22 map_wall_s=0.111 map_cpu_s=0.001 merge_wall_s=0.137 merge_cpu_s=0.001 map_units=1 merge_ranges=1 map_eff_cores=0.01 merge_eff_cores=0.01
event=kink_round H=15 col=2 round=stage13 frontier_in=2205535 map_wall_s=1.004 map_cpu_s=11.518 merge_wall_s=0.555 merge_cpu_s=6.359 map_units=640 merge_ranges=80 map_eff_cores=11.48 merge_eff_cores=11.46
event=kink_round H=8 col=20 round=stage6 frontier_in=2920 map_wall_s=0.130 map_cpu_s=0.012 merge_wall_s=0.138 merge_cpu_s=0.006 map_units=2 merge_ranges=2 map_eff_cores=0.09 merge_eff_cores=0.04
event=kink_round H=9 col=16 round=stage2 frontier_in=5618 map_wall_s=0.152 map_cpu_s=0.027 merge_wall_s=0.115 merge_cpu_s=0.017 map_units=3 merge_ranges=3 map_eff_cores=0.18 merge_eff_cores=0.15
event=kink_round H=11 col=10 round=stage3 frontier_in=45710 map_wall_s=0.135 map_cpu_s=0.327 merge_wall_s=0.151 merge_cpu_s=0.149 map_units=23 merge_ranges=23 map_eff_cores=2.42 merge_eff_cores=0.99
event=kink_round H=6 col=34 round=finalize frontier_in=13 map_wall_s=0.109 map_cpu_s=0.000 merge_wall_s=0.154 merge_cpu_s=0.000 map_units=1 merge_ranges=1 map_eff_cores=0.00 merge_eff_cores=0.00
event=column H=6 col=34 frontier_in=9 frontier_out=3 wall_s=1.01 cum_wall_s=351.0 cpu_s=0.0 rss_max_mb=50.8 map_wall_s=0.51 map_cpu_s=0.0 merge_wall_s=0.49 merge_cpu_s=0.0 map_units=8 merge_ranges=7 eff_cores=0.01
event=kink_round H=7 col=26 round=stage5 frontier_in=1130 map_wall_s=0.109 map_cpu_s=0.002 merge_wall_s=0.155 merge_cpu_s=0.001 map_units=1 merge_ranges=1 map_eff_cores=0.02 merge_eff_cores=0.01
event=kink_round H=10 col=13 round=stage2 frontier_in=14518 map_wall_s=0.139 map_cpu_s=0.077 merge_wall_s=0.174 merge_cpu_s=0.040 map_units=8 merge_ranges=8 map_eff_cores=0.56 merge_eff_cores=0.23
event=kink_round H=12 col=7 round=finalize frontier_in=141350 map_wall_s=0.150 map_cpu_s=0.754 merge_wall_s=0.235 merge_cpu_s=0.452 map_units=70 merge_ranges=70 map_eff_cores=5.01 merge_eff_cores=1.92
event=column H=12 col=7 frontier_in=39506 frontier_out=39506 wall_s=7.21 cum_wall_s=358.2 cpu_s=16.6 rss_max_mb=73.0 map_wall_s=3.50 map_cpu_s=10.0 merge_wall_s=3.15 merge_cpu_s=6.6 map_units=801 merge_ranges=781 eff_cores=2.30
event=kink_round H=8 col=20 round=stage7 frontier_in=2997 map_wall_s=0.120 map_cpu_s=0.009 merge_wall_s=0.259 merge_cpu_s=0.006 map_units=2 merge_ranges=2 map_eff_cores=0.07 merge_eff_cores=0.02
event=kink_round H=14 col=3 round=stage11 frontier_in=1005898 map_wall_s=0.617 map_cpu_s=6.468 merge_wall_s=0.563 merge_cpu_s=4.131 map_units=492 merge_ranges=80 map_eff_cores=10.48 merge_eff_cores=7.34
event=kink_round H=6 col=35 round=seed frontier_in=3 map_wall_s=0.333 map_cpu_s=0.001 merge_wall_s=0.000 merge_cpu_s=0.000 map_units=1 merge_ranges=0 map_eff_cores=0.00 merge_eff_cores=0.00
event=kink_round H=13 col=5 round=stage3 frontier_in=327287 map_wall_s=0.319 map_cpu_s=2.347 merge_wall_s=0.518 merge_cpu_s=1.728 map_units=160 merge_ranges=80 map_eff_cores=7.37 merge_eff_cores=3.33
event=kink_round H=9 col=16 round=stage3 frontier_in=6682 map_wall_s=0.249 map_cpu_s=0.030 merge_wall_s=0.245 merge_cpu_s=0.017 map_units=4 merge_ranges=4 map_eff_cores=0.12 merge_eff_cores=0.07
event=kink_round H=12 col=8 round=seed frontier_in=39506 map_wall_s=0.289 map_cpu_s=0.247 merge_wall_s=0.000 merge_cpu_s=0.000 map_units=20 merge_ranges=0 map_eff_cores=0.85 merge_eff_cores=0.00
event=kink_round H=11 col=10 round=stage4 frontier_in=49855 map_wall_s=0.279 map_cpu_s=0.287 merge_wall_s=0.267 merge_cpu_s=0.180 map_units=25 merge_ranges=25 map_eff_cores=1.03 merge_eff_cores=0.67
event=kink_round H=7 col=26 round=stage6 frontier_in=1170 map_wall_s=0.351 map_cpu_s=0.003 merge_wall_s=0.246 merge_cpu_s=0.002 map_units=1 merge_ranges=1 map_eff_cores=0.01 merge_eff_cores=0.01
event=kink_round H=8 col=20 round=finalize frontier_in=2895 map_wall_s=0.216 map_cpu_s=0.009 merge_wall_s=0.248 merge_cpu_s=0.003 map_units=2 merge_ranges=2 map_eff_cores=0.04 merge_eff_cores=0.01
event=column H=8 col=20 frontier_in=825 frontier_out=825 wall_s=2.06 cum_wall_s=360.2 cpu_s=0.1 rss_max_mb=56.8 map_wall_s=0.97 map_cpu_s=0.1 merge_wall_s=1.09 merge_cpu_s=0.0 map_units=17 merge_ranges=16 eff_cores=0.06
event=kink_round H=10 col=13 round=stage3 frontier_in=17220 map_wall_s=0.357 map_cpu_s=0.089 merge_wall_s=0.273 merge_cpu_s=0.056 map_units=9 merge_ranges=9 map_eff_cores=0.25 merge_eff_cores=0.21
event=kink_round H=6 col=35 round=stage0 frontier_in=3 map_wall_s=0.239 map_cpu_s=0.001 merge_wall_s=0.347 merge_cpu_s=0.001 map_units=1 merge_ranges=1 map_eff_cores=0.00 merge_eff_cores=0.00
event=kink_round H=8 col=21 round=seed frontier_in=825 map_wall_s=0.371 map_cpu_s=0.003 merge_wall_s=0.000 merge_cpu_s=0.000 map_units=1 merge_ranges=0 map_eff_cores=0.01 merge_eff_cores=0.00
event=kink_round H=9 col=16 round=stage4 frontier_in=7282 map_wall_s=0.273 map_cpu_s=0.034 merge_wall_s=0.398 merge_cpu_s=0.019 map_units=4 merge_ranges=4 map_eff_cores=0.12 merge_eff_cores=0.05
event=kink_round H=12 col=8 round=stage0 frontier_in=39506 map_wall_s=0.279 map_cpu_s=0.270 merge_wall_s=0.437 merge_cpu_s=0.208 map_units=20 merge_ranges=20 map_eff_cores=0.97 merge_eff_cores=0.48
event=kink_round H=11 col=10 round=stage5 frontier_in=51728 map_wall_s=0.373 map_cpu_s=0.320 merge_wall_s=0.377 merge_cpu_s=0.162 map_units=26 merge_ranges=26 map_eff_cores=0.86 merge_eff_cores=0.43
event=kink_round H=7 col=26 round=finalize frontier_in=1129 map_wall_s=0.360 map_cpu_s=0.003 merge_wall_s=0.249 merge_cpu_s=0.001 map_units=1 merge_ranges=1 map_eff_cores=0.01 merge_eff_cores=0.00
event=column H=7 col=26 frontier_in=335 frontier_out=335 wall_s=2.21 cum_wall_s=362.4 cpu_s=0.0 rss_max_mb=73.0 map_wall_s=1.24 map_cpu_s=0.0 merge_wall_s=0.97 merge_cpu_s=0.0 map_units=9 merge_ranges=8 eff_cores=0.01
event=kink_round H=10 col=13 round=stage4 frontier_in=18804 map_wall_s=0.409 map_cpu_s=0.099 merge_wall_s=0.227 merge_cpu_s=0.057 map_units=10 merge_ranges=10 map_eff_cores=0.24 merge_eff_cores=0.25
event=kink_round H=6 col=35 round=stage1 frontier_in=3 map_wall_s=0.278 map_cpu_s=0.001 merge_wall_s=0.179 merge_cpu_s=0.000 map_units=1 merge_ranges=1 map_eff_cores=0.00 merge_eff_cores=0.00
event=kink_round H=7 col=27 round=seed frontier_in=335 map_wall_s=0.182 map_cpu_s=0.001 merge_wall_s=0.000 merge_cpu_s=0.000 map_units=1 merge_ranges=0 map_eff_cores=0.01 merge_eff_cores=0.00
event=kink_round H=8 col=21 round=stage0 frontier_in=825 map_wall_s=0.234 map_cpu_s=0.004 merge_wall_s=0.183 merge_cpu_s=0.002 map_units=1 merge_ranges=1 map_eff_cores=0.02 merge_eff_cores=0.01
event=kink_round H=9 col=16 round=stage5 frontier_in=7502 map_wall_s=0.217 map_cpu_s=0.035 merge_wall_s=0.217 merge_cpu_s=0.019 map_units=4 merge_ranges=4 map_eff_cores=0.16 merge_eff_cores=0.09
event=heartbeat H=18 col=1 elapsed_s=35 processed=516096 rate_per_s=14898 steals=0
event=kink_round H=12 col=8 round=stage1 frontier_in=63502 map_wall_s=0.190 map_cpu_s=0.418 merge_wall_s=0.352 merge_cpu_s=0.333 map_units=32 merge_ranges=32 map_eff_cores=2.20 merge_eff_cores=0.95
event=kink_round H=13 col=5 round=stage4 frontier_in=356349 map_wall_s=0.873 map_cpu_s=2.725 merge_wall_s=0.495 merge_cpu_s=1.817 map_units=174 merge_ranges=80 map_eff_cores=3.12 merge_eff_cores=3.67
event=kink_round H=11 col=10 round=stage6 frontier_in=52427 map_wall_s=0.217 map_cpu_s=0.247 merge_wall_s=0.429 merge_cpu_s=0.176 map_units=26 merge_ranges=26 map_eff_cores=1.14 merge_eff_cores=0.41
event=kink_round H=10 col=13 round=stage5 frontier_in=19508 map_wall_s=0.232 map_cpu_s=0.090 merge_wall_s=0.381 merge_cpu_s=0.058 map_units=10 merge_ranges=10 map_eff_cores=0.39 merge_eff_cores=0.15
event=kink_round H=6 col=35 round=stage2 frontier_in=3 map_wall_s=0.335 map_cpu_s=0.001 merge_wall_s=0.244 merge_cpu_s=0.001 map_units=1 merge_ranges=1 map_eff_cores=0.00 merge_eff_cores=0.00
event=kink_round H=7 col=27 round=stage0 frontier_in=335 map_wall_s=0.348 map_cpu_s=0.001 merge_wall_s=0.237 merge_cpu_s=0.001 map_units=1 merge_ranges=1 map_eff_cores=0.00 merge_eff_cores=0.00
event=kink_round H=8 col=21 round=stage1 frontier_in=1328 map_wall_s=0.368 map_cpu_s=0.006 merge_wall_s=0.248 merge_cpu_s=0.004 map_units=1 merge_ranges=1 map_eff_cores=0.02 merge_eff_cores=0.02
event=kink_round H=9 col=16 round=stage6 frontier_in=7569 map_wall_s=0.397 map_cpu_s=0.037 merge_wall_s=0.217 merge_cpu_s=0.021 map_units=4 merge_ranges=4 map_eff_cores=0.09 merge_eff_cores=0.10
event=kink_round H=12 col=8 round=stage2 frontier_in=102880 map_wall_s=0.305 map_cpu_s=0.745 merge_wall_s=0.285 merge_cpu_s=0.497 map_units=51 merge_ranges=51 map_eff_cores=2.44 merge_eff_cores=1.75
event=kink_round H=6 col=35 round=stage3 frontier_in=3 map_wall_s=0.165 map_cpu_s=0.001 merge_wall_s=0.521 merge_cpu_s=0.001 map_units=1 merge_ranges=1 map_eff_cores=0.01 merge_eff_cores=0.00
event=kink_round H=10 col=13 round=stage6 frontier_in=19682 map_wall_s=0.220 map_cpu_s=0.107 merge_wall_s=0.550 merge_cpu_s=0.055 map_units=10 merge_ranges=10 map_eff_cores=0.49 merge_eff_cores=0.10
event=kink_round H=7 col=27 round=stage1 frontier_in=544 map_wall_s=0.188 map_cpu_s=0.002 merge_wall_s=0.542 merge_cpu_s=0.002 map_units=1 merge_ranges=1 map_eff_cores=0.01 merge_eff_cores=0.00
event=kink_round H=11 col=10 round=stage7 frontier_in=52569 map_wall_s=0.228 map_cpu_s=0.343 merge_wall_s=0.583 merge_cpu_s=0.165 map_units=26 merge_ranges=26 map_eff_cores=1.51 merge_eff_cores=0.28
event=kink_round H=8 col=21 round=stage2 frontier_in=2153 map_wall_s=0.183 map_cpu_s=0.009 merge_wall_s=0.541 merge_cpu_s=0.006 map_units=2 merge_ranges=2 map_eff_cores=0.05 merge_eff_cores=0.01
event=kink_round H=9 col=16 round=stage7 frontier_in=7596 map_wall_s=0.550 map_cpu_s=0.031 merge_wall_s=0.564 merge_cpu_s=0.017 map_units=4 merge_ranges=4 map_eff_cores=0.06 merge_eff_cores=0.03
event=kink_round H=12 col=8 round=stage3 frontier_in=121352 map_wall_s=0.583 map_cpu_s=0.972 merge_wall_s=0.509 merge_cpu_s=0.464 map_units=60 merge_ranges=60 map_eff_cores=1.67 merge_eff_cores=0.91
event=kink_round H=6 col=35 round=stage4 frontier_in=3 map_wall_s=0.550 map_cpu_s=0.001 merge_wall_s=0.305 merge_cpu_s=0.000 map_units=1 merge_ranges=1 map_eff_cores=0.00 merge_eff_cores=0.00
event=kink_round H=7 col=27 round=stage2 frontier_in=873 map_wall_s=0.535 map_cpu_s=0.002 merge_wall_s=0.266 merge_cpu_s=0.001 map_units=1 merge_ranges=1 map_eff_cores=0.00 merge_eff_cores=0.00
event=kink_round H=8 col=21 round=stage3 frontier_in=2568 map_wall_s=0.503 map_cpu_s=0.006 merge_wall_s=0.256 merge_cpu_s=0.004 map_units=2 merge_ranges=2 map_eff_cores=0.01 merge_eff_cores=0.02
event=kink_round H=10 col=13 round=stage7 frontier_in=19901 map_wall_s=0.545 map_cpu_s=0.067 merge_wall_s=0.282 merge_cpu_s=0.048 map_units=10 merge_ranges=10 map_eff_cores=0.12 merge_eff_cores=0.17
event=kink_round H=11 col=10 round=stage8 frontier_in=52799 map_wall_s=0.550 map_cpu_s=0.217 merge_wall_s=0.286 merge_cpu_s=0.163 map_units=26 merge_ranges=26 map_eff_cores=0.39 merge_eff_cores=0.57
event=kink_round H=7 col=27 round=stage3 frontier_in=1033 map_wall_s=0.072 map_cpu_s=0.002 merge_wall_s=0.011 merge_cpu_s=0.002 map_units=1 merge_ranges=1 map_eff_cores=0.03 merge_eff_cores=0.19
event=kink_round H=9 col=16 round=stage8 frontier_in=7732 map_wall_s=0.308 map_cpu_s=0.023 merge_wall_s=0.067 merge_cpu_s=0.017 map_units=4 merge_ranges=4 map_eff_cores=0.07 merge_eff_cores=0.25
event=kink_round H=6 col=35 round=stage5 frontier_in=2 map_wall_s=0.079 map_cpu_s=0.000 merge_wall_s=0.014 merge_cpu_s=0.000 map_units=1 merge_ranges=1 map_eff_cores=0.00 merge_eff_cores=0.00
event=kink_round H=6 col=35 round=finalize frontier_in=1 map_wall_s=0.001 map_cpu_s=0.000 merge_wall_s=0.000 merge_cpu_s=0.000 map_units=0 merge_ranges=0 map_eff_cores=0.00 merge_eff_cores=0.00
event=kink_round H=8 col=21 round=stage4 frontier_in=2795 map_wall_s=0.065 map_cpu_s=0.007 merge_wall_s=0.008 merge_cpu_s=0.005 map_units=2 merge_ranges=2 map_eff_cores=0.11 merge_eff_cores=0.65
event=column H=6 col=35 frontier_in=3 frontier_out=0 wall_s=3.59 cum_wall_s=366.0 cpu_s=0.0 rss_max_mb=73.0 map_wall_s=1.98 map_cpu_s=0.0 merge_wall_s=1.61 merge_cpu_s=0.0 map_units=7 merge_ranges=6 eff_cores=0.00
event=kink_round H=7 col=27 round=stage4 frontier_in=1110 map_wall_s=0.002 map_cpu_s=0.002 merge_wall_s=0.002 merge_cpu_s=0.001 map_units=1 merge_ranges=1 map_eff_cores=0.98 merge_eff_cores=0.65
event=kink_round H=7 col=27 round=stage5 frontier_in=1128 map_wall_s=0.002 map_cpu_s=0.002 merge_wall_s=0.002 merge_cpu_s=0.001 map_units=1 merge_ranges=1 map_eff_cores=0.81 merge_eff_cores=0.47
event=kink_round H=8 col=21 round=stage5 frontier_in=2858 map_wall_s=0.004 map_cpu_s=0.007 merge_wall_s=0.003 merge_cpu_s=0.004 map_units=2 merge_ranges=2 map_eff_cores=1.79 merge_eff_cores=1.15
event=kink_round H=9 col=16 round=finalize frontier_in=7529 map_wall_s=0.007 map_cpu_s=0.018 merge_wall_s=0.003 merge_cpu_s=0.007 map_units=4 merge_ranges=4 map_eff_cores=2.55 merge_eff_cores=2.54
event=kink_round H=7 col=27 round=stage6 frontier_in=1170 map_wall_s=0.002 map_cpu_s=0.002 merge_wall_s=0.002 merge_cpu_s=0.001 map_units=1 merge_ranges=1 map_eff_cores=1.00 merge_eff_cores=0.64
event=column H=9 col=16 frontier_in=2153 frontier_out=2153 wall_s=4.39 cum_wall_s=370.4 cpu_s=0.4 rss_max_mb=73.0 map_wall_s=2.34 map_cpu_s=0.3 merge_wall_s=2.04 merge_cpu_s=0.2 map_units=37 merge_ranges=35 eff_cores=0.10
event=kink_round H=7 col=27 round=finalize frontier_in=1129 map_wall_s=0.007 map_cpu_s=0.001 merge_wall_s=0.009 merge_cpu_s=0.001 map_units=1 merge_ranges=1 map_eff_cores=0.14 merge_eff_cores=0.11
event=column H=7 col=27 frontier_in=335 frontier_out=335 wall_s=2.41 cum_wall_s=372.8 cpu_s=0.0 rss_max_mb=52.8 map_wall_s=1.34 map_cpu_s=0.0 merge_wall_s=1.07 merge_cpu_s=0.0 map_units=9 merge_ranges=8 eff_cores=0.01
event=kink_round H=10 col=13 round=stage8 frontier_in=19909 map_wall_s=0.061 map_cpu_s=0.081 merge_wall_s=0.021 merge_cpu_s=0.049 map_units=10 merge_ranges=10 map_eff_cores=1.34 merge_eff_cores=2.29
event=kink_round H=9 col=17 round=seed frontier_in=2153 map_wall_s=0.019 map_cpu_s=0.010 merge_wall_s=0.000 merge_cpu_s=0.000 map_units=2 merge_ranges=0 map_eff_cores=0.54 merge_eff_cores=0.00
event=kink_round H=8 col=21 round=stage6 frontier_in=2920 map_wall_s=0.009 map_cpu_s=0.007 merge_wall_s=0.013 merge_cpu_s=0.005 map_units=2 merge_ranges=2 map_eff_cores=0.77 merge_eff_cores=0.38
event=kink_round H=11 col=10 round=stage9 frontier_in=52650 map_wall_s=0.035 map_cpu_s=0.227 merge_wall_s=0.040 merge_cpu_s=0.181 map_units=26 merge_ranges=26 map_eff_cores=6.49 merge_eff_cores=4.49
event=kink_round H=14 col=3 round=stage12 frontier_in=1008051 map_wall_s=2.320 map_cpu_s=7.954 merge_wall_s=0.831 merge_cpu_s=4.044 map_units=493 merge_ranges=80 map_eff_cores=3.43 merge_eff_cores=4.87
event=kink_round H=13 col=5 round=stage5 frontier_in=370085 map_wall_s=1.314 map_cpu_s=2.988 merge_wall_s=0.379 merge_cpu_s=1.571 map_units=181 merge_ranges=80 map_eff_cores=2.27 merge_eff_cores=4.15
event=kink_round H=12 col=8 round=stage4 frontier_in=132241 map_wall_s=0.212 map_cpu_s=0.694 merge_wall_s=0.054 merge_cpu_s=0.638 map_units=65 merge_ranges=65 map_eff_cores=3.27 merge_eff_cores=11.83
event=kink_round H=7 col=28 round=seed frontier_in=335 map_wall_s=0.111 map_cpu_s=0.001 merge_wall_s=0.000 merge_cpu_s=0.000 map_units=1 merge_ranges=0 map_eff_cores=0.01 merge_eff_cores=0.00
event=kink_round H=17 col=2 round=stage3 frontier_in=6279572 map_wall_s=2.454 map_cpu_s=28.481 merge_wall_s=1.931 merge_cpu_s=15.342 map_units=640 merge_ranges=80 map_eff_cores=11.61 merge_eff_cores=7.94
event=kink_round H=8 col=21 round=stage7 frontier_in=2997 map_wall_s=0.124 map_cpu_s=0.006 merge_wall_s=0.065 merge_cpu_s=0.005 map_units=2 merge_ranges=2 map_eff_cores=0.05 merge_eff_cores=0.08
event=kink_round H=9 col=17 round=stage0 frontier_in=2153 map_wall_s=0.124 map_cpu_s=0.007 merge_wall_s=0.069 merge_cpu_s=0.008 map_units=2 merge_ranges=2 map_eff_cores=0.06 merge_eff_cores=0.12
event=kink_round H=10 col=13 round=stage9 frontier_in=20222 map_wall_s=0.127 map_cpu_s=0.063 merge_wall_s=0.070 merge_cpu_s=0.046 map_units=10 merge_ranges=10 map_eff_cores=0.50 merge_eff_cores=0.66
event=kink_round H=7 col=28 round=stage0 frontier_in=335 map_wall_s=0.064 map_cpu_s=0.001 merge_wall_s=0.053 merge_cpu_s=0.001 map_units=1 merge_ranges=1 map_eff_cores=0.02 merge_eff_cores=0.02
event=kink_round H=11 col=10 round=stage10 frontier_in=53453 map_wall_s=0.134 map_cpu_s=0.210 merge_wall_s=0.070 merge_cpu_s=0.159 map_units=27 merge_ranges=27 map_eff_cores=1.57 merge_eff_cores=2.27
event=kink_round H=15 col=2 round=stage14 frontier_in=2367815 map_wall_s=2.855 map_cpu_s=13.874 merge_wall_s=1.062 merge_cpu_s=6.611 map_units=640 merge_ranges=80 map_eff_cores=4.86 merge_eff_cores=6.23
event=kink_round H=18 col=1 round=finalize frontier_in=12030739 map_wall_s=2.930 map_cpu_s=48.780 merge_wall_s=1.771 merge_cpu_s=18.983 map_units=640 merge_ranges=80 map_eff_cores=16.65 merge_eff_cores=10.72
event=kink_round H=8 col=21 round=finalize frontier_in=2895 map_wall_s=0.064 map_cpu_s=0.006 merge_wall_s=0.041 merge_cpu_s=0.002 map_units=2 merge_ranges=2 map_eff_cores=0.09 merge_eff_cores=0.05
event=column H=8 col=21 frontier_in=825 frontier_out=825 wall_s=3.29 cum_wall_s=376.1 cpu_s=0.1 rss_max_mb=73.0 map_wall_s=1.92 map_cpu_s=0.1 merge_wall_s=1.36 merge_cpu_s=0.0 map_units=17 merge_ranges=16 eff_cores=0.03
event=kink_round H=12 col=8 round=stage5 frontier_in=137385 map_wall_s=0.115 map_cpu_s=0.716 merge_wall_s=0.134 merge_cpu_s=0.601 map_units=68 merge_ranges=68 map_eff_cores=6.21 merge_eff_cores=4.49
event=kink_round H=7 col=28 round=stage1 frontier_in=541 map_wall_s=0.064 map_cpu_s=0.001 merge_wall_s=0.021 merge_cpu_s=0.001 map_units=1 merge_ranges=1 map_eff_cores=0.02 merge_eff_cores=0.05
event=kink_round H=9 col=17 round=stage1 frontier_in=3472 map_wall_s=0.085 map_cpu_s=0.015 merge_wall_s=0.041 merge_cpu_s=0.010 map_units=2 merge_ranges=2 map_eff_cores=0.18 merge_eff_cores=0.24
event=kink_round H=8 col=22 round=seed frontier_in=825 map_wall_s=0.027 map_cpu_s=0.002 merge_wall_s=0.000 merge_cpu_s=0.000 map_units=1 merge_ranges=0 map_eff_cores=0.08 merge_eff_cores=0.00
event=kink_round H=10 col=13 round=finalize frontier_in=19812 map_wall_s=0.085 map_cpu_s=0.060 merge_wall_s=0.037 merge_cpu_s=0.024 map_units=10 merge_ranges=10 map_eff_cores=0.71 merge_eff_cores=0.66
event=kink_round H=7 col=28 round=stage2 frontier_in=868 map_wall_s=0.011 map_cpu_s=0.002 merge_wall_s=0.014 merge_cpu_s=0.001 map_units=1 merge_ranges=1 map_eff_cores=0.19 merge_eff_cores=0.07
event=column H=10 col=13 frontier_in=5567 frontier_out=5567 wall_s=4.73 cum_wall_s=380.8 cpu_s=1.3 rss_max_mb=73.0 map_wall_s=2.33 map_cpu_s=0.8 merge_wall_s=2.32 merge_cpu_s=0.5 map_units=98 merge_ranges=95 eff_cores=0.28
event=kink_round H=11 col=10 round=finalize frontier_in=52683 map_wall_s=0.063 map_cpu_s=0.179 merge_wall_s=0.038 merge_cpu_s=0.099 map_units=26 merge_ranges=26 map_eff_cores=2.85 merge_eff_cores=2.59
event=column H=11 col=10 frontier_in=14826 frontier_out=14826 wall_s=5.20 cum_wall_s=386.0 cpu_s=4.5 rss_max_mb=73.0 map_wall_s=2.49 map_cpu_s=2.8 merge_wall_s=2.54 merge_cpu_s=1.7 map_units=278 merge_ranges=270 eff_cores=0.87
event=kink_round H=8 col=22 round=stage0 frontier_in=825 map_wall_s=0.028 map_cpu_s=0.002 merge_wall_s=0.080 merge_cpu_s=0.002 map_units=1 merge_ranges=1 map_eff_cores=0.07 merge_eff_cores=0.02
event=kink_round H=9 col=17 round=stage2 frontier_in=5618 map_wall_s=0.035 map_cpu_s=0.018 merge_wall_s=0.093 merge_cpu_s=0.012 map_units=3 merge_ranges=3 map_eff_cores=0.52 merge_eff_cores=0.13
event=kink_round H=7 col=28 round=stage3 frontier_in=1026 map_wall_s=0.086 map_cpu_s=0.002 merge_wall_s=0.033 merge_cpu_s=0.001 map_units=1 merge_ranges=1 map_eff_cores=0.02 merge_eff_cores=0.03
event=kink_round H=10 col=14 round=seed frontier_in=5567 map_wall_s=0.118 map_cpu_s=0.021 merge_wall_s=0.000 merge_cpu_s=0.000 map_units=3 merge_ranges=0 map_eff_cores=0.18 merge_eff_cores=0.00
event=kink_round H=7 col=28 round=stage4 frontier_in=1102 map_wall_s=0.007 map_cpu_s=0.002 merge_wall_s=0.004 merge_cpu_s=0.001 map_units=1 merge_ranges=1 map_eff_cores=0.30 merge_eff_cores=0.25
event=kink_round H=8 col=22 round=stage1 frontier_in=1328 map_wall_s=0.015 map_cpu_s=0.004 merge_wall_s=0.016 merge_cpu_s=0.004 map_units=1 merge_ranges=1 map_eff_cores=0.26 merge_eff_cores=0.25
event=kink_round H=11 col=11 round=seed frontier_in=14826 map_wall_s=0.086 map_cpu_s=0.057 merge_wall_s=0.000 merge_cpu_s=0.000 map_units=8 merge_ranges=0 map_eff_cores=0.66 merge_eff_cores=0.00
event=kink_round H=7 col=28 round=stage5 frontier_in=1123 map_wall_s=0.004 map_cpu_s=0.002 merge_wall_s=0.012 merge_cpu_s=0.001 map_units=1 merge_ranges=1 map_eff_cores=0.57 merge_eff_cores=0.08
event=kink_round H=9 col=17 round=stage3 frontier_in=6682 map_wall_s=0.030 map_cpu_s=0.023 merge_wall_s=0.034 merge_cpu_s=0.014 map_units=4 merge_ranges=4 map_eff_cores=0.78 merge_eff_cores=0.41
event=kink_round H=7 col=28 round=stage6 frontier_in=1168 map_wall_s=0.030 map_cpu_s=0.002 merge_wall_s=0.014 merge_cpu_s=0.001 map_units=1 merge_ranges=1 map_eff_cores=0.07 merge_eff_cores=0.07
event=kink_round H=10 col=14 round=stage0 frontier_in=5567 map_wall_s=0.032 map_cpu_s=0.023 merge_wall_s=0.039 merge_cpu_s=0.019 map_units=3 merge_ranges=3 map_eff_cores=0.72 merge_eff_cores=0.49
event=kink_round H=8 col=22 round=stage2 frontier_in=2153 map_wall_s=0.023 map_cpu_s=0.006 merge_wall_s=0.044 merge_cpu_s=0.004 map_units=2 merge_ranges=2 map_eff_cores=0.26 merge_eff_cores=0.09
event=kink_round H=11 col=11 round=stage0 frontier_in=14826 map_wall_s=0.040 map_cpu_s=0.066 merge_wall_s=0.037 merge_cpu_s=0.057 map_units=8 merge_ranges=8 map_eff_cores=1.63 merge_eff_cores=1.52
event=kink_round H=7 col=28 round=finalize frontier_in=1122 map_wall_s=0.021 map_cpu_s=0.001 merge_wall_s=0.016 merge_cpu_s=0.001 map_units=1 merge_ranges=1 map_eff_cores=0.05 merge_eff_cores=0.06
event=column H=7 col=28 frontier_in=335 frontier_out=331 wall_s=0.56 cum_wall_s=386.6 cpu_s=0.0 rss_max_mb=56.8 map_wall_s=0.40 map_cpu_s=0.0 merge_wall_s=0.17 merge_cpu_s=0.0 map_units=9 merge_ranges=8 eff_cores=0.04
event=kink_round H=13 col=5 round=stage6 frontier_in=376071 map_wall_s=0.248 map_cpu_s=2.332 merge_wall_s=0.250 merge_cpu_s=1.501 map_units=184 merge_ranges=80 map_eff_cores=9.41 merge_eff_cores=6.00
event=kink_round H=7 col=29 round=seed frontier_in=331 map_wall_s=0.015 map_cpu_s=0.001 merge_wall_s=0.000 merge_cpu_s=0.000 map_units=1 merge_ranges=0 map_eff_cores=0.07 merge_eff_cores=0.00
event=kink_round H=12 col=8 round=stage6 frontier_in=139597 map_wall_s=0.136 map_cpu_s=0.729 merge_wall_s=0.115 merge_cpu_s=0.529 map_units=69 merge_ranges=69 map_eff_cores=5.34 merge_eff_cores=4.61
event=kink_round H=9 col=17 round=stage4 frontier_in=7282 map_wall_s=0.029 map_cpu_s=0.022 merge_wall_s=0.041 merge_cpu_s=0.016 map_units=4 merge_ranges=4 map_eff_cores=0.75 merge_eff_cores=0.39
event=kink_round H=7 col=29 round=stage0 frontier_in=331 map_wall_s=0.009 map_cpu_s=0.001 merge_wall_s=0.004 merge_cpu_s=0.001 map_units=1 merge_ranges=1 map_eff_cores=0.12 merge_eff_cores=0.25
event=kink_round H=8 col=22 round=stage3 frontier_in=2568 map_wall_s=0.028 map_cpu_s=0.007 merge_wall_s=0.040 merge_cpu_s=0.004 map_units=2 merge_ranges=2 map_eff_cores=0.25 merge_eff_cores=0.10
event=kink_round H=10 col=14 round=stage1 frontier_in=8947 map_wall_s=0.056 map_cpu_s=0.036 merge_wall_s=0.027 merge_cpu_s=0.030 map_units=5 merge_ranges=5 map_eff_cores=0.64 merge_eff_cores=1.09
event=kink_round H=11 col=11 round=stage1 frontier_in=23855 map_wall_s=0.038 map_cpu_s=0.106 merge_wall_s=0.065 merge_cpu_s=0.093 map_units=12 merge_ranges=12 map_eff_cores=2.80 merge_eff_cores=1.44
event=kink_round H=16 col=2 round=stage9 frontier_in=3993270 map_wall_s=3.327 map_cpu_s=19.590 merge_wall_s=0.718 merge_cpu_s=9.847 map_units=640 merge_ranges=80 map_eff_cores=5.89 merge_eff_cores=13.71
event=kink_round H=7 col=29 round=stage1 frontier_in=530 map_wall_s=0.014 map_cpu_s=0.001 merge_wall_s=0.109 merge_cpu_s=0.001 map_units=1 merge_ranges=1 map_eff_cores=0.07 merge_eff_cores=0.01
event=kink_round H=9 col=17 round=stage5 frontier_in=7502 map_wall_s=0.022 map_cpu_s=0.023 merge_wall_s=0.121 merge_cpu_s=0.013 map_units=4 merge_ranges=4 map_eff_cores=1.04 merge_eff_cores=0.11
event=column H=18 col=1 frontier_in=131327 frontier_out=4686339 wall_s=37.49 cum_wall_s=424.1 cpu_s=338.2 rss_max_mb=73.0 map_wall_s=20.06 map_cpu_s=224.1 merge_wall_s=14.47 merge_cpu_s=114.1 map_units=9765 merge_ranges=1505 eff_cores=9.02
event=kink_round H=8 col=22 round=stage4 frontier_in=2795 map_wall_s=0.111 map_cpu_s=0.006 merge_wall_s=0.189 merge_cpu_s=0.005 map_units=2 merge_ranges=2 map_eff_cores=0.05 merge_eff_cores=0.03
event=kink_round H=10 col=14 round=stage2 frontier_in=14518 map_wall_s=0.127 map_cpu_s=0.051 merge_wall_s=0.182 merge_cpu_s=0.042 map_units=8 merge_ranges=8 map_eff_cores=0.40 merge_eff_cores=0.23
event=kink_round H=7 col=29 round=stage2 frontier_in=850 map_wall_s=0.169 map_cpu_s=0.002 merge_wall_s=0.123 merge_cpu_s=0.001 map_units=1 merge_ranges=1 map_eff_cores=0.01 merge_eff_cores=0.01
event=kink_round H=11 col=11 round=stage2 frontier_in=38640 map_wall_s=0.180 map_cpu_s=0.162 merge_wall_s=0.168 merge_cpu_s=0.123 map_units=19 merge_ranges=19 map_eff_cores=0.90 merge_eff_cores=0.73
event=kink_round H=9 col=17 round=stage6 frontier_in=7569 map_wall_s=0.174 map_cpu_s=0.031 merge_wall_s=0.113 merge_cpu_s=0.014 map_units=4 merge_ranges=4 map_eff_cores=0.18 merge_eff_cores=0.12
event=kink_round H=14 col=3 round=stage13 frontier_in=1024227 map_wall_s=0.457 map_cpu_s=6.022 merge_wall_s=0.497 merge_cpu_s=4.025 map_units=501 merge_ranges=80 map_eff_cores=13.18 merge_eff_cores=8.10
event=kink_round H=12 col=8 round=stage7 frontier_in=140142 map_wall_s=0.222 map_cpu_s=0.735 merge_wall_s=0.203 merge_cpu_s=0.559 map_units=69 merge_ranges=69 map_eff_cores=3.31 merge_eff_cores=2.75
event=heartbeat H=17 col=2 elapsed_s=17 processed=456704 rate_per_s=26368 steals=0
event=kink_round H=8 col=22 round=stage5 frontier_in=2858 map_wall_s=0.120 map_cpu_s=0.007 merge_wall_s=0.112 merge_cpu_s=0.007 map_units=2 merge_ranges=2 map_eff_cores=0.06 merge_eff_cores=0.06
event=kink_round H=10 col=14 round=stage3 frontier_in=17220 map_wall_s=0.149 map_cpu_s=0.085 merge_wall_s=0.093 merge_cpu_s=0.058 map_units=9 merge_ranges=9 map_eff_cores=0.57 merge_eff_cores=0.62
event=kink_round H=7 col=29 round=stage3 frontier_in=1009 map_wall_s=0.112 map_cpu_s=0.002 merge_wall_s=0.090 merge_cpu_s=0.001 map_units=1 merge_ranges=1 map_eff_cores=0.02 merge_eff_cores=0.01
event=kink_round H=9 col=17 round=stage7 frontier_in=7596 map_wall_s=0.115 map_cpu_s=0.029 merge_wall_s=0.138 merge_cpu_s=0.013 map_units=4 merge_ranges=4 map_eff_cores=0.25 merge_eff_cores=0.09
event=kink_round H=11 col=11 round=stage3 frontier_in=45710 map_wall_s=0.130 map_cpu_s=0.227 merge_wall_s=0.167 merge_cpu_s=0.140 map_units=23 merge_ranges=23 map_eff_cores=1.75 merge_eff_cores=0.84
event=kink_round H=13 col=5 round=stage7 frontier_in=378251 map_wall_s=0.469 map_cpu_s=2.251 merge_wall_s=0.250 merge_cpu_s=1.557 map_units=185 merge_ranges=80 map_eff_cores=4.80 merge_eff_cores=6.22
event=kink_round H=8 col=22 round=stage6 frontier_in=2920 map_wall_s=0.143 map_cpu_s=0.006 merge_wall_s=0.111 merge_cpu_s=0.008 map_units=2 merge_ranges=2 map_eff_cores=0.04 merge_eff_cores=0.07
event=kink_round H=12 col=8 round=stage8 frontier_in=140687 map_wall_s=0.131 map_cpu_s=0.924 merge_wall_s=0.182 merge_cpu_s=0.561 map_units=69 merge_ranges=69 map_eff_cores=7.05 merge_eff_cores=3.09
event=kink_round H=10 col=14 round=stage4 frontier_in=18804 map_wall_s=0.132 map_cpu_s=0.068 merge_wall_s=0.159 merge_cpu_s=0.055 map_units=10 merge_ranges=10 map_eff_cores=0.51 merge_eff_cores=0.35
event=kink_round H=7 col=29 round=stage4 frontier_in=1082 map_wall_s=0.120 map_cpu_s=0.002 merge_wall_s=0.144 merge_cpu_s=0.002 map_units=1 merge_ranges=1 map_eff_cores=0.02 merge_eff_cores=0.01
event=kink_round H=9 col=17 round=stage8 frontier_in=7732 map_wall_s=0.113 map_cpu_s=0.039 merge_wall_s=0.118 merge_cpu_s=0.020 map_units=4 merge_ranges=4 map_eff_cores=0.35 merge_eff_cores=0.17
event=kink_round H=8 col=22 round=stage7 frontier_in=2997 map_wall_s=0.107 map_cpu_s=0.010 merge_wall_s=0.153 merge_cpu_s=0.005 map_units=2 merge_ranges=2 map_eff_cores=0.09 merge_eff_cores=0.03
event=kink_round H=11 col=11 round=stage4 frontier_in=49855 map_wall_s=0.163 map_cpu_s=0.261 merge_wall_s=0.196 merge_cpu_s=0.150 map_units=25 merge_ranges=25 map_eff_cores=1.60 merge_eff_cores=0.77
event=kink_round H=7 col=29 round=stage5 frontier_in=1097 map_wall_s=0.158 map_cpu_s=0.002 merge_wall_s=0.235 merge_cpu_s=0.001 map_units=1 merge_ranges=1 map_eff_cores=0.01 merge_eff_cores=0.00
event=kink_round H=12 col=8 round=stage9 frontier_in=141099 map_wall_s=0.170 map_cpu_s=0.901 merge_wall_s=0.274 merge_cpu_s=0.505 map_units=69 merge_ranges=69 map_eff_cores=5.29 merge_eff_cores=1.85
event=kink_round H=9 col=17 round=finalize frontier_in=7529 map_wall_s=0.148 map_cpu_s=0.020 merge_wall_s=0.251 merge_cpu_s=0.015 map_units=4 merge_ranges=4 map_eff_cores=0.13 merge_eff_cores=0.06
event=kink_round H=10 col=14 round=stage5 frontier_in=19508 map_wall_s=0.177 map_cpu_s=0.083 merge_wall_s=0.263 merge_cpu_s=0.047 map_units=10 merge_ranges=10 map_eff_cores=0.47 merge_eff_cores=0.18
event=column H=9 col=17 frontier_in=2153 frontier_out=2153 wall_s=1.92 cum_wall_s=426.0 cpu_s=0.4 rss_max_mb=73.0 map_wall_s=0.89 map_cpu_s=0.2 merge_wall_s=1.02 merge_cpu_s=0.1 map_units=37 merge_ranges=35 eff_cores=0.19
event=kink_round H=8 col=22 round=finalize frontier_in=2895 map_wall_s=0.249 map_cpu_s=0.007 merge_wall_s=0.149 merge_cpu_s=0.002 map_units=2 merge_ranges=2 map_eff_cores=0.03 merge_eff_cores=0.01
event=column H=8 col=22 frontier_in=825 frontier_out=825 wall_s=1.75 cum_wall_s=427.8 cpu_s=0.1 rss_max_mb=56.8 map_wall_s=0.85 map_cpu_s=0.1 merge_wall_s=0.89 merge_cpu_s=0.0 map_units=17 merge_ranges=16 eff_cores=0.06
event=kink_round H=9 col=18 round=seed frontier_in=2153 map_wall_s=0.148 map_cpu_s=0.006 merge_wall_s=0.000 merge_cpu_s=0.000 map_units=2 merge_ranges=0 map_eff_cores=0.04 merge_eff_cores=0.00
event=kink_round H=7 col=29 round=stage6 frontier_in=1146 map_wall_s=0.139 map_cpu_s=0.002 merge_wall_s=0.123 merge_cpu_s=0.003 map_units=1 merge_ranges=1 map_eff_cores=0.01 merge_eff_cores=0.02
event=kink_round H=11 col=11 round=stage5 frontier_in=51728 map_wall_s=0.239 map_cpu_s=0.295 merge_wall_s=0.195 merge_cpu_s=0.159 map_units=26 merge_ranges=26 map_eff_cores=1.23 merge_eff_cores=0.81
event=kink_round H=8 col=23 round=seed frontier_in=825 map_wall_s=0.167 map_cpu_s=0.004 merge_wall_s=0.000 merge_cpu_s=0.000 map_units=1 merge_ranges=0 map_eff_cores=0.02 merge_eff_cores=0.00
event=kink_round H=15 col=2 round=finalize frontier_in=2317498 map_wall_s=1.023 map_cpu_s=9.726 merge_wall_s=0.729 merge_cpu_s=5.514 map_units=640 merge_ranges=80 map_eff_cores=9.50 merge_eff_cores=7.56
event=kink_round H=10 col=14 round=stage6 frontier_in=19682 map_wall_s=0.166 map_cpu_s=0.079 merge_wall_s=0.168 merge_cpu_s=0.049 map_units=10 merge_ranges=10 map_eff_cores=0.48 merge_eff_cores=0.29
event=kink_round H=18 col=2 round=seed frontier_in=4686339 map_wall_s=1.513 map_cpu_s=16.057 merge_wall_s=0.000 merge_cpu_s=0.000 map_units=640 merge_ranges=0 map_eff_cores=10.62 merge_eff_cores=0.00
event=kink_round H=7 col=29 round=finalize frontier_in=1074 map_wall_s=0.116 map_cpu_s=0.001 merge_wall_s=0.037 merge_cpu_s=0.001 map_units=1 merge_ranges=1 map_eff_cores=0.01 merge_eff_cores=0.03
event=column H=7 col=29 frontier_in=331 frontier_out=249 wall_s=1.72 cum_wall_s=429.5 cpu_s=0.0 rss_max_mb=54.8 map_wall_s=0.85 map_cpu_s=0.0 merge_wall_s=0.87 merge_cpu_s=0.0 map_units=9 merge_ranges=8 eff_cores=0.01
event=kink_round H=9 col=18 round=stage0 frontier_in=2153 map_wall_s=0.164 map_cpu_s=0.012 merge_wall_s=0.066 merge_cpu_s=0.009 map_units=2 merge_ranges=2 map_eff_cores=0.07 merge_eff_cores=0.14
event=kink_round H=8 col=23 round=stage0 frontier_in=825 map_wall_s=0.055 map_cpu_s=0.004 merge_wall_s=0.023 merge_cpu_s=0.002 map_units=1 merge_ranges=1 map_eff_cores=0.07 merge_eff_cores=0.09
event=kink_round H=7 col=30 round=seed frontier_in=249 map_wall_s=0.016 map_cpu_s=0.002 merge_wall_s=0.000 merge_cpu_s=0.000 map_units=1 merge_ranges=0 map_eff_cores=0.12 merge_eff_cores=0.00
event=kink_round H=12 col=8 round=stage10 frontier_in=140628 map_wall_s=0.173 map_cpu_s=0.827 merge_wall_s=0.210 merge_cpu_s=0.550 map_units=69 merge_ranges=69 map_eff_cores=4.79 merge_eff_cores=2.61
event=kink_round H=13 col=5 round=stage8 frontier_in=378805 map_wall_s=0.561 map_cpu_s=2.684 merge_wall_s=0.303 merge_cpu_s=1.586 map_units=185 merge_ranges=80 map_eff_cores=4.79 merge_eff_cores=5.23
event=kink_round H=7 col=30 round=stage0 frontier_in=249 map_wall_s=0.018 map_cpu_s=0.001 merge_wall_s=0.009 merge_cpu_s=0.001 map_units=1 merge_ranges=1 map_eff_cores=0.05 merge_eff_cores=0.11
event=kink_round H=9 col=18 round=stage1 frontier_in=3472 map_wall_s=0.026 map_cpu_s=0.012 merge_wall_s=0.023 merge_cpu_s=0.011 map_units=2 merge_ranges=2 map_eff_cores=0.46 merge_eff_cores=0.48
event=kink_round H=8 col=23 round=stage1 frontier_in=1328 map_wall_s=0.026 map_cpu_s=0.004 merge_wall_s=0.020 merge_cpu_s=0.005 map_units=1 merge_ranges=1 map_eff_cores=0.16 merge_eff_cores=0.25
event=kink_round H=11 col=11 round=stage6 frontier_in=52427 map_wall_s=0.128 map_cpu_s=0.279 merge_wall_s=0.054 merge_cpu_s=0.160 map_units=26 merge_ranges=26 map_eff_cores=2.19 merge_eff_cores=2.96
event=kink_round H=10 col=14 round=stage7 frontier_in=19901 map_wall_s=0.062 map_cpu_s=0.108 merge_wall_s=0.038 merge_cpu_s=0.065 map_units=10 merge_ranges=10 map_eff_cores=1.75 merge_eff_cores=1.69
event=column H=15 col=2 frontier_in=333623 frontier_out=644932 wall_s=33.72 cum_wall_s=463.2 cpu_s=204.2 rss_max_mb=73.0 map_wall_s=20.98 map_cpu_s=131.5 merge_wall_s=10.29 merge_cpu_s=72.6 map_units=9147 merge_ranges=1280 eff_cores=6.05
event=kink_round H=7 col=30 round=stage1 frontier_in=400 map_wall_s=0.026 map_cpu_s=0.001 merge_wall_s=0.104 merge_cpu_s=0.001 map_units=1 merge_ranges=1 map_eff_cores=0.04 merge_eff_cores=0.01
event=kink_round H=14 col=3 round=finalize frontier_in=1018368 map_wall_s=1.113 map_cpu_s=5.682 merge_wall_s=0.289 merge_cpu_s=4.110 map_units=498 merge_ranges=80 map_eff_cores=5.10 merge_eff_cores=14.21
event=column H=14 col=3 frontier_in=246587 frontier_out=283878 wall_s=24.65 cum_wall_s=487.9 cpu_s=143.0 rss_max_mb=73.0 map_wall_s=15.34 map_cpu_s=88.5 merge_wall_s=7.52 merge_cpu_s=54.5 map_units=6239 merge_ranges=1200 eff_cores=5.80
event=kink_round H=8 col=23 round=stage2 frontier_in=2153 map_wall_s=0.069 map_cpu_s=0.006 merge_wall_s=0.426 merge_cpu_s=0.004 map_units=2 merge_ranges=2 map_eff_cores=0.09 merge_eff_cores=0.01
event=kink_round H=9 col=18 round=stage2 frontier_in=5618 map_wall_s=0.070 map_cpu_s=0.017 merge_wall_s=0.438 merge_cpu_s=0.012 map_units=3 merge_ranges=3 map_eff_cores=0.24 merge_eff_cores=0.03
event=kink_round H=10 col=14 round=stage8 frontier_in=19909 map_wall_s=0.115 map_cpu_s=0.090 merge_wall_s=0.648 merge_cpu_s=0.056 map_units=10 merge_ranges=10 map_eff_cores=0.78 merge_eff_cores=0.09
event=kink_round H=11 col=11 round=stage7 frontier_in=52569 map_wall_s=0.123 map_cpu_s=0.256 merge_wall_s=0.677 merge_cpu_s=0.191 map_units=26 merge_ranges=26 map_eff_cores=2.08 merge_eff_cores=0.28
event=kink_round H=12 col=8 round=stage11 frontier_in=142690 map_wall_s=0.130 map_cpu_s=0.806 merge_wall_s=0.766 merge_cpu_s=0.682 map_units=70 merge_ranges=70 map_eff_cores=6.22 merge_eff_cores=0.89
event=kink_round H=7 col=30 round=stage2 frontier_in=669 map_wall_s=0.588 map_cpu_s=0.002 merge_wall_s=0.774 merge_cpu_s=0.002 map_units=1 merge_ranges=1 map_eff_cores=0.00 merge_eff_cores=0.00
event=kink_round H=8 col=23 round=stage3 frontier_in=2568 map_wall_s=0.955 map_cpu_s=0.010 merge_wall_s=0.224 merge_cpu_s=0.005 map_units=2 merge_ranges=2 map_eff_cores=0.01 merge_eff_cores=0.02
event=kink_round H=14 col=4 round=seed frontier_in=283878 map_wall_s=1.222 map_cpu_s=2.123 merge_wall_s=0.000 merge_cpu_s=0.000 map_units=139 merge_ranges=0 map_eff_cores=1.74 merge_eff_cores=0.00
event=kink_round H=9 col=18 round=stage3 frontier_in=6682 map_wall_s=0.964 map_cpu_s=0.031 merge_wall_s=0.224 merge_cpu_s=0.018 map_units=4 merge_ranges=4 map_eff_cores=0.03 merge_eff_cores=0.08
event=kink_round H=10 col=14 round=stage9 frontier_in=20222 map_wall_s=0.740 map_cpu_s=0.115 merge_wall_s=0.254 merge_cpu_s=0.068 map_units=10 merge_ranges=10 map_eff_cores=0.16 merge_eff_cores=0.27
event=kink_round H=11 col=11 round=stage8 frontier_in=52799 map_wall_s=0.730 map_cpu_s=0.367 merge_wall_s=0.277 merge_cpu_s=0.190 map_units=26 merge_ranges=26 map_eff_cores=0.50 merge_eff_cores=0.69
event=kink_round H=7 col=30 round=stage3 frontier_in=829 map_wall_s=0.217 map_cpu_s=0.002 merge_wall_s=0.197 merge_cpu_s=0.001 map_units=1 merge_ranges=1 map_eff_cores=0.01 merge_eff_cores=0.01
event=kink_round H=12 col=8 round=finalize frontier_in=141350 map_wall_s=0.602 map_cpu_s=0.939 merge_wall_s=0.375 merge_cpu_s=0.588 map_units=70 merge_ranges=70 map_eff_cores=1.56 merge_eff_cores=1.57
event=kink_round H=15 col=3 round=seed frontier_in=644932 map_wall_s=2.008 map_cpu_s=4.530 merge_wall_s=0.000 merge_cpu_s=0.000 map_units=315 merge_ranges=0 map_eff_cores=2.26 merge_eff_cores=0.00
event=kink_round H=8 col=23 round=stage4 frontier_in=2795 map_wall_s=0.222 map_cpu_s=0.009 merge_wall_s=0.231 merge_cpu_s=0.004 map_units=2 merge_ranges=2 map_eff_cores=0.04 merge_eff_cores=0.02
event=kink_round H=9 col=18 round=stage4 frontier_in=7282 map_wall_s=0.229 map_cpu_s=0.034 merge_wall_s=0.208 merge_cpu_s=0.014 map_units=4 merge_ranges=4 map_eff_cores=0.15 merge_eff_cores=0.07
event=column H=12 col=8 frontier_in=39506 frontier_out=39506 wall_s=7.99 cum_wall_s=495.9 cpu_s=16.6 rss_max_mb=73.0 map_wall_s=3.54 map_cpu_s=9.9 merge_wall_s=3.90 merge_cpu_s=6.7 map_units=801 merge_ranges=781 eff_cores=2.08
event=kink_round H=7 col=30 round=stage4 frontier_in=911 map_wall_s=0.223 map_cpu_s=0.002 merge_wall_s=0.065 merge_cpu_s=0.001 map_units=1 merge_ranges=1 map_eff_cores=0.01 merge_eff_cores=0.02
event=kink_round H=13 col=5 round=stage9 frontier_in=379337 map_wall_s=1.525 map_cpu_s=2.945 merge_wall_s=0.630 merge_cpu_s=2.104 map_units=186 merge_ranges=80 map_eff_cores=1.93 merge_eff_cores=3.34
event=kink_round H=10 col=14 round=finalize frontier_in=19812 map_wall_s=0.322 map_cpu_s=0.092 merge_wall_s=0.078 merge_cpu_s=0.023 map_units=10 merge_ranges=10 map_eff_cores=0.29 merge_eff_cores=0.30
event=column H=10 col=14 frontier_in=5567 frontier_out=5567 wall_s=4.21 cum_wall_s=500.1 cpu_s=1.4 rss_max_mb=73.0 map_wall_s=2.20 map_cpu_s=0.9 merge_wall_s=1.95 merge_cpu_s=0.5 map_units=98 merge_ranges=95 eff_cores=0.32
event=kink_round H=17 col=2 round=stage4 frontier_in=6951355 map_wall_s=1.716 map_cpu_s=30.134 merge_wall_s=2.280 merge_cpu_s=18.095 map_units=640 merge_ranges=80 map_eff_cores=17.56 merge_eff_cores=7.94
event=kink_round H=11 col=11 round=stage9 frontier_in=52650 map_wall_s=0.281 map_cpu_s=0.257 merge_wall_s=0.127 merge_cpu_s=0.137 map_units=26 merge_ranges=26 map_eff_cores=0.91 merge_eff_cores=1.08
event=kink_round H=8 col=23 round=stage5 frontier_in=2858 map_wall_s=0.074 map_cpu_s=0.007 merge_wall_s=0.077 merge_cpu_s=0.004 map_units=2 merge_ranges=2 map_eff_cores=0.09 merge_eff_cores=0.05
event=kink_round H=10 col=15 round=seed frontier_in=5567 map_wall_s=0.077 map_cpu_s=0.017 merge_wall_s=0.000 merge_cpu_s=0.000 map_units=3 merge_ranges=0 map_eff_cores=0.22 merge_eff_cores=0.00
event=kink_round H=12 col=9 round=seed frontier_in=39506 map_wall_s=0.120 map_cpu_s=0.188 merge_wall_s=0.000 merge_cpu_s=0.000 map_units=20 merge_ranges=0 map_eff_cores=1.56 merge_eff_cores=0.00
event=kink_round H=9 col=18 round=stage5 frontier_in=7502 map_wall_s=0.117 map_cpu_s=0.020 merge_wall_s=0.126 merge_cpu_s=0.013 map_units=4 merge_ranges=4 map_eff_cores=0.17 merge_eff_cores=0.10
event=kink_round H=7 col=30 round=stage5 frontier_in=922 map_wall_s=0.083 map_cpu_s=0.001 merge_wall_s=0.128 merge_cpu_s=0.002 map_units=1 merge_ranges=1 map_eff_cores=0.01 merge_eff_cores=0.02
event=kink_round H=14 col=4 round=stage0 frontier_in=283878 map_wall_s=0.511 map_cpu_s=3.194 merge_wall_s=0.271 merge_cpu_s=1.790 map_units=139 merge_ranges=80 map_eff_cores=6.25 merge_eff_cores=6.60
event=kink_round H=8 col=23 round=stage6 frontier_in=2920 map_wall_s=0.127 map_cpu_s=0.007 merge_wall_s=0.084 merge_cpu_s=0.004 map_units=2 merge_ranges=2 map_eff_cores=0.06 merge_eff_cores=0.05
event=kink_round H=16 col=2 round=stage10 frontier_in=4307532 map_wall_s=1.250 map_cpu_s=20.478 merge_wall_s=2.337 merge_cpu_s=13.375 map_units=640 merge_ranges=80 map_eff_cores=16.38 merge_eff_cores=5.72
event=kink_round H=10 col=15 round=stage0 frontier_in=5567 map_wall_s=0.137 map_cpu_s=0.025 merge_wall_s=0.097 merge_cpu_s=0.019 map_units=3 merge_ranges=3 map_eff_cores=0.18 merge_eff_cores=0.20
event=kink_round H=7 col=30 round=stage6 frontier_in=980 map_wall_s=0.081 map_cpu_s=0.002 merge_wall_s=0.062 merge_cpu_s=0.001 map_units=1 merge_ranges=1 map_eff_cores=0.02 merge_eff_cores=0.02
event=kink_round H=12 col=9 round=stage0 frontier_in=39506 map_wall_s=0.139 map_cpu_s=0.212 merge_wall_s=0.113 merge_cpu_s=0.176 map_units=20 merge_ranges=20 map_eff_cores=1.53 merge_eff_cores=1.56
event=kink_round H=11 col=11 round=stage10 frontier_in=53453 map_wall_s=0.142 map_cpu_s=0.269 merge_wall_s=0.114 merge_cpu_s=0.158 map_units=27 merge_ranges=27 map_eff_cores=1.90 merge_eff_cores=1.39
event=kink_round H=9 col=18 round=stage6 frontier_in=7569 map_wall_s=0.106 map_cpu_s=0.027 merge_wall_s=0.059 merge_cpu_s=0.014 map_units=4 merge_ranges=4 map_eff_cores=0.25 merge_eff_cores=0.24
event=kink_round H=8 col=23 round=stage7 frontier_in=2997 map_wall_s=0.052 map_cpu_s=0.006 merge_wall_s=0.089 merge_cpu_s=0.004 map_units=2 merge_ranges=2 map_eff_cores=0.12 merge_eff_cores=0.04
event=kink_round H=7 col=30 round=finalize frontier_in=884 map_wall_s=0.082 map_cpu_s=0.001 merge_wall_s=0.144 merge_cpu_s=0.000 map_units=1 merge_ranges=1 map_eff_cores=0.01 merge_eff_cores=0.00
event=column H=7 col=30 frontier_in=249 frontier_out=133 wall_s=2.82 cum_wall_s=502.9 cpu_s=0.0 rss_max_mb=56.8 map_wall_s=1.33 map_cpu_s=0.0 merge_wall_s=1.48 merge_cpu_s=0.0 map_units=9 merge_ranges=8 eff_cores=0.01
event=kink_round H=10 col=15 round=stage1 frontier_in=8947 map_wall_s=0.094 map_cpu_s=0.040 merge_wall_s=0.166 merge_cpu_s=0.030 map_units=5 merge_ranges=5 map_eff_cores=0.42 merge_eff_cores=0.18
event=kink_round H=9 col=18 round=stage7 frontier_in=7596 map_wall_s=0.088 map_cpu_s=0.025 merge_wall_s=0.161 merge_cpu_s=0.015 map_units=4 merge_ranges=4 map_eff_cores=0.28 merge_eff_cores=0.09
event=kink_round H=12 col=9 round=stage1 frontier_in=63502 map_wall_s=0.127 map_cpu_s=0.341 merge_wall_s=0.172 merge_cpu_s=0.289 map_units=32 merge_ranges=32 map_eff_cores=2.68 merge_eff_cores=1.68
event=kink_round H=13 col=5 round=stage10 frontier_in=379975 map_wall_s=0.315 map_cpu_s=2.295 merge_wall_s=0.325 merge_cpu_s=1.629 map_units=186 merge_ranges=80 map_eff_cores=7.28 merge_eff_cores=5.01
event=kink_round H=7 col=31 round=seed frontier_in=133 map_wall_s=0.147 map_cpu_s=0.000 merge_wall_s=0.000 merge_cpu_s=0.000 map_units=1 merge_ranges=0 map_eff_cores=0.00 merge_eff_cores=0.00
event=kink_round H=11 col=11 round=finalize frontier_in=52683 map_wall_s=0.170 map_cpu_s=0.167 merge_wall_s=0.175 merge_cpu_s=0.086 map_units=26 merge_ranges=26 map_eff_cores=0.98 merge_eff_cores=0.49
event=column H=11 col=11 frontier_in=14826 frontier_out=14826 wall_s=4.88 cum_wall_s=507.8 cpu_s=4.4 rss_max_mb=73.0 map_wall_s=2.45 map_cpu_s=2.8 merge_wall_s=2.25 merge_cpu_s=1.6 map_units=278 merge_ranges=270 eff_cores=0.90
event=kink_round H=8 col=23 round=finalize frontier_in=2895 map_wall_s=0.154 map_cpu_s=0.005 merge_wall_s=0.152 merge_cpu_s=0.002 map_units=2 merge_ranges=2 map_eff_cores=0.03 merge_eff_cores=0.01
event=column H=8 col=23 frontier_in=825 frontier_out=825 wall_s=3.24 cum_wall_s=511.0 cpu_s=0.1 rss_max_mb=56.8 map_wall_s=1.90 map_cpu_s=0.1 merge_wall_s=1.33 merge_cpu_s=0.0 map_units=17 merge_ranges=16 eff_cores=0.03
event=kink_round H=11 col=12 round=seed frontier_in=14826 map_wall_s=0.159 map_cpu_s=0.056 merge_wall_s=0.000 merge_cpu_s=0.000 map_units=8 merge_ranges=0 map_eff_cores=0.35 merge_eff_cores=0.00
event=kink_round H=8 col=24 round=seed frontier_in=825 map_wall_s=0.151 map_cpu_s=0.002 merge_wall_s=0.000 merge_cpu_s=0.000 map_units=1 merge_ranges=0 map_eff_cores=0.01 merge_eff_cores=0.00
event=kink_round H=9 col=18 round=stage8 frontier_in=7732 map_wall_s=0.151 map_cpu_s=0.020 merge_wall_s=0.162 merge_cpu_s=0.013 map_units=4 merge_ranges=4 map_eff_cores=0.13 merge_eff_cores=0.08
event=kink_round H=10 col=15 round=stage2 frontier_in=14518 map_wall_s=0.185 map_cpu_s=0.050 merge_wall_s=0.150 merge_cpu_s=0.041 map_units=8 merge_ranges=8 map_eff_cores=0.27 merge_eff_cores=0.27
event=kink_round H=15 col=3 round=stage0 frontier_in=644932 map_wall_s=0.529 map_cpu_s=8.709 merge_wall_s=0.524 merge_cpu_s=3.700 map_units=315 merge_ranges=80 map_eff_cores=16.47 merge_eff_cores=7.06
event=kink_round H=7 col=31 round=stage0 frontier_in=133 map_wall_s=0.152 map_cpu_s=0.001 merge_wall_s=0.129 merge_cpu_s=0.000 map_units=1 merge_ranges=1 map_eff_cores=0.01 merge_eff_cores=0.00
event=kink_round H=12 col=9 round=stage2 frontier_in=102880 map_wall_s=0.231 map_cpu_s=0.519 merge_wall_s=0.243 merge_cpu_s=0.397 map_units=51 merge_ranges=51 map_eff_cores=2.24 merge_eff_cores=1.63
event=kink_round H=14 col=4 round=stage1 frontier_in=456098 map_wall_s=0.458 map_cpu_s=3.060 merge_wall_s=0.417 merge_cpu_s=2.675 map_units=223 merge_ranges=80 map_eff_cores=6.69 merge_eff_cores=6.41
event=kink_round H=8 col=24 round=stage0 frontier_in=825 map_wall_s=0.199 map_cpu_s=0.002 merge_wall_s=0.428 merge_cpu_s=0.002 map_units=1 merge_ranges=1 map_eff_cores=0.01 merge_eff_cores=0.00
event=kink_round H=11 col=12 round=stage0 frontier_in=14826 map_wall_s=0.204 map_cpu_s=0.069 merge_wall_s=0.452 merge_cpu_s=0.055 map_units=8 merge_ranges=8 map_eff_cores=0.34 merge_eff_cores=0.12
event=kink_round H=9 col=18 round=finalize frontier_in=7529 map_wall_s=0.210 map_cpu_s=0.019 merge_wall_s=0.440 merge_cpu_s=0.008 map_units=4 merge_ranges=4 map_eff_cores=0.09 merge_eff_cores=0.02
event=column H=9 col=18 frontier_in=2153 frontier_out=2153 wall_s=4.19 cum_wall_s=515.2 cpu_s=0.4 rss_max_mb=73.0 map_wall_s=2.27 map_cpu_s=0.2 merge_wall_s=1.91 merge_cpu_s=0.1 map_units=37 merge_ranges=35 eff_cores=0.08
event=kink_round H=7 col=31 round=stage1 frontier_in=223 map_wall_s=0.407 map_cpu_s=0.001 merge_wall_s=0.259 merge_cpu_s=0.001 map_units=1 merge_ranges=1 map_eff_cores=0.00 merge_eff_cores=0.00
event=kink_round H=10 col=15 round=stage3 frontier_in=17220 map_wall_s=0.463 map_cpu_s=0.051 merge_wall_s=0.300 merge_cpu_s=0.049 map_units=9 merge_ranges=9 map_eff_cores=0.11 merge_eff_cores=0.16
event=kink_round H=9 col=19 round=seed frontier_in=2153 map_wall_s=0.172 map_cpu_s=0.007 merge_wall_s=0.000 merge_cpu_s=0.000 map_units=2 merge_ranges=0 map_eff_cores=0.04 merge_eff_cores=0.00
event=kink_round H=12 col=9 round=stage3 frontier_in=121352 map_wall_s=0.456 map_cpu_s=0.638 merge_wall_s=0.255 merge_cpu_s=0.453 map_units=60 merge_ranges=60 map_eff_cores=1.40 merge_eff_cores=1.77
event=kink_round H=13 col=5 round=stage11 frontier_in=378719 map_wall_s=0.824 map_cpu_s=2.165 merge_wall_s=0.308 merge_cpu_s=1.589 map_units=185 merge_ranges=80 map_eff_cores=2.63 merge_eff_cores=5.15
event=kink_round H=8 col=24 round=stage1 frontier_in=1328 map_wall_s=0.182 map_cpu_s=0.003 merge_wall_s=0.172 merge_cpu_s=0.003 map_units=1 merge_ranges=1 map_eff_cores=0.02 merge_eff_cores=0.02
event=kink_round H=11 col=12 round=stage1 frontier_in=23855 map_wall_s=0.190 map_cpu_s=0.114 merge_wall_s=0.199 merge_cpu_s=0.103 map_units=12 merge_ranges=12 map_eff_cores=0.60 merge_eff_cores=0.52
event=kink_round H=7 col=31 round=stage2 frontier_in=383 map_wall_s=0.155 map_cpu_s=0.001 merge_wall_s=0.136 merge_cpu_s=0.001 map_units=1 merge_ranges=1 map_eff_cores=0.01 merge_eff_cores=0.01
event=kink_round H=10 col=15 round=stage4 frontier_in=18804 map_wall_s=0.166 map_cpu_s=0.096 merge_wall_s=0.139 merge_cpu_s=0.058 map_units=10 merge_ranges=10 map_eff_cores=0.58 merge_eff_cores=0.42
event=kink_round H=9 col=19 round=stage0 frontier_in=2153 map_wall_s=0.174 map_cpu_s=0.009 merge_wall_s=0.129 merge_cpu_s=0.008 map_units=2 merge_ranges=2 map_eff_cores=0.05 merge_eff_cores=0.06
event=kink_round H=8 col=24 round=stage2 frontier_in=2153 map_wall_s=0.119 map_cpu_s=0.010 merge_wall_s=0.141 merge_cpu_s=0.008 map_units=2 merge_ranges=2 map_eff_cores=0.08 merge_eff_cores=0.06
event=kink_round H=7 col=31 round=stage3 frontier_in=532 map_wall_s=0.124 map_cpu_s=0.004 merge_wall_s=0.140 merge_cpu_s=0.001 map_units=1 merge_ranges=1 map_eff_cores=0.03 merge_eff_cores=0.01
event=kink_round H=12 col=9 round=stage4 frontier_in=132241 map_wall_s=0.170 map_cpu_s=0.825 merge_wall_s=0.201 merge_cpu_s=0.494 map_units=65 merge_ranges=65 map_eff_cores=4.85 merge_eff_cores=2.46
event=kink_round H=10 col=15 round=stage5 frontier_in=19508 map_wall_s=0.162 map_cpu_s=0.129 merge_wall_s=0.140 merge_cpu_s=0.044 map_units=10 merge_ranges=10 map_eff_cores=0.79 merge_eff_cores=0.31
event=kink_round H=11 col=12 round=stage2 frontier_in=38640 map_wall_s=0.168 map_cpu_s=0.212 merge_wall_s=0.192 merge_cpu_s=0.150 map_units=19 merge_ranges=19 map_eff_cores=1.26 merge_eff_cores=0.78
event=kink_round H=9 col=19 round=stage1 frontier_in=3472 map_wall_s=0.149 map_cpu_s=0.016 merge_wall_s=0.132 merge_cpu_s=0.012 map_units=2 merge_ranges=2 map_eff_cores=0.11 merge_eff_cores=0.09
event=kink_round H=8 col=24 round=stage3 frontier_in=2568 map_wall_s=0.134 map_cpu_s=0.007 merge_wall_s=0.112 merge_cpu_s=0.006 map_units=2 merge_ranges=2 map_eff_cores=0.05 merge_eff_cores=0.05
event=kink_round H=18 col=2 round=stage0 frontier_in=4686339 map_wall_s=2.987 map_cpu_s=40.728 merge_wall_s=1.726 merge_cpu_s=14.191 map_units=640 merge_ranges=80 map_eff_cores=13.64 merge_eff_cores=8.22
event=kink_round H=7 col=31 round=stage4 frontier_in=578 map_wall_s=0.121 map_cpu_s=0.002 merge_wall_s=0.143 merge_cpu_s=0.001 map_units=1 merge_ranges=1 map_eff_cores=0.02 merge_eff_cores=0.01
event=kink_round H=9 col=19 round=stage2 frontier_in=5618 map_wall_s=0.118 map_cpu_s=0.018 merge_wall_s=0.165 merge_cpu_s=0.012 map_units=3 merge_ranges=3 map_eff_cores=0.15 merge_eff_cores=0.07
event=kink_round H=10 col=15 round=stage6 frontier_in=19682 map_wall_s=0.133 map_cpu_s=0.090 merge_wall_s=0.162 merge_cpu_s=0.042 map_units=10 merge_ranges=10 map_eff_cores=0.68 merge_eff_cores=0.26
event=kink_round H=11 col=12 round=stage3 frontier_in=45710 map_wall_s=0.122 map_cpu_s=0.199 merge_wall_s=0.174 merge_cpu_s=0.142 map_units=23 merge_ranges=23 map_eff_cores=1.64 merge_eff_cores=0.81
event=kink_round H=12 col=9 round=stage5 frontier_in=137385 map_wall_s=0.137 map_cpu_s=1.021 merge_wall_s=0.191 merge_cpu_s=0.534 map_units=68 merge_ranges=68 map_eff_cores=7.44 merge_eff_cores=2.79
event=kink_round H=13 col=5 round=stage12 frontier_in=384110 map_wall_s=0.452 map_cpu_s=2.707 merge_wall_s=0.257 merge_cpu_s=1.605 map_units=188 merge_ranges=80 map_eff_cores=5.99 merge_eff_cores=6.25
event=kink_round H=14 col=4 round=stage2 frontier_in=739424 map_wall_s=1.052 map_cpu_s=5.405 merge_wall_s=0.383 merge_cpu_s=3.495 map_units=362 merge_ranges=80 map_eff_cores=5.14 merge_eff_cores=9.13
event=kink_round H=8 col=24 round=stage4 frontier_in=2794 map_wall_s=0.148 map_cpu_s=0.009 merge_wall_s=0.159 merge_cpu_s=0.004 map_units=2 merge_ranges=2 map_eff_cores=0.06 merge_eff_cores=0.03
event=kink_round H=7 col=31 round=stage5 frontier_in=583 map_wall_s=0.202 map_cpu_s=0.001 merge_wall_s=0.078 merge_cpu_s=0.002 map_units=1 merge_ranges=1 map_eff_cores=0.00 merge_eff_cores=0.03
event=kink_round H=9 col=19 round=stage3 frontier_in=6682 map_wall_s=0.133 map_cpu_s=0.024 merge_wall_s=0.063 merge_cpu_s=0.018 map_units=4 merge_ranges=4 map_eff_cores=0.18 merge_eff_cores=0.29
event=kink_round H=10 col=15 round=stage7 frontier_in=19901 map_wall_s=0.134 map_cpu_s=0.082 merge_wall_s=0.077 merge_cpu_s=0.048 map_units=10 merge_ranges=10 map_eff_cores=0.61 merge_eff_cores=0.63
event=kink_round H=8 col=24 round=stage5 frontier_in=2858 map_wall_s=0.080 map_cpu_s=0.008 merge_wall_s=0.075 merge_cpu_s=0.006 map_units=2 merge_ranges=2 map_eff_cores=0.10 merge_eff_cores=0.08
event=kink_round H=11 col=12 round=stage4 frontier_in=49855 map_wall_s=0.124 map_cpu_s=0.246 merge_wall_s=0.101 merge_cpu_s=0.155 map_units=25 merge_ranges=25 map_eff_cores=1.99 merge_eff_cores=1.54
event=kink_round H=12 col=9 round=stage6 frontier_in=139597 map_wall_s=0.129 map_cpu_s=0.779 merge_wall_s=0.130 merge_cpu_s=0.515 map_units=69 merge_ranges=69 map_eff_cores=6.03 merge_eff_cores=3.96
event=kink_round H=15 col=3 round=stage1 frontier_in=1032257 map_wall_s=1.342 map_cpu_s=7.798 merge_wall_s=0.545 merge_cpu_s=5.613 map_units=505 merge_ranges=80 map_eff_cores=5.81 merge_eff_cores=10.29
event=kink_round H=7 col=31 round=stage6 frontier_in=616 map_wall_s=0.062 map_cpu_s=0.001 merge_wall_s=0.247 merge_cpu_s=0.001 map_units=1 merge_ranges=1 map_eff_cores=0.02 merge_eff_cores=0.00
event=kink_round H=9 col=19 round=stage4 frontier_in=7282 map_wall_s=0.065 map_cpu_s=0.019 merge_wall_s=0.234 merge_cpu_s=0.012 map_units=4 merge_ranges=4 map_eff_cores=0.29 merge_eff_cores=0.05
event=kink_round H=8 col=24 round=stage6 frontier_in=2920 map_wall_s=0.245 map_cpu_s=0.006 merge_wall_s=0.288 merge_cpu_s=0.004 map_units=2 merge_ranges=2 map_eff_cores=0.02 merge_eff_cores=0.01
event=kink_round H=10 col=15 round=stage8 frontier_in=19909 map_wall_s=0.262 map_cpu_s=0.065 merge_wall_s=0.300 merge_cpu_s=0.048 map_units=10 merge_ranges=10 map_eff_cores=0.25 merge_eff_cores=0.16
event=kink_round H=11 col=12 round=stage5 frontier_in=51728 map_wall_s=0.242 map_cpu_s=0.212 merge_wall_s=0.298 merge_cpu_s=0.149 map_units=26 merge_ranges=26 map_eff_cores=0.88 merge_eff_cores=0.50
event=kink_round H=7 col=31 round=finalize frontier_in=531 map_wall_s=0.293 map_cpu_s=0.001 merge_wall_s=0.130 merge_cpu_s=0.000 map_units=1 merge_ranges=1 map_eff_cores=0.00 merge_eff_cores=0.00
event=column H=7 col=31 frontier_in=133 frontier_out=62 wall_s=2.93 cum_wall_s=518.1 cpu_s=0.0 rss_max_mb=61.2 map_wall_s=1.66 map_cpu_s=0.0 merge_wall_s=1.26 merge_cpu_s=0.0 map_units=9 merge_ranges=8 eff_cores=0.01
event=kink_round H=13 col=5 round=finalize frontier_in=382187 map_wall_s=0.418 map_cpu_s=1.977 merge_wall_s=0.405 merge_cpu_s=1.404 map_units=187 merge_ranges=80 map_eff_cores=4.73 merge_eff_cores=3.47
event=kink_round H=12 col=9 round=stage7 frontier_in=140142 map_wall_s=0.289 map_cpu_s=0.957 merge_wall_s=0.327 merge_cpu_s=0.529 map_units=69 merge_ranges=69 map_eff_cores=3.31 merge_eff_cores=1.62
event=kink_round H=9 col=19 round=stage5 frontier_in=7501 map_wall_s=0.292 map_cpu_s=0.026 merge_wall_s=0.150 merge_cpu_s=0.018 map_units=4 merge_ranges=4 map_eff_cores=0.09 merge_eff_cores=0.12
event=kink_round H=7 col=32 round=seed frontier_in=62 map_wall_s=0.051 map_cpu_s=0.000 merge_wall_s=0.000 merge_cpu_s=0.000 map_units=1 merge_ranges=0 map_eff_cores=0.00 merge_eff_cores=0.00
event=column H=13 col=5 frontier_in=106843 frontier_out=106912 wall_s=13.63 cum_wall_s=531.8 cpu_s=52.8 rss_max_mb=73.0 map_wall_s=8.14 map_cpu_s=31.8 merge_wall_s=4.58 merge_cpu_s=21.0 map_units=2327 merge_ranges=1093 eff_cores=3.88
event=kink_round H=8 col=24 round=stage7 frontier_in=2997 map_wall_s=0.143 map_cpu_s=0.009 merge_wall_s=0.103 merge_cpu_s=0.005 map_units=2 merge_ranges=2 map_eff_cores=0.06 merge_eff_cores=0.05
event=kink_round H=10 col=15 round=stage9 frontier_in=20222 map_wall_s=0.148 map_cpu_s=0.080 merge_wall_s=0.112 merge_cpu_s=0.055 map_units=10 merge_ranges=10 map_eff_cores=0.54 merge_eff_cores=0.49
event=kink_round H=11 col=12 round=stage6 frontier_in=52427 map_wall_s=0.142 map_cpu_s=0.266 merge_wall_s=0.113 merge_cpu_s=0.159 map_units=26 merge_ranges=26 map_eff_cores=1.87 merge_eff_cores=1.41
event=kink_round H=7 col=32 round=stage0 frontier_in=62 map_wall_s=0.094 map_cpu_s=0.001 merge_wall_s=0.091 merge_cpu_s=0.001 map_units=1 merge_ranges=1 map_eff_cores=0.01 merge_eff_cores=0.01
event=kink_round H=9 col=19 round=stage6 frontier_in=7569 map_wall_s=0.102 map_cpu_s=0.025 merge_wall_s=0.100 merge_cpu_s=0.014 map_units=4 merge_ranges=4 map_eff_cores=0.24 merge_eff_cores=0.14
event=kink_round H=13 col=6 round=seed frontier_in=106912 map_wall_s=0.119 map_cpu_s=0.635 merge_wall_s=0.000 merge_cpu_s=0.000 map_units=53 merge_ranges=0 map_eff_cores=5.32 merge_eff_cores=0.00
event=kink_round H=8 col=24 round=finalize frontier_in=2895 map_wall_s=0.095 map_cpu_s=0.006 merge_wall_s=0.062 merge_cpu_s=0.003 map_units=2 merge_ranges=2 map_eff_cores=0.06 merge_eff_cores=0.05
event=column H=8 col=24 frontier_in=825 frontier_out=825 wall_s=3.04 cum_wall_s=534.8 cpu_s=0.1 rss_max_mb=52.8 map_wall_s=1.50 map_cpu_s=0.1 merge_wall_s=1.54 merge_cpu_s=0.0 map_units=17 merge_ranges=16 eff_cores=0.03
event=kink_round H=12 col=9 round=stage8 frontier_in=140687 map_wall_s=0.099 map_cpu_s=0.862 merge_wall_s=0.155 merge_cpu_s=0.585 map_units=69 merge_ranges=69 map_eff_cores=8.71 merge_eff_cores=3.77
event=heartbeat H=16 col=2 elapsed_s=35 processed=63488 rate_per_s=1833 steals=0
event=kink_round H=7 col=32 round=stage1 frontier_in=105 map_wall_s=0.052 map_cpu_s=0.001 merge_wall_s=0.137 merge_cpu_s=0.001 map_units=1 merge_ranges=1 map_eff_cores=0.02 merge_eff_cores=0.01
event=kink_round H=8 col=25 round=seed frontier_in=825 map_wall_s=0.129 map_cpu_s=0.002 merge_wall_s=0.000 merge_cpu_s=0.000 map_units=1 merge_ranges=0 map_eff_cores=0.02 merge_eff_cores=0.00
event=kink_round H=10 col=15 round=finalize frontier_in=19812 map_wall_s=0.103 map_cpu_s=0.062 merge_wall_s=0.168 merge_cpu_s=0.029 map_units=10 merge_ranges=10 map_eff_cores=0.60 merge_eff_cores=0.17
event=column H=10 col=15 frontier_in=5567 frontier_out=5567 wall_s=3.93 cum_wall_s=538.7 cpu_s=1.2 rss_max_mb=73.0 map_wall_s=2.06 map_cpu_s=0.8 merge_wall_s=1.81 merge_cpu_s=0.5 map_units=98 merge_ranges=95 eff_cores=0.32
event=kink_round H=11 col=12 round=stage7 frontier_in=52569 map_wall_s=0.110 map_cpu_s=0.225 merge_wall_s=0.148 merge_cpu_s=0.150 map_units=26 merge_ranges=26 map_eff_cores=2.05 merge_eff_cores=1.02
event=kink_round H=9 col=19 round=stage7 frontier_in=7596 map_wall_s=0.092 map_cpu_s=0.027 merge_wall_s=0.134 merge_cpu_s=0.018 map_units=4 merge_ranges=4 map_eff_cores=0.29 merge_eff_cores=0.13
event=kink_round H=17 col=2 round=stage5 frontier_in=7407943 map_wall_s=2.118 map_cpu_s=29.330 merge_wall_s=1.327 merge_cpu_s=15.395 map_units=640 merge_ranges=80 map_eff_cores=13.85 merge_eff_cores=11.60
event=kink_round H=16 col=2 round=stage11 frontier_in=4652361 map_wall_s=1.607 map_cpu_s=21.726 merge_wall_s=1.134 merge_cpu_s=11.181 map_units=640 merge_ranges=80 map_eff_cores=13.52 merge_eff_cores=9.86
event=kink_round H=10 col=16 round=seed frontier_in=5567 map_wall_s=0.090 map_cpu_s=0.028 merge_wall_s=0.000 merge_cpu_s=0.000 map_units=3 merge_ranges=0 map_eff_cores=0.31 merge_eff_cores=0.00
event=kink_round H=7 col=32 round=stage2 frontier_in=171 map_wall_s=0.091 map_cpu_s=0.001 merge_wall_s=0.056 merge_cpu_s=0.001 map_units=1 merge_ranges=1 map_eff_cores=0.01 merge_eff_cores=0.02
event=kink_round H=8 col=25 round=stage0 frontier_in=825 map_wall_s=0.091 map_cpu_s=0.002 merge_wall_s=0.053 merge_cpu_s=0.003 map_units=1 merge_ranges=1 map_eff_cores=0.02 merge_eff_cores=0.06
event=kink_round H=13 col=6 round=stage0 frontier_in=106912 map_wall_s=0.176 map_cpu_s=0.655 merge_wall_s=0.183 merge_cpu_s=0.600 map_units=53 merge_ranges=53 map_eff_cores=3.72 merge_eff_cores=3.27
event=kink_round H=9 col=19 round=stage8 frontier_in=7732 map_wall_s=0.085 map_cpu_s=0.020 merge_wall_s=0.085 merge_cpu_s=0.013 map_units=4 merge_ranges=4 map_eff_cores=0.24 merge_eff_cores=0.15
event=kink_round H=7 col=32 round=stage3 frontier_in=257 map_wall_s=0.067 map_cpu_s=0.002 merge_wall_s=0.030 merge_cpu_s=0.001 map_units=1 merge_ranges=1 map_eff_cores=0.03 merge_eff_cores=0.03
event=kink_round H=10 col=16 round=stage0 frontier_in=5567 map_wall_s=0.077 map_cpu_s=0.025 merge_wall_s=0.064 merge_cpu_s=0.020 map_units=3 merge_ranges=3 map_eff_cores=0.32 merge_eff_cores=0.31
event=kink_round H=8 col=25 round=stage1 frontier_in=1328 map_wall_s=0.066 map_cpu_s=0.004 merge_wall_s=0.043 merge_cpu_s=0.004 map_units=1 merge_ranges=1 map_eff_cores=0.06 merge_eff_cores=0.09
event=kink_round H=12 col=9 round=stage9 frontier_in=141099 map_wall_s=0.170 map_cpu_s=0.912 merge_wall_s=0.154 merge_cpu_s=0.534 map_units=69 merge_ranges=69 map_eff_cores=5.36 merge_eff_cores=3.47
event=kink_round H=11 col=12 round=stage8 frontier_in=52799 map_wall_s=0.109 map_cpu_s=0.243 merge_wall_s=0.117 merge_cpu_s=0.148 map_units=26 merge_ranges=26 map_eff_cores=2.22 merge_eff_cores=1.26
event=kink_round H=7 col=32 round=stage4 frontier_in=310 map_wall_s=0.015 map_cpu_s=0.002 merge_wall_s=0.077 merge_cpu_s=0.001 map_units=1 merge_ranges=1 map_eff_cores=0.13 merge_eff_cores=0.01
event=kink_round H=9 col=19 round=finalize frontier_in=7529 map_wall_s=0.038 map_cpu_s=0.039 merge_wall_s=0.090 merge_cpu_s=0.011 map_units=4 merge_ranges=4 map_eff_cores=1.04 merge_eff_cores=0.12
event=kink_round H=14 col=4 round=stage3 frontier_in=870695 map_wall_s=1.000 map_cpu_s=5.999 merge_wall_s=0.541 merge_cpu_s=3.925 map_units=426 merge_ranges=80 map_eff_cores=6.00 merge_eff_cores=7.26
event=column H=9 col=19 frontier_in=2153 frontier_out=2153 wall_s=2.72 cum_wall_s=541.4 cpu_s=0.4 rss_max_mb=73.0 map_wall_s=1.42 map_cpu_s=0.2 merge_wall_s=1.28 merge_cpu_s=0.1 map_units=37 merge_ranges=35 eff_cores=0.13
event=kink_round H=8 col=25 round=stage2 frontier_in=2153 map_wall_s=0.091 map_cpu_s=0.013 merge_wall_s=0.120 merge_cpu_s=0.007 map_units=2 merge_ranges=2 map_eff_cores=0.14 merge_eff_cores=0.06
event=kink_round H=9 col=20 round=seed frontier_in=2153 map_wall_s=0.110 map_cpu_s=0.014 merge_wall_s=0.000 merge_cpu_s=0.000 map_units=2 merge_ranges=0 map_eff_cores=0.13 merge_eff_cores=0.00
event=kink_round H=10 col=16 round=stage1 frontier_in=8947 map_wall_s=0.117 map_cpu_s=0.067 merge_wall_s=0.131 merge_cpu_s=0.046 map_units=5 merge_ranges=5 map_eff_cores=0.57 merge_eff_cores=0.35
event=kink_round H=11 col=12 round=stage9 frontier_in=52650 map_wall_s=0.125 map_cpu_s=0.450 merge_wall_s=0.273 merge_cpu_s=0.166 map_units=26 merge_ranges=26 map_eff_cores=3.61 merge_eff_cores=0.61
event=kink_round H=7 col=32 round=stage5 frontier_in=313 map_wall_s=0.117 map_cpu_s=0.003 merge_wall_s=0.284 merge_cpu_s=0.001 map_units=1 merge_ranges=1 map_eff_cores=0.03 merge_eff_cores=0.00
event=kink_round H=13 col=6 round=stage1 frontier_in=171990 map_wall_s=0.181 map_cpu_s=1.703 merge_wall_s=0.402 merge_cpu_s=1.290 map_units=84 merge_ranges=80 map_eff_cores=9.40 merge_eff_cores=3.21
event=kink_round H=12 col=9 round=stage10 frontier_in=140628 map_wall_s=0.196 map_cpu_s=1.504 merge_wall_s=0.418 merge_cpu_s=0.642 map_units=69 merge_ranges=69 map_eff_cores=7.69 merge_eff_cores=1.54
event=kink_round H=8 col=25 round=stage3 frontier_in=2565 map_wall_s=0.280 map_cpu_s=0.008 merge_wall_s=0.296 merge_cpu_s=0.006 map_units=2 merge_ranges=2 map_eff_cores=0.03 merge_eff_cores=0.02
event=kink_round H=9 col=20 round=stage0 frontier_in=2153 map_wall_s=0.291 map_cpu_s=0.010 merge_wall_s=0.285 merge_cpu_s=0.010 map_units=2 merge_ranges=2 map_eff_cores=0.03 merge_eff_cores=0.04
event=kink_round H=10 col=16 round=stage2 frontier_in=14518 map_wall_s=0.264 map_cpu_s=0.070 merge_wall_s=0.306 merge_cpu_s=0.053 map_units=8 merge_ranges=8 map_eff_cores=0.27 merge_eff_cores=0.17
event=kink_round H=7 col=32 round=stage6 frontier_in=313 map_wall_s=0.283 map_cpu_s=0.001 merge_wall_s=0.188 merge_cpu_s=0.001 map_units=1 merge_ranges=1 map_eff_cores=0.00 merge_eff_cores=0.01
event=kink_round H=11 col=12 round=stage10 frontier_in=53453 map_wall_s=0.328 map_cpu_s=0.349 merge_wall_s=0.283 merge_cpu_s=0.197 map_units=27 merge_ranges=27 map_eff_cores=1.06 merge_eff_cores=0.70
event=kink_round H=9 col=20 round=stage1 frontier_in=3472 map_wall_s=0.214 map_cpu_s=0.017 merge_wall_s=0.181 merge_cpu_s=0.012 map_units=2 merge_ranges=2 map_eff_cores=0.08 merge_eff_cores=0.07
event=kink_round H=8 col=25 round=stage4 frontier_in=2791 map_wall_s=0.218 map_cpu_s=0.010 merge_wall_s=0.188 merge_cpu_s=0.006 map_units=2 merge_ranges=2 map_eff_cores=0.05 merge_eff_cores=0.03
event=kink_round H=10 col=16 round=stage3 frontier_in=17220 map_wall_s=0.236 map_cpu_s=0.100 merge_wall_s=0.200 merge_cpu_s=0.050 map_units=9 merge_ranges=9 map_eff_cores=0.42 merge_eff_cores=0.25
event=kink_round H=12 col=9 round=stage11 frontier_in=142690 map_wall_s=0.287 map_cpu_s=1.149 merge_wall_s=0.261 merge_cpu_s=0.736 map_units=70 merge_ranges=70 map_eff_cores=4.00 merge_eff_cores=2.82
event=kink_round H=15 col=3 round=stage2 frontier_in=1686822 map_wall_s=1.163 map_cpu_s=11.388 merge_wall_s=1.390 merge_cpu_s=9.998 map_units=640 merge_ranges=80 map_eff_cores=9.80 merge_eff_cores=7.19
event=kink_round H=7 col=32 round=finalize frontier_in=251 map_wall_s=0.166 map_cpu_s=0.002 merge_wall_s=0.539 merge_cpu_s=0.001 map_units=1 merge_ranges=1 map_eff_cores=0.01 merge_eff_cores=0.00
event=column H=7 col=32 frontier_in=62 frontier_out=28 wall_s=2.34 cum_wall_s=543.8 cpu_s=0.0 rss_max_mb=52.8 map_wall_s=0.93 map_cpu_s=0.0 merge_wall_s=1.40 merge_cpu_s=0.0 map_units=9 merge_ranges=8 eff_cores=0.01
event=kink_round H=13 col=6 round=stage2 frontier_in=278236 map_wall_s=0.462 map_cpu_s=2.913 merge_wall_s=0.995 merge_cpu_s=1.731 map_units=136 merge_ranges=80 map_eff_cores=6.30 merge_eff_cores=1.74
event=kink_round H=7 col=33 round=seed frontier_in=28 map_wall_s=0.731 map_cpu_s=0.002 merge_wall_s=0.000 merge_cpu_s=0.000 map_units=1 merge_ranges=0 map_eff_cores=0.00 merge_eff_cores=0.00
event=kink_round H=8 col=25 round=stage5 frontier_in=2858 map_wall_s=0.796 map_cpu_s=0.011 merge_wall_s=0.513 merge_cpu_s=0.005 map_units=2 merge_ranges=2 map_eff_cores=0.01 merge_eff_cores=0.01
event=kink_round H=9 col=20 round=stage2 frontier_in=5618 map_wall_s=0.839 map_cpu_s=0.026 merge_wall_s=0.501 merge_cpu_s=0.017 map_units=3 merge_ranges=3 map_eff_cores=0.03 merge_eff_cores=0.03
event=kink_round H=11 col=12 round=finalize frontier_in=52683 map_wall_s=0.710 map_cpu_s=0.290 merge_wall_s=0.681 merge_cpu_s=0.160 map_units=26 merge_ranges=26 map_eff_cores=0.41 merge_eff_cores=0.23
event=column H=11 col=12 frontier_in=14826 frontier_out=14826 wall_s=6.00 cum_wall_s=549.8 cpu_s=4.7 rss_max_mb=73.0 map_wall_s=2.73 map_cpu_s=2.9 merge_wall_s=3.03 merge_cpu_s=1.7 map_units=278 merge_ranges=270 eff_cores=0.78
event=kink_round H=10 col=16 round=stage4 frontier_in=18804 map_wall_s=1.067 map_cpu_s=0.126 merge_wall_s=0.385 merge_cpu_s=0.073 map_units=10 merge_ranges=10 map_eff_cores=0.12 merge_eff_cores=0.19
event=kink_round H=12 col=9 round=finalize frontier_in=141350 map_wall_s=1.102 map_cpu_s=0.986 merge_wall_s=0.584 merge_cpu_s=0.735 map_units=70 merge_ranges=70 map_eff_cores=0.89 merge_eff_cores=1.26
event=kink_round H=11 col=13 round=seed frontier_in=14826 map_wall_s=0.463 map_cpu_s=0.103 merge_wall_s=0.000 merge_cpu_s=0.000 map_units=8 merge_ranges=0 map_eff_cores=0.22 merge_eff_cores=0.00
event=column H=12 col=9 frontier_in=39506 frontier_out=39506 wall_s=7.28 cum_wall_s=557.1 cpu_s=17.5 rss_max_mb=73.0 map_wall_s=3.65 map_cpu_s=10.9 merge_wall_s=3.20 merge_cpu_s=6.6 map_units=801 merge_ranges=781 eff_cores=2.41
event=kink_round H=7 col=33 round=stage0 frontier_in=28 map_wall_s=0.348 map_cpu_s=0.002 merge_wall_s=0.371 merge_cpu_s=0.001 map_units=1 merge_ranges=1 map_eff_cores=0.01 merge_eff_cores=0.00
event=kink_round H=8 col=25 round=stage6 frontier_in=2920 map_wall_s=0.452 map_cpu_s=0.012 merge_wall_s=0.358 merge_cpu_s=0.007 map_units=2 merge_ranges=2 map_eff_cores=0.03 merge_eff_cores=0.02
event=kink_round H=9 col=20 round=stage3 frontier_in=6681 map_wall_s=0.465 map_cpu_s=0.035 merge_wall_s=0.389 merge_cpu_s=0.020 map_units=4 merge_ranges=4 map_eff_cores=0.08 merge_eff_cores=0.05
event=kink_round H=12 col=10 round=seed frontier_in=39506 map_wall_s=0.400 map_cpu_s=0.349 merge_wall_s=0.000 merge_cpu_s=0.000 map_units=20 merge_ranges=0 map_eff_cores=0.87 merge_eff_cores=0.00
event=kink_round H=10 col=16 round=stage5 frontier_in=19507 map_wall_s=0.428 map_cpu_s=0.113 merge_wall_s=0.335 merge_cpu_s=0.066 map_units=10 merge_ranges=10 map_eff_cores=0.26 merge_eff_cores=0.20
event=kink_round H=7 col=33 round=stage1 frontier_in=45 map_wall_s=0.317 map_cpu_s=0.001 merge_wall_s=0.403 merge_cpu_s=0.001 map_units=1 merge_ranges=1 map_eff_cores=0.00 merge_eff_cores=0.00
event=kink_round H=11 col=13 round=stage0 frontier_in=14826 map_wall_s=0.385 map_cpu_s=0.119 merge_wall_s=0.436 merge_cpu_s=0.072 map_units=8 merge_ranges=8 map_eff_cores=0.31 merge_eff_cores=0.17
event=kink_round H=13 col=6 round=stage3 frontier_in=327424 map_wall_s=0.964 map_cpu_s=3.471 merge_wall_s=0.682 merge_cpu_s=1.915 map_units=160 merge_ranges=80 map_eff_cores=3.60 merge_eff_cores=2.81
event=kink_round H=8 col=25 round=stage7 frontier_in=2997 map_wall_s=0.427 map_cpu_s=0.007 merge_wall_s=0.165 merge_cpu_s=0.005 map_units=2 merge_ranges=2 map_eff_cores=0.02 merge_eff_cores=0.03
event=kink_round H=9 col=20 round=stage4 frontier_in=7281 map_wall_s=0.445 map_cpu_s=0.033 merge_wall_s=0.147 merge_cpu_s=0.015 map_units=4 merge_ranges=4 map_eff_cores=0.07 merge_eff_cores=0.10
event=kink_round H=10 col=16 round=stage6 frontier_in=19682 map_wall_s=0.390 map_cpu_s=0.104 merge_wall_s=0.127 merge_cpu_s=0.053 map_units=10 merge_ranges=10 map_eff_cores=0.27 merge_eff_cores=0.42
event=kink_round H=12 col=10 round=stage0 frontier_in=39506 map_wall_s=0.410 map_cpu_s=0.282 merge_wall_s=0.163 merge_cpu_s=0.216 map_units=20 merge_ranges=20 map_eff_cores=0.69 merge_eff_cores=1.33
event=kink_round H=14 col=4 round=stage4 frontier_in=947116 map_wall_s=2.717 map_cpu_s=10.143 merge_wall_s=0.997 merge_cpu_s=5.844 map_units=463 merge_ranges=80 map_eff_cores=3.73 merge_eff_cores=5.86
event=kink_round H=7 col=33 round=stage2 frontier_in=68 map_wall_s=0.121 map_cpu_s=0.001 merge_wall_s=0.121 merge_cpu_s=0.002 map_units=1 merge_ranges=1 map_eff_cores=0.01 merge_eff_cores=0.02
event=kink_round H=8 col=25 round=finalize frontier_in=2894 map_wall_s=0.116 map_cpu_s=0.006 merge_wall_s=0.082 merge_cpu_s=0.004 map_units=2 merge_ranges=2 map_eff_cores=0.05 merge_eff_cores=0.05
event=column H=8 col=25 frontier_in=825 frontier_out=825 wall_s=4.49 cum_wall_s=561.6 cpu_s=0.1 rss_max_mb=56.8 map_wall_s=2.67 map_cpu_s=0.1 merge_wall_s=1.82 merge_cpu_s=0.0 map_units=17 merge_ranges=16 eff_cores=0.03
event=kink_round H=11 col=13 round=stage1 frontier_in=23855 map_wall_s=0.146 map_cpu_s=0.134 merge_wall_s=0.118 merge_cpu_s=0.117 map_units=12 merge_ranges=12 map_eff_cores=0.92 merge_eff_cores=0.99
event=kink_round H=8 col=26 round=seed frontier_in=825 map_wall_s=0.089 map_cpu_s=0.002 merge_wall_s=0.000 merge_cpu_s=0.000 map_units=1 merge_ranges=0 map_eff_cores=0.02 merge_eff_cores=0.00
event=kink_round H=9 col=20 round=stage5 frontier_in=7500 map_wall_s=0.113 map_cpu_s=0.028 merge_wall_s=0.121 merge_cpu_s=0.016 map_units=4 merge_ranges=4 map_eff_cores=0.25 merge_eff_cores=0.13
event=kink_round H=7 col=33 round=stage3 frontier_in=96 map_wall_s=0.083 map_cpu_s=0.001 merge_wall_s=0.075 merge_cpu_s=0.001 map_units=1 merge_ranges=1 map_eff_cores=0.01 merge_eff_cores=0.01
event=kink_round H=10 col=16 round=stage7 frontier_in=19901 map_wall_s=0.094 map_cpu_s=0.113 merge_wall_s=0.103 merge_cpu_s=0.055 map_units=10 merge_ranges=10 map_eff_cores=1.20 merge_eff_cores=0.53
event=kink_round H=18 col=2 round=stage1 frontier_in=7432229 map_wall_s=1.765 map_cpu_s=35.637 merge_wall_s=3.874 merge_cpu_s=27.151 map_units=640 merge_ranges=80 map_eff_cores=20.19 merge_eff_cores=7.01
event=kink_round H=8 col=26 round=stage0 frontier_in=825 map_wall_s=0.076 map_cpu_s=0.002 merge_wall_s=0.036 merge_cpu_s=0.002 map_units=1 merge_ranges=1 map_eff_cores=0.03 merge_eff_cores=0.05
event=kink_round H=12 col=10 round=stage1 frontier_in=63502 map_wall_s=0.111 map_cpu_s=0.415 merge_wall_s=0.145 merge_cpu_s=0.344 map_units=32 merge_ranges=32 map_eff_cores=3.74 merge_eff_cores=2.37
event=kink_round H=11 col=13 round=stage2 frontier_in=38640 map_wall_s=0.093 map_cpu_s=0.190 merge_wall_s=0.104 merge_cpu_s=0.133 map_units=19 merge_ranges=19 map_eff_cores=2.04 merge_eff_cores=1.28
event=kink_round H=13 col=6 round=stage4 frontier_in=356512 map_wall_s=0.328 map_cpu_s=2.872 merge_wall_s=0.193 merge_cpu_s=1.662 map_units=175 merge_ranges=80 map_eff_cores=8.77 merge_eff_cores=8.61
event=kink_round H=7 col=33 round=stage4 frontier_in=118 map_wall_s=0.074 map_cpu_s=0.002 merge_wall_s=0.285 merge_cpu_s=0.000 map_units=1 merge_ranges=1 map_eff_cores=0.03 merge_eff_cores=0.00
event=kink_round H=9 col=20 round=stage6 frontier_in=7569 map_wall_s=0.090 map_cpu_s=0.031 merge_wall_s=0.308 merge_cpu_s=0.014 map_units=4 merge_ranges=4 map_eff_cores=0.34 merge_eff_cores=0.05
event=kink_round H=10 col=16 round=stage8 frontier_in=19909 map_wall_s=0.082 map_cpu_s=0.084 merge_wall_s=0.309 merge_cpu_s=0.040 map_units=10 merge_ranges=10 map_eff_cores=1.03 merge_eff_cores=0.13
event=kink_round H=8 col=26 round=stage1 frontier_in=1325 map_wall_s=0.297 map_cpu_s=0.003 merge_wall_s=0.358 merge_cpu_s=0.002 map_units=1 merge_ranges=1 map_eff_cores=0.01 merge_eff_cores=0.01
event=kink_round H=11 col=13 round=stage3 frontier_in=45710 map_wall_s=0.335 map_cpu_s=0.180 merge_wall_s=0.485 merge_cpu_s=0.133 map_units=23 merge_ranges=23 map_eff_cores=0.54 merge_eff_cores=0.27
event=kink_round H=12 col=10 round=stage2 frontier_in=102880 map_wall_s=0.360 map_cpu_s=0.462 merge_wall_s=0.495 merge_cpu_s=0.381 map_units=51 merge_ranges=51 map_eff_cores=1.28 merge_eff_cores=0.77
event=kink_round H=16 col=2 round=stage12 frontier_in=5024375 map_wall_s=3.851 map_cpu_s=31.003 merge_wall_s=1.230 merge_cpu_s=12.250 map_units=640 merge_ranges=80 map_eff_cores=8.05 merge_eff_cores=9.96
event=kink_round H=15 col=3 round=stage3 frontier_in=2009086 map_wall_s=2.682 map_cpu_s=16.950 merge_wall_s=1.170 merge_cpu_s=7.374 map_units=640 merge_ranges=80 map_eff_cores=6.32 merge_eff_cores=6.30
event=kink_round H=7 col=33 round=stage5 frontier_in=129 map_wall_s=0.374 map_cpu_s=0.000 merge_wall_s=0.578 merge_cpu_s=0.000 map_units=1 merge_ranges=1 map_eff_cores=0.00 merge_eff_cores=0.00
event=kink_round H=9 col=20 round=stage7 frontier_in=7596 map_wall_s=0.364 map_cpu_s=0.018 merge_wall_s=0.610 merge_cpu_s=0.014 map_units=4 merge_ranges=4 map_eff_cores=0.05 merge_eff_cores=0.02
event=kink_round H=10 col=16 round=stage9 frontier_in=20222 map_wall_s=0.364 map_cpu_s=0.060 merge_wall_s=0.610 merge_cpu_s=0.036 map_units=10 merge_ranges=10 map_eff_cores=0.16 merge_eff_cores=0.06
event=kink_round H=8 col=26 round=stage2 frontier_in=2150 map_wall_s=0.593 map_cpu_s=0.004 merge_wall_s=0.344 merge_cpu_s=0.003 map_units=2 merge_ranges=2 map_eff_cores=0.01 merge_eff_cores=0.01
event=kink_round H=11 col=13 round=stage4 frontier_in=49855 map_wall_s=0.612 map_cpu_s=0.185 merge_wall_s=0.241 merge_cpu_s=0.142 map_units=25 merge_ranges=25 map_eff_cores=0.30 merge_eff_cores=0.59
event=kink_round H=7 col=33 round=stage6 frontier_in=115 map_wall_s=0.361 map_cpu_s=0.000 merge_wall_s=0.150 merge_cpu_s=0.000 map_units=1 merge_ranges=1 map_eff_cores=0.00 merge_eff_cores=0.00
event=kink_round H=10 col=16 round=finalize frontier_in=19812 map_wall_s=0.310 map_cpu_s=0.054 merge_wall_s=0.145 merge_cpu_s=0.024 map_units=10 merge_ranges=10 map_eff_cores=0.17 merge_eff_cores=0.17
event=column H=10 col=16 frontier_in=5567 frontier_out=5567 wall_s=6.30 cum_wall_s=567.9 cpu_s=1.5 rss_max_mb=73.0 map_wall_s=3.52 map_cpu_s=0.9 merge_wall_s=2.71 merge_cpu_s=0.5 map_units=98 merge_ranges=95 eff_cores=0.23
event=kink_round H=9 col=20 round=stage8 frontier_in=7732 map_wall_s=0.321 map_cpu_s=0.017 merge_wall_s=0.161 merge_cpu_s=0.013 map_units=4 merge_ranges=4 map_eff_cores=0.05 merge_eff_cores=0.08
event=kink_round H=12 col=10 round=stage3 frontier_in=121352 map_wall_s=0.773 map_cpu_s=0.573 merge_wall_s=0.161 merge_cpu_s=0.548 map_units=60 merge_ranges=60 map_eff_cores=0.74 merge_eff_cores=3.40
event=kink_round H=8 col=26 round=stage3 frontier_in=2558 map_wall_s=0.154 map_cpu_s=0.006 merge_wall_s=0.232 merge_cpu_s=0.004 map_units=2 merge_ranges=2 map_eff_cores=0.04 merge_eff_cores=0.02
event=kink_round H=10 col=17 round=seed frontier_in=5567 map_wall_s=0.233 map_cpu_s=0.019 merge_wall_s=0.000 merge_cpu_s=0.000 map_units=3 merge_ranges=0 map_eff_cores=0.08 merge_eff_cores=0.00
event=kink_round H=13 col=6 round=stage5 frontier_in=370228 map_wall_s=1.527 map_cpu_s=1.998 merge_wall_s=0.389 merge_cpu_s=1.527 map_units=181 merge_ranges=80 map_eff_cores=1.31 merge_eff_cores=3.93
event=kink_round H=7 col=33 round=finalize frontier_in=77 map_wall_s=0.223 map_cpu_s=0.000 merge_wall_s=0.191 merge_cpu_s=0.002 map_units=1 merge_ranges=1 map_eff_cores=0.00 merge_eff_cores=0.01
event=column H=7 col=33 frontier_in=28 frontier_out=11 wall_s=4.81 cum_wall_s=572.7 cpu_s=0.0 rss_max_mb=56.8 map_wall_s=2.63 map_cpu_s=0.0 merge_wall_s=2.17 merge_cpu_s=0.0 map_units=9 merge_ranges=8 eff_cores=0.00
event=kink_round H=9 col=20 round=finalize frontier_in=7529 map_wall_s=0.239 map_cpu_s=0.024 merge_wall_s=0.196 merge_cpu_s=0.008 map_units=4 merge_ranges=4 map_eff_cores=0.10 merge_eff_cores=0.04
event=column H=9 col=20 frontier_in=2153 frontier_out=2153 wall_s=6.40 cum_wall_s=579.1 cpu_s=0.4 rss_max_mb=73.0 map_wall_s=3.49 map_cpu_s=0.3 merge_wall_s=2.90 merge_cpu_s=0.1 map_units=37 merge_ranges=35 eff_cores=0.06
event=kink_round H=11 col=13 round=stage5 frontier_in=51728 map_wall_s=0.253 map_cpu_s=0.193 merge_wall_s=0.228 merge_cpu_s=0.150 map_units=26 merge_ranges=26 map_eff_cores=0.76 merge_eff_cores=0.66
event=kink_round H=7 col=34 round=seed frontier_in=11 map_wall_s=0.191 map_cpu_s=0.001 merge_wall_s=0.000 merge_cpu_s=0.000 map_units=1 merge_ranges=0 map_eff_cores=0.01 merge_eff_cores=0.00
event=kink_round H=12 col=10 round=stage4 frontier_in=132241 map_wall_s=0.215 map_cpu_s=1.142 merge_wall_s=0.260 merge_cpu_s=0.468 map_units=65 merge_ranges=65 map_eff_cores=5.31 merge_eff_cores=1.80
event=kink_round H=8 col=26 round=stage4 frontier_in=2784 map_wall_s=0.201 map_cpu_s=0.005 merge_wall_s=0.235 merge_cpu_s=0.004 map_units=2 merge_ranges=2 map_eff_cores=0.02 merge_eff_cores=0.02
event=kink_round H=9 col=21 round=seed frontier_in=2153 map_wall_s=0.233 map_cpu_s=0.010 merge_wall_s=0.000 merge_cpu_s=0.000 map_units=2 merge_ranges=0 map_eff_cores=0.04 merge_eff_cores=0.00
event=kink_round H=10 col=17 round=stage0 frontier_in=5567 map_wall_s=0.194 map_cpu_s=0.027 merge_wall_s=0.253 merge_cpu_s=0.022 map_units=3 merge_ranges=3 map_eff_cores=0.14 merge_eff_cores=0.09
event=kink_round H=17 col=2 round=stage6 frontier_in=7859573 map_wall_s=3.835 map_cpu_s=42.227 merge_wall_s=2.126 merge_cpu_s=16.835 map_units=640 merge_ranges=80 map_eff_cores=11.01 merge_eff_cores=7.92
event=kink_round H=7 col=34 round=stage0 frontier_in=11 map_wall_s=0.124 map_cpu_s=0.000 merge_wall_s=0.178 merge_cpu_s=0.001 map_units=1 merge_ranges=1 map_eff_cores=0.00 merge_eff_cores=0.01
event=kink_round H=14 col=4 round=stage5 frontier_in=983720 map_wall_s=2.051 map_cpu_s=6.003 merge_wall_s=0.653 merge_cpu_s=4.222 map_units=481 merge_ranges=80 map_eff_cores=2.93 merge_eff_cores=6.46
event=kink_round H=11 col=13 round=stage6 frontier_in=52427 map_wall_s=0.253 map_cpu_s=0.306 merge_wall_s=0.215 merge_cpu_s=0.162 map_units=26 merge_ranges=26 map_eff_cores=1.21 merge_eff_cores=0.75
event=kink_round H=8 col=26 round=stage5 frontier_in=2850 map_wall_s=0.192 map_cpu_s=0.010 merge_wall_s=0.179 merge_cpu_s=0.003 map_units=2 merge_ranges=2 map_eff_cores=0.05 merge_eff_cores=0.02
event=kink_round H=9 col=21 round=stage0 frontier_in=2153 map_wall_s=0.188 map_cpu_s=0.008 merge_wall_s=0.169 merge_cpu_s=0.005 map_units=2 merge_ranges=2 map_eff_cores=0.04 merge_eff_cores=0.03
event=kink_round H=10 col=17 round=stage1 frontier_in=8947 map_wall_s=0.190 map_cpu_s=0.039 merge_wall_s=0.188 merge_cpu_s=0.034 map_units=5 merge_ranges=5 map_eff_cores=0.21 merge_eff_cores=0.18
event=kink_round H=12 col=10 round=stage5 frontier_in=137385 map_wall_s=0.214 map_cpu_s=0.956 merge_wall_s=0.275 merge_cpu_s=0.630 map_units=68 merge_ranges=68 map_eff_cores=4.47 merge_eff_cores=2.29
event=kink_round H=7 col=34 round=stage1 frontier_in=16 map_wall_s=0.163 map_cpu_s=0.001 merge_wall_s=0.146 merge_cpu_s=0.000 map_units=1 merge_ranges=1 map_eff_cores=0.01 merge_eff_cores=0.00
event=kink_round H=11 col=13 round=stage7 frontier_in=52569 map_wall_s=0.171 map_cpu_s=0.267 merge_wall_s=0.205 merge_cpu_s=0.169 map_units=26 merge_ranges=26 map_eff_cores=1.56 merge_eff_cores=0.82
event=kink_round H=8 col=26 round=stage6 frontier_in=2913 map_wall_s=0.172 map_cpu_s=0.005 merge_wall_s=0.159 merge_cpu_s=0.004 map_units=2 merge_ranges=2 map_eff_cores=0.03 merge_eff_cores=0.03
event=kink_round H=9 col=21 round=stage1 frontier_in=3471 map_wall_s=0.166 map_cpu_s=0.010 merge_wall_s=0.177 merge_cpu_s=0.011 map_units=2 merge_ranges=2 map_eff_cores=0.06 merge_eff_cores=0.06
event=kink_round H=13 col=6 round=stage6 frontier_in=376230 map_wall_s=0.603 map_cpu_s=2.995 merge_wall_s=0.376 merge_cpu_s=1.611 map_units=184 merge_ranges=80 map_eff_cores=4.97 merge_eff_cores=4.28
event=kink_round H=10 col=17 round=stage2 frontier_in=14518 map_wall_s=0.156 map_cpu_s=0.061 merge_wall_s=0.187 merge_cpu_s=0.059 map_units=8 merge_ranges=8 map_eff_cores=0.39 merge_eff_cores=0.32
event=kink_round H=7 col=34 round=stage2 frontier_in=21 map_wall_s=0.159 map_cpu_s=0.001 merge_wall_s=0.115 merge_cpu_s=0.002 map_units=1 merge_ranges=1 map_eff_cores=0.01 merge_eff_cores=0.02
event=kink_round H=12 col=10 round=stage6 frontier_in=139596 map_wall_s=0.220 map_cpu_s=0.857 merge_wall_s=0.171 merge_cpu_s=0.517 map_units=69 merge_ranges=69 map_eff_cores=3.89 merge_eff_cores=3.03
event=kink_round H=9 col=21 round=stage2 frontier_in=5617 map_wall_s=0.102 map_cpu_s=0.019 merge_wall_s=0.090 merge_cpu_s=0.012 map_units=3 merge_ranges=3 map_eff_cores=0.19 merge_eff_cores=0.13
event=kink_round H=8 col=26 round=stage7 frontier_in=2995 map_wall_s=0.115 map_cpu_s=0.009 merge_wall_s=0.097 merge_cpu_s=0.005 map_units=2 merge_ranges=2 map_eff_cores=0.08 merge_eff_cores=0.05
event=kink_round H=10 col=17 round=stage3 frontier_in=17219 map_wall_s=0.099 map_cpu_s=0.068 merge_wall_s=0.074 merge_cpu_s=0.041 map_units=9 merge_ranges=9 map_eff_cores=0.68 merge_eff_cores=0.55
event=kink_round H=11 col=13 round=stage8 frontier_in=52799 map_wall_s=0.138 map_cpu_s=0.270 merge_wall_s=0.107 merge_cpu_s=0.160 map_units=26 merge_ranges=26 map_eff_cores=1.95 merge_eff_cores=1.49
event=kink_round H=7 col=34 round=stage3 frontier_in=26 map_wall_s=0.094 map_cpu_s=0.001 merge_wall_s=0.137 merge_cpu_s=0.001 map_units=1 merge_ranges=1 map_eff_cores=0.01 merge_eff_cores=0.01
event=kink_round H=15 col=3 round=stage4 frontier_in=2189633 map_wall_s=1.751 map_cpu_s=15.493 merge_wall_s=0.554 merge_cpu_s=7.480 map_units=640 merge_ranges=80 map_eff_cores=8.85 merge_eff_cores=13.50
event=heartbeat H=18 col=2 elapsed_s=17 processed=2391040 rate_per_s=138030 steals=0
event=kink_round H=8 col=26 round=finalize frontier_in=2887 map_wall_s=0.136 map_cpu_s=0.004 merge_wall_s=1.762 merge_cpu_s=0.003 map_units=2 merge_ranges=2 map_eff_cores=0.03 merge_eff_cores=0.00
event=column H=8 col=26 frontier_in=825 frontier_out=822 wall_s=5.43 cum_wall_s=584.5 cpu_s=0.1 rss_max_mb=56.8 map_wall_s=2.03 map_cpu_s=0.1 merge_wall_s=3.40 merge_cpu_s=0.0 map_units=17 merge_ranges=16 eff_cores=0.01
event=heartbeat H=17 col=2 elapsed_s=35 processed=9216 rate_per_s=266 steals=0
event=kink_round H=9 col=21 round=stage3 frontier_in=6680 map_wall_s=0.148 map_cpu_s=0.019 merge_wall_s=1.993 merge_cpu_s=0.013 map_units=4 merge_ranges=4 map_eff_cores=0.13 merge_eff_cores=0.01
event=kink_round H=10 col=17 round=stage4 frontier_in=18803 map_wall_s=0.155 map_cpu_s=0.079 merge_wall_s=2.078 merge_cpu_s=0.068 map_units=10 merge_ranges=10 map_eff_cores=0.51 merge_eff_cores=0.03
event=kink_round H=12 col=10 round=stage7 frontier_in=140142 map_wall_s=0.167 map_cpu_s=0.775 merge_wall_s=2.195 merge_cpu_s=0.784 map_units=69 merge_ranges=69 map_eff_cores=4.64 merge_eff_cores=0.36
event=kink_round H=11 col=13 round=stage9 frontier_in=52650 map_wall_s=0.166 map_cpu_s=0.230 merge_wall_s=2.201 merge_cpu_s=0.207 map_units=26 merge_ranges=26 map_eff_cores=1.39 merge_eff_cores=0.09
event=kink_round H=13 col=6 round=stage7 frontier_in=378384 map_wall_s=0.292 map_cpu_s=2.399 merge_wall_s=2.445 merge_cpu_s=2.415 map_units=185 merge_ranges=80 map_eff_cores=8.22 merge_eff_cores=0.99
event=kink_round H=7 col=34 round=stage4 frontier_in=30 map_wall_s=1.596 map_cpu_s=0.001 merge_wall_s=0.998 merge_cpu_s=0.001 map_units=1 merge_ranges=1 map_eff_cores=0.00 merge_eff_cores=0.00
event=kink_round H=8 col=27 round=seed frontier_in=822 map_wall_s=0.834 map_cpu_s=0.003 merge_wall_s=0.000 merge_cpu_s=0.000 map_units=1 merge_ranges=0 map_eff_cores=0.00 merge_eff_cores=0.00
event=kink_round H=16 col=2 round=stage13 frontier_in=5419036 map_wall_s=1.711 map_cpu_s=29.766 merge_wall_s=2.742 merge_cpu_s=13.238 map_units=640 merge_ranges=80 map_eff_cores=17.40 merge_eff_cores=4.83
event=kink_round H=9 col=21 round=stage4 frontier_in=7281 map_wall_s=0.639 map_cpu_s=0.032 merge_wall_s=0.489 merge_cpu_s=0.017 map_units=4 merge_ranges=4 map_eff_cores=0.05 merge_eff_cores=0.03
event=kink_round H=10 col=17 round=stage5 frontier_in=19506 map_wall_s=0.643 map_cpu_s=0.125 merge_wall_s=0.432 merge_cpu_s=0.065 map_units=10 merge_ranges=10 map_eff_cores=0.19 merge_eff_cores=0.15
event=heartbeat H=15 col=3 elapsed_s=17 processed=668672 rate_per_s=38599 steals=0
event=kink_round H=11 col=13 round=stage10 frontier_in=53453 map_wall_s=0.506 map_cpu_s=0.383 merge_wall_s=0.533 merge_cpu_s=0.214 map_units=27 merge_ranges=27 map_eff_cores=0.76 merge_eff_cores=0.40
event=kink_round H=7 col=34 round=stage5 frontier_in=30 map_wall_s=0.365 map_cpu_s=0.001 merge_wall_s=0.522 merge_cpu_s=0.001 map_units=1 merge_ranges=1 map_eff_cores=0.00 merge_eff_cores=0.00
event=heartbeat H=14 col=4 elapsed_s=17 processed=671744 rate_per_s=38781 steals=0
event=kink_round H=8 col=27 round=stage0 frontier_in=822 map_wall_s=0.492 map_cpu_s=0.003 merge_wall_s=0.880 merge_cpu_s=0.002 map_units=1 merge_ranges=1 map_eff_cores=0.01 merge_eff_cores=0.00
event=kink_round H=12 col=10 round=stage8 frontier_in=140687 map_wall_s=0.650 map_cpu_s=1.313 merge_wall_s=1.051 merge_cpu_s=0.822 map_units=69 merge_ranges=69 map_eff_cores=2.02 merge_eff_cores=0.78
event=kink_round H=9 col=21 round=stage5 frontier_in=7500 map_wall_s=0.917 map_cpu_s=0.042 merge_wall_s=0.455 merge_cpu_s=0.022 map_units=4 merge_ranges=4 map_eff_cores=0.05 merge_eff_cores=0.05
event=kink_round H=7 col=34 round=stage6 frontier_in=26 map_wall_s=0.684 map_cpu_s=0.001 merge_wall_s=0.506 merge_cpu_s=0.001 map_units=1 merge_ranges=1 map_eff_cores=0.00 merge_eff_cores=0.00
event=kink_round H=10 col=17 round=stage6 frontier_in=19682 map_wall_s=0.978 map_cpu_s=0.127 merge_wall_s=0.520 merge_cpu_s=0.064 map_units=10 merge_ranges=10 map_eff_cores=0.13 merge_eff_cores=0.12
event=kink_round H=11 col=13 round=finalize frontier_in=52683 map_wall_s=0.871 map_cpu_s=0.400 merge_wall_s=0.523 merge_cpu_s=0.162 map_units=26 merge_ranges=26 map_eff_cores=0.46 merge_eff_cores=0.31
event=column H=11 col=13 frontier_in=14826 frontier_out=14826 wall_s=9.99 cum_wall_s=594.5 cpu_s=4.8 rss_max_mb=73.0 map_wall_s=4.39 map_cpu_s=3.0 merge_wall_s=5.40 merge_cpu_s=1.8 map_units=278 merge_ranges=270 eff_cores=0.48
event=kink_round H=14 col=4 round=stage6 frontier_in=1000535 map_wall_s=3.369 map_cpu_s=8.111 merge_wall_s=2.087 merge_cpu_s=6.573 map_units=489 merge_ranges=80 map_eff_cores=2.41 merge_eff_cores=3.15
event=kink_round H=8 col=27 round=stage1 frontier_in=1317 map_wall_s=0.504 map_cpu_s=0.006 merge_wall_s=0.424 merge_cpu_s=0.004 map_units=1 merge_ranges=1 map_eff_cores=0.01 merge_eff_cores=0.01
event=kink_round H=11 col=14 round=seed frontier_in=14826 map_wall_s=0.359 map_cpu_s=0.054 merge_wall_s=0.000 merge_cpu_s=0.000 map_units=8 merge_ranges=0 map_eff_cores=0.15 merge_eff_cores=0.00
event=kink_round H=9 col=21 round=stage6 frontier_in=7569 map_wall_s=0.417 map_cpu_s=0.036 merge_wall_s=0.244 merge_cpu_s=0.014 map_units=4 merge_ranges=4 map_eff_cores=0.09 merge_eff_cores=0.06
event=kink_round H=12 col=10 round=stage9 frontier_in=141099 map_wall_s=0.593 map_cpu_s=1.240 merge_wall_s=0.486 merge_cpu_s=0.491 map_units=69 merge_ranges=69 map_eff_cores=2.09 merge_eff_cores=1.01
event=kink_round H=7 col=34 round=finalize frontier_in=15 map_wall_s=0.331 map_cpu_s=0.001 merge_wall_s=0.221 merge_cpu_s=0.001 map_units=1 merge_ranges=1 map_eff_cores=0.00 merge_eff_cores=0.00
event=column H=7 col=34 frontier_in=11 frontier_out=4 wall_s=6.54 cum_wall_s=601.0 cpu_s=0.0 rss_max_mb=56.8 map_wall_s=3.71 map_cpu_s=0.0 merge_wall_s=2.82 merge_cpu_s=0.0 map_units=9 merge_ranges=8 eff_cores=0.00
event=kink_round H=13 col=6 round=stage8 frontier_in=378846 map_wall_s=2.108 map_cpu_s=3.911 merge_wall_s=0.573 merge_cpu_s=1.698 map_units=185 merge_ranges=80 map_eff_cores=1.86 merge_eff_cores=2.97
event=kink_round H=10 col=17 round=stage7 frontier_in=19901 map_wall_s=0.342 map_cpu_s=0.114 merge_wall_s=0.215 merge_cpu_s=0.054 map_units=10 merge_ranges=10 map_eff_cores=0.33 merge_eff_cores=0.25
event=kink_round H=8 col=27 round=stage2 frontier_in=2138 map_wall_s=0.245 map_cpu_s=0.006 merge_wall_s=0.174 merge_cpu_s=0.003 map_units=2 merge_ranges=2 map_eff_cores=0.02 merge_eff_cores=0.02
event=kink_round H=7 col=35 round=seed frontier_in=4 map_wall_s=0.119 map_cpu_s=0.001 merge_wall_s=0.000 merge_cpu_s=0.000 map_units=1 merge_ranges=0 map_eff_cores=0.01 merge_eff_cores=0.00
event=kink_round H=9 col=21 round=stage7 frontier_in=7596 map_wall_s=0.159 map_cpu_s=0.027 merge_wall_s=0.183 merge_cpu_s=0.017 map_units=4 merge_ranges=4 map_eff_cores=0.17 merge_eff_cores=0.09
event=kink_round H=11 col=14 round=stage0 frontier_in=14826 map_wall_s=0.180 map_cpu_s=0.082 merge_wall_s=0.185 merge_cpu_s=0.064 map_units=8 merge_ranges=8 map_eff_cores=0.45 merge_eff_cores=0.35
event=kink_round H=18 col=2 round=stage2 frontier_in=12361021 map_wall_s=3.013 map_cpu_s=53.708 merge_wall_s=5.831 merge_cpu_s=30.914 map_units=640 merge_ranges=80 map_eff_cores=17.82 merge_eff_cores=5.30
event=kink_round H=8 col=27 round=stage3 frontier_in=2540 map_wall_s=0.173 map_cpu_s=0.005 merge_wall_s=0.173 merge_cpu_s=0.004 map_units=2 merge_ranges=2 map_eff_cores=0.03 merge_eff_cores=0.02
event=kink_round H=10 col=17 round=stage8 frontier_in=19909 map_wall_s=0.196 map_cpu_s=0.097 merge_wall_s=0.194 merge_cpu_s=0.047 map_units=10 merge_ranges=10 map_eff_cores=0.49 merge_eff_cores=0.24
event=kink_round H=7 col=35 round=stage0 frontier_in=4 map_wall_s=0.161 map_cpu_s=0.001 merge_wall_s=0.182 merge_cpu_s=0.001 map_units=1 merge_ranges=1 map_eff_cores=0.01 merge_eff_cores=0.01
event=kink_round H=12 col=10 round=stage10 frontier_in=140628 map_wall_s=0.187 map_cpu_s=0.940 merge_wall_s=0.281 merge_cpu_s=0.581 map_units=69 merge_ranges=69 map_eff_cores=5.02 merge_eff_cores=2.07
event=kink_round H=9 col=21 round=stage8 frontier_in=7732 map_wall_s=0.184 map_cpu_s=0.031 merge_wall_s=0.106 merge_cpu_s=0.014 map_units=4 merge_ranges=4 map_eff_cores=0.17 merge_eff_cores=0.13
event=kink_round H=7 col=35 round=stage1 frontier_in=4 map_wall_s=0.080 map_cpu_s=0.002 merge_wall_s=0.037 merge_cpu_s=0.000 map_units=1 merge_ranges=1 map_eff_cores=0.02 merge_eff_cores=0.00
event=kink_round H=8 col=27 round=stage4 frontier_in=2755 map_wall_s=0.090 map_cpu_s=0.008 merge_wall_s=0.051 merge_cpu_s=0.003 map_units=2 merge_ranges=2 map_eff_cores=0.09 merge_eff_cores=0.06
event=kink_round H=11 col=14 round=stage1 frontier_in=23855 map_wall_s=0.196 map_cpu_s=0.122 merge_wall_s=0.109 merge_cpu_s=0.100 map_units=12 merge_ranges=12 map_eff_cores=0.62 merge_eff_cores=0.91
event=kink_round H=10 col=17 round=stage9 frontier_in=20222 map_wall_s=0.095 map_cpu_s=0.077 merge_wall_s=0.080 merge_cpu_s=0.053 map_units=10 merge_ranges=10 map_eff_cores=0.81 merge_eff_cores=0.66
event=kink_round H=8 col=27 round=stage5 frontier_in=2823 map_wall_s=0.058 map_cpu_s=0.005 merge_wall_s=0.262 merge_cpu_s=0.002 map_units=2 merge_ranges=2 map_eff_cores=0.09 merge_eff_cores=0.01
event=kink_round H=9 col=21 round=finalize frontier_in=7528 map_wall_s=0.057 map_cpu_s=0.033 merge_wall_s=0.267 merge_cpu_s=0.004 map_units=4 merge_ranges=4 map_eff_cores=0.58 merge_eff_cores=0.01
event=column H=9 col=21 frontier_in=2153 frontier_out=2152 wall_s=7.40 cum_wall_s=608.4 cpu_s=0.4 rss_max_mb=61.2 map_wall_s=3.21 map_cpu_s=0.3 merge_wall_s=4.17 merge_cpu_s=0.1 map_units=37 merge_ranges=35 eff_cores=0.05
event=kink_round H=7 col=35 round=stage2 frontier_in=4 map_wall_s=0.055 map_cpu_s=0.001 merge_wall_s=0.286 merge_cpu_s=0.001 map_units=1 merge_ranges=1 map_eff_cores=0.02 merge_eff_cores=0.00
event=kink_round H=12 col=10 round=stage11 frontier_in=142690 map_wall_s=0.094 map_cpu_s=0.830 merge_wall_s=0.335 merge_cpu_s=0.517 map_units=70 merge_ranges=70 map_eff_cores=8.84 merge_eff_cores=1.54
event=kink_round H=13 col=6 round=stage9 frontier_in=379337 map_wall_s=0.477 map_cpu_s=2.899 merge_wall_s=0.437 merge_cpu_s=1.500 map_units=186 merge_ranges=80 map_eff_cores=6.08 merge_eff_cores=3.44
event=kink_round H=15 col=3 round=stage5 frontier_in=2279177 map_wall_s=5.327 map_cpu_s=20.721 merge_wall_s=0.847 merge_cpu_s=8.042 map_units=640 merge_ranges=80 map_eff_cores=3.89 merge_eff_cores=9.49
event=kink_round H=9 col=22 round=seed frontier_in=2152 map_wall_s=0.476 map_cpu_s=0.004 merge_wall_s=0.000 merge_cpu_s=0.000 map_units=2 merge_ranges=0 map_eff_cores=0.01 merge_eff_cores=0.00
event=kink_round H=11 col=14 round=stage2 frontier_in=38640 map_wall_s=0.278 map_cpu_s=0.137 merge_wall_s=0.533 merge_cpu_s=0.099 map_units=19 merge_ranges=19 map_eff_cores=0.49 merge_eff_cores=0.19
event=kink_round H=10 col=17 round=finalize frontier_in=19812 map_wall_s=0.282 map_cpu_s=0.056 merge_wall_s=0.511 merge_cpu_s=0.020 map_units=10 merge_ranges=10 map_eff_cores=0.20 merge_eff_cores=0.04
event=column H=10 col=17 frontier_in=5567 frontier_out=5567 wall_s=8.38 cum_wall_s=616.8 cpu_s=1.4 rss_max_mb=73.0 map_wall_s=3.56 map_cpu_s=0.9 merge_wall_s=4.73 merge_cpu_s=0.5 map_units=98 merge_ranges=95 eff_cores=0.17
event=kink_round H=8 col=27 round=stage6 frontier_in=2885 map_wall_s=0.478 map_cpu_s=0.004 merge_wall_s=0.418 merge_cpu_s=0.003 map_units=2 merge_ranges=2 map_eff_cores=0.01 merge_eff_cores=0.01
event=kink_round H=7 col=35 round=stage3 frontier_in=4 map_wall_s=0.504 map_cpu_s=0.000 merge_wall_s=0.768 merge_cpu_s=0.000 map_units=1 merge_ranges=1 map_eff_cores=0.00 merge_eff_cores=0.00
event=kink_round H=10 col=18 round=seed frontier_in=5567 map_wall_s=0.924 map_cpu_s=0.015 merge_wall_s=0.000 merge_cpu_s=0.000 map_units=3 merge_ranges=0 map_eff_cores=0.02 merge_eff_cores=0.00
event=kink_round H=12 col=10 round=finalize frontier_in=141350 map_wall_s=0.506 map_cpu_s=0.504 merge_wall_s=0.895 merge_cpu_s=0.516 map_units=70 merge_ranges=70 map_eff_cores=1.00 merge_eff_cores=0.58
event=column H=12 col=10 frontier_in=39506 frontier_out=39506 wall_s=12.38 cum_wall_s=629.2 cpu_s=17.5 rss_max_mb=73.0 map_wall_s=4.90 map_cpu_s=10.6 merge_wall_s=6.91 merge_cpu_s=6.8 map_units=801 merge_ranges=781 eff_cores=1.41
event=kink_round H=17 col=2 round=stage7 frontier_in=8375616 map_wall_s=5.934 map_cpu_s=50.144 merge_wall_s=2.135 merge_cpu_s=18.539 map_units=640 merge_ranges=80 map_eff_cores=8.45 merge_eff_cores=8.68
event=kink_round H=14 col=4 round=stage7 frontier_in=1008979 map_wall_s=1.502 map_cpu_s=7.848 merge_wall_s=1.433 merge_cpu_s=4.264 map_units=493 merge_ranges=80 map_eff_cores=5.23 merge_eff_cores=2.98
event=kink_round H=9 col=22 round=stage0 frontier_in=2152 map_wall_s=0.426 map_cpu_s=0.006 merge_wall_s=1.478 merge_cpu_s=0.010 map_units=2 merge_ranges=2 map_eff_cores=0.01 merge_eff_cores=0.01
event=kink_round H=11 col=14 round=stage3 frontier_in=45710 map_wall_s=0.949 map_cpu_s=0.153 merge_wall_s=1.129 merge_cpu_s=0.213 map_units=23 merge_ranges=23 map_eff_cores=0.16 merge_eff_cores=0.19
event=kink_round H=12 col=11 round=seed frontier_in=39506 map_wall_s=1.050 map_cpu_s=0.181 merge_wall_s=0.000 merge_cpu_s=0.000 map_units=20 merge_ranges=0 map_eff_cores=0.17 merge_eff_cores=0.00
event=heartbeat H=13 col=6 elapsed_s=17 processed=405504 rate_per_s=23408 steals=0
event=kink_round H=8 col=27 round=stage7 frontier_in=2980 map_wall_s=1.479 map_cpu_s=0.008 merge_wall_s=0.552 merge_cpu_s=0.004 map_units=2 merge_ranges=2 map_eff_cores=0.01 merge_eff_cores=0.01
event=kink_round H=7 col=35 round=stage4 frontier_in=4 map_wall_s=1.231 map_cpu_s=0.000 merge_wall_s=0.409 merge_cpu_s=0.000 map_units=1 merge_ranges=1 map_eff_cores=0.00 merge_eff_cores=0.00
event=kink_round H=10 col=18 round=stage0 frontier_in=5567 map_wall_s=1.128 map_cpu_s=0.024 merge_wall_s=0.375 merge_cpu_s=0.032 map_units=3 merge_ranges=3 map_eff_cores=0.02 merge_eff_cores=0.09
event=heartbeat H=16 col=2 elapsed_s=52 processed=691200 rate_per_s=13302 steals=0
event=kink_round H=13 col=6 round=stage10 frontier_in=379975 map_wall_s=2.412 map_cpu_s=2.035 merge_wall_s=0.587 merge_cpu_s=2.327 map_units=186 merge_ranges=80 map_eff_cores=0.84 merge_eff_cores=3.96
event=kink_round H=9 col=22 round=stage1 frontier_in=3470 map_wall_s=0.580 map_cpu_s=0.011 merge_wall_s=0.282 merge_cpu_s=0.011 map_units=2 merge_ranges=2 map_eff_cores=0.02 merge_eff_cores=0.04
event=kink_round H=11 col=14 round=stage4 frontier_in=49855 map_wall_s=0.428 map_cpu_s=0.224 merge_wall_s=0.280 merge_cpu_s=0.159 map_units=25 merge_ranges=25 map_eff_cores=0.52 merge_eff_cores=0.57
event=kink_round H=7 col=35 round=stage5 frontier_in=3 map_wall_s=0.268 map_cpu_s=0.000 merge_wall_s=0.137 merge_cpu_s=0.001 map_units=1 merge_ranges=1 map_eff_cores=0.00 merge_eff_cores=0.01
event=kink_round H=8 col=27 round=finalize frontier_in=2858 map_wall_s=0.276 map_cpu_s=0.006 merge_wall_s=0.153 merge_cpu_s=0.004 map_units=2 merge_ranges=2 map_eff_cores=0.02 merge_eff_cores=0.03
event=column H=8 col=27 frontier_in=822 frontier_out=810 wall_s=7.72 cum_wall_s=636.9 cpu_s=0.1 rss_max_mb=56.8 map_wall_s=4.63 map_cpu_s=0.1 merge_wall_s=3.08 merge_cpu_s=0.0 map_units=17 merge_ranges=16 eff_cores=0.01
event=kink_round H=12 col=11 round=stage0 frontier_in=39506 map_wall_s=0.458 map_cpu_s=0.239 merge_wall_s=0.309 merge_cpu_s=0.183 map_units=20 merge_ranges=20 map_eff_cores=0.52 merge_eff_cores=0.59
event=kink_round H=10 col=18 round=stage1 frontier_in=8946 map_wall_s=0.286 map_cpu_s=0.046 merge_wall_s=0.262 merge_cpu_s=0.039 map_units=5 merge_ranges=5 map_eff_cores=0.16 merge_eff_cores=0.15
event=kink_round H=8 col=28 round=seed frontier_in=810 map_wall_s=0.266 map_cpu_s=0.002 merge_wall_s=0.000 merge_cpu_s=0.000 map_units=1 merge_ranges=0 map_eff_cores=0.01 merge_eff_cores=0.00
event=kink_round H=9 col=22 round=stage2 frontier_in=5617 map_wall_s=0.219 map_cpu_s=0.018 merge_wall_s=0.186 merge_cpu_s=0.011 map_units=3 merge_ranges=3 map_eff_cores=0.08 merge_eff_cores=0.06
event=kink_round H=16 col=2 round=stage14 frontier_in=5766188 map_wall_s=3.180 map_cpu_s=32.397 merge_wall_s=3.071 merge_cpu_s=27.841 map_units=640 merge_ranges=80 map_eff_cores=10.19 merge_eff_cores=9.07
event=kink_round H=7 col=35 round=stage6 frontier_in=2 map_wall_s=0.258 map_cpu_s=0.001 merge_wall_s=0.210 merge_cpu_s=0.002 map_units=1 merge_ranges=1 map_eff_cores=0.00 merge_eff_cores=0.01
event=kink_round H=11 col=14 round=stage5 frontier_in=51726 map_wall_s=0.292 map_cpu_s=0.280 merge_wall_s=0.296 merge_cpu_s=0.145 map_units=26 merge_ranges=26 map_eff_cores=0.96 merge_eff_cores=0.49
event=kink_round H=12 col=11 round=stage1 frontier_in=63502 map_wall_s=0.243 map_cpu_s=0.417 merge_wall_s=0.330 merge_cpu_s=0.320 map_units=32 merge_ranges=32 map_eff_cores=1.72 merge_eff_cores=0.97
event=kink_round H=10 col=18 round=stage2 frontier_in=14517 map_wall_s=0.254 map_cpu_s=0.058 merge_wall_s=0.224 merge_cpu_s=0.044 map_units=8 merge_ranges=8 map_eff_cores=0.23 merge_eff_cores=0.20
event=kink_round H=7 col=35 round=finalize frontier_in=1 map_wall_s=0.234 map_cpu_s=0.000 merge_wall_s=0.000 merge_cpu_s=0.000 map_units=0 merge_ranges=0 map_eff_cores=0.00 merge_eff_cores=0.00
event=column H=7 col=35 frontier_in=4 frontier_out=0 wall_s=4.94 cum_wall_s=641.8 cpu_s=0.0 rss_max_mb=73.0 map_wall_s=2.91 map_cpu_s=0.0 merge_wall_s=2.03 merge_cpu_s=0.0 map_units=8 merge_ranges=7 eff_cores=0.00
event=kink_round H=8 col=28 round=stage0 frontier_in=810 map_wall_s=0.236 map_cpu_s=0.002 merge_wall_s=0.198 merge_cpu_s=0.002 map_units=1 merge_ranges=1 map_eff_cores=0.01 merge_eff_cores=0.01
event=kink_round H=9 col=22 round=stage3 frontier_in=6680 map_wall_s=0.237 map_cpu_s=0.025 merge_wall_s=0.295 merge_cpu_s=0.015 map_units=4 merge_ranges=4 map_eff_cores=0.11 merge_eff_cores=0.05
event=kink_round H=13 col=6 round=stage11 frontier_in=378719 map_wall_s=0.712 map_cpu_s=3.043 merge_wall_s=1.554 merge_cpu_s=2.642 map_units=185 merge_ranges=80 map_eff_cores=4.27 merge_eff_cores=1.70
event=kink_round H=8 col=28 round=stage1 frontier_in=1285 map_wall_s=1.186 map_cpu_s=0.004 merge_wall_s=1.673 merge_cpu_s=0.004 map_units=1 merge_ranges=1 map_eff_cores=0.00 merge_eff_cores=0.00
event=kink_round H=11 col=14 round=stage6 frontier_in=52426 map_wall_s=0.647 map_cpu_s=0.463 merge_wall_s=2.373 merge_cpu_s=0.208 map_units=26 merge_ranges=26 map_eff_cores=0.72 merge_eff_cores=0.09
event=kink_round H=10 col=18 round=stage3 frontier_in=17218 map_wall_s=1.261 map_cpu_s=0.121 merge_wall_s=1.959 merge_cpu_s=0.052 map_units=9 merge_ranges=9 map_eff_cores=0.10 merge_eff_cores=0.03
event=kink_round H=12 col=11 round=stage2 frontier_in=102880 map_wall_s=1.321 map_cpu_s=1.108 merge_wall_s=2.138 merge_cpu_s=0.558 map_units=51 merge_ranges=51 map_eff_cores=0.84 merge_eff_cores=0.26
event=kink_round H=9 col=22 round=stage4 frontier_in=7281 map_wall_s=1.529 map_cpu_s=0.039 merge_wall_s=1.771 merge_cpu_s=0.019 map_units=4 merge_ranges=4 map_eff_cores=0.03 merge_eff_cores=0.01
event=kink_round H=14 col=4 round=stage8 frontier_in=1014076 map_wall_s=3.226 map_cpu_s=8.210 merge_wall_s=3.051 merge_cpu_s=7.017 map_units=496 merge_ranges=80 map_eff_cores=2.54 merge_eff_cores=2.30
event=kink_round H=8 col=28 round=stage2 frontier_in=2076 map_wall_s=1.019 map_cpu_s=0.006 merge_wall_s=1.997 merge_cpu_s=0.002 map_units=2 merge_ranges=2 map_eff_cores=0.01 merge_eff_cores=0.00
event=kink_round H=11 col=14 round=stage7 frontier_in=52569 map_wall_s=1.117 map_cpu_s=0.390 merge_wall_s=2.470 merge_cpu_s=0.296 map_units=26 merge_ranges=26 map_eff_cores=0.35 merge_eff_cores=0.12
event=kink_round H=10 col=18 round=stage4 frontier_in=18803 map_wall_s=0.962 map_cpu_s=0.118 merge_wall_s=2.480 merge_cpu_s=0.087 map_units=10 merge_ranges=10 map_eff_cores=0.12 merge_eff_cores=0.04
event=kink_round H=9 col=22 round=stage5 frontier_in=7500 map_wall_s=0.845 map_cpu_s=0.033 merge_wall_s=2.387 merge_cpu_s=0.025 map_units=4 merge_ranges=4 map_eff_cores=0.04 merge_eff_cores=0.01
event=kink_round H=15 col=3 round=stage6 frontier_in=2338652 map_wall_s=6.583 map_cpu_s=18.294 merge_wall_s=3.554 merge_cpu_s=11.715 map_units=640 merge_ranges=80 map_eff_cores=2.78 merge_eff_cores=3.30
event=kink_round H=12 col=11 round=stage3 frontier_in=121352 map_wall_s=0.975 map_cpu_s=1.010 merge_wall_s=2.624 merge_cpu_s=0.989 map_units=60 merge_ranges=60 map_eff_cores=1.04 merge_eff_cores=0.38
event=kink_round H=13 col=6 round=stage12 frontier_in=384110 map_wall_s=5.104 map_cpu_s=4.131 merge_wall_s=1.014 merge_cpu_s=3.469 map_units=188 merge_ranges=80 map_eff_cores=0.81 merge_eff_cores=3.42
event=heartbeat H=18 col=2 elapsed_s=35 processed=2633728 rate_per_s=76025 steals=0
event=heartbeat H=17 col=2 elapsed_s=52 processed=2633728 rate_per_s=50685 steals=0
event=heartbeat H=15 col=3 elapsed_s=35 processed=2634752 rate_per_s=76057 steals=0
event=kink_round H=8 col=28 round=stage3 frontier_in=2483 map_wall_s=1.108 map_cpu_s=0.009 merge_wall_s=3.525 merge_cpu_s=0.005 map_units=2 merge_ranges=2 map_eff_cores=0.01 merge_eff_cores=0.00
event=heartbeat H=14 col=4 elapsed_s=35 processed=2642944 rate_per_s=76293 steals=0
event=heartbeat H=11 col=14 elapsed_s=17 processed=2750464 rate_per_s=158728 steals=0
event=kink_round H=11 col=14 round=stage8 frontier_in=52799 map_wall_s=0.784 map_cpu_s=0.422 merge_wall_s=5.180 merge_cpu_s=0.204 map_units=26 merge_ranges=26 map_eff_cores=0.54 merge_eff_cores=0.04
event=kink_round H=9 col=22 round=stage6 frontier_in=7569 map_wall_s=0.694 map_cpu_s=0.039 merge_wall_s=5.237 merge_cpu_s=0.020 map_units=4 merge_ranges=4 map_eff_cores=0.06 merge_eff_cores=0.00
event=kink_round H=10 col=18 round=stage5 frontier_in=19504 map_wall_s=0.723 map_cpu_s=0.128 merge_wall_s=5.255 merge_cpu_s=0.072 map_units=10 merge_ranges=10 map_eff_cores=0.18 merge_eff_cores=0.01
event=heartbeat H=9 col=22 elapsed_s=17 processed=2908160 rate_per_s=167897 steals=0
event=heartbeat H=10 col=18 elapsed_s=17 processed=2908160 rate_per_s=167901 steals=0
event=kink_round H=18 col=2 round=stage3 frontier_in=15153538 map_wall_s=10.643 map_cpu_s=75.743 merge_wall_s=7.483 merge_cpu_s=55.289 map_units=640 merge_ranges=80 map_eff_cores=7.12 merge_eff_cores=7.39
event=heartbeat H=12 col=11 elapsed_s=17 processed=2908160 rate_per_s=167894 steals=0
event=kink_round H=12 col=11 round=stage4 frontier_in=132241 map_wall_s=4.374 map_cpu_s=1.433 merge_wall_s=4.633 merge_cpu_s=1.030 map_units=65 merge_ranges=65 map_eff_cores=0.33 merge_eff_cores=0.22
event=heartbeat H=13 col=6 elapsed_s=35 processed=3082240 rate_per_s=88970 steals=0
event=heartbeat H=16 col=2 elapsed_s=69 processed=3240960 rate_per_s=46778 steals=0
event=heartbeat H=8 col=28 elapsed_s=17 processed=3278848 rate_per_s=189300 steals=0
event=kink_round H=8 col=28 round=stage4 frontier_in=2682 map_wall_s=5.461 map_cpu_s=0.006 merge_wall_s=0.908 merge_cpu_s=0.006 map_units=2 merge_ranges=2 map_eff_cores=0.00 merge_eff_cores=0.01
event=kink_round H=17 col=2 round=stage8 frontier_in=8971245 map_wall_s=9.360 map_cpu_s=52.660 merge_wall_s=9.546 merge_cpu_s=37.927 map_units=640 merge_ranges=80 map_eff_cores=5.63 merge_eff_cores=3.97
event=kink_round H=9 col=22 round=stage7 frontier_in=7595 map_wall_s=3.599 map_cpu_s=0.032 merge_wall_s=0.836 merge_cpu_s=0.017 map_units=4 merge_ranges=4 map_eff_cores=0.01 merge_eff_cores=0.02
event=kink_round H=11 col=14 round=stage9 frontier_in=52650 map_wall_s=3.662 map_cpu_s=0.370 merge_wall_s=0.856 merge_cpu_s=0.256 map_units=26 merge_ranges=26 map_eff_cores=0.10 merge_eff_cores=0.30
event=kink_round H=10 col=18 round=stage6 frontier_in=19679 map_wall_s=3.595 map_cpu_s=0.099 merge_wall_s=0.861 merge_cpu_s=0.072 map_units=10 merge_ranges=10 map_eff_cores=0.03 merge_eff_cores=0.08
event=kink_round H=12 col=11 round=stage5 frontier_in=137382 map_wall_s=0.916 map_cpu_s=1.352 merge_wall_s=0.374 merge_cpu_s=0.627 map_units=68 merge_ranges=68 map_eff_cores=1.48 merge_eff_cores=1.68
event=kink_round H=8 col=28 round=stage5 frontier_in=2759 map_wall_s=0.272 map_cpu_s=0.010 merge_wall_s=0.315 merge_cpu_s=0.006 map_units=2 merge_ranges=2 map_eff_cores=0.04 merge_eff_cores=0.02
event=kink_round H=13 col=6 round=finalize frontier_in=382187 map_wall_s=9.310 map_cpu_s=3.121 merge_wall_s=0.466 merge_cpu_s=2.103 map_units=187 merge_ranges=80 map_eff_cores=0.34 merge_eff_cores=4.51
event=column H=13 col=6 frontier_in=106912 frontier_out=106912 wall_s=36.18 cum_wall_s=678.0 cpu_s=65.3 rss_max_mb=73.0 map_wall_s=24.78 map_cpu_s=38.8 merge_wall_s=10.30 merge_cpu_s=26.5 map_units=2328 merge_ranges=1093 eff_cores=1.80
event=kink_round H=9 col=22 round=stage8 frontier_in=7731 map_wall_s=0.363 map_cpu_s=0.018 merge_wall_s=0.433 merge_cpu_s=0.021 map_units=4 merge_ranges=4 map_eff_cores=0.05 merge_eff_cores=0.05
event=kink_round H=10 col=18 round=stage7 frontier_in=19901 map_wall_s=0.378 map_cpu_s=0.074 merge_wall_s=0.605 merge_cpu_s=0.071 map_units=10 merge_ranges=10 map_eff_cores=0.20 merge_eff_cores=0.12
event=kink_round H=11 col=14 round=stage10 frontier_in=53453 map_wall_s=0.390 map_cpu_s=0.209 merge_wall_s=0.619 merge_cpu_s=0.245 map_units=27 merge_ranges=27 map_eff_cores=0.54 merge_eff_cores=0.40
event=kink_round H=13 col=7 round=seed frontier_in=106912 map_wall_s=0.749 map_cpu_s=0.942 merge_wall_s=0.000 merge_cpu_s=0.000 map_units=53 merge_ranges=0 map_eff_cores=1.26 merge_eff_cores=0.00
event=kink_round H=8 col=28 round=stage6 frontier_in=2815 map_wall_s=0.549 map_cpu_s=0.011 merge_wall_s=0.939 merge_cpu_s=0.004 map_units=2 merge_ranges=2 map_eff_cores=0.02 merge_eff_cores=0.00
event=kink_round H=12 col=11 round=stage6 frontier_in=139593 map_wall_s=0.627 map_cpu_s=1.587 merge_wall_s=1.132 merge_cpu_s=0.838 map_units=69 merge_ranges=69 map_eff_cores=2.53 merge_eff_cores=0.74
event=kink_round H=14 col=4 round=stage9 frontier_in=1020238 map_wall_s=13.397 map_cpu_s=10.866 merge_wall_s=1.992 merge_cpu_s=7.343 map_units=499 merge_ranges=80 map_eff_cores=0.81 merge_eff_cores=3.69
event=kink_round H=9 col=22 round=finalize frontier_in=7527 map_wall_s=0.649 map_cpu_s=0.033 merge_wall_s=2.748 merge_cpu_s=0.009 map_units=4 merge_ranges=4 map_eff_cores=0.05 merge_eff_cores=0.00
event=column H=9 col=22 frontier_in=2152 frontier_out=2152 wall_s=25.28 cum_wall_s=703.3 cpu_s=0.4 rss_max_mb=73.0 map_wall_s=9.62 map_cpu_s=0.3 merge_wall_s=15.65 merge_cpu_s=0.2 map_units=37 merge_ranges=35 eff_cores=0.02
event=kink_round H=10 col=18 round=stage8 frontier_in=19909 map_wall_s=1.011 map_cpu_s=0.118 merge_wall_s=2.746 merge_cpu_s=0.069 map_units=10 merge_ranges=10 map_eff_cores=0.12 merge_eff_cores=0.03
event=kink_round H=11 col=14 round=finalize frontier_in=52683 map_wall_s=1.044 map_cpu_s=0.369 merge_wall_s=2.790 merge_cpu_s=0.157 map_units=26 merge_ranges=26 map_eff_cores=0.35 merge_eff_cores=0.06
event=column H=11 col=14 frontier_in=14826 frontier_out=14826 wall_s=27.34 cum_wall_s=730.7 cpu_s=5.4 rss_max_mb=73.0 map_wall_s=10.33 map_cpu_s=3.3 merge_wall_s=16.82 merge_cpu_s=2.1 map_units=278 merge_ranges=270 eff_cores=0.20
event=kink_round H=9 col=23 round=seed frontier_in=2152 map_wall_s=1.913 map_cpu_s=0.004 merge_wall_s=0.000 merge_cpu_s=0.000 map_units=2 merge_ranges=0 map_eff_cores=0.00 merge_eff_cores=0.00
event=kink_round H=8 col=28 round=stage7 frontier_in=2914 map_wall_s=2.779 map_cpu_s=0.010 merge_wall_s=1.505 merge_cpu_s=0.003 map_units=2 merge_ranges=2 map_eff_cores=0.00 merge_eff_cores=0.00
event=kink_round H=11 col=15 round=seed frontier_in=14826 map_wall_s=1.470 map_cpu_s=0.092 merge_wall_s=0.000 merge_cpu_s=0.000 map_units=8 merge_ranges=0 map_eff_cores=0.06 merge_eff_cores=0.00
event=kink_round H=16 col=2 round=stage15 frontier_in=6192144 map_wall_s=18.009 map_cpu_s=41.479 merge_wall_s=5.333 merge_cpu_s=22.606 map_units=640 merge_ranges=80 map_eff_cores=2.30 merge_eff_cores=4.24
event=kink_round H=13 col=7 round=stage0 frontier_in=106912 map_wall_s=3.193 map_cpu_s=1.282 merge_wall_s=1.733 merge_cpu_s=0.920 map_units=53 merge_ranges=53 map_eff_cores=0.40 merge_eff_cores=0.53
event=kink_round H=12 col=11 round=stage7 frontier_in=140142 map_wall_s=3.052 map_cpu_s=1.349 merge_wall_s=1.435 merge_cpu_s=0.751 map_units=69 merge_ranges=69 map_eff_cores=0.44 merge_eff_cores=0.52
event=kink_round H=10 col=18 round=stage9 frontier_in=20222 map_wall_s=1.596 map_cpu_s=0.118 merge_wall_s=0.975 merge_cpu_s=0.033 map_units=10 merge_ranges=10 map_eff_cores=0.07 merge_eff_cores=0.03
event=heartbeat H=18 col=2 elapsed_s=52 processed=708608 rate_per_s=13637 steals=0
event=heartbeat H=17 col=2 elapsed_s=69 processed=768000 rate_per_s=11085 steals=0
event=kink_round H=8 col=28 round=finalize frontier_in=2721 map_wall_s=1.065 map_cpu_s=0.002 merge_wall_s=2.319 merge_cpu_s=0.002 map_units=2 merge_ranges=2 map_eff_cores=0.00 merge_eff_cores=0.00
event=column H=8 col=28 frontier_in=810 frontier_out=638 wall_s=27.32 cum_wall_s=758.0 cpu_s=0.1 rss_max_mb=70.0 map_wall_s=13.94 map_cpu_s=0.1 merge_wall_s=13.38 merge_cpu_s=0.0 map_units=17 merge_ranges=16 eff_cores=0.00
event=kink_round H=9 col=23 round=stage0 frontier_in=2152 map_wall_s=1.169 map_cpu_s=0.005 merge_wall_s=2.322 merge_cpu_s=0.010 map_units=2 merge_ranges=2 map_eff_cores=0.00 merge_eff_cores=0.00
event=kink_round H=11 col=15 round=stage0 frontier_in=14826 map_wall_s=1.015 map_cpu_s=0.056 merge_wall_s=2.271 merge_cpu_s=0.115 map_units=8 merge_ranges=8 map_eff_cores=0.06 merge_eff_cores=0.05
event=kink_round H=15 col=3 round=stage7 frontier_in=2394227 map_wall_s=16.569 map_cpu_s=21.533 merge_wall_s=3.238 merge_cpu_s=17.065 map_units=640 merge_ranges=80 map_eff_cores=1.30 merge_eff_cores=5.27
event=kink_round H=12 col=11 round=stage8 frontier_in=140687 map_wall_s=2.437 map_cpu_s=1.171 merge_wall_s=1.074 merge_cpu_s=1.098 map_units=69 merge_ranges=69 map_eff_cores=0.48 merge_eff_cores=1.02
event=kink_round H=8 col=29 round=seed frontier_in=638 map_wall_s=0.739 map_cpu_s=0.002 merge_wall_s=0.000 merge_cpu_s=0.000 map_units=1 merge_ranges=0 map_eff_cores=0.00 merge_eff_cores=0.00
event=kink_round H=10 col=18 round=finalize frontier_in=19810 map_wall_s=2.290 map_cpu_s=0.092 merge_wall_s=0.717 merge_cpu_s=0.043 map_units=10 merge_ranges=10 map_eff_cores=0.04 merge_eff_cores=0.06
event=column H=10 col=18 frontier_in=5567 frontier_out=5566 wall_s=30.94 cum_wall_s=788.9 cpu_s=1.6 rss_max_mb=73.0 map_wall_s=14.41 map_cpu_s=1.0 merge_wall_s=16.46 merge_cpu_s=0.6 map_units=98 merge_ranges=95 eff_cores=0.05
event=kink_round H=13 col=7 round=stage1 frontier_in=171990 map_wall_s=3.288 map_cpu_s=0.987 merge_wall_s=0.754 merge_cpu_s=1.949 map_units=84 merge_ranges=80 map_eff_cores=0.30 merge_eff_cores=2.59
event=heartbeat H=15 col=3 elapsed_s=52 processed=189440 rate_per_s=3646 steals=0
event=kink_round H=9 col=23 round=stage1 frontier_in=3470 map_wall_s=0.786 map_cpu_s=0.018 merge_wall_s=0.423 merge_cpu_s=0.012 map_units=2 merge_ranges=2 map_eff_cores=0.02 merge_eff_cores=0.03
event=kink_round H=10 col=19 round=seed frontier_in=5566 map_wall_s=0.427 map_cpu_s=0.020 merge_wall_s=0.000 merge_cpu_s=0.000 map_units=3 merge_ranges=0 map_eff_cores=0.05 merge_eff_cores=0.00
event=kink_round H=11 col=15 round=stage1 frontier_in=23855 map_wall_s=0.747 map_cpu_s=0.167 merge_wall_s=0.430 merge_cpu_s=0.133 map_units=12 merge_ranges=12 map_eff_cores=0.22 merge_eff_cores=0.31
event=heartbeat H=14 col=4 elapsed_s=52 processed=550912 rate_per_s=10602 steals=0
event=kink_round H=8 col=29 round=stage0 frontier_in=638 map_wall_s=0.437 map_cpu_s=0.002 merge_wall_s=0.540 merge_cpu_s=0.003 map_units=1 merge_ranges=1 map_eff_cores=0.00 merge_eff_cores=0.01
event=kink_round H=12 col=11 round=stage9 frontier_in=141099 map_wall_s=0.556 map_cpu_s=0.821 merge_wall_s=0.792 merge_cpu_s=0.942 map_units=69 merge_ranges=69 map_eff_cores=1.48 merge_eff_cores=1.19
event=kink_round H=9 col=23 round=stage2 frontier_in=5617 map_wall_s=0.688 map_cpu_s=0.030 merge_wall_s=0.490 merge_cpu_s=0.014 map_units=3 merge_ranges=3 map_eff_cores=0.04 merge_eff_cores=0.03
event=kink_round H=10 col=19 round=stage0 frontier_in=5566 map_wall_s=0.700 map_cpu_s=0.038 merge_wall_s=0.484 merge_cpu_s=0.020 map_units=3 merge_ranges=3 map_eff_cores=0.05 merge_eff_cores=0.04
event=kink_round H=11 col=15 round=stage2 frontier_in=38640 map_wall_s=0.787 map_cpu_s=0.312 merge_wall_s=0.505 merge_cpu_s=0.152 map_units=19 merge_ranges=19 map_eff_cores=0.40 merge_eff_cores=0.30
event=kink_round H=8 col=29 round=stage1 frontier_in=1022 map_wall_s=0.562 map_cpu_s=0.004 merge_wall_s=0.421 merge_cpu_s=0.002 map_units=1 merge_ranges=1 map_eff_cores=0.01 merge_eff_cores=0.00
event=kink_round H=13 col=7 round=stage2 frontier_in=278236 map_wall_s=1.317 map_cpu_s=2.898 merge_wall_s=0.788 merge_cpu_s=2.052 map_units=136 merge_ranges=80 map_eff_cores=2.20 merge_eff_cores=2.60
event=kink_round H=9 col=23 round=stage3 frontier_in=6680 map_wall_s=0.481 map_cpu_s=0.029 merge_wall_s=0.613 merge_cpu_s=0.014 map_units=4 merge_ranges=4 map_eff_cores=0.06 merge_eff_cores=0.02
event=kink_round H=12 col=11 round=stage10 frontier_in=140628 map_wall_s=0.560 map_cpu_s=1.166 merge_wall_s=0.865 merge_cpu_s=0.733 map_units=69 merge_ranges=69 map_eff_cores=2.08 merge_eff_cores=0.85
event=kink_round H=10 col=19 round=stage1 frontier_in=8945 map_wall_s=0.465 map_cpu_s=0.053 merge_wall_s=0.671 merge_cpu_s=0.033 map_units=5 merge_ranges=5 map_eff_cores=0.11 merge_eff_cores=0.05
event=kink_round H=14 col=4 round=stage10 frontier_in=1025272 map_wall_s=9.065 map_cpu_s=9.436 merge_wall_s=1.565 merge_cpu_s=6.909 map_units=501 merge_ranges=80 map_eff_cores=1.04 merge_eff_cores=4.41
event=heartbeat H=12 col=11 elapsed_s=35 processed=1284096 rate_per_s=37068 steals=0
event=heartbeat H=16 col=2 elapsed_s=87 processed=1284096 rate_per_s=14827 steals=0
event=heartbeat H=13 col=7 elapsed_s=17 processed=1368064 rate_per_s=78972 steals=0
event=kink_round H=11 col=15 round=stage3 frontier_in=45708 map_wall_s=0.711 map_cpu_s=0.349 merge_wall_s=5.399 merge_cpu_s=0.119 map_units=23 merge_ranges=23 map_eff_cores=0.49 merge_eff_cores=0.02
event=kink_round H=8 col=29 round=stage2 frontier_in=1708 map_wall_s=0.695 map_cpu_s=0.005 merge_wall_s=5.385 merge_cpu_s=0.001 map_units=1 merge_ranges=1 map_eff_cores=0.01 merge_eff_cores=0.00
event=kink_round H=18 col=2 round=stage4 frontier_in=16775220 map_wall_s=13.986 map_cpu_s=88.073 merge_wall_s=9.537 merge_cpu_s=54.548 map_units=640 merge_ranges=80 map_eff_cores=6.30 merge_eff_cores=5.72
event=heartbeat H=9 col=23 elapsed_s=17 processed=1743872 rate_per_s=100677 steals=0
event=kink_round H=9 col=23 round=stage4 frontier_in=7278 map_wall_s=5.691 map_cpu_s=0.036 merge_wall_s=2.759 merge_cpu_s=0.017 map_units=4 merge_ranges=4 map_eff_cores=0.01 merge_eff_cores=0.01
event=kink_round H=10 col=19 round=stage2 frontier_in=14517 map_wall_s=5.774 map_cpu_s=0.080 merge_wall_s=2.631 merge_cpu_s=0.038 map_units=8 merge_ranges=8 map_eff_cores=0.01 merge_eff_cores=0.01
event=kink_round H=8 col=29 round=stage3 frontier_in=2118 map_wall_s=3.134 map_cpu_s=0.004 merge_wall_s=0.110 merge_cpu_s=0.002 map_units=2 merge_ranges=2 map_eff_cores=0.00 merge_eff_cores=0.02
event=kink_round H=12 col=11 round=stage11 frontier_in=142690 map_wall_s=5.970 map_cpu_s=1.292 merge_wall_s=2.499 merge_cpu_s=0.512 map_units=70 merge_ranges=70 map_eff_cores=0.22 merge_eff_cores=0.20
event=kink_round H=11 col=15 round=stage4 frontier_in=49853 map_wall_s=3.238 map_cpu_s=0.230 merge_wall_s=0.137 merge_cpu_s=0.134 map_units=25 merge_ranges=25 map_eff_cores=0.07 merge_eff_cores=0.98
event=kink_round H=9 col=23 round=stage5 frontier_in=7497 map_wall_s=0.123 map_cpu_s=0.016 merge_wall_s=0.048 merge_cpu_s=0.014 map_units=4 merge_ranges=4 map_eff_cores=0.13 merge_eff_cores=0.29
event=kink_round H=8 col=29 round=stage4 frontier_in=2334 map_wall_s=0.070 map_cpu_s=0.004 merge_wall_s=0.022 merge_cpu_s=0.005 map_units=2 merge_ranges=2 map_eff_cores=0.06 merge_eff_cores=0.22
event=kink_round H=10 col=19 round=stage3 frontier_in=17216 map_wall_s=0.123 map_cpu_s=0.055 merge_wall_s=0.047 merge_cpu_s=0.041 map_units=9 merge_ranges=9 map_eff_cores=0.45 merge_eff_cores=0.88
event=kink_round H=13 col=7 round=stage3 frontier_in=327424 map_wall_s=8.759 map_cpu_s=1.965 merge_wall_s=0.254 merge_cpu_s=1.515 map_units=160 merge_ranges=80 map_eff_cores=0.22 merge_eff_cores=5.96
event=kink_round H=8 col=29 round=stage5 frontier_in=2422 map_wall_s=0.028 map_cpu_s=0.004 merge_wall_s=0.134 merge_cpu_s=0.002 map_units=2 merge_ranges=2 map_eff_cores=0.14 merge_eff_cores=0.01
event=kink_round H=9 col=23 round=stage6 frontier_in=7568 map_wall_s=0.035 map_cpu_s=0.019 merge_wall_s=0.145 merge_cpu_s=0.009 map_units=4 merge_ranges=4 map_eff_cores=0.55 merge_eff_cores=0.06
event=kink_round H=11 col=15 round=stage5 frontier_in=51721 map_wall_s=0.061 map_cpu_s=0.223 merge_wall_s=0.163 merge_cpu_s=0.133 map_units=26 merge_ranges=26 map_eff_cores=3.66 merge_eff_cores=0.82
event=kink_round H=12 col=11 round=finalize frontier_in=141350 map_wall_s=0.076 map_cpu_s=0.573 merge_wall_s=0.165 merge_cpu_s=0.421 map_units=70 merge_ranges=70 map_eff_cores=7.58 merge_eff_cores=2.56
event=column H=12 col=11 frontier_in=39506 frontier_out=39506 wall_s=41.48 cum_wall_s=830.4 cpu_s=22.7 rss_max_mb=73.0 map_wall_s=22.61 map_cpu_s=13.7 merge_wall_s=18.37 merge_cpu_s=9.0 map_units=801 merge_ranges=781 eff_cores=0.55
event=heartbeat H=11 col=15 elapsed_s=17 processed=0 rate_per_s=0 steals=0
event=kink_round H=10 col=19 round=stage4 frontier_in=18798 map_wall_s=0.150 map_cpu_s=0.051 merge_wall_s=0.748 merge_cpu_s=0.050 map_units=10 merge_ranges=10 map_eff_cores=0.34 merge_eff_cores=0.07
event=kink_round H=12 col=12 round=seed frontier_in=39506 map_wall_s=0.724 map_cpu_s=0.220 merge_wall_s=0.000 merge_cpu_s=0.000 map_units=20 merge_ranges=0 map_eff_cores=0.30 merge_eff_cores=0.00
event=kink_round H=8 col=29 round=stage6 frontier_in=2454 map_wall_s=0.710 map_cpu_s=0.005 merge_wall_s=0.574 merge_cpu_s=0.004 map_units=2 merge_ranges=2 map_eff_cores=0.01 merge_eff_cores=0.01
event=kink_round H=9 col=23 round=stage7 frontier_in=7594 map_wall_s=0.720 map_cpu_s=0.024 merge_wall_s=0.588 merge_cpu_s=0.020 map_units=4 merge_ranges=4 map_eff_cores=0.03 merge_eff_cores=0.03
event=kink_round H=11 col=15 round=stage6 frontier_in=52423 map_wall_s=0.736 map_cpu_s=0.258 merge_wall_s=0.627 merge_cpu_s=0.196 map_units=26 merge_ranges=26 map_eff_cores=0.35 merge_eff_cores=0.31
event=kink_round H=16 col=2 round=finalize frontier_in=6062007 map_wall_s=14.784 map_cpu_s=38.264 merge_wall_s=1.636 merge_cpu_s=9.933 map_units=640 merge_ranges=80 map_eff_cores=2.59 merge_eff_cores=6.07
event=kink_round H=10 col=19 round=stage5 frontier_in=19499 map_wall_s=0.616 map_cpu_s=0.118 merge_wall_s=0.193 merge_cpu_s=0.059 map_units=10 merge_ranges=10 map_eff_cores=0.19 merge_eff_cores=0.31
event=kink_round H=17 col=2 round=stage9 frontier_in=9646396 map_wall_s=12.364 map_cpu_s=59.318 merge_wall_s=10.785 merge_cpu_s=48.804 map_units=640 merge_ranges=80 map_eff_cores=4.80 merge_eff_cores=4.53
event=kink_round H=8 col=29 round=stage7 frontier_in=2537 map_wall_s=0.177 map_cpu_s=0.007 merge_wall_s=0.373 merge_cpu_s=0.004 map_units=2 merge_ranges=2 map_eff_cores=0.04 merge_eff_cores=0.01
event=kink_round H=12 col=12 round=stage0 frontier_in=39506 map_wall_s=0.620 map_cpu_s=0.322 merge_wall_s=0.407 merge_cpu_s=0.246 map_units=20 merge_ranges=20 map_eff_cores=0.52 merge_eff_cores=0.60
event=kink_round H=9 col=23 round=stage8 frontier_in=7731 map_wall_s=0.169 map_cpu_s=0.030 merge_wall_s=0.821 merge_cpu_s=0.013 map_units=4 merge_ranges=4 map_eff_cores=0.18 merge_eff_cores=0.02
event=column H=16 col=2 frontier_in=804455 frontier_out=1685628 wall_s=94.18 cum_wall_s=924.6 cpu_s=542.1 rss_max_mb=73.0 map_wall_s=62.86 map_cpu_s=361.6 merge_wall_s=23.92 merge_cpu_s=180.5 map_units=11010 merge_ranges=1360 eff_cores=5.76
event=kink_round H=15 col=3 round=stage8 frontier_in=2454783 map_wall_s=11.792 map_cpu_s=18.635 merge_wall_s=2.728 merge_cpu_s=11.251 map_units=640 merge_ranges=80 map_eff_cores=1.58 merge_eff_cores=4.12
event=kink_round H=11 col=15 round=stage7 frontier_in=52567 map_wall_s=0.412 map_cpu_s=0.359 merge_wall_s=0.880 merge_cpu_s=0.198 map_units=26 merge_ranges=26 map_eff_cores=0.87 merge_eff_cores=0.22
event=kink_round H=13 col=7 round=stage4 frontier_in=356512 map_wall_s=1.580 map_cpu_s=4.191 merge_wall_s=1.477 merge_cpu_s=2.421 map_units=175 merge_ranges=80 map_eff_cores=2.65 merge_eff_cores=1.64
event=kink_round H=8 col=29 round=finalize frontier_in=2285 map_wall_s=0.778 map_cpu_s=0.005 merge_wall_s=0.568 merge_cpu_s=0.002 map_units=2 merge_ranges=2 map_eff_cores=0.01 merge_eff_cores=0.00
event=column H=8 col=29 frontier_in=638 frontier_out=344 wall_s=15.46 cum_wall_s=940.0 cpu_s=0.1 rss_max_mb=56.8 map_wall_s=7.33 map_cpu_s=0.0 merge_wall_s=8.13 merge_cpu_s=0.0 map_units=16 merge_ranges=15 eff_cores=0.00
event=kink_round H=10 col=19 round=stage6 frontier_in=19672 map_wall_s=1.034 map_cpu_s=0.108 merge_wall_s=0.613 merge_cpu_s=0.055 map_units=10 merge_ranges=10 map_eff_cores=0.10 merge_eff_cores=0.09
event=kink_round H=9 col=23 round=finalize frontier_in=7527 map_wall_s=0.522 map_cpu_s=0.042 merge_wall_s=0.429 merge_cpu_s=0.009 map_units=4 merge_ranges=4 map_eff_cores=0.08 merge_eff_cores=0.02
event=column H=9 col=23 frontier_in=2152 frontier_out=2152 wall_s=20.94 cum_wall_s=961.0 cpu_s=0.4 rss_max_mb=73.0 map_wall_s=12.30 map_cpu_s=0.3 merge_wall_s=8.64 merge_cpu_s=0.1 map_units=37 merge_ranges=35 eff_cores=0.02
event=kink_round H=12 col=12 round=stage1 frontier_in=63502 map_wall_s=0.887 map_cpu_s=0.581 merge_wall_s=0.595 merge_cpu_s=0.375 map_units=32 merge_ranges=32 map_eff_cores=0.66 merge_eff_cores=0.63
event=kink_round H=14 col=4 round=stage11 frontier_in=1029762 map_wall_s=9.313 map_cpu_s=7.222 merge_wall_s=2.068 merge_cpu_s=7.407 map_units=503 merge_ranges=80 map_eff_cores=0.78 merge_eff_cores=3.58
event=kink_round H=8 col=30 round=seed frontier_in=344 map_wall_s=0.323 map_cpu_s=0.001 merge_wall_s=0.000 merge_cpu_s=0.000 map_units=1 merge_ranges=0 map_eff_cores=0.00 merge_eff_cores=0.00
event=kink_round H=9 col=24 round=seed frontier_in=2152 map_wall_s=0.340 map_cpu_s=0.010 merge_wall_s=0.000 merge_cpu_s=0.000 map_units=2 merge_ranges=0 map_eff_cores=0.03 merge_eff_cores=0.00
event=kink_round H=11 col=15 round=stage8 frontier_in=52799 map_wall_s=0.519 map_cpu_s=0.346 merge_wall_s=0.405 merge_cpu_s=0.193 map_units=26 merge_ranges=26 map_eff_cores=0.67 merge_eff_cores=0.48
event=kink_round H=10 col=19 round=stage7 frontier_in=19901 map_wall_s=0.367 map_cpu_s=0.115 merge_wall_s=0.499 merge_cpu_s=0.057 map_units=10 merge_ranges=10 map_eff_cores=0.31 merge_eff_cores=0.11
event=heartbeat H=18 col=2 elapsed_s=69 processed=533504 rate_per_s=7700 steals=0
event=kink_round H=12 col=12 round=stage2 frontier_in=102880 map_wall_s=0.431 map_cpu_s=0.975 merge_wall_s=0.786 merge_cpu_s=0.591 map_units=51 merge_ranges=51 map_eff_cores=2.26 merge_eff_cores=0.75
event=kink_round H=8 col=30 round=stage0 frontier_in=344 map_wall_s=0.514 map_cpu_s=0.002 merge_wall_s=0.585 merge_cpu_s=0.001 map_units=1 merge_ranges=1 map_eff_cores=0.00 merge_eff_cores=0.00
event=kink_round H=9 col=24 round=stage0 frontier_in=2152 map_wall_s=0.484 map_cpu_s=0.009 merge_wall_s=0.645 merge_cpu_s=0.006 map_units=2 merge_ranges=2 map_eff_cores=0.02 merge_eff_cores=0.01
event=heartbeat H=17 col=2 elapsed_s=87 processed=656384 rate_per_s=7579 steals=0
event=kink_round H=11 col=15 round=stage9 frontier_in=52650 map_wall_s=0.526 map_cpu_s=0.359 merge_wall_s=0.717 merge_cpu_s=0.203 map_units=26 merge_ranges=26 map_eff_cores=0.68 merge_eff_cores=0.28
event=heartbeat H=10 col=19 elapsed_s=17 processed=861184 rate_per_s=49714 steals=0
event=kink_round H=10 col=19 round=stage8 frontier_in=19907 map_wall_s=0.685 map_cpu_s=0.113 merge_wall_s=1.289 merge_cpu_s=0.056 map_units=10 merge_ranges=10 map_eff_cores=0.16 merge_eff_cores=0.04
event=heartbeat H=15 col=3 elapsed_s=69 processed=1007616 rate_per_s=14544 steals=0
event=kink_round H=13 col=7 round=stage5 frontier_in=370228 map_wall_s=1.391 map_cpu_s=4.179 merge_wall_s=1.678 merge_cpu_s=2.611 map_units=181 merge_ranges=80 map_eff_cores=3.00 merge_eff_cores=1.56
event=heartbeat H=14 col=4 elapsed_s=69 processed=1183744 rate_per_s=17085 steals=0
event=kink_round H=8 col=30 round=stage1 frontier_in=585 map_wall_s=1.258 map_cpu_s=0.003 merge_wall_s=1.225 merge_cpu_s=0.001 map_units=1 merge_ranges=1 map_eff_cores=0.00 merge_eff_cores=0.00
event=kink_round H=9 col=24 round=stage1 frontier_in=3470 map_wall_s=1.297 map_cpu_s=0.015 merge_wall_s=1.346 merge_cpu_s=0.006 map_units=2 merge_ranges=2 map_eff_cores=0.01 merge_eff_cores=0.00
event=kink_round H=12 col=12 round=stage3 frontier_in=121349 map_wall_s=1.396 map_cpu_s=1.110 merge_wall_s=1.520 merge_cpu_s=0.400 map_units=60 merge_ranges=60 map_eff_cores=0.80 merge_eff_cores=0.26
event=kink_round H=11 col=15 round=stage10 frontier_in=53453 map_wall_s=1.333 map_cpu_s=0.378 merge_wall_s=1.553 merge_cpu_s=0.109 map_units=27 merge_ranges=27 map_eff_cores=0.28 merge_eff_cores=0.07
event=kink_round H=10 col=19 round=stage9 frontier_in=20220 map_wall_s=1.436 map_cpu_s=0.050 merge_wall_s=1.518 merge_cpu_s=0.039 map_units=10 merge_ranges=10 map_eff_cores=0.03 merge_eff_cores=0.03
event=kink_round H=8 col=30 round=stage2 frontier_in=1028 map_wall_s=0.878 map_cpu_s=0.002 merge_wall_s=1.749 merge_cpu_s=0.001 map_units=1 merge_ranges=1 map_eff_cores=0.00 merge_eff_cores=0.00
event=kink_round H=9 col=24 round=stage2 frontier_in=5617 map_wall_s=1.411 map_cpu_s=0.011 merge_wall_s=1.296 merge_cpu_s=0.010 map_units=3 merge_ranges=3 map_eff_cores=0.01 merge_eff_cores=0.01
event=kink_round H=12 col=12 round=stage4 frontier_in=132238 map_wall_s=1.759 map_cpu_s=1.298 merge_wall_s=1.666 merge_cpu_s=0.801 map_units=65 merge_ranges=65 map_eff_cores=0.74 merge_eff_cores=0.48
event=kink_round H=16 col=3 round=seed frontier_in=1685628 map_wall_s=8.558 map_cpu_s=14.773 merge_wall_s=0.000 merge_cpu_s=0.000 map_units=640 merge_ranges=0 map_eff_cores=1.73 merge_eff_cores=0.00
event=kink_round H=11 col=15 round=finalize frontier_in=52683 map_wall_s=1.828 map_cpu_s=0.306 merge_wall_s=1.535 merge_cpu_s=0.109 map_units=26 merge_ranges=26 map_eff_cores=0.17 merge_eff_cores=0.07
event=column H=11 col=15 frontier_in=14826 frontier_out=14826 wall_s=28.21 cum_wall_s=989.2 cpu_s=5.2 rss_max_mb=73.0 map_wall_s=13.38 map_cpu_s=3.4 merge_wall_s=14.62 merge_cpu_s=1.8 map_units=278 merge_ranges=270 eff_cores=0.19
event=kink_round H=10 col=19 round=finalize frontier_in=19806 map_wall_s=1.523 map_cpu_s=0.090 merge_wall_s=0.993 merge_cpu_s=0.030 map_units=10 merge_ranges=10 map_eff_cores=0.06 merge_eff_cores=0.03
event=column H=10 col=19 frontier_in=5566 frontier_out=5566 wall_s=23.07 cum_wall_s=1012.3 cpu_s=1.4 rss_max_mb=73.0 map_wall_s=13.30 map_cpu_s=0.9 merge_wall_s=9.69 merge_cpu_s=0.5 map_units=98 merge_ranges=95 eff_cores=0.06
event=kink_round H=8 col=30 round=stage3 frontier_in=1434 map_wall_s=1.474 map_cpu_s=0.004 merge_wall_s=0.988 merge_cpu_s=0.001 map_units=1 merge_ranges=1 map_eff_cores=0.00 merge_eff_cores=0.00
event=kink_round H=11 col=16 round=seed frontier_in=14826 map_wall_s=0.967 map_cpu_s=0.053 merge_wall_s=0.000 merge_cpu_s=0.000 map_units=8 merge_ranges=0 map_eff_cores=0.05 merge_eff_cores=0.00
event=kink_round H=9 col=24 round=stage3 frontier_in=6669 map_wall_s=1.252 map_cpu_s=0.031 merge_wall_s=0.984 merge_cpu_s=0.012 map_units=4 merge_ranges=4 map_eff_cores=0.02 merge_eff_cores=0.01
event=kink_round H=10 col=20 round=seed frontier_in=5566 map_wall_s=0.777 map_cpu_s=0.017 merge_wall_s=0.000 merge_cpu_s=0.000 map_units=3 merge_ranges=0 map_eff_cores=0.02 merge_eff_cores=0.00
event=kink_round H=13 col=7 round=stage6 frontier_in=376230 map_wall_s=4.975 map_cpu_s=3.257 merge_wall_s=1.135 merge_cpu_s=1.785 map_units=184 merge_ranges=80 map_eff_cores=0.65 merge_eff_cores=1.57
event=kink_round H=12 col=12 round=stage5 frontier_in=137378 map_wall_s=0.906 map_cpu_s=1.355 merge_wall_s=0.589 merge_cpu_s=0.580 map_units=68 merge_ranges=68 map_eff_cores=1.50 merge_eff_cores=0.99
event=kink_round H=8 col=30 round=stage4 frontier_in=1578 map_wall_s=0.445 map_cpu_s=0.002 merge_wall_s=0.493 merge_cpu_s=0.002 map_units=1 merge_ranges=1 map_eff_cores=0.00 merge_eff_cores=0.00
event=kink_round H=9 col=24 round=stage4 frontier_in=7261 map_wall_s=0.454 map_cpu_s=0.030 merge_wall_s=0.494 merge_cpu_s=0.016 map_units=4 merge_ranges=4 map_eff_cores=0.07 merge_eff_cores=0.03
event=kink_round H=11 col=16 round=stage0 frontier_in=14826 map_wall_s=0.525 map_cpu_s=0.108 merge_wall_s=0.525 merge_cpu_s=0.071 map_units=8 merge_ranges=8 map_eff_cores=0.21 merge_eff_cores=0.14
event=kink_round H=10 col=20 round=stage0 frontier_in=5566 map_wall_s=0.429 map_cpu_s=0.032 merge_wall_s=0.514 merge_cpu_s=0.019 map_units=3 merge_ranges=3 map_eff_cores=0.07 merge_eff_cores=0.04
event=kink_round H=14 col=4 round=stage12 frontier_in=1026249 map_wall_s=8.251 map_cpu_s=11.177 merge_wall_s=1.359 merge_cpu_s=5.280 map_units=502 merge_ranges=80 map_eff_cores=1.35 merge_eff_cores=3.89
event=heartbeat H=13 col=7 elapsed_s=35 processed=872448 rate_per_s=25183 steals=0
event=kink_round H=12 col=12 round=stage6 frontier_in=139593 map_wall_s=0.649 map_cpu_s=1.458 merge_wall_s=0.901 merge_cpu_s=0.804 map_units=69 merge_ranges=69 map_eff_cores=2.25 merge_eff_cores=0.89
event=kink_round H=15 col=3 round=stage9 frontier_in=2520522 map_wall_s=9.538 map_cpu_s=22.589 merge_wall_s=2.443 merge_cpu_s=11.561 map_units=640 merge_ranges=80 map_eff_cores=2.37 merge_eff_cores=4.73
event=heartbeat H=12 col=12 elapsed_s=17 processed=1130496 rate_per_s=65253 steals=0
event=kink_round H=8 col=30 round=stage5 frontier_in=1621 map_wall_s=0.717 map_cpu_s=0.004 merge_wall_s=5.212 merge_cpu_s=0.002 map_units=1 merge_ranges=1 map_eff_cores=0.01 merge_eff_cores=0.00
event=kink_round H=9 col=24 round=stage5 frontier_in=7484 map_wall_s=0.745 map_cpu_s=0.032 merge_wall_s=5.336 merge_cpu_s=0.009 map_units=4 merge_ranges=4 map_eff_cores=0.04 merge_eff_cores=0.00
event=kink_round H=10 col=20 round=stage1 frontier_in=8943 map_wall_s=0.780 map_cpu_s=0.050 merge_wall_s=5.473 merge_cpu_s=0.020 map_units=5 merge_ranges=5 map_eff_cores=0.06 merge_eff_cores=0.00
event=kink_round H=11 col=16 round=stage1 frontier_in=23853 map_wall_s=0.801 map_cpu_s=0.165 merge_wall_s=5.604 merge_cpu_s=0.071 map_units=12 merge_ranges=12 map_eff_cores=0.21 merge_eff_cores=0.01
event=heartbeat H=16 col=3 elapsed_s=17 processed=1345536 rate_per_s=77683 steals=0
event=heartbeat H=8 col=30 elapsed_s=17 processed=1507328 rate_per_s=87024 steals=0
event=heartbeat H=9 col=24 elapsed_s=17 processed=1549312 rate_per_s=89438 steals=0
event=kink_round H=13 col=7 round=stage7 frontier_in=378384 map_wall_s=6.046 map_cpu_s=4.074 merge_wall_s=2.421 merge_cpu_s=2.699 map_units=185 merge_ranges=80 map_eff_cores=0.67 merge_eff_cores=1.11
event=kink_round H=12 col=12 round=stage7 frontier_in=140142 map_wall_s=5.810 map_cpu_s=0.597 merge_wall_s=1.099 merge_cpu_s=1.785 map_units=69 merge_ranges=69 map_eff_cores=0.10 merge_eff_cores=1.62
event=heartbeat H=18 col=2 elapsed_s=87 processed=1799168 rate_per_s=20774 steals=0
event=heartbeat H=17 col=2 elapsed_s=104 processed=1799168 rate_per_s=17312 steals=0
event=kink_round H=18 col=2 round=stage5 frontier_in=17877255 map_wall_s=12.657 map_cpu_s=108.785 merge_wall_s=9.724 merge_cpu_s=56.810 map_units=640 merge_ranges=80 map_eff_cores=8.59 merge_eff_cores=5.84
event=heartbeat H=15 col=3 elapsed_s=87 processed=1799168 rate_per_s=20775 steals=0
event=heartbeat H=14 col=4 elapsed_s=87 processed=1799168 rate_per_s=20775 steals=0
event=kink_round H=8 col=30 round=stage6 frontier_in=1664 map_wall_s=1.680 map_cpu_s=0.032 merge_wall_s=3.896 merge_cpu_s=0.002 map_units=1 merge_ranges=1 map_eff_cores=0.02 merge_eff_cores=0.00
event=kink_round H=9 col=24 round=stage6 frontier_in=7562 map_wall_s=1.504 map_cpu_s=0.156 merge_wall_s=3.871 merge_cpu_s=0.021 map_units=4 merge_ranges=4 map_eff_cores=0.10 merge_eff_cores=0.01
event=kink_round H=10 col=20 round=stage2 frontier_in=14513 map_wall_s=1.329 map_cpu_s=0.357 merge_wall_s=3.882 merge_cpu_s=0.063 map_units=8 merge_ranges=8 map_eff_cores=0.27 merge_eff_cores=0.02
event=kink_round H=11 col=16 round=stage2 frontier_in=38638 map_wall_s=1.270 map_cpu_s=0.695 merge_wall_s=3.871 merge_cpu_s=0.216 map_units=19 merge_ranges=19 map_eff_cores=0.55 merge_eff_cores=0.06
event=kink_round H=12 col=12 round=stage8 frontier_in=140687 map_wall_s=3.887 map_cpu_s=0.726 merge_wall_s=0.659 merge_cpu_s=0.829 map_units=69 merge_ranges=69 map_eff_cores=0.19 merge_eff_cores=1.26
event=kink_round H=8 col=30 round=stage7 frontier_in=1696 map_wall_s=0.772 map_cpu_s=0.004 merge_wall_s=0.218 merge_cpu_s=0.002 map_units=1 merge_ranges=1 map_eff_cores=0.01 merge_eff_cores=0.01
event=kink_round H=9 col=24 round=stage7 frontier_in=7585 map_wall_s=0.703 map_cpu_s=0.026 merge_wall_s=0.201 merge_cpu_s=0.014 map_units=4 merge_ranges=4 map_eff_cores=0.04 merge_eff_cores=0.07
event=kink_round H=10 col=20 round=stage3 frontier_in=17211 map_wall_s=0.672 map_cpu_s=0.090 merge_wall_s=0.210 merge_cpu_s=0.052 map_units=9 merge_ranges=9 map_eff_cores=0.13 merge_eff_cores=0.25
event=kink_round H=11 col=16 round=stage3 frontier_in=45703 map_wall_s=0.693 map_cpu_s=0.248 merge_wall_s=0.388 merge_cpu_s=0.235 map_units=23 merge_ranges=23 map_eff_cores=0.36 merge_eff_cores=0.61
event=kink_round H=17 col=2 round=stage10 frontier_in=10401017 map_wall_s=16.572 map_cpu_s=62.830 merge_wall_s=5.434 merge_cpu_s=51.443 map_units=640 merge_ranges=80 map_eff_cores=3.79 merge_eff_cores=9.47
event=kink_round H=13 col=7 round=stage8 frontier_in=378846 map_wall_s=4.741 map_cpu_s=3.219 merge_wall_s=1.123 merge_cpu_s=2.720 map_units=185 merge_ranges=80 map_eff_cores=0.68 merge_eff_cores=2.42
event=kink_round H=8 col=30 round=finalize frontier_in=1478 map_wall_s=0.552 map_cpu_s=0.003 merge_wall_s=1.098 merge_cpu_s=0.001 map_units=1 merge_ranges=1 map_eff_cores=0.01 merge_eff_cores=0.00
event=column H=8 col=30 frontier_in=344 frontier_out=165 wall_s=24.08 cum_wall_s=1036.3 cpu_s=0.1 rss_max_mb=73.0 map_wall_s=8.61 map_cpu_s=0.1 merge_wall_s=15.46 merge_cpu_s=0.0 map_units=10 merge_ranges=9 eff_cores=0.00
event=kink_round H=9 col=24 round=stage8 frontier_in=7731 map_wall_s=0.682 map_cpu_s=0.036 merge_wall_s=1.171 merge_cpu_s=0.017 map_units=4 merge_ranges=4 map_eff_cores=0.05 merge_eff_cores=0.01
event=kink_round H=10 col=20 round=stage4 frontier_in=18791 map_wall_s=0.714 map_cpu_s=0.110 merge_wall_s=1.343 merge_cpu_s=0.055 map_units=10 merge_ranges=10 map_eff_cores=0.15 merge_eff_cores=0.04
event=kink_round H=12 col=12 round=stage9 frontier_in=141099 map_wall_s=0.729 map_cpu_s=1.346 merge_wall_s=1.461 merge_cpu_s=0.860 map_units=69 merge_ranges=69 map_eff_cores=1.85 merge_eff_cores=0.59
event=kink_round H=8 col=31 round=seed frontier_in=165 map_wall_s=0.910 map_cpu_s=0.001 merge_wall_s=0.000 merge_cpu_s=0.000 map_units=1 merge_ranges=0 map_eff_cores=0.00 merge_eff_cores=0.00
event=kink_round H=11 col=16 round=stage4 frontier_in=49847 map_wall_s=1.267 map_cpu_s=0.333 merge_wall_s=1.029 merge_cpu_s=0.188 map_units=25 merge_ranges=25 map_eff_cores=0.26 merge_eff_cores=0.18
event=kink_round H=16 col=3 round=stage0 frontier_in=1685628 map_wall_s=14.775 map_cpu_s=46.989 merge_wall_s=2.395 merge_cpu_s=14.246 map_units=640 merge_ranges=80 map_eff_cores=3.18 merge_eff_cores=5.95
event=heartbeat H=11 col=16 elapsed_s=17 processed=303104 rate_per_s=17499 steals=0
event=heartbeat H=10 col=20 elapsed_s=17 processed=371712 rate_per_s=21460 steals=0
event=kink_round H=9 col=24 round=finalize frontier_in=7522 map_wall_s=0.773 map_cpu_s=0.028 merge_wall_s=1.055 merge_cpu_s=0.011 map_units=4 merge_ranges=4 map_eff_cores=0.04 merge_eff_cores=0.01
event=column H=9 col=24 frontier_in=2152 frontier_out=2152 wall_s=26.06 cum_wall_s=1062.4 cpu_s=0.5 rss_max_mb=73.0 map_wall_s=9.65 map_cpu_s=0.4 merge_wall_s=16.40 merge_cpu_s=0.1 map_units=37 merge_ranges=35 eff_cores=0.02
event=kink_round H=14 col=4 round=stage13 frontier_in=1040643 map_wall_s=13.844 map_cpu_s=11.419 merge_wall_s=1.994 merge_cpu_s=6.872 map_units=509 merge_ranges=80 map_eff_cores=0.82 merge_eff_cores=3.45
event=kink_round H=10 col=20 round=stage5 frontier_in=19495 map_wall_s=0.859 map_cpu_s=0.091 merge_wall_s=1.077 merge_cpu_s=0.059 map_units=10 merge_ranges=10 map_eff_cores=0.11 merge_eff_cores=0.05
event=kink_round H=8 col=31 round=stage0 frontier_in=165 map_wall_s=1.077 map_cpu_s=0.001 merge_wall_s=1.567 merge_cpu_s=0.001 map_units=1 merge_ranges=1 map_eff_cores=0.00 merge_eff_cores=0.00
event=kink_round H=9 col=25 round=seed frontier_in=2152 map_wall_s=1.504 map_cpu_s=0.011 merge_wall_s=0.000 merge_cpu_s=0.000 map_units=2 merge_ranges=0 map_eff_cores=0.01 merge_eff_cores=0.00
event=heartbeat H=13 col=7 elapsed_s=52 processed=316416 rate_per_s=6088 steals=0
event=kink_round H=11 col=16 round=stage5 frontier_in=51714 map_wall_s=1.213 map_cpu_s=0.386 merge_wall_s=1.509 merge_cpu_s=0.216 map_units=26 merge_ranges=26 map_eff_cores=0.32 merge_eff_cores=0.14
event=kink_round H=12 col=12 round=stage10 frontier_in=140628 map_wall_s=1.308 map_cpu_s=1.222 merge_wall_s=1.793 merge_cpu_s=0.826 map_units=69 merge_ranges=69 map_eff_cores=0.93 merge_eff_cores=0.46
event=kink_round H=13 col=7 round=stage9 frontier_in=379337 map_wall_s=3.683 map_cpu_s=4.196 merge_wall_s=3.318 merge_cpu_s=2.801 map_units=186 merge_ranges=80 map_eff_cores=1.14 merge_eff_cores=0.84
event=kink_round H=10 col=20 round=stage6 frontier_in=19667 map_wall_s=1.297 map_cpu_s=0.117 merge_wall_s=2.972 merge_cpu_s=0.071 map_units=10 merge_ranges=10 map_eff_cores=0.09 merge_eff_cores=0.02
event=kink_round H=15 col=3 round=stage10 frontier_in=2591772 map_wall_s=14.380 map_cpu_s=26.410 merge_wall_s=4.283 merge_cpu_s=15.235 map_units=640 merge_ranges=80 map_eff_cores=1.84 merge_eff_cores=3.56
event=heartbeat H=12 col=12 elapsed_s=35 processed=747520 rate_per_s=21577 steals=0
event=kink_round H=8 col=31 round=stage1 frontier_in=285 map_wall_s=2.857 map_cpu_s=0.001 merge_wall_s=1.482 merge_cpu_s=0.001 map_units=1 merge_ranges=1 map_eff_cores=0.00 merge_eff_cores=0.00
event=kink_round H=9 col=25 round=stage0 frontier_in=2152 map_wall_s=2.902 map_cpu_s=0.005 merge_wall_s=1.429 merge_cpu_s=0.004 map_units=2 merge_ranges=2 map_eff_cores=0.00 merge_eff_cores=0.00
event=kink_round H=11 col=16 round=stage6 frontier_in=52415 map_wall_s=3.114 map_cpu_s=0.237 merge_wall_s=1.783 merge_cpu_s=0.198 map_units=26 merge_ranges=26 map_eff_cores=0.08 merge_eff_cores=0.11
event=kink_round H=12 col=12 round=stage11 frontier_in=142690 map_wall_s=3.318 map_cpu_s=0.575 merge_wall_s=1.892 merge_cpu_s=0.945 map_units=70 merge_ranges=70 map_eff_cores=0.17 merge_eff_cores=0.50
event=kink_round H=10 col=20 round=stage7 frontier_in=19898 map_wall_s=1.494 map_cpu_s=0.064 merge_wall_s=1.637 merge_cpu_s=0.075 map_units=10 merge_ranges=10 map_eff_cores=0.04 merge_eff_cores=0.05
event=heartbeat H=16 col=3 elapsed_s=35 processed=1200128 rate_per_s=34644 steals=0
event=kink_round H=8 col=31 round=stage2 frontier_in=483 map_wall_s=1.816 map_cpu_s=0.002 merge_wall_s=1.786 merge_cpu_s=0.001 map_units=1 merge_ranges=1 map_eff_cores=0.00 merge_eff_cores=0.00
event=kink_round H=9 col=25 round=stage1 frontier_in=3459 map_wall_s=1.859 map_cpu_s=0.017 merge_wall_s=1.783 merge_cpu_s=0.013 map_units=2 merge_ranges=2 map_eff_cores=0.01 merge_eff_cores=0.01
event=kink_round H=11 col=16 round=stage7 frontier_in=52564 map_wall_s=1.568 map_cpu_s=0.385 merge_wall_s=1.591 merge_cpu_s=0.266 map_units=26 merge_ranges=26 map_eff_cores=0.25 merge_eff_cores=0.17
event=heartbeat H=18 col=2 elapsed_s=104 processed=1650688 rate_per_s=15884 steals=0
event=kink_round H=12 col=12 round=finalize frontier_in=141349 map_wall_s=1.532 map_cpu_s=1.101 merge_wall_s=1.186 merge_cpu_s=0.879 map_units=70 merge_ranges=70 map_eff_cores=0.72 merge_eff_cores=0.74
event=column H=12 col=12 frontier_in=39506 frontier_out=39506 wall_s=39.05 cum_wall_s=1101.5 cpu_s=22.8 rss_max_mb=73.0 map_wall_s=23.96 map_cpu_s=12.9 merge_wall_s=14.55 merge_cpu_s=9.9 map_units=801 merge_ranges=781 eff_cores=0.58
event=heartbeat H=17 col=2 elapsed_s=121 processed=51200 rate_per_s=422 steals=0
event=kink_round H=10 col=20 round=stage8 frontier_in=19904 map_wall_s=1.823 map_cpu_s=0.118 merge_wall_s=0.824 merge_cpu_s=0.062 map_units=10 merge_ranges=10 map_eff_cores=0.06 merge_eff_cores=0.08
event=kink_round H=12 col=13 round=seed frontier_in=39506 map_wall_s=0.770 map_cpu_s=0.235 merge_wall_s=0.000 merge_cpu_s=0.000 map_units=20 merge_ranges=0 map_eff_cores=0.31 merge_eff_cores=0.00
event=kink_round H=8 col=31 round=stage3 frontier_in=749 map_wall_s=0.844 map_cpu_s=0.002 merge_wall_s=0.320 merge_cpu_s=0.001 map_units=1 merge_ranges=1 map_eff_cores=0.00 merge_eff_cores=0.00
event=kink_round H=9 col=25 round=stage2 frontier_in=5598 map_wall_s=0.838 map_cpu_s=0.016 merge_wall_s=0.312 merge_cpu_s=0.012 map_units=3 merge_ranges=3 map_eff_cores=0.02 merge_eff_cores=0.04
event=kink_round H=13 col=7 round=stage10 frontier_in=379975 map_wall_s=4.988 map_cpu_s=3.476 merge_wall_s=0.991 merge_cpu_s=2.690 map_units=186 merge_ranges=80 map_eff_cores=0.70 merge_eff_cores=2.71
event=kink_round H=11 col=16 round=stage8 frontier_in=52799 map_wall_s=0.806 map_cpu_s=0.284 merge_wall_s=0.292 merge_cpu_s=0.180 map_units=26 merge_ranges=26 map_eff_cores=0.35 merge_eff_cores=0.62
event=kink_round H=10 col=20 round=stage9 frontier_in=20217 map_wall_s=0.289 map_cpu_s=0.067 merge_wall_s=0.324 merge_cpu_s=0.064 map_units=10 merge_ranges=10 map_eff_cores=0.23 merge_eff_cores=0.20
event=kink_round H=8 col=31 round=stage4 frontier_in=930 map_wall_s=0.229 map_cpu_s=0.001 merge_wall_s=0.410 merge_cpu_s=0.001 map_units=1 merge_ranges=1 map_eff_cores=0.00 merge_eff_cores=0.00
event=kink_round H=9 col=25 round=stage3 frontier_in=6642 map_wall_s=0.241 map_cpu_s=0.015 merge_wall_s=0.466 merge_cpu_s=0.018 map_units=4 merge_ranges=4 map_eff_cores=0.06 merge_eff_cores=0.04
event=heartbeat H=15 col=3 elapsed_s=104 processed=947200 rate_per_s=9114 steals=0
event=kink_round H=12 col=13 round=stage0 frontier_in=39506 map_wall_s=0.293 map_cpu_s=0.219 merge_wall_s=0.582 merge_cpu_s=0.237 map_units=20 merge_ranges=20 map_eff_cores=0.75 merge_eff_cores=0.41
event=kink_round H=14 col=4 round=finalize frontier_in=1038925 map_wall_s=10.349 map_cpu_s=8.014 merge_wall_s=1.010 merge_cpu_s=5.790 map_units=508 merge_ranges=80 map_eff_cores=0.77 merge_eff_cores=5.73
event=heartbeat H=14 col=4 elapsed_s=104 processed=999424 rate_per_s=9617 steals=0
event=column H=14 col=4 frontier_in=283878 frontier_out=289910 wall_s=104.10 cum_wall_s=1205.6 cpu_s=197.6 rss_max_mb=97.4 map_wall_s=81.33 map_cpu_s=118.2 merge_wall_s=19.82 merge_cpu_s=79.4 map_units=6733 merge_ranges=1200 eff_cores=1.90
event=heartbeat H=8 col=31 elapsed_s=17 processed=0 rate_per_s=0 steals=0
event=heartbeat H=11 col=16 elapsed_s=35 processed=3072 rate_per_s=89 steals=0
event=heartbeat H=10 col=20 elapsed_s=35 processed=4096 rate_per_s=118 steals=0
event=heartbeat H=9 col=25 elapsed_s=17 processed=7168 rate_per_s=414 steals=0
event=kink_round H=11 col=16 round=stage9 frontier_in=52650 map_wall_s=0.483 map_cpu_s=0.369 merge_wall_s=7.084 merge_cpu_s=0.253 map_units=26 merge_ranges=26 map_eff_cores=0.76 merge_eff_cores=0.04
event=heartbeat H=13 col=7 elapsed_s=69 processed=182272 rate_per_s=2631 steals=0
event=kink_round H=10 col=20 round=finalize frontier_in=19801 map_wall_s=5.817 map_cpu_s=0.112 merge_wall_s=4.507 merge_cpu_s=0.039 map_units=10 merge_ranges=10 map_eff_cores=0.02 merge_eff_cores=0.01
event=column H=10 col=20 frontier_in=5566 frontier_out=5563 wall_s=39.09 cum_wall_s=1244.7 cpu_s=1.8 rss_max_mb=97.4 map_wall_s=16.28 map_cpu_s=1.2 merge_wall_s=22.76 merge_cpu_s=0.6 map_units=98 merge_ranges=95 eff_cores=0.05
event=kink_round H=8 col=31 round=stage5 frontier_in=945 map_wall_s=7.033 map_cpu_s=0.001 merge_wall_s=3.242 merge_cpu_s=0.002 map_units=1 merge_ranges=1 map_eff_cores=0.00 merge_eff_cores=0.00
event=kink_round H=9 col=25 round=stage4 frontier_in=7227 map_wall_s=7.073 map_cpu_s=0.030 merge_wall_s=3.131 merge_cpu_s=0.019 map_units=4 merge_ranges=4 map_eff_cores=0.00 merge_eff_cores=0.01
event=kink_round H=12 col=13 round=stage1 frontier_in=63499 map_wall_s=7.469 map_cpu_s=0.264 merge_wall_s=2.901 merge_cpu_s=0.592 map_units=32 merge_ranges=32 map_eff_cores=0.04 merge_eff_cores=0.20
event=kink_round H=13 col=7 round=stage11 frontier_in=378719 map_wall_s=8.313 map_cpu_s=3.826 merge_wall_s=3.124 merge_cpu_s=2.878 map_units=185 merge_ranges=80 map_eff_cores=0.46 merge_eff_cores=0.92
event=kink_round H=18 col=2 round=stage6 frontier_in=18967142 map_wall_s=17.157 map_cpu_s=108.724 merge_wall_s=11.492 merge_cpu_s=63.405 map_units=640 merge_ranges=80 map_eff_cores=6.34 merge_eff_cores=5.52
event=kink_round H=16 col=3 round=stage1 frontier_in=2697324 map_wall_s=12.128 map_cpu_s=26.003 merge_wall_s=11.823 merge_cpu_s=19.947 map_units=640 merge_ranges=80 map_eff_cores=2.14 merge_eff_cores=1.69
event=kink_round H=10 col=21 round=seed frontier_in=5563 map_wall_s=3.639 map_cpu_s=0.025 merge_wall_s=0.000 merge_cpu_s=0.000 map_units=3 merge_ranges=0 map_eff_cores=0.01 merge_eff_cores=0.00
event=kink_round H=14 col=5 round=seed frontier_in=289910 map_wall_s=12.969 map_cpu_s=2.405 merge_wall_s=0.000 merge_cpu_s=0.000 map_units=142 merge_ranges=0 map_eff_cores=0.19 merge_eff_cores=0.00
event=kink_round H=11 col=16 round=stage10 frontier_in=53453 map_wall_s=3.239 map_cpu_s=0.367 merge_wall_s=3.386 merge_cpu_s=0.229 map_units=27 merge_ranges=27 map_eff_cores=0.11 merge_eff_cores=0.07
event=heartbeat H=16 col=3 elapsed_s=52 processed=321536 rate_per_s=6188 steals=0
event=kink_round H=8 col=31 round=stage6 frontier_in=955 map_wall_s=3.477 map_cpu_s=0.003 merge_wall_s=1.133 merge_cpu_s=0.002 map_units=1 merge_ranges=1 map_eff_cores=0.00 merge_eff_cores=0.00
event=kink_round H=9 col=25 round=stage5 frontier_in=7450 map_wall_s=3.464 map_cpu_s=0.028 merge_wall_s=1.134 merge_cpu_s=0.019 map_units=4 merge_ranges=4 map_eff_cores=0.01 merge_eff_cores=0.02
event=kink_round H=12 col=13 round=stage2 frontier_in=102877 map_wall_s=3.261 map_cpu_s=0.624 merge_wall_s=1.401 merge_cpu_s=0.463 map_units=51 merge_ranges=51 map_eff_cores=0.19 merge_eff_cores=0.33
event=heartbeat H=18 col=2 elapsed_s=121 processed=629760 rate_per_s=5194 steals=0
event=heartbeat H=12 col=13 elapsed_s=17 processed=629760 rate_per_s=36358 steals=0
event=kink_round H=17 col=2 round=stage11 frontier_in=11237744 map_wall_s=21.089 map_cpu_s=66.415 merge_wall_s=8.222 merge_cpu_s=57.243 map_units=640 merge_ranges=80 map_eff_cores=3.15 merge_eff_cores=6.96
event=heartbeat H=17 col=2 elapsed_s=139 processed=632832 rate_per_s=4567 steals=0
event=kink_round H=10 col=21 round=stage0 frontier_in=5563 map_wall_s=1.161 map_cpu_s=0.038 merge_wall_s=2.165 merge_cpu_s=0.018 map_units=3 merge_ranges=3 map_eff_cores=0.03 merge_eff_cores=0.01
event=heartbeat H=15 col=3 elapsed_s=121 processed=771072 rate_per_s=6360 steals=0
event=kink_round H=11 col=16 round=finalize frontier_in=52679 map_wall_s=1.308 map_cpu_s=0.296 merge_wall_s=2.867 merge_cpu_s=0.136 map_units=26 merge_ranges=26 map_eff_cores=0.23 merge_eff_cores=0.05
event=column H=11 col=16 frontier_in=14826 frontier_out=14824 wall_s=47.33 cum_wall_s=1292.0 cpu_s=6.2 rss_max_mb=73.0 map_wall_s=17.25 map_cpu_s=3.9 merge_wall_s=29.93 merge_cpu_s=2.3 map_units=278 merge_ranges=270 eff_cores=0.13
event=kink_round H=8 col=31 round=stage7 frontier_in=937 map_wall_s=1.990 map_cpu_s=0.002 merge_wall_s=1.218 merge_cpu_s=0.002 map_units=1 merge_ranges=1 map_eff_cores=0.00 merge_eff_cores=0.00
event=kink_round H=9 col=25 round=stage6 frontier_in=7536 map_wall_s=2.179 map_cpu_s=0.025 merge_wall_s=1.034 merge_cpu_s=0.015 map_units=4 merge_ranges=4 map_eff_cores=0.01 merge_eff_cores=0.01
event=heartbeat H=14 col=5 elapsed_s=17 processed=59392 rate_per_s=3429 steals=0
event=kink_round H=15 col=3 round=stage11 frontier_in=2659745 map_wall_s=19.680 map_cpu_s=23.330 merge_wall_s=4.282 merge_cpu_s=12.869 map_units=640 merge_ranges=80 map_eff_cores=1.19 merge_eff_cores=3.01
event=kink_round H=11 col=17 round=seed frontier_in=14824 map_wall_s=1.835 map_cpu_s=0.107 merge_wall_s=0.000 merge_cpu_s=0.000 map_units=8 merge_ranges=0 map_eff_cores=0.06 merge_eff_cores=0.00
event=kink_round H=13 col=7 round=stage12 frontier_in=384110 map_wall_s=7.153 map_cpu_s=3.141 merge_wall_s=2.596 merge_cpu_s=2.643 map_units=188 merge_ranges=80 map_eff_cores=0.44 merge_eff_cores=1.02
event=kink_round H=10 col=21 round=stage1 frontier_in=8937 map_wall_s=1.097 map_cpu_s=0.051 merge_wall_s=2.657 merge_cpu_s=0.031 map_units=5 merge_ranges=5 map_eff_cores=0.05 merge_eff_cores=0.01
event=kink_round H=12 col=13 round=stage3 frontier_in=121345 map_wall_s=2.811 map_cpu_s=1.017 merge_wall_s=2.740 merge_cpu_s=0.656 map_units=60 merge_ranges=60 map_eff_cores=0.36 merge_eff_cores=0.24
event=kink_round H=14 col=5 round=stage0 frontier_in=289910 map_wall_s=4.299 map_cpu_s=4.607 merge_wall_s=3.086 merge_cpu_s=2.956 map_units=142 merge_ranges=80 map_eff_cores=1.07 merge_eff_cores=0.96
event=heartbeat H=8 col=31 elapsed_s=35 processed=468992 rate_per_s=13538 steals=0
event=kink_round H=8 col=31 round=finalize frontier_in=766 map_wall_s=1.773 map_cpu_s=0.002 merge_wall_s=1.656 merge_cpu_s=0.002 map_units=1 merge_ranges=1 map_eff_cores=0.00 merge_eff_cores=0.00
event=column H=8 col=31 frontier_in=165 frontier_out=73 wall_s=34.82 cum_wall_s=1326.8 cpu_s=0.0 rss_max_mb=73.0 map_wall_s=22.00 map_cpu_s=0.0 merge_wall_s=12.82 merge_cpu_s=0.0 map_units=10 merge_ranges=9 eff_cores=0.00
event=kink_round H=9 col=25 round=stage7 frontier_in=7561 map_wall_s=2.497 map_cpu_s=0.028 merge_wall_s=1.408 merge_cpu_s=0.012 map_units=4 merge_ranges=4 map_eff_cores=0.01 merge_eff_cores=0.01
event=heartbeat H=9 col=25 elapsed_s=35 processed=389120 rate_per_s=11232 steals=0
event=kink_round H=8 col=32 round=seed frontier_in=73 map_wall_s=1.924 map_cpu_s=0.000 merge_wall_s=0.000 merge_cpu_s=0.000 map_units=1 merge_ranges=0 map_eff_cores=0.00 merge_eff_cores=0.00
event=kink_round H=11 col=17 round=stage0 frontier_in=14824 map_wall_s=1.775 map_cpu_s=0.100 merge_wall_s=1.929 merge_cpu_s=0.042 map_units=8 merge_ranges=8 map_eff_cores=0.06 merge_eff_cores=0.02
event=kink_round H=10 col=21 round=stage2 frontier_in=14506 map_wall_s=1.466 map_cpu_s=0.072 merge_wall_s=1.960 merge_cpu_s=0.024 map_units=8 merge_ranges=8 map_eff_cores=0.05 merge_eff_cores=0.01
event=heartbeat H=13 col=7 elapsed_s=87 processed=612352 rate_per_s=7071 steals=0
event=kink_round H=12 col=13 round=stage4 frontier_in=132237 map_wall_s=2.108 map_cpu_s=1.230 merge_wall_s=1.993 merge_cpu_s=0.498 map_units=65 merge_ranges=65 map_eff_cores=0.58 merge_eff_cores=0.25
event=kink_round H=9 col=25 round=stage8 frontier_in=7719 map_wall_s=2.115 map_cpu_s=0.013 merge_wall_s=1.985 merge_cpu_s=0.016 map_units=4 merge_ranges=4 map_eff_cores=0.01 merge_eff_cores=0.01
event=heartbeat H=10 col=21 elapsed_s=17 processed=1121280 rate_per_s=64733 steals=0
event=kink_round H=8 col=32 round=stage0 frontier_in=73 map_wall_s=2.388 map_cpu_s=0.001 merge_wall_s=1.745 merge_cpu_s=0.001 map_units=1 merge_ranges=1 map_eff_cores=0.00 merge_eff_cores=0.00
event=kink_round H=11 col=17 round=stage1 frontier_in=23848 map_wall_s=2.465 map_cpu_s=0.185 merge_wall_s=2.000 merge_cpu_s=0.144 map_units=12 merge_ranges=12 map_eff_cores=0.08 merge_eff_cores=0.07
event=kink_round H=10 col=21 round=stage3 frontier_in=17207 map_wall_s=2.196 map_cpu_s=0.097 merge_wall_s=1.839 merge_cpu_s=0.059 map_units=9 merge_ranges=9 map_eff_cores=0.04 merge_eff_cores=0.03
event=kink_round H=13 col=7 round=finalize frontier_in=382187 map_wall_s=5.888 map_cpu_s=2.740 merge_wall_s=2.035 merge_cpu_s=2.366 map_units=187 merge_ranges=80 map_eff_cores=0.47 merge_eff_cores=1.16
event=column H=13 col=7 frontier_in=106912 frontier_out=106912 wall_s=90.50 cum_wall_s=1417.3 cpu_s=76.4 rss_max_mb=97.4 map_wall_s=66.06 map_cpu_s=44.4 merge_wall_s=23.43 merge_cpu_s=32.0 map_units=2328 merge_ranges=1093 eff_cores=0.84
event=kink_round H=12 col=13 round=stage5 frontier_in=137372 map_wall_s=2.306 map_cpu_s=1.324 merge_wall_s=1.771 merge_cpu_s=0.794 map_units=68 merge_ranges=68 map_eff_cores=0.57 merge_eff_cores=0.45
event=kink_round H=9 col=25 round=finalize frontier_in=7492 map_wall_s=1.830 map_cpu_s=0.023 merge_wall_s=1.196 merge_cpu_s=0.006 map_units=4 merge_ranges=4 map_eff_cores=0.01 merge_eff_cores=0.01
event=column H=9 col=25 frontier_in=2152 frontier_out=2137 wall_s=40.40 cum_wall_s=1457.7 cpu_s=0.3 rss_max_mb=73.0 map_wall_s=26.50 map_cpu_s=0.2 merge_wall_s=13.88 merge_cpu_s=0.1 map_units=37 merge_ranges=35 eff_cores=0.01
event=kink_round H=13 col=8 round=seed frontier_in=106912 map_wall_s=0.660 map_cpu_s=0.820 merge_wall_s=0.000 merge_cpu_s=0.000 map_units=53 merge_ranges=0 map_eff_cores=1.24 merge_eff_cores=0.00
event=kink_round H=14 col=5 round=stage1 frontier_in=466288 map_wall_s=6.724 map_cpu_s=5.147 merge_wall_s=1.548 merge_cpu_s=3.730 map_units=228 merge_ranges=80 map_eff_cores=0.77 merge_eff_cores=2.41
event=kink_round H=8 col=32 round=stage1 frontier_in=125 map_wall_s=1.538 map_cpu_s=0.001 merge_wall_s=0.531 merge_cpu_s=0.001 map_units=1 merge_ranges=1 map_eff_cores=0.00 merge_eff_cores=0.00
event=kink_round H=9 col=26 round=seed frontier_in=2137 map_wall_s=0.578 map_cpu_s=0.006 merge_wall_s=0.000 merge_cpu_s=0.000 map_units=2 merge_ranges=0 map_eff_cores=0.01 merge_eff_cores=0.00
event=kink_round H=10 col=21 round=stage4 frontier_in=18784 map_wall_s=0.993 map_cpu_s=0.065 merge_wall_s=0.581 merge_cpu_s=0.056 map_units=10 merge_ranges=10 map_eff_cores=0.07 merge_eff_cores=0.10
event=kink_round H=11 col=17 round=stage2 frontier_in=38633 map_wall_s=1.209 map_cpu_s=0.140 merge_wall_s=0.600 merge_cpu_s=0.152 map_units=19 merge_ranges=19 map_eff_cores=0.12 merge_eff_cores=0.25
event=heartbeat H=16 col=3 elapsed_s=69 processed=653312 rate_per_s=9430 steals=0
event=heartbeat H=18 col=2 elapsed_s=139 processed=753664 rate_per_s=5439 steals=0
event=heartbeat H=12 col=13 elapsed_s=35 processed=773120 rate_per_s=22318 steals=0
event=kink_round H=12 col=13 round=stage6 frontier_in=139585 map_wall_s=0.694 map_cpu_s=0.748 merge_wall_s=3.409 merge_cpu_s=0.745 map_units=69 merge_ranges=69 map_eff_cores=1.08 merge_eff_cores=0.22
event=heartbeat H=17 col=2 elapsed_s=156 processed=782336 rate_per_s=5019 steals=0
event=kink_round H=8 col=32 round=stage2 frontier_in=202 map_wall_s=0.397 map_cpu_s=0.001 merge_wall_s=3.561 merge_cpu_s=0.001 map_units=1 merge_ranges=1 map_eff_cores=0.00 merge_eff_cores=0.00
event=kink_round H=13 col=8 round=stage0 frontier_in=106912 map_wall_s=0.454 map_cpu_s=0.935 merge_wall_s=3.737 merge_cpu_s=0.935 map_units=53 merge_ranges=53 map_eff_cores=2.06 merge_eff_cores=0.25
event=kink_round H=9 col=26 round=stage0 frontier_in=2137 map_wall_s=1.948 map_cpu_s=0.010 merge_wall_s=2.721 merge_cpu_s=0.006 map_units=2 merge_ranges=2 map_eff_cores=0.01 merge_eff_cores=0.00
event=kink_round H=10 col=21 round=stage5 frontier_in=19493 map_wall_s=3.111 map_cpu_s=0.102 merge_wall_s=1.673 merge_cpu_s=0.050 map_units=10 merge_ranges=10 map_eff_cores=0.03 merge_eff_cores=0.03
event=kink_round H=11 col=17 round=stage3 frontier_in=45695 map_wall_s=3.362 map_cpu_s=0.298 merge_wall_s=1.489 merge_cpu_s=0.180 map_units=23 merge_ranges=23 map_eff_cores=0.09 merge_eff_cores=0.12
event=heartbeat H=15 col=3 elapsed_s=139 processed=1131520 rate_per_s=8166 steals=0
event=heartbeat H=11 col=17 elapsed_s=17 processed=1312768 rate_per_s=75790 steals=0
event=kink_round H=8 col=32 round=stage3 frontier_in=308 map_wall_s=1.165 map_cpu_s=0.001 merge_wall_s=0.645 merge_cpu_s=0.002 map_units=1 merge_ranges=1 map_eff_cores=0.00 merge_eff_cores=0.00
event=heartbeat H=14 col=5 elapsed_s=35 processed=1338368 rate_per_s=38631 steals=0
event=kink_round H=12 col=13 round=stage7 frontier_in=140137 map_wall_s=1.524 map_cpu_s=1.203 merge_wall_s=0.787 merge_cpu_s=0.748 map_units=69 merge_ranges=69 map_eff_cores=0.79 merge_eff_cores=0.95
event=kink_round H=16 col=3 round=stage2 frontier_in=4408647 map_wall_s=17.467 map_cpu_s=38.508 merge_wall_s=6.260 merge_cpu_s=23.667 map_units=640 merge_ranges=80 map_eff_cores=2.20 merge_eff_cores=3.78
event=kink_round H=9 col=26 round=stage1 frontier_in=3422 map_wall_s=0.940 map_cpu_s=0.013 merge_wall_s=1.168 merge_cpu_s=0.010 map_units=2 merge_ranges=2 map_eff_cores=0.01 merge_eff_cores=0.01
event=kink_round H=10 col=21 round=stage6 frontier_in=19665 map_wall_s=0.774 map_cpu_s=0.096 merge_wall_s=1.201 merge_cpu_s=0.044 map_units=10 merge_ranges=10 map_eff_cores=0.12 merge_eff_cores=0.04
event=kink_round H=11 col=17 round=stage4 frontier_in=49837 map_wall_s=0.735 map_cpu_s=0.302 merge_wall_s=1.203 merge_cpu_s=0.162 map_units=25 merge_ranges=25 map_eff_cores=0.41 merge_eff_cores=0.13
event=kink_round H=13 col=8 round=stage1 frontier_in=171990 map_wall_s=1.812 map_cpu_s=1.758 merge_wall_s=1.652 merge_cpu_s=1.562 map_units=84 merge_ranges=80 map_eff_cores=0.97 merge_eff_cores=0.95
event=kink_round H=15 col=3 round=stage12 frontier_in=2717443 map_wall_s=15.905 map_cpu_s=23.226 merge_wall_s=3.369 merge_cpu_s=13.773 map_units=640 merge_ranges=80 map_eff_cores=1.46 merge_eff_cores=4.09
event=heartbeat H=8 col=32 elapsed_s=17 processed=1548288 rate_per_s=89385 steals=0
event=kink_round H=8 col=32 round=stage4 frontier_in=414 map_wall_s=1.191 map_cpu_s=0.001 merge_wall_s=7.711 merge_cpu_s=0.001 map_units=1 merge_ranges=1 map_eff_cores=0.00 merge_eff_cores=0.00
event=heartbeat H=10 col=21 elapsed_s=35 processed=1558528 rate_per_s=44990 steals=0
event=heartbeat H=13 col=8 elapsed_s=17 processed=1558528 rate_per_s=89979 steals=0
event=heartbeat H=9 col=26 elapsed_s=17 processed=1558528 rate_per_s=89974 steals=0
event=kink_round H=18 col=2 round=stage7 frontier_in=20212442 map_wall_s=24.469 map_cpu_s=118.478 merge_wall_s=11.090 merge_cpu_s=109.202 map_units=640 merge_ranges=80 map_eff_cores=4.84 merge_eff_cores=9.85
event=kink_round H=9 col=26 round=stage2 frontier_in=5543 map_wall_s=0.714 map_cpu_s=0.018 merge_wall_s=10.919 merge_cpu_s=0.010 map_units=3 merge_ranges=3 map_eff_cores=0.03 merge_eff_cores=0.00
event=kink_round H=12 col=13 round=stage8 frontier_in=140683 map_wall_s=1.564 map_cpu_s=1.096 merge_wall_s=10.992 merge_cpu_s=0.672 map_units=69 merge_ranges=69 map_eff_cores=0.70 merge_eff_cores=0.06
event=heartbeat H=16 col=3 elapsed_s=87 processed=1786880 rate_per_s=20633 steals=0
event=kink_round H=10 col=21 round=stage7 frontier_in=19895 map_wall_s=8.010 map_cpu_s=0.095 merge_wall_s=3.933 merge_cpu_s=0.037 map_units=10 merge_ranges=10 map_eff_cores=0.01 merge_eff_cores=0.01
event=kink_round H=17 col=2 round=stage12 frontier_in=12150711 map_wall_s=19.098 map_cpu_s=74.606 merge_wall_s=12.535 merge_cpu_s=68.474 map_units=640 merge_ranges=80 map_eff_cores=3.91 merge_eff_cores=5.46
event=kink_round H=14 col=5 round=stage2 frontier_in=754117 map_wall_s=7.703 map_cpu_s=8.634 merge_wall_s=11.696 merge_cpu_s=7.176 map_units=369 merge_ranges=80 map_eff_cores=1.12 merge_eff_cores=0.61
event=kink_round H=11 col=17 round=stage5 frontier_in=51704 map_wall_s=11.048 map_cpu_s=0.240 merge_wall_s=1.302 merge_cpu_s=0.164 map_units=26 merge_ranges=26 map_eff_cores=0.02 merge_eff_cores=0.13
event=kink_round H=8 col=32 round=stage5 frontier_in=469 map_wall_s=4.257 map_cpu_s=0.001 merge_wall_s=1.247 merge_cpu_s=0.001 map_units=1 merge_ranges=1 map_eff_cores=0.00 merge_eff_cores=0.00
event=heartbeat H=18 col=2 elapsed_s=156 processed=2299904 rate_per_s=14754 steals=0
event=heartbeat H=12 col=13 elapsed_s=52 processed=2300928 rate_per_s=44281 steals=0
event=heartbeat H=17 col=2 elapsed_s=173 processed=2302976 rate_per_s=13296 steals=0
event=kink_round H=9 col=26 round=stage3 frontier_in=6582 map_wall_s=1.141 map_cpu_s=0.025 merge_wall_s=1.803 merge_cpu_s=0.012 map_units=4 merge_ranges=4 map_eff_cores=0.02 merge_eff_cores=0.01
event=heartbeat H=15 col=3 elapsed_s=156 processed=2511872 rate_per_s=16114 steals=0
event=kink_round H=12 col=13 round=stage9 frontier_in=141099 map_wall_s=1.446 map_cpu_s=1.066 merge_wall_s=2.737 merge_cpu_s=0.743 map_units=69 merge_ranges=69 map_eff_cores=0.74 merge_eff_cores=0.27
event=heartbeat H=11 col=17 elapsed_s=35 processed=2587648 rate_per_s=74694 steals=0
event=kink_round H=10 col=21 round=stage8 frontier_in=19900 map_wall_s=1.398 map_cpu_s=0.085 merge_wall_s=2.732 merge_cpu_s=0.050 map_units=10 merge_ranges=10 map_eff_cores=0.06 merge_eff_cores=0.02
event=heartbeat H=14 col=5 elapsed_s=52 processed=2626560 rate_per_s=50544 steals=0
event=kink_round H=13 col=8 round=stage2 frontier_in=278236 map_wall_s=12.532 map_cpu_s=2.616 merge_wall_s=3.167 merge_cpu_s=1.873 map_units=136 merge_ranges=80 map_eff_cores=0.21 merge_eff_cores=0.59
event=kink_round H=11 col=17 round=stage6 frontier_in=52404 map_wall_s=2.032 map_cpu_s=0.294 merge_wall_s=2.465 merge_cpu_s=0.161 map_units=26 merge_ranges=26 map_eff_cores=0.14 merge_eff_cores=0.07
event=kink_round H=8 col=32 round=stage6 frontier_in=461 map_wall_s=2.473 map_cpu_s=0.002 merge_wall_s=1.492 merge_cpu_s=0.001 map_units=1 merge_ranges=1 map_eff_cores=0.00 merge_eff_cores=0.00
event=kink_round H=9 col=26 round=stage4 frontier_in=7144 map_wall_s=2.365 map_cpu_s=0.021 merge_wall_s=2.136 merge_cpu_s=0.013 map_units=4 merge_ranges=4 map_eff_cores=0.01 merge_eff_cores=0.01
event=heartbeat H=8 col=32 elapsed_s=35 processed=3415040 rate_per_s=98581 steals=0
event=kink_round H=10 col=21 round=stage9 frontier_in=20214 map_wall_s=1.965 map_cpu_s=0.082 merge_wall_s=1.982 merge_cpu_s=0.038 map_units=10 merge_ranges=10 map_eff_cores=0.04 merge_eff_cores=0.02
event=kink_round H=12 col=13 round=stage10 frontier_in=140627 map_wall_s=1.773 map_cpu_s=1.199 merge_wall_s=2.440 merge_cpu_s=0.716 map_units=69 merge_ranges=69 map_eff_cores=0.68 merge_eff_cores=0.29
event=kink_round H=8 col=32 round=stage7 frontier_in=414 map_wall_s=1.947 map_cpu_s=0.001 merge_wall_s=2.831 merge_cpu_s=0.000 map_units=1 merge_ranges=1 map_eff_cores=0.00 merge_eff_cores=0.00
event=kink_round H=11 col=17 round=stage7 frontier_in=52558 map_wall_s=2.131 map_cpu_s=0.311 merge_wall_s=3.082 merge_cpu_s=0.108 map_units=26 merge_ranges=26 map_eff_cores=0.15 merge_eff_cores=0.04
event=heartbeat H=10 col=21 elapsed_s=52 processed=4073472 rate_per_s=78378 steals=0
event=heartbeat H=13 col=8 elapsed_s=35 processed=4128768 rate_per_s=119187 steals=0
event=heartbeat H=9 col=26 elapsed_s=35 processed=4139008 rate_per_s=119395 steals=0
event=kink_round H=9 col=26 round=stage5 frontier_in=7370 map_wall_s=2.855 map_cpu_s=0.013 merge_wall_s=5.945 merge_cpu_s=0.122 map_units=4 merge_ranges=4 map_eff_cores=0.00 merge_eff_cores=0.02
event=kink_round H=13 col=8 round=stage3 frontier_in=327424 map_wall_s=5.613 map_cpu_s=2.799 merge_wall_s=6.727 merge_cpu_s=2.827 map_units=160 merge_ranges=80 map_eff_cores=0.50 merge_eff_cores=0.42
event=kink_round H=10 col=21 round=finalize frontier_in=19794 map_wall_s=3.759 map_cpu_s=0.038 merge_wall_s=5.168 merge_cpu_s=0.030 map_units=10 merge_ranges=10 map_eff_cores=0.01 merge_eff_cores=0.01
event=column H=10 col=21 frontier_in=5563 frontier_out=5560 wall_s=55.51 cum_wall_s=1513.2 cpu_s=1.3 rss_max_mb=97.4 map_wall_s=29.57 map_cpu_s=0.8 merge_wall_s=25.89 merge_cpu_s=0.4 map_units=98 merge_ranges=95 eff_cores=0.02
event=heartbeat H=16 col=3 elapsed_s=104 processed=46080 rate_per_s=443 steals=0
event=kink_round H=12 col=13 round=stage11 frontier_in=142689 map_wall_s=4.273 map_cpu_s=1.287 merge_wall_s=5.544 merge_cpu_s=0.972 map_units=70 merge_ranges=70 map_eff_cores=0.30 merge_eff_cores=0.18
event=kink_round H=8 col=32 round=finalize frontier_in=297 map_wall_s=5.934 map_cpu_s=0.001 merge_wall_s=2.521 merge_cpu_s=0.001 map_units=1 merge_ranges=1 map_eff_cores=0.00 merge_eff_cores=0.00
event=column H=8 col=32 frontier_in=73 frontier_out=31 wall_s=45.51 cum_wall_s=1558.7 cpu_s=0.0 rss_max_mb=97.4 map_wall_s=23.22 map_cpu_s=0.0 merge_wall_s=22.28 merge_cpu_s=0.0 map_units=10 merge_ranges=9 eff_cores=0.00
event=kink_round H=11 col=17 round=stage8 frontier_in=52799 map_wall_s=6.289 map_cpu_s=0.308 merge_wall_s=2.103 merge_cpu_s=0.277 map_units=26 merge_ranges=26 map_eff_cores=0.05 merge_eff_cores=0.13
event=kink_round H=10 col=22 round=seed frontier_in=5560 map_wall_s=1.994 map_cpu_s=0.024 merge_wall_s=0.000 merge_cpu_s=0.000 map_units=3 merge_ranges=0 map_eff_cores=0.01 merge_eff_cores=0.00
event=heartbeat H=18 col=2 elapsed_s=173 processed=214016 rate_per_s=1236 steals=0
event=heartbeat H=12 col=13 elapsed_s=69 processed=216064 rate_per_s=3119 steals=0
event=heartbeat H=17 col=2 elapsed_s=191 processed=234496 rate_per_s=1231 steals=0
event=kink_round H=8 col=33 round=seed frontier_in=31 map_wall_s=2.143 map_cpu_s=0.000 merge_wall_s=0.000 merge_cpu_s=0.000 map_units=1 merge_ranges=0 map_eff_cores=0.00 merge_eff_cores=0.00
event=kink_round H=9 col=26 round=stage6 frontier_in=7450 map_wall_s=2.643 map_cpu_s=0.047 merge_wall_s=2.228 merge_cpu_s=0.017 map_units=4 merge_ranges=4 map_eff_cores=0.02 merge_eff_cores=0.01
event=heartbeat H=15 col=3 elapsed_s=173 processed=427008 rate_per_s=2465 steals=0
event=heartbeat H=11 col=17 elapsed_s=52 processed=440320 rate_per_s=8474 steals=0
event=heartbeat H=14 col=5 elapsed_s=69 processed=440320 rate_per_s=6355 steals=0
event=kink_round H=12 col=13 round=finalize frontier_in=141343 map_wall_s=2.268 map_cpu_s=1.073 merge_wall_s=1.887 merge_cpu_s=0.695 map_units=70 merge_ranges=70 map_eff_cores=0.47 merge_eff_cores=0.37
event=column H=12 col=13 frontier_in=39506 frontier_out=39503 wall_s=72.15 cum_wall_s=1630.9 cpu_s=21.1 rss_max_mb=97.4 map_wall_s=32.56 map_cpu_s=12.6 merge_wall_s=39.18 merge_cpu_s=8.5 map_units=801 merge_ranges=781 eff_cores=0.29
event=kink_round H=11 col=17 round=stage9 frontier_in=52647 map_wall_s=2.268 map_cpu_s=0.446 merge_wall_s=1.491 merge_cpu_s=0.256 map_units=26 merge_ranges=26 map_eff_cores=0.20 merge_eff_cores=0.17
event=kink_round H=14 col=5 round=stage3 frontier_in=885559 map_wall_s=18.060 map_cpu_s=16.942 merge_wall_s=4.024 merge_cpu_s=8.924 map_units=433 merge_ranges=80 map_eff_cores=0.94 merge_eff_cores=2.22
event=kink_round H=10 col=22 round=stage0 frontier_in=5560 map_wall_s=2.766 map_cpu_s=0.031 merge_wall_s=2.294 merge_cpu_s=0.029 map_units=3 merge_ranges=3 map_eff_cores=0.01 merge_eff_cores=0.01
event=kink_round H=8 col=33 round=stage0 frontier_in=31 map_wall_s=1.678 map_cpu_s=0.000 merge_wall_s=1.882 merge_cpu_s=0.000 map_units=1 merge_ranges=1 map_eff_cores=0.00 merge_eff_cores=0.00
event=kink_round H=9 col=26 round=stage7 frontier_in=7472 map_wall_s=1.632 map_cpu_s=0.032 merge_wall_s=1.838 merge_cpu_s=0.013 map_units=4 merge_ranges=4 map_eff_cores=0.02 merge_eff_cores=0.01
event=kink_round H=12 col=14 round=seed frontier_in=39503 map_wall_s=1.992 map_cpu_s=0.298 merge_wall_s=0.000 merge_cpu_s=0.000 map_units=20 merge_ranges=0 map_eff_cores=0.15 merge_eff_cores=0.00
event=kink_round H=15 col=3 round=stage13 frontier_in=2724159 map_wall_s=31.105 map_cpu_s=47.778 merge_wall_s=3.847 merge_cpu_s=19.811 map_units=640 merge_ranges=80 map_eff_cores=1.54 merge_eff_cores=5.15
event=kink_round H=11 col=17 round=stage10 frontier_in=53449 map_wall_s=1.802 map_cpu_s=0.312 merge_wall_s=1.618 merge_cpu_s=0.189 map_units=27 merge_ranges=27 map_eff_cores=0.17 merge_eff_cores=0.12
event=kink_round H=13 col=8 round=stage4 frontier_in=356512 map_wall_s=7.201 map_cpu_s=4.749 merge_wall_s=1.794 merge_cpu_s=2.700 map_units=175 merge_ranges=80 map_eff_cores=0.66 merge_eff_cores=1.50
event=kink_round H=8 col=33 round=stage1 frontier_in=49 map_wall_s=1.594 map_cpu_s=0.001 merge_wall_s=0.238 merge_cpu_s=0.001 map_units=1 merge_ranges=1 map_eff_cores=0.00 merge_eff_cores=0.00
event=kink_round H=9 col=26 round=stage8 frontier_in=7661 map_wall_s=1.591 map_cpu_s=0.027 merge_wall_s=0.233 merge_cpu_s=0.010 map_units=4 merge_ranges=4 map_eff_cores=0.02 merge_eff_cores=0.04
event=kink_round H=10 col=22 round=stage1 frontier_in=8934 map_wall_s=1.481 map_cpu_s=0.042 merge_wall_s=0.410 merge_cpu_s=0.023 map_units=5 merge_ranges=5 map_eff_cores=0.03 merge_eff_cores=0.06
event=kink_round H=12 col=14 round=stage0 frontier_in=39503 map_wall_s=1.650 map_cpu_s=0.241 merge_wall_s=0.310 merge_cpu_s=0.260 map_units=20 merge_ranges=20 map_eff_cores=0.15 merge_eff_cores=0.84
event=kink_round H=11 col=17 round=finalize frontier_in=52668 map_wall_s=0.239 map_cpu_s=0.179 merge_wall_s=0.164 merge_cpu_s=0.130 map_units=26 merge_ranges=26 map_eff_cores=0.75 merge_eff_cores=0.79
event=column H=11 col=17 frontier_in=14824 frontier_out=14820 wall_s=56.79 cum_wall_s=1687.7 cpu_s=5.2 rss_max_mb=73.0 map_wall_s=37.19 map_cpu_s=3.2 merge_wall_s=19.45 merge_cpu_s=2.0 map_units=278 merge_ranges=270 eff_cores=0.09
event=kink_round H=8 col=33 round=stage2 frontier_in=73 map_wall_s=0.189 map_cpu_s=0.001 merge_wall_s=0.144 merge_cpu_s=0.001 map_units=1 merge_ranges=1 map_eff_cores=0.01 merge_eff_cores=0.01
event=kink_round H=9 col=26 round=finalize frontier_in=7380 map_wall_s=0.189 map_cpu_s=0.017 merge_wall_s=0.161 merge_cpu_s=0.006 map_units=4 merge_ranges=4 map_eff_cores=0.09 merge_eff_cores=0.04
event=kink_round H=10 col=22 round=stage2 frontier_in=14505 map_wall_s=0.200 map_cpu_s=0.057 merge_wall_s=0.151 merge_cpu_s=0.045 map_units=8 merge_ranges=8 map_eff_cores=0.29 merge_eff_cores=0.30
event=column H=9 col=26 frontier_in=2137 frontier_out=2089 wall_s=45.76 cum_wall_s=1733.4 cpu_s=0.4 rss_max_mb=97.4 map_wall_s=16.60 map_cpu_s=0.2 merge_wall_s=29.15 merge_cpu_s=0.2 map_units=37 merge_ranges=35 eff_cores=0.01
event=kink_round H=11 col=18 round=seed frontier_in=14820 map_wall_s=0.110 map_cpu_s=0.052 merge_wall_s=0.000 merge_cpu_s=0.000 map_units=8 merge_ranges=0 map_eff_cores=0.47 merge_eff_cores=0.00
event=kink_round H=9 col=27 round=seed frontier_in=2089 map_wall_s=0.081 map_cpu_s=0.005 merge_wall_s=0.000 merge_cpu_s=0.000 map_units=2 merge_ranges=0 map_eff_cores=0.06 merge_eff_cores=0.00
event=kink_round H=12 col=14 round=stage1 frontier_in=63495 map_wall_s=0.172 map_cpu_s=0.449 merge_wall_s=0.144 merge_cpu_s=0.339 map_units=32 merge_ranges=32 map_eff_cores=2.61 merge_eff_cores=2.36
event=kink_round H=8 col=33 round=stage3 frontier_in=103 map_wall_s=0.083 map_cpu_s=0.001 merge_wall_s=0.058 merge_cpu_s=0.000 map_units=1 merge_ranges=1 map_eff_cores=0.01 merge_eff_cores=0.00
event=kink_round H=16 col=3 round=stage3 frontier_in=5250292 map_wall_s=33.551 map_cpu_s=72.318 merge_wall_s=4.492 merge_cpu_s=28.812 map_units=640 merge_ranges=80 map_eff_cores=2.16 merge_eff_cores=6.41
event=kink_round H=10 col=22 round=stage3 frontier_in=17195 map_wall_s=0.100 map_cpu_s=0.064 merge_wall_s=0.105 merge_cpu_s=0.030 map_units=9 merge_ranges=9 map_eff_cores=0.64 merge_eff_cores=0.28
event=kink_round H=9 col=27 round=stage0 frontier_in=2089 map_wall_s=0.054 map_cpu_s=0.007 merge_wall_s=0.072 merge_cpu_s=0.006 map_units=2 merge_ranges=2 map_eff_cores=0.13 merge_eff_cores=0.08
event=kink_round H=8 col=33 round=stage4 frontier_in=136 map_wall_s=0.065 map_cpu_s=0.001 merge_wall_s=0.026 merge_cpu_s=0.000 map_units=1 merge_ranges=1 map_eff_cores=0.02 merge_eff_cores=0.00
event=kink_round H=11 col=18 round=stage0 frontier_in=14820 map_wall_s=0.113 map_cpu_s=0.059 merge_wall_s=0.108 merge_cpu_s=0.056 map_units=8 merge_ranges=8 map_eff_cores=0.52 merge_eff_cores=0.52
event=kink_round H=13 col=8 round=stage5 frontier_in=370228 map_wall_s=0.474 map_cpu_s=2.975 merge_wall_s=0.241 merge_cpu_s=1.849 map_units=181 merge_ranges=80 map_eff_cores=6.28 merge_eff_cores=7.69
event=kink_round H=9 col=27 round=stage1 frontier_in=3321 map_wall_s=0.074 map_cpu_s=0.009 merge_wall_s=0.083 merge_cpu_s=0.006 map_units=2 merge_ranges=2 map_eff_cores=0.12 merge_eff_cores=0.07
event=kink_round H=8 col=33 round=stage5 frontier_in=158 map_wall_s=0.066 map_cpu_s=0.000 merge_wall_s=0.086 merge_cpu_s=0.001 map_units=1 merge_ranges=1 map_eff_cores=0.00 merge_eff_cores=0.01
event=kink_round H=12 col=14 round=stage2 frontier_in=102876 map_wall_s=0.119 map_cpu_s=0.458 merge_wall_s=0.151 merge_cpu_s=0.352 map_units=51 merge_ranges=51 map_eff_cores=3.86 merge_eff_cores=2.34
event=kink_round H=10 col=22 round=stage4 frontier_in=18769 map_wall_s=0.122 map_cpu_s=0.049 merge_wall_s=0.093 merge_cpu_s=0.038 map_units=10 merge_ranges=10 map_eff_cores=0.40 merge_eff_cores=0.41
event=kink_round H=11 col=18 round=stage1 frontier_in=23839 map_wall_s=0.102 map_cpu_s=0.102 merge_wall_s=0.132 merge_cpu_s=0.067 map_units=12 merge_ranges=12 map_eff_cores=1.00 merge_eff_cores=0.51
event=kink_round H=8 col=33 round=stage6 frontier_in=168 map_wall_s=0.082 map_cpu_s=0.000 merge_wall_s=0.087 merge_cpu_s=0.000 map_units=1 merge_ranges=1 map_eff_cores=0.00 merge_eff_cores=0.00
event=kink_round H=9 col=27 round=stage2 frontier_in=5368 map_wall_s=0.082 map_cpu_s=0.012 merge_wall_s=0.096 merge_cpu_s=0.009 map_units=3 merge_ranges=3 map_eff_cores=0.15 merge_eff_cores=0.09
event=kink_round H=14 col=5 round=stage4 frontier_in=963372 map_wall_s=3.947 map_cpu_s=7.822 merge_wall_s=0.430 merge_cpu_s=4.436 map_units=471 merge_ranges=80 map_eff_cores=1.98 merge_eff_cores=10.32
event=heartbeat H=13 col=8 elapsed_s=52 processed=1032192 rate_per_s=19864 steals=0
event=kink_round H=10 col=22 round=stage5 frontier_in=19486 map_wall_s=0.100 map_cpu_s=0.085 merge_wall_s=5.574 merge_cpu_s=0.045 map_units=10 merge_ranges=10 map_eff_cores=0.85 merge_eff_cores=0.01
event=kink_round H=12 col=14 round=stage3 frontier_in=121339 map_wall_s=0.134 map_cpu_s=0.610 merge_wall_s=5.768 merge_cpu_s=0.641 map_units=60 merge_ranges=60 map_eff_cores=4.54 merge_eff_cores=0.11
event=heartbeat H=10 col=22 elapsed_s=17 processed=1219584 rate_per_s=70406 steals=0
event=heartbeat H=16 col=3 elapsed_s=121 processed=1219584 rate_per_s=10059 steals=0
event=kink_round H=17 col=2 round=stage13 frontier_in=13133650 map_wall_s=25.935 map_cpu_s=119.778 merge_wall_s=9.140 merge_cpu_s=45.390 map_units=640 merge_ranges=80 map_eff_cores=4.62 merge_eff_cores=4.97
event=heartbeat H=8 col=33 elapsed_s=17 processed=1219584 rate_per_s=70410 steals=0
event=heartbeat H=18 col=2 elapsed_s=191 processed=1219584 rate_per_s=6401 steals=0
event=heartbeat H=17 col=2 elapsed_s=208 processed=1219584 rate_per_s=5868 steals=0
event=heartbeat H=15 col=3 elapsed_s=191 processed=1219584 rate_per_s=6401 steals=0
event=heartbeat H=14 col=5 elapsed_s=87 processed=1219584 rate_per_s=14082 steals=0
event=heartbeat H=12 col=14 elapsed_s=17 processed=1219584 rate_per_s=70401 steals=0
event=heartbeat H=9 col=27 elapsed_s=17 processed=1219584 rate_per_s=70397 steals=0
event=heartbeat H=11 col=18 elapsed_s=17 processed=1219584 rate_per_s=70397 steals=0
event=heartbeat H=13 col=8 elapsed_s=69 processed=1219584 rate_per_s=17592 steals=0
event=heartbeat H=10 col=22 elapsed_s=35 processed=1220608 rate_per_s=35146 steals=0
event=heartbeat H=16 col=3 elapsed_s=139 processed=1220608 rate_per_s=8808 steals=0
event=heartbeat H=8 col=33 elapsed_s=35 processed=1220608 rate_per_s=35222 steals=0
event=heartbeat H=18 col=2 elapsed_s=208 processed=1221632 rate_per_s=5877 steals=0
event=heartbeat H=17 col=2 elapsed_s=225 processed=1221632 rate_per_s=5425 steals=0
event=heartbeat H=14 col=5 elapsed_s=104 processed=1221632 rate_per_s=11751 steals=0
event=heartbeat H=15 col=3 elapsed_s=208 processed=1221632 rate_per_s=5876 steals=0
event=heartbeat H=12 col=14 elapsed_s=35 processed=1221632 rate_per_s=35261 steals=0
event=kink_round H=11 col=18 round=stage2 frontier_in=38624 map_wall_s=5.403 map_cpu_s=0.232 merge_wall_s=26.474 merge_cpu_s=0.279 map_units=19 merge_ranges=19 map_eff_cores=0.04 merge_eff_cores=0.01
event=kink_round H=8 col=33 round=stage7 frontier_in=144 map_wall_s=5.531 map_cpu_s=0.001 merge_wall_s=27.245 merge_cpu_s=0.000 map_units=1 merge_ranges=1 map_eff_cores=0.00 merge_eff_cores=0.00
event=kink_round H=9 col=27 round=stage3 frontier_in=6410 map_wall_s=5.536 map_cpu_s=0.016 merge_wall_s=27.247 merge_cpu_s=0.012 map_units=4 merge_ranges=4 map_eff_cores=0.00 merge_eff_cores=0.00
event=kink_round H=18 col=2 round=stage8 frontier_in=21650964 map_wall_s=27.969 map_cpu_s=174.431 merge_wall_s=33.429 merge_cpu_s=1091.004 map_units=640 merge_ranges=80 map_eff_cores=6.24 merge_eff_cores=32.64
event=kink_round H=15 col=3 round=stage14 frontier_in=2768109 map_wall_s=7.402 map_cpu_s=17.005 merge_wall_s=28.230 merge_cpu_s=19.676 map_units=640 merge_ranges=80 map_eff_cores=2.30 merge_eff_cores=0.70
event=kink_round H=10 col=22 round=stage6 frontier_in=19658 map_wall_s=27.212 map_cpu_s=0.067 merge_wall_s=1.138 merge_cpu_s=0.044 map_units=10 merge_ranges=10 map_eff_cores=0.00 merge_eff_cores=0.04
event=heartbeat H=11 col=18 elapsed_s=35 processed=1657856 rate_per_s=47857 steals=0
event=kink_round H=12 col=14 round=stage4 frontier_in=132226 map_wall_s=27.179 map_cpu_s=1.036 merge_wall_s=1.025 merge_cpu_s=0.644 map_units=65 merge_ranges=65 map_eff_cores=0.04 merge_eff_cores=0.63
event=heartbeat H=9 col=27 elapsed_s=35 processed=1715200 rate_per_s=49513 steals=0
event=kink_round H=13 col=8 round=stage6 frontier_in=376230 map_wall_s=31.843 map_cpu_s=13.461 merge_wall_s=2.571 merge_cpu_s=2.735 map_units=184 merge_ranges=80 map_eff_cores=0.42 merge_eff_cores=1.06
event=kink_round H=11 col=18 round=stage3 frontier_in=45682 map_wall_s=1.963 map_cpu_s=0.186 merge_wall_s=0.732 merge_cpu_s=0.101 map_units=23 merge_ranges=23 map_eff_cores=0.09 merge_eff_cores=0.14
event=kink_round H=8 col=33 round=finalize frontier_in=93 map_wall_s=1.162 map_cpu_s=0.000 merge_wall_s=0.631 merge_cpu_s=0.000 map_units=1 merge_ranges=1 map_eff_cores=0.00 merge_eff_cores=0.00
event=column H=8 col=33 frontier_in=31 frontier_out=12 wall_s=43.01 cum_wall_s=1776.4 cpu_s=0.0 rss_max_mb=73.0 map_wall_s=12.59 map_cpu_s=0.0 merge_wall_s=30.40 merge_cpu_s=0.0 map_units=10 merge_ranges=9 eff_cores=0.00
event=kink_round H=9 col=27 round=stage4 frontier_in=6935 map_wall_s=1.147 map_cpu_s=0.012 merge_wall_s=0.639 merge_cpu_s=0.010 map_units=4 merge_ranges=4 map_eff_cores=0.01 merge_eff_cores=0.02
event=kink_round H=8 col=34 round=seed frontier_in=12 map_wall_s=0.480 map_cpu_s=0.000 merge_wall_s=0.000 merge_cpu_s=0.000 map_units=1 merge_ranges=0 map_eff_cores=0.00 merge_eff_cores=0.00
event=kink_round H=10 col=22 round=stage7 frontier_in=19892 map_wall_s=0.669 map_cpu_s=0.042 merge_wall_s=0.484 merge_cpu_s=0.051 map_units=10 merge_ranges=10 map_eff_cores=0.06 merge_eff_cores=0.11
event=kink_round H=12 col=14 round=stage5 frontier_in=137356 map_wall_s=0.702 map_cpu_s=0.682 merge_wall_s=0.624 merge_cpu_s=0.518 map_units=68 merge_ranges=68 map_eff_cores=0.97 merge_eff_cores=0.83
event=kink_round H=9 col=27 round=stage5 frontier_in=7152 map_wall_s=0.504 map_cpu_s=0.018 merge_wall_s=0.412 merge_cpu_s=0.010 map_units=4 merge_ranges=4 map_eff_cores=0.04 merge_eff_cores=0.02
event=kink_round H=11 col=18 round=stage4 frontier_in=49820 map_wall_s=0.539 map_cpu_s=0.254 merge_wall_s=0.414 merge_cpu_s=0.121 map_units=25 merge_ranges=25 map_eff_cores=0.47 merge_eff_cores=0.29
event=kink_round H=8 col=34 round=stage0 frontier_in=12 map_wall_s=0.407 map_cpu_s=0.001 merge_wall_s=1.006 merge_cpu_s=0.000 map_units=1 merge_ranges=1 map_eff_cores=0.00 merge_eff_cores=0.00
event=kink_round H=10 col=22 round=stage8 frontier_in=19892 map_wall_s=0.382 map_cpu_s=0.047 merge_wall_s=1.103 merge_cpu_s=0.054 map_units=10 merge_ranges=10 map_eff_cores=0.12 merge_eff_cores=0.05
event=kink_round H=12 col=14 round=stage6 frontier_in=139561 map_wall_s=1.015 map_cpu_s=0.946 merge_wall_s=1.062 merge_cpu_s=0.739 map_units=69 merge_ranges=69 map_eff_cores=0.93 merge_eff_cores=0.70
event=kink_round H=13 col=8 round=stage7 frontier_in=378384 map_wall_s=2.022 map_cpu_s=2.520 merge_wall_s=1.162 merge_cpu_s=2.735 map_units=185 merge_ranges=80 map_eff_cores=1.25 merge_eff_cores=2.35
event=kink_round H=9 col=27 round=stage6 frontier_in=7230 map_wall_s=1.082 map_cpu_s=0.016 merge_wall_s=0.999 merge_cpu_s=0.011 map_units=4 merge_ranges=4 map_eff_cores=0.01 merge_eff_cores=0.01
event=kink_round H=11 col=18 round=stage5 frontier_in=51685 map_wall_s=1.137 map_cpu_s=0.189 merge_wall_s=1.004 merge_cpu_s=0.147 map_units=26 merge_ranges=26 map_eff_cores=0.17 merge_eff_cores=0.15
event=kink_round H=8 col=34 round=stage1 frontier_in=17 map_wall_s=1.014 map_cpu_s=0.001 merge_wall_s=0.727 merge_cpu_s=0.000 map_units=1 merge_ranges=1 map_eff_cores=0.00 merge_eff_cores=0.00
event=kink_round H=10 col=22 round=stage9 frontier_in=20209 map_wall_s=0.992 map_cpu_s=0.083 merge_wall_s=0.808 merge_cpu_s=0.031 map_units=10 merge_ranges=10 map_eff_cores=0.08 merge_eff_cores=0.04
event=kink_round H=14 col=5 round=stage5 frontier_in=1000406 map_wall_s=36.639 map_cpu_s=10.044 merge_wall_s=1.620 merge_cpu_s=4.905 map_units=489 merge_ranges=80 map_eff_cores=0.27 merge_eff_cores=3.03
event=heartbeat H=13 col=8 elapsed_s=87 processed=1786880 rate_per_s=20632 steals=0
event=heartbeat H=10 col=22 elapsed_s=52 processed=1810432 rate_per_s=34840 steals=0
event=heartbeat H=16 col=3 elapsed_s=156 processed=1825792 rate_per_s=11712 steals=0
event=kink_round H=9 col=27 round=stage7 frontier_in=7249 map_wall_s=0.788 map_cpu_s=0.025 merge_wall_s=4.503 merge_cpu_s=0.009 map_units=4 merge_ranges=4 map_eff_cores=0.03 merge_eff_cores=0.00
event=kink_round H=12 col=14 round=stage7 frontier_in=140118 map_wall_s=0.842 map_cpu_s=1.090 merge_wall_s=4.611 merge_cpu_s=0.692 map_units=69 merge_ranges=69 map_eff_cores=1.30 merge_eff_cores=0.15
event=kink_round H=11 col=18 round=stage6 frontier_in=52378 map_wall_s=0.753 map_cpu_s=0.216 merge_wall_s=5.330 merge_cpu_s=0.135 map_units=26 merge_ranges=26 map_eff_cores=0.29 merge_eff_cores=0.03
event=heartbeat H=18 col=2 elapsed_s=225 processed=2092032 rate_per_s=9291 steals=0
event=heartbeat H=17 col=2 elapsed_s=242 processed=2114560 rate_per_s=8720 steals=0
event=kink_round H=8 col=34 round=stage2 frontier_in=22 map_wall_s=3.659 map_cpu_s=0.001 merge_wall_s=2.831 merge_cpu_s=0.000 map_units=1 merge_ranges=1 map_eff_cores=0.00 merge_eff_cores=0.00
event=kink_round H=10 col=22 round=finalize frontier_in=19783 map_wall_s=5.207 map_cpu_s=0.060 merge_wall_s=1.647 merge_cpu_s=0.021 map_units=10 merge_ranges=10 map_eff_cores=0.01 merge_eff_cores=0.01
event=column H=10 col=22 frontier_in=5560 frontier_out=5560 wall_s=55.14 cum_wall_s=1831.6 cpu_s=1.1 rss_max_mb=97.4 map_wall_s=41.23 map_cpu_s=0.7 merge_wall_s=13.81 merge_cpu_s=0.4 map_units=98 merge_ranges=95 eff_cores=0.02
event=heartbeat H=15 col=3 elapsed_s=225 processed=157696 rate_per_s=700 steals=0
event=kink_round H=9 col=27 round=stage8 frontier_in=7458 map_wall_s=1.988 map_cpu_s=0.025 merge_wall_s=1.512 merge_cpu_s=0.009 map_units=4 merge_ranges=4 map_eff_cores=0.01 merge_eff_cores=0.01
event=kink_round H=16 col=3 round=stage4 frontier_in=5721543 map_wall_s=37.915 map_cpu_s=41.464 merge_wall_s=8.884 merge_cpu_s=30.273 map_units=640 merge_ranges=80 map_eff_cores=1.09 merge_eff_cores=3.41
event=heartbeat H=14 col=5 elapsed_s=121 processed=184320 rate_per_s=1520 steals=0
event=kink_round H=10 col=23 round=seed frontier_in=5560 map_wall_s=1.775 map_cpu_s=0.024 merge_wall_s=0.000 merge_cpu_s=0.000 map_units=3 merge_ranges=0 map_eff_cores=0.01 merge_eff_cores=0.00
event=kink_round H=12 col=14 round=stage8 frontier_in=140672 map_wall_s=2.024 map_cpu_s=1.009 merge_wall_s=2.087 merge_cpu_s=0.637 map_units=69 merge_ranges=69 map_eff_cores=0.50 merge_eff_cores=0.31
event=heartbeat H=12 col=14 elapsed_s=52 processed=205824 rate_per_s=3961 steals=0
event=kink_round H=8 col=34 round=stage3 frontier_in=27 map_wall_s=1.178 map_cpu_s=0.001 merge_wall_s=1.576 merge_cpu_s=0.001 map_units=1 merge_ranges=1 map_eff_cores=0.00 merge_eff_cores=0.00
event=kink_round H=11 col=18 round=stage7 frontier_in=52535 map_wall_s=1.835 map_cpu_s=0.733 merge_wall_s=1.955 merge_cpu_s=0.150 map_units=26 merge_ranges=26 map_eff_cores=0.40 merge_eff_cores=0.08
event=kink_round H=13 col=8 round=stage8 frontier_in=378846 map_wall_s=7.730 map_cpu_s=3.406 merge_wall_s=2.422 merge_cpu_s=2.250 map_units=185 merge_ranges=80 map_eff_cores=0.44 merge_eff_cores=0.93
event=kink_round H=15 col=3 round=finalize frontier_in=2757360 map_wall_s=12.288 map_cpu_s=17.450 merge_wall_s=3.344 merge_cpu_s=10.774 map_units=640 merge_ranges=80 map_eff_cores=1.42 merge_eff_cores=3.22
event=column H=15 col=3 frontier_in=644932 frontier_out=768826 wall_s=228.40 cum_wall_s=2060.0 cpu_s=507.8 rss_max_mb=97.4 map_wall_s=160.04 map_cpu_s=321.8 merge_wall_s=64.35 merge_cpu_s=185.9 map_units=10095 merge_ranges=1280 eff_cores=2.22
event=kink_round H=9 col=27 round=finalize frontier_in=7025 map_wall_s=1.519 map_cpu_s=0.013 merge_wall_s=1.819 merge_cpu_s=0.004 map_units=4 merge_ranges=4 map_eff_cores=0.01 merge_eff_cores=0.00
event=column H=9 col=27 frontier_in=2089 frontier_out=1693 wall_s=50.26 cum_wall_s=2110.2 cpu_s=0.2 rss_max_mb=63.8 map_wall_s=12.86 map_cpu_s=0.2 merge_wall_s=37.38 merge_cpu_s=0.1 map_units=37 merge_ranges=35 eff_cores=0.00
event=kink_round H=10 col=23 round=stage0 frontier_in=5560 map_wall_s=1.200 map_cpu_s=0.018 merge_wall_s=1.640 merge_cpu_s=0.011 map_units=3 merge_ranges=3 map_eff_cores=0.02 merge_eff_cores=0.01
event=heartbeat H=11 col=18 elapsed_s=52 processed=91136 rate_per_s=1754 steals=0
event=heartbeat H=8 col=34 elapsed_s=17 processed=91136 rate_per_s=5262 steals=0
event=heartbeat H=13 col=8 elapsed_s=104 processed=91136 rate_per_s=876 steals=0
event=heartbeat H=14 col=5 elapsed_s=139 processed=91136 rate_per_s=658 steals=0
event=heartbeat H=11 col=18 elapsed_s=69 processed=91136 rate_per_s=1315 steals=0
event=heartbeat H=10 col=23 elapsed_s=17 processed=91136 rate_per_s=5239 steals=0
event=heartbeat H=15 col=4 elapsed_s=17 processed=91136 rate_per_s=5244 steals=0
event=heartbeat H=17 col=2 elapsed_s=260 processed=91136 rate_per_s=351 steals=0
event=heartbeat H=14 col=5 elapsed_s=156 processed=91136 rate_per_s=584 steals=0
event=heartbeat H=14 col=5 elapsed_s=270 processed=91136 rate_per_s=338 steals=0
event=heartbeat H=16 col=3 elapsed_s=173 processed=91136 rate_per_s=526 steals=0
event=heartbeat H=16 col=3 elapsed_s=309 processed=91136 rate_per_s=295 steals=0
event=heartbeat H=8 col=34 elapsed_s=35 processed=91136 rate_per_s=2628 steals=0
event=heartbeat H=13 col=8 elapsed_s=121 processed=91136 rate_per_s=751 steals=0
event=heartbeat H=13 col=8 elapsed_s=242 processed=91136 rate_per_s=377 steals=0
event=heartbeat H=9 col=28 elapsed_s=17 processed=91136 rate_per_s=5213 steals=0
event=heartbeat H=9 col=28 elapsed_s=145 processed=91136 rate_per_s=627 steals=0
event=heartbeat H=15 col=4 elapsed_s=146 processed=91136 rate_per_s=625 steals=0
event=heartbeat H=11 col=18 elapsed_s=110 processed=91136 rate_per_s=826 steals=0
event=heartbeat H=11 col=18 elapsed_s=196 processed=91136 rate_per_s=466 steals=0
event=heartbeat H=10 col=23 elapsed_s=63 processed=91136 rate_per_s=1458 steals=0
event=heartbeat H=10 col=23 elapsed_s=150 processed=91136 rate_per_s=608 steals=0
event=heartbeat H=15 col=4 elapsed_s=146 processed=91136 rate_per_s=625 steals=0
event=heartbeat H=12 col=14 elapsed_s=69 processed=91136 rate_per_s=1315 steals=0
event=heartbeat H=12 col=14 elapsed_s=200 processed=91136 rate_per_s=456 steals=0
event=heartbeat H=8 col=34 elapsed_s=161 processed=91136 rate_per_s=568 steals=0
event=heartbeat H=18 col=2 elapsed_s=243 processed=91136 rate_per_s=376 steals=0
event=heartbeat H=18 col=2 elapsed_s=376 processed=91136 rate_per_s=242 steals=0
