orchestrate maxn=35 fold=true cores=80 unit_mult=8 merge_mult=1 ram=1073741824 counter=u128 kernel=kink run_dir=runs/ns_a35_split/h1_2_19_35 rev=b8f13d41
event=kink_round H=19 col=0 round=seed frontier_in=1 map_wall_s=0.003 map_cpu_s=0.000 merge_wall_s=0.000 merge_cpu_s=0.000 map_units=1 merge_ranges=0 map_eff_cores=0.00 merge_eff_cores=0.00
event=kink_round H=19 col=0 round=stage0 frontier_in=1 map_wall_s=0.003 map_cpu_s=0.000 merge_wall_s=0.002 merge_cpu_s=0.000 map_units=1 merge_ranges=1 map_eff_cores=0.00 merge_eff_cores=0.00
event=kink_round H=19 col=0 round=stage1 frontier_in=2 map_wall_s=0.002 map_cpu_s=0.000 merge_wall_s=0.001 merge_cpu_s=0.000 map_units=1 merge_ranges=1 map_eff_cores=0.00 merge_eff_cores=0.00
event=kink_round H=19 col=0 round=stage2 frontier_in=4 map_wall_s=0.002 map_cpu_s=0.000 merge_wall_s=0.001 merge_cpu_s=0.000 map_units=1 merge_ranges=1 map_eff_cores=0.00 merge_eff_cores=0.00
event=kink_round H=19 col=0 round=stage3 frontier_in=8 map_wall_s=0.001 map_cpu_s=0.000 merge_wall_s=0.001 merge_cpu_s=0.000 map_units=1 merge_ranges=1 map_eff_cores=0.00 merge_eff_cores=0.00
event=kink_round H=19 col=0 round=stage4 frontier_in=16 map_wall_s=0.001 map_cpu_s=0.000 merge_wall_s=0.001 merge_cpu_s=0.000 map_units=1 merge_ranges=1 map_eff_cores=0.00 merge_eff_cores=0.00
event=kink_round H=19 col=0 round=stage5 frontier_in=32 map_wall_s=0.001 map_cpu_s=0.000 merge_wall_s=0.001 merge_cpu_s=0.000 map_units=1 merge_ranges=1 map_eff_cores=0.00 merge_eff_cores=0.00
event=kink_round H=19 col=0 round=stage6 frontier_in=64 map_wall_s=0.001 map_cpu_s=0.000 merge_wall_s=0.001 merge_cpu_s=0.000 map_units=1 merge_ranges=1 map_eff_cores=0.00 merge_eff_cores=0.00
event=kink_round H=19 col=0 round=stage7 frontier_in=128 map_wall_s=0.002 map_cpu_s=0.000 merge_wall_s=0.002 merge_cpu_s=0.000 map_units=1 merge_ranges=1 map_eff_cores=0.00 merge_eff_cores=0.00
event=kink_round H=19 col=0 round=stage8 frontier_in=256 map_wall_s=0.002 map_cpu_s=0.000 merge_wall_s=0.002 merge_cpu_s=0.000 map_units=1 merge_ranges=1 map_eff_cores=0.00 merge_eff_cores=0.00
event=kink_round H=19 col=0 round=stage9 frontier_in=512 map_wall_s=0.002 map_cpu_s=0.001 merge_wall_s=0.002 merge_cpu_s=0.001 map_units=1 merge_ranges=1 map_eff_cores=0.46 merge_eff_cores=0.49
event=kink_round H=19 col=0 round=stage10 frontier_in=1024 map_wall_s=0.003 map_cpu_s=0.001 merge_wall_s=0.002 merge_cpu_s=0.001 map_units=1 merge_ranges=1 map_eff_cores=0.39 merge_eff_cores=0.43
event=kink_round H=19 col=0 round=stage11 frontier_in=2048 map_wall_s=0.004 map_cpu_s=0.002 merge_wall_s=0.003 merge_cpu_s=0.002 map_units=1 merge_ranges=1 map_eff_cores=0.56 merge_eff_cores=0.68
event=kink_round H=19 col=0 round=stage12 frontier_in=4096 map_wall_s=0.004 map_cpu_s=0.004 merge_wall_s=0.005 merge_cpu_s=0.005 map_units=2 merge_ranges=2 map_eff_cores=1.09 merge_eff_cores=0.95
event=kink_round H=19 col=0 round=stage13 frontier_in=8192 map_wall_s=0.010 map_cpu_s=0.012 merge_wall_s=0.011 merge_cpu_s=0.009 map_units=7 merge_ranges=7 map_eff_cores=1.25 merge_eff_cores=0.85
event=kink_round H=19 col=0 round=stage14 frontier_in=16384 map_wall_s=0.012 map_cpu_s=0.023 merge_wall_s=0.063 merge_cpu_s=0.030 map_units=11 merge_ranges=11 map_eff_cores=1.91 merge_eff_cores=0.47
event=kink_round H=19 col=0 round=stage15 frontier_in=32768 map_wall_s=0.013 map_cpu_s=0.077 merge_wall_s=0.017 merge_cpu_s=0.075 map_units=18 merge_ranges=18 map_eff_cores=5.83 merge_eff_cores=4.51
event=kink_round H=19 col=0 round=stage16 frontier_in=65536 map_wall_s=0.062 map_cpu_s=0.335 merge_wall_s=0.040 merge_cpu_s=0.429 map_units=168 merge_ranges=80 map_eff_cores=5.39 merge_eff_cores=10.65
event=kink_round H=19 col=0 round=stage17 frontier_in=131072 map_wall_s=0.071 map_cpu_s=0.827 merge_wall_s=0.063 merge_cpu_s=0.723 map_units=173 merge_ranges=80 map_eff_cores=11.57 merge_eff_cores=11.49
event=kink_round H=19 col=0 round=stage18 frontier_in=262144 map_wall_s=0.069 map_cpu_s=1.498 merge_wall_s=0.060 merge_cpu_s=1.155 map_units=235 merge_ranges=80 map_eff_cores=21.57 merge_eff_cores=19.22
event=kink_round H=19 col=0 round=finalize frontier_in=524288 map_wall_s=0.048 map_cpu_s=1.621 merge_wall_s=0.065 merge_cpu_s=1.341 map_units=256 merge_ranges=80 map_eff_cores=33.95 merge_eff_cores=20.57
event=column H=19 col=0 frontier_in=1 frontier_out=262655 wall_s=0.69 cum_wall_s=0.7 cpu_s=8.2 rss_max_mb=49.1 map_wall_s=0.32 map_cpu_s=4.4 merge_wall_s=0.35 merge_cpu_s=3.8 map_units=883 merge_ranges=370 eff_cores=11.82
event=kink_round H=19 col=1 round=seed frontier_in=262655 map_wall_s=0.025 map_cpu_s=0.815 merge_wall_s=0.000 merge_cpu_s=0.000 map_units=129 merge_ranges=0 map_eff_cores=32.94 merge_eff_cores=0.00
event=kink_round H=19 col=1 round=stage0 frontier_in=262655 map_wall_s=0.125 map_cpu_s=1.980 merge_wall_s=0.072 merge_cpu_s=1.560 map_units=224 merge_ranges=80 map_eff_cores=15.85 merge_eff_cores=21.62
event=kink_round H=19 col=1 round=stage1 frontier_in=525310 map_wall_s=0.066 map_cpu_s=2.642 merge_wall_s=0.080 merge_cpu_s=1.813 map_units=268 merge_ranges=80 map_eff_cores=39.75 merge_eff_cores=22.78
event=kink_round H=19 col=1 round=stage2 frontier_in=869756 map_wall_s=0.100 map_cpu_s=4.263 merge_wall_s=0.114 merge_cpu_s=2.568 map_units=444 merge_ranges=80 map_eff_cores=42.66 merge_eff_cores=22.62
event=kink_round H=19 col=1 round=stage3 frontier_in=1156728 map_wall_s=0.125 map_cpu_s=5.888 merge_wall_s=0.164 merge_cpu_s=3.578 map_units=571 merge_ranges=80 map_eff_cores=47.17 merge_eff_cores=21.82
event=kink_round H=19 col=1 round=stage4 frontier_in=1461200 map_wall_s=0.127 map_cpu_s=6.152 merge_wall_s=0.167 merge_cpu_s=3.920 map_units=651 merge_ranges=80 map_eff_cores=48.33 merge_eff_cores=23.40
event=kink_round H=19 col=1 round=stage5 frontier_in=1795424 map_wall_s=0.138 map_cpu_s=6.811 merge_wall_s=0.171 merge_cpu_s=4.128 map_units=667 merge_ranges=80 map_eff_cores=49.29 merge_eff_cores=24.16
event=kink_round H=19 col=1 round=stage6 frontier_in=2184568 map_wall_s=0.131 map_cpu_s=7.517 merge_wall_s=0.188 merge_cpu_s=4.284 map_units=670 merge_ranges=80 map_eff_cores=57.38 merge_eff_cores=22.80
event=kink_round H=19 col=1 round=stage7 frontier_in=2646072 map_wall_s=0.151 map_cpu_s=8.181 merge_wall_s=0.208 merge_cpu_s=4.799 map_units=660 merge_ranges=80 map_eff_cores=54.15 merge_eff_cores=23.08
event=kink_round H=19 col=1 round=stage8 frontier_in=3198922 map_wall_s=0.170 map_cpu_s=9.701 merge_wall_s=0.277 merge_cpu_s=5.512 map_units=657 merge_ranges=80 map_eff_cores=57.02 merge_eff_cores=19.92
event=kink_round H=19 col=1 round=stage9 frontier_in=3863908 map_wall_s=0.243 map_cpu_s=11.598 merge_wall_s=0.334 merge_cpu_s=6.587 map_units=681 merge_ranges=80 map_eff_cores=47.76 merge_eff_cores=19.74
event=kink_round H=19 col=1 round=stage10 frontier_in=4665453 map_wall_s=0.278 map_cpu_s=14.945 merge_wall_s=0.371 merge_cpu_s=7.672 map_units=722 merge_ranges=80 map_eff_cores=53.66 merge_eff_cores=20.66
event=kink_round H=19 col=1 round=stage11 frontier_in=5631597 map_wall_s=0.321 map_cpu_s=20.703 merge_wall_s=0.447 merge_cpu_s=9.006 map_units=666 merge_ranges=80 map_eff_cores=64.48 merge_eff_cores=20.13
event=kink_round H=19 col=1 round=stage12 frontier_in=6800784 map_wall_s=0.427 map_cpu_s=25.545 merge_wall_s=0.527 merge_cpu_s=11.072 map_units=706 merge_ranges=80 map_eff_cores=59.77 merge_eff_cores=21.00
event=kink_round H=19 col=1 round=stage13 frontier_in=8218135 map_wall_s=0.537 map_cpu_s=32.910 merge_wall_s=0.642 merge_cpu_s=13.322 map_units=694 merge_ranges=80 map_eff_cores=61.25 merge_eff_cores=20.74
event=kink_round H=19 col=1 round=stage14 frontier_in=9942375 map_wall_s=0.663 map_cpu_s=40.520 merge_wall_s=0.750 merge_cpu_s=16.563 map_units=697 merge_ranges=80 map_eff_cores=61.14 merge_eff_cores=22.08
event=kink_round H=19 col=1 round=stage15 frontier_in=12055674 map_wall_s=0.880 map_cpu_s=56.842 merge_wall_s=0.858 merge_cpu_s=20.514 map_units=713 merge_ranges=80 map_eff_cores=64.60 merge_eff_cores=23.92
event=kink_round H=19 col=1 round=stage16 frontier_in=14683564 map_wall_s=1.073 map_cpu_s=71.240 merge_wall_s=1.255 merge_cpu_s=25.631 map_units=655 merge_ranges=80 map_eff_cores=66.42 merge_eff_cores=20.43
event=kink_round H=19 col=1 round=stage17 frontier_in=18041231 map_wall_s=1.312 map_cpu_s=88.732 merge_wall_s=1.353 merge_cpu_s=32.687 map_units=662 merge_ranges=80 map_eff_cores=67.65 merge_eff_cores=24.16
event=heartbeat H=19 col=1 elapsed_s=17 processed=10977280 rate_per_s=633727 steals=403
event=kink_round H=19 col=1 round=stage18 frontier_in=22543583 map_wall_s=1.734 map_cpu_s=123.415 merge_wall_s=1.875 merge_cpu_s=43.268 map_units=672 merge_ranges=80 map_eff_cores=71.16 merge_eff_cores=23.07
event=kink_round H=19 col=1 round=finalize frontier_in=29043071 map_wall_s=1.870 map_cpu_s=121.691 merge_wall_s=1.476 merge_cpu_s=31.951 map_units=640 merge_ranges=80 map_eff_cores=65.09 merge_eff_cores=21.64
event=column H=19 col=1 frontier_in=262655 frontier_out=11313826 wall_s=26.38 cum_wall_s=27.1 cpu_s=912.5 rss_max_mb=55.8 map_wall_s=10.50 map_cpu_s=662.1 merge_wall_s=11.33 merge_cpu_s=250.4 map_units=12449 merge_ranges=1600 eff_cores=34.59
event=kink_round H=19 col=2 round=seed frontier_in=11313826 map_wall_s=0.628 map_cpu_s=39.967 merge_wall_s=0.000 merge_cpu_s=0.000 map_units=640 merge_ranges=0 map_eff_cores=63.68 merge_eff_cores=0.00
event=kink_round H=19 col=2 round=stage0 frontier_in=11313826 map_wall_s=1.173 map_cpu_s=85.586 merge_wall_s=1.341 merge_cpu_s=30.978 map_units=640 merge_ranges=80 map_eff_cores=72.98 merge_eff_cores=23.10
event=kink_round H=19 col=2 round=stage1 frontier_in=17942993 map_wall_s=1.573 map_cpu_s=108.378 merge_wall_s=2.343 merge_cpu_s=49.906 map_units=649 merge_ranges=80 map_eff_cores=68.90 merge_eff_cores=21.30
event=heartbeat H=19 col=2 elapsed_s=17 processed=1974272 rate_per_s=113981 steals=56
event=kink_round H=19 col=2 round=stage2 frontier_in=29842157 map_wall_s=2.700 map_cpu_s=191.623 merge_wall_s=9.120 merge_cpu_s=95.086 map_units=643 merge_ranges=261 map_eff_cores=70.98 merge_eff_cores=10.43
event=heartbeat H=19 col=2 elapsed_s=35 processed=2633728 rate_per_s=76028 steals=133
event=kink_round H=19 col=2 round=stage3 frontier_in=36583913 map_wall_s=3.465 map_cpu_s=242.828 merge_wall_s=15.899 merge_cpu_s=145.193 map_units=646 merge_ranges=233 map_eff_cores=70.09 merge_eff_cores=9.13
event=heartbeat H=19 col=2 elapsed_s=52 processed=3311616 rate_per_s=63732 steals=155
event=kink_round H=19 col=2 round=stage4 frontier_in=40499044 map_wall_s=5.748 map_cpu_s=239.663 merge_wall_s=19.139 merge_cpu_s=226.715 map_units=673 merge_ranges=277 map_eff_cores=41.69 merge_eff_cores=11.85
event=heartbeat H=19 col=2 elapsed_s=69 processed=3557376 rate_per_s=51346 steals=215
event=heartbeat H=19 col=2 elapsed_s=87 processed=3966976 rate_per_s=45806 steals=215
event=kink_round H=19 col=2 round=stage5 frontier_in=43159694 map_wall_s=10.367 map_cpu_s=268.332 merge_wall_s=17.095 merge_cpu_s=241.435 map_units=640 merge_ranges=208 map_eff_cores=25.88 merge_eff_cores=14.12
event=heartbeat H=19 col=2 elapsed_s=104 processed=4542464 rate_per_s=43710 steals=271
event=heartbeat H=19 col=2 elapsed_s=121 processed=4622336 rate_per_s=38124 steals=271
event=kink_round H=19 col=2 round=stage6 frontier_in=45791130 map_wall_s=13.145 map_cpu_s=271.519 merge_wall_s=19.213 merge_cpu_s=265.054 map_units=640 merge_ranges=201 map_eff_cores=20.66 merge_eff_cores=13.80
event=heartbeat H=19 col=2 elapsed_s=139 processed=5113856 rate_per_s=36906 steals=323
event=heartbeat H=19 col=2 elapsed_s=156 processed=5277696 rate_per_s=33856 steals=323
event=kink_round H=19 col=2 round=stage7 frontier_in=48798069 map_wall_s=15.360 map_cpu_s=279.698 merge_wall_s=19.462 merge_cpu_s=283.397 map_units=640 merge_ranges=197 map_eff_cores=18.21 merge_eff_cores=14.56
event=heartbeat H=19 col=2 elapsed_s=173 processed=5628928 rate_per_s=32498 steals=374
event=heartbeat H=19 col=2 elapsed_s=191 processed=5933056 rate_per_s=31140 steals=374
event=kink_round H=19 col=2 round=stage8 frontier_in=52271076 map_wall_s=18.349 map_cpu_s=285.482 merge_wall_s=22.752 merge_cpu_s=314.082 map_units=640 merge_ranges=231 map_eff_cores=15.56 merge_eff_cores=13.80
event=heartbeat H=19 col=2 elapsed_s=208 processed=5933056 rate_per_s=28545 steals=432
event=heartbeat H=19 col=2 elapsed_s=225 processed=6568960 rate_per_s=29174 steals=432
event=heartbeat H=19 col=2 elapsed_s=242 processed=6588416 rate_per_s=27170 steals=432
event=kink_round H=19 col=2 round=stage9 frontier_in=56216303 map_wall_s=19.217 map_cpu_s=319.863 merge_wall_s=24.950 merge_cpu_s=339.931 map_units=640 merge_ranges=213 map_eff_cores=16.64 merge_eff_cores=13.62
event=heartbeat H=19 col=2 elapsed_s=260 processed=6917120 rate_per_s=26624 steals=490
event=heartbeat H=19 col=2 elapsed_s=277 processed=7243776 rate_per_s=26139 steals=490
event=heartbeat H=19 col=2 elapsed_s=294 processed=7243776 rate_per_s=24601 steals=492
event=kink_round H=19 col=2 round=stage10 frontier_in=60628117 map_wall_s=18.786 map_cpu_s=349.384 merge_wall_s=28.457 merge_cpu_s=372.693 map_units=640 merge_ranges=222 map_eff_cores=18.60 merge_eff_cores=13.10
event=heartbeat H=19 col=2 elapsed_s=312 processed=7571456 rate_per_s=24285 steals=540
event=heartbeat H=19 col=2 elapsed_s=329 processed=7899136 rate_per_s=24003 steals=540
event=heartbeat H=19 col=2 elapsed_s=346 processed=7899136 rate_per_s=22803 steals=540
event=kink_round H=19 col=2 round=stage11 frontier_in=65509006 map_wall_s=23.267 map_cpu_s=379.698 merge_wall_s=31.259 merge_cpu_s=403.033 map_units=640 merge_ranges=188 map_eff_cores=16.32 merge_eff_cores=12.89
event=heartbeat H=19 col=2 elapsed_s=364 processed=8069120 rate_per_s=22184 steals=602
event=heartbeat H=19 col=2 elapsed_s=381 processed=8536064 rate_per_s=22401 steals=602
event=heartbeat H=19 col=2 elapsed_s=398 processed=8554496 rate_per_s=21474 steals=602
event=heartbeat H=19 col=2 elapsed_s=416 processed=8554496 rate_per_s=20579 steals=665
event=kink_round H=19 col=2 round=stage12 frontier_in=70876986 map_wall_s=24.390 map_cpu_s=405.766 merge_wall_s=31.915 merge_cpu_s=434.577 map_units=640 merge_ranges=184 map_eff_cores=16.64 merge_eff_cores=13.62
event=heartbeat H=19 col=2 elapsed_s=433 processed=8964096 rate_per_s=20702 steals=665
event=heartbeat H=19 col=2 elapsed_s=450 processed=9209856 rate_per_s=20451 steals=665
event=heartbeat H=19 col=2 elapsed_s=468 processed=9209856 rate_per_s=19694 steals=665
event=heartbeat H=19 col=2 elapsed_s=485 processed=9209856 rate_per_s=18990 steals=709
event=kink_round H=19 col=2 round=stage13 frontier_in=76728441 map_wall_s=30.152 map_cpu_s=435.496 merge_wall_s=34.994 merge_cpu_s=475.950 map_units=640 merge_ranges=194 map_eff_cores=14.44 merge_eff_cores=13.60
event=heartbeat H=19 col=2 elapsed_s=502 processed=9683968 rate_per_s=19279 steals=709
event=heartbeat H=19 col=2 elapsed_s=520 processed=9865216 rate_per_s=18986 steals=709
event=heartbeat H=19 col=2 elapsed_s=537 processed=9865216 rate_per_s=18373 steals=709
event=heartbeat H=19 col=2 elapsed_s=554 processed=9865216 rate_per_s=17799 steals=757
event=kink_round H=19 col=2 round=stage14 frontier_in=83074313 map_wall_s=29.994 map_cpu_s=458.914 merge_wall_s=37.710 merge_cpu_s=512.585 map_units=640 merge_ranges=172 map_eff_cores=15.30 merge_eff_cores=13.59
event=heartbeat H=19 col=2 elapsed_s=572 processed=10254336 rate_per_s=17940 steals=757
event=heartbeat H=19 col=2 elapsed_s=589 processed=10520576 rate_per_s=17865 steals=757
event=heartbeat H=19 col=2 elapsed_s=606 processed=10520576 rate_per_s=17354 steals=757
event=heartbeat H=19 col=2 elapsed_s=624 processed=10520576 rate_per_s=16872 steals=757
event=kink_round H=19 col=2 round=stage15 frontier_in=89870407 map_wall_s=35.788 map_cpu_s=512.779 merge_wall_s=40.452 merge_cpu_s=553.489 map_units=640 merge_ranges=226 map_eff_cores=14.33 merge_eff_cores=13.68
event=heartbeat H=19 col=2 elapsed_s=641 processed=10699776 rate_per_s=16696 steals=816
event=heartbeat H=19 col=2 elapsed_s=658 processed=11013120 rate_per_s=16733 steals=816
event=heartbeat H=19 col=2 elapsed_s=676 processed=11175936 rate_per_s=16545 steals=816
event=heartbeat H=19 col=2 elapsed_s=693 processed=11175936 rate_per_s=16131 steals=816
event=heartbeat H=19 col=2 elapsed_s=710 processed=11175936 rate_per_s=15738 steals=820
event=kink_round H=19 col=2 round=stage16 frontier_in=97025001 map_wall_s=38.726 map_cpu_s=533.924 merge_wall_s=41.496 merge_cpu_s=571.786 map_units=640 merge_ranges=153 map_eff_cores=13.79 merge_eff_cores=13.78
event=heartbeat H=19 col=2 elapsed_s=727 processed=11421696 rate_per_s=15701 steals=875
event=heartbeat H=19 col=2 elapsed_s=745 processed=11668480 rate_per_s=15667 steals=875
event=heartbeat H=19 col=2 elapsed_s=762 processed=11831296 rate_per_s=15525 steals=875
event=heartbeat H=19 col=2 elapsed_s=779 processed=11831296 rate_per_s=15180 steals=875
event=heartbeat H=19 col=2 elapsed_s=797 processed=11831296 rate_per_s=14850 steals=875
event=kink_round H=19 col=2 round=stage17 frontier_in=103300010 map_wall_s=41.793 map_cpu_s=570.672 merge_wall_s=48.628 merge_cpu_s=617.825 map_units=640 merge_ranges=170 map_eff_cores=13.65 merge_eff_cores=12.71
event=heartbeat H=19 col=2 elapsed_s=814 processed=11831296 rate_per_s=14534 steals=924
event=heartbeat H=19 col=2 elapsed_s=831 processed=12168192 rate_per_s=14636 steals=924
event=heartbeat H=19 col=2 elapsed_s=849 processed=12401664 rate_per_s=14612 steals=924
event=heartbeat H=19 col=2 elapsed_s=866 processed=12486656 rate_per_s=14418 steals=924
event=heartbeat H=19 col=2 elapsed_s=883 processed=12486656 rate_per_s=14136 steals=924
event=heartbeat H=19 col=2 elapsed_s=901 processed=12486656 rate_per_s=13864 steals=925
event=kink_round H=19 col=2 round=stage18 frontier_in=110970407 map_wall_s=47.343 map_cpu_s=573.084 merge_wall_s=47.644 merge_cpu_s=595.403 map_units=640 merge_ranges=306 map_eff_cores=12.10 merge_eff_cores=12.50
event=heartbeat H=19 col=2 elapsed_s=918 processed=12486656 rate_per_s=13602 steals=966
event=heartbeat H=19 col=2 elapsed_s=935 processed=12486656 rate_per_s=13350 steals=966
event=heartbeat H=19 col=2 elapsed_s=953 processed=12486656 rate_per_s=13107 steals=1006
event=kink_round H=19 col=2 round=finalize frontier_in=108675168 map_wall_s=17.900 map_cpu_s=534.932 merge_wall_s=21.984 merge_cpu_s=285.663 map_units=640 merge_ranges=197 map_eff_cores=29.88 merge_eff_cores=12.99
event=column H=19 col=2 frontier_in=11313826 frontier_out=30211995 wall_s=956.96 cum_wall_s=984.0 cpu_s=13902.4 rss_max_mb=203.0 map_wall_s=399.87 map_cpu_s=7087.6 merge_wall_s=515.85 merge_cpu_s=6814.8 map_units=13491 merge_ranges=3993 eff_cores=14.53
event=kink_round H=19 col=3 round=seed frontier_in=30211995 map_wall_s=6.125 map_cpu_s=140.965 merge_wall_s=0.000 merge_cpu_s=0.000 map_units=640 merge_ranges=0 map_eff_cores=23.01 merge_eff_cores=0.00
event=heartbeat H=19 col=3 elapsed_s=17 processed=409600 rate_per_s=23647 steals=0
event=heartbeat H=19 col=3 elapsed_s=35 processed=655360 rate_per_s=18918 steals=0
event=heartbeat H=19 col=3 elapsed_s=52 processed=655360 rate_per_s=12612 steals=38
event=kink_round H=19 col=3 round=stage0 frontier_in=30211995 map_wall_s=22.636 map_cpu_s=238.711 merge_wall_s=25.723 merge_cpu_s=288.428 map_units=640 merge_ranges=145 map_eff_cores=10.55 merge_eff_cores=11.21
event=heartbeat H=19 col=3 elapsed_s=69 processed=983040 rate_per_s=14189 steals=38
event=heartbeat H=19 col=3 elapsed_s=87 processed=1240064 rate_per_s=14319 steals=38
event=heartbeat H=19 col=3 elapsed_s=104 processed=1310720 rate_per_s=12612 steals=38
event=heartbeat H=19 col=3 elapsed_s=121 processed=1310720 rate_per_s=10811 steals=39
event=kink_round H=19 col=3 round=stage1 frontier_in=48341692 map_wall_s=38.958 map_cpu_s=353.438 merge_wall_s=39.844 merge_cpu_s=465.455 map_units=640 merge_ranges=271 map_eff_cores=9.07 merge_eff_cores=11.68
event=heartbeat H=19 col=3 elapsed_s=139 processed=1474560 rate_per_s=10642 steals=94
event=heartbeat H=19 col=3 elapsed_s=156 processed=1689600 rate_per_s=10839 steals=94
event=heartbeat H=19 col=3 elapsed_s=173 processed=1928192 rate_per_s=11132 steals=94
event=heartbeat H=19 col=3 elapsed_s=191 processed=1966080 rate_per_s=10319 steals=94
event=heartbeat H=19 col=3 elapsed_s=208 processed=1966080 rate_per_s=9459 steals=100
event=heartbeat H=19 col=3 elapsed_s=225 processed=1966080 rate_per_s=8732 steals=170
event=kink_round H=19 col=3 round=stage2 frontier_in=79015476 map_wall_s=43.887 map_cpu_s=498.522 merge_wall_s=45.655 merge_cpu_s=555.948 map_units=640 merge_ranges=402 map_eff_cores=11.36 merge_eff_cores=12.18
event=heartbeat H=19 col=3 elapsed_s=242 processed=2302976 rate_per_s=9497 steals=170
event=heartbeat H=19 col=3 elapsed_s=260 processed=2505728 rate_per_s=9645 steals=170
event=heartbeat H=19 col=3 elapsed_s=277 processed=2621440 rate_per_s=9459 steals=170
event=heartbeat H=19 col=3 elapsed_s=294 processed=2621440 rate_per_s=8903 steals=170
event=heartbeat H=19 col=3 elapsed_s=312 processed=2621440 rate_per_s=8408 steals=244
event=kink_round H=19 col=3 round=stage3 frontier_in=94088035 map_wall_s=43.445 map_cpu_s=577.708 merge_wall_s=47.561 merge_cpu_s=593.466 map_units=640 merge_ranges=327 map_eff_cores=13.30 merge_eff_cores=12.48
event=heartbeat H=19 col=3 elapsed_s=329 processed=2874368 rate_per_s=8734 steals=246
event=heartbeat H=19 col=3 elapsed_s=346 processed=3075072 rate_per_s=8877 steals=246
event=heartbeat H=19 col=3 elapsed_s=364 processed=3259392 rate_per_s=8961 steals=246
event=heartbeat H=19 col=3 elapsed_s=381 processed=3276800 rate_per_s=8599 steals=246
event=heartbeat H=19 col=3 elapsed_s=398 processed=3276800 rate_per_s=8225 steals=246
event=heartbeat H=19 col=3 elapsed_s=416 processed=3276800 rate_per_s=7883 steals=310
event=kink_round H=19 col=3 round=stage4 frontier_in=102521503 map_wall_s=47.782 map_cpu_s=618.403 merge_wall_s=47.662 merge_cpu_s=607.663 map_units=640 merge_ranges=352 map_eff_cores=12.94 merge_eff_cores=12.75
event=heartbeat H=19 col=3 elapsed_s=433 processed=3600384 rate_per_s=8315 steals=310
event=heartbeat H=19 col=3 elapsed_s=450 processed=3796992 rate_per_s=8432 steals=310
event=heartbeat H=19 col=3 elapsed_s=468 processed=3932160 rate_per_s=8408 steals=310
event=heartbeat H=19 col=3 elapsed_s=485 processed=3932160 rate_per_s=8108 steals=310
event=heartbeat H=19 col=3 elapsed_s=502 processed=3932160 rate_per_s=7828 steals=311
event=kink_round H=19 col=3 round=stage5 frontier_in=106703999 map_wall_s=47.592 map_cpu_s=632.417 merge_wall_s=47.486 merge_cpu_s=616.689 map_units=640 merge_ranges=256 map_eff_cores=13.29 merge_eff_cores=12.99
event=heartbeat H=19 col=3 elapsed_s=520 processed=4084736 rate_per_s=7861 steals=372
event=heartbeat H=19 col=3 elapsed_s=537 processed=4380672 rate_per_s=8159 steals=372
event=heartbeat H=19 col=3 elapsed_s=554 processed=4587520 rate_per_s=8277 steals=372
event=heartbeat H=19 col=3 elapsed_s=572 processed=4587520 rate_per_s=8026 steals=372
event=heartbeat H=19 col=3 elapsed_s=589 processed=4587520 rate_per_s=7790 steals=372
event=kink_round H=19 col=3 round=stage6 frontier_in=109499938 map_wall_s=42.808 map_cpu_s=645.073 merge_wall_s=46.076 merge_cpu_s=617.728 map_units=640 merge_ranges=459 map_eff_cores=15.07 merge_eff_cores=13.41
event=heartbeat H=19 col=3 elapsed_s=606 processed=4587520 rate_per_s=7567 steals=434
event=heartbeat H=19 col=3 elapsed_s=624 processed=4912128 rate_per_s=7878 steals=434
event=heartbeat H=19 col=3 elapsed_s=641 processed=5107712 rate_per_s=7970 steals=434
event=heartbeat H=19 col=3 elapsed_s=658 processed=5242880 rate_per_s=7966 steals=434
event=heartbeat H=19 col=3 elapsed_s=676 processed=5242880 rate_per_s=7761 steals=434
event=heartbeat H=19 col=3 elapsed_s=693 processed=5242880 rate_per_s=7567 steals=434
event=kink_round H=19 col=3 round=stage7 frontier_in=112172436 map_wall_s=50.319 map_cpu_s=646.807 merge_wall_s=50.652 merge_cpu_s=631.193 map_units=640 merge_ranges=297 map_eff_cores=12.85 merge_eff_cores=12.46
event=heartbeat H=19 col=3 elapsed_s=710 processed=5242880 rate_per_s=7383 steals=490
event=heartbeat H=19 col=3 elapsed_s=727 processed=5568512 rate_per_s=7655 steals=490
event=heartbeat H=19 col=3 elapsed_s=745 processed=5760000 rate_per_s=7734 steals=490
event=heartbeat H=19 col=3 elapsed_s=762 processed=5898240 rate_per_s=7739 steals=490
event=heartbeat H=19 col=3 elapsed_s=779 processed=5898240 rate_per_s=7567 steals=490
event=heartbeat H=19 col=3 elapsed_s=797 processed=5898240 rate_per_s=7403 steals=490
event=kink_round H=19 col=3 round=stage8 frontier_in=115177099 map_wall_s=50.134 map_cpu_s=631.391 merge_wall_s=50.753 merge_cpu_s=652.643 map_units=640 merge_ranges=360 map_eff_cores=12.59 merge_eff_cores=12.86
event=heartbeat H=19 col=3 elapsed_s=814 processed=5898240 rate_per_s=7245 steals=552
event=heartbeat H=19 col=3 elapsed_s=831 processed=6227968 rate_per_s=7491 steals=552
event=heartbeat H=19 col=3 elapsed_s=849 processed=6407168 rate_per_s=7549 steals=552
event=heartbeat H=19 col=3 elapsed_s=866 processed=6553600 rate_per_s=7567 steals=552
event=heartbeat H=19 col=3 elapsed_s=883 processed=6553600 rate_per_s=7419 steals=552
event=heartbeat H=19 col=3 elapsed_s=901 processed=6553600 rate_per_s=7276 steals=552
event=heartbeat H=19 col=3 elapsed_s=918 processed=6553600 rate_per_s=7139 steals=602
event=kink_round H=19 col=3 round=stage9 frontier_in=118606849 map_wall_s=53.269 map_cpu_s=629.696 merge_wall_s=56.815 merge_cpu_s=666.499 map_units=640 merge_ranges=349 map_eff_cores=11.82 merge_eff_cores=11.73
event=heartbeat H=19 col=3 elapsed_s=935 processed=6835200 rate_per_s=7308 steals=603
event=heartbeat H=19 col=3 elapsed_s=953 processed=7043072 rate_per_s=7393 steals=603
event=heartbeat H=19 col=3 elapsed_s=970 processed=7208960 rate_per_s=7432 steals=603
event=heartbeat H=19 col=3 elapsed_s=987 processed=7208960 rate_per_s=7302 steals=603
event=heartbeat H=19 col=3 elapsed_s=1005 processed=7208960 rate_per_s=7176 steals=603
event=heartbeat H=19 col=3 elapsed_s=1022 processed=7208960 rate_per_s=7054 steals=662
event=kink_round H=19 col=3 round=stage10 frontier_in=122455032 map_wall_s=46.455 map_cpu_s=681.909 merge_wall_s=53.250 merge_cpu_s=684.671 map_units=640 merge_ranges=278 map_eff_cores=14.68 merge_eff_cores=12.86
event=heartbeat H=19 col=3 elapsed_s=1039 processed=7526400 rate_per_s=7242 steals=662
event=heartbeat H=19 col=3 elapsed_s=1057 processed=7753728 rate_per_s=7339 steals=662
event=heartbeat H=19 col=3 elapsed_s=1074 processed=7864320 rate_per_s=7323 steals=662
event=heartbeat H=19 col=3 elapsed_s=1091 processed=7864320 rate_per_s=7207 steals=662
event=heartbeat H=19 col=3 elapsed_s=1109 processed=7864320 rate_per_s=7094 steals=662
event=kink_round H=19 col=3 round=stage11 frontier_in=126656442 map_wall_s=43.253 map_cpu_s=678.494 merge_wall_s=53.279 merge_cpu_s=715.812 map_units=640 merge_ranges=466 map_eff_cores=15.69 merge_eff_cores=13.44
event=heartbeat H=19 col=3 elapsed_s=1126 processed=7864320 rate_per_s=6985 steals=728
event=heartbeat H=19 col=3 elapsed_s=1143 processed=8185856 rate_per_s=7161 steals=728
event=heartbeat H=19 col=3 elapsed_s=1160 processed=8370176 rate_per_s=7213 steals=728
event=heartbeat H=19 col=3 elapsed_s=1178 processed=8519680 rate_per_s=7234 steals=728
event=heartbeat H=19 col=3 elapsed_s=1195 processed=8519680 rate_per_s=7129 steals=728
event=heartbeat H=19 col=3 elapsed_s=1212 processed=8519680 rate_per_s=7027 steals=728
event=heartbeat H=19 col=3 elapsed_s=1230 processed=8519680 rate_per_s=6928 steals=795
event=kink_round H=19 col=3 round=stage12 frontier_in=131151082 map_wall_s=51.667 map_cpu_s=701.468 merge_wall_s=57.705 merge_cpu_s=723.287 map_units=640 merge_ranges=489 map_eff_cores=13.58 merge_eff_cores=12.53
event=heartbeat H=19 col=3 elapsed_s=1247 processed=8805376 rate_per_s=7061 steals=795
event=heartbeat H=19 col=3 elapsed_s=1264 processed=9012224 rate_per_s=7128 steals=795
event=heartbeat H=19 col=3 elapsed_s=1282 processed=9175040 rate_per_s=7158 steals=795
event=heartbeat H=19 col=3 elapsed_s=1299 processed=9175040 rate_per_s=7063 steals=795
event=heartbeat H=19 col=3 elapsed_s=1316 processed=9175040 rate_per_s=6970 steals=795
event=heartbeat H=19 col=3 elapsed_s=1334 processed=9175040 rate_per_s=6879 steals=799
event=kink_round H=19 col=3 round=stage13 frontier_in=135794976 map_wall_s=49.146 map_cpu_s=717.294 merge_wall_s=58.186 merge_cpu_s=730.158 map_units=640 merge_ranges=447 map_eff_cores=14.60 merge_eff_cores=12.55
event=heartbeat H=19 col=3 elapsed_s=1351 processed=9337856 rate_per_s=6912 steals=858
event=heartbeat H=19 col=3 elapsed_s=1368 processed=9555968 rate_per_s=6984 steals=858
event=heartbeat H=19 col=3 elapsed_s=1386 processed=9747456 rate_per_s=7035 steals=858
event=heartbeat H=19 col=3 elapsed_s=1403 processed=9830400 rate_per_s=7007 steals=858
event=heartbeat H=19 col=3 elapsed_s=1420 processed=9830400 rate_per_s=6921 steals=858
event=heartbeat H=19 col=3 elapsed_s=1438 processed=9830400 rate_per_s=6838 steals=858
event=heartbeat H=19 col=3 elapsed_s=1455 processed=9830400 rate_per_s=6757 steals=921
event=kink_round H=19 col=3 round=stage14 frontier_in=140413006 map_wall_s=54.970 map_cpu_s=704.933 merge_wall_s=61.151 merge_cpu_s=739.038 map_units=640 merge_ranges=390 map_eff_cores=12.82 merge_eff_cores=12.09
event=heartbeat H=19 col=3 elapsed_s=1472 processed=10071040 rate_per_s=6841 steals=923
event=heartbeat H=19 col=3 elapsed_s=1490 processed=10236928 rate_per_s=6872 steals=923
event=heartbeat H=19 col=3 elapsed_s=1507 processed=10400768 rate_per_s=6902 steals=923
event=heartbeat H=19 col=3 elapsed_s=1524 processed=10485760 rate_per_s=6879 steals=923
event=heartbeat H=19 col=3 elapsed_s=1542 processed=10485760 rate_per_s=6802 steals=923
event=heartbeat H=19 col=3 elapsed_s=1559 processed=10485760 rate_per_s=6727 steals=923
event=heartbeat H=19 col=3 elapsed_s=1576 processed=10485760 rate_per_s=6653 steals=929
event=kink_round H=19 col=3 round=stage15 frontier_in=144631290 map_wall_s=59.773 map_cpu_s=719.361 merge_wall_s=63.868 merge_cpu_s=765.221 map_units=640 merge_ranges=495 map_eff_cores=12.03 merge_eff_cores=11.98
event=heartbeat H=19 col=3 elapsed_s=1593 processed=10648576 rate_per_s=6683 steals=985
event=heartbeat H=19 col=3 elapsed_s=1611 processed=10832896 rate_per_s=6725 steals=985
event=heartbeat H=19 col=3 elapsed_s=1628 processed=11011072 rate_per_s=6763 steals=985
event=heartbeat H=19 col=3 elapsed_s=1645 processed=11141120 rate_per_s=6771 steals=985
event=heartbeat H=19 col=3 elapsed_s=1663 processed=11141120 rate_per_s=6700 steals=985
event=heartbeat H=19 col=3 elapsed_s=1680 processed=11141120 rate_per_s=6631 steals=985
event=heartbeat H=19 col=3 elapsed_s=1697 processed=11141120 rate_per_s=6564 steals=1044
event=kink_round H=19 col=3 round=stage16 frontier_in=148064616 map_wall_s=57.253 map_cpu_s=723.676 merge_wall_s=58.045 merge_cpu_s=760.710 map_units=640 merge_ranges=309 map_eff_cores=12.64 merge_eff_cores=13.11
event=heartbeat H=19 col=3 elapsed_s=1715 processed=11389952 rate_per_s=6642 steals=1044
event=heartbeat H=19 col=3 elapsed_s=1732 processed=11629568 rate_per_s=6714 steals=1044
event=heartbeat H=19 col=3 elapsed_s=1749 processed=11796480 rate_per_s=6743 steals=1044
event=heartbeat H=19 col=3 elapsed_s=1767 processed=11796480 rate_per_s=6677 steals=1044
event=heartbeat H=19 col=3 elapsed_s=1784 processed=11796480 rate_per_s=6612 steals=1044
event=heartbeat H=19 col=3 elapsed_s=1801 processed=11796480 rate_per_s=6549 steals=1044
event=kink_round H=19 col=3 round=stage17 frontier_in=148486698 map_wall_s=48.638 map_cpu_s=738.124 merge_wall_s=60.755 merge_cpu_s=765.002 map_units=640 merge_ranges=474 map_eff_cores=15.18 merge_eff_cores=12.59
event=heartbeat H=19 col=3 elapsed_s=1819 processed=11878400 rate_per_s=6531 steals=1111
event=heartbeat H=19 col=3 elapsed_s=1836 processed=12123136 rate_per_s=6603 steals=1111
event=heartbeat H=19 col=3 elapsed_s=1853 processed=12289024 rate_per_s=6631 steals=1111
event=heartbeat H=19 col=3 elapsed_s=1871 processed=12451840 rate_per_s=6657 steals=1111
event=heartbeat H=19 col=3 elapsed_s=1888 processed=12451840 rate_per_s=6595 steals=1111
event=heartbeat H=19 col=3 elapsed_s=1905 processed=12451840 rate_per_s=6536 steals=1111
event=heartbeat H=19 col=3 elapsed_s=1923 processed=12451840 rate_per_s=6477 steals=1137
event=kink_round H=19 col=3 round=stage18 frontier_in=150936517 map_wall_s=57.018 map_cpu_s=715.085 merge_wall_s=58.750 merge_cpu_s=767.543 map_units=640 merge_ranges=517 map_eff_cores=12.54 merge_eff_cores=13.06
event=heartbeat H=19 col=3 elapsed_s=1940 processed=12451840 rate_per_s=6419 steals=1175
event=heartbeat H=19 col=3 elapsed_s=1957 processed=12451840 rate_per_s=6362 steals=1175
event=heartbeat H=19 col=3 elapsed_s=1975 processed=12451840 rate_per_s=6306 steals=1227
event=kink_round H=19 col=3 round=finalize frontier_in=150886625 map_wall_s=24.180 map_cpu_s=668.196 merge_wall_s=18.351 merge_cpu_s=354.945 map_units=640 merge_ranges=271 map_eff_cores=27.63 merge_eff_cores=19.34
event=column H=19 col=3 frontier_in=30211995 frontier_out=42033798 wall_s=1981.70 cum_wall_s=2965.7 cpu_s=25363.8 rss_max_mb=313.4 map_wall_s=939.31 map_cpu_s=12661.7 merge_wall_s=1001.57 merge_cpu_s=12702.1 map_units=13440 merge_ranges=7354 eff_cores=12.80
event=kink_round H=19 col=4 round=seed frontier_in=42033798 map_wall_s=8.685 map_cpu_s=184.191 merge_wall_s=0.000 merge_cpu_s=0.000 map_units=640 merge_ranges=0 map_eff_cores=21.21 merge_eff_cores=0.00
event=heartbeat H=19 col=4 elapsed_s=17 processed=261120 rate_per_s=15075 steals=0
event=heartbeat H=19 col=4 elapsed_s=35 processed=655360 rate_per_s=18918 steals=0
event=heartbeat H=19 col=4 elapsed_s=52 processed=655360 rate_per_s=12612 steals=0
event=heartbeat H=19 col=4 elapsed_s=69 processed=655360 rate_per_s=9459 steals=52
event=kink_round H=19 col=4 round=stage0 frontier_in=42033798 map_wall_s=29.560 map_cpu_s=296.476 merge_wall_s=31.107 merge_cpu_s=365.454 map_units=640 merge_ranges=281 map_eff_cores=10.03 merge_eff_cores=11.75
event=heartbeat H=19 col=4 elapsed_s=87 processed=986112 rate_per_s=11387 steals=52
event=heartbeat H=19 col=4 elapsed_s=104 processed=1228800 rate_per_s=11824 steals=52
event=heartbeat H=19 col=4 elapsed_s=121 processed=1310720 rate_per_s=10811 steals=52
event=heartbeat H=19 col=4 elapsed_s=139 processed=1310720 rate_per_s=9459 steals=52
event=heartbeat H=19 col=4 elapsed_s=156 processed=1310720 rate_per_s=8408 steals=96
event=kink_round H=19 col=4 round=stage1 frontier_in=67552594 map_wall_s=44.578 map_cpu_s=438.135 merge_wall_s=47.399 merge_cpu_s=588.120 map_units=640 merge_ranges=261 map_eff_cores=9.83 merge_eff_cores=12.41
event=heartbeat H=19 col=4 elapsed_s=173 processed=1557504 rate_per_s=8992 steals=98
event=heartbeat H=19 col=4 elapsed_s=191 processed=1707008 rate_per_s=8959 steals=98
event=heartbeat H=19 col=4 elapsed_s=208 processed=1880064 rate_per_s=9045 steals=98
event=heartbeat H=19 col=4 elapsed_s=225 processed=1966080 rate_per_s=8732 steals=98
event=heartbeat H=19 col=4 elapsed_s=242 processed=1966080 rate_per_s=8108 steals=99
event=heartbeat H=19 col=4 elapsed_s=260 processed=1966080 rate_per_s=7567 steals=169
event=kink_round H=19 col=4 round=stage2 frontier_in=109388630 map_wall_s=53.043 map_cpu_s=616.037 merge_wall_s=49.043 merge_cpu_s=664.576 map_units=640 merge_ranges=360 map_eff_cores=11.61 merge_eff_cores=13.55
event=heartbeat H=19 col=4 elapsed_s=277 processed=2190336 rate_per_s=7904 steals=170
event=heartbeat H=19 col=4 elapsed_s=294 processed=2380800 rate_per_s=8086 steals=170
event=heartbeat H=19 col=4 elapsed_s=312 processed=2532352 rate_per_s=8123 steals=170
event=heartbeat H=19 col=4 elapsed_s=329 processed=2621440 rate_per_s=7966 steals=170
event=heartbeat H=19 col=4 elapsed_s=346 processed=2621440 rate_per_s=7567 steals=170
event=heartbeat H=19 col=4 elapsed_s=364 processed=2621440 rate_per_s=7207 steals=180
event=kink_round H=19 col=4 round=stage3 frontier_in=128387706 map_wall_s=53.870 map_cpu_s=683.130 merge_wall_s=56.756 merge_cpu_s=701.684 map_units=640 merge_ranges=320 map_eff_cores=12.68 merge_eff_cores=12.36
event=heartbeat H=19 col=4 elapsed_s=381 processed=2621440 rate_per_s=6879 steals=242
event=heartbeat H=19 col=4 elapsed_s=398 processed=2933760 rate_per_s=7364 steals=242
event=heartbeat H=19 col=4 elapsed_s=416 processed=3143680 rate_per_s=7562 steals=242
event=heartbeat H=19 col=4 elapsed_s=433 processed=3276800 rate_per_s=7567 steals=242
event=heartbeat H=19 col=4 elapsed_s=450 processed=3276800 rate_per_s=7276 steals=242
event=heartbeat H=19 col=4 elapsed_s=468 processed=3276800 rate_per_s=7007 steals=243
event=heartbeat H=19 col=4 elapsed_s=485 processed=3276800 rate_per_s=6757 steals=310
event=kink_round H=19 col=4 round=stage4 frontier_in=139387202 map_wall_s=51.921 map_cpu_s=714.074 merge_wall_s=53.527 merge_cpu_s=730.622 map_units=640 merge_ranges=303 map_eff_cores=13.75 merge_eff_cores=13.65
event=heartbeat H=19 col=4 elapsed_s=502 processed=3578880 rate_per_s=7125 steals=310
event=heartbeat H=19 col=4 elapsed_s=520 processed=3760128 rate_per_s=7236 steals=310
event=heartbeat H=19 col=4 elapsed_s=537 processed=3932160 rate_per_s=7323 steals=310
event=heartbeat H=19 col=4 elapsed_s=554 processed=3932160 rate_per_s=7094 steals=310
event=heartbeat H=19 col=4 elapsed_s=572 processed=3932160 rate_per_s=6879 steals=310
event=heartbeat H=19 col=4 elapsed_s=589 processed=3932160 rate_per_s=6677 steals=326
event=kink_round H=19 col=4 round=stage5 frontier_in=144708840 map_wall_s=51.789 map_cpu_s=737.714 merge_wall_s=59.486 merge_cpu_s=750.133 map_units=640 merge_ranges=428 map_eff_cores=14.24 merge_eff_cores=12.61
event=heartbeat H=19 col=4 elapsed_s=606 processed=4125696 rate_per_s=6806 steals=379
event=heartbeat H=19 col=4 elapsed_s=624 processed=4299776 rate_per_s=6896 steals=379
event=heartbeat H=19 col=4 elapsed_s=641 processed=4468736 rate_per_s=6973 steals=379
event=heartbeat H=19 col=4 elapsed_s=658 processed=4587520 rate_per_s=6970 steals=379
event=heartbeat H=19 col=4 elapsed_s=676 processed=4587520 rate_per_s=6791 steals=379
event=heartbeat H=19 col=4 elapsed_s=693 processed=4587520 rate_per_s=6622 steals=379
event=heartbeat H=19 col=4 elapsed_s=710 processed=4587520 rate_per_s=6460 steals=448
event=kink_round H=19 col=4 round=stage6 frontier_in=147173859 map_wall_s=56.048 map_cpu_s=739.548 merge_wall_s=55.363 merge_cpu_s=744.141 map_units=640 merge_ranges=420 map_eff_cores=13.19 merge_eff_cores=13.44
event=heartbeat H=19 col=4 elapsed_s=727 processed=4879360 rate_per_s=6707 steals=448
event=heartbeat H=19 col=4 elapsed_s=745 processed=5046272 rate_per_s=6775 steals=448
event=heartbeat H=19 col=4 elapsed_s=762 processed=5232640 rate_per_s=6866 steals=448
event=heartbeat H=19 col=4 elapsed_s=779 processed=5242880 rate_per_s=6727 steals=448
event=heartbeat H=19 col=4 elapsed_s=797 processed=5242880 rate_per_s=6580 steals=448
event=heartbeat H=19 col=4 elapsed_s=814 processed=5242880 rate_per_s=6440 steals=448
event=kink_round H=19 col=4 round=stage7 frontier_in=148480003 map_wall_s=55.044 map_cpu_s=765.247 merge_wall_s=60.956 merge_cpu_s=758.405 map_units=640 merge_ranges=569 map_eff_cores=13.90 merge_eff_cores=12.44
event=heartbeat H=19 col=4 elapsed_s=831 processed=5242880 rate_per_s=6306 steals=516
event=heartbeat H=19 col=4 elapsed_s=849 processed=5576704 rate_per_s=6571 steals=516
event=heartbeat H=19 col=4 elapsed_s=866 processed=5776384 rate_per_s=6670 steals=516
event=heartbeat H=19 col=4 elapsed_s=883 processed=5898240 rate_per_s=6677 steals=516
event=heartbeat H=19 col=4 elapsed_s=901 processed=5898240 rate_per_s=6549 steals=516
event=heartbeat H=19 col=4 elapsed_s=918 processed=5898240 rate_per_s=6425 steals=516
event=heartbeat H=19 col=4 elapsed_s=935 processed=5898240 rate_per_s=6306 steals=588
event=kink_round H=19 col=4 round=stage8 frontier_in=149544550 map_wall_s=51.133 map_cpu_s=782.106 merge_wall_s=54.001 merge_cpu_s=734.965 map_units=640 merge_ranges=454 map_eff_cores=15.30 merge_eff_cores=13.61
event=heartbeat H=19 col=4 elapsed_s=953 processed=6237184 rate_per_s=6547 steals=588
event=heartbeat H=19 col=4 elapsed_s=970 processed=6451200 rate_per_s=6651 steals=588
event=heartbeat H=19 col=4 elapsed_s=987 processed=6553600 rate_per_s=6638 steals=588
event=heartbeat H=19 col=4 elapsed_s=1005 processed=6553600 rate_per_s=6524 steals=588
event=heartbeat H=19 col=4 elapsed_s=1022 processed=6553600 rate_per_s=6413 steals=588
event=kink_round H=19 col=4 round=stage9 frontier_in=150703864 map_wall_s=46.767 map_cpu_s=773.147 merge_wall_s=53.839 merge_cpu_s=752.206 map_units=640 merge_ranges=543 map_eff_cores=16.53 merge_eff_cores=13.97
event=heartbeat H=19 col=4 elapsed_s=1039 processed=6553600 rate_per_s=6306 steals=659
event=heartbeat H=19 col=4 elapsed_s=1057 processed=6889472 rate_per_s=6521 steals=659
event=heartbeat H=19 col=4 elapsed_s=1074 processed=7076864 rate_per_s=6590 steals=659
event=heartbeat H=19 col=4 elapsed_s=1091 processed=7208960 rate_per_s=6606 steals=659
event=heartbeat H=19 col=4 elapsed_s=1109 processed=7208960 rate_per_s=6503 steals=659
event=heartbeat H=19 col=4 elapsed_s=1126 processed=7208960 rate_per_s=6403 steals=659
event=heartbeat H=19 col=4 elapsed_s=1143 processed=7208960 rate_per_s=6306 steals=730
event=kink_round H=19 col=4 round=stage10 frontier_in=152048074 map_wall_s=50.499 map_cpu_s=790.955 merge_wall_s=56.602 merge_cpu_s=761.774 map_units=640 merge_ranges=562 map_eff_cores=15.66 merge_eff_cores=13.46
event=heartbeat H=19 col=4 elapsed_s=1160 processed=7536640 rate_per_s=6494 steals=730
event=heartbeat H=19 col=4 elapsed_s=1178 processed=7707648 rate_per_s=6544 steals=730
event=heartbeat H=19 col=4 elapsed_s=1195 processed=7864320 rate_per_s=6580 steals=730
event=heartbeat H=19 col=4 elapsed_s=1212 processed=7864320 rate_per_s=6486 steals=730
event=heartbeat H=19 col=4 elapsed_s=1230 processed=7864320 rate_per_s=6395 steals=730
event=heartbeat H=19 col=4 elapsed_s=1247 processed=7864320 rate_per_s=6306 steals=765
event=kink_round H=19 col=4 round=stage11 frontier_in=153539499 map_wall_s=52.651 map_cpu_s=798.899 merge_wall_s=55.977 merge_cpu_s=765.235 map_units=640 merge_ranges=361 map_eff_cores=15.17 merge_eff_cores=13.67
event=heartbeat H=19 col=4 elapsed_s=1264 processed=8125440 rate_per_s=6426 steals=792
event=heartbeat H=19 col=4 elapsed_s=1282 processed=8341504 rate_per_s=6508 steals=792
event=heartbeat H=19 col=4 elapsed_s=1299 processed=8519680 rate_per_s=6558 steals=792
event=heartbeat H=19 col=4 elapsed_s=1316 processed=8519680 rate_per_s=6472 steals=792
event=heartbeat H=19 col=4 elapsed_s=1334 processed=8519680 rate_per_s=6388 steals=792
event=heartbeat H=19 col=4 elapsed_s=1351 processed=8519680 rate_per_s=6306 steals=814
event=kink_round H=19 col=4 round=stage12 frontier_in=155112573 map_wall_s=47.621 map_cpu_s=780.037 merge_wall_s=55.623 merge_cpu_s=774.745 map_units=640 merge_ranges=533 map_eff_cores=16.38 merge_eff_cores=13.93
event=heartbeat H=19 col=4 elapsed_s=1368 processed=8767488 rate_per_s=6407 steals=857
event=heartbeat H=19 col=4 elapsed_s=1386 processed=9004032 rate_per_s=6498 steals=857
event=heartbeat H=19 col=4 elapsed_s=1403 processed=9175040 rate_per_s=6540 steals=857
event=heartbeat H=19 col=4 elapsed_s=1420 processed=9175040 rate_per_s=6460 steals=857
event=heartbeat H=19 col=4 elapsed_s=1438 processed=9175040 rate_per_s=6382 steals=857
event=heartbeat H=19 col=4 elapsed_s=1455 processed=9175040 rate_per_s=6306 steals=871
event=kink_round H=19 col=4 round=stage13 frontier_in=156618602 map_wall_s=47.032 map_cpu_s=805.172 merge_wall_s=56.783 merge_cpu_s=759.515 map_units=640 merge_ranges=400 map_eff_cores=17.12 merge_eff_cores=13.38
event=heartbeat H=19 col=4 elapsed_s=1472 processed=9363456 rate_per_s=6360 steals=925
event=heartbeat H=19 col=4 elapsed_s=1490 processed=9592832 rate_per_s=6440 steals=925
event=heartbeat H=19 col=4 elapsed_s=1507 processed=9794560 rate_per_s=6500 steals=925
event=heartbeat H=19 col=4 elapsed_s=1524 processed=9830400 rate_per_s=6450 steals=925
event=heartbeat H=19 col=4 elapsed_s=1542 processed=9830400 rate_per_s=6377 steals=925
event=heartbeat H=19 col=4 elapsed_s=1559 processed=9830400 rate_per_s=6306 steals=930
event=kink_round H=19 col=4 round=stage14 frontier_in=157942707 map_wall_s=49.672 map_cpu_s=775.322 merge_wall_s=52.807 merge_cpu_s=761.857 map_units=640 merge_ranges=218 map_eff_cores=15.61 merge_eff_cores=14.43
event=heartbeat H=19 col=4 elapsed_s=1576 processed=10049536 rate_per_s=6376 steals=985
event=heartbeat H=19 col=4 elapsed_s=1593 processed=10304512 rate_per_s=6467 steals=985
event=heartbeat H=19 col=4 elapsed_s=1611 processed=10485760 rate_per_s=6510 steals=985
event=heartbeat H=19 col=4 elapsed_s=1628 processed=10485760 rate_per_s=6440 steals=985
event=heartbeat H=19 col=4 elapsed_s=1645 processed=10485760 rate_per_s=6373 steals=985
event=heartbeat H=19 col=4 elapsed_s=1663 processed=10485760 rate_per_s=6306 steals=1048
event=kink_round H=19 col=4 round=stage15 frontier_in=158898843 map_wall_s=41.995 map_cpu_s=740.491 merge_wall_s=55.946 merge_cpu_s=775.319 map_units=640 merge_ranges=486 map_eff_cores=17.63 merge_eff_cores=13.86
event=heartbeat H=19 col=4 elapsed_s=1680 processed=10766336 rate_per_s=6408 steals=1048
event=heartbeat H=19 col=4 elapsed_s=1697 processed=10981376 rate_per_s=6469 steals=1048
event=heartbeat H=19 col=4 elapsed_s=1715 processed=11141120 rate_per_s=6497 steals=1048
event=heartbeat H=19 col=4 elapsed_s=1732 processed=11141120 rate_per_s=6432 steals=1048
event=heartbeat H=19 col=4 elapsed_s=1749 processed=11141120 rate_per_s=6369 steals=1048
event=heartbeat H=19 col=4 elapsed_s=1767 processed=11141120 rate_per_s=6306 steals=1118
event=kink_round H=19 col=4 round=stage16 frontier_in=159718339 map_wall_s=48.633 map_cpu_s=773.161 merge_wall_s=54.018 merge_cpu_s=766.070 map_units=640 merge_ranges=232 map_eff_cores=15.90 merge_eff_cores=14.18
event=heartbeat H=19 col=4 elapsed_s=1784 processed=11468800 rate_per_s=6429 steals=1118
event=heartbeat H=19 col=4 elapsed_s=1801 processed=11726848 rate_per_s=6510 steals=1118
event=heartbeat H=19 col=4 elapsed_s=1819 processed=11796480 rate_per_s=6486 steals=1118
event=heartbeat H=19 col=4 elapsed_s=1836 processed=11796480 rate_per_s=6425 steals=1118
event=heartbeat H=19 col=4 elapsed_s=1853 processed=11796480 rate_per_s=6365 steals=1118
event=heartbeat H=19 col=4 elapsed_s=1871 processed=11796480 rate_per_s=6306 steals=1187
event=kink_round H=19 col=4 round=stage17 frontier_in=159073726 map_wall_s=39.427 map_cpu_s=750.057 merge_wall_s=58.261 merge_cpu_s=779.760 map_units=640 merge_ranges=363 map_eff_cores=19.02 merge_eff_cores=13.38
event=heartbeat H=19 col=4 elapsed_s=1888 processed=12113920 rate_per_s=6416 steals=1187
event=heartbeat H=19 col=4 elapsed_s=1905 processed=12286976 rate_per_s=6449 steals=1187
event=heartbeat H=19 col=4 elapsed_s=1923 processed=12451840 rate_per_s=6477 steals=1187
event=heartbeat H=19 col=4 elapsed_s=1940 processed=12451840 rate_per_s=6419 steals=1187
event=heartbeat H=19 col=4 elapsed_s=1957 processed=12451840 rate_per_s=6362 steals=1187
event=heartbeat H=19 col=4 elapsed_s=1975 processed=12451840 rate_per_s=6306 steals=1242
event=kink_round H=19 col=4 round=stage18 frontier_in=161527585 map_wall_s=54.487 map_cpu_s=718.467 merge_wall_s=56.342 merge_cpu_s=746.110 map_units=640 merge_ranges=304 map_eff_cores=13.19 merge_eff_cores=13.24
event=heartbeat H=19 col=4 elapsed_s=1992 processed=12451840 rate_per_s=6251 steals=1244
event=heartbeat H=19 col=4 elapsed_s=2009 processed=12451840 rate_per_s=6197 steals=1244
event=heartbeat H=19 col=4 elapsed_s=2027 processed=12451840 rate_per_s=6145 steals=1297
event=kink_round H=19 col=4 round=finalize frontier_in=162197731 map_wall_s=24.312 map_cpu_s=707.581 merge_wall_s=19.277 merge_cpu_s=360.306 map_units=640 merge_ranges=267 map_eff_cores=29.10 merge_eff_cores=18.69
event=column H=19 col=4 frontier_in=42033798 frontier_out=45152157 wall_s=2034.05 cum_wall_s=4999.8 cpu_s=28410.9 rss_max_mb=357.8 map_wall_s=958.76 map_cpu_s=14369.9 merge_wall_s=1043.11 merge_cpu_s=14041.0 map_units=13440 merge_ranges=7665 eff_cores=13.97
event=kink_round H=19 col=5 round=seed frontier_in=45152157 map_wall_s=7.803 map_cpu_s=188.657 merge_wall_s=0.000 merge_cpu_s=0.000 map_units=640 merge_ranges=0 map_eff_cores=24.18 merge_eff_cores=0.00
event=heartbeat H=19 col=5 elapsed_s=17 processed=281600 rate_per_s=16258 steals=0
event=heartbeat H=19 col=5 elapsed_s=35 processed=655360 rate_per_s=18918 steals=0
event=heartbeat H=19 col=5 elapsed_s=52 processed=655360 rate_per_s=12612 steals=0
event=kink_round H=19 col=5 round=stage0 frontier_in=45152157 map_wall_s=29.313 map_cpu_s=304.117 merge_wall_s=28.994 merge_cpu_s=363.931 map_units=640 merge_ranges=258 map_eff_cores=10.37 merge_eff_cores=12.55
event=heartbeat H=19 col=5 elapsed_s=69 processed=751616 rate_per_s=10849 steals=55
event=heartbeat H=19 col=5 elapsed_s=87 processed=1061888 rate_per_s=12262 steals=55
event=heartbeat H=19 col=5 elapsed_s=104 processed=1307648 rate_per_s=12583 steals=55
event=heartbeat H=19 col=5 elapsed_s=121 processed=1310720 rate_per_s=10811 steals=55
event=heartbeat H=19 col=5 elapsed_s=139 processed=1310720 rate_per_s=9459 steals=58
event=kink_round H=19 col=5 round=stage1 frontier_in=72551481 map_wall_s=40.811 map_cpu_s=442.256 merge_wall_s=42.335 merge_cpu_s=565.820 map_units=640 merge_ranges=239 map_eff_cores=10.84 merge_eff_cores=13.37
event=heartbeat H=19 col=5 elapsed_s=156 processed=1471488 rate_per_s=9440 steals=113
event=heartbeat H=19 col=5 elapsed_s=173 processed=1667072 rate_per_s=9625 steals=113
event=heartbeat H=19 col=5 elapsed_s=191 processed=1855488 rate_per_s=9739 steals=113
event=heartbeat H=19 col=5 elapsed_s=208 processed=1966080 rate_per_s=9459 steals=113
event=heartbeat H=19 col=5 elapsed_s=225 processed=1966080 rate_per_s=8732 steals=113
event=heartbeat H=19 col=5 elapsed_s=242 processed=1966080 rate_per_s=8108 steals=121
event=kink_round H=19 col=5 round=stage2 frontier_in=117087345 map_wall_s=51.284 map_cpu_s=641.934 merge_wall_s=52.157 merge_cpu_s=677.651 map_units=640 merge_ranges=228 map_eff_cores=12.52 merge_eff_cores=12.99
event=heartbeat H=19 col=5 elapsed_s=260 processed=2048000 rate_per_s=7883 steals=185
event=heartbeat H=19 col=5 elapsed_s=277 processed=2313216 rate_per_s=8347 steals=185
event=heartbeat H=19 col=5 elapsed_s=294 processed=2485248 rate_per_s=8440 steals=185
event=heartbeat H=19 col=5 elapsed_s=312 processed=2621440 rate_per_s=8408 steals=185
event=heartbeat H=19 col=5 elapsed_s=329 processed=2621440 rate_per_s=7966 steals=185
event=heartbeat H=19 col=5 elapsed_s=346 processed=2621440 rate_per_s=7567 steals=189
event=heartbeat H=19 col=5 elapsed_s=364 processed=2621440 rate_per_s=7207 steals=249
event=kink_round H=19 col=5 round=stage3 frontier_in=136853439 map_wall_s=53.182 map_cpu_s=687.925 merge_wall_s=53.707 merge_cpu_s=703.247 map_units=640 merge_ranges=295 map_eff_cores=12.94 merge_eff_cores=13.09
event=heartbeat H=19 col=5 elapsed_s=381 processed=2900992 rate_per_s=7613 steals=249
event=heartbeat H=19 col=5 elapsed_s=398 processed=3069952 rate_per_s=7706 steals=249
event=heartbeat H=19 col=5 elapsed_s=416 processed=3255296 rate_per_s=7831 steals=249
event=heartbeat H=19 col=5 elapsed_s=433 processed=3276800 rate_per_s=7567 steals=249
event=heartbeat H=19 col=5 elapsed_s=450 processed=3276800 rate_per_s=7276 steals=249
event=heartbeat H=19 col=5 elapsed_s=468 processed=3276800 rate_per_s=7007 steals=269
event=kink_round H=19 col=5 round=stage4 frontier_in=148290860 map_wall_s=56.747 map_cpu_s=751.813 merge_wall_s=54.555 merge_cpu_s=745.145 map_units=640 merge_ranges=547 map_eff_cores=13.25 merge_eff_cores=13.66
event=heartbeat H=19 col=5 elapsed_s=485 processed=3469312 rate_per_s=7154 steals=325
event=heartbeat H=19 col=5 elapsed_s=502 processed=3651584 rate_per_s=7270 steals=325
event=heartbeat H=19 col=5 elapsed_s=520 processed=3826688 rate_per_s=7364 steals=325
event=heartbeat H=19 col=5 elapsed_s=537 processed=3932160 rate_per_s=7323 steals=325
event=heartbeat H=19 col=5 elapsed_s=554 processed=3932160 rate_per_s=7094 steals=325
event=heartbeat H=19 col=5 elapsed_s=572 processed=3932160 rate_per_s=6879 steals=325
event=heartbeat H=19 col=5 elapsed_s=589 processed=3932160 rate_per_s=6677 steals=404
event=kink_round H=19 col=5 round=stage5 frontier_in=153873476 map_wall_s=55.600 map_cpu_s=776.420 merge_wall_s=56.257 merge_cpu_s=764.412 map_units=640 merge_ranges=572 map_eff_cores=13.96 merge_eff_cores=13.59
event=heartbeat H=19 col=5 elapsed_s=606 processed=4201472 rate_per_s=6931 steals=404
event=heartbeat H=19 col=5 elapsed_s=624 processed=4371456 rate_per_s=7011 steals=404
event=heartbeat H=19 col=5 elapsed_s=641 processed=4567040 rate_per_s=7126 steals=404
event=heartbeat H=19 col=5 elapsed_s=658 processed=4587520 rate_per_s=6970 steals=404
event=heartbeat H=19 col=5 elapsed_s=676 processed=4587520 rate_per_s=6791 steals=404
event=heartbeat H=19 col=5 elapsed_s=693 processed=4587520 rate_per_s=6622 steals=431
event=kink_round H=19 col=5 round=stage6 frontier_in=156389890 map_wall_s=54.988 map_cpu_s=755.136 merge_wall_s=54.329 merge_cpu_s=750.306 map_units=640 merge_ranges=444 map_eff_cores=13.73 merge_eff_cores=13.81
event=heartbeat H=19 col=5 elapsed_s=710 processed=4788224 rate_per_s=6743 steals=474
event=heartbeat H=19 col=5 elapsed_s=727 processed=4955136 rate_per_s=6812 steals=474
event=heartbeat H=19 col=5 elapsed_s=745 processed=5136384 rate_per_s=6896 steals=474
event=heartbeat H=19 col=5 elapsed_s=762 processed=5242880 rate_per_s=6879 steals=474
event=heartbeat H=19 col=5 elapsed_s=779 processed=5242880 rate_per_s=6727 steals=474
event=heartbeat H=19 col=5 elapsed_s=797 processed=5242880 rate_per_s=6580 steals=474
event=heartbeat H=19 col=5 elapsed_s=814 processed=5242880 rate_per_s=6440 steals=552
event=kink_round H=19 col=5 round=stage7 frontier_in=157517762 map_wall_s=55.913 map_cpu_s=775.283 merge_wall_s=58.209 merge_cpu_s=755.911 map_units=640 merge_ranges=517 map_eff_cores=13.87 merge_eff_cores=12.99
event=heartbeat H=19 col=5 elapsed_s=831 processed=5496832 rate_per_s=6612 steals=552
event=heartbeat H=19 col=5 elapsed_s=849 processed=5670912 rate_per_s=6682 steals=552
event=heartbeat H=19 col=5 elapsed_s=866 processed=5848064 rate_per_s=6753 steals=552
event=heartbeat H=19 col=5 elapsed_s=883 processed=5898240 rate_per_s=6677 steals=552
event=heartbeat H=19 col=5 elapsed_s=901 processed=5898240 rate_per_s=6549 steals=552
event=heartbeat H=19 col=5 elapsed_s=918 processed=5898240 rate_per_s=6425 steals=552
event=kink_round H=19 col=5 round=stage8 frontier_in=158124260 map_wall_s=56.652 map_cpu_s=765.258 merge_wall_s=57.713 merge_cpu_s=758.331 map_units=640 merge_ranges=540 map_eff_cores=13.51 merge_eff_cores=13.14
event=heartbeat H=19 col=5 elapsed_s=935 processed=5898240 rate_per_s=6306 steals=630
event=heartbeat H=19 col=5 elapsed_s=953 processed=6232064 rate_per_s=6542 steals=630
event=heartbeat H=19 col=5 elapsed_s=970 processed=6440960 rate_per_s=6641 steals=630
event=heartbeat H=19 col=5 elapsed_s=987 processed=6553600 rate_per_s=6638 steals=630
event=heartbeat H=19 col=5 elapsed_s=1005 processed=6553600 rate_per_s=6524 steals=630
event=heartbeat H=19 col=5 elapsed_s=1022 processed=6553600 rate_per_s=6413 steals=630
event=heartbeat H=19 col=5 elapsed_s=1039 processed=6553600 rate_per_s=6306 steals=693
event=kink_round H=19 col=5 round=stage9 frontier_in=158494185 map_wall_s=51.743 map_cpu_s=786.785 merge_wall_s=58.155 merge_cpu_s=750.421 map_units=640 merge_ranges=449 map_eff_cores=15.21 merge_eff_cores=12.90
event=heartbeat H=19 col=5 elapsed_s=1057 processed=6835200 rate_per_s=6469 steals=693
event=heartbeat H=19 col=5 elapsed_s=1074 processed=7041024 rate_per_s=6557 steals=693
event=heartbeat H=19 col=5 elapsed_s=1091 processed=7208960 rate_per_s=6606 steals=693
event=heartbeat H=19 col=5 elapsed_s=1109 processed=7208960 rate_per_s=6503 steals=693
event=heartbeat H=19 col=5 elapsed_s=1126 processed=7208960 rate_per_s=6403 steals=693
event=heartbeat H=19 col=5 elapsed_s=1143 processed=7208960 rate_per_s=6306 steals=764
event=kink_round H=19 col=5 round=stage10 frontier_in=158782891 map_wall_s=49.012 map_cpu_s=777.041 merge_wall_s=57.208 merge_cpu_s=750.513 map_units=640 merge_ranges=479 map_eff_cores=15.85 merge_eff_cores=13.12
event=heartbeat H=19 col=5 elapsed_s=1160 processed=7445504 rate_per_s=6416 steals=768
event=heartbeat H=19 col=5 elapsed_s=1178 processed=7610368 rate_per_s=6462 steals=768
event=heartbeat H=19 col=5 elapsed_s=1195 processed=7780352 rate_per_s=6510 steals=768
event=heartbeat H=19 col=5 elapsed_s=1212 processed=7864320 rate_per_s=6486 steals=768
event=heartbeat H=19 col=5 elapsed_s=1230 processed=7864320 rate_per_s=6395 steals=768
event=heartbeat H=19 col=5 elapsed_s=1247 processed=7864320 rate_per_s=6306 steals=768
event=heartbeat H=19 col=5 elapsed_s=1264 processed=7864320 rate_per_s=6220 steals=825
event=kink_round H=19 col=5 round=stage11 frontier_in=159033927 map_wall_s=57.652 map_cpu_s=748.215 merge_wall_s=59.284 merge_cpu_s=737.185 map_units=640 merge_ranges=411 map_eff_cores=12.98 merge_eff_cores=12.43
event=heartbeat H=19 col=5 elapsed_s=1282 processed=8132608 rate_per_s=6345 steals=825
event=heartbeat H=19 col=5 elapsed_s=1299 processed=8302592 rate_per_s=6391 steals=825
event=heartbeat H=19 col=5 elapsed_s=1316 processed=8460288 rate_per_s=6427 steals=825
event=heartbeat H=19 col=5 elapsed_s=1334 processed=8519680 rate_per_s=6388 steals=825
event=heartbeat H=19 col=5 elapsed_s=1351 processed=8519680 rate_per_s=6306 steals=825
event=heartbeat H=19 col=5 elapsed_s=1368 processed=8519680 rate_per_s=6226 steals=825
event=heartbeat H=19 col=5 elapsed_s=1386 processed=8519680 rate_per_s=6149 steals=889
event=kink_round H=19 col=5 round=stage12 frontier_in=159296290 map_wall_s=55.725 map_cpu_s=758.641 merge_wall_s=60.485 merge_cpu_s=745.755 map_units=640 merge_ranges=480 map_eff_cores=13.61 merge_eff_cores=12.33
event=heartbeat H=19 col=5 elapsed_s=1403 processed=8837120 rate_per_s=6299 steals=889
event=heartbeat H=19 col=5 elapsed_s=1420 processed=9012224 rate_per_s=6345 steals=889
event=heartbeat H=19 col=5 elapsed_s=1438 processed=9175040 rate_per_s=6382 steals=889
event=heartbeat H=19 col=5 elapsed_s=1455 processed=9175040 rate_per_s=6306 steals=889
event=heartbeat H=19 col=5 elapsed_s=1472 processed=9175040 rate_per_s=6232 steals=889
event=heartbeat H=19 col=5 elapsed_s=1490 processed=9175040 rate_per_s=6160 steals=899
event=kink_round H=19 col=5 round=stage13 frontier_in=159541796 map_wall_s=53.471 map_cpu_s=746.365 merge_wall_s=58.686 merge_cpu_s=759.988 map_units=640 merge_ranges=650 map_eff_cores=13.96 merge_eff_cores=12.95
event=heartbeat H=19 col=5 elapsed_s=1507 processed=9337856 rate_per_s=6197 steals=955
event=heartbeat H=19 col=5 elapsed_s=1524 processed=9526272 rate_per_s=6250 steals=955
event=heartbeat H=19 col=5 elapsed_s=1542 processed=9703424 rate_per_s=6295 steals=955
event=heartbeat H=19 col=5 elapsed_s=1559 processed=9830400 rate_per_s=6306 steals=955
event=heartbeat H=19 col=5 elapsed_s=1576 processed=9830400 rate_per_s=6237 steals=955
event=heartbeat H=19 col=5 elapsed_s=1593 processed=9830400 rate_per_s=6169 steals=955
event=heartbeat H=19 col=5 elapsed_s=1611 processed=9830400 rate_per_s=6103 steals=1019
event=kink_round H=19 col=5 round=stage14 frontier_in=159800467 map_wall_s=56.483 map_cpu_s=754.598 merge_wall_s=58.656 merge_cpu_s=729.499 map_units=640 merge_ranges=413 map_eff_cores=13.36 merge_eff_cores=12.44
event=heartbeat H=19 col=5 elapsed_s=1628 processed=10072064 rate_per_s=6186 steals=1020
event=heartbeat H=19 col=5 elapsed_s=1645 processed=10182656 rate_per_s=6188 steals=1020
event=heartbeat H=19 col=5 elapsed_s=1663 processed=10345472 rate_per_s=6222 steals=1020
event=heartbeat H=19 col=5 elapsed_s=1680 processed=10485760 rate_per_s=6241 steals=1020
event=heartbeat H=19 col=5 elapsed_s=1697 processed=10485760 rate_per_s=6178 steals=1020
event=heartbeat H=19 col=5 elapsed_s=1715 processed=10485760 rate_per_s=6115 steals=1020
event=heartbeat H=19 col=5 elapsed_s=1732 processed=10485760 rate_per_s=6054 steals=1089
event=kink_round H=19 col=5 round=stage15 frontier_in=160004211 map_wall_s=61.653 map_cpu_s=754.411 merge_wall_s=57.071 merge_cpu_s=750.054 map_units=640 merge_ranges=424 map_eff_cores=12.24 merge_eff_cores=13.14
event=heartbeat H=19 col=5 elapsed_s=1749 processed=10743808 rate_per_s=6142 steals=1089
event=heartbeat H=19 col=5 elapsed_s=1767 processed=10905600 rate_per_s=6173 steals=1089
event=heartbeat H=19 col=5 elapsed_s=1784 processed=11076608 rate_per_s=6209 steals=1089
event=heartbeat H=19 col=5 elapsed_s=1801 processed=11141120 rate_per_s=6185 steals=1089
event=heartbeat H=19 col=5 elapsed_s=1819 processed=11141120 rate_per_s=6126 steals=1089
event=heartbeat H=19 col=5 elapsed_s=1836 processed=11141120 rate_per_s=6068 steals=1089
event=heartbeat H=19 col=5 elapsed_s=1853 processed=11141120 rate_per_s=6012 steals=1150
event=kink_round H=19 col=5 round=stage16 frontier_in=160482849 map_wall_s=55.794 map_cpu_s=741.085 merge_wall_s=58.076 merge_cpu_s=749.968 map_units=640 merge_ranges=315 map_eff_cores=13.28 merge_eff_cores=12.91
event=heartbeat H=19 col=5 elapsed_s=1871 processed=11462656 rate_per_s=6128 steals=1150
event=heartbeat H=19 col=5 elapsed_s=1888 processed=11650048 rate_per_s=6171 steals=1150
event=heartbeat H=19 col=5 elapsed_s=1905 processed=11796480 rate_per_s=6192 steals=1150
event=heartbeat H=19 col=5 elapsed_s=1923 processed=11796480 rate_per_s=6136 steals=1150
event=heartbeat H=19 col=5 elapsed_s=1940 processed=11796480 rate_per_s=6081 steals=1150
event=heartbeat H=19 col=5 elapsed_s=1957 processed=11796480 rate_per_s=6027 steals=1211
event=kink_round H=19 col=5 round=stage17 frontier_in=159821207 map_wall_s=53.390 map_cpu_s=736.628 merge_wall_s=57.699 merge_cpu_s=745.820 map_units=640 merge_ranges=384 map_eff_cores=13.80 merge_eff_cores=12.93
event=heartbeat H=19 col=5 elapsed_s=1975 processed=12035072 rate_per_s=6095 steals=1213
event=heartbeat H=19 col=5 elapsed_s=1992 processed=12201984 rate_per_s=6126 steals=1213
event=heartbeat H=19 col=5 elapsed_s=2009 processed=12375040 rate_per_s=6159 steals=1213
event=heartbeat H=19 col=5 elapsed_s=2027 processed=12451840 rate_per_s=6145 steals=1213
event=heartbeat H=19 col=5 elapsed_s=2044 processed=12451840 rate_per_s=6092 steals=1213
event=heartbeat H=19 col=5 elapsed_s=2061 processed=12451840 rate_per_s=6041 steals=1213
event=heartbeat H=19 col=5 elapsed_s=2078 processed=12451840 rate_per_s=5991 steals=1277
event=kink_round H=19 col=5 round=stage18 frontier_in=162256246 map_wall_s=53.561 map_cpu_s=706.693 merge_wall_s=62.954 merge_cpu_s=751.729 map_units=640 merge_ranges=540 map_eff_cores=13.19 merge_eff_cores=11.94
event=heartbeat H=19 col=5 elapsed_s=2096 processed=12451840 rate_per_s=5941 steals=1277
event=heartbeat H=19 col=5 elapsed_s=2113 processed=12451840 rate_per_s=5893 steals=1277
event=heartbeat H=19 col=5 elapsed_s=2130 processed=12451840 rate_per_s=5845 steals=1330
event=kink_round H=19 col=5 round=finalize frontier_in=162925375 map_wall_s=24.099 map_cpu_s=762.112 merge_wall_s=21.484 merge_cpu_s=361.079 map_units=640 merge_ranges=283 map_eff_cores=31.62 merge_eff_cores=16.81
event=column H=19 col=5 frontier_in=45152157 frontier_out=45308234 wall_s=2136.59 cum_wall_s=7136.4 cpu_s=28278.1 rss_max_mb=372.5 map_wall_s=1034.88 map_cpu_s=14361.4 merge_wall_s=1068.01 merge_cpu_s=13916.8 map_units=13440 merge_ranges=8468 eff_cores=13.24
event=kink_round H=19 col=6 round=seed frontier_in=45308234 map_wall_s=7.297 map_cpu_s=184.780 merge_wall_s=0.000 merge_cpu_s=0.000 map_units=640 merge_ranges=0 map_eff_cores=25.32 merge_eff_cores=0.00
event=heartbeat H=19 col=6 elapsed_s=17 processed=325632 rate_per_s=18800 steals=0
event=heartbeat H=19 col=6 elapsed_s=35 processed=655360 rate_per_s=18918 steals=0
event=heartbeat H=19 col=6 elapsed_s=52 processed=655360 rate_per_s=12612 steals=0
event=kink_round H=19 col=6 round=stage0 frontier_in=45308234 map_wall_s=29.159 map_cpu_s=293.157 merge_wall_s=31.884 merge_cpu_s=361.792 map_units=640 merge_ranges=262 map_eff_cores=10.05 merge_eff_cores=11.35
event=heartbeat H=19 col=6 elapsed_s=69 processed=655360 rate_per_s=9459 steals=61
event=heartbeat H=19 col=6 elapsed_s=87 processed=984064 rate_per_s=11363 steals=61
event=heartbeat H=19 col=6 elapsed_s=104 processed=1221632 rate_per_s=11755 steals=61
event=heartbeat H=19 col=6 elapsed_s=121 processed=1310720 rate_per_s=10811 steals=61
event=heartbeat H=19 col=6 elapsed_s=139 processed=1310720 rate_per_s=9459 steals=61
event=heartbeat H=19 col=6 elapsed_s=156 processed=1310720 rate_per_s=8408 steals=118
event=kink_round H=19 col=6 round=stage1 frontier_in=72794671 map_wall_s=46.081 map_cpu_s=427.250 merge_wall_s=44.587 merge_cpu_s=571.187 map_units=640 merge_ranges=353 map_eff_cores=9.27 merge_eff_cores=12.81
event=heartbeat H=19 col=6 elapsed_s=173 processed=1581056 rate_per_s=9128 steals=118
event=heartbeat H=19 col=6 elapsed_s=191 processed=1780736 rate_per_s=9346 steals=118
event=heartbeat H=19 col=6 elapsed_s=208 processed=1966080 rate_per_s=9459 steals=118
event=heartbeat H=19 col=6 elapsed_s=225 processed=1966080 rate_per_s=8732 steals=118
event=heartbeat H=19 col=6 elapsed_s=242 processed=1966080 rate_per_s=8108 steals=126
event=kink_round H=19 col=6 round=stage2 frontier_in=117448657 map_wall_s=44.665 map_cpu_s=632.967 merge_wall_s=49.765 merge_cpu_s=651.491 map_units=640 merge_ranges=259 map_eff_cores=14.17 merge_eff_cores=13.09
event=heartbeat H=19 col=6 elapsed_s=260 processed=1966080 rate_per_s=7567 steals=192
event=heartbeat H=19 col=6 elapsed_s=277 processed=2312192 rate_per_s=8343 steals=192
event=heartbeat H=19 col=6 elapsed_s=294 processed=2512896 rate_per_s=8534 steals=192
event=heartbeat H=19 col=6 elapsed_s=312 processed=2621440 rate_per_s=8408 steals=192
event=heartbeat H=19 col=6 elapsed_s=329 processed=2621440 rate_per_s=7966 steals=193
event=heartbeat H=19 col=6 elapsed_s=346 processed=2621440 rate_per_s=7567 steals=257
event=kink_round H=19 col=6 round=stage3 frontier_in=137246726 map_wall_s=45.621 map_cpu_s=663.743 merge_wall_s=46.370 merge_cpu_s=684.535 map_units=640 merge_ranges=489 map_eff_cores=14.55 merge_eff_cores=14.76
event=heartbeat H=19 col=6 elapsed_s=364 processed=2892800 rate_per_s=7953 steals=257
event=heartbeat H=19 col=6 elapsed_s=381 processed=3088384 rate_per_s=8105 steals=257
event=heartbeat H=19 col=6 elapsed_s=398 processed=3262464 rate_per_s=8189 steals=257
event=heartbeat H=19 col=6 elapsed_s=416 processed=3276800 rate_per_s=7883 steals=257
event=heartbeat H=19 col=6 elapsed_s=433 processed=3276800 rate_per_s=7567 steals=258
event=heartbeat H=19 col=6 elapsed_s=450 processed=3276800 rate_per_s=7276 steals=317
event=kink_round H=19 col=6 round=stage4 frontier_in=148696464 map_wall_s=50.962 map_cpu_s=749.936 merge_wall_s=50.516 merge_cpu_s=715.062 map_units=640 merge_ranges=621 map_eff_cores=14.72 merge_eff_cores=14.16
event=heartbeat H=19 col=6 elapsed_s=468 processed=3555328 rate_per_s=7602 steals=317
event=heartbeat H=19 col=6 elapsed_s=485 processed=3743744 rate_per_s=7719 steals=317
event=heartbeat H=19 col=6 elapsed_s=502 processed=3910656 rate_per_s=7786 steals=317
event=heartbeat H=19 col=6 elapsed_s=520 processed=3932160 rate_per_s=7567 steals=317
event=heartbeat H=19 col=6 elapsed_s=537 processed=3932160 rate_per_s=7323 steals=317
event=heartbeat H=19 col=6 elapsed_s=554 processed=3932160 rate_per_s=7094 steals=337
event=kink_round H=19 col=6 round=stage5 frontier_in=154289888 map_wall_s=54.149 map_cpu_s=767.201 merge_wall_s=54.326 merge_cpu_s=723.287 map_units=640 merge_ranges=223 map_eff_cores=14.17 merge_eff_cores=13.31
event=heartbeat H=19 col=6 elapsed_s=572 processed=4127744 rate_per_s=7222 steals=381
event=heartbeat H=19 col=6 elapsed_s=589 processed=4325376 rate_per_s=7345 steals=381
event=heartbeat H=19 col=6 elapsed_s=606 processed=4487168 rate_per_s=7402 steals=381
event=heartbeat H=19 col=6 elapsed_s=624 processed=4587520 rate_per_s=7357 steals=381
event=heartbeat H=19 col=6 elapsed_s=641 processed=4587520 rate_per_s=7158 steals=381
event=heartbeat H=19 col=6 elapsed_s=658 processed=4587520 rate_per_s=6970 steals=381
event=kink_round H=19 col=6 round=stage6 frontier_in=156804012 map_wall_s=56.502 map_cpu_s=727.206 merge_wall_s=52.930 merge_cpu_s=725.643 map_units=640 merge_ranges=304 map_eff_cores=12.87 merge_eff_cores=13.71
event=heartbeat H=19 col=6 elapsed_s=676 processed=4587520 rate_per_s=6791 steals=449
event=heartbeat H=19 col=6 elapsed_s=693 processed=4922368 rate_per_s=7105 steals=449
event=heartbeat H=19 col=6 elapsed_s=710 processed=5123072 rate_per_s=7214 steals=449
event=heartbeat H=19 col=6 elapsed_s=727 processed=5242880 rate_per_s=7207 steals=449
event=heartbeat H=19 col=6 elapsed_s=745 processed=5242880 rate_per_s=7039 steals=449
event=heartbeat H=19 col=6 elapsed_s=762 processed=5242880 rate_per_s=6879 steals=449
event=heartbeat H=19 col=6 elapsed_s=779 processed=5242880 rate_per_s=6727 steals=471
event=kink_round H=19 col=6 round=stage7 frontier_in=157913959 map_wall_s=52.912 map_cpu_s=738.160 merge_wall_s=61.066 merge_cpu_s=731.044 map_units=640 merge_ranges=410 map_eff_cores=13.95 merge_eff_cores=11.97
event=heartbeat H=19 col=6 elapsed_s=797 processed=5429248 rate_per_s=6814 steals=525
event=heartbeat H=19 col=6 elapsed_s=814 processed=5633024 rate_per_s=6920 steals=525
event=heartbeat H=19 col=6 elapsed_s=831 processed=5833728 rate_per_s=7017 steals=525
event=heartbeat H=19 col=6 elapsed_s=849 processed=5898240 rate_per_s=6950 steals=525
event=heartbeat H=19 col=6 elapsed_s=866 processed=5898240 rate_per_s=6811 steals=525
event=heartbeat H=19 col=6 elapsed_s=883 processed=5898240 rate_per_s=6677 steals=525
event=kink_round H=19 col=6 round=stage8 frontier_in=158487723 map_wall_s=52.166 map_cpu_s=757.557 merge_wall_s=56.629 merge_cpu_s=727.514 map_units=640 merge_ranges=395 map_eff_cores=14.52 merge_eff_cores=12.85
event=heartbeat H=19 col=6 elapsed_s=901 processed=5898240 rate_per_s=6549 steals=586
event=heartbeat H=19 col=6 elapsed_s=918 processed=6239232 rate_per_s=6797 steals=586
event=heartbeat H=19 col=6 elapsed_s=935 processed=6473728 rate_per_s=6921 steals=586
event=heartbeat H=19 col=6 elapsed_s=953 processed=6553600 rate_per_s=6879 steals=586
event=heartbeat H=19 col=6 elapsed_s=970 processed=6553600 rate_per_s=6757 steals=586
event=heartbeat H=19 col=6 elapsed_s=987 processed=6553600 rate_per_s=6638 steals=586
event=heartbeat H=19 col=6 elapsed_s=1005 processed=6553600 rate_per_s=6524 steals=658
event=kink_round H=19 col=6 round=stage9 frontier_in=158804491 map_wall_s=45.737 map_cpu_s=726.529 merge_wall_s=57.423 merge_cpu_s=724.712 map_units=640 merge_ranges=569 map_eff_cores=15.89 merge_eff_cores=12.62
event=heartbeat H=19 col=6 elapsed_s=1022 processed=6838272 rate_per_s=6692 steals=658
event=heartbeat H=19 col=6 elapsed_s=1039 processed=7063552 rate_per_s=6797 steals=658
event=heartbeat H=19 col=6 elapsed_s=1057 processed=7208960 rate_per_s=6823 steals=658
event=heartbeat H=19 col=6 elapsed_s=1074 processed=7208960 rate_per_s=6713 steals=658
event=heartbeat H=19 col=6 elapsed_s=1091 processed=7208960 rate_per_s=6606 steals=658
event=heartbeat H=19 col=6 elapsed_s=1109 processed=7208960 rate_per_s=6503 steals=723
event=kink_round H=19 col=6 round=stage10 frontier_in=159022270 map_wall_s=50.076 map_cpu_s=765.473 merge_wall_s=52.833 merge_cpu_s=723.837 map_units=640 merge_ranges=378 map_eff_cores=15.29 merge_eff_cores=13.70
event=heartbeat H=19 col=6 elapsed_s=1126 processed=7566336 rate_per_s=6721 steals=723
event=heartbeat H=19 col=6 elapsed_s=1143 processed=7773184 rate_per_s=6800 steals=723
event=heartbeat H=19 col=6 elapsed_s=1160 processed=7864320 rate_per_s=6777 steals=723
event=heartbeat H=19 col=6 elapsed_s=1178 processed=7864320 rate_per_s=6677 steals=723
event=heartbeat H=19 col=6 elapsed_s=1195 processed=7864320 rate_per_s=6580 steals=723
event=kink_round H=19 col=6 round=stage11 frontier_in=159196805 map_wall_s=46.970 map_cpu_s=785.119 merge_wall_s=53.578 merge_cpu_s=721.495 map_units=640 merge_ranges=433 map_eff_cores=16.72 merge_eff_cores=13.47
event=heartbeat H=19 col=6 elapsed_s=1212 processed=7864320 rate_per_s=6486 steals=776
event=heartbeat H=19 col=6 elapsed_s=1230 processed=8215552 rate_per_s=6681 steals=776
event=heartbeat H=19 col=6 elapsed_s=1247 processed=8452096 rate_per_s=6778 steals=776
event=heartbeat H=19 col=6 elapsed_s=1264 processed=8519680 rate_per_s=6738 steals=776
event=heartbeat H=19 col=6 elapsed_s=1282 processed=8519680 rate_per_s=6647 steals=776
event=heartbeat H=19 col=6 elapsed_s=1299 processed=8519680 rate_per_s=6558 steals=776
event=kink_round H=19 col=6 round=stage12 frontier_in=159389278 map_wall_s=47.076 map_cpu_s=739.550 merge_wall_s=53.762 merge_cpu_s=728.676 map_units=640 merge_ranges=410 map_eff_cores=15.71 merge_eff_cores=13.55
event=heartbeat H=19 col=6 elapsed_s=1316 processed=8519680 rate_per_s=6472 steals=835
event=heartbeat H=19 col=6 elapsed_s=1334 processed=8921088 rate_per_s=6689 steals=835
event=heartbeat H=19 col=6 elapsed_s=1351 processed=9112576 rate_per_s=6745 steals=835
event=heartbeat H=19 col=6 elapsed_s=1368 processed=9175040 rate_per_s=6705 steals=835
event=heartbeat H=19 col=6 elapsed_s=1386 processed=9175040 rate_per_s=6622 steals=835
event=heartbeat H=19 col=6 elapsed_s=1403 processed=9175040 rate_per_s=6540 steals=891
event=kink_round H=19 col=6 round=stage13 frontier_in=159580200 map_wall_s=44.492 map_cpu_s=777.009 merge_wall_s=51.785 merge_cpu_s=717.030 map_units=640 merge_ranges=348 map_eff_cores=17.46 merge_eff_cores=13.85
event=heartbeat H=19 col=6 elapsed_s=1420 processed=9493504 rate_per_s=6684 steals=898
event=heartbeat H=19 col=6 elapsed_s=1438 processed=9688064 rate_per_s=6739 steals=898
event=heartbeat H=19 col=6 elapsed_s=1455 processed=9830400 rate_per_s=6757 steals=898
event=heartbeat H=19 col=6 elapsed_s=1472 processed=9830400 rate_per_s=6677 steals=898
event=heartbeat H=19 col=6 elapsed_s=1490 processed=9830400 rate_per_s=6600 steals=898
event=kink_round H=19 col=6 round=stage14 frontier_in=159807734 map_wall_s=41.213 map_cpu_s=737.699 merge_wall_s=50.510 merge_cpu_s=723.624 map_units=640 merge_ranges=727 map_eff_cores=17.90 merge_eff_cores=14.33
event=heartbeat H=19 col=6 elapsed_s=1507 processed=9830400 rate_per_s=6524 steals=966
event=heartbeat H=19 col=6 elapsed_s=1524 processed=10182656 rate_per_s=6681 steals=966
event=heartbeat H=19 col=6 elapsed_s=1542 processed=10418176 rate_per_s=6758 steals=966
event=heartbeat H=19 col=6 elapsed_s=1559 processed=10485760 rate_per_s=6727 steals=966
event=heartbeat H=19 col=6 elapsed_s=1576 processed=10485760 rate_per_s=6653 steals=966
event=heartbeat H=19 col=6 elapsed_s=1593 processed=10485760 rate_per_s=6580 steals=966
event=kink_round H=19 col=6 round=stage15 frontier_in=160004144 map_wall_s=47.731 map_cpu_s=753.660 merge_wall_s=52.881 merge_cpu_s=719.567 map_units=640 merge_ranges=436 map_eff_cores=15.79 merge_eff_cores=13.61
event=heartbeat H=19 col=6 elapsed_s=1611 processed=10567680 rate_per_s=6560 steals=1034
event=heartbeat H=19 col=6 elapsed_s=1628 processed=10872832 rate_per_s=6678 steals=1034
event=heartbeat H=19 col=6 elapsed_s=1645 processed=11069440 rate_per_s=6727 steals=1034
event=heartbeat H=19 col=6 elapsed_s=1663 processed=11141120 rate_per_s=6700 steals=1034
event=heartbeat H=19 col=6 elapsed_s=1680 processed=11141120 rate_per_s=6631 steals=1034
event=heartbeat H=19 col=6 elapsed_s=1697 processed=11141120 rate_per_s=6564 steals=1034
event=kink_round H=19 col=6 round=stage16 frontier_in=160482845 map_wall_s=48.988 map_cpu_s=733.084 merge_wall_s=55.782 merge_cpu_s=707.133 map_units=640 merge_ranges=394 map_eff_cores=14.96 merge_eff_cores=12.68
event=heartbeat H=19 col=6 elapsed_s=1715 processed=11141120 rate_per_s=6497 steals=1099
event=heartbeat H=19 col=6 elapsed_s=1732 processed=11509760 rate_per_s=6645 steals=1099
event=heartbeat H=19 col=6 elapsed_s=1749 processed=11731968 rate_per_s=6706 steals=1099
event=heartbeat H=19 col=6 elapsed_s=1767 processed=11796480 rate_per_s=6677 steals=1099
event=heartbeat H=19 col=6 elapsed_s=1784 processed=11796480 rate_per_s=6612 steals=1099
event=heartbeat H=19 col=6 elapsed_s=1801 processed=11796480 rate_per_s=6549 steals=1099
event=kink_round H=19 col=6 round=stage17 frontier_in=159821118 map_wall_s=44.889 map_cpu_s=721.645 merge_wall_s=55.720 merge_cpu_s=727.339 map_units=640 merge_ranges=672 map_eff_cores=16.08 merge_eff_cores=13.05
event=heartbeat H=19 col=6 elapsed_s=1819 processed=11878400 rate_per_s=6531 steals=1163
event=heartbeat H=19 col=6 elapsed_s=1836 processed=12146688 rate_per_s=6616 steals=1163
event=heartbeat H=19 col=6 elapsed_s=1853 processed=12368896 rate_per_s=6674 steals=1163
event=heartbeat H=19 col=6 elapsed_s=1871 processed=12451840 rate_per_s=6657 steals=1163
event=heartbeat H=19 col=6 elapsed_s=1888 processed=12451840 rate_per_s=6595 steals=1163
event=heartbeat H=19 col=6 elapsed_s=1905 processed=12451840 rate_per_s=6536 steals=1163
event=kink_round H=19 col=6 round=stage18 frontier_in=162256206 map_wall_s=48.638 map_cpu_s=726.251 merge_wall_s=54.624 merge_cpu_s=697.734 map_units=640 merge_ranges=393 map_eff_cores=14.93 merge_eff_cores=12.77
event=heartbeat H=19 col=6 elapsed_s=1923 processed=12451840 rate_per_s=6477 steals=1223
event=heartbeat H=19 col=6 elapsed_s=1940 processed=12451840 rate_per_s=6419 steals=1223
event=heartbeat H=19 col=6 elapsed_s=1957 processed=12451840 rate_per_s=6362 steals=1278
event=kink_round H=19 col=6 round=finalize frontier_in=162925179 map_wall_s=16.531 map_cpu_s=802.683 merge_wall_s=21.155 merge_cpu_s=333.525 map_units=640 merge_ranges=283 map_eff_cores=48.56 merge_eff_cores=15.77
event=column H=19 col=6 frontier_in=45308234 frontier_out=45308234 wall_s=1965.22 cum_wall_s=9101.6 cpu_s=27626.9 rss_max_mb=372.5 map_wall_s=921.86 map_cpu_s=14210.7 merge_wall_s=1008.13 merge_cpu_s=13416.2 map_units=13440 merge_ranges=8359 eff_cores=14.06
event=kink_round H=19 col=7 round=seed frontier_in=45308234 map_wall_s=7.664 map_cpu_s=175.712 merge_wall_s=0.000 merge_cpu_s=0.000 map_units=640 merge_ranges=0 map_eff_cores=22.93 merge_eff_cores=0.00
event=heartbeat H=19 col=7 elapsed_s=17 processed=329728 rate_per_s=19036 steals=0
event=heartbeat H=19 col=7 elapsed_s=35 processed=655360 rate_per_s=18918 steals=0
event=heartbeat H=19 col=7 elapsed_s=52 processed=655360 rate_per_s=12612 steals=0
event=kink_round H=19 col=7 round=stage0 frontier_in=45308234 map_wall_s=25.573 map_cpu_s=285.877 merge_wall_s=26.206 merge_cpu_s=343.668 map_units=640 merge_ranges=210 map_eff_cores=11.18 merge_eff_cores=13.11
event=heartbeat H=19 col=7 elapsed_s=69 processed=902144 rate_per_s=13021 steals=53
event=heartbeat H=19 col=7 elapsed_s=87 processed=1147904 rate_per_s=13255 steals=53
event=heartbeat H=19 col=7 elapsed_s=104 processed=1310720 rate_per_s=12612 steals=53
event=heartbeat H=19 col=7 elapsed_s=121 processed=1310720 rate_per_s=10811 steals=53
event=heartbeat H=19 col=7 elapsed_s=139 processed=1310720 rate_per_s=9459 steals=114
event=kink_round H=19 col=7 round=stage1 frontier_in=72794535 map_wall_s=41.756 map_cpu_s=422.412 merge_wall_s=40.379 merge_cpu_s=546.344 map_units=640 merge_ranges=295 map_eff_cores=10.12 merge_eff_cores=13.53
event=heartbeat H=19 col=7 elapsed_s=156 processed=1600512 rate_per_s=10267 steals=114
event=heartbeat H=19 col=7 elapsed_s=173 processed=1784832 rate_per_s=10305 steals=114
event=heartbeat H=19 col=7 elapsed_s=191 processed=1966080 rate_per_s=10319 steals=114
event=heartbeat H=19 col=7 elapsed_s=208 processed=1966080 rate_per_s=9459 steals=114
event=heartbeat H=19 col=7 elapsed_s=225 processed=1966080 rate_per_s=8732 steals=132
event=kink_round H=19 col=7 round=stage2 frontier_in=117448521 map_wall_s=44.677 map_cpu_s=602.281 merge_wall_s=46.115 merge_cpu_s=627.623 map_units=640 merge_ranges=410 map_eff_cores=13.48 merge_eff_cores=13.61
event=heartbeat H=19 col=7 elapsed_s=242 processed=2129920 rate_per_s=8784 steals=184
event=heartbeat H=19 col=7 elapsed_s=260 processed=2380800 rate_per_s=9164 steals=184
event=heartbeat H=19 col=7 elapsed_s=277 processed=2512896 rate_per_s=9068 steals=184
event=heartbeat H=19 col=7 elapsed_s=294 processed=2621440 rate_per_s=8903 steals=184
event=heartbeat H=19 col=7 elapsed_s=312 processed=2621440 rate_per_s=8408 steals=184
event=heartbeat H=19 col=7 elapsed_s=329 processed=2621440 rate_per_s=7966 steals=221
event=kink_round H=19 col=7 round=stage3 frontier_in=137245849 map_wall_s=51.358 map_cpu_s=696.800 merge_wall_s=48.672 merge_cpu_s=663.991 map_units=640 merge_ranges=475 map_eff_cores=13.57 merge_eff_cores=13.64
event=heartbeat H=19 col=7 elapsed_s=346 processed=2827264 rate_per_s=8162 steals=252
event=heartbeat H=19 col=7 elapsed_s=364 processed=3074048 rate_per_s=8451 steals=252
event=heartbeat H=19 col=7 elapsed_s=381 processed=3276800 rate_per_s=8599 steals=252
event=heartbeat H=19 col=7 elapsed_s=398 processed=3276800 rate_per_s=8225 steals=252
event=heartbeat H=19 col=7 elapsed_s=416 processed=3276800 rate_per_s=7883 steals=253
event=heartbeat H=19 col=7 elapsed_s=433 processed=3276800 rate_per_s=7567 steals=320
event=kink_round H=19 col=7 round=stage4 frontier_in=148694611 map_wall_s=43.821 map_cpu_s=686.683 merge_wall_s=51.917 merge_cpu_s=705.178 map_units=640 merge_ranges=480 map_eff_cores=15.67 merge_eff_cores=13.58
event=heartbeat H=19 col=7 elapsed_s=450 processed=3579904 rate_per_s=7949 steals=320
event=heartbeat H=19 col=7 elapsed_s=468 processed=3793920 rate_per_s=8113 steals=320
event=heartbeat H=19 col=7 elapsed_s=485 processed=3932160 rate_per_s=8108 steals=320
event=heartbeat H=19 col=7 elapsed_s=502 processed=3932160 rate_per_s=7828 steals=320
event=heartbeat H=19 col=7 elapsed_s=520 processed=3932160 rate_per_s=7567 steals=320
event=heartbeat H=19 col=7 elapsed_s=537 processed=3932160 rate_per_s=7323 steals=391
event=kink_round H=19 col=7 round=stage5 frontier_in=154288179 map_wall_s=46.684 map_cpu_s=709.840 merge_wall_s=53.589 merge_cpu_s=688.408 map_units=640 merge_ranges=279 map_eff_cores=15.21 merge_eff_cores=12.85
event=heartbeat H=19 col=7 elapsed_s=554 processed=4247552 rate_per_s=7664 steals=391
event=heartbeat H=19 col=7 elapsed_s=572 processed=4461568 rate_per_s=7806 steals=391
event=heartbeat H=19 col=7 elapsed_s=589 processed=4587520 rate_per_s=7790 steals=391
event=heartbeat H=19 col=7 elapsed_s=606 processed=4587520 rate_per_s=7567 steals=391
event=heartbeat H=19 col=7 elapsed_s=624 processed=4587520 rate_per_s=7357 steals=391
event=heartbeat H=19 col=7 elapsed_s=641 processed=4587520 rate_per_s=7158 steals=458
event=kink_round H=19 col=7 round=stage6 frontier_in=156802453 map_wall_s=50.693 map_cpu_s=716.116 merge_wall_s=53.598 merge_cpu_s=696.050 map_units=640 merge_ranges=384 map_eff_cores=14.13 merge_eff_cores=12.99
event=heartbeat H=19 col=7 elapsed_s=658 processed=4880384 rate_per_s=7415 steals=458
event=heartbeat H=19 col=7 elapsed_s=675 processed=5068800 rate_per_s=7504 steals=458
event=heartbeat H=19 col=7 elapsed_s=693 processed=5242880 rate_per_s=7567 steals=458
event=heartbeat H=19 col=7 elapsed_s=710 processed=5242880 rate_per_s=7383 steals=458
event=heartbeat H=19 col=7 elapsed_s=727 processed=5242880 rate_per_s=7207 steals=458
event=heartbeat H=19 col=7 elapsed_s=745 processed=5242880 rate_per_s=7039 steals=520
event=kink_round H=19 col=7 round=stage7 frontier_in=157912180 map_wall_s=51.515 map_cpu_s=726.823 merge_wall_s=51.623 merge_cpu_s=693.363 map_units=640 merge_ranges=324 map_eff_cores=14.11 merge_eff_cores=13.43
event=heartbeat H=19 col=7 elapsed_s=762 processed=5561344 rate_per_s=7297 steals=520
event=heartbeat H=19 col=7 elapsed_s=779 processed=5743616 rate_per_s=7369 steals=520
event=heartbeat H=19 col=7 elapsed_s=797 processed=5898240 rate_per_s=7403 steals=520
event=heartbeat H=19 col=7 elapsed_s=814 processed=5898240 rate_per_s=7245 steals=520
event=heartbeat H=19 col=7 elapsed_s=831 processed=5898240 rate_per_s=7094 steals=520
event=heartbeat H=19 col=7 elapsed_s=849 processed=5898240 rate_per_s=6950 steals=589
event=kink_round H=19 col=7 round=stage8 frontier_in=158485056 map_wall_s=50.280 map_cpu_s=735.352 merge_wall_s=50.551 merge_cpu_s=690.888 map_units=640 merge_ranges=367 map_eff_cores=14.63 merge_eff_cores=13.67
event=heartbeat H=19 col=7 elapsed_s=866 processed=6183936 rate_per_s=7141 steals=589
event=heartbeat H=19 col=7 elapsed_s=883 processed=6369280 rate_per_s=7210 steals=589
event=heartbeat H=19 col=7 elapsed_s=901 processed=6553600 rate_per_s=7276 steals=589
event=heartbeat H=19 col=7 elapsed_s=918 processed=6553600 rate_per_s=7139 steals=589
event=heartbeat H=19 col=7 elapsed_s=935 processed=6553600 rate_per_s=7007 steals=589
event=heartbeat H=19 col=7 elapsed_s=953 processed=6553600 rate_per_s=6879 steals=652
event=kink_round H=19 col=7 round=stage9 frontier_in=158801316 map_wall_s=53.517 map_cpu_s=721.337 merge_wall_s=49.731 merge_cpu_s=683.846 map_units=640 merge_ranges=480 map_eff_cores=13.48 merge_eff_cores=13.75
event=heartbeat H=19 col=7 elapsed_s=970 processed=6875136 rate_per_s=7088 steals=652
event=heartbeat H=19 col=7 elapsed_s=987 processed=7055360 rate_per_s=7146 steals=652
event=heartbeat H=19 col=7 elapsed_s=1005 processed=7208960 rate_per_s=7176 steals=652
event=heartbeat H=19 col=7 elapsed_s=1022 processed=7208960 rate_per_s=7054 steals=652
event=heartbeat H=19 col=7 elapsed_s=1039 processed=7208960 rate_per_s=6937 steals=652
event=heartbeat H=19 col=7 elapsed_s=1057 processed=7208960 rate_per_s=6823 steals=718
event=kink_round H=19 col=7 round=stage10 frontier_in=159018252 map_wall_s=48.519 map_cpu_s=737.393 merge_wall_s=53.672 merge_cpu_s=692.781 map_units=640 merge_ranges=436 map_eff_cores=15.20 merge_eff_cores=12.91
event=heartbeat H=19 col=7 elapsed_s=1074 processed=7540736 rate_per_s=7022 steals=718
event=heartbeat H=19 col=7 elapsed_s=1091 processed=7721984 rate_per_s=7077 steals=718
event=heartbeat H=19 col=7 elapsed_s=1109 processed=7864320 rate_per_s=7094 steals=718
event=heartbeat H=19 col=7 elapsed_s=1126 processed=7864320 rate_per_s=6985 steals=718
event=heartbeat H=19 col=7 elapsed_s=1143 processed=7864320 rate_per_s=6879 steals=718
event=kink_round H=19 col=7 round=stage11 frontier_in=159190712 map_wall_s=46.713 map_cpu_s=725.301 merge_wall_s=51.583 merge_cpu_s=684.484 map_units=640 merge_ranges=524 map_eff_cores=15.53 merge_eff_cores=13.27
event=heartbeat H=19 col=7 elapsed_s=1160 processed=7864320 rate_per_s=6777 steals=782
event=heartbeat H=19 col=7 elapsed_s=1178 processed=8200192 rate_per_s=6962 steals=782
event=heartbeat H=19 col=7 elapsed_s=1195 processed=8403968 rate_per_s=7032 steals=782
event=heartbeat H=19 col=7 elapsed_s=1212 processed=8519680 rate_per_s=7027 steals=782
event=heartbeat H=19 col=7 elapsed_s=1230 processed=8519680 rate_per_s=6928 steals=782
event=heartbeat H=19 col=7 elapsed_s=1247 processed=8519680 rate_per_s=6832 steals=782
event=kink_round H=19 col=7 round=stage12 frontier_in=159381254 map_wall_s=47.217 map_cpu_s=706.695 merge_wall_s=51.610 merge_cpu_s=685.409 map_units=640 merge_ranges=597 map_eff_cores=14.97 merge_eff_cores=13.28
event=heartbeat H=19 col=7 elapsed_s=1264 processed=8601600 rate_per_s=6803 steals=842
event=heartbeat H=19 col=7 elapsed_s=1282 processed=8927232 rate_per_s=6965 steals=842
event=heartbeat H=19 col=7 elapsed_s=1299 processed=9116672 rate_per_s=7018 steals=842
event=heartbeat H=19 col=7 elapsed_s=1316 processed=9175040 rate_per_s=6970 steals=842
event=heartbeat H=19 col=7 elapsed_s=1334 processed=9175040 rate_per_s=6879 steals=842
event=heartbeat H=19 col=7 elapsed_s=1351 processed=9175040 rate_per_s=6791 steals=893
event=kink_round H=19 col=7 round=stage13 frontier_in=159568242 map_wall_s=47.807 map_cpu_s=711.450 merge_wall_s=49.637 merge_cpu_s=687.840 map_units=640 merge_ranges=415 map_eff_cores=14.88 merge_eff_cores=13.86
event=heartbeat H=19 col=7 elapsed_s=1368 processed=9417728 rate_per_s=6883 steals=899
event=heartbeat H=19 col=7 elapsed_s=1386 processed=9598976 rate_per_s=6927 steals=899
event=heartbeat H=19 col=7 elapsed_s=1403 processed=9786368 rate_per_s=6976 steals=899
event=heartbeat H=19 col=7 elapsed_s=1420 processed=9830400 rate_per_s=6921 steals=899
event=heartbeat H=19 col=7 elapsed_s=1438 processed=9830400 rate_per_s=6838 steals=899
event=heartbeat H=19 col=7 elapsed_s=1455 processed=9830400 rate_per_s=6757 steals=960
event=kink_round H=19 col=7 round=stage14 frontier_in=159792873 map_wall_s=49.694 map_cpu_s=692.740 merge_wall_s=52.866 merge_cpu_s=683.277 map_units=640 merge_ranges=392 map_eff_cores=13.94 merge_eff_cores=12.92
event=heartbeat H=19 col=7 elapsed_s=1472 processed=10079232 rate_per_s=6846 steals=964
event=heartbeat H=19 col=7 elapsed_s=1490 processed=10305536 rate_per_s=6918 steals=964
event=heartbeat H=19 col=7 elapsed_s=1507 processed=10485760 rate_per_s=6959 steals=964
event=heartbeat H=19 col=7 elapsed_s=1524 processed=10485760 rate_per_s=6879 steals=964
event=heartbeat H=19 col=7 elapsed_s=1542 processed=10485760 rate_per_s=6802 steals=964
event=heartbeat H=19 col=7 elapsed_s=1559 processed=10485760 rate_per_s=6727 steals=1020
event=kink_round H=19 col=7 round=stage15 frontier_in=159987308 map_wall_s=47.138 map_cpu_s=698.274 merge_wall_s=50.408 merge_cpu_s=691.857 map_units=640 merge_ranges=189 map_eff_cores=14.81 merge_eff_cores=13.73
event=heartbeat H=19 col=7 elapsed_s=1576 processed=10792960 rate_per_s=6848 steals=1020
event=heartbeat H=19 col=7 elapsed_s=1593 processed=11014144 rate_per_s=6912 steals=1020
event=heartbeat H=19 col=7 elapsed_s=1611 processed=11141120 rate_per_s=6916 steals=1020
event=heartbeat H=19 col=7 elapsed_s=1628 processed=11141120 rate_per_s=6843 steals=1020
event=heartbeat H=19 col=7 elapsed_s=1645 processed=11141120 rate_per_s=6771 steals=1020
event=kink_round H=19 col=7 round=stage16 frontier_in=160466088 map_wall_s=43.897 map_cpu_s=686.883 merge_wall_s=50.904 merge_cpu_s=696.438 map_units=640 merge_ranges=454 map_eff_cores=15.65 merge_eff_cores=13.68
event=heartbeat H=19 col=7 elapsed_s=1663 processed=11141120 rate_per_s=6700 steals=1077
event=heartbeat H=19 col=7 elapsed_s=1680 processed=11497472 rate_per_s=6843 steals=1077
event=heartbeat H=19 col=7 elapsed_s=1697 processed=11715584 rate_per_s=6902 steals=1077
event=heartbeat H=19 col=7 elapsed_s=1715 processed=11796480 rate_per_s=6879 steals=1077
event=heartbeat H=19 col=7 elapsed_s=1732 processed=11796480 rate_per_s=6811 steals=1077
event=heartbeat H=19 col=7 elapsed_s=1749 processed=11796480 rate_per_s=6743 steals=1077
event=kink_round H=19 col=7 round=stage17 frontier_in=159801348 map_wall_s=47.923 map_cpu_s=709.067 merge_wall_s=54.835 merge_cpu_s=694.825 map_units=640 merge_ranges=491 map_eff_cores=14.80 merge_eff_cores=12.67
event=heartbeat H=19 col=7 elapsed_s=1767 processed=11796480 rate_per_s=6677 steals=1141
event=heartbeat H=19 col=7 elapsed_s=1784 processed=12141568 rate_per_s=6806 steals=1141
event=heartbeat H=19 col=7 elapsed_s=1801 processed=12369920 rate_per_s=6867 steals=1141
event=heartbeat H=19 col=7 elapsed_s=1819 processed=12451840 rate_per_s=6847 steals=1141
event=heartbeat H=19 col=7 elapsed_s=1836 processed=12451840 rate_per_s=6782 steals=1141
event=heartbeat H=19 col=7 elapsed_s=1853 processed=12451840 rate_per_s=6719 steals=1143
event=kink_round H=19 col=7 round=stage18 frontier_in=162241574 map_wall_s=46.185 map_cpu_s=682.563 merge_wall_s=54.171 merge_cpu_s=678.901 map_units=640 merge_ranges=348 map_eff_cores=14.78 merge_eff_cores=12.53
event=heartbeat H=19 col=7 elapsed_s=1871 processed=12451840 rate_per_s=6657 steals=1191
event=heartbeat H=19 col=7 elapsed_s=1888 processed=12451840 rate_per_s=6595 steals=1191
event=heartbeat H=19 col=7 elapsed_s=1905 processed=12451840 rate_per_s=6536 steals=1247
event=kink_round H=19 col=7 round=finalize frontier_in=162902200 map_wall_s=20.446 map_cpu_s=742.963 merge_wall_s=20.316 merge_cpu_s=322.298 map_units=640 merge_ranges=274 map_eff_cores=36.34 merge_eff_cores=15.86
event=column H=19 col=7 frontier_in=45308234 frontier_out=45300247 wall_s=1914.97 cum_wall_s=11016.6 cpu_s=26430.0 rss_max_mb=372.5 map_wall_s=913.08 map_cpu_s=13572.6 merge_wall_s=962.39 merge_cpu_s=12857.5 map_units=13440 merge_ranges=7824 eff_cores=13.80
event=kink_round H=19 col=8 round=seed frontier_in=45300247 map_wall_s=5.426 map_cpu_s=173.528 merge_wall_s=0.000 merge_cpu_s=0.000 map_units=640 merge_ranges=0 map_eff_cores=31.98 merge_eff_cores=0.00
event=heartbeat H=19 col=8 elapsed_s=17 processed=412672 rate_per_s=23825 steals=0
event=heartbeat H=19 col=8 elapsed_s=35 processed=655360 rate_per_s=18918 steals=0
event=heartbeat H=19 col=8 elapsed_s=52 processed=655360 rate_per_s=12612 steals=4
event=kink_round H=19 col=8 round=stage0 frontier_in=45300247 map_wall_s=24.363 map_cpu_s=273.056 merge_wall_s=28.331 merge_cpu_s=335.208 map_units=640 merge_ranges=301 map_eff_cores=11.21 merge_eff_cores=11.83
event=heartbeat H=19 col=8 elapsed_s=69 processed=902144 rate_per_s=13021 steals=51
event=heartbeat H=19 col=8 elapsed_s=87 processed=1185792 rate_per_s=13692 steals=51
event=heartbeat H=19 col=8 elapsed_s=104 processed=1310720 rate_per_s=12612 steals=51
event=heartbeat H=19 col=8 elapsed_s=121 processed=1310720 rate_per_s=10811 steals=51
event=heartbeat H=19 col=8 elapsed_s=139 processed=1310720 rate_per_s=9459 steals=98
event=kink_round H=19 col=8 round=stage1 frontier_in=72777737 map_wall_s=37.841 map_cpu_s=405.016 merge_wall_s=42.268 merge_cpu_s=506.510 map_units=640 merge_ranges=279 map_eff_cores=10.70 merge_eff_cores=11.98
event=heartbeat H=19 col=8 elapsed_s=156 processed=1631232 rate_per_s=10464 steals=98
event=heartbeat H=19 col=8 elapsed_s=173 processed=1849344 rate_per_s=10677 steals=98
event=heartbeat H=19 col=8 elapsed_s=191 processed=1966080 rate_per_s=10319 steals=98
event=heartbeat H=19 col=8 elapsed_s=208 processed=1966080 rate_per_s=9459 steals=98
event=heartbeat H=19 col=8 elapsed_s=225 processed=1966080 rate_per_s=8732 steals=126
event=kink_round H=19 col=8 round=stage2 frontier_in=117422721 map_wall_s=44.894 map_cpu_s=586.974 merge_wall_s=46.809 merge_cpu_s=597.070 map_units=640 merge_ranges=323 map_eff_cores=13.07 merge_eff_cores=12.76
event=heartbeat H=19 col=8 elapsed_s=242 processed=2219008 rate_per_s=9151 steals=169
event=heartbeat H=19 col=8 elapsed_s=260 processed=2411520 rate_per_s=9282 steals=169
event=heartbeat H=19 col=8 elapsed_s=277 processed=2621440 rate_per_s=9459 steals=169
event=heartbeat H=19 col=8 elapsed_s=294 processed=2621440 rate_per_s=8903 steals=169
event=heartbeat H=19 col=8 elapsed_s=312 processed=2621440 rate_per_s=8408 steals=174
event=kink_round H=19 col=8 round=stage3 frontier_in=137212944 map_wall_s=44.587 map_cpu_s=657.109 merge_wall_s=48.483 merge_cpu_s=632.927 map_units=640 merge_ranges=351 map_eff_cores=14.74 merge_eff_cores=13.05
event=heartbeat H=19 col=8 elapsed_s=329 processed=2621440 rate_per_s=7966 steals=234
event=heartbeat H=19 col=8 elapsed_s=346 processed=2953216 rate_per_s=8525 steals=234
event=heartbeat H=19 col=8 elapsed_s=364 processed=3128320 rate_per_s=8601 steals=234
event=heartbeat H=19 col=8 elapsed_s=381 processed=3276800 rate_per_s=8599 steals=234
event=heartbeat H=19 col=8 elapsed_s=398 processed=3276800 rate_per_s=8225 steals=234
event=heartbeat H=19 col=8 elapsed_s=416 processed=3276800 rate_per_s=7883 steals=235
event=kink_round H=19 col=8 round=stage4 frontier_in=148651786 map_wall_s=50.953 map_cpu_s=693.267 merge_wall_s=50.367 merge_cpu_s=653.653 map_units=640 merge_ranges=401 map_eff_cores=13.61 merge_eff_cores=12.98
event=heartbeat H=19 col=8 elapsed_s=433 processed=3276800 rate_per_s=7567 steals=310
event=heartbeat H=19 col=8 elapsed_s=450 processed=3635200 rate_per_s=8072 steals=310
event=heartbeat H=19 col=8 elapsed_s=468 processed=3818496 rate_per_s=8165 steals=310
event=heartbeat H=19 col=8 elapsed_s=485 processed=3932160 rate_per_s=8108 steals=310
event=heartbeat H=19 col=8 elapsed_s=502 processed=3932160 rate_per_s=7828 steals=310
event=heartbeat H=19 col=8 elapsed_s=520 processed=3932160 rate_per_s=7567 steals=328
event=kink_round H=19 col=8 round=stage5 frontier_in=154245986 map_wall_s=49.170 map_cpu_s=731.349 merge_wall_s=46.037 merge_cpu_s=654.384 map_units=640 merge_ranges=297 map_eff_cores=14.87 merge_eff_cores=14.21
event=heartbeat H=19 col=8 elapsed_s=537 processed=4106240 rate_per_s=7648 steals=375
event=heartbeat H=19 col=8 elapsed_s=554 processed=4354048 rate_per_s=7856 steals=375
event=heartbeat H=19 col=8 elapsed_s=572 processed=4566016 rate_per_s=7988 steals=375
event=heartbeat H=19 col=8 elapsed_s=589 processed=4587520 rate_per_s=7790 steals=375
event=heartbeat H=19 col=8 elapsed_s=606 processed=4587520 rate_per_s=7567 steals=375
event=heartbeat H=19 col=8 elapsed_s=624 processed=4587520 rate_per_s=7357 steals=440
event=kink_round H=19 col=8 round=stage6 frontier_in=156759483 map_wall_s=48.361 map_cpu_s=719.483 merge_wall_s=51.645 merge_cpu_s=664.510 map_units=640 merge_ranges=384 map_eff_cores=14.88 merge_eff_cores=12.87
event=heartbeat H=19 col=8 elapsed_s=641 processed=4847616 rate_per_s=7564 steals=442
event=heartbeat H=19 col=8 elapsed_s=658 processed=5028864 rate_per_s=7641 steals=442
event=heartbeat H=19 col=8 elapsed_s=676 processed=5223424 rate_per_s=7733 steals=442
event=heartbeat H=19 col=8 elapsed_s=693 processed=5242880 rate_per_s=7567 steals=442
event=heartbeat H=19 col=8 elapsed_s=710 processed=5242880 rate_per_s=7383 steals=442
event=heartbeat H=19 col=8 elapsed_s=727 processed=5242880 rate_per_s=7207 steals=510
event=kink_round H=19 col=8 round=stage7 frontier_in=157869674 map_wall_s=49.093 map_cpu_s=719.772 merge_wall_s=49.795 merge_cpu_s=644.762 map_units=640 merge_ranges=262 map_eff_cores=14.66 merge_eff_cores=12.95
event=heartbeat H=19 col=8 elapsed_s=745 processed=5535744 rate_per_s=7433 steals=510
event=heartbeat H=19 col=8 elapsed_s=762 processed=5767168 rate_per_s=7567 steals=510
event=heartbeat H=19 col=8 elapsed_s=779 processed=5898240 rate_per_s=7567 steals=510
event=heartbeat H=19 col=8 elapsed_s=797 processed=5898240 rate_per_s=7403 steals=510
event=heartbeat H=19 col=8 elapsed_s=814 processed=5898240 rate_per_s=7245 steals=510
event=heartbeat H=19 col=8 elapsed_s=831 processed=5898240 rate_per_s=7094 steals=567
event=kink_round H=19 col=8 round=stage8 frontier_in=158443299 map_wall_s=46.930 map_cpu_s=721.334 merge_wall_s=50.708 merge_cpu_s=659.487 map_units=640 merge_ranges=277 map_eff_cores=15.37 merge_eff_cores=13.01
event=heartbeat H=19 col=8 elapsed_s=849 processed=6275072 rate_per_s=7394 steals=567
event=heartbeat H=19 col=8 elapsed_s=866 processed=6464512 rate_per_s=7465 steals=567
event=heartbeat H=19 col=8 elapsed_s=883 processed=6553600 rate_per_s=7419 steals=567
event=heartbeat H=19 col=8 elapsed_s=901 processed=6553600 rate_per_s=7276 steals=567
event=heartbeat H=19 col=8 elapsed_s=918 processed=6553600 rate_per_s=7139 steals=568
event=kink_round H=19 col=8 round=stage9 frontier_in=158759122 map_wall_s=44.229 map_cpu_s=732.635 merge_wall_s=51.675 merge_cpu_s=655.342 map_units=640 merge_ranges=302 map_eff_cores=16.56 merge_eff_cores=12.68
event=heartbeat H=19 col=8 elapsed_s=935 processed=6716416 rate_per_s=7181 steals=634
event=heartbeat H=19 col=8 elapsed_s=953 processed=6934528 rate_per_s=7279 steals=634
event=heartbeat H=19 col=8 elapsed_s=970 processed=7140352 rate_per_s=7362 steals=634
event=heartbeat H=19 col=8 elapsed_s=987 processed=7208960 rate_per_s=7302 steals=634
event=heartbeat H=19 col=8 elapsed_s=1005 processed=7208960 rate_per_s=7176 steals=634
event=heartbeat H=19 col=8 elapsed_s=1022 processed=7208960 rate_per_s=7054 steals=648
event=kink_round H=19 col=8 round=stage10 frontier_in=158970996 map_wall_s=49.869 map_cpu_s=717.588 merge_wall_s=48.878 merge_cpu_s=655.762 map_units=640 merge_ranges=291 map_eff_cores=14.39 merge_eff_cores=13.42
event=heartbeat H=19 col=8 elapsed_s=1039 processed=7478272 rate_per_s=7196 steals=686
event=heartbeat H=19 col=8 elapsed_s=1057 processed=7647232 rate_per_s=7238 steals=686
event=heartbeat H=19 col=8 elapsed_s=1074 processed=7852032 rate_per_s=7312 steals=686
event=heartbeat H=19 col=8 elapsed_s=1091 processed=7864320 rate_per_s=7207 steals=686
event=heartbeat H=19 col=8 elapsed_s=1109 processed=7864320 rate_per_s=7094 steals=686
event=heartbeat H=19 col=8 elapsed_s=1126 processed=7864320 rate_per_s=6985 steals=754
event=kink_round H=19 col=8 round=stage11 frontier_in=159131154 map_wall_s=48.168 map_cpu_s=712.855 merge_wall_s=50.470 merge_cpu_s=665.970 map_units=640 merge_ranges=491 map_eff_cores=14.80 merge_eff_cores=13.20
event=heartbeat H=19 col=8 elapsed_s=1143 processed=8164352 rate_per_s=7142 steals=754
event=heartbeat H=19 col=8 elapsed_s=1160 processed=8368128 rate_per_s=7211 steals=754
event=heartbeat H=19 col=8 elapsed_s=1178 processed=8519680 rate_per_s=7234 steals=754
event=heartbeat H=19 col=8 elapsed_s=1195 processed=8519680 rate_per_s=7129 steals=754
event=heartbeat H=19 col=8 elapsed_s=1212 processed=8519680 rate_per_s=7027 steals=754
event=heartbeat H=19 col=8 elapsed_s=1230 processed=8519680 rate_per_s=6928 steals=820
event=kink_round H=19 col=8 round=stage12 frontier_in=159308627 map_wall_s=45.805 map_cpu_s=696.331 merge_wall_s=52.080 merge_cpu_s=659.592 map_units=640 merge_ranges=240 map_eff_cores=15.20 merge_eff_cores=12.66
event=heartbeat H=19 col=8 elapsed_s=1247 processed=8875008 rate_per_s=7117 steals=820
event=heartbeat H=19 col=8 elapsed_s=1264 processed=9093120 rate_per_s=7192 steals=820
event=heartbeat H=19 col=8 elapsed_s=1282 processed=9175040 rate_per_s=7158 steals=820
event=heartbeat H=19 col=8 elapsed_s=1299 processed=9175040 rate_per_s=7063 steals=820
event=heartbeat H=19 col=8 elapsed_s=1316 processed=9175040 rate_per_s=6970 steals=872
event=kink_round H=19 col=8 round=stage13 frontier_in=159477960 map_wall_s=43.817 map_cpu_s=675.943 merge_wall_s=46.636 merge_cpu_s=643.481 map_units=640 merge_ranges=232 map_eff_cores=15.43 merge_eff_cores=13.80
event=heartbeat H=19 col=8 elapsed_s=1334 processed=9453568 rate_per_s=7088 steals=874
event=heartbeat H=19 col=8 elapsed_s=1351 processed=9678848 rate_per_s=7164 steals=874
event=heartbeat H=19 col=8 elapsed_s=1368 processed=9830400 rate_per_s=7184 steals=874
event=heartbeat H=19 col=8 elapsed_s=1386 processed=9830400 rate_per_s=7094 steals=874
event=heartbeat H=19 col=8 elapsed_s=1403 processed=9830400 rate_per_s=7007 steals=874
event=kink_round H=19 col=8 round=stage14 frontier_in=159688751 map_wall_s=43.323 map_cpu_s=670.029 merge_wall_s=49.995 merge_cpu_s=650.284 map_units=640 merge_ranges=330 map_eff_cores=15.47 merge_eff_cores=13.01
event=heartbeat H=19 col=8 elapsed_s=1420 processed=9830400 rate_per_s=6921 steals=927
event=heartbeat H=19 col=8 elapsed_s=1438 processed=10208256 rate_per_s=7101 steals=927
event=heartbeat H=19 col=8 elapsed_s=1455 processed=10420224 rate_per_s=7162 steals=927
event=heartbeat H=19 col=8 elapsed_s=1472 processed=10485760 rate_per_s=7122 steals=927
event=heartbeat H=19 col=8 elapsed_s=1490 processed=10485760 rate_per_s=7039 steals=927
event=heartbeat H=19 col=8 elapsed_s=1507 processed=10485760 rate_per_s=6959 steals=989
event=kink_round H=19 col=8 round=stage15 frontier_in=159871485 map_wall_s=43.173 map_cpu_s=669.481 merge_wall_s=47.596 merge_cpu_s=650.551 map_units=640 merge_ranges=412 map_eff_cores=15.51 merge_eff_cores=13.67
event=heartbeat H=19 col=8 elapsed_s=1524 processed=10774528 rate_per_s=7069 steals=991
event=heartbeat H=19 col=8 elapsed_s=1542 processed=11010048 rate_per_s=7142 steals=991
event=heartbeat H=19 col=8 elapsed_s=1559 processed=11141120 rate_per_s=7147 steals=991
event=heartbeat H=19 col=8 elapsed_s=1576 processed=11141120 rate_per_s=7068 steals=991
event=heartbeat H=19 col=8 elapsed_s=1593 processed=11141120 rate_per_s=6992 steals=991
event=heartbeat H=19 col=8 elapsed_s=1611 processed=11141120 rate_per_s=6916 steals=1057
event=kink_round H=19 col=8 round=stage16 frontier_in=160339149 map_wall_s=42.767 map_cpu_s=682.622 merge_wall_s=52.720 merge_cpu_s=649.925 map_units=640 merge_ranges=424 map_eff_cores=15.96 merge_eff_cores=12.33
event=heartbeat H=19 col=8 elapsed_s=1628 processed=11491328 rate_per_s=7058 steals=1057
event=heartbeat H=19 col=8 elapsed_s=1645 processed=11708416 rate_per_s=7116 steals=1057
event=heartbeat H=19 col=8 elapsed_s=1663 processed=11796480 rate_per_s=7094 steals=1057
event=heartbeat H=19 col=8 elapsed_s=1680 processed=11796480 rate_per_s=7021 steals=1057
event=heartbeat H=19 col=8 elapsed_s=1697 processed=11796480 rate_per_s=6950 steals=1064
event=kink_round H=19 col=8 round=stage17 frontier_in=159640467 map_wall_s=46.028 map_cpu_s=678.231 merge_wall_s=46.918 merge_cpu_s=656.392 map_units=640 merge_ranges=438 map_eff_cores=14.74 merge_eff_cores=13.99
event=heartbeat H=19 col=8 elapsed_s=1715 processed=12057600 rate_per_s=7032 steals=1119
event=heartbeat H=19 col=8 elapsed_s=1732 processed=12256256 rate_per_s=7076 steals=1119
event=heartbeat H=19 col=8 elapsed_s=1749 processed=12451840 rate_per_s=7118 steals=1119
event=heartbeat H=19 col=8 elapsed_s=1767 processed=12451840 rate_per_s=7048 steals=1119
event=heartbeat H=19 col=8 elapsed_s=1784 processed=12451840 rate_per_s=6980 steals=1119
event=heartbeat H=19 col=8 elapsed_s=1801 processed=12451840 rate_per_s=6913 steals=1177
event=kink_round H=19 col=8 round=stage18 frontier_in=162069212 map_wall_s=44.494 map_cpu_s=656.242 merge_wall_s=54.653 merge_cpu_s=639.456 map_units=640 merge_ranges=438 map_eff_cores=14.75 merge_eff_cores=11.70
event=heartbeat H=19 col=8 elapsed_s=1819 processed=12451840 rate_per_s=6847 steals=1178
event=heartbeat H=19 col=8 elapsed_s=1836 processed=12451840 rate_per_s=6782 steals=1178
event=kink_round H=19 col=8 round=finalize frontier_in=162676120 map_wall_s=18.581 map_cpu_s=687.781 merge_wall_s=17.944 merge_cpu_s=304.642 map_units=640 merge_ranges=272 map_eff_cores=37.02 merge_eff_cores=16.98
event=column H=19 col=8 frontier_in=45300247 frontier_out=45201630 wall_s=1850.72 cum_wall_s=12867.3 cpu_s=25440.5 rss_max_mb=372.5 map_wall_s=871.87 map_cpu_s=13260.6 merge_wall_s=934.01 merge_cpu_s=12179.9 map_units=13440 merge_ranges=6745 eff_cores=13.75
event=kink_round H=19 col=9 round=seed frontier_in=45201630 map_wall_s=6.364 map_cpu_s=167.054 merge_wall_s=0.000 merge_cpu_s=0.000 map_units=640 merge_ranges=0 map_eff_cores=26.25 merge_eff_cores=0.00
event=heartbeat H=19 col=9 elapsed_s=17 processed=417792 rate_per_s=24120 steals=0
event=heartbeat H=19 col=9 elapsed_s=35 processed=655360 rate_per_s=18918 steals=0
event=heartbeat H=19 col=9 elapsed_s=52 processed=655360 rate_per_s=12612 steals=49
event=kink_round H=19 col=9 round=stage0 frontier_in=45201630 map_wall_s=23.222 map_cpu_s=259.243 merge_wall_s=23.443 merge_cpu_s=318.185 map_units=640 merge_ranges=321 map_eff_cores=11.16 merge_eff_cores=13.57
event=heartbeat H=19 col=9 elapsed_s=69 processed=1032192 rate_per_s=14898 steals=49
event=heartbeat H=19 col=9 elapsed_s=87 processed=1310720 rate_per_s=15135 steals=49
event=heartbeat H=19 col=9 elapsed_s=104 processed=1310720 rate_per_s=12612 steals=49
event=heartbeat H=19 col=9 elapsed_s=121 processed=1310720 rate_per_s=10810 steals=96
event=kink_round H=19 col=9 round=stage1 frontier_in=72603410 map_wall_s=36.086 map_cpu_s=387.527 merge_wall_s=36.547 merge_cpu_s=484.642 map_units=640 merge_ranges=380 map_eff_cores=10.74 merge_eff_cores=13.26
event=heartbeat H=19 col=9 elapsed_s=139 processed=1609728 rate_per_s=11617 steals=100
event=heartbeat H=19 col=9 elapsed_s=156 processed=1846272 rate_per_s=11844 steals=100
event=heartbeat H=19 col=9 elapsed_s=173 processed=1966080 rate_per_s=11351 steals=100
event=heartbeat H=19 col=9 elapsed_s=191 processed=1966080 rate_per_s=10319 steals=100
event=heartbeat H=19 col=9 elapsed_s=208 processed=1966080 rate_per_s=9459 steals=125
event=kink_round H=19 col=9 round=stage2 frontier_in=117140033 map_wall_s=39.820 map_cpu_s=564.919 merge_wall_s=47.957 merge_cpu_s=570.118 map_units=640 merge_ranges=238 map_eff_cores=14.19 merge_eff_cores=11.89
event=heartbeat H=19 col=9 elapsed_s=225 processed=2227200 rate_per_s=9891 steals=171
event=heartbeat H=19 col=9 elapsed_s=242 processed=2437120 rate_per_s=10050 steals=171
event=heartbeat H=19 col=9 elapsed_s=260 processed=2621440 rate_per_s=10090 steals=171
event=heartbeat H=19 col=9 elapsed_s=277 processed=2621440 rate_per_s=9459 steals=171
event=heartbeat H=19 col=9 elapsed_s=294 processed=2621440 rate_per_s=8903 steals=175
event=kink_round H=19 col=9 round=stage3 frontier_in=136881337 map_wall_s=43.549 map_cpu_s=637.824 merge_wall_s=48.902 merge_cpu_s=623.042 map_units=640 merge_ranges=478 map_eff_cores=14.65 merge_eff_cores=12.74
event=heartbeat H=19 col=9 elapsed_s=312 processed=2621440 rate_per_s=8408 steals=244
event=heartbeat H=19 col=9 elapsed_s=329 processed=2979840 rate_per_s=9055 steals=244
event=heartbeat H=19 col=9 elapsed_s=346 processed=3183616 rate_per_s=9190 steals=244
event=heartbeat H=19 col=9 elapsed_s=364 processed=3276800 rate_per_s=9009 steals=244
event=heartbeat H=19 col=9 elapsed_s=381 processed=3276800 rate_per_s=8599 steals=244
event=heartbeat H=19 col=9 elapsed_s=398 processed=3276800 rate_per_s=8225 steals=301
event=kink_round H=19 col=9 round=stage4 frontier_in=148274284 map_wall_s=46.586 map_cpu_s=679.206 merge_wall_s=44.928 merge_cpu_s=604.278 map_units=640 merge_ranges=480 map_eff_cores=14.58 merge_eff_cores=13.45
event=heartbeat H=19 col=9 elapsed_s=416 processed=3528704 rate_per_s=8489 steals=308
event=heartbeat H=19 col=9 elapsed_s=433 processed=3758080 rate_per_s=8679 steals=308
event=heartbeat H=19 col=9 elapsed_s=450 processed=3932160 rate_per_s=8732 steals=308
event=heartbeat H=19 col=9 elapsed_s=468 processed=3932160 rate_per_s=8408 steals=308
event=heartbeat H=19 col=9 elapsed_s=485 processed=3932160 rate_per_s=8108 steals=308
event=heartbeat H=19 col=9 elapsed_s=502 processed=3932160 rate_per_s=7828 steals=371
event=kink_round H=19 col=9 round=stage5 frontier_in=153849358 map_wall_s=45.548 map_cpu_s=685.402 merge_wall_s=49.760 merge_cpu_s=630.048 map_units=640 merge_ranges=277 map_eff_cores=15.05 merge_eff_cores=12.66
event=heartbeat H=19 col=9 elapsed_s=520 processed=4270080 rate_per_s=8218 steals=371
event=heartbeat H=19 col=9 elapsed_s=537 processed=4484096 rate_per_s=8351 steals=371
event=heartbeat H=19 col=9 elapsed_s=554 processed=4587520 rate_per_s=8277 steals=371
event=heartbeat H=19 col=9 elapsed_s=572 processed=4587520 rate_per_s=8026 steals=371
event=heartbeat H=19 col=9 elapsed_s=589 processed=4587520 rate_per_s=7790 steals=389
event=kink_round H=19 col=9 round=stage6 frontier_in=156338426 map_wall_s=45.870 map_cpu_s=692.854 merge_wall_s=46.001 merge_cpu_s=619.415 map_units=640 merge_ranges=470 map_eff_cores=15.10 merge_eff_cores=13.47
event=heartbeat H=19 col=9 elapsed_s=606 processed=4811776 rate_per_s=7937 steals=436
event=heartbeat H=19 col=9 elapsed_s=624 processed=5099520 rate_per_s=8178 steals=436
event=heartbeat H=19 col=9 elapsed_s=641 processed=5242880 rate_per_s=8181 steals=436
event=heartbeat H=19 col=9 elapsed_s=658 processed=5242880 rate_per_s=7966 steals=436
event=heartbeat H=19 col=9 elapsed_s=675 processed=5242880 rate_per_s=7761 steals=436
event=kink_round H=19 col=9 round=stage7 frontier_in=157418116 map_wall_s=41.070 map_cpu_s=681.999 merge_wall_s=45.811 merge_cpu_s=618.848 map_units=640 merge_ranges=430 map_eff_cores=16.61 merge_eff_cores=13.51
event=heartbeat H=19 col=9 elapsed_s=693 processed=5405696 rate_per_s=7802 steals=503
event=heartbeat H=19 col=9 elapsed_s=710 processed=5736448 rate_per_s=8078 steals=503
event=heartbeat H=19 col=9 elapsed_s=727 processed=5898240 rate_per_s=8108 steals=503
event=heartbeat H=19 col=9 elapsed_s=745 processed=5898240 rate_per_s=7919 steals=503
event=heartbeat H=19 col=9 elapsed_s=762 processed=5898240 rate_per_s=7739 steals=503
event=kink_round H=19 col=9 round=stage8 frontier_in=157949365 map_wall_s=40.437 map_cpu_s=680.429 merge_wall_s=46.462 merge_cpu_s=618.808 map_units=640 merge_ranges=365 map_eff_cores=16.83 merge_eff_cores=13.32
event=heartbeat H=19 col=9 elapsed_s=779 processed=5898240 rate_per_s=7567 steals=569
event=heartbeat H=19 col=9 elapsed_s=797 processed=6320128 rate_per_s=7932 steals=569
event=heartbeat H=19 col=9 elapsed_s=814 processed=6553600 rate_per_s=8050 steals=569
event=heartbeat H=19 col=9 elapsed_s=831 processed=6553600 rate_per_s=7883 steals=569
event=heartbeat H=19 col=9 elapsed_s=849 processed=6553600 rate_per_s=7722 steals=569
event=kink_round H=19 col=9 round=stage9 frontier_in=158232359 map_wall_s=39.450 map_cpu_s=710.064 merge_wall_s=47.361 merge_cpu_s=617.176 map_units=640 merge_ranges=293 map_eff_cores=18.00 merge_eff_cores=13.03
event=heartbeat H=19 col=9 elapsed_s=866 processed=6553600 rate_per_s=7567 steals=633
event=heartbeat H=19 col=9 elapsed_s=883 processed=6979584 rate_per_s=7901 steals=633
event=heartbeat H=19 col=9 elapsed_s=901 processed=7200768 rate_per_s=7995 steals=633
event=heartbeat H=19 col=9 elapsed_s=918 processed=7208960 rate_per_s=7853 steals=633
event=heartbeat H=19 col=9 elapsed_s=935 processed=7208960 rate_per_s=7708 steals=633
event=heartbeat H=19 col=9 elapsed_s=953 processed=7208960 rate_per_s=7567 steals=695
event=kink_round H=19 col=9 round=stage10 frontier_in=158433310 map_wall_s=39.347 map_cpu_s=697.809 merge_wall_s=45.295 merge_cpu_s=619.889 map_units=640 merge_ranges=505 map_eff_cores=17.73 merge_eff_cores=13.69
event=heartbeat H=19 col=9 elapsed_s=970 processed=7582720 rate_per_s=7818 steals=695
event=heartbeat H=19 col=9 elapsed_s=987 processed=7799808 rate_per_s=7900 steals=695
event=heartbeat H=19 col=9 elapsed_s=1005 processed=7864320 rate_per_s=7828 steals=695
event=heartbeat H=19 col=9 elapsed_s=1022 processed=7864320 rate_per_s=7696 steals=695
event=heartbeat H=19 col=9 elapsed_s=1039 processed=7864320 rate_per_s=7567 steals=750
event=kink_round H=19 col=9 round=stage11 frontier_in=158587127 map_wall_s=43.160 map_cpu_s=684.901 merge_wall_s=47.380 merge_cpu_s=620.820 map_units=640 merge_ranges=297 map_eff_cores=15.87 merge_eff_cores=13.10
event=heartbeat H=19 col=9 elapsed_s=1057 processed=8214528 rate_per_s=7775 steals=752
event=heartbeat H=19 col=9 elapsed_s=1074 processed=8411136 rate_per_s=7833 steals=752
event=heartbeat H=19 col=9 elapsed_s=1091 processed=8519680 rate_per_s=7808 steals=752
event=heartbeat H=19 col=9 elapsed_s=1109 processed=8519680 rate_per_s=7686 steals=752
event=heartbeat H=19 col=9 elapsed_s=1126 processed=8519680 rate_per_s=7567 steals=812
event=kink_round H=19 col=9 round=stage12 frontier_in=158777871 map_wall_s=40.162 map_cpu_s=687.194 merge_wall_s=45.493 merge_cpu_s=623.601 map_units=640 merge_ranges=405 map_eff_cores=17.11 merge_eff_cores=13.71
event=heartbeat H=19 col=9 elapsed_s=1143 processed=8820736 rate_per_s=7716 steals=819
event=heartbeat H=19 col=9 elapsed_s=1160 processed=9026560 rate_per_s=7778 steals=819
event=heartbeat H=19 col=9 elapsed_s=1178 processed=9175040 rate_per_s=7790 steals=819
event=heartbeat H=19 col=9 elapsed_s=1195 processed=9175040 rate_per_s=7677 steals=819
event=heartbeat H=19 col=9 elapsed_s=1212 processed=9175040 rate_per_s=7567 steals=824
event=kink_round H=19 col=9 round=stage13 frontier_in=158946561 map_wall_s=40.661 map_cpu_s=644.655 merge_wall_s=45.522 merge_cpu_s=603.596 map_units=640 merge_ranges=368 map_eff_cores=15.85 merge_eff_cores=13.26
event=heartbeat H=19 col=9 elapsed_s=1230 processed=9421824 rate_per_s=7662 steals=882
event=heartbeat H=19 col=9 elapsed_s=1247 processed=9689088 rate_per_s=7769 steals=882
event=heartbeat H=19 col=9 elapsed_s=1264 processed=9830400 rate_per_s=7775 steals=882
event=heartbeat H=19 col=9 elapsed_s=1282 processed=9830400 rate_per_s=7670 steals=882
event=heartbeat H=19 col=9 elapsed_s=1299 processed=9830400 rate_per_s=7567 steals=898
event=kink_round H=19 col=9 round=stage14 frontier_in=159144298 map_wall_s=38.406 map_cpu_s=669.165 merge_wall_s=45.092 merge_cpu_s=609.515 map_units=640 merge_ranges=476 map_eff_cores=17.42 merge_eff_cores=13.52
event=heartbeat H=19 col=9 elapsed_s=1316 processed=10034176 rate_per_s=7623 steals=940
event=heartbeat H=19 col=9 elapsed_s=1334 processed=10331136 rate_per_s=7746 steals=940
event=heartbeat H=19 col=9 elapsed_s=1351 processed=10485760 rate_per_s=7761 steals=940
event=heartbeat H=19 col=9 elapsed_s=1368 processed=10485760 rate_per_s=7663 steals=940
event=heartbeat H=19 col=9 elapsed_s=1386 processed=10485760 rate_per_s=7567 steals=940
event=kink_round H=19 col=9 round=stage15 frontier_in=159285850 map_wall_s=40.583 map_cpu_s=647.149 merge_wall_s=46.087 merge_cpu_s=622.130 map_units=640 merge_ranges=375 map_eff_cores=15.95 merge_eff_cores=13.50
event=heartbeat H=19 col=9 elapsed_s=1403 processed=10570752 rate_per_s=7535 steals=1001
event=heartbeat H=19 col=9 elapsed_s=1420 processed=10978304 rate_per_s=7730 steals=1001
event=heartbeat H=19 col=9 elapsed_s=1438 processed=11141120 rate_per_s=7750 steals=1001
event=heartbeat H=19 col=9 elapsed_s=1455 processed=11141120 rate_per_s=7658 steals=1001
event=heartbeat H=19 col=9 elapsed_s=1472 processed=11141120 rate_per_s=7567 steals=1001
event=kink_round H=19 col=9 round=stage16 frontier_in=159678983 map_wall_s=38.977 map_cpu_s=645.241 merge_wall_s=48.639 merge_cpu_s=602.999 map_units=640 merge_ranges=379 map_eff_cores=16.55 merge_eff_cores=12.40
event=heartbeat H=19 col=9 elapsed_s=1490 processed=11141120 rate_per_s=7479 steals=1064
event=heartbeat H=19 col=9 elapsed_s=1507 processed=11517952 rate_per_s=7644 steals=1064
event=heartbeat H=19 col=9 elapsed_s=1524 processed=11728896 rate_per_s=7695 steals=1064
event=heartbeat H=19 col=9 elapsed_s=1542 processed=11796480 rate_per_s=7652 steals=1064
event=heartbeat H=19 col=9 elapsed_s=1559 processed=11796480 rate_per_s=7567 steals=1064
event=heartbeat H=19 col=9 elapsed_s=1576 processed=11796480 rate_per_s=7484 steals=1065
event=kink_round H=19 col=9 round=stage17 frontier_in=158855114 map_wall_s=45.713 map_cpu_s=634.581 merge_wall_s=51.030 merge_cpu_s=618.856 map_units=640 merge_ranges=226 map_eff_cores=13.88 merge_eff_cores=12.13
event=heartbeat H=19 col=9 elapsed_s=1593 processed=11969536 rate_per_s=7512 steals=1123
event=heartbeat H=19 col=9 elapsed_s=1611 processed=12267520 rate_per_s=7616 steals=1123
event=heartbeat H=19 col=9 elapsed_s=1628 processed=12451840 rate_per_s=7648 steals=1123
event=heartbeat H=19 col=9 elapsed_s=1645 processed=12451840 rate_per_s=7567 steals=1123
event=heartbeat H=19 col=9 elapsed_s=1663 processed=12451840 rate_per_s=7489 steals=1123
event=kink_round H=19 col=9 round=stage18 frontier_in=161220111 map_wall_s=41.874 map_cpu_s=608.158 merge_wall_s=47.342 merge_cpu_s=589.683 map_units=640 merge_ranges=499 map_eff_cores=14.52 merge_eff_cores=12.46
event=heartbeat H=19 col=9 elapsed_s=1680 processed=12451840 rate_per_s=7411 steals=1180
event=heartbeat H=19 col=9 elapsed_s=1697 processed=12451840 rate_per_s=7336 steals=1180
event=kink_round H=19 col=9 round=finalize frontier_in=161624376 map_wall_s=13.294 map_cpu_s=746.759 merge_wall_s=18.982 merge_cpu_s=271.986 map_units=640 merge_ranges=286 map_eff_cores=56.17 merge_eff_cores=14.33
event=heartbeat H=19 col=9 elapsed_s=1715 processed=12451840 rate_per_s=7262 steals=1231
event=column H=19 col=9 frontier_in=45201630 frontier_out=44797045 wall_s=1718.17 cum_wall_s=14585.5 cpu_s=24299.8 rss_max_mb=372.5 map_wall_s=790.18 map_cpu_s=12812.1 merge_wall_s=878.03 merge_cpu_s=11487.6 map_units=13440 merge_ranges=7548 eff_cores=14.14
event=kink_round H=19 col=10 round=seed frontier_in=44797045 map_wall_s=2.864 map_cpu_s=160.178 merge_wall_s=0.000 merge_cpu_s=0.000 map_units=640 merge_ranges=0 map_eff_cores=55.92 merge_eff_cores=0.00
event=heartbeat H=19 col=10 elapsed_s=17 processed=585728 rate_per_s=33816 steals=0
event=heartbeat H=19 col=10 elapsed_s=35 processed=655360 rate_per_s=18918 steals=0
event=kink_round H=19 col=10 round=stage0 frontier_in=44797045 map_wall_s=21.153 map_cpu_s=237.696 merge_wall_s=22.874 merge_cpu_s=293.885 map_units=640 merge_ranges=250 map_eff_cores=11.24 merge_eff_cores=12.85
event=heartbeat H=19 col=10 elapsed_s=52 processed=819200 rate_per_s=15765 steals=50
event=heartbeat H=19 col=10 elapsed_s=69 processed=1149952 rate_per_s=16598 steals=50
event=heartbeat H=19 col=10 elapsed_s=87 processed=1310720 rate_per_s=15135 steals=50
event=heartbeat H=19 col=10 elapsed_s=104 processed=1310720 rate_per_s=12612 steals=53
event=kink_round H=19 col=10 round=stage1 frontier_in=71912309 map_wall_s=34.260 map_cpu_s=362.112 merge_wall_s=32.960 merge_cpu_s=467.845 map_units=640 merge_ranges=270 map_eff_cores=10.57 merge_eff_cores=14.19
event=heartbeat H=19 col=10 elapsed_s=121 processed=1482752 rate_per_s=12230 steals=100
event=heartbeat H=19 col=10 elapsed_s=139 processed=1709056 rate_per_s=12334 steals=100
event=heartbeat H=19 col=10 elapsed_s=156 processed=1966080 rate_per_s=12612 steals=100
event=heartbeat H=19 col=10 elapsed_s=173 processed=1966080 rate_per_s=11351 steals=100
event=heartbeat H=19 col=10 elapsed_s=191 processed=1966080 rate_per_s=10319 steals=109
event=kink_round H=19 col=10 round=stage2 frontier_in=116025234 map_wall_s=42.825 map_cpu_s=504.925 merge_wall_s=40.741 merge_cpu_s=535.416 map_units=640 merge_ranges=357 map_eff_cores=11.79 merge_eff_cores=13.14
event=heartbeat H=19 col=10 elapsed_s=208 processed=2189312 rate_per_s=10533 steals=167
event=heartbeat H=19 col=10 elapsed_s=225 processed=2454528 rate_per_s=10901 steals=167
event=heartbeat H=19 col=10 elapsed_s=242 processed=2621440 rate_per_s=10811 steals=167
event=heartbeat H=19 col=10 elapsed_s=260 processed=2621440 rate_per_s=10090 steals=167
event=heartbeat H=19 col=10 elapsed_s=277 processed=2621440 rate_per_s=9459 steals=225
event=kink_round H=19 col=10 round=stage3 frontier_in=135604957 map_wall_s=39.334 map_cpu_s=599.212 merge_wall_s=41.250 merge_cpu_s=556.515 map_units=640 merge_ranges=386 map_eff_cores=15.23 merge_eff_cores=13.49
event=heartbeat H=19 col=10 elapsed_s=294 processed=2869248 rate_per_s=9744 steals=228
event=heartbeat H=19 col=10 elapsed_s=312 processed=3117056 rate_per_s=9998 steals=228
event=heartbeat H=19 col=10 elapsed_s=329 processed=3276800 rate_per_s=9957 steals=228
event=heartbeat H=19 col=10 elapsed_s=346 processed=3276800 rate_per_s=9459 steals=228
event=heartbeat H=19 col=10 elapsed_s=364 processed=3276800 rate_per_s=9009 steals=290
event=kink_round H=19 col=10 round=stage4 frontier_in=146875623 map_wall_s=41.933 map_cpu_s=638.771 merge_wall_s=43.602 merge_cpu_s=584.873 map_units=640 merge_ranges=500 map_eff_cores=15.23 merge_eff_cores=13.41
event=heartbeat H=19 col=10 elapsed_s=381 processed=3558400 rate_per_s=9338 steals=298
event=heartbeat H=19 col=10 elapsed_s=398 processed=3806208 rate_per_s=9554 steals=298
event=heartbeat H=19 col=10 elapsed_s=416 processed=3932160 rate_per_s=9459 steals=298
event=heartbeat H=19 col=10 elapsed_s=433 processed=3932160 rate_per_s=9081 steals=298
event=heartbeat H=19 col=10 elapsed_s=450 processed=3932160 rate_per_s=8732 steals=302
event=kink_round H=19 col=10 round=stage5 frontier_in=152370372 map_wall_s=39.520 map_cpu_s=653.361 merge_wall_s=46.938 merge_cpu_s=581.550 map_units=640 merge_ranges=376 map_eff_cores=16.53 merge_eff_cores=12.39
event=heartbeat H=19 col=10 elapsed_s=468 processed=4096000 rate_per_s=8759 steals=364
event=heartbeat H=19 col=10 elapsed_s=485 processed=4442112 rate_per_s=9159 steals=364
event=heartbeat H=19 col=10 elapsed_s=502 processed=4587520 rate_per_s=9133 steals=364
event=heartbeat H=19 col=10 elapsed_s=520 processed=4587520 rate_per_s=8829 steals=364
event=heartbeat H=19 col=10 elapsed_s=537 processed=4587520 rate_per_s=8544 steals=378
event=kink_round H=19 col=10 round=stage6 frontier_in=154793525 map_wall_s=39.702 map_cpu_s=699.604 merge_wall_s=42.143 merge_cpu_s=572.757 map_units=640 merge_ranges=378 map_eff_cores=17.62 merge_eff_cores=13.59
event=heartbeat H=19 col=10 elapsed_s=554 processed=4845568 rate_per_s=8742 steals=429
event=heartbeat H=19 col=10 elapsed_s=572 processed=5084160 rate_per_s=8895 steals=429
event=heartbeat H=19 col=10 elapsed_s=589 processed=5242880 rate_per_s=8903 steals=429
event=heartbeat H=19 col=10 elapsed_s=606 processed=5242880 rate_per_s=8648 steals=429
event=heartbeat H=19 col=10 elapsed_s=624 processed=5242880 rate_per_s=8408 steals=429
event=kink_round H=19 col=10 round=stage7 frontier_in=155840305 map_wall_s=42.113 map_cpu_s=650.608 merge_wall_s=47.634 merge_cpu_s=574.096 map_units=640 merge_ranges=432 map_eff_cores=15.45 merge_eff_cores=12.05
event=heartbeat H=19 col=10 elapsed_s=641 processed=5242880 rate_per_s=8181 steals=495
event=heartbeat H=19 col=10 elapsed_s=658 processed=5706752 rate_per_s=8671 steals=495
event=heartbeat H=19 col=10 elapsed_s=676 processed=5898240 rate_per_s=8732 steals=495
event=heartbeat H=19 col=10 elapsed_s=693 processed=5898240 rate_per_s=8513 steals=495
event=heartbeat H=19 col=10 elapsed_s=710 processed=5898240 rate_per_s=8306 steals=499
event=kink_round H=19 col=10 round=stage8 frontier_in=156361085 map_wall_s=37.998 map_cpu_s=737.403 merge_wall_s=41.716 merge_cpu_s=574.056 map_units=640 merge_ranges=254 map_eff_cores=19.41 merge_eff_cores=13.76
event=heartbeat H=19 col=10 elapsed_s=727 processed=6062080 rate_per_s=8333 steals=562
event=heartbeat H=19 col=10 elapsed_s=745 processed=6335488 rate_per_s=8506 steals=562
event=heartbeat H=19 col=10 elapsed_s=762 processed=6553600 rate_per_s=8599 steals=562
event=heartbeat H=19 col=10 elapsed_s=779 processed=6553600 rate_per_s=8408 steals=562
event=heartbeat H=19 col=10 elapsed_s=797 processed=6553600 rate_per_s=8225 steals=562
event=heartbeat H=19 col=10 elapsed_s=814 processed=6553600 rate_per_s=8050 steals=625
event=kink_round H=19 col=10 round=stage9 frontier_in=156653920 map_wall_s=44.360 map_cpu_s=643.986 merge_wall_s=46.699 merge_cpu_s=582.534 map_units=640 merge_ranges=380 map_eff_cores=14.52 merge_eff_cores=12.47
event=heartbeat H=19 col=10 elapsed_s=831 processed=6919168 rate_per_s=8322 steals=625
event=heartbeat H=19 col=10 elapsed_s=849 processed=7144448 rate_per_s=8418 steals=625
event=heartbeat H=19 col=10 elapsed_s=866 processed=7208960 rate_per_s=8324 steals=625
event=heartbeat H=19 col=10 elapsed_s=883 processed=7208960 rate_per_s=8161 steals=625
event=heartbeat H=19 col=10 elapsed_s=901 processed=7208960 rate_per_s=8004 steals=683
event=kink_round H=19 col=10 round=stage10 frontier_in=156876507 map_wall_s=40.172 map_cpu_s=628.564 merge_wall_s=44.978 merge_cpu_s=566.727 map_units=640 merge_ranges=196 map_eff_cores=15.65 merge_eff_cores=12.60
event=heartbeat H=19 col=10 elapsed_s=918 processed=7554048 rate_per_s=8229 steals=683
event=heartbeat H=19 col=10 elapsed_s=935 processed=7789568 rate_per_s=8328 steals=683
event=heartbeat H=19 col=10 elapsed_s=953 processed=7864320 rate_per_s=8255 steals=683
event=heartbeat H=19 col=10 elapsed_s=970 processed=7864320 rate_per_s=8108 steals=683
event=heartbeat H=19 col=10 elapsed_s=987 processed=7864320 rate_per_s=7966 steals=743
event=kink_round H=19 col=10 round=stage11 frontier_in=157050067 map_wall_s=41.939 map_cpu_s=649.442 merge_wall_s=42.431 merge_cpu_s=575.902 map_units=640 merge_ranges=300 map_eff_cores=15.49 merge_eff_cores=13.57
event=heartbeat H=19 col=10 elapsed_s=1005 processed=8232960 rate_per_s=8195 steals=743
event=heartbeat H=19 col=10 elapsed_s=1022 processed=8480768 rate_per_s=8299 steals=743
event=heartbeat H=19 col=10 elapsed_s=1039 processed=8519680 rate_per_s=8198 steals=743
event=heartbeat H=19 col=10 elapsed_s=1057 processed=8519680 rate_per_s=8064 steals=743
event=heartbeat H=19 col=10 elapsed_s=1074 processed=8519680 rate_per_s=7934 steals=800
event=kink_round H=19 col=10 round=stage12 frontier_in=157256594 map_wall_s=36.509 map_cpu_s=621.765 merge_wall_s=47.024 merge_cpu_s=587.300 map_units=640 merge_ranges=265 map_eff_cores=17.03 merge_eff_cores=12.49
event=heartbeat H=19 col=10 elapsed_s=1091 processed=8888320 rate_per_s=8146 steals=800
event=heartbeat H=19 col=10 elapsed_s=1109 processed=9105408 rate_per_s=8214 steals=800
event=heartbeat H=19 col=10 elapsed_s=1126 processed=9175040 rate_per_s=8150 steals=800
event=heartbeat H=19 col=10 elapsed_s=1143 processed=9175040 rate_per_s=8026 steals=800
event=heartbeat H=19 col=10 elapsed_s=1160 processed=9175040 rate_per_s=7906 steals=863
event=kink_round H=19 col=10 round=stage13 frontier_in=157432846 map_wall_s=37.872 map_cpu_s=622.765 merge_wall_s=44.063 merge_cpu_s=572.646 map_units=640 merge_ranges=193 map_eff_cores=16.44 merge_eff_cores=13.00
event=heartbeat H=19 col=10 elapsed_s=1178 processed=9533440 rate_per_s=8094 steals=863
event=heartbeat H=19 col=10 elapsed_s=1195 processed=9765888 rate_per_s=8172 steals=863
event=heartbeat H=19 col=10 elapsed_s=1212 processed=9830400 rate_per_s=8108 steals=863
event=heartbeat H=19 col=10 elapsed_s=1230 processed=9830400 rate_per_s=7994 steals=863
event=heartbeat H=19 col=10 elapsed_s=1247 processed=9830400 rate_per_s=7883 steals=924
event=kink_round H=19 col=10 round=stage14 frontier_in=157624724 map_wall_s=40.094 map_cpu_s=599.631 merge_wall_s=45.996 merge_cpu_s=564.087 map_units=640 merge_ranges=332 map_eff_cores=14.96 merge_eff_cores=12.26
event=heartbeat H=19 col=10 elapsed_s=1264 processed=10185728 rate_per_s=8056 steals=924
event=heartbeat H=19 col=10 elapsed_s=1282 processed=10424320 rate_per_s=8133 steals=924
event=heartbeat H=19 col=10 elapsed_s=1299 processed=10485760 rate_per_s=8072 steals=924
event=heartbeat H=19 col=10 elapsed_s=1316 processed=10485760 rate_per_s=7966 steals=924
event=heartbeat H=19 col=10 elapsed_s=1334 processed=10485760 rate_per_s=7862 steals=994
event=kink_round H=19 col=10 round=stage15 frontier_in=157737817 map_wall_s=38.608 map_cpu_s=619.338 merge_wall_s=46.214 merge_cpu_s=577.911 map_units=640 merge_ranges=403 map_eff_cores=16.04 merge_eff_cores=12.51
event=heartbeat H=19 col=10 elapsed_s=1351 processed=10836992 rate_per_s=8021 steals=994
event=heartbeat H=19 col=10 elapsed_s=1368 processed=11066368 rate_per_s=8088 steals=994
event=heartbeat H=19 col=10 elapsed_s=1386 processed=11141120 rate_per_s=8040 steals=994
event=heartbeat H=19 col=10 elapsed_s=1403 processed=11141120 rate_per_s=7941 steals=994
event=heartbeat H=19 col=10 elapsed_s=1420 processed=11141120 rate_per_s=7844 steals=1057
event=kink_round H=19 col=10 round=stage16 frontier_in=158082054 map_wall_s=38.707 map_cpu_s=655.348 merge_wall_s=45.233 merge_cpu_s=577.233 map_units=640 merge_ranges=468 map_eff_cores=16.93 merge_eff_cores=12.76
event=heartbeat H=19 col=10 elapsed_s=1438 processed=11553792 rate_per_s=8037 steals=1057
event=heartbeat H=19 col=10 elapsed_s=1455 processed=11730944 rate_per_s=8063 steals=1057
event=heartbeat H=19 col=10 elapsed_s=1472 processed=11796480 rate_per_s=8013 steals=1057
event=heartbeat H=19 col=10 elapsed_s=1490 processed=11796480 rate_per_s=7919 steals=1057
event=heartbeat H=19 col=10 elapsed_s=1507 processed=11796480 rate_per_s=7828 steals=1115
event=kink_round H=19 col=10 round=stage17 frontier_in=157164065 map_wall_s=36.560 map_cpu_s=650.054 merge_wall_s=45.615 merge_cpu_s=576.091 map_units=640 merge_ranges=309 map_eff_cores=17.78 merge_eff_cores=12.63
event=heartbeat H=19 col=10 elapsed_s=1524 processed=12200960 rate_per_s=8005 steals=1115
event=heartbeat H=19 col=10 elapsed_s=1542 processed=12440576 rate_per_s=8070 steals=1115
event=heartbeat H=19 col=10 elapsed_s=1559 processed=12451840 rate_per_s=7988 steals=1115
event=heartbeat H=19 col=10 elapsed_s=1576 processed=12451840 rate_per_s=7900 steals=1115
event=heartbeat H=19 col=10 elapsed_s=1593 processed=12451840 rate_per_s=7814 steals=1164
event=kink_round H=19 col=10 round=stage18 frontier_in=159490986 map_wall_s=35.915 map_cpu_s=619.233 merge_wall_s=46.089 merge_cpu_s=570.702 map_units=640 merge_ranges=231 map_eff_cores=17.24 merge_eff_cores=12.38
event=heartbeat H=19 col=10 elapsed_s=1611 processed=12451840 rate_per_s=7730 steals=1164
event=heartbeat H=19 col=10 elapsed_s=1628 processed=12451840 rate_per_s=7648 steals=1213
event=kink_round H=19 col=10 round=finalize frontier_in=159530886 map_wall_s=13.805 map_cpu_s=708.662 merge_wall_s=21.173 merge_cpu_s=269.362 map_units=640 merge_ranges=257 map_eff_cores=51.33 merge_eff_cores=12.72
event=column H=19 col=10 frontier_in=44797045 frontier_out=44059042 wall_s=1637.05 cum_wall_s=16222.5 cpu_s=23024.1 rss_max_mb=372.5 map_wall_s=746.24 map_cpu_s=12262.7 merge_wall_s=835.37 merge_cpu_s=10761.5 map_units=13440 merge_ranges=6537 eff_cores=14.06
event=kink_round H=19 col=11 round=seed frontier_in=44059042 map_wall_s=4.810 map_cpu_s=150.823 merge_wall_s=0.000 merge_cpu_s=0.000 map_units=640 merge_ranges=0 map_eff_cores=31.35 merge_eff_cores=0.00
event=heartbeat H=19 col=11 elapsed_s=17 processed=508928 rate_per_s=29383 steals=0
event=heartbeat H=19 col=11 elapsed_s=35 processed=655360 rate_per_s=18918 steals=0
event=kink_round H=19 col=11 round=stage0 frontier_in=44059042 map_wall_s=20.543 map_cpu_s=233.270 merge_wall_s=23.639 merge_cpu_s=275.549 map_units=640 merge_ranges=298 map_eff_cores=11.36 merge_eff_cores=11.66
event=heartbeat H=19 col=11 elapsed_s=52 processed=777216 rate_per_s=14957 steals=56
event=heartbeat H=19 col=11 elapsed_s=69 processed=1146880 rate_per_s=16554 steals=56
event=heartbeat H=19 col=11 elapsed_s=87 processed=1310720 rate_per_s=15135 steals=56
event=heartbeat H=19 col=11 elapsed_s=104 processed=1310720 rate_per_s=12612 steals=59
event=kink_round H=19 col=11 round=stage1 frontier_in=70656402 map_wall_s=30.978 map_cpu_s=332.646 merge_wall_s=34.996 merge_cpu_s=430.165 map_units=640 merge_ranges=469 map_eff_cores=10.74 merge_eff_cores=12.29
event=heartbeat H=19 col=11 elapsed_s=121 processed=1476608 rate_per_s=12179 steals=120
event=heartbeat H=19 col=11 elapsed_s=139 processed=1773568 rate_per_s=12800 steals=120
event=heartbeat H=19 col=11 elapsed_s=156 processed=1966080 rate_per_s=12612 steals=120
event=heartbeat H=19 col=11 elapsed_s=173 processed=1966080 rate_per_s=11351 steals=121
event=heartbeat H=19 col=11 elapsed_s=191 processed=1966080 rate_per_s=10319 steals=192
event=kink_round H=19 col=11 round=stage2 frontier_in=114034407 map_wall_s=36.081 map_cpu_s=504.774 merge_wall_s=39.178 merge_cpu_s=495.200 map_units=640 merge_ranges=287 map_eff_cores=13.99 merge_eff_cores=12.64
event=heartbeat H=19 col=11 elapsed_s=208 processed=2364416 rate_per_s=11376 steals=192
event=heartbeat H=19 col=11 elapsed_s=225 processed=2589696 rate_per_s=11501 steals=192
event=heartbeat H=19 col=11 elapsed_s=242 processed=2621440 rate_per_s=10811 steals=192
event=heartbeat H=19 col=11 elapsed_s=260 processed=2621440 rate_per_s=10090 steals=195
event=kink_round H=19 col=11 round=stage3 frontier_in=133399242 map_wall_s=38.098 map_cpu_s=562.814 merge_wall_s=43.395 merge_cpu_s=535.882 map_units=640 merge_ranges=315 map_eff_cores=14.77 merge_eff_cores=12.35
event=heartbeat H=19 col=11 elapsed_s=277 processed=2621440 rate_per_s=9459 steals=263
event=heartbeat H=19 col=11 elapsed_s=294 processed=3058688 rate_per_s=10388 steals=263
event=heartbeat H=19 col=11 elapsed_s=312 processed=3273728 rate_per_s=10500 steals=263
event=heartbeat H=19 col=11 elapsed_s=329 processed=3276800 rate_per_s=9957 steals=263
event=heartbeat H=19 col=11 elapsed_s=346 processed=3276800 rate_per_s=9459 steals=268
event=kink_round H=19 col=11 round=stage4 frontier_in=144447601 map_wall_s=36.986 map_cpu_s=637.480 merge_wall_s=42.947 merge_cpu_s=542.899 map_units=640 merge_ranges=334 map_eff_cores=17.24 merge_eff_cores=12.64
event=heartbeat H=19 col=11 elapsed_s=364 processed=3358720 rate_per_s=9234 steals=325
event=heartbeat H=19 col=11 elapsed_s=381 processed=3743744 rate_per_s=9825 steals=325
event=heartbeat H=19 col=11 elapsed_s=398 processed=3932160 rate_per_s=9871 steals=325
event=heartbeat H=19 col=11 elapsed_s=416 processed=3932160 rate_per_s=9459 steals=325
event=heartbeat H=19 col=11 elapsed_s=433 processed=3932160 rate_per_s=9081 steals=333
event=kink_round H=19 col=11 round=stage5 frontier_in=149855838 map_wall_s=37.787 map_cpu_s=611.958 merge_wall_s=42.565 merge_cpu_s=551.374 map_units=640 merge_ranges=627 map_eff_cores=16.19 merge_eff_cores=12.95
event=heartbeat H=19 col=11 elapsed_s=450 processed=4155392 rate_per_s=9227 steals=392
event=heartbeat H=19 col=11 elapsed_s=468 processed=4456448 rate_per_s=9529 steals=392
event=heartbeat H=19 col=11 elapsed_s=485 processed=4587520 rate_per_s=9459 steals=392
event=heartbeat H=19 col=11 elapsed_s=502 processed=4587520 rate_per_s=9133 steals=392
event=heartbeat H=19 col=11 elapsed_s=520 processed=4587520 rate_per_s=8829 steals=409
event=kink_round H=19 col=11 round=stage6 frontier_in=152287860 map_wall_s=38.557 map_cpu_s=632.876 merge_wall_s=43.183 merge_cpu_s=541.622 map_units=640 merge_ranges=361 map_eff_cores=16.41 merge_eff_cores=12.54
event=heartbeat H=19 col=11 elapsed_s=537 processed=4916224 rate_per_s=9156 steals=464
event=heartbeat H=19 col=11 elapsed_s=554 processed=5165056 rate_per_s=9319 steals=464
event=heartbeat H=19 col=11 elapsed_s=572 processed=5242880 rate_per_s=9173 steals=464
event=heartbeat H=19 col=11 elapsed_s=589 processed=5242880 rate_per_s=8903 steals=464
event=heartbeat H=19 col=11 elapsed_s=606 processed=5242880 rate_per_s=8648 steals=520
event=kink_round H=19 col=11 round=stage7 frontier_in=153363073 map_wall_s=36.153 map_cpu_s=684.546 merge_wall_s=41.349 merge_cpu_s=547.271 map_units=640 merge_ranges=455 map_eff_cores=18.93 merge_eff_cores=13.24
event=heartbeat H=19 col=11 elapsed_s=624 processed=5676032 rate_per_s=9103 steals=520
event=heartbeat H=19 col=11 elapsed_s=641 processed=5881856 rate_per_s=9178 steals=520
event=heartbeat H=19 col=11 elapsed_s=658 processed=5898240 rate_per_s=8961 steals=520
event=heartbeat H=19 col=11 elapsed_s=676 processed=5898240 rate_per_s=8732 steals=520
event=kink_round H=19 col=11 round=stage8 frontier_in=153912138 map_wall_s=36.678 map_cpu_s=654.915 merge_wall_s=41.526 merge_cpu_s=536.395 map_units=640 merge_ranges=268 map_eff_cores=17.86 merge_eff_cores=12.92
event=heartbeat H=19 col=11 elapsed_s=693 processed=5898240 rate_per_s=8513 steals=572
event=heartbeat H=19 col=11 elapsed_s=710 processed=6348800 rate_per_s=8940 steals=572
event=heartbeat H=19 col=11 elapsed_s=727 processed=6553600 rate_per_s=9009 steals=572
event=heartbeat H=19 col=11 elapsed_s=745 processed=6553600 rate_per_s=8799 steals=572
event=heartbeat H=19 col=11 elapsed_s=762 processed=6553600 rate_per_s=8599 steals=572
event=kink_round H=19 col=11 round=stage9 frontier_in=154235391 map_wall_s=40.626 map_cpu_s=611.438 merge_wall_s=42.251 merge_cpu_s=551.525 map_units=640 merge_ranges=249 map_eff_cores=15.05 merge_eff_cores=13.05
event=heartbeat H=19 col=11 elapsed_s=779 processed=6553600 rate_per_s=8408 steals=629
event=heartbeat H=19 col=11 elapsed_s=797 processed=7009280 rate_per_s=8797 steals=629
event=heartbeat H=19 col=11 elapsed_s=814 processed=7208960 rate_per_s=8856 steals=629
event=heartbeat H=19 col=11 elapsed_s=831 processed=7208960 rate_per_s=8671 steals=629
event=heartbeat H=19 col=11 elapsed_s=849 processed=7208960 rate_per_s=8494 steals=633
event=kink_round H=19 col=11 round=stage10 frontier_in=154473861 map_wall_s=39.399 map_cpu_s=592.013 merge_wall_s=40.786 merge_cpu_s=523.503 map_units=640 merge_ranges=210 map_eff_cores=15.03 merge_eff_cores=12.84
event=heartbeat H=19 col=11 elapsed_s=866 processed=7448576 rate_per_s=8601 steals=688
event=heartbeat H=19 col=11 elapsed_s=883 processed=7784448 rate_per_s=8812 steals=688
event=heartbeat H=19 col=11 elapsed_s=901 processed=7864320 rate_per_s=8732 steals=688
event=heartbeat H=19 col=11 elapsed_s=918 processed=7864320 rate_per_s=8567 steals=688
event=kink_round H=19 col=11 round=stage11 frontier_in=154657454 map_wall_s=32.072 map_cpu_s=606.130 merge_wall_s=39.497 merge_cpu_s=536.235 map_units=640 merge_ranges=353 map_eff_cores=18.90 merge_eff_cores=13.58
event=heartbeat H=19 col=11 elapsed_s=935 processed=7864320 rate_per_s=8408 steals=745
event=heartbeat H=19 col=11 elapsed_s=953 processed=8363008 rate_per_s=8779 steals=745
event=heartbeat H=19 col=11 elapsed_s=970 processed=8519680 rate_per_s=8784 steals=745
event=heartbeat H=19 col=11 elapsed_s=987 processed=8519680 rate_per_s=8630 steals=745
event=heartbeat H=19 col=11 elapsed_s=1005 processed=8519680 rate_per_s=8481 steals=795
event=kink_round H=19 col=11 round=stage12 frontier_in=154859790 map_wall_s=30.202 map_cpu_s=618.943 merge_wall_s=40.731 merge_cpu_s=540.057 map_units=640 merge_ranges=324 map_eff_cores=20.49 merge_eff_cores=13.26
event=heartbeat H=19 col=11 elapsed_s=1022 processed=8932352 rate_per_s=8741 steals=795
event=heartbeat H=19 col=11 elapsed_s=1039 processed=9175040 rate_per_s=8829 steals=795
event=heartbeat H=19 col=11 elapsed_s=1057 processed=9175040 rate_per_s=8684 steals=795
event=heartbeat H=19 col=11 elapsed_s=1074 processed=9175040 rate_per_s=8544 steals=795
event=kink_round H=19 col=11 round=stage13 frontier_in=155029888 map_wall_s=33.461 map_cpu_s=618.878 merge_wall_s=41.606 merge_cpu_s=541.062 map_units=640 merge_ranges=414 map_eff_cores=18.50 merge_eff_cores=13.00
event=heartbeat H=19 col=11 elapsed_s=1091 processed=9338880 rate_per_s=8558 steals=857
event=heartbeat H=19 col=11 elapsed_s=1109 processed=9750528 rate_per_s=8796 steals=857
event=heartbeat H=19 col=11 elapsed_s=1126 processed=9830400 rate_per_s=8732 steals=857
event=heartbeat H=19 col=11 elapsed_s=1143 processed=9830400 rate_per_s=8599 steals=857
event=heartbeat H=19 col=11 elapsed_s=1160 processed=9830400 rate_per_s=8471 steals=918
event=kink_round H=19 col=11 round=stage14 frontier_in=155208210 map_wall_s=32.173 map_cpu_s=608.600 merge_wall_s=40.216 merge_cpu_s=530.204 map_units=640 merge_ranges=317 map_eff_cores=18.92 merge_eff_cores=13.18
event=heartbeat H=19 col=11 elapsed_s=1178 processed=10305536 rate_per_s=8750 steals=918
event=heartbeat H=19 col=11 elapsed_s=1195 processed=10485760 rate_per_s=8774 steals=918
event=heartbeat H=19 col=11 elapsed_s=1212 processed=10485760 rate_per_s=8649 steals=918
event=heartbeat H=19 col=11 elapsed_s=1230 processed=10485760 rate_per_s=8527 steals=918
event=kink_round H=19 col=11 round=stage15 frontier_in=155305724 map_wall_s=33.749 map_cpu_s=596.562 merge_wall_s=41.860 merge_cpu_s=537.544 map_units=640 merge_ranges=288 map_eff_cores=17.68 merge_eff_cores=12.84
event=heartbeat H=19 col=11 elapsed_s=1247 processed=10720256 rate_per_s=8596 steals=981
event=heartbeat H=19 col=11 elapsed_s=1264 processed=11028480 rate_per_s=8722 steals=981
event=heartbeat H=19 col=11 elapsed_s=1282 processed=11141120 rate_per_s=8692 steals=981
event=heartbeat H=19 col=11 elapsed_s=1299 processed=11141120 rate_per_s=8576 steals=981
event=heartbeat H=19 col=11 elapsed_s=1316 processed=11141120 rate_per_s=8464 steals=1035
event=kink_round H=19 col=11 round=stage16 frontier_in=155628345 map_wall_s=35.740 map_cpu_s=567.765 merge_wall_s=41.387 merge_cpu_s=531.732 map_units=640 merge_ranges=337 map_eff_cores=15.89 merge_eff_cores=12.85
event=heartbeat H=19 col=11 elapsed_s=1334 processed=11525120 rate_per_s=8642 steals=1035
event=heartbeat H=19 col=11 elapsed_s=1351 processed=11779072 rate_per_s=8719 steals=1035
event=heartbeat H=19 col=11 elapsed_s=1368 processed=11796480 rate_per_s=8621 steals=1035
event=heartbeat H=19 col=11 elapsed_s=1386 processed=11796480 rate_per_s=8513 steals=1035
event=kink_round H=19 col=11 round=stage17 frontier_in=154680891 map_wall_s=35.614 map_cpu_s=567.188 merge_wall_s=42.786 merge_cpu_s=537.188 map_units=640 merge_ranges=413 map_eff_cores=15.93 merge_eff_cores=12.56
event=heartbeat H=19 col=11 elapsed_s=1403 processed=11796480 rate_per_s=8408 steals=1089
event=heartbeat H=19 col=11 elapsed_s=1420 processed=12294144 rate_per_s=8656 steals=1089
event=heartbeat H=19 col=11 elapsed_s=1438 processed=12451840 rate_per_s=8662 steals=1089
event=heartbeat H=19 col=11 elapsed_s=1455 processed=12451840 rate_per_s=8558 steals=1089
event=heartbeat H=19 col=11 elapsed_s=1472 processed=12451840 rate_per_s=8458 steals=1151
event=kink_round H=19 col=11 round=stage18 frontier_in=157154519 map_wall_s=31.511 map_cpu_s=575.737 merge_wall_s=39.366 merge_cpu_s=518.955 map_units=640 merge_ranges=396 map_eff_cores=18.27 merge_eff_cores=13.18
event=heartbeat H=19 col=11 elapsed_s=1490 processed=12451840 rate_per_s=8359 steals=1151
event=heartbeat H=19 col=11 elapsed_s=1507 processed=12451840 rate_per_s=8263 steals=1200
event=kink_round H=19 col=11 round=finalize frontier_in=156681603 map_wall_s=12.538 map_cpu_s=688.578 merge_wall_s=15.938 merge_cpu_s=231.707 map_units=640 merge_ranges=327 map_eff_cores=54.92 merge_eff_cores=14.54
event=column H=19 col=11 frontier_in=44059042 frontier_out=43074148 wall_s=1510.04 cum_wall_s=17732.6 cpu_s=21694.0 rss_max_mb=372.5 map_wall_s=673.76 map_cpu_s=11657.9 merge_wall_s=779.20 merge_cpu_s=10036.1 map_units=13440 merge_ranges=7042 eff_cores=14.37
event=kink_round H=19 col=12 round=seed frontier_in=43074148 map_wall_s=2.319 map_cpu_s=147.361 merge_wall_s=0.000 merge_cpu_s=0.000 map_units=640 merge_ranges=0 map_eff_cores=63.54 merge_eff_cores=0.00
event=heartbeat H=19 col=12 elapsed_s=17 processed=655360 rate_per_s=37835 steals=0
event=heartbeat H=19 col=12 elapsed_s=35 processed=655360 rate_per_s=18918 steals=51
event=kink_round H=19 col=12 round=stage0 frontier_in=43074148 map_wall_s=13.575 map_cpu_s=210.383 merge_wall_s=20.929 merge_cpu_s=252.602 map_units=640 merge_ranges=237 map_eff_cores=15.50 merge_eff_cores=12.07
event=heartbeat H=19 col=12 elapsed_s=52 processed=1148928 rate_per_s=22111 steals=51
event=heartbeat H=19 col=12 elapsed_s=69 processed=1310720 rate_per_s=18918 steals=51
event=heartbeat H=19 col=12 elapsed_s=87 processed=1310720 rate_per_s=15135 steals=58
event=kink_round H=19 col=12 round=stage1 frontier_in=68988661 map_wall_s=24.631 map_cpu_s=323.433 merge_wall_s=31.986 merge_cpu_s=399.562 map_units=640 merge_ranges=221 map_eff_cores=13.13 merge_eff_cores=12.49
event=heartbeat H=19 col=12 elapsed_s=104 processed=1607680 rate_per_s=15470 steals=109
event=heartbeat H=19 col=12 elapsed_s=121 processed=1913856 rate_per_s=15785 steals=109
event=heartbeat H=19 col=12 elapsed_s=139 processed=1966080 rate_per_s=14189 steals=109
event=heartbeat H=19 col=12 elapsed_s=156 processed=1966080 rate_per_s=12612 steals=139
event=kink_round H=19 col=12 round=stage2 frontier_in=111415563 map_wall_s=32.147 map_cpu_s=464.118 merge_wall_s=34.829 merge_cpu_s=458.009 map_units=640 merge_ranges=345 map_eff_cores=14.44 merge_eff_cores=13.15
event=heartbeat H=19 col=12 elapsed_s=173 processed=2349056 rate_per_s=13562 steals=181
event=heartbeat H=19 col=12 elapsed_s=191 processed=2572288 rate_per_s=13501 steals=181
event=heartbeat H=19 col=12 elapsed_s=208 processed=2621440 rate_per_s=12612 steals=181
event=heartbeat H=19 col=12 elapsed_s=225 processed=2621440 rate_per_s=11642 steals=190
event=kink_round H=19 col=12 round=stage3 frontier_in=130538550 map_wall_s=33.863 map_cpu_s=554.219 merge_wall_s=35.849 merge_cpu_s=494.206 map_units=640 merge_ranges=222 map_eff_cores=16.37 merge_eff_cores=13.79
event=heartbeat H=19 col=12 elapsed_s=242 processed=2897920 rate_per_s=11951 steals=233
event=heartbeat H=19 col=12 elapsed_s=260 processed=3200000 rate_per_s=12317 steals=233
event=heartbeat H=19 col=12 elapsed_s=277 processed=3276800 rate_per_s=11824 steals=233
event=heartbeat H=19 col=12 elapsed_s=294 processed=3276800 rate_per_s=11129 steals=238
event=kink_round H=19 col=12 round=stage4 frontier_in=141320634 map_wall_s=34.086 map_cpu_s=596.074 merge_wall_s=34.868 merge_cpu_s=503.334 map_units=640 merge_ranges=313 map_eff_cores=17.49 merge_eff_cores=14.44
event=heartbeat H=19 col=12 elapsed_s=312 processed=3439616 rate_per_s=11033 steals=305
event=heartbeat H=19 col=12 elapsed_s=329 processed=3789824 rate_per_s=11516 steals=305
event=heartbeat H=19 col=12 elapsed_s=346 processed=3932160 rate_per_s=11351 steals=305
event=heartbeat H=19 col=12 elapsed_s=364 processed=3932160 rate_per_s=10811 steals=305
event=heartbeat H=19 col=12 elapsed_s=381 processed=3932160 rate_per_s=10319 steals=362
event=kink_round H=19 col=12 round=stage5 frontier_in=146646511 map_wall_s=35.747 map_cpu_s=574.560 merge_wall_s=38.303 merge_cpu_s=513.867 map_units=640 merge_ranges=279 map_eff_cores=16.07 merge_eff_cores=13.42
event=heartbeat H=19 col=12 elapsed_s=398 processed=4343808 rate_per_s=10904 steals=362
event=heartbeat H=19 col=12 elapsed_s=416 processed=4581376 rate_per_s=11021 steals=362
event=heartbeat H=19 col=12 elapsed_s=433 processed=4587520 rate_per_s=10594 steals=362
event=heartbeat H=19 col=12 elapsed_s=450 processed=4587520 rate_per_s=10187 steals=363
event=kink_round H=19 col=12 round=stage6 frontier_in=149070783 map_wall_s=35.935 map_cpu_s=581.924 merge_wall_s=38.581 merge_cpu_s=486.401 map_units=640 merge_ranges=224 map_eff_cores=16.19 merge_eff_cores=12.61
event=heartbeat H=19 col=12 elapsed_s=468 processed=4830208 rate_per_s=10329 steals=421
event=heartbeat H=19 col=12 elapsed_s=485 processed=5145600 rate_per_s=10610 steals=421
event=heartbeat H=19 col=12 elapsed_s=502 processed=5242880 rate_per_s=10438 steals=421
event=heartbeat H=19 col=12 elapsed_s=520 processed=5242880 rate_per_s=10090 steals=421
event=kink_round H=19 col=12 round=stage7 frontier_in=150190222 map_wall_s=35.810 map_cpu_s=581.424 merge_wall_s=36.449 merge_cpu_s=521.085 map_units=640 merge_ranges=610 map_eff_cores=16.24 merge_eff_cores=14.30
event=heartbeat H=19 col=12 elapsed_s=537 processed=5242880 rate_per_s=9764 steals=484
event=heartbeat H=19 col=12 elapsed_s=554 processed=5754880 rate_per_s=10383 steals=484
event=heartbeat H=19 col=12 elapsed_s=572 processed=5898240 rate_per_s=10319 steals=484
event=heartbeat H=19 col=12 elapsed_s=589 processed=5898240 rate_per_s=10016 steals=484
event=heartbeat H=19 col=12 elapsed_s=606 processed=5898240 rate_per_s=9730 steals=550
event=kink_round H=19 col=12 round=stage8 frontier_in=150777916 map_wall_s=32.315 map_cpu_s=629.803 merge_wall_s=41.302 merge_cpu_s=494.491 map_units=640 merge_ranges=397 map_eff_cores=19.49 merge_eff_cores=11.97
event=heartbeat H=19 col=12 elapsed_s=624 processed=6289408 rate_per_s=10087 steals=551
event=heartbeat H=19 col=12 elapsed_s=641 processed=6526976 rate_per_s=10185 steals=551
event=heartbeat H=19 col=12 elapsed_s=658 processed=6553600 rate_per_s=9957 steals=551
event=heartbeat H=19 col=12 elapsed_s=676 processed=6553600 rate_per_s=9702 steals=551
event=kink_round H=19 col=12 round=stage9 frontier_in=151129210 map_wall_s=33.691 map_cpu_s=628.675 merge_wall_s=38.615 merge_cpu_s=500.760 map_units=640 merge_ranges=570 map_eff_cores=18.66 merge_eff_cores=12.97
event=heartbeat H=19 col=12 elapsed_s=693 processed=6717440 rate_per_s=9696 steals=616
event=heartbeat H=19 col=12 elapsed_s=710 processed=7160832 rate_per_s=10084 steals=616
event=heartbeat H=19 col=12 elapsed_s=727 processed=7208960 rate_per_s=9910 steals=616
event=heartbeat H=19 col=12 elapsed_s=745 processed=7208960 rate_per_s=9679 steals=616
event=kink_round H=19 col=12 round=stage10 frontier_in=151390350 map_wall_s=28.332 map_cpu_s=621.139 merge_wall_s=39.721 merge_cpu_s=509.802 map_units=640 merge_ranges=439 map_eff_cores=21.92 merge_eff_cores=12.83
event=heartbeat H=19 col=12 elapsed_s=762 processed=7208960 rate_per_s=9459 steals=685
event=heartbeat H=19 col=12 elapsed_s=779 processed=7746560 rate_per_s=9939 steals=685
event=heartbeat H=19 col=12 elapsed_s=797 processed=7864320 rate_per_s=9871 steals=685
event=heartbeat H=19 col=12 elapsed_s=814 processed=7864320 rate_per_s=9661 steals=685
event=heartbeat H=19 col=12 elapsed_s=831 processed=7864320 rate_per_s=9459 steals=745
event=kink_round H=19 col=12 round=stage11 frontier_in=151568037 map_wall_s=31.116 map_cpu_s=568.682 merge_wall_s=41.366 merge_cpu_s=514.133 map_units=640 merge_ranges=429 map_eff_cores=18.28 merge_eff_cores=12.43
event=heartbeat H=19 col=12 elapsed_s=849 processed=8302592 rate_per_s=9783 steals=745
event=heartbeat H=19 col=12 elapsed_s=866 processed=8519680 rate_per_s=9838 steals=745
event=heartbeat H=19 col=12 elapsed_s=883 processed=8519680 rate_per_s=9645 steals=745
event=heartbeat H=19 col=12 elapsed_s=901 processed=8519680 rate_per_s=9459 steals=782
event=kink_round H=19 col=12 round=stage12 frontier_in=151757625 map_wall_s=32.980 map_cpu_s=577.772 merge_wall_s=37.995 merge_cpu_s=500.417 map_units=640 merge_ranges=217 map_eff_cores=17.52 merge_eff_cores=13.17
event=heartbeat H=19 col=12 elapsed_s=918 processed=8880128 rate_per_s=9673 steals=801
event=heartbeat H=19 col=12 elapsed_s=935 processed=9146368 rate_per_s=9779 steals=801
event=heartbeat H=19 col=12 elapsed_s=953 processed=9175040 rate_per_s=9631 steals=801
event=heartbeat H=19 col=12 elapsed_s=970 processed=9175040 rate_per_s=9459 steals=801
event=kink_round H=19 col=12 round=stage13 frontier_in=151900836 map_wall_s=33.522 map_cpu_s=574.433 merge_wall_s=37.640 merge_cpu_s=497.130 map_units=640 merge_ranges=343 map_eff_cores=17.14 merge_eff_cores=13.21
event=heartbeat H=19 col=12 elapsed_s=987 processed=9363456 rate_per_s=9484 steals=854
event=heartbeat H=19 col=12 elapsed_s=1005 processed=9735168 rate_per_s=9691 steals=854
event=heartbeat H=19 col=12 elapsed_s=1022 processed=9830400 rate_per_s=9620 steals=854
event=heartbeat H=19 col=12 elapsed_s=1039 processed=9830400 rate_per_s=9459 steals=854
event=kink_round H=19 col=12 round=stage14 frontier_in=152054055 map_wall_s=33.809 map_cpu_s=543.588 merge_wall_s=38.339 merge_cpu_s=493.274 map_units=640 merge_ranges=235 map_eff_cores=16.08 merge_eff_cores=12.87
event=heartbeat H=19 col=12 elapsed_s=1057 processed=9830400 rate_per_s=9304 steals=914
event=heartbeat H=19 col=12 elapsed_s=1074 processed=10326016 rate_per_s=9616 steals=914
event=heartbeat H=19 col=12 elapsed_s=1091 processed=10485760 rate_per_s=9609 steals=914
event=heartbeat H=19 col=12 elapsed_s=1109 processed=10485760 rate_per_s=9459 steals=914
event=heartbeat H=19 col=12 elapsed_s=1126 processed=10485760 rate_per_s=9314 steals=975
event=kink_round H=19 col=12 round=stage15 frontier_in=152155881 map_wall_s=31.269 map_cpu_s=541.914 merge_wall_s=38.127 merge_cpu_s=501.903 map_units=640 merge_ranges=543 map_eff_cores=17.33 merge_eff_cores=13.16
event=heartbeat H=19 col=12 elapsed_s=1143 processed=10982400 rate_per_s=9607 steals=975
event=heartbeat H=19 col=12 elapsed_s=1160 processed=11141120 rate_per_s=9600 steals=975
event=heartbeat H=19 col=12 elapsed_s=1178 processed=11141120 rate_per_s=9459 steals=975
event=heartbeat H=19 col=12 elapsed_s=1195 processed=11141120 rate_per_s=9322 steals=1036
event=kink_round H=19 col=12 round=stage16 frontier_in=152472491 map_wall_s=29.226 map_cpu_s=571.669 merge_wall_s=35.100 merge_cpu_s=496.407 map_units=640 merge_ranges=588 map_eff_cores=19.56 merge_eff_cores=14.14
event=heartbeat H=19 col=12 elapsed_s=1212 processed=11649024 rate_per_s=9608 steals=1036
event=heartbeat H=19 col=12 elapsed_s=1230 processed=11796480 rate_per_s=9593 steals=1036
event=heartbeat H=19 col=12 elapsed_s=1247 processed=11796480 rate_per_s=9459 steals=1036
event=kink_round H=19 col=12 round=stage17 frontier_in=151538879 map_wall_s=28.261 map_cpu_s=538.627 merge_wall_s=37.860 merge_cpu_s=496.172 map_units=640 merge_ranges=222 map_eff_cores=19.06 merge_eff_cores=13.11
event=heartbeat H=19 col=12 elapsed_s=1264 processed=11796480 rate_per_s=9330 steals=1074
event=heartbeat H=19 col=12 elapsed_s=1282 processed=12354560 rate_per_s=9639 steals=1074
event=heartbeat H=19 col=12 elapsed_s=1299 processed=12451840 rate_per_s=9585 steals=1074
event=heartbeat H=19 col=12 elapsed_s=1316 processed=12451840 rate_per_s=9459 steals=1074
event=kink_round H=19 col=12 round=stage18 frontier_in=154213236 map_wall_s=26.027 map_cpu_s=543.581 merge_wall_s=36.243 merge_cpu_s=486.176 map_units=640 merge_ranges=293 map_eff_cores=20.89 merge_eff_cores=13.41
event=heartbeat H=19 col=12 elapsed_s=1334 processed=12451840 rate_per_s=9336 steals=1126
event=heartbeat H=19 col=12 elapsed_s=1351 processed=12451840 rate_per_s=9217 steals=1167
event=kink_round H=19 col=12 round=finalize frontier_in=153079270 map_wall_s=11.480 map_cpu_s=676.281 merge_wall_s=15.678 merge_cpu_s=183.364 map_units=640 merge_ranges=221 map_eff_cores=58.91 merge_eff_cores=11.70
event=column H=19 col=12 frontier_in=43074148 frontier_out=41840329 wall_s=1361.37 cum_wall_s=19093.9 cpu_s=20352.8 rss_max_mb=372.5 map_wall_s=600.14 map_cpu_s=11049.7 merge_wall_s=709.78 merge_cpu_s=9303.1 map_units=13440 merge_ranges=6948 eff_cores=14.95
event=kink_round H=19 col=13 round=seed frontier_in=41840329 map_wall_s=2.307 map_cpu_s=131.977 merge_wall_s=0.000 merge_cpu_s=0.000 map_units=640 merge_ranges=0 map_eff_cores=57.21 merge_eff_cores=0.00
event=heartbeat H=19 col=13 elapsed_s=17 processed=655360 rate_per_s=37837 steals=0
event=heartbeat H=19 col=13 elapsed_s=35 processed=655360 rate_per_s=18918 steals=50
event=kink_round H=19 col=13 round=stage0 frontier_in=41840329 map_wall_s=14.532 map_cpu_s=187.000 merge_wall_s=20.772 merge_cpu_s=228.736 map_units=640 merge_ranges=196 map_eff_cores=12.87 merge_eff_cores=11.01
event=heartbeat H=19 col=13 elapsed_s=52 processed=1229824 rate_per_s=23668 steals=50
event=heartbeat H=19 col=13 elapsed_s=69 processed=1310720 rate_per_s=18918 steals=50
event=heartbeat H=19 col=13 elapsed_s=87 processed=1310720 rate_per_s=15135 steals=108
event=kink_round H=19 col=13 round=stage1 frontier_in=66904334 map_wall_s=20.708 map_cpu_s=301.909 merge_wall_s=30.499 merge_cpu_s=365.401 map_units=640 merge_ranges=229 map_eff_cores=14.58 merge_eff_cores=11.98
event=heartbeat H=19 col=13 elapsed_s=104 processed=1694720 rate_per_s=16307 steals=109
event=heartbeat H=19 col=13 elapsed_s=121 processed=1966080 rate_per_s=16216 steals=109
event=heartbeat H=19 col=13 elapsed_s=139 processed=1966080 rate_per_s=14189 steals=110
event=heartbeat H=19 col=13 elapsed_s=156 processed=1966080 rate_per_s=12612 steals=179
event=kink_round H=19 col=13 round=stage2 frontier_in=108136454 map_wall_s=31.194 map_cpu_s=416.601 merge_wall_s=33.969 merge_cpu_s=430.512 map_units=640 merge_ranges=236 map_eff_cores=13.36 merge_eff_cores=12.67
event=heartbeat H=19 col=13 elapsed_s=173 processed=2426880 rate_per_s=14012 steals=179
event=heartbeat H=19 col=13 elapsed_s=191 processed=2621440 rate_per_s=13759 steals=179
event=heartbeat H=19 col=13 elapsed_s=208 processed=2621440 rate_per_s=12612 steals=179
event=heartbeat H=19 col=13 elapsed_s=225 processed=2621440 rate_per_s=11642 steals=244
event=kink_round H=19 col=13 round=stage3 frontier_in=126978662 map_wall_s=32.476 map_cpu_s=486.766 merge_wall_s=34.799 merge_cpu_s=457.364 map_units=640 merge_ranges=300 map_eff_cores=14.99 merge_eff_cores=13.14
event=heartbeat H=19 col=13 elapsed_s=242 processed=3121152 rate_per_s=12871 steals=244
event=heartbeat H=19 col=13 elapsed_s=260 processed=3276800 rate_per_s=12612 steals=244
event=heartbeat H=19 col=13 elapsed_s=277 processed=3276800 rate_per_s=11824 steals=248
event=kink_round H=19 col=13 round=stage4 frontier_in=137450713 map_wall_s=28.654 map_cpu_s=556.819 merge_wall_s=32.134 merge_cpu_s=464.439 map_units=640 merge_ranges=351 map_eff_cores=19.43 merge_eff_cores=14.45
event=heartbeat H=19 col=13 elapsed_s=294 processed=3499008 rate_per_s=11883 steals=305
event=heartbeat H=19 col=13 elapsed_s=312 processed=3862528 rate_per_s=12389 steals=305
event=heartbeat H=19 col=13 elapsed_s=329 processed=3932160 rate_per_s=11949 steals=305
event=heartbeat H=19 col=13 elapsed_s=346 processed=3932160 rate_per_s=11351 steals=305
event=kink_round H=19 col=13 round=stage5 frontier_in=142651160 map_wall_s=31.007 map_cpu_s=593.448 merge_wall_s=35.470 merge_cpu_s=459.001 map_units=640 merge_ranges=222 map_eff_cores=19.14 merge_eff_cores=12.94
event=heartbeat H=19 col=13 elapsed_s=364 processed=4169728 rate_per_s=11464 steals=360
event=heartbeat H=19 col=13 elapsed_s=381 processed=4534272 rate_per_s=11899 steals=360
event=heartbeat H=19 col=13 elapsed_s=398 processed=4587520 rate_per_s=11516 steals=360
event=heartbeat H=19 col=13 elapsed_s=416 processed=4587520 rate_per_s=11036 steals=360
event=kink_round H=19 col=13 round=stage6 frontier_in=145090723 map_wall_s=31.840 map_cpu_s=553.294 merge_wall_s=36.128 merge_cpu_s=457.772 map_units=640 merge_ranges=396 map_eff_cores=17.38 merge_eff_cores=12.67
event=heartbeat H=19 col=13 elapsed_s=433 processed=4751360 rate_per_s=10973 steals=430
event=heartbeat H=19 col=13 elapsed_s=450 processed=5173248 rate_per_s=11488 steals=430
event=heartbeat H=19 col=13 elapsed_s=468 processed=5242880 rate_per_s=11211 steals=430
event=heartbeat H=19 col=13 elapsed_s=485 processed=5242880 rate_per_s=10811 steals=430
event=kink_round H=19 col=13 round=stage7 frontier_in=146245816 map_wall_s=30.018 map_cpu_s=596.780 merge_wall_s=37.298 merge_cpu_s=468.866 map_units=640 merge_ranges=413 map_eff_cores=19.88 merge_eff_cores=12.57
event=heartbeat H=19 col=13 elapsed_s=502 processed=5324800 rate_per_s=10601 steals=485
event=heartbeat H=19 col=13 elapsed_s=520 processed=5866496 rate_per_s=11290 steals=485
event=heartbeat H=19 col=13 elapsed_s=537 processed=5898240 rate_per_s=10985 steals=485
event=heartbeat H=19 col=13 elapsed_s=554 processed=5898240 rate_per_s=10642 steals=489
event=kink_round H=19 col=13 round=stage8 frontier_in=146827294 map_wall_s=26.628 map_cpu_s=558.643 merge_wall_s=36.874 merge_cpu_s=471.538 map_units=640 merge_ranges=592 map_eff_cores=20.98 merge_eff_cores=12.79
event=heartbeat H=19 col=13 elapsed_s=572 processed=6172672 rate_per_s=10799 steals=553
event=heartbeat H=19 col=13 elapsed_s=589 processed=6546432 rate_per_s=11116 steals=553
event=heartbeat H=19 col=13 elapsed_s=606 processed=6553600 rate_per_s=10811 steals=553
event=heartbeat H=19 col=13 elapsed_s=624 processed=6553600 rate_per_s=10510 steals=567
event=kink_round H=19 col=13 round=stage9 frontier_in=147206311 map_wall_s=28.543 map_cpu_s=545.077 merge_wall_s=35.619 merge_cpu_s=459.345 map_units=640 merge_ranges=384 map_eff_cores=19.10 merge_eff_cores=12.90
event=heartbeat H=19 col=13 elapsed_s=641 processed=6979584 rate_per_s=10891 steals=606
event=heartbeat H=19 col=13 elapsed_s=658 processed=7208960 rate_per_s=10953 steals=606
event=heartbeat H=19 col=13 elapsed_s=676 processed=7208960 rate_per_s=10672 steals=606
event=heartbeat H=19 col=13 elapsed_s=693 processed=7208960 rate_per_s=10405 steals=671
event=kink_round H=19 col=13 round=stage10 frontier_in=147437068 map_wall_s=25.077 map_cpu_s=561.895 merge_wall_s=37.002 merge_cpu_s=472.191 map_units=640 merge_ranges=284 map_eff_cores=22.41 merge_eff_cores=12.76
event=heartbeat H=19 col=13 elapsed_s=710 processed=7702528 rate_per_s=10846 steals=671
event=heartbeat H=19 col=13 elapsed_s=727 processed=7864320 rate_per_s=10811 steals=671
event=heartbeat H=19 col=13 elapsed_s=745 processed=7864320 rate_per_s=10559 steals=671
event=kink_round H=19 col=13 round=stage11 frontier_in=147605749 map_wall_s=28.740 map_cpu_s=567.250 merge_wall_s=33.765 merge_cpu_s=456.750 map_units=640 merge_ranges=326 map_eff_cores=19.74 merge_eff_cores=13.53
event=heartbeat H=19 col=13 elapsed_s=762 processed=7864320 rate_per_s=10319 steals=721
event=heartbeat H=19 col=13 elapsed_s=779 processed=8446976 rate_per_s=10837 steals=721
event=heartbeat H=19 col=13 elapsed_s=797 processed=8519680 rate_per_s=10693 steals=721
event=heartbeat H=19 col=13 elapsed_s=814 processed=8519680 rate_per_s=10466 steals=723
event=kink_round H=19 col=13 round=stage12 frontier_in=147735295 map_wall_s=26.450 map_cpu_s=528.653 merge_wall_s=34.030 merge_cpu_s=464.916 map_units=640 merge_ranges=314 map_eff_cores=19.99 merge_eff_cores=13.66
event=heartbeat H=19 col=13 elapsed_s=831 processed=8853504 rate_per_s=10649 steals=772
event=heartbeat H=19 col=13 elapsed_s=849 processed=9175040 rate_per_s=10811 steals=772
event=heartbeat H=19 col=13 elapsed_s=866 processed=9175040 rate_per_s=10594 steals=772
event=heartbeat H=19 col=13 elapsed_s=883 processed=9175040 rate_per_s=10387 steals=836
event=kink_round H=19 col=13 round=stage13 frontier_in=147851983 map_wall_s=25.771 map_cpu_s=524.051 merge_wall_s=35.849 merge_cpu_s=455.905 map_units=640 merge_ranges=383 map_eff_cores=20.34 merge_eff_cores=12.72
event=heartbeat H=19 col=13 elapsed_s=901 processed=9656320 rate_per_s=10721 steals=836
event=heartbeat H=19 col=13 elapsed_s=918 processed=9830400 rate_per_s=10709 steals=836
event=heartbeat H=19 col=13 elapsed_s=935 processed=9830400 rate_per_s=10510 steals=836
event=kink_round H=19 col=13 round=stage14 frontier_in=147982144 map_wall_s=28.215 map_cpu_s=544.769 merge_wall_s=33.312 merge_cpu_s=451.193 map_units=640 merge_ranges=209 map_eff_cores=19.31 merge_eff_cores=13.54
event=heartbeat H=19 col=13 elapsed_s=953 processed=9830400 rate_per_s=10319 steals=888
event=heartbeat H=19 col=13 elapsed_s=970 processed=10403840 rate_per_s=10726 steals=888
event=heartbeat H=19 col=13 elapsed_s=987 processed=10485760 rate_per_s=10621 steals=888
event=heartbeat H=19 col=13 elapsed_s=1005 processed=10485760 rate_per_s=10438 steals=888
event=kink_round H=19 col=13 round=stage15 frontier_in=148084053 map_wall_s=27.530 map_cpu_s=509.842 merge_wall_s=33.262 merge_cpu_s=449.103 map_units=640 merge_ranges=308 map_eff_cores=18.52 merge_eff_cores=13.50
event=heartbeat H=19 col=13 elapsed_s=1022 processed=10814464 rate_per_s=10583 steals=940
event=heartbeat H=19 col=13 elapsed_s=1039 processed=11141120 rate_per_s=10721 steals=940
event=heartbeat H=19 col=13 elapsed_s=1057 processed=11141120 rate_per_s=10545 steals=940
event=heartbeat H=19 col=13 elapsed_s=1074 processed=11141120 rate_per_s=10375 steals=996
event=kink_round H=19 col=13 round=stage16 frontier_in=148413859 map_wall_s=27.688 map_cpu_s=517.313 merge_wall_s=35.063 merge_cpu_s=451.915 map_units=640 merge_ranges=452 map_eff_cores=18.68 merge_eff_cores=12.89
event=heartbeat H=19 col=13 elapsed_s=1091 processed=11535360 rate_per_s=10571 steals=1001
event=heartbeat H=19 col=13 elapsed_s=1109 processed=11796480 rate_per_s=10642 steals=1001
event=heartbeat H=19 col=13 elapsed_s=1126 processed=11796480 rate_per_s=10478 steals=1001
event=kink_round H=19 col=13 round=stage17 frontier_in=147532754 map_wall_s=28.082 map_cpu_s=492.710 merge_wall_s=33.264 merge_cpu_s=456.338 map_units=640 merge_ranges=416 map_eff_cores=17.55 merge_eff_cores=13.72
event=heartbeat H=19 col=13 elapsed_s=1143 processed=11796480 rate_per_s=10319 steals=1050
event=heartbeat H=19 col=13 elapsed_s=1160 processed=12327936 rate_per_s=10623 steals=1050
event=heartbeat H=19 col=13 elapsed_s=1178 processed=12451840 rate_per_s=10572 steals=1050
event=heartbeat H=19 col=13 elapsed_s=1195 processed=12451840 rate_per_s=10419 steals=1050
event=kink_round H=19 col=13 round=stage18 frontier_in=150425822 map_wall_s=26.884 map_cpu_s=480.275 merge_wall_s=34.191 merge_cpu_s=437.238 map_units=640 merge_ranges=193 map_eff_cores=17.86 merge_eff_cores=12.79
event=heartbeat H=19 col=13 elapsed_s=1212 processed=12451840 rate_per_s=10270 steals=1102
event=heartbeat H=19 col=13 elapsed_s=1230 processed=12451840 rate_per_s=10125 steals=1154
event=kink_round H=19 col=13 round=finalize frontier_in=148432302 map_wall_s=10.296 map_cpu_s=639.511 merge_wall_s=15.622 merge_cpu_s=142.721 map_units=640 merge_ranges=251 map_eff_cores=62.12 merge_eff_cores=9.14
event=column H=19 col=13 frontier_in=41840329 frontier_out=40210648 wall_s=1237.46 cum_wall_s=20331.4 cpu_s=18795.8 rss_max_mb=372.5 map_wall_s=532.64 map_cpu_s=10294.6 merge_wall_s=658.92 merge_cpu_s=8501.2 map_units=13440 merge_ranges=6455 eff_cores=15.19
event=kink_round H=19 col=14 round=seed frontier_in=40210648 map_wall_s=1.874 map_cpu_s=125.422 merge_wall_s=0.000 merge_cpu_s=0.000 map_units=640 merge_ranges=0 map_eff_cores=66.92 merge_eff_cores=0.00
event=heartbeat H=19 col=14 elapsed_s=17 processed=655360 rate_per_s=37836 steals=0
event=kink_round H=19 col=14 round=stage0 frontier_in=40210648 map_wall_s=10.819 map_cpu_s=172.485 merge_wall_s=21.562 merge_cpu_s=212.471 map_units=640 merge_ranges=301 map_eff_cores=15.94 merge_eff_cores=9.85
event=heartbeat H=19 col=14 elapsed_s=35 processed=655360 rate_per_s=18914 steals=43
event=heartbeat H=19 col=14 elapsed_s=52 processed=1310720 rate_per_s=25225 steals=43
event=heartbeat H=19 col=14 elapsed_s=69 processed=1310720 rate_per_s=18919 steals=52
event=kink_round H=19 col=14 round=stage1 frontier_in=64180201 map_wall_s=16.864 map_cpu_s=285.194 merge_wall_s=23.980 merge_cpu_s=325.489 map_units=640 merge_ranges=232 map_eff_cores=16.91 merge_eff_cores=13.57
event=heartbeat H=19 col=14 elapsed_s=87 processed=1604608 rate_per_s=18528 steals=93
event=heartbeat H=19 col=14 elapsed_s=104 processed=1966080 rate_per_s=18919 steals=93
event=heartbeat H=19 col=14 elapsed_s=121 processed=1966080 rate_per_s=16216 steals=98
event=kink_round H=19 col=14 round=stage2 frontier_in=103863572 map_wall_s=27.653 map_cpu_s=367.243 merge_wall_s=28.301 merge_cpu_s=380.223 map_units=640 merge_ranges=215 map_eff_cores=13.28 merge_eff_cores=13.43
event=heartbeat H=19 col=14 elapsed_s=139 processed=2169856 rate_per_s=15660 steals=144
event=heartbeat H=19 col=14 elapsed_s=156 processed=2571264 rate_per_s=16495 steals=144
event=heartbeat H=19 col=14 elapsed_s=173 processed=2621440 rate_per_s=15135 steals=144
event=heartbeat H=19 col=14 elapsed_s=191 processed=2621440 rate_per_s=13759 steals=200
event=kink_round H=19 col=14 round=stage3 frontier_in=122389741 map_wall_s=29.152 map_cpu_s=447.470 merge_wall_s=31.594 merge_cpu_s=415.630 map_units=640 merge_ranges=208 map_eff_cores=15.35 merge_eff_cores=13.16
event=heartbeat H=19 col=14 elapsed_s=208 processed=3070976 rate_per_s=14775 steals=200
event=heartbeat H=19 col=14 elapsed_s=225 processed=3276800 rate_per_s=14553 steals=200
event=heartbeat H=19 col=14 elapsed_s=242 processed=3276800 rate_per_s=13513 steals=201
event=kink_round H=19 col=14 round=stage4 frontier_in=132496633 map_wall_s=27.514 map_cpu_s=506.211 merge_wall_s=30.361 merge_cpu_s=430.475 map_units=640 merge_ranges=379 map_eff_cores=18.40 merge_eff_cores=14.18
event=heartbeat H=19 col=14 elapsed_s=260 processed=3439616 rate_per_s=13239 steals=267
event=heartbeat H=19 col=14 elapsed_s=277 processed=3893248 rate_per_s=14049 steals=267
event=heartbeat H=19 col=14 elapsed_s=294 processed=3932160 rate_per_s=13354 steals=267
event=heartbeat H=19 col=14 elapsed_s=312 processed=3932160 rate_per_s=12612 steals=329
event=kink_round H=19 col=14 round=stage5 frontier_in=137628329 map_wall_s=26.656 map_cpu_s=523.265 merge_wall_s=32.873 merge_cpu_s=440.765 map_units=640 merge_ranges=405 map_eff_cores=19.63 merge_eff_cores=13.41
event=heartbeat H=19 col=14 elapsed_s=329 processed=4347904 rate_per_s=13212 steals=336
event=heartbeat H=19 col=14 elapsed_s=346 processed=4587520 rate_per_s=13243 steals=336
event=heartbeat H=19 col=14 elapsed_s=364 processed=4587520 rate_per_s=12612 steals=336
event=kink_round H=19 col=14 round=stage6 frontier_in=140060175 map_wall_s=27.410 map_cpu_s=533.904 merge_wall_s=30.488 merge_cpu_s=404.813 map_units=640 merge_ranges=427 map_eff_cores=19.48 merge_eff_cores=13.28
event=heartbeat H=19 col=14 elapsed_s=381 processed=4669440 rate_per_s=12254 steals=399
event=heartbeat H=19 col=14 elapsed_s=398 processed=5242880 rate_per_s=13161 steals=399
event=heartbeat H=19 col=14 elapsed_s=416 processed=5242880 rate_per_s=12612 steals=399
event=heartbeat H=19 col=14 elapsed_s=433 processed=5242880 rate_per_s=12108 steals=463
event=kink_round H=19 col=14 round=stage7 frontier_in=141292554 map_wall_s=23.961 map_cpu_s=544.458 merge_wall_s=32.115 merge_cpu_s=424.449 map_units=640 merge_ranges=392 map_eff_cores=22.72 merge_eff_cores=13.22
event=heartbeat H=19 col=14 elapsed_s=450 processed=5783552 rate_per_s=12843 steals=463
event=heartbeat H=19 col=14 elapsed_s=468 processed=5898240 rate_per_s=12612 steals=463
event=heartbeat H=19 col=14 elapsed_s=485 processed=5898240 rate_per_s=12162 steals=463
event=kink_round H=19 col=14 round=stage8 frontier_in=141939462 map_wall_s=24.766 map_cpu_s=535.552 merge_wall_s=31.784 merge_cpu_s=419.183 map_units=640 merge_ranges=403 map_eff_cores=21.62 merge_eff_cores=13.19
event=heartbeat H=19 col=14 elapsed_s=502 processed=6237184 rate_per_s=12417 steals=525
event=heartbeat H=19 col=14 elapsed_s=520 processed=6553600 rate_per_s=12612 steals=525
event=heartbeat H=19 col=14 elapsed_s=537 processed=6553600 rate_per_s=12206 steals=525
event=kink_round H=19 col=14 round=stage9 frontier_in=142280154 map_wall_s=24.812 map_cpu_s=526.197 merge_wall_s=31.101 merge_cpu_s=426.708 map_units=640 merge_ranges=302 map_eff_cores=21.21 merge_eff_cores=13.72
event=heartbeat H=19 col=14 elapsed_s=554 processed=6553600 rate_per_s=11824 steals=574
event=heartbeat H=19 col=14 elapsed_s=572 processed=7150592 rate_per_s=12510 steals=574
event=heartbeat H=19 col=14 elapsed_s=589 processed=7208960 rate_per_s=12241 steals=574
event=heartbeat H=19 col=14 elapsed_s=606 processed=7208960 rate_per_s=11892 steals=623
event=kink_round H=19 col=14 round=stage10 frontier_in=142464497 map_wall_s=25.172 map_cpu_s=514.387 merge_wall_s=31.194 merge_cpu_s=424.145 map_units=640 merge_ranges=345 map_eff_cores=20.43 merge_eff_cores=13.60
event=heartbeat H=19 col=14 elapsed_s=624 processed=7693312 rate_per_s=12338 steals=626
event=heartbeat H=19 col=14 elapsed_s=641 processed=7864320 rate_per_s=12272 steals=626
event=heartbeat H=19 col=14 elapsed_s=658 processed=7864320 rate_per_s=11949 steals=626
event=kink_round H=19 col=14 round=stage11 frontier_in=142538867 map_wall_s=23.020 map_cpu_s=496.622 merge_wall_s=33.326 merge_cpu_s=430.992 map_units=640 merge_ranges=471 map_eff_cores=21.57 merge_eff_cores=12.93
event=heartbeat H=19 col=14 elapsed_s=676 processed=8105984 rate_per_s=12000 steals=693
event=heartbeat H=19 col=14 elapsed_s=693 processed=8519680 rate_per_s=12297 steals=693
event=heartbeat H=19 col=14 elapsed_s=710 processed=8519680 rate_per_s=11997 steals=693
event=kink_round H=19 col=14 round=stage12 frontier_in=142584911 map_wall_s=22.149 map_cpu_s=505.245 merge_wall_s=30.006 merge_cpu_s=408.906 map_units=640 merge_ranges=304 map_eff_cores=22.81 merge_eff_cores=13.63
event=heartbeat H=19 col=14 elapsed_s=727 processed=8601600 rate_per_s=11824 steals=744
event=heartbeat H=19 col=14 elapsed_s=745 processed=9169920 rate_per_s=12312 steals=744
event=heartbeat H=19 col=14 elapsed_s=762 processed=9175040 rate_per_s=12039 steals=744
event=heartbeat H=19 col=14 elapsed_s=779 processed=9175040 rate_per_s=11772 steals=791
event=kink_round H=19 col=14 round=stage13 frontier_in=142638278 map_wall_s=24.103 map_cpu_s=501.891 merge_wall_s=29.743 merge_cpu_s=411.145 map_units=640 merge_ranges=355 map_eff_cores=20.82 merge_eff_cores=13.82
event=heartbeat H=19 col=14 elapsed_s=797 processed=9769984 rate_per_s=12262 steals=791
event=heartbeat H=19 col=14 elapsed_s=814 processed=9830400 rate_per_s=12076 steals=791
event=heartbeat H=19 col=14 elapsed_s=831 processed=9830400 rate_per_s=11824 steals=847
event=kink_round H=19 col=14 round=stage14 frontier_in=142747321 map_wall_s=21.466 map_cpu_s=477.139 merge_wall_s=30.264 merge_cpu_s=412.960 map_units=640 merge_ranges=427 map_eff_cores=22.23 merge_eff_cores=13.65
event=heartbeat H=19 col=14 elapsed_s=849 processed=10390528 rate_per_s=12243 steals=847
event=heartbeat H=19 col=14 elapsed_s=866 processed=10485760 rate_per_s=12108 steals=847
event=heartbeat H=19 col=14 elapsed_s=883 processed=10485760 rate_per_s=11870 steals=906
event=kink_round H=19 col=14 round=stage15 frontier_in=142854389 map_wall_s=20.743 map_cpu_s=474.920 merge_wall_s=31.209 merge_cpu_s=416.292 map_units=640 merge_ranges=446 map_eff_cores=22.90 merge_eff_cores=13.34
event=heartbeat H=19 col=14 elapsed_s=901 processed=10984448 rate_per_s=12196 steals=910
event=heartbeat H=19 col=14 elapsed_s=918 processed=11141120 rate_per_s=12136 steals=910
event=heartbeat H=19 col=14 elapsed_s=935 processed=11141120 rate_per_s=11912 steals=911
event=kink_round H=19 col=14 round=stage16 frontier_in=143154771 map_wall_s=24.119 map_cpu_s=500.078 merge_wall_s=29.912 merge_cpu_s=400.512 map_units=640 merge_ranges=193 map_eff_cores=20.73 merge_eff_cores=13.39
event=heartbeat H=19 col=14 elapsed_s=953 processed=11508736 rate_per_s=12081 steals=958
event=heartbeat H=19 col=14 elapsed_s=970 processed=11796480 rate_per_s=12162 steals=958
event=heartbeat H=19 col=14 elapsed_s=987 processed=11796480 rate_per_s=11949 steals=958
event=kink_round H=19 col=14 round=stage17 frontier_in=142395092 map_wall_s=23.424 map_cpu_s=472.417 merge_wall_s=29.517 merge_cpu_s=424.372 map_units=640 merge_ranges=446 map_eff_cores=20.17 merge_eff_cores=14.38
event=heartbeat H=19 col=14 elapsed_s=1005 processed=11994112 rate_per_s=11939 steals=1006
event=heartbeat H=19 col=14 elapsed_s=1022 processed=12451840 rate_per_s=12185 steals=1006
event=heartbeat H=19 col=14 elapsed_s=1039 processed=12451840 rate_per_s=11982 steals=1006
event=kink_round H=19 col=14 round=stage18 frontier_in=145512810 map_wall_s=23.109 map_cpu_s=442.197 merge_wall_s=31.683 merge_cpu_s=386.705 map_units=640 merge_ranges=371 map_eff_cores=19.14 merge_eff_cores=12.21
event=heartbeat H=19 col=14 elapsed_s=1057 processed=12451840 rate_per_s=11785 steals=1066
event=heartbeat H=19 col=14 elapsed_s=1074 processed=12451840 rate_per_s=11595 steals=1099
event=kink_round H=19 col=14 round=finalize frontier_in=142445090 map_wall_s=8.822 map_cpu_s=593.827 merge_wall_s=13.496 merge_cpu_s=127.281 map_units=640 merge_ranges=286 map_eff_cores=67.31 merge_eff_cores=9.43
event=column H=19 col=14 frontier_in=40210648 frontier_out=37884927 wall_s=1083.09 cum_wall_s=21414.5 cpu_s=17269.6 rss_max_mb=372.5 map_wall_s=457.61 map_cpu_s=9546.1 merge_wall_s=584.51 merge_cpu_s=7723.5 map_units=13440 merge_ranges=6908 eff_cores=15.94
event=kink_round H=19 col=15 round=seed frontier_in=37884927 map_wall_s=1.742 map_cpu_s=116.161 merge_wall_s=0.000 merge_cpu_s=0.000 map_units=640 merge_ranges=0 map_eff_cores=66.69 merge_eff_cores=0.00
event=heartbeat H=19 col=15 elapsed_s=17 processed=655360 rate_per_s=37836 steals=1
event=kink_round H=19 col=15 round=stage0 frontier_in=37884927 map_wall_s=5.883 map_cpu_s=162.696 merge_wall_s=21.859 merge_cpu_s=185.199 map_units=640 merge_ranges=202 map_eff_cores=27.66 merge_eff_cores=8.47
event=heartbeat H=19 col=15 elapsed_s=35 processed=1100800 rate_per_s=31777 steals=56
event=heartbeat H=19 col=15 elapsed_s=52 processed=1310720 rate_per_s=25224 steals=56
event=kink_round H=19 col=15 round=stage1 frontier_in=60387954 map_wall_s=13.122 map_cpu_s=264.220 merge_wall_s=22.879 merge_cpu_s=293.923 map_units=640 merge_ranges=219 map_eff_cores=20.14 merge_eff_cores=12.85
event=heartbeat H=19 col=15 elapsed_s=69 processed=1475584 rate_per_s=21298 steals=113
event=heartbeat H=19 col=15 elapsed_s=87 processed=1966080 rate_per_s=22702 steals=113
event=heartbeat H=19 col=15 elapsed_s=104 processed=1966080 rate_per_s=18919 steals=114
event=kink_round H=19 col=15 round=stage2 frontier_in=98004844 map_wall_s=22.613 map_cpu_s=357.841 merge_wall_s=27.016 merge_cpu_s=357.929 map_units=640 merge_ranges=400 map_eff_cores=15.82 merge_eff_cores=13.25
event=heartbeat H=19 col=15 elapsed_s=121 processed=2154496 rate_per_s=17770 steals=184
event=heartbeat H=19 col=15 elapsed_s=139 processed=2591744 rate_per_s=18704 steals=184
event=heartbeat H=19 col=15 elapsed_s=156 processed=2621440 rate_per_s=16816 steals=184
event=kink_round H=19 col=15 round=stage3 frontier_in=116135266 map_wall_s=25.697 map_cpu_s=412.374 merge_wall_s=27.821 merge_cpu_s=371.188 map_units=640 merge_ranges=295 map_eff_cores=16.05 merge_eff_cores=13.34
event=heartbeat H=19 col=15 elapsed_s=173 processed=2621440 rate_per_s=15135 steals=248
event=heartbeat H=19 col=15 elapsed_s=191 processed=3175424 rate_per_s=16667 steals=248
event=heartbeat H=19 col=15 elapsed_s=208 processed=3277824 rate_per_s=15770 steals=249
event=kink_round H=19 col=15 round=stage4 frontier_in=125948476 map_wall_s=26.149 map_cpu_s=436.379 merge_wall_s=25.311 merge_cpu_s=371.074 map_units=642 merge_ranges=215 map_eff_cores=16.69 merge_eff_cores=14.66
event=heartbeat H=19 col=15 elapsed_s=225 processed=3277824 rate_per_s=14557 steals=313
event=heartbeat H=19 col=15 elapsed_s=242 processed=3833856 rate_per_s=15811 steals=313
event=heartbeat H=19 col=15 elapsed_s=260 processed=3933184 rate_per_s=15139 steals=313
event=heartbeat H=19 col=15 elapsed_s=277 processed=3933184 rate_per_s=14193 steals=347
event=kink_round H=19 col=15 round=stage5 frontier_in=130917281 map_wall_s=24.703 map_cpu_s=446.773 merge_wall_s=32.237 merge_cpu_s=400.859 map_units=640 merge_ranges=329 map_eff_cores=18.09 merge_eff_cores=12.43
event=heartbeat H=19 col=15 elapsed_s=294 processed=4389888 rate_per_s=14909 steals=375
event=heartbeat H=19 col=15 elapsed_s=312 processed=4588544 rate_per_s=14718 steals=375
event=heartbeat H=19 col=15 elapsed_s=329 processed=4588544 rate_per_s=13943 steals=375
event=kink_round H=19 col=15 round=stage6 frontier_in=133538020 map_wall_s=24.163 map_cpu_s=500.196 merge_wall_s=29.479 merge_cpu_s=389.014 map_units=640 merge_ranges=536 map_eff_cores=20.70 merge_eff_cores=13.20
event=heartbeat H=19 col=15 elapsed_s=346 processed=4902912 rate_per_s=14153 steals=439
event=heartbeat H=19 col=15 elapsed_s=364 processed=5243904 rate_per_s=14417 steals=439
event=heartbeat H=19 col=15 elapsed_s=381 processed=5243904 rate_per_s=13762 steals=439
event=kink_round H=19 col=15 round=stage7 frontier_in=134851098 map_wall_s=24.003 map_cpu_s=479.224 merge_wall_s=31.087 merge_cpu_s=389.175 map_units=640 merge_ranges=474 map_eff_cores=19.96 merge_eff_cores=12.52
event=heartbeat H=19 col=15 elapsed_s=398 processed=5243904 rate_per_s=13163 steals=509
event=heartbeat H=19 col=15 elapsed_s=416 processed=5827584 rate_per_s=14019 steals=509
event=heartbeat H=19 col=15 elapsed_s=433 processed=5899264 rate_per_s=13624 steals=509
event=heartbeat H=19 col=15 elapsed_s=450 processed=5899264 rate_per_s=13100 steals=569
event=kink_round H=19 col=15 round=stage8 frontier_in=135633265 map_wall_s=25.047 map_cpu_s=455.305 merge_wall_s=29.398 merge_cpu_s=383.179 map_units=640 merge_ranges=456 map_eff_cores=18.18 merge_eff_cores=13.03
event=heartbeat H=19 col=15 elapsed_s=468 processed=6421504 rate_per_s=13731 steals=569
event=heartbeat H=19 col=15 elapsed_s=485 processed=6554624 rate_per_s=13515 steals=569
event=heartbeat H=19 col=15 elapsed_s=502 processed=6554624 rate_per_s=13049 steals=574
event=kink_round H=19 col=15 round=stage9 frontier_in=136023518 map_wall_s=25.682 map_cpu_s=505.051 merge_wall_s=29.201 merge_cpu_s=385.053 map_units=640 merge_ranges=298 map_eff_cores=19.67 merge_eff_cores=13.19
event=heartbeat H=19 col=15 elapsed_s=520 processed=6963200 rate_per_s=13401 steals=624
event=heartbeat H=19 col=15 elapsed_s=537 processed=7209984 rate_per_s=13428 steals=624
event=heartbeat H=19 col=15 elapsed_s=554 processed=7209984 rate_per_s=13008 steals=625
event=kink_round H=19 col=15 round=stage10 frontier_in=136183438 map_wall_s=21.516 map_cpu_s=461.040 merge_wall_s=29.439 merge_cpu_s=386.435 map_units=640 merge_ranges=467 map_eff_cores=21.43 merge_eff_cores=13.13
event=heartbeat H=19 col=15 elapsed_s=572 processed=7616512 rate_per_s=13325 steals=677
event=heartbeat H=19 col=15 elapsed_s=589 processed=7865344 rate_per_s=13356 steals=677
event=heartbeat H=19 col=15 elapsed_s=606 processed=7865344 rate_per_s=12974 steals=677
event=kink_round H=19 col=15 round=stage11 frontier_in=136203364 map_wall_s=21.809 map_cpu_s=461.653 merge_wall_s=31.345 merge_cpu_s=384.936 map_units=640 merge_ranges=368 map_eff_cores=21.17 merge_eff_cores=12.28
event=heartbeat H=19 col=15 elapsed_s=624 processed=8122368 rate_per_s=13026 steals=727
event=heartbeat H=19 col=15 elapsed_s=641 processed=8520704 rate_per_s=13296 steals=727
event=heartbeat H=19 col=15 elapsed_s=658 processed=8520704 rate_per_s=12946 steals=732
event=kink_round H=19 col=15 round=stage12 frontier_in=136144198 map_wall_s=20.358 map_cpu_s=449.740 merge_wall_s=24.452 merge_cpu_s=369.732 map_units=640 merge_ranges=238 map_eff_cores=22.09 merge_eff_cores=15.12
event=heartbeat H=19 col=15 elapsed_s=676 processed=8968192 rate_per_s=13276 steals=766
event=heartbeat H=19 col=15 elapsed_s=693 processed=9176064 rate_per_s=13244 steals=766
event=heartbeat H=19 col=15 elapsed_s=710 processed=9176064 rate_per_s=12921 steals=813
event=kink_round H=19 col=15 round=stage13 frontier_in=136099231 map_wall_s=19.184 map_cpu_s=429.977 merge_wall_s=24.606 merge_cpu_s=362.426 map_units=640 merge_ranges=266 map_eff_cores=22.41 merge_eff_cores=14.73
event=heartbeat H=19 col=15 elapsed_s=727 processed=9829376 rate_per_s=13512 steals=813
event=heartbeat H=19 col=15 elapsed_s=745 processed=9831424 rate_per_s=13200 steals=813
event=kink_round H=19 col=15 round=stage14 frontier_in=136128800 map_wall_s=19.815 map_cpu_s=437.994 merge_wall_s=29.607 merge_cpu_s=378.229 map_units=640 merge_ranges=358 map_eff_cores=22.10 merge_eff_cores=12.77
event=heartbeat H=19 col=15 elapsed_s=762 processed=9831424 rate_per_s=12900 steals=865
event=heartbeat H=19 col=15 elapsed_s=779 processed=10486784 rate_per_s=13455 steals=865
event=heartbeat H=19 col=15 elapsed_s=797 processed=10486784 rate_per_s=13162 steals=865
event=kink_round H=19 col=15 round=stage15 frontier_in=136195902 map_wall_s=18.341 map_cpu_s=490.288 merge_wall_s=29.118 merge_cpu_s=372.203 map_units=640 merge_ranges=310 map_eff_cores=26.73 merge_eff_cores=12.78
event=heartbeat H=19 col=15 elapsed_s=814 processed=10486784 rate_per_s=12882 steals=923
event=heartbeat H=19 col=15 elapsed_s=831 processed=11142144 rate_per_s=13402 steals=923
event=heartbeat H=19 col=15 elapsed_s=849 processed=11142144 rate_per_s=13128 steals=923
event=kink_round H=19 col=15 round=stage16 frontier_in=136494935 map_wall_s=18.070 map_cpu_s=466.498 merge_wall_s=29.221 merge_cpu_s=374.598 map_units=640 merge_ranges=406 map_eff_cores=25.82 merge_eff_cores=12.82
event=heartbeat H=19 col=15 elapsed_s=866 processed=11421696 rate_per_s=13189 steals=964
event=heartbeat H=19 col=15 elapsed_s=883 processed=11797504 rate_per_s=13355 steals=964
event=heartbeat H=19 col=15 elapsed_s=901 processed=11797504 rate_per_s=13099 steals=964
event=kink_round H=19 col=15 round=stage17 frontier_in=135847325 map_wall_s=19.595 map_cpu_s=431.693 merge_wall_s=28.876 merge_cpu_s=369.173 map_units=640 merge_ranges=338 map_eff_cores=22.03 merge_eff_cores=12.78
event=heartbeat H=19 col=15 elapsed_s=918 processed=12178432 rate_per_s=13266 steals=1022
event=heartbeat H=19 col=15 elapsed_s=935 processed=12452864 rate_per_s=13314 steals=1022
event=heartbeat H=19 col=15 elapsed_s=953 processed=12452864 rate_per_s=13072 steals=1027
event=kink_round H=19 col=15 round=stage18 frontier_in=139109784 map_wall_s=20.385 map_cpu_s=406.156 merge_wall_s=25.987 merge_cpu_s=351.396 map_units=640 merge_ranges=223 map_eff_cores=19.92 merge_eff_cores=13.52
event=heartbeat H=19 col=15 elapsed_s=970 processed=12452864 rate_per_s=12839 steals=1074
event=kink_round H=19 col=15 round=finalize frontier_in=134850992 map_wall_s=8.058 map_cpu_s=536.716 merge_wall_s=5.899 merge_cpu_s=113.132 map_units=640 merge_ranges=578 map_eff_cores=66.61 merge_eff_cores=19.18
event=column H=19 col=15 frontier_in=37884927 frontier_out=34648305 wall_s=977.01 cum_wall_s=22391.5 cpu_s=15696.8 rss_max_mb=372.5 map_wall_s=405.94 map_cpu_s=8708.0 merge_wall_s=534.84 merge_cpu_s=6988.9 map_units=13442 merge_ranges=6976 eff_cores=16.07
event=kink_round H=19 col=16 round=seed frontier_in=34648305 map_wall_s=1.594 map_cpu_s=106.383 merge_wall_s=0.000 merge_cpu_s=0.000 map_units=640 merge_ranges=0 map_eff_cores=66.75 merge_eff_cores=0.00
event=kink_round H=19 col=16 round=stage0 frontier_in=34648305 map_wall_s=2.889 map_cpu_s=159.702 merge_wall_s=8.688 merge_cpu_s=139.086 map_units=649 merge_ranges=170 map_eff_cores=55.27 merge_eff_cores=16.01
event=heartbeat H=19 col=16 elapsed_s=17 processed=1104896 rate_per_s=63788 steals=40
event=heartbeat H=19 col=16 elapsed_s=35 processed=1321984 rate_per_s=38161 steals=49
event=kink_round H=19 col=16 round=stage1 frontier_in=55242090 map_wall_s=6.123 map_cpu_s=243.851 merge_wall_s=24.069 merge_cpu_s=256.040 map_units=648 merge_ranges=217 map_eff_cores=39.82 merge_eff_cores=10.64
event=heartbeat H=19 col=16 elapsed_s=52 processed=1705984 rate_per_s=32831 steals=106
event=heartbeat H=19 col=16 elapsed_s=69 processed=1977344 rate_per_s=28540 steals=106
event=kink_round H=19 col=16 round=stage2 frontier_in=90144459 map_wall_s=17.520 map_cpu_s=332.603 merge_wall_s=22.722 merge_cpu_s=311.269 map_units=640 merge_ranges=330 map_eff_cores=18.98 merge_eff_cores=13.70
event=heartbeat H=19 col=16 elapsed_s=87 processed=1977344 rate_per_s=22832 steals=167
event=heartbeat H=19 col=16 elapsed_s=104 processed=2632704 rate_per_s=25333 steals=167
event=heartbeat H=19 col=16 elapsed_s=121 processed=2635776 rate_per_s=21739 steals=176
event=kink_round H=19 col=16 round=stage3 frontier_in=107899859 map_wall_s=18.795 map_cpu_s=366.846 merge_wall_s=22.284 merge_cpu_s=326.152 map_units=645 merge_ranges=280 map_eff_cores=19.52 merge_eff_cores=14.64
event=heartbeat H=19 col=16 elapsed_s=139 processed=3043328 rate_per_s=21963 steals=228
event=heartbeat H=19 col=16 elapsed_s=156 processed=3292160 rate_per_s=21119 steals=230
event=heartbeat H=19 col=16 elapsed_s=173 processed=3292160 rate_per_s=19007 steals=294
event=kink_round H=19 col=16 round=stage4 frontier_in=117299551 map_wall_s=21.951 map_cpu_s=393.620 merge_wall_s=25.370 merge_cpu_s=343.928 map_units=643 merge_ranges=231 map_eff_cores=17.93 merge_eff_cores=13.56
event=heartbeat H=19 col=16 elapsed_s=191 processed=3845120 rate_per_s=20182 steals=294
event=heartbeat H=19 col=16 elapsed_s=208 processed=3950592 rate_per_s=19007 steals=297
event=kink_round H=19 col=16 round=stage5 frontier_in=122265508 map_wall_s=20.111 map_cpu_s=429.917 merge_wall_s=24.851 merge_cpu_s=351.042 map_units=645 merge_ranges=202 map_eff_cores=21.38 merge_eff_cores=14.13
event=heartbeat H=19 col=16 elapsed_s=225 processed=3950592 rate_per_s=17545 steals=359
event=heartbeat H=19 col=16 elapsed_s=242 processed=4598784 rate_per_s=18965 steals=359
event=heartbeat H=19 col=16 elapsed_s=260 processed=4605952 rate_per_s=17728 steals=359
event=kink_round H=19 col=16 round=stage6 frontier_in=124873019 map_wall_s=22.107 map_cpu_s=416.828 merge_wall_s=25.407 merge_cpu_s=341.294 map_units=640 merge_ranges=191 map_eff_cores=18.86 merge_eff_cores=13.43
event=heartbeat H=19 col=16 elapsed_s=277 processed=4769792 rate_per_s=17211 steals=410
event=heartbeat H=19 col=16 elapsed_s=294 processed=5261312 rate_per_s=17868 steals=410
event=heartbeat H=19 col=16 elapsed_s=312 processed=5261312 rate_per_s=16876 steals=420
event=kink_round H=19 col=16 round=stage7 frontier_in=126476763 map_wall_s=18.202 map_cpu_s=470.235 merge_wall_s=25.765 merge_cpu_s=341.855 map_units=640 merge_ranges=381 map_eff_cores=25.83 merge_eff_cores=13.27
event=heartbeat H=19 col=16 elapsed_s=329 processed=5832704 rate_per_s=17724 steals=465
event=heartbeat H=19 col=16 elapsed_s=346 processed=5916672 rate_per_s=17080 steals=465
event=heartbeat H=19 col=16 elapsed_s=364 processed=5916672 rate_per_s=16267 steals=527
event=kink_round H=19 col=16 round=stage8 frontier_in=127299961 map_wall_s=17.314 map_cpu_s=526.276 merge_wall_s=25.972 merge_cpu_s=344.841 map_units=640 merge_ranges=201 map_eff_cores=30.40 merge_eff_cores=13.28
event=heartbeat H=19 col=16 elapsed_s=381 processed=6572032 rate_per_s=17247 steals=527
event=heartbeat H=19 col=16 elapsed_s=398 processed=6572032 rate_per_s=16497 steals=527
event=kink_round H=19 col=16 round=stage9 frontier_in=127818816 map_wall_s=19.205 map_cpu_s=412.780 merge_wall_s=25.674 merge_cpu_s=344.696 map_units=640 merge_ranges=342 map_eff_cores=21.49 merge_eff_cores=13.43
event=heartbeat H=19 col=16 elapsed_s=416 processed=6817792 rate_per_s=16401 steals=578
event=heartbeat H=19 col=16 elapsed_s=433 processed=7227392 rate_per_s=16691 steals=578
event=heartbeat H=19 col=16 elapsed_s=450 processed=7227392 rate_per_s=16049 steals=595
event=kink_round H=19 col=16 round=stage10 frontier_in=128071838 map_wall_s=18.631 map_cpu_s=422.206 merge_wall_s=25.686 merge_cpu_s=341.322 map_units=640 merge_ranges=376 map_eff_cores=22.66 merge_eff_cores=13.29
event=heartbeat H=19 col=16 elapsed_s=468 processed=7793664 rate_per_s=16665 steals=640
event=heartbeat H=19 col=16 elapsed_s=485 processed=7882752 rate_per_s=16254 steals=640
event=kink_round H=19 col=16 round=stage11 frontier_in=128159281 map_wall_s=17.120 map_cpu_s=433.998 merge_wall_s=24.916 merge_cpu_s=331.015 map_units=640 merge_ranges=254 map_eff_cores=25.35 merge_eff_cores=13.29
event=heartbeat H=19 col=16 elapsed_s=502 processed=7882752 rate_per_s=15693 steals=689
event=heartbeat H=19 col=16 elapsed_s=520 processed=8538112 rate_per_s=16432 steals=689
event=heartbeat H=19 col=16 elapsed_s=537 processed=8538112 rate_per_s=15902 steals=694
event=kink_round H=19 col=16 round=stage12 frontier_in=128148533 map_wall_s=17.719 map_cpu_s=391.867 merge_wall_s=24.354 merge_cpu_s=323.566 map_units=640 merge_ranges=311 map_eff_cores=22.12 merge_eff_cores=13.29
event=heartbeat H=19 col=16 elapsed_s=554 processed=9112576 rate_per_s=16441 steals=740
event=heartbeat H=19 col=16 elapsed_s=572 processed=9193472 rate_per_s=16084 steals=740
event=kink_round H=19 col=16 round=stage13 frontier_in=128069111 map_wall_s=14.684 map_cpu_s=425.405 merge_wall_s=26.934 merge_cpu_s=338.482 map_units=640 merge_ranges=301 map_eff_cores=28.97 merge_eff_cores=12.57
event=heartbeat H=19 col=16 elapsed_s=589 processed=9193472 rate_per_s=15611 steals=791
event=heartbeat H=19 col=16 elapsed_s=606 processed=9848832 rate_per_s=16246 steals=791
event=heartbeat H=19 col=16 elapsed_s=624 processed=9848832 rate_per_s=15795 steals=793
event=kink_round H=19 col=16 round=stage14 frontier_in=127954531 map_wall_s=16.850 map_cpu_s=429.828 merge_wall_s=25.015 merge_cpu_s=333.381 map_units=640 merge_ranges=266 map_eff_cores=25.51 merge_eff_cores=13.33
event=heartbeat H=19 col=16 elapsed_s=641 processed=10362880 rate_per_s=16170 steals=840
event=heartbeat H=19 col=16 elapsed_s=658 processed=10504192 rate_per_s=15959 steals=840
event=heartbeat H=19 col=16 elapsed_s=676 processed=10504192 rate_per_s=15550 steals=887
event=kink_round H=19 col=16 round=stage15 frontier_in=127927803 map_wall_s=19.829 map_cpu_s=399.379 merge_wall_s=25.112 merge_cpu_s=333.378 map_units=640 merge_ranges=427 map_eff_cores=20.14 merge_eff_cores=13.28
event=heartbeat H=19 col=16 elapsed_s=693 processed=11159552 rate_per_s=16107 steals=887
event=heartbeat H=19 col=16 elapsed_s=710 processed=11159552 rate_per_s=15715 steals=887
event=kink_round H=19 col=16 round=stage16 frontier_in=128174123 map_wall_s=15.903 map_cpu_s=397.304 merge_wall_s=24.561 merge_cpu_s=318.473 map_units=640 merge_ranges=283 map_eff_cores=24.98 merge_eff_cores=12.97
event=heartbeat H=19 col=16 elapsed_s=727 processed=11594752 rate_per_s=15939 steals=945
event=heartbeat H=19 col=16 elapsed_s=745 processed=11814912 rate_per_s=15864 steals=945
event=heartbeat H=19 col=16 elapsed_s=762 processed=11814912 rate_per_s=15503 steals=993
event=kink_round H=19 col=16 round=stage17 frontier_in=127640669 map_wall_s=18.858 map_cpu_s=389.150 merge_wall_s=23.832 merge_cpu_s=331.896 map_units=640 merge_ranges=306 map_eff_cores=20.64 merge_eff_cores=13.93
event=heartbeat H=19 col=16 elapsed_s=779 processed=12387328 rate_per_s=15893 steals=993
event=heartbeat H=19 col=16 elapsed_s=797 processed=12470272 rate_per_s=15652 steals=993
event=kink_round H=19 col=16 round=stage18 frontier_in=130961494 map_wall_s=21.524 map_cpu_s=358.599 merge_wall_s=21.963 merge_cpu_s=308.366 map_units=640 merge_ranges=495 map_eff_cores=16.66 merge_eff_cores=14.04
event=heartbeat H=19 col=16 elapsed_s=814 processed=12470272 rate_per_s=15319 steals=1045
event=kink_round H=19 col=16 round=finalize frontier_in=125410021 map_wall_s=6.901 map_cpu_s=438.486 merge_wall_s=5.691 merge_cpu_s=100.206 map_units=640 merge_ranges=298 map_eff_cores=63.54 merge_eff_cores=17.61
event=column H=19 col=16 frontier_in=34648305 frontier_out=30350237 wall_s=825.35 cum_wall_s=23216.8 cpu_s=14105.6 rss_max_mb=372.5 map_wall_s=333.83 map_cpu_s=7945.3 merge_wall_s=458.86 merge_cpu_s=6160.3 map_units=13470 merge_ranges=5862 eff_cores=17.09
event=kink_round H=19 col=17 round=seed frontier_in=30350237 map_wall_s=1.401 map_cpu_s=88.591 merge_wall_s=0.000 merge_cpu_s=0.000 map_units=640 merge_ranges=0 map_eff_cores=63.24 merge_eff_cores=0.00
event=kink_round H=19 col=17 round=stage0 frontier_in=30350237 map_wall_s=2.456 map_cpu_s=137.564 merge_wall_s=4.948 merge_cpu_s=91.952 map_units=683 merge_ranges=197 map_eff_cores=56.00 merge_eff_cores=18.58
event=heartbeat H=19 col=17 elapsed_s=17 processed=1374208 rate_per_s=79338 steals=96
event=heartbeat H=19 col=17 elapsed_s=35 processed=1374208 rate_per_s=39663 steals=152
event=kink_round H=19 col=17 round=stage1 frontier_in=48524847 map_wall_s=3.462 map_cpu_s=223.042 merge_wall_s=20.968 merge_cpu_s=196.906 map_units=682 merge_ranges=202 map_eff_cores=64.43 merge_eff_cores=9.39
event=heartbeat H=19 col=17 elapsed_s=52 processed=2029568 rate_per_s=39058 steals=152
event=kink_round H=19 col=17 round=stage2 frontier_in=79938419 map_wall_s=9.864 map_cpu_s=305.885 merge_wall_s=19.341 merge_cpu_s=262.080 map_units=640 merge_ranges=232 map_eff_cores=31.01 merge_eff_cores=13.55
event=heartbeat H=19 col=17 elapsed_s=69 processed=2353152 rate_per_s=33964 steals=202
event=heartbeat H=19 col=17 elapsed_s=87 processed=2686976 rate_per_s=31026 steals=204
event=kink_round H=19 col=17 round=stage3 frontier_in=97274474 map_wall_s=14.664 map_cpu_s=368.311 merge_wall_s=21.499 merge_cpu_s=284.859 map_units=644 merge_ranges=218 map_eff_cores=25.12 merge_eff_cores=13.25
event=heartbeat H=19 col=17 elapsed_s=104 processed=2686976 rate_per_s=25855 steals=264
event=heartbeat H=19 col=17 elapsed_s=121 processed=3356672 rate_per_s=27685 steals=278
event=heartbeat H=19 col=17 elapsed_s=139 processed=3356672 rate_per_s=24225 steals=347
event=kink_round H=19 col=17 round=stage4 frontier_in=106357798 map_wall_s=16.862 map_cpu_s=364.333 merge_wall_s=20.867 merge_cpu_s=292.760 map_units=661 merge_ranges=281 map_eff_cores=21.61 merge_eff_cores=14.03
event=heartbeat H=19 col=17 elapsed_s=156 processed=3991552 rate_per_s=25606 steals=347
event=heartbeat H=19 col=17 elapsed_s=173 processed=4012032 rate_per_s=23163 steals=347
event=kink_round H=19 col=17 round=stage5 frontier_in=111119679 map_wall_s=17.239 map_cpu_s=352.744 merge_wall_s=21.827 merge_cpu_s=301.334 map_units=640 merge_ranges=222 map_eff_cores=20.46 merge_eff_cores=13.81
event=heartbeat H=19 col=17 elapsed_s=191 processed=4504576 rate_per_s=23643 steals=397
event=heartbeat H=19 col=17 elapsed_s=208 processed=4667392 rate_per_s=22456 steals=397
event=kink_round H=19 col=17 round=stage6 frontier_in=113940751 map_wall_s=16.582 map_cpu_s=391.408 merge_wall_s=22.922 merge_cpu_s=308.090 map_units=640 merge_ranges=330 map_eff_cores=23.60 merge_eff_cores=13.44
event=heartbeat H=19 col=17 elapsed_s=225 processed=4749312 rate_per_s=21092 steals=455
event=heartbeat H=19 col=17 elapsed_s=242 processed=5322752 rate_per_s=21951 steals=455
event=heartbeat H=19 col=17 elapsed_s=260 processed=5322752 rate_per_s=20487 steals=509
event=kink_round H=19 col=17 round=stage7 frontier_in=115488000 map_wall_s=16.672 map_cpu_s=388.174 merge_wall_s=22.453 merge_cpu_s=307.040 map_units=640 merge_ranges=399 map_eff_cores=23.28 merge_eff_cores=13.67
event=heartbeat H=19 col=17 elapsed_s=277 processed=5910528 rate_per_s=21328 steals=511
event=heartbeat H=19 col=17 elapsed_s=294 processed=5978112 rate_per_s=20303 steals=511
event=kink_round H=19 col=17 round=stage8 frontier_in=116521725 map_wall_s=18.681 map_cpu_s=352.741 merge_wall_s=22.813 merge_cpu_s=293.323 map_units=640 merge_ranges=213 map_eff_cores=18.88 merge_eff_cores=12.86
event=heartbeat H=19 col=17 elapsed_s=312 processed=6329344 rate_per_s=20301 steals=557
event=heartbeat H=19 col=17 elapsed_s=329 processed=6633472 rate_per_s=20157 steals=557
event=heartbeat H=19 col=17 elapsed_s=346 processed=6633472 rate_per_s=19149 steals=613
event=kink_round H=19 col=17 round=stage9 frontier_in=117106821 map_wall_s=17.996 map_cpu_s=370.669 merge_wall_s=23.562 merge_cpu_s=297.397 map_units=640 merge_ranges=184 map_eff_cores=20.60 merge_eff_cores=12.62
event=heartbeat H=19 col=17 elapsed_s=364 processed=7288832 rate_per_s=20039 steals=613
event=heartbeat H=19 col=17 elapsed_s=381 processed=7288832 rate_per_s=19128 steals=624
event=kink_round H=19 col=17 round=stage10 frontier_in=117566084 map_wall_s=14.781 map_cpu_s=368.955 merge_wall_s=21.602 merge_cpu_s=298.929 map_units=640 merge_ranges=426 map_eff_cores=24.96 merge_eff_cores=13.84
event=heartbeat H=19 col=17 elapsed_s=398 processed=7887872 rate_per_s=19800 steals=667
event=heartbeat H=19 col=17 elapsed_s=416 processed=7944192 rate_per_s=19111 steals=667
event=kink_round H=19 col=17 round=stage11 frontier_in=117792741 map_wall_s=16.232 map_cpu_s=389.086 merge_wall_s=23.508 merge_cpu_s=293.735 map_units=640 merge_ranges=214 map_eff_cores=23.97 merge_eff_cores=12.50
event=heartbeat H=19 col=17 elapsed_s=433 processed=8205312 rate_per_s=18949 steals=722
event=heartbeat H=19 col=17 elapsed_s=450 processed=8599552 rate_per_s=19096 steals=722
event=heartbeat H=19 col=17 elapsed_s=468 processed=8599552 rate_per_s=18389 steals=769
event=kink_round H=19 col=17 round=stage12 frontier_in=117960304 map_wall_s=18.415 map_cpu_s=326.900 merge_wall_s=21.201 merge_cpu_s=288.037 map_units=640 merge_ranges=228 map_eff_cores=17.75 merge_eff_cores=13.59
event=heartbeat H=19 col=17 elapsed_s=485 processed=9254912 rate_per_s=19083 steals=769
event=heartbeat H=19 col=17 elapsed_s=502 processed=9254912 rate_per_s=18425 steals=769
event=kink_round H=19 col=17 round=stage13 frontier_in=117951043 map_wall_s=16.296 map_cpu_s=334.208 merge_wall_s=23.258 merge_cpu_s=294.074 map_units=640 merge_ranges=277 map_eff_cores=20.51 merge_eff_cores=12.64
event=heartbeat H=19 col=17 elapsed_s=520 processed=9737216 rate_per_s=18739 steals=819
event=heartbeat H=19 col=17 elapsed_s=537 processed=9910272 rate_per_s=18457 steals=819
event=kink_round H=19 col=17 round=stage14 frontier_in=117951849 map_wall_s=16.376 map_cpu_s=326.727 merge_wall_s=21.126 merge_cpu_s=276.634 map_units=640 merge_ranges=366 map_eff_cores=19.95 merge_eff_cores=13.09
event=heartbeat H=19 col=17 elapsed_s=554 processed=10222592 rate_per_s=18444 steals=863
event=heartbeat H=19 col=17 elapsed_s=572 processed=10565632 rate_per_s=18485 steals=863
event=kink_round H=19 col=17 round=stage15 frontier_in=117811114 map_wall_s=15.429 map_cpu_s=341.777 merge_wall_s=21.389 merge_cpu_s=282.797 map_units=640 merge_ranges=355 map_eff_cores=22.15 merge_eff_cores=13.22
event=heartbeat H=19 col=17 elapsed_s=589 processed=10565632 rate_per_s=17941 steals=911
event=heartbeat H=19 col=17 elapsed_s=606 processed=11220992 rate_per_s=18510 steals=911
event=heartbeat H=19 col=17 elapsed_s=624 processed=11220992 rate_per_s=17996 steals=964
event=kink_round H=19 col=17 round=stage16 frontier_in=117905532 map_wall_s=15.482 map_cpu_s=347.759 merge_wall_s=21.383 merge_cpu_s=286.939 map_units=640 merge_ranges=342 map_eff_cores=22.46 merge_eff_cores=13.42
event=heartbeat H=19 col=17 elapsed_s=641 processed=11876352 rate_per_s=18532 steals=964
event=heartbeat H=19 col=17 elapsed_s=658 processed=11876352 rate_per_s=18044 steals=978
event=kink_round H=19 col=17 round=stage17 frontier_in=117531428 map_wall_s=15.914 map_cpu_s=335.641 merge_wall_s=20.585 merge_cpu_s=280.635 map_units=640 merge_ranges=316 map_eff_cores=21.09 merge_eff_cores=13.63
event=heartbeat H=19 col=17 elapsed_s=676 processed=12531712 rate_per_s=18552 steals=1010
event=heartbeat H=19 col=17 elapsed_s=693 processed=12531712 rate_per_s=18088 steals=1064
event=kink_round H=19 col=17 round=stage18 frontier_in=120639562 map_wall_s=12.258 map_cpu_s=340.026 merge_wall_s=19.852 merge_cpu_s=262.586 map_units=640 merge_ranges=233 map_eff_cores=27.74 merge_eff_cores=13.23
event=kink_round H=19 col=17 round=finalize frontier_in=113959677 map_wall_s=5.591 map_cpu_s=362.940 merge_wall_s=2.619 merge_cpu_s=40.284 map_units=640 merge_ranges=80 map_eff_cores=64.92 merge_eff_cores=15.38
event=column H=19 col=17 frontier_in=30350237 frontier_out=24289583 wall_s=708.69 cum_wall_s=23925.5 cpu_s=12057.9 rss_max_mb=372.5 map_wall_s=282.65 map_cpu_s=6817.5 merge_wall_s=397.72 merge_cpu_s=5240.4 map_units=13550 merge_ranges=5315 eff_cores=17.01
event=kink_round H=19 col=18 round=seed frontier_in=24289583 map_wall_s=1.086 map_cpu_s=67.899 merge_wall_s=0.000 merge_cpu_s=0.000 map_units=640 merge_ranges=0 map_eff_cores=62.51 merge_eff_cores=0.00
event=kink_round H=19 col=18 round=stage0 frontier_in=24289583 map_wall_s=1.823 map_cpu_s=112.720 merge_wall_s=2.131 merge_cpu_s=38.582 map_units=658 merge_ranges=80 map_eff_cores=61.85 merge_eff_cores=18.10
event=kink_round H=19 col=18 round=stage1 frontier_in=39308959 map_wall_s=2.315 map_cpu_s=155.977 merge_wall_s=5.376 merge_cpu_s=94.451 map_units=706 merge_ranges=193 map_eff_cores=67.39 merge_eff_cores=17.57
event=heartbeat H=19 col=18 elapsed_s=17 processed=1918976 rate_per_s=110787 steals=94
event=heartbeat H=19 col=18 elapsed_s=35 processed=2085888 rate_per_s=60210 steals=202
event=kink_round H=19 col=18 round=stage2 frontier_in=66176827 map_wall_s=4.275 map_cpu_s=279.775 merge_wall_s=21.794 merge_cpu_s=186.416 map_units=724 merge_ranges=265 map_eff_cores=65.45 merge_eff_cores=8.55
event=heartbeat H=19 col=18 elapsed_s=52 processed=2747392 rate_per_s=52873 steals=208
event=kink_round H=19 col=18 round=stage3 frontier_in=82869677 map_wall_s=7.314 map_cpu_s=319.339 merge_wall_s=18.930 merge_cpu_s=215.359 map_units=649 merge_ranges=447 map_eff_cores=43.66 merge_eff_cores=11.38
event=heartbeat H=19 col=18 elapsed_s=69 processed=2829312 rate_per_s=40837 steals=271
event=heartbeat H=19 col=18 elapsed_s=87 processed=3428352 rate_per_s=39587 steals=292
event=kink_round H=19 col=18 round=stage4 frontier_in=91653304 map_wall_s=9.055 map_cpu_s=379.645 merge_wall_s=20.957 merge_cpu_s=246.019 map_units=670 merge_ranges=235 map_eff_cores=41.93 merge_eff_cores=11.74
event=heartbeat H=19 col=18 elapsed_s=104 processed=3902464 rate_per_s=37551 steals=357
event=heartbeat H=19 col=18 elapsed_s=121 processed=4083712 rate_per_s=33682 steals=357
event=kink_round H=19 col=18 round=stage5 frontier_in=96454471 map_wall_s=10.316 map_cpu_s=372.826 merge_wall_s=18.719 merge_cpu_s=252.750 map_units=640 merge_ranges=315 map_eff_cores=36.14 merge_eff_cores=13.50
event=heartbeat H=19 col=18 elapsed_s=139 processed=4739072 rate_per_s=34201 steals=408
event=heartbeat H=19 col=18 elapsed_s=156 processed=4739072 rate_per_s=30401 steals=453
event=kink_round H=19 col=18 round=stage6 frontier_in=99206299 map_wall_s=10.950 map_cpu_s=385.963 merge_wall_s=18.749 merge_cpu_s=236.436 map_units=640 merge_ranges=232 map_eff_cores=35.25 merge_eff_cores=12.61
event=heartbeat H=19 col=18 elapsed_s=173 processed=5394432 rate_per_s=31145 steals=453
event=kink_round H=19 col=18 round=stage7 frontier_in=101011068 map_wall_s=10.783 map_cpu_s=388.629 merge_wall_s=17.984 merge_cpu_s=241.792 map_units=640 merge_ranges=272 map_eff_cores=36.04 merge_eff_cores=13.44
event=heartbeat H=19 col=18 elapsed_s=191 processed=5394432 rate_per_s=28313 steals=507
event=heartbeat H=19 col=18 elapsed_s=208 processed=6049792 rate_per_s=29107 steals=507
event=kink_round H=19 col=18 round=stage8 frontier_in=102177718 map_wall_s=10.346 map_cpu_s=383.795 merge_wall_s=18.284 merge_cpu_s=248.941 map_units=640 merge_ranges=518 map_eff_cores=37.10 merge_eff_cores=13.62
event=heartbeat H=19 col=18 elapsed_s=225 processed=6542336 rate_per_s=29055 steals=557
event=heartbeat H=19 col=18 elapsed_s=242 processed=6705152 rate_per_s=27652 steals=585
event=kink_round H=19 col=18 round=stage9 frontier_in=103119284 map_wall_s=8.183 map_cpu_s=422.188 merge_wall_s=21.155 merge_cpu_s=245.036 map_units=640 merge_ranges=228 map_eff_cores=51.60 merge_eff_cores=11.58
event=heartbeat H=19 col=18 elapsed_s=260 processed=7360512 rate_per_s=28331 steals=608
event=heartbeat H=19 col=18 elapsed_s=277 processed=7360512 rate_per_s=26560 steals=661
event=kink_round H=19 col=18 round=stage10 frontier_in=103774650 map_wall_s=10.171 map_cpu_s=355.394 merge_wall_s=20.562 merge_cpu_s=249.317 map_units=640 merge_ranges=298 map_eff_cores=34.94 merge_eff_cores=12.13
event=heartbeat H=19 col=18 elapsed_s=294 processed=8015872 rate_per_s=27223 steals=661
event=heartbeat H=19 col=18 elapsed_s=312 processed=8015872 rate_per_s=25711 steals=713
event=kink_round H=19 col=18 round=stage11 frontier_in=104337199 map_wall_s=9.701 map_cpu_s=364.430 merge_wall_s=21.361 merge_cpu_s=252.715 map_units=640 merge_ranges=419 map_eff_cores=37.57 merge_eff_cores=11.83
event=heartbeat H=19 col=18 elapsed_s=329 processed=8671232 rate_per_s=26349 steals=713
event=kink_round H=19 col=18 round=stage12 frontier_in=104702240 map_wall_s=10.494 map_cpu_s=339.713 merge_wall_s=19.081 merge_cpu_s=207.185 map_units=640 merge_ranges=244 map_eff_cores=32.37 merge_eff_cores=10.86
event=heartbeat H=19 col=18 elapsed_s=346 processed=8671232 rate_per_s=25032 steals=767
event=heartbeat H=19 col=18 elapsed_s=364 processed=9326592 rate_per_s=25641 steals=767
event=kink_round H=19 col=18 round=stage13 frontier_in=104997083 map_wall_s=9.833 map_cpu_s=334.086 merge_wall_s=19.258 merge_cpu_s=240.240 map_units=640 merge_ranges=260 map_eff_cores=33.98 merge_eff_cores=12.47
event=heartbeat H=19 col=18 elapsed_s=381 processed=9844736 rate_per_s=25836 steals=816
event=heartbeat H=19 col=18 elapsed_s=398 processed=9981952 rate_per_s=25056 steals=858
event=kink_round H=19 col=18 round=stage14 frontier_in=105137554 map_wall_s=9.302 map_cpu_s=337.161 merge_wall_s=19.332 merge_cpu_s=230.937 map_units=640 merge_ranges=181 map_eff_cores=36.25 merge_eff_cores=11.95
event=heartbeat H=19 col=18 elapsed_s=416 processed=10637312 rate_per_s=25589 steals=860
event=heartbeat H=19 col=18 elapsed_s=433 processed=10637312 rate_per_s=24566 steals=909
event=kink_round H=19 col=18 round=stage15 frontier_in=105183063 map_wall_s=9.508 map_cpu_s=330.908 merge_wall_s=19.102 merge_cpu_s=238.184 map_units=640 merge_ranges=247 map_eff_cores=34.80 merge_eff_cores=12.47
event=heartbeat H=19 col=18 elapsed_s=450 processed=11307008 rate_per_s=25108 steals=922
event=kink_round H=19 col=18 round=stage16 frontier_in=105318353 map_wall_s=9.098 map_cpu_s=344.498 merge_wall_s=18.220 merge_cpu_s=215.427 map_units=659 merge_ranges=269 map_eff_cores=37.86 merge_eff_cores=11.82
event=heartbeat H=19 col=18 elapsed_s=468 processed=11645952 rate_per_s=24903 steals=967
event=heartbeat H=19 col=18 elapsed_s=485 processed=11962368 rate_per_s=24666 steals=983
event=kink_round H=19 col=18 round=stage17 frontier_in=104931774 map_wall_s=8.470 map_cpu_s=334.720 merge_wall_s=19.483 merge_cpu_s=240.175 map_units=640 merge_ranges=200 map_eff_cores=39.52 merge_eff_cores=12.33
event=heartbeat H=19 col=18 elapsed_s=502 processed=12639232 rate_per_s=25163 steals=1029
event=heartbeat H=19 col=18 elapsed_s=520 processed=12639232 rate_per_s=24324 steals=1076
event=kink_round H=19 col=18 round=stage18 frontier_in=107672563 map_wall_s=7.309 map_cpu_s=345.761 merge_wall_s=20.571 merge_cpu_s=222.910 map_units=668 merge_ranges=255 map_eff_cores=47.31 merge_eff_cores=10.84
event=kink_round H=19 col=18 round=finalize frontier_in=100234254 map_wall_s=4.236 map_cpu_s=258.645 merge_wall_s=1.120 merge_cpu_s=24.493 map_units=640 merge_ranges=80 map_eff_cores=61.06 merge_eff_cores=21.87
event=column H=19 col=18 frontier_in=24289583 frontier_out=14990894 wall_s=530.97 cum_wall_s=24456.5 cpu_s=10741.4 rss_max_mb=372.5 map_wall_s=164.57 map_cpu_s=6614.1 merge_wall_s=342.17 merge_cpu_s=4127.4 map_units=13694 merge_ranges=5238 eff_cores=20.23
event=kink_round H=19 col=19 round=seed frontier_in=14990894 map_wall_s=0.624 map_cpu_s=36.211 merge_wall_s=0.000 merge_cpu_s=0.000 map_units=640 merge_ranges=0 map_eff_cores=58.02 merge_eff_cores=0.00
event=kink_round H=19 col=19 round=stage0 frontier_in=14990894 map_wall_s=1.081 map_cpu_s=67.193 merge_wall_s=1.077 merge_cpu_s=23.782 map_units=659 merge_ranges=80 map_eff_cores=62.14 merge_eff_cores=22.08
event=kink_round H=19 col=19 round=stage1 frontier_in=25522759 map_wall_s=1.435 map_cpu_s=95.961 merge_wall_s=1.825 merge_cpu_s=39.233 map_units=654 merge_ranges=80 map_eff_cores=66.88 merge_eff_cores=21.50
event=kink_round H=19 col=19 round=stage2 frontier_in=45855040 map_wall_s=2.842 map_cpu_s=183.744 merge_wall_s=4.707 merge_cpu_s=82.764 map_units=709 merge_ranges=199 map_eff_cores=64.65 merge_eff_cores=17.58
event=heartbeat H=19 col=19 elapsed_s=17 processed=2425856 rate_per_s=140056 steals=95
event=kink_round H=19 col=19 round=stage3 frontier_in=61809834 map_wall_s=3.673 map_cpu_s=246.810 merge_wall_s=9.043 merge_cpu_s=114.406 map_units=672 merge_ranges=218 map_eff_cores=67.20 merge_eff_cores=12.65
event=heartbeat H=19 col=19 elapsed_s=35 processed=3374080 rate_per_s=97399 steals=166
event=kink_round H=19 col=19 round=stage4 frontier_in=70141076 map_wall_s=4.088 map_cpu_s=272.666 merge_wall_s=13.063 merge_cpu_s=142.231 map_units=651 merge_ranges=236 map_eff_cores=66.69 merge_eff_cores=10.89
event=heartbeat H=19 col=19 elapsed_s=52 processed=4060160 rate_per_s=78137 steals=248
event=kink_round H=19 col=19 round=stage5 frontier_in=75171431 map_wall_s=4.499 map_cpu_s=293.264 merge_wall_s=14.720 merge_cpu_s=138.728 map_units=683 merge_ranges=354 map_eff_cores=65.19 merge_eff_cores=9.42
event=heartbeat H=19 col=19 elapsed_s=69 processed=4425728 rate_per_s=63880 steals=295
event=heartbeat H=19 col=19 elapsed_s=87 processed=4744192 rate_per_s=54777 steals=359
event=kink_round H=19 col=19 round=stage6 frontier_in=78929278 map_wall_s=4.664 map_cpu_s=305.293 merge_wall_s=19.010 merge_cpu_s=162.126 map_units=674 merge_ranges=183 map_eff_cores=65.46 merge_eff_cores=8.53
event=heartbeat H=19 col=19 elapsed_s=104 processed=5410816 rate_per_s=52065 steals=414
event=kink_round H=19 col=19 round=stage7 frontier_in=81441634 map_wall_s=4.480 map_cpu_s=306.090 merge_wall_s=18.456 merge_cpu_s=160.581 map_units=657 merge_ranges=300 map_eff_cores=68.32 merge_eff_cores=8.70
event=heartbeat H=19 col=19 elapsed_s=121 processed=6067200 rate_per_s=50041 steals=415
event=heartbeat H=19 col=19 elapsed_s=139 processed=6067200 rate_per_s=43784 steals=464
event=kink_round H=19 col=19 round=stage8 frontier_in=83410835 map_wall_s=5.084 map_cpu_s=307.427 merge_wall_s=19.225 merge_cpu_s=172.138 map_units=642 merge_ranges=257 map_eff_cores=60.47 merge_eff_cores=8.95
event=heartbeat H=19 col=19 elapsed_s=156 processed=6724608 rate_per_s=43138 steals=508
event=kink_round H=19 col=19 round=stage9 frontier_in=84887998 map_wall_s=4.581 map_cpu_s=303.311 merge_wall_s=18.787 merge_cpu_s=169.942 map_units=643 merge_ranges=194 map_eff_cores=66.21 merge_eff_cores=9.05
event=heartbeat H=19 col=19 elapsed_s=173 processed=7418880 rate_per_s=42833 steals=543
event=kink_round H=19 col=19 round=stage10 frontier_in=86171165 map_wall_s=4.510 map_cpu_s=287.799 merge_wall_s=19.084 merge_cpu_s=160.612 map_units=692 merge_ranges=248 map_eff_cores=63.81 merge_eff_cores=8.42
event=heartbeat H=19 col=19 elapsed_s=191 processed=7574528 rate_per_s=39756 steals=581
event=heartbeat H=19 col=19 elapsed_s=208 processed=8115200 rate_per_s=39043 steals=659
event=kink_round H=19 col=19 round=stage11 frontier_in=87183943 map_wall_s=4.519 map_cpu_s=284.619 merge_wall_s=19.260 merge_cpu_s=170.847 map_units=681 merge_ranges=266 map_eff_cores=62.98 merge_eff_cores=8.87
event=heartbeat H=19 col=19 elapsed_s=225 processed=8774656 rate_per_s=38969 steals=663
event=kink_round H=19 col=19 round=stage12 frontier_in=88065016 map_wall_s=4.482 map_cpu_s=273.191 merge_wall_s=19.644 merge_cpu_s=178.861 map_units=648 merge_ranges=184 map_eff_cores=60.96 merge_eff_cores=9.11
event=heartbeat H=19 col=19 elapsed_s=242 processed=9336832 rate_per_s=38504 steals=705
event=heartbeat H=19 col=19 elapsed_s=260 processed=9439232 rate_per_s=36331 steals=749
event=kink_round H=19 col=19 round=stage13 frontier_in=88724868 map_wall_s=4.515 map_cpu_s=268.587 merge_wall_s=17.575 merge_cpu_s=166.527 map_units=654 merge_ranges=243 map_eff_cores=59.49 merge_eff_cores=9.48
event=heartbeat H=19 col=19 elapsed_s=277 processed=10106880 rate_per_s=36470 steals=808
event=kink_round H=19 col=19 round=stage14 frontier_in=89211488 map_wall_s=4.233 map_cpu_s=264.681 merge_wall_s=19.586 merge_cpu_s=180.395 map_units=657 merge_ranges=271 map_eff_cores=62.53 merge_eff_cores=9.21
event=heartbeat H=19 col=19 elapsed_s=294 processed=10772480 rate_per_s=36585 steals=819
event=kink_round H=19 col=19 round=stage15 frontier_in=89486644 map_wall_s=4.236 map_cpu_s=264.254 merge_wall_s=19.028 merge_cpu_s=182.333 map_units=657 merge_ranges=349 map_eff_cores=62.39 merge_eff_cores=9.58
event=heartbeat H=19 col=19 elapsed_s=312 processed=10772480 rate_per_s=34553 steals=865
event=heartbeat H=19 col=19 elapsed_s=329 processed=11454464 rate_per_s=34806 steals=935
event=kink_round H=19 col=19 round=stage16 frontier_in=89752427 map_wall_s=4.235 map_cpu_s=265.135 merge_wall_s=15.400 merge_cpu_s=142.882 map_units=670 merge_ranges=258 map_eff_cores=62.61 merge_eff_cores=9.28
event=heartbeat H=19 col=19 elapsed_s=346 processed=12123136 rate_per_s=34996 steals=991
event=kink_round H=19 col=19 round=stage17 frontier_in=89325692 map_wall_s=4.363 map_cpu_s=259.967 merge_wall_s=19.229 merge_cpu_s=179.127 map_units=660 merge_ranges=199 map_eff_cores=59.59 merge_eff_cores=9.32
event=heartbeat H=19 col=19 elapsed_s=364 processed=12821504 rate_per_s=35250 steals=1026
event=kink_round H=19 col=19 round=stage18 frontier_in=91620752 map_wall_s=4.153 map_cpu_s=257.619 merge_wall_s=14.017 merge_cpu_s=132.779 map_units=693 merge_ranges=186 map_eff_cores=62.03 merge_eff_cores=9.47
event=kink_round H=19 col=19 round=finalize frontier_in=84098562 map_wall_s=2.876 map_cpu_s=182.468 merge_wall_s=0.578 merge_cpu_s=12.360 map_units=640 merge_ranges=80 map_eff_cores=63.45 merge_eff_cores=21.38
event=column H=19 col=19 frontier_in=14990894 frontier_out=7515136 wall_s=380.89 cum_wall_s=24837.4 cpu_s=7738.9 rss_max_mb=372.5 map_wall_s=79.17 map_cpu_s=5026.3 merge_wall_s=283.32 merge_cpu_s=2712.7 map_units=13936 merge_ranges=4385 eff_cores=20.32
event=kink_round H=19 col=20 round=seed frontier_in=7515136 map_wall_s=0.256 map_cpu_s=15.905 merge_wall_s=0.000 merge_cpu_s=0.000 map_units=640 merge_ranges=0 map_eff_cores=62.05 merge_eff_cores=0.00
event=kink_round H=19 col=20 round=stage0 frontier_in=7515136 map_wall_s=0.642 map_cpu_s=35.808 merge_wall_s=0.644 merge_cpu_s=13.166 map_units=664 merge_ranges=80 map_eff_cores=55.80 merge_eff_cores=20.45
event=kink_round H=19 col=20 round=stage1 frontier_in=13449903 map_wall_s=0.704 map_cpu_s=43.243 merge_wall_s=0.929 merge_cpu_s=21.388 map_units=671 merge_ranges=80 map_eff_cores=61.43 merge_eff_cores=23.02
event=kink_round H=19 col=20 round=stage2 frontier_in=24957406 map_wall_s=1.325 map_cpu_s=88.813 merge_wall_s=1.329 merge_cpu_s=31.896 map_units=640 merge_ranges=80 map_eff_cores=67.01 merge_eff_cores=24.00
event=kink_round H=19 col=20 round=stage3 frontier_in=39639377 map_wall_s=2.112 map_cpu_s=135.459 merge_wall_s=1.704 merge_cpu_s=38.499 map_units=662 merge_ranges=80 map_eff_cores=64.13 merge_eff_cores=22.60
event=kink_round H=19 col=20 round=stage4 frontier_in=48544218 map_wall_s=2.775 map_cpu_s=177.943 merge_wall_s=2.000 merge_cpu_s=41.577 map_units=712 merge_ranges=80 map_eff_cores=64.12 merge_eff_cores=20.79
event=heartbeat H=19 col=20 elapsed_s=17 processed=3693568 rate_per_s=213239 steals=93
event=kink_round H=19 col=20 round=stage5 frontier_in=52751067 map_wall_s=2.850 map_cpu_s=192.732 merge_wall_s=2.606 merge_cpu_s=44.382 map_units=700 merge_ranges=80 map_eff_cores=67.63 merge_eff_cores=17.03
event=kink_round H=19 col=20 round=stage6 frontier_in=56027635 map_wall_s=3.076 map_cpu_s=202.050 merge_wall_s=2.726 merge_cpu_s=46.783 map_units=685 merge_ranges=80 map_eff_cores=65.69 merge_eff_cores=17.16
event=kink_round H=19 col=20 round=stage7 frontier_in=58262044 map_wall_s=3.162 map_cpu_s=206.962 merge_wall_s=2.551 merge_cpu_s=46.663 map_units=658 merge_ranges=80 map_eff_cores=65.46 merge_eff_cores=18.29
event=heartbeat H=19 col=20 elapsed_s=35 processed=5420032 rate_per_s=156460 steals=174
event=kink_round H=19 col=20 round=stage8 frontier_in=60330976 map_wall_s=3.190 map_cpu_s=208.601 merge_wall_s=2.470 merge_cpu_s=46.302 map_units=667 merge_ranges=80 map_eff_cores=65.40 merge_eff_cores=18.75
event=kink_round H=19 col=20 round=stage9 frontier_in=61993730 map_wall_s=3.253 map_cpu_s=208.199 merge_wall_s=2.396 merge_cpu_s=46.542 map_units=646 merge_ranges=80 map_eff_cores=64.01 merge_eff_cores=19.42
event=heartbeat H=19 col=20 elapsed_s=52 processed=7325696 rate_per_s=140981 steals=195
event=kink_round H=19 col=20 round=stage10 frontier_in=63474127 map_wall_s=3.005 map_cpu_s=204.359 merge_wall_s=2.454 merge_cpu_s=47.097 map_units=650 merge_ranges=80 map_eff_cores=68.00 merge_eff_cores=19.19
event=kink_round H=19 col=20 round=stage11 frontier_in=64700820 map_wall_s=3.107 map_cpu_s=198.163 merge_wall_s=2.524 merge_cpu_s=47.393 map_units=652 merge_ranges=80 map_eff_cores=63.79 merge_eff_cores=18.78
event=kink_round H=19 col=20 round=stage12 frontier_in=65794289 map_wall_s=3.025 map_cpu_s=191.942 merge_wall_s=2.111 merge_cpu_s=47.900 map_units=671 merge_ranges=80 map_eff_cores=63.46 merge_eff_cores=22.69
event=heartbeat H=19 col=20 elapsed_s=69 processed=8754176 rate_per_s=126354 steals=229
event=kink_round H=19 col=20 round=stage13 frontier_in=66699819 map_wall_s=3.039 map_cpu_s=186.944 merge_wall_s=2.530 merge_cpu_s=48.179 map_units=683 merge_ranges=80 map_eff_cores=61.51 merge_eff_cores=19.05
event=kink_round H=19 col=20 round=stage14 frontier_in=67443253 map_wall_s=2.840 map_cpu_s=186.421 merge_wall_s=2.557 merge_cpu_s=48.335 map_units=685 merge_ranges=80 map_eff_cores=65.64 merge_eff_cores=18.90
event=heartbeat H=19 col=20 elapsed_s=87 processed=10813440 rate_per_s=124863 steals=319
event=kink_round H=19 col=20 round=stage15 frontier_in=67978761 map_wall_s=2.956 map_cpu_s=187.610 merge_wall_s=2.483 merge_cpu_s=48.264 map_units=688 merge_ranges=80 map_eff_cores=63.47 merge_eff_cores=19.44
event=kink_round H=19 col=20 round=stage16 frontier_in=68323778 map_wall_s=3.059 map_cpu_s=186.089 merge_wall_s=2.300 merge_cpu_s=47.858 map_units=676 merge_ranges=80 map_eff_cores=60.83 merge_eff_cores=20.81
event=kink_round H=19 col=20 round=stage17 frontier_in=68313153 map_wall_s=2.859 map_cpu_s=187.511 merge_wall_s=2.398 merge_cpu_s=48.400 map_units=687 merge_ranges=80 map_eff_cores=65.59 merge_eff_cores=20.18
event=heartbeat H=19 col=20 elapsed_s=104 processed=12583936 rate_per_s=121088 steals=374
event=kink_round H=19 col=20 round=stage18 frontier_in=69896509 map_wall_s=2.802 map_cpu_s=183.576 merge_wall_s=1.953 merge_cpu_s=43.797 map_units=683 merge_ranges=80 map_eff_cores=65.51 merge_eff_cores=22.43
event=kink_round H=19 col=20 round=finalize frontier_in=63382668 map_wall_s=1.976 map_cpu_s=110.421 merge_wall_s=0.257 merge_cpu_s=6.376 map_units=640 merge_ranges=80 map_eff_cores=55.88 merge_eff_cores=24.83
event=column H=19 col=20 frontier_in=7515136 frontier_out=3325905 wall_s=111.23 cum_wall_s=24948.6 cpu_s=4149.5 rss_max_mb=372.5 map_wall_s=52.01 map_cpu_s=3338.8 merge_wall_s=40.92 merge_cpu_s=810.8 map_units=14060 merge_ranges=1600 eff_cores=37.31
event=kink_round H=19 col=21 round=seed frontier_in=3325905 map_wall_s=0.125 map_cpu_s=6.722 merge_wall_s=0.000 merge_cpu_s=0.000 map_units=640 merge_ranges=0 map_eff_cores=53.95 merge_eff_cores=0.00
event=kink_round H=19 col=21 round=stage0 frontier_in=3325905 map_wall_s=0.456 map_cpu_s=21.429 merge_wall_s=0.339 merge_cpu_s=7.415 map_units=659 merge_ranges=80 map_eff_cores=47.01 merge_eff_cores=21.85
event=kink_round H=19 col=21 round=stage1 frontier_in=6125480 map_wall_s=0.327 map_cpu_s=16.218 merge_wall_s=0.595 merge_cpu_s=10.832 map_units=734 merge_ranges=80 map_eff_cores=49.61 merge_eff_cores=18.21
event=kink_round H=19 col=21 round=stage2 frontier_in=11410019 map_wall_s=0.564 map_cpu_s=32.250 merge_wall_s=0.769 merge_cpu_s=16.302 map_units=697 merge_ranges=80 map_eff_cores=57.18 merge_eff_cores=21.20
event=kink_round H=19 col=21 round=stage3 frontier_in=19819035 map_wall_s=0.944 map_cpu_s=58.658 merge_wall_s=1.092 merge_cpu_s=23.069 map_units=672 merge_ranges=80 map_eff_cores=62.13 merge_eff_cores=21.12
event=kink_round H=19 col=21 round=stage4 frontier_in=29516420 map_wall_s=1.486 map_cpu_s=96.329 merge_wall_s=1.359 merge_cpu_s=26.704 map_units=672 merge_ranges=80 map_eff_cores=64.83 merge_eff_cores=19.66
event=kink_round H=19 col=21 round=stage5 frontier_in=34447826 map_wall_s=1.704 map_cpu_s=110.076 merge_wall_s=1.336 merge_cpu_s=28.027 map_units=674 merge_ranges=80 map_eff_cores=64.59 merge_eff_cores=20.97
event=kink_round H=19 col=21 round=stage6 frontier_in=36519460 map_wall_s=1.757 map_cpu_s=115.774 merge_wall_s=1.424 merge_cpu_s=29.174 map_units=673 merge_ranges=80 map_eff_cores=65.90 merge_eff_cores=20.49
event=heartbeat H=19 col=21 elapsed_s=17 processed=5137408 rate_per_s=296601 steals=171
event=kink_round H=19 col=21 round=stage7 frontier_in=38369163 map_wall_s=1.862 map_cpu_s=118.373 merge_wall_s=1.334 merge_cpu_s=29.607 map_units=649 merge_ranges=80 map_eff_cores=63.58 merge_eff_cores=22.19
event=kink_round H=19 col=21 round=stage8 frontier_in=39755539 map_wall_s=1.814 map_cpu_s=120.288 merge_wall_s=1.396 merge_cpu_s=29.881 map_units=642 merge_ranges=80 map_eff_cores=66.32 merge_eff_cores=21.40
event=kink_round H=19 col=21 round=stage9 frontier_in=40760917 map_wall_s=1.887 map_cpu_s=118.349 merge_wall_s=1.388 merge_cpu_s=30.064 map_units=645 merge_ranges=80 map_eff_cores=62.73 merge_eff_cores=21.66
event=kink_round H=19 col=21 round=stage10 frontier_in=41638849 map_wall_s=1.896 map_cpu_s=117.107 merge_wall_s=1.436 merge_cpu_s=30.167 map_units=645 merge_ranges=80 map_eff_cores=61.77 merge_eff_cores=21.00
event=heartbeat H=19 col=21 elapsed_s=35 processed=8039424 rate_per_s=232073 steals=206
event=kink_round H=19 col=21 round=stage11 frontier_in=42343553 map_wall_s=1.866 map_cpu_s=112.458 merge_wall_s=1.531 merge_cpu_s=30.531 map_units=673 merge_ranges=80 map_eff_cores=60.25 merge_eff_cores=19.95
event=kink_round H=19 col=21 round=stage12 frontier_in=42956440 map_wall_s=1.744 map_cpu_s=110.782 merge_wall_s=1.564 merge_cpu_s=30.563 map_units=652 merge_ranges=80 map_eff_cores=63.52 merge_eff_cores=19.55
event=kink_round H=19 col=21 round=stage13 frontier_in=43434098 map_wall_s=1.831 map_cpu_s=107.689 merge_wall_s=1.456 merge_cpu_s=30.630 map_units=672 merge_ranges=80 map_eff_cores=58.82 merge_eff_cores=21.04
event=kink_round H=19 col=21 round=stage14 frontier_in=43796650 map_wall_s=1.655 map_cpu_s=107.133 merge_wall_s=1.390 merge_cpu_s=30.713 map_units=677 merge_ranges=80 map_eff_cores=64.73 merge_eff_cores=22.09
event=kink_round H=19 col=21 round=stage15 frontier_in=44005229 map_wall_s=1.722 map_cpu_s=107.170 merge_wall_s=1.440 merge_cpu_s=30.567 map_units=672 merge_ranges=80 map_eff_cores=62.24 merge_eff_cores=21.23
event=heartbeat H=19 col=21 elapsed_s=52 processed=11433984 rate_per_s=220044 steals=319
event=kink_round H=19 col=21 round=stage16 frontier_in=44105984 map_wall_s=1.717 map_cpu_s=107.235 merge_wall_s=1.405 merge_cpu_s=30.192 map_units=698 merge_ranges=80 map_eff_cores=62.47 merge_eff_cores=21.49
event=kink_round H=19 col=21 round=stage17 frontier_in=44140925 map_wall_s=1.692 map_cpu_s=106.951 merge_wall_s=1.428 merge_cpu_s=30.597 map_units=690 merge_ranges=80 map_eff_cores=63.21 merge_eff_cores=21.43
event=kink_round H=19 col=21 round=stage18 frontier_in=44830855 map_wall_s=1.674 map_cpu_s=102.549 merge_wall_s=1.221 merge_cpu_s=27.960 map_units=703 merge_ranges=80 map_eff_cores=61.25 merge_eff_cores=22.89
event=kink_round H=19 col=21 round=finalize frontier_in=40658969 map_wall_s=1.097 map_cpu_s=59.370 merge_wall_s=0.165 merge_cpu_s=3.942 map_units=640 merge_ranges=80 map_eff_cores=54.14 merge_eff_cores=23.89
event=column H=19 col=21 frontier_in=3325905 frontier_out=1393030 wall_s=61.99 cum_wall_s=25010.6 cpu_s=2359.8 rss_max_mb=372.5 map_wall_s=29.82 map_cpu_s=1852.9 merge_wall_s=24.07 merge_cpu_s=506.9 map_units=14079 merge_ranges=1600 eff_cores=38.07
event=kink_round H=19 col=22 round=seed frontier_in=1393030 map_wall_s=0.082 map_cpu_s=3.798 merge_wall_s=0.000 merge_cpu_s=0.000 map_units=640 merge_ranges=0 map_eff_cores=46.54 merge_eff_cores=0.00
event=kink_round H=19 col=22 round=stage0 frontier_in=1393030 map_wall_s=0.300 map_cpu_s=17.731 merge_wall_s=0.164 merge_cpu_s=4.301 map_units=642 merge_ranges=80 map_eff_cores=59.08 merge_eff_cores=26.19
event=kink_round H=19 col=22 round=stage1 frontier_in=2597464 map_wall_s=0.149 map_cpu_s=6.878 merge_wall_s=0.255 merge_cpu_s=5.737 map_units=685 merge_ranges=80 map_eff_cores=46.09 merge_eff_cores=22.47
event=kink_round H=19 col=22 round=stage2 frontier_in=4814540 map_wall_s=0.229 map_cpu_s=11.461 merge_wall_s=0.364 merge_cpu_s=8.172 map_units=692 merge_ranges=80 map_eff_cores=50.01 merge_eff_cores=22.48
event=kink_round H=19 col=22 round=stage3 frontier_in=8601839 map_wall_s=0.373 map_cpu_s=20.404 merge_wall_s=0.534 merge_cpu_s=12.011 map_units=682 merge_ranges=80 map_eff_cores=54.74 merge_eff_cores=22.51
event=kink_round H=19 col=22 round=stage4 frontier_in=14464181 map_wall_s=0.656 map_cpu_s=39.513 merge_wall_s=0.711 merge_cpu_s=16.207 map_units=687 merge_ranges=80 map_eff_cores=60.23 merge_eff_cores=22.80
event=kink_round H=19 col=22 round=stage5 frontier_in=20532702 map_wall_s=0.922 map_cpu_s=57.330 merge_wall_s=0.900 merge_cpu_s=18.014 map_units=673 merge_ranges=80 map_eff_cores=62.18 merge_eff_cores=20.02
event=kink_round H=19 col=22 round=stage6 frontier_in=23238737 map_wall_s=1.030 map_cpu_s=63.873 merge_wall_s=0.879 merge_cpu_s=18.654 map_units=687 merge_ranges=80 map_eff_cores=61.99 merge_eff_cores=21.21
event=kink_round H=19 col=22 round=stage7 frontier_in=24189868 map_wall_s=1.142 map_cpu_s=69.554 merge_wall_s=0.747 merge_cpu_s=18.928 map_units=663 merge_ranges=80 map_eff_cores=60.93 merge_eff_cores=25.33
event=kink_round H=19 col=22 round=stage8 frontier_in=25068191 map_wall_s=1.091 map_cpu_s=71.758 merge_wall_s=0.920 merge_cpu_s=18.880 map_units=669 merge_ranges=80 map_eff_cores=65.77 merge_eff_cores=20.52
event=kink_round H=19 col=22 round=stage9 frontier_in=25675116 map_wall_s=1.149 map_cpu_s=72.431 merge_wall_s=0.927 merge_cpu_s=19.140 map_units=661 merge_ranges=80 map_eff_cores=63.02 merge_eff_cores=20.65
event=kink_round H=19 col=22 round=stage10 frontier_in=26071456 map_wall_s=1.130 map_cpu_s=72.065 merge_wall_s=0.855 merge_cpu_s=19.004 map_units=662 merge_ranges=80 map_eff_cores=63.80 merge_eff_cores=22.22
event=heartbeat H=19 col=22 elapsed_s=17 processed=7429120 rate_per_s=428917 steals=235
event=kink_round H=19 col=22 round=stage11 frontier_in=26281484 map_wall_s=1.110 map_cpu_s=68.749 merge_wall_s=0.988 merge_cpu_s=19.071 map_units=678 merge_ranges=80 map_eff_cores=61.95 merge_eff_cores=19.30
event=kink_round H=19 col=22 round=stage12 frontier_in=26430453 map_wall_s=1.183 map_cpu_s=65.943 merge_wall_s=0.919 merge_cpu_s=19.069 map_units=678 merge_ranges=80 map_eff_cores=55.75 merge_eff_cores=20.76
event=kink_round H=19 col=22 round=stage13 frontier_in=26486023 map_wall_s=1.117 map_cpu_s=65.232 merge_wall_s=0.893 merge_cpu_s=18.922 map_units=681 merge_ranges=80 map_eff_cores=58.42 merge_eff_cores=21.18
event=kink_round H=19 col=22 round=stage14 frontier_in=26460516 map_wall_s=1.096 map_cpu_s=64.554 merge_wall_s=0.974 merge_cpu_s=18.590 map_units=679 merge_ranges=80 map_eff_cores=58.90 merge_eff_cores=19.08
event=kink_round H=19 col=22 round=stage15 frontier_in=26359996 map_wall_s=1.045 map_cpu_s=64.294 merge_wall_s=0.996 merge_cpu_s=18.697 map_units=687 merge_ranges=80 map_eff_cores=61.50 merge_eff_cores=18.77
event=kink_round H=19 col=22 round=stage16 frontier_in=26299620 map_wall_s=1.012 map_cpu_s=63.053 merge_wall_s=0.903 merge_cpu_s=18.583 map_units=710 merge_ranges=80 map_eff_cores=62.29 merge_eff_cores=20.57
event=kink_round H=19 col=22 round=stage17 frontier_in=26095396 map_wall_s=0.991 map_cpu_s=59.977 merge_wall_s=0.817 merge_cpu_s=18.434 map_units=688 merge_ranges=80 map_eff_cores=60.54 merge_eff_cores=22.55
event=heartbeat H=19 col=22 elapsed_s=35 processed=12926976 rate_per_s=373164 steals=484
event=kink_round H=19 col=22 round=stage18 frontier_in=26150401 map_wall_s=0.994 map_cpu_s=56.442 merge_wall_s=0.698 merge_cpu_s=17.091 map_units=715 merge_ranges=80 map_eff_cores=56.77 merge_eff_cores=24.49
event=kink_round H=19 col=22 round=finalize frontier_in=23991594 map_wall_s=0.640 map_cpu_s=33.383 merge_wall_s=0.087 merge_cpu_s=3.081 map_units=640 merge_ranges=80 map_eff_cores=52.14 merge_eff_cores=35.30
event=column H=19 col=22 frontier_in=1393030 frontier_out=572650 wall_s=36.32 cum_wall_s=25046.9 cpu_s=1359.0 rss_max_mb=372.5 map_wall_s=17.44 map_cpu_s=1048.4 merge_wall_s=14.53 merge_cpu_s=310.6 map_units=14199 merge_ranges=1600 eff_cores=37.41
event=kink_round H=19 col=23 round=seed frontier_in=572650 map_wall_s=0.036 map_cpu_s=1.625 merge_wall_s=0.000 merge_cpu_s=0.000 map_units=280 merge_ranges=0 map_eff_cores=45.37 merge_eff_cores=0.00
event=kink_round H=19 col=23 round=stage0 frontier_in=572650 map_wall_s=0.171 map_cpu_s=5.072 merge_wall_s=0.088 merge_cpu_s=2.068 map_units=302 merge_ranges=80 map_eff_cores=29.60 merge_eff_cores=23.49
event=kink_round H=19 col=23 round=stage1 frontier_in=1070856 map_wall_s=0.094 map_cpu_s=4.417 merge_wall_s=0.113 merge_cpu_s=3.324 map_units=535 merge_ranges=80 map_eff_cores=46.98 merge_eff_cores=29.34
event=kink_round H=19 col=23 round=stage2 frontier_in=1971110 map_wall_s=0.132 map_cpu_s=7.097 merge_wall_s=0.196 merge_cpu_s=4.692 map_units=669 merge_ranges=80 map_eff_cores=53.72 merge_eff_cores=23.94
event=kink_round H=19 col=23 round=stage3 frontier_in=3539469 map_wall_s=0.230 map_cpu_s=9.670 merge_wall_s=0.335 merge_cpu_s=6.469 map_units=682 merge_ranges=80 map_eff_cores=42.05 merge_eff_cores=19.28
event=kink_round H=19 col=23 round=stage4 frontier_in=6159133 map_wall_s=0.266 map_cpu_s=13.953 merge_wall_s=0.391 merge_cpu_s=8.597 map_units=662 merge_ranges=80 map_eff_cores=52.42 merge_eff_cores=22.01
event=kink_round H=19 col=23 round=stage5 frontier_in=9899650 map_wall_s=0.427 map_cpu_s=22.896 merge_wall_s=0.531 merge_cpu_s=10.984 map_units=684 merge_ranges=80 map_eff_cores=53.66 merge_eff_cores=20.70
event=kink_round H=19 col=23 round=stage6 frontier_in=13646365 map_wall_s=0.550 map_cpu_s=35.601 merge_wall_s=0.564 merge_cpu_s=11.960 map_units=658 merge_ranges=80 map_eff_cores=64.74 merge_eff_cores=21.22
event=kink_round H=19 col=23 round=stage7 frontier_in=15185752 map_wall_s=0.675 map_cpu_s=40.081 merge_wall_s=0.592 merge_cpu_s=12.196 map_units=649 merge_ranges=80 map_eff_cores=59.37 merge_eff_cores=20.59
event=kink_round H=19 col=23 round=stage8 frontier_in=15591109 map_wall_s=0.713 map_cpu_s=40.114 merge_wall_s=0.572 merge_cpu_s=12.320 map_units=662 merge_ranges=80 map_eff_cores=56.28 merge_eff_cores=21.53
event=kink_round H=19 col=23 round=stage9 frontier_in=15937406 map_wall_s=0.668 map_cpu_s=39.177 merge_wall_s=0.655 merge_cpu_s=12.376 map_units=683 merge_ranges=80 map_eff_cores=58.68 merge_eff_cores=18.90
event=kink_round H=19 col=23 round=stage10 frontier_in=16107893 map_wall_s=0.668 map_cpu_s=39.168 merge_wall_s=0.540 merge_cpu_s=12.210 map_units=661 merge_ranges=80 map_eff_cores=58.66 merge_eff_cores=22.63
event=kink_round H=19 col=23 round=stage11 frontier_in=16146750 map_wall_s=0.694 map_cpu_s=36.961 merge_wall_s=0.566 merge_cpu_s=12.131 map_units=699 merge_ranges=80 map_eff_cores=53.27 merge_eff_cores=21.44
event=kink_round H=19 col=23 round=stage12 frontier_in=16093378 map_wall_s=0.654 map_cpu_s=36.005 merge_wall_s=0.625 merge_cpu_s=12.107 map_units=684 merge_ranges=80 map_eff_cores=55.08 merge_eff_cores=19.38
event=kink_round H=19 col=23 round=stage13 frontier_in=15966430 map_wall_s=0.579 map_cpu_s=35.810 merge_wall_s=0.567 merge_cpu_s=11.826 map_units=671 merge_ranges=80 map_eff_cores=61.90 merge_eff_cores=20.85
event=kink_round H=19 col=23 round=stage14 frontier_in=15799318 map_wall_s=0.603 map_cpu_s=34.507 merge_wall_s=0.520 merge_cpu_s=11.654 map_units=677 merge_ranges=80 map_eff_cores=57.20 merge_eff_cores=22.42
event=kink_round H=19 col=23 round=stage15 frontier_in=15637141 map_wall_s=0.602 map_cpu_s=34.451 merge_wall_s=0.599 merge_cpu_s=11.675 map_units=697 merge_ranges=80 map_eff_cores=57.24 merge_eff_cores=19.50
event=heartbeat H=19 col=23 elapsed_s=17 processed=10317824 rate_per_s=595676 steals=332
event=kink_round H=19 col=23 round=stage16 frontier_in=15428687 map_wall_s=0.595 map_cpu_s=33.316 merge_wall_s=0.575 merge_cpu_s=11.339 map_units=683 merge_ranges=80 map_eff_cores=55.97 merge_eff_cores=19.70
event=kink_round H=19 col=23 round=stage17 frontier_in=15176047 map_wall_s=0.586 map_cpu_s=32.596 merge_wall_s=0.444 merge_cpu_s=11.324 map_units=694 merge_ranges=80 map_eff_cores=55.63 merge_eff_cores=25.48
event=kink_round H=19 col=23 round=stage18 frontier_in=15107748 map_wall_s=0.598 map_cpu_s=30.990 merge_wall_s=0.515 merge_cpu_s=10.520 map_units=693 merge_ranges=80 map_eff_cores=51.82 merge_eff_cores=20.41
event=kink_round H=19 col=23 round=finalize frontier_in=13962935 map_wall_s=0.353 map_cpu_s=15.548 merge_wall_s=0.091 merge_cpu_s=2.337 map_units=640 merge_ranges=80 map_eff_cores=44.03 merge_eff_cores=25.72
event=column H=19 col=23 frontier_in=572650 frontier_out=235993 wall_s=21.69 cum_wall_s=25068.6 cpu_s=741.2 rss_max_mb=372.5 map_wall_s=9.89 map_cpu_s=549.1 merge_wall_s=9.08 merge_cpu_s=192.1 map_units=13265 merge_ranges=1600 eff_cores=34.17
event=kink_round H=19 col=24 round=seed frontier_in=235993 map_wall_s=0.016 map_cpu_s=0.655 merge_wall_s=0.000 merge_cpu_s=0.000 map_units=116 merge_ranges=0 map_eff_cores=42.16 merge_eff_cores=0.00
event=kink_round H=19 col=24 round=stage0 frontier_in=235993 map_wall_s=0.087 map_cpu_s=1.193 merge_wall_s=0.041 merge_cpu_s=1.045 map_units=150 merge_ranges=80 map_eff_cores=13.65 merge_eff_cores=25.77
event=kink_round H=19 col=24 round=stage1 frontier_in=440576 map_wall_s=0.069 map_cpu_s=2.044 merge_wall_s=0.069 merge_cpu_s=1.558 map_units=242 merge_ranges=80 map_eff_cores=29.62 merge_eff_cores=22.50
event=kink_round H=19 col=24 round=stage2 frontier_in=805648 map_wall_s=0.113 map_cpu_s=4.138 merge_wall_s=0.134 merge_cpu_s=2.948 map_units=431 merge_ranges=80 map_eff_cores=36.63 merge_eff_cores=21.94
event=kink_round H=19 col=24 round=stage3 frontier_in=1441829 map_wall_s=0.139 map_cpu_s=7.086 merge_wall_s=0.173 merge_cpu_s=4.669 map_units=668 merge_ranges=80 map_eff_cores=50.86 merge_eff_cores=26.94
event=kink_round H=19 col=24 round=stage4 frontier_in=2523869 map_wall_s=0.152 map_cpu_s=9.010 merge_wall_s=0.220 merge_cpu_s=5.338 map_units=668 merge_ranges=80 map_eff_cores=59.43 merge_eff_cores=24.25
event=kink_round H=19 col=24 round=stage5 frontier_in=4265969 map_wall_s=0.198 map_cpu_s=9.979 merge_wall_s=0.297 merge_cpu_s=6.782 map_units=682 merge_ranges=80 map_eff_cores=50.32 merge_eff_cores=22.81
event=kink_round H=19 col=24 round=stage6 frontier_in=6503390 map_wall_s=0.254 map_cpu_s=12.963 merge_wall_s=0.276 merge_cpu_s=7.590 map_units=676 merge_ranges=80 map_eff_cores=51.02 merge_eff_cores=27.48
event=kink_round H=19 col=24 round=stage7 frontier_in=8739947 map_wall_s=0.318 map_cpu_s=17.398 merge_wall_s=0.305 merge_cpu_s=8.282 map_units=698 merge_ranges=80 map_eff_cores=54.68 merge_eff_cores=27.12
event=kink_round H=19 col=24 round=stage8 frontier_in=9636225 map_wall_s=0.383 map_cpu_s=19.623 merge_wall_s=0.357 merge_cpu_s=8.082 map_units=676 merge_ranges=80 map_eff_cores=51.28 merge_eff_cores=22.64
event=kink_round H=19 col=24 round=stage9 frontier_in=9787250 map_wall_s=0.401 map_cpu_s=19.531 merge_wall_s=0.424 merge_cpu_s=8.258 map_units=709 merge_ranges=80 map_eff_cores=48.66 merge_eff_cores=19.50
event=kink_round H=19 col=24 round=stage10 frontier_in=9879784 map_wall_s=0.348 map_cpu_s=19.644 merge_wall_s=0.354 merge_cpu_s=8.155 map_units=714 merge_ranges=80 map_eff_cores=56.52 merge_eff_cores=23.03
event=kink_round H=19 col=24 round=stage11 frontier_in=9866261 map_wall_s=0.371 map_cpu_s=19.207 merge_wall_s=0.343 merge_cpu_s=7.906 map_units=682 merge_ranges=80 map_eff_cores=51.78 merge_eff_cores=23.05
event=kink_round H=19 col=24 round=stage12 frontier_in=9778169 map_wall_s=0.390 map_cpu_s=18.843 merge_wall_s=0.322 merge_cpu_s=7.914 map_units=676 merge_ranges=80 map_eff_cores=48.33 merge_eff_cores=24.61
event=kink_round H=19 col=24 round=stage13 frontier_in=9638071 map_wall_s=0.348 map_cpu_s=18.112 merge_wall_s=0.333 merge_cpu_s=7.827 map_units=676 merge_ranges=80 map_eff_cores=52.06 merge_eff_cores=23.49
event=kink_round H=19 col=24 round=stage14 frontier_in=9486059 map_wall_s=0.354 map_cpu_s=17.723 merge_wall_s=0.337 merge_cpu_s=7.796 map_units=676 merge_ranges=80 map_eff_cores=50.08 merge_eff_cores=23.12
event=kink_round H=19 col=24 round=stage15 frontier_in=9286721 map_wall_s=0.328 map_cpu_s=17.312 merge_wall_s=0.316 merge_cpu_s=7.464 map_units=676 merge_ranges=80 map_eff_cores=52.82 merge_eff_cores=23.65
event=kink_round H=19 col=24 round=stage16 frontier_in=9084078 map_wall_s=0.327 map_cpu_s=16.431 merge_wall_s=0.317 merge_cpu_s=7.336 map_units=690 merge_ranges=80 map_eff_cores=50.28 merge_eff_cores=23.18
event=kink_round H=19 col=24 round=stage17 frontier_in=8823856 map_wall_s=0.326 map_cpu_s=15.539 merge_wall_s=0.337 merge_cpu_s=7.418 map_units=714 merge_ranges=80 map_eff_cores=47.69 merge_eff_cores=22.02
event=kink_round H=19 col=24 round=stage18 frontier_in=8799013 map_wall_s=0.324 map_cpu_s=15.323 merge_wall_s=0.292 merge_cpu_s=6.717 map_units=684 merge_ranges=80 map_eff_cores=47.28 merge_eff_cores=22.99
event=kink_round H=19 col=24 round=finalize frontier_in=8036418 map_wall_s=0.160 map_cpu_s=8.070 merge_wall_s=0.080 merge_cpu_s=1.698 map_units=638 merge_ranges=80 map_eff_cores=50.52 merge_eff_cores=21.17
event=column H=19 col=24 frontier_in=235993 frontier_out=98546 wall_s=12.28 cum_wall_s=25080.9 cpu_s=394.6 rss_max_mb=372.5 map_wall_s=5.40 map_cpu_s=269.8 merge_wall_s=5.33 merge_cpu_s=124.8 map_units=12542 merge_ranges=1600 eff_cores=32.14
event=kink_round H=19 col=25 round=seed frontier_in=98546 map_wall_s=0.010 map_cpu_s=0.266 merge_wall_s=0.000 merge_cpu_s=0.000 map_units=49 merge_ranges=0 map_eff_cores=27.04 merge_eff_cores=0.00
event=kink_round H=19 col=25 round=stage0 frontier_in=98546 map_wall_s=0.011 map_cpu_s=0.303 merge_wall_s=0.022 merge_cpu_s=0.256 map_units=49 merge_ranges=49 map_eff_cores=27.48 merge_eff_cores=11.76
event=kink_round H=19 col=25 round=stage1 frontier_in=183247 map_wall_s=0.028 map_cpu_s=0.780 merge_wall_s=0.042 merge_cpu_s=0.839 map_units=97 merge_ranges=80 map_eff_cores=27.94 merge_eff_cores=19.87
event=kink_round H=19 col=25 round=stage2 frontier_in=332878 map_wall_s=0.051 map_cpu_s=1.632 merge_wall_s=0.063 merge_cpu_s=1.467 map_units=180 merge_ranges=80 map_eff_cores=31.96 merge_eff_cores=23.43
event=kink_round H=19 col=25 round=stage3 frontier_in=591619 map_wall_s=0.104 map_cpu_s=3.298 merge_wall_s=0.112 merge_cpu_s=2.506 map_units=317 merge_ranges=80 map_eff_cores=31.72 merge_eff_cores=22.40
event=kink_round H=19 col=25 round=stage4 frontier_in=1029970 map_wall_s=0.111 map_cpu_s=5.571 merge_wall_s=0.173 merge_cpu_s=3.904 map_units=510 merge_ranges=80 map_eff_cores=50.05 merge_eff_cores=22.56
event=kink_round H=19 col=25 round=stage5 frontier_in=1756660 map_wall_s=0.144 map_cpu_s=7.026 merge_wall_s=0.202 merge_cpu_s=4.660 map_units=654 merge_ranges=80 map_eff_cores=48.70 merge_eff_cores=23.12
event=kink_round H=19 col=25 round=stage6 frontier_in=2796540 map_wall_s=0.169 map_cpu_s=8.363 merge_wall_s=0.247 merge_cpu_s=5.650 map_units=666 merge_ranges=80 map_eff_cores=49.58 merge_eff_cores=22.83
event=kink_round H=19 col=25 round=stage7 frontier_in=4073564 map_wall_s=0.199 map_cpu_s=9.622 merge_wall_s=0.290 merge_cpu_s=6.092 map_units=701 merge_ranges=80 map_eff_cores=48.43 merge_eff_cores=21.00
event=kink_round H=19 col=25 round=stage8 frontier_in=5351779 map_wall_s=0.298 map_cpu_s=10.645 merge_wall_s=0.286 merge_cpu_s=5.960 map_units=710 merge_ranges=80 map_eff_cores=35.75 merge_eff_cores=20.81
event=kink_round H=19 col=25 round=stage9 frontier_in=5878622 map_wall_s=0.196 map_cpu_s=10.749 merge_wall_s=0.268 merge_cpu_s=5.572 map_units=660 merge_ranges=80 map_eff_cores=54.81 merge_eff_cores=20.83
event=kink_round H=19 col=25 round=stage10 frontier_in=5918748 map_wall_s=0.199 map_cpu_s=10.609 merge_wall_s=0.236 merge_cpu_s=5.666 map_units=674 merge_ranges=80 map_eff_cores=53.38 merge_eff_cores=23.97
event=kink_round H=19 col=25 round=stage11 frontier_in=5906588 map_wall_s=0.229 map_cpu_s=10.360 merge_wall_s=0.238 merge_cpu_s=5.522 map_units=708 merge_ranges=80 map_eff_cores=45.18 merge_eff_cores=23.20
event=kink_round H=19 col=25 round=stage12 frontier_in=5838682 map_wall_s=0.224 map_cpu_s=10.316 merge_wall_s=0.231 merge_cpu_s=5.554 map_units=715 merge_ranges=80 map_eff_cores=46.08 merge_eff_cores=24.00
event=kink_round H=19 col=25 round=stage13 frontier_in=5739959 map_wall_s=0.252 map_cpu_s=9.955 merge_wall_s=0.209 merge_cpu_s=5.520 map_units=704 merge_ranges=80 map_eff_cores=39.49 merge_eff_cores=26.38
event=kink_round H=19 col=25 round=stage14 frontier_in=5597202 map_wall_s=0.241 map_cpu_s=9.886 merge_wall_s=0.196 merge_cpu_s=5.336 map_units=683 merge_ranges=80 map_eff_cores=41.05 merge_eff_cores=27.24
event=kink_round H=19 col=25 round=stage15 frontier_in=5433310 map_wall_s=0.201 map_cpu_s=9.530 merge_wall_s=0.198 merge_cpu_s=5.228 map_units=694 merge_ranges=80 map_eff_cores=47.40 merge_eff_cores=26.41
event=kink_round H=19 col=25 round=stage16 frontier_in=5249547 map_wall_s=0.213 map_cpu_s=8.803 merge_wall_s=0.192 merge_cpu_s=5.029 map_units=700 merge_ranges=80 map_eff_cores=41.41 merge_eff_cores=26.17
event=kink_round H=19 col=25 round=stage17 frontier_in=5059618 map_wall_s=0.215 map_cpu_s=8.995 merge_wall_s=0.252 merge_cpu_s=5.154 map_units=712 merge_ranges=80 map_eff_cores=41.89 merge_eff_cores=20.42
event=kink_round H=19 col=25 round=stage18 frontier_in=4978745 map_wall_s=0.230 map_cpu_s=8.440 merge_wall_s=0.192 merge_cpu_s=4.851 map_units=730 merge_ranges=80 map_eff_cores=36.67 merge_eff_cores=25.22
event=kink_round H=19 col=25 round=finalize frontier_in=4469532 map_wall_s=0.141 map_cpu_s=5.182 merge_wall_s=0.075 merge_cpu_s=1.317 map_units=634 merge_ranges=80 map_eff_cores=36.81 merge_eff_cores=17.52
event=column H=19 col=25 frontier_in=98546 frontier_out=42122 wall_s=8.10 cum_wall_s=25089.0 cpu_s=236.4 rss_max_mb=372.5 map_wall_s=3.46 map_cpu_s=150.3 merge_wall_s=3.73 merge_cpu_s=86.1 map_units=11547 merge_ranges=1569 eff_cores=29.19
event=kink_round H=19 col=26 round=seed frontier_in=42122 map_wall_s=0.011 map_cpu_s=0.104 merge_wall_s=0.000 merge_cpu_s=0.000 map_units=21 merge_ranges=0 map_eff_cores=9.42 merge_eff_cores=0.00
event=kink_round H=19 col=26 round=stage0 frontier_in=42122 map_wall_s=0.009 map_cpu_s=0.110 merge_wall_s=0.014 merge_cpu_s=0.105 map_units=21 merge_ranges=21 map_eff_cores=12.24 merge_eff_cores=7.58
event=kink_round H=19 col=26 round=stage1 frontier_in=77850 map_wall_s=0.014 map_cpu_s=0.275 merge_wall_s=0.022 merge_cpu_s=0.315 map_units=47 merge_ranges=47 map_eff_cores=18.97 merge_eff_cores=14.56
event=kink_round H=19 col=26 round=stage2 frontier_in=140261 map_wall_s=0.019 map_cpu_s=0.644 merge_wall_s=0.032 merge_cpu_s=0.590 map_units=69 merge_ranges=69 map_eff_cores=34.07 merge_eff_cores=18.29
event=kink_round H=19 col=26 round=stage3 frontier_in=246837 map_wall_s=0.055 map_cpu_s=1.504 merge_wall_s=0.067 merge_cpu_s=1.326 map_units=205 merge_ranges=80 map_eff_cores=27.33 merge_eff_cores=19.73
event=kink_round H=19 col=26 round=stage4 frontier_in=424996 map_wall_s=0.102 map_cpu_s=2.508 merge_wall_s=0.092 merge_cpu_s=2.036 map_units=265 merge_ranges=80 map_eff_cores=24.67 merge_eff_cores=22.02
event=kink_round H=19 col=26 round=stage5 frontier_in=716789 map_wall_s=0.101 map_cpu_s=4.082 merge_wall_s=0.125 merge_cpu_s=3.144 map_units=364 merge_ranges=80 map_eff_cores=40.47 merge_eff_cores=25.08
event=kink_round H=19 col=26 round=stage6 frontier_in=1164869 map_wall_s=0.134 map_cpu_s=6.168 merge_wall_s=0.167 merge_cpu_s=4.335 map_units=581 merge_ranges=80 map_eff_cores=46.19 merge_eff_cores=25.92
event=kink_round H=19 col=26 round=stage7 frontier_in=1740787 map_wall_s=0.151 map_cpu_s=7.477 merge_wall_s=0.199 merge_cpu_s=4.779 map_units=654 merge_ranges=80 map_eff_cores=49.64 merge_eff_cores=24.01
event=kink_round H=19 col=26 round=stage8 frontier_in=2424154 map_wall_s=0.136 map_cpu_s=6.905 merge_wall_s=0.166 merge_cpu_s=4.623 map_units=677 merge_ranges=80 map_eff_cores=50.64 merge_eff_cores=27.92
event=kink_round H=19 col=26 round=stage9 frontier_in=3108312 map_wall_s=0.138 map_cpu_s=7.672 merge_wall_s=0.195 merge_cpu_s=4.719 map_units=667 merge_ranges=80 map_eff_cores=55.51 merge_eff_cores=24.21
event=kink_round H=19 col=26 round=stage10 frontier_in=3412527 map_wall_s=0.196 map_cpu_s=8.096 merge_wall_s=0.231 merge_cpu_s=4.703 map_units=706 merge_ranges=80 map_eff_cores=41.38 merge_eff_cores=20.40
event=kink_round H=19 col=26 round=stage11 frontier_in=3407160 map_wall_s=0.211 map_cpu_s=8.236 merge_wall_s=0.215 merge_cpu_s=4.634 map_units=720 merge_ranges=80 map_eff_cores=38.97 merge_eff_cores=21.57
event=kink_round H=19 col=26 round=stage12 frontier_in=3370982 map_wall_s=0.183 map_cpu_s=7.519 merge_wall_s=0.191 merge_cpu_s=4.074 map_units=692 merge_ranges=80 map_eff_cores=40.98 merge_eff_cores=21.37
event=kink_round H=19 col=26 round=stage13 frontier_in=3289219 map_wall_s=0.223 map_cpu_s=7.383 merge_wall_s=0.193 merge_cpu_s=4.394 map_units=705 merge_ranges=80 map_eff_cores=33.12 merge_eff_cores=22.77
event=kink_round H=19 col=26 round=stage14 frontier_in=3181733 map_wall_s=0.159 map_cpu_s=7.052 merge_wall_s=0.168 merge_cpu_s=4.281 map_units=675 merge_ranges=80 map_eff_cores=44.42 merge_eff_cores=25.49
event=kink_round H=19 col=26 round=stage15 frontier_in=3051753 map_wall_s=0.146 map_cpu_s=7.073 merge_wall_s=0.152 merge_cpu_s=3.877 map_units=652 merge_ranges=80 map_eff_cores=48.45 merge_eff_cores=25.56
event=kink_round H=19 col=26 round=stage16 frontier_in=2921551 map_wall_s=0.138 map_cpu_s=7.206 merge_wall_s=0.153 merge_cpu_s=4.107 map_units=688 merge_ranges=80 map_eff_cores=52.12 merge_eff_cores=26.87
event=kink_round H=19 col=26 round=stage17 frontier_in=2777644 map_wall_s=0.128 map_cpu_s=6.620 merge_wall_s=0.168 merge_cpu_s=4.108 map_units=660 merge_ranges=80 map_eff_cores=51.53 merge_eff_cores=24.41
event=kink_round H=19 col=26 round=stage18 frontier_in=2696564 map_wall_s=0.122 map_cpu_s=6.666 merge_wall_s=0.161 merge_cpu_s=3.762 map_units=666 merge_ranges=80 map_eff_cores=54.55 merge_eff_cores=23.32
event=kink_round H=19 col=26 round=finalize frontier_in=2351965 map_wall_s=0.130 map_cpu_s=5.672 merge_wall_s=0.093 merge_cpu_s=1.211 map_units=518 merge_ranges=80 map_eff_cores=43.70 merge_eff_cores=13.03
event=column H=19 col=26 frontier_in=42122 frontier_out=18347 wall_s=5.88 cum_wall_s=25094.9 cpu_s=174.1 rss_max_mb=372.5 map_wall_s=2.51 map_cpu_s=109.0 merge_wall_s=2.80 merge_cpu_s=65.1 map_units=10253 merge_ranges=1497 eff_cores=29.61
event=kink_round H=19 col=27 round=seed frontier_in=18347 map_wall_s=0.012 map_cpu_s=0.066 merge_wall_s=0.000 merge_cpu_s=0.000 map_units=9 merge_ranges=0 map_eff_cores=5.61 merge_eff_cores=0.00
event=kink_round H=19 col=27 round=stage0 frontier_in=18347 map_wall_s=0.010 map_cpu_s=0.067 merge_wall_s=0.009 merge_cpu_s=0.044 map_units=9 merge_ranges=9 map_eff_cores=6.83 merge_eff_cores=4.87
event=kink_round H=19 col=27 round=stage1 frontier_in=33604 map_wall_s=0.011 map_cpu_s=0.125 merge_wall_s=0.010 merge_cpu_s=0.086 map_units=17 merge_ranges=17 map_eff_cores=10.96 merge_eff_cores=8.21
event=kink_round H=19 col=27 round=stage2 frontier_in=59853 map_wall_s=0.015 map_cpu_s=0.334 merge_wall_s=0.019 merge_cpu_s=0.310 map_units=47 merge_ranges=47 map_eff_cores=22.35 merge_eff_cores=16.09
event=kink_round H=19 col=27 round=stage3 frontier_in=103907 map_wall_s=0.029 map_cpu_s=0.746 merge_wall_s=0.035 merge_cpu_s=0.687 map_units=86 merge_ranges=80 map_eff_cores=26.07 merge_eff_cores=19.68
event=kink_round H=19 col=27 round=stage4 frontier_in=176142 map_wall_s=0.040 map_cpu_s=1.236 merge_wall_s=0.038 merge_cpu_s=1.091 map_units=91 merge_ranges=80 map_eff_cores=30.53 merge_eff_cores=28.60
event=kink_round H=19 col=27 round=stage5 frontier_in=292009 map_wall_s=0.046 map_cpu_s=1.924 merge_wall_s=0.058 merge_cpu_s=1.522 map_units=144 merge_ranges=80 map_eff_cores=41.64 merge_eff_cores=26.42
event=kink_round H=19 col=27 round=stage6 frontier_in=473248 map_wall_s=0.063 map_cpu_s=3.024 merge_wall_s=0.077 merge_cpu_s=2.272 map_units=234 merge_ranges=80 map_eff_cores=48.14 merge_eff_cores=29.41
event=kink_round H=19 col=27 round=stage7 frontier_in=715811 map_wall_s=0.094 map_cpu_s=4.239 merge_wall_s=0.098 merge_cpu_s=3.151 map_units=359 merge_ranges=80 map_eff_cores=44.88 merge_eff_cores=32.10
event=kink_round H=19 col=27 round=stage8 frontier_in=1009161 map_wall_s=0.105 map_cpu_s=4.962 merge_wall_s=0.141 merge_cpu_s=3.789 map_units=495 merge_ranges=80 map_eff_cores=47.37 merge_eff_cores=26.95
event=kink_round H=19 col=27 round=stage9 frontier_in=1345819 map_wall_s=0.128 map_cpu_s=5.871 merge_wall_s=0.151 merge_cpu_s=4.131 map_units=656 merge_ranges=80 map_eff_cores=46.03 merge_eff_cores=27.27
event=kink_round H=19 col=27 round=stage10 frontier_in=1679872 map_wall_s=0.128 map_cpu_s=6.334 merge_wall_s=0.166 merge_cpu_s=3.834 map_units=650 merge_ranges=80 map_eff_cores=49.56 merge_eff_cores=23.06
event=kink_round H=19 col=27 round=stage11 frontier_in=1845556 map_wall_s=0.134 map_cpu_s=6.305 merge_wall_s=0.149 merge_cpu_s=3.725 map_units=671 merge_ranges=80 map_eff_cores=47.07 merge_eff_cores=25.06
event=kink_round H=19 col=27 round=stage12 frontier_in=1819031 map_wall_s=0.147 map_cpu_s=6.493 merge_wall_s=0.157 merge_cpu_s=3.766 map_units=652 merge_ranges=80 map_eff_cores=44.21 merge_eff_cores=24.05
event=kink_round H=19 col=27 round=stage13 frontier_in=1763732 map_wall_s=0.131 map_cpu_s=6.371 merge_wall_s=0.139 merge_cpu_s=3.607 map_units=657 merge_ranges=80 map_eff_cores=48.63 merge_eff_cores=25.91
event=kink_round H=19 col=27 round=stage14 frontier_in=1686549 map_wall_s=0.132 map_cpu_s=6.115 merge_wall_s=0.138 merge_cpu_s=3.343 map_units=658 merge_ranges=80 map_eff_cores=46.20 merge_eff_cores=24.26
event=kink_round H=19 col=27 round=stage15 frontier_in=1600136 map_wall_s=0.128 map_cpu_s=5.771 merge_wall_s=0.165 merge_cpu_s=3.377 map_units=665 merge_ranges=80 map_eff_cores=45.23 merge_eff_cores=20.52
event=kink_round H=19 col=27 round=stage16 frontier_in=1502616 map_wall_s=0.126 map_cpu_s=5.479 merge_wall_s=0.135 merge_cpu_s=3.251 map_units=653 merge_ranges=80 map_eff_cores=43.36 merge_eff_cores=24.12
event=kink_round H=19 col=27 round=stage17 frontier_in=1398168 map_wall_s=0.127 map_cpu_s=5.050 merge_wall_s=0.118 merge_cpu_s=3.203 map_units=653 merge_ranges=80 map_eff_cores=39.71 merge_eff_cores=27.16
event=kink_round H=19 col=27 round=stage18 frontier_in=1306744 map_wall_s=0.123 map_cpu_s=5.118 merge_wall_s=0.124 merge_cpu_s=3.071 map_units=654 merge_ranges=80 map_eff_cores=41.62 merge_eff_cores=24.73
event=kink_round H=19 col=27 round=finalize frontier_in=1062585 map_wall_s=0.108 map_cpu_s=4.069 merge_wall_s=0.055 merge_cpu_s=0.832 map_units=228 merge_ranges=80 map_eff_cores=37.81 merge_eff_cores=15.25
event=column H=19 col=27 frontier_in=18347 frontier_out=8148 wall_s=4.16 cum_wall_s=25099.0 cpu_s=128.8 rss_max_mb=372.5 map_wall_s=1.84 map_cpu_s=79.7 merge_wall_s=1.98 merge_cpu_s=49.1 map_units=8288 merge_ranges=1433 eff_cores=30.99
event=kink_round H=19 col=28 round=seed frontier_in=8148 map_wall_s=0.017 map_cpu_s=0.028 merge_wall_s=0.000 merge_cpu_s=0.000 map_units=4 merge_ranges=0 map_eff_cores=1.69 merge_eff_cores=0.00
event=kink_round H=19 col=28 round=stage0 frontier_in=8148 map_wall_s=0.010 map_cpu_s=0.031 merge_wall_s=0.007 merge_cpu_s=0.022 map_units=4 merge_ranges=4 map_eff_cores=3.19 merge_eff_cores=3.03
event=kink_round H=19 col=28 round=stage1 frontier_in=14694 map_wall_s=0.008 map_cpu_s=0.048 merge_wall_s=0.008 merge_cpu_s=0.042 map_units=8 merge_ranges=8 map_eff_cores=5.99 merge_eff_cores=4.97
event=kink_round H=19 col=28 round=stage2 frontier_in=25716 map_wall_s=0.010 map_cpu_s=0.095 merge_wall_s=0.011 merge_cpu_s=0.084 map_units=13 merge_ranges=13 map_eff_cores=9.98 merge_eff_cores=7.97
event=kink_round H=19 col=28 round=stage3 frontier_in=43777 map_wall_s=0.016 map_cpu_s=0.302 merge_wall_s=0.025 merge_cpu_s=0.450 map_units=63 merge_ranges=63 map_eff_cores=19.40 merge_eff_cores=18.20
event=kink_round H=19 col=28 round=stage4 frontier_in=72622 map_wall_s=0.046 map_cpu_s=0.780 merge_wall_s=0.037 merge_cpu_s=0.776 map_units=96 merge_ranges=80 map_eff_cores=16.91 merge_eff_cores=21.10
event=kink_round H=19 col=28 round=stage5 frontier_in=117594 map_wall_s=0.118 map_cpu_s=1.557 merge_wall_s=0.047 merge_cpu_s=1.209 map_units=156 merge_ranges=80 map_eff_cores=13.17 merge_eff_cores=25.67
event=kink_round H=19 col=28 round=stage6 frontier_in=186155 map_wall_s=0.057 map_cpu_s=1.355 merge_wall_s=0.049 merge_cpu_s=1.479 map_units=134 merge_ranges=80 map_eff_cores=23.91 merge_eff_cores=30.17
event=kink_round H=19 col=28 round=stage7 frontier_in=283195 map_wall_s=0.038 map_cpu_s=1.661 merge_wall_s=0.054 merge_cpu_s=1.503 map_units=139 merge_ranges=80 map_eff_cores=43.28 merge_eff_cores=27.70
event=kink_round H=19 col=28 round=stage8 frontier_in=399481 map_wall_s=0.071 map_cpu_s=2.527 merge_wall_s=0.076 merge_cpu_s=2.115 map_units=232 merge_ranges=80 map_eff_cores=35.69 merge_eff_cores=27.74
event=kink_round H=19 col=28 round=stage9 frontier_in=533085 map_wall_s=0.103 map_cpu_s=3.022 merge_wall_s=0.090 merge_cpu_s=2.341 map_units=293 merge_ranges=80 map_eff_cores=29.42 merge_eff_cores=25.90
event=kink_round H=19 col=28 round=stage10 frontier_in=681525 map_wall_s=0.113 map_cpu_s=3.874 merge_wall_s=0.098 merge_cpu_s=2.852 map_units=355 merge_ranges=80 map_eff_cores=34.14 merge_eff_cores=28.97
event=kink_round H=19 col=28 round=stage11 frontier_in=820930 map_wall_s=0.091 map_cpu_s=4.519 merge_wall_s=0.113 merge_cpu_s=2.929 map_units=423 merge_ranges=80 map_eff_cores=49.72 merge_eff_cores=26.03
event=kink_round H=19 col=28 round=stage12 frontier_in=890135 map_wall_s=0.099 map_cpu_s=4.887 merge_wall_s=0.117 merge_cpu_s=3.223 map_units=445 merge_ranges=80 map_eff_cores=49.45 merge_eff_cores=27.44
event=kink_round H=19 col=28 round=stage13 frontier_in=863140 map_wall_s=0.088 map_cpu_s=3.963 merge_wall_s=0.112 merge_cpu_s=2.897 map_units=424 merge_ranges=80 map_eff_cores=44.95 merge_eff_cores=25.84
event=kink_round H=19 col=28 round=stage14 frontier_in=823603 map_wall_s=0.087 map_cpu_s=4.003 merge_wall_s=0.105 merge_cpu_s=2.810 map_units=412 merge_ranges=80 map_eff_cores=45.94 merge_eff_cores=26.69
event=kink_round H=19 col=28 round=stage15 frontier_in=774398 map_wall_s=0.108 map_cpu_s=4.040 merge_wall_s=0.100 merge_cpu_s=2.828 map_units=390 merge_ranges=80 map_eff_cores=37.44 merge_eff_cores=28.38
event=kink_round H=19 col=28 round=stage16 frontier_in=719609 map_wall_s=0.122 map_cpu_s=3.923 merge_wall_s=0.102 merge_cpu_s=2.816 map_units=389 merge_ranges=80 map_eff_cores=32.03 merge_eff_cores=27.61
event=kink_round H=19 col=28 round=stage17 frontier_in=658656 map_wall_s=0.131 map_cpu_s=3.573 merge_wall_s=0.101 merge_cpu_s=2.604 map_units=365 merge_ranges=80 map_eff_cores=27.24 merge_eff_cores=25.71
event=kink_round H=19 col=28 round=stage18 frontier_in=599712 map_wall_s=0.100 map_cpu_s=3.237 merge_wall_s=0.080 merge_cpu_s=2.272 map_units=304 merge_ranges=80 map_eff_cores=32.22 merge_eff_cores=28.52
event=kink_round H=19 col=28 round=finalize frontier_in=472621 map_wall_s=0.060 map_cpu_s=2.535 merge_wall_s=0.033 merge_cpu_s=0.827 map_units=99 merge_ranges=80 map_eff_cores=42.53 merge_eff_cores=24.70
event=column H=19 col=28 frontier_in=8148 frontier_out=3526 wall_s=3.10 cum_wall_s=25102.1 cpu_s=86.0 rss_max_mb=372.5 map_wall_s=1.49 map_cpu_s=50.0 merge_wall_s=1.37 merge_cpu_s=36.1 map_units=4748 merge_ranges=1368 eff_cores=27.78
event=kink_round H=19 col=29 round=seed frontier_in=3526 map_wall_s=0.015 map_cpu_s=0.012 merge_wall_s=0.000 merge_cpu_s=0.000 map_units=2 merge_ranges=0 map_eff_cores=0.83 merge_eff_cores=0.00
event=kink_round H=19 col=29 round=stage0 frontier_in=3526 map_wall_s=0.008 map_cpu_s=0.013 merge_wall_s=0.006 merge_cpu_s=0.010 map_units=2 merge_ranges=2 map_eff_cores=1.73 merge_eff_cores=1.61
event=kink_round H=19 col=29 round=stage1 frontier_in=6214 map_wall_s=0.007 map_cpu_s=0.021 merge_wall_s=0.006 merge_cpu_s=0.017 map_units=4 merge_ranges=4 map_eff_cores=2.90 merge_eff_cores=2.79
event=kink_round H=19 col=29 round=stage2 frontier_in=10604 map_wall_s=0.008 map_cpu_s=0.036 merge_wall_s=0.007 merge_cpu_s=0.030 map_units=6 merge_ranges=6 map_eff_cores=4.60 merge_eff_cores=4.14
event=kink_round H=19 col=29 round=stage3 frontier_in=17565 map_wall_s=0.009 map_cpu_s=0.060 merge_wall_s=0.009 merge_cpu_s=0.052 map_units=9 merge_ranges=9 map_eff_cores=6.84 merge_eff_cores=6.04
event=kink_round H=19 col=29 round=stage4 frontier_in=28301 map_wall_s=0.010 map_cpu_s=0.099 merge_wall_s=0.010 merge_cpu_s=0.086 map_units=14 merge_ranges=14 map_eff_cores=10.41 merge_eff_cores=8.24
event=kink_round H=19 col=29 round=stage5 frontier_in=44444 map_wall_s=0.013 map_cpu_s=0.161 merge_wall_s=0.013 merge_cpu_s=0.164 map_units=23 merge_ranges=23 map_eff_cores=12.72 merge_eff_cores=12.40
event=kink_round H=19 col=29 round=stage6 frontier_in=68163 map_wall_s=0.017 map_cpu_s=0.517 merge_wall_s=0.026 merge_cpu_s=0.631 map_units=66 merge_ranges=66 map_eff_cores=30.30 merge_eff_cores=24.53
event=kink_round H=19 col=29 round=stage7 frontier_in=102057 map_wall_s=0.055 map_cpu_s=1.265 merge_wall_s=0.043 merge_cpu_s=1.195 map_units=142 merge_ranges=80 map_eff_cores=22.80 merge_eff_cores=27.87
event=kink_round H=19 col=29 round=stage8 frontier_in=143720 map_wall_s=0.034 map_cpu_s=1.112 merge_wall_s=0.038 merge_cpu_s=1.127 map_units=80 merge_ranges=80 map_eff_cores=32.55 merge_eff_cores=29.29
event=kink_round H=19 col=29 round=stage9 frontier_in=190551 map_wall_s=0.052 map_cpu_s=1.447 merge_wall_s=0.048 merge_cpu_s=1.365 map_units=121 merge_ranges=80 map_eff_cores=27.94 merge_eff_cores=28.61
event=kink_round H=19 col=29 round=stage10 frontier_in=241428 map_wall_s=0.108 map_cpu_s=2.538 merge_wall_s=0.064 merge_cpu_s=1.822 map_units=268 merge_ranges=80 map_eff_cores=23.61 merge_eff_cores=28.34
event=kink_round H=19 col=29 round=stage11 frontier_in=294478 map_wall_s=0.085 map_cpu_s=1.983 merge_wall_s=0.062 merge_cpu_s=1.696 map_units=203 merge_ranges=80 map_eff_cores=23.37 merge_eff_cores=27.20
event=kink_round H=19 col=29 round=stage12 frontier_in=344403 map_wall_s=0.071 map_cpu_s=2.091 merge_wall_s=0.065 merge_cpu_s=1.761 map_units=182 merge_ranges=80 map_eff_cores=29.48 merge_eff_cores=27.11
event=kink_round H=19 col=29 round=stage13 frontier_in=371017 map_wall_s=0.100 map_cpu_s=2.605 merge_wall_s=0.073 merge_cpu_s=1.919 map_units=239 merge_ranges=80 map_eff_cores=26.05 merge_eff_cores=26.47
event=kink_round H=19 col=29 round=stage14 frontier_in=355644 map_wall_s=0.059 map_cpu_s=2.308 merge_wall_s=0.062 merge_cpu_s=1.572 map_units=190 merge_ranges=80 map_eff_cores=39.22 merge_eff_cores=25.18
event=kink_round H=19 col=29 round=stage15 frontier_in=333140 map_wall_s=0.136 map_cpu_s=2.377 merge_wall_s=0.084 merge_cpu_s=1.686 map_units=283 merge_ranges=80 map_eff_cores=17.52 merge_eff_cores=20.03
event=kink_round H=19 col=29 round=stage16 frontier_in=305841 map_wall_s=0.061 map_cpu_s=1.967 merge_wall_s=0.056 merge_cpu_s=1.566 map_units=175 merge_ranges=80 map_eff_cores=32.14 merge_eff_cores=28.04
event=kink_round H=19 col=29 round=stage17 frontier_in=274400 map_wall_s=0.063 map_cpu_s=1.858 merge_wall_s=0.052 merge_cpu_s=1.484 map_units=178 merge_ranges=80 map_eff_cores=29.62 merge_eff_cores=28.44
event=kink_round H=19 col=29 round=stage18 frontier_in=241335 map_wall_s=0.115 map_cpu_s=2.579 merge_wall_s=0.071 merge_cpu_s=1.768 map_units=265 merge_ranges=80 map_eff_cores=22.51 merge_eff_cores=24.74
event=kink_round H=19 col=29 round=finalize frontier_in=182853 map_wall_s=0.029 map_cpu_s=1.135 merge_wall_s=0.015 merge_cpu_s=0.233 map_units=38 merge_ranges=38 map_eff_cores=38.82 merge_eff_cores=16.05
event=column H=19 col=29 frontier_in=3526 frontier_out=1438 wall_s=2.03 cum_wall_s=25104.2 cpu_s=46.4 rss_max_mb=372.5 map_wall_s=1.05 map_cpu_s=26.2 merge_wall_s=0.81 merge_cpu_s=20.2 map_units=2490 merge_ranges=1122 eff_cores=22.90
event=kink_round H=19 col=30 round=seed frontier_in=1438 map_wall_s=0.005 map_cpu_s=0.004 merge_wall_s=0.000 merge_cpu_s=0.000 map_units=1 merge_ranges=0 map_eff_cores=0.84 merge_eff_cores=0.00
event=kink_round H=19 col=30 round=stage0 frontier_in=1438 map_wall_s=0.005 map_cpu_s=0.005 merge_wall_s=0.004 merge_cpu_s=0.004 map_units=1 merge_ranges=1 map_eff_cores=0.94 merge_eff_cores=0.89
event=kink_round H=19 col=30 round=stage1 frontier_in=2466 map_wall_s=0.005 map_cpu_s=0.009 merge_wall_s=0.004 merge_cpu_s=0.006 map_units=2 merge_ranges=2 map_eff_cores=1.78 merge_eff_cores=1.40
event=kink_round H=19 col=30 round=stage2 frontier_in=4085 map_wall_s=0.007 map_cpu_s=0.013 merge_wall_s=0.006 merge_cpu_s=0.010 map_units=2 merge_ranges=2 map_eff_cores=1.75 merge_eff_cores=1.68
event=kink_round H=19 col=30 round=stage3 frontier_in=6552 map_wall_s=0.006 map_cpu_s=0.021 merge_wall_s=0.006 merge_cpu_s=0.016 map_units=4 merge_ranges=4 map_eff_cores=3.34 merge_eff_cores=2.84
event=kink_round H=19 col=30 round=stage4 frontier_in=10203 map_wall_s=0.008 map_cpu_s=0.031 merge_wall_s=0.007 merge_cpu_s=0.025 map_units=5 merge_ranges=5 map_eff_cores=4.00 merge_eff_cores=3.69
event=kink_round H=19 col=30 round=stage5 frontier_in=15468 map_wall_s=0.008 map_cpu_s=0.047 merge_wall_s=0.007 merge_cpu_s=0.039 map_units=8 merge_ranges=8 map_eff_cores=6.18 merge_eff_cores=5.22
event=kink_round H=19 col=30 round=stage6 frontier_in=22886 map_wall_s=0.009 map_cpu_s=0.081 merge_wall_s=0.010 merge_cpu_s=0.092 map_units=19 merge_ranges=19 map_eff_cores=9.17 merge_eff_cores=9.48
event=kink_round H=19 col=30 round=stage7 frontier_in=33111 map_wall_s=0.012 map_cpu_s=0.129 merge_wall_s=0.011 merge_cpu_s=0.122 map_units=22 merge_ranges=22 map_eff_cores=10.37 merge_eff_cores=10.61
event=kink_round H=19 col=30 round=stage8 frontier_in=46391 map_wall_s=0.011 map_cpu_s=0.180 merge_wall_s=0.013 merge_cpu_s=0.153 map_units=23 merge_ranges=23 map_eff_cores=16.46 merge_eff_cores=12.03
event=kink_round H=19 col=30 round=stage9 frontier_in=60906 map_wall_s=0.012 map_cpu_s=0.260 merge_wall_s=0.015 merge_cpu_s=0.219 map_units=30 merge_ranges=30 map_eff_cores=21.77 merge_eff_cores=14.64
event=kink_round H=19 col=30 round=stage10 frontier_in=76156 map_wall_s=0.014 map_cpu_s=0.390 merge_wall_s=0.018 merge_cpu_s=0.329 map_units=38 merge_ranges=38 map_eff_cores=27.00 merge_eff_cores=18.62
event=kink_round H=19 col=30 round=stage11 frontier_in=92252 map_wall_s=0.017 map_cpu_s=0.544 merge_wall_s=0.021 merge_cpu_s=0.463 map_units=46 merge_ranges=46 map_eff_cores=32.87 merge_eff_cores=22.33
event=kink_round H=19 col=30 round=stage12 frontier_in=108300 map_wall_s=0.019 map_cpu_s=0.736 merge_wall_s=0.023 merge_cpu_s=0.558 map_units=53 merge_ranges=53 map_eff_cores=38.29 merge_eff_cores=24.35
event=kink_round H=19 col=30 round=stage13 frontier_in=122716 map_wall_s=0.026 map_cpu_s=0.809 merge_wall_s=0.026 merge_cpu_s=0.751 map_units=62 merge_ranges=62 map_eff_cores=31.72 merge_eff_cores=28.86
event=kink_round H=19 col=30 round=stage14 frontier_in=130188 map_wall_s=0.023 map_cpu_s=0.993 merge_wall_s=0.029 merge_cpu_s=0.703 map_units=64 merge_ranges=64 map_eff_cores=42.41 merge_eff_cores=24.42
event=kink_round H=19 col=30 round=stage15 frontier_in=122657 map_wall_s=0.030 map_cpu_s=0.942 merge_wall_s=0.028 merge_cpu_s=0.890 map_units=73 merge_ranges=73 map_eff_cores=31.84 merge_eff_cores=31.29
event=kink_round H=19 col=30 round=stage16 frontier_in=111449 map_wall_s=0.100 map_cpu_s=2.048 merge_wall_s=0.068 merge_cpu_s=1.480 map_units=243 merge_ranges=80 map_eff_cores=20.51 merge_eff_cores=21.74
event=kink_round H=19 col=30 round=stage17 frontier_in=97573 map_wall_s=0.102 map_cpu_s=1.356 merge_wall_s=0.045 merge_cpu_s=1.172 map_units=130 merge_ranges=80 map_eff_cores=13.33 merge_eff_cores=26.14
event=kink_round H=19 col=30 round=stage18 frontier_in=82369 map_wall_s=0.093 map_cpu_s=3.031 merge_wall_s=0.085 merge_cpu_s=1.697 map_units=318 merge_ranges=80 map_eff_cores=32.63 merge_eff_cores=19.95
event=kink_round H=19 col=30 round=finalize frontier_in=59202 map_wall_s=0.015 map_cpu_s=0.235 merge_wall_s=0.004 merge_cpu_s=0.018 map_units=10 merge_ranges=10 map_eff_cores=15.70 merge_eff_cores=4.47
event=column H=19 col=30 frontier_in=1438 frontier_out=564 wall_s=1.03 cum_wall_s=25105.2 cpu_s=20.6 rss_max_mb=372.5 map_wall_s=0.53 map_cpu_s=11.9 merge_wall_s=0.43 merge_cpu_s=8.7 map_units=1154 merge_ranges=702 eff_cores=19.92
event=kink_round H=19 col=31 round=seed frontier_in=564 map_wall_s=0.002 map_cpu_s=0.002 merge_wall_s=0.000 merge_cpu_s=0.000 map_units=1 merge_ranges=0 map_eff_cores=0.86 merge_eff_cores=0.00
event=kink_round H=19 col=31 round=stage0 frontier_in=564 map_wall_s=0.003 map_cpu_s=0.002 merge_wall_s=0.002 merge_cpu_s=0.002 map_units=1 merge_ranges=1 map_eff_cores=0.78 merge_eff_cores=0.94
event=kink_round H=19 col=31 round=stage1 frontier_in=938 map_wall_s=0.003 map_cpu_s=0.003 merge_wall_s=0.003 merge_cpu_s=0.002 map_units=1 merge_ranges=1 map_eff_cores=0.88 merge_eff_cores=0.70
event=kink_round H=19 col=31 round=stage2 frontier_in=1501 map_wall_s=0.005 map_cpu_s=0.005 merge_wall_s=0.004 merge_cpu_s=0.003 map_units=1 merge_ranges=1 map_eff_cores=1.02 merge_eff_cores=0.78
event=kink_round H=19 col=31 round=stage3 frontier_in=2319 map_wall_s=0.004 map_cpu_s=0.007 merge_wall_s=0.003 merge_cpu_s=0.005 map_units=2 merge_ranges=2 map_eff_cores=1.62 merge_eff_cores=1.43
event=kink_round H=19 col=31 round=stage4 frontier_in=3472 map_wall_s=0.006 map_cpu_s=0.010 merge_wall_s=0.005 merge_cpu_s=0.007 map_units=2 merge_ranges=2 map_eff_cores=1.73 merge_eff_cores=1.50
event=kink_round H=19 col=31 round=stage5 frontier_in=5054 map_wall_s=0.006 map_cpu_s=0.014 merge_wall_s=0.005 merge_cpu_s=0.010 map_units=3 merge_ranges=3 map_eff_cores=2.41 merge_eff_cores=2.17
event=kink_round H=19 col=31 round=stage6 frontier_in=7173 map_wall_s=0.006 map_cpu_s=0.020 merge_wall_s=0.005 merge_cpu_s=0.016 map_units=4 merge_ranges=4 map_eff_cores=3.29 merge_eff_cores=3.12
event=kink_round H=19 col=31 round=stage7 frontier_in=9951 map_wall_s=0.007 map_cpu_s=0.026 merge_wall_s=0.006 merge_cpu_s=0.020 map_units=5 merge_ranges=5 map_eff_cores=3.88 merge_eff_cores=3.45
event=kink_round H=19 col=31 round=stage8 frontier_in=13503 map_wall_s=0.007 map_cpu_s=0.036 merge_wall_s=0.006 merge_cpu_s=0.028 map_units=7 merge_ranges=7 map_eff_cores=5.29 merge_eff_cores=4.53
event=kink_round H=19 col=31 round=stage9 frontier_in=17477 map_wall_s=0.007 map_cpu_s=0.048 merge_wall_s=0.007 merge_cpu_s=0.038 map_units=9 merge_ranges=9 map_eff_cores=7.01 merge_eff_cores=5.71
event=kink_round H=19 col=31 round=stage10 frontier_in=21420 map_wall_s=0.007 map_cpu_s=0.062 merge_wall_s=0.008 merge_cpu_s=0.048 map_units=11 merge_ranges=11 map_eff_cores=8.43 merge_eff_cores=6.21
event=kink_round H=19 col=31 round=stage11 frontier_in=25406 map_wall_s=0.008 map_cpu_s=0.073 merge_wall_s=0.011 merge_cpu_s=0.052 map_units=13 merge_ranges=13 map_eff_cores=9.57 merge_eff_cores=4.94
event=kink_round H=19 col=31 round=stage12 frontier_in=29190 map_wall_s=0.008 map_cpu_s=0.084 merge_wall_s=0.008 merge_cpu_s=0.072 map_units=15 merge_ranges=15 map_eff_cores=11.10 merge_eff_cores=8.90
event=kink_round H=19 col=31 round=stage13 frontier_in=32617 map_wall_s=0.008 map_cpu_s=0.099 merge_wall_s=0.009 merge_cpu_s=0.089 map_units=19 merge_ranges=19 map_eff_cores=12.55 merge_eff_cores=9.45
event=kink_round H=19 col=31 round=stage14 frontier_in=35431 map_wall_s=0.009 map_cpu_s=0.119 merge_wall_s=0.010 merge_cpu_s=0.087 map_units=18 merge_ranges=18 map_eff_cores=13.28 merge_eff_cores=8.62
event=kink_round H=19 col=31 round=stage15 frontier_in=36485 map_wall_s=0.009 map_cpu_s=0.115 merge_wall_s=0.009 merge_cpu_s=0.081 map_units=18 merge_ranges=18 map_eff_cores=13.24 merge_eff_cores=9.36
event=kink_round H=19 col=31 round=stage16 frontier_in=33185 map_wall_s=0.008 map_cpu_s=0.100 merge_wall_s=0.009 merge_cpu_s=0.072 map_units=17 merge_ranges=17 map_eff_cores=12.34 merge_eff_cores=7.61
event=kink_round H=19 col=31 round=stage17 frontier_in=28356 map_wall_s=0.008 map_cpu_s=0.080 merge_wall_s=0.007 merge_cpu_s=0.054 map_units=14 merge_ranges=14 map_eff_cores=10.14 merge_eff_cores=7.59
event=kink_round H=19 col=31 round=stage18 frontier_in=22845 map_wall_s=0.007 map_cpu_s=0.059 merge_wall_s=0.006 merge_cpu_s=0.035 map_units=12 merge_ranges=12 map_eff_cores=8.72 merge_eff_cores=5.85
event=kink_round H=19 col=31 round=finalize frontier_in=15378 map_wall_s=0.005 map_cpu_s=0.031 merge_wall_s=0.002 merge_cpu_s=0.003 map_units=3 merge_ranges=3 map_eff_cores=5.75 merge_eff_cores=1.99
event=column H=19 col=31 frontier_in=564 frontier_out=212 wall_s=0.28 cum_wall_s=25105.5 cpu_s=1.7 rss_max_mb=372.5 map_wall_s=0.13 map_cpu_s=1.0 merge_wall_s=0.12 merge_cpu_s=0.7 map_units=176 merge_ranges=175 eff_cores=6.20
event=kink_round H=19 col=32 round=seed frontier_in=212 map_wall_s=0.001 map_cpu_s=0.001 merge_wall_s=0.000 merge_cpu_s=0.000 map_units=1 merge_ranges=0 map_eff_cores=0.79 merge_eff_cores=0.00
event=kink_round H=19 col=32 round=stage0 frontier_in=212 map_wall_s=0.001 map_cpu_s=0.001 merge_wall_s=0.001 merge_cpu_s=0.001 map_units=1 merge_ranges=1 map_eff_cores=0.69 merge_eff_cores=0.87
event=kink_round H=19 col=32 round=stage1 frontier_in=342 map_wall_s=0.002 map_cpu_s=0.001 merge_wall_s=0.001 merge_cpu_s=0.001 map_units=1 merge_ranges=1 map_eff_cores=0.60 merge_eff_cores=0.75
event=kink_round H=19 col=32 round=stage2 frontier_in=525 map_wall_s=0.002 map_cpu_s=0.002 merge_wall_s=0.002 merge_cpu_s=0.001 map_units=1 merge_ranges=1 map_eff_cores=0.92 merge_eff_cores=0.60
event=kink_round H=19 col=32 round=stage3 frontier_in=774 map_wall_s=0.003 map_cpu_s=0.002 merge_wall_s=0.002 merge_cpu_s=0.002 map_units=1 merge_ranges=1 map_eff_cores=0.73 merge_eff_cores=0.94
event=kink_round H=19 col=32 round=stage4 frontier_in=1102 map_wall_s=0.003 map_cpu_s=0.003 merge_wall_s=0.003 merge_cpu_s=0.002 map_units=1 merge_ranges=1 map_eff_cores=0.88 merge_eff_cores=0.77
event=kink_round H=19 col=32 round=stage5 frontier_in=1522 map_wall_s=0.004 map_cpu_s=0.004 merge_wall_s=0.003 merge_cpu_s=0.003 map_units=1 merge_ranges=1 map_eff_cores=0.96 merge_eff_cores=0.94
event=kink_round H=19 col=32 round=stage6 frontier_in=2047 map_wall_s=0.005 map_cpu_s=0.005 merge_wall_s=0.004 merge_cpu_s=0.003 map_units=1 merge_ranges=1 map_eff_cores=0.97 merge_eff_cores=0.74
event=kink_round H=19 col=32 round=stage7 frontier_in=2690 map_wall_s=0.004 map_cpu_s=0.007 merge_wall_s=0.003 merge_cpu_s=0.004 map_units=2 merge_ranges=2 map_eff_cores=1.68 merge_eff_cores=1.25
event=kink_round H=19 col=32 round=stage8 frontier_in=3463 map_wall_s=0.005 map_cpu_s=0.009 merge_wall_s=0.004 merge_cpu_s=0.006 map_units=2 merge_ranges=2 map_eff_cores=1.77 merge_eff_cores=1.55
event=kink_round H=19 col=32 round=stage9 frontier_in=4358 map_wall_s=0.004 map_cpu_s=0.011 merge_wall_s=0.004 merge_cpu_s=0.008 map_units=3 merge_ranges=3 map_eff_cores=2.61 merge_eff_cores=2.19
event=kink_round H=19 col=32 round=stage10 frontier_in=5182 map_wall_s=0.005 map_cpu_s=0.013 merge_wall_s=0.004 merge_cpu_s=0.009 map_units=3 merge_ranges=3 map_eff_cores=2.50 merge_eff_cores=2.33
event=kink_round H=19 col=32 round=stage11 frontier_in=5929 map_wall_s=0.006 map_cpu_s=0.013 merge_wall_s=0.004 merge_cpu_s=0.009 map_units=3 merge_ranges=3 map_eff_cores=2.28 merge_eff_cores=2.17
event=kink_round H=19 col=32 round=stage12 frontier_in=6549 map_wall_s=0.005 map_cpu_s=0.015 merge_wall_s=0.004 merge_cpu_s=0.011 map_units=4 merge_ranges=4 map_eff_cores=3.01 merge_eff_cores=2.69
event=kink_round H=19 col=32 round=stage13 frontier_in=7059 map_wall_s=0.005 map_cpu_s=0.017 merge_wall_s=0.004 merge_cpu_s=0.012 map_units=4 merge_ranges=4 map_eff_cores=3.26 merge_eff_cores=2.89
event=kink_round H=19 col=32 round=stage14 frontier_in=7441 map_wall_s=0.005 map_cpu_s=0.017 merge_wall_s=0.004 merge_cpu_s=0.012 map_units=4 merge_ranges=4 map_eff_cores=3.12 merge_eff_cores=2.98
event=kink_round H=19 col=32 round=stage15 frontier_in=7642 map_wall_s=0.005 map_cpu_s=0.017 merge_wall_s=0.004 merge_cpu_s=0.012 map_units=4 merge_ranges=4 map_eff_cores=3.19 merge_eff_cores=2.93
event=kink_round H=19 col=32 round=stage16 frontier_in=7489 map_wall_s=0.005 map_cpu_s=0.016 merge_wall_s=0.004 merge_cpu_s=0.008 map_units=4 merge_ranges=4 map_eff_cores=3.27 merge_eff_cores=2.17
event=kink_round H=19 col=32 round=stage17 frontier_in=6341 map_wall_s=0.004 map_cpu_s=0.013 merge_wall_s=0.004 merge_cpu_s=0.008 map_units=4 merge_ranges=4 map_eff_cores=2.96 merge_eff_cores=2.28
event=kink_round H=19 col=32 round=stage18 frontier_in=4864 map_wall_s=0.004 map_cpu_s=0.010 merge_wall_s=0.003 merge_cpu_s=0.006 map_units=3 merge_ranges=3 map_eff_cores=2.43 merge_eff_cores=2.36
event=kink_round H=19 col=32 round=finalize frontier_in=3015 map_wall_s=0.003 map_cpu_s=0.004 merge_wall_s=0.001 merge_cpu_s=0.000 map_units=1 merge_ranges=1 map_eff_cores=1.35 merge_eff_cores=0.00
event=column H=19 col=32 frontier_in=212 frontier_out=82 wall_s=0.15 cum_wall_s=25105.6 cpu_s=0.3 rss_max_mb=359.1 map_wall_s=0.08 map_cpu_s=0.2 merge_wall_s=0.06 merge_cpu_s=0.1 map_units=49 merge_ranges=48 eff_cores=1.97
event=kink_round H=19 col=33 round=seed frontier_in=82 map_wall_s=0.001 map_cpu_s=0.000 merge_wall_s=0.000 merge_cpu_s=0.000 map_units=1 merge_ranges=0 map_eff_cores=0.00 merge_eff_cores=0.00
event=kink_round H=19 col=33 round=stage0 frontier_in=82 map_wall_s=0.001 map_cpu_s=0.001 merge_wall_s=0.001 merge_cpu_s=0.000 map_units=1 merge_ranges=1 map_eff_cores=1.01 merge_eff_cores=0.00
event=kink_round H=19 col=33 round=stage1 frontier_in=123 map_wall_s=0.001 map_cpu_s=0.001 merge_wall_s=0.001 merge_cpu_s=0.000 map_units=1 merge_ranges=1 map_eff_cores=0.90 merge_eff_cores=0.00
event=kink_round H=19 col=33 round=stage2 frontier_in=176 map_wall_s=0.001 map_cpu_s=0.001 merge_wall_s=0.001 merge_cpu_s=0.001 map_units=1 merge_ranges=1 map_eff_cores=0.95 merge_eff_cores=1.07
event=kink_round H=19 col=33 round=stage3 frontier_in=241 map_wall_s=0.001 map_cpu_s=0.001 merge_wall_s=0.001 merge_cpu_s=0.001 map_units=1 merge_ranges=1 map_eff_cores=0.78 merge_eff_cores=0.87
event=kink_round H=19 col=33 round=stage4 frontier_in=318 map_wall_s=0.002 map_cpu_s=0.001 merge_wall_s=0.001 merge_cpu_s=0.001 map_units=1 merge_ranges=1 map_eff_cores=0.58 merge_eff_cores=0.86
event=kink_round H=19 col=33 round=stage5 frontier_in=407 map_wall_s=0.002 map_cpu_s=0.001 merge_wall_s=0.001 merge_cpu_s=0.001 map_units=1 merge_ranges=1 map_eff_cores=0.60 merge_eff_cores=0.75
event=kink_round H=19 col=33 round=stage6 frontier_in=508 map_wall_s=0.002 map_cpu_s=0.001 merge_wall_s=0.001 merge_cpu_s=0.001 map_units=1 merge_ranges=1 map_eff_cores=0.56 merge_eff_cores=0.75
event=kink_round H=19 col=33 round=stage7 frontier_in=621 map_wall_s=0.002 map_cpu_s=0.002 merge_wall_s=0.001 merge_cpu_s=0.001 map_units=1 merge_ranges=1 map_eff_cores=0.96 merge_eff_cores=0.68
event=kink_round H=19 col=33 round=stage8 frontier_in=746 map_wall_s=0.002 map_cpu_s=0.002 merge_wall_s=0.002 merge_cpu_s=0.001 map_units=1 merge_ranges=1 map_eff_cores=0.89 merge_eff_cores=0.59
event=kink_round H=19 col=33 round=stage9 frontier_in=882 map_wall_s=0.002 map_cpu_s=0.002 merge_wall_s=0.002 merge_cpu_s=0.001 map_units=1 merge_ranges=1 map_eff_cores=0.82 merge_eff_cores=0.55
event=kink_round H=19 col=33 round=stage10 frontier_in=1006 map_wall_s=0.003 map_cpu_s=0.002 merge_wall_s=0.002 merge_cpu_s=0.001 map_units=1 merge_ranges=1 map_eff_cores=0.75 merge_eff_cores=0.53
event=kink_round H=19 col=33 round=stage11 frontier_in=1089 map_wall_s=0.003 map_cpu_s=0.002 merge_wall_s=0.002 merge_cpu_s=0.001 map_units=1 merge_ranges=1 map_eff_cores=0.71 merge_eff_cores=0.49
event=kink_round H=19 col=33 round=stage12 frontier_in=1137 map_wall_s=0.003 map_cpu_s=0.003 merge_wall_s=0.002 merge_cpu_s=0.002 map_units=1 merge_ranges=1 map_eff_cores=1.03 merge_eff_cores=0.94
event=kink_round H=19 col=33 round=stage13 frontier_in=1163 map_wall_s=0.003 map_cpu_s=0.003 merge_wall_s=0.002 merge_cpu_s=0.001 map_units=1 merge_ranges=1 map_eff_cores=1.03 merge_eff_cores=0.51
event=kink_round H=19 col=33 round=stage14 frontier_in=1166 map_wall_s=0.003 map_cpu_s=0.003 merge_wall_s=0.002 merge_cpu_s=0.001 map_units=1 merge_ranges=1 map_eff_cores=1.05 merge_eff_cores=0.50
event=kink_round H=19 col=33 round=stage15 frontier_in=1143 map_wall_s=0.003 map_cpu_s=0.002 merge_wall_s=0.002 merge_cpu_s=0.001 map_units=1 merge_ranges=1 map_eff_cores=0.76 merge_eff_cores=0.50
event=kink_round H=19 col=33 round=stage16 frontier_in=1091 map_wall_s=0.003 map_cpu_s=0.002 merge_wall_s=0.002 merge_cpu_s=0.001 map_units=1 merge_ranges=1 map_eff_cores=0.77 merge_eff_cores=0.55
event=kink_round H=19 col=33 round=stage17 frontier_in=992 map_wall_s=0.002 map_cpu_s=0.002 merge_wall_s=0.001 merge_cpu_s=0.001 map_units=1 merge_ranges=1 map_eff_cores=0.84 merge_eff_cores=0.67
event=kink_round H=19 col=33 round=stage18 frontier_in=736 map_wall_s=0.002 map_cpu_s=0.001 merge_wall_s=0.001 merge_cpu_s=0.001 map_units=1 merge_ranges=1 map_eff_cores=0.55 merge_eff_cores=0.92
event=kink_round H=19 col=33 round=finalize frontier_in=410 map_wall_s=0.001 map_cpu_s=0.001 merge_wall_s=0.001 merge_cpu_s=0.000 map_units=1 merge_ranges=1 map_eff_cores=0.86 merge_eff_cores=0.00
event=column H=19 col=33 frontier_in=82 frontier_out=29 wall_s=0.07 cum_wall_s=25105.7 cpu_s=0.1 rss_max_mb=347.8 map_wall_s=0.04 map_cpu_s=0.0 merge_wall_s=0.03 merge_cpu_s=0.0 map_units=21 merge_ranges=20 eff_cores=0.69
event=kink_round H=19 col=34 round=seed frontier_in=29 map_wall_s=0.001 map_cpu_s=0.000 merge_wall_s=0.000 merge_cpu_s=0.000 map_units=1 merge_ranges=0 map_eff_cores=0.00 merge_eff_cores=0.00
event=kink_round H=19 col=34 round=stage0 frontier_in=29 map_wall_s=0.001 map_cpu_s=0.001 merge_wall_s=0.001 merge_cpu_s=0.000 map_units=1 merge_ranges=1 map_eff_cores=1.14 merge_eff_cores=0.00
event=kink_round H=19 col=34 round=stage1 frontier_in=40 map_wall_s=0.001 map_cpu_s=0.000 merge_wall_s=0.001 merge_cpu_s=0.000 map_units=1 merge_ranges=1 map_eff_cores=0.00 merge_eff_cores=0.00
event=kink_round H=19 col=34 round=stage2 frontier_in=51 map_wall_s=0.001 map_cpu_s=0.000 merge_wall_s=0.001 merge_cpu_s=0.000 map_units=1 merge_ranges=1 map_eff_cores=0.00 merge_eff_cores=0.00
event=kink_round H=19 col=34 round=stage3 frontier_in=62 map_wall_s=0.001 map_cpu_s=0.000 merge_wall_s=0.001 merge_cpu_s=0.000 map_units=1 merge_ranges=1 map_eff_cores=0.00 merge_eff_cores=0.00
event=kink_round H=19 col=34 round=stage4 frontier_in=73 map_wall_s=0.001 map_cpu_s=0.001 merge_wall_s=0.001 merge_cpu_s=0.000 map_units=1 merge_ranges=1 map_eff_cores=1.13 merge_eff_cores=0.00
event=kink_round H=19 col=34 round=stage5 frontier_in=84 map_wall_s=0.001 map_cpu_s=0.001 merge_wall_s=0.001 merge_cpu_s=0.000 map_units=1 merge_ranges=1 map_eff_cores=1.12 merge_eff_cores=0.00
event=kink_round H=19 col=34 round=stage6 frontier_in=95 map_wall_s=0.001 map_cpu_s=0.001 merge_wall_s=0.001 merge_cpu_s=0.000 map_units=1 merge_ranges=1 map_eff_cores=1.17 merge_eff_cores=0.00
event=kink_round H=19 col=34 round=stage7 frontier_in=106 map_wall_s=0.001 map_cpu_s=0.001 merge_wall_s=0.001 merge_cpu_s=0.001 map_units=1 merge_ranges=1 map_eff_cores=1.13 merge_eff_cores=1.04
event=kink_round H=19 col=34 round=stage8 frontier_in=117 map_wall_s=0.001 map_cpu_s=0.001 merge_wall_s=0.001 merge_cpu_s=0.000 map_units=1 merge_ranges=1 map_eff_cores=1.00 merge_eff_cores=0.00
event=kink_round H=19 col=34 round=stage9 frontier_in=128 map_wall_s=0.001 map_cpu_s=0.001 merge_wall_s=0.001 merge_cpu_s=0.000 map_units=1 merge_ranges=1 map_eff_cores=1.09 merge_eff_cores=0.00
event=kink_round H=19 col=34 round=stage10 frontier_in=138 map_wall_s=0.001 map_cpu_s=0.001 merge_wall_s=0.001 merge_cpu_s=0.000 map_units=1 merge_ranges=1 map_eff_cores=1.10 merge_eff_cores=0.00
event=kink_round H=19 col=34 round=stage11 frontier_in=138 map_wall_s=0.001 map_cpu_s=0.001 merge_wall_s=0.001 merge_cpu_s=0.000 map_units=1 merge_ranges=1 map_eff_cores=1.05 merge_eff_cores=0.00
event=kink_round H=19 col=34 round=stage12 frontier_in=134 map_wall_s=0.001 map_cpu_s=0.001 merge_wall_s=0.001 merge_cpu_s=0.000 map_units=1 merge_ranges=1 map_eff_cores=1.17 merge_eff_cores=0.00
event=kink_round H=19 col=34 round=stage13 frontier_in=128 map_wall_s=0.001 map_cpu_s=0.001 merge_wall_s=0.001 merge_cpu_s=0.000 map_units=1 merge_ranges=1 map_eff_cores=1.05 merge_eff_cores=0.00
event=kink_round H=19 col=34 round=stage14 frontier_in=120 map_wall_s=0.001 map_cpu_s=0.001 merge_wall_s=0.001 merge_cpu_s=0.000 map_units=1 merge_ranges=1 map_eff_cores=1.10 merge_eff_cores=0.00
event=kink_round H=19 col=34 round=stage15 frontier_in=110 map_wall_s=0.001 map_cpu_s=0.001 merge_wall_s=0.001 merge_cpu_s=0.000 map_units=1 merge_ranges=1 map_eff_cores=1.26 merge_eff_cores=0.00
event=kink_round H=19 col=34 round=stage16 frontier_in=98 map_wall_s=0.001 map_cpu_s=0.001 merge_wall_s=0.001 merge_cpu_s=0.000 map_units=1 merge_ranges=1 map_eff_cores=1.19 merge_eff_cores=0.00
event=kink_round H=19 col=34 round=stage17 frontier_in=84 map_wall_s=0.001 map_cpu_s=0.000 merge_wall_s=0.001 merge_cpu_s=0.000 map_units=1 merge_ranges=1 map_eff_cores=0.00 merge_eff_cores=0.00
event=kink_round H=19 col=34 round=stage18 frontier_in=68 map_wall_s=0.001 map_cpu_s=0.000 merge_wall_s=0.001 merge_cpu_s=0.000 map_units=1 merge_ranges=1 map_eff_cores=0.00 merge_eff_cores=0.00
event=kink_round H=19 col=34 round=finalize frontier_in=33 map_wall_s=0.001 map_cpu_s=0.000 merge_wall_s=0.001 merge_cpu_s=0.000 map_units=1 merge_ranges=1 map_eff_cores=0.00 merge_eff_cores=0.00
event=column H=19 col=34 frontier_in=29 frontier_out=10 wall_s=0.04 cum_wall_s=25105.7 cpu_s=0.0 rss_max_mb=359.1 map_wall_s=0.02 map_cpu_s=0.0 merge_wall_s=0.02 merge_cpu_s=0.0 map_units=21 merge_ranges=20 eff_cores=0.41
event=kink_round H=19 col=35 round=seed frontier_in=10 map_wall_s=0.001 map_cpu_s=0.000 merge_wall_s=0.000 merge_cpu_s=0.000 map_units=1 merge_ranges=0 map_eff_cores=0.00 merge_eff_cores=0.00
event=kink_round H=19 col=35 round=stage0 frontier_in=10 map_wall_s=0.001 map_cpu_s=0.000 merge_wall_s=0.001 merge_cpu_s=0.000 map_units=1 merge_ranges=1 map_eff_cores=0.00 merge_eff_cores=0.00
event=kink_round H=19 col=35 round=stage1 frontier_in=10 map_wall_s=0.001 map_cpu_s=0.000 merge_wall_s=0.001 merge_cpu_s=0.000 map_units=1 merge_ranges=1 map_eff_cores=0.00 merge_eff_cores=0.00
event=kink_round H=19 col=35 round=stage2 frontier_in=10 map_wall_s=0.001 map_cpu_s=0.000 merge_wall_s=0.001 merge_cpu_s=0.000 map_units=1 merge_ranges=1 map_eff_cores=0.00 merge_eff_cores=0.00
event=kink_round H=19 col=35 round=stage3 frontier_in=10 map_wall_s=0.001 map_cpu_s=0.000 merge_wall_s=0.001 merge_cpu_s=0.000 map_units=1 merge_ranges=1 map_eff_cores=0.00 merge_eff_cores=0.00
event=kink_round H=19 col=35 round=stage4 frontier_in=10 map_wall_s=0.001 map_cpu_s=0.000 merge_wall_s=0.001 merge_cpu_s=0.000 map_units=1 merge_ranges=1 map_eff_cores=0.00 merge_eff_cores=0.00
event=kink_round H=19 col=35 round=stage5 frontier_in=10 map_wall_s=0.001 map_cpu_s=0.000 merge_wall_s=0.001 merge_cpu_s=0.000 map_units=1 merge_ranges=1 map_eff_cores=0.00 merge_eff_cores=0.00
event=kink_round H=19 col=35 round=stage6 frontier_in=10 map_wall_s=0.001 map_cpu_s=0.000 merge_wall_s=0.001 merge_cpu_s=0.000 map_units=1 merge_ranges=1 map_eff_cores=0.00 merge_eff_cores=0.00
event=kink_round H=19 col=35 round=stage7 frontier_in=10 map_wall_s=0.001 map_cpu_s=0.000 merge_wall_s=0.001 merge_cpu_s=0.000 map_units=1 merge_ranges=1 map_eff_cores=0.00 merge_eff_cores=0.00
event=kink_round H=19 col=35 round=stage8 frontier_in=10 map_wall_s=0.001 map_cpu_s=0.001 merge_wall_s=0.001 merge_cpu_s=0.000 map_units=1 merge_ranges=1 map_eff_cores=1.10 merge_eff_cores=0.00
event=kink_round H=19 col=35 round=stage9 frontier_in=10 map_wall_s=0.001 map_cpu_s=0.000 merge_wall_s=0.001 merge_cpu_s=0.000 map_units=1 merge_ranges=1 map_eff_cores=0.00 merge_eff_cores=0.00
event=kink_round H=19 col=35 round=stage10 frontier_in=10 map_wall_s=0.001 map_cpu_s=0.000 merge_wall_s=0.001 merge_cpu_s=0.000 map_units=1 merge_ranges=1 map_eff_cores=0.00 merge_eff_cores=0.00
event=kink_round H=19 col=35 round=stage11 frontier_in=9 map_wall_s=0.001 map_cpu_s=0.000 merge_wall_s=0.001 merge_cpu_s=0.000 map_units=1 merge_ranges=1 map_eff_cores=0.00 merge_eff_cores=0.00
event=kink_round H=19 col=35 round=stage12 frontier_in=8 map_wall_s=0.001 map_cpu_s=0.000 merge_wall_s=0.001 merge_cpu_s=0.000 map_units=1 merge_ranges=1 map_eff_cores=0.00 merge_eff_cores=0.00
event=kink_round H=19 col=35 round=stage13 frontier_in=7 map_wall_s=0.001 map_cpu_s=0.000 merge_wall_s=0.001 merge_cpu_s=0.000 map_units=1 merge_ranges=1 map_eff_cores=0.00 merge_eff_cores=0.00
event=kink_round H=19 col=35 round=stage14 frontier_in=6 map_wall_s=0.001 map_cpu_s=0.000 merge_wall_s=0.001 merge_cpu_s=0.000 map_units=1 merge_ranges=1 map_eff_cores=0.00 merge_eff_cores=0.00
event=kink_round H=19 col=35 round=stage15 frontier_in=5 map_wall_s=0.001 map_cpu_s=0.000 merge_wall_s=0.001 merge_cpu_s=0.000 map_units=1 merge_ranges=1 map_eff_cores=0.00 merge_eff_cores=0.00
event=kink_round H=19 col=35 round=stage16 frontier_in=4 map_wall_s=0.001 map_cpu_s=0.000 merge_wall_s=0.001 merge_cpu_s=0.000 map_units=1 merge_ranges=1 map_eff_cores=0.00 merge_eff_cores=0.00
event=kink_round H=19 col=35 round=stage17 frontier_in=3 map_wall_s=0.001 map_cpu_s=0.000 merge_wall_s=0.001 merge_cpu_s=0.000 map_units=1 merge_ranges=1 map_eff_cores=0.00 merge_eff_cores=0.00
event=kink_round H=19 col=35 round=stage18 frontier_in=2 map_wall_s=0.001 map_cpu_s=0.000 merge_wall_s=0.001 merge_cpu_s=0.000 map_units=1 merge_ranges=1 map_eff_cores=0.00 merge_eff_cores=0.00
event=kink_round H=19 col=35 round=finalize frontier_in=1 map_wall_s=0.001 map_cpu_s=0.000 merge_wall_s=0.000 merge_cpu_s=0.000 map_units=0 merge_ranges=0 map_eff_cores=0.00 merge_eff_cores=0.00
event=column H=19 col=35 frontier_in=10 frontier_out=0 wall_s=0.03 cum_wall_s=25105.8 cpu_s=0.0 rss_max_mb=359.0 map_wall_s=0.01 map_cpu_s=0.0 merge_wall_s=0.01 merge_cpu_s=0.0 map_units=20 merge_ranges=19 eff_cores=0.03

wall=25112.2s cpu_s=371848.720 wall_s=1649075.572 rss_max_mb=372.5
