1 1
2 4
3 18
4 83
5 385
6 1788
7 8305
8 38575
9 179170
10 832189
11 3865253
12 17952864
13 83385309
14 387298083
15 1798875698
16 8355202169
17 38807241321
18 180247221864
19 837190686169
20 3888482927823
21 18060759310562
22 83886449530197
23 389625723579965
24 1809686848417168
25 8405416509061477
26 39040470870746411
27 181330498514437426
28 842222159675139073
29 3911852512727628129
30 18169303556719470392
31 84390602831299642945
32 391967354389670388663
33 1820562974462536810018
34 8455932635371600106173
35 39275102117822326813717
36 182420285600771513638624
37 847283872078501274333741
38 3935362547646959310958899
39 18278500148280269093132466
40 84897786068134882325521737
41 394323058281613268628851609
42 1831504465473048182479585544
43 8506752361035153070250980329
44 39511143486776308041159722847
45 183516622252144421662393467874
46 852376005116324381439228510309
47 3959013876682085962734579757613
48 18388353005810276380973702902320
49 85408017450463772122333881634613
50 396692919834301022768146374267643
51 1842511714288816713670952028131506
52 8557877510668820868172152741982673
53 39748603452369211482919488807576337
54 184619547831109374185371663540039384
55 857498741615076445274027913645347025
56 3982807349003467725601214352088715207
57 18498866073434635609534015245016736290
58 85921315297485914538291855947337247821
59 399077024134555663209564881139739620997
60 1853585116110912174113297764408783057792
61 8609309919855151471232591425028205337213
62 39987490540294786838174334137385979323523
63 185729101936786549155910498318143537216818
64 862652265500003305559206463162451516568473
65 4006743818885035565326886922525098014721481
66 18610043318982481902901280751470479801181352
67 86437698038498370928339678902455312508141305
68 401475456780566680802811558846997027255709423
69 1864725068515542691449624119866714730166499554
70 8661051435208450735188412801577653922320324725
71 40227813327485770223645212283441345611618590493
72 186845324406284825560957737644553071538319488720
73 867836761801732187988301283603177117580064992773
74 4030824145734863384391733693074308041333846851531
75 18721888734129401962056506116557501784956040760882
76 86957184213557341966064102166679172990076287206561
77 403888303884964337723654870015043413904283819084225
78 1875931971468329211358532355717901050225887713810040
79 8713103914441082704838741189263419697156375139119201
80 40469580442421827879514688196328300020220771310733015
81 187968255316132083431837195731022567752962831866513442
82 873052416662914990214839770746088468878981771989636829
83 4055049194126023960275464250304082062172250552491874805
84 18834406334540750027694675313346993417268177607621513248
85 87479792474143824445566415255474726665921878127119561677
86 406315652077911430381259090676360815920931379971696733907
87 1887206227338665747232846061046216034837872519120554218418
88 8765469226430168380073829050458874916717682120267774578409
89 40712800565439350601411262635863974670008902136769945425145
90 189097934983714099880485003224191887489269309825170697173064
91 878299417344911493651321206685607858812270517162622227031817
92 4079419833827630326366908373142482471192046249538300431067519
93 18947600160015825164703210432054666059337482317632181146939362
94 88005541583833268646904906233938085103009941531403243300669829
95 408757588510213633663559049338909545943978242051662108051088653
96 1898548240914165934229447851905433410919709185130637804056171376
97 8818149251284685338119509963407481298077671599921625294441866709
98 40957482429043110021195528350002954033821244330206900202272385947
99 190234403968722092827782429346099936379048114879670226412621970866
100 883577952234512741031671340802925098372597925493956859595119103089
101 4103936939836063709996244067694391093422617085124210825235588226417
102 19061474274632915044797414280183704830837385224584325065634244181528
103 88534450418969260308291875630595900712335557490655762874503009416433
104 411214200856448538193575841767121202922943869515248308801441535613159
105 1909958419415196406375218163838549977321773457303808073247422892240930
106 8871145880412970621103365131642865800715824701885817476926981888516717
107 41203634818219787926164894458008931127632485548422388948537784957783653
108 191377703074608964396175544449556519851493524548448679554585076004951232
109 888888210850704821131368398181531092353747059813900259173879300684156445
110 4128601392406389148788738923743286468081706805647921234539073002525532195
111 19176032766895211434922808945422648412232906136342387290161855298918636594
112 89066537969341251392727389502212012684402638030015840214754660914430199609
113 413685577318113492940719862666059461927900260374511258558221478938956130601
114 1921437172509497518531233586740399979784233175983500917548280167669235620840
115 8924461016590629312546705169655301683446489415043333689148304846024684370969
116 41451266570753389873542643407618082640840591945202904801063197210033428432655
117 192527873350054296251122232789879537475066312459942982306880776190727546153186
118 894230383851473303490205849753193904869432919730429448790730357729566625915797
119 4153414077083959913277184945740793569951681316755689752177997776035793197003773
120 19291279749877602630331755614477593435828123201503269444433171149253394846787600
121 89601823338866363982118699038665017615169201865083327856011768981222663533315749
122 416171806626792366206309508040347956530196758764136830838649674973163310443177579
123 1932984912326891938153386655033084813932555556484395868682370443996710909243006770
124 8978096574028851240952206459864765251915366803704819019545398680839573174579321153
125 41700386577542554424770276385949403712355974575547788496621448205688958179261304353
126 193684956090438149490134498257654029937857215627987557247406359678929038456841668024
127 899604663040648567442143186074817444195661396837871048733854936998949122794801917569
128 4178375884736211870489052176113984226797214986849327343847825567861776795068126139895
129 19407219361374348102727308243629904304990766956181747768875485494424011437354352122402
130 90140325746275291778174642280160401568652473401353714284950402729396614876629160877821
131 418672978047341338681773724182924262395268170453930810340282053482884025155889206117333
132 1944602053474081634942440697722455690970708278548036209678678342706548743478452620353888
133 9032054478443138263310318275993518632733014934036326580638834759973467003214191567485293
134 41951003782919769392181886818831628267327273674866416013481944593999182379085090647214195
135 194848992839323721994299929672764364030678268026165167022174979598438924996283891944494770
136 905011241374792271224953280429029655684882051193159954366990568381404676591066075631824009
137 4203487711584648930043972108893600102803163580892564016254201020310171600970194457481507417
138 19523855764047640665542047639767795579490806533648787545203315660009331296312170957307359112
139 90682064525802323836483629007702535548781983159817449814744152080650257177490761726321167913
140 421189181381093842961328598265014348024755268887827230869373990050769400046896922062803933087
141 1956289013049533799650345542934858229628422839311866515913468707866405426782079872655562925026
142 9086336667122444596088899217896310847405979598172188533149453973891319696047182397121086305957
143 42203127184972506559108121191755757355822348998709692434235336211322360810277226132500683111405
144 196020025389948916475181956742456814074713426070072406806100390917231885091054216647360681186480
145 910450312970125208419456422797466244912106395810378998297310967996612891210683241034915625066613
146 4228750459237020721157732935412090083276881762552464246877926148217716701001755767359485178544187
147 19641193145577061490284800376558626025116278755035627433472973690317723450563395952271098569585330
148 91227059127879515308187274790042959914186125478031001994258684803525412182845670667278817554316049
149 423720506969084764578346935143564549415735859364657741796846775196731421650191738482952462010911697
150 1968046210658456226502526511629155447110340408363452512493538408538031394277978898694034621209038168
151 9140945088998732676100478571685061334459445384073855709171401682863329953420689605348106320725404945
152 42456765835866286403337600152471968103110678722482622715763762851409164940467327597909261154360823303
153 197198095786726872769925550881402404746073893429323444432459808617627716288281733825813887199164057122
154 915922073109496800454089786881273550332452203637001667789016683266632106537547816263969809352293670029
155 4254165034719693655850771391092033148990392707334485412640434095985629423513004070880604530779080370757
156 19759235718809933339944812816696755999865387880908645406118892349906647412604789567794944543556663809536
157 91775329119835030112554708399730791756014984220523577267531850416964415015363388748104823223893210432957
158 426267045695294020326199926518215498683093869757923501384003659963287518765736401931677589190102059874243
159 1979874068427862696907934861815791691654135386833075488446019619629570451439452647332568658794111160845106
160 9195881704716947048560602446337654764259146467421941382993170477354086271450019614561630295239270124261081
161 42711928842169684423157953769140984761629173972261796190458911185093134389063890128428585747804679956717705
162 198383246326755518259244793346718867315210479858162243235993350966417948671460029579161237806083155570332456
163 921426718249396475405450309167944233564577291268285615029027276892996615454010926235508215555925728475917625
164 4279732350510216540602428183466998897942078247509664222273880146583766146796834961174624014299967336235756335
165 19877987721912577417692275291014623952883889396717035400518822113771400244612175202695516504437959079253254370
166 92326894186595680613550374157017386597955560512360144577889598957807972061123561126795263025113229157326459573
167 428828888989909630320066421532265695310489989321759622831163252137679269484966978011800350329986957976398638301
168 1991773011021728905360027983227846083132962376063786505866218439356797719752690633538869949999216382909607524688
169 9251148486705408794659451593663613160968154597593797819236265143058290455086274981481246692946940600088828461893
170 42968625365181290734909360840691915225957560066520236097548869613230839579546369292227830477888414344246234876171
171 199575519561336190606752802156430364929825554478916626845770498322150719799259982665703705136240862521712152098866
172 926964446027007184829322384136198096014746221711463723832888397834923433172074446408698866770607624411853080871393
173 4305453324570081905677244966139383853953130635224344683172218472502696489699432493166059712016112420342998280652417
174 19997453418522479261557233069088031548326553988977510168640587379659916315492566736921914106501519621575526964475128
175 92881774131393689524176165160853350967182990773082894283882614496789292734477569246050203746734770405644817607360673
176 431406128832610400956102931120950488989537547463693147178907073471303255070589793181209742229243546713638149358129431
177 2003743465656239471682648211514161408128743230815100816881936962692455750121446954452702568538135783097153689694663714
178 9306747419246633026067846561497130946612391298430568727349311753928821029646251928799849540041129039216077008351619869
179 43226864621258634681113176161683616508574086581508436155201307268219276421181895887033810404091104020574632950797283765
180 200774958297501387343824504085222326357365876404185281505329653556442212553945286093003235009025921371757690145240306336
181 932535455267301311869613407686612256539964435792362786159419824022148193198471981498676200073332116160800065360444326669
182 4331328880377684228376571369192237456326510740510354067643967721095623711340541606294429750356816617420064661126255902227
183 20117637097901369148407043972948558889822548109150598196178210256409423040500744553734182380826475817526479413748823564722
184 93439988876477699413962365079836503209198109742534841792459430353731450542955000237112445441861984015089000574914400878121
185 433998857755868336628471470787073406946878821312304931101020116705709595001183794561189692245711204419657818126207770174393
186 2015785862115126587045106846462740420894148782143666848231662389463361290932197921170619019283323763681872384224802903647944
187 9362680498548571988988428367859696570261952799152751054840613092093799960858544632162523225445987576833392100854565674920265
188 43486655882149086258789399548713311583260127419839567984297962887982535992817167395057287359012092186135803891171770877006271
189 201981605599551697151870353581870383064463235728703270797272353679880546177878703169872020390628622032095938133088655861211106
190 938139945990179225414624350925491115729692224070248688636975764357402132365248796532643401283136384045876292586483620569302981
191 4357359946961476233537972998665536552961900872618688477827588155359005586250773019206415371043011548611578107085241395209598669
192 20238543075089222503376819165348648573725419297864939964516559761889651772800329476429149009808569883633342719520945715924350448
193 94001558463828055347486587976879735218741219510256709884632485249774750019638987644307333217150945649877454694137140767716278037
194 436607168848270898773057947973430098370917709977599137054714049868733028688845862915571262300409053779932755990867137777954771163
195 2027900632765100844460772237770729543384118507443268753572286462142237957122115949758882163635900758750232651893326108834196090802
196 9418949732816286335643764582178615579906860678900929712212014319676104523550604647899963769697879928844010596874339486971274689969
197 43748008475322746248551919288011366508626178816299492139822251758071419009115905842301376217188238284654622354027534090198488804913
198 203195504790601968023556101929517998258693412542861847981613012672395487771496948245167783626003418397552679725777852113548902030488
199 943778119417650736601233864108722919911013932962262297668577386124316536603233676345738467928283828853298308143043764274306314467633
200 4383547458933324461716639387393082895940531234483825121892871027070436396237233256360201922992428985793761522912720934372050813546279
201 20360175691059185843938892659057339562310219280673385479095076793084751837515332672793888461704970832869670207079201057993465649439778
202 94566503055876386335221163014519492491537381420960871049780762035575964102012639243841643345064050466506669373667917197633564310592173
203 439231155757863231519306462679604416250312103776885812743820891437385705715555015171481495707351454638471991536486928444691792237955621
204 2040088212571374807793225767384264741193419898303475570106761359475919052265399656245647587236692376761826417922692144254796764495296320
205 9475557142324047136465930201682076022890635314673075364617275394415009328900678123583102322988508290031976388807035709862932764180693341
206 44010931784307336996472198736546095702240034799693281526271677478020822751806076207115429297225943577771797865271785543779822204584373091
207 204416699454136767816141943282439120197535559282583975019457134030635057098156604375341187762683218132328212198564982163899213558218650162
208 949450177981059715507927869884026828000147975932198967800627362225372959098093221858227461530256958562060224193646635888276540360750041721
209 4409892356522065302637439953478576038409692638219387763884931017170733180270876101952144878123199293411808836649285467105318362785890184169
210 20482539312873433821027492401208982515436800303643580952928389396615592719098874720847238166001434886743617468282698253741066005984498502248
211 95134842936229511432352722225516779148338006469409847467961981907282077166955352730384375986185656542207753219077513098373290302165980238425
212 441870912695510473948470198157918388065784271768831859590912866642228420704914672317481529603452421284781213363973075789255804584500782897999
213 2052349039113279876623706042278843260609644436039492034054398333632746402594430115731941911307521364225380258709332271849137881497620941840610
214 9532504759487871221717301957351713605864821983368441376472684109359844935228475847858482777837621768524096334487885652159890481894527220590037
215 44275435249025105872532931688965183175489542919815192093574815130900931365586975448208181141927727544502127605395455762776252379033294168705469
216 205645233435575193043745716403656601182148990471773863382240970097671542585673113927981447935473318620385881049791053428268057594411413165877904
217 955156325328352127427217510358008276531107806306424976155832238408321646894177014916284724659013947220963711305856641059685751289397098290193381
218 4436395585607262698703722972233470524892983553243329647304495840678811098430901426136599095315546520389702608878691579173758253124975204120815531
219 20605638333839962953064624471638821724816994209597891090740911856158409842517565977427890363712522059970244570461824343197521076298711694394562866
220 95706598510397696476488656333209404813056953357142654255021777508172198001791667223526328657604742489694443428768764176864111641171452363761516161
221 444526534438280279677763270902779839964645368695046442126253882357117525750333973089655147378807847957703023251552835286099218524987872363829064417
222 2064683552599977007683229162759657893381161162211962841181294195773810582457359994643749464549287410896816438673736772977088772596423392353607738424
223 9589794628938492456830438931970283738808673887600366900996494851143551402780059852621136841769132233604579713592734545202577641609238505994302367425
224 44541528366131753501755748804277813147725961884683230484371134681500153109014495434428713669716058288171085638048554592223153409478701260273983584311
225 206881150843845082090971300600122022683451293538707379205203943898658774300033621957184401095748947393390821529868595117127253814345066422800373569058
226 960896766331387749666912300739426109465045966821649401467205216550997322545932791589641399452526621521763801673028828027061381248091886851276636584765
227 4463058097753168730589655807553234035370097222819981451644503602287131620205677290323137444936572352952767628776210136498601747961725880053282830803861
228 20729477173670327682363932251652763425084144002676135273521154570470543585124921970299610505291217748244010023706685033125240510831379893013839308547040
229 96281790306527287611369180669571318565061301203212267299531179441273749710059909689878531945196851969752947365526614547431220157169451546071363978088621
230 447198116332845665215415878889566793564106116682252628254453872262568502920760289535306878698052803347582649934915440110322309176499297240149911870377907
231 2077092195886261856922571814423961579783047146715130312719194311601551946825381065901077065761849580602824798772076521713905503804682557752153478801355954
232 9647428807594771571406560217595770400948395234163398424174729327069269499738132950306736135699646704902240595858487705971210227888318795817811458458371017
233 44809220689357398936783908363215417567970092296263196651819055602407848719224459871406462818083616716015282391590520331526060697208012389256041375538571545
234 208124496052966689367996962100223389974163767263504994919144943336444820000387780825797826862712300047710931682824236479975102337601769362201975633083981320
235 966671707093295831398008384526873082285453029041317131576675785171301297756527054823565978629371850913594607050133615066271218570782047317759099176567437417
236 4489880850242888304227124147582170141211846361357960156757687330195266372483416565843041257099779929525268480198408459127540386122954815816612801844349278175
237 20854060278638324417222161838501643983377732640011121942694837426299580239114493136710096420507581211845228221782183542167955763422118764428928997194830930914
238 96860438976137747900846608872011580090796328538310532886942394656598722169081531587595202733824223308128631517031662504220427305389035679839723596886782311653
239 449885754298908309261513382910327644099211333003526112257987397785906573204403421884718446283910062996337949323937068842502427637323689884832598034765031986605
240 2089575414488464909683355135125995067065480693704041157389093653568167893878942140789706370138531790228095180803572887846075915353183643368567843852086664607536
241 9705409364737547177557833733090818609109825346985531727353853675473777866707936830629136623776118783301868783140580577927868209714123654346690510487139397681589
242 45078521829849594013834659986357047672728049083704827102224747420476130734235181139809767612003370393494966361742923866912673990169937044124098136486725899115899
243 209375313703645877266901305959757987173124998346155236609348095902283668664823703744617223983751546347828746260760774296102185503163140856277723561525605706052786
244 972481354955874960644670188956320486423377642417371138895275304297397423988030055419505542427701133571929158592466069806437066916367673677060558573519023901463633
245 4516864806112749165826205277614778411222079358564657103912941650205908026882438176993354288077619298850076334808520500309002060355724007740361104058693273327355025
246 20979392121739629257044068226496148331436440043820917633641044059757074101512443193666460669596729078206752811841706489906529059628579830855269506297388207834754008
247 97442565294863123495480708254124607864055575072887282000353123816792121263666059201457439918477560905419911423784318074800842930932997170420242329930843929190193489
248 452589544832642425863764783232657469879089343241350873526477159834167170946848974551632622520506239042608498443448315018298169211083947121872682651089755487950175303
249 2102133656600447169843892547034714313412823168463001310809334066518031545161643607825159536823147433712168016043742094054123512851033016930717601123383812867871541794
250 9763738382083930629119024593306706867439283587744678804557384537830454658256104291232134142841033079329051241155526330909183761403212617973170217686233531607980940493
251 45349441456518399207509255457513987480771066206461468762644414250786859987632520764011276366554422185660419641106951607694060669008032582590749051050681020994657906181
252 210633648704876883120728864393492551283056829802696768240305287109224090465821027691209520832137987127381734516277343262543674574902626319547461173365389853761668184192
253 978325918507037404098984190645763661778941137475399069191714801749607936913762179602991075414522457403952862659018811058766523915544020809022757524514443393745190830333
254 4544010934186878478940268602793468926845681269781860827235364253259550072900474896292862252463725524869653583830284678413420137102347904099003457492985378804045266598659
255 21105477202852395132087355874179252422662560266906882636033021392662614515107361174595224442445557754738684378125307734540024773225373256206021468263762424005256751425842
256 98028190163197965973136383460610322424867363076332584853607951899541781846251334311006853527571421059650059214641086746468289520252724995606237983335940697814137366133273
257 455309585010159335076023775506585137424357188487406429840796598121274769082540869511032697315015906939836147699843415838274372913031613637937375855803498273883586078722889
258 2114767373109691982244386465094367356820158839549026510494532297574987264581791402487506305266211001301049800722162291152406254085984907276542744974908912328045793772388776
259 9822417953862047389189585296932709430627816936736414068795383783658431443431807134529997158159093313976501908347331884164879776388559877086263665595748790865964797541804921
260 45621989296383533373964038020446821105126490801738952973839516694547849791592267735860711404747926408200927307612365389062684281691926031396951257087788777140365849806542703
261 211899546235554718710575474382933028431076689453114740167800357453782662884185213687988014435199349974842792056593179309142866673825989663146783844907269285457709346168776930
262 984205607588298187039902906453860884243530297437462880181653558388790932803751503790051811755730917654450408879220499365529156310500518190176671738217300979382765763569655029
263 4571320209111987205003100387809499612290724393315665240690974661200523547160911811676065614363685951362252834678261154662143910677907902270125497423412996334400867747775302301
264 21232320048898814123860791598554742432969690799450308738205650910498113632936280733869944469263797376959940593268668653196431640883724623987255685301963176909126481070096284624
265 98617334607247737634963114264132444856581568078516912359937820646860333319731256195825300386805574747605115806742304196804156477130622840974631480301731757239586325712954058885
266 458045972490992855510502707132902736721885179495046099569437722186774509615948758939648377127335055011070210463727607433965864802584017761308998083944296362243703172030040425035
267 2127477017613493566147600179706525799022751330652474593207546946680817323390175965747157048326783515225499868021773461701947048002871457831825083201860367468013763045147292451378
268 9881450186886227589498575624662159979474628280317991364173105142985259744655337894505183550561657044156717617004841039933721795076046753087530410754160110785505810374629869653793
269 45896175134923609846406327879251046946532319322537197008488127274620217438035102783828076396183153011781016907774623743356791276566577251730127511533775498522319612104368781841217
270 213173051746097260211817808416948701409339810561161145058103118085967769600396188997821422344993694550662647592649712086510694350400979514768630076783062131400311973967806011052920
271 990120633302309182242132952375585847757159302877019418751692129568202523308090013808542484673537876112601489781482739417869897712196076946100406828680233811931059438073852025069793
272 4598793611392363536226365284751953965485071519508777032863039434320068313242519991737389299090555319659092743609669474154150726605673483941836871096411263738965544905229914110905175
273 21359925214007650766862194040792046657752763166126723842833333282164282650820361447061230863535465487632894280219358580025139776932042027937778854646798876934613522157118644997275682
274 99210019779483726699090303490690886127716325816920837370014535388499180177469877996932337158616430629886743897239334866177696581071697714752039466407481923792252541764644539767754589
275 460798805521605643922202988847307964302564756148132183124395425135422864867433467056487166905912440514345306094357411785622826438017680325599319051750740236161585334486120830468610421
276 2140263046435242840963416186390590789104198546039204080423186269850473401646644429922427315316547029648900229311364776090992825828300765298912835103233082885700018430223193418050409760
277 9940837200632648481212453096544456755757705724185665108359642049513479804722933994797858947298060856179414276364861710925579723360728405951243535004653178613852818036574991237943927373
278 46172008816427471421786610534225214902719573880637482869519998019115434699973555289164464526713206151703876526655385335420024198975222300599327000275234611296900834924455343456102759763
279 214454210960077086818534139370709858456623698698144510115947711338366693725148322456890384191471297347055061774769428043246315594544059119167052759794980305482896223628972210619015139250
280 996071208020438478376710737242704601440380090588502536430624053075500056220318089527228385335374915959731379881891874499337706157081206455292727994826877811887690854890189534947108552041
281 4626432127425076637251472548028867285662232878401642621985528820221860762505588119653072630231033486011083792815064686865510922913526442831968193019196440467677487790226091458667702796921
282 21488297279677752167204836424685559335671486810381135515721026168916960674526517787708114315118647055768221475935241949328809387900119562495443760799025005551437593984450987675639454274888
283 99806266959502499496294750942109266933581933761935330868309653627612801983865863208825359097797900637136664700220232604956908147806717126967112990772300130288166932719861675695029098806153
284 463568182938916607716161687079655860825085776401431975520788275293436732630831556239048297119682477763161148882770346013080268808766567591738118519221086488901479303433649425598673596934655
285 2153125918640811128958845466460968414424425698251872597270731633943816587845818673596383409457129039645011448250251688346679147773052793230884861976459560903143205962941401888994396031217634
286 10000581127315431493030354169762974260909341158543083536776528342730332689209526080579893365991772778853815406326079162407622002599671106068278735471467753258062004935182085471777027537884677
287 46449500244347636852916515493260570513231547929017690086387450603521854904811623643279101492000960912948897176456545183267413968940063672139894901816966245694010816196933144650108722131097741
288 215743069875863126635177135536355700623393485871779606648283025558009951787154050078900834186445605706466472137693763363013442688897716123217013134315836363556898750243711621456406310043490416
289 1002057545390395300030711098106810293471988838214154365588168141219701242463930866648283686750110217786177772836681544406000578956513790598921475847352051761650484278571788520683212265916573781
290 4654236749535391959500779371368127702810303348139036406479819105633537207684210599783906191015004713890961613018665180630688193424127519099891551732585216555737690348933235841406736997085849115
291 21617440854942540808752149648565395969743740303049008779022603257951700109820290185562105548234054301255187171277820730400409426485310389801152017652044274132888502691142650046229245178858193330
292 100406097554789916934791672422167503185145340005933572611505689793506909589912294068068993553571529794652654013793525681937898375070857454052254683245590948595020589587096946349236445328970071793
293 466354204173849517024710133041290031130507811906859949486867840975072235293636530328718077284607829349588405454456298995854846857515214720751879118873709138471669527057012955216375875416659332849
294 2166066096055032323189199127543770380798482059605095217435767313878165749069430370072182867896135451701404284488619136048533967004690205002395580022978553945783828670980390412754036316434414631704
295 10060684111963196628733574588194166500804738781899724887278100955890386880348220056541510795012293569709196886307781680752202924782871597407914874412643479758039525735610248634865273797556315426161
296 46728659381655871536052951444858715860187692137488568733927398640980261958291486300003241068175229349752701252319398935229151574244138949123675862412029066498613561517922600737719730332755470955879
297 217039674768272168776676761476841970256576045769960789878260415517118317283620574005047439666458927900364215278211909459319052973863513498145289711511876349816676043718214851127897164374567023802402
298 1008079860343900753109006309181584609860042746302161194044676201218232352832898035960560685993265178549453550961431758592679361665690123712483599353307234273923583606308651853828068321638842369188589
299 4682208476012399399769308630344345481285078072916724327460065791303110190965437212545257475380617893499548676863845913168394952892480836807917358098791251075318353239531775422241281870334967353595365
300 21747360576535495952662740104928520711660375881913605530954419281173973398850008787779981324280116753658081325825788827196665195183541106476340260488839417331391419108856257165727617094119979971828160
301 101009533101489742665174878108885315883003891596959512820390320862425468203161116962967034070612518589806243560608418686195677489391711076960001582247638247380203825623730808506981544232124573850338461
302 469156969254902943763083599083206727522573049950402638726836100892311260441066280553160934660465760908985227355239271664311685693949371275181794071659853348558674696133684766909168469461384266116179619
303 2179084043278284112421400561955534502332994361565647411077402596263781250052938656806264397997337516444997141103295655175267854541603804316940105821090487895131350624436791878586212818412600267769948210
304 10121148312496076952776140446486050175944229045810065491234943232308329099870620102506869013452872675688918305059391663798386512273434832197864753117554025373795938739339236751022659834023212193439030713
305 47009496251200895160255262054594699344740399336627149456265949241927409116410478750672321198668153587947705087504074008580948978833904659862729833700805091970690352367785748887615573804948275386525007529
306 218344072190230300972384846999233174694192615276614863641127736434336775496202543929073273326442173974309998603078904439111673366310819101085904515445018486189681419815190713702058230037539403336434776296
307 1014138369104404671026294125625850564132499417295120462646631442025856838458681907456228899040943272900849012852386694289862706252986113842730611089538022485656492044069639044128459323501855164729068746905
308 4710348311144855582240056208043897570998507457744501374771949126489277220724503828417359214002630439168012322391603059078799906772654325519229087756753859948088897497089173046146568692406410239208201150351
309 21878061109056629571741907769054368011519505133467837946496180604948314581837866483779926901353235959032253665515975284157339001825201180370239255620331302001043319400135239388601360794086252015570812090594
310 101616595265176870541390795241069946949592547925994322652621984537667493037040929603737960971195004385101485598838696355097377940529141531066830950369009122566333125939853435134184609332263903839906887596053
311 471976578811741655837438739518970119079114344489733138086329772280185420225721917406287811422717381074169526738374452993844512215196946400161535984907219486460344720259968386260683343279786442739551530004349
312 2192180227703168858376929803773337408182295324809395148835640514768125123475450994176385737919013709224853886394094665064061462484206488049925883920243223111974337803608858094874103952195124048935362889886992
313 10181975899803195929022229149539341042720467264292242797360424047901243702600505596022778372847013582542723705817149779511110679993526126097309050630358137081497127882480681515294487574463111121301297590931749
314 47292020936068239161547122402429562289565389976568905382217695397049598529205813562721836209266700659847457713782884947973226113930909718971608561397679235734284284681169592366036525856838501832665067092842731
315 219656308974444332325635298431690936315256379959297666522022100759751901964937188297708016374200430375976995631321445246821069558012199381235178038821716660227350018891506931039647015365240735855613126806647602
316 1020233289194848838752802929678098980053284672012991533361257624606094719653938895740447256151568012460799548425455920869078531299950417606888573712045281481636777034602932915482250939258025490279788265569121217
317 4738657265257241550793788393859927629084872729857175636969972168240581809920245946748099385543343471771285025497207207795585854624816376229684168992350729871681737587677674865490121658477507661919595286243993505
318 22009547145139962796703339410716256901474841392471178379549241674608261136531476238462517860156491042848676089835172165843344318826619379092646287955288257971298993283458326282825986500926952614690720685190169272
319 102227305841635199139480885454752347060122878219366285376803585579671707819366650942321389537799251430770068790374427777757937295547202539969045199829267698963143434652644826021153539308130842128966962477237186305
320 474813134078809595449655063923198168032429367387984452006462163720988188620551947172237093925690675151148943522884916524559786407732628778661979197885543274868660951691126423295273665351124536550425744764489796215
321 2205355119531294724199779753870049378201986823329126886668341005920786566437571438446610573318922680942975901232684161803907591491031329469503361328986503957529388469012730137889199268144485318999477717426758857250
322 10243169057820610394354344621814860419790605086668810827603316285520160068916428312833480651856159521857898378555359151253968601454513918805422959152775565603101963271063999070031720647526232773901097523450936174461
323 47576243579942266902100864420715858008112454820844138215845795387721433589293355659866155270028430049396551231510720265017063510284422031241098718371801305124592015447888476278572883621700303951560795860299111666517
324 220976432235083261239198058272271918045464327117729726714747941734053843516274532042349469961406782020750640824636444673807809095177121311354902214510620736057375148398132394571899262284803705717105228901970220377696
325 1026364839445476873442219057147005777654290454373164144699936732941358295509397240969627856591401633359792351745903972460364708864105439302465255031610710833897890693736991100806386156850495345750458275929558935009261
326 4767136354746037166218258597453034368230540266116766326111085209352982118609312470209846478038095248699037847059050510810714141711370690544443197698049368188579074154919973340855678083172969819898645719337388924471027
327 22141823405622008887366741293141452932546424317501839392394206763798312556627181767967525599652456467324677662499944939898301740677426491930120893183768941229705507518944476068668573398758985693802493145576560296620722
328 102841686757640181262673621740026237681279922652491095500885211070944895622530633608656254609063159807741673861541724774004859812944866616835027428098826669023274745259225325268476261753999638244005429969141514967558921
329 477666736898964571218245863229581107772852764192335091376782768194883310716635402497175158535158333799241701185391486362542508061193017949593121852220062707394746579230024839193586386612159361196091139533010092291534809
330 2218609191790157656654194855723235125142333517506746259397691530661176693252602773306950362868735633269898849028579330853095967983419383166508818936697282930380551293119849459869887681304364148498795027149321776579742856
331 10304729983609721965594170502892070945896955065936774904109728425276606144564011153236002974015417778641917211080383351118871165736520262005341180972640894124305489959402987610120016213914955754994829689516383265350595241
332 47862174387470369572311771784658198596794317530588091679364166338147889315585534777416105176947818236361669104321983570819265937357230299135034784297424554511092179207044668033930484983061550689952373009065317654897739807
333 222304489369469848877563642785783656916777436503621360413346044608661345640859355377919850888051336197287265074123911766995411070637656483641710083100172961850689904749812282226264888140355752777329593092171438715940799458
334 1032533240001691042045525781617403255867800811252058587583990051056150566442538441524775717930454422828188531575428270797799940030217965350456912557687705899692924800564895468324218298979230939724877009368216130598261445413
335 4795786602116213510702282491947433095232648269391339794699853984011382152633324796228161009789960936038918131685446111619614153335335485633195822304540656550653815654358349314447149364432777387358388426090904620898875932525
336 22274894639711268777955155166894309512321313069437654345081839337760035382457696317999409033960436781006125323850150411494215431786176954114577924144251299668053401862248837599109995575736873921478709045753106400364345252272
337 103459760071746076529256544303546001593069217223489506239487981993516462666114317579521687587982006854424252340646288313848532607304781706107785484461407275591102077725232652224746680506043609306386024688587803159415762498293
338 480537489727134794614310566311435511931898331733146317962182522301736299084298342001891554336427070342622941428175667422115469291206090464896029775284615187160172626809847378992619878104095216159613085467496852858966085642939
339 2231942920350124828177985874918998791746136332382254508483352575606017668449912579066996710031247849228828726543958535766480287154671569644750384725827443411016107764554678851388837957178602776574343590926185783702203387680434
340 10366660887436159694996518895086001284014325560240899179579811380579196346949737390603604821657082225129933120000188656193357804506497274622453004998417676600605424176882564879867054098805943971166337854200213217542293534883217
341 48149823624629350891746408466162287811533351483601469813917945440206474804310052991214148689381660225652139304530323725982718526232201858212160760337090309181448090411615137576491190668348636645681257102658870256938240035769681
342 223640528059782358899821351243585114882144794762434851811797230845372475206154313967318362135769177004478885954293047574185950158005251952910948045087907572198106850973759713353069771209541022228030617352336184101821966002424408
343 1038738712331956297999655365846008077881730976987869337880478733849503082119647057633346656784930982650716064468071094071926927735773769120553575711765700865211944807705037496072995784851957113360872670491937735980575170125436305
344 4824609036017944609827381041626900927251539370718965191390006967597585752506724376989222166980020015303048460675990899986511611749657132488909406989591175356521494647038772444926241266725540983076190563181382034674638446134467207
345 22408765625158745282010868230893728051496654138847600525773961650712872002444581923381803954634965782255514967580881905260425286210129044667854523604389011351513352358020286523912458994762057356830932885192527775479335091263303202
346 104081547975077935308517035031079294855259587332940479867528833853025775105308818511211569355282271749347177657050416482569223427767087777618873235393518993333537270469740819417369894802002857806978718345204432969187153608344562957
347 483425495633997391995752457900513592434112539278778465475779447720189941066210114229143062432951685263837601498625217421320297535662960649297990759369956157599878369488899660567843717779664754614089061199758114577863953193082798533
348 2245356783941520148559999670125247792580876602270261094927540896523928059613888529438090630624381881897298953703177944928473407827270559617741309677538653952665254604601792291898369499445785622410057037636211687131058749463464368896
349 10428963992849136806496364352019063338872275770319417210931393870533859190484687242353126688385854050780164603075460189037321370532526048570168311177687559530490709428838218077032492195015362010243366785538285594546092720635093224509
350 48439201619094013763535045261448199403185140780844429937484462248421797418863743319045716106202966199935947483059059380439159820474260495898283313558722938918118365295993741711392339260504962810899759184804419508959150526134754635331
351 224984596274766524561901072039341023157896941395903639838606965491811313169751734148651985975782576187854806875466962220031034409598364514754612264857768925741902123804099480576171983847233560258006938335595824475769707902935548620594
352 1044981479235751820775195560056500707667432764119001539602409606125486561528652571257624678072449249459823378971849209595024430090693884523070803270162782561657352702859956317971631659495332454121965252726823750285117808188221033592153
353 4853604691283539790144012707794515519973475966954068924267958526228009115301463513576647836507229209674450309046313631731084518773756005831528159961220336167076943544668661959271044234668309799588177429001988157711317774399462462981641
354 22543441168429482079022487303697613272910304967528809993555485534386008044097551023535842468154184054222124410478707200821706064692306666176526233237886423247575804182950208903605033229190172370489963582551557756012471692326449781108776
355 104707072792128342439913399381040916181075480960696982055751820030009180798710853732533418211258235996009541031716431364758025940875060703627016361341252880326120085980950221073275630180902036619487077151432104095739809445168475687680441
356 486330858309679024311991196677049594504094296288307030637516194313075279047665142815019204401730652865004026218311263840744799072681610554363413490368124456611809877529265538722831158314534448607677857271420711918559476243553665221981103
357 2258851264171812459675001032407202352863834919270468409824858638092811665160787484390405123074284884229776493602559683888114147886771039383494887747597007312184712179692670662224743159672579768306136278898839231430000892292151045499146466
358 10491641536761284361910210689251785676758552782817199671056707169811022820404778969415848701473769694215034275876078256533053494541902332181656950005330189206105506101411844425101943294969750567697032652112623290514106205945891527922857781
359 48730318760607962115836546571477283262758807530165984711937446196541342524622445209520799517945474421176166694418951680863822478110358797422545211499548968189803142977208947311873702311828257398737261357514795936002846985368476804815550557
360 226336742271457804654149114970785693381080627134666367296798484160548067100607534422513576328398702460005478158132618742316713798450128436322498180922784141857873923563976829201592422628287773196945412099585019665799438190717150895259205200
361 1051261764851570343772920804193998623313557750040137829713319942990723621757887167959202317334088876918438969851037622542541611023361715930813979241523460283974362242898854592283358774974599412335391541012731344934840116800104470992442564037
362 4882774608964597998341052179074045610514927067266327480912120354473731859602727122378116026845946211272333171293976674443246115575700125153367516553652857447153995111529549150631343067182797907639428978065436871667488378563201320301038070667
363 22678926104875133641649212855561239537813527376628832283655793171649113920323387126983276226826564154724328039186835912111121358754479135741370777121993761920610389572707084752127914217269014210287892411573371222305485819477485674548474113074
364 105336356981558949341531721472964498674374056008071614296272590054971423350805913908714421259472739700794343789680265604956432691433969225631312520709858221187298665140926046571118342551996145249662694752091062634477854106640392966059731102817
365 489253682067478747345146963370807835587564691332909479536077382812117353843948861598081113501355128253030595791570683876597829109939833634453414749436570297246746818170788006541912226161354612265619768612812518578178866645307241254313449828353
366 2272426845542907030395926388644580670503195530857191038775731699977736648831193567398356848350914030785586315324431740043975900137330626615073813214940467109604140985867489189588863585991856943901323414672106654278759844568474034326300309451256
367 10554695769528964723416592985710085338552141233999972515856530237493046947514432135846621123079855816908201243799032274137401606728927283042452684414762450591053044137116026538284113758930812071932258073435947722335161215017773062289527681192225
368 49023185501356631243537514038353198011850345538169275673679428210751982889533385362911091125491714121273503877711959605946189971033723233194480741562057068242610346994960854275610455271131098064965474419938190611235083483974040616395804781557143
369 227697014596913990109615859413945467715631408651091378438306266622007401689670117725158969534910303280457712936257473710523672252913434551691311596193019150516130771404550950814384519439412989734120960594395455393919729304981360365761149810256930
370 1057579794664965557774697410478838391899880389839724408391325138589251030441238748581938099647076569494159279950888300357651300413970251407505310750762135738150303048296790837121419127968511060125815490606586973726176112304247777101425262704575389
371 4912119836369385415986417655382689472437353589327575750746375725671194726123264699003917762584459473392083327774392475777938460106796488446410026551616746991586418691493749988942471468260657910842926174571477906629956817574681614994460883851874613
372 22815225298907572299442940817516675493495643452811188179173107087836669738244383567987996555777340514882542776666350243689446657953029049877825300580215541713827078232653556839611475898085829295476160501218792860686135389149415725067517660343097248
373 105969423137006823285804898588602258296351448589514893821545504033779652229141291139234108034244355538461393549233717576868392283916724644313117243205726400186636873579314954490613624440018536849164996223979416065087430760007564130827362459752550797
374 492194071847613246152190841225368244599590550353655119112249243074114304207162221083670102441155503670689213465815618027180021434267719243429181438911925957466269678849052360734528060831683534091142517816513210385539471212248865085655565946917186707
375 2286084015468540972512328779790149730334646748161348944395891468506688958401496069057519442675516389896867639231785715176309640008273311849819178863407960422992706340355820185181949124145880736731928426466905036646241138861988515919519504487364369842
376 10618128955033067695866983626852250164524373281521452624169108945745459936932287753571289854224482055913962549505901447162132230935694021127530415168897518432326153136780903037951692370813292923839343894891020096441176883096461175181252763378466475177
377 49317812356342560043358909865770282586723407850910153495516574952304846836919905005809509033132727648368427884087784577960963726217148836990729160860686950301667312574172552556660561341233399156573432905884548470412323227071851041909916719863195283769
378 229065462089958223490060488026763486782394288677498369560152024570361609653920230492647649348883679703324780010423999148327763438570217264288542154585396664806425721286916225533602363687856426385239558936644601984842295555444349445037015028102112134088
379 1063935795516647878880402766641272936033930157999548419832248004133009480150002733770607787668354086273829787796422237566070518658508979556715981784871005563200581104231267785507782273838801963426151866875989474669655153489417017290403676463303182261705
380 4941641427100437711833888153544983549604570685135418764250587241147922984044390614540787582765869080145442728181309716919518078708450132788913055262755956766072554172357127286108347417600187606693004443224609941395877110709668166316081201549669837976127
381 22952343644173538672205868169014430981441398813026965280545373730105344049226061257682469315095051781194822800251743352405065515331802070253987586860101217788361247439214226941379964877492985187850305556739083341973221088705555731803870933666042227204066
382 106606293987895642793424437877375433112004885787068800487762157968003781134197537691467829207694837929804652453348551524245773243820712126560626123144420348861978487433595779274261855724660764209434120686140259698393012125496485434532003650093415295087685
383 495152133220984578175872854946607718649273862475486145570086623687870206179587868168269363609950174982006638476387449782517600757199041341398242821887444167319477574840494241971961356293540814164062613263867854907718671525421021156853708075565450127198797
384 2299823264291783202214983197603427742804058368856507427926650875049799883036718918536546883555037111438243329987335792752639772126625152181461609910410144900382090053294142578079908323573925241090911770608193221811861999712129058434466456011304834650340080
385 10681943370760292249808367911353819326345014430058866177391960849626113624165913397967639811402665781037273888651295730633397196450332044957152398746058241180564484279590102239783719260693067775222209017574994869182674947231983876883879281730385059395264917
386 49614209903762918616035673484343500948231071068458190533422606492678091389211531451098127171287290092524211010580882203426147798590546325501927038359661405534455038037844613024618316469876532905595367996384850230404919325369426619238564117421200235994245979
387 230442133882932493930539017808945917385874345852056175415989089906729421028331859433136502759106846258603336544519913953710233556031361133202327698279199264063028916013501399351995025423278020043859851225773214821762843617640644477210475303415313326070281138
388 1070329995610628871598963082084487247151958524637312397895496051688452295614158803310283170433929736194904864900626214752260405930792495846099843156918558698498167580291842563385604439814334039804319441261943013005278979566577545942341853502712831139218739249
389 4971340441092388281756474342095841174876963858208920677840056336259212282574580938256253649259186721365658241554130852440584488880144575356173607606904818029651218565686645677889911474375103211565567284827247810919719733295944741831274678185341976976769449905
390 23090286063730341743582119158693326183125567503561028945331991367946544162542897656189263102421714361426829390594812550434956185023842100174936715114465132956643730500071891188687236224332407098130226033650437955126229996231772687102106276561437766816256858520
391 107246992400251768270369220448834328645226278922880245433526189541327113578415655710230102975403656821666090569877209090932278531920877457788893883084120484767895890117468267343393858750747292294514682242966727844336517549205621336377170703940916351755841991089
392 498127972392970560300383811335616497390417296446682923727977010265199939170369412217092270648067318794380624597147956575772843395076055664117616274856007727838418584817626057602950846203032117821956871229059993576901272267252596748740876407135717601168811797415
393 2313645085302639575460195056417210788826481196448529723557638408826094114733462175972034679581922463050542172194471841647758675723039114548604713379829329486393418390065640548287628298956083889483178355211702376991357038226820937255641429107961804349564766383138
394 10746141307884916743532903813728417689795955175554510452884365641012437641378503634771965742197775236520654332515961921857716638874446168584243047486289480524620158568004883980231601207111977803445695530866503124972895443613055471045426104949254589615684717509421
395 49912388785389304790210890635133679890441151081671755510353977895917185162661379966517771861349300510288006153915324659159017564608533492683438433448636916658075064973122184775224761307883580654469089446118057454002966295916830837809298578904754014073627493577125
396 231827079403461670499549667808967204159224617661085584073101522005989148069702995448875010635397115490164197227450190133288847717332173291346721318067276449194720740158812955051232894759884127795677454031220765336132891142181798920133483226258315041804801167653952
397 1076762624522414619508514744430482345859143948928514311958837320987472817557641140573169628313052809236510759572022785899236354718712661091287570639741891374081484085361019841986449121789909956317134614017252236946637916508030704385356479249323025397134168399402973
398 5001217944650023834480500628220682730468907213371096124959312508511597774341205835572446047060304617913279505921428352309774205074006817441171515582832435984570529308057782558030900631315487883813934899114343277546821702779793742171762206383052113197981669117071843
399 23229057510222614883167887616767913298924843031974499148960609651012094902510813216111631723983718359199382626980373501492917266218887793829562527076957954687565469318353105141354345260922659871222630672996095400974781983684141365718417449544939104613028251316649522
400 107891541377525217188014753259193406646651097703960216369695375112296643130577022065173569717961802342907824013149373409149142049322588194401890250723168375855966803597013135244840734047736607916557252254596286037508905132447614357809311289875609884605168142353334521
401 501121696207237935940708710589716836253505508747906958277055150766060300289695358721341896827921218291422567481370996295935339225715218893258058917610565797150958848950357365772614758011736736015511646796333690351465111334021338763272661290376935913452358083728810345
402 2327549974755763829303487056669741334896384906976868694373033650395663494806791944692108296607661671938323527456615998062918152190853750028995121403476686368835657130458746288522855414808176872137935685196316381427294189047612210864228232346938909714033639910440675176
403 10810725071351060580009007916380268712847784026090943568408551124631802801382252543686825851222306452490450789816022021681773241362466510946970861348477217068071671974190003406781694699460181296187025649221847364995152363348115932973709307653338421760180449205510237913
404 50212359706949823204148781277334025185523237284008461102041581174715003893823272067893444931499832010463359698563557393095531819214673838795636259868802917901435816005675869483911208615736863879838017600454962927850875388893170948498106123387181265404139070155424322511
405 233220348376228137310077819173912662708098306701149834352156129805216105186282150136803777627029614473668047761940033457842981440247759291762267717750962335519173629981947790252899753849233985557783123321671221183589158666534768941944258865105504600260059334353286295778
406 1083233913207248337658093682662509516003571132662894544433891797310744386708481455622495701198717226360680519095500976315350852541186512747404321016640117213858595207280830769970223801105044127684182019567609871110159665865518095171143069063544682149740344640686708906581
407 5031275010486568689457113926317281711249256746313216688342811603205287772873170453170581596852189303566731708169289929143088980774506523804983187661709384880139124077308872804529418504453715357744099658497649156932977047555910147571759760817006351055322670941357463250237
408 23368662966060134163337060238792806847408309092018369162076565993100068426977109206333877948789297662994028967165790031694300533150169246158657545073416187900200995514319435785654195238071299972132486553120418060078953512527197143299904804297244272912426531463797041278864
409 108539964061415573282377721817702255520237340655283412961714016823528749598200798809070934339179735729250159659390890839237769544513969522536340050642590559327145960408065116159893364611952773459980364260406243649158391310785659498493998912364863158964674325747092783173221
410 504133412149578459072517221517457097705838791588551469419563092291831746592017913601616951606121739068774697086082862801438667983308278670246855503127537086961082831528830214411102751631069579904212857178119542590191794656474118911934541400732840711144921391332489160276523
411 2341538431888274965091166541527363867229370690028733175678739464061538590091539761850394131127704207023977630285817779158636499174429026312732176938949825446716414042385541603046588636833906573355581931075764512979207056585265410040975332465725093938487303477370473426971954
412 10875696979955440252192545008664041741937247327918760518589843084886044784072599225809780134508565603240285888541224566020741904816834918208962202448269869213991879099876010724009409942276826609389845043712619137553382071645496525130018468565602871368349036448814288654383361
413 50514133438513460663323066792331728385596825559632740214577491450673571784041955215011364884282662450599538677614987679418829985194321933054612991861531543441586307542592206140251458104183791064228518045263778232747583929853195215499807374087392559171628175197714572066466913
414 234621990824757094097525013405928280530875592971595523578322748507228142703081258360853119849432082904175281100955006463645652789519073300452610369586455684602451699260555059171281558344764718101279034344983804885650807554120617544394295769114695844375442944540456007907451192
415 1089744094008402522651218342544771184388284150425073181093292802612577936389566303465221108533180216089787868522530815514964925768926819102922461363510078768723025859684175758409702875208064195821169792401432179523412468394037219440480808541391346167203450091746304558177978177
416 5061512717762199161419548801442319844188700105285260342243449116031043327859182119263951290263453928173751240344368052239507810161049330308701500253665403177217188244628184579595755629131792292855066590690448337202795855709933467110977851594991097042522976042277720947804884151
417 23509107443596705355119607157488832860810769060067560796845409880424724405412641562978293089638590192189570125271995853259629504056098752961335381762168292006262325914023373377276464693456991103194592140973830519006221808528550202063537793069822352449427154198251218313262050850
418 109192283732702859425700249082307527334043372370072081892529313183680830654208623908347189699678168274157752875450584435926162948409280021144547561933455679058038189416317861571944895310876750437255419163165339434870029604302847301318071974629556275576475005866530289437335741373
419 507163228351768032932239901858131520220874041561628739948962769395329674714908715625421588418013684270197795166016763850473105336208316024395643050435635831559582919758834671378158376702098163256166562631599198309990457339560038714629329411366331625283594896727730788350636413717
420 2355610958937681713219933048908926475123284740510569202323825514951642081898056949960692681146138596392881977553290971714388898444376460764886333865028879106870772858550687863825398133549595713555081277528402384032279442894848891171683792436888331124900214790727178497006100998368
421 10941059366430622747967175894714873170610442828853396494261864914598167659723846302551883429406296781594800894218780724597314290215907719742583782255349108144388689295325096187826624061441747394721568635837732843506768007275633107520658908870611924796480665627898549688231266922285
422 50817720814876771574382100147604768165211051846212519065327891775401761639232853676811700655725056224209802997247948909527023079199724648456231470922557775578880530724872442075693886670346715618522078630984560216357907807483390859956380210579139372653344866071380774661171248131635
423 236032057073212586363436265087313027649332705470375913575231328148761913367770725872863503642418894004124633541092369136367018555362620158140103179687783542580699316980870053383608758475776054007312637801022219992620184072069874456213674924282171234217600367450800600074552004087986
424 1096293400665520938130318446541660086153443123099381473715327702077188884697810332437089865904277217737307240810504473433262194963212244952945778290644667038769593666678898212851856226963243357530506966207676780802691608194171673306926003236278729380744725539925185269814938270130761
425 5091932152122789414435444329343169178943666323385201837194041836531238600176533734875416753676932870786438877823372442906139725734337083659876253843286362757338092474659051024357365347138198462014262121078618742191344406482575987602226732926333049497324761332073899734970641785243289
426 23650395985310126025839568950938523872773808614415787799680690226652030310563443373820760654095665092512904743643476739255185685013827153515327227979656587672011161764146636053112126290862292695039326507598786124397905963959532123067773077234371298128461211247855134088623472529619720
427 109848523812083404001792518310350442589384763916955953624245102076132475391891726935990078432627462716731450934823355413066371273071805196242076872441944501161217468211286031076890479275920350326380322365644182590339540177240814006802296695112492394773018636082375493563746243192306921
428 510211253595449041944727038210600659396763612418939689398376504547608941938287041376140648330109367086842169173011005763342057873739829724688155125209650161888218911958328662665645654167688145154232619239095892375512064557649196977143442184531392923952892868595400338604195100773263455
429 2369768061159914723019311330290347762485194109509537902995868023436998239378698205733570291720211339473942491739161442480271155964914937889503606306832265769327140729653730493142349880801198991863048884754127496713766800426043966007047515561748396217910970400911324495316957985638564834
430 11006814577528779303819973860496253143386731827061277319435271245248092123750946284857422876768140901170937942785933623090604680756477176460969341788560540117011291610702407876005736201605925973910042713811890129769310353577357277168355281329986846865462449452967111732824385076281358693
431 51123132735952887338932455075184556800188465962160433483835889253379492222932634279354972671450077640470271996752899956197995573942700729517635908038316938434385965972579073285692280543950935674040229042539244009680645634724939723844699095462267721675377422372711816089564700242016188717
432 237450597748204329569171184566322883043350161853583928885354625810706012461676546226921732922706606428635451300098755006484135611666371532076509665834834904889049940341542858217863600686456125685773071627283219563150128721714074729840463282194466218807834031992332704376197085357294779440
433 1102882068323010735170237491931242778809898005518595564295976796786615613092363644393944573914336222007096117587284598960760511316044433129636987061617665004207790659394988672584818219988287577793262853206583011120468077735495791538571612516528154826093734286828923789806648429146389460021
434 5122534405738890176574121647187355033820845130501059654761715792010429867626574860031464370366132165079772800291665509956828562638562254932718704172276849570006722467829249468366412064030380915430372246289167883359592706406282251966185545339131726461177146916723325309185975126647493257211
435 23792533663983229199819611070718188829050366528377193669370186665447307243356196836809478515560720178471574042414440533360358656330136467705479922247180017107367506174140163970569499034141587282209838890526349746563203930230221341612583089290076199233749068163465171308398237760718305237170
436 110508707861010730795837728631771488385693858733605367958878060078240306530348188028742915067463272110477662166382080583678376121946757548045233152775168055573784957850467705714635591405106122601435115420736529414346102848241409881653704734222713566464262242031157542628684077799360029357777
437 513277597316036016268609897991075028702790901560307463429359198223398218998887778634203939325786191659996708381028923053710734925089062439213306147812369332312368768048954325723540136592229457540035099124791672006456059753288822667197065207146265330170681808686630976903857908114364391073297
438 2384010246847467125179426681137303030128378122408052277924278041617115760795996824713801535818355741638323545327796488101846184328339829117094473862736647075661038541092343246543480434092581719952826837816651983357605935135373079121074754707351079486574499902202573846619722772762758421719256
439 11072964974105942514322796158253424343961202990851668213138316941867141929403206137365769733136780980636141081920191341784746780179028294654929708800853048731089590369166393220603558178931867143099263052520584742069647389776810515307273316422203090379977760086476459310257950906324735551185361
440 51430380167162863674021449775636238326316026642792861777328439914124990192402665650565521729441777595533793243657510116538977661991777393358322396562968286346009749314752898184965791792431589972505573236434061072074522963514228985485604646362874825503154115479505749849530471223902213227964615
441 238877663780605392251210845387550032056594747039438253522885021174326447434539172458073253054846275453529960677155990407482175865048294089286688687861430103009889218278932699240902010288648215231696791152187762347179391909348219345281032827710701867787771562636998754425749448696492785865388578
442 1109510333538485008889066178849838763533410156583461149130460042672097447312979621473391083160911917755855176301090621779012296882578555799663737799994480191730671613470220463994707399640060344970392062841244085947268206867249917600484953046064869087800026038285775978345690078482442567762595149
443 5153320577344941714669291167350576462573377245017756029462722788695953932607068352589708970241526057389162395577341195637638074991981784781192576205790746768984059769074614353239676465294447782219543361169567132354151288104811240538982744392999301407630737588341552620759876526749064419265389957
444 23935525582886015082291243400730359155992624096648094079217272298049425207141329782253480197688406670242251497411455170178050468796850654178869684126095349347796560092569255636785627581041968963293663476299806310492217200625883490448413940136533080738886232016086756671383598211488820986141949312
445 111172859582541502589726158727278307649715376563061565155764340217670896904358137761925909096178434572288141181031344884932216923777880346914648298831609679149070081348159142106848868994289268593442107685002336787619876943872441043446409368651967934015428752721750874904412194520115349558438750077
446 516362369606644769187211726197259571618770474822016371056892149450669095069114401447136428639393192031247632404041727695029218528240764660289830484639946719828514542697519374074136274260143640763531778089132058628587291466284214498484341896626708764403187576649972261853805970001978533146354618755
447 2398338027347644118037615871598801440519872914910759679106555900728064349933344180342273566261833709366631781657844479671590938226557451084364697196518073209801688222744110098791295545775075787698472594759552961001266509423696980347993245396490710413195340096151228920691599490313740268787667293490
448 11139512931206769822562237761098558010780262749126424393405502219818362332264220761637893522087132001542600159167859436174722795018957319167573827695371111203636236197437471738370214689824471931971228798055577720092445111941656717409223538925534372133802457239794298276443073570948636804223164612761
449 51739474139829379910139322941423526449591765345139135505710681643335048933598498725963210761407660840199887994301392404672805119622306255985344738561599074538018711750667746340832325738308176154166891420036171460341284321858633540238603182553324521341078797689650332834839956933541388767669146161353
450 240313306407380803319667904959276926268960129876793995474655017354085937524949834180978322348060460570949236442697935503764090447318791624242020720887269914777219764830033154026778172109669568558999927956947955353942694309073298829833280042012978498251266665518438796933328125075590888540366846860968
451 1116178434291256094395411282344220617264790841312191931324188170511973421160643875085020904626471285670738849201330352668006212649878018331391672327470776400063054086580437872942746525976375257653145250029202129772084082079920028999127367819359993010836476180869257776603424972121957053307525339469817
452 5184291772278722477068464965830982427831411328740160084369097779974410524971615826978784462430415356671745550278917512301488918340186985126113736650986174431310436308384436628182692272412355229982744143368342047966561501536190340173626518937033407067732049676762014807886222601064534436196153499484143
453 24079376875958877385715308494051931180168016132200287167104367053419408477095241757104076278826570067011706400773504571654636958166837961305153934031532628817049511257944360096609258138813687593669986249928173859347581818161387725444585444962577076273080666445838839863022634906755125468243575259568354
454 111841002822186548835431891916084399019477753805148260395224869904680084851592225631492588341759182767914742670916511997335636714349577522562031643590841358283387008132757156931263716345879608605327682530086895778880728639340293348186560486666179215142910247800621386710805144004515319363149551024660853
455 519465681222045148415618060083537070837944598522211306575259919097028442166302307097712929582620079499626993290746538967518053302380262975565574384580885524875043665486706907798867088288750123304105107395167026500767983690486076350264323075881366599105970615214326421281997130310192034710226863114139165
456 2412751917080922232951727980684519655558418728853074312391201599892603255814426402391670052498876050471270871220488327499206487575105338678451921192398614955749148792643780042195368502368128116736210253087584594877469108700520217499523576616260940345479303650197071290747966943978067277060687324075098320
457 11206460838149816434841949385878395795850092826969855230878072215926815074100786597272140013778010007348869199671331396746757813321956051369820989915084141192068244955990953343101726016004313925066042228276933429702412095684402687974205270304105454628860448698707791745951812084045617430886870407769350917
458 52050425751572804402006498769253216959031696791310837100023034164044787445077801569527413533103363824776003519398603885418129614372426431479403634463034166451922443026169087617298435031440273973721958016691430747959704636310236165131900505902827265471566079094934636881337475331697337122795127170501248203
459 241757577173427149193786193055031495781078968880054062209507796501996891826046044631875349218432937023610179765686309237276084496567849213381540635499969708174311317350765606467122557859129617710949049465325392545359730329898648234553342147377266618382357815852883225536904445408448621959222994407029880370
460 1122886609990879907012934905282343568647524814685329956850253450340878950225689905187209128631469177415729362861894651462966071647202750720779843257246387975354371614089783079591604772760490645335445893816883313201311134776700453939901694004712644543143791562422716074178966125499575010872971637062236248481
461 5215449102521034820721704916181770913377263889615775549766646995068787302143807198596814215884133678836235499873983916216861183592117567483553268904025283003349642113418237642555421055437143598992871109379313529939693671319954306805489004635504107508493829224423461372594476217336075127007080063033739074753
462 24224092707996930837017629577613738525115750931619058357208266007741964105442986465923679504097959088035716572531322829101393939468120852285591519070047566092679932098215801352633714050702042432751347724655582701918488841168940256434970630849231385151467960259807883625441143393279142293047568849156398600312
463 112513161568767007961483019799646520496818916165421517797574970028704309528836218642315512310069801691489027778445042789045670737058209397493983489039468223942409270719269819698197327246118077460284670489896185371135796048130383049503347611435438210644529141893671581825075665291763872265052211506464484954465
464 522587643582637543242343133439800064647705240313689961523283295150290748452081398614794476518793542129489775279224152604244253638948664876139167677891419262474813455664086130569514009072550445295482992314910091146004531845362600173043901737353675253541271218997587767222381622852079857294071942862431131127767
465 2427252433559418937925855562626969529499693753582309031767057821766161281739841198215502842209858696439755760560348772430696272918380905353441197040619273020992473707053416796151259107704464247214207964863517428156571875360892715518502521512036335672907711632514615720339910192669747934289286378818476121339938
466 11273811098613320721271323142512623593995645810789170783828055083680908409379306419007499464817196926133742089931915205391952532613979546354647851324001047842013473868737064469931837480347870631395520863400441500505465196335501156362110462851312490750459811079050769119488284617742277833266496371884060197062621
467 52363246166709640272363604978236468879956916449760234653462316914251761068500350905114273045560011247131289439474223836608967375274275284854203107540792041798055474904667354605855239398510327504018203082746672478220595721014268028425672782453380947619542080236853913980572824717426492515515366684159614143387893
468 243210527933423226822791903354381270603456546663258132779095513939271549478065722073627857745357518570318956962249708605265862924844104615151133320623940562325188274198295639832246351603949515901536764019026321940246832184656563121111210871752260259802811591517468380979616411672329155404447833857084415393045024
469 1129635101485751633555677979063467095665712983396650968733404912882904713986268874542553443588974735647983845400781504870002597375646187255792888965496059325279746536900657680056622205635082131578047500761754891513601589132043683610828829515860921735724416785068656244864071186171842967593521461066719573615218893
470 5246793686735629247474544513334652593426633650030225059972559767944958648555272631053839685959141126740785887511102730176867732294064744549418224963121106289027305995035959859695841587618638748103745562185607897153197332341242142672888572177078253267328867985963942362880236629401402122385449061422767636236700627
471 24369678274835446483781189689104835678606818399788173684757685013701161230709069567249733066419771486970638213111108186307481054672945273102422945181556794334210208777716790866245555477316878030218932659421211564841587798076664206923705984685971631009673689450556041338763749452864294846995812041294543922302733234
472 113189359955275615051210445134309274451151708088764283435436376213574170224651500068326494267868598080503451494216737443342581110794548895902150314764035890710263572329160043408574677055318764770161237787115074562155071493051625303584456327914888821430079087004012664340584649026205607703086165433518855090408123369
473 525728368778453290276951739157021649079108227957612674808463516170587872630922784665492219984036619029017754873382219973429486193002908791966150387688231852866825859070360305835675689647028162216163900557662340780649629221513076494590244557225651236086635492460362224119238024217873756199325049189897151858057900025
474 2441840097405473242615789195217510027288000307247174325726203453018772590505970142180590765698243990772804225044946829453273923992832549138960491623774482121598402049000537565481322897407984696307033048140981316010640958457004564299425062340191563777577499474704003461068942753454283537480342415983634850781653627464
475 11341566130721505182254693829446171826141898631369321994558246853022105169124891656161501976641078325863492000476604104579144996439389628089980143583751606082354293480825245834858731976043080656980275142289567104417909068653724880288299408447184425326197678412082329874660823950703953419108041302669380444376298459145
476 52677946616653365794444693769597170370138065288770585908680845491189422893156554591301103093715005395127159723497308674009063662877344247951231817224547221742948559174815015464293533708357407639491812900196605881469217169864042340464303581624227382892882452464019861041240722804148314293098915871930343858872354810495
477 244672210853691819037405825078241015825843561430149433339153816846885143213270146461483119176685386199334728798988011213120440953971664244294553469445428030640284467744841567440033097864727595574337116131906357291396812622676892429507302895843658486313209071653188049080545299755993893465692648230267015439315024179170
478 1136424151071753083271375116446950594175953066956227287855355788166917011392092791820721332253516928535779336742127213116610161176804405669317741114788849428404006135651547154262040420810061706884154930547402332992835673920128936254799317669582114552291813404711473441852158055838160135565682359471501172652064234054277
479 5278326650309368582993287639148600313544802025726615596676182859364762236565453401346456803461576376458648496042066224576637742471893867732727350585809350605769121873664389366087070546560461120803659582834420610767547506907435925844066723040455146522247405069304903405581103074179275569998545165421001685553325275237389
480 24516138803536401457210305823473060288044383793379307596187831246869887094207355871188049290514738415448501063189695296303718384218761754375003890668415597534048720911279398200674712266622986796595990518243384307616998479277416149210220353373806666573284587035489009863712638345310489533706674135376306021071847416126832
481 113869622259743165816198340969692641850336103765911124428399691804322700411594984506096653672784474527136200903604302263369598767256812728304159981272385263086101954442344514053331406773446074883417234124066432828686434879101181586187653644994863589774067559251267683093794618411712457894691070095415597930951715626986197
482 528887969573179121433044537241290811154871851170800573639407153438264158999339613647055060302908452196637818790700484811172009478319116157242707313845809880860963515715120221116895212572008183622441048098550435243473867644335962549511779516169945699083663707181142740600404745023067276753504813843284221752957117263519899
483 2456515432370337971826849811039464736283087843121099242675180027361623354113585148859316503672385227925261833427860284768283190731139077441029455645892198020036368167620828068399531181522367257597015879093754421786028309860995666866557029315913549599211118740217799595809467353113955328840619436685507836007939341304612274
484 11409728367131396079405932491189452906895553106699639870505588452383416641731216197922090179915701985361006196625579322873834762803955635817342586472636879124854973571650119948409045150421679191328357888579302854008668241483059138485702167244386575670984309406611440354071530693924316303968270829519263336534506326144135537
485 52994538400317683804790528585286651604436776090499372426299050961756809077812112617741874007352421507410745327916667801714142757371558980103833935087772907895949460070746587932731700005334169676994874804573683981619675468873627562457416277475539614718434124176757579772794097480396042704595509127965252509306000587430215793
486 246142678414072659076658986747455739181936376975269679946993692818052952425316150012505000628680860117041479435981345292699635273504242137197193063301361287087173318708552596441565834471937014460420747775225294116598376506156908880454332502278547423900186706939170044283522647382849605715480227851174854106766901050656831512
487 1143254002500952008924741660913279303012265905031150118306773711692643068674740577738392911096996790620710205088352808285815372315276706422321877240403065602171347249421422075312740130375386952820101409094724686751647480242849803902357823522579855633473084190862020577287431636667813937230621445716497313819719484296837146097
488 5310049125392633540365718219546518121951265089231139433358477307926614356688732787787759929219819163926817643836627688567006105699489475702093285037836217803775962256302936412879323974245025820142532174853722217853932885325678969218201200568704495919451534768779286382346024954113764480751125707570822091770057669641335099879
489 24663479552576149889695394755256980003109889076784722550138621729738956510147039278804777918549879627574084144411787429577010967018128449836232853902451738853284055818586100699639841069543852159586624633887740170408857368246527167476385190655227743210575647721286922454975201680982474153005412418937107598783107400962170683426
490 114553972906110187974207525068332005988161563673849207040483896836417033715972522187751485459704114447942978733017917447940751847639294544675241658102719273971440007254961647090291945456431624954533626759512588640044152117908047793760750297414677217008090050549619599898635358435310820982148506735601689428454663142264896283501
491 532066559408205798639220242533621924490190506800992150228556421024193658809433991412199098746784564035164513281961756820182550674603733309031953601884718359540804253207298740514893443772650780902894386006395271070029952930922571463509540962026665105246716112776676030044655273462205599819019199887304653505063383511165731806565
492 2471278965352984378626066382960514157372429580436290306708273550977470509746488078657096639578397618370780075600943989836684178161697609629403675626806522908082198311809844905601098578221892811866904736160273202438016400895467292662004482373210720355888695539966988063415387221477995738533755684422540043769824022399055507594944
493 11478300255120164848035285988959320183109926333226056819291243108432468427842205805560993492100525381362603475582460689814669584904391422935490283436366610944552764851886474982017715050934018076556869153366124299215349224608865043211062076698964712806673308523725750207403595176328440633604514434940962489909924587768958661147421
494 53313032884522194624551926319428112468853481727572846836035742012889264888853490486131186146732946042173842521618534694131736781279429779367153253608723223854265938427240405212278074386467164540748199110024245996233442585694390116918950175066450921638611098673176927728074414372836574190518672132495560016555484332022116554796323
495 247621983409806651536386989724063522626289244551832107968089656348329082439871770734371955828114199393140524198203270276057929545466688587084671939652592417062416000527842513294697423937801543346861353366000047566074662283038313040381869970186669058331918203077920269974338724985441837282471535717687198877747484140126576900994098
496 1150124900990353710358634613039551369805283853575765734487658832253112876782936100719194012531119555780608191211004659827166256154354751987915806763764798072960818056036017385312241953893434059540137767193025831598765341811538835609513349317686047114376438832951465355302608865371545811359535645281932656740570690497489998690890809
497 5341962250939971119086860116080396278817541760465819092550221227155539777795070178737712536435480708012443742165410530763098737632401827231110464100084384105567872239958800126513372479825421962526135029386690414196290510408999950824396513208642211833092899560331611754317795586165785655482597245098668686959012533805467739348980777
498 24811705812034221725060536887650385145579287708838954485520808850255823341008332668185922778131486832786257266353608770960845655312309041086980173660956791513400099079667319199056880048768392068048271367637449072258363866971989143017082850682310659084798551927385081505577892274439149265147895339937437139830032632908125728361633256
499 115242436465103851327808148855454931047227231122471026324433195008603216878672033819434392686914125784361833080038564554525182700417553676309413906083943343116901702997511321575257342794706996472205799156633426342112274527036236370416795036300312992790482721130743430745991314504663405773791916574663319217993277427580446320101602585
500 535264252406701080639021394383454370486624727539897435415788744613945986741980741635562490031982119632874708136905133847161940247878166968370428112468479357053867719234420067933571199819427229926994141076627998934192565839084717570720426628683202405533173990796611142481999340095849664901727677763879373264271501722317187168118011919
501 2486131226419019772224075474207609548690576881754616612362997323234027241625621938120674128002435109145256812097039864369388465707577257742978196816597491185780217141990048886794194997932832732105714042117762559986079449671023841708146686409284170099637742281029800989223251623682383300593312587785709497040370206759144829820423620834
502 11547284256672994427089210607247608564689030450070681980409017915042413385838307598440378606914156492967472295167190738575944172424175552292951990967609726506903456475698659901777399055726808316275035909659233299034658809325483948955795043353746068035268164194305326216745527305028393219638351678636292944747334633933878587301723950229
503 53633441504400507054446090732157969662617506500838790203653181259376792993397531342230642699313431976643990924117791142592128189848671077723032831470017607017486246270369161820302455729565691002876498632536732950081279928891852403451029056369759663021337274172454495220644430799276939467225091053729294245913258212036278302487537494781
504 249110178953431417389925609184196063043297669017419036933053431663198557380656978513825193305270376280117615336347646772657183864006431607745895049652234757676353225689933202751085809962200801769763175741211467365110804346043744469671893841825094052876185859509917013334087678186201598091406736076162587663552616307260340406358351294992
505 1157037093230705234748124039895379702238565249348226572463246849774447672125562774255940435858954712975835634668380070211923285372838898251265402054498316695204625508787739816837854345812454047049486678977859551075093420540624921848981536220687675091009322609708504315659244916715730139161117860445448798901388563320171261125546863893413
506 5374067172750987298858117845980193575603884052319385065188747113563235562092697397337281207823474105969825407956984613387689000931427036530805603068774121633800842177297341380500334650362771199735700382715316644681956968956073330973734834078077607443817678507666543336044527853972202807172511661308048309253173844099309428446441407466347
507 24960822903783256200071576313599063591233581801881262803222248701988061184836340438487533436251984371950802776525192266400207878933450552371201879606523046761674323391199365748480489245140372422198454612442083556548429799267043072669200747983114897126321739674209508391641098980764389943092666622019671067197865232181470451951589059610418
508 115935037655120148028046891378036333552083637088464261425868390072012445593143630689559832324037733603246010248246651299335416626425978510995102547797276443529002864070027654055735446099466720225780417750091641090994280595154509935576323967390021945918963211497866704502833104574496991303834379889435232263780577052566462524300137056554561
509 538481163377707168114482677949477684530110606219290811046150474814325784025808837551441822803505170021108218453132145625598257397415584964945618626274880079748853015159999757831229400321445003995141044758091848746499759624089493070374043316289060683046718004577591747157624233977832437660038874031980487467620752663958873556943621967823137
510 2501072748819718839839768685175901704294815011299174136688609245556872836193972673486015711358918548813127772894056505925054086425843025562333404852487249016714075422767037776817849226107725846853355027914441809318693053686376106394870629449628133240756086322297637068810861212476065670487006822558786006897670071597964187745326579820724152
511 11616682848571473661270431744041267239510636405524318501872547949628022994584057452251989539434735998706046067297093776803155009320891458397249413544597020422030118756207145394979355861079682333450058881821930875323200447044480348059656681213573133470622258832205014796871962293404079136980700861146068691708030756615585642316117165609693057
512 53955775763810802096064762297740852698938798479796945323765683423156047040638558524581021091764187089376251587491750014253693682431584769097877612896999153647358375220938468936424274199172856924556646421946507811402402466439058964116866370877956765103155943258346005746133116422269030636526537315299197162435150738070020866044410567163559671
513 250607318476688231138106444907509556452821244987315636486810452122868107148765271852548557097679916790544223529614331769334185005313103510214343725471555540052760130913226770672754326660608496597589027679568687696309142471110750301850485948232949831645469665203578035057389668798435177504486640489719386238883114541139256842540729371490503202
514 1163990827395352489650927984551996679070061068706494002944067541364214622786508271323834489462454508261352499197090396956222719085938351106075824436380895489140535075236924676931922582193593707804680669034066637460527383597139536847240964369453685943401970809744003044533095068608637504285394493295489255463809809616024454686878286723762728957
515 5406365043511485496399218867555678512114118008097275562513848650284521390988826835525016415806115038448743012234969778281145255338172176883928579925416843898927387339483495118351935859036814703442773669859894738535050456825838632951679783605499875176513004935480556883853187025516687370530739098132772601382123624144829881230930396577378771669
516 25110836181680076816521403198193406616018367016410069373544635668639228618103555922941590076424167455470308328203773105201955901938274539372462023833887823026897639956994835797203252162948723974765343975528190744098783830796285836737897075176174793757613798787210946947123703741844337751776858604354643356709298687940743784380413521213313837920
517 116631801343111374696693044064834973332440003206696212058599471736172232257437694768299164909918861937490935683283479924782361815020440780156492184719661634313527274776221207269821316141777196763452978755500232606948486427867272496662151011159796138779356296116262263514990666209682933133383373606731913461157815568780384067844500901481919116909
518 541717407820262774246763399583783319081842309177102350173366389881012438431032888192455978555054098009287266640290826094750113095155361515880573133578496388856014407236976687354762448300087925291039754967165962685784664995783298854864711008144392032484840796315411097041792194941753739857321055385249778093777442660449269180901677926926616184179
519 2516104069011169345842749818490451289387131556700571837062190255982671293069598090917668573989062925355434299856918335136537356579528201509086376612181918018387367903458942484710988678168925529453157453364220832874080068802519730628920625096484142610485365702697616609301197367233808051043970638656514460025719235860117669465675508188199745605298
520 11686498522482522949025212169095938797738334175635814289020474169449981217221928925758860765654077487831274372851074859761429732166005569579977183348281813770664865497980122858468815576373210197073584458580334259784647133289535382582348848530757513651372964930371172744820742291006998394992900769445963952859087454746905540017690926239744772336009
521 54280047235748864140294985451003868066289172077700897218951310813712921630444180790770295353451427641416165506853926962652958896949685101040210134445953402775551365263711932167046838069133764356007535908488128152773438715696089623455796621520133069670590695748450779736217570880007655633685130890226093643694720912513741000743382654697919037091161
522 252113455732440418554671111344516818349133491209292208445668181273205383643058104633318651303437507205642360166202117260847999100094694594800870177448672427816377955592357399481633625876173697374045648421580428095582889635142298099199518148689636452266170301578675556369781735659417183331613270504579769162764546949166693141268648267796895442954632
523 1170986353149150586857429590602545928980784280097890794489390589516704173891712475228969990037756640128688244703110682238788750648817955142864958574601767060302351859891130021815092664641871195902051101819792231615123835337237235954036918196180332111438271984219185252247248756351423127931227258376265777379859892857237039040462121609526368850646825
524 5438857022834852262296182116910949667394169627390174195243519929863488483752229916425832695322815008665966137083984371187503995745659496138885544693142598260717733518178423035397942265641431528617692473425720669071454374994192601858057959958436866570010850996635279984796112955105601071754483799437692451074309173877135861374140868479824642022357151
525 25261751031757914664192811283086711042367748318396159328361341036431893118843039921755864919096340955762407049095765047891448284992030631860882632887770033513706237274060421094671633801769164598625624402721573697153852784495294947349009371402569846924698942805887405618583939068004863361224194680437737555922241637662508971504178215803502815453455330
526 117332752545478948270964265145101057273559608891261174288366197699418532514753299081778291992248482964554887288277261097668777558538631135459714194594656782954003887869830033621715846553711906882621788385871408642108135190644648570630282266022733711272601915923987700937471029151856626508410119413127659262962742037908833606787500139946469259504103333
527 544973101927549968711490271323484562180116661813384109113322368541916593548052448803422186970639585133375204261129504408490077661032978785129650664403809493486418761988026731431628923780114781290592223996337024659241156215341157225547359797117735970364359120989292062864172628217286326324638688523827419569733424928806103153618668615758941898156081901
528 2531225726673532895575232200975123401793430861036474742937622380205567186365500192945544496695564596934705033297091818326275910224657634061262325360587543414618507697312644047815016914748957462489083178038395155900677955123972233430411826915637438282113656665978807824078332183316705571131872246501634357226692126037698703179386678912083871784029068976
529 11756733785047854329158508908505401654863360015957149206317105165315376127343666427148594236334929719543081636469540251854465240994576964313026195567034308249518736379494340320121757592034790820274849969369655709761384301405826485892371914964353697778935549362618960149451623529774773294064455579472085163698093295293174899383530705347578544776308540789
530 54606267562763594452204517929805850867982966318577191528587136504555588339105180371618746483024067162055048290459328646629233075534742032975150217536450874725546734435536616866329940797200812728706547134280080370929071985001268641765462688286321079066169696258653164559909830549175390643966416498195368379111064193774384518675299797453655960704334501179
531 253628644796603283904700351165174999456231159309335380229137167447761067394827496080248100901828750579405576683559936426742362342738204077799074932660777930994295807564480280918013648183882753499682427670546315879293805215542176195610427473029788393217433580514335164091552684533888164743596438042199160258829690928128792764227828864546391476882309003954
532 1178023921657427736954678349751852704654886291461342714309623204467847450256130791616287855403446548950684815307049501462908607006712236490924309005600752141193913453689704062269393849014418702302362214285802933118791187807589061418384872859298606825886957192532086995208400565529051396631992463120571915805891550678690902194292438380578830553214841782289
533 5471544277303691703785372044596741645023301912361896674061816409168963406796522563132679952457922897303985529894721542655292938864747268826207638698845592016187978549086062271974635409498393666267179711687579917690486798098276172831628435918637502064485889664899545558568814118195017994608728801118423840740169328032319504813071229988790127190524603354833
534 25413572872419786996229380241195244647475937257992020851641810607569226491516022250976261063012894516238941780526087986543403838242284364113477902710644243838286839552410012669767804429545738443478960378534524291340202053374694636054969053613305867488912780564005733284068198659727988672193231134687132845534669918296993963770624600024562695989293701351256
535 118037916428971587626133207903797248194665036541234245581327018643571013520029015360111370411368071937068817574754610993060620007835922010807290956080202976207514698650519359213562281877117472958903643685320067808834410265990078467366241581997780037056507603068638240350983707367783424412271875283391740826661744288589455620238914936394362741026619865660945
536 548248362591065943995894875937506267986391317975439729309944510289351089417947782306182422874181210723513965544776249549987202332335805557456051726300300079434365934955786564383162081952682810205166093564595852185085530773427102608328607990479261789032772056412324431359270709048912195300214425317752553370471411261231081056396412177567967750124337292044039
537 2546438264730421455386255487135938612558806519547229327780654802916388788266824453845326395496696639250484577087095240720245808729177001865179943404768213119693362900659682283059553682742713120072670531404980166858772428893669092197425549031679475712254961581304232136675651125922090700474681452284809723620563563603859944959749094610117105323036190597518882
538 11827391157973969218026028341319570796740256994046247227545291551873729037651708116036074453100175665685920779714069374849406423185748192189176885146854332079605356457592924211231855923726198560543613019591246719110958800754282706875259417058277115363945944805327778286000739340177154631198314927427428014103364701880316129259938204126330658527924560639966605
539 54934448457375021870867559400037261797391897310881678133605319490809417883232658704604879518163249312906147976164500768096400232128622532629844867116836148843152407446831426724253289846200712518994427877149303250845856516864571618708837378736903681104521818438325398058112450420006458416394946114900211743707617210347165519666315490855683192515191579901139269
540 255152940070085635927605312482590785813735222813091946796335105269892633396988754397606087846059065507483883536650003411735001806112729637486501893503828255905262115315797222025588114578486171926210399012279525371696084435636162858341087503736559501544839518299234341192815511358865281323332914419957510152074272161502186244769709904093518904473435002379509760
541 1185103785595003016441446687616574928072336851551549825457368189421630514096880149876049272926299580862965499709378017163945382239516142456378938946666934750932520349176381884310023485920570500101836019816118242198268499479969197849530469675095580858670042513287079532180902815201900374761229887815704479090113401287597593360405751799573823203249727703146386109
542 5504427980511710128303881288360077757308238523411377756730183569247156085274330412777442414760761356241157650191412944726327841672062240849248142911993428754031548306682437722657588098538227993740974004285504404626067046263651418561617005130346275070924710149892108713768841084267764241026834158544630983062697713613365755278977312344105187272689505568822535363
543 25566307154633037999922680085530903570759859027218652677861638935966203411864293167620307474707699098918578594532147422534162140187595885321416123278088459777464389945748408929380185938892639749087064906757490331020247961928592843233416130416073161987001769922628419693842081204998284711692389820178033331300737265749119104675930881073500431926284045704847547186
544 118747318311588893224067560101235881859407810456071972268520097835226914648658580797200681484634873738909687939257143841112856858359298031498503390770366335637355280894499396510161714921300246982142731691727498428242156958001101114111514367961493247570601903606073851217323031468808331033463517729483160309887076051823050475219329205228686783162575154565944712153
545 551543307404819853819633999105117054312914217369671998983826477992656058010923798229363098822999042287111939348377463807781277838317929834890837684004014790392900339335238072947145421257038551074073346057467922256296008664612576626663299992274773216155097332720694430574640769828954457642989438253882589734746698241581267331817164602487206093416729088080527453065
546 2561742229368390324567178750698341796211080098884132124661180096311810237591999308092581022378295405680661102873238025055890771428086468806270984654970238909731264526562293569846402338014216588254046611468821870727874365725032347498404340456324039364396024861092400927708169109589620218700770567178588115461576876247633674681070226735484308417521088053117241314600
547 11898473178122697028555839507363167878862234252889471303167994160758479648664843001303113071846013629223432230787266289456139032401689982334658204353886966529829771303631457187854782667093232144138625968638430109383653521091416761796855794713479009892487924198493260569272399911629020322457781670604118678115600342579611513996709877606196346676003321681023584339513
548 55264601702494825732265757663312430580701925037517157546881842457511931202769830824617467837264975806108731295764030050861980262913166484146996000021095075114956253111673765843431379058195594378444223828565550671929683665944620379137144108248965303176676915715246408528012362592090007328457421667987044822536395837150209399490789183296493104672091247648314338393135
549 256686396280742982292666909556239015493189402529158953135633121119856073246644002239848888952993609435088887220149373916047399577774424447071343514728829320433433589421459877014477211272785231555699748630232546144286441527345023072331600231046220840846045449371795092711477748849691080378972516753333886917398241772509690326625363812344767897904972974039905130578146
550 1192226199155258331165637554842846506099400974547516072622325477306298583101964646355761109460214126047081703798239413595575662407710533721322496677056498454018439019481650167875587573147857782235001497103722321627299989513599199500510077476309138964821605433567110141953491189147778430170037411161189636279047396197915957883602245626149959774522615639555250875702197
551 5537509313105852411620338957287216311333639370822938750455530202839563482237749117615860662061539690476056841221799802190120966907234503114130654639423884830584339462402047517999513490736565944917078733881411798015905716356972466831037468823625796834734440501891912352566806415086106998903277813673649134896287388029128601906000461900320274102262566647489085647651805
552 25719959362125048747651222068289274893813753101859417525361047741178599665399603781435384165303400337459007148785451917647113192302322494924141568821478816965955092371544131682071865338845271572164640713466686765055445198763578664275672988667326049102567313539158412732631012209994360189245268674817443452175305191681789245322446099919147134416749510463307760778429264
553 119460983663490357229565189762607099239366590832734561741557430082159146073232846400119413867019940427624950369156861383181881601243765412304374751178948541863406756605555885965236303301274551080469076927585212105165769090785710529986661400265145932832947431686441539779160558467619532479916698224069894000531077775827993090661888423366676439537249417273268910525397061
554 554858054669554874341362555913675591157124937264103859720519041013575264518608637525622987321890347259073964654508673947570758053033089415815444416613541023884237611993874664733963833465003271009843993562636230127344053236115977343632235482464422581914958139947816316171681832315975558027921098110276605201843356026828145548734219792368725150816582720085661838283312651
555 2577138170056548259058461967250155164303579132300126013156086113033064822367753999056930651310884129248031355587932439223721735544271431493764393529904396522963757692875533357374394517745433316854622204546749897578776015027519446224693705122830069843932594622098774498693862075402546371851176740979854750657959958242792743911947449118205113137694806587385236467642015794
556 11969982397602277921771869997362795907688468143791158698090707463394209579233894962003739094331206993969589438000912023244156883748302867183945441667501270134953372275520833456367451091508045662514745003361897038917506213633458366076952142613089802572758046225155907952951514267966348953015939356316451440082716246725699667666061278560470835129787065902389124959508158177
557 55596739151849386113597579586899095930965264477612042189327908324301058716896083428742066238761818869298208189170035469510059441490434824202226670447529249301260318527991535424114194637913170126430628146196722480961564294256044113993995863718951643991666280024912567269798890101755856352365655446131674586042905674640217472113130532463583273747568304047025881198993234305
558 258229068485342462654050641703251525177528306922472284662235984294286184182872272210663915983492101761444960256748699028738452441041754632130308997921005116536297491818937497280298515786311923898849246038014622376336441326360312546517265772325865927771305389188453279854817802318121970679808301704385847677400941385421697773155123157556275740621061172031803584919200116472
559 1199391418059264901801187733332200077888427233421660779128983984251965492108060262522924080421231368710437847006863687451532519714311115519135141899244359483141304509238129788297530802090901845639784761990070434975872263565473159112019048193819928008547191357002671115008466463432886058964361631212193969022760058478400468463451883068235645750651521297460409415507286319521
560 5570789462828691603398087847057396085405398352448023857790917762254260218389575343285250839362178032779323348726011255435740036914042740923906352142877739819759960611749594740767241953610373518732729926891546384670512738230921575087194936668466575833574516147367619023738719686376242659530648172077025606333371795591271983578945763196932826693702962754474899866672318749207
561 25874535011580123354684485653941888645201586972924075638103336566798529855717174545447897857416635816095424616181997770528621907639691361391486256948282498124243219943284867839457550016678183536547538786457661816808691025940390994391301596155427722713637846722373316335069554022983887844271187704932252774639645411424634337815070833002101982956166437526562960751905523786786
562 120178938107909836731320033615762569134670145949015882537406792932215408703670600436234937062453465770118257329390977549493581165856311543656712021777168453811163501758992766134643415709148823620907431583438204821950221337582767450632732946791476121388925519932483971627258551267688676984283887406237604535016483239299065867267409493821831039700299637508307513981832985730077
563 558192723396995639738720424813002992253347520052735111486155384811165644001050566870628547523537312371959639088617257009037318691389998285708456049742795380294299650149265768860633117679147310867281746605053153111891948881032558659990121147816798356763837410896205537042275920511926851391839530137889813800088190165529133578138499493558348474907660359662662287933767705735349
564 2592626639566285451003931217531411641303925816056284016082250915702835972980028757191254127748308133687575727802606046114259414686166766064488985930293447264117884306387303911187108435794657557327185543661468934496636649561594000555443945814645742994760059552080145053444788377960621552070836755389308314179132759570879878183485989838851789984423985679787318141558255726025888
565 12041921383858992961027984365000584503890261237252742337353597663563255466171815586292061351341873261046546510527763761636209327658381117450997120569272910446862443270474030308789047577791819729151615338026058275607746042801681633825780772056505728093852510028790436476166378083700220790556239894585102159653668386414421800765645388727918106148258978582926566466083328717348877
566 55930872730405376588069348907994244974544927960666823502192662003053146237065499728391941399775573281566700988487858346959478927270687223088394163344969175589825276408257933472427967724585365320238897901466966902272964901446209481258329854389730469049947319093588257065550639774997356516922628968601129962177801765656207393021050029138293295909977040564860837273699987668998931
567 259781012071539590853683516936640226699773662760839484067602062782455731041023081915118076413420667289493640282402905474570150740814743698829269523217685275200155416105217647866887973683392181714238577859334593771752638351555480017307618159844362651363621523979851164729054895275460987159151972644218885173938074551583708855872543049906518894336897098454528353696531662206245298
568 1206599699564964599039155063967499423985626336577622538286081308241726098921068175285269401954784334709178682776150605335651403578395749634036755772871339853673747983521136095192168494270464405013426154589209231559804111870981265201941958840779808256845040500826054885906000153934342240195490357352789911677433517252557724133123632878149296895042319976308198619695338571468167977
569 5604269624561073292134837247946114301539995497284607225470961766223563140352488528211686111604093654494407372625639522126470236035568689349458734000580616333118743352821754518182337384099422486552967318291732454357358641455506347733526412807266236564499971864922620757567461080541975971887570666991524969783310332481049084134201580012187429385719830002731276979617291610851278521
570 26030039652837558412795541375595721376015472877170218774249310660240953714429633238467697437151114756573331733136572123573605955283442142745849219862223810634894383292213173001502195064564671227198139201172819174137037489578450367719998946610390314188050597145330966919353673235851997839229294491859392528491561745068617848981487163110159748416037667230527918663699556493597221064
571 120901207422075522900500089011672277498545084715746183903348280617632704703553717391544420475925587800098825835019391319778502352824030046620690015710296690100054188461810327930332888453998065951904183660590635440368135930134271745488953611866380481243577707733623545116700610352710797667703242400365384438684356916649096672745280844294361588059655286144361759400432426904383115849
572 561547433314121204660428647550487708769043147906701270436334380786048713842973538572277198960645990640764184675064395642586038604282357864875304080223230776070592273995076319484240720191099031765256296882626704899249442337233148384994069187520692033391695828893636343669169130900450687002426594363595258074878432020957020065533401323994030087076210989088365745731714992879494386367
573 2608208193991120072460185114961739339059290671819341475602364200543078246618207799244116528685792253340809059456313124532464858724027398496817733087949835334876147814178488194274014767313166232280915147965853400402615986881759996985335023998871268646326866629441812746845477791915350465785361812925027684166601381015984964034591626763208732590146895216041673980594144382113749852130
574 12114292719769344958815133193941366491650893681351395215029186638438759585975476500707720924197101543543570610302275497324273320830194553415060380290125366534946088255347102139923298503118727530082719734490387355183476442110474866611871806779772908274255696513520990277547444598756998310464560798768390493522650496515807218419697004247262033382802001181125524926323640923419458658501
575 56267014434797914770526812160568486566478818345443847658930219108636521624814262065720214745119020242181920694264463036134173463736181212002303792658341420771738510566136510992882638971762925876675895819381703059162085416822507045832710120124558024888970412285372482580299190984698517392731081482188595372364151128779118003798031333360472287702347169777931846675057894571443640163789
576 261342282759866877244371947457258059546944930982918808032283080704610461794514770866137742090207452181333589151134662241763137585392448558858768327555812072244490720237237978434947258494546487504934553073190166390977065154464509727957999454348529669053954105958465359235093996766401246996927044931854177516270858392866267787345007743292998845667320703273131110997675943831031028334576
577 1213851302476406458136986035822906277702780233859536905858975854503299890805536338617190379129504333049724243016614744946775511560030674893138397325057600030358542991226005251147841458325468318974020592909341191718761878109900205172028812638620439905270966613875741518383551984967467285046060139616361352340055346279061442718168433658311055048188457937177975671510027097858416963093525
578 5637951000365016260569704789033791302490663930330549522752394750172650929386254016716328712336629452325465107873592684851200980305814315999997710183180806747978914504648613944029555640560565698960588479138752434829885201045266930465851053151498228071536555649496823803876538957458525961668751086424774331405462475140928183392834854270478599153901904113112192674498334079073112857626075
579 26186478869090902811109780907790201129634996145278167268105047511494489499927324899520763049084686317960812646021974805995688240786753561553767881746758284722092772827842336105648657832694810769357845385242969809256738472599165929212497382061658058372994923801107035515339938483327222461266284076314887323835498106029802970279508357101515522332131888301647112408484629930519792486184882
580 121627817538135439117243420560406667633000254399279558523479393211840742401936305923772696390331249771629217371660996863888433781961210674690071376441421881490019969706249948021764901567841911513747604290844038596414326345395764440695790110939636783395591001091131023622349894792471590083636971716982050126945486311381436299456699715290911420114748402606304776584018985576610187828421297
581 564922304867463686965699867940266159215247909741927156594796130626176742826750385262567861459325112125069159796044002927893548123438760232845217479563788336462005800245833395716921632638815560946239083633318504619424012528214062899422517716013644125825026621490742458659028348868697563635592499611795836288131442860133774431055301040104842031928166395579486950179795996534528307128619313
582 2623883392766664095825693007796410863969100694594976408993886488243907141702581460790704950207143142119261488985187623954959678145831489842483277860309255129588750894808710578903935175135591053240612006546409223805489459531254627998105624284193814824219379462962570611068296116697107447051192203552103526942172834082993922460459424844426243787018950609964693294402174794392817407277455000
583 12187099003732793325775967415139902252056214587222021077923439556662470780189823626560237890283918662289301893972307348648994582754155145494188295788756239778571195011871954716013916701657564573981936310729678452931543840360758890842779546026452381851020230324667438480103523352544745258009480078928569543471284948300973146673505040828326843250549711376679276249501096201705916151581977137
584 56605176333761286026120274642907822789681671669440166677444555069304588562658837636420634101107158410182147064215830364679644877053741831486107490380028401366984621513636279547471946158092740112180493717755926230050855381210351172036917303428904247933748763466883813956182397649852852450589512959006635216678171251006465906440202373791213331001653788857796180867909323079026849462096275495
585 262912936605734402532079876445619606572301423178660802505856443869706717727516470147043259913211947458456581398130605254014394248783613306937446931050332667070430312788713984521728214471179120734011925883003118951061964314038710777484498233068359631463522091434154218645295884435121958143244086723272486048465959884242282114068334732134297108560763447416230633875513166881870153722625537058
586 1221146487153038704451103852897341750532872175030933708695462513777124266296543475099855545080515473215482653913861140275845402811036537814499647544578903339248746558172828383537293497909352687313075201944398757748477089727081489858343146898598898385967684259290339192665598662889819862831037354978002632903273996741455661636569843824248722401835304089309127461751977580574015559752392039341
587 5671834799526870971850339388087135791682891011413903152910702497713403477684298942898512301922356742325685886075543802578229154048097899735183421020620770236938335666069135772021279325417752513623212441687850663270179558138449182839787165202539751208383449800407872768871961072365592617944964526875685324772699641308502676744155568908250674025072642274577497248062262932940653582190411094309
588 26343858277088415098356583844114888204996549692942911549037580133449666882084874450189055358339701202242728221501486186272398494526938955964190783394562918116304978291097048704286478057498288387408267737932290129211572672895051317150820394459818367259871976619488474435991538938043003985342527914730474635717638787861005025261483955216281871375253869657470537710679445005783020636853843968320
589 122358794544088501293888553639753630435282383606171655337366840713905252192208636704347196514366001602703094407870684062640235698676098146723072592077558781792283089334931431760058193722208404666418840591261953621551321423108257320166972086105564069706868787341152058545970673485576278576137041930062894584914184225662572431293927059484932967102064252031045113099715446384229063179580232871517
590 568317459227432745088185471679858540797784704999020901335795443212070882122606991556758067871208432066592087528503183762171070196741386521249862875530643432724902771104604090117821347566339903390230377558703612788313646616052462966889324832989509428881644944820212291457293121602351184677294001177744939811990433757047057134826614000016875737283205273237355519016294013782682678680360985376867
591 2639652798690709107836612264107187200392421663019516099149353569542797758225016810356886449391253302168780295840067167778441953931573623501520637423610627506463812347956952233442815136499817441915003967720467092403603715424633510411883266325747337266164173244900578277925604563139665525868811813246950324787679629961709003236091774641160318954357995048283452545428427217675749828632141487802930
592 12260342849765046251452047085621455900318581212825171706955727471914816028139143400403444117840044111938310420645632653794727324961084443289698588937362489901513171348105932682760037418243390819221404736216877636534238670849045024880989721523503742250236772351813831793122145018126770058067546040889136052535588335571254994162312743172319614024094431566894056126362963918386098568102392245499769
593 56945370568562255806582447775475835844235869153300358362431716650040239656890437910343471268477368172834543785067845864939776104187195666427174319625750588490227100445677327782221762241425091214224247667556583475132856218737387653841004892587494777440925866152509123736303145675124097859798934641930921754459359128615713343552674417752352043200635009568884974757934702843976310864943355765085929
594 264493030001442414965390274012964079127838175526572395535419504224392905050429155287614873705591119912198389810425361865507054903738525364196845229679586738911106793531724483753864357922677052462061051024163938749444300671138358431619221881898409146637281465053349411039875593878412627153047974092071696966505680969986674398849919781437878758160230996548931908079076073118007027598233084071380072
595 1228485515519056623571007343337562872522201898495314794907582780700289784578369794562159657728549987653585203081871729016722684313483831071718595067148753166006999337713411547468882340229647454757896176917639828249918153132023652749387620252234974667698973372419164430082558504427263487422887505081797355833348622213691579260915614921725450247845590177019392340873154159602866637967127603032935257
596 5705922238600737436009898224777922525635238536729115662603031621541493490905635635498752070376258948220986171046959592207275382837735775545163523502589425461303851709842023955938637276190494631802279242312479673484911248045042696123311526783793444057516939678062072240836313977286467697452443126713180375708388917501028911088562465984564609082794289516554693216410711267288966018506091901462465615
597 26502183527334725583686929954635829456247955093623840543051976810630535808011152796238650736681619260826610367798502595158723780617871487192917032302736553283166584313045707756449190565091965852955466411164566167689620039872900196129651833241308539634022886823213843957707086930884726621480446192565752130281328425171847164529428116888395493852768394260982301214798866121677613490222428599992729826
598 123094164684721173823459125645687513927443927311788383345529415392928447309987645947233145071754286135624907602176910033852699220761896588252085680797621700167463797753444309375123144051618451199913474395217797823523786984502706133935150743258397933074155162741774914051823360667984815903404141803322750192160717908886496751366141070073807283855188435888761156282826205826779388515452615343123648213
599 571733018292666045289240757670650914072192056535709283395245359866316521005668152045392757313724442065531109738163688963944793857051336877564876390539373456772105506627509381256471139096579253719480257490674741663050724547357620043594921398005239007516560060526426820460769417338402415244261848376872682696884947765554370073044215400969704757232581640640066325669758985559330671144403399410518835389
600 2655516977943432838284566173397421166959782414559496174380148823819368203108137923695107418489329049407418100674737099074701154169957945816515864159428718777136767315308562676571311732103553579703436740923912522265472218935607077133057385402522998430877098296917928155647080474039288630785478670867144186931501807960072546566666830132743264330872717181503282873726739461849380850175151898610026787984
601 12334026887591913566299050760611089766141923529882888688892042288781486050167133643155500233591065221834618133413203832139835303694421464215402678782359920397028304429910668457903390375855345339864037650218464860138504743198881740311759923409694244169897913145353269876142380325693867723114027192818760431122052857006822288201695565183557970322931806512567764842778973746698805884522900394164693678309
602 57287609353435986171639484395526287305383326030640286622563756079695924026200848722611566477769914758929952907298127606579474661780486529492257109947744589843806283381131569603711145216503776477698561545634703052501854027733850967620652366128596323796900404437320541486088663569394376382222777828620529914329374537404583619272910036428792788963792761763054817485137140666789438073796456840641448561835
603 266082619678206023131855911099372754019291716358527996579360740322173198520303246630119750977971397038602753403986287041057585638421403456055593834276741604603099488218912905276434116672249323215252848260860653925041037272812849680535071569803368598663367823019777709928318966657456435752443354305617520299640182804813012313808907778140789142342697856211755475525761202607816737177240204947628352323890
604 1235868651072806611678099455813083598492558446581082144502356478459341501396966753601052680133722881523661231165810914525118879594407798059510809470121253330668224243246169491312685209185542514535922140753110261349617261543267488433528504692243724426121094438312973772629209782508928257267776682953709069148556935601579576934998145964981310914437151721325246784053881848129743762426206195849486518170497
605 5740214541452144015616366088833780080718666226653348144832659201246535197176499288955616662532949026309423116715009538543598619871792363854344712187163858512481282580828813029716457618972883474050425498036493429226528877047246119383326606252728853949853087587016205054444923786058120164468672898603503498425625812408520070081796929872959729499597053923129318951708090762181085522648239474245322145244641
606 26661460304293710416474549838469048750209554292543368527846460079816646999225557994731606172816419865226533440074791496176061811435898233708343886321442643155025445219028353734507214489687617308583122015982357740186084403940906280917525093735710053448437262832367912353245751669226549411559601399225240733215883603012426946317145869274511370454995798123268469589543509054325518242621804909468930906611256
607 123833954362549754782826372450376290679011220134403819263965494246460640048213476249448513896167887735722640368078553043334724246385222079534922852849627391520397486438447775857810536239676762496355038348411470907003805966859193599413644678647325779854854909932454903071371712357604653443997342233656995303864338650182397457879024640666634640549895007363027097644086679548006320053833102749692936935155649
608 575169104694405874998422921229248034610555880511134261145076357743154738316533139196982778291623800402160456560396055409440014615558985560960414950700033458090927994543561623770619171083156062174337092929968359496173598764168499760933895585109850854800588639699937563906598033098850776887857753065798454441203027964997273449978249190897429341101415911727342274793514283055363870924378237775508705176248631
609 2671476500107727128945730372956867390787403512302817166572782361393768247186859364505453595794282362850375359305069094187402107980520409502143657006695176831396620525133736191528436456125224928905474521144179985225573500065324552104568485998205363672075673101927295920841921640163244197229697490618093642473492377707916976520428288840614949306112040159758469712173492056282357947151738898828751420852340258
610 12408153762743723654635929259544672094864291232233926226707445901400339238676768388482420979384913172351314916650970886430089684702356478550452745443619191493488203720816273282790096902212938084418323579371821216718423607383791491272140155980011322283773733971051696321114902671095242716682585864009395061151018899706253401479436737070755387373054832743237572450160538491628187472098342618397638286213483581
611 57631904976024572146575586435765156348561329330543395394428783200622013560377111420276980865492623717954484030458701428582131086832549437775835980819598121444129844191534063175651575024214849611907757133331269362244238126545287871956102440377213385237728564049441493109782574281817822914782616516221218629706032990090461055174513847194934394761841676228350269445515342181184285060851908816265400710306136725
612 267681762708192057055222482563385535045346442656768629957242356584601057815077318258327963727804070812813726976678187307538892757271297967174481915135689062091346610232377128221032891659821689350622164427067072851633547792952634238678712123712180441986196960462291483674590305583921345505125958781475734128831502955601108385293245738469075361862096477710493456838668286873836410018353540187425004049538575840
613 1243296158896246743769542586128284698953195922598049897507051208775337084313032744500508297445484954354100194888683763257130637803138467045635745795717849417137827093294592336708603862413837711485926595007592860448992827979286963143833917728885191581306493384099963346664423856854443659416074160418312060042205296059678465041537550948775704376249057800117759480156236960565176323164079915086843699133220408749
614 5774712939301988738825389835412543156378752414489323194596080766030965295721641651571099520353098170746965123995254980314869990276363177166839409990569730944231605754514951775277735001756904638793638951675847127260719208597309792641030910585750106531134631375242265677336888962866115868060342652203193272795385826096426950030736927039139784102408457487384928971745803339424947407574285786097239571819175775411
615 26821694326592584929032748880982426046016061675557213203364465647582141525012084842233814451227438249317681636119760410079616305892790049370804321779373768564854694482715665205591320567468229416520833056636230894779974698126873794260250359981110632810344518109920368085247050508230621313235128834766611033047934897474998766417753756630195216654718732434811863589685195073003335181948793190793428153077138599090
616 124578190138768324222084155202669997208629916681206252608958236949256610558203425233700834441001032927428599335833489384420232860173651116948726416705116993726167564282796452471172661790256579347486546645889398067857134359330053618449332435294450599696753958811368173290644854997731436811011937051344933817159918497757023448169485262913368216290487564753435576382985955130403120386779929186783469621123812049097
617 578625841800902059377878164147787304028081747285897128769916310468987412870857224713576231829690545049631784931452722636541056671766642014397751342118221575348102325062831852704881607447450443982599533111698070394569475869675540003884713637706446653491532303234835158006342370292074251966798162708643901898365723485969092743979892172694886129793655890895108578772139709436897606771539890857968429677789199492121
618 2687531938189648072570729840538800338631786426072192103117409587886335437498033610076118720546388573442533589267540790598490792598484203719825180375473628332756621673081595835314284384529986061248492678048334932573121892980512201344672115583756874893424100576444779002763810204230585066620662560336282897450369701253499478145772000503214088695121623303844446336379520893414226139376979516913333705057047874246664
619 12482726136650307808445468804115102538051709311249630147495808517304913517697101431908880745546298381228172550849995512938444907446374010922351150704270940249902987739616889956337073771660675991607478616231891131771461458754850177958176355429096602489925634644954436962000175064777983316259910919985525673579336818639518378297524750393338392908129274727939444867269319192377938621112739742725994189493159369621865
620 57978269797818213661033407032873846410012299279305472474425581609403394843997438489040982501135940598485731846114798560385304149341642546008810770636511395189513520549320209457380290153628904426152967736820085706759626092515387921028445456921312409150487950135624546931553826791373556993796720908510751199549889012045312312731097197412707722185679403925042526332906887916368800362830283529414738518246137592969439
621 269290516506568170724394296853713020653675574675043242177167823798785267727158372459805462557654209877759952084566150715209171061229944433240566736370557383254725815310912191417013152674218502816693279860985968419230463661860434067181777306433086887311640341722942267726499928999222818007471233677708965811024810007566503867219618847462306062185704177268739147262097995428936866645573083437882645355526791689184226
622 1250768305664464199416639014908704565948822652354683470341365471666529205420116853960042035403182448029401808922435547269642710976435029636353288282611015691152921574085228324865890465669900549970442179254462906199306477231910472873795069528177999167337547185594131575589773884946022148162299048012505686023917741680264651831716771868797897798577146490527326744506830575226714595734591336576220191236305251063412197
623 5809418670770744697492790377983170952167995669877777608535640791340920078892339317769415298093039217017334258717136866167755904717579607260589055810416435927154344649568708100301191028917431005454397336724159828749202651026831846097570483571970795522836534088827008144075456035416438006344414685522459707272441878146662098918878280537915706217666406618992224670735070326789755030135766627149762345835763522674941101
624 26982891347227223569955101606540419821558006356725379622134561482490606769368444970525333286984172912319744352181727858700257192643018024791918688821404398547260663195883469974107132095148237107879659889897320533432219737606560340153418363287969823539283052726023520109263023380026259184388134069454712188307310827234768632666563923550834917319647624920927631436511860988037626532130749281877470911297152036606132528
625 125326898734202389574997037887381335990902976162863296663037919159070007878725555457355743562596216625551363287004538921986982354814481686652824845567786164922837926037021543380659319641461625178321489084689823085440507544892492242409099397249082240876858617099908966112304974191231896053847595587160648052226559171524286653303258298855994606269270144950330288486571222429405842557205046019081822504867137388724446901
626 582103353721841339191657570076658194645849061896681550698189811811188309527372263054434941117503295792817405399995807857943806604565063497608014945835188301234714464060182318354502649611138802800417934032896267138558109781166658790097371754663319937021020880778138819655290527982554238747006974966412863618267456744724106033982826347472669585308981663889120403949681406278795874092624065067510818763092009969813992059
627 2703683868638989056171206933310087850950448815387046239272110066852632291804073391505134423782427905106716890073294653874442935736362203590167390405058309078264406152599693448073416330832618001352633984354831055536003962458576152088702352784140927072095141602230736362931548353121294738360222593455303823117455152499307377873765309221613274976423503198840840942345992421596091920665738816788987223199671277055991577778
628 12557746686736555432316960297834790946523017651967645723214412983048696884021192985460793501001446310871266104478799008470300373458048380479211949617585768483933412969393932491763758803107841350630460319123269505738312946028578302093434793924278213085082739831046392505906585303228124506980167167356456590930360099874511595942279877175606496454001166960988768967068777171866280253963847833272333201703579879598391351633
629 58326716254599038908759613576804213837781973630383007865619282292050401474211668328288444921888401934388614487824711559659808550969651688285082071824558672052598079590489292714175607177759320214476516799409665843414839192960439740917068490028250474546798829561906745087564263863463118545540651015066053776063825165734777746270231867225287607125053903490980993981507210340243913864904160773286443052950518380381539977105
630 270908938833564259624525565358724776679887375967178759948872328309623697126192158875971273295789283958875376146481548730533296745987424780672277031902208428257226821129180496450325543813017206351065137422747675350388729457374988462511655893514219182568425563390495199026169140577524050134150595914448653254290111473278419043311672106815316206566979222604643129914216930550849081211271243618219620342977618978511980062168
631 1258285359655249887768631170124346390631375253464174582142655538067492364975197206935646795248425369863574871948290991615109683922414260914611657004961937327799618030616642607889486668749662459172860578789431104434639318228507833322416644117906778385577231274534681159378051310143686465440106934691935831954269743852143323805343958627091312967930318476061954995425920566308243306933451615973958940283123050146495771093585
632 5844332981922931117484548056379375194065864587675792982873012495401745113159956680473863876110598024301787826403066325388492414521843724375434394439015266910811491509603256863530403165849791051089681512386148070910093510691227224049248797522096547644948909413623305194169989811526167542778236971771665955952894289269982573345173731918941743168484036139561156680977558416055371670928749056847177281649250328349433273914695
633 27145057153768713799827367609472762619376483631107302896014050191446951215755631325256774637658772397606017981982847450909034361019455623168241826183974650052752478221317270521224399690977578811462281403069089560537401054055817740296607631076973405378729017301193419787361824526863563012976693308520850301255526819213329438887320918614107720447713797207187151137485096435208441690749276504904398065188027799565944613853730
634 126080107030268262429929709103903475165733123560673199796277999623961648294709570182241717480066307598036882097830016745002869384084388704881817671566439036950199684588286619508669772280666358195096585673512517695576207462775098625735162179143598063757402760349816792183051078958486579588852540681704755694435179189558409018690804157409793879209873336951425284804118187439719995020083171467820631957021215591926913486896589
635 585601765312803369011060403027723471267633473090147041590208158756803638659792956438221297241509241520670669439167181623857343772711406554910700590953631602418131254275681103204296268302954568409217535440972078082278895007155316330137890736989684096056676729120366777668597629355154040450172927609495023840344809082131119511141506561820391594397813719410031685660444801448267453256262193047511103787630404932332455625137413
636 2719932871369977447251641182825287997524536812477999136774237593109790064718562682590026772074069219797671822969402395540277463197033661503842823879273429703280224679476007860302550029050095528340710585337060415997015391553186655131275705545786554802047893573479636732785797644671336043540337923545968513955405813724251848577192953608718614449196512555294442295182473020941485911098389389186259137160718809170237893637014144
637 12633218106518543530317345396236700082611100805518599808917708983786805730968214783605214165904209930000140843090977880220007398452792321115542352535813238160922358340188432334506247638836967733393187430555772894744169378298926824403895765768922024192415027104688470102064601471613488448792689426098350144105198916259215817704644489694234933768407315309830562698457740409289707552176650376354567134325672500391480577973571069
638 58677256856887595063200827008997584372803595560196333900668399764400482365444699035583880661821529452641885133230625802265012466567053936398183127886541518934094500721711161950636206232675745233025056587571320600679622093047064220170594771298838601753334535048088047380556715056201617820848457171322401054330694567841431069503036488249686876724854934470183655338828245232391870563479946162600070931152624601666742157811394563
639 272537087796546267282774589934103422568390959628232237073310541175159195425392141975243205602253650793426741863247357765150051030507991182213838149851045570274636830915737229702489132077744682243652630298262856576888748858960956742595999718079770077600311975252221854109577967450439027266137271040218950598820644582598468103110523574686299359387858940377612631872350931912495219970534537751358692935866556988415661616143204658
640 1265847590758730615566481550018471785963351909545303318620113205940556574407208928834984078726989633530048751095704342937724714206318092990468224264031864767981892441070847810183610619849697573953493129584296436344833817802997757269730672246271135852728889355040333790374882895849244371592777172468233004898586660231394327298126249665283078227077578562518617646095901793417386326168072189130883081515017066482816313253915985689
641 5879457126311851697860674760283460451917194645641030287776603985983257692512875216955355256546036849062212183093839051879332445916387720286248420473953249675322068576128085439990265188986285665370431904227259579131590871628364651787264865570311481929446685103274955962801104641707792448000554876615811986760534789891876084806068017089168054817212618426803534736322117410564605714090002494021810137481729125546195052189717042761
642 27308197568571151365361807417067129002835090100560198575306524836878359369819442465513958067070286156573835165778729231011876322104524637076994043127995878408368057606689526520668537173170026528168088834802449306005824714363097156989974127428855630993147684789826394911068921090306357342317456690283199547521662002925308157658934036745859986608908687209718472763053951388186386217023464484639577690173242335227576424872920742824
643 126837842069938201106443146356101428159418837486784564998104333017421412939290024442577442510458913091921721807461745656498759497820797043357983402075195459618659162506038578567237440689709958422408633123909209263624652349684995284907490362614491970241315156786109231056597760313534765233610480618578733152552907065031514337908695484565293377190596838664014308966404449450313702057733871785999625473228655265343831104950997091449
644 589121202179743495742872312573634981026320933737529069748271321690482682543691753358244227109305060831554219825855721425254799328138000038386509010073890565239086289534445363981506532226922825596472609798036626785923086241752354956815956192936893136367295267557690375599549628646140146921966421777591191807896917995647566509259153585821988206136335964064758128916159148624584178071395944763639203552135693621944642106698348439663
645 2736279529782095666074242010036230670236318160548824068440054963003717487908240629975431707286780343493511082575586970648659820154508109635249222433871745266364071353077255120823163837975958013634936062515006640976136188546735788260239530179717789687506553312376126662646163518066677068944002161551215183173786184573592608578978238134685367295931254481064698544007751476578745770491285919985831450339746302005326064526875250231522
646 12709143105700243926196061855523239961900573179920615825183287839550204952942952975665593507556945172250442268036044414115270192149761688107145785840637602355810233217440002846633599279432468893858158663800057532640188072752493661918164236121132125480197890906664351276472839215021652510273921540555041721144329104716194422496247757099272938190434564846831740276282127995658390326654145946864227605552400164934985262500812351333877
647 59029904190392022379623123691215827974176247834711319454048804908673091327351880124675829744242604522469150557413314003313864157325464797788929732540719042761092249502408079838414655503229636418872850665637864245123527615878043945042380341715733559846990365647765497614792049536119097614397865940258249118524946699383069682363791348833090087792917811637300653533102909361430251646790796372298177169024998854164416757513389696541085
648 274175021852102455286069737191923713054836823242024412995862899433215184417199794982115921230107137731300306803528778903334625206220156735405332118175314140235275255641840182342934423205291093797110307435618294947731764078347743183049290711846721398288690920336367802584659972880926691062820170326549170902920416544115591236866582673716292114621815211334809420322297898054990976629801744607183317407286981467805480251138523113883088
649 1273455270487059143997199686892820165998099636321032248183358600689250718218437171750730733596591996362520590893537640480117524679498655438382197717736483958778101735429821756725840106013425156045736807909006391491966097892451096038455253841474399185436927491375514408539759231311021739417420146144934944624714327394843991795141312275907232308357258067564945452000553241689769976725890747039077531808528394215840144406249968755023237
650 5914792365024601825205330337955844692091780084088180331227413985600588133473095762783035269612063338910930768846950408822380646264583675110081072241602219111287435853254030719313612596898623299358735848028785433509204652241912463016133472581228487467815018349920145699772709788656252863228709625090877798377995685474803564465369029147171183669965517712281438754592464854736492876708412221209412912844113188641183964629081253067425611
651 27472318448980684412575167560621056161267181053194664583258767474758663258989281296293554903341333587931812467233124696541855226766153842830074397077312945631727296469604117861511881721162287732049929806409322166155943878643244336553424154564467969727217999533627479618009114143287516145573911447136965519316837814233042830924684388482901006651746585597699273302296835003015489702526741690285119296132743012652091844118677629402425906
652 127600131058711353689756735925465766365548448995942581432696850718529073891124696285418501311938217397843192570949836408096544182306035364292478153341375982282664876037940962882078740502177580605549090084709871852496144122125663810682687895386356000066722651259512871709246844117829689809092716124573598360745223229319062213900673297878721397707003319177216044985736738530321738334477136937449875889226439615452041852212909757262914593
653 592661790683502478428878877195959441051287390848307169262421400512468274769306300430442186669057634538173052429300662608895262741469087033480426238365112805961517433222413871654581166897092706403690427974117756359553852759151692737668725476495744470320500893395883295111257004386010603924640420017853544868628199220162226356347223701793234069559258282458106258612221856737036191022124657306458554439683493241667258349425871711773075009
654 2752724430781027391510655588270959996835370149354666911382023591022785419123469672740024268122395824796746126717394111104785555795437520576641349501407826890150676737053197701291536133769166027675476651085631611228968125208376838064308110295929806013712661746033950238339135779025850915683559325726705934987121879331368596894037918866663928015901299648455365080984758816585752650078520413418793861653479941440032814879141888925883043192
655 12785524410270811689071580738482662795513805092307711664423137902733183774256574203846019353471721031383541506215882278505742206298492558558508538150367455685118204694921204970628961408301408241071752035170170520121226344053636010294183371521798588043034911121619042589784059609054540424564369158206307514186505122122195772102908888145156865170805279887808936108187201293815984471201740234941524344158473088067771580445348632541955621345
656 59384670916459927810771817821964822487518600715034498332754478939523700571101727293035404852777601407913135035336159458450742757798838942019441529611238816318918479862905121468394414307077271230546873881649740514762545020013818776978600045779687370826051338784331752237773728491670167727692531640926363696437742969290562784233540162171641889889098639970969437200659289531406825280943708569336036000232454430939742969478428769360414708823
657 275822799808142211675720973281796822157201865517091291467075952950337432574072710527788940682196679426297020828861986374410615655182906364574932353861242833615476430510447334930190600845520066343842726369244047441332446213964928300193560142680736522419391142582822447790392168305468636523497234847033900450773596592318755968524650330577506794023116321174907329290804554352623432959724291750687457035222463299614163872652036308312764166178
658 1281108671984162482297707677495319770724138559948558344765190776283840187498505321578042466687740356345450313151387866223862504686289488850203589274583454126233275468830470419725913361742111688765156291172792147376168365427694460427446337898255346104599994381607566880862849032279061977618754305527804238373615325008013196111877543249529443785279782128182927252346963611865063641477662192376021386961813106492880138680039882704071748075613
659 5950339966727346279029156106546562606309504064883451184283046559222265327189096138707703047766458233892655188625439070727195472452040043515028402541699675298450683074416686388731601941457190854709463830155529479003239754724348070838805717147691124472922319383276355781963014203680934164953612663776039984691254938804609781490451932294624623343207338561940771985438504569197777145734253159096690078588807320688438726949696297348956538214517
660 27637425687545813944469559035560819801349708628593743726039096394490261777441627441131187864540994596204876187627978779007360417278748335314262597701702774151639127771499352371049457067393930149996548541771549430516288904610030155762816028691766362433198117470295681995952436232210079475411069959759311071096645826512703355095534886799921378354267168199014484036065731994602033359965519113156755017969840584545891438594919111834169854762784
661 128367001365590536383533518692210028790351389425122741551311825348480110198470050079443022216336015337431524951121298223087785594627246857277354978907935695776716816260362353071234126648544106693716687459368396165450924282702700917109314136619571906885557831840387172719195574963798094686621073674810632279524812638024490775474595219603468969282926364727350810306647591572588520174070516064099153059682075061201109678873476671726845938974541
662 596223657944343311232326509093654530636560277333077917573974608350642341179443144565316658819608279237592935478636978409343043452914821099305947929101243651197749332599550813722860137354775340075626006891758341056724775035376606182381755079024441189087352500838414767144891797700106847320302224273508173402582611459536363234760977245272492212236525187867309245027369743546540851713329071183871114196131044823209806042517271456325135346899539
663 2769268164799729652526987098799366412982231956961120317742593399750713042796029443058353795474766784770804175484910881613879304668132941816648589949839169904206416628378305257067008681843378913301611669027923672593367819109152736770201750629738934909485352227880274233060298443286111626740245086412060024925839664309953976550131547865472313421833890578481867477594949825189759979038573474267182979619571129170936253404315501985470735692826546
664 12862364762602458257615061142229034640901154570391869223797523950392461442669262467971527850102738027488826564308052476648558702900752890327707831164233973273338064981914601047042121339642226178765317371112748137209629323321980225880016947689666995252251065167725808021738546610074953159933175286157401620900358535922924614843583013292198642129883135917973531292803186561959969916017510516894634393348175390937745609189028913459668510020311657
665 59741569772532974360010793764763604366323966546729054128566075888797423733733945861536376153310608752102397973736653063206734822959435705956027918134925169279107098397959022418509869633782322565805096594425075834989969516623236663137094798158068081019550286556340464448396473334878693255738820975130491491733370604750385259550031552807768404609140773054768832670548360458573141161406268132499574854224749355451743811134526629626357667726482809
666 277480480826007473073884979474174135301101955426954126332872704647285813127038617088577675658947118196594896364043724105335987582781762143399867625449623744140023511639407294261245876564851556089551415013005525105024834054197687860856697263280146095574266975991073659652487408250637364283802314521440803272882164686435143862915435221019974634369370499858809978173291856669336897308575316808170864433850414608034456680442431009350870130055794504
667 1288808070035548768108151174601983703928549204671197632261239998681057371691829589213669410529669760304179758181840281918922188800670933846014491574136000401276740118864773168344380026747526203232443599736584323907213792258283235190474414442543329698469255053926587111489522573615215846007862791662139129676793240973900336861593203397829874975121927027322446600468756276693127625263843690155113555906273772286404110803429829010939184858763748489
668 5986101207710869053881431304412800142966956368474486586339400541339875345643306036023596795974276397039570981149063985741857713852326480336808025407127677881361270034756878375105478245548151966763457134189043703060654139623001110321794750761362755466510315424830105233384809348176862212603131312035233576865617534869303491179064915413042741340883314151804337751148377031612325183617454372870780133459412158873022785671224408424357221977845115647
669 27803525212228958173782882068276026993975926539771920040051278701220644871312275871550179239217077859784404179372488170173961948739461972381554407804352127055773289617654252335036846397500174041086337099688914810011068079512056120058688650612961326979175461459563159851957953116076845746446248395902973402006365517079270727162797052824095024244073571159917120568336629470051839847655153269895694202064380719757347138436138338662547136646092058594
670 129138480524064882250955309307637275867944341124093182727893398448642136696487171290504035080832755223625014289759900747552133273937135376465721704828265833457203871037109264563808016104720801639824750120704667719151060995959815382410519544291886472583138146281434474725293401205889595192794055002441287005013698746620082785701836632935368332759512443419470299261768483932995254004580452309884511509673343866600105950000464489211876179138183802629
671 599806931846515312500107708960796614175735808127019789173458691440663212261400013885184544594690698837965195991603918314184160344868864929975895903264287960486433552340098809005543131967529816205820552691394049886705655749775422748947683030803248952620850669136168123112469466266766362079772743407378412318315728371055294284863957491169110677602219966320768011754549462183029856598193030008945130163658031753512648485438837448091714327629013516173
672 2785911325819631561868400899800226382600699574936697375979430646181821406797303017063193954912231299762396086005775472211367293912589261378918817187311825803256394899005299990309455221895243728600358573999108729551965169816824918251240324144435106283623892766040500078411281960655214530091342710154871422029364434992380084069193666907438851177100847083087824722059925484789564442237121953987332643273577734888614587861084758346664366887111935533680
673 12939666921548912776739393411051049398611823077067012359799882961628108165405168100096898596984533409959906388688431398530350381746722015382639181801420991216931620243751599556062132305941026157842917660013307305908071137771267973606350207752296449673169221203408533375965888768945281264037401360020787517313570832554984049183816993190579012709984047311319657653091346965537411820233838504354095537480094408651124049940020789816251949468696026934613
674 60100613572604202493385708650947094406495136464314032157145382448542426718692263275127606140817968450740597534080458032611415188264208088299357164797879551014138135800519066579339823544414871191874318184777268820609705192285986474702983031607867482606116172864132044894088663754355064387486493612201085683986388059201260028664437184183168393778080493875464621703882355110461853050527053524113026678421383936807804980340431115709620267666430794160923
675 279148124422596836349771639793046689261167779381439998604066587717568468524028887767495131684859776425653430153688144932870655973578225302050427170233273653390446969320235474111654510788688135944754242347876185963209251941644120003052836395857963097422610560726746044908951972958215406856673119219871319458485308484375717813383648131896701881632574872979333513634079131144776202399824307592043380934116921530569142794802717450926526770787828537280946
676 1296553741078173086678044398399924638764654513254794301031616110515845171165659866762649640023405716620020514847643823147026963597254913597529901232900067671112136432474405848830166282059043400240142019485163662674515377129870045749792096789337558692243208104355510064342347505669034394539578745760383254646651094076578724644747636126986636477058616469421315440374876920263224316459782598466400609807594248152216546142871456033729814676763935835153393
677 6022077371936396933579657771177234356225128179313846422220301191844694158203355822912193032474873540494135174498988595430923668643416103108282048701643869731416662543675467245040929304992624694002246332401501294794168274315034089008674934279783472505923342727275375248769011751232100553987090803866324911371485387166069373127522765029699856790547678781349879307113750594134023290885565048800662392218893407718892768371189134951527553494832695749161457
678 27970622986619288366753972199670192893434076103770370963857474018485471714072816843595602011586802294753732634942271000368598883098852681833991182256543185827335057605162311288452208928978860271957671860612588770781351126548797255394549679592459940551315566995845192264233907087000700688686870137153603092410813795892316849587447692507673405360841325109014460317855880796743085240118970530413636574017855075485510096728341328500051310838443128171623704
679 129914596233098395624823155076800456632236075969097656271246430565140592716474633099402210795798597650201269464278107203582712813352952117801469800662966123687269260554458692373711735336960958612186412413224488817964005587161549848140888906611694102009792373438438076169245767953761510750658351728977087706595926861884351907275046967173688660256090466553807278608993018793801984659118625447966764255487079866513991864112039670565946073662340553739239025
680 603411741042845643768400935856863183095731515201297646988717631413088267972078051224669280464663677691311672710991825728302386972425231164656163919856340012027471427585906660618852391767809686889397331989652453328183126453887085415444241660799039094576191254187121766108685006046304403052470900866985256349252460370097880588274241145659091647053055594334119128321212433299767568768219846531463897028751188665170806382741988860908771380331422295764872807
681 2802654511391960453056485941453983805672942123489890014188953960345955499314697585070587856958182250253114261941752119264365583727089935233297387755537964595068316856857655801868154413673978699598930188496971703781974987260967354258206282767006282796407346909114058544705401106292773987387632253355998035360385340570779619072963508841373023286069530988666784120895909095558109986628415370103214384835667046330931065876278441324101558706104294761961916450
682 13017433662544475181920913030407329440001577774295796509254097871665975995302469126880245256601460313697253317722267630417717985815433357306898298972749906874339111929721066326192212738247976833208294784024339743845521620544757273377288627485588492484356234659758517230688892530811074378160513839236641585863553040211243771236755001282764511382636216209643984043549820462354325188522997899232310401882738960183465876605966948125556241113368092769839211501
683 60461815207678100030146437022364547523955639814776786537666967070165011970314046528291963038808892524203002006994457905363131756353410750526380751584493276257385840123648088080500582236978289689341571532779821613398879762785273062742499355222804773778940460594821201042400391858426979820107769886240415029439194604035781452776951711563745816109567985625073271459196063289634918211855546697703091252092038845900837359949344708933529246270210359333539816677
684 280825790472502436089081247304082661638206925842088455991277601500130774310469046796857092944495758738505240192567263683298639542199290498698648924161371110361920651492567499020449149414828496615893675758132746754963760892116966257043917673595447763930873260169654025212683781159280022892439090025432574430753521190471901572913933570392694114359294287348140710600541443105819764760937568201870819594467833524899774169765143072421671633718067412354958386112
685 1304345963210362583144761208259004840444695056798499152013435709384738113513596018808865407959052946991363959910382065079018212653500847436649980912747608320740683124424042699754822295378213521282700387844041000341452155559535852008911405806593544647640634486234259618155059497050934618392502495542557045420479878201809030598518785737565062258344899298430138717427947665407911448484414018595072226133234385186760330143321632889423180528235209553323159368093
686 6058269751081698462792894787022790098175728604241520408565602621149784896271610050332074787309811769953615110303800071463041056117818396364117441293034866759304993578941960159170538522148011136199284055812310831221933951705993618801479327186670862355203781158063009975283153457808549680590565969651206717466228211896463820727046370860922341460073876777316586530693455889451363729240219214719751219921713771022266688642586083477564712439786957920443376300963
687 28138725010146843819498887400788565282783222470101484870621996206907876517388584482721260211068333881124220691203317375236310760238503841358306064923969883696610509269759544831424570144793630563500136963229410638437499489063588371939461192846488824158849071465902592641008337770873643994315604705987050346046015889348376800132165813718910030373407253463855562951377893880335625085569816849925621613160443647285178595612674098086801298056091234654785066549298
688 130695376358124447679454029162205568784368622151871443391152941264255051556704182819226789136152322110909177523192506821058226439588497630143718228937489258991991638303326623750262314880583747393505482543969978173081949085078326146732023319217445109442838943548502306939502596852795148250672022111818370400604436210421754434312917865075245007987620780551478421513708724367349122074188133207669566055284234692524586970028785644148656286690324150326253250841273
689 607038214959358423564332093378897524115266358880599006201613792952711338906566589924914158266357926127302796859921658453807919329890115742115923209655669775839573417156983799635512532912492718748464037068242535223422585443662498675908138187771282586291591218390944024759931202532192293397721948310323891389454169273984402784545695614314977951143100138006532220100127113690778542802342677514661249162854544372813933273375953802908977895444482161869354335021481
690 2819498322659196186386825358977450347241553191682396087215397071060442897490154377550999301630589010720635246909374594112335517084729742623797951258055957167428617727695352016691082261343500598486279787926757515035823886986843147305632317438663738198162315414948978089565501729432128467107292265839196514543849216652098852205619502449693916174976555599960428517475068406084364736049170740972741099113047768537685154882099032060343197096818499609551151997104872
691 13095667777703664587527002815736963174470529452907496994057085609266587639177979633059936424890856588736353703036159032346955311179944662337799227240394945908612565035320421869415686910058349058481980585113390607800218090012945633076061736436100967211456213358113792189192415766092603650098749544546374617057992646328415519983107321185077329879104980704225153850258157820523252066484482077495435872000746762547890464129868333229898627307742288196509419999768985
692 60825187646233437029944702918916451810737441022983576999833269388078959092826108056867252057429613598837427324984075073864288196577850144416093019966718897424127675682166561617780339672306695321749856258340371955023878055528126851024829363589356109548113627409272265793715694711646888115772322794794669803429241528140624080185528836862519688374495401949052871582605069152739110080627205418553690175053583321188416394235492882565621295276619695769442000884551823
693 282513539210159664588501473230851349831230203472150340935841515920786080637557431763951755578199333793241140010792360720755337662893187595275008851803146217279537414758639999589698245422998350039349116007039615863675704917509701202889509869467275009896904589922134454942643612911581269443399994246231135964910370122687986518005410315899941736040582420212034321759429862235833583974979192977133253382170143931827562408234400258968280927112984155603244357495871714
694 1312185016201801224232725552109460306329246879151976063319198171351021086852962105183885377946457747633723691387296390220296499162370248427646249072942515399194370534340128210757518006798897900480542926966132866678350052826858029393053140089092977840871092475885641694992994413331721120165532674305072597451284679022967750079045831539038221669856733411988883603209774578058290447969447159691743677921275796435747058064113879607603189530078618926965956386975408405
695 6094679644587459971102952736322845188257168860249898787078666015149184975332393244658377470833127316934832585414542474846205075862398912374433960182343106052150658975269602253075520879996257007952796582084591998855304550235635467357904522483597628918496111509588239024255366041055775012252054523793357363415334371554579835581139560392823351344456306479247817447721368213228541140784703699170019481487253043623259478155845146045831090356232250847220919230227506813
696 28307837318297933654520362303307612930210799745449138941759834498912723586428167446743915434195074610040156655324899708119405842161755332725554385806247066553474914676687615904342333846473496459172509471586132139895290457964334647722486276194468728378021397025007131152717639653770569441814912197460279797082884991754076715060064158227540955686713444397101472766751596461894869781478650337131693710905780224374003383551308604246527735283180312044482561154101851920
697 131480848932046248870454403125589203427762411419470748311616481977118299132930566134959451186843045958879027610736624964596629225219017577297151691299087948753750466572192484148810349062506116415547941771650478429204223171120642349929397522226507151094617445129414958793748375950162959596196203327466576557763874162053300670620082317244665455555548295828953449935462274517404290951893917481674772989454589680009465924657843326687985305797803144255959053240517715493
698 610686483799921601846980188195134987171509678089651467682585789162752494886565794373261261615803709455712035227303510514645586388729552342536901927289949805804197223892424148394462276219752135218159849237847285440987131641010784643906400009715246922251262884724923113423476987736017622311969044614605826981520388599069970254213046104604782835066412891608855410851259300593365560015943110661328100143436963686565318151868115132854141106405443223831717357208624184811
699 2836443364376654394215951794293715704565250057908432137570527271395558441391480088836478365281950860191088789033968361194264573063152393395402017441839289760261072330624803699363973692430427883700815203185166915908497315741679217500771685996039627517472035153622962163124275691255599025826877681972191376863710537261228490540868615069542591777420984226498112119569878763619794753270197943340501550287232376122327684921726238433408793941586000310244937581414202497842
700 13174372075921466556896423420168531907144327104897365088352720791426484200371454621459058836968248108782075028079549341899186868956449238422354805179484066200803497240140661576099225079088331599306762780977486220638900149653892076338467604515855316687227960231180869992996777478415052547810878402695209093269681680677714673757391400982927538230265578064066996049743899989875064162640107038928729892618680441282291310957273988365144520795242911080372862836284276533441
701 61190743934688882294196483691061590655521610939529511010254815939516418015110738006801886823896726581629733236166818552986131238311021043087032125402779018682765011688642039456609919616095267826387244434270405535213298813003281268598446518715171514003782658578157983047009131488042430802854036992719100870359210918014625440471338107387997571944939283828424162002440544458966964364223819280724520550052202656891413522387842283596862764778541199479231106761210509679265
702 284211431232009811558187438941787106867084505435945849363538442423700710925087925268263704016277761840240621108018665017126843929597372031387558781049973268159911946557128864403830323656383338560294627220561492466390388639657142493508950832241047262422732952808534346824501616133985287512081678444488689994682679172706232289353538597424141358725199488447861595744409380379404132847915436671080514548908022695420253827183860290499540240314679668964556471556502749428920
703 1320071181503574567863290115221806957210123366770894089019842643123665267400107468826339031042405466687936388388689570627671540952576518257014237854024847716730951301687712546253147613991467348404694210301819703681531842773612903291165983755556575066747291640148249423764111826994984739573924296869080226827078408007008185055839551565615211274539999541553190800437437827060769445320359080550751130517289863988931658738974359753522193360150979199705129666199796980510721
704 6131308359703940314614766090379695153939692451914462961338741468169858841524973724122045815650258132491159826622093436017114754228467103345087012468193103585463846928977451657936139836410064052614288237026187606618503034930472499155853055447882415562398883759846017548114359539146678642293326871427009208375726772622667100686479457464706761901341265123206242486309660489103051905536570865860598970200509418568407864021394209357399669003160944874028238875103579664724855
705 28477965982831833171074072556810123521206045227860017043728110708939337687694076750780946572515520025734092481909542647025369424035126664302125518734722879424978151023095903069387143270313015688989164708596731212063084577226904613703706214597921562665297159207923907830018060921455716895107380951150470208084176474158596371092034741659415005183730978139073984631920144386807467949342034742013784199067773519763163195770155707043810846213753598812718088967170303381365282
706 132271042156243334163043074997069323005593379376969150000164485422756450126184777679606893306546783600952452268950442237197555884942384745136114730034698339994806736208727317666264000511462183945864758727413753650283590236949004554824495717254063192488522076073334552228631867478965072736653496941303996635986205996740171674699698683036020961596629996810472924914300983859161487060926581870074053056942874791451316217848341104614703079576063340985781701112730552334383229
707 614356678550921761927759662414306992888451745462206669868033688138535018823719968300663727797543495263659689107272596467968893142519564576962013015665372287860107756847243575248670244202283789493527663829797006453986998818450771090599487817973173038261285717128494740443803652111308006463963946344703795376912258723332103535454554611195588860252239914014304717447366739222542306249764611941843664251689582240944307302662356914800332859564954092676008880634536125069161045
708 2853490244934199440456268855325589596050629353709618983588701130626964939319528488329321855691550964025594549420403665790433490225280282788295680781617370182167120543590254024457258855797288163943114853964115184631616158351226439560203326436592840561006386855505661047338363177688873911337739319944625295034655444302043122486633187900565586049044116690708312359592236507278565387638653924970359604071846419758237856516266832695334499106597069314296024461897751569621348448
709 13253549382974182853421288980750209247818054488272617642750658601397485156414799453691131568393228105709642225273967243527363640725561234140320492530549289174086554026158693063491964534525323692266613605818389282598191857033761289064467488165843423229202620108186693412225377319321852588908964144641966751286422453730069035450336022705457826765628535964598806470209057490874907666934219268765262555402253570050375836466200288606996575675168208207516436618228256278031447277
710 61558497197871418198969038220167731268941530515551405111281503422171689171734555955204160346124775593069458420987348129621203931805595839013747498249403538049044775212492530243653561057312433241649349260038370135215635748380995010964975060230420639308971124654871538570159692711452757194138470322778068384051586575423763347831266864976736015401155373919505685941409393266010103717612826812420451571284781606322079161142860082148401463776912970611555263727046923687165445107
711 285919527498675701179013680019848680635685395307487582919362906067027096524297343735136303135081886426989486134339354206461097309174638528001098866633526964326139214069592754974254636521926138752523561156611088106141143683103431172337582364186962032716705108298473376624683968301651339803602223685857756281230344055049212991759922529449465042624853336975809831638175637075037495617031947218814656490979259866700158204496760436271599088008044872540781396910069577641824463538
712 1328004742258274901319798615373611171239637156625551752449209981733678638123041116288552709418500301408068676621438818863844799477554775564655588152934700907021923719899152814238291289542079999721003294066034467441903427306406243075342668995098514469170324564946839246988288819700514313167829614411419821898736696553532171530043082312702134193717150624141666344211813448961323066884321766807948631356031501045701360988249611206651271345494933433281823667177364095200692234249
713 6168157211537906010194260271597422244607329153560492505020065810283320133449938306107756365497898886024892716362985674172076643360217964010431665801739992615055930900461971801312280433513593879296177028815044049500449097034241523818530927857231614405506411553080062831674276322458016641491545167902284671973105424005862927224834579910428338302377257655571995844660086678432125247011096883397723875711533437975927510197785593019298132760778743979643127274444656881376719170265
714 28649117111998782529594638625083161829954991930835047772271796963271346225449537956444064046703357596953112162963613919779922675541448859334482508293865299081269810534815758513343415513652753679742133291892894410549379289590681828451707671585749391787879770360926520299978699898693038302906776484180556445172361180244766863905218680872411801993764068097081395382365969496746031608316589033844040584119547587691732302259936089647039589786543696009022886689453466861071948891784
715 133065984401584097185477045638512057980914665295199474199295097214418994031479384191122870063365656901574887621972193154447988165264506961796319586430517144714728530808557018808778666582269503047049617487001810728546568751387488557929803164178845975869844877769316271004718827359298892233028439903276677086981064027062373282730592205339436627877365926724598865474822442873067748724681017526379730705165254910878681776721842509472370917894615444915536226136347230366329566444457
716 618048930985967017712912022828730302180581779187894519900834558117771301347764996732587716072557937808066545045665350227989999209459783650200969978904901649283107640272115683372632486154452502286219353314423419322804734610763158887671046359219298852963200596094076082956074878417261885481990777478789512897560333693206208677534562220513582083858966877117570544111176736540174436500993790545046928837005937113826124887675085108674760542954037639221323681401627383993737436752159
717 2870639576378087873854740432208092135322517066478897967427683481049099009012718485595741829420189803133473612430929108437561221786473947713378596980072761669272868824940802180625114331781164325430719424731239251795020643209143096197489898240353124973502205642160526134967617839591961949090650398114930783259945904455068550851846754523085659767939897258062878519739884920041936387675247002544036960781665654956325479118545432848014301500392142162778237442384523048041843744064482
718 13333202541620887293510907907818105275059293004999981659731342490030313393431979207644893069538325284251292853316648909803978599083902618440331799982463051093214428138064050051592677837255657271405196288317402629833049881458774129765100301311237950701116520982872003535791582331514931978093143525644657473130802911083933342254473457486572593960198842534963558428717389355008472463243986737918757876473995856147942083452740476438757853443715572886707770726455070714315471297334309
719 61928460639487570677222895873031818072066317632062744292169267563322781662273205339713239124904657613301408686827173074910558326127225831386817899752483438155355321583321964809131026076014450686005115794885938707267035017097415269549184289317910326830179289737419313283513355535363039578827400398999843904337964828549579574917190831400351528321008170307653995954565344004169743070490272002756534472116046339919867240951399874114921918194662307593219472695930274754869045643134573
720 287637889337150404628040048586010818677557421465852639103152586267120845008728362541101306832391156753561656748891736080841818714245666689816795928338282216269862158257284893432718248993280348523503014356758882442344193623587747844097542997864371580725835910614016256203066947076932257056523459385810088986469654332920196666275579293266846410276153278025445356217807842141417074475010558870702164660793022924851426143184277083363394826512347051974675016488637979710413155203736496
721 1335985983310167110779782291966426964285987716961194818586325683484854689367841223476694486239520421538259265621793533473220136307331809309665499607450175805463014470948567607665000953673768824809645119197506521696678357671017291509799428440549440073352681406256061703823775595214771680753658144973889365313682174861226038510846615310482909623826075363012125373362999546645713713265789749433179709331219185306568478746212055118741328780492190809652393202753153947206665518550620149
722 6205227523099848447479162555061530077364212129982906901365526153574579030297287946284387019965527838536024822778600598191094936929233451277027665581313470106100017598852361187017794343889370435179217413116904761939278236998536923031289582402165877330932462861218669721890109245193882955372889759740403524468787760163947641979006737759941734128482218944760700825397713540013254510463805727264857653696437470809813599604697301535736872193844015922054756390426176500331347126042443707
723 28821296850759295597142922783981204556463086168779216570383636517263505137061816933525267408719031642063817056482151266844399856999522853148936487656219860558068846009041354414188468447247372907592155254228565498527036875468216319493511568488026315516540382273867209838985324738263745329220252226582364124259666661623797800724962576553182074835756069333806421494333948407104334559400498392924175932232911023251979500482064365291924935639243776833462494316686753436227171601890139826
724 133865704209444409661313089094560788895011607818356969182590567286689313769228930742664582850211781495353866041973402953997082544561451865158217165254289106149272113671179891757872525698920922246864705572341744036560736236759531656457615606597793460885735800962560347014157475038319591178117733240418576526887308189181685251123565439511327383597732086128826202751361742611732336263481890672616474791567295849452261643689137634099581709106631444840100209135821243061928517449777939089
725 621763373670618175119565688436852309876131280400275648239629306451175710527036092078714084865311296662931170256088273123966888767614036859322291473847399905240083944627348111575505531609776774631527804594194891351073099930873244089080955822980772017647744902977323275003546644932317735159182435044815558586896003975079449691208818728366376234356465740283882697340442005296611122250273233374083253540245163981375097038111675595021933864813706792646931815332576363871446531547196952657
726 2887891974432943159316360563558364898907670498591115290204833083296754787999300138339042917051685177944484054166227984937867956990136145397134526714025612622108538559558807009944044982967160421417016577434973412443613940718923886438490224395170020532523187805344213172786852367920319148180203255934610249452396112462104322297146992674929314933825339317760981058907935440114774320899725427349280646506277537117646445704434188971706750447314488502097735418948373568656664015750081971288
727 13413334411705491344079015040607119743801176750780234863003788999044365406561797444909612609797429140662694192141218070959788170683586011554036196515393540927015262081449839827877091289937739356362717327535240608909900574547773915836968277996441989476065908143782158684925464292228771901314787963910690521557478484127266667004100034497749223176449129323257041531454751541250590350560543867522198625571962764513667515871514787677074080108411058105008111436039961174014674031431012525713
728 62300647542597471269313448664170496041779810362143187812394804840391124079673583375261542029862786074999170611304498617857908476500349655578411008733387243241798128514815508998106364515691015917939354420889295326039932319323620264736299355854495792664365892964848451604256320761883792552096462304192218840836385350255941605575630393114804575671783687362487711522281796635004712832203145069510341560241448417181115264036697537789350980173712861244575337341004992978156694295838435701639
729 289366578442999106655091419380010859992367817199969863073283449115226314731350646042238831282459152882498147982445758705658858908981962819099107190626155997051993710251194019100631803607098550457767265853428283708184811973471773323480248209333463346751640833132258583503624639923551069159066660287763026482957646274808008891565164592625452525278187592032114485941459276799329836232631653015528448747236908024803843404895309063250517456550163744782605403277334038543729844756672312884770
730 1344015191215415647206722532304814039043633612202547718001479904705349734573317312589689812852868772253235791743241553647181347961224782035920500132574942001246515844761137300987922709479149718991952393622919605982986341527135241208282548170399877976320341929209913374173721247746815261653000085187080025166500506986677279393919663397513341795110965823109509604997283225872523941673586673025588125910226599321173787669096374950319386753782360621344644081030776225692905299733616487386637
731 6242520625351484873935845730754047814334849411938097214455614964845328560489275028441520078377145420768840936159658562393363778335444282135831145144187651397613643441047694268932554982038801557459360408819692025717081357078954290068423667474016196274162589787110952232341640694255923314221469059682741639252303043868541722888838607940615057047525260680327441949901920445983925668311805584937306066008776949568550367028659552632518341982844702163474375475148061086215386711194097676169413
732 28994511381004786827875814491787519800616827476208972422278110874219234273125959429096538210317589862764804399057318329161061696989006737363685764174634099251127138950921384142694994958082268028061935694332393548670515314795992387476622429484540602109161359975440680693960842396794607904547755988616396974749518408300555633805415016556656872097672577607464638220718790360267957373087922585244760629580379039218269533023243689630402838685896438792177158630727667068980923140796715654604032
733 134670230292732362692721749426998135688416350465893080621892013725368413341791612467748426919284007986126060244793191012074198522356555388501002249292496334607273778949938648474419713427648756038465853950193097998785043352869949806882714314514905516269715990221477002412014530949856302725167061675734411711665779065130003815239069517458484875966432937455026589274396480429211247667832588916753169910556345107298862149671304774566774257649017222143954459241921969541908028047876560040122685
734 625500139967148327531611669838680042476156922965510799572181844551771433977649930355219812858925104350121902303917301322064862683070793391065571261953957681959907049008547213553252763939901524041065512925981650903983445265477020029250580196704672993257899465882299863437679729937729818935957294304580977652106743572714866137303638159583978681380317728445201228340455726329089496624456011312412185597616804538297687213345368233196727546947349151101432619083413173307372252017252360557927235
735 2905248058523862476246785399776151635761184480640179078714546612245112350010539594639891482008205234417324895063363492264313347404079512496311164944333217113540834319337746517594397912636621916953103125255045833778949543704831808009908152248136312869842276808477082915182494349795411029541563880114317977782082655157582486255294036339812885988980271166915054436123419901434591979083624037951667084509871381866244197143865733354048019182087495153433443198795887157624179857483950204577597234
736 13493947870259423129088011955816627215421181215636126017937826222048003473235992273680673999663615184505420529142436802125770078778223813800608379169506765076877532109850655563427306601597956630466404876860825567591371420381728908982973421465973415135022081785133570844319847584082363372066077439620784458164349673492483070886890823445570014080386751917953101700740542091335556959399590162597353356646483907060391528664236906813185613063415306453570668618644603211654538160360542913882145369
737 62675071270091768262338546693159223396437606789853875936753712013216541275607847264062830006289321271641686970722918846640817264980527857285867218031170117212496401549749479053847661559453329221208216931069613447055520240458319159430748344374058757537244536664112962642419274778713785804331450455553698449081109074995697828631971534262345397767834049665317963340435100223131675458618913580100416914052114740329945285613514886872508769030945165247086336018515977226457335439309218223165280521
738 291105656882574205265630302084582566247247422686178262512085345639239324409337127376279523242762453638394347062234553818849713579421438959774142103934027130259555422515548201801216118693886284473843155344995056786682341764763122339277164293648710688717331662595060546945726488896004427451004870686339709009947830833998000009172553122122968503856852648936095563177971941936247228535725051303829171235863992600110373723671491016610235150119197426065317226837024044063319406061282467006349191720
739 1352092654252372955787397556339622028459732513730228352428748332298850044314796720748666829650195740313638054317541572762346444704177289686716182354939379604596128389921925247507577500775017033911953109829158586703410444343791332776150339488841672498647678925766336856881468337289984588362302885518159091857659729287651594028350562071226363724842032873749236326955305871763505204423858136135568978165815552883354754245079381188352792145702072908473938019407314862300587503606594960872961954489
740 6280037857253544858423798410297739817537444806658547561675790300469908498691800877442300957459024267243745897062686124553535468889011152275206884555405992180769887188029143588548854964795934918174860108876148852032375127028438472798790777205267109282310842069699433372611387058000807692972239229380992841448778695574559170223756677606718269473272712672892685397376375775221968100669971241475013083521705145971227091106632960157635204532547564860032164209917762029122224524521863751432082703535
741 29168766921779524099862046567128599568465189981398939223404149815770269076292404351598107489175671140469586669991662126459460002333026633882307507876907941473810102669274959962147943107316279172664645453941791678055002489896496568575491173329667011865854896005556034012993047360638470904997122899883171389193190478472432073632201024473790152132995419741539045236314503312544417981619655606440785747026869530835421679225886646047217467796836090140222954813462449480128213514501518002293234872546
742 135479591536919166686867661595256634503372377675161383261307087435993094845382712007170949227278815004978001877177661886006023940656971476546076595259603433752104358294734009155373829979229198042551181549804202423424880537814162916727107175940315965999985451065272851721926530165566633355061769431038204286074911938046275242781730876897211262019129296882788578631505752943687898149795094364658361582592347361855326365198428870131572066811516622033751294705705340517187812006669781922152490123317
743 629259364039331056182530214784422801252014157007068491836796070787039550824166142812346923146957831400551569292343803658079849353751211038731175045261601959703705788463011169970166944105902072167142574816489296496176061777641487088043972071371528355569597572230143179896927029376094419473467574841559812173785374843352598256434368472045936823688007682520940843668304873551430523885362133811357309245682547986072364129028646531506823847355818685196734416425288530945268978596174187017830280646493
744 2922708451798656377630204771603313876269835199473053757571270276398129496544728185354302595050918887609355335548888270103968163333270092110291890888114636509525145113726227383215690540154905852507129397889636063045194260096814380439012741391262726831081299417678616660278152012970677796362496771827491757706558116102441812034752574794182276341950781690239939465036951608167071234865055323520400295449302605214799068765666550948994234331844280481620539303517639260636478980182483596656897776240720
745 13575045811604923531707493131844009863509455752008301863286805589283782725400179752288121441740417212827157793473541737779880421136028562766234111565243848545101263923673236644527105921285273451457234837203250027744209817966709966958637642223753044831432472203400071732480291915839906513123022378362780445769059678177026795190174140142703288001636674088252152983413126423812691979080391157528859092283114847241535167975825967142592216039805814503843294748524852428378477832564815528583429216768709
746 63051745265171404041211356716718703396571729485628776346426472064809204941270687860520043689535995634864044881348327365916363270275886909364063796673313477921414810155312344211276686208083700403194285072922765934736854201209169368050283363841690516639666417814149371639271484475690345167173250824335591983363866162464877441958215731641218369278938374876089689117831551290143847242871050046321066174432510848035371270437006215236025560304600208873735893868786131238793432247529824249878331252469899
747 292855187095243724040219073589523088710573505304009910794295942415382475022491427811813059188341818890587713071186444063999619351788035548612859685155647475539431279639770584592300997993214602334152951456080493219942842252309816836103733667752928245268716585087170549195644262494868220624291497420224796041267297732290506680069903310631116730703423662522707348003483121856009786272932094243953583357348743878283487668771914150225408809238457041012000349553005652647108065753998655470097056150410290
748 1360218662431929738307600399584551947701136940936032194174252975405199229181833393648103455581727123333934275304414493528675480833623464461998945773212666328229588774468613529078349743379957033907103043820820723539372500809922986976780802883783525995217514787224895497063227154412560766735293451465183697447418304563555524342864754914920646641630231941771827128396629047241991267074274810033749013565751109385510340707949244823037463072443766155800627695455033108187953661425386061134781583385968993
749 6317780565813843948979053421331562494909201400952367678631614685905946912942351713083778613635525339682885790432013872052337186122606601070133614249067894197718460359669054072672247879986175864134761318871519812208230678765591563714702640859666013854763087138175744912826968929379862137676751157279993892537553803693406804388346350402366786109053226380191986959942612006619624736442356163212999454874482974066757687630028240026406998157972812017178061673186969880434448141985888518273825807837610753
750 29344069729503915477174336777183555624562221168566996781406120601098244751575000776558195877390570972075203995015876474401742518998469751152349473949920444916596051625678483788187645103479768230686130606844928679775726954950821944929704818478322160464921750748549979676644729154293046512087011704466145957392383911525601126177965240565627826990655929293785050152241274548171296851374499454399152708991238813542433518353702626557144004135816094087210803379185843020591233188416127739365833969844841464
751 136293817001076246938488228811641050237706152366340499767785791160131630734547784246675657601912754984207080016396727031290569783028061017677473070773375858177049401889458277694173188722351232515453741637880789448676929184297673522312399959674926346604169837145639787742003491017248989020915668406434488481150136382835893656265761871256570802471795034206672377174394289979851849484067749970874659018513206638027721121027499885486640866003026849863143098158314612475076126955842206738408724008583819809
752 633041180857257407379326556992247649598323931500664152614188611214893304042419329975014636032503661402632897533282004785277356633775139440539106585008918832644322568140140968281338714024323485182789900677255009978657615661759099035294101880335389426742401942095636436531786193099906818332575451356851093452430665257825397948744518965636660434231309958545877203584256322704448352150880768900996124434319669412038968303478748963781609063690419313768440604519745960645815431338493899617573921363707969175
753 2940273781150222108328724185323572325353891348625987803774902970061712482437679418957733304949294474065124510889111319090076840074800667163349823686009614332979139347955475897681651500054523704157222446879041054191144038428420973778865156589637573058282297044985286122017251322159281611901641084944410775700911615335780365762759688137972747305174287105311866049425196010661538140804144914903167831979729421777203223359270714020663558232835801464995975866025616252789761804543698110080814725517139319842
754 13656631147458963100800357670927830223826965412199551646554914515037494242354632483942583050486860128119564300465048688786034457076811528090910411956785273198415083965509724505479513815082013410417453574514090286742677103329153620326497361642895568005436708937613027097274284196680086442172989387627223807921499255004040121315940758643967097861949618759565812370820500230175114308805492909409173490979099838837108319743238855217236110453633795486439112578247390719842310827587055887442597673037920154781
755 63430683051830275877245378399587565732695997363532980603416977524288867203747692672404343434188403838048246276996920267121434705336967295882861295487914362670265903112769377995920167967663818105675274735667886823603089521983598326468550714718984567854602780725147554884529577137654514345773514785868868528900650165475718286470623030627977432803751108464951855234709728119710584153725238661191244547423386669600450575324885194118869325053469288798084221638279554134137274393514570363746514045162541977653
756 294615231895633117098841587814302395173463696809395242551225606452721983491915581945204128160417582618629367346757358096961808682840677598750613736667270292776967978581033704440461333750077142475506671348427934559520949463566882760753452663810954542640880415452725120274250286242133479154517001408658575769429315666119659289917239195472723909604192966516334331909385041306904087765344950417249142520164063661268700167597840883287088203678022856285303965401957470187616867178730259311044827979088809091488
757 1368393507507927420079047323844109569276759783364581490872157876563550128253360034876682796373443840768843763809213807455834200501122682291359503787523838838043511670560420310395698987821621448650628218726695833968850965415616095336890252658579562950314129254028317327149575840227907968784489929350698156038109926831022117786936463180309086224789733968955000596923823433872519087165433189589543217770475958468891720444675225783595350188121725591556432050566490762262377087802205563102873460545853540839053
758 6355750106135646250839243693976855844561596467840862985680232198272278795931385340605284176769588629463967905325690102223978168770146017158405340066957931140509826835566178345992138228046821442608728643764958376170729955896120867492469396404418586140402613766689044221132524363430805523056097656225759844937351887302348356361705481510010032880987241065103044791250214780854636082128189372495657770123474548704079230047717023233189525698665207306194036794966288983299308463571917162539111405198369847150995
759 29520426098199137914081015769208415331602543064513367982728995102058442004737677364947345479268149494763003588673630959077377792294160091716904246006592487291432284111262582675213653756212115054346649826920606363548050456461538464022309915478067360919434214657532140387956628329198860830047937496536090906702526018643396119627995495119523393475078573307539745387366229782469324151092693169655651495954928244106448345078569865890220270831747308438381512118142658567292151226575021269819380100993055906108850
760 137112935918918572104249732425572272244337717809689381488879074689599527001605501311639143764285997522760621254880068742994346739692767886675154111577598154008279420664919895923673846539592186828068345264069888125186331523810225158601462876347203627028665055345145130871920839409586366740142158235507422771574348232551226063983327359618678741301404833062955972730730280582286382686106032340206943352743760032958488229041224335269457387213444674291141819067297845870402585703254820888133857388872941120006569
761 636845726202181819514929264271376845706593409940831353521734592730032630652455836773457991294465037840507293657041752140282629164724508821407657976052016376998347496222566639527069411251212783618757999098717526243949262360801552562171124691942576432751408476026931898617035799541371615683363916897138979751184898404855872220762531969516429230294105321155795565798005477844704787485488242521702625287486046627428597976854981871078042746291806332217860579783760268026488464437423230208470427540092852450462777
762 2957944677239051385888389998671328822396665775769309469152643664769474426001833343331159956564679614776365079361936300709377718122466888105928834161787347647514103192355501299741878134849818564224666546239790284963361571368901083778617015813056224314800750531743579904421580919030105539416066540871285751604978318222654431197111012099747394844129285669217332679377706565606194506825709830180793312846035779307196163851139221351479176847188006229511607458202943887576508532258256318286668424924835551959940552
763 13738706807037783492738984847888708654371118193122225767209288704587775169537487183649662555809035487746040943363464752653758559528188960746520018067598017197120134534021816578227555755566461400700801988382061822096957803217066577800064498628655978126284725657991331676872896176610373717770060573798195570371782978583680147910441451700465924541145521693510466636802445093520124489027496595546177191720459592835173358859114888757253815558993513413783719836668416870260651242700690401638263230139385081251415753
764 63811898235340797483564617130356309802018430930643492043720241068032385901259924187353860080738491805489092265899738743271237179273112732289291553907315568424124516358427025754371820955350531932516392118016194536344124155284147030782938605997592287865040077342851811705056237605475787435334913837761029173706463000774709699890305669582472273634676181700179985338225524519042817943940918737009539641214124965061032385259461713771788922588001686886431464059743654541854027252515223334049589647576016035545297727
765 296385854475880547199199558348111490639857950941726941316803901778820303103545557683796090922709847369807749803878408921213010903940552499736753668138204199127454202497815444482009164391085485393513468441347025864294134834134571436741559668557295389696083796211457305383027750533613965879127546979869241357659475669251958543925985872029689986388546135935485566751327940117910642743515097233731001874018285748387077474205420692330858538828392583456512243963978080819301833006205304839499448935388276007247159266
766 1376617482987633195263669954223692835951683904873406831383051778283659907851811094500806761054329533765203728445363033711083823156070357809649827988524732481054733843780663939750022279604006459510439868346559689728628184709680952267456126756592815318260311323539553742475348964792156050593407421624430694445940183824083976325618119892440854803192229235042729158871632799881806721809997283350093183073856900062653462571953813012152333580050285276350790658421457337618463972123229621913660772580773903297235520837
767 6393947841466317661106263622648186154055076044791588051465695558132103723290109679122537421080845567628324192439392377929222475014940071572370873736814432428573237168509273424371299918186306302981166305891804313583820866070424574346781868667623478084170921236140466681044898580309647924643002857862728624068329167118892109911371196703123804686558975651752570664442816732643196627465638913591152299183460916174482207973882609444968555650344923191557622638342586024356342945821689243019351941920851125179385721165
768 29697842359713115966341002302849698497808184197742809981360794324889285520190159253810527242925256524537720190793011818986055258756525149013937305880446915600727413202677583147160157794452213937302547752914792098184832761297897061256393152311235516773043159254397937545554918549994694898707329166044671695910263610810123243186042065701267475681029958502667011282605319082179909800276776846450145653781841319960629152353313980452564560554868676209135339420439450280563679258706862217984768859954627861393019274480
769 137936977699854253028243889451062174860178423948759639631668427997786608710870708777721179655123678935508248618684855339090906845854277585753764555133511704045932239260933536021830410092001409246680044040392991456261851647598300342087665921728356964720291084353932118779288182452791773844768086132381798220227648990027601119622798129948612036901088226124441980795694288169480058377497074687499509514078429758585895833583851229120222319152442799570293163740909150861859332570485960976099415602648292883376981436053
770 640673136671397173855809492538423619418389965708830014515879521785699266630820365746735164116537214338320212317988031438687686660982376163199575990879866884835692207189257577603943773938786133652617970817083566673811087927600324437213456905215486185197665109884677202688301623893123550375424537503470280346551527293202358822403515782770163411713433420383862967222675770844689934069917818377856009725071966512232607009088795326383597836197155467636167378787234147954013999144182951185260111913174851430729005654107
771 2975721774515873451964693380688357675416381938515779710110143640661297600929744719296631010886243548316754807706064434096634125268306395874592724030754256332402853997622424359566670064483634142128548368111840390139954229955262488077224909139816870966581961422663321316780824383704899445783773928748049845273867231955921145413765913053665614549717068636792459991711872207066101484329799248344817596331935670091268930334616875891758003198646328794747598671806529405230850777288388409301337365273500728894773702212530
772 13821275737162067201977087151723919027081771886487778558418534392743080256375875049638450684754107328125127939613869159726435908226403606560064351273415748033213846856100602202039405175512328922008000301058896694586384317581420408155163297123577874972160908055172970895219621562751618314256164716682963911222356731558473117914971583367730762913393668336796087153480052672012182011574080292683689851730834740925796321255295676329616344590375971127247675736979874521271239419331786385026004720349805706774922617795889
773 64195404502742378770800203259600895253622980813900094543393331782466112431430906236524860933612709954270268703060757078537502782014957306011233277312636549351524883616983407443904902309502917124417692942048401474110872409632337155770178498256123950162096926821726526937711073825123287360668801145826038597021283080434305321010633775444266761290765943830860375892741399144333894008675355854706761288023242280899232432860770598520055904273896192636236034885764762558714037156874312964165049581819582400332936289477297
774 298167118407905717941834604666602048938624870626699677616382052734644321163165774471847007414114935468756125358869668751407818546522553463217324462959833950583251331751421751921280861981818913038800094420057390057205030862565319016271948802774093013792010967041700925688554077049354720796438356916377297225303913317752793450672657943300483229834987737964830372236622479803150526885422604024751824887531057102147498943034541565620191686556454700811636111580105794890872627421402485934460139137098260200342839005811608
775 1384890884142278026688281075047265179193260298794042740414526112616558993895457901285897104587607905060397154153024401967938284491190852538226696700327211480180268595804929139979463015475350489589993558968137797402577809428640529194288504295045184752225261878315864695948269146478986694137368182828236118237526546030296473869892550529897891112099459442047003670602095952051702683232259806492222140793059726132417896325935496190093262489840999455093365887571984337375076601549192420038732701868984305808031380051010225
776 6432375143246271506878165522957590732632765037777228762205812351804711745948607553133240343696380059215402880557244952473188506337239538592753862954392173001128434000323654074914560115307812071025714614134584732426315220248295087889875654017567167837957338028775860165273352518837025125586054321909642421881503066422515109204779695034086161883922247602421242439759033313020276509178930191085481495190285093926148519708196547610131671857211295059210156759846202904588789947096194179994745590678108970641542270940701863
777 29876324883947858623076250325235506497795974124757242297128880862399226287768096087461440398509681583501677876093972615086125025876391307172480761651464528172685009807081750408993900421174311428649251590672778858374523582972127251554558153318611455324368877600098336312596087350475649488559639843472548311141672933580410927989560020232046847505931105962324232331066727814212638163070009181737587362321483304221283510284838257258871095689562827121101229826517152370036832009434134032875965302657310256189150473400941602
778 138765971930040449603116742019339313654401226628883750220139102484029632613673021885413235352562679494377966976226128605627991806569488566957397431230505895094761609939911197785020089880008490147032806551801113680990935250138329272223864716346810666871805345675677417147724612019139377287079577833932093281456828305237639228062364295593585772711853141849333850562147376191135598300715724644924569856932212055628937781160598560650078177208490039227286957560179060614572575514437533118718471180201401712663631914075946029
779 644523549683139144137231032986794988077402052560526303819527337469831486026421063789654531515101480657157190941627656964072325803983346656310617353287769706469349944898942311647406598806920802187866534207271242337525736755956320455867976552871307057760964867459590420231160135473204475525867533725821476907696027572282690676880281655419557228020891172575240350687550312979284251710424735449753723958662932921522528238851387063906353190087544473698607550999848503862666958746282546363511739829907899752985827193624379557
780 2993605711244434207337105756862593722547292632920213339321760213916818017592981907785557584320099586889772738900279163121257260388569509218267454757623672244778141915143920806266694907189462733548080340955942837628690604429120644991931424782741590952561058678376758161493115160530701868583462514030539323962587148240848603834837276557472581702183613928403742235936085511886312812676010959199461570203356036581842044580303917636261903640083646487028114393462090856940415969736438845970012215311953960626881995664511370816
781 13904340902362739356360751788752743336373242065193974443205599373425414678368593551912603653272985291462142004070867942141968255282145161051063170499626829423947690202106144069482791663794004985007327004333739292106159958511851387236365809148695028675104183173219209166298778308053697372141636158430471904130346616431480818469061797297325591983120381461916761133573784820756425123177572381635203103805553282040948255748095700715033773590153221989145569707185361749773893415578905882185865670591574424213616234328420238557
782 64581215623332841341308964527884756214963108300742543229011308002789524114908254656301695821195491858250764398256270786846900676350306996949156660318696752060021962746981638725816533661404210400510844326878028351583417349063677871773684177961243967586301557376881157432697103200170523314090956608206642699912840007001685507743226073797143982488240894606222414673598590468183480617957680107061109413868009403826658617518911649251595043356443614251185002430168478025589370738912586575088581351024295675450378704768385752803
783 299959087645692341541569573944059977381207733481757215626984911629224795189443043369524290035990427126330917741992148577367145368061990283850328718605389664943676485863132921616811579874788193729585729572952473555315696553570970877350612021517345695737845177435166783641464435730856207095578316270704114431505853462666468571099391353978661884202915660177525949636716685100355397347734579909265233801720107660229658387232473837700532576843774789822286539650390854993743806549734152924176914412939326020138488189367102117426
784 1393214008017657978502903785119720256792571561848746765165159850674730263580793964758302905940481249467898361579521640907737476815924253618687361241575690827575370503521942746964360648348823745283436240122678453562429668713429256390776185079046715396388915710522151014205190261273252216570115214544486086315052346015476479374054743938346072173500114578124150383564100796799894159007115919871015322129405452119106845151201814595510806402894021470408000214245475206407402928458591626123005475602551274680996892515535879679481
785 6471033391158208344180290176266604167069184996555421036409016984824233919395143548963496322020902141632569960385174526832574518179602681288146695611347484010512123455498475346851173753355973792534532985670479823649525479371195249273139449434916563348643229874420262068091667639797232662144914684057454599786658033930825157634585257110076689360779066647699605964140227006334960903462483556583999903414545752724947046688083467369554604207673207723699835369150559386689496934621565448833252524018707492411254455726005847280745
786 30055880079088162421457359837694696092563015790070326377527867335284812912880297225269175985637572035892118670785849300227412080978122760818696147004364910460421768575841437656138010576382181375551895385174307548085082793161368764861844491876059612309652553543751776813523450232936570843930506248814490935326158593927243186274892589964230218147004651830846101429668248356013289269386308376643330255409014449320883606488247596923743881897815035620315340190506309617416499796408783358325288466725130544876305711864208744800616
787 139599948373445623577803645275706101089205005726795764389775479227767502483454268001202760192524108050447742990804908364691056307935143024604138941061583210032161127172903045710310798564786271391289529824584794717665413614331193735635159227225934425207619353189150207384241446054462781051139648361857979384344067469619407111272988443994117963305500010856714284410222362007536763936067562439802935797164620665692482773210201300941704317460206214058544950597740865649038580096267580628826437382032350507557524007388009791514585
788 648397103481520021050476933232338259578222541658512824654325929382562828183525859640038390942708378803926561096111019636391307330994583587230014910004662092689615392272323498416964468697397632291630526141287006227922214445505656186191978320383838219121506743578436671766391565228489868575189873709903047356404886213558986974935058521647907656488230039516748431160143373894334407767061531908355225649721803441687149304702621391087784186820792069641897584970618677970935726809857351979642825895781728844261244569710341571642575
789 3011597129524412248368104162066602255479384505068837257215660915100161926289788218619397621308479163047321315579401472662364391087227248036366966215053007054992406531505942320552388657796671764125099683149808828099356901105105371890158944308640483002550734689278781250368653324941184169476528920385197599652049596261271397925476315265033968875194598520493015123156514940709825894087490528294313716932173608425566711052692041859870662791325667645487952468190461469759834550512367618368342474923265435775521448099118339465253090
790 13987905284987405375855650735527490032545722519609011071146088381334922116651463440576773516858111153312897107372844438409919481225056334344982566791917544459382613355578738346237014476005631480246292449687430047812993490501153272637244795284000709196732443583235790539832850486696675563681769555588594393903872010560972539544358545333827701788776189934638826898256627847705775018462536790896320782539659991995317096926835732750523000521415808682415817498311583511952230206428285992414654384704568819439076585937745616250962773
791 64969345449162787365553363083598571300191874476499729871982735108412443051661347302383223930038584525513472774057192303893230245135515665765199277965657174007608840247851347149227071870527091208231477468628196042243206036368097248279296755725065198684767382851432443826932892942817307866227130364487906476645820049726630659306122327219843157782174849149516647429542689719640959055898860862652113542562251827520338962303459396384336820595964489653869226350215790525199042396243261266652903903123283658419254673958008296841845821
792 301761826527584324114330169777533974713886128547952312101827954093769607451691236856098411222314021558392007056155161115274519756233160627060831209795192886445832742642950607752198272546188351591086276213676295942671251460221730600200100437829084324823114246783592768930856944391619234693341817785195788117578090400979367606371088236806185854660103000022208436698707528676621228276619829976039051342942475374075543287992866424750089796932961007021274686485423325362670778141639072444903959418144681856293479092367127778139650448
793 1401587153444799262309937767387098091909206987827122132574049684230174389804176201030235907391660705284103231772912269295084111136946529581855319590501876373505755595771362240146701340950929246704807451534142205871468302851568171956361975304600468816822046716870327955663462200701794027890304667473143281366385593073496557273210660226593549011589820663517144879043150982976654228606104005470170463738820306563866434053168066064039738590414695435181805132891892912891110528803569235335249824083609242757443765848295006071612679013
794 6509923973176651685587094493966675705020756543392254147272119560713670418040557874225050698118212279678135464206195024729132484616499662910158459052248363741901786691808533775048128533309315805371352759748110694172357924360773371829450999407107836063508050751253442550732758356276287871753596805638159600014834432777888483543622980689205203144791601755957193296717772649541501673168733783647414072574033164375295731057450121424869324977691188234169925634438281898751139549333252746244697026411207534115605526304996973121389829931
795 30236514391831689055492665453342597344864082498519714968716505100724297047243204180138505755098959835586499361408942898812792684607253330746067972231234767854180793843565830686653310882523959763931372255492432750219643635984508478878893727756789470676731355641592897233159003542841250470902180879439236610563317583400104554998720919592342457093910223967900520721591435675420937104956184992454768765757868415382521229666287736596300897496584958072731021125627167096249849667510273366270365258166732834208566009682898994106476795186
796 140438936972918175450687147086147310218443040046714017568014822349906568579313556432634043461627938223013982798798877340931118564093276671954847371424843024296708220383877596916910122109063528641557921874635659694126192960796743776732612654175470945430089068399991621491360074286531712773034870721939622711179075207621188436443312113979052677181658745582987164110843100056320337813007556154516624951544965885689317357872857505441702264076390291802683616587640587468169897262992042071174185785821234959818940926113548113327117266433
797 652293937141492188764656448114469966912257359304510125590362286378606473841830467026827764581507891084686536071792009410652681672649746973922921912309329072644613578447329992762065695941824523120101526495460814636008626095683193586084456161851910922214552269538027456004454133110145023951271102342302592478345971010778851561009621329591781731475514683730741022604304461143231890601097618005238180504225162830477669961916427044460617953675210079144617687558929973187670409599036129728481022760525974729662396088270529588976295468897
798 3029696675314472627677414690226867357584641306422701292140964125987275554998087961616486743224145214490132698803835699381133892252175166063687800361850195143713092549192942428731065135933566755529028718133390232542271594690548224050197263907435933199551005452479723199873622484761962830574959012194019099008697326344821779836204255059959801481616558129703444845411649738725585210341809478385203998671922201124457184915615818863595466567743863964836407157260577282392480420350792589344317002636850681903844989622636577644403532110648
799 14071971885307428316197255146054749840727845709470378158054754372286661816741468815932709686115495379888970751958724660941137984292497711842872955442716048768870391940686951403006396503616835855029597656728112768968611665925954472541851256334217820921015286636080435891504736398681489129446733100368717744733047778183039063814740387435631289719762983027318551223690838305429443398498560506188588356132462213101118716023793180048404653422200049726856194286183102865796846890962978312919166849912995985771076055452708841999191102752833
800 65359807915532939590319585236406378285180270495749203529318340187258302103474815767917649699786402905251907574381530874057889870367517740467488807775203409191675259789005952981327765473381601337247709682568053186702584805539792843447773699853025782184229280128906940959237883671393293922619305826037922605379370764491136447569736985337901320737717454851226511473305779945893174285431361392055815065331408573623285673166965170545814283583329436752960876601308233946416047073644921742100508771145530313024533602105164584280200521987511
801 303575399778595750920917613762172633708821797592747501320745491158197053708981834450409533882081816760938687161102068501160468855946606096004105393464998523638253421629146066931997723734104361754399282368853887006476840676455257614420153293377004313467487184619024097211830929098293037033374658394727713361256255556485107398636557168642516930160317956533017380814067450115638844139754142711780620453308622930632072913091770187738472920364793630311670446686265213247102783317305587760740600329997219245726871597900761861238002048294434
802 1410010621050687379678886410342019281946518241186351242360345631143913515675118748406031414452056142928205453782734153356019825735269138832252737206880805443377273308455428708939324949749070939935812669839606864842805855733047944613438132991077001368688480506113223360528024134977229403872889046003900138908175052086151725050524314735341294635766295496678955639091582095089703906831973286990854222887832826786084069430878544259830580357056785503732090859534159325519494379332683329628380622778944899144672234933220008697726511515530429
803 6549048285617781435051077235557845018581291333137292458329801926078842608910332611034207038322962420897976377624710042395749307754668274558704932499987259290722630492017787719466569101426722218405915919594371829144530686060963282795998972609499775685742292370762158797751736230479366306643652354955482489225221654457300965519462849033544092986217583624281091535343873936972695230064325646591012468262866850714402157445578862723575248063644075600148816587258383640156691249158333927304203309174279754976959497669976384846795176995254805
804 30418234307620425739560554281607578045282159631474457663772938508888476491478653260929300919805252450018046800659683926405476328542910142570755020129559922689153044130917389583412081069643413724545344133569116324746601915050592690054603064916561403577552213301795634987597673382291725678646516858932876907172079718117003134070649949391121187298688988568768938224410613263907317914461305499589676954700664618940796357302214735223522292440251595082135317650524649913921607551809220240083680053851355727789197078332771870300941208703857376
805 141282967851261503816206904784896908627465868906214419109085109852317122573849472698219910017194653474212811859001694330251470618630481604862640179688963145431173338761486481686348423218979007908389830113915341368762419362539195084939775833816448746188165522984555565953267722171386025728820278541358411952635914528622656422449502641317903014767336651919451899240691617717371948790433129675929557583459094295297923002805579833381006679984226450549710175621282624904115004850298422746393442384823307832779174684756108652353040271047404589
806 656214190573841431690314127368274257425512883983333206233124896349170262685476905108988465717219804392378427473117601385734555485431683848541209846724574005079695555931746326996868949742257757243826870917273381921390805791260197562601704452912686730929025850663940848090565615264748950538027976080928508489650231805238260419321649008005504009079042957291620101842758926770356053132014246128769518909958022874426961810304298814477348278088641602774236084045673443198352059511487068717451527839880438119674911281800050083631544931103173427
807 3047904998455459166747012517719220080237192905751014986934837627600796325035261058073285024918414735240266953396148602586136035025745290953164286927411121853262700667948038347450740818842657890706361914436516655245001146604195847168948878034721587900461066704124795611521952179987182843464710075408258008136555087636828718853075582514749912558592378944527593221943739841831784826332953440817017128395218846770094892893788543494176423535100775161894475848573769710493872046546305519865274337796625062779533159858758704038147112727154018482
808 14156543721625649741937951907532729145312777218272968503276544962171755133091165060556485618437381719423041141611208975538106777398824142404599172241088902515736289747876596218892549455299757642409591692003077802775058540738279127338108540563517552455876681673484302645033794136417820353189516590501453812302447585839696204476701367013574623565195082708959072345608407795453769945689897571805232374862267243738211384036015288734392459345514846612529092968334410161091834385574172532713817566398460110773171625038805819962748225278803205961
809 65752617041494470335125228086492191731106129855168487916896004320179002087886831774636138842260089214813176248141703620343821600074136089716745293739145547277673528433606165321984208193128370474305926005291731237716778098500931463626561862354736194302056832021438072914450301323396082961208024356929390841333147450594237377595244481200692735755920408952932091753936442656632003511240164473951240028830687738309919852730287784194465178883211812309718405236096034073397794679331509812429884967062252724809461060556265870774934480267557126553
810 305399872512734754504772718729975515516197708438174308332559072216329820610004333405733532173884369894810611575061459483501254333620828318591988266620525168761610547880464297228799984721943807361392755443532727016548915514368329666554807380598815683730753577734690650434751176059683246670563499623907559393786463951001421652661706124359867161511672490984749393800397677820302151441777988800103291574737612421524785981961092573126963819485620148618546914381971256638132732089296406822947406728542277385170978074413372376123022470657792046344
811 1418484713269060746262666560025318967401657657321257470467161223718497675808342649259283206402346417194852867308907861870247895238318779905965892196290850848172355461669239816909829199458250096006455443127094327742784876434240598217781535103145871608946380911190733040382698352217837486043205926481468856925925696482408170266954627120016310976289508189705664100813806588476773144250556852275775210140196581096486467842806482617716271157302534396104991110590746915702688393556414334486450969516378007255846502664332691104338197078460025701865
812 6588407733189566819143996953737407529121469135667675227109267580494642573341028198165694943741654240440717800884750678058580962777104403812423652500878406411050813814078951315176461577843165365805322357792645999755975897256428658240847651316656824212233684824651564950881558601710105384490817200647774727150982423348101691751079252301415681844803628869249309359139623918648896536231805961124985616048369449091205832893382022137839235317945767270565953753593893594034887515756213805765711713681422051810251071038440043908591935782786848164191
813 30601046350873536636970790126959476899328499229168785581183575868644968429803012617297245967015399780070417094431783729691169001477646698915895361033094744444175834118789972228051482882778087645218651446321039545325683486096554264593068552956980123018036264040385455489714442791088890673657262307800544762275041253774231370558571185830895016365466679710513161957893985673233982385760702207342952016205745338122744768411340231097443830017777201606162824170825065752343795225594411340640733689408338536747843821255776515023427344205570409235426
814 142132071312315525763540690652923279059704576996837947203871046626836742672051139570708052500141988766922495699459682992812106937957115785272234990149911385909770592769434908073707071692624077106403138393326756643846848671655976617865166139852583231089218247518665793169498318885449873084311144811749615333434201309816376460510190879849304626015691319588438254256980059299329348868933450501933396623063905114795352657729557970921105534925199540389595187676198370187703647345715650440749498429706578601489765895785215200643432170106048511439461
815 660158004530210250763079199337313191083072925040705655201869193452982039498712409653230552954405573797559519942834283520544865383784809889311309978235350386008271733059225751069225181751768553823019812642786053759768244602032436271319185233487617517294500386529783814248250665226658911705455363834355034982121845710165827983286794011917621365854229673195478439736007227352799090141461970724773705890975947736690872008007690048323928765110145765760499154827420178642399691857731515045601166243419113736297209299227146766076712679740872690253869
816 3066222752693726153146945324235309663740393028346398778120377971547457020905670122930050257961663851932746930849412441678051195582273422198174221281027795316850541138971668272176546245930361420098473759133879643402113562549152043196436127043266228198657560758720382813529657821783232727809733652964450143708656750634594012218458629999088508222740680097085284773671970429473354126479242348699461334066961582147541555523896214982991889231285306816779252978202425308392018604734248835384340597584468815598571444519863114816589460117297608579089968
817 14241623830384757996470053004537409998901191944405659830094689600474510122717334905490840650391763592270038879494774668448013850463327291281063078429567936570055609702488512277616864109900223336763652830621564292285624877762009288497369005560136441730630530233261377130195900407808384191993012764406430615002805190800617623610466854265521736030505754764519129917789711672373916237433503922078819224084271314927517589603646433499748318361781693763251908063080848406765283121995199833823782538845082339559538362064429494733516422997101259376253237
818 66147786930352337440483792428770129716394554338749815352708863414480776496890654557736120623784486831206312263450484406541255850635670417713745302155667897959595409255841286099567785246339302280082802795251721706081886579872100867405374907413665134242631989139725169891629261185972353253310483211027213555961448631836626733345153348229979149724422356182303115255638478278393142221481129727702607491383030303711900920179492024260740745107013926301458868897856214884309329616307047826344562668892259754295332316893487007778432241912036533985262843
819 307235310235341349159219152786083048284284169527357706148531120423765410012968504542765957385106308490666030679329776005704033123481602739545516688359099362702933806582136574307582275391472289675990830734734940469361681784486040880793550179579569244152213637759822547055658199887676487731950642341882688263815996757373966492698017044125121319170080022961835008715450786047919027548241856652438668455473348957927611587631987304061728111828568241824208808937311887628852013391838762268454969320617597794306447538017002477547053370235433706415939762
820 1427009734351269185046651407325473132338391113675120144199208758639757962816563031357840439574540138847815050263701056556015941919576229814954210232223636640512651340495961087090510268145036608618298959592820084742519268605586763687865795262194169924820269786317503626473326692230612198294928874987960447481823883494478606127066877064543160631632645717813925292315408460581114798079814864630326051373042838742218661936079186718073966501564042974849456941563456053356811602741363214804174614742005693518704053378108254959411739756527978379707513809
821 6628003729042200614668608683337858775839186751368877663330455999913214154270822536215305155952460302683569997890135602546475693637202822685163081541594707874906262771057387980075446421169709070667512639889460455572180633083985804461803425563841167758728170044275561218245631058118597811698262581052707459272768102552253710570624517651944295297400691778487614825627804364884039818171504205363448106155808095149735656935926099449323210871523489555719568947611538286352167775014718672735105763637243516168778802097342763596087774055761373295645501713
822 30784957085221613713785016431137150933885275368401659199503371614484338110416342082167397709801694425007642014069232273841080430039473457761764514051535336628789519218263904899228178645724531874834444706276408048633966984400388910363493392519332327461470555487120156514339493884337046274866648149522238853171903302747620505802792085469340233762832403635086018835937551470556190343202392504418879544813067191371159307418414157802396711208403522782633212744533245757346525064151082443723330921683022055872772731512375081460175470773996158129509704408
823 142986277842044697157951277902250457678102842608712690802922698648068631575533394908865689422205065811663902567191214097332130345941476602095682607265534321707465864295896628275906385175532926711994456559830601384485889983197802469658080067568173672126725948421914190933805203957348321379474510958166314099947944627484083431486698605367287161151604129457478722024124586584116124691888857794205714610485446792157883007947387704348191445921002588518924244690542659337157906374496188984011777733275810420513712332026218188111110523517884170447419667153
824 664125520608151369603046515729697883099926403758105802371821202030036651210396416593321026408388955905688041665812433033743591883610057030988561963140280681246034625263427591867951817509718590100551943216929869445396426878808245970123449035339918785625605578490957906779732664401781401803447918823926247306164902715203097338422704548859943720855149285295481106973331163699260566967146314326368397149640249331293029304679432500063267051449879133065734722747854891271408573332173711417421850557939809991900320728739862383837546805607796913645351502279
825 3084650595704610260076471944323325023671322252574754472833126135930381300786462558087236589156168859432894838432113299504205301601151532321923378824962182537063268807637861248521010608901007984054945089023696427694653726947922207180020429443058814700829050934734471308025564676094074901816236745644438621457004535671500294396518521791634386698048713966915029321207818426277108171571149965593366389346989992744410847789752276723041701253517108529429020867808039048517568145548246910221562941062548868003014154495767265528827969993150523014404810883618
826 14327215266276307759847641651937432960313470394518229468628427568373910279304585755821804879586572858522943069013005143516409559320465803956045643298463901447061511129562908518324308129144594420447716037531539888820013505074125499524391982532635830759014802396003747964351801147240175210513846088082647798512023654072207388679395895288995629659214433546868566040370794618749418696657631465843994949498835041442903065032070363288346558142564549815772570700350519854951551579136129848077127645674016606219786489853990079430098435772783150611659283918413
827 66545331770171645239653918888851283330110161830519430775680719834526644293860984411734037383315294264466521194997305013202969652572508324613009832781610675316653497931690646059624724393045177198001256624462363153394588574017576658092396625186949064714328558508543859432059983477561370125261375089523762355504859752673010700122284132009587243426116037852224434732578985253467898066466156135869474127256406984151594960988612495210820078324886223981450222359046594947972245082398443839865770236017827438577297203156302291598078687507567455889911121630341
828 309081778845439315661116717158546209297209387403130365461183099408069416131511108804140522087326523372984960768801576355682029129085798030019732130914585272412915459663368468980631267526427155580536834887129628057157688867881010692689637999744285962570146776602121089754542650860944499354705098100388448827835426317056975597312182094128791497951801469954839015601364088665905403990491090922395311646480612779084947300791536645957525770853135747293266876641354087224068409356837540533438517967872185249230196957492437939115875753827080869594564566304640
829 1435585990377197678590639547185484461344825667465192743885050361419517877291857896718484744245740229039193590859911894154291283410160332965085606765575872777170401318211954246775498515649046713726108778289164681438784998209783988874510188837219904574893246097694345992692485652938527286156043797928447831915491034904028763377596502852083593844319148705139811059447314121701195123692811621417717234587325369088564105567429993163399401556667040600392882911089761996697320058926947818476142763281488608369298351650963502046279435756932719620680890600354941
830 6667837694818836483416803412821928475930532313531812305019522580840241353713361535181263186658916596353169971836909806301169482600091108003560736698360679849097320208917670274239881759371936556674899728661028157084750890916062298698481210150667833496466070568326278880430241341858545862312726368913157316604601252425046353101981202270428748611803353337994277428558513962548775757244643466359888342080596017250474567541541959971879483542542252628120668063480495752738170438515458881100802056456912091518429300161197863872570255502307094297712687488990851
831 30969973113742335428371169110149960860342866068045445257691472921839597943926767208146477777524427842163589686977535173632814045854266391129783570579621044213961871926438590109284754838644129819694249818490427795153838971216019189131447602917885036497923105357261577436690682446463288569457043440147116364898169856888174282377991131493183260799140322822986339513642997071878011936477931783041108513139235636424534883500141950148117782113005825616706966921892011994446771906961469045170412111745718929443273904834471295314321723839279978799303058038107442
832 143845618109632571868763901441902408030156980300250223546514654317333087949869227249245489414387828386199884162024434522346043823022112067453012020372588028686346123031933222729668543620111346327186066369957016082248645820965402308199600100839223893855194987536328634358657410908745307638984889068242470859926612213097791068901522955269287449087826550478467202587510711029692139140112291450941592867507193696043045967533665029744470152762955629660722378985612550968056251418585120965577008645159317029557859554340376981441401351406640660192476245780811161
833 668116881256211611989508866695215680863257275017548514038038557322980220160586516597189877170994922260725835740112358673898836424229911801589333878525497678959550925632583681935825813000827008773573996679355503446710553033690621707924173591774300308328238756597774030652540446669902806120767834849059460778025107806580677815661394994473750051655356892620111156601906526655516186131633738397820188353371602033109985751514369469677755934183702119688286997727317134382572789406897442345879438101427016822588152415844563665636770733445050400692159059659480009
834 3103189189116043530949509432397634213302327777272977520128455079192246894507646610951240029211849132033411913000570394050519086763664407429526895117234328462235780958859504438609457408812038984245191812673629536695110363493612189242791927440387706236166435370648109184511283126656546437508516267719908953282902291939825110931485915453206488634213549613674579302855019385996298061950266410820191919643238860512954702382581276482603598407412465403139446390370215906532269635599259296558157471327461361485260773152509362126117254293217209821740527427868907688
835 14413321102350394808613847435944359800474833936549123303354447906476637083076740298971373739848839363022119188628821370469143543969174586478297478462375467607611842165259398252178582219197346979292352895946374517290714135284529227200262341192204508510454047423414465081809148824081615082240566824803720158735459424510428527041062520533993177737255192550799309431008171971605541381468793327513014700557634662847834491816718498669562827670902674911402203618148730084444110157277076596976098866201780044139871478395321034453328130584122660187511780561241010425
836 66945265834287048734110870294509625822965835240870140055098575580432385978643902861906903592069010390555338040471409188321552956452839702645220027457091803976440559701904200437226050262592969454940344540921078646301172460269721542708383867336455933798586669736380919211825450766917739334002964863621334384530884029994884443196931646880466817534388118703069812240785995627782692447964202753004926646340039086205444077323549261050381633436267784076564047471530250048078881229380969505104285299879414143837476102834390416227257512908672116316492245471424450799
837 310939344638102220712312151984876614125884768733647055615290679956106928275264989223038487064224662490412484289650665725309397818358792544990763255604053838200568677502287102804483705450704011278686594272522266159386605992057911494367347563076861387699211947843563932203066971028588838031737012330401949239428188395113710004528245125764473798395224110112603233797742114570258757423894502644771574236856668387479587199970288370535035146537896964479737575173025784035336287338243588855930527675604518014251434927394963959627435894232392229193813527163208136930
838 1444213789266255772466983205560159492760781206815162846584040846053509357246236297124290920092740197721822363561713413545575993560789048730471403426675469434861900326126130087592014192115568867861014826209798326813307920586757068298879482223205372247145064531824844008116806859217694312827509178798333681357884616037087107318685257845338766760923648053928959013158348539774699117834514283177826736421866039499138772907987900633820705870987999376670573552482034106653705117687324765801802658550162119948301048392565863926718750389068800274473932249770611386997
839 6707911060706631235732705471190928004317675138704331357033783942936546018765494767991662397255253196856903391193991689532287025763449085881915506981521753251975091388041701484553714512137364928994996797543116865049559862542674785638064171233418558010890655003324557200132413601173219458555531606279716332920463784574059508549816809710169889767196993747967970556283635901344145820047675888737779926936210708993095548545903611232954174870944207589400262457603908594428464680393362247342612405334666686802933702763379778105240504966378978784587848788864336416029
840 31156101079197541717713056405314169513946486299187932769686666250260404997952753599832425883039258411737647178871231289509972136324568213721897496824997524884673741132271281880350202041441013394648770095717820311075179785170921283439272637628355768872743692248511805779015424847134563044780466113156453296415966599427431495864697903945669064827254996398419219436422769446784954397828062160794417804145103055165249775862538355574259635972271895305728628677748114114758291343741987725523948982346845600147461687308583074453159623623265025983258973055721639348944
841 144710122968582939242711431463348964240851669821843556100977299594270616457629676207732202243755469975261184833614559866655214759318312281803113394770746468589257865787613580533564300142555630341659207375517161667696286277025131630780134364469949127663679552118924709068148531764809853804452969673781393662045726780109890513083062889589333606829670088384415302487260120578627258787674002398458509794589929227462934854620959972588550166900432768315643249169860276574204377163276965343519847137227664436048601289307013117151923432902151675969522472578194799630341
842 672132229779046333181103375275147507062312555836874754578084193643767491703184411741971921359144982047364269694792402371188583813521711955595338567632124050274073539021933153960750591196298749815408378707300039626765649516207178450533279010008793733914705286571415372334929721634216463008925025950636358747401390281879045016201165057242658769203498306883279052273844503176078464306760939019904282904761539886024974835776781496716376237630960816375692048849371470258550089242851889914650111926331000878555942020986177905371356472098268581301221281712084427262411
843 3121839198532308276818140171013255853435945695888627717716683555397585385915101637955625754381075842376817150032881867847837442135232707991182039795692096002600949746461184946623312827911003458354786662431469145087960503138747401216707804365768938050480758440932355331848466559765986333135280173814301493923534022256850934384875683256073625364376932975673810686834190377375556138245749811789837971191240308378822977401898567166640169503691930264404967864599690020303919705653995832697347035713156491109128526853471146002945605903259800583768170861447546316299826
844 14499944430125989915364325520338734685622180370961081909972090033856305663844705367921402473670122312951121098176274980196942708691380686906122216144684529000766923393554756866448374707167814737510492247389119476522582581460447962400944801799711027551365448497790310961708634005070919724785904643853338823776145416735772997622615870136362811489635243731281361714279109767232575610813440374933106382914391226297735017942676333723905277833700805130495753651499107566278813968366181937975128368357375379502863531219930674273404522267316099237190026147546231377292961
845 67347603481815219262240067309023593846829390768900473473066631354074663314133201047030937317840809120282345064087155483335287621698220099449836154555574202537118336709531998137575933499009534441431984492436703522446855452027441042233184677214129037287127973513887861723143372911351160665223034567546253145576998077069919505490772733418830471168922220327273952988873218255349329603991596456665976864373050115564770298022578857923001403330419285103331327310851776849437833743163292709219848539219447952014836087075637574694948496984013669532417129705969972202516417
846 312808074306833656037763434358343869534952222407021777149839916205078988444695885102310642768266542233285284133257747514522755392624875422369893992829777252675319703237080130857514290396602586586304542097898462833960488337561323439686021802740331695879123157962121712133606174467927598639679433288972109531689633563929138823157757324605347684922559706927231517400278315580825228741210426562390026218827144871099016677250691775723210154036481910038172788254772196846962351491436938318006441119169158639900800088163103361529094035501387865318528834074740091821279864
847 1452893440788433024455230140352461201885233389171279848563300739060350181895756432508075087473874348514084079781368197384574300868940608116820246022441437233747166879878270138985350018704950298823911345432640350520964202294899515350346784224664216785833891418150348181487768780359105326411445069735608261079240846068439046298180663072644118533429527655597525228715719088663809960168225136125823872181701794241570807091084283479969225274289546854700049863528123974508224922051289590720543646436478727915923109743650799510397481798584178744512643072098138225256575585
848 6748225265488093855487358357858316578339304379854758407905908396229458445302891120960953824560723237142801073181745668876183276778060315947619217363569329318820661537374059739392626941354578181084719231185391233076686457033352917234039163305567073772177187711688153007985517655534048269766941391780376257450938376085222168445876291882554888918723369114938843681266589481114969892360129491386490320305061395069760665777671427187165048395189354393176424563190348815908884594465247500125970019161631761853894000867751767271306826053876713459297417906479953642389969111
849 31343347664271733792346670889391611931522960042289087648570715065164297310294096673050745187811679933408802626318836280312374004833046620139470590872433245314710421682152643681238829383285700179862368579667525296058981741871335073396159796891309757073616701178455986094447404442926542310086152099654354997152179973191999126465381451012726497403367476910421845063586814934472813392538100742780290212232831788827764794436066065111941508934265352171309388944392848457526016022018010619276347444570451560565235908114281735729881562356588521850538019489419339542202066978
850 145579823457827579357567812108391092282032192804810509168551523863360465225189264693738946184594567851679474662416326745612932933620698563980706982619386253890425381181514270284706127051646682720001734422393197621957669297939630096354705253907957844943594135862825151947930577033198366730467918435213732024932090116792637880796769478693102415844618697020868736840998675542291534291284852319571115991043388038560974943499075353598690765837218362814796356348047099947254936943607878863866245445018396981735458842779380963963098827710561389697389076694527881513268066525
851 676171710342564588708431086494524934244049446104120449130373853680561275631738994451106323921269619501841731067024135869222352638558005829294382878584882006862454468016599581252793676754948557915000719042063186134661858606993784861972557482375020376798245930000429078124577420468965789127001975529322055263897193234767820113389829080366533096788928315148790558415596591281716244939263501222467294636964113377380347320419214333647307778118393411698916584064069909893018746419570909816289814234456268747507238883160220256945504780279877720928678176419847016517636134901
852 3140601293557934739523128040230789826200478607929487884391342499399426937707047704627723511278153307300861370974581574856959713827611305042810956850039346541971114214503289872401979125563380875481436733137635204351619753880387947680690253718123654076512810380147460126477447450969379082954258527260458667979783104104819995271132862265917555467738683175644581093249528327304721962928802176847876476056902944238507883590251838535493259483497189978226804496241424856880259435701343554676279043263335972551934278305396903089854450673179977772021474596991300144088208811040
853 14587088359701935849443276936491832337187983464116376268432911206451968038368031458120970339440890416232064234322282852594331993818565951918377849173120955752860724385758071966012119692879230302315340391481221936338192844767450061375943261701287272572501183527297982417013036652135228904713290889094852567682834757903300685978899189701563529179554166148965634071626755730024712272418962043753211081603755352571564889812431704816800839909444868419307060666448750472110069683847025822522295477356463380842169959268260704456860817721013870885350320613447529929936468454861
854 67752359158170390060671449273171025777586092421162874854909561442050117904251611461809972076313746978028310178931828200220845337489353359037084919981945232785244279829566702692817633731276852948658708931155141363898996360401165698209645697889337693090937020777447535752234352752967935412396759287700798378631770704074537788699871870300295609312476327516826052399617390416944179769668371314835614096874103550597033265330942025385469202330160106609560539341947335064362792713120207887299606430526401916231645568053708631671446715443135039591065078144055222038558389856467
855 314688034945961782599751962967122208453175549101713870440391761697108387656783870334472212586403647269186266453944887794650753875783113177090203203366267906115506775001111682853080084013631888349495903322122330046143341362421200996663214905325115808205575371528732721952996312461773431376793114777218447839815579730357519915657962590480185874336939107807377353681837998518771785985641587401091384788565006486379207431016661971767511476767072569774802198524083698062125199966004413245437614612215236650697637811176219854145589874900004977906258768650641972588581454922674
856 1461625256575420896424921413503088867783088519662184506884464460198828007350482362509730107484599417717654752452774113335913688253650635481247475041829718181045036802651988784880248588266489671386098637598376421546995125791646977618315162374291046064828832545106995992809103073063244390157618324536846364297364820330357015025754129991941258380156445792071269973107608414856765843692134300798613068124515446884131652698758200843458502587204880906735945375895275185605500272458535761299038815375701393507189903329607140005679221099403058083969425621622268620629999383251177
857 6788781756592743130085502314807759957691822456596407228478388111336984254880966274921829768853204198471980776588808968317955806777630378753093777150519754904160390893073620500067851123615223220041200128529633629995416020744529987230928913306301619332893715826595325956963086903665065019519558790752903006814903243342790122791766316590946221329480567085873313469742285315962720061183445258436953193425796568666819075161775357115452959255944934269336180322540414074130282095415200984130534191021662770491892147523959686843662624841110664529144565499111191861284147730418425
858 31531719591812007302950714559239044455639189746741264964544777290861109329369828692247419166384045937710159698417184526404878548228806815068267126703550736571121837007391472720176891790515961989866760226287454947590610930823708880148618139935800219183355067373508765940248762794945076507531010945488101193479472295000315787786740408405588457889074612727226806069816233022954913960603450030057945088053777028936620048828075624510114357520961493582314873277701263416532997540179245708706011670528620840524289376358479769109921504913648676312289882942907160242607739900177480
859 146454750802840675828593182031269076000405170389853978109558256667241033290327495156176503819269853866473542784885626454470559724277392910145945127979662988241987131918300907023452503641251465005693714482466466998571532821278699701228076300500940711987744340576834618625406247922678587337785409354442996013056580945388794028640446117895270539993165496679332512405776330204699151793789421683909172013509108265756250476818998413560962035237960973502643618112788045411968067865510455953744650134951313329045931474371601415150337442705332666191031567790826029762683089728469257
860 680235467979105225369798165269847375920878773547981105498840644082464998284593391118217915045459223024367221675758527794538227634236264291702586070133019454948839877657449431232785946271672002029227922445627938128182957604104688383737157092655616235729874001357967640738622482014988278181475074448210993915717229575484640157121652421919823523928681290575969702684030918464393849993131285379383223747873591277017620149188242945762860186278266978828301886653013483838939327445477935781741663507252347294410300096521355496048650341272196400400959300025856506556462487934659455
861 3159476147821742378586211931445208568081892452321985858256118168589058680001832655169861387793840511886572130957790777981063190892780549603197299539929985193398944016952001713526252292223364142589162370853146778131766053818857751397219431314822483347436204824088820450528637605252216946915386191403093215161449971201655736359809638871674239783821402570300986691271801896187291676116324125548568874553182908636324647183627926774917752502552101263548222543236781602534059821077671678192310241119642240647534100977355548392798055433190315576387914417331106377683866352613453794
862 14674756019868611463976137762802656760694596434535203887474391819142053896557649795829467018825844130678546143371696480030341217150708726901570394894170171848735317354285395513451719996863295697821377228550954011346518034229782890043936503724372179049075805021989492478471935924207566732411319443648363342969432678794177141186916970978903501159830466955958172215928342169275003372920249485686976043108907202452732733016482162016096476733584924867931439710740773855118822174327234650303564540251671061314815541577710271914237465013019685138788665933004056035694667542627941253
863 68159547395583000228253004519466821547005550556260714153760496469826782352145002974467897233277034782735110432338409271495008195342621800566161840685472263999965373772359638816601714634573553121371421574257116410997354050361818946578618337303467250760183223773197788662566674925478672424118395543071555550818238259801784229144829123503967085088435517190195410526993727058724772017273266778103450826022690301135572418266456518669251232394223905490670916543411814900454434685004669181534845982008969147071776616354820126423473362986974992150105303970400922346011668914310345485
864 316579294053048265901203763703745603868986267220991244910719882037666432613214713244954387436050756453141660028763201384292176998098472121691285574433127426990290251215012448314136593512482325199755214912277624634538038530525923192683873811670346028686199401364693387641640688552144532360272527799206675560908108247153774851867736325674926831331609213025769562389237598335442489334126602817520389519779120379872692630188830306333156233875927793829413321223314433244299074084664394727157201934972977944296354683554020123015109749388927801209561696237013078721776742896274401136
865 1470409550131801488223726240938286697442613892756257497534384402010159279320190786694552995432424603279447501752744472404951418236956747614288204441982594305033037184973361785290598559722106314513493471464404105656002315293637929440910004471361424764716899541072999744761780129865360218438650974588193953765091087198191688923340926106218602245202264632126826348650484554485050839491303598213070488582141574951601085009655443168242956878337328831579389285519781614350305969788707066876798440698971672829994473986087870839957393066155635930750673752539257908155864447108938821589
866 6829581990149075740205012528088376933750142088114453032663988528641435046997878964830483969653431048631284943931930388593751026202541896269889196243313885880659670132033396266089527908744482913815707967676688875430302210593787128267177982113401403129601385197457983075659854835286014199163375277271089722886075720414772237398180367802838030757669626893542817890331383689283301228522371519673388912491871548329312849591764909058029986478449309706444198108748020269570560527921704559199286790477739345882196842096805615000911583420877100650753889924531636445096680826168852108699
867 31721223625069427493082178192419433865092865582067214781500600301794985459250529653284806926846450992752123464160789774191820499927655032519258248020383804941091179284185475859357076590679674453789349950673830768007471052543752409172097318108207825751231629914357423146807115694422904533195652758157030305763790515278847885844218240248765720259197169133028287502701775145914423035576373355562803029421006187130831623482188992245044525804730723261890117428625301603082027959675374653905130131643255515534269726461327545064239124854031765483313877043140431252176272061899883400626
868 147334936416759926179344939363762512683586378322103206531394755496252502531756759470652978061882697836946351675480351688904909987233911108025747658250565806335412334620167772512613385731275541791656670359739345802749315705962361644755099756373510095163599998441548792716406216923791460262911655392858571929356643897047505454262856688715301810754034462210358104306330808408897668694488566509681229450334570690391019784518555899030685112728895469377591312799404034994171370404463205187058852648411947884682681168464590488591367000669598553628484184415990297903092144678400945804913
869 684323648592644080270948931843892144481513588783480668891826601032826738663378838876784090089844483232600811130086009698968310837129367800900191937038144850310231638597150460506965786408093641151465235893253701178139103734018345617838392971399160113145768853096628879373426002532171884463594552717503118851897805610458854660000281523589101414994969776414313518815205449749259092005168219945759914917623346733426253712259772598273030904668587322639850865540139963586138222695102197266884547850900763603995241208250755742633661429661236658762346441091344327678008555311578779870065
870 3178464439001025645015570068046349931267400574941466239084332411739171622229323537622187017153593958578161770883101532901745048972736196734619428089726868747460853572695660146946178200439381223478982020147549342740446728064867667778239071183793765006146695520684926115617452644989571224760940125942388520493514022323553346098230655378706767506238972863708736514970492623009721578906545165510744674038240326933550209322715541604846695152294878769776281770457484265670418902148604050857079478262427099190670136848135278067388427080622438867697761680813877460637431365328500293415448
871 14762950558220266878393939399606637899717805422461912613747527423106388807380406393357076115672313504407281121317074541566292760798955396745852461533057088631664904694739971815440111883901847298392814078116593080358796962866371293044981192585885958872265410279125080458338078419857832868862576944681450757061965541268825670878551058250944540815760153236412604328253682048124830697152362217666020512783082475529958701597852928462194226381052009441368044034317360079808685068129181094092835491996112735298511094461410371613266582735748917515292042121583288081174477240909187606845169
872 68569182813621455713905964352355312610996393614184927463991847108471252944251913634237636531484152505986980235689101256853236977343943075463865089618830643595094728134867389857824897674219360511454271303111068427061663681149578103086634152913127347967081318719054714913641112145614540084255939191908418577678341266986079732564335989691884218657656054266397074582698763118422229936944153438460699517260017404527038687543229072557021486508758724370127971254076816670818389235114510559802542999773420597881452931949692362865970407397423886807339889042584072260908634200852795340606183
873 318481919531311688867834341088376610604354263379137329322284744174241778858784590024489768208005242603930623159272583067230366819074284602295367524425264750728007408362214395952500679660389133653560205835950754969815474323964859898568397492670513300265294314905412961834520440005981321773260286216488949169174181444422440158191494161320799972231110176875674403923667990533931508100683480454782556865187206225668457277833151308742546352321246560905594342305906598387747731336218055809447965289386948090988237181714362978277944224164133195312035599643461846722110531816811973869670434
874 1479246636846303515287971104897990889422169979744293441883405806217151708565562669784665489669158662776600106722354307481379924538092813809026612265083172037181547732584233101376289850296011959462986090652082227355013768585343481544745872244314209636995363772740060391316454501057479417556598683215542933204033461008179194600593140535003136836213366119303267428143187848433260431338220900329127520111684561422260184604103179419368794015140792846401624646640606204260341072174032356227916893992090442019062542827572373290685883246178666136106355537804845113553431387785032353141433453
875 6870627431036846675116223064861380138409112759578194261406562385493418586622497341729953654063539383636157886100193435981064487370525516794493454011175954759494355291340038517198888869461414889262377043572093274987394256771624230576608317449442296117445002682042351223586150751941028474948641299724165477491629349867085786131548817428268511319434170771930250283165111329179686052033797866340994355681392258116341817089127873790574281938134827857857189700979591097330233520062278511482434468196344749458808223561293997202621078717619672446730840775451585933933320188403380389876690021
876 31911866567941855004320468572534834887197129426934548523656524965156433177704508757885446621762797190384636086432095682768109586834526997916134163697165433053190251143137648482309811033637201367330513642280869382140612221669253796734072589590890225847894070240291693666507068925608551033968797200048172865325355587873523215229917164676663031650261225512793225306365619653727887377972659857779206897935198535772640815173798839024537071920308436162094894981080169376463041237065480486388996222371560139677963974123861372696478570249861531537238939655047565384037921327384656286313687232
877 148220411901514390028876422531349058084074431384709974027499852318503624145777153380506404209789144487980539906627153020302267283767636835970199631336851810369264601723660940874441019076101357338225434424377793863758666950859166675292921927751282801177896505913081067748425026834589318595468709763645510283588293814035494352588833943196540342816855799393740648936997432800024034266550088784403231749074761596667307015543295005470496685693171726324725856536620750215776168157716630206111598479390569758789889866482502652191578912433433373923611131683223867989222379656665348519473834013
878 688436398964032474866555154715308372660205124779114043115262953924991620159375307888764228946904724451671888870330053010978331382153676419208534606876405246413959404653069074820295899089448008565979161875410023373646624804859422712184101259583201214123111927542718848027611890326509392641059820375702893644396660632547158142247216354791841827786509639570568581551593711696636043609867580202444621086956303669945716313226752510041500096239259107051616008718817748181195294078439885522092749358882973106265654551725115945731669994469673099676267402945854895044290019449120647106722937379
879 3197566848845885110383464829695246442123621334202757736163094722214971721824324254170160906810575085954530248398277951768637811879700675012419501769705065611110189811012587700163038378234267598459703867946623350658095036975996081712668233017325749749793179612967810289681656271188108060136116205103562019522399102024369740992111747233897961631750185998459423387177515329355059361479580910064980415138711425774438747508084165141838265914990396013045110496464496996033246817829293253816123558567426316777453036891919302874190707644716453807205854823738646463422651773504234801077284211762
880 14851675141268033789699160084736137161349032772284052235870930127734634365800753292926484520218630034309013310367062312075232828853914246001095290484516378311976121931548550040257212528170788248507791288205249350622564581434053235889745388845029680025034979151369554293563875454566810400505785274077155276384869352912083028190996923127603865025894712217710392188829132142121931531338343395951556735535425251606904709009726725738984252866913504090567834137310895409282024500888369606013997160655668144369260719787585916601346075568744037030811140965396555157506940115602959367775702262073
881 68981280119717026061516876509205141992270054446374235564073909339960717130191256518399929334042403078294957752281869035603517026795292437366358457191539144082801450820759579046135065732892316330561729484035986541811665503497299482734785861430302459966808845354606372633864865506118183310990647036423518596779687162765175157156820243514078891560741952340918445806138167964604061387699427565271791499316141739686751794564173868418466320764525628082255110881252742897922363478906740537297078159843183484023012324702436632997876871719724223970917325815265583292518563188843538934453502787369
882 320395979692065529318630592450388058524268758177396319157595695033474507133853494746679287185666572512689489937443392603911013868498861260836048372525358936142194549936005641651591489248189747050795899997299077694421976085988646284279125102680822474511892760789033067821485016564686809786438363102245825992389706250477749827251404743569097928250491248261647118896860423774800641334073602749777217842465665557321997387277157790720768617039229285314751805330934894428760303430934431650014634117335095732922695975494182312018082856102622278268582461588198620844177658515210407476649786347496
883 1488136834003125934106919423721020442499613684493344178656592155647748627458847012908480452345679917742173051389313517981746428395932968250075792565493257331816483828575625288963630618734967464346427321834784965622311636796844170909873776942587470642765497768201108552866427306376563173346975750572779468913395905962469062547646915776108902634459240107579775111912163073646260887888846933039292841931226645949846377976686943172711484146174926081013534316240438563429085150163978504117748147232806113648297412731419620515419260000759948498951851695525426021754726385760527970264255422393881
884 6911919552939663850642008709114677482281804414066431352716398287243209702042144717250678757306080752244579541440515087753266523091290677241323313106569493837070919915205802371655561203190887125573246265142556116045567294332161683029056180099874567570321896982393654606137206833447061898514026433496341419907732293402900275594446357355249626559513924624630776911409679421813214628693289284388760863088623436297392388329827836162317091703625931130644382184918821954590371692332992583534989574381407049561578443245962168048475819442045304040818940844253262803918946891283189965262324357589263
885 32103655265218231052167380626914946924735800472932759866926899118936559394408154287374498433837307254034112105892400068478065197123304181171905655205444622619138492232676025103485375139797745680356004213150607063089516211819049423252355839749432474461487117807322288988644013285868743767329902613977868066210316964487451263999915003345994473168010779551812996222365963897109909148863352033577747691940442028827590274895507822061341101553970720458317737014852895816046253201550758366639753291497034459864363672318817059493065430902024572134102503832193756386477924682869883140298540869904610
886 149111209048959115589257484222223249511434745256244360631425846264804726894629961826954111140967567031455602236538352733163633835898682424045222344962590793897927935916940986499208453545955982279402509463554271433868511072211708499918940056168171004294856356040571532433745707196905659804523855441915941041820878584298190391093568726077666997390485855321765330589563824685110581465251025662883716607058324658310850660973108000464938822958328740749353030251768101148082271305304321158400860777614340519767154679397419072351428797862977292841052647882141741230258071733982571321368824091915669
887 692573866756267192084832689649373170496296627417262271319782033868594415900607480199500125015257422604707207590793792083499761662808863448994864443002063886943771383888705352287777648798760118438229119481677999446126916421562245485622768723548145596482349935076345299139486991383763442294824566945517157693262560673854530936505255781046019290875481619109936582126461710204184875832688802181484319201206307304491512180515058791734885389250591278431757383785996404847020154139972358169603632103187393928452544622634094172504070657733454755554321690407955131583273497401880362137795470065754621
888 3216784063203704824753871321507630064108219099490853946993774430252578636214060111085341057097984497859879586036600929562645210698029633087612570542342074126450579602797053287816276274485488741987784762946761425881401798541709678766878606371945371729017544301115422753011880465318363832481232821146498868131454208179173953560130654347061909548613135160855475185621742530650329234011805223419901873709913103989080644643250430084388769858428320661602600899007680833255353340641691930627341788379532861241715281362968457525793622902051633595205954567021274323346500902317521559259234337249246224
889 14940932954553614969962514366079961833570553391628146188379659235886497196948006844698677889029546046964451201729485937047699781234432422654463168176582707048626031603730261249757938272194503985650827873574757488582668754610137546207738940079674554442877850276606541128630001414636941188046489126924972701193554320408115774129282112529919797086479522071673178045159101800954787248612465688141698637040412095490628180215997310658694584975215903978182255132323787789624941587322144553037274402508443243900066708895872535042530598880652247128377821465002533452372575717972292153956390409069260965
890 69395854109691895757607085311009827207527122231676055999673515704078292813070081347122404508803662948556884665065450690388181078522932998084136959925727442978166544356803307556573335917945863473538079372605075335213990043299936037341140504845577162579150662660427602037782942352763681597408595172141663317494959386097497951206141701555938614387359741891046904063116549160900858293530177883022241859851960740304642301632929955430227062913532414549260842016523091541229034681702131712484712168101820769403159441420063901042734943419503086130828452492056435796475737126229103286059903531718340715
891 322321543257170789557105958253806840916362259270640506476077220096812183661505866599228429325190872162749708478159259362556622977267588096059073509721933522705645652909322878822747361334349859684307182642267938254845000645741736457384917839155628356393853328168109716524130408749481647177478486632540952472876526497821011068490620479911139995491664794675911892546712022599988696411201865865149660836135086366036153190694018832708977763522702174187619071617957215046338495234864017387842628563691937039681496598678520738659174906193091816687838390688758948664785137578335379869303001836488945458
892 1497080460793329622100966999751304490924172321599994571326593880023027293757681956906823843437987978281933211546485614074201714211023252657689140629700220822456713650558525659445724992580126855006687955861863640460197017906310942820803230499149750182198758096755043754958010863876176353691540094816901773458373848253202413947927061055755852133173545868542794325086816552056456931080621795011335664297854409685220842926503514654788060836818296228631559904636122831518130724973858471121715202208845255992046639978521602892432388821900521801207465157940561761176344135782457194787387702359278306113
893 6953459838397898818100537365337580852964626996215139682717129137471642602441002232339624012148412047249426214856524461835962311995444588490588472044420518977708015446449054744490576733349409435914901454662463524283368679873313111080614608753321505159176964337150942908012950154088335996131553310962846719833784578520902501708914213941945691540523817123779828357041306858602444472656805156286343080539663528250141075662399662691284596391117837673518115311319999364857555100406154099828824817009922931634698485063239344584799736209227185358561885908620625286652214381785186873763461147139636737057
894 32296596602824330743447035972512156343486717140949101304535608691562108649226068689886697604579342008811235069342819942131903766840439849848582937302208642493118954108262171811753939171411823806213362424110486575879041552701967013393027162166168912984435127058601273502802248051017348483510819620101330181971407368560701245421841625264793285778552552038379497390501419961161256452074511061742490052547184314022868818895926276742976707368586969655194197451116924711648113161168154484672932951655187922404291722825839654076483377954975426088852881309020550726327926808855260176229098110608291953080
895 150007359842016585210717724139201974543275867733305557956740366413840055283103259644661552649855535485929937390773459213072720208097996648947203683815552091920784323153764101840711831869473012807298083251495480743561778208332324604996462690683189068930945227338460874831979232175235871677425988273096239745598637488689558313079295965205995251763810370755594832557747692041661608937966924618858027642120938255028383871543935431096599851336714455768564244013783795123477206082165934771377274805418386031420065160546625086379992613371493607339364627149103826072250571781447293062813962881362571260033
896 696736200519792125747016040985628988885401676619751996422737755521243345978678582953686392124065446802893901559429828634005512179292657874189354040964957039167110585832313975458195931206291220819448509881932947680418200036121210286030425353157043164946332066785408909857638880376556578710273715770351049504983264718240412190264418645307599258364380498290943056747954820278446459553206636502194582288534098166032361525931496017620771605802912369140343174535894292598454261034089359154937613032092798033047555297765810341728796964634245522203668861796784752407660409501299623496779300798308014188535
897 3236116772043776782288051158084223654864163373222352455201461353909460504457786387729392288441832762296781623099668981165740335594188158004516482826085767466175351410016988112906675942388308798431568308235869322806847961711801296049028004897372890378048033854009581845399738724559826532008223252421293838222147070203283834712620670794239298010325606554350103891175895331301931976254307935775059931036559005930585946389083774961136801054146732680195972793460599959970742169581337598703730398636742601183645560255386464120756909085741601650185346920912107784604340272675264782675637646942246318996002
898 15030727202763657031925432743223384161284707059550848609872971102345336369014263594774665052769375198481527545194144048164574085375811640456928648213607034388276627577619951784173794931388282198828701636852690774086358830490952650647979077273068224365374502129124163290963053452673874220631242705425252961082290610235635665154856529572206661659623298006147656831304328735988013436063989499961985243821084779277919025964124478256367621602219238580922602330493178017826765628125524560656350703190865318325292771076564285958470962437751004983865673751899549870200646449406720783547014050810129177215229
899 69812919668290389140782089109046667555526290595696267199805696937979121374369201433188096435582743876569610856876062949911303916282966014583785393798152729865486361925134428572330312916993927194770412383218872737432546755127799159548800805395834049154598505014921746395457201088854468672059681837657268846246757731211784810096412581202999759563246385077880488136207714663692119738798055850442347370873425482998082726207009362613809453866982840003776873255795821980905299390497844863452581320768494621157292536872490821383984903369215681442008165655109087763480204552518704958887974027642057092923861
900 324258679361503366141830477600293657362853672774696859029460392263416595176019490011632579463247526285089446338486398177629056635678507040443211449989105422594227667895386879990203223872380327321296551466041956431612805706557980198336096831488366244782908681832363102619962822222066067998873302785744829712869030358015587546407431054634089496954149126012163030944760772750463090346191193538336833572228398113347426486754422078540013563569891280538123324079693650649099655741598292024362938864201453625642602226070433052751883308821894230761249532296596974372981109933093613105867453400788567508252000
901 1506077838326297520917324409900514317621252675527890320797075473965822031046563874622270668530967100060442895435758071413870705720640731182073523547031651278858686543197126130107053096614847442108484379032503518529916424510730396228600002113208657537368229161215781484417627198476973472397633236160079254923253973962305699275721977780933217624932422643025471231373316615322520346227094907840677051760381985295374928333452910068441974658632360964166597993950520449050254870056808631354813061114054913285339049193405520622614575224159482603120926616236931962818422894297628805545647376660390029483914093
902 6995249778861915463921444686103802584864364474462034052974854245511439021043357239347002780944840547085670519128355664990701094772742563613676912620917501688164156483835957853031685305270150547132582204727462541924601247280155117316022805882524045622215027310580719194236519604435152361077414049871594180735783419173583833597411653509174944186436237117786688785030794750666567419605031418390860029104796806865532943216504728127699005579483330025046506272514597548686888028405610022680186334365068711438941855241494794314450450663248408026402592702850054850774606583579558276465040454587279141354930803
903 32490697508069993358661636071804775203491750685927240256356991085782594452709626802589450377472621303911691234904746582431056447565087578304047125947305793958197474280392665222587478493787852501341203195563673871424558175876914873904622980410047765719238101886553662595635197470888363129017279943202262710584379060822845050441377348796027675631347163955141564820537639553650454100267301950489702171829148969386334633595775468064319885222127564766533449480530761865684088846735745181665458772073244654377296784363151140991914540010146093288974581900526020006985599149413632184302765871478485167090304690
904 150908896455825020956542254727088548682692336043213748595737666363960841015517343272814558016408597963302371957345210349921729844845010018890378830129551337704646695769061692009790565006406724163107104394881655327388029650190575594113392213866631609829987832416819377283307973778887163797093162710114417514332270655410351333987694861652983452251174993332994385790206789724612079528584271905676831674901047353179468603716887067317491843480793490120719298112371382116063426946962175706315193791178965557536938659884540000976187907072744386249275135264407552668267575182471268525318574050517090491840669321
905 700923549697831792630574312197394760346854732779006676725677171939734905371736699120264537680102580063000437048066807384927644631855075788052661252706995756799883896490292522444999481485076797211422942511053445345383130888714226178736674806334623455607233317175913656213428190978059002568406373735567290660240293040986700619598631076752407389165209347805936303252019528150849286900211102351598939678055598968298509564771269847526390502955464667202232110276944705147319204165113025546647629722723155683672452876498952075837701685561476606046040455940041293169169457382121986434853171816951337625292204121
906 3255565669482073378637744345275452336418171538801616339792770743213456470885440984842463007760242818863017795201770671639840186726105790926606821411496025843644426660270500397507530439639588390278715107990094411792033910032730939032096809056411582827408742363057118876378872613220893215184651472249763045679734756536453619832569334516719993712831789686628469378126763236671159380593345138355509067632757473266888755554604102281945140396500246286461515378738063392081876991255829126415730103825737846658622051690142166339463713505759623337918647066742550957865014502629704619504928317867547480371309912968
907 15121061109844810569114843633489310406838029104544510586560254648745684747615263984456768743889506928247319221891168815809177112421944476273858847644682137856242567976649531580420450511247611904830896140844655298585287848825983559094425567090377195435828565538508041051519351152678580384616174514400706190897173434654806054012197331538196439101923861890341774432872081408875894821535979753073566170019931701873362681310179527692819184901444363103275716299728814875087255376420484819503512560752407068989227267466627885118133922618725319162746805728820343380524603125966231933765987200214678908054596821033
908 70232491769713387945905887558364062980533136383094200958681059266114286483482447392902378367111600457215402842181140632495750346143096789713869110030137483918909974826395017735775671548256588783980991798362130879599629360943143816842860415534902762630898665556739239775277780059101266593002629873493467814017400596708791623789990893094233262433803510797615693375396429487465460512983313952597981044344428655620611105401682288525076390498200399690711196681051584315787451936374820997173942485177131102084154851739767474170333823797671408034247082522960839037782192771033740810095736839293114306824389581215
909 326207457555436248423964540501547139418325582245038919129960457517361198563489636402562755901459836161796847088604362923579496539513747094126881642439640862224060938898045632535149149625002897033429597952433234502818236330414101387635985277520862379113392263892789506208554765179140135297717842402271590091935416505731625461457867024676774251061601849179539607175201541407281486143048490057081399897123351999722853417195940642793283952727717611022604754437713241344901975165385509539735939885270557972948005096260633571899557504226743987291115492941606836309967314871207972753891901107302546471523483116514
910 1515129289641263654604848192896439356576892250702889694632886437163072600193537396585091133961142630833524849300383859057423812027503204573493247900309528071497733725989138512190149761480881567310005823480791304247201283288832213807374773593483249528295531365670882599143707981786008498790783150659993584878933972616382240421392022208860911749385342343417934041918724494129336045786729456269820689268319693547191878852142301821091296160838861219638821856450134115275785750766519083757093992289463796480117051172493452357584974619393213551544227140947475278568118700329420088844648744206719033431750665644197
911 7037290874745618611043227512071624692591668491356574902154409195779464115368990448822432357192357536446974322928859364088772378415430798735394247355463375855047958488560027476571025199701203973765604116685839079392597628638221649662595359567779809005031949653580290928944483023458893237825944053096557688715757052837942856080667398409094256728030759748786996785041671552667595816134237003166519304319038701986405443232845348221191507275590814864878451721671724882854474586826529202615823127247995818595358385938530349039867645173544086468042065792163405781564028530438641920345371889044601915144584081164781
912 32685964949897838475787399706746404480864269730042659074235583143977688417734878455390664561132023714996534884798706728845700557253325209054188586988555899710267960421389057967405169651810483234095487107478194683803549822294987494384969592203315237433253865129154979296278169492667341000292600577371716182875477089716529538453574188609047220339954279247275999635349505000089686058116694363323584206627659560477330989513223555725036387584511283509689103068865359926213552195602061782871551504855292693451298777586424363401123753557368926163062168477196808534586765371958044533355897086019305207500915966781616
913 151815851258893591436150393138255009649290469065201958899710705919306789029155668046088817112232024667176732794342405233492942108568680631365873609017083410846781477980538342433244059282116540858748755274334501327987455943995524950379523236421859915492090239536464319976688877431207579627623327173142155995428966834274808793417347628984360773907010297732521300446741646674427854282652977084684382583135064028990519246252606500125091512211831568298746858155951010676454749297803972664586627922887200061274706927436489262721637518830988006597748364465844923694836239081555751711940148684407896797001278402538101
914 705136064631756898669039134515005177506560677378019113965190679646906069726839086097597221794909154478084869588701475082229363675786838280063619610022371882101470977819332641197771161975329780571035984043021786591897617637938389294663262004800752912806059863880696653076363352884794539770237356935808371308021268256755441633988858890646132296711203366714095207634227228258246347292822723988709635060439621549498002534720508155019900027318404718674776540700224376292400240908533259333420269184992626007049414140472224700520360338067774443641762564697095062172729771639163262075718800074636890966079380729965115
915 3275131453806168749549106372851041912528608004116221772998142593625572186655460721740287711002283282750367960996588406100476759134817410245760077728109151079094721318225100561473135009278495857226941732576214257558696699159300332352233537163018684244567720685175229622942480792467618866759832362967334617666895565743204986795870900146998519706130770969451075550415360897935723994324168835446973275299960036670409766550426217444321091393768953848206860756119517644749316518270648730117799590091471716550096979930618395424192736866898178108416146768011322700958976890072621223767677894707259426646259037382247090
916 15211937919119481801556164993231283367646143374091238200288155212874338913595403856463356935682220170279246680496826305511593606129673129975043848082666945395391205374886984903138550212787728295284420914002605201128475324617268540150037647258532970525549661230883884111778974395097744164581388971182511624252531187027929195186507463363215431384059947437704952158859289774936964616172782818395784328732100497718344863385116533984789781748192708710644020639155486008356132884670444342570256807454559292984880947407381890762998601354601321205221473342721078718346540059270867587442090554652576761519792264278000913
917 70654585478155960670572862664428980466418125400777571574893718157618381087856917137503552890470486011646438500820464799630265126695816598168330374995439205738828207309514836749930319870082716647033566204408999922899271447741368303517101121265651707796543677868643241575010826237590694122639028994714030741187430703432844336712284435280019864928017622532746592432064125740627948151358206153677565307663349094750086065394974779667303101367112944997969226335225014418322908365664401554465432416996934595690850620303483363306244958555548701450362534332939616690296706082180518320448128954751217900303969614471369169
918 328167947807336634971932879198476588255799972628663083922561053912924171465359098873708912735857554386442372530072992736601447871181565923400216137954450917058456052519685393841046894093172847701664836906505230848027892670482213647602227282119218674363725236203003100495221197745770784306972995253427293507082022613585369804252125306927031378971229344000144334048163267633055844297917309343090074363004858316517220894193129674002025660726338130792131370517348510514538995759824455210355843784614003274519372996853658468065619540271869966681536529425922330378816231162190235319915066819698347886900919478048112984
919 1524235139718911436602546376938370121578568395923213095441194308282922490878016886449569195509704197690984638082819993003931670994252442166872136416110897896600148283726524527046673332450454908738607823363093240434672079720591792324289185796640350855957370012067147944863312425497758670466797814828599101921329079889263494230778512323187118683162714247513452007208071414756725782290843975916886068278131554887712056509967548487298494942006287809981346136142830210957637857375297112229907253965700522674403168428242907670259752860493173503751425199544429437459403885879548342500465341083233851266260235926224506641
920 7079584635480324444685313505646222441653468094549464816443427328262878340147828283450877318035121596589047515336002040836982338689105557885635361173157481521038608965675135967086129802217189050928378703973169470845077717156052914806066281827072064361887499470055659955131861721375001950174163277510414182020606509908507237136921786698332190642025074591044343727833300101923760052444219305858015595647027016051324694872441668377766582454776363002130119358348220012180974874636664994734238619114981843523009074346822863458501668382764189331493183910917969776757490176751628786373958627364765461814109809885103767559
921 32882405939133476865342274705980653432678050990329559170444288392976160952098455614773823706197331177981663160574443374574518596356881183067775255432214328750575239181858957182906763594855972586619330460748208478899287367534016503295692628011840772733810851139809440924502160843136677389975223244345955822755412895528113244327428530885603065672916495114571480156745676746478187744005020135210135894928200783794688166288654895490171293341881954903078710991083782419126276117444708253145503605262912273447634359588531862450178596978545672035598400007941549820737749620284814368669915367758799209305786857706346178082
922 152728256814264561372568445379450430326525355717138676365912284458419084808616872285303634938550064358350986060421131035706973585739957318783088024659653118612409328451461807191012297271486553836249138633404178173959666261574381126538674135733113643642984714516207980302443605383567761513616472260565442825219132393551662830211297361738920105437774179905558124039371223512639579660572895110799429055141360110139682253990131805045214379579691167132088623899453221864078560034069635052351784040433399168529315488899747571957194779398273238043928588150249691361153281440693629312192768695762585278445880995744223108749
923 709373896566482151932177588780990001834240371299334687319162126766306439702760432066675371178616952765203787212674533802842033392442796546123147190898138575946572982885364517576066105524549213919499245837108045219608361065197798906338799232655305401868312191472355433760169139086952026686445440792907617697076966052302713018130171472996548553370430140264894159501821625073984765911805509124610620571836917632384652451882890580747342678277123810585935625723279921299802803743322293798453513097834352014767246154259061611092538873173474476152149905658598530751138319016910009571379136680954894143754515447025650108485
924 3294814827500309885445905451582588508038326548486736680548831218677932828247992584338616826475070901284502228278319462819774798418670731393588367847687307814128364784215787429444198250486644645329592465825037746123085584296945696902713624580520924044333717564053767381724174988610900057127507852051441297015202957185411492303164776343829244778347061445045629618112715637114513183130352690172267094044008695800720930134450186217789791581913148324410924140564208949032499157185524553450587957973605433959919947171308385739789022613056697580186975325914523286216838090238697772055099200144629111555914804141797904591360
925 15303360893402279882998029411307792528823058467706533474010945150581784607782034285127026661976581904271412898466529723909397853493624575477212991187867455740216047518151673435164837827112526329542909790305404999788488484111724270795386338140434952977010189902118211954362457844295328313324978510169252565651100639762405578699919321813467577177645747100702221533345549215473229746176716123423505609635738140917853475273997734234284887464902576494774034666559188320132590699741288988791446868737199628665863316363611311228991743540167355907698967589326495917723125799617420944342353480382098411388442164423281419460541
926 71079215948348223066766074005631896254952517145177226991401606910005591714660706975583314331569221012136697221653458126665718981765600571047507452154799268120084501604207199024757923994163822949038160657516616394767471071050605062642737891491359484994130153467819646095119734238227982194454468957923976389680397430662413455479172280230980503447837183962160191044893015029538505342339337192749574392486140397119169395180980361006109919713058963017671407848013494672775516772142287394562316190401003480992697731883061284952695909984372621096895735768682154628032062051506588410769590590212534200372856089598365231403459
927 330140220506078057538982835030685875986682644678324351208518949345722657504532908101684671237682457436743127579867166036429924694343906236972420663736394753207173395369865783775452426500501266384666223495222211136913586324740881289373601491953760635897379156804793730208847599299691703805858749712196149109056349337475131162250642198534084371502195329595918965242882478526614712995557966628214897521434800070644530584145628063013469131410256482314574774425020544195430324272727855854556376592763814829862325989859047682867683852252652747727749025167358671266489903229872804300344772614604841381831883500209825912533810
928 1533395715493041681964009366351499228864549721441058368950423544658447890662465523711802645320193006139569953705683864921809555035553440527174300944325672728663018992347452058599073955349531140359937388890243439332056694022051654525408053986531958828039396566444975297005552878466609641132097920929950993760029879246967776016918119412182861337913247263780281229213798215182805692614000838745650337455993139349539604844137728717922124255087228325271213617335431843925191460554287095633597818445558443974870004683827033416499079526147285323751214336420078601305810097755220794661722067033002670958748647372639251764914393
929 7122132579568954696642953390295281591716852723785551219908212649913633035009373861846296881143218142612153163821115417797916258333072059169099286520878835078668291727629677864489885707227614696350196603788370684492617969675012727000836164748957548473597128081526468623366323785063964503766416432810008276667978386368697050406560371463019802415987271907135219523721354337298087173286792244733407427118889502217754323316332744347872300499478048483996189262969772403023235994656487839293992101579515150588475045604725004265282642216509903044951322450273056037121176311214030148946583624182516903928377722672884114966574729
930 33080027528737225140224848171793076134135744100257988801104368748472824058069572891736323862553704050813820629929282424712857401849217548558058285102972449073890360143381111729346246948066083067720776084582618958711189686543725182943998990554342261939653272468012899512390315599902287265317320616786808556106662972883724749337535125307640302227164967848837749956609142318917206328296435801337047429333691423892472367291633057010240959654888818056557952743981971302743915184572676615577612204811182423782653122778147949701261908378212394340977169558586592846281537815876055578205607042814206950452484765688780060484667176
931 153646145880682425629777671122166492783303255217647690736011014338325572542980739459067064693740657648260966561727580858762326155581432663505915439065166225274760571677216758885495049142997899292322918184741503783621033967601945612272456129025359770429409449567086369992607833579551185311967092400852669935445107881187739087922140957858985128818448322127717370249538607042320138545495643882025109032307338231770607355202191753602541115379058866392038195413771035230766392318471809642848253544414636818917371661444162831259414437389825568544529640370422490111920593836442459449150193310427545928922305671799939794651275065
932 713637197655896516188022186792105277198797541015153376198901586047951729614729536191936606163778246291089489473812180938204680338289814223923294630437658744292106199168164734244664842837703299848672429453719699988363838156851215868592751565487580554870266092567811631926832864351834988490044447273980359097888860626018786826098797551819404274260039897402922475089637346092932547898255762526636920241090287855270574735099164520127534088624463458198433447619658480022075825855314175699101541527261120841182121480672812448519324515924822313181015074161222126950384308165338353527520853724167294843940117680629000422394170671
933 3314616497270638422138008157893912732366564204831662439395395178122330638755034121569355046991069778833147760985877308815055263847296106309128545983204417102054422980351887035765700959071156009425016437412647798949600086445220444496045648857128894390958878272119634671461098722357574454020379303009025873532166294882790753032265980920719386662620126228834238572902108245614941923132737740744035683706735753208365342554349323925466369115993411027890124741872466070375960360703479495013871632458390361178998599902507599821744937724755127938508089244998382333586295462819948997337856366213390002528258942242545818001206141154
934 15395333315117164050539095691838099298546342464600604114939947034119252063607423129297507448020670418428852988099000053246923549285421050790840029507187073393183405269762473070575521754141795994730161108668428292717258669380409310937450334957708626703813476652190729386080161524524873606361113589276389528694846628907400983867123837599358021756690518221181176036731640005881837312050202839579546818277382529809961055141594780138611569894316663266458504422701448662046912881620844924206108698388861960659231030437691969334654965923405036394966770815479840400175715096322916868842314184098202230114909153036265558342862185653
935 71506398426099449176600230315922549355480431489108855472956485755047332292497852207682168457511086951785422985491262005797268566054833250429430224194898346417947878992089993853750198141158581040487992532482290654992405875508307665574941512958109845852072761054323798552849960257384894856539374473755488596053762959373339487735552804828630198167735488903196920819791369095023301385517395584886682824100401119050142465425209511633288449407788816351838167399937124449200130956116879171967748574946740964061621885815084786482574987326487163558883326984251288753888166551581579732880974678534163434518554387563453399018994621149
936 332124346463567602768197405422917471376528615350240452458032237450908452148909346916217259635892034518672170684062982074645017099469740527368530056342025324346210901842900347947937284089302872846476672829905505369141751614751334630061007221696870556614782381437847831301664943477742981676304848791237654316469219767393033580546721959112312162414852867940559698039870071352662778777499998062059754127682011902194615817209029349845477360211090275361410994827926382281506501187071336787835340187101362629968971561079328277347921082496846306536334130590182475156895055620741952101540260311148080485730770910536921713843027004752
937 1542611345862310743742693784456022325535184994329610762328400027325691704598457512763488991889824675884116930336072714361989753302734969731287260682965960666717879092740053472171032228413334204327444385098927746398364371442564994978335222935285494378482747786336393462442484538798730825754692450666588072006469753599206250055871573665166134004965073649596501198843314884800925022705010396745198798995829222559393338536242730951220774639887557125564785582339571612610661013974781418531299993554373744761216029516531100210865032526018131127561507193000812211632303784212222398877076580465647681047466762981311121757080468532549
938 7164936234640556533877214332469778445809134590716036800844066067900266873051144755251825237641245811127076817338404853515021889388015651665932556231250004767917523904604044774270391843635704301703333552011208704954197370522509872691427981124604824618500164202901588956932086785905256219843555637939029104834336354554252906753614910560790465861526402116537839173509343676960328374058646352579322523915387649318104866673950640666609878150757981136240620808767926665782950066189469653348505800800988184858213333118961897796688693551085977470757106381544866511125021001739081378410637797631753950902723044601759872893108150506251
939 33278836814057333197814254722957488503760862499251504509273671523066865808482163385584228028364898062679168487869535984634142066643142693927619944855223001258716452387052441773441196380687297022050348601026490703882077469300720905091098158904574831283669106490207838402683258011215952831143857345872424363728832356845272753378970030259839380193951915072609561768361430211646854508249354499818497456090552968738466538987738856775587273440062950442252566704440445270458722031612608742067058594121178756483251419956992095036089492869681626375245725813736829000716372040518934825022109691123270280690263993785516837750103243425842
940 154569551413770069676186539772309688043406080528047679872310777577119691451397018314618323508844553583906005751680089976214317403286205602094351929697286502846573725073229244374387728413501659529790594536369188216015336679508565271172353572621622301616779523894222451340487193362775161254235092936982997594687212985168897919253418667262036320882641208753358915715261952386347637364478182886526157863436759541823446659880822919575699289799040289029564930250839933599576300498198827212676164003604939614578208961195592339449627917018841296169420101404902295526398578991905225940384161752684271252599654464667776890783435378715617
941 717926120968326100013007222763506205561972327124565346969401573864319869970825536716724574585801009032015384232168565139682614343917270770798155265709674629908441675341483308364340399925107130030258076691154169918385594617990553868979808307967360562057794429343198362792963898175073842521701676540596581338666094295537856208271726235733914694262447439195773496355541880953025786639282114440345465756042346247226323601992176243710917706100268364568947781521153870113678895710373010538283844322560387826824895541084805918223388882284851442760194323685184332363462818865556797843753931099573629266156446253517695830149626054470785
942 3334537174070564013211013660869152822515517598818420561936819491642551225266336863272372446293994355637867146097357336426303551052355618204304846109992727875404962777499719309869213510219829897941625626771522232249412165444284717863146187338486972676986117931273771878237382180049788817218606989786243286067348542120913542227890111457207743558579262707069768509526983400411209109071134675850604537580693304075627914292024023037914986153413468336748334802814026553374281683679773468117170352550668310993373639825382938169486076796343667557929841992906839041685971883565840833174683236228089073484396809582594419862577538591238392
943 15487858486415294822674238618435670988729522019391568212660076413986763450140631921964202433474263111762571748204371835961125760795140578042846183722985743964973302009016939720545064263886058596451829638577290317559261639932600035646827142774240194785751954963416633267952650001677881474628190348154032572288195034142401098573474585748013998333081530497331694147682736013929311201815558363095365291958489116796210726739102621579368791245701066607253166629022704007596991702442328194465130014509200173837707423515620029453922582289151653858570077304862026268339339585546661850007778947446762505895359882441537628478431778730853025
944 71936148248845452447754191885841152907937836461291068293391275690043137539327505561746584331338236142198071168983282949630331670517961306147753135428696918667939867258890601610410302756768689483164673899850046526424298601573387325454342939953781079716788536883000937183831246266123103801263988149389065105339120708409972407295961076315212396370899490263865885542053262796917022586448022534240100396993960807978928544077566168160644497206936980940674161921286441693250916385366574726690181633624107172989187184367818884477473710660404730592165698260287315069039573643142459645340341548652547336126725806122877345655443839217148695
945 334120396917288322371598363324388863316112300310882166214587328217170910436186041505981733997970574080787706148735383013901357085124623268978723710170571688625158889119328221387749738169210149347634672111778465539357039357096776885665149980380280031448489934110641649860222167845197007925824109064502271995623462747636652279478915581582914402463504267574055312977056021639544151998966681549066308427792215485763586856650884974484445220376379147328773419736807897547510981611192745218879717083610710285314200392043331578299736395062728586677526914140502885746998394087817908203340589023841662252559057374439061056333969884822393890
946 1551882361702039194980704407617405459651858413175670116690751838706218117092918363732263821120551591123289001034214006438873838384985560446950127355630813861591817044004889687364626446964899008320936989216628512643077185747660833889491570696328234186324725873067098154554800709113457943176181607011425896750702923281309108562783880713548364160636493279147308083250473128455358464168955792177595297678047522456429888362354812805020596019094657008471684829865530527789536311925647480093602617788152243864730296303027109968091250196152667812514375410662591688931495753342208318867688106036419967310250771346726209345876181994059877661
947 7207997137505150108866345571726323181555468308762350202554220208192762832473003798321621644316677510011238395499362151715780291771868152537319322244039262777765105818053833070174651431594475894366051266784625421119023251327236410896043820243343329303039093426934521739003123944464519774260941332039034327220630264265702202182073924025916757859472729317212432981176750773814746876656972793721515347571056485726279453387319641405294091658347637820219974638435030035326426602982807763687753558737349144726243926021273408044609070179278947058997294818804753405963208207514156698183776942536630110237964191855721369888389240290437803957
948 33478840933084733546135736952530197622759366120238979426458858284960127134386293263668246006966601153999392674200140242544855050908475092028375330915922582292577828310988766566139092986796208266900195380994291845813881140938885029914659136575031498854103539906009790788044017578696409030191941547470948222530830233262443581938524252568487290159927936286784847144667558437585175577219155028164051446666711841392045636478978640780314056569552841142814305554318819478109622149187431407332857687484323731349377259761259104741119655234274424255885121137904036112964917452742282904749218426424062724485826437614753723594363127280075859616
949 155498506567211998712751513584794458868980834358897240186485489018842812468611815021807315415858975210920964175953943023869777233004646019145019953374914655175766275204031776481573947290155841026056801746702640641501923498080536652877629699864278992839566843654369451155095074528280291561861521367774445727363400504700794226271589731614810991747787997140057271463925768244779015981685063437446480968168139368895458271227941505294612274178544408126899770039758035370324150361569608233887474292519028256081144342298443865132232703480695878976019715599211369631053676216758390629125628614308763986904640167897282227957575647355793554701
950 722240820492029877588198061612697063883245047210446110553593963831933226623805093980715698621372683392320450420000971518285380210171056342125553339446540016481319582477897021338226683624755140639713710963405687680837087796135293622434294184615320289431363369325669898922014931201327005396792459563666284677347907296588196823395484316745413020428907114866027601012068679506082581206178245048852660850864191456521549381517354995361102908390910986216968794796780833674529157997527432018575500462134176244559084686799418554800981607719787772470575631768449468630600897200116206986241953969941993657775877862152938469168448915765826992147
951 3354577573126290195095241433068400811750447208392323745310326532011791769953598987621554006724474762524242068603608219439707547367678010761202728646923036895454523571166646054628167097606033182019527405313079153042235374004634456346985376919335243449040131829979115291840302477439680298226744971975227611856578186319100084237258818383858387636161439745474872283537767852188673122700219495349361857141388533842477785602673392523690313176794132733656787659326929510617933519568195815635444407189560405406900001103286203868209824520773654329046629741330829329528231247695348886376185136182747390799053158844841994816897511786955355722162
952 15580939729293593477055358892456628045215234456358961222987501367885918313983072255292310627138135003370739481176384056093850951069751852888180355987573539441097017521372201336683684083048381439547181221372317954168156949381609973806198792760840267311360660365351773286870785946585921114987144160081734143019096853958537086055509281380329479524712309823892750191957404697314258111883631606128585115716833217968734848698309590497523349057123424713760288372219298451303677842326835312730838371869400181767144595698072906306896098469396749202457351890042267838584413997528030854293908400960225332462360448509649078451479776822729522985001
953 72368480846199256581605851206264567484845316288799186497041233319329781829785546257729514657930781994281392052235883369075872789344150101704592512990730867301231979498809917307038735254127478434921435786676848285153405814576213747051169331820948351250637408773681874301081528582342313398806526037795294002316913827517938887085611994376371825623680947230456073124903686061318323968180980126972025313752087221656357305326130697617711176637092268504699667442173297787097252421153436689573071365657819708013740713727186991679290321185956224106348993479481165533267793382224325745771120318816663655452781572870332436776460122391633719318969
954 336128443532856923065297311049374421795857148078430154812447192845245585973007264173560673122721721174607910895554271105671551874758714619313579142886997347295945225260541470275988471308074211869252541260101784746948479924526640546102586197679836777618311868227339880498809477682773368268286672984129457706181223739762414539603460517895412595865263186127603427012233082527017478387369488472528483941657935673512682861468589422102355624668200863618147862260037938081563231877512101053827893796273871294703187093674624361337879250191832796858022525935590071189298282390259135564366400473121306186833765012191003108796621978083974139665096
955 1561209095876091480276568217722611054096662374941426623964848677380267537623762272442121019563884282805256190264370038063773611277799213520394749433911369476775661971410650088197996247488134011462221880997010486757242182628002535936420919243856261063285423103527074299862633726719943354246939824054434268119626498587550866937191842875410632457923790207645272795814382170160749371998669554727650185955713970945058527976818176005614096940612852536436228667475551820830479253051721991908382823724680323865601326332043096292866921911577818847990101025733636366119394340242787325025726952904469274329975692805429506878363375000149965144914761
956 7251316834208905740949060274694142314088516393545668297716564565131206127387130790905268911676839154302962931768390807651256130564033201902956281597780782416712471631432866274195143589787151347405390126021774052533562783624170341978512109869843752311843560204740216848990986591093800983998942991645146398394160526063206994244243014776237122756405494886514840250406767169492573108412926071008144093354531838640370921994500257347150120531860032363637154560625663931721397925481277325929186183634041336944670970052407281456855134143471674319434989573987510757030391816453329708592448850566954125770593999311207533945049180956228970345976767
957 33680047066709321660537796500546267578351884728787835147603308611788761198671507543809456829318734051409926373792996103048299740505741483545288834946506185457260684085299407640937861153736804444651528970218946190789969098821273404643036342231931343433876264952055587101108599409960392338667636906574083292261157610546875957148070527243523019649234461473030457531132925427505808058845111210068897024846516430488649704266899146182855717388460967670961188534913506636494993002629369523854459372248868221890883937559582588020736166013336490732541140955772240920487063529155215438964813330304158048661906075684038514411033691227709719495958498
958 156433044693944677948061879487927384662687389438678564092931413323927832938959460720971790802825628739634312584414484060298161495236233466043910519907732826856727386652054009863456146941189855287174344880699461950671992371065671465052600987358753561060785179301582353908506088497337220384620024349207763632487918973402424615154046006331894041098877172490717800566761860325690664765759696117707850851990524949199285857985035258978974712961838476606571301406496357675228444053911177146877967668153795669022071841368865171412029878843618191861318087434033230120829697927840576840180394982857152836541709936772484722157636992208323125143828933
959 726581451140728438498379268219886415152929063782081921460912829610792461188610410341448043916276481486530262168747607082844247923163728568207392102159534462266276205826993132277556276992645774680879995050273652726255491783768844342921013722706892463776969566574701864935315425609373565421156440927333858075722736140164553071721451652169008994900299576735486512975043899076863380935463348693685435202562851492556147014416924133935971676120251375087002747162904453127717220091905765493512898026732335520288518749167469177597456491343514069004561473301601313717541189099913959610593226185906617932233179181016108693453786019060025295729280205
960 3374738413962493661287330288652223296610909198272539131898881391052110599845740696873787057447035858995959109458238136211214121168004413350527883742585714776465659311902378141578952353070846045784597991352968477527885107083492574717236622425864076882363655164213417891049732849717647414366713253034086619433539461380262697088039782725751196380996227419726349078267918829240137958964992651284268667403819236735908068145793001517959387397158749041705929888083762260617557902117826196131862927856347604489752194741868048332119458406283983547521336606878524592142812102296115713324270684126111010885667897847288429542347459785076615697502816752
961 15674580385714014064691924735585220990758456683669918914934410468440173010460501135799783825587275572940343631110506909798408640646253273760347616399210371323450777005915677554797120617695952193623186394683778584379014341908467214403923115774982609071185081047134513358071873101255126969260824008862195650790737534352630183921143926610893152104960000242484235969805213869083636792133831764728910728663629804379142125004447551181972115685389438246534264140463714497141875908163861453928443578583953089910953569992468725554148100912931710872738155687657642886038972109994023855856057171633954255348737242794166363974287302787383792850485446933
962 72803411740505075885195848319840653461571293067089885776278680664863842221237064073211791889856576401020970991335099700550923065580880361515556926122638186139051175271644650346102114209994744796396982135939197486151804934369424130002490654140996681543216175502311014864392726741555533611500820133167166556391401265979836906790396735350512813648574286663320543299770467573580916558215031981108321074717406018114352887564023009361734540969941166981219645306973143907891593942426524928426260032886168534874737502111933411994634252264578094297712692482330627181349999935252121160202452779691588519576726399481031081259716728511874152592866654939
963 338148558406596828091252461026359161486942348437081482015870416815624167488753119895140327982999257985908860305153994224423601846498586648093243522890270554608622166531978539361586642416639003966161671744114398275961788183043283181252958270725429836773189787412413205576441434520529811692939848465447820912644170056796963821294861025465152663995701678534741253247654593211226790437544410741737723854027721334245590975319439067078226213498872459330477376709295532592316915371849926028245657191121800949137711014801785996724514125064087226075597066558947076044936400761603867209309946615489011190495713260153906915188849189159775867477325381554
964 1570591883248826963455565785805133398722532377627555969905016410968436732450103536278479265453837996699500917340910256289364871237065185747852885017144529746134266338627821340296592313657359175254633602405723069500493426339418155573343087304143149934297641730499767543596603859316602719764943091109515364424461270360606643405824229319356831198826053570705411371378082375054391709809423791782476462958696430674552154402656663856628836843942448928939417029602887477793811329628807620275198929840459251380722420886598318780018595688325844498291253347305150758633108903068297502514449770520519748110688586260071031130603804961767751785743859992497
965 7294896880089652709725253141020500784361672131014391543061717443887701025988383833773048945645266835944020260070499852293959688029490970877392903350866152131771386404183643518726946745049762718799056932736598726608710758656241714528330213919431463259321816470065842254610271887662376568522870161029733153369187219376979082863998091404734175592114076040134480268485161161632435584975771859116370219898361437949057642765075274115638318310440433324598841234788174430941191595175541829935604678570325126495192170894899410171549532513267695070287662179317734307889011166709765407770431501095929067983445620947718406101420187952841150163229485642801
966 33882462438977776572296549685300681615085064906179148241272955571450743650512397935596091864667253321571676556130535377139108662458413487177564139609841607396462361741900323300156589333549070303351984451051056770541875040142949962797375963881131598674028838317083427741551681934242987672422227787172576212079972918986977180171639475465450924572719704073791785497358062252685062938566907764097558117216318868180452696099056633325352142254880039455321801735158692843376179846887939956397250713911751289938581359882311720203860856390749603086387887020881989799079326434826024751477868051500253685310971405055682445001460909601481288297523740102808
967 157373199347354026758020709899836876773145155719468344364126785505668211205261324833117518757854685834752663964796044134597086201503166473019183596833296030414333927992129153681888567500936890523690163712350615846332896105497602440084263922715292808016448291838900893905741394724214985890421833630985760493179700944500584690385153711139250195971824072344778886198484855231695241482502469276511383143714442248002449878823345630206298773760861387338200891636474866014151247656477912256313392159990381297041520084378869325003619000695897456221736940154976996025239356105714990250055344658228917372117901199149840333167424275062792032083166816525105
968 730948168759165965036631223228544017462081902810838286903146217727757947775151731934246967989853500028878053289898527049732057936383569315104174626379503778571772124664780665377860593993603228559736650245345114034372017950508448398360575893138367206077386025989880584158927409082336621737162689611735133500061208317721967032293095252332517445880901006714092971865834624203176444606286355009910175755255171967812736221321122591657639076429108633836332397186937024488992688878299969419835134765102235072279559779357830376530600005547562615135410164911940146350268142948227669053850543408017374879395759165282052545905972370225163474775166230782247
969 3395020420428157867705664324472894538765813600122542230914981433347350923210812112397615852832245583894190466528105469665165452183668973986500691215220361824317144653366421605744584780288434200706106154101895162490477805166207323266345699467642216998549519138254155061244150007728666659171831527628997343903153700696661981887033067093362410468075562995174174176917149551613782731187189918397466090150864920356563716800004780733943834262040481929361735523916396492810862017892415242510873143057817551290812586615612829792362662528667232015788594478219064505498780613278139526825472140811956377035380421376687831127977059735868978488993773430391842
970 15768783817723532242899058368966956948854911891699223033822691146884383766150300724098083389806835938588301859463756806601334056802811254564987276052722260738137389509360293480518478236444468198296364293745183699908753613781531558160980296962087410193657040871665479918217304319403954415179079609185937124328917260353280194332929489533675746590650029194236215895154329174466767627376497690890349061440448991658044040118894214481469815293803815060131192816879025405773889286700010337768594669630474113486591867301662083461269305922729785469804422831186235616592213342807514843075845631858757432166075149669535173240733098269580681995115873697619117
971 73240956547395625016970043177106836059103335156970958415167288000941367416652542277193812284211484608112912156350319722790313926192811480335405325641319567175727899462422121835364574316295791283445156227920398695636118216604114983767805216741216136819196500980575347685124971436729950582610530633979974213575675394704574096741237199623065564116433247344840618912418736581856571849299873508611463249387021812153102424887761886485182654866869803902902710095836443946737643167768718081424536390992732215754292002733488362043469290640518313322289859370265258216113548144307636762838176337219585037752302359044325252814154786472894104292477389963012133
972 340180814068126702708085924241449269431343463702310555201819552995110576293171704187189266514334273894026609480124657216267045150877056654237801253703292191320337134899605692327501929755189587956204946017283664167475064552829950966148628499571522060790174394862937984303173489163980240029189669415509140050785217968670552035666321513852633312925576179827127081575364703072659498211863971052660545496981454653147156148226113979293294049716185633564558154496217868231233576248448444665249085192800933077717916490810224086478349482763718177076186643238802509259383333400540704310028261467676777666702152263042633723757511880423949322051222773514390336
973 1580031060697122800429570163428479797662078380592298572891959075555685393450800262722990908097994485570813045989899801244278244679293621932981210920682672849690636857072622354026469654978349642590199021787268512803162495581439062909136043250050434314821137621733232859275274538648954533463837920703425692134495610851673878971583395763018613501935750209258975335763818338585921164253540038828783354670941659089907074481630825914092494319157949170956760307348608767383162841389361050490888823676890118771503912899921615073811313335189252557010005370213593435161131780129304521630409049926846499743725125827664183849869947802044090761529524535196982109
974 7338738839832721653485776443893652527720407163802363930704086837669005168978594505951217848062117012577297916532253748513176596941976109320001138850943662610951079461418983109320371284721051831138587687977905575001505304821762164525376223829411239961280347146976858736000481517139430210863146889643788892168360361795339156916168103678209365593500793542120109047200865937626506856258794387821230325606822023276651427613116130103723524505876321369266830858314035473331932051599984732926691832802485075320764212211649951845972804364956155159362900977431001536683890181455563833324726022516605724052138774665199230721902061836987073822975317842926683491
975 34086094317352930945862942138745609346631059165625829702521000835408349096088170083577148171735810545344556088345624756133708821419400623692959431873481174009531192638060003842502783627248121761292685680327844202852903100288718613552815679117455821970550991892974213129086286566305945040138810891249119699510780420392910043945773321567503785630363697378055673543405232719331454696935580173483811196996553097674933381663097789862824820579509027090269708137436840131761267899287146484594929900963847849561469198685203931102959113443588948018527523742887790675854124366224779821652370770569564178288061704809097911736951920663630041872870678898143896114
976 158319004282480109724605030986403682003810217908468441437009828607728009257817121226529735725294428961827096944438823260274914346181297050712037724751520748238620009768900258631964351379636295774236740144420254744647427566046852883198882019541205933323843457767726780959744144649490607394330766541577820939630163911990358953354729217758285615090541915331763796384712825825889486393296406618893196601802639062720841545191030868873706280572318132273857642568469071706382919885606937479695905546697928289319952928062573846288223771747057708273922633909269844087180849339143092726029191077604186277442474816766651953825121095024171342382608420133901427833
977 735341130128705636710015593213212418202347671082982346087552739619366207458457982033271420508920646797941802535921378874829395224878045096309840425573461255956564084987566346856365046040482306549057746002884327299852980715629371725641060460055527378632902505991724817681541553278553359280214617259837228021185614315074725913406565589186506521370201776410305958429202778129010719926993167877517567198389620083858456981884844463108271552893056889094252080161047717430336951341736783286422390795026546496605205209847022107991203344441930680156209627741230458320678966867376540690709959651137333865386459049844954763714753419307791409037634244620312216041
978 3415424320722561896701901618168907849777770642099440253095543240113844812480507810111882425154850822510131322524136689804542615094099508033201984598277383479467298235375023137985405848051143414728976281570049610297080327044040176404379361309868750257003301815597413985112978895135276208814864170911552543143878252829986837125859876301766451778531002922255528873342803306484573249632937102056207065884044919701834289747115255584820520379594600132263778627394976420200329515768938791149005878802146266060050211966544434161529159904087741723399022588842121138796575189962112249946464489209769345785729380229708788602202414782802638683372286403897052544616
979 15863553407574855235037433040997139113158714831370744027495673350151616384789595776448791570377460017725257681969675886349497893554256139240120425039254933163202892255199682035399733284373600632184865303036397876222242009464990494002204932025536543566092712725180794649270080946688033974924289215636263807729014861993054192452389526987388426251549089121016251270580304822535105342918741437827685431233282661254538636153887924182347525634116624636179210359081031651608232905997488437147319266944730345158560406921055082327494795341452492408464604252865774872927300005117872088263009118238502814667930318718025432001902416137531635806197102490758035489881
980 73681130976352778135788256120943488563015841747315371480229159068559538187349514481566724199267777041500860412444290379215175382212917227110891504303410117972433769556860336405287578723595890507759469440584142963202884766706611176248515667711934913541287403617880975353317768233544199487890274927118880231565282562488317005757904494445103604623461519791231415532128292903084613381686346603600495440920685595371067573093183529567101217471872503360220155873906067129543950310632368732998990541042080565716682239124653005579920074537951995840079187124706614201168050536313124589992066682298683173560009928904880015914182812789316719165151119790579884653903
981 342225283482964536588630148308904265131420610502216365842940686849845470019070018414185060390498125991583102641673770272258522419776329769794075169745183606968158641764201587062957846756744894870104684468310555799902144552910544832303457049830145776242573773041807187248480031172660610110804377161156583095876196031178233457856053242118967195836662105635143319023923715137223635270336172218250593004855794528139096725159124559521179349749751290795660638562916727203043245651465145792994997323444479040562782093144605266201317374678775125444192261218629976531445847653545904400608573211785664414363496243197227471869142920726716572691143101703934632222946
982 1589526967122469068912134235763698080032769937829923291426371387078932767920881382783192158996470678933802847304589102459898270675020746812451736913467948279808565814191473510249992925038101406982250389017803911619305769343749693122106786266191494492808200687880810749668704082849159464764670229890090171651787091020170081380411789784316774869710063867525646286208915639832847379860352239855112150482586385730291516407947134762929773836695893537984026989915658581412913035550472233811153285142407316849088109188669209745822150287364399372826164393260197357556616126274005207517100307816582259099372189053337988839014243210635609740386263606749790174869461
983 7382844287527122577620555417457571720924762616091062510773671024489830414302175393360708986750741965025597685550868255699379861303073600672467855380543842381471830267463897939913574788096237919377616788836358789815996869866546899809283309028616842406784634376350629977685325695141594248841288876975511896016313884636770596383428102233147109735825356719092942508931523501431800323639121423308876927861719661877433955887185383514039402433574979769874443766112591224243052092678587451824833297668604335383150298687209019651282137295423333952592514019720526400253342769774835197135185351549372002415144110863414714033938867800620056657758101918021663780747197
984 34290950012974699957100867828122082680235503542375967702341817689764022540959770932522181995807520634872576089488268579881136383779582959389121376477568584866528175166286425143964118801298604312559590370424997949733618763592774514048132480902706056376328994615186180019882291564211604402080572372014739111136596404381988817305688171868211159593666364772586166200979741757761653453229259874020985477925131192738896810012389811216266348220532010296564921567765932149104839742487359843692792368981295857918101127810960157514140340929937993084169225263598005690449512122324611477050095057983293926410685260924671658017249976447766002267866415315862560744849040
985 159270493457229067806582936430925318659691468944742761458912833007069999139960790204969608612076709436130124982019136219130482151427778715566696734191099258690712773545360634717246372920706661516090408859343739385120625441215987742372705297509178096721699574746469563551456887678786779007052344748000107680070212848535248315043657665405495504895362230523881087014789695753772196493359090669246118602089715013012273214182471791341607585574708767865835630636928591488297244856791674078652256569954398855855509539443406734058133469793349053682855153998983910252356398416632383042963041767483472715642918283295295757125948699991203943582689932140846328548478437
986 739760492972958662842150558953938476823960822847562528606830168553298139554428500480039599888553676091955756871685966347532604142540567050008074325107805734825224308702056948527826828058950950929169854310209182424228691321783815125831834348582853379241850035615611282879244272202474219381202520709784083932575301347108249381405114866314561007168706311079425581007688631160156189038203766075828563979253323432794010495172194559194325048818403251828281817758837617559322492200890970633185521599325174558186578883056116867744286928843754006466058960976798167078071326771407073655407709518462043472114216321573809908318751397702398922693374617846428067614044587
987 3435950847421425512825243306521845878552242173842859353283815185629837552642502589234172689247452232392673238859333942871444565144412528440235740785284947944699642195952646843930398986880263624081854335126572926880736902412873516570840429763430485276260576455004335194229222629844924264099860309210683555006447678673345864554558279928146302863006248115033200712853488743896807702738772539724192506951134841464032621870182755972053961406595778923968009854177225772609955555507461454943097572880344786689599138849363714067293112529301273610321802949447335340369854543667324980405565003528683354260718140955697711667698548712907561101641801156416576482055088434
988 15958892557847857250980373507904729972390648202244378280282358802907159000607635978583345748310119890644843930324634862613730650904578948668433943859549016477343650743662821073535579634999952413029557147705878514601924346591899347755699949825722671858144322480261722957649187163941749578009751697983563392500083768877602315439466666545253359677616844336893510974620406476217822119701891206027995431992697573366551155175840700825835047370837233852073631811609445430583259259023589587469408210332767634413487339604628626215929111646213727738854067242895614301716719517564657512794185028519645053991149986820528067120971059867238249147769904553689208659398125697
989 74123950831271597582942791287226647516475614446339616132437390226681066217165281614429632059615343555456452725853924172004400286577239884024920326590834650891181024198185186759497646150304335964402311402679105898235936357111345894642546994746272572014597864653438876880253944906275400248567998383747898156382379147163731966050972860083206199586133023512569461191294798582960272199704514905201258836172483878835349560441866080153403868627150125935482441493276701962770023023863454556200139727738234161799777341942346455846019920991430379195089911659223954537484928026158183814755101165414285261838570401968773725735651902379911031052814283156591554368114219233
990 344282040055147376620422815355135624806125374587933863759015558668166175759573872470805577381973261281555018861607183486071683987440197005787142275164339210010145683061801987902769324009815704720392140541222631501785449635569897277130470244426652415950430924809481869088871918966729351428085414663136230374374891218776535808426515925042983627909637256736543741635517816066537982491118336523135139178855160465857020103518616620940122428537487824207443411808268705632788701370410349864463276045446457403002724209463777957052503546974559421850812419029444452909619545237897174693706137403394520586647995962028380704437287522718950791619722485226654076689946695736
991 1599079943463136589248856669218006563895496631987880100687678795388121284394659800915418937003419657191614339420676950906839001565334224977989899637494444277369703689900929404493410866490992562387646798360535683127688744467635030753975499418015389223492166305064276243366835575365252904017111720014645203402641251949736566525608514399815445791797887438631271904282289418161666944633211028875161178687768538886877042746904098800900849258504643912963632441653023816674123291761868512785449002815095144488377639139343500607393970747336855753587415148166261233716460238413535758431257366951515019534024620094898491744371851429340379506925887158774947263674013100225
992 7427214806722060490003967250765739840008821402330927880710358489691685050058595808474589682157818399454359970141735243023757660684580254713608783263513948687413154889997606214165780155542387230166393761219234874323765880888966210926046452796372523533519252114500534728299755155724159262884332129923257283730438801737943115199345689040890888656266024279295742278678001491143841917805580193965328038987002129793618431176653654933966721830074992467699339889373221672259143636238332407647183011971578871528778857992589598116103590107310594127524535571887499064961583422028539561122584424013579931622151797203967174176032799114100930069657420825936664975111130597943
993 34497036880922578340830976626502996502448596117460713261357965894024518278441001408900878103760775178394170661687710325894104643743964348571214369655631588004405031043492810746254817772211355675400464732454548342827790111784984357662663285595181583844711716354456092871457634910175569801751590699136279849309719490712464335714672349618898849180413739773203959689048836565404682424919092317801149824084230539926826964441124734175150428998085154395571626719219375741452749628420412776851676528203803328058970384547414765575436506663557767556153296444027094036438326451150467447559296369428480902755545338010436086148297096639711262751657009003435698056178982401570
994 160227701033592333155012983187036151986368210162625863659629857728724602790752714616349059073544037105205548376454969264046129564986668984489911116988355547448140949267366484508757152400318749950075817933854696601858890876343540274585533166504728868380252538193709497327797239262533988532079763575771793829949994749453802446050444601948778882393597462654422699760079695122446425524310977318764125770278561160107805533053379379851613866923592642170131406065597449206276035642722432566673920017856156496616438480902746033678543575629286087927426639317255893841913063965341821073246638468531188362367794211446407494784497227242632641842072018904169406200168416648509
995 744206415963447145375830145333935494645042942370725291825483674784894089847332622481647057113489527097474991055820549140123445189950280457183699046755428786399113382826333055192658415585925513047213328030545025133233246001154377320236622981923435945568723643282914068761895301411966599122596763800834201199122715380394538777004611530205045132388868089445002301341138426581979192435018020981836890711349415321868318419911762466422207011273782124899554829119756428894289694108451248918546577372429250637859487668850039263215378402357183867030064146870981502601876117635894994788818945983380836077905938817839058101835202622664510618805685449226338523894615425098133
996 3456600737503211349043944067669576972036982182850886092055356514981700605335835889831051233511646322299685795173422876321157963100895749378201974936468667370637185339963499982768982545308363624273179522875811133788097509971686528826818969659261647121417861165777734875329879838261131722432887662852322372530145393223511096767124533004208397170096914960780969124840065312153809955642663204519005442128692913311357789791746345358768039655230472085105493112398975476648448604415494582016287480632969595546534859559703544864208740219740524413460386610269039840502723089569268884922874116639018052998871396761766535793778859772666260755070117147212651037271686122076128
997 16054804691571744728290284462963232900732101938528111060729790478167478060686172279901635726634079224525892824929467267415174040599295360851782419378032389669744422833588849385473380303000278488448440645607230479117583700326664230655186693943683788073644722746994444020939577072277345014153750164914857370723302961132561769057886882457043184595198266709679573034668356917604595078236679747421197473707925144516440790485023049778053424251293893084954409815453530501493229064668979338285942705711360868843617121262806934433295825050506025966993832162845024100040926084469364538042820310635630423797489424138901198008142762393172091133934315361580979116161128529939117
998 74569432011027752347908993848003412311121638196017259419324475684801730248329160187091556503774959578549673251057069032604306956652952250648708429705711628639022402345325043505225958883051839934159732366302809472706432950913581432490855415521610005656007595430292276460251960144141300721610519648180609176502557780327325908310534474242746022514229458446745590233648874240807535197603694828382152223855405169465901839235469724686908296619951750452964743726054401704553116465080493425841979625439501533185728674290197358363153849369228630888417587396492954012086017475313322568044074841038924261651421610824841186766657191479703089026001395071757436755141797540268467
999 346351157629866804167277039303529757199413878115022782482686651377682114823047575324266849301071171299813014002938996416764218909408882996335439907296736150900052946214602596242732276864271044405925766743922691368030951159862991562546277338012150393957712936672329683565324226849171003893358568494292673739018174469042300250538447954739334639298220155330304368830571856025167151537705623085425879048649039610017423859420628354348499543602598799667601699947235157321155744070804765905502383855413656891522707763874226731024887865320712955048547031467413800183893561889512417841402963123432693180025490851950159974994862621728018024753953466375423162100825542263235762
1000 1608690332706417873232937311594957115414562905276514443350775567493063689929243995857031965357741224178204902415778904415002966409164963825676290008810288445949249250668954102020384310509609449333341893855842998954632671740487651564341049964422437270669503321250897161432730117116611304569244950357144725840766708963919460442776807276581659234014346964679671700873571065597410434066172799894187138283244875685606935431150029866572687112361296828464003343121676233150535087887445751021397803953029747806587583074855683713057755785510597694633418132525400360449540520713068839115830223803601104990687106470793663305491364767246374405768859048016499945976003340874399177
