# Column-convex king-lattice animals (polyplets) that are also directed in
# Bacher's 5-step forward cone {W, NW, N, NE, E} from the leftmost-bottommost
# cell (A047781's directedness condition), counted by cell count n. NOT YET
# SUBMITTED to OEIS -- staged pending jasonp's decision to submit.
# a(1)-a(700). No OEIS match on the 9-term prefix or the full series
# (experiments/oeis_lookup.py, 2026-08-05).
# Method: cpp/middle_kingdom_tm.cpp mode ccdir5, a column-bottom-profile
# transfer matrix (docs/middle-kingdom-plan.md Phase 3). Proposition 1
# (results/middle-kingdom-phase3.md) proves the class is exactly the
# column-convex animals whose bottom profile is valley-unimodal (nonincreasing
# then nondecreasing); validated against an independent brute-force
# Redelmeier DFS to n=14 (make gate-king-grid) and against
# build/convex_area_tm's independent row TM via the hv mode overlap
# (make gate-middle-kingdom). Rational GF, DOUBLE pole:
# F(x) = x(1-5x+9x^2-6x^3+2x^4) / [(1-x)(1-4x+2x^2)^2],
# a(n) = 9a(n-1) - 28a(n-2) + 36a(n-3) - 20a(n-4) + 4a(n-5) for n>5,
# a(n) ~ C n (2+sqrt(2))^n, C=0.10370... (measured stable to n=700). The
# quadratic 1-4x+2x^2 is A007052's denominator: this class is two
# A007052-like directed runs glued at the profile's valley. Full derivation:
# results/middle-kingdom-phase3.md.
# - Jason H Parker, Aug 05 2026
1 1
2 4
3 17
4 71
5 289
6 1149
7 4481
8 17209
9 65281
10 245169
11 913153
12 3377505
13 12418561
14 45428161
15 165441537
16 600156033
17 2169593857
18 7818982145
19 28100710401
20 100738917889
21 360322473985
22 1286136871937
23 4582065340417
24 16295989196801
25 57863506821121
26 205156768591873
27 726391578099713
28 2568629405310977
29 9072257950679041
30 32007113674440705
31 112804254554521601
32 397173372536979457
33 1397126676193738753
34 4910385576984903681
35 17244108034378039297
36 60510486064278142977
37 212179390353647861761
38 743489587785729048577
39 2603520240103813283841
40 9111198466517178515457
41 31866298773218235777025
42 111388786345920412254209
43 389149409806858185605121
44 1358835538041880298127361
45 4742451494639732325875713
46 16543736607806301965123585
47 57685633939098421231091713
48 201054221118729526567763969
49 700451069914209690058752001
50 2439319333533436520951709697
51 8491658272126577106598494209
52 29549879740496323368422735873
53 102793177538317190390404349953
54 357457080516502543376549150721
55 1242624536125111404672676003841
56 4318346000321930122623203672065
57 15002417858183984819995278311425
58 52104587114969048408754772508673
59 180911377616723127213413168578561
60 627964580364060086161641536749569
61 2179152812984786980284964169318401
62 7560094590004787960826474226778113
63 26221488235700632950645122341535745
64 90924600771809655728544354758819841
65 315211943648602046267536122191020033
66 1092506967163814230936417942909222913
67 3785724523744624881994750286228357121
68 13115349541971108554596043967663439873
69 45427569560902990306785888614523863041
70 157315130159060492550536562370938929153
71 544672344630983371614132429014735781889
72 1885455868673220532592518226660835721217
73 6525531861067452748038938676468897546241
74 22580634508534703308085117493286482739201
75 78123043367176166538925928327428339400705
76 270238343069101627987958022670556078276609
77 934633901901575135062351740002589971841025
78 3231950509671248372130127849875305708650497
79 11174247354975405657445612648369830127206401
80 38628157704527073466008139938811742080991233
81 133512987083842147992985505181091865554845697
82 461400898221117211654330533646916142019641345
83 1594300977944626286201281953981000377847250945
84 5508085021658032130547380482051903062938746881
85 19027023037574238114850751294421507756659834881
86 65717695921662814040461589843442342271981191169
87 226953263056567758970630652756015030538283778049
88 783672214533841472271235923961809910721448771585
89 2705687497735684670945256768891570120330974330881
90 9340437116427080809505579756618833867743434899457
91 32240689357018145577596754847484166984718037811201
92 111273083633239137276701608253914540805285398708225
93 383995125797440740929986018111968048150493494509569
94 1324988614961325187909381738350724905382754847293441
95 4571412984445540298792172257239134264997863116242945
96 15770361254563913937922713147674406619514562301394945
97 54398467683791945570368423777776293949681339664957441
98 187623169670340629833530356431145467825594261762473985
99 647056131822126589072469097227471832463368845157990401
100 2231279699092615589283349577050588379911908711448182785
101 7693491800288675227872426679642492699438675617965408257
102 26524745850929752943137806026043141445382755190237560833
103 91440381459857862059897631459394804323025593165131284481
104 315198884668516178905250359720373135347920816557952860161
105 1086405414564693536222765438273209288651224049732936531969
106 3744212743101231492862927191024355905638254536585585360897
107 12903014282372808632692523992419052420356185990292672872449
108 44461550491318871068224893692355157327112298720124848832513
109 153193900514455725632864442993757067545381846341582952857601
110 527791571834828395850046345217560808923954754028507070726145
111 1818227315121123356703910104973351428036373140957224398487553
112 6263243290538435062483285448566287697229550393672481623769089
113 21573289569184444796857365240569217689710689009325146340589569
114 74301921497305517249055589251931367185980655440353100342231041
115 255888563982885709628214335961233781137158777071252684312412161
116 881189741861772708544387604706085237624109930337471882609033217
117 3034284240916617972588274085492631282466551632283070394737360897
118 10447488427834438894873647608191360536700832262893756053347893249
119 35969704218199972205421043487130687321712749234603179916530810881
120 123831654076129796473130230682276047408653735014129557050650263553
121 426281826126723478104246241104685876292322005098140673349202739201
122 1467346841271053695078607420553291617166101999204610100231718043649
123 5050565855979236853292334059300509420733984654961727528013970538497
124 17382772624135877388541942998284112853592374397115350764862046208001
125 59823286029332247251329596564696636783547646044569454468927636635649
126 205870502082524005112160827818485821459613026896817820501476825366529
127 708420394635804186674196442989297603980493346017152176758998727393281
128 2437594601408725837617460760586674139774079069325510872485847313154049
129 8386983807756778060245012083744427634802383480431850754854722616688641
130 28855222739722478695949381234776756660786927885631752135258907007254529
131 99269937806640665017877394600755096410711045201556567237714365825155073
132 341496410177149291837481882408069783667691623309425063784268959070552065
133 1174708153888913581236517218670906737160693394692649796664587977710632961
134 4040635141515683538644740889878832739859943703035075164893718865447485441
135 13897780865955022693755783285738623328705903522572180137455437251195437057
136 47798888918840530909585796457434560492348681941720634293265452507701706753
137 164386823680319075694940491308081714253787710752112075048656024974022148097
138 565318764354959616313321570328265146483182728731498496063651270195480100865
139 1944004740470923820386112346640485361352462911786987895678515153201843404801
140 6684656259877941324303172041658149147247257363932843907760530411258692763649
141 22984708204563131744936512560475401437644573492418520985337736449264267034625
142 79027341229061170134353170915574933751918116334357102074092920739387855077377
143 271703046937390092083401419395059886172999727002263947827443062897149210525697
144 934094257151395676601919449649954240758959635753934501272047749932630084157441
145 3211191745310089766317231893705733536891794113366236602871656527551205075845121
146 11038788205534801391296476183305441923715483358549997554475014545153874871713793
147 37945166664749386261324277109147892959339339865129144607409977557540381961224193
148 130428260103654915819332725707766224827637919020877253410637842998334319132409857
149 448298591841568064523650954837236076066197112147770149597016799448124091478835201
150 1540791046473297174418555653555708631631386021172482452064037118358336961075216385
151 5295428029954497212939452634588615557131995271297976100712526535647401437298688001
152 18198667739220503584245592380159464142176843865214973144329187337189120464016900097
153 62540243690880566947777972987045795796612233385928901775019494680505829977449562113
154 214912279036013230606668955832372097916947370039209439116716486797189305691736637441
155 738490330178204574393963854462257831449635813353345143339758892019834167659977506817
156 2537526288802579039845796917322715569435227464756574900206736565754224025228212699137
157 8718839196669230252802689650706338309973812438069331753626100495670114419784139407361
158 29956383964009481493382324707263032002612333742919840561843348975405024313501554835457
159 102920747078819693230961699903291907606587517364663907252173531373826153845341143695361
160 353589619341865283865506951823085171482293553208997455237711933150213679108331432574977
161 1214728799796003189187728053232226378528500168513141618833214019348986287296716906430465
162 4172944428935797001913543289019725992277081226788126999698876597867215080478558679728129
163 14334730356720878000478049677069475480936993225927487275721429200866109148246069655633921
164 49240256594419673857095152680584565372481149755031634292174478226567497456711528423096321
165 169135641284728570121066008314673723723428632476260794342816411283697292827240905522020353
166 580943906381225943826619634582731186063689631417140957311789086560617279533719555485466625
167 1995343609439067417903247154549450158076894824988707971209890401632607902439338509590331393
168 6853079982065998893202260067053418861426299492166890795759706149481404324249325341673259009
169 23536327604707343608294787565503351811997819010330179081497200903034163846438381807258828801
170 80830743321838945913458575117418715052432120913454380446894574314524481607415085556108886017
171 277587299755864407761396022083939585330013799675746882792528313240684613508784899732105330689
172 953252453357189845981904235102982335137727885333502755523251409485608280167994294284113149953
173 3273420214470824372809471490761753008092469747727033759159769396491429021501144201299505446913
174 11240386471429272803366189276907735867055692586304347565706001696812122458360165778203030323201
175 38596377536709274875404968073338785795479736702527161899654534943475393265511211309251522723841
176 132525004483193173516939885960331687811652646316428873007579550317481128180232704953607209877505
177 455024987816344957990040868683354548424147638870849172082202653233369403379395489089877687926785
178 1562280307568527500374543962325992260419581201533433116637678771825690465845248531482089548152833
179 5363757265805574519964952628012798976678220229103234811980031775243932136995756904079871893831681
180 18414751762202792786001636132674892628573889438825087424371603015901633720410481608620798354915329
181 63219253751341912062746576423625619468043419597587536333246238358611996863375109334722870981427201
182 217029989789294523099880954934407917758042766863716566703667639867463452827342358844716592861806593
183 745035842419540330040282478613498038853943093062770266506441872920918096329821362184888609369227265
184 2557535996543091600184579408467136296645088563033931029612635587692261129024083543505859760000860161
185 8779173945577270922018094668723153802338357234445157828697944527564694363380218408525679894485532673
186 30135125153311802560698165018520841436436005036432100034619243873937168056527848757667595334327468033
187 103437954889960306328015567394723844035626540238845459110771462351595962863684473138181366507445944321
188 355037775196510367761712435853075839207125582681108473334503391424290407076905970314486464644783276033
189 1218588410443556572816486400551570680718096508317091573699714008235139910792483006240843192780644679681
190 4182418557244362918303098905592546800426541036590362068541510659525097878394584818817247732131317153793
191 14354432832668096548970399937779278840221901288323418811246773524880247473082776058200175969724392275969
192 49264354982768377719718154055796122247905431377129140405001385574605099161142616307851998341079976902657
193 169070526482920671179920870578057867262757695802742173816940928618696850238628834374925058277130465443841
194 580218363301709908155317886890638767385797195346167835141282051217456386741924426498294323982509193297921
195 1991148325148887498963734548705573634436822943595271776026472912459874685848769481180684695895846298845185
196 6832890338952559056603379964857555114991141049174175724837191590930598959125158204246984026586354064293889
197 23447367915538398319317751452686957040314393863815686945160823583251812742942151496835187245385531768438785
198 80458636294431365773272893556071177104138308243181658140401195241890692187646661882639595269760676869963777
199 276083384167328354709627260637728863328929553681545250713282264075139367244937718467642022892173059424256001
200 947320672742803659094230717363968456733736002213083131121458618731607702257142301220719337561994030032617473
201 3250446407644610437656395817243561392796252300509403817171799497887318097188962024547807017987119754621485057
202 11152657407800338531627496786648499112541617985745565293796135052701057839537267019919783377852803679627771905
203 38265128336726044626561240383589344898831955696459595102023299307267266539653421614063067972503246587417329665
204 131285738369144138746065397542185885397628378656063583490526650895387634272476855701990911160515839060596490241
205 450424073112859192192712737983101925433868793889208195315798183869423396430586837555191235807758160591983738881
206 1545309241276406122518863812011933217449527597192765153173040701753106519271463264147041617300389234204106293249
207 5301503768513467177727457135574044017685571135469136274508695153733517307760985366848110528926191100413050093569
208 18187487538908785491541523061914575057845404327500863923699411533135231882458099629919148013683811332451628744705
209 62393076508972001569314011824094243886508778290151595568926847682983519627066154578522874464521863756249793822721
210 214037684624710153077245492275599421348333167549930605856873510453887370214457156842781637436116184070758152011777
211 734233732366727892385438242171247517911273959294550213157606933886658210062619815783109536301728414358643199180801
212 2518655440427536960681454188795841318276287158690211661531417178810713662715041464145932941069118208224172739395585
213 8639599524045212280701540496054993954012113651268972340533467529282808945390985288675687503638148868727649188446209
214 29635276363179764697841270098160687867758216714860626480733613558419180188971141451645467238806016678792997298503681
215 101651772541907551770060864916234094882598959395370750767071805007122048367139610002852476749584133729943185652711425
216 348667623694678368852160348548355539696716010651296187324311980641874871633089649752137737514486645330431235309174785
217 1195911562433971301458719649648513449989831910135648617582663691810133652963899320031677090930554159430363529441443841
218 4101827280796004804156158984488099572634885551525754700525284347523847844167750759449719736192822441798202510597423105
219 14068461886635836098629201000043279836899506542332321246669705414229619446724895630987009964164946136145476518286458881
220 48251063981331420053841301310767040283548787827708669094877327509754637651334180380399967494294040222763853464169611265
221 165484864360934830118810055638486264892599012958892408563698406586585743171003945294528348086416341490251083399420706817
222 567545716323839598235096998955289392569668909588180007756654851735171712112275281806220715287317775877866412162167078913
223 1946411619526779559971518895844689367894553596601601311310629100648814558112570652121650200622260236237549378662490439681
224 6675132203587076116755806872624439168910439637080654195991600965833435562785785984039640998637211675296028706590634803201
225 22891617241898711985902388824832411214936751666188517831571909715107597761147263557605542028903907725702100340472260067329
226 78502696910581288118706887483864378657319402495167959682686704607632416914814418086773036607293920975985553001916563193857
227 269205699225962164859814157752879074190809006444457382720678541609647090867692366678221107455979559153628678996687499296769
228 923157002652102643811790506052565843143430269762993536632878392302916210572463644675838235969871730619367862556362352361473
229 3165618718299283615253741537805445674988625462472733922246155941092076146818303459000230156240469766595329767185924803788801
230 10855090093325285531076321155502856209464064797652646930111789530002108749320974972989522103392820782929397538299485119053825
231 37222035626146405585085129953743473369471657422196564051214537528583418063890379452012101048027200384823956047592432517251073
232 127631754624845661327967319100567530193736249745031342416887491116886723031506536921606695872329216763051502439499105208107009
233 437632291095844612958242126066494690811927384428870873503613187079090858376107092064442979047412979868421940108192254009540609
234 1500555445914885024343647421158491071694384340094874576790141116632318660403688169423645443287583426711811178683836907713986561
235 5145017676895132894491473433732141346938420398413294366714206899232586011955906587037962695117566482995578842148466134781788161
236 17640622135897493831078843787348954273835569537290672004301093890012221729465176633175453576458154140570952195484070567294795777
237 60482981519532074696466671858418685635778588233861998434752418253246788729557863667164929885725586372571331819411863350108225537
238 207369470484969307164645484375450696873754504139315758952264214146921976796839129388723188905372338190233627405253605980622553089
239 710966016955892333107126044697886565268079699440283677525026022753705243407174961549142319971327178387595302612942845380405493761
240 2437503941716675741383250044659381737746662646328583528093758215583102144075682216760611845528947428694947373127124174763345313793
241 8356690796296939884771940525890859004048664895116598823746763022928476758293153118652959667748090927361125643964546732788180582401
242 28649425925396404351565958091603619534250323408848395832690299379237367172159023481242824795325524346430648021359961469202536071169
243 98217790476875679646792350750770337735903572911951391925987161933644215542991341098856625256220226369791448051170972512548579966977
244 336710842280961685333837692409706528316014102855194465821664483388929600457137980197401413445104989152716844793092801741895426375681
245 1154294980331334599820822091624339948341851879563635826081630366414636460518648782827352160490651411659351663087224160260279666475009
246 3957029940959868348832236664446499946051988852361025979704786656959857655005656022327523719941333034751416985569232961568295939473409
247 13564842235640139040995685158637423703691484581650797201448369013874428774814514840836142663814434965788606347294181425160906688430081
248 46500015382101252207118550676520003768697673267583253371510646900876742064872826884586695825758821661219270297192007527118227676069889
249 159398577478039792019067200504058195419216108627171955314067859975224537660708219485901684206880596883367300548411262457779304005632001
250 546397668188696043270768606382478267454631201562679226386684699378412889765218831559547744881133969156165032057879920076171201780645889
251 1872950673119831984934718911168432596737124273912723569950497269881342522846293433548390837468343222298328144860709506187031550195924993
252 6420029199304966677538980167056746536437037205012622303409327343482568021777811041432251966131120658752324245313889817188824319340314625
253 22005988513150071245873492013188739854351046952340686829195357100387401802897288087499356160952721943017202376029362085157585563271823361
254 75428944216263764002080760917539996584043095094825908779037527454035682794101903481885872384968318049239724291496932756172018115380510721
255 258540447963508826000061054104779389781367919896344596223140326040733144551929269033822323968916663184417622156967619396497496566268952577
256 886160398795976601182693166030228038093950059691639094257860463477419657292641447867121834762686012943812432461016534142305681957529321473
257 3037313384505256228510122452774121495051527413314072622747896197867715684796587505620704732238837040877913795708613360966617471927856398337
258 10410230490673603964419770123594721448698932450642009001280055420228919914174331778236814856619769406900784773794070384206098008871045955585
259 35679980824165297460078558373339872738938640614335466678515725515952827555937450203219084268508723992011330706928689923007335557466633011201
260 122287609336750493643664251095089584705979114276102158989459593035017994491587800359479165392445052400346321181041859338833381105327730065409
261 419115692523454638464418673460338280068036911479123791874851535893279260701556357240757856546346901709444856507631748953951435947514489995265
262 1436412124676577578345642219259973624452935526337746586060751813020203757018996726875037633391534671913210580655899562086236842357543263010817
263 4922864973034874565935078068901097258602657247079789528106274372792521443762501675123934245410425283554283331163516507340170775365433453182977
264 16871377933775717201423821936994359722027221576444956537674944924088492602978629377904930338624479047919787455588081362904518806511523284910081
265 57819855234239668992361614932251157475139448445451311948746694801607655018076723721798328508866493856046222885898186753996718678714151463813121
266 198151474268254690651995160943499727000401929882637010941932042643690916157165242110770818691443035739189724951416532642981158335899508211187713
267 679065276509516122327769827619280033018451386386869995050896466411620024768395525796183127790564372425092807858123761841026510915635675159068673
268 2327124898723767000654345953252286804853694782263660906597778215548510384881172426191202183283020250122008380188678104480918344240475567330164737
269 7974837826954929933141847188999684780566403614712274279040222299248306622123805872491094695480497148877061592026021374298528194270626560983695361
270 27328643168243338646684195045086223767750947735084347977412829375027402011032665900400560668066830004421051158358922963654358210662073910966616065
271 93650126080390318031795072522255563276264820557100392763859054598382769704810386469257093856290763570078940277937310847594889264069126444705382401
272 320917050914639582248328850487305840124747288461457927400868293212292981832285978001138243883545381853755451007981657078524727630679656044729204737
273 1099692825093383995965109085418716296634431445852156034452209634534133666250107525540408665849695074903693374670745721597575654357565395795257065473
274 3768289027067552056676280053779357687929739135561358619912404768101224400587976164207015708155037859258016817019893912917011477629387772938892083201
275 12912528024985408577954140039568406759640181500602673537613501927130278510198992904989135874957964431370038497760194141250594818918392258542841102337
276 44245860656367813096555949205710337704178583273382880744291801034714706802504996452414758514623897936844043832383679788911640557957710318110083383297
277 151610177883941630136324837373109424260963136560582688982854007486595139960467302044685967284913720315865076277500875206563109109933780157865090088961
278 519491502235673108180040835288645717406657374484401239099162450960146542194470469132190679153539083254928282268416936482613532912492759945648942350337
279 1780012118608495637946908561980069030262292871035271530894434266796183733145701683782485680264188768986149279924416087787229950752916272463479706746881
280 6099046307672097769769425391214547331323891330469938965920722030813202433433660934521388301542852420097093639137469256794932131300584622048259914858497
281 20897551413441872609552585905240891826807938668562170179132274095997908919824912098457699804376014431869155725796099781510422125506500565615407901179905
282 71601713042886263255462553068162709602555739177725321652558050616617576251479423161224840571763931023770048373336402774849959458437001403591144450818049
283 245327368522572235617171878451996321464420229853937106968972738438808935617692911537856998590220043198386173577271070326161227455163688779339237393694721
284 840549324707234190501887639171712459567878508652105389703054392590833692895418778915596820950326546341206538207628226589277655955471152724544496892641281
285 2879884430238841533320854049803413033588283544307457443969380085432380415153863122753401245728930345414772985185802451462554361373461466404567906875604993
286 9866919991955659173381979457952345382369198902369644182587284444196842128199698295676086161981376803573151701076846594034061573327139691600716537647857665
287 33805151052093900826200269380489916454416295551825942388683653172625232066376252726838785522116752088955513821911691067145202944614771893189729164378243073
288 115818762162630550913088680125040182687087409041525553002421400293619765837896190749580593585168059981452618163898922973524151248528880165078411084507906049
289 396798258409501571421532308518547006391927409556370053391217169661873437766224191699672811847795745548022004149443898143983918823675992656825898363361689601
290 1359425560889081329636161257903601679134855028840185868569898664407808529921090969052486846784947290964119284263852396379575326439358129477671765696195854337
291 4657318909316332419963261697336556562416025402051190959218853714032414809185077959512372892597885368099934026456677211464729843239348177753351818996946567169
292 15955537142650535706075030636417010288153591556341628944602645537518643815966806599245688820308196814359628120111876442535978313312323194322279967527410860033
293 54661534895464932237827462036988389897498195232926706055997599971378297071705452341759151011675840826112164963385330060490499189446648100526648017966042447873
294 187260936616213737181986625693337411699030717054039381429149953787540903081584370225147450581669167047447224591096537431121803435398859243910526834346484039681
295 641516113665554494316691208200257434003075195067042229590014544616929925037294508715878113974376127414688811277029012473881177334297690338894326519901810851841
296 2197672586756997983874736421781457435251343976957010989254668298576599516550088676295239561067206344328922125328019126366317423744301414664081323889631841746945
297 7528587267022454050624543373191955829543746606248166600879464356989338892673347350279676814310131515792307710687576040108902701477052666035225897996698091782145
298 25790460473223689687840731378337267228576173563701631169665981783103435998655379934886083314400266610205251261008303843402484760537560643446847823161990936788993
299 88348635378790186254964001478561310465743659235693724249453201723798582700428333259355450750177299565399854634455099917007378125331063700139988501516467883212801
300 302646579491178969157391132545690602686120372403659792259358734645842965846892270276415810498106343194455046725163862604286503320552933730090240621280566431449089
301 1036732946857117246962802559354927064513133585109637285396943693792469693174364186581276094754468493947758070445591459828148609420494955468930816518520236408832001
302 3551348309201106813882658922069236360920255086320195501300962157871261807669299899532035426818856814298540298168702809837966919916047745778094144454166085025923073
303 12165078266810212333303622304272153998214320309884600081620750334558993720615678456015992684430476928282842305502594684141317711546005541727020721197347143401078785
304 41670800782208722463551076412288575388775116624812448024260423681142856838941687561681987213145749670678241420875509183204435031492796970836814982306656963505684481
305 142739482081254773076607497728553596662586073841492161440896002508733290449231273019323506466640293852754697745869058900904002301997049042727888479698889254803341313
306 488935700038022705419165774762734784052934362848561150342687703168468039114190088619076048713819561003804069244808991250052533491192350609606763152798864722626609153
307 1674768458127184891904778976910334929399298010716106741985265352733128238469499535728986085050360697993059092553088520177045911547298553388777292460530255527432683521
308 5736582174428266506226431978035686999181973543722255719985663103910826345304128131512815860740156066829753553778931242096962919260523011718382032374220349989760008193
309 19649301505165778406116098691368339563666433645666920679899417017284601457073150663350727938468586375426692896103147157632009649789302439554307066309143967912238776321
310 67303321082643764573199950501747396259869029010953714309875568891116464409557874893736979458896062590692201297116732776949343263895966733848825509746033373051126546433
311 230526779516178072995281425927542031074937943830982965432845759034880394705988037844170386333437827494307572945121464855797776177360859053643466099930792203890666242049
312 789590309861488680971204248535139008424058014584571145263702714317624187388700702966183885062118125880124629741171692861119646860554284738166603535975092256739579396097
313 2704442819869985107410740282992756427796943969649501599691117968032110629714478262492452113416651113104214028196399381573663104960395354815827486179884852073272379965441
314 9262951549658381349493540306072954166053922450756502481940919326898021747599389146547717469590267376777371992681237701951878948254267021686187974279485513221433605488641
315 31726093839586455251291659061580560782977676671091194324192855647484426805900807018614958104049255456239459161600175210496492731885654196769045862814065371598291849969665
316 108662443601997822015149493904928949753797835809653245968727535273158252821095522605979813715006641420515159371354350978668493981924001678529180781657069972503062451847169
317 372167125539307632257616453773016623316504136388908114578253406593817391893480353770333018698845695815353187508945509324353507969905620420568226640727481151308510783340545
318 1274653827509254376380634135846551147319503511852633096510798560339532820629947733754716335077059755905244171259354907581594552037918328855522179400585553653093772407341057
319 4365582831561501697129969277544617665154800033312989638724189492620509065083899928252287493663473371838174333191197988982396189688475632502203611445391664272235795421593601
320 14951610336527856877488336788174468548897204868435172028954689098581861367083548320825382292088096423964101603000196505502260628340232402922160206676433659646934837951987713
321 51207018798983660570366989112956146951927677925308080543013486275301965197495630326551437749872877266171820150291508748378260033679417353339291388350094925575029110568124417
322 175374653656259156661726149037487482690676112519358505598557945871348507997116684112921590715528424575882341788349888070372828529494627572884296038796010625404933762621374465
323 600620287328599745137762921541389948608591419410417227836572109071576505640022039792540937425525500579695259616207281727524012857058489433034289404407558389000902115153936385
324 2056975084941241969483498870235970412090463132227356311293814979156145882869438528023417159923249163682807957155323846364778650292085112048328415846236038774521268086086041601
325 7044561316262152717418882959207939459794983758219009701023950840658005217318951852837058231324446582017988652930877310500201161532707479478733109749072932720330926145279098881
326 24125414813904941645238388417456396683525365681694193005306229103800954139414730162457091288076883693459344867046458512064929178014914915500308007383199577994616746232489443329
327 82621212395741951344714378393102351071316294727169382091325567247459556872289732532120076487196022523921132153774474301441772546710297569468919360006284356386652127871094489089
328 282946483608266253453715390662074024608380931786065926595687909437560872135648732541118049197528654979738746507539365752779700796739061469211610824986506059628091844299088461825
329 968976012708721456189574240277015764537947475619370820219795792849479085000755084874508091520241142126764892245845266944440217641814349094404495078901262866324236432109532610561
330 3318316168580698035376762609594457654542920422141581371284592313588764330692042828037796606854184863028244942808180575274736369235038664820505221862047733128240021631902045700097
331 11363667982620447409103204808236120935033243594413611863046526933731668672202461717341619505640330451270797113054071218147794723605006129905461969078115567227938305410326750822401
332 38914850758256096850508712555783770523581176195242936895814350245919484635248323605804681175572690003710761338172325047787555083221349082467216793346444056881381426181129260498945
333 133262601060096109363275509073951004902519474525459076565258557138744816589007019408711772635360904244215007960244684155962567230864031302378960534686399789078828701624493668302849
334 456349216363251304300174047969332733090892488120865338929387513876920481439560899318915283234261981647724610956143389481215206283225212188892719028363975318137053889410983966801921
335 1562724649905704007107608783935237611313916259203973723010772464440252599211510137200595233953479486551785721402794348622480008085642632263416162350414449404710206680054759533051905
336 5351355085909119333267762607055327225039467198840856482959308951219850291783982127342625844406079967352390634110712645659786794381575918837669419617632709272676309173485778579226625
337 18324884746730510955339607908951385283881614318479386520068188314429498786718600586196899517385798097170144388287129687904287224947901975245799772247850692021083887210868806768394241
338 62750173788699959873882655481591008618922660765798080713814136866575344119695080740656541861283409288551015522702920610073381216189078692672097507123326639917960005540467099224244225
339 214874478149912553188122852250844648429124809901434724144455182005769371494886307689993977117234673896436343676040996058567973908317234208809830676510064829665982420161914077561487361
340 735785085029352925979692384489937870696493224195822937268612495940640668985550527576600868612757655085783186630420780690905615364396427745618813947109066074215296209165928429984415745
341 2519494358868849658235846086972260593756685710516740760600549764017225432754924956318644478268359118985674290332644535365442395308060388970524259071653055471005745809893144249159909377
342 8627244125607539757807356020066477676513927515577230602888174557950998649767789699094415920322340995358508026778584923602220912844873989422086694426710852998723920996255342237677780993
343 29541129275353321500664513163922236874405098261810457710814380390290653760833081676848075786546729368941364018958357188329137346794858043060870074428330512438457261438187051487728762881
344 101152921092459959677023752763644759482283234254423610049285898203818301339445456623688196063769730327788407514895788477672136380932765068591139596250439662772410419702016161414895370241
345 346358711806858484894874070803887938819360006206348452781808171695880412164166954812780129591307274693273411007125944690968109135850701962383005355977668479505697881552901160370792562689
346 1185960364508891670597920297700698200193641226688973822230224797503523736098684654061668664358521896912046929955311163293159459365488547058526825335958999367617795157408857509521382178817
347 4060790900311909735715602957090454029380841044408357452150951795810511851893933115509365556916158449199756283662469599415351124914639146145769248810412337905433141297692347245442617049089
348 13904247616857340393376307824517296214354530983771263976914905570732433482446661293351280457364667129138332616247965490604421012657222399119381011074759652912110751659399981693386392338433
349 47608093913535361222685631934324908575040246584201150116856572722922088950616914682358510631965289300931192491990806770455024516269410215126560296341263781152085118313683024149097742336001
350 163008611918091071003016865106897815982550244801961745342048799911682136641910282823745650161653419424230800429745413289024756038183105888723062828857678599990924993454906685214050435989505
351 558131815342491150921580795532599279671746158294377754221293626783492202434514817174378013744091609644636850323464740355106889682933644608580315885990658271857737042725223316842860450414593
352 1910994796527244205301773941773967270066190191727920472891418557318118575917996870664442155001650448970824543399670703425222704909488712939728711207932876061828315359084981290073893191548929
353 6543027480403446315140102937512817988515241298430392023710830430570330389121775488278473325189964952457827377636034205842219844163088864705286136020007645532718241440199158850562352530587649
354 22402398510490180545818569932717195717615864106386923818030775127089418286998862436434009120745562716863394556551313770758915865889142549030107666861823460974939717049677591331650521876398081
355 76702027958918460744888560597734285172994145316956766619407114815264666918505280387836168887215243430705254192790698342610065763671447926736476730277398161046975005167896361015767973662556161
356 262612713961890239263771637360639585767614980415890247082449028640181781530341414703806973265843530551816082279877175805476835478560199416815323836471106893153184301956465677941835419495694337
357 899127418762981802684938594103854842208829797496455857265099013127310284908120406903562661013612519460406577777480323100387143032626562125453634211930036717754136819327843029123482822614450177
358 3078387924166784285939018695450926802215781640299602487110202268750723646206223997612004488504491188670761465480744987092285823444995105298985793983009232611821249729981062085076839682097020929
359 10539550329629208219054169636909613805139520277854119638421193886441433308298825356534349584468314635264196468003225454247732831509706998844912942087901244185750310263923501501151355821768048641
360 36084231998058127919556914142477493529071346255120640093077293811993230974674683751676481588811119497857583349731080358520433129785538081119584509088021461161030939413186396061882436416052396033
361 123540546503497480339656465152427081596397551538690544340897313014619518831088065216902682193140072218467294574366132284283833011079580108340375397826574380491364758429406759716767878516152729601
362 422958985644217478687224077778616895863122685091579057131930920985151569503167156415793401166373257200130787226436078423456583503301210804653976898326548797235019244474377932174608634228074610689
363 1448050465734203436541357266912394976221613908929335333173053033034948141765175585588979872551289266656364954047850365621312006555347865572958007607137641169886352576762176594047025062871308435457
364 4957535829053005092342652365595745223936533009201667671827853677562493121456771864859707945817845666752350267645015151615823978034889837899552191219443257657608148101827616680104784129003209359361
365 16972458902033461745551032970366224274484358650337137447909074243504929173076985448883149805406391827219726477528626626138521697180662444178359506394711721096932982157249821435824438408184089018369
366 58105926144377977187468036410498741753237540821166795248956645241408134945710587037631543883049356520412122583188571513038859787619863801384544440889724679152542459471743551660553791154437161484289
367 198926602516265850320040640658547792214311226074100954450025123770026593480392634818788762599147389220314595581064880544908379979682507471610168428306104569123864991951145145073430006884381627514881
368 681023496358890626370410315121884110145742598538059259100301858517878943212334017520370788235422869922780535554625579510242895327813823500446001946091957476860565868282976803629136110001242377289729
369 2331460903247721792579754158490632007833579485359775157993582419631010118529880894593763156807599311993667428236609662887843232842055609616803920031270316414460174530159809068390051647160564695695361
370 7981619234486703509600605070382143568169813366017964172147197586045295039895806615292783515806497898937113753764649515564266596704609071265735838417662156167841748908950284589070355922792027414069249
371 27324405342616378845856159872560462982161553893260754545110661536948114666044608771517782551670173313506791651934752616741520922122051523910503664140137822406804094593129143622534272171607276925222913
372 93542138517724946750631602848203408178650465197330918409437451854703662654069496109705317453211326041519614849752282910811355587045865225836391257483816688621518307575452495078591340831581732742365185
373 320229065428268366071220289826569774845355339628280582495667215796867688075877175713596372217960711197040236106611164549137318869831414030265614511625290293863691853163602405329610771396538503276789761
374 1096253761615563241052426399327928868631739021907726507809770483527856906022757997397778015442955950166289803273741101982478707584868395822902206215897545112316667191654034500669326285595221692514304001
375 3752825379272272239621686404173048131076566610280452088935376135812967630465453967579510628229133900799800375046003040983098888986564523495645604957855070749576577012794951245529719221449882090755588097
376 12847024294648307166061961472658110440788836017352252201580525061277671281866228619659245402648478278059172253199971789358168639764267435088024982500959041697612268689594748455810635038712911997217800193
377 43978830695876950928615904927744503703505758925219477628910336647220257389681368861193813414820600566349846432633126468726481384261417687836660602258430479210978516914669105125281473364643047229752344577
378 150550350695943566977425286838250875434967460731567104391399128191104687943482609988046657255489557581746973184706660210448145672251551593571506022510353951279541324963560953811837288543703364575694946305
379 515367278847293342945588834096954503937939617184661509422533189021623225742231344724726873676963566172726411376006288774853840373066079859264653435098146410180250252397441698299920124790373035602975129601
380 1764204410814913390209811568963898140297104521580052620808526234461305480175635545337345877332453073696232681223247242332058837128623220267721576736709143756436382715784641198343876261128354100997068423169
381 6039179997925029530691056839473131035763500164951386537764290799726773304097453752568200807548903785157885407490626220651658294786643319702276999142842163151514803810086594461240878316460053740209154555905
382 20673026825874887660551943534705354041433074920038355619138736220169629689368690189442132263551627635775064324737338898127958479000733223637732889280083356841156614903504755080600874151584503013076690272257
383 70766416106147951542169041255214763845196509937821310093070360762115966212841689810671668500046340297491623702154117494204027968838706599902809745430777306161217965469270643800291766562367122773971625312257
384 242240854655226678056531122503325533943938165654705342482782709551318286860216432556272532140790817932172938917443192552171351538766788560633365857183189347865102755782316995376795197486094365369597396254721
385 829210224341152478054935024119702135167450324542024681756017077492033952438406892257548200112030164539320524862298108020730955418225334786405350180759933716548909360088852790453176721800924300725737089925121
386 2838435252019553937341354628835721207818251142567078143405053256223082822950918763147913125026959891887871142485037537437173226155883279782469508672187786246304080752958793696571774593077043050745188038213633
387 9716065539392416980367958343324076446919227260420131751472326409716612259751308421690014838227543570041359170504812749940692213627473333102171680495511535980651231052533283114338218402125899746264434346033153
388 33258219445585790032769410065780119445892247762073064681842688554938511710565736656457537278510470083473887156464748208905083066438659271507935409983762744992450372099382767649013902114336748305345117857775617
389 113842567911786233740038047624652157413175653871087033992751764034777037846960797459196418663516126879012570021933138839338668055781038647393940407991836085401248010351381766888682535474204983126492316193259521
390 389679462004774525201438094659457208706994907323688773755097350710019533428588906238869188649452470915733079204307000385910065630891163959497683917498867214066180014652096137172306637568611122642286369774239745
391 1333851586774274499413582532461800126739045236319258018089337236224765248819541853543585673028554576801029991017209946643225724140017193739820943017912373780461080939569124909531671951285673692508908782669004801
392 4565671662904942070989429488236570880599705214969388954769408345934409880693666516292614160741603345823883915776610794021402837129056252000885170681255972348815213900735653732430107818043099824028039453528293377
393 15627842688183294047906642580709271219675952895064623520479072598201178452628074369454321169098910257706150493049866870123914592103240609973049686139814834264753980607530742796009599577832282771816752626461048833
394 53492215787736804853276119021693725338410263012942582262853420243677395854549578661524180151818278490325073168324850225311231317961510283765838428110001738772840141820030481723292164932092600283546626984729640961
395 183096212797610533006252642241302311896402148696481378897199094575447094879655638749614501712319457994455598173958397317781101199132101327720592660912163287346840621063122957946900365183642049246450959474392825857
396 626708182985461103467047320834946044395428354774155806429111879917510057665528060612531092724806244889146194250861600781921205358962229698013227020609284982158724966221923298915792784800428513353631020309813395457
397 2145105289782533869072117055877784637771244260890441695612651581337172183593392671014528305304757614038434159248722996024231661608027013130055179051831782593639413655203291968776971215332739595349507994240480706561
398 7342249200161870191922927830097418303250180318732349169622746884579620250092872061213339894731774228474538667082586908738681879599239091188643020864623166748398899286917715172157151209863248882532472391378944393217
399 25130833882221219677388828087617581133317802413650526832005937150271890872004949484218192528506663633276142867004187372664436685580239736765369847566449588679555158166574162952582868468323487169941911733281384038401
400 86016538959111051071937751709697053028297007689707675167678537292307436681014325143261070847394721341776731365357882339801877656949719361638928319986004756038058998212603978482288291855445039181063449865280622166017
401 294411200071923802622203828983272355860937921300806684632822899160946911275127993757080041303513855268129875619105809820848270971148677564302097226185689812313193556339218843686055499973571593788790890541718484025345
402 1007683166708061433609405135753729411241647333955779006342616454307458329532445150694056634357395936528024508849425482098424874081081912705129556887370124129623655419979186926395375453333394765877998825195121795923969
403 3448982620042907354872613221369070696633901159010819053439306499316559834165210734766156612233179273796921688790997028316605868994556301194155884304757474532616095571784485541348174823009552929465420341637969105387521
404 11804710671496366804460313312771546829900081303025048554116575145789232916350773463788356588184158258737854417783728012338714295245392119032933779029684331641314517083269231387925624349563893462059786678407690180362241
405 40403318838154075065491908930917541862945232902073244727097042852258212274920583451060306445313960157340274205564268006669001883484726821405217067435504389302919937724774255724023283589760118986062704235457214133829633
406 138285326529159536378253196190799611806736066364434975564103278074116163900862789486197599057129800718603754274097834331249723570558545358869036880216987577600432067601444438989663077081622350455240630480930927965896705
407 473295675733965029168061951026914523686849569086372410622993343883126553033442179349923742512773017646642534010872974600770756142721875142598270620281732242875625677361240157478256235158760507595765864626274307514826753
408 1619893134013009239609460974042918435847598626623351495118967574635663610983607886437249435731874856283558156222920486238520750685378154629757165320763439293277825002124343646065458379675543381590078428445260566220505089
409 5544183506538709615304532275134180634499793761482030378609137997199603600514141802474440994732359468203913541129212675166070452223585552642375631974202653173105319800493960019897058433176054032144909405789664370386534401
410 18975194877676294451423017151882510290809026399313431794205232874717116777372600402704528727197227699432010731652867932845481808082437149389957931781992205094894340928838872001560747326111243345068997989508768847055814657
411 64942996331908451022372619492955506515290515714494981060870610872382973772301924637743705924589537861328175394161925840855694406582949115777872377422972677017991028745376313321679119079542518192711987196895935198184603649
412 222267436670309036036955285411969062714749903406910292680130567141372457795255226341701131025562000968113572553413768927638963323850706162182801834048126007842615228185639052276309107526229969628274174563845692305663066113
413 760705950740969140609740038766225813527134160308469507416479493689995640951908357212109625368931455836441590086000670828861245579571319161574791504540619191206989426237032263722274202104065070564477982781828478552959352833
414 2603486034321402442691084445170183317003487360164216175526333449151775084957502723455935562324855322312784032999709329800419881432553867303828421667002027384711889942394142589392634382276156489653456174170013870093143900161
415 8910276261149147501835668874656633242860052066796924014519684350186715290256730566321535263930847325817944921555633821304934775424284057330944883080281960670965210550401215023829820260229459947219628581957488725783834787841
416 30494714867939401266471681572461136368385816282398939553573955448932661046953302871480520346750327449798489863613239631982304650720933394507456088038672540701425255462376828413237025239872671035206456198513505292032497680385
417 104365146466710822615678466054214455907832750044646616916953373799395401366004221791859987991107632415687798645444587223251014817884362609655706623357611073582660114064348479204692850022394412889456464804551175827861750677505
418 357177350415999305854600461198318318512692558337288063794357497222890334293245395072590318967448646253368574504183208968039302409714562435176335668703941035829371612304094135396508882016268615608422827080779064914412832817153
419 1222390206836211824779438598163009078867618318056567508814897051577390362616104648421924976409718371606696681256163226105791258229867045371092070758776939623520713862342207893594687178479305563852678105403595132527452272721921
420 4183438130365324037928468291915293009738876113291528907088984627155911992732183623107431158399494856638012778838302066529631036127911182441671334317703783286095139455835848794449457286907892120743445913691944554009019545550849
421 14317077926987501411049867887018397773130392478418903633455842446068152432763285450414954890516339231361314603068305004716847903709844100635727803571924086097286143740450744733227285437847745887070944575537914116842269232332801
422 48997394716308922502882192983656193978096740417076578811727969861773664072147303935631454302826516078823933849862277488962665429159543632449163531686932292889400296155147931732758097092227939240907796708598827715339347979927553
423 167683048449221689109797924406874248202517618308672750302871075801011294355163241852783735241038388223146596473920299977415296904206577784461125248105129395252918870276173308334331635857477647862327904355489071719903902830690305
424 573855987577933789245823548606503298389336913329386768695346749801083864351643688823850349486440232483923077327856521849420108965307610507110690870982359548647542781130296352573329882873194763790628630225774867105884492582092801
425 1963876935392029286172545516904966935621369217221188789959176630392551043133188394703571540353912995744190372329969395051590188890042650084306727298459508825963225007039468582691226757560261197384711923731847089427058374792445953
426 6720834927899869840209131181685032712512110402452232635365503380487817111426656035053579279747807463530111240265900413107113420564856060553821350810963220787244045173508002816481490188368924912098738068192709209955882200069046273
427 23000104322808426869716124195457478769088819015229582581654558129664812680955126440127674081723089960207265326877838553506164142546090939720362813461812824976036870264254699285863337938287380978296412537095173477920426374694174721
428 78710743040430751575323804006012633678852903895013481510491836514638640451832330379911550306545417413027251457672784399334807315451058266006940364766660887084235487631987849870043208328391949687389415191713657586655163022523236353
429 269361708972107275506923864978292149706755140425867167456854877090047739605849857218781903132450807533577723478760033154062629646164173702172181352678604094445198318518778983976017843845049731737228032187961750136418658388237352961
430 921797140421578523103536302106664053532355708140532100210013202980294842259727649053852687117276321517272558945606392449475063458770255090549163138240767330344490539044518051715166030451681256154383601990172788165149299850264707073
431 3154514415286140992416129484601841657909034042866210826384259233756962942466320828373257542867028740234232964004903672689880175223911135178179272634773379647295578263035351534978209348213577085575553165081185130067622133898965680129
432 10795116885249550879067796458310076053217828811352865360141520497832015966422282039889870849483734742413547102956570925397202977692706525785178058497162712534261046469164963589658466844882219470562844135086558649074068956308136001537
433 36941954187130414451848667348237231525252620402043751286979771046841395399784082707640331319875921048765767592769156095955370813819096889357936900082971968235907861843249850909242132906632915224512915282159684201336823136537060311041
434 126418337874944239819677336164899141450079508842589947914315853346281071580249243521081943506736028099533835871317863452939089506446141741648605740323932500237393255415087087833558411805029440729437755788884571557634562909116154511361
435 432611431759793879615865567749002351315432787510025560031658696863705068339203523340593825076641444738635156906445305820001026717374856017880239766347530519139983236910197695778247268432838424531947034168943086299254655307522343174145
436 1480415496032554668246685310432591381713042734415694081118062762742153377639499511465797548198490793729002630897685391334923544720410737436656081491640494790009482390595177569744050170488716347376776425548061971866438878637216076136449
437 5066020922315145932963613837726121364495947784998305609792462734016257218016777190421253654883370220456796212622586205142571772263650659444589800851024380068130855025825860644087422052506901679148223152499148457063223636946991976546305
438 17335967014526999213350344232481584336953334156462612424827722353721146998450486693419251702296464892494344250044835253750363353153203656143086190275649903050147351163606148538936095657986183515243658232579499313734547756115507162382337
439 59323519879394774221013979801255700107854670152345790260534893565863665396143527829019325991573601651528331214644142965230243988609688435167869849985569417602153494094214025762532137867839542398885437482746244573277912746949585613619201
440 203003491517530325755536033922301490428853671711824187019931854145777885177848925764646442171999475714732493594627076363776139023150201959848047482021385381744336680332422295347957741941148230363074799948174097737078169529889548981501953
441 694668923095518525305759727722098785207005526011086267306830668572423096603061527869808030161733730085375647614360770845039758974404502835938002697465995630441457759289492781579647020490146324454195289041743285622566970850184826271563777
442 2377114004425750078018179443220925337456832159663888592525255673302761127612008206156167606909872093242831231456471585913477741737374183828656644777966768478078794968520496163722791148351693932693258680164086246156480789130418971710849025
443 8134295358258536233234761614877228041944786823869187225342202107042618590095843792771446022829999349064743472020013920366524002826867891527390384586814123653301977471316014300706584096597638488675818709717624842300645957530089689505071105
444 27834771581011463407384515562463692188018325127005809481062066670861384173464174961906558758342294706168403534481943672728168775365330693181606034366548008224925897827420386455079371165824977525356201499334469994288310733115737106242600961
445 95247413861350909741448724382811386923732156989240603752829259324593187241176409026842999200049389239596155948301373265730354978285656644819794888853705905860862521652212773119749357686313568054608595526781669904306991457010067302126714881
446 325924148985011589203582951878369198950780013917060081636766952198988667391213240836331284371189721005465747523266449053489937397259028824049857997775845986928898676336268700012821619126164434017784798862389611840874129157725555437399441409
447 1115264078516223788384902329910636015972111026288284780833174689405657266721221170373209447010686701154238343883735170195497004006896917220799101216650161415199545432999356263786029401549853197501102429513964517180263592021334532398522564609
448 3816249183887127225241201129592831570788929143284903036051078353775530245110470390840911640829120238133456681639446578054950288661103944829785943861877474043892486692395198934127475068193254078425436181295092739116384773395863278849248722945
449 13058508629087323822523094771052593882386764215229527562922087239976542555754045936537032739558065861111953912019926912322579807593895048827824074971015276214567913613945914305025360989822345349447563259772558679162564447435784200613422694401
450 44683614015275580332704841047620819103066187221082475949138858065996297141797645438104055114568350460672448175417180664395625002050396054263459910005871927534170707286307961178178570503006674651018282129052488478493541067279458324549170364417
451 152897670168587306661496441713757436245528635651474565788153674631225380874182886346053534590608663468658860693635111636810620467075342905944576477550108835023488991357871161215816827712499142683997561019634360001838141595768456916118798336001
452 523180222373035518897279424576113283737937851660679836185001318154399664069133035427576051703114871361079357906498324091513939462452727164213455044372166652762014456190363899306859087204244157729074113007205678354969803485947582932384747618305
453 1790192165340598007981491640011480275112442038932348878651470432706724279115152699763054472687607045441769004537879542976938787160545715867720173064185046257314795484490631691769291827472787821171143944690707807742241995258939721527035049279489
454 6125561141900368271159468331799212229656972699784457454325640460401421856958296489337355080430024149968416856569562925516618935500315085935551667626815290653517215784698482282757507837085378999127557145179488700953975993615743590928289533788161
455 20959938705685205085356398880526875129831831903593661177383121421022382374972714940894753878575455578814589045528345283511156290322548633133646854530575631185940091921389562170720704231645185522526773831658506866459132333139241796139296053264385
456 71718640563431701311776572950109987712362522449335003046235683810840611670181700794909496776192414872772361873815583149021836449293007891584810432557771309923165089604235503181696710002201532705485054412700783123049531502998307763251599548350465
457 245398560002793009093710132739083873676325336563628724576827407701873098456871440571726360034160165623614707766919248158309713607255948981503492359622962321093535149023305971796202553468183463894701297212545115639508253278017764751971367665008641
458 839672443477071854795214111671704388322033663180690484710732966292924984823067761772587586484920220194630181961217595120153004775346951806727873227810221306645952007705176776336187464059418509411827442172163417714605609519940857125254529070137345
459 2873066841952881057134509810271609935928235605747934790179554031595298166670129635701146424100935264733846734150291747045334524085054566556575518132824562465323794147157504576989713186220322578598247368402983531429635785314587518990077287821475841
460 9830588263872572701424052080763693748956966877590388208266068714890492765528898096125403436550870704464916110753427711896484169092420648455763316530128385487475215049112454625206410224056339732042710641530518614884908018554174014394063205615796225
461 33636534127544938109050805696468285991538260170400942719601886917097286154170190481054794954010343201662018283333391283554392093014801289496228171791007526215286928976939149996051207279122228579387171650088912511362205181348624390347146882959015937
462 115090887440245860338896704474131354374730378850643972295523653679321504650213365050058283340740614878960851070158373602750193728529482604532855840939444614191388029156963473590772114875138521214167808495860010625215231206659151710236129440219267073
463 393793561825217759524404315914817775406676355015587396143690374404493005700084961774572236934128245210949713730052839553076116577078347155404194283646162307163673917914094044500496484258683743523889415755978198486917731181909160029290800001140654081
464 1347392938782053588356417120656352916627587558327873253919615837463508560001019848507787334176175672517113316527575794058889394857904263190693034932916013050976320763608059465624523252136429822249783059965925901113292876149451540217581908509620961281
465 4610180336285827529349394695754696350916706387239937894333090122818963295793192631447567288362648941174637801608749973919378358606079678932001174558271941986738148501186253812454405340803491132629612413941247759125983264138581050957228751565826818049
466 15773917354088049178701697389651071463789800096208860525389355609036137238925650009617714280960767542914188097718695848615456062009687791710484382982436093332232003307326492004789632972337718427566797530323675184031831364203527556933900124591568715777
467 53970844880199829218230741868957020256398968538055748794592134317707996932757325177016676879515459299250762959095568657266007175374063577473323354486121466510059492980959435061219343059780066949843103260195347913600000724520187439690773301565386129409
468 184661725585282676287976633808084462723552698342796293142600940976190609176232603932909056694006003904448093278020328692293432321064410595726145829440936885019740970665693463530734477475796305880483541858285540169725939233710439033293516311706459963393
469 631818863398530302681027812536933654677412191971637386077862170708667277394351957551032075303660530172497945399315390075197098618764699167982444975290955475325497364618837863848305464804958638357556580491791174993812868149981880179646151449545749299201
470 2161754244149433966465574904478488021195467865141229764382795272792709437598578184543871441497568441907377152588770861877502433086775647502067879353357105193041183378102878633132105125990873186738004268810449462437456846661155149578615657688916698333185
471 7396360915068589181838746158542754398566746381029608088608365286516547711990278687548808225493371157083224753335802077963708380754445511878619175174148236332095137291173529464337605979201433353041266797339559450684612435130889867809935400301460415578113
472 25306257349595388263143009644130875388568998023587282425886407803712106945555366714597913952078144885660429728187964312593598232916028689292410350612935326861066424718569295019508694840770156079769020122943002995949864681288884277648334406579255506894849
473 86583632948188144721094241203699988857634893642479224320737232381214583216637203088304961869504188893446985418610745171213868783152670840128055591173067749433985596516254477544037899298766718011704667015752861652930726821671831737527233163829319919730689
474 296238674258097083549451375665752521381985259303996956408372366468568452463440436677086861756374278180069376228144424917748309966624818535225873002498778818791913740905014876859002572737990063399965185349353986665652492523046585633895680953117149075865601
475 1013551409034265629456659350923943382526021184435669251311983347837583475655704184333967046992187281113849278090604716607351842273583808460409961105639247846104280243247444066446051289464102910829767397257504470399064788911034639291754393252413040660316161
476 3467750884884812127149183114759172952736346595590733341756669540213883659660798523684486874913767128061916747946969299992896046454952715663641476851455749076495470973265049455014930470370208882507034062833229804342560631248939172345963919951913440453328897
477 11864463154729985185967122945431756358051573650306516113064698298931636670720802677276724000090363097525670499739527885795249010501331969304034338374149225792812840389586734430766307540292386985813548855042401366797906244852878636124845457161603815955234817
478 40592555387659500681862065380390675844574055204392182264742439686702481973187956147159179807297061604068339983513934852550707391422443102385101055644311675075094132579731931901532661255408604556044127198397270427254463986328613528211972826480701772836896769
479 138880988528696233252114356566941273309238429420716192319504330767058927023037555273354880267220755806568580728110011037957608295537813649776745462872243878584006667445371781611389821605488027208875515902631795069962297937910223703567278614834500748202475521
480 475157207412520366846550779595588079500306123300427217703194347024472428813430967985345082493615555419344907158645960225399118518055147796721926096672282143549194250308663167932666546498929482793110228682454454666005361169359820552912444023839977822352310273
481 1625660922309870339896043659730402957898658986658142747019088402646114054934820726061103035520900860498378400444232307141671104454438671139185979052745769474743675413279233683934993289807043443120823351161186457297676729398520392258846163289074620716338380801
482 5561868825137057111543715129480959742752668077170487970141919814205596767685795508566963999341239622088952992096643689822505368437321659165936833671899168284009248448867626891002721889143931906222213981288922204471685522862215852156748992367226614163552862209
483 19028723519384591030965202888501262962816109139325019534726682690045816195712694813985753083140865630227300119514398695201176321516530960692218924015545495559651560660513465009799014774571506003215506422396392584196186181885435206109398663078422141146482343937
484 65102357579643429987797815955695003855852830864518971956467702290494529375689056085583012916662084146336015892655448838524444400584612649259102679143623781818729545917988268529566906864610387060040504457241862082234585223538051599670098293812678866072806359041
485 222731647762409051708193737308308515642948517417746621491402327939745003154491997637776053517855591077571859022724986612765430251525673842326688375377483958001978427662401943560858536492527713143086037505985054416309219598797080740645412313652315449404296265729
486 762018131516009041958861965050664416460578595972111893476923821491980109782814794380052363142491937289135544272534720495563353671028346487843208869708527283459624479712195110488303503484582332370437457736229786215034289138333713820884715272750794075467748999169
487 2607034924076647817187925217976260028668039276696966191151920519028670020400852520398283029116853560582114227530207618344784629461000973601588670620354337634498493776495280449123131748761584565049564957396421424373058539979795180524453453957649216908235039047681
488 8919213696172972805706070975906948134996507249359361715713454160263699900519640013447301774704030859530008615583944527297159068689513189936035790858129403607552197276644819406074452876823031735036985086713569093015791709758288253229579530049364185482702847213569
489 30514374601057334566399079939307781107408735926818373712334394733648900540047138419142487211503624296913665646337059432959531898026436895892697502871774976873793780647998460259702409949135769044659236719535860618440474626288553513519140956351332589106788795678721
490 104395209144161549324242575623740788952186056470622766868929107682408006197266688233046181211248066404866438322410767929267374467113133560094910100258447035857443702156167000700147116022872541367845481509413326732316762298266051076669253452054761297430143049924609
491 357153460574606676888504440946376819514585692111576583391552551274390557103901567615083401738709124810809874591767236738323764357564537707475548715880729856566515185609702789107827448234387119549972619242420821280485039056570769672546667154370668697395673885048833
492 1221876640545847890462745010221495482251518153311813862288334755644291941924554430912234177969953535701648846164979708139406499611918568032445204604392780150933739143015678385390618013096526306817271170916819529120529493668828839050376205375293988314340339423903745
493 4180209760777005036854156153067048966525773344085670005529155163650456890314482553048374339519400354687201628057716979485216573625762179487998434110175696742363533543838049471131939356653885649245607739758609592597841466486317922124707791322409382969264371306332161
494 14301019807916143118497449772753548043600450534351817065255670585978433172898130135051460859730485854818128341340774389189713328620306144334312519846607860481867953651521404684167805298959262804947618481573565991930635434226034706444207883735106951435918391933665281
495 48925375654224183750746377520445825456254085077643851874509407300029436419272654643579613328020299816784136209844461907090584092807644502603752555376110511996346723881222291060522233675203261885545241315115765264294785886556897555175339860819889090341922444584943617
496 167378458685719296663837543116682444313429970826237938330274990276496970373552137572732742149983272970099153516203760312136245349619553733821964173421966913607496298148696312797370321076516904146070200041925277640828923897040257710312381051514347868267880301211942913
497 572615634284820968044315366276331618213862180230312862173985884932440137808076159658899547037070359683451750881962366664372827904225389409897668860958548049673469031814114958230675022464802657739836238779229533341234474526855394193600746170189074830402230303709986817
498 1958957831800104178615724309113123074567961584422638492517515108386138945010336479573609503106300271714904602723772020028948208411853128067064858225860382875251902059032464448129678275795498317946219296510888694174291350722044221399586954569403438917587321951065473025
499 6701703805059026079657902327163488039456312263684082302446765383664142584220912226000290505196646148304651715570811144309946698432999518069301905140959130578280389710831668260939761959591390807567971831912860267765724954045662420468977450532396024263572364575375360001
500 22926810118284383367002428123000018938459341421399942610686495099403416096995578220781595763440356415193953070137631579282029684296061598836192921692114288261550595822435111205425849235951935008872487745385079681536408514765940212016442927388067221570196641236205436929
501 78433267616756928328535705921435033438780422727358859268140951316392939660479460280789109865142451264163256889737332601862983528681250920736952326887663628332133529180110495761763707018656426375800629113880733070400492750659559252370982696886316010649914068384343916545
502 268321368122111759848300624909643205074085703272126784800475894248156920911417367528391173723053619095441802753383919458106628884809355166012331230610927819177534944129358576368110149680492970478257950127906480440030205571800091620544294417569906286342188267752386461697
503 917927739314069541769098121507791322674601385317499845602184987713194661296795337239851562675839045530153926492243564318866048659854810422461482433644142076649296943748293801952661597007680633221738935344147015945751425981281941627321878438912421525808081575809998913537
504 3140219593465294456975334056120426939181746415049605046655471257407092242325704398960488401734157776898231654825516920701475429304367148395891700400368741129911610750991206375625605697806280738186072595035597929165669546365742887797559090600530033763738725780636942991361
505 10742610780927725264679377193676140207392193175491436580935120807697783688610488486217978300464769405053190525254457460156736589280065657691153444912291278099818972122313070204794321209109895063202726738992823869169209169446467498753259935919565076132623530739396373381121
506 36750052734652578606840703871486671217999896454930882104804597539858911559472875836258118676956209954561586718387682618493814391171621839706727945306817964149998173282135700651612600670154463991535153176225358703412184421670192933629870552698239053053774282444382563991553
507 125720008796854556705667039510266231332364845229142006583813164332576315935597326000113791583397459783679974013251608218763926018002116696475175940880041440975594528051690327919213425955907579946316896409139371046780999022358951932225423639047441755894310930954084136517633
508 430079909802767307915490937526732961860468937882182975682753411756968466343786089459393658328555158551466179523028465059937004031848078707141736937899157729882249869723852908095662110798704557798331445192350584496048972271148265214067900670725674069146023387452816014442497
509 1471269503115777685861320463177621246894884169051552041138897084811172862235466255108131420589932354390902581312380648159491595796367982532173410030852355333546803280781935635987652693157516707072065177219651698810689911790944300011099621684350121979611862876693380915527681
510 5033077758681937921444054771564623754395532532615305392377900682511798979739673964333966388774890180818530297376950885103440244457329665899328444761689079269738948607476929370088943741899945923784822243751530402499387095575651554988526256074253606336068313029978542963687425
511 17217630528796808354151215751351227561704620505089761900834065694652124790966254739858946065323767056418929729083443125721626400168838469079526444719331885401189143047551607458812236141004875853825309943060261111530958089035262875382402331082447429179068377181389445083955201
512 58899481467377082146447794240252353508602584341708088114605851616931910663328874356084768843217029871029408468034503814016323828818609840335850275262914552231954025244489830812138808937365537436865751724196505685246765500339587642610015871441206562108386469328827531988566017
513 201487407289528386088217633387317771917477248477508145013656321623356881714198818460410165977299411315389547595388859566715140155303912065356834783780294556813485305601389624698338237776595850370688710123512702896102396104058091313004101960331361126744369767975714517986312193
514 689259406394706627757428415228856251137458098936878366660966989032603641183514440541993222444135405281956965878248086724526906090931196557812782101446619259208872434252238383204569726753934284194260316618129565638381639867934577437996830526848902213308049540011482453607710721
515 2357848286729931381221634498923127316640942689391834395244966842885993566633536125865662977237272425658659591690425790983287121281793734724421059761296368231507781193711745434828765056933386361714859118289685513702829612511607144024123249626893510448594910961113252000616677377
516 8065798756708264343450198644043968447023605174670405796500472701941858174171865794027662949279393761192252543612528331187135795605314100323478791500871615367972749653293470486463582489064476666017222969034310020451655378397736713870674954357706991102074667298972489092605935617
517 27591625192224679622934883284001630173899408198606579753625291295843224792783639609738294944686670415614581778762124779156913876040321604762986311269070288233714391077743110827613121450804651239466011611876792128186347430420471704238867522912042710750650432737795733914292060161
518 94385561365732225702991531712988284512428412729966358956268477857954117360234321249035735317925305290482328961380251918347081412361265800993800487910085413177549144918454450316075283829066121246044338140490586573149419116123015351131425768065102422287996493140682191657653764097
519 322873374041776717135551228332884658507253049904758431740669692806294199546417485998499938929190244488008398446838269898699398022641544978968654102868037913707638207470621932020442101213734026388450603917779068293883571924892047570108361957495702979129778323308649672454617169921
520 1104478573068331039617736530371161786803752255117763927671990755216995413154504233586986872392885001699484906632845003964415634768130933086787088879044233196377662020026602341137986746385166299354105362446312248857255130449812673950577560847825430794880404978264395332742111297537
521 3778163584793930866986992650583407155788214013731978210848326666153972292900298730271514785867333326820970220393030165318262764785835531511772491536478192754774460765184678850441804002268489202042676185015258841638014921236946799003600589830082854690053015519241901343709838966785
522 12924168956190324714898064123718222908297002155056816605372439398360760803414047661412236920676309271224268689791232553963591465636885246817961418405189143077254460460801517091837469574548067566490334541318328502368556235233101612734461589931825059599740491789022970087479745445889
523 44210243626570170144786239550684690105442760848080157741802155176053390381592804479265389850633206682614470022807424109179328993577900093780960322165184869009758507873261709455989696088322481175181036013711330894728699256623311514732488448588167463798430990286341460459696496312321
524 151231272953184436573649570218962930022998458882745525489853717078807482018248245355874669475845261258767970286391844423397344333386340585729665718285170241823859577932911786053685094266373660106907994793782969581237687566316357951425974983958862470253964714905085122096366039859201
525 517319360053941561663892826115167575984731632526342201925352356818548332197153440923199290381449571450158779990073873405736587186579544633258412031314778072612679990310145657377319129548234781607317885997069359426672355476846471924495013979496420020898733720061251683601834963894273
526 1769596643568205185295138780858164157471780047504882363053089238195648220104091301290698223462117416262845279798507954308960708859608405864697501365837021076271366647951910820873336410173372479257318430155003464094810055653485194152222580974477489944486509339813682513892583873183745
527 6053245340211480553682501889862629860025812028243822642788117621750925267655262299638533132278939254509416283077625980694594120505146203248962580504302591551060052592845915158475311414330972838921993493944322713945921539725520595891766014154880648806787111794620422550807042360082433
528 20706214519378067963884926438704585226434607560743427010089379050875981126241734444641990557188977808985893267346463356175734804500728860486966546345576079077560529316959788224158128806886594991519033545232490302172978142098739003075892817485602662017930588222049416577848556679856129
529 70829078207670449355496022901654040826570174151043712226100698355845521849705476621323636225801117756103709834035019010834421018910323134218607134406690026529174329084749993128222908213054323695400221821465246126275665810827877325509403496460862479035891684440760795094521608352563201
530 242281874142913103684009129553510043214395114255362790439415530824476763674876955666803015885243944276211092735398868837038335153911913492534137430947492011194059421232531179794732326555304765238543725849561312533501268057642627300216737524555027013059169462439770059956544075491966977
531 828759879939099007569581393854822373366607903880947620583587873805915669354152814823669118951837087013351172347723480255651641243079922210696571178958142458005717046865222526746029263434213276508961933115128131721480792359261213557193051290373086520815262975077253552804269174321840129
532 2834881949899744904708865220440024434964345302114050843457646031447814506426004093415902851293879783444303308348984916053094223950963362540439668777840035548321095098359317355228521592548933706461148362892312779913539718126088243649056544505315540921841259149986602278504223391656968193
533 9697051673871906947801455867673292540506645470775084134115656475232448795724185835037394140574995164682365664267651548660996645133057779453257697001090547299442673272951587211110413063739863070545046967143059620909619523502452205550021516642099579251227958359621024950875022421280161793
534 33169804975434289194611608316048969425774403728993366971352075030500043892240342026492589938410783263681633533783494276968361601318826086218276789591463978712434719281339786293070411567666423798326624505742026226415849431015461679133263113578235091853806013628713130641957842024283504641
535 113460478004675697045927267126547006062025413634746276101491455747292744648838473746552605840681091002861203229107787978353860926132547212485308792439508882651738942177974733699027259693580215173054582776891509344865117298655016366221807082707445458472088036336761168363012785337888931841
536 388101023511071324021173803692409242888964180822048012156910064846269002051783906429503742801257466250397592552078903401827224809008926996607299024592880101563015543770790269687662368844955319720780330123011253045503703272465779661313312478347192935032866315273816724164928907391296077825
537 1327527300906517650573424996594424162521569051662252110230621978411368030530450505588709688048710461506133349717940769884390378989989457984831614193411924629670530322016457715365438689715741582796196789669560018605742393008863488010002481923311997463477154180076236416527000935076005412865
538 4540886365203788720120313739667764661682577800097023588445229522200247942020380127958473982061788690032167664232538721584366864152582575001398766576104081213682015898438092923182416649653444015529534541303551132548043557676010725996769466688558307975298091662006883020157802530091210637313
539 15532319367658395145649081776025993905004566606144929593053991823925755979787219519779447556977495386129590987418325677502947486660484083410333397964322203210446813678796334458357048265657684723152607487897822699618099384395648456890231866364951819659479158593564358743909212916118758359041
540 53128860357651383875876484145593807635174224950526806690589655542597901478170226062767440852158526807489917839974567692879179774836016787025568483188715275078410614438788979570304422692264641520486196391332474231493787396696925824701252058008051585445374437128501725315889952058776756420609
541 181728568147677717013661557492537120918137436076219230637838592303826587179821698131531320638512083931817672200278884458786796775959815996080933714667295737318578775021328803304751327860555575618125186874881917905934038836443155123713680676089061228124273175028531810305352194888994232729601
542 621604902450113226041666830486165658474957744097148490425998578672665771783683055601539013048318906722687805944502777766420471040915607262695839354688799323492838866661839814672905274691060954043601148813556817281293978677233056901941036243636453998737170828507222183946934714473954024620033
543 2126200344899140029491530913263979795979682564036652499328435304690657830404605221106846955022936022520469325040364313331682919258862870438715802683326635429983918009173580786579658210330979645421474165320544477037099253498569572108913781889979425515899977487168911435547036199287700611661825
544 7272646359123093651813989679686743902487807707767650649550569718762780996527646922677426746024669281389121565277422831894125962568603807045002299874758967666798184682737954933773963743826448726307828550726000260239883926240198217513103412832499097460663276379149349869059670614811325098885121
545 24875928141613049373293322230022857352235584542657654134100474545836437363948713056380973793957687972539320227723025294946929664922383499804512040147890638961318224044936145560146024827606749864258262732914493946054053843440150587862753522054231288434604301845817997943466187584763876020846593
546 85087283859028309517764611536726994869903612234106066109343372551795741180375717312802650659341818885968888493103563623934162891985135355504719809202416727940353431384859999132271834010856454898478712898670430727103164363985421278774816285048993350523019843664230680399500928712591899877179393
547 291037248406338426987308158915290795170403400087831246588232863779079046786855407253213169511883756049108771134645311149513993561495622278912691257924357985245298253067270037649318962594615902941903808681407393151433983848929251664717459317067388892799085224515199436489450263045288077736017921
548 995476574899457640908610237549405205990973077871980514066400773055049424524397732981038216627458001108565036597549930109003061440745991889899317322213743675869216242828986827776355562806200328488557101001578432765313909301807204277994991537096948357043300646853472451544803849007443340282560513
549 3404960460246893342313779217756966233029232078794285621979640971504200569888290343563360858155627238171689805066258134684903507908128121229798182205869894793248146887264509273100230495420560847989006989831548514943266011885878739038556792427994777454994600975768209777187575640216200061491609601
550 11646399023051295514063901087565370487661235025383550375483464641190697852486551735686322642248630704444082492760977199195654079866094547080983292092664345680764208565073218235134748772710908841617459985928656031754380993177812168268934592614901501381784079086662497448837728635454975330549235713
551 39835459184238465812824155510512959355879194272783053802984378613206046027369549112907122762868293865659469341784872537013155489572147333174641004747639336454076997648290269512897793427796795417208838472097903306809014321138120827169390919684598080095877082629530545525709376811253742548138590209
552 136253154077234279134701248866710103998312674623814070809614388533681422589340412754620150121953940642706881613729366746714606200022353695894635842132891120005825295109773992458985637643660358759191391491508568327415495258515554259481364217878283258983075492327871881857742436628359861396859518977
553 466038591460938071676894181253439707739380343625811153937044406378364823527563986175546464561621230146884226738048085881844591054960883172040806586769492182684297157404500004083684290975039259803277694305642782931440707488663497268611821661460749382235629147515891264420405312408218845254925680641
554 1594027400998429261670059356511261449692211424793202474649883679599824081461670213175737387690789207353711361127311403915892475952929970600904058759089687061900046485152871622755587274681011994551265300224822725685142459904495577520901805278614293154230420339295531216824392881136793513550235566081
555 5452156007267467262726514586846607269299570542719289636200074011317374758462050389517263721193678930712678582710059891489629063766291171168031947792463353415791325464296195701663191406534689318822795425661471626863737396314391059638002272807013497412476479310774252373808078279738714015460568858625
556 18648304885237224898702431469135824068389170645407989776357171446461627924546660980413624848231771218406521540488102960721838023151014673295248769177693396531255127349345037253696791863683261381372734943719568754800439311209770665945845766595680973295041192091226167357272283867191903931171212361729
557 63783602986679569835102532995320871525239815731066120465505852593429254236408747519073336706786733530070445540788415975109024160909329959927652911370637128193878064641664329944065166009768339548133105062901709980365283091907619386066702274437163531049544159352989225793525370191316771975942388056065
558 218161112700977819863715630543351161344159395924704992477505041280880175209882885923887466677994149934421145395396981234605927940703285069801142837054284001330982991634541539214174204210312469880569807238506559873992707012477816413741132007381447568478231420614596372316388965137968347377283016687617
559 746181096008956891536007229599178616265507300931968208386837725476572864709786511138181941975152152645613882664376938180257832422790751447907936984694770377607219375975381528084586217679926392908568934046885492953988073655768910005176533744611151509905721334073508130881728546033526946336313494732801
560 2552170942298022952780576027974996351371150858077071785887265933904000969564987687011225090156994874083989195897738124508801135050205530852902090641691903459215123699981470570483461145934722132901794068836501830818693221222277779279873483133872153313293684041579060543993365853101149359035240983560193
561 8729189009473972630003503588528733581064651917848225517139430211820916248736662458032068001773675404590092458057564268318511182353444459142165659187025815630096817687930141309826491417205175364939558365318802905532206476494858619211048493199108703279688571743583906788200477865580882415688416688603137
562 29856346315170720969537761300143394835965677412457039783649506458988955733110598558547403415939963597633093287554194742317768364825283938966605881069267645892863645552879657361439391084984532668495409261616528275651625737955704662518778294799679193856213508779807788030578606738608629896674397686595585
563 102117001024618854834577206159775714223308765468197083667056351476051044944352196255364740966657510064024268742988574811591710102645507816744335567141916228377985912360236435710382333800008602603966536151752655415852015618681833744386526089578769332229012694695755104660986236062735672818845449478733825
564 349267422275927889554796176579897568958706402749699194794142502282147900994132247452438047082211635536637806738154779441439287902112672977485609100175622345411302976031254717129560866791922084769249861551445516979024140929369203494973924779286821419929673793700911343111551936166602305832149345181368321
565 1194584142719881664739415455891845650254668143561571619481847371232701935800836981616839739972487598956386201814103598103490350271781992671895192918926833267496136619139662975372564550026136447310836484101100268303450000962628793195517135186717617003437798309194777633009146564433519538964322468107386881
566 4085771327373714320294484368892651671092294631339914239510232521999518362701243649737603219938428387552189406487333614015333332315029471137492306897895808302219353448044473802309658840830849394091177583161468180398142936060732796924767890162066100169148259679552844724295599142185446440586422442145087489
567 13974298516908452081105995833943558610091061561610280308482967381952270421721916739781580749506431249619899048455119121869521419107816652034827000138872093680900999168621660642257424259594785152404822623485857727117121661628466432429837109672450526674388841172958766205322747883227874947443937899999920129
568 47795238182207725320569741881645375587122464552070306810192076546222435488587323639560265248513837287071032259967319146539593159302004984369150513455187426301113898390193397829309006593391788155311413624069320433913218023497659398091717538008616796387431613564926031912370137508383974167923616466090328065
569 163469939786592663408192106453006876631616526711549189666113595597795561534276804790184799557106977109179762807177094166757688808213050401768960243554683136556416312441266898724787850808427646710610351917016498742119797928533156114151215812466110972304297046696299336249199142419747359288035642930616074241
570 559100445609627176870660009858673832387570729111392209102753781881154035799213658767827970598928257575727084407402941897120656656129252074775934453964086832114591104632035908279002827389778575440766994497873432170975397800124592682553697933667495876799372522321002932134171958753203604342570130754540404737
571 1912231385992853943606129836579804901421830485246837667228899698305070941838682685612765694627482190016878339081338281698966881957173821704595370975346542371882620965799557014436180011405565139189292245133823178559550225559782303817153399389465814203810389696989018177866024030231913735876850299281447321601
572 6540180259606939724684633231186491087380603868923362963193171172197326061319267891630281876960948653219077100377611645731286570829006318632071040566544782812467351039255234738188753130010224799447518047289103483195157743238306437120205819289799904465814693422373172032582458795473659652100275600186266353665
573 22368541727606103101652260849822584482282886805386228947946981539184471980430800741911449454492369638189964320683866225557854678753789946554000015314634071829694181422398244554351318646973242232004129979934273214137384607798666279082832870217898441789882525609555862272489144529523270731594178336211366576129
574 76504029022157184709740859520693037203850021912126406158963808914885773543283116437418897328363986051105317645590497629432093498140457338765001508975865249009870001628346030268898355448511369792348286837841793177464824015379219980602786174443972488756535081491523736645583676975410778167407238951450601062401
575 261655356234875035465411271521757245777544779151073127054945980497333681951402472184755636789929745336480975000763089729204372015483265590334766930677570910997023517343688878817435800683167449933106814880139244153855222956634208041820311502272746288892423675711087327524741769819471710197471353293231949348865
576 894898216039126480256170622432612609510361568376543104574670685619116232187173189033729211516192361267904567823726178270993634737801591817713821348671228325804025604783941399078385382326643180132164789774070047174962826097314699439351271175629695986783549411921624995515757096338035811328731798295480373346305
577 3060668901059601675690384257957554217864465767363359878250078891487690707240142728605777515766798281678542267621260128752543714847979580369039256258173716083330877791761697122363335457538085390144738090075507092305485795460706289251717186669814608169364952982577409750870603627803331654432566430377568150487041
578 10467856471363655629007278521273525336333811150144681342750497871816996831226985137378050495135959009249521113925404909750018602282975226688333887946902835730479406509400386937342355402908453238274924815853516528696454112983986773973425909184510996286501274107598080390463220704875841259375808173996846522302465
579 35801223781403735060487627883871891102436779831310650341977352192698685492202187662709498482851065239365872744154603196368355189047102612847968052267777733746094011847137459921456556986999539185686846102182554161645901320388266765615402632880779957537678229097138098724446839545070783126824960143978167344824321
580 122443770376753888793776918283095039140608021651899161514511439626576133700171389455672501366293344791721617685373984722903194365333783287650839473940259699389241906838143328986305173629130042241783422782501936007426049726408440475724772781370534681334105400698695238018176931922550603052689653364747577226952705
581 418768715323536492501817707895868679586011691921841747247552123541756546227998553674815739132433604567733655352221251896848573918863899349784539928284273427546402010745756835969334593909432464472350304909718640916411694029403151720058075393621595807825839197438059576900407781245789295417300689100856542674026497
582 1432222469670219302590776229561904810169586335037142427790823839398440676370887702338915659478675148500292768561062352219618312659857269944073683231965825829601964512719785919022508768873217684961023821999217207654321162381332725399921886010916508171381452134654389112869020161416931467276308575119564088281137153
583 4898300881793471851148335859571897951476438068965448460239821869606817883641064025854932521110018352357751433433439122600952711990732294707920226664014182341131170348864894056888434822915174709366971857910665602378568608803580749347348334185305584285729806623264492778337049219000192346200189432199430419020513281
584 16752482024612957082225137938538606125233532835122610436004886387047529746558049461035508799960408142773008111140310027873219847969200215227837429629584278180195537081102970134221436013891443238305769610726471176575008528366808152398379068436577905058086415849242332247649807295905335738541396367358875960417976321
585 57294323214463582506279535158277892216708835894578826138905626640451904936665324193908807572611966052762785896021810398893203250821216549370335675754706698182386713832059427296485593579161804820593699659947058123832187872846561231758583738386689302260895071693366789912760165444926585279079116740391998544735633409
586 195948869453464190813743791330353763211944694217477006043821139938779967994935077934883542281533158610364976806059059186417999188398015725956365707142331635994873836565375176921580950446615498408661659503620822266597145506768287894058974341283179632811583353995702002351001884499641319131902803190671099500729204737
587 670151000205075302295368491055602367559211608934339498707575481415534849636538674874040597514952404702601220572547469469047635210304069085057930109461810845829860327784000815362924968920290283832843709170006292071819268615869685958284791720775675161061228825193099565401860486957083449905501674866473118801726537729
588 2291929855904284093859644112616035527201206230097946645262651533247719797194020829553052820450905889686622770350986298294819470535734902090350147826404824104938811163953041940678664495641035406665792599403880936517626210643669476883642670480982525848200139005327655785808409623599045238117057617495199433273326436353
589 7838423461530339427964565600468785508949697425998099980095218370129733252993693089126112059522281696995746236669798702364718234090881220439463089033260855306101717285662084339730169419551678331925678365249066574474849889448868457281354783939330820480318288915917019856395056739865247671820555826721302687984805478401
590 26807411099624381619994563242997796355673061772105390890654639438976907802274006608192955458273241623033674108275186927780446628623624764165803174660810007339335784904518348242388541144530901069780427642620531249528994618544399944334305632062274130924276859007889828172018021700255846534183709848967318341236622884865
591 91681093260036508693238025772240819631372998902710915852704870715521974714876369656374085212894983660530027576131112269790129334901915861642534261405892894888353470835017766933911872819789047291051160589764988322729701455213063295352492938524194350714806402529248322559570150834498208847309477437769791427363190341633
592 313547580048672731618007414475007055971913089675157322109019064733722494532653831194939154208247920416752187148857993647368315970053991528494219431257497400797984300504556352296492212397957068616948415312078823036784812659423724885100936728053435211525206106709551711595288042014316521891462285280372009868836646944769
593 1072323658936520427287353549841329654802814937996734114148148461102452053788112589806614368502366429303972746453965499818172214184008086339998068660382038004821770676665740714212996223422163306903348239522263051534248986510043458453981106031182657490772677391554016412897609439669200552045165867764172133111276112969729
594 3667305518280795398550510268614358047663533445825679561085465767837610503880749982623345405427199798173083973439561174203531676914921014879717496141757402311470791796977009545747161339956666235265514468802285639703854883701104582878132778176530568783417092002677510919540165003618221933952298036114384256986340518789121
595 12542007875254572313772177680599420902277086245862427696054242473529314968946703885348005999850656591331131742514382846543541669820462593247115969780914845228545255767234092650725594158298220652764120962607225302243497536137894838925645120683349586433427260287575593193655459304452835945589225588366504385857135480668161
596 42892940859210306449292843212069452517903407699632946884658923550186652556437817542443213169466127954383929665991855310778981983329193863708570056253253334072902603822966176309083497192415225152788456495919983156271727148604067489565799351522894094805338256085080582918420973229908191630824648727749616037435344689299457
597 146690963025337649986557942183031612241090812061038957676961397371898880919508011995332654371541622862002255066864302343344840444127002937441728718034320052976561301284016747333258690918975394703660071257962877234428548659252142630247692425215919500345743605405756908535310802049423562869868783161440300161676391749779457
598 501671790949445046332759475037997149816437588646148848615038724476576593714932007348871685958912130076945219201549193379061623895899863657797414151137101656765279258900647896713020444676443520076675317671809817027074387345337690341963343189496945214460351518134943057334393640653997157736075708005936613690473045827780609
599 1715674089335153984864513737314058510387030646159089074751407655283504312356514084022019786952520004280334999960919653751885727338644101959893395869338806158843268683623370677381423317477490986373759936299511820819397769810772170608103106153290078879919643093175393241889046818704225726802067478109214745345793504732774401
600 5867440540660892126248676099832753072553332758527827161003233416486138109039849446954274193708718886678275978062234778684254859963870814067432263195504523646773934696226410736886782712225002904103980451103624329139464281533041570151257866833744862376460659044856072993315790676425006899089627600427032027393968010545856513
601 20066027341673827454077053884256682320784687315135061540130488228356648600949393964794414168475778597602622312236815039127930953495974280116581899723316412293664326834618171705541087699397398247768809680555863780223234858937283623998423532935244766843275060363876780391954444079581800928973407436681185930636737155956736001
602 68623506185737460680144090974271344682137583334484778902541605083760189249642660094226659321036522595433038059218342425852275570525084136311114611181313317328267102654788498157843738651613209601744326132479373523998660008428441557324027252501714368437860185432159302910206913644805892447883484302632536367985340929150025729
603 234683854945656794440132412757104926160712121924985878694769180145592734473364936273105299150306030981142933878162516468200120344348544105396621522634895446465860164951073640232590985350647794378747062921177654570478420313967436418611460806035577093141072248524734410368062891114794328481825497381832225788068298463868092417
604 802587391154642812678415640320188420485286974718241127505396217477299915973097193949202736702495377955411562924473384739865327160366775342546261300243941727273072757081804263044963382114376523342975013804313089250868062960035031905780886457879266196357932609197293419038372798589845566164150301587197925725451491581068574721
605 2744734019929110673690674107470723626299115943337427662427929865333281071907963811779964803076523651156951945531082967212044895710380769692949166129261372316944995092771104583411222817530278059805692831408398143860461718100037457295208617450609038535674678628542700869941217408421445035126934584156334728207464469613760217089
606 9386571990727588004278622293578614040530031669796433692821655035114693250377034955248441839683032055463939095572922936686845445703187019833769588946645217864239199829130775657480595708958605883239018077389848344897992570589364236714538474333849360374744492079062851933010461898832134643650144662405504778287837336993999618049
607 32100558365930148385509616793309034821379677599414830819321905733306352282533098764483061246572485343934487125240648239218910404606354993870327083701297782425519420231128687239409359493490719065770899960135122691706681528818855512630183785760540063053624996814706555128401060235206528191361568451985181570608359975118417428481
608 109778421867136626526841611633150822099281494593915850786967438139580250739359123223578279081333638548886699967266161116447631345511724768004226503544684092281398995722424441048062673320780577724906023380601132580457516056524018555850915132785560848719473260556289442609905231245393270955264006507923920947527758608563236241409
609 375422423390415009878235817466400810509942447706423418344736151551016927982611714535820217941841819795199074980358759265344190220376167505195787112960795086300850778051829775782358836769646822376431705754710587752452532132844716152455426466612839140536499306907019265759623166006643977972775259285550473707830408879586494382081
610 1283873595672559570640093686586820143073864404684521889356404321208973272592732692225731374494489424664954638119105531874556079543663776504071921816226862492130180234347685278498244596801580106032711505478264620098184870111021589357849895752024739717261551224849418748201255819313262317164106460708066256728670509119345910611969
611 4390592813982641798443460462323721948695051486452701037270702925951506223789240823608766857434127276822104856320965054595851291851549038241245947992508752557824732564379163020150145374178230768068470702980982836256921849020387266656784543665467948254659495842296769531662462693358685200376124330272362588550766593199575507402753
612 15014915685188036626690216599783182407845076982858281801405445655690534183223623684034317740327364283805384488002285303055405262083088556859644835408726755631682272294019177239561761752425470871016818712835535161809087839842085730313161597217911974545751038109672931770988934891728965823470213550554687469367898070848816812130305
613 51347757039050750135381079267314539336001646817938890222153031259633653639557449217567625894080832249459456687583234805457736771450843444096607324027425613425843007701925802866333664737585846013782792907698016139895413531573907074485378530599881310186857210401410686442843825711643643742973824133177106196755259213190212941250561
614 175597733249677299041779294793684937137937001050850614788020966493646751942244042468691996567067451050061822889279191128589185281395105921423609364660102385729773615827698745347843430451822722554890654230656092782699561559631651898696949416080199203785342649595177493636766287675055747411747885495848636576581695743261191763394561
615 600503004923481408459882396750424741114204097827948818534511425543743464783224371048297471070424282844903181745321537550061825848067199246246062011301899897196946199029864089208461755404959471027464592284733050707605939886966896318251472097468687226258975615118786050446426894661801816808525520791032517833231684443068042246619137
616 2053573824278365142502809680007599085899538802762167368864498792008389000920938811757484580566029100614118765226311093503813068451516616419603446640017054255266856309739673943613917022994892969858361065336568667597946553048916302842586198558871966799171663143030617786837634875612682022826946788339902360404832115806968642516549633
617 7022703199595926754951773904681998701775213895080216855945485164052056128220697955722728664616503035818037826382192115864864048067307267398297653432550371816168932319755586478842261304138774515140715973057593746595064957479803298456869823056485651888011846393786418438189426411619737230061134762299438287012309332633806511649325057
618 24015806256977104528748998806136064005486452666442166107674004414973977436109421177530129256469960995580130922899342893129283487951620575048554849382251878236246377084418243404403764337884397370178377337362481060992485390813044064300470369169624077925663747533198858601358478944592863463239559122270584827027212513047123151755935745
619 82127555232658217777161937648568424418323147882815874370176267008709947080063533809713024164204395726726578372190592173597748734098816318151156624602072858062074286439949544399373713966598138292236617913994140034775305066143079805474739780779356305526783760217877240434695753755503868202690824262450220571115900566840081092339302401
620 280853272618145019151532668820707698121661396843918473027599815226999369966167258971635328495835878072842138680747709006018892609028968856932504677532283031809302241708362174993934937749337979297143407872278724333481985820364944721728083237510651448712498020807500975314076734235638743946405780697621471178960575132691215319918706689
621 960437163605245763109199482873742125887510604177784087116275311625171432592935342596413298127652473834215485463030546402805245805212124623620591904602635657748198508939576060519096406852336328394706078203916315961849291663147453499309916898986128118422881537058499057687676756242039454009018167239098962093752752602946845094061277185
622 3284409515173688788162537493728333579338081452003188561870330442940847304956716417583887684705892716862185840352742294307110960054892198640538928282279582841847746312050884721046436865945963664409852845460212357337589556392917834190311625457467200549858977053671213367769577509533231190534124675670483463000556077187003259224521179137
623 11231674990244282478432185242888875589227729290441258823598029286620499918933446497050148674370648724471744918964528401802694051142963333090215036508292186656518539039189553180295030938643997862970049253903855568660341170741660399862045038357068039987707018980248232431689529684173264874424363254694031118708299165292788292664285986817
624 38408791145691836197347793119241376348773729362935170853127631159241798693955540070379507156906431527586321757346879234700141570493140810461141178184258874811927353248698499289761312948872738952690060741800143560586598961403825992192174135140935753004392723278267573119871208445651571473071080077177677198439473519718625817049169920001
625 131345632949007077568302442064311867771494509909996070994520649382077262321911111932989633530622151305713787183276220364849805918743286501638969180206290048203619192162852782006856489045828027679098322070871769565040004012031495473344238653709655920605053513331681353978741607009310815528591297665312134772983691076473505450323733381121
626 449158402461433661101728488040976090306772834860312537823699718685946734179286372338793753157955388618083037661293663476410276918151320338770214748968699544527312111707681582260160400943689553528866738411592124977803153374470339003941900638741752142356450036557386234868462852070094407995962093151366098262410620553352126907336959721473
627 1535968519081419986691615011977877886247761233327776581054834743247415406423623595188428874464220392373882726066516854662277585893663232312399733092538768642510876546226814793859154310060343706440128240728488483216369365454627376840277038044567598614869985522356751039564051892768271037467310620120752801339809522551673766154350584922113
628 5252475066024032567801798235555525662795450410524158344464503437736657570178016945377872040416984061410476363209293576668811477204199472508172511931499763521550967797271737220620685034546716067998504067762813104973185524494500858248117413500496497789494168767900114990323538979110646902384419540274983893044244932491049175025048539365377
629 17961582054150771075936531685285017551230765935762751455820445538391791130532601168943140350456262256472629838191605254268105306775779113231152992863896767841812728472309096075917534534082575160930942253834722096842787324806858771349092002717649420613836626227657353473287713182604021735550172219545424150664404173442658085829473038499841
630 61422017808182502394115215010651768972674207669422019902856052569616037206761302477647368974106121547081302907766065521459413176748249891329088574765924372405547248125836334567632402938917021016404041573430961906829285342341009679259052757889379978389303602674734999673381904754631194804206108500190295772817644616333652936975075040559105
631 210040228362503438772253398100490699816514504275196557293652225819889334540592173187608381932538590660269917405379048894365072570162955496890809999383300764182895394131949291377202876142190747174829039632044309064484027172684406231699352472591724985010123055041707763608221390479666390010926893774530614252601754291466153514994513844633601
632 718256883338693669239500198613228397247142334143239450207365870030115959997320886869498433423818554198453453045939590487346756025934314070210466337844267896735017974906726227997172762766319895373452545378039535508878365633586793177006767012426605050958321731409879311009442283749928984162558057544065849402914629050174502053625984404422657
633 2456156456173797532473030940325301415004712846609685768408297502803430419952774066170405170923649516109639603431426373337750786405084284432208335939887330777343740972738968965211772888173086255109780466542986604903243797793234940564815562762937822679237623888330009796792070083749787103007023631986777545933706643739640760777400906837655553
634 8399069565183831885773837059903087496268391327738153980206074024664889363498204353064417333937018009284041233387619697179074679137602282438393966453282403021353705597385070485515444256577676004140841292602087226452810363067730121968542590384880560261339310948410876373185729623655854601763033771404632024361718059111759889638699487964692481
635 28721376617963789389473067258128363226741093018902561447625887158452804530724918998268776660074096256613713377585947362897669511133429773998789234236487691914983531346281007062334048988852038268207045577477421045441724690123793230357340330128746809381254665303078052971362626292331292940521018877108436409655838645738191320359615462056656897
636 98215097405459663242918291117717064939647753805639426470588913339059071855090366436110355602935527908189302195654248571054488064693003837856926054513073695743353922486743245319763181938966886563102216050953251370893977561793155279816892769489662012487219798744047535811821770070530129200369621470387028127339995767303886934326844508944203777
637 335853734102647638196374252976317449262635579924435903421857557926840992362384724907856368281299988217346251333991250971996706015456734604165093870867804852879445078635531073218824492287244798186491155673539039261949317309780119820625754748448697585737143563512073209851125028361109700008717040035454499031655855594496864258532035010504949761
638 1148473672338673143401101929346639756950913486274187065204272095070131816834876357100686591417126815643667215866669715372530300291378267330409281758651638366722803858500339510410615306313942562504634288438477674498971340832087624166511457518316767145207469934271240304621623927660952284703628057824011884163493475505261196948918439346203262977
639 3927270748671931837610130764097728656481995980519399030935944666815368618989862545633055948717686822306986681873656891225589413012445788869688036587120238240427257929694862515775307319834706568244058468542382948505321122689293908475217488168879790409187386322620906601054188670024581172898513529900763797073647269846061716088497864854407741441
640 13429491898622515391029322408999245041281276382239867692269480706593532205599167355831976231488015965427331950217103843621838642260536702664532455239761721452059691835773634108212291581238850520591231606142321720770755331581908080482255259881923493691195109716759427930371744180473238372453541237411596565316442355106004070128819314043499053057
641 45922684036549666117664097847680353514774364908220210349017875605855630364904570747974250867099220374708212412794443366535418858435603182792387042830644001263979457513755130423886733185090774607176867470612401430995364382943667981735372616977065625326184095975948843456431662772425081276881240066319868731547865629632989933409164104757070004225
642 157034071609343237948884019109635026768477673364177965180911417003739769443751514168880631120847925583456178344525301457965887429307710961641818696209234839450586734835684803437610489748048721287476705984976993510637061031611534283175309718806864706751738874897251733442398941579685372393540800029443191762578460350459780734317218637472289783809
643 536981679527025100143818831411070149886906526942779801419501736551040589065547925902339427533736505331094542976292578266065782889868428124440575850548705280596350766063974514691444690303057060212759770291675535203500001408572268284510239616348861884912601289836704218892289429396454842878364204588130649326438858813330265464061584569915272069121
644 1836216981019640638491378545022749339796963481261243002552993639200845280665429586385362906800568993113254847723677275459287861698720709876708295744536202590174503984675087599128686292099979047585008995739093547428101599437118515998412663386758956974720197917496742865871756231214839642096383312227652872803441744151150331680179652229815504732161
645 6278956667219916247766139646324030734874122625428314593532425552222364253652884116746307798194991766120613926124793688214299759227578079179954399913340696535622486483437146832506817433967107618595796385956419965801024286299512638900959979800095990906232643157692090910380917675974885912392910246264421589173820680031421876175644368220746952998913
646 21470884303361545862807111496275841374170305115829421659187913750563698763188241964025112565604946649663502428767384042953829816366874442049951223239943865613229077491676275698793486715593998075320440673596389367059614080064440946658889165651943119087051852049400130534119251887526830453695279798854632879494438456839813500289278379738420723318785
647 73419486060700191762420880438445825133083778010477850238024690241071667166832935055831193359613895743383440299316864673628986002003491598330092216163121414513789550955212772467504746957797268751156702520301510238492052499884881978088475384936372998627634714761960295043714603562568540283732709642838554620028406525255154723827967770889813714010113
648 251056641169810714253517533743143267980062229849042430206746081196053809006683068688546768708729825239274277246289226439546936389536810373014150480141400338054996625604470664687762575125571994210037512882830639829848120580833965049951728789706621633880882175960766232769939448640750529225857111856935913305905846969143116476927765854962784474759169
649 858481730329386947593571886531346980226050669934339925066351762547126851913206183349166852334459866376658995139755487978199849101184329773590761490054513477833357279664581692002674179562266117387909917890331463878693642784807085428782709350156219040262262172606557686189607877371163171741755537795332653761894377837353165838788648024837745278976001
650 2935549258996638180425730058417940318839819990198198713567535865310830514788562086059598087992484971523267451266259673640908521785326798533524752883258268231334642230543939498951043938449069362619754563096477520780221114339677730294007148503491515146174401889630901032681030695605284112141844300313941306379514833892686218751844237914729609267511297
651 10037987779859537152540999754853091933346207088441558689569090209716681355483970380286871183151904065507814382078327793901506230483502792371288832082585796044834780056910561696689050130525195385555811543009275084991497778315084046663276760120368194511733547621240473081800260781420743768778426597744497770212611039799695677974513325416927265300676609
652 34324398179534481916296476919994907701669818703121764325436648247486654942685087979935490267881971654666612844552359780286889248222288403185211180915827618025099125816621128007783258847714145733417809716858631127067265741960695274086787545336788271279053009235167622048735440582635876538355186932974734841077278298064919236272129150018378723619766273
653 117370291061713775375989213651459080126967325019576760528926548580344393260765464877303400478559612006042258354553455190606726328268742835497945805846819261094118251964802495343691074468145303488590680212665861793676933627679496602417748698942181646175494503000199700532016368652872030038575450162749653611390665419459007167361119906344807250108874753
654 401339972344786606400937246655752196640522259548450941901514723587245626861011237160068945049297988117037770253568651926976491262298912104085865130246341392042981411374390631745084045125486361958783213799916763084813234177904701163042638252713612795425934993679569128459502187290569473393387311005158731167463474695598058586031212505402801336216453121
655 1372352377277130905738293331917342126078163846892254319082296828211996903333806125892303910376695595028091542922004556912661606582639043404206228491357244618683733144537370948424626812682310376090913815443717866498077461627758465454721625727772409002315503846710279077488256131463606235914158769322894543488280497785444250409483315014952616204267683841
656 4692646635590597596238243232967058727039663509669756825789158338246626361851731350054164828613030903361986620599309260690323091674544836907158813495816926814015732456981510365963257755048224042435425892086626934478916884539002864919257069769634769363697030911153374771033325442012869393909310389352077242974916021890677269287931671913008304017075339265
657 16046083932451893256051118317275826120494517992209876252975859524807625284870846217639129940244864688182497396993267557338549556627285449496527996999944707366762426339235704085760106210874785395051299527766662908052089856092610842458635260849279053005379152241893723871725450428868453887131202903790268158267571152868266054820841995466079700430276788225
658 54868016894858142189853026202919899653851406256366138845734399790571442987828995805666329735528237006201560369697753547796614359800415903880003901423949670984552566241355798014629387408448822881321366572300583386468367607293346083907316150035041129624436921284728484279111183944945665099916406508426278177784882850917298825015710715686102177024124649473
659 187615393170168310314660561677646245949242850973878677642655353927517072381507519189845460695630314359641954775617607178996446786319779458007187373360345071090688789879686984463546591880137218324148101034682568416375504042607563798975050596697814650697802804631566276824960645528547728415599525143946519970573174109082128810677819306715545807043596124161
660 641529563841051540432088889507316957536668316500385636971011954652643218406006851487446510583943486150576442680480830350694787633888305430773233656419614759646594885810225139324093655225924959117836565707368978392554450354319350733315217667391620383724962323583646611880935390423312309944930075886282577769269210212640601785090085379807564906682403258369
661 2193632581912968819176943828483225831288133940658530259434835517220716886283684976122767626766413935358267422258685485761020996875008366950136072218933432561644774643392811377212847177896337330980667172011043141364211044274726623859703246762340211917813116627625928211527147354219200737297587796730989600954178040522685955048132300373262919143252190822401
662 7500843601625980141048929719750127836144185185817123622957993108390858108302147103048072854640413841584075559390957979747028913464215634698218886991144887753739109804047556790579132239100599667149690212206684324178733941363973612659293165697914157560672783738300639946681396617964340693732027632391704459066071374270320470354038961434656379216970500800513
663 25648108623524616150507341173742992400180524333477039275932804381444750345713556848968992628355606546477911293739176979650942185210491507643372640559762906667000148577969081071707426470972301190172970904611785146761019834915935780617423670627983689665928123312698636025703349523989516849360948238118578817871024850674765775188395772862051506149464257593345
664 87700000010920621328182880692643727949023960736008783351375893340661737906580444942804979919963424561271752147511300693040516011864200016661687605532461960208949007293845594240185947211204113637609291482107809038770638759026362570575517128593463275264079328483256554208909479938443283477228717701265244665836543127504129668056143418656260911521609484861441
665 299876794915236454595391322268359117641735626428969338221939606761769758526072036307338081959776231284527930566527451684213663018631186667797005936047022022144835745082572795627753775384211130647887288471889545996347612258616856259365541280305298082093584234914386239458002605498308578981132867779093693910512277832772105546153326073470507560082109976543233
666 1025380722673369148043394704194885749211717445303943172671091884950475883175175712773916647914069408428098680044256599368325943221276494592643382078718563928636751752814985550203313553428761192805081251757922012246829504481606676702655593737829201555879246147699934448110359251129577869119335649487775101217039472225809221529701916734693040831748236233408513
667 3506117448762855569088227914579231318442688308294390993448226020293220700002397867733575252323023008528667218208727864432378772846573457621220449035088410722872482643258081672627578369241243542923961024720862982080969931485274346440672503671511128450723841245793061118962560179989585841570243530588096530907970811788398672902693524015186144012091585063813121
668 11988553855235562380051458866259306533778831740195738772309500598161917121306499487536458451979361901974724025259084952267767862597699955735001295260958511723726401981910724730037672502657286123105822612230265111497648603351825487339814746586015912700646837457042953603985700185544293479964446268609708346827827322605342122693738500928531412776995277527580673
669 40992666249740348208959862616534561418197424374825303719361196111591458067102561804773476608160440654935914996340118112650927883316029660266707470901208814101970248054833642008491814389756752688657111277664055262325671819780356372110095233941950765156391476164023812664568135480642642598295538457803763000293784789356622645786654890585735045041773858772746241
670 140166609182723750583887791423578518768238903346182137513186805714382949778028167720100181271208377702739120236701865289296822407234307511002587518237040594192646660081324006028409064759053150962703489365209259532960603377044304066324604623608149116226259535513220669347790606009570333175721936181694381155453106962457280592742757823419458245660757735717732353
671 479271940355700616296375509259768901048653293882905282101429628972652228023068505994980952228835906920675577498123007839910792301730772343961689655907131016189900820691458477047528676842841757726483007065193760872809888548435415500069278240716387716089700795154804114678883100712460165753014886472882736663362513827057671097698006694436723092834142810472972289
672 1638771783766033240516400212006096589580491747176021410968242052886374489212399684484073784329169304181697959091352306926693664951825703272969081235891743224402891724854883069027766459787149941083884759211068720074487195549675642678464398210295267995892091919770228718692400052456379770162551198399595644815227218706600350768540421332762254899018388399682748417
673 5603430544938872214710056723164512750289900855789678631050887950621712717417867792275480223963328575664154386570227670793478920562474980839493427177179139722099582954091744539692135920026187778790045317117366474617766760182284270999082913909996972444337306118621182914867915559632389606658480682815005471740642045353539383095100742385731969085869279324395274241
674 19159693293150627765758906527656158552414868991538756792612389387951115804351932073561660615699783521599128669757935892095343452662040908715942477121164187171006655626374334545628580734915758928415581508299820531285505973731550746159185380431100026629386785133988872102566290615292602769362171933367477139612579782079401664582194588247920391209289720626203852801
675 65512196225261307214947019113017483242614189595801203166967510421466055001764221670748937186683061898734406662128078600360624680069115815929329814576370070451748250244072080767440076128025347877959969843167559235629268160807789170146978023650719501218262826235191761563534882166145265681316521439141707052477982793561800582661396572815172933969889821674757423105
676 224003505523035724877693329073624512538932583639565261936433534611108029448911417833229673625565404751792358250624144465967016456504405233455807484078976082849834649791138335585912103207158009151673314616377651972910345192549144203263585610302525964284195437420614662220070293767602784689174218977225818596161630557736600096094731010403638133351159076465575723009
677 765925490189714210115908527878486921296655177641959426309712746864274137555966351258743294226205222082580173932277647310875217610995680165156969506334317689611420351653287443909784051175304507393676242931997693672794426863213045077719758840663430226201146312330419288471453694424069049770224151237592020066572096922513058216464627069349444770416634590951137869825
678 2618890177488577587749518321253060217266757305911034395250061891883684928280322271843089233822463537918148218360755803205050032828335026072145113493832284238438615198803188793656557240368018406449640842585910175569074777732719900294201265375944034436899919829458173759976516632237650544201924485649017192890541569794043666474075963158773880874990973462588891856897
679 8954618919581862868861281201180665579853419474298926014121306709875860926298776948218527015317918090127322373601967476476925674990560625745597118310930057159070875953041686517361610246240483858638535036536699725720758135035053451370844403864521208394850508082846071859650044341036886850512434278319343411121564777651626566670185273758399669989334081818438559334401
680 30617941627826635658243646314145412984082962183883809981178885652717142927883586097693405459211095896969727971514569526824540159307697746230562958775827951206178090675557762025974633568539742821807590069021846785257638974667241749513191722406693758182887227321209349644333000019256777577627874057466972477842193853861401734959018035959696306208114702445086540562433
681 104689695510034212452252205518085008066676804169100672185767090306901787199354440761631157931585001091571427098120188947095107429459747151426255241864001743524579368117866236783430643264695341875309568331087351802059967832907531193084986912615576727651681788934762462967401564671422616118924202058782818606288632006873328976987795714772561364796425020229538856042497
682 357957073527096482003927143795650213260342872040267856507499669191350474144822946223305229578254926083541422458858577451080666918059652194439756198395006701664452685885228882851112009725143546678742742482505433620582794219545390175172766253119301854125718215061617165567047159913884964830227385831436525099848049141008447517548665526485863990538487528179241419014145
683 1223931268382986326042826256225105490175120609985074663987032490996738892312437024324039057280445248827909195758290083190028126604243195963699563617049545733486600071721263773486430908618915485638117874196499182584702188152748151726410081715691895577318903546605653372059073808826588290103331293282030014674000595541776922093296957396757226847751898732690784642924545
684 4184872038171201824867127876920618133324604457045315696793824446446461679081173977921532771746979102829709038573013861544835232706877687258699217003216947926172304383249161271300198832409419450247810876943195029957890550258928942399132352375371580145732223785284245674032740307000741771814378366338166823184293118208574083087371007936862731583155780811833724297543681
685 14308905332103294940334323369520898642993202192628915309986872097470916023920400713417840069892666659049865444367565711987029570541273025300933541891608768992179359133260211879157042069440561268578775138011314118690165475197564622695281497088581252374884483635407722748283594579410637345256342430132587419166747293061696067205856381124440894099638372210803808801914881
686 48924873893421718314001540942173913467214086671725131741781009030020514990159426753203469122375855492717124225777455486235659268188282983874917988147743898343116575805097774451630806406338174727168898582440577537236416629967727000501475171639811537905030977263020853796290942796840136108095563263484097024032733312426483839321987546500444694735867791060091573075181569
687 167283112042515131599028601152802803050341838394007500227263691469902230738916435306719319699983395410703392753003391102101933951573873577265062284933048790786155893620679483276763067545969221707188188433603461673075463587322394021586648742490044955764998111774137692700943200463213857148254386193503576921179608147348027011483521046917514473833659782323232858752155649
688 571970415632654598258078652783596060813045790971438749155104006932556355774544662892684485183644803564763668464067015037715418446658186596402278318762384871597096161462647122162800290022401581610396694520424388419086461501349930356191661051039942605434588191958071046958133299811475365460967789695115406302712983146407380048372635511574825275213513269509557452154077185
689 1955663445177268467346744560809411446400982137868446435324106882152850807164897822204673633147933541551316018487437323191507098550635456866711934494235570454574799195636110855476605703483476769299797064258329858012204424443044935935042790316401301325157701001848517291393723095659325409071158236186066914705968446050875457317639038373757664264410241677730052376184750081
690 6686729545871611005940834885479519549883554351136015976159869945970032973690314577678394600220803165715640565763102720466436725624348768306391234184974671263862498330546425035178525682529937370596778044266044172336167916394648276699889580703693031633189690054960837060017046205269157133289598021628348034236230702586718554400107983323243261413406753384580629414130221057
691 22862961665379931746324931907574253231856157353686189088369431269744540415661609042389758622946137770092209280769133976096390793322316500350267387555551923801812917740568819193393843760744511997715877427554132586458336371968596804510980821148197128426256919026948936632788267724097499303676086539653278172929165997429365261576111183108319952527130766704903975588803379201
692 78171835865912910936298355912819833756341702848778581152323345325271051343026767289254217168785396296986864552833746510355643737115091200156096255377641552924061777797949238042554726531003370552146624785163757419462257592939128155625972955969977445527046414378118744336432254018700156846911392504855873708793357131928928801495463870335517719078620879713261824638162305025
693 267280472572941354789554589075508272426143416783207337328459628814186726781367399420274183962301531459295715785547186795614293246261438059678834300892746405759736644078415877613510925139681815315204710181450794951861202268683281838246229354789360296521637171357950545830390524569320481198118344647090727100719354564028120221572658880194604227643218791050384946450575392769
694 913867531727865083507905165326939477792477577544522037090481544540105302146228335944631687888959317393241221456956296893477977018449349406687462563738072283370214287195257667010580267939179553959772112412133155919633176576602647358826510534471715389919521027512569117799023214945044072972377899627547401259809427022169355710289340631286625634353797987877984170605690224641
695 3124628329557180420267623508080170700990994900857742092238355580162466541368260539610078264074425699631436451666970047496842687842918227261019485027869707303344718189798656315721723890172876006217565182520452936685404143238307205377659141190913367803651139746883646188636138221576755472152534237997645534713065375017937841028484524639335924217115419090608747727689397305345
696 10683476219603551724870564759659429075871335513107699068743274430223529711151288919555362429537902167347451178554054444793588079366081474108643592740969589039812998968546954275208141658710312533379768075683518064642499820301580692634178696690622489593056706509032520909049160850747489389554963855764244391284670704196849822361270071090726477815824410105263410254057931014145
697 36528001783038881310580312204601017142125853661286273949312950035923844789059284341674344425188846298605557075262146611525041337380431085917043105186600737162494109971212967048945896052693125744782375912927413098338601713797410663908486000839102565724056644889356547201133331715288228916154599101613439947770131547314638968798808890518900931423374791671778534422564244029441
698 124893073018243442377481557911594528924266127131681995547089874787359207542755751632270232284387700966425451371859779568704140209134713443713034896864377144223727534286762121270909596418348053174305600260427657857146750889854176155191554289817097757230059180774290021975065555392803954800688551907074770706837446586778443336779664734040906180006941644767188097259962927939585
699 427021654680598018725104761322966070961589332434022702121398966143323373773807906779120455587633413638325942519832295245842333443954716508057636614927037005963567185607394272328802221271595407008003312305727478177940353394757258223998936884041037105633643293564174981568099829562319868426685717964566694820999411515012613111927523100843510759772766210023713662782587849932801
700 1460025900730123196321009668586816547177920433366691292943428336253290237115691615376127060098183221886397621211440898597882172449566034668438510294150486601674640562789131408894527612014050954360913435541371205595435437500526790540159470502649492793680642225221174084625424192684101556499968435777796206030429782324778862371162752089869471469553995811173350266806240421085185
