# HV-convex king-lattice animals (polyplets) that are also directed in the
# half-plane 4-step forward cone {N, NE, E, SE} from the bottom cell of the
# leftmost column (A055834's directedness condition), counted by cell count
# n. NOT YET SUBMITTED to OEIS -- staged pending jasonp's decision to submit.
# a(1)-a(700). No OEIS match on the 9-term prefix or the full series
# (experiments/oeis_lookup.py, 2026-08-05).
# Method: cpp/middle_kingdom_tm.cpp mode hvdir4, a column-bottom/top-profile
# transfer matrix (docs/middle-kingdom-plan.md Phase 3). Proposition 2 +
# Corollary 4 (results/middle-kingdom-phase3.md) prove the class is the
# HV-convex animals whose bottom profile never drops by more than one row
# column to column; validated against an independent brute-force Redelmeier
# DFS to n=14 (make gate-king-grid) and against build/convex_area_tm's row
# TM (make gate-middle-kingdom). mu =
# 3.128943269730886252277447995387754160532091221904 -- agrees with the
# UNRESTRICTED HV-convex-by-area constant in every one of 49 significant
# digits measured (same dominant singularity; only the amplitude changes,
# C=0.45030318571234118235 vs 0.97445221313500464915). Measured directly,
# a(n)/a_HV(n) -> 0.46210904920994244004, stable to 20 digits from n=400 to
# n=700: a fixed ~46.21% of HV-convex king animals are 4-cone directed in
# the limit. NOT D-finite at order<=24/degree<=24 and NOT algebraic at
# degree<=20/t-degree<=20 -- the same boxes that clear the unrestricted
# series (cpp/prec_guess.cpp). Full derivation: results/middle-kingdom-
# phase3.md.
# - Jason H Parker, Aug 05 2026
1 1
2 4
3 15
4 53
5 177
6 567
7 1767
8 5417
9 16465
10 49897
11 151288
12 459836
13 1402387
14 4292477
15 13184421
16 40623752
17 125512066
18 388683562
19 1205992727
20 3747864456
21 11662408755
22 36328951624
23 113263752812
24 353371395937
25 1103103382809
26 3445072086291
27 10763152946573
28 33636355529299
29 105143308881863
30 328728610246921
31 1027922321397628
32 3214674043798443
33 10054417441862654
34 31449353694030287
35 98377222619405383
36 307751317065282530
37 962771879818780840
38 3012044864243493246
39 9423477151487698622
40 29482909357510686192
41 92243772534634904994
42 288608989662357692554
43 902999560661616254034
44 2825329803652580182499
45 8840033663350668719278
46 27659302474159065228775
47 86542725277151327814376
48 270783095941505912564001
49 847254429986611081506551
50 2650984604101301374707442
51 8294713943755538970229614
52 25953522170717453683761591
53 81206678089343206741411850
54 254090031653760661774663801
55 795030636007250839045532692
56 2487599072901895868516791476
57 7783539567325117125901453232
58 24354211474737552445240206245
59 76202839794392882995651323636
60 238434095436664730921356696804
61 746046086113233210305668751221
62 2334334190060190082129567384252
63 7303995003669836471356213117482
64 22853775322868546863266346189694
65 71508139613602579752652731229018
66 223744844606119324962849229699033
67 700084755760072828617208323553193
68 2190525057531416263370936334109857
69 6854027561597566367552885220665539
70 21445860707891623315995645576198327
71 67102874732358670172226134799861577
72 209961071191403978382310350608200703
73 656956237655770338532978180251618628
74 2055578690309340788531329203963363536
75 6431788836842357668477932755916123274
76 20124701710400051311245356460289205758
77 62969048254720241721134714123161194041
78 197026575419483420055683422449513896776
79 616484966257748347713057424852880201588
80 1928946458756208463396899244597537971064
81 6035563971132735355988452419622650543841
82 18884937093845576413859091264986622966547
83 59089896384910908864358041916820204848314
84 184888932510911469963149687875563210309223
85 578506978282449790970608052354590491673249
86 1810115509285961079988561153648343789395910
87 5663748722857000925202971904824966728274143
88 17721548404180224080752237309195752208441911
89 55449719498708208179898662697886098012119402
90 173499026357944175559289469083544278726934995
91 542868610133516109865893790241592550687588396
92 1698605082280219454516910347038387931140231594
93 5314838935742911020521477392454573392202469261
94 16629829506661315690027247581342448957482190494
95 52033793083891309927549059395031705565128017584
96 162810786598634888545457671300771553869849132789
97 509425714791931985244185344088872954306109272331
98 1593964161284857905112368244175033402202859448117
99 4987423433535051265781053095719863109486160939699
100 15605364982867827089356097070559257850643306467256
101 48828301727823211456272681195528545833024779587286
102 152780986046021356067125322119985581582772540574385
103 478043037987189567696902033364642226000160070171914
104 1495769546240182973150340945281819012944460995075993
105 4680178054496165408982575188518865474327949763887264
106 14644011624052688589442858400693052866040249140308993
107 45820281611167039610613518552248364451134214924046000
108 143369061759975426873284441206514928242851494397848299
109 448593660870292935667703190427237395351986855130660190
110 1403624115995844342126215572658105562237319955899208188
111 4391860230906254932512798816696422211132115665550214210
112 13741881510914561047873249999672195173599433330169987440
113 42997567666567065136523951035066203646500055190761039811
114 134536949963975966645657438549822684442480536326543674138
115 420958484117068614996655173785788238871661863855235752324
116 1317155215707089222974486126002822566558472198880517923371
117 4121303947359704611888464576539070850736270564759112668467
118 12895326248561406292154339549971369406361333427920390553185
119 40348744276306902201126127328262526943932904499398377044860
120 126248931845158078681703288178891815157311247277496730471749
121 395025745606904019601200904465557327967770527591161287831891
122 1236013148085345315496433693142102941734647674005161059230403
123 3867415020995994645949942615942033788835340282485711231753074
124 12100922201190155936367699618233505488685893462051844126149603
125 37863099078922344593918705552572849120764990016325701443595141
126 118471489034075732469914718393069933159420481711543724077713778
127 370690568267986566803094694244638202961171190273443377292926930
128 1159869758734378578466175766109189725801797816920974692830983236
129 3629166675355174985054115972863528993060575150066156666325151323
130 11355456643581310060252548555409586848489925604611678287047788374
131 35530579639647375004036852718773977415544507672101761831170884187
132 111173168033093695346177136780550444491581629467269152335335551584
133 347854535891763620847922205748031808458776504384175240782113852209
134 1088417108923779607749670791890769927128209759345528551274871714041
135 3405595387626719499224560438490621912912582958369318259074580176913
136 10655914767540444388087541556928415222150364087529120184537852380619
137 33341752794719803335722896176289331066220720295992799345439728832751
138 104324453008064890864538913253036603399101605580585447404733422333973
139 326425295107929171151934394135602415863714777693512516315382471860023
140 1021366230197844249573127803947495080294690118171861947066829988708022
141 3195796991907878615596879636113319014728377021480074959054686128756930
142 9999467489256184222203461434389154668882876658408924191581442495949732
143 31287766501400477755698696552844671038080694737404681667194361892135294
144 97897646419467338094575065288043393791311195865009662819336155242264906
145 306316181886683394388175623171861180139082149241961879499888644493395040
146 958445955723992652096340631934565000822253058595035751459414781304633483
147 2998923022563355291591657048695174735391277673950277753324213553380311519
148 9383460007890570725668306167934534061393379041733367766118484009270816159
149 29360314038478013028438120498352400270769917009532553917949639440059392307
150 91866757007880741429607762523956555540726470857832258753980894993014359340
151 287445871051810435464270767205010011481446495160045890230121009199199829234
152 899401823639492586632307208449745731037225678961673386785954609232813293536
153 2814177282860471159797540131033352700351408301235867300447078203862635666665
154 8805401069035812021169224001707468937348504693760596332371999117769426206958
155 27551600412240725339256115522519483359374001857133634809904936335155740321106
156 86207394680195254317363287033826174624165407970757686807028411893936855490051
157 269738047385630961108273862054853443194626120817286530239826419026252038650448
158 843995047957620403124570025977951917201394597468675008300746857141044624549751
159 2640812624993191752037674997303920142769327273811363117792394499945300064574598
160 8262952889592799170767184853377644461903581149426720913095515538695834962509480
161 25854310831994760305471101444484831037022371158718275704852118022965701809565302
162 80896671871300336638741772125611549449951711426375316892371245673255708278426392
163 253121096995333040625834465929164467965514342582381645310626267658625686662217831
164 792001552870446052887311379689329900115978903922949409958219634918595699142162234
165 2478127928470392553881877849859610506704887798681226378902687528342347384310546727
166 7753921703319577129442177527592246681599666117443561821887993351945641433990438697
167 24261581127622038698025729257864053362618090702197402807497001852931621986981889173
168 75913110982302859309212339972243521565773895012439471176998836574968322710451011342
169 237527817692410346980940164666346262133713651708745657341022965879037684991393127220
170 743211066542532253985833300012793661745434678840230114870713352782145917776959987333
171 2325465264647770073784892246085996475875900451805630846204220585755459102946187733154
172 7276248888812594230166522609408087820971031086535208400392226778074453014792904056824
173 22766969989537005921762400891531956187545420745245469844695455306492157827695276778697
174 71236557520926879274387609074271327690793294110201006922435166365910660097838882258523
175 222895147213901303075134285751132338790630082550507620713081521771215058559368942957306
176 697426270730611576683057026883094004434818368058977679750501804255717146131173538013325
177 2182207235936058059253695169760353988140269774980766988490969007481881559840932414539663
178 6828002644040168999191459605352374320211865160271371083908632307162942921859664154992966
179 21364432918774182897810702657940624864935389210031044549373849627967950355067893953304676
180 66848098592815473313165936339944281394099168886650001611282928162591509321282226099329710
181 209163908186296702470350508754288432202175772711779832209475633997714570663343048017817660
182 654462002790122088275578659204357309157645970962967707329337097632382725023842244694952683
183 2047774478924749003442572844442039756813291195556117337032700490325705238136923086564223156
184 6407370173758265954094379854976483961788341668711974341432127322586752139441375276740133548
185 20048297781855345432869699534011482160030295917542137708629585910247639030369035124243784003
186 62729986414096938577328903644840700271851170764660302673723740331470184131029827549236227351
187 196278568800698547157431029861312918049660677609614338990742150754328163652705490739527079101
188 614144506841356428693571521100506407876581113099884713869011701102455980950253322222142406699
189 1921623321323456424130917771864499040005831794534655943541371503975032245107375554016511757168
190 6012650358212941214638045063590673254334276859678431893504945194712706220102409851875362416040
191 18813241871575384761077908588293832475525524232205672015346983939177105471558519592113491346100
192 58865566535885102399538659759426920683201745886183672382746222780368301538733803658746227798809
193 184187018231353371375165506404629684942877546039215737008170437685798656028822075617836260112470
194 576310731066793175475219666064468771106832411265599420292267741628364579348658324093025436087450
195 1803243583245129285886134332328621096036088338133949642679930539702758156333549904800284628721376
196 5642246873480254399832895291260518545367961237503162651794519043252047168776871709924704533600919
197 17654270380936177278593854280685451395883944697594241523483826125349951589874537995184789250822838
198 55239210490439581324951076197190408366811319675980172542321156218135188259499773017171591595419690
199 172840355889308696359656898373628669767818285798508958296302552269344583131493070243480078221249141
200 540807668297743594464897004192774724488573214765904241000806849328922294587334858172237480624613615
201 1692156513939078397595761876148593671052478419159787056128288709029243782681638228073901001756139548
202 5294661735620957960764014880932583307996628459009070686033653700988945508007584123987854452936304787
203 16566696203172849419195592267362709989311717714687128748231412717650135398417076866190567456919628982
204 51836252586593914133057069383635043420666628725803047563444018491909082751929794351444146004872305346
205 162192693658893271644993657945495182612606534707235447646724069764811014475010789161514884534740387037
206 507491737223517494310273589533957903631655825447230955359248048824820835434803347300368538402774630016
207 1587912855629560546187203585816171372102598313147350690929388045927493674296154801958133777485212364243
208 4968489242541265904365044023587225894840316444969359700756255920529749658620520528268547772365953336123
209 15546120976179802888039180412084224314778169859329049762804116620008714839257869987941175910880311897455
210 48642930598839949677694951838786353815932626624327330832526849480856944393853315833122862599697314295064
211 152200970317226848996711193108026568828132487564793296081101090014180034938021865404230779207449236492933
212 476228201720597340700503230670637680224644455581134728323263780422240300002275910813028488498160089076325
213 1490091026629705913423544551432063797593209485257795746424417694539487780850466735717740567739222968747619
214 4662410289059405119249187726847515813496894481947332079324776696201962230514303579582235685188899330247843
215 14588417294676461571737773259617042639686028465912144830472924054385675246236681694827703176334912486215008
216 45646330110203577610712300341238903087502423063612165635587756704113984996429686258701109015740801083000691
217 142824777386235787529023741068755081595351319161912297517720840880675709647328802337972721953602217260897686
218 446890625953474546911537907002281794108762293605996017398227753543100158322147042288610283584817010679030658
219 1398295416382947105501477430856168924244577873273401804151592390970856578255282643609493647280773720970133723
220 4375187032186969568595573928773450516601497317643540401180983123049994456088493614610111824955966494365164506
221 13689712018175268834125001457414778633238575644653902082925202726003607387140931265972146212757889712342353345
222 42834332283823535392502501293136043156791733160615758293358830157170804894525791334801311801494687491262623775
223 134026195712886073241834213656394598219064102037199163713218257022770908941619088585342180253952476591961998829
224 419360363043469439325346394904495988918937482800004399796762750798056529393628582689090151317520395874273337781
225 1312154785536764780682478921121877323972575079998045778406301116660571888103293193541466392991803979734862369488
226 4105657885050434606160786114801509689429431576352700749697321606665077628917112995286907226153395845567925046385
227 12846370607246101991207306318749680942699580830821757969059779298962729279176684243451511144394989528931978773358
228 40195564852011369120367794040740394452115639779540147755983134431658694846319452566667625094177675924084015251391
229 125769642116732340273498210286523001464592515895663355849163576097935470493139705755269384384824885649515938537543
230 393526075237611870750322157956044352866796280363168104331777611221665391301287675694612429574000216095611285685099
231 1231320764578336036922509028631776210879651716279799836957986460375694455741196515697120987893056895412128134248495
232 3852732819207273584922679194705306306194988930853297862156028865907027713905770946533142312550886808689225525275672
233 12054982424729902050641537871346792403514361952475377124562299362799700374440933118485460472949787535525020279505642
234 37719356124582747090064195852171957777805719145132261260112610032354721230071737398194190379607630048127556382375980
235 118021725484595670777197167193910358690787353981721596061139707092001327531532345935355339493979909769434330452218286
236 369283283637051843891596872609194490181613289541439865746876838141878087290639660225176080772387710815266179277623101
237 1155466444960275281154825071636445557095896184470732648822725180189264624897552749347370401421014160898783734253879787
238 3615388956358326852945782930918049115357139106246182862512907494541421089635255095681713810936851990626482934451225567
239 11312346942456759643464542922593409858552685545483312832724360709081771052880217291350994528500988244905507900792097990
240 35395691830460847271203365993488949972032829274271784363572587272467991392070836134563119129344909988822165412691253435
241 110751111730388981786000986331939894119969429169167711925095690705857498171302420153667142044860583633199999413117799695
242 346533945664014012299254246408475104737904724298577327884035530036859199492360077248619218584932810560911082705668605676
243 1084285057018705276138717635575005116205039417048140104909648385606046881789829437498797532041104447303208771960201180853
244 3392666431628448122593854405333797674324582195755242496857473750294708915066074684218495686315960446549865053663147326889
245 10615460797685734715546114180118093531282992145861241266923297336150820609555933492336645939443837683740500096290827729132
246 33215174618010844774146256917440508176860914928929979931188891994847207609886588005977800608836376107527428698632403774802
247 103928397073961193420367511394974255826193264913341481905054237769814971239666584644884258458409785971978385918361649710511
248 325186058558490007962455483028503351082168319425979027765732780382672222310869066072519753835186036202881355868290909696708
249 1017488729336901172850569690200150077209930056466673849596122150439205021529797799893912791386010280820304101396971468355478
250 3183664511685728282228582650503909014792467319090409572175300869978134859617530050301621609341361139662174047425230188476591
251 9961505646920127975496741248113922947805344887208637028045435322377763908222649146426552849421061724123187150825465777679722
252 31168986050316952538867192195677118654131141514734158356772856442278462094751122658871491683640952132077646755641079771699372
253 97525989126475107364685123364190963136278348072042164290865957411901362309423574337195570653090300373143621535002090112915795
254 305153287301131881577084249438434889496200425576651373119242110562189438191888342530673382288954435300778478131154587909447558
255 954807324537132119467590181670759504149783406511856920202978920566900059105573346550543856088539835207084812901795198778413341
256 2987537952000213632849820842120688556996599796377110449580174896625664244443708682140938115055347019951843881940727434585893197
257 9347836767976663950341560590300330728878949403354733287438489672405506446872361097890835091277311829217795034340999189394899400
258 29248850941703502798743967133352581696918675785691042750431602660844845833474581252232431931358277431783221573118799013003069411
259 91517995301405069524055963163822480798878496266567587684439825662359324220831446492271421822122401931201361970435130783304460593
260 286354615457594263131560952341629124238530058119726646385468415250664812326892056572138279584309880252176423236148576777648022224
261 895987346792415576272663269966318560634501958882134487558318984448228718811417509328290899983412010889452077545318613620919107753
262 2803493578510162291614228373699460626648240459260518036834099663622134982989002454449929092789005700499859975924774880444563051693
263 8771972364213130265325138422647903915931158332694225465679022915056436408264280344062640305419510318668548994670179407071863019198
264 27447003891270004431470354496875722310727232445594978570597009527319276575198905184657846544067183908611673568340568394923103504012
265 85880118099866726037784199414661228485077314962362471095428036717602055936466960535066348611696322156013362677054215582569290401428
266 268714017532271659896148121764867050575286280858832591585004688684995197049385861197492808376183465139257257869353921432079512139342
267 840790916639948781720088371615522791420534209075486771386537298224803514015127253610968096571966843855822776594773234997612962563475
268 2630787079871430359079713052420270898949930809950147945632254347327403148627590076521055112628367333418990182298559060741555171343716
269 8231583527658683516791882035337577454018750998987677034802378343431536451431901586626624172029572851232804625012666205407800259261563
270 25756157878095264354106437313045267497528459634991554291861549641926630008027925241555301098049027401985569709205810011204682821604274
271 80589556846792321646144283733422816099967189348712419314450876873382005262933882276352319660368107663539873120020669119945770800764228
272 252160151506365498232038543460680020437989950932075564331365801246277006911290454694155302036037502645446994381134361085809139537865886
273 788994808950162924455169357084795826668690010180882501299203177026135427190041026104074865826892456657161823479924594172337471262168203
274 2468719997317218697907303301481640510006927700629672474149322922308289663776151162535104191513722763141746643867325184837081715848792498
275 7724484820455763009379574461067319108891140631962209978654464333212224406421445231072838802968510001708734446464835587115999962427717550
276 24169474791103452941654351677983890924061515686523760209244465760085015227045711114133994538645059653731721271708317866121028366600274493
277 75624915480553467014031491189750274773236223377168858730236931348015445929191723948661715824121968470433720775230003337605972475657634285
278 236626070316844882062547845970071293026238032594019257943207555829889443523718121791863929256582645148217047932405854172824730252117809527
279 740389550160759232771726555474996129367508183008914027068300751351617265528321913103313209701335056664313959756400500201585574419040832065
280 2316636899954586012853080925491806152275896143133099753993254939858622494840223164532623804954243661020691575438961452420217606100962608998
281 7248625436523126372293647644301801761088745175275682522345513152069400500219532097720968330571315149660984390448911610268194669861430912415
282 22680537774409143704887965208950905747046874313922620074024979879625642934472980674357401477812216708065421214223849176704877479257902575695
283 70966116023114623901037911382679699457139901476512996120489934949187489966335721253733144056981835725060905061195803246843679440291911052654
284 222048951109465709449439894259870909179992087822025048387727523961877945169067725091482024636960578317262605804347997192378522621436633632904
285 694778571124765339466670323089643497364873507067936533301374043848977361235616533627256147469709572878815638187267442430559802909716669139263
286 2173922734074076374140798241557302438032015713894262278516721866791389610315411439083201804229436827227628692457906066259012390802170280747667
287 6802080907696048458107921190211199299813913247293660694666600936102395371186180610414859311097489617927804420607980552419753849794954393647584
288 21283325276300508543208555003347918727963117806112079516900014158216890929787454945487416523884490521940331635773958515248569352836303832494600
289 66594317380773731274746562875276808341781449452884935093218782664868680397516569447562985368894999155457873731853083878018743410772317696010652
290 208369841170894547537541676728251345836298886753126759755438362640117555695603068662672011730324002826329665202048490222176521517718561037656965
291 651977412146564225527433756188922598714844825897855755653525992331455278841083474114593837170938913606945218491517878956335288310778252221685530
292 2040000335752552302273613253565670156856158557191328895042261069300196124478929710637183542023924769957557116461419540193928974110151065877043850
293 6383045320801696775812394140897377281419385573426514934515049767021516899873123162418941290096895942897217026703163378518658773809209818049359831
294 19972186696909694883095045573008228819484292768143738086753739352134507617742849677481882323101915152741804691760134054420948473893638777891136338
295 62491839147104329589993814767610699783444082505825347417067687670982081533035932009403062935994425819177883844457994965408199423349991098867189384
296 195533419512437219023520872066564204753229571075963114990338818537044926463403592082581219649692218644874675426942315790419597553597127837316662948
297 611812976990906386431163646984389275701462303839666095711590963302646542596574184477807992327128672016002556591378768061278208214038934926227505394
298 1914328096689714105880494515894508847948262310171723251141609595882582470681553010770009993756491515032079845716248307949660469630880528811238703461
299 5989824014194018221348091876501616468591453879735671891062174892963271218067803686484154738372834122269672658589302745319497593046000821537772502263
300 18741819536084813799286189626712026548943509518624084442423703776920236481883430670218418949179888951089764616771492389572381965419635563269882660751
301 58642090099943418991984128608372972359811325253366045069713434218772601729652920824478699208074211117206659738554010195669929579590331591538884395120
302 183487773141170195594679585424507566461002912456287359427686525620790849669838180576332549505801284443163394642926072968119232619415064498977002552179
303 574122832847972161139270607008710420576920499560887828605979488568081907739162412360114319683410681444985731142163766180317902158926984603561268753863
304 1796397773838493079543270225091058690790422345049461425252987124704378897206479004628565561813604818975837258259028936109452664806423661467232154481986
305 5620826724211499650860363786517864024351367855737027341269460436146981671996986531067517320025452602951225317941321806383939221715039438256459280839154
306 17587247949045076144115253070800075029128335172866130411446648751310225298187799531602518792552474067684131478694123660353798044615339870681192564604926
307 55029501103252923720073684425768692671478803202857252299482970840602757361151994350688459263427665728633066904330596235354736968943170145520749003129832
308 172184187113671615504549214261578812379508226331757971097434356200220634334180401331822873994345289194079635382224142122427125801477363571633376330257576
309 538754553423406394430265605408679623346139931215412867122771191905553063626210599846350886211262364998131182878754235871675056335251742378099262320340905
310 1685732433971036641353182295473523575551465491099658909888411020243684308991059264983115863595607811331233622032355984723628479060009940130136687757528256
311 5274561153840740700922038327061744606747645766357611303307917548791343432471542430547970425766155014128740653624284639578987142592636337568263066490652126
312 16503802623093963348263224711681769026077076185098555444298959651701896269177786250761535070336307030134579401865794610424192558200714539121627974620790450
313 51639462142496803020600782271285642912758286413316715012999587616910974845514855228124204855031753304190249557917659389629148306340071727516342854861265830
314 161576947523288263620280329559780797744664452811589086846571284384998576706108081315042192472652203825927072063423859741997540883196038856096013234036222410
315 505565102496653402831099750973049918671159426542726598824462381894765119025108262493313678752686846844928248693323371842015716652294708035746114328388739153
316 1581884524867709342860357982037787108418305144756137413176450872691655688369303898983217011296890305377790478241107061333702963133684312758112382997876370538
317 4949626937576259915707581882613381722576475225940890779714830090507286567760974790363777597909592993083114484582121053076398450697140514398123202551235858177
318 15487101894007935920024360349581016193761880364205113831172615691791214513025950358438792472588023072343023662844554340012020866050564380417943288778826314553
319 48458263238892592391493971549539132580658512082752139493227730493938877864117420305088710958830185308695395475043575606742571553751297889305351592463857982346
320 151623156624180594387873910613158248635648560976152849207963845074484039193289214715468221807651173267192250770855309206145817956219551042783027640005065262447
321 474420255454581914153881115896688144010551514368437637764359891473931507609864483461782279001628901208567550497382132022357802282001124006091844582756338617439
322 1484434065328621858014631028121063881705245362159629705153078606075778654598301458898099517967687706445287859281154627725598147947872968567047940417091558741267
323 4644709978069250086442166292797701514250028403573690789654288966015631889273929822552385573655376193395855362651157957217123126885152835904550574638541750833686
324 14533034025731672342637586244329843346945051624227340084653874291773406469903450837045834962223538213917419975270373134062449444755301169580258442067712690904662
325 45473039003583083749896991899143022814746013274978849935932610194687053501993472983295228891226339493173079090292447278959163654375362079655203762816805376714963
326 142282559344471375838498530414459762468297889751039266136063566435031081033477159954877165599873022889641261334526663653575827259833054356305067964676810485516571
327 445194056460969130356763479483339504252669419109778669530320336050211073500025718224804492856754990814092846328632869067670311706633140400690495238816257051076778
328 1392986946687741537109530968252151098357170220926353302633648880032659321683580788662177189691046965197095847617390090153748258090080737285166545306166157260148253
329 4358577131661585736286589301222005188238841664605337161816995351356360746197345360745273293994058445575801296810796864552438451739964557239760858858695872954180446
330 13637740581715469580442658068119229705645955897475833106994068679305401728550268568969479509544941708488267982077810169780816811980169577025679077419178621892117375
331 42671716607494400120202392080794237893256106195856669819929155102774726824666390127908052553316692740486175096619114948316813757432990933318499680006221997914391027
332 133517380486883289240796985066244512545620347869264621814022049859554202154601996985401865263954877762595912367143128872012037211649360092680238963348564020939041995
333 417768309066531428496532038618661457193463664655718851554659097134234108150934729176383745771008863782129771382208117754008934560294649414574777813388768076129246912
334 1307173338960576300105102466379771715805887838424617867867849984254069901333973112599862939984588667006654839536752723717661132568142268903338787704054124018759328661
335 4090071221312345693364678164997024347825460385597173909948444695683964216991258381210977118221367830573646408291698613468753003284158837033308337070130405174258679968
336 12797600820645250230347372633216525104801610696578059202451039931935611054712398713163905233976578149091294312200987418090644093226546879696950644631987419230000078150
337 40042966956460422447010310988458855216054520753844661833040723945423238472540547984654214738731427511231358753353020474314991981531728299699492350287755909315155000101
338 125292171958473108929346468001014559454639067148066873840200613459055315880618599733848418773812218719786986452113920125306787072086840885414562083782113512006812499462
339 392032098199429307704412399796510877249513450589558596487076900242350753584974679421115021147908691374609782264917854899823270078480413355813919561375775407933206569861
340 1226646195179582223008496374963545622524659674077370742190301917767000675474389027671564898355761263626572199320344217607565096806077466083107183892996230424202761979807
341 3838106356748152883379687508056176121450911380977309309373047214853934609471318947646126988992427092086978685707435094344108339026218735959668506427157391311977838126996
342 12009217053458464863559722483276877076933315799225705754992117660113298544617573945422244129455329325862233108489782954951357783353091066138182297099171427031907250640538
343 37576158874156248450896871263016431939705867215468185970203209061448382023991928832484882629327535618511498343984971136488960686085966767801247080830970882551787203001266
344 117573669411629709579239472398237889766267121473922760282383848696785880464522567419105816620263379107063721283150389185298003129501992195081764156550097504819075913970781
345 367881341603082948711159831834435376988150279195648421056338911923125039475626531330986573584488501603454096171317366161660923403516876408071372422134020325064148716946218
346 1151079847868535477065532689798468393901324625208695335070646127505210762650804601637743440351689560871752364172554526290981447222471545122721565290743977909185748421236072
347 3601663542911106513932631261528205691824977407489159515698288916377787476206045933517638921776245899421433995815191355400426369585219402053478960516829952116091842764343149
348 11269400902426805760954175444400501717937050626754407364643904583127409414970973794409876736646574731026447316311750296307006407091377303448000149775114288577613600640174726
349 35261316107547529841894808730757089301270588099077711817631303022258460071701282619060837292890492286871361334898389554424490076678746355432426914173568602045070029566834902
350 110330657716564134776589220450918429254523515685091494989546848723581813702552615261457045240879930525443727874985142482327116617082014703657832249286444570476685413499568648
351 345218368907225420245783118705615594106347733498121155603730553854189625170794396539726260049692294225252384305938127643925636259474584825046270138516304165421984228023596936
352 1080168691979737224011674882454668910217380903521420480572814307347386412722773891908761738033321851906393936887658734759732849494368764528072880219785370251625823828261182977
353 3379786558944013518568578538746069941299551615865130915360455286052190226684996355676876473026739552000153514111155993430218496143594155768670478919182723179727091695583175741
354 10575160406734782378334442457748782726028253826752785939938919911995116419735925166096270375305624964932245460329966223244221313688532971713064246185231156625697138327447236652
355 33089076980977338947780602865329885901189180318266290154125173025208147011904739162265704246327821900415386919613041308748485764828718038003475384446139435408338919349892759057
356 103533844721236237208136160462316282381062650351877055284764245534648412111277429756824001541534177745629281958608591863023119958744633174384370804431453904768707952204500853565
357 323951526629874769523464587206400025929217613010383408614122419626761752960940261456153617526662623022432354308646159762804735099561595522002140614078053497502336853038495499875
358 1013625948967592631631437920891959088921064331452746864872562660479208880379628243168294419572160976313794928133453035887913551309692602386004695177745542992068940213766299732585
359 3171578091046731734929279706976236602841710532775864715823379909290884864808535991539081290512590487197787020326658011552875827159742030670771112911005167098282308392072651984722
360 9923687922406603251226070428330141994304539729180841560268610777239301850577430184671609785993983406160992155384985223185198337226907616780026428610123215542878998566459451100697
361 31050656535723822598456065455308559722580849002352314139306432244224285178730356224275968694730119812037335734132528845818493996387350885730954353694360668152505503161778454241108
362 97155742788178410748538627016019832311216153227218253729633067185199926149422584515686582371697350471997611491277053396746096455827473071924651175042826700691657819272416742245787
363 303994807512775927816440603204581068446861302776418933021682048795934813766870392320729979473033251623821893870390507118689668653471273205656260989873882405310912206959930091342949
364 951182507000236496421298682885560435250761274973908194172908271889682933692592377473840003129309567957698947549971945120360359429236907595488559561000602450063478471900340033099826
365 2976196103564141584658835397851428246390430636909292639725348196102987279701350948011495377763238637758739664667309457768944269130744499926418924756268669996371697608895252082032105
366 9312348767646308537257995606709516141287383225564999166700008024360097282871868485938470909489916890792883369800321799467633613173648509400895254625303187727274431488336789657643115
367 29137811001913629761036162876412501452011346694813850877051867744278893827445003680723020613153120085075677183548340173904078526235156457106277963856367392910798324468947310670170292
368 91170557629128223442909425233966136602842870985998507966151098049858966259177358604586542856802743312752904646533415484770241010173365584264712794316590306330078881238366159976353236
369 285267502691272660263218073574669039831296466571486742114740506447256371063072318094818840305515906889975420965474345817406510615014644700671199562034319461653110935481018734330749789
370 892585832618795071312891044131424613232103218503265841939589751111428776431326390686648796385620702084088626099671445644738792657283176948771429579341813929434146327701903014160942266
371 2792850433629718195313542049864948802195708248066784346434937098244635482169377893429150920735717112613322051140069418754091847408386631461474896700392500792515679889444045845928879913
372 8738670567670693972200204983290697864859567949576114448015576136510210157522189009600880983645804717325007688076909490008867923335983937111827609429623537694965989572509957210554489588
373 27342804459108601093966777021822288242172185089281177913289390757509371216998611320257817548810132110439131861069060564895000370511736023325327131457164201737109724101033666145586510343
374 85554083987895523010846362472046219280966196156990889103253417449444685925298867525975510316662892463195588312452834941768221490843212686549112724338221055106691578750195605413711822042
375 267693875291916678012965321130697640462170821081275890952727502390527421354882051552123587264276875177695709836370527717212084447972503112357456400344638195902495340014899062790598350633
376 837598949442821873047243652048828617338709771692706976174304199739850509447054435553471569797690996466662139868322819391713805278001815684059929559298641097325410850288178076559217088689
377 2620799595592778357106937260638079864287597916872961683332062286349008930326520855871366917407309428922342697333271037607913299650588690416532059821959525454877338457241112401858292442735
378 8200333255943452299871686740681678706888728239974620406199344658457755121040902065179656351330419835759027535495350907934986987829095450663142384950715161059947210563597676879839694334069
379 25658377550734630159168716389699530261097650431995526859386577623995820568446483034735157652357033986822163883566404722279991187028318008675816032407656837818316662404665007697399377581873
380 80283607749585182449311592882914789225510190677477514879865296044687696265522771881692992808760099582332692679870291963005271070627547830661981803805631259417015554423306060116696881747148
381 251202854137778979354317436822397238735056943664107113084508702982334586836476327433185328896116771769797536249721618708999642021883481672036340896732625629269346300878988617110953305745167
382 785999479791593048682541208175644223167944284440913568152018319103940556850224128905898740333165398963292175888929729077377304543630303507134581770332256621368421718541187311333779118481631
383 2459347782305882806539327795641140920378486334347471507191426434364294927675637133602534448821218571159804893132753240330864523319551760726609621107505076052145125488598486528017417528486044
384 7695159691373572790280458604140811800112379269371281911273219207301003809833751378007880910234459237654239281727000427947473091565339410032682242438327877639273113525141203409864057118035391
385 24077718125827744374134103550757041777331611263191155854022450387379100159012107871092145472753390914809811345220879202041493432917894956685933334081168045943095944464013161678879346191038223
386 75337814080286088977278540119237507174990147763700614427447826015199801035582191915825379224421961261916117889988726730125583363514483184314312703966890656888892956543102720388858484185139009
387 235727746322747956287706234198046976079526602066651509278167242405458685872152992560259522989328952745683014419644875383580421249074828242750938528564464242750677294522600616970319948077030168
388 737578745345391888477566875729617599631553160527137240662644551773293667463235215605102935248876271074818949328758517415471742565279616505826126298130595992863151041742527369866937312687209458
389 2307842051145015194564077200488811081216154917502146936734989657461137314461290057690646516541342003439098538813738054134876219487374825603930608241811830749730278632703234179900486619163995131
390 7221106853532119063543673360465565378065895296064824935223985854382929235463994574064178758790018042222860277422308129442310826517546570278912804422995623508484804040680121628453906969757796723
391 22594433689366900544654645133727786084149798508274108453770948126327742479879017166857848766994114897889425164761929137952877374208762294296814882098141260535893476874705090986409371737220269610
392 70696701225725361292142272346736938403443081809262256638311547124675371805689648525214776679446932496507339639082585440201798103536736606862388345766476614395032921854058047158815129562483266099
393 221205967492408665864890578981451603958662883162195089932818303232830788912418286439711479047025535747140725131359306232944976519839841156202984785506324634744819071831955242362422492926445751762
394 692140923209681304217153001020413581996902584182417392946779640776768044813904745748133983232933992847204979911972690151272237694506210099446907645478045191652378186782665791511861299881975342783
395 2165669683382254477877979087110075525066590635497994999012701270089261048097691099990191607959295733881012304571081434245873249239781872543582952657406559425297620136011946208806375359628535544085
396 6776257580279124501159555438908727277991483527987016966652541977255403708989184035724430749614318542849597793778389284769589866274163354312322005521397862476324977289738733991160696099793166022476
397 21202525549777267256433031187979196753108817180782661981002518973887918563886724994241221391945692366130687331131910026692037330587326426393794076248797350960406965798804869993916153422726862179049
398 66341499620272739269123774395694585438629810389256475911875506738408831303857218847982524964943927713849211181813858442933843730322898038905650583548890184678701373294211003081779206356093798954721
399 207578788740706533508243695126128335835653887686914213102939660321741626449074347715541332328426843469479594504960852319560523669031009914856067220220835655731777307123134593799794469183512272622431
400 649502253969123177279929182805467149450343240999432576849622250512574873188320897735620938972779305864801149970074334990571064703782769588576878195525228742606158650432092968457375339023941878886480
401 2032255706231728767631175806467857187605548574232012620912934723077702221646772475929517252516845431052897760664147660632095186693933470616971855793372358192074797088319755186235795380998150304960710
402 6358812814385956838510399168467095172849219014277495042240759182089502328911967068197988952754184035380047371491070791493595475343679211622981232117598754336800488782269650068675482994624524230210514
403 19896364559051454884821997008208296406096790772047974143523227714241315550545518715804258455266980890438624147160387817497788771371020470434963064908359775071166928481968357814157651650388351779280069
404 62254595979156182113031914800298911267006453037789118612655419664505390341161249592241684701774401314652581854281811765069295818040312164708190360951153272177859399152975464939254146907528133914276013
405 194791099098796228664561551921891517283592851935235653973797366512489637090742872411522827704021545056346628670985256992435524874203974363974008147076430372326536573495833595208176410338496863231184926
406 609490298528660562079888879966911214325938254229262242820241775754259747433720468527042501427264210482847416758369380868042041067170968211897599801629661809495912376417427936126664671226915619043912105
407 1907060567547521149396700645574259816881881200588810245454338008651912745539836979552432530097080258332017134335415457591521071797870549082742254950363142423762208907333293779258224251276238084341643393
408 5967084327796980489120860592099913969266787942191068590006097853320707860661448442916330095331094564503431207670426060768533802033651603339448439249457404658529922514553549865140083947544666575787364738
409 18670668347377011601326074548806009740885148054322176392839226777838003640648075192814882412014703848470861822836585452628946003548219172501638131381601520930145584382563695925788600943506195480171636306
410 58419462066902789071233689979461853731791462028218812857760655830826823544738791372779705545375502304689048930013874489576009682970975546903446385630418898102548172083274880740486246543857288627810002761
411 182791182655534291231906531181983592321682401837678043400015459279107926452655755119984289732642552238403351528086674308927517173428039839651761328296131366035376243865929789886065390149864131934669889415
412 571943240736183128589225571157305608992346842620899208012053970230604036482225637512440080181541999706474631860931253301097823175970421944316934161544143788851229920077281103136280613477925744965201351285
413 1789577953769552256687705930053374754881223830310160555478194758207438303199163138836291994259181284723085138080686699690663462434654818373394374310470836268887099191120758087585794021712950304523763380713
414 5599487894106011634495729841363992334549840167458552389920706938218987671188093306734057850577622880238992215460526775204576544010978259930704633702047677404898300763594177416687092737286167886222318318507
415 17520479960202578597787184522000989461138688456011732802430601340568362010639152501521931095913013028833015960195319342227457771966450165113742379560610697740990624638255062610170880090001832909954335886550
416 54820587853930724116204263179837593399551362872270629106398151340731561763283313958825753133522183177121571874461891615220747620719337531505413053068987773479852359894902291101381459191275185901531049931154
417 171530509408247308419899315728647264060709126172202786535543322492957732955749561492096045438513923613066288303692665155312596255238255630600029670094566125649943815711258470761561594807276213613863417962452
418 536709232966445879940446398730123461314719501481425937117625010684096228201590959637783539290696752059298413831456780726190431129450424830996580676658501573248432978999620904216048642247319046417706491253175
419 1679332742292787138737991251905064353138489019642896568429548391766635753645432680069042309745243716221244628026396370750301552070222319659612998749372368666672597659393086811349018900238269171100038309958441
420 5254536881635729159345191463633402723224238358716641634697988506753688840080594999326803096618245560624241970812156098220445198731092072176385574793636451061369571505311717222689767043806150093147798916927729
421 16441147811346833231912531716713765410622107562785162880352558362160301742485614139118614516240521763731036693293902896703544706150960809778836332855539844740686576820012135079743664326442192430969272295580514
422 51443418790964364572433085626834088777034950898853425164016729619096536294742579019154472784082377959395587997055866530110841000971477588702576588219178896627469026319994588780304024429116492820521508341620139
423 160963538997935354112243755532336155068499325199882233105379476775022077058588177274728893754071969644074608312350551187522889906925305452478888973325418351226475666591185813233994042300612311778633995658084272
424 503645782019654868918152387291071105116814904156466518676935140977281089429120472634365439022589310354616835265806615253168368331752012882393015194827177974438091812325213128420874775768142786184922240954060978
425 1575879079978748105900220274214668812653522401278581279851428230429951387896404680484780199034444149490438291216045221779179830484279923016534912408321338980611935202862580383901782244096482755929879791439501589
426 4930836241209204903811093347108435298960840600879215043245235330399408426385365606693956048412356293790451467477514044187932030846483438221611867765200282038093810372519466540449941548041061924229702194140279467
427 15428306871076682525552727326720912317833337333114111007839057139305039150837619601698608164201414774660359249837494764268002066743040962367903646102979764161799559793480912952940093663696005335285677906040273069
428 48274296947598173959165763182838228779820182637002139069735969853189778948646766919247812396144821664682514105716855903758963988073321128083265670875592201553548317287043876934849467314945545859975663350925969279
429 151047536535177572103581472250112650874747663624158485715023346010481846251596342248326206205420431320275756003080290796702040911683824018336413418304118779456798374285498587512889737814617392899572849447245324767
430 472619172851174013847200256439290256554556302851908300947469130558635071723976457245982351670643446931817486797791782183174923964899748115921264615298616561759375736864601416670596092324310826902788323151420993960
431 1478798580038459325374572007750744165664290050528988686880625881416733374296992630795270307129816984247278899389908845441305023768134260523437491487553382982408206410639772447887173090891495587309687420040632456446
432 4627076864298928619298569241198904082458421431498977385261825219397616596763925681526645083235976536167121119141561002881275312434093378600724690158603487921184707806302420026116005381849832071188749121259523167777
433 14477861013075625975612851475259207691953384907177492180882380623320802348183523965864100890899772897780449990225416081519136476832934377573844088301624185423140232181429893182739446763654191170342700844963753392218
434 45300405776962170461196010550858890409524419008174833693795648046313881209998665266382498326066288417723246982166343473017094991450317335523074231414981542688637321827040249795347317227591993840844357602525756706659
435 141742399771903942337161418390001563103675515126206548258924375600148101108573728236503084378849837097075374598003273418404914720828486286594808067568187459905503217257952292955892608845195253655345690118524393372877
436 443503927801803547048524020634884648548195105437351492243779152842197679564615785646930060523001042247227878419095093636327426906998648223397556243519971683786963353317586396806117114603321469299445803256364688054663
437 1387698629994666098259192119808146455970079357601737900733053643750241504569872266524106768192973847766042015650605276151898258990504498865785580836710954842346193784341175600856056587850308241050286659600430801322339
438 4342030288736581845017942288294018964769890103215004639047703451781370140349190305623892401104570832625729373123702988282555848953591172993168535235013477589772152165450414884991831974369106949102657851561985041853649
439 13585966448909984523046337426707312870286194579627897674523704716991701151776625159844568622920203716662803020341924441314994621828972081270269164441247880888636469185497138486508536945760879289748699934184991419661335
440 42509718283106524561690980096481332779506936141351512534703869269564905515275838928106887194207408598699090062490619391807068400822953089030165200816679792243745388807539093050407644361939732170223712702745270976898730
441 133010496920082165118596006206684567747892104496833609283483307021376137121967900371987002520681983651254471877611276177525981231020901819222728823205014803823914347234087812557451591923759380698714390730099258418679116
442 416182299141651865082257453282269517062129820464649797033427007850905793690989317937259820806878943654295923118507739657667843271893801080329356274527545490909710645687280348962377452184592373087329585571689259508663405
443 1302210803880398001674279283144137933171043911897754869504377013473739276709674399440163509475192589054933692585555761317487368004108840609782177890462321749539843821538567205987574907769585888509772708592554198264334926
444 4074543730572418382503133822240891555322572653473665409486855974252179887908588247124926419942536003898282735470426680416187271422754923533115858787094877851040208965241088811107372231352106706857224879072988091113819614
445 12749016182998746011963694620837556952503621181759727599962425209336286637511206971639341970701747058553441357967220937552939877127294741072726451015658916318482977395001101126049045800372107068244120815079048223968501442
446 39890948381484079227790884332764312126619168868746214205185350566613302085011856522257728707824609990225846939832866907648214534567588359128733031883695883867891152146898755429849220384893540821468870905612566438731775566
447 124816514461426799692795033799590718390402798816131265376284637522231859759522858735549465574699274761275460461892537545913407306730288458274762019216302830161408630595285808279830185252180819395223424768312038252876616307
448 390543792875349219512028412732288080120086237537600205885242389702140089019349565921461008019087226068790419082604478070856996125909318764157379625808176961283756178115009773592244316527908107970650339858376825687814712615
449 1221989372252497185541448653240114309195914604245193002424017371808118169909496900904994937062930361672295432699090889992732669790657213910839012094367827873345973491649838170099360614754957547536570890890991174143381194731
450 3823535421992121669749858851362304146454778291369773402314805170439302304134190786326009781657857038252089874783989136635610495698828295493114783390165524464219093685637622177926994310503584957629892490730848958457929526596
451 11963625425219893144622754185527393983669108087792610689864590621765134359138713765087050886611957488968123200318079903420840530737463813135909422673183093353585903046523675696505647635562585438081933223218685579616584174406
452 37433505255823096850456768121158562701656329472447701253420769729676782459600832396027324499648795069303903749949926980062635001390739460851973276068822860559924087745633712152749853740903157605202536755565412782914569212207
453 117127314332643436311008499613821290689264039319380630404942668120834251617252479432686143355841419103107800815563264324170703856969886617499404897157320320174483168079696689887834921452060897395151906589246615619628270075418
454 366484721882778650834268616452952223392786397385491748976225868980590140158592568730350205508216607864668595676783112554125721640401677954885886758059016244443611047459321134497165762493743000821568161836229499321130709348114
455 1146709903994315911438632944868898314188233747955325577513526150251295140498602605607660141405172706763370880099656803295729220474845893416678496593617338048893123060548762241806283238466054668847123407499987977428387439936873
456 3587990236436765489535348409379040805926069963360745881899565879604041584117396908801542454521740735746759642339708525387485594832410828348763666983128078518332630692498173172681740843840346621632472650462767024491013026450327
457 11226617902158948659730460405316056891307573849828870812028842833899173311041008578199794839170690816482009759441350960410663367564637373735596563843063994711253302382589217919962630805253096129320832680590103718402994659657541
458 35127450526800523661240054765593781840770094495275699907023966724445748982663967010604832841174917401393946977860514530452007964966352419526355632309162960215610291157872132483929367525497879910527001617606777437192510658368207
459 109911799908637173283107006574140411924244808101288139990954093378815399735044703241694548448909679664102719193872070867847755086369700967851677587075973299293476724998110202740539804604961150373377700769705483362928601639675975
460 343907786588138121823656874189771330917176366037378519693751620981094206710881056222423507040121903733206989474299905988137661511797775351206848508590878117843176382697563092837007119414589204503714487246050260397355616178913950
461 1076067954253000724790869846966795300005040502563813340851639708990095445843662311962673951504577362478076717172173532277470573755321109898059683628027326062208725917838413810875692899851078261329703258659042413465321664135207676
462 3366955583233009815166349696625993166824612375395163477780100946605416719833064257827574811592301191238183515312899044737252359808166757355352772860542298029032707229022033856632123207427563674623820161640859112344520237469046253
463 10535013011639756867589487662171844642822751752095269739440448848767273966605554047989336698621426935103686377627842829537031992078739849163304472429928185348962384647563424237271081948898401338110890460147123250909519630449781531
464 32963458059297532081412184188318237460202195729531641286366255167621855289125888842616840247596042010986180340079729955195883619665582776378022329671205555725050755902583255546086542767094735730209146653116489085848743116357045753
465 103140790241695354197511026066060097092030592745843712297559895053071757435431504686403088855238199887806833968888804330501866647740557952971300466371093375883275792612117258350126746442598455205527514876116595990661348740418164875
466 322721681461477747301560118613180803675391920770305535253788175451576345843351917725967600436930139603196288127087024905521148618683267944825803103202354346913474098435651825978616566721138691366908197619943036360011696485439132238
467 1009777833205125720504555283029846424592525929588184909560703047003703634079700926565276635824020548388599081618894494726188544357733354296870009168152854052439724771953235635645453806056832537615571478242475834923849780785307770196
468 3159537555130615555615639857332753966988270530153997761958930453110373912103177578272371791962587872073648111547583815293725034983279656360741435357291193088500083271615630568114685862544193398392321489687166285906530603599786316521
469 9886013768587918521169517817649568467529406517025562032175394421368633987663377976784896481172172354224899262294269360817049156718183391953966498392534332047997261264276404239410610447641768241273701285021712456097176888912149679478
470 30932776245690042844820270586399613136389245738028528976308427089386045490885446979872798242450676345132725235797088433536703005442134352883127927492069084445735294122365791236471334621546849100975620786081193933697211043203702026217
471 96786902048043290722371260495788500114662599833885225282896746665302884905149003334103218955687891279400362314188729292580997192515390660808068076559168071312290353804421690859946694819487825073799308463650082590548903940100537393506
472 302840725761327585233812519890183862055926563010496507490218499088532532270899405411226322056046595459252704941961225765888014859856848384583388622806899214394640098836936775952376867676812501739883806147517758934067531768197517470949
473 947571450671322971410040592918324129139353574718870958696180259803460789072794783708620044246852702172426603192515765910003748467629911094580090584748965525512507892452559295307615838437285679979072315244983508961475569401260036561724
474 2964897313167168489064793882159371809571191605108388762802344637838637264441511503762376517293741764034852006802644619417784822074869741816978622886507741976115039211017189801153146840373838898046119393476872326225602204654448444521918
475 9276995493477599601256413764948785060359317352448902358384391976409752968006702659971850630075890939808384209742281539629133647512064879264656885711663905380369161651150251476772139508770600128948728868612289892855481360977171984198568
476 29027192612640497143250956814321033078578462685517757114977926772555695363675776897484145142754102948873761368757052874500433987266434584402768060153963649119108906612336850770686621155991820393162659761983610039600901518375331728153890
477 90824438964503583875977247284538210470093330160866629634851408145100456788601439150372453237681966746157002445500618641191521112111439582383274040054940741587036217840024454471902115571233903130744434611326387513478235077713457080078851
478 284184517025067152505083782670703954131960620958552882390231493229678263106138031924480660979964162155188443711811118864387482940661863406968589538836713693250376424937185317710947684172476760004093839907869279674045409024410087551148679
479 889197231907306327707506335780153052673223708174086903727719383084327050210782217798786171357114405066429365922510202502627676921275267636360424708251749564621928987179559764384999065610750263226201779337352456218414784028810000575237860
480 2782247694239700198365722072885208908655232722372494205400799353167030265555575323304786895433798115516531177598350611109524699178809254801409948401928326448267215761675715539813930733211176115672011592579247444181701259255730613894892598
481 8705495197615586598404816393305086944030300662912949933359743778053947778303557382093398089367181714899752592097921818126249833038333650400922355418887053303925047779530754098930485354990000010636684415444058287054294074744512106650115420
482 27239000608253841295769934008138499154278171745692968643461025689343651237501202161905127608706087741992936223388171133523785558269534496093057282789479954500938514590455495445757979977008537008513992339936615415711273669023142094751958242
483 85229287627391373636143349631733103203182723761777531638108804205056987743337127714330828849475275070936602402692442070112855721098158164803478899898805438410479050160167274859229082536940470698535301661137915945264705767809034571679755196
484 266677605905684133185735537563923401191495033698380267700653651534203877043777004358648086914778663046394428234217175191969588871166365335632879383501487255429086612533008840024174199545326259245908344221444695232594482636833892252950486670
485 834419100186536013318334445848063423369377841774288828971714142753178258617411044718696601606514287020886917049667730651737854085732695359432030324761977377449871583493316419034743846783884665992092773963392315096784473812896568372406292163
486 2610850027663563952262554632924410611860338518088764471267642781722317461878655967287043487917010534913521929515873504205838460958485866373423754364958163785416087873521730316357543379274315831046535701681628406118340118680639596702434689644
487 8169201622334606616960451319898404159237329926207728367741136066903445344835566158030647552431467265129416479351458581134446648783509059084199607454280337009629437574556360163881976868337740421400042816504619404231936130428218007738687802678
488 25560968435278504597748254130798027097591408596098252972464604536751192839073506812696357810700044231816199834330045589733076495150189996566099358683790480672724003671129292177531109863529464354858355766275590011107215645262606398473364078113
489 79978820153368299525752802573212601811942964299141738266366054053469917828318246307895897525070059832447162420226122427657847554147450812902277634898634173194823942493486680869350152843547669887572340885286290004628157623670451605870451480171
490 250249191039898708602547508710360040965583446323651968389957065148281402572547634040256788503451261862584312975499462696466756599318628679480051956367842825722236454132618360763379428313084005788031134591027620174399378049039708615618640827541
491 783015522059889868098348109623583053739455895197666585597316964653093722639718201349514977638733298971531023595455063511810126529182741997453101639386705898379863905940592372887867404802875932819410614195369202026653963423927232732195226173099
492 2450011147844108698061046459805772577159232449159704775282169771191175890237860395829456737436761230453507385227175946411182308007685143540790504625631773759133373027061850910523218716339890345326878193504391625887345725233329958931265543194198
493 7665945891812467237988213839758987613618128612197638003230746221422879903102617170134773533323302368484066953728747703405672243065383825358773425043650683599981304486919439676053073430953030201645518956731853059934361569176379909054713425453296
494 23986309804307756037614755782126884874547985689067968641009158036875169350156086691064968011855575747133883132525183530150358304335827509198025346615836922780128771262542430069105000447779316388015676307011812340337974958766043202722853340747873
495 75051802627868724537225103756382187503666258504052885074077348884344267315778507056480247261157745357022615106125632171085992959499329825723585818774004262827503163090519673654220527864502352929177121430005734682381826275898327487148125819998911
496 234832832713640688205715323350731109416355593612183365460284134652527031056952396036652904968352157285131666625873682765697861413566577012273817955513247677641123157293263004246990177415780489305786420108162731642320324858852504098452435231465697
497 734778611431185124859570378893431934707338913665106326624385682753511891722712279375122446953848751322417187032042942238477129336719715731119675559770077758375223036116883695193572873310869909661424905960254620810293633913172934395232231384083643
498 2299080590979812738684843411892526797990363246248213119454030022947254219430660869971890883439706712504785098625250758978535380210122229443764422350797486132324455654984733291597442744569788794869049040248882923865631123610561224535435613642637370
499 7193692741715193580413452347401579080873661152264748609881456444719064228401577589856769122153775511674118180306641383756215931798859932919810843341247861341362358557137154955793793882675952964378882247347610800788050217204915427408032871292907201
500 22508656488701681596494379477521586911755947006793327077063105221311710698324011672550042300687662718116871900496278338723906143817894430035688716536919203253004373619683999363564288096444649733345940106925834042470371507102733645380563492590635491
501 70428309231007568765159896692343906438686231451887738679649367551164895114824321357511878660999635548994354338266415702745986871596111856170934411881202082197333657751464268588025984519919602322958965369764214197919495087617094665043230761467253622
502 220366184166886781363890017797336726665949590063361578237289440992611335351650586708476668317212850087658171584063348925044929996952417851200217626878867878347192778803578527919706916933169198470841805743402180349923109752500810281776878374161159861
503 689513288825257381708036089031015367908730563817219640522174160538777760407268776932894512461131691039590293846499747208790825100143106443933634152962732981785207352953941630715791554208963617976116996340453226823999304076828285901773177162659198613
504 2157447964459797785252913174412385335444201557481609397451669279435647266952743750706222244950366161062418997419228701513905181495902006456404766918296465054299396862464794209922566813957056483978830365685168316299500361190429278567415448939702023281
505 6750532288191084558495840560553220285674771404304634779186626570560044814810862817346594000611911320269542344874329704385817288570308880973778866922162338436835175033892334515195627854262625273672436585809664970290385449048433274655104326626548326426
506 21122032570236533460109284390373210762211097395291392725163522681036091443589249211959946275032463353708640844831751420250523844129027296589677804913994168864309815102922144081201989881943635523889083908374075218747294848668639544536817559552508259562
507 66089641653678174333644597686923871483082043234803723068617133543048243849040248563763542834361473307695283064672085838479328352612102167578554641845089693012953974955282966514011191234175901373141945005739365951648592781826139673489390298586609704971
508 206790739451202363176082185616341541859273128644460899344326563860955771034248239906571985634064615478963512534950592876033614256091327568763148457054349426407890190142506236091860678309726970913989816533850252410216630167582856287986006067307164520188
509 647036492448512896779867324715857474078927785496842067017879977347055000078626433354102792414273994312539236534761219280611616448955118320151230698277473487748516103782817349261127358007409772546227127208444431453289074911987866859407598501645957904655
510 2024540478317053834491496512256383315007661148394856869230919640261048923921839556299749351482487939328816327078650625626703766808679428259803129910798163373019789509061295492151942238662301196574981285682949068098830082375404623305573577858209299956802
511 6334672303927894846123951491825736341811063289928777284003476207495579582409967314012331853503054849979823476293569262156342576181856057179459958125870415361374018339058260965056126965617840678628417233098631790726797044363461520231625996604319556278602
512 19820830271325833739742934834527418472052103778831733519687261307573429904090028881083272009649033387715606462996247780085086723128599678280548976018109098893757439886491720566382176998418807746678831566869331527233789863268447309673386691339556687785360
513 62018253477943183539818485059316319874463719445870199303246786176145249901260495625300086895716938381826791921689194118374984283591405415588097599154174730775830626394457743750392404471180303204478368575583898125852539864273193136584884559862243621272411
514 194051596820274452958633340499395838930421829938630702553588319503534794686964304390312691521914482715434845637173655973044286709322666033800117436930317834659480795853231639522411427811537327178342060619697414725368122326772454601740887746139545296663052
515 607176437851329196665997665268433378415846758100092135065374788282689390508207356409014145679397425061004987774274732782058840516563011247860537434195570353121324306361886165321096444297713087678024679640995462389699197102769421633895705126617759875684305
516 1899820628754090223743579451209290210631838789722678890040822997456279269251062887418984751065507692661836807416495108109828328679025182617492291275195272407037702396191492447661739572897236394388773899364282173100359895021766333029906185621906307158536867
517 5944430970036011241150638764173933742673508701710662309813349161403101710562579901711149507585232302113966761660349041418659296301189863202322109905083987649742619118584218214053175078931639076831281259083663382702956515334807025171626037836578528959954217
518 18599787276074020934218241993644341100425235891133830111794922215280875210145866442798483854325359156633490561341218891397172020161835117505453515636834164848472999152060059552930316063256316899007639317151706098250348063646565396582282815208171480933066965
519 58197679215897981363254764192592304787975746924817693959205451159197641872228198571771768097245682406120506278461987333742658288738691795332243492984602976360360098867880379334090420474287881518547297673416035914040089979210199777235775437366675805816721018
520 182097236696541070230596242200219496152459636940800799356379191846784646377679445324855059939171578562914989671246965151965607581426534128381076394511418132153885416453347609239324033434075050582191496080634057215994249006255017774449717185723678094026747716
521 569771923198234344159294667361084510516926553745318411844813901166082082655775098474500147351999849527292126966181010854324825410058638704260608238702999062275594118379904303013229903075124316459941393121960042931113993221904367850278440176219639549427224669
522 1782784024372738769441125943966899882214849615953252320367335346210212215867338681123570165006025887526968419927517810361132016344834326898857973343543046885899463129283323393391683797965349641894921639994828942417335254107269724790288431505513669746233842206
523 5578230074444825253932051458099948648119858226715647114426414987742933338260688851329595426221857211230264681210995731239604002613532335673326522918531889133931012299870754811038226076828615159370636960429796342116832077863540163665739904058713312657945079792
524 17453965448444556563624236255791214629262117894879868199888907135224514481471285079010259616801135840487261645474564946838505647509747831685189801814073050606491125470423428883634031244560584866352628186467535221490342435020976592421030600529978940174371792731
525 54612467720026025173435533179651066664581166800793454690973797793877974951746057558530130728848636835079663076535178466556577826906722636907047683758114942349233761932253738968220457364221989734832188115868023756633674916998420013583679739311034788148910017861
526 170879313315970709830758595721464973225662170539863149996989392200065275382852503216632751008709041230776416963626748878877543455365176154991721867887867607516901809389102950663287007961669113398873715849051142244900512003397080361691621497991395706155634794251
527 534671677336241963627357884029304770745750818316260931088809649955605328827348026045517479241670282989564927444857292186286499544284950179885891624419865500082263208229222570711761215982800824756107731587343954525750455801873470862232454613901348721137863030168
528 1672957346316958320294347093115844130744407373723943401883885952441180067766978215470605246467433448486962555600952713008345744401670735488344432896733667652198124282242338163076064711016458494643028264531117536214986634049751288690360500863894240248581674685186
529 5234588629305290201908169768619544505711765326598998242829108764859696450160952046128114865260404379031357420451434627302906539409833769680028481036310822489408933941358630708733476898448053966325580034105157963655548363322910880945625663155444160446920504457857
530 16378730861474612788839305794956681182458475992650481545932615123714281634438644587797836916448760255233159960300168108709259095875621861389813636294587260584946955520966321140171889847295110662334582785831695600671174041329991339716291049049516590459836490140734
531 51248119695744550316424221168660104472627146071597201561739288388283918076766828582660308058965889754636104251507834437440143164017010313542337301286248291082343908815728359091765775834860493482546902470383292013140777628862059468098506000858677040452813303376846
532 160352459208362784796696189781419067839384621111745943705845182608863130514738136062387745370312432079849605869766843201093457901550212440238565349321055762204192717560064905475950363399325564069965094881717833696933175226654132703995264094632666213825373152106056
533 501733748024803211953990707653714508800373918092823809574829802528625272923570689692883364943395363627081492187029351161959199489395142288534320716013447492642421681090117805732725119403984116166713796557184604924022431945215510636504975368696844964973532665834112
534 1569896434079060353827985407632116869620594452675687725707483942172736056737283646525675308860067253570539879047151857319554239958484331254521320149006025744511751504824305821171969074658582470104653719941451724515484481318190841968835244379055941739481517850744778
535 4912116881586193829122607437333482255287854349338436795335343244744548336226490596930603795725288034178677180575263762446679046700193761933896808451197622768786445132645153675659160323196211874103891220853649338869896487091904145174535312390966490717061097659113169
536 15369735056770589923293836721393325264780273615619995250432719141929885270986324801755082170739364264256392541232319928636969084844006376540295713891579407913784566329794264683040712666732932471562764192134606624399354680773904232635458525787727175891680839523124747
537 48091029063429198271789842592595763268484827923487694614145024677874137329008342764227156653731485104361624660748776524103068721627196764937768837368831477070624324909712570181781435106875333244511906340442886207357169374533884381871833031608661561188844759286213961
538 150474101722449235990918857164688033589595269327234535628384047559461948865094785977893997302647320388745679921015190851563420575122116152038122103053509369878924968291138928038950346646458289924482771913615384628375802156479144346011500631867467603312649652951250652
539 470824927853258295420714507484955782744403290438040574414884094633680732250935668836400670185288188791707759023860266759779611070358353142769357525051484157677044441142710114601672132850001040329275079426764785325427499350312895536188323042887185105880795807768099813
540 1473184489227982630172525975305127797657349807810834758371911554030006109475013837293268419632727378390106476716472099011890437286396637862380125933068352202129752442506055269410796251039769980088526825921579753108363652532230493405498024056410108999392093554285117374
541 4609510692641829547372348140619175760693855886093832421797350297767864367274115528268222488100880178715620231685052221549397736255566041816694331289594284953826567467965270957373370693979693952579964204950463576774931797948399197236881496796032891587263564500020025033
542 14422897458494208385073835629008761279826559959402580748813871348451312404310666761531421706349613435251801708276416859585638407915518308628276658333631559010625079422306788462005568094814285864178249156195524580903308155280747094462854646206767659589216573962428959609
543 45128427932774157672380899577215285546701193670912039164662324975666774796348028446419438535134566046744576019365428526058972983580811589065244915439336141687382421337647464397329650460607610064063209001021924331462792543824976913537949234744032766645849920727945732237
544 141204290853789032709099126864865153606864717544534347157688329512658151654551912639916881668255133074845274322878353199370913750074903050924140349119775492211711354718405164247502099426381371003247979801966808692057287666452401867845074751258309896305434663649026113099
545 441820215524085731988777141610588918643253416618455343690065273666406023739478450650245163365784827355247018540494002261202301822688888785698084217520474007800913969935184640963625783650670133757308413870364610161560920322081499238347178037668250266744372771256600639085
546 1382430389795137679990035590282408934534876030006724810450247963983504405816410064963346735225747543086147765781635098928846872259934545159519643266585963023160521172371131498825759974174630555215140300753938416586255593374242404300642440030119014138151967697347740725011
547 4325546264020941699364917614448250300097731740527735826938418814346570695983854945913063997744326681707174581629124269684594432247102360685209207674698523399216816925086173626158368441861094992727819609241382130507798114966016872019318835324604866804292252625292805780279
548 13534388870717904703232263212536324813779743315030175344603089777673194777028736516177811187857287290899631634969006375833855629033671885321305727107558393393787133205078190049991467040123450329061461843506310609003379387387357314592432546919384783655469369943363089585539
549 42348334966953397877546643501319463554354920845851347090739405069543410483755641660546594433036405344349508951706447701227989752636868913773130050947222873089247342584074973048777432427790079922808696497579988961798878446372596260612259329587838338540161410831922833133373
550 132505537679157987559815029894971303905554576599304981436107648021720890663140288342790704642890651155780803075201170124039352176091177358337493828029982359990067261803978476868675699603773397250225674323283983336683356825107367386975259532184894636956138135271326548441389
551 414602310323273742603196928525218981781982845163197253356016618751611659597490419946166164987587978910731628663329833109926495080970611079272537164639045834561632263101761705673001681412491039132616235854415262020561428183585735507998974095728335062147575963117724881621507
552 1297267108500883719740460601374045228620947694747679626650509451611759721031823456710810812939238358805519569220387587035875011811914930278023929076996544679465124948073345110864784736735284042502562138449593327705071137285945491116901498735022047088009264599100497539162814
553 4059075188187087490568609024973972993499808590239042613280106343561120693182365854394810919059014480301224840797151493727075576509583299730768821816118132551101908057285072685609899850234092665631646100403282445599749453746350013439690807862433722158611870360986727063414420
554 12700615991409617968335187516253420098595574653339275370351833782204903405676613079924301176363152052366940947611685834727729327398592852611535153614035711767632013076820974066225971341991515678573599867615274597777639022824481204992145116929708740166575314111223775867552208
555 39739506927757591587460240435468579220221652140170813912327501290960899022461139090004576124456498163369145991185426008462098845502230660277078745922424943266334150616648374111807407391058563064917022527242154461972990086961031178067611555220386861641348965148965727538956788
556 124342662744031044747017171530390697923705864141805866446136702927693074625941895818250559274069896963269665468040439068567675883077808296447017123308481853282202718492606493207360813311628517851425194437547885133756401392808336806730402750973821866023335031477192267860447083
557 389061137733353350159400694873733068281531989039250985972808017394671182855759931393327172683249555376211027704832130568701850922996887655561834352295191349742292467114962023800480519500536686108901972757757232322209040920353324668361287760198543334115317181770272648354381317
558 1217350228424617318644587519536135671830390691277917206548868002635121178358718729490050847614984418568958139121225094378491964992223158843803224755103971969284452525142164837270777249066113851656088501346596331298070229762221084421830119369942606599728376601046540214919346692
559 3809019804134563379236174119653664704480790749999768752353595285915892960395307632175403831478724398104866009945900969400973087386935955701530282998202335939773080613861672346115414308786287450460229372214101240459585396719976981298262466886619787373139835470903039212490946008
560 11918206880418500665209411413958107309772920183823170252449626106913138482715418451385550819141633551194128444575395157992482972461365822499648277603030467724856083115168360696207066889117238297613092492738281119014921189701642286832404306565479215265325492412726723128324606547
561 37291393205745809120175383069399058092800524952043229582941961570523075858498236248375469003039443230838768497003936020539264864738295004685702975864405038107732413305800041288226931300857861237343676429909663249074477115953005171486720573769907820823521177657603845538101524147
562 116682653790006448193883818537195836096276983817377622905434315889531104142905959432011446568067124383599862132368227722644233940621260760842090605917829617556107478092411138583236118944922945316040181194107198296815777074780509339031357072238231705695139301266159704622263353083
563 365093404270579763077214757346796875499837310969683504750071313747613609989303738003660873648516554228421885571341764538042371410750335873822592115795649587118232233993544127903401984896178026169255418821007303408885030304184311908878008106005262081668067864415725123990601782764
564 1142356550115568154386605112314445142143827126235890252451062658782402308588148723248629038940669075455653185801143720830608247652441320773397579098808891003656362397994214847405984030179087929587984041001365198077407452999103512831907216220342249393486240221552103010977118038847
565 3574368839117100846457283199995090216363031940433313069410303140485176481126292981856733019859749965739945835450889060817839328647182706653105601304755189776658394157432799814302659908895047455243839686667894319217726764698895285192802110069766514472369819868206216030552518841584
566 11183997322691253641396309060614103150390133297572232925795260669507468930967663975647655125388104717451358839165193526893305358375397300972942011017574545726858850866759829939275237060054159581920355714254907987620463312587399052896592921125258137564179398013557399300803211059203
567 34994093151523048935081543561396409254925942720921994263950987994938188557566124463289295720167496491520474169798281261412449879780126410569143711772425993132190055508033613741202111819573568737094744825488684072935689892227986581569780453830989354564946555697168008212392468738894
568 109494532246793742659145604015638330003809468784205475491395685508591752733942175547971486350939408777822690693374857897910878404252587245285035585216582578531802024040463678871941198403641466291443720163880122263072370042407488125526241982694472728999493697963461990239624566704186
569 342602179745936776243383055042659096958621846195131326178839446071404439345884637618666767229123451537668307678862355292224552458635210449716738533440795656249886359497111477096899114036043304742156473605092416434875172369886309677753145137436921355428366899795279066542724622412552
570 1071982784511180229302884846467858758760077605830446872442127661538607001808350314090256493995710576153993152799961953539959933350990042290949887470199503192351219479088214352741428523407197576356044437794458494291786875726634999422569628593444915572883326131141957133010693225842146
571 3354173318863632313600457747182200960704240315797703647419820138894500130756002261320211771912430321918453733940969147496982510813650739633267492727683178559765206874073519386152170282199238468094066175646986928100534468915193645679924841830197776950729241899533134544697983501541284
572 10495018031569272223044299207659983724283992972213768428336245965798798004670059041532996694295321796101964721764308841741770940709808748035234379267215305161541370202997148008273552587146260830879222045026681872325691881135745404452827069928820074604473090197146234978684123617220856
573 32838316035582968226201031462515523381094264061804073118116984611353701864813045014538699055643431269704286843457658337649444299915984232330972629601423198779574555035550708507279871561571943036539267845019655963127708690435171264832384020575218301505247863828999069149276659106616845
574 102749227948833166660762246073360369633632235072236930879421518012473656142892368195202866774970994035716081314541446393932499205497213505443185636266378286012077811673960498872649759602512572579874984048606385060410558578264698446617334903610492048213385443658535015622423279978841563
575 321496505260546211367071124536581647580315275670023642496426884275444900863646293393214920095349618938947527918122244169039917200687759526905513425982065085673976633172353488656491934966747728300172003656910653750017622398771795828876289221341497335341729253586100725977273918686457860
576 1005944326376986535170625948170583407355269254174528950288656032678989853977774181175103013171271170793726369671621111428042786481195473287137497296062642268478880776911852922201661839880375986661219420022116701024249478465167989880446689685007891989900215674178424561087287452835375425
577 3147542729741242054431199491615394422141114343068346713826525304697555403026993359842290866709189461278331160327214965765922324238727032777291720827449659066481073372862831813684149889483511477290555779673302272703080765875337894687329119862876987704367176651581896637535782904355818768
578 9848482640414241147535938028638216967950984698234149347105949339775508914937284906167515629590314127459746699167998927356747034465451999165853527042535625679729327177012209793343736421030640201521535263840381540248252368860679827767836503647948058823508183211570913755099114680193326714
579 30815343474785607777997279436249426293666519843862624164029463804388370754792561885737257701614502971378831947697601948784497108406794696664901676024447131286866745008263361624519806257896552208320062665158963795924974515355063093060131710265933468348710727865427416838297523978679412333
580 96419461569876009579966998439031614213471789299028270737130162110375406089284248076924856030728677851610301854710727958531563291942866952736900340457245147789314998785912268783760676071680155560009263224895196863916026753704029842577007985148423942018034374173046871736008556911862194970
581 301691025350139372253233356083488348580787089674563665649298367225030757181935615469602070243674723128655455714695858744627816995241755204462375892172703488325776252305117330291504550819837669624487279659441625432382028832737203332562247759664573500286825274236539366384654828858235951899
582 943974103307528779887543796677381884917949036538816284490430104498972301907998999256480860276488398676746434854042916461402231827988287970891765465400139962151731413023345616188037453469123957115413315160223615073736201287403392266313736271776018320537218233201993626309036976781564921647
583 2953641417344340507466316975531165094772570683862493844089403283340678177873626144488086460577003473006881937020891584522808373931458424172743505689411706504062458907891805951755740025949841165644505419670597483931472690697500390863825569492954992028412177458680735174644817533222476831039
584 9241776433997969992175031462058943400195314122354163989757078557828753571836072638556034149495513321369519921760072301292099711886856923842089672464798627935232859313243552833488473003015114004825875669417085215598867562964989819848662691253238275510997551276953808031790128844104533208899
585 28916994173515458308910861371696361777968717332894015540223542355117930527784633324203535018348312553962079220264557279677890920565803681773660067280469930870013004669645052474291408754221421991334130117674448431750254160857374340302059252451267254534627880385951334409975824600502013832071
586 90479634300068444841726275463504786777191092001732917093927874507633603269990684442802745141756083784864190354174655397304769732511719087292965241977990276567516345680846072651888384567366705384381720083269979286166599836642616358049579447625802892406139767665041444955220116235102175924381
587 283105642790911007547828262105782281446591540847685457045425122139102109903778925013221279744374955700939303478530660700964676468716296694434924123770925079660184254112533622809365399208120829107658266140710159129619346259199525007534169399065373010525711681241803066498664834985265803959595
588 885821495633457393702832295331330998871807622634902742624105440541388376721851687361185189686778210420084432857031337833676853705675848151820198457969443496238209263021831363000244533719140035264419033478368911870991257753990533896781262913795924151385792748632191544272176016919075706102520
589 2771685206945254156355101535232824731071671894395943633716253171937294835312929110723874194675372625268472221766331093314990656805475156924407612383882603955368116099726673529839879241763590508656699031963254708557290881390897978198526412505515142659045075013810136490225017576902522490541108
590 8672445774084011657418628206516968743433620134466132814513443223015315509622859725931791077291205310715725812884704822262371061766187271654253922421058540573481366823085636746180325295714623231490078134196937879587041883669294555567328382188220001347871586109131080085586007442370387588743882
591 27135590836926234305897205350538429375690136177363137282356045386623580467937802895711415558949495919268038566774161310153127148605630785866405290599887135232359185425916134346602410460407466878686578502333214404137397006219523206240926470141310278510983349520080683958032786764057271549074788
592 84905724319371447771089221561156527953412937601592916520357415931372208703762880892954624649387430458172133668581824277913618137031294164217296780010396196630455030986252697795017641186878298514712124117809913619968918837677588186110614969770642121052853791053305373538018181465139225804378428
593 265665194670723324458822244068810440801836001733712581045424597751249430100947678578558760749960071929776956811226190365020919343189315364549233454446674478595146921562406714595862596035981400936407746687444810217415211415904993011109776632778940147475373314035231012710186238539885962012870897
594 831251322866705455920178548694957775998485422638738184129387729266278847587464191000778927893584969968465268105244031105087012079595989290529403381014239106622269686723773487001074363712612631692892678407177011027548069704267479157904925565833650629514061790566846172330646904698637975895699828
595 2600938232138673984577736130675513617966112014056849737239377657080316368146937993278514864120780293381292611296359890536596730915696790194580628367011113194628352395839021558700214266393295281555023837637851876922306271953512092790112869758931626304177008742862107341282350751939573398646614201
596 8138188176436053435522883744807424401025818780428718882912745062677188385976684617626274447266266575189882554277620646258789599338419906966408466156591035985172045860089319441971215452924390944454628148235533234657629487401916028931407991476323922898439535641374135289732302505568111130861551445
597 25463929122463063662607638397586254037294953306584288791974638924306423803713129018241367401765683615403338875027519759701482513258955743372458945303924982671466628141569627628089689642247079021031643172066376584014702739955951971602894539713847804743843652971069194242108494865798839044026589459
598 79675189648635115472810250850637375727378403464219105919295174261952386564576067303377426793702997933081809873943832720263778250945732842644581073369881089051474194801613486895712303591508000263322735393265422100923459485894490298679596229798779299237911207971282518455536435459749570464987152732
599 249299148415628820357473225026965786845373152368059548722346269102803631776620833671012348777998684285854040909148139762985888952030066197724612661005156741054080436576818540781660083301124608774749632834915929630280583572842455816257463102192104274186431670186774525033626045686366952804353687448
600 780042892584723132141384257009892272761094193934612273213525446452001921786808196126568312586294526962820148267000053285266803113932107707659314830440914887560860013337033891490182061322260834793432169426078717005758437178767462336194020158664385673398275334122855975985894900545782432264575603888
601 2440709958854382082919290046686282244604663254770057679679324978542072221343785590403492721567329473599500885504952271670134305527849725262186268140369979846752494108844890863703852933523162909355827074583588557175277231104948465312197406384274311589811735882237560997084308169865768835416908331782
602 7636842999122567124227836081605647951681191108076690425830795748772670194225636736293796570425266229268916631056091814110700767810270237760573584741261718272180224883892396757864445232282941818284268331974653004057225293020405889822663957708432847947432431096015370461392314183710094672249348101325
603 23895248504095992868213333685218189032661696244178823232720448940166117282984838575364833492518232523067817125806896908465814975507750019722865250114672632635344784330269974749338338124570504605630452084946141995506447010410968935739762782892662204707928742508169672937801397146073503970089186250492
604 74766876985438184441265130162835255296962444513118904673857131155732946330946145819561371920014501215173902597628010450105473359550120756813752827962142115443248848897335911210969079142365990801580974372172175415373172616459689674623715350267645095509968120788223694852487665267632949320124578187193
605 233941316542383900737452948212385867231097966342767229826511635000990683806129807783639332410200185804185251736888222911758539599684493549044945958894074229110299065308030949524520532632121718235761014382966387640384378742809794646181347749423735193253284664673863070996477527188764110158689011008916
606 731989107907274951526932656181543827638322092435396325168678643590788859770138721020330311545519974961705520878707790351696369992984511580521001217792184597914811991074116458637034424488068405147734238323390816491504114946333982541644529741232429255296345201310879911241695238006363260750145891961485
607 2290352392702783411498757870265078190920446666859085914939859856717079409622217453309690097709164535404544164577407282609780237331820165530327700116471526144562605757347442342302345851430050971925121488311290758275233974717058204231797035284328724717873425129027040633382392739068091139451343369587703
608 7166382704459405949671118837711726051487498388899035987652991631975419514873488653095327310070718078392842236703875893408968597220849212108779270156579402360855397686289514438695294503072987146885385677268849326539709118492110414808002680366359220885596871739751312393097503247965966591581767587197502
609 22423204931434085127210257467192567720362152600710337382146383873376076716813465821313560658800574212816599823696882780676078982931370962830304833509752928689191012852991348795472454416936510677477812407934482977976025511038929088277931096277798584628468548577380243585206329799236937319868522878017385
610 70160936156007099392342592571800011789436298068290793951519531925168346280627336179806817059442997740162936481894248530885706060800068564579189314332446301468784720689391920104836609569908330888685570049081504063884674200557537800994465302138127743095337619422631920175065433519808882927793600165604540
611 219529588983356811243225672420816172920932652345661213547489532233033663100102139010132950170504068929522262021018839432699075809814524311252761094663922024810864910359056654221421681519835932507037409020161815527629733736160290856872081719811708944712477328681793756883601212921102305076675265516370223
612 686895629956262006120848684109074318990345352882339590942446535552098541266740072921309859076305564334184398911039138327517764438528347519176287589198826720278992288286019468121698360577137074786999330602038524914776785889101175112952935280303851856520186125736216868455006206294575110738553754133121817
613 2149257458359203341136755367866236975672972797174903728807243377025799409208774137556528879618729717314501458108779287983561343342621937548247674645318097526357410546472142108161005362274409240254412150942564956514942502054041186718777582869626191916066615656819338051500743331148612858061150344406363577
614 6724904659251939807371672889887942105980602854071083405529675692468971771421322328273604449137953353326606556526878162123162305185365576479194720775734002177403945085027619881865379501082460055763445541810760122408210056105063139875228956751344902191384347039484052196487022619048388145412831269644798662
615 21041845173148235998792551196507357246452440399446203345924359974349963775625468325938307867643535692333884376044355963836208021156362653176144493085789979640683359257122743637863929947552563637347992887652614909021779197900454882373170253807794906207628473478752607434333662580629687521589313156577179426
616 65838739837241507927250068205768024961611261009658440390904369893382019648525227908364982690305092202897040705877490728647610031138992108696982693391896156316090506485959247677327596660007833001466886523689599160556354419249642276057280916450694162200374685247954514014912423906577976297431092221324495281
617 206005681901299601570690604726703387697988165515818542145454888482218958926475768764176080262716631974988665780988370613213766733146141648620617686639415259819448613412558064230624752307443947854097534107812851082185428105314631697482082943898192982780767471840872120890899759017193410632649059087434490596
618 644580091911393231479695158544256441237997602646913449605385703330172304319294594413083129827741978589925582918249817449436108317947635611398306997618381387160714623399127185902513999235899703823745336093306167892816665634979931134620878608002447207184583679814769165636530597786047027226100465293628434755
619 2016854540388669923720322245920972221117896782875280454185638484359071536347146366227717047517469446242407334631056119658432027106249666494450447743978473393088502844608992744365658760930251062581124652036577612079340501210524526894791048830245650508104905432420384271138921028543712745500254754614039931877
620 6310623440175308658100875562917987690032976193576278983649512142023395719605650620842017168220620839729746678109841299878625527799051313231240045407757162324334211821624403744116512675410795905911949430636384319336355587150445748500693922314512784858963971661609202477686489271345697022301730071756057782272
621 19745582740942504121486104306784934290028600286478194388890301962253563970595058769635682983428627368417859126519084253399245914554821993460313320982804143271369507299469247116931631075212875148036541763814569728054892471456959571220958169083558291297888209725969044960353981270583541625732277176511361153085
622 61782808224186393955490430481831696662976047079216842857879805378031228531484095144422745539919216872146700673615554540367983354710659640879947456589277471754100169836069131360754035954424949870856764748915725646919006415828296326334950678061083578179554771425325502842248175621123946654235517340158964060456
623 193314901978142065526565953568790136068716702856749667384193149568801088413598177889808818632693739455599983356227220324409485843579016684637676231882953472007832375837502132616663833360254434748643482593686659469316677803906139103351952236242523921583659379864771113503508539694413778897604648125950820195036
624 604871361483193605271291953332298328400886616035054555727086501493527098957464819985860539538328510835784227227161042317460692003336273240260068816610630995357400590453203935697127589778602756490008092596849639953558612115141736358974089237349603858217816704934393342822709288458419658479821953413321478812447
625 1892608175565796650341860758171032672899868362533448684038547163231556651253510958718405176671154773894060013262955045252335423630447882250904939003973542086615579869224932111455269419894645911642435960731931937125478034984683076607268021665730145660118020224873609954593709089292280799525154242247243565037428
626 5921863613174250992178855205742211526442379802731318458648466618031024299452046083378599276807927771008248403880164789605897285799534613851371000053812415605526540778348564609972624294838790101614922770321050208831491698014494355667555201369026579210743954914789839743405351298834649911966498749845527063740796
627 18529175296705801068825715959148466477330415992065401835610056878030445801482672933493596706759198221807450969359841490933433869324566680371054419080893634779859236708898140756218966150996302757405713530120463717848696829726701732052089118313963144491630376326159154110345751473682097524099948644041516266958228
628 57976738338291413617956403116594414158454426064886433233525242907357683576748269944451474529774212654709228707106111920852163449700106857038255214312707231314945596016073467577525079308276749757650574901706765207992391387371679149485844437852989176788261749824310184894052249119453006702692429191280739408260167
629 181405925224545564603743674281207935696153682756599980981735908984354498387197529752144576765073864175393729113361805157370320324000095967946090458990894639022091787438882246396243736638325614349643721232383100992933025560786954755342729682430931035397642185238956651609895474117551831661182954340191619026664588
630 567608848820646254778979498264979056786408386125773824498622749254368238359636718633885557453853622701047969747101886142682303159169367701224181682049594346140280197263971008821261283016848532846003115333056556227892665172636635512057808166293382897642746714259919531659314328434000886016168754269594313838045795
631 1776015887357057191394785682428087922707255731177923974029563633349898608998657421382114151812605385712495254346160727954279871466149967344958347115599828080617606070520689942083788607557824324917067407953185851980476139805668001752286556261485484520302653015864477072317008744884121435783657619174751900360263896
632 5557052957680991894558365146823137758414794854875867947074876094077717479017985190822594598047420499050447943754019634158157398817903265225210791899267407315037363126661950399405811547131216752928853018919343723858712654820312175352045752163168444943021346479686710817985584900405043791541584371881075386665839669
633 17387703451474055047668722334624777775455150813252303763805660988075205207484316691967023077162082311346768381544133793608722659050680854644327776912576408605900711760299563697134737043760648396290100910620152647393560626921861147915549544209873962148980674506896760481244626644979694309897212516021895792440994557
634 54405137690566246080898042326794648588816364991502974912910704505455869287055719905588814909230640045407692010043858234475969825534256750127491664329317148525892460608666588333975508474791429058948644045396158056166794803327176123315204608588424793864644000909123194640493659901195028405823108022288035835703768673
635 170230589415679427664720054760520826881225734306043981645780269003556700266893829176638539952043698430239553469869303015510803394087232881774875701008883565292575336482867499053575046366532948924905081130623998727051123470496653884857596819384099088649308163401056109612493772402185740153846404996838383538401631479
636 532641857054511985774305146818671499721561329614343713414047072698853188667402104615585558724987440389037695180439778974571927771134689254866454390795999953111658702242414482990079036974240511352943313907059465346590978077035229242356065935504539908159026048608446480445730698833796527891723580408369134525270668481
637 1666606153807676054677008282761383211541499143832631727305790159933598590221003121597947980117290051632775825284461799924189926310455390398862025206256060391749015141098659811498361392965399844356968703914884648668198289575675566773192284637850813052837310714590823328205654056178736210522526355794252401128125260243
638 5214716108248606237593125452311339194329759501680510592776117157234964776441578640899536152988830361028601067066305180074342650324956380703533986309064079760721516939318264838573051101161083591806565731303156801434312370959140868425259393227605439093725273464510344251847555639618179802426006504073469539521713196258
639 16316550870461716178797087272650212856411441731294865067078556012381750773590385565386056931708940183958605250602052885956939645094744371362810670555188131165626420165381632417278874049077816540237156477766754715276998625944706077423665934111238215651254135480358590427375077255817754769148941916499069124673905474999
640 51053562031352820475641642316625134657331418715979422107423747478662427837564683267082849965382418357611099137946573478631162331036511845102326252964941649996818975737742643660198884288760988156310737893827527257009796667095013620232295712482782419477996893237438439280810521975872742628548390619881224663191071595374
641 159743699313789721209933973072783557396400484822529029346387187012984327093819335435837192174217539347828770879793974232513269494998858610518574393224684392049983658405175395164636564743227057923643771149195709751642849034470001241610381183043444180879731102507333661901946717606069394687166767213496411433395972613169
642 499828972849796740777600751382202023784992644121693312679144530679727286355055091903387992903138369833012506121599349012590126575947513251905723976162604164825197984611556111167736829071215419580710866655773015821271657799623713326419144161970808472440142423715784291360872785092097116089404762655458258880267517712565
643 1563936500614873384820085942389335953113622513389421180384156715726864076205456378458907397050076143857743804634113040477881846040320686614877632771039687607267954652754531032234331018085167873694577038436258458304572360602459305360752929593714205063701772747470104786361993728208147183067545157385199631665825973712264
644 4893468587885382126454366236135676589344011311890681241117889936947295655929751744232149484940064459168516673666497715784666670454520551291278042592926233919510377026303051383002631795021316188460234569313964824921789205324014496011235585749537674314800338791195633130625057070821658290459401004630657447268447536762711
645 15311385603703470264899258668411354987532627519882563949756411853651369304885413142682612202643091563944313714062896790156919035402928619963167736869235398743192269358559075692357224310294243605457167184523613919368528360119850221761782566182748239917331456158706245442702825705004970214936816760095067024095544092365391
646 47908456934962355998363882317277724308029083908411959756252147569661475989875549806728024346902734132122744812872683460855416197149861149326708687414684604386098196314313073798696080460964952214226315292841926744105363192476062802157128042941568727259242557142711394846391383449148743955347006953681290815696452356654561
647 149902843889842467111052594064814008529715930315235856692345205268314048126024917025048435060322131532072314215491186091175888569511858503341356294085450325198273583169346249695918039020330090002761805128714468787978735255568793012234042507341495659620062249708904247839905296305577445929793440075037883696458011273744410
648 469037494502642292713860194901479884736566572715405681570979595026886006080541459736778383077074062353784306294802139441790792746794862454807034684733181482212272103378460239141159179709657243183799528678575779271960536391654661796952548194538996309003427107771777224497085015364728664038972841870540959729982086789476528
649 1467591711675480161036400941873786656043518991423117090783986868933448791673920855222627509156264659124983836919317770902717449147300484305454277819693820950498232099392602114397995949712432699432576070371500248465370950138855873158913033728322616524531909194035758605520700712696690581930466863699987262141355476304076185
650 4592011208959824968237819504713541378451195938270787255365635310749947680056861661956574352729443600023262709226935496752666037622884344735110779773946707736689514485665446576561403643819786525925552151908415100431722394190834117106949250477288056550717332400450760024086386522094757903941270814459830555844420853116485493
651 14368142566803634688718543724845708936183119732030482345702919417931505116201546883872624905388499977335362408997857939573537696569486104351298445076727168591013640891040391020565536710013905804966618072757922351957190513774787869022178578720575916325796944450293630523589265313281173825590195749789388787483015475435071521
652 44957102982934093476839978153557981207847681383923926948685901122483211083337266593049968088482899088002934959559645577241664655530054989227865428923898146001846552911604369560111886138547606273404884732111819749823444820041733233276272106805010306506110933475898420469566963486025263307424650019230820634617254394596633129
653 140668224805049982167423234679043401317333580478668714276842913573332174076887006005524155932805185408372576621609694623206200754229484968328416221139893455333968598982574313856322247045356072523371907143428439302779748814720691827023384233503165315400603025339860508703890851776248531377412796054133865672181670160438756961
654 440142895268752450553613490349130103252978072191658360295250505646869483134238235104297138163106042611656038681369174823452755039471880140422139945625027984681845069134095006420833538685926310869663270067122108427721400796088984332828647881826539348930085377416346633743963514140762983776905923752819411792546443378379712934
655 1377182149871029317376508029532930578023130570386391854061801449813089736070760216980242424466286088030527284462312405612033723270176211896002949892930178452017439184993057780025553720267587175678823413176324483053138736759284014412916753159945452438531747126767689543754655883575312961837275898663218971330828606402080983565
656 4309124819032469900929524865656465473618335092365961084062417715022823612965432954043628968560747143109131030348170337959607128992568930528822516593385716110843687497445207816226513418817447669476837133685742475892476448624180607273992780820294714440040005540536464664445148102127615960651350320150772579229425055391834642474
657 13483007100941969878536911906873296345952124411562057032152657715811038670629203899639399466534150508287940558264377244856892045486603446371164533271598272445224620973647408985800671304870972848909464864213181026195994120978363185272514168827720574258807799162696403130031692199526488544679874810665412190876095356542513375536
658 42187564324226124740486513405033098478802429883322768351420319364767283825176556928325071999683437532989946363302927181779431831759269000666301217459360119257911887661107875996361008253265131104350478859213758720770715599992935809834511761065108894414134887114179006758539012954216025356148424828450623339355758275775925045101
659 132002495458626177422347048168063716471917181215403367228367531648326281249539732212795448041515554195117127041993162458372276716897939151270551327569793173027803657819513679266787908960674484150816599773677816370463558214727748908876052452002335112333068681372708467028373565846652922450949281485031113572999751574095279043116
660 413028319752950255029878702183964956691794481510560303321077216136543731334508088451708412880441879399300865111518228745956964062348271639971246832952573858155768383517782481123113596949014095317503097625281753799388711463788559806303286181740963916165810928025935281618525069236666172828633011262921357603627379237926016648429
661 1292342181299250164076257616280033336621093100163126300202369275836799332932242879695341093152504063300419183040542721231104207675154623074550411166261019124541493558376338548820923204298186472329736984976451016497159107963020527172998180400993856428139345839365356584303211722903612275459922698980673031419764654585330705737112
662 4043665370365621609183423061557990609721829296123536050181983700147016287940791611862156271958751098616250919926271414899131436837975713539162950878668908629389680797252725187484889842695904879430209414881673609852428190155849741858588550617568672370623645985544154122830962799455998233861932025173233580950252459458453969219737
663 12652399545649363231066048073454350437002232439366649122752522078039672920810915836981874599206147638217982284920162136435778572562646614459776093993640795515745315154942526773582696777690257754971115152530056013896153126530708840761788079622082901348698630212763045100694923777799343471789666307718404735274235346845552966973123
664 39588640404305698202216751702791228585510092592142445668787552073170842663736884122528296018701247885831002384232103974705837990202386846580211589703463843479712806789033907974234499970790350456172964401497981204872368119490307261318381041104163478535063691307573459533165339626116287525567568195753132903656995156714960141507751
665 123870609950848546026034051461055508298398420898316616523042327434856523395029960967950697647311224818510289236877578227897930934826611943961180987897041769208733000447375625200560740688080526717947454734025008629185261817600688403676761798018844702631293590104700239863640463198044206512470451239733677348862074044259500486662505
666 387584111323167304800893194526808092642071115812120479245640041637918255604880260494585491776241008683962428349022461447210547947583159348997493312074710011900525160630574968821480463143156024922799168340254495197311020912001091148732622646983147095498007148020900669984403312217173624412561932259982562697620026128278483150150602
667 1212728696579250920684901093108187172215395545621900978337924984656904317785932057621329470777631882925498951471671340440725308662023622505847262522218127998129389538703603461219634282269544625753157070253105208126354646485156370015452233746425832724254882497575542067446799911666677733226026251476842213489666023446056366158511284
668 3794559293171157225411197217413658298469246106698170635391775538021560972338685700733668449236150696911364749666819466535325975532833137543330225348245194989242411186184216655476203652347441001016075393148147131263236222557350868416514368068929153688323101112842163819193762649195942998814259557617581410784863252797875768152119513
669 11872960761962681286221510458911815732062565672014944640143592156859308546262305337539024441051145129197803916459319861443595015489813810441334586642522531840404957470284146396272129473483902830146986271163622074115965978837815596367054106952894911226498740907247953322088438644321763070858216818690646496414603044982155969070318921
670 37149820667922026634463155045306214041469806180882271591112345140939657076706324463192324563569576688645937823386360578918045816641543851380674020165687441956726564628366662991551808478401371011821526989682748285660555511594924409626110545483807112394756425076091366642599230690657322184519635503531138773707392653272082191877453467
671 116239681350604002655499022355950742525165224014047796981336786521330258685687710208938210733128134375736361856246133694101941868410616108319113331026529884253104679313242981661317520513385300527069145883368237149865935006489312856153166402150316152486023581286518088779827931612175885476780866310460244664667046453387852292285756338
672 363707368637635208261649515849044718197436952995526843620356796425454226176875765764783157505331401784417340136992990822781867722573526847114520727594279034126913957184046291359139377774196802275347261053571695829738883068106661258661262998296882095472696852378619295390119208835725100984247582566387376638112587868867043466756283717
673 1138019723250259100556954867298840556539419235315934378553555318306743369577144799282343087850276937554254673188025101997175950981398658658443646158431268305998083727780511861996685782226375469411454131734009620160317600265146159536932177170072788528497066099684895616925956350649799981256353933691806445717228514457009443850342935222
674 3560799153884903985737878506133970379519334191477512938905243401111772104293933435763952663411484261982081243761561645701010347130019001713413439041828661377166618153898317521459055072573057437115609106528338432070373813796558642461236957232014233563104777547180198610671456189277060119988954080322132845728533921034611167036707870229
675 11141538547411604675581452250847259065370517435848684673108265962725154227287223321716948397858189655112411348977982655913863089418610790217188402177331612455398153217863265783263743608291456456251882353270003721551469995810692378764956695879056047097939312001237455677804140219584655262274385478529992317316643859429321267979341623750
676 34861242052370775175671903259689574439489249715712678536618364117687306034177917483755908198471420930572511669480879938035881971996793041974473941056686014462522609644139494159109446094334277462632985419995017079186169336988316819400409053302915494058311779297484634017495490740667659625694524917411879936631705099724614491957632834952
677 109078848694224885031625139563463880143304440596169810156522056713327395886282320138538769188283891683656259693802645392314317317186706631016294699118878166338211475128219408029990168125200359940447270025946010661874368174303560379227873920220148687895938408521061165883973580899033864238915595453127494531421195308454395531849156239588
678 341301529491788624116863160743598145661898287912160134112393470808772642751733602770119455983425915736993460921560769903285922932283487234677205109918414856269230061713971307233946800926404570914164767784892520773820055934432521489165530095493718936284666248937041869775197310660370925202502691598359154320638679108429409266669949180682
679 1067913123652189601988044333640028589043879781747140865074337690472757738126283590558942868767168562960202945314644733001730181575590752975707929697115107413736132967449608842790361890600232122730590412496528743021117435709582074477093984551998875209010548719579313941824327376522021382037547914917243744024749721613804456237493320516356
680 3341439580908806372956332101412546033694801825833012381723672902018410098826129839506953289297723840407990132330810756256029055013856642994000225683161965081547601011060318832195740737934607280344845370406607582071751914109675227021705891503565157724142227122973001224431819449344821254319895013129037150241460704669303080462816175126527
681 10455174887897002855987982916799624739234650534938624095664537441481216704261827133486162143635697854433678210507956862470581530828934452608251098068633513161324046332003792739637135915573310051088983277794242065092195022495832363573963604767834645043282327648146883778064431313475867661026261088058952659934957324901915441721802627672477
682 32713649099344700242237703385928936211429688458155930477443161227301779913848089807292546124794762185314633300412151026579279966413444129454725962240722346171455885654871204745385763157268033796004928083253248569401178083524600609021560086489282122021436845108236124461574990186646081512873254887693906316916890287052750939155144010367670
683 102359152177732468522311891487965057832455265726766187370141903734324838166996283551384780139298398037979214319372479563305818478734850366361236589610206431158868140635632989894481362127023930074442224432342154938035142905454606460237558095423686835024666362982655668639684084949310399990734300954348763295190714683516656900695014795060068
684 320275980301875596187122032548209123120095395115434383977808873621214571948013175715499386217404198620604710743123625516704331503193673318252174613657562048123318043387902908967883373233748921276575065496563214101701059156674202832961865668623375964721454062469504576081292242594464875618681783428606022081092212417752475281450566938243090
685 1002125373022015545702381159996392189608890349174101684295990311504015689009911062497721559672584321762242059014108538302150384470611233975011058420765259935097784204479277461978785727738615595663065628681804568006511167719209039109275368752212112989201104003134025580533908664458103264984062764437657894838393099283934398339162689092894738
686 3135593441343789388739027939399435066244101554822903045775665069881210894742007223555671186818457302381209488362230433349873923800503659937073110458434122488777685977330108679861639657512657709690280747919894620364710921696439372889330861355031910077364564269938707880792400694463586581477525872191797977888265210589510184172862379546269154
687 9811093994904958261858114053051465263904097848682871170358684651383645898833556961417684490164295021625798703812046330340806151161347370146628648905675986117812099024491746837901366456810870362180084025820004370662948792444949865365017003764649205501319748147118503253503932876022873648764342196243037213013314628238323158489119867985121475
688 30698356524054983168844745801002816085310382316126855838348798440572216073263074638730805092469039433923031728018226638249469593999436224725025288747224574595558228380922285845347860935094841985409673511173152703244177430654283971286861132160906013222153298333641507555758030256160697465173096269959754722120300246590503744847538112091345842
689 96053416037741082923008549849561434082219043628463151662824492874858482718933750764863095641862159096222185321785298197113835318608772546471682541997303425435737686545678186341516689668715071289177637681472033134595078078254771747756237705562195114830988484171721118912380981911595024982862435606681622870962528518933286395739350538442157726
690 300545689645950732642989545655072354825119052482527929287973464800749474080345057135045034859693953725295343202470418274376206126285892096839523991286383201324940711495539838524973742665307297180878716715766194464184441674663962277728925214066492179141313789899314032363574831253261349216382907925452255524924707978624309672021866323971319729
691 940390412864325250752370655987594655667837196822949403805934972045234749637341473850812452937740673549127361900258847106214582497433981478814369719427341233032013789573778059234270668874797187192808128144387350545314912722320985331042048759959600701007892663253951006084161790632307913806866938230412416935507546878013810524561546762647452967
692 2942428253251279928104416051807928757183556908584316045292877437843505299295935823219485074041644259649512293154268701511665857215976571818808284934417418011973399607768803169280586491002737140917058245394449757972221277235350402892440021532858521650696687533636507191967987581857622066073530080285185553096093505911760853128816956872985429610
693 9206691079676600055291222155771898722877232606119651802628028602088274842965092352395557979492460730594993828089896984200405225194134495137383882264793379532070533949113535602075710976397387019860131298581141048419741848196855974690266610247667502642797772964696122794835544667193265535848891007428020973030272706547817091745922033037788024511
694 28807214090245484378909538969811536842863627861348040115908182849719433367530438248077810246136111280471306964614983809552958951418964760820944142401318709748056103072984788105461671865103182193980509031211865459576297132084306877553957640922019496998227652901770293796458646863057296378733409708352414780484181325600237421408681652874024259211
695 90136138647370363650007263159155219003280793998752291166672811956846745336368735856686767433022620865288706733311702213783792939152860685868648717018147874419104136350775627363799603023083838543180555015197001930603616677284854249804379080265178417618341520085010564522907918882504306752017674128255697114566421194863195448549149170125972280577
696 282030864380219528463509463586686828761639643418489913174862461398722246178642893036226433943133574572629585477656875812295638534890849121132752163349152895424866936747536372492053794181532266318139185570646981305679108623894626639510067590562003491498818096137209193161358342690943349409887441118293680076307502871227686680496534907672755171367
697 882458574958872231821679700263033568366030203502644213136334195412383975427576139980086427285516585980320245839455852111753834630682608257077890243357797325625921115789145453538826545317735343858751493237145221908860511779189701671126163187268942789124683466749570897336882048676432727261853052223909859270359510875228365611709229999008632517412
698 2761162818933872062231239848710052313847296781030929442232320125687331568187615888224689339555081558827663799384958411075992813560449002931935091090920001302890401601552137497174083008569761910626870142388701203462838658254877240388366391429915128092755684092279477874317356129181564647593667303360490623641415493925392096681043490512112382929006
699 8639521818934300689883998522610001382587810804874026850800798301295016461770974754640768184353174682362988099086498000696745486028103250747327397657060960014493173025593882346212323679157223670030099918355692669969686312860868626375816342887610831739827825383477989812033719560007159191874501605981571345597678642704822684885970507731379739363188
700 27032573649047624620544725243368923426527773340771405037727634375279317196239909405955523339955472248430331304967517554990628775952081221772354685194090467080863494094587273272758705432685024135446102444848698771694810130379339917303158966779206518756164807179437220644963743033530652007649355370343959960240351248005333118311752951538362476902728
