# HV-convex king-lattice animals (polyplets), counted by area n: fixed sets
# of cells of Z^2, 8-connected (king moves), every row AND column a single
# contiguous run, counted up to translation. NOT YET SUBMITTED to OEIS --
# staged pending novelty confirmation and jasonp's decision to submit.
# a(1)-a(700). No OEIS match on the 10-term prefix or on a(1)-a(700)
# (experiments/oeis_lookup.py, 2026-08-05).
# Method: row transfer matrix, state (width, left-boundary phase,
# right-boundary phase), inner per-offset sum collapsed to O(1) box-counted
# sub-intervals (cpp/convex_area_tm.cpp / build/convex_area_tm, GMP bigints).
# n=700 in 484.5s / 271.9 MB peak RSS (gympie, 2026-08-05). Matches all 128
# prior-computed terms (Python DP, experiments/convex_tm.py) exactly,
# including an independent n=128 spot value. Shown non-D-finite at order<=24,
# degree<=24 and non-algebraic at degree<=20, t-degree<=20 (cpp/prec_guess.cpp,
# mod-p rank test, rigorous over Q; calibrated against four controls including
# the classical convex-polyomino-by-area control A067675, which the same
# method correctly clears at its known recurrence). mu =
# 3.128943269730886252277447995387754160532091221904 (199 trusted digits,
# differential approximants); theta = 0 (pure geometric correction, measured
# not assumed). Full derivation: results/convex-polyplets.md,
# docs/proofs/convex-mirage.md.
# - Jason H Parker, Aug 05 2026
1 1
2 4
3 16
4 61
5 221
6 766
7 2566
8 8390
9 26982
10 85834
11 271174
12 853111
13 2677214
14 8389720
15 26271014
16 82230035
17 257333334
18 805229818
19 2519563026
20 7883577553
21 24667161861
22 77181772540
23 241496421322
24 755626445009
25 2364307821370
26 7397776287396
27 23147205741474
28 72426263089887
29 226617613513394
30 709073559601858
31 2218650773489874
32 6942032116684714
33 21721224180576893
34 67964477390729652
35 212656992753116942
36 665391664000355728
37 2081972765160760594
38 6514374665402206136
39 20383108756302123784
40 63777590944002937084
41 199556463919667482110
42 624400854674393563258
43 1953714851787232977502
44 6113062936378128556514
45 19127427132073496157606
46 59848634391938567807278
47 187262981782882514948742
48 585935246518733712499211
49 1833358146092044672138170
50 5736473632219682585431462
51 17949100563520447550724564
52 56161717405947068638356825
53 175726827693861318937934182
54 549839274823859272414966454
55 1720415898393814603865290446
56 5383083746417325720619790127
57 16843363658750190678824568254
58 52701929359676166472386964868
59 164901347171791278324009157610
60 515966960402732546167749372540
61 1614431348155632553730182971808
62 5051464101254127518804597084886
63 15805744601906282118428363122594
64 49455278195219946978663288298293
65 154742759861602103313098652065157
66 484181317008542627490811020906492
67 1514975873183316136416355777713382
68 4740273562201609663997201612412853
69 14832047059133980154186028984330836
70 46408633822009051455865086865155050
71 145209982454780398049245020318732996
72 454353797299625203206714563543927535
73 1421647256137333599894302618261607154
74 4448253614022291342067774373607375268
75 13918333207651139923810503961424810192
76 43549675015951931960810037775319588470
77 136264462540130123896537801719175547442
78 426363772968436615894621988129765621890
79 1334068057886657318888174909011548592026
80 4174223271087410785956251524246325054777
81 13060907810422998692129715311785150391832
82 40866839589998607761435660812517554067350
83 127870022690297874704871892277746026149108
84 400098046897143248325556668334455530552210
85 1251884091071288864217223231223987416862961
86 3917074301240677162455985556749905878801504
87 12256303271902830912394771781930896577491946
88 38349277634401003170559625136285678306256644
89 119992714153200221525124890966798141190695576
90 375450395366397893098380024519199409186504142
91 1174762987699491008771390386059867103005729834
92 3675766743891270304015200586518368945682560627
93 11501265614399204465296714046165330008049212780
94 35986807637561657212000612276814018030185040412
95 112600679556648601871621503357507387206368995886
96 352321138465899835709523655948783571601749800611
97 1102392854986800953462985236471434155937462939130
98 3449324704210367709499529041891947551889543501924
99 10792741318355510010601831252901651601453845380696
100 33769875310014925450707540495412202748465604630272
101 105664024070922426883741681254931661734407073361206
102 330616736969395088772778725525658673446125801866204
103 1034481014000775449841003429710158895598238170558596
104 3236832406422109055935655778820770554944012585535392
105 10127864973321286810133863326629392291952518551226876
106 31689514945016822212909663787691335633361489416629690
107 99154694508246721769506901073978968340191796536341078
108 310249414043800648136862088354445232349366852526946722
109 970752816010301140667419719686479221980829640603555104
110 3037430490227737076335893116423618464146024880031475334
111 9503947689673464389658734328544919784021486647678202250
112 29737313159478191918680238710742827213645513442648371438
113 93046365870229005524176580168787770140262951454464444020
114 291136800262570683962364051204630327413550948723218465076
115 910950531752555859064723472047082864903638069948512512414
116 2850312535384931648929853085392640072134435571790742218031
117 8918466224222260453751058434031838701566157120147866447472
118 27905374868602470961414070222643389866529116209833977232094
119 87314334884431115807594656541797699045715904691101822821524
120 273201600487669479694112698233916001607626900348090615275046
121 854832309125599829882259460686889767728601090885964794956500
122 2674721800387058046040127369501878724993881863475484861494394
123 8369052775723564260439233843019605425475287122185961794065492
124 26186291356622838615751073102945603119342819964203459769948612
125 81935420099517109809114993501990438874849629539847476074970362
126 256371281272956843012878579221152737433591770437569889254206932
127 802171195091302310633795024779916287410793690231225859243452786
128 2509948162052912103766963600364762350348141297853178810057013197
129 7853485409028867154503791941225758597693936921100971140718647238
130 24573110314510590227700552287377998116309065952300656050476452778
131 76887868134942532826753767130208932530615073880814776087871268638
132 240577777524784307576833505719271498126245479177918436315205135139
133 752754217832988330065686159836327103779470485545787983924246588073
134 2355325243650066310672573588965221541080787134825338312793281536586
135 7369679069146134814408476026795732067834373704837905727490105974028
136 23059307723481381220245735279765781318936598239951306088977660264262
137 72151265706040512018038617744336831480178084532986506016798842239508
138 225757217233480360909117847197062046356455013384512452640440270379478
139 706381525455872023138639165981237135745095942989408278820493277384130
140 2210227719937387469143526304816898501801803857127260899439027793380995
141 6915677148870730677926347878622429108641024761646930025615395528323732
142 21638761470590757059108368211962169413113461812348000773181613617749150
143 67706457068716964028877081503856029772640761024565758324946541342420026
144 211849663162485133726208534876262071086801181162527013222852419388789049
145 662865577747013118840253574854301753301387577622572909804092353535210804
146 2074068788227792220933148257674992941447974875434423555171009982840717592
147 6489643575884245272012774146013940783218135943074666686690733674553350140
148 20305726589715291238803895959807780685245252120552414769657263006120757845
149 63535466549885161554957655972242991532824613528912296270832060671399111844
150 198798870450475028003707055823976199431053229218250351458580599617615254338
151 622030387726116198105323292297296202606585641168666287046544318258933904850
152 1946297795243724952461350823197112161520143838114424934099235480773866723467
153 6089855387319915705872834619631545128182209469364265317372274490352922331782
154 19054812027789029778488069337680854672289307010250281577047877824245694976260
155 59621425850337625828282768772057866758929449310494946512904756578458784593034
156 186552059146172996208036944538561646227284420259180599715201271643724007854575
157 583710809919856218958686917504924555386561815592833707438372665870591637114982
158 1826398010167898752034731145957424499638557372444841329638643230217934480204952
159 5714695761764729556871175949659548519161417682745516852524109247708251679580770
160 17880958842333370676799457662769640752358771994221150162567709243248161998913770
161 55948505826053979428653969931682529297703110544837861566748949410493502399958347
162 175059700755930877507678862708539202643089250034856286625838635631433518268055038
163 547751872481372859617229122166030485750099074547380840611872689818325985871409882
164 1713884534883082250234476186402184178803865558192807849988007538678901779548915335
165 5362647480518270553381511007794890523049560238859667534378960453939464684977569004
166 16779419742106936598845081632613192339212897894745197044461718759708145967240677664
167 52501852472055062359864833193269364744735219739371466740462496734093266793530865874
168 164275317940840580159198118558231120394204882069120448172848350961794507857573908700
169 514008150453894644962645088516675310486352501998963106063501457066951255192791362252
170 1608302342949534434916322792966178963828944326008636301234826968142361700979427375258
171 5032286791664361448782570890592511953318376279609677867676995891765827046431978767628
172 15745739888133838295896181296472308836665603382919382546742584948726510795231301138733
173 49267526849909531123252451104722084987395819377955914309373488761752123054372497275212
174 154155296553310158725355686575842869831417108395765303657529738823441744602275081294322
175 482343177643848707779590753253778192447046281742799558193362667832649688512628546959190
176 1509224439389329690881006343578362673808143112140291462887467323853553822905623629213439
177 4722277652140613001054775120544933169377876268017774174130781692683039619026117789367204
178 14775738877465942306570827395311932228956495592665592254975936102030753792164352905477530
179 46232448715948060369668393812345690109092996024063505329646878447516165217229599002336980
180 144658709252944037622888163269543901219270591936002534398050725871554035841635177984295188
181 452628894724956326818995935323561428942984678648762197134608113968561746534975915900222088
182 1416250133835381941657268393237453838216184798494569309441614040625320338430056963935864714
183 4431366324519685232999037096873405131796947634128361991374400620591274537565623307398053336
184 13865493836817963493187715951476541610689880922571806216203897061336660608746627881373420950
185 43384343622206650076665365593751656802608186737370401964516931127653981958616476458015486928
186 135747149988395597001972051253197629008047777921718532633122066864510694015451061475921409024
187 424745131341339557060920105524770679004091127676346115745620524889094102728441071260351355648
188 1329003420061445725728371473889459973000949017431638976747088599706265449065222137809994337016
189 4158376306650590498879229056496581928075885090182409303565152087683212840781434567107824814362
190 13011323557702745150670701733894989884554295301777633843907445952856796284017701498163549983414
191 40711693276164935054272113797488330520173669495151314941683919090735015472791238473523273132232
192 127384578675804448594372048165006573698960735977571597059213145652129570863132240022610566319125
193 398579120115162899895917363902623974336760534794287607545268047652002191439482217613899482755088
194 1247131455339597459804865634517083915943927070038194830735451543205514839627025665449753938689914
195 3902203573654518816516410277426126449145029569769630106447723592725514573634237616120266885104254
196 12209773608906119327944883725367432541217458102027642980838024706958700434249229493522156815686111
197 38203688958524596198253432122871774997040860324259411086794837742976634047382654219167401856649176
198 119537175445667706491537428480122847992227514355484230855901573165476167027909994566270060364980666
199 374025040593362123606679491641199920057583223142702044179467211126678063519016840513256049987129388
200 1170303133475421942915868595150172645895290923063826237521134594512133954061972305820725281498051916
201 3661812113032888536475914410438719002325656410646959557918017703898739814910528574311723645255968264
202 11457602366093291893672344060568550706446640626802140624396556809985328437617282821106871250178441580
203 35850187810640283550197491442698829918528971681291125411476719471705212588458026138159017033037438712
204 112173203868691171207003389776875347264779673190247284288787387726483465950090839431708388570813972351
205 350983591289091852569421682921104788607369750984205208186891383750974113350206133992182871082592474344
206 1098207745749980066867996216423997617661498217430019350722623459022212128731016375986179337440015688418
207 3436229734830728430624054070622830092611912101613243974247877322250055594587745739077386163391740480972
208 10751767902047755650222827462476591400422392515405272610892355178417381448382993632497637843813787984365
209 33641671814820895705606078042365214997805771219708969054791453379715299314822869029938586673082407723488
210 105262882607479091491689440376215425087002533672480060226808583545317520029687092526700884122551138151618
211 329361588087144066154058200020443632863941794168646939229675601054308710766183016414761319576828009774800
212 1030553724353145867987192410256107752377184012606154277226459755654560132762499543252337475048030505649553
213 3224544139910874691976725243102345249959597050394350467349269036075314151088992120063754230528717393852976
214 10089415684524300609085688879385597100195066012843787789724459611495623177074205329238761588461176552337954
215 31569209301609553075062535094782705835873627380164612312484004187842797876775941042875714409708717259719050
216 98778264974996903034130928590032168408737684662690249505492099887674714773186308071086389048441374888931077
217 309071587389210688938533838051917495402667910891199893784418872004876672034310063847180859625174382415298046
218 967067463226512242569420165330353759243446318002792422815173103788002199596587204981548001796869012103301120
219 3025899230438316817630766780623872395750285015708098271115263261145372856929229453054897156535674687128766200
220 9467867031963839474519563617299042793753794103702079183454203243433815596018036427488816738776013448194250774
221 29624418828370197227247741150842558270298056232282538546328549481634071202190153452432887370788367517417293310
222 92693125912717875307764243407765582176295078086114774390654276194699278312736630025822419470194397122277408956
223 290031532474916208850438201837409159774482898938967845572999507649306290104883943981342153387874818216425007308
224 907492211547124042834453298524774652115079740878494505781243687946819997433305990463919739236353430574590448521
225 2839491647653571431603580837684051599683684251201766842734226262933720166989196337420981735714517543096833289077
226 8884608280382707383453352821989664898174351480871100592382570929450441766479316643109695917119915521417979708116
227 27799435283098775060455069170149288853232948987210535750123250707294957742848001945922490569913059423131980880430
228 86982855931371246757049476998802471221574554570433673807114779577371292651128221085984296654178398556478017122034
229 272164421648435362064677158129461134507273175825112128509934425546544713095118092594972810233042429381161665150054
230 851587035377070944655733593233166790043824121072747284437070629823298126232573844652463769899669462653380891195864
231 2664567522933164265990839054145198550120779200230219559154334374753138971234986410612045497854993307500217067166722
232 8337280617625223237720184868813441062329208266855007454370646439627129487922632132481330053536525390968407114177466
233 26086878076376208799088465697935370467957970419372149489325825708965271807223638823585158768899721311638177524061068
234 81624361585367546984507757100442785839549742931876450129417450835892659210182596777598272235182004435303061871655888
235 255397996828616078761885373812323621378758738454909839759289667611223467315642959303198017984122299065192909450429668
236 799125843279648510968409848538977591221184720475345955562061934873499395879241168252712580687652043442970640906958634
237 2500419428997875185773196218558912456985220849583867117253452556634348067526529654581286857215858514873775273474366982
238 7823670543867247163409140337373790484709482955939990335020604305414933747133775742868447987109654145468633080846154582
239 24479821292825205484368968325494037073547326711963048675444778188022102434688603848958105133001757653678217111970602994
240 76595972078400269534992854427273861947915642378621016236483980646899897518418964282846412614132248868902867443256784475
241 239664451323205406621231673887464655024040622170714467566424403147440295029192077274203936927645285150003500959194374910
242 749896471961489153183659340356642922736608453470678827069596860974548575067051149394716143128398077492809078759165540552
243 2346383518938837735058533982201020935187715429231462857227933723175226474466135149543531463086987516994981011692115964584
244 7341700919791149810357382757769196191844020997657577424856007988699529527883282178523487542165555769604196841410659458071
245 22971765681357575355496405574973687555025719247233098753275898062341810634058530698786145167380443763426553787023711710550
246 71877351622518731917783895239704195875729813975011004199446018437358390751248170764191862769414320958439570210645322212466
247 224900155605360383211576442299503989734321745620688072596374822710882042118168350648320744835903284365002286424987754212676
248 703699828242821423236139450941893940256406606953405147554006972306125658892645651450371144833157324574547788632357249300084
249 2201836841491156719996398335205040141912215619394300779696241379516962620432330492188023523594163201701373654060377202199336
250 6889422566229267019260733119248022757922895094149906974867499185258141152627449585888376592357084490827385270683431754800180
251 21556612370935155990506551474270631298793707295897687436285068605526915883482864646177821437465644304222721824365424378293622
252 67449417196235119199550970922424620913601970189743267706552144815405488697342115794016805709660932117220202348279008850934241
253 211045399983430580113702018663836035501749797505534979355652070603747603278297523900288878239139170419593563889777377757906740
254 660349083885818006629817747932621118847858274927989809733300079135400253368219506029331249552314340392822952185228526143692008
255 2066194821697486683519517265490552280130429871873835570203877914217624097286968368290669950548311646097481977404647412309608500
256 6465006381303159502321072709283965498495142146237834327758909870955240269560374889872131818504075281877087647509262612425984388
257 20228638205545752658201362515644892002553646727217394752852852388163224167157817497362324356572626918991790933722191591099897508
258 63294261369063454818145746784380628517857820037255173802942601877508433578155063908767399471565877868546707636398189626959722368
259 198044153123318727269826796640567272142645279867617546022918665164210309413282045824741040706224507320095245754013919138798548924
260 619668920024761207494334773802318891567798214642991653572096352483640701972997595927173373986362938748415247561273233932510430588
261 1938908896772883388131422511926896435685358735319123279270483475508199416982857462312428198809266648680044634786713870124178341683
262 6066735943178851156085462977522289963690711736017373273512564192652318514582183228595054555656295834451225883823864841548976232762
263 18982472598643926685053356985386046789158857494780564300873582541307224934054817699322969713430143326358063768503407902545990686166
264 59395079880377881185509393072675964879530146175106979643310606381957038312062486223716928898339403817921222833454950556371683355340
265 185843835446836743849370399563109337457589376930477696623294706408872378275488083963044390777265507318464617000221448341036737906404
266 581494818142354141407969914168678390122485954158990644338649252806009854919813615118172943287627368934753080949747768812084705240790
267 1819464297609904642923563038384905929071152864709863084865000531917624460120356007606539382515901447670271834993985652796070197368226
268 5693000568522145361840253535046897536234424273054987197030497185218866138152266788388943657943554234606083054179651546745108891323735
269 17813075813451475857110162349730866374390713418328079139053318172593519823825910591466520959048497749184514698526475973868439289319148
270 55736103679705027264048450824891552679480058894723235768772981370757047411344138406260307475176036936693884222955423145231828571043124
271 174395106489635928898312771977658296080713541612628294513662338148942539332099303116736642715746500045860949572638502186552163849626644
272 545672394724747543784674786954235459808831887595219507519343443600219234891334905508826692805156707411048615944600207667299164057707319
273 1707377966951934386400971975972267427332107349877182820313674673580673465259452337990473595610292129944196619569189760652742592189698998
274 5342288798581058628345554181402615441259089363734898583011794522628872008892010069214894915886555805040314241003209312712857024189499444
275 16715718581278905584634894538987029890257094982329043310738051702479304356591241518329801591344255930344675762362711031305536441266149318
276 52302535153608149948725302371545658427862979360044605151801976045900073383100876797658982829156562351131525048655242684779062762421964441
277 163651665358745305748636868510181477323061415997967479955590960457452958676084515435325731108881168823747402765573332081513836631550761654
278 512056776904497347080560754087037101289372792284082762747633752064148039492113504202529689044573883043936858675280253104729856401353886442
279 1602196605815416888601074726474720410949314818239477470295606623019449153891885831467400714345285370279481763531329221904371676142560374932
280 5013182286551818402653333281596784714228635452713321918334616389982279828585215246290809794032491208513032511600699620860984740729911848236
281 15685962975440407424094024843883062489657431910575579766432063542015752605793686209636495214240159411692146015000512211879123160570199321970
282 49080488281252129812719073873198213201337941263320837780879854448377068743086746821721379832932743375348575822309913469496116687211729783900
283 153570063482729484609253150895578577569266951279361214436925081190786399712233671721938072540493775743831874961484589641699719464445719791544
284 480512016566431366776863667612564075804038452102566526002952280534257078725704430304956008574246992652763125936182343306510914657255716601557
285 1503494840260351543389455824141848571781221965022005941517138338034856604578215712656449868188068307331519187067643701141946058335356628254990
286 4704350061507740878378567919777885726876767850273282017457503901489942444113041313593817074155888374857896981911982073160113021945772565306492
287 14719644463412726598655342420201227556810829019590146654398015218832348989626504426541653328826223854469011666005358633223931210729361083695446
288 46056932476626753436520112838565027285219583456583107564273852385088141535573600971777890106324806630110414011368679308782623019123397833713833
289 144109528897191158759759434860844075231564513669426442479791384873459513608167862148046681487965796885712945098827191663079266011376705686017676
290 450910540546954942700796311029338880153241310415379071789047286693155629611324549603465843082777958707743102594943455091941120506461362715155570
291 1410873501095110561502699451992701414091673659162501642725418585287003983261794533041928539443150864698931927042076440321895546466676758313886602
292 4414543145693198365877649254089416016724678743757482298440722125070810511998720297590353508919534202524002167287213762592860787290925996499220137
293 13812855064653348261267467752980116966904477534276196082286739300451068136074603655069527833231572758591599745554174624406990703904626869739402058
294 43219639890315279731861748972559846815206459029664057492527382765139270884706856972342616203378245928615379048077506863691153597328954185047073388
295 135231801354994533429074372636759386544468118407380878793809535809543089440957933178978396126291248646166836868427704270728859409433212229847119588
296 423132634703294289385778015379269150694120694664820686797751352068539665671551800394912134268305097046223646462717567330552888012656107154879770478
297 1323958009558370304494341462052885227016409792417682137031823097469475769404736447488908614406132723981348309131673719540112611016623464668867881708
298 4142589503413963134635877109087493042536104692827298628368855238011403985554070213236615532971717806820221190030965737934180865302743667366702904052
299 12961927545964934187607194319767233734555201475280854378045805147311442413549989960222272374771751971779767633378729669387518630187113802465356723650
300 40557135957686363582703643168606889410218585564810337899375504110789405584990561660934086395370284286280304875937883719307391234219365290087000655778
301 126900977594363269248407602054790601131100026543586270056786239183662288650525447372886471762526773579281744632579780243681641665465558551158859507344
302 397065959766152943579928223451505504240172508288988801863178624341133690424193045778135509690732822890488342846160398725487069745182967292974771361010
303 1242396862449539118079384654237451078040821041579655973279511491212841050290585038941533567014397651006817867748227821334000576761880475495990496397014
304 3887389301096255062303690525641251736186565812647771300369582341681826677148174368409878173016876832766392463996667637743530912575539257174726373331163
305 12163420590488980995723997826668396026882133407267002584731106043546777387885997592482458406678004045243765317926664078678810688488187394226089214423838
306 38058652993516579395496355608677948028449538910144472659958429940685239677923362707662356771622750660064745830495394541467863998517404847444407737417532
307 119083366139086947992601620790247344497856767146978679211703515105120054192939636502942644907671823492652666809598178007580841105469455531321237164292256
308 372605097017795018913184314509882047282016187268905123438651245493042500335976239631181128619526891897264160156664416769989791131041861395400721238990785
309 1165860210581253640588946872158647746766884781501209730344311363184980896670838302691409209494454378134910311028366616930363798257698543854004418353108000
310 3647910459345247356293659304598928573826972880212780081706023936183365853393911537067073474789212522119445739727870836080824848599872568295423922246794984
311 11414104880349217466889641727057779915833291710344190968959685739176800236476666046330453945503055340328137402595976272547755650846649982937450550715098090
312 35714086645371146701541743371405351923354598695020786705963348803988659177142981764343008494597660835701336845968644739983027416807531457310865249836367080
313 111747351043619774420347962152978936774968756114012090859493573996621911753923472529796463576133647452427810864121122965189564726593670841292762956640127452
314 349651121958188821174049756792547751365525205715452929023277589069888661091734862925794756306277720521236548952772904595138230827933113492770369368351188352
315 1094038524804928209576213195075707421940017423850822277761997475210013694009530172917289802157313196506969529094948138742216699506778856958586460452305957788
316 3423184479014687376623535425051450741435751641875834793823108379138146347801063341069317107478079807777890843120831190599474890947454019974242161836847398374
317 10710950036660236293946852296394977610108370152494031672130893264037011987750122526138189265445417345414227356453352785102647772103076875671948334811307913812
318 33513955029631835722520103255229217816612155874802995285452062694677730070200713816165717894779106558591767407055840154171184773716180300319743404530071308608
319 104863264032030116922695569789233574310298691766684735232256583323618177623563926960190820414243658845189751443898181153117494071413499095897681409985203791300
320 328111204235033552800502298932396418382490095270244658940314839901673706943412350335751741825507688875831743951491305336301579678901788232712866897808917249528
321 1026641344214504497417871764443422940863238037916402515871740661533384834381276108997500469184717813761504516272063887591522031771605265332291809816654748848260
322 3212302524407443983871898396749797289185398064306738546098310538456432995980884498317292254425754467019551599726859496903660352249911009885817101806657939839202
323 10051112364084207820076063197010117537563162550924448468159127734616916787601485558941137231387532749555771543907245462792314085980533622926748606042650856768584
324 31449360384910179254829188051140146487027593852523633736424321344109609061242231416290512400941787683574091394263393684132026516718264260945511735437362831472589
325 98403264513705859697231063964580825105824995714745180333082940348074179338964488913884511505004420429446699279236470769875800791686005120816389634965868809914468
326 307898232219708101157798382433169310258259476163416154422563290666123963285354122099579508160275351251187693685994792620853952071724517609192054161267506091548448
327 963396101465893177292378197475404308693351533887021906053558158282965958389243960503907337719946529472543426989666419309001808522735808214868213971231393899488820
328 3014411747766680456221121093292706383166721230461076263323634951978637008063021322136656855864012555773683844181063634295257984808925338681263398573962202751764601
329 9431923350372272701113226966312401880655274216648623361921224662322118985511362716457740270182780211326833448864287701682442363277542515265926944310793298558612838
330 29511953087764914421702421748562779386176392239904410860868146028028115476289554675288778958734737129556595962326402124139284284467450291589113603840061321669758958
331 92341226990575676023851177634121366608295573607114299848571376035756717422710742069286665474206852164563842585671392351966474188627852260214345694311745564991667208
332 288930460710853821255796809207627044767718024441532244081567548676793323234404719710516138366504858744722342642232892338865839332704515517474116046755718849591800433
333 904047020461470320859006935670095784034231296701346487590100974157408965598230068959962086698829267349096903943950970180119582963251445689630945336119729494618430960
334 2828711840193178372962737436174446116468020969875348066761213041837652739372396548246342172441357931985336840951103277429843747273647810212349795726572846111590143218
335 8850878874380515725449764415305746123548600976263778492285450615347007834894533016471437567931923211054367913687187144394171757781131577403660278393400008244969542438
336 27693897885196196913752304926424370301084670598285752160580256483778331431115585075079689389271652752503591508701667483206441367383396582874759912174984069121297439918
337 86652635400499064313949239132438312236859299901389536155753754338484355901354099143585366428927456295791053420368884733616518673791153311425123629559012331329252553084
338 271131180340835886463764454623977974629895961622908401927223206232543441388102973188566962405177647549255390691306155433512518510621467802219007764151356724736878341646
339 848354081941649625059318428774430722323964008483316843775543848379316570710458158183129314389572759848070873270433863043715630202497020732784781539288927988784515725882
340 2654451795040049380640335440011950672346314779392267855599843267131168377133927218498892422952829339124016612123363957460424257013999567294200342201039472483890424691107
341 8305629078915632419310162696025969838389441425071378747114545835775716121980661946032618360124395518898719189796957403742529131907036106289380184529021905181298572907545
342 25987842207354207987573958132564029833514757945531829086273951035815770028371675773074989746141841356966128886464801258349201042717108564176139555095161847651172645426958
343 81314483969529207977256370575924116891524294454420423306571212032044796783450339909544870881308823411221420902454437866919384491062360331363989682669303716362426987140058
344 254428407348098454843701251397268378253797175900214442980504614129183533666052226149237522814464937461515167723209128298282210733937410075794425955164897325592648184590308
345 796092052800181025352071068182492647430985711931640127972338989671962899260979733244123618782741563289113401995261118963225350655418110672945032210784957646953739274610588
346 2490926870695371758195865682733875003043491109902966616889316976119456374980879980886321845507142706657068962949043168596355444421699080280574421240099717915489562110658002
347 7793968867454101017479381076644596667593449602256742331167072068766695229922597186707613303753873099828775296695576268263618238072353472858732767553137240132270347849352542
348 24386886432312567240988794479137680107914881486213334269891646548257809747588426929453420474787319174580878138017749315906505145356983535226378789221089467249734822246969083
349 76305184172075871402030466107580427539658520671158622890212916524374427623771982445839904328369235606375638418627099454172733876074740366123863164598024178596195022922641528
350 238754592460792545669561796955146279330800331691523408210516045050547369982575559861907020617697524663055902790104174456269237531475189965899547838776529391627963211079669774
351 747049575197537431475848586484181592361215420852907040715590606821773477096852089943325166185818860377582860906251517777276506002651477092501290776183771315204723455622714482
352 2337475740469652355873492870757764240494248712409098066641344516766500879605854093324561580660969063734430273817257100770055993222763662312004412941651761792937574937139770777
353 7313828986301738521421675022065152088234304895839491138307270663546775335976164492936619545098220120811598963702435957212446859458588036394169440419584936399767049438345153494
354 22884555982651495007196606570860361311022653321758395478595696121921952458609010782764058367108923231424985957360736362076010079482720192564654188617373297203456649510205609156
355 71604477422697083432748531080266833734428933950312869964722907541883319640966822873261119614635877906032346919324841196170019660734062539102171932196497301318349923531428466988
356 224046347714345235182590140256446083401186067404739995715559389183927410930622426203313837254707093897393541015696313427330873796599561733080142474112850389980080256285236441611
357 701028311788586453784175170965127571501212013817503961811054192517394722069918879834675264719562574605470027803018068473849559965376107087780627907163357643874628625363708695058
358 2193477818061702891136120749308351976226586882309278955952725616122325654798397737572693913831342057647845770724096114941721117408325292443273677567911459608055414030786979958294
359 6863267656128154669795036735708372041198138711574550412514629498577468257089285349154024946757250371524667291831231687220365690200189349604000854163668796858229230409255536709362
360 21474775141003864131010629455087601217912459366138640632011082748281695030106571139095061009148105417967818728708278247570109805430398278449330508479100659777899320531620446777695
361 67193353146428184497025462287455381368549861854521186817661551542448368045152856018374133740384160974836413960210683584279638732112743780614581665643786855973716750498602874108338
362 210244190098167137333005934834000247393617117881382142729626381315090086430748900731867961300448644891616118404621606040187541110043106182274524849499245211421085915450191694618924
363 657842143607681101759064251495446074897368105369315637328300246467290309498534622908219162165932063845027124361898210565037102319543166243491977408331054034810367212739358752806946
364 2058350747786592938979108932356646474444952910686916286913269552994433512026630684069407279635890986009708757724931898468832633193299347617424620082901193297355584207016855808159815
365 6440462719032396888783836123313485892586490478894179754715554737545544379878013264875492445181601396127506202150542049585670114930334340074426877108480392636441573318466064079461584
366 20151842478669102097742936733425567554779709976374478842341008165493205573605318816131807361463134690486049947818306306093767362202835303335026785256191372422750730123096139927796050
367 63053971896308667712726480263845983010559644411500062172826492917525377455204989032223278171180532493866175452785908620837611413037372048068079115329465049867989408115076599057039118
368 197292300994755452996593718943156930153657754366750924060084820453865993823023998791696822056507077852694471455080486377735930941111215935069830652542862662143694165464964862728381291
369 617316417367260309431988834928543538720983671724448394483517982195299700778901709183749467731760848300552188510936066910912641566741563395999873134938575592121988303277336532943528538
370 1931548049415671928926976475920421530615137574252754827897424026563495091694172015161783172387361104060717522226720391317423394475406566001107888132271683342076525954975655609836418240
371 6043704269380987980059544817353096636725701531312126218043901177212586305952452107834148907159646293633486287566329633742583277336564380160348009168078005948992675612731481987133047714
372 18910407797923465500098301274519744047835312761001400535041313779803583644822561482019250323248618940167598032830116805304220371778305482230348013740188424453617814957418575117724310315
373 59169593207179096638148808428959647363634945803875322587676611634085650350793203666512050793688460748505679191083296581929746947526277060202901758787226775529272817881588091562610695428
374 185138300438317399131412517212006852013208169112996345185757451121556611849060816093629347309903463594136057458007819879314805310897828621361926534186787718632136413170696016278961561044
375 579287239125888014258197653556508565590998981141663002314885250430824963733261705318274367694613743123866572229357020459826519993678980618886235468723240176391125449637516047331967089624
376 1812556908103933825057833706329312249994592132155595879555679731572050816690037800835293901942892970297926769184536214918005547510585501482746900761021024020091971832046164982888781909912
377 5671387738616028219939815211672630196571584440344491186324787876873782022612955996824835435310234453879187493175979151065101742066778174604769326155299275725773488409268245473688257276696
378 17745450494776892203784076083610634986845575314477187595993096941808737193880719481943476123729419713311911732836064942525002427072179773198259070190836960166981746205209221312397151565972
379 55524507893974782324871229177257620119076402038765424552952911501014234062722394668900246881161953510261678878876955216267780195107705845561579752288724891354570594886772047628097522554906
380 173733035279971860295322809271952452310524577464128634047529375611919279606630951960699762149531250458067645480207284147231931624648310473818092016652678513655057527821410768367769491357943
381 543600811469186569833022942261420680890982648956902734643845511021549440668055190068562415401866245278729962191679695400981140686854851969844122412306232298812665505088372540865616686662752
382 1700896100466759678413928930058724576347596972292365768020927701034588413226783050278252476139462879072728644423336963537133311676973338092629270200955599973673326666411526939931567594881764
383 5322007406066977030397343166929650434684266749458289165407665469588743165752060719693884509678074666006848754352791532969519183682826637216813792234011887259983721131178549375555445228533642
384 16652259254671199590052490486616941469043153060625588793486517873535909829754121889731932521169382423217048679496810016324911307480184214435486201357134351669877198224267366873973422010018616
385 52103974520717314124049381974389716364721321627381855846695539447701593965498995251422368611837230437360682939067691679869607952297269050342547150099061360817210334139098526034492185039551103
386 163030380402828019746409662106517386922560882662149182225986410699881035089711314865255823817092126509482271550673826143473485689639938209460321867686740629850172492203118335305265806001543912
387 510112811523094904690117272947854921939222259686486992288210461564729156384936285706436923996905734905006159082531494206865723377221837620475959084331307810090947577451240158826218906958138304
388 1596114048418687881131165995318777423565360260131970297517206836933588320381480196650067357873952481362773410012541380258688642392720396662663319590332111718461645143437167317445164165720540310
389 4994150309522571354533353902516151299591093003217358392050911834386311069871467237190793050677883158504545400134674107366673479970933900114136900664021950994620506265883568173771029137932264572
390 15626412999005072046376559408032409405840477495656759618273390396806152845408328056214138504008546407397604417036840750922365373679321131172284214917483731705632218965623205082853282657249220280
391 48894159783272154309752405197782866519303690909408007807449835062577582440797471257478591392725958327805095907535008726817860174235668231273888054996035520797763795365975563149267796411113409656
392 152987052183015975224879633077621304036349623495349660852950908841969168895356462124559101782514221178419471585392400575237692217328303464382043394196462930544526447502253865171176484041981102388
393 478687807284015725016376804390109587337393667334176624044504794852352044872802559717437185284579700514642418574778419530264199014321863801580244199307959691773337200581887672492392442115142019230
394 1497786992903556511556870642177955071976755955278337781588488607200360225377768090886911919882693038006051288499758687103093004268759331094686771378037932436044290366801319459638814156001640961268
395 4686490530936045834950180121447360011746211685809763641773761166107028194929608701173316684801943303766960952379965898916312901933447762248360949941938090228467544057894747068648995024033321497708
396 14663763005429868385232445036559164994062365103929633114769774658147191510760848058826453545476621273395970310566316026610868942301033051391082055460425364588091480535910411682280905844728607279947
397 45882082564768539922852281701187718341007216451163989983133842073280696334172680483515229725617160378825211895752879781005854582377008586784059092695556485662901316230543653526595505629024956809450
398 143562433442269362907014543333759511379830396408773819238811747078852384980484283540961542387663315932611315485922090317140161508412698510854113316494582783921451783569977602674325202632242502927930
399 449198709905377032099272250650356841535182227967992336806838248385506489414615835297665971446041419948779383198495275730341339648930965486842659139498797008220608441567428948456064332490747630496612
400 1405517280130226253104820423702847864921503501159535272459894603167603719138449581042894275002037898987220213621713920212360488906735332196852646199662570583655568736233821087762896019436729256597034
401 4397783834153932135484991306097519231580924960797986916117581387659198895371515807667168988804361131599936889758747558603476020471093532773858245833861077630327917177270689177969092275630720675788396
402 13760416129607238010079672956239012926389726592898586449380217683604179225830503244301496352860730441928351338025338477786643964100926141159269741944418840513173783546341417882995800488300042033601656
403 43055561437430897960066527142265308367894917056347275594133432465900313405566997380940395326791290223638194322729910743469818914299567143149771428858448931883120059209222732159107583581367379104634926
404 134718409184134090763481271624133805395079683159214272935146609863008421693945126148493694776625679431118142220622107778514642336926687626761377752300829693528373994540624588476726139265009828496743538
405 421526259725547978089201291889408026390736150790709141887682397395048331626721814033011936867266206212087603934238921376556950592786973793953715172257368731402337829345030697587394546937542313400157990
406 1318931753383086881586101789959413088251740612850959126270139644815463270424103858465949296434949207791915363762434018117684801366746424764310464821083383273822854116648409164406328695759655281814482404
407 4126862632982366762820920901744584315268757814038703769043272667760201158544305169289292638514627763657962229991258690848843578318211527364190123712860212962051994517389783173252869387074434513341636816
408 12912719060574061041702163298024269960110351527899669733468084788912382910699257065216781994656766559701667319369112576468046759687491229555448211768268068049973362453347723091045378033003231963767656683
409 40403165398508940413323656615642307648058605800889162601508082459908663503803615603101783287562306314839653957951563403132391982623587229089426600401049849638034940568341612635356022383449895243787956886
410 126419212449488369880853196380302953862951195249971759684819351428184476151579141360534581188260360545909666117520044331180162005593833635822773734089610462735398762051164216086379873593792316857086626714
411 395558543958505701835550991843699733532658850168740535790097050085169541400848698655778243526904182213880545874690706265035120405662614043332825990470900842083694875674578005600741335708877947844029900318
412 1237680243903515332806624621850619807401898893631198637109027138045637862656834605773694178668833209664763575837368926473026944339027270701767275333770665978090543094059529974834258442338956581342077562424
413 3872631269240786061008061062970790647004481962230012544958922102007955543078766436078826863249557543072303153570480239556841619240808419408743125826567819173145039194797841197911942516510024444506205925898
414 12117243546040337240688050809914255782360108171637469515172663184152062030201720202329986179394787778142790037579493553577498250955928993249173081759139941006089406780996595050114436603598868866174227919318
415 37914167641072931535039425968547813810714287582969750228774019555290974952352040667374228046279745764368780902523256803473138916037235784761045492139579815277832625657725519339943059627603045271986707444574
416 118631279667983700960062135531020001195189264568428066027226730796223433070217346576056352500720131477011892596218006279238917733109592689969924257915568146104075607215682499509528766824531671613268012396291
417 371190544096700127320105679117505505153998218955609791271825554635742877338031885033478268417939137894223277195732407459437207598884848038793600282548379732146333606469765212026208714994373527048335178373772
418 1161434154739115614145351627034826768741029992558451871633615251676242686954618911381071548399195239648185802115493846776077434702135462993012718107289458599755599115891770624382792178822610329250728011015400
419 3634061581706536508517196988073432181440837969970538864178961242770334072449408989170368275461638650466276599739048711091489220618363929704982814673362300354796347523387185646715963531178720164227388884074362
420 11370772527868246591626590020150868816624914660944897221255824987900537086284888056984474128687246298743102031376361534953936881458840561008203161174614809489357034741346150435787667291653001876399391114218257
421 35578502172714206410095196950006559308806492995926843944604254124441348858342495327551068070071431309708803134688231079839512745878660981560609105862424977699911773646681629098244806124857405841053519989846218
422 111323114920419829722204147242899619236598535065860388435036330659227916884782414377265889374918291436206335887600363736416255854638788437225489161891435306624020494540720493748650436113777317518147026521525370
423 348323711195725631119454109046686729298688798864361995666213445227934788683729645701435958724747567387529928137664462085356459863702220151192024333077035529297471586250754984784267316804461725166010756626234140
424 1089885131833550666917208929822531923590212889170712879702530374097319568591764083286367365820651238937291119818462064791177965754760712632112496815899772097560951752223708726953654905422001332674387369834883882
425 3410188748030348047039798041060260656511758775406971129617478860451300567534113717215063928786594257436008826863009653601302725889448949695857626306583857017918789777743173210942794482128963149474832594638060806
426 10670287131661554603119094954086221029697313068091002126533354071538046246036237623124398120446829757929066625888684088077651346520775454608250585213606749761570385525437823794547740890286751532179400685107159930
427 33386723106708504233889852513218255729734062273637076199585935924541790351574996913469863287323132174071349370881298524749025330431493443349095230571053539640588446135381525891911219833948866163368386267805807166
428 104465162563104239994974709823193166817991828047345136671147416861248816813870058301100681375879200810807806793951086286843037173530302601901831923840793042720685039472122948678357452564636055929115973270819919435
429 326865567323167950636938333522733137676520385715843668474749959894264538478593913426591244325156006645470341125609655694382755050100964087046098288236067903972749535581318955175920411286559667239072132412638762618
430 1022743816982594256401344554066679729576473389947593289154648876482830580120232246203210134963318113486130893252681521935372257836084511808737820355297586146847085234983060921247519053679514891934404517245337683370
431 3200107382806565584159387692111690742449995079483786459204303133589765266913775477575374900086478589445187662476244428169186385641880454868893897754213116290085965372866790340344514635507750003417739296843408562260
432 10012954457848724205467452481577998631694701488883804667205233686430477602922039833775271637220911291124340291200215038922761989734177839391575017575355595437632730441361238015661550422641175821207250132329650775746
433 31329966461007640580856578600565614863745094114671795297971550675981885632100808178734212935328303202880403413868604615143628378799200887587711671863327438491378300194291399035716628863418789071559477590764079582214
434 98029687699064249723706456824286728307098255368472003271200029008725440614250547129183555854048881794454271180492182932953754544401593772128417638969388066853928039528830148881074853854126483880357310513180873711750
435 306729331559807732825824141540535880762024988145340639439178126479611008700711728837755253772361073700860361981825722800673487170611583200535488259694229613417016745726650367381999195079206880603940041185312582458558
436 959738677613113928166827422904541462912567767748819632223971047349142842976828980536970215643633537614377826562722954813724705566377091724401022616919897791290706077751821074249986259784379252371486433795148933285752
437 3002967876017973616914106891188483676113723931887367929703699337804349203945423858946826335111371778109621862462152062977430208635090338177478540564839912236281331644396156854347661402762248711299388359105815416288082
438 9396116124884493008275324147246965452166438630195801967212196706629813726191902402103334303004023366678712886854196181131575698806218927933367483358216945553721611183463424023923276964017637840096672605720994469805608
439 29399914310567189901201161400339869394302290003483945709493236613975964515481602381826573161722384186880593190703542174167461766812343591372050113733186797548827851910307293242828155920106023613579837196000345386697016
440 91990664012713977601336713689675829051664642420748797132786772798992630539479656993998425984659586730597299304590719628838206774241904562817868546299766095683097635434743605135660588491365983317046957267626291061593670
441 287833569040656642302685700463660191256850336994733999722842810335782237010866117880616466094441261409150473814901863411731103068675995598520002121853643567034708643703976413218937114121271881841391324147148139123252846
442 900614908652382986828896698735467258508881639818634382093085036014373428067763726396657645280727441958004215168798151993867307887765474575918380576392355974758575818445616545599898530905122986158739461313097404119339798
443 2817972957047170662778528353338527753050166569061035139735814404997135035014165943150893406006876153745943822081199068768413032091078238334669047107260051188028415264669360706082162808892011104339224136531732132125865284
444 8817277518236388454390549629816433944696025377632692778702731907411339738768942123691189451759175808342406448692431304947704141075820392157304992642505827942358494974225164761698295187679056740629207737956946739055433965
445 27588761148035199325828615341082352414970306107096461964653785828765915273505164235609921957076776100054901285608790737412270232740308578216631552772579926447061970169904463058561429485765345083639071476900769954117620418
446 86323668514357695746089894294151490385953879343705169106378963038266585189755762853310096112564536227657983824338229682606674449743334044220235645437288294280473263444621909903499054357679829317322107339569623777261637132
447 270101861616479524526377541035648331421585124019637684067983500704941448197045647049484374730000172504519603398951065943606295049329525926262479747381125798723390660690060820706234647977533105335987406453571243653588397850
448 845133402046666805113160021148082115404821045604011676337896277020447314221019449206542772939270081123941679186873712967269824823017397034464113990805100975304570474947314237255051195498691816215245204954550368989723971630
449 2644374470358685308640934830006241745348296123474134072174219045010914425706214231628171314931281632030035794465060857612317845562441461307588416736648715027572983372789351565249211932774985372801228064537934718235069576068
450 8274097701676985358419861570951296781378691289199981260834243408259435036442273762570835142068964522664115139201529463475538075819604708050781625471940321506105988497360564571613466305490035254137670081725107043573094161004
451 25889182316757997609595516102586898790679857794718775035930422165687911257138449679412032372216978697726115794292990708693682329845915012236743991107331149558245273590108977446155640527408113451722247589570486777852259450944
452 81005782768855809960484811321685215952001193585158891716861453525755421724214088035623869905522060694841713681036791509969255624008320125920225787018900782969041820174656574080894746356974032332659640232249540728477134923000
453 253462498803893582388132203676199884253079400375522344734998336399507990666713787070872125191178934983629434980252142368932373764221443723418212361037610678433625626715778698332171231648641543665935327763295760324484086202174
454 793069779761615631449298129812409150034674760500812792185979921303804386337667086275055178322589301718985858341710157344890944778002377872666820538987854827611822515659584912383523220879546822558641814270871210653500585111086
455 2481470349812063453712934420982884622405310343090555992297523105934360994306037115301678597776566062705119371294222335066618225246644772460753907606069391704073204976154645667056078955122538836382606350793052720877742201477492
456 7764379950081203922607726151012737410774753459267898560546337998369489930346630117770417805326697311444362969839540893431750300020054466810855820919356061619357728256073525353008075131064523671092908492698487920955472373726979
457 24294304388440017580032851550827942032573824927807802450964944160732545348110326985143155990429811594082833210294594934666787467983183708651995468400725782247008074771266067163649857811111101978834769953749363305113415086253456
458 76015500209002927503439942286636223165996595833912837093208040664523451732763015947747676477399434975228478059191912235060177836668990545824027167286274613074546161162826265648311673664238784188970815594688422241503519845433976
459 237848187774186487275937096254921085307731479620528122116206501001231823136304504642562533600488787718293790140111833543727419191433518430113289767256328355280177018427996286681916580407660494217471931521751897893027574445251080
460 744213486353728871886055409932953970104584358433996476987373257793201591885649572473488413223022950780204916613990921102366517690038181364625840988235817033865776118809930850176943246920910942855180723085690850924341166688411739
461 2328601779369458712674246991197113087611935759705407307382770706148350606042195519319308511850043847520119376999353410604142476304605265771890342198198977563132605193108184668611070111998594897252273993280120324725738576013044076
462 7286062865441433930765430610267348240273197931959018335331617695128362974258279506876217128752580350942295959446949148500846004804729359506606573269969768604290856613082767782246603908601997051928739284979838914344891167828428884
463 22797677365659110592957079633331236460775316137714677189983345578186060990293128573147465557618625105382598378145225929381003679904362895135357712793856957507367993124109662213724604352512954829589886755061904099300976969896139800
464 71332639158775234808776643860147554237963117787509198443810508731456201470989012666846870359340310955680768081527272884163058307478670771272953162686491051960065343762370300871054300310740873376898005202375839358550074526409525648
465 223195781207991638538632943950745768284667936930997553556113460192118766012750167181023741854483370965717910877685197766727308550262641032848602803159496439824927367857359414976977439515158538952883458112145157856932638570690962734
466 698366937443072854464982809650341479678349603722321848419446826179588995961769915514586494994938583842095207974252421247679653361310857806798946876692305741463639851557390026920732797815098884391897925656135677212474215739012948578
467 2185150528715073672277071047257662643062682250028559168847653341073559865455620479951136429378059065490454858817427728200495653731158309135809435605758370367512261359067965734579909965757051142194333211838244824342715935572100865458
468 6837212040171917466305097562398597524500326231316269053390643680150969906381842182443490155698227267289332738223020473095396095291554275320739294243434025797563909509455728533691176371653476524217968301194559675092313848122298816250
469 21393248596818903043086366285443183636549803423097549442995080267310271556788101368161334999324630249005971828312701278911845237510465031927366032342630133966915094973874529138913016816877103220097529001021907701214118293360257733150
470 66938261214696232779597443880438060066297743596750894643027717115138464537194525964852287764422756806641496615831060355754807732502602576671007229078673484125254958657937578823524714988289203396797488425558165515048250994967436094612
471 209446021915211796308556765842860750245948694727201855364727210962567740868745268090593522861311620911144048391343801711804356202947994532823878736671711433410612483445094272234149863325285779939066145808301749361479961428661203967326
472 655344720643509656781087130100891885593157784641564842976167215626051499337000394790774646367663735084557160685953060173933741309470097157645248195929529773365738041884135018904694436207845522850296288945854795027683991225552240776675
473 2050536453011177335942628662432737619377619072587206009239479351592853820569169682848789285486825354601831059015719233961274411220675027254685337004149094183963494836984025700717911098950729460447764990152097553350469638455662823216550
474 6416012233987167010362670469017307194932446709917257511788554547097431972209452161992693804027565967484640832296327035289458953103577851101749581675796599606282686663106218235067202448652476408189974550161606036439178859478749352737304
475 20075338298045174385718268257901839552408880150226831119211646368925926538490980462334197927153240464033603699503815302041072848446444653687118385591037063274941474833937152294079169297419202203117824072203320545096469659147837853495990
476 62814594655239153023984543996885986347075320860411084400042985662563438006830254014011046049873232621224448523542339797134979838106918674743297051986580458915806761735026515444565474017458596222725470849393328909765301065878484191742277
477 196543303187384247115552194584635733080628861721122919373895978246023197402451981325349615568663615121797705459254873001016042465950163800942558765516825621771381507161730693908363815060443495600982262032712513276481139835988959754480862
478 614972845718842984005697175998129334442276376298994048852049960216065549606886101797080564153790844717457862910182314851270342947499016418737586242237095884962072817511047032455335114520469318822606578515196237975468390641346225772332818
479 1924215146679224419732343214110670692380806605329645723830929812954337211445234528412227977537867639614858770506221749374563933299642955449607340260046807893668493699714500809412061062893005313576166068637060043138804100055049789427337888
480 6020760032716189347393824298935360211232990532432542179663006526782237156188102929489752324867743016111027785576370253692143432516731848035691499934704184291386479207727905487233251133048672793770106146928890800207013402603713966076267362
481 18838616583032031182031190045949253299549084040776171851988921027580570441020848547397710729407491572819016525596642267422565044733911608460596902302654916918151263621068559804960763639654738547571293603865969311900424073370538456633473961
482 58944962568518739450878670315755363097955256497256772868543481564128244505906282655558044994173503027731953356923714168516495813358940999379121756085833239871693744231298828461907373154100514425936476583160097449918731672103565852842459554
483 184435443913305723887530687992011826328749392849422295857394146436270410382666431565465584710801710735832493429300887092411603277968092157048085079788882697373001710134832051868865495564820224188626572934728929780818162836649492252208502308
484 577088040932366294685985136878045941482786773016997034900734522497545957679844055906289228363339889721175030471096214576917719896870919445833644945860067588275949200478440957187614606141761953818635915976144438059086040929483711363120578437
485 1805675741717509717471375369401703964026880053128935878232468247136706912224446511035371085765355100258778158766464184888049329491446918570064938256096563872910372070415126554315979109154339792572077094266731357631955133170188405253705485054
486 5649856959363328105616363497297901845327935085685726022529466719119398601947494615126174562082501913243199411750599819893883688834285548272891213713747886533416922883593337810664018343035956062648888645295721797321104005745524941603131655390
487 17678081907942094780439562334090681135005926200227742099870569160183598828176660521948584933173910048753361911591533955199670824050907482352606522834805881692928354028261691669846147297208777319906195309697743385390291685854436810054180253128
488 55313715407606762138165956501322259182850541104028506265440762150499661226879737396509306451867832588643457241640157600533815038159995413420427474227613982666150096462313129455416925109442339183818258383215821878284648294976162412035005447098
489 173073477548440803944905455726067921758763717569842852741704111922028187832503305346889635958429298742929505779337242379653089195882487691923065482179207827730250614572940449278949811270142087522670065158138102064867876070306654008455091843316
490 541537092744113500322365509575218872081747608430401800582455234694105661050489979743673727701508977956038979827878931706719676429991987016209348511525092737395076614839433630628757638849803550309990995827229536789340652237010732534162745385584
491 1694438841651324692390664783466317257580313153586374224650037998412167171068656871343461773067954290514445079309729407816202044084558275552634804143461701059824838750443913060008256446480144694594532820020492106230205003461520728683483272918814
492 5301803009555511295877142947842050010315808411033601560536897550337735200783055746333355041934394507149241056023096070189782566477122342539492573030551952885310737947621450556060487289061558041938646014019229451516203142685718274883543677151091
493 16589040844187674683055576331530447142073213886794761079836731505503937719439584464901105688429841753845589763032806727806056368669102366729743095488425085127678785815876967860139612890984423699822413975326195101886222261955405486597615205652938
494 51906167700711804363794295576777130497499063050677579366737825745252714793406641966226557898167986378117524533490586147932278436427997274700648123587097074901602971521026854136962511984813204206495100355536796533356438502831237389062390711930070
495 162411454084664911153796959045987215053169561014483918518015018122802696923063649154575672549999290996544297523770875468781073169118403856330745113848357224972160735827846336539959538588082019422959787133278694778451828390949351094117068296324336
496 508176226185419128878027578752522569852659089787583542280600465939430526554293524380350922396447632565224321880036505358927195020547827112730820816242878010198039457258567908105653839075768587382289677633532238615567319122212823344517753174316884
497 1590054582760107746699905633947697935426874696346931108388719582282730090709165285083185314342661102728154320124229933377550253227610324774200213414247237334809039692893922247454988694323683858814924019415513208521414907250529197653826364268943954
498 4975190585231991610661543118921390490893039962388050175462255941601837854804622233754475146964298784433528737516415209449707319513927536634785379552653361574401808636721544627868533342841990112223899194301822771059266995629119891431632952126643424
499 15567089097290109354850157532458853338423888879552585094229831358335096285074210333267868106825246895058884919617713737534614323254946600524222004624840831697315829117612450968852970293468489378411054685432598021854534754413017825001238768305459648
500 48708538660266945215319821961879052171909941660502923787103968907258454205352262452712614161765925117698614193312529601667720842003941555072468933071589467320895280247314681976626957772309380693850600351164198401840093567837545963480981073259494262
501 152406254219468937249980407927372261174144558609784549386657144591402100030488775990861654353522030988006364486380787966058989207935572398507799520184559820373654230904050665577971163377040363423488332434688344252032846677944156725250023467003426292
502 476870523404901815933021214461035150651116395085096352906780121313833389221541002135113705120874437251732068245011508812379257417203040423105257409109094592570605214080161179804340683986785013455175124751992561403681333124416734847548715868551896424
503 1492100814740812608242497421275540267363968246289671391841798653173018431694378308397057706937872381891475512473675301608011933863189449961293029365962503941547539087442199839929901725146296706690913249528702835181288431113485725320153819557165213956
504 4668698802043237562656735484688935562939368042318558855593684640345589857018894252723741725173750510924834489505450718205003924902585488753496821843954689658814940233498875251849734799574116279906874780921353993501627465321750038407752064209975151012
505 14608093695053839389080351220142799599224814639136102287511460112911839044229810047025921673120240224375445401383013039365742476860524293345476311298867479534336610272081773957228058415060794792324122289584442688221083376546695591703875871392378200928
506 45707896450736904202765754971845835918196283497669359548859754319293448979827098948602096710519400258301129296272329448599815914740878837818484051684142748271701708046740153494480561144794293691003383604375991575856995190093096205898836603911280588824
507 143017414973089499631506482997350820848749136721801712793005562122815131180617231015748275199158570798684181062191457059782407031341846681551869516074544976258003011138630805342429258358765023017334203419052439840979927816609352397652948216879711274458
508 447493378034357668446670150640473208510628710952698576929182286320674635145502866933684368812214268282320252302024955019311358939676392799645100730692690101679948641436862251594771182836337508298779434803055868411559200082118606573681229674315487779257
509 1400181393449742635415249197513097088392841587870411395275853025109351708201524355838838545413630059490114371230986442284865423316932304938501907197054776601635838194282260408048224160575243241110483907936032489580009947233309843337724789632123600186518
510 4381088147436986240031962262471374011958370534613417249621799689768803388587604051161943200524948211425087115530327973497474657858198752803545310363377375181953229449632486691011255133608198107856797942301343901616693129055657168735245157460889411924484
511 13708176273020714794370993069297791656087791765091142859438085190662657651943349433102395882306417448984413567220435378846299384020617412826378811780772394903687294258833647835721137443044749013380706333322042320561468735991118934174135001701579727430234
512 42892105889752789435162582834815313877153445635969320942176399135409192103674706734448476768904587065685521560868329081470598308123911487745657328616290882713090449742853154064106711092864913650723196577442518184411788977587290929885457636143437959044154
513 134206966048326497103175145755532687379996966089260390285039713618360450078093082890123369197292872595304492194578679896200727091057151255253087806029899844177852854421466665624440985863999275790877575873940796613078679309694818540645126746364189628293512
514 419925983167912748269915928877077030452214707594491233748726122188496001121811988334207359296359355989017232853025645016933112088070007518412851548706127857086969863769876682399387318439179433131617680982388839104007595340159128070846269854680784166127850
515 1313924578818366018549963298343000427871345604410514666427333691492256842203612580035984458110193765758342919974299575382800340424948560580665391827401044151396949298552262236469139401930736514233495884887351567284518941361170369302665947252909464622552344
516 4111195467827715738508016671093370035000657387232219228029541654299375898953422740783221607952917709632551868660768118101626584334782824636167253944003723312350284758879947163121297602182003143233437247371675474074709026906365456438878821071450304064730086
517 12863697389607653459510651544592943302720418786975760374077116605628895364163796237261595372132647446371965512029375323928071279162038092279721462566291862874715712063663693714835752043580686359525383406573797252470409182062220932981105000931213699831053852
518 40249779371067637418541945825816446625093443759742092004264726393794628997815420367296589132599958826992297310435122618817640845647476639600907110504178774113274978064209920320257644600328733761839506010004801064011318655422493904056314014689597717845148998
519 125939276271255147843993120538486191609293577891964016859110245641583286327917084538696783158773571593796462656139571033767851116820810413520728637102405221020230916980667710300410768143977260533586467731721054725002955106983122695477310143626664722874446652
520 394056850883722498676493946676648332520825932211105350592309527666799968902489474923165445396845971432521097969746023052602041556258556946480285296380498647346581424368560149777163830665632885580955356075553309005513326541751229092379247778666561445427267286
521 1232981531463970948824334251185381309518816124159780104668510702371905070148769867768793537183325292378011729085898589676432551872265179749995683334533566831261117797463835186842975659671502511756275939009657142944019850703113860278936616654155597418313519726
522 3857929264576672866994454172730557460035358663432680297495663057067161744357507198883756490242001651794386970138172938668294460602441880900697808622603948135053837197021638088943153763696111224048122673718431195327728068819527956894373842103022499724318916976
523 12071241807495008163335165183286462764384798565673430191304279337333444329873023746273310661096025075185688658320442084493516324831129766489449700081201283830791171298184528584458885363264812025601431096090336684003575263050668321586221123277136869165908560522
524 37770230810855604228782491557787111887125168701100730874866605020505762897190903540170318971124809121021917975887150923811990672387771888808057311571571534055946491524421622129309979209772961415551956488038304854550924971900068730449606669580870398427980692664
525 118180909491808797427577361336562169821018713525479783765726770431309601793279987445654467496155538079378493791850251069815642635698563697021070249545091100703598877192628258796102450889339909442812059571269340432700686198431926472199448766320060548017567718940
526 369781361365070149375211112814890263049398941548690376480611845740473439536426233526804685378790439358093741601440958965569168695944605063779187309904125239046526603473633902065533118320829531693911373326163063187289550157084202698089570164964957159251632188982
527 1157024901915161008970560189532572160831110018276448588965298843719311109031388637561541119206780952821704259195063656663756795082482645217735396401379414638467036674174792689432549847926443816426993703868999903033195586547804948492098059913505585727467159358948
528 3620265279758481842422136815670411335755055816778565959137530825935238302861055643912118687251085854119755168733223971776106667074073984631250768656083238979471665821022101112855158676107573395464119585172042551180049045995241919646195881557494715199299725014511
529 11327604681740705829078307249647875246388797048248749664259486654496927995644499561311076680056647262228206314549844896628069396018592380237232100524199995334275423930006099536141689058538538387979859201663133246673513306290048693213390811444990124231469027452386
530 35443432431104659240321572473443116258909849727049155761327923768669657806649034632238767331500664767993407997928168761864548263819323155901974458697290771353845770934234006719293548283646937149103799307471634228518315087050898686447761839765008426453687316534328
531 110900489361466347261961879475842622982645972083500246569021319287417207159539443680283769421496008930128062789534190867194265746742505479666225428488257025546509512171649442978959564644989792870242787312743163278630115559009279775139983019051866790565243928716842
532 347001339797421878280469332755812598004587717386237584459521402782659613457534625474904299643078317536203370729963045600905369051008646309285241831633929709329540053313924806793876941689806081434897185362527820202055778247079620507265177820665135235243699288762662
533 1085747506746743518378802754890093104085404791911323895539850281894668629353044620301503049600880199233327344949514626053584084768124467737702057709498289425797909149298077691960822375786622511485634121606174388851266169506345303040807695709077781029830382932756383
534 3397242353862313145626443224789325989562077603660984118833709091595001845714271873661892552326138086674307087906638354787613906046365576563776247939609100258705389566692003138995090494081602437923833571203632003666663283316143495679273915725462037720033662817193734
535 10629778598762198601870718176597930924106237454058334324663219978067140216061763021325407662772959307951259664721335485129115163488590806194419637464473821835114320399564596698984294600258022754284590717875204157725726381326117768261821920434601905461582281067059674
536 33259974205326392089552920385905201042036956615983689635741218395579073071962519306111929541082107777036327088674739876660863919658354407074711876046717892163237617755663734347458720982342580922240561860479844880328603397522223690656364608124417027409117249802751001
537 104068572441178896374437053781702962792217628683148081145887568013930575261398287284693849209437046764272309078840171124437224404052664323442094989666472997866786664956417736357077166170600547477877555352095838177723241113526886393148729298941911342430898402894639292
538 325624659330327895127040673933729529814600875574687295803790421268606850776648984776187594105556345295629102173844213680171426271130512802210572606629906829106278193608747221031696797182478747914644774989442633282800445420186339776977630219434453338186643944594728070
539 1018861086270042101927755910774638420025655083610032224682967931782675440658319730719108557592106386544853121227951790755712438427735964105981164374431979452807838071379062991904733957871498856335327918133306716325276420531549673937724913403911226865551908747475171862
540 3187958538675348112108704479017661787595886433680714067055707206102823391621047896897959380846761801657923773754480987694856234759690333573471822494047683649712933354932378489941783339792650496688031956936553511191556538437678843561683881954486249371469853982776550694
541 9974941413769341720362703208321620892268255168386841772325900601488715396650705340047332288192260818677325055877989751631875948641971001444189045112281715819488180615222530881604380724409419405710737238202007117557789411657876843256097246803468899455387990519818765398
542 31211025802573473241086743304186362993588500831751680619457294740950983829449679845904140834948188463071567004708111033711570037561446312928549317413859129967175746485719184447778980651802443963223815651294667258776880288997660473281810517481553705254608623974882380628
543 97657529126359301654227634061484403331210280953092864114018868945441276973899886297874173679146115323112720998728552411496680244729696023450541824336112352655374100653528319018310066451230880349071653690928589056313903064200764789442050661805611623842812881904751028164
544 305564868498469932856376591072502194485292798535066100572433745122442210881100385285704226875779998433800943845820130369252942757264084534571651810036196686775401649898856518194579748281426643335434141364057853699476634641283060398275165126753876264249210480879968828830
545 956095138754490794774339395551383165883512973167986575834802683277626821391198341816897298962180618695681091508036351977414383675733269109623090832017767618028988900119608073003358606438416325771936779847127786689415815955702953619423478564930296519689692612087871933932
546 2991567449628281808616586030440557143294282068734072071203681362106167744523921896404661213870066631988212389478683684702385554915492532822053664869429367402171408161401785704959018442302081041711710110473921775620527402349755102075367948853418679228167105265778638616892
547 9360444837460404438800031137972591255146158106923326056267471649272590792159361898918527819098635275506579770378884135310766302281505614317780509829785108323374947960865848287987067272426433229514927060989869728364433818425136704364071586196555328407360618680156991393156
548 29288300875858951969702300720919509383784490153797500413049560492318223056902855380963435861958482724728833140685112777485448678584549662709096796211589431772327270539168377214250675873672607487042783206201356654400054717148109461730125427408957836740309480109103181630914
549 91641431907372088821725152826639149153189780502452299504253950258879394541273933149576820337904744369138445495049696177505772050634757011318529766006617859240205088585474490657483485361495855409960859329617803476455990123898810197997482999145000415399225332152277095656462
550 286740841595073191517325186650394441020101126745774401129062608935829537380811018185633473400816319604038221248592520281044674325894204694419546294031669032420733791146252529460197406027031423429763679026124237453832374158935052952647120542763875704730122108153312951579022
551 897195826465874425248786957964046954348665972638012530062447624019529283888630819631587249330464053339186425899911746541109402122328865231805455090074182769193832309689203568436162499553863680552174464863786712436767698734510532483180945106929560520547885910273982998429176
552 2807274842851037936246046150632546938793256751119809222026175706871915324520108256112757493082316779741499189338761371785624691047908397614694615943246583950297532637516854436751393814727647994349780770487341980168030065976941464756962083067026396887968867364850932848535177
553 8783803725823586509284874120069248516471531207935574215617595153957011984933362781715865419459857686510051831662967051589030260532615993976576895162080571583820190754900916876362032785512405865015326951414322025739349294450288266981053920066814018934669503037437040608396434
554 27484023550552793875573998374081198046106561392831424812703495330185920993235110479885326690576378618544921456417674777287615227776647666339891094277758463961612061088821121619560295004022987766399501430344208008076303033956627523185306296807721746654308069535330471484314036
555 85995950513627340596490337007135840988422486832184909013450727004270607385742243513593247181689694646261867354802717325984070286318768085728429945868918324980516753170126301267942507453807648904625133786821667280909906232428612298161777573531791327555995660161215130052630098
556 269076450583724618115700850976785974824990435609858121835736750930088409322773646867267044063253972550361289312079182635144828143313648318118107726783854942749745780121350282543673154482587834920821919786979630238091787427775134586062116903104929445944415445080143550069830047
557 841924949097020543345974061036608936649279662105715880868805224094909556456056767217726616256238835287272453354837422815843659687795178577807039918834000382914974630015971257400232589552705371214877496945200012022838151884549741125211253693777313226651684048062237581117407534
558 2634335403095641427801510795216140527767567281702876549513663746762648672071864433788093333116018581989811084406795122815535464637903365611949475595259134346642241497939304084695941180465774139118256247577485556224309559154892899032671470266258774045393242833124534239566674890
559 8242686029729908538767460308192032149739286735975295376605066636371003476587817121968386219476707326657852654451250806837924946839233127967679149770213210283154013086965115603222126565520065171922666568387164349824960756773474009092465582485625156328697072202706537405169707408
560 25790896977228197111331040627303879636173508838987162316839153691563801848763249876396251257953451064102840335308274967605198328926692185797748703825832006522611435560381334490061826030505961536706427533963865587296070656862361588354871758112827975220674971922950500294334166005
561 80698253517220825663064582202570034373319488439354160165132153425246665947723598592556503829596044861159363760860241276663169142316218538430882887768814244170006947570811649886372141857123924782712528100050658527694929340581979694618137892049919843192007804721086411188604825924
562 252500257221744922123605301789897090474916616726099554678081458258252279600315179784070024622606418493163886620493140960965647871093101238075881939392111825771406057112350034512075830671990182258424568570909944831280145416716328747411355180329092919724949747446587063239376118692
563 790058980439296381213476764280231337514501376725871648292819760743762796130050628027440145027650611706236149336874088207894559198427624954512763101816457907413883001544615686967982872779134810766235182317788901671368845978546061547361146746044091160668250182066904434163989617106
564 2472049729535982322385385099625786374322246075362164561156799480650693599554250177421687632667910019216740173693638041082496229538922703850893520435174906663412701898331528325936600927349976839143763143852570520902019105103213747848317661903549674206589830716208798619168436419016
565 7734903363671669543194771792152106653180720589729838764667557821620660275970598589846020264335072916677852423387760383328217985188324396458534414740811261905797169241937329842839170467466547641487175530909257514692308564679820424189504241572190541071811236144742778024270122180448
566 24202073821779264074373798898822281511440621625275108387230018290015398138218207386435409774470889823046680194182873119333175599970114066387904387983690322019104920636990047137236557795437720942587612340067082877918284524309828521264176513432421662584934485315021821828363670675564
567 75726915998186296962227792611146003854517484739605440138634317561965914699851706489283868312948682009911452638409898443776258041016301258027843247407067370708184663151907798228540235769655236027652854835521973228358298667286823687134877825202989098623177337110157181525540346459918
568 236945224150001191918441301360448518519839943460668319425492337004576298952335038435396623093257901152610229456588332202069275664872774324047797331322822224050608185489905889568808836722637817471548950356765554999976612228055258748665241488618245467322703451413986424055416181369102
569 741388164399022482669218341277298093704769395389883009694734618090615467444477068102290496736283762443971191893251637492446977140221833895529772271689102455337327675452550602803890191046505714691383815751968641380444152591724574971589562943701398640088098754918196980280152087131172
570 2319761507254457244287977917269502195121358648190658894321741819176010118721553550584168089183331721207568328526823024489518290111140913914811071121378808818546007598494863934297232662571834705037417016224519419576228661583269523702274272858709967409241354357488849867789968586630104
571 7258402155504610458977851447398360634138607699376425832164684773189141220624472257740516521393233163998402558995920569536034783061122211908316691953976687936730259488459876596383555008001394300019786918280980960683795098822905456184818462532082906739912807421837205518459769579925718
572 22711128573466308543045063941264237682935777438957984094446808482411147696205374990951880837966145537445969493250701613119151908229554373407836281635149263215627476372175089103093582169744258089860782793252892725214801039088439908961120629059135317560859280647807970379050253924718031
573 71061832897940229762090103577696907399629066894671048351529702413457879563235950879858026726478685877134651286192653480569450550407036876737047100988731127901947784472866746699080298337880544996460058256517733332498009589615204986148746598512506389021180149241614533341747391375214124
574 222348443780750962605147097097893522158924128664149135366295711469272014677690406404415513664943522511750592265428310145870069761348497874941613295364546961368995324332076684376103716487327345487119581732402632221364282928540046583908537694975842057484750689859659575665672009328149638
575 695715666702917056983281625027767596277367481755065768689758879669884026948361675169399242358593808753601893631147254085271474038774320496967780831010695659641178905414408950150335829034320455026115454770746278448907473096755511769800044725347384394857460892175083556231328224221344652
576 2176854852976428764400329648493975734468118901005713403911298655541078442039521456697411983494275095111623186435122804670459245329516563219985016554026011662486757418485299758705099659165959805631445142617504872502151642347060671225251055253730296104733666337302506741146043439876986985
577 6811255341401614683272315354202323794824874131820189213610687008163035039353792728352379409854807285399314883555879027336061652256171586658497924553875272814803074878689185276009189238933360836970371888897554793591023033778002673654497157454456593315712268894262709418536435588563469136
578 21312031558897132178738253744727792647282185272117257652156522518813683639782540901543708779005150854523232259709220148768933163387089875047025435054489158617768039626964531970948498019374015373139039251763378812013290136670211383791705973089222125817955829637681549550821199167283786426
579 66684137710503429668567386592703230050044848938097635241217480908728103294380830017893672012478125477543587429441229875126608899739993085446838431241220198876067989678403164608827564853084374448363133043419843530831214582258187351804270362814020239023996709706878153912830709691730641538
580 208650883887087296360461918227704554416732438389365921181766225457696983056521770879029080944889032136229213391205716239063734269687330051881087126305189243325842688724932049523698536409300835119303547592766408876341173054910100894029491132397633883012863821314994666282294200010104818185
581 652856778861902414521085711473471252356153978105304009927326330183736207716866352411615421502160011036849585337589863522774534220167202518231725132942650059154598702700922776156064489575664557942091574910376888284249986135361240285329208637288814130220880747582107769749702130234937426438
582 2042751824318135084826901481396601796784203385393754880150047371895461175844411652542648427712340074090583312362901330342138231110632264669928759870161104699486209274115095232627861608572048784928353551425241192464049241689364044812124584163236369995815679202761286404206388621416894531536
583 6391654572430718513510679026852606344270704135951341968521223346423920910248702967237091516872564588717342884641899726865117980381613823119898344545817582175992260847721624707038652087329610075043792223962599304042100570232784692070186062036879441522307922502994820832203471982255952322686
584 19999124556851742117978826833028640213050719241397906630866709654361999256884471782455234619518863557617826634906894297472025013891613346265742728919570047833529219259470069576640778753260629654116857555563514916196663798935438278195702602179268787036265227364206216027218302477762156197223
585 62576126182670951527160901837810160355006163669196803009887426875314790189345723311455509487908402828629844283962690186678700958671900577945929926935992316469186079265537300311821529736902682170910187827286828810539092883115387178217919842416887762454675090681836239042133623808229760755558
586 195797148865098968570428434364859351211048935321323297821026162656112929718322575079797595729395953059201443579084188182099098891694546077095852042282716002355928811788866991276117082611797889632226725245203345082840670268587487443256240201791645726208019564580250961798300699797534242820096
587 612638171173947851067906367354900586929875349782505373622281539165225567780501014226880155033008665852924012193412498789846210631927976458498869613629807845679683961962357090981959889393245565435012288550154109299269408528795124195278803276555530961396885934684840795605291688572043050522534
588 1916910082474962773687376507458065435248160280954978626012295446277611372165755579618403049139825219683201761736195218198780497851054273604241027971747624293945423122735780769149505384320618928331567066188322284016806103096655955938867569652510945698692596447709902603669430807127197637639686
589 5997902901239312857887666318500785897734944257078223283410476760386964714029096842981374058631594724356374696668660984543622277871329039457995929217214287026088817977870104466537248958593664069652354298489962927189870289632668407580586036902700632269513823280023961488404933576977283876366652
590 18767097915332104497883600751627211450505250998193903525257205714272915388455086034759567785747268380125581817612516190483253879023939669061791062902160393419475682248241286506577883224828239904402345641427514502671922770729305521490991733304486916653141625689730821271014337562864290227177900
591 58721184714558934129718506204872383400770773372122619579902642616782670787867260877876012527235465252369510370137676571554650312336282371595942051392990432978705677861380818884294319528609785313568212164673645729814385317454192220002304526728365156246350854064763994455620629716569885003543280
592 183735255703243369874312837039503427129018096858068394445198806901323027750133379174836015058051560508134427118297147229640654773281355412464549079031800376766689633653236612651564524158330665160493415323477047015233734295896008965734564341786002780481251213571703770454933447904790140904530085
593 574897191744946776089290676683255653761094362053336815730633543032571339465042011414203328239812317119443329782023664424573812071104305873748800584203657676242286750436030679408434947795681231122396021257213086637332299077362704343159483542826279869152109280464322215857925034684563095188004254
594 1798820698897538033727129768311597715246545414006040231902659318745809023612909056829976846702581272497956668346166224434916475337997382278606327257187302648207712481467529476167145556831725453203871502083835801611692675529346404411629108119972342491221852287731637872975999443919405905797483408
595 5628407919268060670438318973717495480777947992207418192606418833403316711344888729805570781396030445731152694862001110241630737223493847245977243309682540579230332725474883766130437134154505052348634388865685454702387124269158847915849199364747718642952614620884762658202923892626609910899200932
596 17610969078293819811854147373639099432418374530285133020740751465948516699447206734327182738721744200530007204740572502879980014430730118607314204596490382767687298550003408824223910611736944927852356886424548732876603341017303188350840716349134108040840109037533265742563891469262519664934255052
597 55103723170966196693208073419139856007662565174649703946802443854233672646511411597270761934818350824642202241621980583441707541390582198514850180774981043452419292773815753241015900493613827191463744473905954007572639602989663724990635134160105245750710582216406947052748524734789322344265838564
598 172416423752908571084704915593255422267917901616397877424937924006156971961890179184690438790315545428882200686877495447745074535546469955947422876012279944646663223876754360770865180893783921653978826775173070248072023219735312623670028064761626855883853622065875802988338648694380014586055402550
599 539481208692731786455739185257675289706905975094122135679198377235295206859172834824476313600985922618029681605902369023663036255905882596591477983198359887204780588514072887383723197917660155008715269450507276994634078491738106233115168992976709401254176602878009506419368710570296432221055671748
600 1688006097085406811248569025076607793742965500996424988145447898859023565838032434839180660245106753761487412798237724573180688491183894518772705479359875790126710408753321429028721717035943170298473494886403649430601865483379619514644081591061266512301291253391022241517468210329757736056250164553
601 5281675316740084610303198552902735071375190619445580318873768772227614444084585347344193594506667350746312655819328699248157553845862208298333347194483048638081255450045677585265028892650360408767233314975809070968297318385208312251204903240177048662386256584840681924188346135652927270391635063096
602 16526062435217634641897144689181456677117138319145873523122880519520379168697760240308272146072308419384088328333019193554811999897374400767480544892528856322338707314621268331403374429689802312642105262102865677303535546769039250514902197439431422473844413480118274060816584563703917352435978944360
603 51709111831826638301044628947558981827363962969289254229759054001253160174569843530941802847005074776326377774461899981302192487718814356160112252589744131613506508583316348079153422421236268609507580693244302121279327302118193184239876458458861239406023407260173926721820755308549713340902848829614
604 161794877449955698842310402816698887939860883327913210641921160812606997100567286224631316129350590965775723945275823351788347385860826811160711268481099047254439090527799797849473062096450618124538548572721135090391383499152147500376565956684653648267275845605086159569763188215309832784974422182788
605 506246992873972419857925330007383173921143271415368416778290949304394004804580718056743963295926333596628382207432646022391729445057968413030969263206091700459439704628909566110293924185154526450355391610284712102903112902843576493419200657555245438160175032152967957019368795892259294544451035169110
606 1584018121174515935754483021276497032607999306414021707715714741555892822044541033624865703167672901494317410622599101721443777783227479124783307826043034079265271905824987351415210546854822038792148600945847863557373352159053459110424784571893152637032808971582712957593748084863695265572495164125270
607 4956302839380765079637032528573492174009963021417054957138415317056025889577157628889345743552794788592486411757398373621982533114080852675310695129231593788927705071468500919922403494492634885980487893863159838638951996354788829304501486829268607583437817172553305249206341760029602556977357903420212
608 15507990412028526631427623570683298094642031856764086294344826543521042831025391897391487707897261084045640703591674152010806269362476600958561875302018946667528142667068770355358915543006647196985343726801397069276001235011502838796095123041503016032312161682984479867992233811766129135424598526861835
609 48523622226767772031994833031191398905243822321022772887751557862546450476422684395746927814954017999772096753568864975919590439782355840685799314290690872295874824742163540666274956013208260014093223742136671544505293733468937729699746109251184102690717489521609660199927941068581900257595771580106318
610 151827661189409060321885658146349712336200609971756280612165810923474203897924828390060230820524908897659153764559084610408340039076040000946570211958348071268889913820953551662625628075310691978360470567867813833413829160574216306869878787603982948859430678062198153609394524440470524623770025461862448
611 475060138637582763660556433879573537920771279650126194799658456478531153002156554629935178459581635510632132063295076932578263029907670627360327829118481863844593321778885845315030470865511971091937898397852978493108285479647850594000767715675785547325801650830762470113117592270164781476527133127704496
612 1486436223507486343121343590207426984944295895002729052798620272311926974502362709537688737317231418500344312115496232527190194753956551288997597166659121834007111832353979295820097699187995095180126976314132674222676645302352671915648119160207479727483742920457751988160582472285444002794929257342284838
613 4650974617427944765067782214564863559620885300149408788328391330101551737440216687897164338165178563447256969205108191124507414509676792822537100396755972311796970486666829175863437384410014644418610243419126947144246691689427568226765654852240618127345124949792675527290018154588418062089681033812613868
614 14552635726890351272732071502628765558010361254372718323692852667851804055645373027778740626215771516662638036675703700232654187572103726367876593844401055234734620906639106212295268393890360882221867602627031973850673431566923960620160807676463654208656721076356891263163598764153961735341698543801251056
615 45534371614498808303046382435301505934542794191523566795991291235520069996013187127134567139472322354273104859783707724769884189744576971938815134938918959575610298869776338961904904751008242991434128319732486998411169552646205234443854311826181671200229895376115934487977857840054431777418373252665419010
616 142474465604611155267467933500500274954053220504707527706178699607970427823881856831529985180876028594501446326408266967886148356023802469638863060125031337165893723432647644243735755229373804040234811894686375419153030917201712786346900000872654782620247913900798941970299995722458573293952459817811431154
617 445794520262052717847444101266500533487866964659721692749034146040793557063004412849803879540857682108383325991733675199637085338377087980504379662928250685359731191502331472272772266925391842895870270879472149348558378335602737957157067655262849267057347353553337804406088749940210743800848318345105569590
618 1394865763856859053832070954287055227521044124576583688661662893086947631754339599515751420718702973510271443273790251058750118032499297254093323962830908338671736420507288962609507924589563969314473666414029772368025546642688151402878953070971380788522163992496464819578401708556841512675141031938345914176
619 4364455843997950826545026557111570739962739421110693999335454087312771367052830142626003013358839331838543906482761200684776189490969971552235629938125514937032249440192486307290467609367506997438868636321381739254747432786051392972724461182000421868121505557549885235795949613079638180561420241883850661270
620 13656134739115023063561115871469890071293818209390769940641079397578019950070262065124348650489343464306709585614072088197015020921907029739174584668546397868670833304778891597704607348127032485954223990301440186893452430796451306259708390868404438247845106960814911510058887240224329599460836724983735436903
621 42729270882492103571576956888097057712223527782363356820563223880902085709912455418702147294874996453683132577553979354234536463568376116493603300387449712161813496372242864896594993625601795432020884096495265890558176186435007302357879861674300558512345871284991884792310398018422625302118774536807479546346
622 133697464548281594073789115520267937997328608160357934753886327976452826549409193727086134384288621010470734939901699622404008207462183552709708225666306252353629018393012235147544733585615287931794392170088991416487214556571182190642452374156850133256004740350793619205101749890302032792758047943087997520616
623 418331781878429458096463243193128992856618980107605692415164330472868166020912799041668018718421515959880762855229244612587892406577740102172361223051603779030449919739092249523709330885754559973774547616528556030286637369647133031373010351311151053681413400204101012976305447715728745713601194413333523068470
624 1308936413423040977467918358058723579324622150686563101352303106159994327615087805411673736962499304037572369686960127206170654280431462881155416562058919164434507330108920454574294406234532505990183953295366014602696676939628755955264686385311706486363227483127391868993306699079289206347176509603605170549651
625 4095587781285708945635674504347577695400950196899780757547840140869886025414636412749563358923631991328065973105269496947868719394541025983719314927951937845406605609996496480591079015726813395353876797554567462730385467943549666224347756945548602567817912308617424437359525900395565519917720023510110526013574
626 12814861823845971975677050838944094033592006132748512035081121024532014783019102563406908042843775527139994207472597723696923127901218583836527037211027245167266964682851237817491030005801230827892632835534278344824676167443942954036914401456326393915311602015710648014587935069630622167992136939565848930983872
627 40096975656254124037941464347081685046117996848994278765844406596613678297091523934165455321158911012557569889684182984738537438081379668333861780451088454272606456689929836167654124894028766886835495970524808023175951600254025875034650220193579928693368416928723232437658212135536131579451868232706726250215018
628 125461162116199527427067688079378145950533699336562088843930568826103108795559598034142907724223495334417969773787098526071585649013628015617592055197542610431210210784728541641868438537623679220037105721784852111395490412890176611441225788242067106628521901038865828964800370315518139043976644456605051375556577
629 392560858816098145789386740036860096868598789070042616103817681452197190535859573106726337050521720656523464904166503361507712460898043891035291197562976734170530979119300941195717431169840241704050132473491460135839348869951251245253925882553607330137390218928857606617745663396376793260517972634465575173435130
630 1228300657152406937001996686262562278336205137911137986085166345620605781120223662089579690115309456906856926116329372223909919786601559352407569633587057225624123841563978168491668435723691774934999598622154779509099376083748983411631017186792451114282399124602752000782868984288932839032359857839527309345861392
631 3843283074403048456657353825066134886322680449765770282434470547390607378004341142810495855809639028192584736810383686026753791266258851937595891686848071388099868411373286883028108043148714124696869601157202844345511853500875392599081952118798647632531965442464593743292575871772899544473764400304982630087347664
632 12025414709324047424230657898853574636235658098227572606142880654269117329773995416830891956226069614011649334406372479240399524155889907647857797803703766800898711323421389906204305556385932470550482811308437500487746483739460865138931988164807290473726290899825192391959795981287812985004828820375031893445494424
633 37626840420462280016863254216234144058627888401856914165845323035807705828405616457821947469973430907777811023940818787417109234737547609789720354488063224657788771033100680894552302935973035238326632678169574304794278417639091555217502110098944271353665530736750304861142928148062151510365712107789294216968711286
634 117732249094843521307110757169653556735365229662930442742275538328830404457815093678161670792609163379162510041264275396605608600601272607626162521909941485313893257542355075165429015226607532348589180864601719099431008458083184239352189533340729794946713525740515408346022623025106325702432985527157591311289573948
635 368377528435590860915267435801973378906364630865206673661072227916300554507097191687975391032774731618294655142036672985646712662836700783222113352636720315318979895766242053588305538131097208017116786426036879074435944643910040110234244376985700729865549801290279559269566299023237771791134146094174796340146468950
636 1152632388318640195480259257137637416875905042675346095820707606676227537559405369162651423280552552774330460621393100869072347902137015710685027619983635331557380022654016385584894329044583941820265950662174630126850519110420145665424593103568890254262009723503224933438750721612717864215968494532033546602677894325
637 3606521353903446633432616484764870978031041861538329740134162656983681646360990764732734574208460022061448303409689527865012766782403045661250138708238243227231260792164144609850673796459955953952715925633409532152237930932689547951376592413944764125139034643788963567874943563094728653803828240044689763926148773824
638 11284600717436913095692773514818707403526158391890497768058434281745949017018633983831739054813049138510973808174915457694493676893932562366352636254338040384161496240131479694485742101993085613456600941493506402688425138045401491053322705098139122013866966485107310649317361109019661091565476313635887341205661712458
639 35308875466424559689720722887898158818793139401914636621171465316395290465142912707912563997233270559460375469907472570371161855520058049181902972972034747975125083899789620674825179411669523142705735333590937719996169136949556293185551848558877160452046926967432604580326429095854511938335321501209460969588263324046
640 110479468252435133199226559359828794942308728403823354609363655336391558558800595585467557637402252838561818208695410631690259071227850454177140251513147243143303596844190453119280261113306884583500615622289893071317512063720075046515732781028797333990014156815846786890835205671740342135772389183800392415524887337088
641 345683988631904027387465990290211881238417079087225901243020725461612220085184937809156023766011463228327073158974089278706005589727976400841104449799036646050699538042120571412158224226017153410484815082086646456019980995823137929575483973376319022793554502253267445755050734720464328530963484360018632877029087531794
642 1081625589683524300071495637169473162057880296369719054449391944408394199250080338986690015943280791807348229358464092642697085310458826491727765474525870786900881214168209855892093580457610029800415313742167835094578181312795315765779447608998227274732447109843227028058707755680840079212974818936334279179340707288768
643 3384345109208964472517818286132259365108676803620326130418389466462847089557650338398621341018313334146760435730948649595485062137232126373503665366525613892204002604382863075441020435966647396143807524008002124781197913225430572066377578202234091816397117466858900039294878303746231527060931442596879937661550188650242
644 10589423851906030614028013503328731320285790255118314137069676249026021092995732883897429362475900253619491170562161796997963872253620535176997259995130616350995619391680635782096850991958584806877157842772979693542890994560221684930173689103656174179133041375823480897627993137852014525783200451516150047728291534734361
645 33133706491749091623167906020388334649856050530329349380395709884236055496806984449792932704530621351110196182585070315812060095501478428697283294380220453948788505573378629427298406987440475380049247260912454335652737243833916780827734502604487050594726573334398629517570878509309358329887254795369823132690517696134057
646 103673487928596894832990946946082445726660528022778930124660785016825367931870136728961837200742420671639611697151344754364226345349606556039953461712401688173393348507167425108635324991118390981355878526121233079291776024429304661816800601724968145490657661410421896455635258584164264792951548388059882809397141412000780
647 324388462303709533754651332068849431554671497733946611506209476932057325648002189285879129949339617064608407189830517664406074233770951123085931242822056482882345780884471699104035879739195443195062450970112403944105945158911013052831895238175489753919042415964107757733178544109826497561635884536951731676563467480320560
648 1014993095903543246867947058334395140189557997752581638451308753367802705653855197035513449229912949364163860980805609826598125709345079997266389483518066852974663461375874098872131189361189026203237792600343241009215059971696847140773264079091035327399308928661693470817454796177498942050173329918818571360493612080367155
649 3175855816250707615490293357037829172570129018291037700648861023983229289344136746644961040675440664097279880201375573866086971732806045959521266200259343685806779843280598475973147354958765519930391758264231267236063962059730597857442555285752004631805309948603675684075683158494898184260937097579225037886949743772502534
650 9937072681893341765288408745631785573241286724982385664651312357145103705488637195844779854244478397821429495202309733675975791134623400040816853651455308712054468511013029980739891429378543438642594039490257858765516151173570387011155846156145860017472328802195376506646269569850800684091667025669008834669402935987862532
651 31092536688836819703493378110565739141526426435196416385404987359204559265688983670640838887881604248472815509418640484663602789718625010631085492591858276823206204436865820833086934359343709503057591674976801428606667718683140969458497051117815072842737682913939057092076404739692532511495548032908706634380167701885112864
652 97286783411396622064915176593650608674443085553414703941898970506600149195654393815020112864031364947513618126027744885653393841592624922068673083882535816217985348351010407959581021496758303642924574603265189827570840903798923112729600447269975728559257385681775438796396094231514388748767888913410869098128590523701415704
653 304404826188855891023036697080350382242340075904646584007330815624066825417289714635934560179449461600468712618453123731359751012513320278691160982127330751498352727367408402602602294293176166840724743520699683632304989673673993636277090196514150516263393281849249186100418150042444072502254468318698564984107187819289760288
654 952465432177220865615869032439957814015320724756142058324834346397194797768778657875834394271373651520194713370355327635692962221397808342684422188559370445556750124565580745195147877040072262013200377034414134072553409866827481636990051439013365495983954870149188267256420620730849056996206291964239798129765939216305111158
655 2980210303662235132742955731718427685577099873068987917015321420399035517185577581304249797661725957393763078199956633988213872928178340271106273692619522315157334918474275085030172426047692327205349732612251505512860036730516480558614961318629817737337915513484480803680668473193443196363044861608203292127696517103611282976
656 9324908972026591407933719128623582743511044726590418243394617866141178216039964344548680633126646657069799277285389444668353369798849121218207061532417568045215149574592401207803718053746672671599238846709890150053265179973794618761178389138044386149139288794994901534084067545439725423674676209731604978798248448854110365761
657 29177111168875760246260309205585444621615607257888892871784218545425517103282946785402087968662154323848960320328053934587381295493655175919169030190972156234468892963060491926562547271951089804983585278787923341721017186558149192003344186478876935348027886970778465307286622799512964944725038977668265360009630953472618603524
658 91293525622043681754296051375725340897272401649472420306344758450773619193142310942300383460289926544751988020528768555650841522925237693868678918886942955332245179435234862838434361784032352105358917740966298425374895123092912624239760661802493758566044018142432493731122391546880693666300204642681454941711259229804013738898
659 285652262565097798848173422598748812976392270783160685151278570531968897841416552185659600619034302860938920192415719681378355099143027323736899302223667340515048563964652868910575252905478226445453630999602952017801784883813247423362035383390358135585971189088696295877291100807263421518494884980961275674979064213101701002702
660 893789724436462743673486067425301770617795100626911006983914053323741119906060171093617148182099384592590603213920811201487110182550928439923800946521387787525219532624380131114611942217391259135537303166454579592653594812630055664092349000402366005930756936204534540160717867239366127377355890475026829104037507603625164056549
661 2796617342830093542003885798639898856478507448036536736914087131952991937029157321861864604802986195138914039726393181495782150690164999752022052754139196732342805474399167347655040147154347865016371861402568349745340515508285739764349250128707180280704963272718223430752485931178462333035425997313498161673868352777133040216120
662 8750457012860895767648629258858462631613162175859190626514294413978280491325726852755809118779887179404261022680893626932970927857125863426060673915802019127628337535759533342207976096098425517383699190439668989613317375013205782570059426268024709284591972302447088281204342093376875253618139873253138236774973767356093500318246
663 27379683577460534977339579138505985624750755205057604211401681678033251005148416938445141496478695865147355947708759477914737012319612721022964254245486566321523402503621483822595500720869549658770741145234836132679536201470085839924228192430607553156967816092738375515995229909818429891512150573762335454992686786907773586657436
664 85669476657056415348958264083141191206877394643869553291274187266532478399550175709627713196460891194612075742177002331824931348428726750540270420980414322403056934134815994014166526034535147909772273737783233633662323220731451192771722107217380896883221632095833317209397711168753774371467171966334375639001378667957483811099095
665 268054932407463934887837523896242765388390482736359840389499172186805875800231492724526869080250076064660092990505391639844622774605161657570777504284524836514003922012600333693573269837050220498074341637042486628389173725269331305299029301791918763129261019689002144305419319071510681835672866791823690204064594883139339242180536
666 838728676674501909379329446206369870439019586594122408319095458557862672648592256941852997090116431831157499502486790390211881258055116923520112554264927467937495344625286402992569884427792916359358012949035059865822771082585402370996570959246997240341301102979114289881927956613000627560681528319726501469177343735623377333046730
667 2624334448010975312452350952971584692564661600565929488771035623880345917510884155919772221887381387469163559462342034635422430641627136303080307289915854490223881988906085470861223406927255448976779691741792231123356601198168078826284959261582588479458215259482001066687413810776186116396579201380861660402743727098036874380089112
668 8211393608626861611452302330336676627948010091929647356595447554115560765229658274284582269720859580154813058462173776867813240271937782976263624777331515383651017878814927056830981249325604209392288979988158664343033412230628751539756292884048459449848130089571693114954443114406708721945656798446938956474290311225437793302980466
669 25692984766824233672332451136830351858589781193847132488231575951460816259397249442067142087100144504947724132041458537151549330373279340064747984899437178309456789098615058511504352294535237891456330608129748267516534350199254402608418457758604282638991814961104179814765817508982410482220638308010347447753651369025329902688076438
670 80391891765452869801173499725483476641831074523995216725848345446149245218315318335735141928673587497766446988261344723408155871910768535390479175229965365617418484514250710043878744222884624420824272042997746314789622956049279406447381777928327659646042147541082202631302606495693330966721240600486400680045106149678930459749399058
671 251541668680447612187061270574602755923689262213567129760610439270257525610213098805133081306060418312465414196893399910487829490169290126529656282205546929981187065958985160520835075563730871820560792713978274188832798509845371949918572505714943907106486215558517298690676900026969490695466338263772255121669965732462350123220993506
672 787059611274563015573295604140622604722772789915378331057768272568695014093398663945442948605056033544691026259211078820317350656255280638998938572392438060166178148510017200748956469724882160062101142080815166898070298652344820183300876271886934911892752476603004394443735869203200532090439778475233589361993186095029584797539856927
673 2462664873574551508097815873512065825945429731190878304670106934116087321109268253815922256258213320494085143422566054462270055376822363786640780917989250177962767035209736217493440468319956802337237337925471625885989990432741803764191802702512304096605830211932268232437432557838896659657900861409433735502528212524530744641279031692
674 7705538681773756811018679197846590399224951844130328996456290095732318760767333680802236102735038367198772765727065921026085672500919769013389355664395911794258818136743994046785617277092030884059058794377704001414065847221030553277912101256609095258600214914029152370642808912150817701369773038848562398744260457019284470567293800702
675 24110193397987001643580329397578249618992863143317583048849952155073237611098108470957639728147662408802314757601103236443953657218902778315713094050974782670093275279977925368254204742023636913389619685225830610519498844537767057382421750073580405265660503414953800866218002931421236267600685592960600083605309761186479736338480431714
676 75439427364541475836511797532032114303846803223576768946768588530439988115399779930629175367318200778945778564350608763702358449578994705754079560694237325190119476262941247305422370330028220729380870826745588059100991990858459588495908396414631269107791744825468215778874420123453790477580171065222158576449407464489377527730846653745
677 236045688524634100430406208195131486788770474574174061898956723078615122438719919528229994898731248758099969575329325181728094927529230388609786046935538370726867075554105383274499714966383593460331205292573215760188501147008261220091803150019003709547462835438938616386818699477396908360503197572905368011918808496783567170358506758832
678 738573568458146957881609138504022421577090951482405720913010820757449224832741188068271788465865933316965820908719997017512128129056401977631963424845075183663313455406662080840149314736479483171665944986811294978264332034059002114221220514071003887889021550572164629724111416439504101287862309941430821095043351421760940110649430031628
679 2310954796228242899558043617737433937297154616040864043990867880409981672959050538430217549188921014299440854469904972967205387836398943814382609311516293848013487543737239293413898876150297067224222953814938652417929897536958333229195810696667018824304090921631735629360761634190913263544277486228735084115787077430946038399014391305108
680 7230846456310672298467037617576785775553191642190858306547564004128331492596611358216398112841401970364780143155089188939193007617514889889451614337971744154796661799313704628131928787802956106789490620454399891209062268386004652097643539898399624123996770390525976304173836768395769137215877769685854664112367656118247463609453089986090
681 22624908353930706928399769249973520336840722541056143313208826666810208813619968063961492409989958106657878583585097735768303099092844945326238507378074764179981316143020719887104514467967361131021019954310928829546205718252379078827289277831578204093327681475008142572850452172614317345108186651846970573963802015328741306012340409703180
682 70792054722309589610953262259096091943081412529787053098574436205914086444997450794100360176955747459448002545559145350041495469499880899446438827806068750347085577732715476847620433771609360400373770107396506860787409958781573281593899386165048863197084460967216405949033360852341515792696377432857731257796682547843543373848067458026244
683 221504323173791194114353409025683210067256344132567367528448439068454011246978830405558694909750688079472245850625368134743019487033499439186123366733971857420578953750631364470004325337365356459286427352990580542036055588995000378811351342501669867432627532176709252236074076439051164246605601276663666324650588544414434742642557754584578
684 693074461210929138663323436389249177034624946935977088224793957452251555961059892430899881485642357510417073881305453368864228231627483404407682807812076570817779664839023015874868507625300375619498082820444918918219398245432481634975471327331124384278137634299291661200729338089197681000110378342185646497098771982225317850239440722216026
685 2168590670828296913160241022972735700234869167132809813189027085307539652175645701917114579401316392081976595094102742271517810418501642750210827130656158905754027380709310488933863569097555885256452888476644761389789542281373971166801627366658188152633924637037628556351498436383226013665123935287562694489381027408331018431158413959304312
686 6785397184289387389291744468088969799388833112912175271977269275183178885687802608239711388072512843550296488909311204273173170482520605291896494683645302198542431839262329082532696972421701100818308725585886222151399439852698250670396946325228698025921413405505979814601706927150268024928007611847735807995353058291562677570994056789211324
687 21231122852233184738097105009721277415773476277295579023755284696932664105529778065543301512750027906451494815426746949357051336873017676256153739596465502886852356739515809009931625126426621042770941961577383662236325038566670091959284190597270742905382083935676394146517203356900192035055672960008983687509730828118518090081808853471296744
688 66430978957324640817813259286988199825542759714986448976774755971108700707568853151354859803779195980263067252545704062280152873863320050360211330691515640271298789651221575453317550521163707563362136878256523874270492802583755884686431960614295826358458603870599298853292042545591900575169056895631427418175827119794940065457472621777138959
689 207858764510155062379980469562907015680649871807520071262981588609717885181830761812458688223283749939321153978701075420660738405099249678488351357311154727759190322505300589246939085008373021692789239974952302322514748023658971546921571775624895513895664152737892975357599978872881028981525371382173298114390035718570730925121951619057284850
690 650378282268626877975962857609165183957178377947218331519330859479646302967825033514651894832769283303920584639799162322819272090640294509147321686667109755189832021563234206781995291294216153171455379578520231589544882987006512864273242433266417880090320210753570683065847109680315126652800440177335594682916217766957977689092975830204672940
691 2034996749083554665005334233799677137708047929435159450278258458826913982770114030235169754607135587607486314366891805473649256168426951278720976127321933003630109241116700779070257776988837565677310849591473989916399523966893183719834630044295724820163956391066279557801601399634957044056192982766157365693030988150466722875955334436684391728
692 6367389381969221434996459872539465157958975461132196937388686614083400257759694142055599563605523779101112998353872791188729687173749992067510191051053308345918960996263995420616058922120592324766911141328164582571064437685195044432915120520026198574222077475537957474331626218542494859861020233445170891401267301311683730826015351672639094669
693 19923200152468502736381394210874212995801742682339127368127808965670703994724591555582209276539509909293724974394384566091207491145913628939783473376823952013171091166051579432137532254225554618741713427782373710640887364592737538304025456038854814744233132356717029692733074342309299132398425489083512106102514689805044926757131200583803883196
694 62338563028567688464319829290007360751300826701813948895423814395353559530982038367187735495012041520504571066475408497553447690747013777542939818465376185746672176340748376027158493303314353169197705743448338351100335370617666333223896128147990499925758170242890290051496727481148636646306462603202385643449462248544446661562162509205967523506
695 195053827232931522235633792617817206204420093547219902013925534043673955289290679507525186507871882206215792254967588361808891626744182700808760632697162422256571769990421360547631472578469802730983941129769703917679876817484059772080985220995386306568256526489218634247493276675427619028281550545625232555745390804507421149253884739682117543604
696 610312359955732142415760331978404262210538405344341604965264363545510959882823518677329417641751963764772931158455855160932328389283088054556421776280788991218971234392022073028291085165374471808520394683926711022246400199197397367881053640348556352301620688454854427062334972668401871105261131584860493785182940305991770448765699748927743415994
697 1909632751117062138465392582577306092841848404343623046661823355318974643219820712002002532373985080256526138147700285088391805844621241032134299925717837570564864287425655010070777155849255038114312488254835636985182287568110177344265379341402300142404595534019931684934532830908457720506674958955406349891292335213261284706332805440143787547620
698 5975132544265408133896258249056095332680338260766237169052646872929941190251701678466987952545664553965068569054650678835368734603877290868719825373929391359410165382859158341717855139546137908839889769883327435671390534444785122555074128611399273031153280008805482319767172550442079554036786433147696194310612149863249891800047420313124180642642
699 18695850760129235562231704783486114181464972298862937945855536567080874623685593859053597266588718486633280589699014116766079582403396998131131464789544099956236794925110956649160614565189142149812262838431095534138300501843631775201243565232148958980576711222615343939616654135309575496989176816964440071854621628365978540332038342040266210002610
700 58498256407799445477769657631855099052383962641918402259472120018356339043603589180800068448765736404411245288213403466539939585031874028054985266861306314884257152021208712055233772054904694573737690387918546634962488326040797115780137375253621113204276128113558114605852433044074110204081799592157685858825322590053405565425922983249506390859108
