1 1
2 4
3 18
4 83
5 385
6 1788
7 8305
8 38575
9 179170
10 832189
11 3865253
12 17952864
13 83385309
14 387298083
15 1798875698
16 8355202169
17 38807241321
18 180247221864
19 837190686169
20 3888482927823
21 18060759310562
22 83886449530197
23 389625723579965
24 1809686848417168
25 8405416509061477
26 39040470870746411
27 181330498514437426
28 842222159675139073
29 3911852512727628129
30 18169303556719470392
31 84390602831299642945
32 391967354389670388663
33 1820562974462536810018
34 8455932635371600106173
35 39275102117822326813717
36 182420285600771513638624
37 847283872078501274333741
38 3935362547646959310958899
39 18278500148280269093132466
40 84897786068134882325521737
41 394323058281613268628851609
42 1831504465473048182479585544
43 8506752361035153070250980329
44 39511143486776308041159722847
45 183516622252144421662393467874
46 852376005116324381439228510309
47 3959013876682085962734579757613
48 18388353005810276380973702902320
49 85408017450463772122333881634613
50 396692919834301022768146374267643
51 1842511714288816713670952028131506
52 8557877510668820868172152741982673
53 39748603452369211482919488807576337
54 184619547831109374185371663540039384
55 857498741615076445274027913645347025
56 3982807349003467725601214352088715207
57 18498866073434635609534015245016736290
58 85921315297485914538291855947337247821
59 399077024134555663209564881139739620997
60 1853585116110912174113297764408783057792
61 8609309919855151471232591425028205337213
62 39987490540294786838174334137385979323523
63 185729101936786549155910498318143537216818
64 862652265500003305559206463162451516568473
65 4006743818885035565326886922525098014721481
66 18610043318982481902901280751470479801181352
67 86437698038498370928339678902455312508141305
68 401475456780566680802811558846997027255709423
69 1864725068515542691449624119866714730166499554
70 8661051435208450735188412801577653922320324725
71 40227813327485770223645212283441345611618590493
72 186845324406284825560957737644553071538319488720
73 867836761801732187988301283603177117580064992773
74 4030824145734863384391733693074308041333846851531
75 18721888734129401962056506116557501784956040760882
76 86957184213557341966064102166679172990076287206561
77 403888303884964337723654870015043413904283819084225
78 1875931971468329211358532355717901050225887713810040
79 8713103914441082704838741189263419697156375139119201
80 40469580442421827879514688196328300020220771310733015
81 187968255316132083431837195731022567752962831866513442
82 873052416662914990214839770746088468878981771989636829
83 4055049194126023960275464250304082062172250552491874805
84 18834406334540750027694675313346993417268177607621513248
85 87479792474143824445566415255474726665921878127119561677
86 406315652077911430381259090676360815920931379971696733907
87 1887206227338665747232846061046216034837872519120554218418
88 8765469226430168380073829050458874916717682120267774578409
89 40712800565439350601411262635863974670008902136769945425145
90 189097934983714099880485003224191887489269309825170697173064
91 878299417344911493651321206685607858812270517162622227031817
92 4079419833827630326366908373142482471192046249538300431067519
93 18947600160015825164703210432054666059337482317632181146939362
94 88005541583833268646904906233938085103009941531403243300669829
95 408757588510213633663559049338909545943978242051662108051088653
96 1898548240914165934229447851905433410919709185130637804056171376
97 8818149251284685338119509963407481298077671599921625294441866709
98 40957482429043110021195528350002954033821244330206900202272385947
99 190234403968722092827782429346099936379048114879670226412621970866
100 883577952234512741031671340802925098372597925493956859595119103089
101 4103936939836063709996244067694391093422617085124210825235588226417
102 19061474274632915044797414280183704830837385224584325065634244181528
103 88534450418969260308291875630595900712335557490655762874503009416433
104 411214200856448538193575841767121202922943869515248308801441535613159
105 1909958419415196406375218163838549977321773457303808073247422892240930
106 8871145880412970621103365131642865800715824701885817476926981888516717
107 41203634818219787926164894458008931127632485548422388948537784957783653
108 191377703074608964396175544449556519851493524548448679554585076004951232
109 888888210850704821131368398181531092353747059813900259173879300684156445
110 4128601392406389148788738923743286468081706805647921234539073002525532195
111 19176032766895211434922808945422648412232906136342387290161855298918636594
112 89066537969341251392727389502212012684402638030015840214754660914430199609
113 413685577318113492940719862666059461927900260374511258558221478938956130601
114 1921437172509497518531233586740399979784233175983500917548280167669235620840
115 8924461016590629312546705169655301683446489415043333689148304846024684370969
116 41451266570753389873542643407618082640840591945202904801063197210033428432655
117 192527873350054296251122232789879537475066312459942982306880776190727546153186
118 894230383851473303490205849753193904869432919730429448790730357729566625915797
119 4153414077083959913277184945740793569951681316755689752177997776035793197003773
120 19291279749877602630331755614477593435828123201503269444433171149253394846787600
121 89601823338866363982118699038665017615169201865083327856011768981222663533315749
122 416171806626792366206309508040347956530196758764136830838649674973163310443177579
123 1932984912326891938153386655033084813932555556484395868682370443996710909243006770
124 8978096574028851240952206459864765251915366803704819019545398680839573174579321153
125 41700386577542554424770276385949403712355974575547788496621448205688958179261304353
126 193684956090438149490134498257654029937857215627987557247406359678929038456841668024
127 899604663040648567442143186074817444195661396837871048733854936998949122794801917569
128 4178375884736211870489052176113984226797214986849327343847825567861776795068126139895
129 19407219361374348102727308243629904304990766956181747768875485494424011437354352122402
130 90140325746275291778174642280160401568652473401353714284950402729396614876629160877821
131 418672978047341338681773724182924262395268170453930810340282053482884025155889206117333
132 1944602053474081634942440697722455690970708278548036209678678342706548743478452620353888
133 9032054478443138263310318275993518632733014934036326580638834759973467003214191567485293
134 41951003782919769392181886818831628267327273674866416013481944593999182379085090647214195
135 194848992839323721994299929672764364030678268026165167022174979598438924996283891944494770
136 905011241374792271224953280429029655684882051193159954366990568381404676591066075631824009
137 4203487711584648930043972108893600102803163580892564016254201020310171600970194457481507417
138 19523855764047640665542047639767795579490806533648787545203315660009331296312170957307359112
139 90682064525802323836483629007702535548781983159817449814744152080650257177490761726321167913
140 421189181381093842961328598265014348024755268887827230869373990050769400046896922062803933087
141 1956289013049533799650345542934858229628422839311866515913468707866405426782079872655562925026
142 9086336667122444596088899217896310847405979598172188533149453973891319696047182397121086305957
143 42203127184972506559108121191755757355822348998709692434235336211322360810277226132500683111405
144 196020025389948916475181956742456814074713426070072406806100390917231885091054216647360681186480
145 910450312970125208419456422797466244912106395810378998297310967996612891210683241034915625066613
146 4228750459237020721157732935412090083276881762552464246877926148217716701001755767359485178544187
147 19641193145577061490284800376558626025116278755035627433472973690317723450563395952271098569585330
148 91227059127879515308187274790042959914186125478031001994258684803525412182845670667278817554316049
149 423720506969084764578346935143564549415735859364657741796846775196731421650191738482952462010911697
150 1968046210658456226502526511629155447110340408363452512493538408538031394277978898694034621209038168
151 9140945088998732676100478571685061334459445384073855709171401682863329953420689605348106320725404945
152 42456765835866286403337600152471968103110678722482622715763762851409164940467327597909261154360823303
153 197198095786726872769925550881402404746073893429323444432459808617627716288281733825813887199164057122
154 915922073109496800454089786881273550332452203637001667789016683266632106537547816263969809352293670029
155 4254165034719693655850771391092033148990392707334485412640434095985629423513004070880604530779080370757
156 19759235718809933339944812816696755999865387880908645406118892349906647412604789567794944543556663809536
157 91775329119835030112554708399730791756014984220523577267531850416964415015363388748104823223893210432957
158 426267045695294020326199926518215498683093869757923501384003659963287518765736401931677589190102059874243
159 1979874068427862696907934861815791691654135386833075488446019619629570451439452647332568658794111160845106
160 9195881704716947048560602446337654764259146467421941382993170477354086271450019614561630295239270124261081
161 42711928842169684423157953769140984761629173972261796190458911185093134389063890128428585747804679956717705
162 198383246326755518259244793346718867315210479858162243235993350966417948671460029579161237806083155570332456
163 921426718249396475405450309167944233564577291268285615029027276892996615454010926235508215555925728475917625
164 4279732350510216540602428183466998897942078247509664222273880146583766146796834961174624014299967336235756335
165 19877987721912577417692275291014623952883889396717035400518822113771400244612175202695516504437959079253254370
166 92326894186595680613550374157017386597955560512360144577889598957807972061123561126795263025113229157326459573
167 428828888989909630320066421532265695310489989321759622831163252137679269484966978011800350329986957976398638301
168 1991773011021728905360027983227846083132962376063786505866218439356797719752690633538869949999216382909607524688
169 9251148486705408794659451593663613160968154597593797819236265143058290455086274981481246692946940600088828461893
170 42968625365181290734909360840691915225957560066520236097548869613230839579546369292227830477888414344246234876171
171 199575519561336190606752802156430364929825554478916626845770498322150719799259982665703705136240862521712152098866
172 926964446027007184829322384136198096014746221711463723832888397834923433172074446408698866770607624411853080871393
173 4305453324570081905677244966139383853953130635224344683172218472502696489699432493166059712016112420342998280652417
174 19997453418522479261557233069088031548326553988977510168640587379659916315492566736921914106501519621575526964475128
175 92881774131393689524176165160853350967182990773082894283882614496789292734477569246050203746734770405644817607360673
176 431406128832610400956102931120950488989537547463693147178907073471303255070589793181209742229243546713638149358129431
177 2003743465656239471682648211514161408128743230815100816881936962692455750121446954452702568538135783097153689694663714
178 9306747419246633026067846561497130946612391298430568727349311753928821029646251928799849540041129039216077008351619869
179 43226864621258634681113176161683616508574086581508436155201307268219276421181895887033810404091104020574632950797283765
180 200774958297501387343824504085222326357365876404185281505329653556442212553945286093003235009025921371757690145240306336
181 932535455267301311869613407686612256539964435792362786159419824022148193198471981498676200073332116160800065360444326669
182 4331328880377684228376571369192237456326510740510354067643967721095623711340541606294429750356816617420064661126255902227
183 20117637097901369148407043972948558889822548109150598196178210256409423040500744553734182380826475817526479413748823564722
184 93439988876477699413962365079836503209198109742534841792459430353731450542955000237112445441861984015089000574914400878121
185 433998857755868336628471470787073406946878821312304931101020116705709595001183794561189692245711204419657818126207770174393
186 2015785862115126587045106846462740420894148782143666848231662389463361290932197921170619019283323763681872384224802903647944
187 9362680498548571988988428367859696570261952799152751054840613092093799960858544632162523225445987576833392100854565674920265
188 43486655882149086258789399548713311583260127419839567984297962887982535992817167395057287359012092186135803891171770877006271
189 201981605599551697151870353581870383064463235728703270797272353679880546177878703169872020390628622032095938133088655861211106
190 938139945990179225414624350925491115729692224070248688636975764357402132365248796532643401283136384045876292586483620569302981
191 4357359946961476233537972998665536552961900872618688477827588155359005586250773019206415371043011548611578107085241395209598669
192 20238543075089222503376819165348648573725419297864939964516559761889651772800329476429149009808569883633342719520945715924350448
193 94001558463828055347486587976879735218741219510256709884632485249774750019638987644307333217150945649877454694137140767716278037
194 436607168848270898773057947973430098370917709977599137054714049868733028688845862915571262300409053779932755990867137777954771163
195 2027900632765100844460772237770729543384118507443268753572286462142237957122115949758882163635900758750232651893326108834196090802
196 9418949732816286335643764582178615579906860678900929712212014319676104523550604647899963769697879928844010596874339486971274689969
197 43748008475322746248551919288011366508626178816299492139822251758071419009115905842301376217188238284654622354027534090198488804913
198 203195504790601968023556101929517998258693412542861847981613012672395487771496948245167783626003418397552679725777852113548902030488
199 943778119417650736601233864108722919911013932962262297668577386124316536603233676345738467928283828853298308143043764274306314467633
200 4383547458933324461716639387393082895940531234483825121892871027070436396237233256360201922992428985793761522912720934372050813546279
201 20360175691059185843938892659057339562310219280673385479095076793084751837515332672793888461704970832869670207079201057993465649439778
202 94566503055876386335221163014519492491537381420960871049780762035575964102012639243841643345064050466506669373667917197633564310592173
203 439231155757863231519306462679604416250312103776885812743820891437385705715555015171481495707351454638471991536486928444691792237955621
204 2040088212571374807793225767384264741193419898303475570106761359475919052265399656245647587236692376761826417922692144254796764495296320
205 9475557142324047136465930201682076022890635314673075364617275394415009328900678123583102322988508290031976388807035709862932764180693341
206 44010931784307336996472198736546095702240034799693281526271677478020822751806076207115429297225943577771797865271785543779822204584373091
207 204416699454136767816141943282439120197535559282583975019457134030635057098156604375341187762683218132328212198564982163899213558218650162
208 949450177981059715507927869884026828000147975932198967800627362225372959098093221858227461530256958562060224193646635888276540360750041721
209 4409892356522065302637439953478576038409692638219387763884931017170733180270876101952144878123199293411808836649285467105318362785890184169
210 20482539312873433821027492401208982515436800303643580952928389396615592719098874720847238166001434886743617468282698253741066005984498502248
211 95134842936229511432352722225516779148338006469409847467961981907282077166955352730384375986185656542207753219077513098373290302165980238425
212 441870912695510473948470198157918388065784271768831859590912866642228420704914672317481529603452421284781213363973075789255804584500782897999
213 2052349039113279876623706042278843260609644436039492034054398333632746402594430115731941911307521364225380258709332271849137881497620941840610
214 9532504759487871221717301957351713605864821983368441376472684109359844935228475847858482777837621768524096334487885652159890481894527220590037
215 44275435249025105872532931688965183175489542919815192093574815130900931365586975448208181141927727544502127605395455762776252379033294168705469
216 205645233435575193043745716403656601182148990471773863382240970097671542585673113927981447935473318620385881049791053428268057594411413165877904
217 955156325328352127427217510358008276531107806306424976155832238408321646894177014916284724659013947220963711305856641059685751289397098290193381
218 4436395585607262698703722972233470524892983553243329647304495840678811098430901426136599095315546520389702608878691579173758253124975204120815531
219 20605638333839962953064624471638821724816994209597891090740911856158409842517565977427890363712522059970244570461824343197521076298711694394562866
220 95706598510397696476488656333209404813056953357142654255021777508172198001791667223526328657604742489694443428768764176864111641171452363761516161
221 444526534438280279677763270902779839964645368695046442126253882357117525750333973089655147378807847957703023251552835286099218524987872363829064417
222 2064683552599977007683229162759657893381161162211962841181294195773810582457359994643749464549287410896816438673736772977088772596423392353607738424
223 9589794628938492456830438931970283738808673887600366900996494851143551402780059852621136841769132233604579713592734545202577641609238505994302367425
224 44541528366131753501755748804277813147725961884683230484371134681500153109014495434428713669716058288171085638048554592223153409478701260273983584311
225 206881150843845082090971300600122022683451293538707379205203943898658774300033621957184401095748947393390821529868595117127253814345066422800373569058
226 960896766331387749666912300739426109465045966821649401467205216550997322545932791589641399452526621521763801673028828027061381248091886851276636584765
227 4463058097753168730589655807553234035370097222819981451644503602287131620205677290323137444936572352952767628776210136498601747961725880053282830803861
228 20729477173670327682363932251652763425084144002676135273521154570470543585124921970299610505291217748244010023706685033125240510831379893013839308547040
229 96281790306527287611369180669571318565061301203212267299531179441273749710059909689878531945196851969752947365526614547431220157169451546071363978088621
230 447198116332845665215415878889566793564106116682252628254453872262568502920760289535306878698052803347582649934915440110322309176499297240149911870377907
231 2077092195886261856922571814423961579783047146715130312719194311601551946825381065901077065761849580602824798772076521713905503804682557752153478801355954
232 9647428807594771571406560217595770400948395234163398424174729327069269499738132950306736135699646704902240595858487705971210227888318795817811458458371017
233 44809220689357398936783908363215417567970092296263196651819055602407848719224459871406462818083616716015282391590520331526060697208012389256041375538571545
234 208124496052966689367996962100223389974163767263504994919144943336444820000387780825797826862712300047710931682824236479975102337601769362201975633083981320
235 966671707093295831398008384526873082285453029041317131576675785171301297756527054823565978629371850913594607050133615066271218570782047317759099176567437417
236 4489880850242888304227124147582170141211846361357960156757687330195266372483416565843041257099779929525268480198408459127540386122954815816612801844349278175
237 20854060278638324417222161838501643983377732640011121942694837426299580239114493136710096420507581211845228221782183542167955763422118764428928997194830930914
238 96860438976137747900846608872011580090796328538310532886942394656598722169081531587595202733824223308128631517031662504220427305389035679839723596886782311653
239 449885754298908309261513382910327644099211333003526112257987397785906573204403421884718446283910062996337949323937068842502427637323689884832598034765031986605
240 2089575414488464909683355135125995067065480693704041157389093653568167893878942140789706370138531790228095180803572887846075915353183643368567843852086664607536
241 9705409364737547177557833733090818609109825346985531727353853675473777866707936830629136623776118783301868783140580577927868209714123654346690510487139397681589
242 45078521829849594013834659986357047672728049083704827102224747420476130734235181139809767612003370393494966361742923866912673990169937044124098136486725899115899
243 209375313703645877266901305959757987173124998346155236609348095902283668664823703744617223983751546347828746260760774296102185503163140856277723561525605706052786
244 972481354955874960644670188956320486423377642417371138895275304297397423988030055419505542427701133571929158592466069806437066916367673677060558573519023901463633
245 4516864806112749165826205277614778411222079358564657103912941650205908026882438176993354288077619298850076334808520500309002060355724007740361104058693273327355025
246 20979392121739629257044068226496148331436440043820917633641044059757074101512443193666460669596729078206752811841706489906529059628579830855269506297388207834754008
247 97442565294863123495480708254124607864055575072887282000353123816792121263666059201457439918477560905419911423784318074800842930932997170420242329930843929190193489
248 452589544832642425863764783232657469879089343241350873526477159834167170946848974551632622520506239042608498443448315018298169211083947121872682651089755487950175303
249 2102133656600447169843892547034714313412823168463001310809334066518031545161643607825159536823147433712168016043742094054123512851033016930717601123383812867871541794
250 9763738382083930629119024593306706867439283587744678804557384537830454658256104291232134142841033079329051241155526330909183761403212617973170217686233531607980940493
251 45349441456518399207509255457513987480771066206461468762644414250786859987632520764011276366554422185660419641106951607694060669008032582590749051050681020994657906181
252 210633648704876883120728864393492551283056829802696768240305287109224090465821027691209520832137987127381734516277343262543674574902626319547461173365389853761668184192
253 978325918507037404098984190645763661778941137475399069191714801749607936913762179602991075414522457403952862659018811058766523915544020809022757524514443393745190830333
254 4544010934186878478940268602793468926845681269781860827235364253259550072900474896292862252463725524869653583830284678413420137102347904099003457492985378804045266598659
255 21105477202852395132087355874179252422662560266906882636033021392662614515107361174595224442445557754738684378125307734540024773225373256206021468263762424005256751425842
256 98028190163197965973136383460610322424867363076332584853607951899541781846251334311006853527571421059650059214641086746468289520252724995606237983335940697814137366133273
257 455309585010159335076023775506585137424357188487406429840796598121274769082540869511032697315015906939836147699843415838274372913031613637937375855803498273883586078722889
258 2114767373109691982244386465094367356820158839549026510494532297574987264581791402487506305266211001301049800722162291152406254085984907276542744974908912328045793772388776
259 9822417953862047389189585296932709430627816936736414068795383783658431443431807134529997158159093313976501908347331884164879776388559877086263665595748790865964797541804921
260 45621989296383533373964038020446821105126490801738952973839516694547849791592267735860711404747926408200927307612365389062684281691926031396951257087788777140365849806542703
261 211899546235554718710575474382933028431076689453114740167800357453782662884185213687988014435199349974842792056593179309142866673825989663146783844907269285457709346168776930
262 984205607588298187039902906453860884243530297437462880181653558388790932803751503790051811755730917654450408879220499365529156310500518190176671738217300979382765763569655029
263 4571320209111987205003100387809499612290724393315665240690974661200523547160911811676065614363685951362252834678261154662143910677907902270125497423412996334400867747775302301
264 21232320048898814123860791598554742432969690799450308738205650910498113632936280733869944469263797376959940593268668653196431640883724623987255685301963176909126481070096284624
265 98617334607247737634963114264132444856581568078516912359937820646860333319731256195825300386805574747605115806742304196804156477130622840974631480301731757239586325712954058885
266 458045972490992855510502707132902736721885179495046099569437722186774509615948758939648377127335055011070210463727607433965864802584017761308998083944296362243703172030040425035
267 2127477017613493566147600179706525799022751330652474593207546946680817323390175965747157048326783515225499868021773461701947048002871457831825083201860367468013763045147292451378
268 9881450186886227589498575624662159979474628280317991364173105142985259744655337894505183550561657044156717617004841039933721795076046753087530410754160110785505810374629869653793
269 45896175134923609846406327879251046946532319322537197008488127274620217438035102783828076396183153011781016907774623743356791276566577251730127511533775498522319612104368781841217
270 213173051746097260211817808416948701409339810561161145058103118085967769600396188997821422344993694550662647592649712086510694350400979514768630076783062131400311973967806011052920
271 990120633302309182242132952375585847757159302877019418751692129568202523308090013808542484673537876112601489781482739417869897712196076946100406828680233811931059438073852025069793
272 4598793611392363536226365284751953965485071519508777032863039434320068313242519991737389299090555319659092743609669474154150726605673483941836871096411263738965544905229914110905175
273 21359925214007650766862194040792046657752763166126723842833333282164282650820361447061230863535465487632894280219358580025139776932042027937778854646798876934613522157118644997275682
274 99210019779483726699090303490690886127716325816920837370014535388499180177469877996932337158616430629886743897239334866177696581071697714752039466407481923792252541764644539767754589
275 460798805521605643922202988847307964302564756148132183124395425135422864867433467056487166905912440514345306094357411785622826438017680325599319051750740236161585334486120830468610421
276 2140263046435242840963416186390590789104198546039204080423186269850473401646644429922427315316547029648900229311364776090992825828300765298912835103233082885700018430223193418050409760
277 9940837200632648481212453096544456755757705724185665108359642049513479804722933994797858947298060856179414276364861710925579723360728405951243535004653178613852818036574991237943927373
278 46172008816427471421786610534225214902719573880637482869519998019115434699973555289164464526713206151703876526655385335420024198975222300599327000275234611296900834924455343456102759763
279 214454210960077086818534139370709858456623698698144510115947711338366693725148322456890384191471297347055061774769428043246315594544059119167052759794980305482896223628972210619015139250
280 996071208020438478376710737242704601440380090588502536430624053075500056220318089527228385335374915959731379881891874499337706157081206455292727994826877811887690854890189534947108552041
281 4626432127425076637251472548028867285662232878401642621985528820221860762505588119653072630231033486011083792815064686865510922913526442831968193019196440467677487790226091458667702796921
282 21488297279677752167204836424685559335671486810381135515721026168916960674526517787708114315118647055768221475935241949328809387900119562495443760799025005551437593984450987675639454274888
283 99806266959502499496294750942109266933581933761935330868309653627612801983865863208825359097797900637136664700220232604956908147806717126967112990772300130288166932719861675695029098806153
284 463568182938916607716161687079655860825085776401431975520788275293436732630831556239048297119682477763161148882770346013080268808766567591738118519221086488901479303433649425598673596934655
285 2153125918640811128958845466460968414424425698251872597270731633943816587845818673596383409457129039645011448250251688346679147773052793230884861976459560903143205962941401888994396031217634
286 10000581127315431493030354169762974260909341158543083536776528342730332689209526080579893365991772778853815406326079162407622002599671106068278735471467753258062004935182085471777027537884677
287 46449500244347636852916515493260570513231547929017690086387450603521854904811623643279101492000960912948897176456545183267413968940063672139894901816966245694010816196933144650108722131097741
288 215743069875863126635177135536355700623393485871779606648283025558009951787154050078900834186445605706466472137693763363013442688897716123217013134315836363556898750243711621456406310043490416
289 1002057545390395300030711098106810293471988838214154365588168141219701242463930866648283686750110217786177772836681544406000578956513790598921475847352051761650484278571788520683212265916573781
290 4654236749535391959500779371368127702810303348139036406479819105633537207684210599783906191015004713890961613018665180630688193424127519099891551732585216555737690348933235841406736997085849115
291 21617440854942540808752149648565395969743740303049008779022603257951700109820290185562105548234054301255187171277820730400409426485310389801152017652044274132888502691142650046229245178858193330
292 100406097554789916934791672422167503185145340005933572611505689793506909589912294068068993553571529794652654013793525681937898375070857454052254683245590948595020589587096946349236445328970071793
293 466354204173849517024710133041290031130507811906859949486867840975072235293636530328718077284607829349588405454456298995854846857515214720751879118873709138471669527057012955216375875416659332849
294 2166066096055032323189199127543770380798482059605095217435767313878165749069430370072182867896135451701404284488619136048533967004690205002395580022978553945783828670980390412754036316434414631704
295 10060684111963196628733574588194166500804738781899724887278100955890386880348220056541510795012293569709196886307781680752202924782871597407914874412643479758039525735610248634865273797556315426161
296 46728659381655871536052951444858715860187692137488568733927398640980261958291486300003241068175229349752701252319398935229151574244138949123675862412029066498613561517922600737719730332755470955879
297 217039674768272168776676761476841970256576045769960789878260415517118317283620574005047439666458927900364215278211909459319052973863513498145289711511876349816676043718214851127897164374567023802402
298 1008079860343900753109006309181584609860042746302161194044676201218232352832898035960560685993265178549453550961431758592679361665690123712483599353307234273923583606308651853828068321638842369188589
299 4682208476012399399769308630344345481285078072916724327460065791303110190965437212545257475380617893499548676863845913168394952892480836807917358098791251075318353239531775422241281870334967353595365
300 21747360576535495952662740104928520711660375881913605530954419281173973398850008787779981324280116753658081325825788827196665195183541106476340260488839417331391419108856257165727617094119979971828160
301 101009533101489742665174878108885315883003891596959512820390320862425468203161116962967034070612518589806243560608418686195677489391711076960001582247638247380203825623730808506981544232124573850338461
302 469156969254902943763083599083206727522573049950402638726836100892311260441066280553160934660465760908985227355239271664311685693949371275181794071659853348558674696133684766909168469461384266116179619
303 2179084043278284112421400561955534502332994361565647411077402596263781250052938656806264397997337516444997141103295655175267854541603804316940105821090487895131350624436791878586212818412600267769948210
304 10121148312496076952776140446486050175944229045810065491234943232308329099870620102506869013452872675688918305059391663798386512273434832197864753117554025373795938739339236751022659834023212193439030713
305 47009496251200895160255262054594699344740399336627149456265949241927409116410478750672321198668153587947705087504074008580948978833904659862729833700805091970690352367785748887615573804948275386525007529
306 218344072190230300972384846999233174694192615276614863641127736434336775496202543929073273326442173974309998603078904439111673366310819101085904515445018486189681419815190713702058230037539403336434776296
307 1014138369104404671026294125625850564132499417295120462646631442025856838458681907456228899040943272900849012852386694289862706252986113842730611089538022485656492044069639044128459323501855164729068746905
308 4710348311144855582240056208043897570998507457744501374771949126489277220724503828417359214002630439168012322391603059078799906772654325519229087756753859948088897497089173046146568692406410239208201150351
309 21878061109056629571741907769054368011519505133467837946496180604948314581837866483779926901353235959032253665515975284157339001825201180370239255620331302001043319400135239388601360794086252015570812090594
310 101616595265176870541390795241069946949592547925994322652621984537667493037040929603737960971195004385101485598838696355097377940529141531066830950369009122566333125939853435134184609332263903839906887596053
311 471976578811741655837438739518970119079114344489733138086329772280185420225721917406287811422717381074169526738374452993844512215196946400161535984907219486460344720259968386260683343279786442739551530004349
312 2192180227703168858376929803773337408182295324809395148835640514768125123475450994176385737919013709224853886394094665064061462484206488049925883920243223111974337803608858094874103952195124048935362889886992
313 10181975899803195929022229149539341042720467264292242797360424047901243702600505596022778372847013582542723705817149779511110679993526126097309050630358137081497127882480681515294487574463111121301297590931749
314 47292020936068239161547122402429562289565389976568905382217695397049598529205813562721836209266700659847457713782884947973226113930909718971608561397679235734284284681169592366036525856838501832665067092842731
315 219656308974444332325635298431690936315256379959297666522022100759751901964937188297708016374200430375976995631321445246821069558012199381235178038821716660227350018891506931039647015365240735855613126806647602
316 1020233289194848838752802929678098980053284672012991533361257624606094719653938895740447256151568012460799548425455920869078531299950417606888573712045281481636777034602932915482250939258025490279788265569121217
317 4738657265257241550793788393859927629084872729857175636969972168240581809920245946748099385543343471771285025497207207795585854624816376229684168992350729871681737587677674865490121658477507661919595286243993505
318 22009547145139962796703339410716256901474841392471178379549241674608261136531476238462517860156491042848676089835172165843344318826619379092646287955288257971298993283458326282825986500926952614690720685190169272
319 102227305841635199139480885454752347060122878219366285376803585579671707819366650942321389537799251430770068790374427777757937295547202539969045199829267698963143434652644826021153539308130842128966962477237186305
320 474813134078809595449655063923198168032429367387984452006462163720988188620551947172237093925690675151148943522884916524559786407732628778661979197885543274868660951691126423295273665351124536550425744764489796215
321 2205355119531294724199779753870049378201986823329126886668341005920786566437571438446610573318922680942975901232684161803907591491031329469503361328986503957529388469012730137889199268144485318999477717426758857250
322 10243169057820610394354344621814860419790605086668810827603316285520160068916428312833480651856159521857898378555359151253968601454513918805422959152775565603101963271063999070031720647526232773901097523450936174461
323 47576243579942266902100864420715858008112454820844138215845795387721433589293355659866155270028430049396551231510720265017063510284422031241098718371801305124592015447888476278572883621700303951560795860299111666517
324 220976432235083261239198058272271918045464327117729726714747941734053843516274532042349469961406782020750640824636444673807809095177121311354902214510620736057375148398132394571899262284803705717105228901970220377696
325 1026364839445476873442219057147005777654290454373164144699936732941358295509397240969627856591401633359792351745903972460364708864105439302465255031610710833897890693736991100806386156850495345750458275929558935009261
326 4767136354746037166218258597453034368230540266116766326111085209352982118609312470209846478038095248699037847059050510810714141711370690544443197698049368188579074154919973340855678083172969819898645719337388924471027
327 22141823405622008887366741293141452932546424317501839392394206763798312556627181767967525599652456467324677662499944939898301740677426491930120893183768941229705507518944476068668573398758985693802493145576560296620722
328 102841686757640181262673621740026237681279922652491095500885211070944895622530633608656254609063159807741673861541724774004859812944866616835027428098826669023274745259225325268476261753999638244005429969141514967558921
329 477666736898964571218245863229581107772852764192335091376782768194883310716635402497175158535158333799241701185391486362542508061193017949593121852220062707394746579230024839193586386612159361196091139533010092291534809
330 2218609191790157656654194855723235125142333517506746259397691530661176693252602773306950362868735633269898849028579330853095967983419383166508818936697282930380551293119849459869887681304364148498795027149321776579742856
331 10304729983609721965594170502892070945896955065936774904109728425276606144564011153236002974015417778641917211080383351118871165736520262005341180972640894124305489959402987610120016213914955754994829689516383265350595241
332 47862174387470369572311771784658198596794317530588091679364166338147889315585534777416105176947818236361669104321983570819265937357230299135034784297424554511092179207044668033930484983061550689952373009065317654897739807
333 222304489369469848877563642785783656916777436503621360413346044608661345640859355377919850888051336197287265074123911766995411070637656483641710083100172961850689904749812282226264888140355752777329593092171438715940799458
334 1032533240001691042045525781617403255867800811252058587583990051056150566442538441524775717930454422828188531575428270797799940030217965350456912557687705899692924800564895468324218298979230939724877009368216130598261445413
335 4795786602116213510702282491947433095232648269391339794699853984011382152633324796228161009789960936038918131685446111619614153335335485633195822304540656550653815654358349314447149364432777387358388426090904620898875932525
336 22274894639711268777955155166894309512321313069437654345081839337760035382457696317999409033960436781006125323850150411494215431786176954114577924144251299668053401862248837599109995575736873921478709045753106400364345252272
337 103459760071746076529256544303546001593069217223489506239487981993516462666114317579521687587982006854424252340646288313848532607304781706107785484461407275591102077725232652224746680506043609306386024688587803159415762498293
338 480537489727134794614310566311435511931898331733146317962182522301736299084298342001891554336427070342622941428175667422115469291206090464896029775284615187160172626809847378992619878104095216159613085467496852858966085642939
339 2231942920350124828177985874918998791746136332382254508483352575606017668449912579066996710031247849228828726543958535766480287154671569644750384725827443411016107764554678851388837957178602776574343590926185783702203387680434
340 10366660887436159694996518895086001284014325560240899179579811380579196346949737390603604821657082225129933120000188656193357804506497274622453004998417676600605424176882564879867054098805943971166337854200213217542293534883217
341 48149823624629350891746408466162287811533351483601469813917945440206474804310052991214148689381660225652139304530323725982718526232201858212160760337090309181448090411615137576491190668348636645681257102658870256938240035769681
342 223640528059782358899821351243585114882144794762434851811797230845372475206154313967318362135769177004478885954293047574185950158005251952910948045087907572198106850973759713353069771209541022228030617352336184101821966002424408
343 1038738712331956297999655365846008077881730976987869337880478733849503082119647057633346656784930982650716064468071094071926927735773769120553575711765700865211944807705037496072995784851957113360872670491937735980575170125436305
344 4824609036017944609827381041626900927251539370718965191390006967597585752506724376989222166980020015303048460675990899986511611749657132488909406989591175356521494647038772444926241266725540983076190563181382034674638446134467207
345 22408765625158745282010868230893728051496654138847600525773961650712872002444581923381803954634965782255514967580881905260425286210129044667854523604389011351513352358020286523912458994762057356830932885192527775479335091263303202
346 104081547975077935308517035031079294855259587332940479867528833853025775105308818511211569355282271749347177657050416482569223427767087777618873235393518993333537270469740819417369894802002857806978718345204432969187153608344562957
347 483425495633997391995752457900513592434112539278778465475779447720189941066210114229143062432951685263837601498625217421320297535662960649297990759369956157599878369488899660567843717779664754614089061199758114577863953193082798533
348 2245356783941520148559999670125247792580876602270261094927540896523928059613888529438090630624381881897298953703177944928473407827270559617741309677538653952665254604601792291898369499445785622410057037636211687131058749463464368896
349 10428963992849136806496364352019063338872275770319417210931393870533859190484687242353126688385854050780164603075460189037321370532526048570168311177687559530490709428838218077032492195015362010243366785538285594546092720635093224509
350 48439201619094013763535045261448199403185140780844429937484462248421797418863743319045716106202966199935947483059059380439159820474260495898283313558722938918118365295993741711392339260504962810899759184804419508959150526134754635331
351 224984596274766524561901072039341023157896941395903639838606965491811313169751734148651985975782576187854806875466962220031034409598364514754612264857768925741902123804099480576171983847233560258006938335595824475769707902935548620594
352 1044981479235751820775195560056500707667432764119001539602409606125486561528652571257624678072449249459823378971849209595024430090693884523070803270162782561657352702859956317971631659495332454121965252726823750285117808188221033592153
353 4853604691283539790144012707794515519973475966954068924267958526228009115301463513576647836507229209674450309046313631731084518773756005831528159961220336167076943544668661959271044234668309799588177429001988157711317774399462462981641
354 22543441168429482079022487303697613272910304967528809993555485534386008044097551023535842468154184054222124410478707200821706064692306666176526233237886423247575804182950208903605033229190172370489963582551557756012471692326449781108776
355 104707072792128342439913399381040916181075480960696982055751820030009180798710853732533418211258235996009541031716431364758025940875060703627016361341252880326120085980950221073275630180902036619487077151432104095739809445168475687680441
356 486330858309679024311991196677049594504094296288307030637516194313075279047665142815019204401730652865004026218311263840744799072681610554363413490368124456611809877529265538722831158314534448607677857271420711918559476243553665221981103
357 2258851264171812459675001032407202352863834919270468409824858638092811665160787484390405123074284884229776493602559683888114147886771039383494887747597007312184712179692670662224743159672579768306136278898839231430000892292151045499146466
358 10491641536761284361910210689251785676758552782817199671056707169811022820404778969415848701473769694215034275876078256533053494541902332181656950005330189206105506101411844425101943294969750567697032652112623290514106205945891527922857781
359 48730318760607962115836546571477283262758807530165984711937446196541342524622445209520799517945474421176166694418951680863822478110358797422545211499548968189803142977208947311873702311828257398737261357514795936002846985368476804815550557
360 226336742271457804654149114970785693381080627134666367296798484160548067100607534422513576328398702460005478158132618742316713798450128436322498180922784141857873923563976829201592422628287773196945412099585019665799438190717150895259205200
361 1051261764851570343772920804193998623313557750040137829713319942990723621757887167959202317334088876918438969851037622542541611023361715930813979241523460283974362242898854592283358774974599412335391541012731344934840116800104470992442564037
362 4882774608964597998341052179074045610514927067266327480912120354473731859602727122378116026845946211272333171293976674443246115575700125153367516553652857447153995111529549150631343067182797907639428978065436871667488378563201320301038070667
363 22678926104875133641649212855561239537813527376628832283655793171649113920323387126983276226826564154724328039186835912111121358754479135741370777121993761920610389572707084752127914217269014210287892411573371222305485819477485674548474113074
364 105336356981558949341531721472964498674374056008071614296272590054971423350805913908714421259472739700794343789680265604956432691433969225631312520709858221187298665140926046571118342551996145249662694752091062634477854106640392966059731102817
365 489253682067478747345146963370807835587564691332909479536077382812117353843948861598081113501355128253030595791570683876597829109939833634453414749436570297246746818170788006541912226161354612265619768612812518578178866645307241254313449828353
366 2272426845542907030395926388644580670503195530857191038775731699977736648831193567398356848350914030785586315324431740043975900137330626615073813214940467109604140985867489189588863585991856943901323414672106654278759844568474034326300309451256
367 10554695769528964723416592985710085338552141233999972515856530237493046947514432135846621123079855816908201243799032274137401606728927283042452684414762450591053044137116026538284113758930812071932258073435947722335161215017773062289527681192225
368 49023185501356631243537514038353198011850345538169275673679428210751982889533385362911091125491714121273503877711959605946189971033723233194480741562057068242610346994960854275610455271131098064965474419938190611235083483974040616395804781557143
369 227697014596913990109615859413945467715631408651091378438306266622007401689670117725158969534910303280457712936257473710523672252913434551691311596193019150516130771404550950814384519439412989734120960594395455393919729304981360365761149810256930
370 1057579794664965557774697410478838391899880389839724408391325138589251030441238748581938099647076569494159279950888300357651300413970251407505310750762135738150303048296790837121419127968511060125815490606586973726176112304247777101425262704575389
371 4912119836369385415986417655382689472437353589327575750746375725671194726123264699003917762584459473392083327774392475777938460106796488446410026551616746991586418691493749988942471468260657910842926174571477906629956817574681614994460883851874613
372 22815225298907572299442940817516675493495643452811188179173107087836669738244383567987996555777340514882542776666350243689446657953029049877825300580215541713827078232653556839611475898085829295476160501218792860686135389149415725067517660343097248
373 105969423137006823285804898588602258296351448589514893821545504033779652229141291139234108034244355538461393549233717576868392283916724644313117243205726400186636873579314954490613624440018536849164996223979416065087430760007564130827362459752550797
374 492194071847613246152190841225368244599590550353655119112249243074114304207162221083670102441155503670689213465815618027180021434267719243429181438911925957466269678849052360734528060831683534091142517816513210385539471212248865085655565946917186707
375 2286084015468540972512328779790149730334646748161348944395891468506688958401496069057519442675516389896867639231785715176309640008273311849819178863407960422992706340355820185181949124145880736731928426466905036646241138861988515919519504487364369842
376 10618128955033067695866983626852250164524373281521452624169108945745459936932287753571289854224482055913962549505901447162132230935694021127530415168897518432326153136780903037951692370813292923839343894891020096441176883096461175181252763378466475177
377 49317812356342560043358909865770282586723407850910153495516574952304846836919905005809509033132727648368427884087784577960963726217148836990729160860686950301667312574172552556660561341233399156573432905884548470412323227071851041909916719863195283769
378 229065462089958223490060488026763486782394288677498369560152024570361609653920230492647649348883679703324780010423999148327763438570217264288542154585396664806425721286916225533602363687856426385239558936644601984842295555444349445037015028102112134088
379 1063935795516647878880402766641272936033930157999548419832248004133009480150002733770607787668354086273829787796422237566070518658508979556715981784871005563200581104231267785507782273838801963426151866875989474669655153489417017290403676463303182261705
380 4941641427100437711833888153544983549604570685135418764250587241147922984044390614540787582765869080145442728181309716919518078708450132788913055262755956766072554172357127286108347417600187606693004443224609941395877110709668166316081201549669837976127
381 22952343644173538672205868169014430981441398813026965280545373730105344049226061257682469315095051781194822800251743352405065515331802070253987586860101217788361247439214226941379964877492985187850305556739083341973221088705555731803870933666042227204066
382 106606293987895642793424437877375433112004885787068800487762157968003781134197537691467829207694837929804652453348551524245773243820712126560626123144420348861978487433595779274261855724660764209434120686140259698393012125496485434532003650093415295087685
383 495152133220984578175872854946607718649273862475486145570086623687870206179587868168269363609950174982006638476387449782517600757199041341398242821887444167319477574840494241971961356293540814164062613263867854907718671525421021156853708075565450127198797
384 2299823264291783202214983197603427742804058368856507427926650875049799883036718918536546883555037111438243329987335792752639772126625152181461609910410144900382090053294142578079908323573925241090911770608193221811861999712129058434466456011304834650340080
385 10681943370760292249808367911353819326345014430058866177391960849626113624165913397967639811402665781037273888651295730633397196450332044957152398746058241180564484279590102239783719260693067775222209017574994869182674947231983876883879281730385059395264917
386 49614209903762918616035673484343500948231071068458190533422606492678091389211531451098127171287290092524211010580882203426147798590546325501927038359661405534455038037844613024618316469876532905595367996384850230404919325369426619238564117421200235994245979
387 230442133882932493930539017808945917385874345852056175415989089906729421028331859433136502759106846258603336544519913953710233556031361133202327698279199264063028916013501399351995025423278020043859851225773214821762843617640644477210475303415313326070281138
388 1070329995610628871598963082084487247151958524637312397895496051688452295614158803310283170433929736194904864900626214752260405930792495846099843156918558698498167580291842563385604439814334039804319441261943013005278979566577545942341853502712831139218739249
389 4971340441092388281756474342095841174876963858208920677840056336259212282574580938256253649259186721365658241554130852440584488880144575356173607606904818029651218565686645677889911474375103211565567284827247810919719733295944741831274678185341976976769449905
390 23090286063730341743582119158693326183125567503561028945331991367946544162542897656189263102421714361426829390594812550434956185023842100174936715114465132956643730500071891188687236224332407098130226033650437955126229996231772687102106276561437766816256858520
391 107246992400251768270369220448834328645226278922880245433526189541327113578415655710230102975403656821666090569877209090932278531920877457788893883084120484767895890117468267343393858750747292294514682242966727844336517549205621336377170703940916351755841991089
392 498127972392970560300383811335616497390417296446682923727977010265199939170369412217092270648067318794380624597147956575772843395076055664117616274856007727838418584817626057602950846203032117821956871229059993576901272267252596748740876407135717601168811797415
393 2313645085302639575460195056417210788826481196448529723557638408826094114733462175972034679581922463050542172194471841647758675723039114548604713379829329486393418390065640548287628298956083889483178355211702376991357038226820937255641429107961804349564766383138
394 10746141307884916743532903813728417689795955175554510452884365641012437641378503634771965742197775236520654332515961921857716638874446168584243047486289480524620158568004883980231601207111977803445695530866503124972895443613055471045426104949254589615684717509421
395 49912388785389304790210890635133679890441151081671755510353977895917185162661379966517771861349300510288006153915324659159017564608533492683438433448636916658075064973122184775224761307883580654469089446118057454002966295916830837809298578904754014073627493577125
396 231827079403461670499549667808967204159224617661085584073101522005989148069702995448875010635397115490164197227450190133288847717332173291346721318067276449194720740158812955051232894759884127795677454031220765336132891142181798920133483226258315041804801167653952
397 1076762624522414619508514744430482345859143948928514311958837320987472817557641140573169628313052809236510759572022785899236354718712661091287570639741891374081484085361019841986449121789909956317134614017252236946637916508030704385356479249323025397134168399402973
398 5001217944650023834480500628220682730468907213371096124959312508511597774341205835572446047060304617913279505921428352309774205074006817441171515582832435984570529308057782558030900631315487883813934899114343277546821702779793742171762206383052113197981669117071843
399 23229057510222614883167887616767913298924843031974499148960609651012094902510813216111631723983718359199382626980373501492917266218887793829562527076957954687565469318353105141354345260922659871222630672996095400974781983684141365718417449544939104613028251316649522
400 107891541377525217188014753259193406646651097703960216369695375112296643130577022065173569717961802342907824013149373409149142049322588194401890250723168375855966803597013135244840734047736607916557252254596286037508905132447614357809311289875609884605168142353334521
401 501121696207237935940708710589716836253505508747906958277055150766060300289695358721341896827921218291422567481370996295935339225715218893258058917610565797150958848950357365772614758011736736015511646796333690351465111334021338763272661290376935913452358083728810345
402 2327549974755763829303487056669741334896384906976868694373033650395663494806791944692108296607661671938323527456615998062918152190853750028995121403476686368835657130458746288522855414808176872137935685196316381427294189047612210864228232346938909714033639910440675176
403 10810725071351060580009007916380268712847784026090943568408551124631802801382252543686825851222306452490450789816022021681773241362466510946970861348477217068071671974190003406781694699460181296187025649221847364995152363348115932973709307653338421760180449205510237913
404 50212359706949823204148781277334025185523237284008461102041581174715003893823272067893444931499832010463359698563557393095531819214673838795636259868802917901435816005675869483911208615736863879838017600454962927850875388893170948498106123387181265404139070155424322511
405 233220348376228137310077819173912662708098306701149834352156129805216105186282150136803777627029614473668047761940033457842981440247759291762267717750962335519173629981947790252899753849233985557783123321671221183589158666534768941944258865105504600260059334353286295778
406 1083233913207248337658093682662509516003571132662894544433891797310744386708481455622495701198717226360680519095500976315350852541186512747404321016640117213858595207280830769970223801105044127684182019567609871110159665865518095171143069063544682149740344640686708906581
407 5031275010486568689457113926317281711249256746313216688342811603205287772873170453170581596852189303566731708169289929143088980774506523804983187661709384880139124077308872804529418504453715357744099658497649156932977047555910147571759760817006351055322670941357463250237
408 23368662966060134163337060238792806847408309092018369162076565993100068426977109206333877948789297662994028967165790031694300533150169246158657545073416187900200995514319435785654195238071299972132486553120418060078953512527197143299904804297244272912426531463797041278864
409 108539964061415573282377721817702255520237340655283412961714016823528749598200798809070934339179735729250159659390890839237769544513969522536340050642590559327145960408065116159893364611952773459980364260406243649158391310785659498493998912364863158964674325747092783173221
410 504133412149578459072517221517457097705838791588551469419563092291831746592017913601616951606121739068774697086082862801438667983308278670246855503127537086961082831528830214411102751631069579904212857178119542590191794656474118911934541400732840711144921391332489160276523
411 2341538431888274965091166541527363867229370690028733175678739464061538590091539761850394131127704207023977630285817779158636499174429026312732176938949825446716414042385541603046588636833906573355581931075764512979207056585265410040975332465725093938487303477370473426971954
412 10875696979955440252192545008664041741937247327918760518589843084886044784072599225809780134508565603240285888541224566020741904816834918208962202448269869213991879099876010724009409942276826609389845043712619137553382071645496525130018468565602871368349036448814288654383361
413 50514133438513460663323066792331728385596825559632740214577491450673571784041955215011364884282662450599538677614987679418829985194321933054612991861531543441586307542592206140251458104183791064228518045263778232747583929853195215499807374087392559171628175197714572066466913
414 234621990824757094097525013405928280530875592971595523578322748507228142703081258360853119849432082904175281100955006463645652789519073300452610369586455684602451699260555059171281558344764718101279034344983804885650807554120617544394295769114695844375442944540456007907451192
415 1089744094008402522651218342544771184388284150425073181093292802612577936389566303465221108533180216089787868522530815514964925768926819102922461363510078768723025859684175758409702875208064195821169792401432179523412468394037219440480808541391346167203450091746304558177978177
416 5061512717762199161419548801442319844188700105285260342243449116031043327859182119263951290263453928173751240344368052239507810161049330308701500253665403177217188244628184579595755629131792292855066590690448337202795855709933467110977851594991097042522976042277720947804884151
417 23509107443596705355119607157488832860810769060067560796845409880424724405412641562978293089638590192189570125271995853259629504056098752961335381762168292006262325914023373377276464693456991103194592140973830519006221808528550202063537793069822352449427154198251218313262050850
418 109192283732702859425700249082307527334043372370072081892529313183680830654208623908347189699678168274157752875450584435926162948409280021144547561933455679058038189416317861571944895310876750437255419163165339434870029604302847301318071974629556275576475005866530289437335741373
419 507163228351768032932239901858131520220874041561628739948962769395329674714908715625421588418013684270197795166016763850473105336208316024395643050435635831559582919758834671378158376702098163256166562631599198309990457339560038714629329411366331625283594896727730788350636413717
420 2355610958937681713219933048908926475123284740510569202323825514951642081898056949960692681146138596392881977553290971714388898444376460764886333865028879106870772858550687863825398133549595713555081277528402384032279442894848891171683792436888331124900214790727178497006100998368
421 10941059366430622747967175894714873170610442828853396494261864914598167659723846302551883429406296781594800894218780724597314290215907719742583782255349108144388689295325096187826624061441747394721568635837732843506768007275633107520658908870611924796480665627898549688231266922285
422 50817720814876771574382100147604768165211051846212519065327891775401761639232853676811700655725056224209802997247948909527023079199724648456231470922557775578880530724872442075693886670346715618522078630984560216357907807483390859956380210579139372653344866071380774661171248131635
423 236032057073212586363436265087313027649332705470375913575231328148761913367770725872863503642418894004124633541092369136367018555362620158140103179687783542580699316980870053383608758475776054007312637801022219992620184072069874456213674924282171234217600367450800600074552004087986
424 1096293400665520938130318446541660086153443123099381473715327702077188884697810332437089865904277217737307240810504473433262194963212244952945778290644667038769593666678898212851856226963243357530506966207676780802691608194171673306926003236278729380744725539925185269814938270130761
425 5091932152122789414435444329343169178943666323385201837194041836531238600176533734875416753676932870786438877823372442906139725734337083659876253843286362757338092474659051024357365347138198462014262121078618742191344406482575987602226732926333049497324761332073899734970641785243289
426 23650395985310126025839568950938523872773808614415787799680690226652030310563443373820760654095665092512904743643476739255185685013827153515327227979656587672011161764146636053112126290862292695039326507598786124397905963959532123067773077234371298128461211247855134088623472529619720
427 109848523812083404001792518310350442589384763916955953624245102076132475391891726935990078432627462716731450934823355413066371273071805196242076872441944501161217468211286031076890479275920350326380322365644182590339540177240814006802296695112492394773018636082375493563746243192306921
428 510211253595449041944727038210600659396763612418939689398376504547608941938287041376140648330109367086842169173011005763342057873739829724688155125209650161888218911958328662665645654167688145154232619239095892375512064557649196977143442184531392923952892868595400338604195100773263455
429 2369768061159914723019311330290347762485194109509537902995868023436998239378698205733570291720211339473942491739161442480271155964914937889503606306832265769327140729653730493142349880801198991863048884754127496713766800426043966007047515561748396217910970400911324495316957985638564834
430 11006814577528779303819973860496253143386731827061277319435271245248092123750946284857422876768140901170937942785933623090604680756477176460969341788560540117011291610702407876005736201605925973910042713811890129769310353577357277168355281329986846865462449452967111732824385076281358693
431 51123132735952887338932455075184556800188465962160433483835889253379492222932634279354972671450077640470271996752899956197995573942700729517635908038316938434385965972579073285692280543950935674040229042539244009680645634724939723844699095462267721675377422372711816089564700242016188717
432 237450597748204329569171184566322883043350161853583928885354625810706012461676546226921732922706606428635451300098755006484135611666371532076509665834834904889049940341542858217863600686456125685773071627283219563150128721714074729840463282194466218807834031992332704376197085357294779440
433 1102882068323010735170237491931242778809898005518595564295976796786615613092363644393944573914336222007096117587284598960760511316044433129636987061617665004207790659394988672584818219988287577793262853206583011120468077735495791538571612516528154826093734286828923789806648429146389460021
434 5122534405738890176574121647187355033820845130501059654761715792010429867626574860031464370366132165079772800291665509956828562638562254932718704172276849570006722467829249468366412064030380915430372246289167883359592706406282251966185545339131726461177146916723325309185975126647493257211
435 23792533663983229199819611070718188829050366528377193669370186665447307243356196836809478515560720178471574042414440533360358656330136467705479922247180017107367506174140163970569499034141587282209838890526349746563203930230221341612583089290076199233749068163465171308398237760718305237170
436 110508707861010730795837728631771488385693858733605367958878060078240306530348188028742915067463272110477662166382080583678376121946757548045233152775168055573784957850467705714635591405106122601435115420736529414346102848241409881653704734222713566464262242031157542628684077799360029357777
437 513277597316036016268609897991075028702790901560307463429359198223398218998887778634203939325786191659996708381028923053710734925089062439213306147812369332312368768048954325723540136592229457540035099124791672006456059753288822667197065207146265330170681808686630976903857908114364391073297
438 2384010246847467125179426681137303030128378122408052277924278041617115760795996824713801535818355741638323545327796488101846184328339829117094473862736647075661038541092343246543480434092581719952826837816651983357605935135373079121074754707351079486574499902202573846619722772762758421719256
439 11072964974105942514322796158253424343961202990851668213138316941867141929403206137365769733136780980636141081920191341784746780179028294654929708800853048731089590369166393220603558178931867143099263052520584742069647389776810515307273316422203090379977760086476459310257950906324735551185361
440 51430380167162863674021449775636238326316026642792861777328439914124990192402665650565521729441777595533793243657510116538977661991777393358322396562968286346009749314752898184965791792431589972505573236434061072074522963514228985485604646362874825503154115479505749849530471223902213227964615
441 238877663780605392251210845387550032056594747039438253522885021174326447434539172458073253054846275453529960677155990407482175865048294089286688687861430103009889218278932699240902010288648215231696791152187762347179391909348219345281032827710701867787771562636998754425749448696492785865388578
442 1109510333538485008889066178849838763533410156583461149130460042672097447312979621473391083160911917755855176301090621779012296882578555799663737799994480191730671613470220463994707399640060344970392062841244085947268206867249917600484953046064869087800026038285775978345690078482442567762595149
443 5153320577344941714669291167350576462573377245017756029462722788695953932607068352589708970241526057389162395577341195637638074991981784781192576205790746768984059769074614353239676465294447782219543361169567132354151288104811240538982744392999301407630737588341552620759876526749064419265389957
444 23935525582886015082291243400730359155992624096648094079217272298049425207141329782253480197688406670242251497411455170178050468796850654178869684126095349347796560092569255636785627581041968963293663476299806310492217200625883490448413940136533080738886232016086756671383598211488820986141949312
445 111172859582541502589726158727278307649715376563061565155764340217670896904358137761925909096178434572288141181031344884932216923777880346914648298831609679149070081348159142106848868994289268593442107685002336787619876943872441043446409368651967934015428752721750874904412194520115349558438750077
446 516362369606644769187211726197259571618770474822016371056892149450669095069114401447136428639393192031247632404041727695029218528240764660289830484639946719828514542697519374074136274260143640763531778089132058628587291466284214498484341896626708764403187576649972261853805970001978533146354618755
447 2398338027347644118037615871598801440519872914910759679106555900728064349933344180342273566261833709366631781657844479671590938226557451084364697196518073209801688222744110098791295545775075787698472594759552961001266509423696980347993245396490710413195340096151228920691599490313740268787667293490
448 11139512931206769822562237761098558010780262749126424393405502219818362332264220761637893522087132001542600159167859436174722795018957319167573827695371111203636236197437471738370214689824471931971228798055577720092445111941656717409223538925534372133802457239794298276443073570948636804223164612761
449 51739474139829379910139322941423526449591765345139135505710681643335048933598498725963210761407660840199887994301392404672805119622306255985344738561599074538018711750667746340832325738308176154166891420036171460341284321858633540238603182553324521341078797689650332834839956933541388767669146161353
450 240313306407380803319667904959276926268960129876793995474655017354085937524949834180978322348060460570949236442697935503764090447318791624242020720887269914777219764830033154026778172109669568558999927956947955353942694309073298829833280042012978498251266665518438796933328125075590888540366846860968
451 1116178434291256094395411282344220617264790841312191931324188170511973421160643875085020904626471285670738849201330352668006212649878018331391672327470776400063054086580437872942746525976375257653145250029202129772084082079920028999127367819359993010836476180869257776603424972121957053307525339469817
452 5184291772278722477068464965830982427831411328740160084369097779974410524971615826978784462430415356671745550278917512301488918340186985126113736650986174431310436308384436628182692272412355229982744143368342047966561501536190340173626518937033407067732049676762014807886222601064534436196153499484143
453 24079376875958877385715308494051931180168016132200287167104367053419408477095241757104076278826570067011706400773504571654636958166837961305153934031532628817049511257944360096609258138813687593669986249928173859347581818161387725444585444962577076273080666445838839863022634906755125468243575259568354
454 111841002822186548835431891916084399019477753805148260395224869904680084851592225631492588341759182767914742670916511997335636714349577522562031643590841358283387008132757156931263716345879608605327682530086895778880728639340293348186560486666179215142910247800621386710805144004515319363149551024660853
455 519465681222045148415618060083537070837944598522211306575259919097028442166302307097712929582620079499626993290746538967518053302380262975565574384580885524875043665486706907798867088288750123304105107395167026500767983690486076350264323075881366599105970615214326421281997130310192034710226863114139165
456 2412751917080922232951727980684519655558418728853074312391201599892603255814426402391670052498876050471270871220488327499206487575105338678451921192398614955749148792643780042195368502368128116736210253087584594877469108700520217499523576616260940345479303650197071290747966943978067277060687324075098320
457 11206460838149816434841949385878395795850092826969855230878072215926815074100786597272140013778010007348869199671331396746757813321956051369820989915084141192068244955990953343101726016004313925066042228276933429702412095684402687974205270304105454628860448698707791745951812084045617430886870407769350917
458 52050425751572804402006498769253216959031696791310837100023034164044787445077801569527413533103363824776003519398603885418129614372426431479403634463034166451922443026169087617298435031440273973721958016691430747959704636310236165131900505902827265471566079094934636881337475331697337122795127170501248203
459 241757577173427149193786193055031495781078968880054062209507796501996891826046044631875349218432937023610179765686309237276084496567849213381540635499969708174311317350765606467122557859129617710949049465325392545359730329898648234553342147377266618382357815852883225536904445408448621959222994407029880370
460 1122886609990879907012934905282343568647524814685329956850253450340878950225689905187209128631469177415729362861894651462966071647202750720779843257246387975354371614089783079591604772760490645335445893816883313201311134776700453939901694004712644543143791562422716074178966125499575010872971637062236248481
461 5215449102521034820721704916181770913377263889615775549766646995068787302143807198596814215884133678836235499873983916216861183592117567483553268904025283003349642113418237642555421055437143598992871109379313529939693671319954306805489004635504107508493829224423461372594476217336075127007080063033739074753
462 24224092707996930837017629577613738525115750931619058357208266007741964105442986465923679504097959088035716572531322829101393939468120852285591519070047566092679932098215801352633714050702042432751347724655582701918488841168940256434970630849231385151467960259807883625441143393279142293047568849156398600312
463 112513161568767007961483019799646520496818916165421517797574970028704309528836218642315512310069801691489027778445042789045670737058209397493983489039468223942409270719269819698197327246118077460284670489896185371135796048130383049503347611435438210644529141893671581825075665291763872265052211506464484954465
464 522587643582637543242343133439800064647705240313689961523283295150290748452081398614794476518793542129489775279224152604244253638948664876139167677891419262474813455664086130569514009072550445295482992314910091146004531845362600173043901737353675253541271218997587767222381622852079857294071942862431131127767
465 2427252433559418937925855562626969529499693753582309031767057821766161281739841198215502842209858696439755760560348772430696272918380905353441197040619273020992473707053416796151259107704464247214207964863517428156571875360892715518502521512036335672907711632514615720339910192669747934289286378818476121339938
466 11273811098613320721271323142512623593995645810789170783828055083680908409379306419007499464817196926133742089931915205391952532613979546354647851324001047842013473868737064469931837480347870631395520863400441500505465196335501156362110462851312490750459811079050769119488284617742277833266496371884060197062621
467 52363246166709640272363604978236468879956916449760234653462316914251761068500350905114273045560011247131289439474223836608967375274275284854203107540792041798055474904667354605855239398510327504018203082746672478220595721014268028425672782453380947619542080236853913980572824717426492515515366684159614143387893
468 243210527933423226822791903354381270603456546663258132779095513939271549478065722073627857745357518570318956962249708605265862924844104615151133320623940562325188274198295639832246351603949515901536764019026321940246832184656563121111210871752260259802811591517468380979616411672329155404447833857084415393045024
469 1129635101485751633555677979063467095665712983396650968733404912882904713986268874542553443588974735647983845400781504870002597375646187255792888965496059325279746536900657680056622205635082131578047500761754891513601589132043683610828829515860921735724416785068656244864071186171842967593521461066719573615218893
470 5246793686735629247474544513334652593426633650030225059972559767944958648555272631053839685959141126740785887511102730176867732294064744549418224963121106289027305995035959859695841587618638748103745562185607897153197332341242142672888572177078253267328867985963942362880236629401402122385449061422767636236700627
471 24369678274835446483781189689104835678606818399788173684757685013701161230709069567249733066419771486970638213111108186307481054672945273102422945181556794334210208777716790866245555477316878030218932659421211564841587798076664206923705984685971631009673689450556041338763749452864294846995812041294543922302733234
472 113189359955275615051210445134309274451151708088764283435436376213574170224651500068326494267868598080503451494216737443342581110794548895902150314764035890710263572329160043408574677055318764770161237787115074562155071493051625303584456327914888821430079087004012664340584649026205607703086165433518855090408123369
473 525728368778453290276951739157021649079108227957612674808463516170587872630922784665492219984036619029017754873382219973429486193002908791966150387688231852866825859070360305835675689647028162216163900557662340780649629221513076494590244557225651236086635492460362224119238024217873756199325049189897151858057900025
474 2441840097405473242615789195217510027288000307247174325726203453018772590505970142180590765698243990772804225044946829453273923992832549138960491623774482121598402049000537565481322897407984696307033048140981316010640958457004564299425062340191563777577499474704003461068942753454283537480342415983634850781653627464
475 11341566130721505182254693829446171826141898631369321994558246853022105169124891656161501976641078325863492000476604104579144996439389628089980143583751606082354293480825245834858731976043080656980275142289567104417909068653724880288299408447184425326197678412082329874660823950703953419108041302669380444376298459145
476 52677946616653365794444693769597170370138065288770585908680845491189422893156554591301103093715005395127159723497308674009063662877344247951231817224547221742948559174815015464293533708357407639491812900196605881469217169864042340464303581624227382892882452464019861041240722804148314293098915871930343858872354810495
477 244672210853691819037405825078241015825843561430149433339153816846885143213270146461483119176685386199334728798988011213120440953971664244294553469445428030640284467744841567440033097864727595574337116131906357291396812622676892429507302895843658486313209071653188049080545299755993893465692648230267015439315024179170
478 1136424151071753083271375116446950594175953066956227287855355788166917011392092791820721332253516928535779336742127213116610161176804405669317741114788849428404006135651547154262040420810061706884154930547402332992835673920128936254799317669582114552291813404711473441852158055838160135565682359471501172652064234054277
479 5278326650309368582993287639148600313544802025726615596676182859364762236565453401346456803461576376458648496042066224576637742471893867732727350585809350605769121873664389366087070546560461120803659582834420610767547506907435925844066723040455146522247405069304903405581103074179275569998545165421001685553325275237389
480 24516138803536401457210305823473060288044383793379307596187831246869887094207355871188049290514738415448501063189695296303718384218761754375003890668415597534048720911279398200674712266622986796595990518243384307616998479277416149210220353373806666573284587035489009863712638345310489533706674135376306021071847416126832
481 113869622259743165816198340969692641850336103765911124428399691804322700411594984506096653672784474527136200903604302263369598767256812728304159981272385263086101954442344514053331406773446074883417234124066432828686434879101181586187653644994863589774067559251267683093794618411712457894691070095415597930951715626986197
482 528887969573179121433044537241290811154871851170800573639407153438264158999339613647055060302908452196637818790700484811172009478319116157242707313845809880860963515715120221116895212572008183622441048098550435243473867644335962549511779516169945699083663707181142740600404745023067276753504813843284221752957117263519899
483 2456515432370337971826849811039464736283087843121099242675180027361623354113585148859316503672385227925261833427860284768283190731139077441029455645892198020036368167620828068399531181522367257597015879093754421786028309860995666866557029315913549599211118740217799595809467353113955328840619436685507836007939341304612274
484 11409728367131396079405932491189452906895553106699639870505588452383416641731216197922090179915701985361006196625579322873834762803955635817342586472636879124854973571650119948409045150421679191328357888579302854008668241483059138485702167244386575670984309406611440354071530693924316303968270829519263336534506326144135537
485 52994538400317683804790528585286651604436776090499372426299050961756809077812112617741874007352421507410745327916667801714142757371558980103833935087772907895949460070746587932731700005334169676994874804573683981619675468873627562457416277475539614718434124176757579772794097480396042704595509127965252509306000587430215793
486 246142678414072659076658986747455739181936376975269679946993692818052952425316150012505000628680860117041479435981345292699635273504242137197193063301361287087173318708552596441565834471937014460420747775225294116598376506156908880454332502278547423900186706939170044283522647382849605715480227851174854106766901050656831512
487 1143254002500952008924741660913279303012265905031150118306773711692643068674740577738392911096996790620710205088352808285815372315276706422321877240403065602171347249421422075312740130375386952820101409094724686751647480242849803902357823522579855633473084190862020577287431636667813937230621445716497313819719484296837146097
488 5310049125392633540365718219546518121951265089231139433358477307926614356688732787787759929219819163926817643836627688567006105699489475702093285037836217803775962256302936412879323974245025820142532174853722217853932885325678969218201200568704495919451534768779286382346024954113764480751125707570822091770057669641335099879
489 24663479552576149889695394755256980003109889076784722550138621729738956510147039278804777918549879627574084144411787429577010967018128449836232853902451738853284055818586100699639841069543852159586624633887740170408857368246527167476385190655227743210575647721286922454975201680982474153005412418937107598783107400962170683426
490 114553972906110187974207525068332005988161563673849207040483896836417033715972522187751485459704114447942978733017917447940751847639294544675241658102719273971440007254961647090291945456431624954533626759512588640044152117908047793760750297414677217008090050549619599898635358435310820982148506735601689428454663142264896283501
491 532066559408205798639220242533621924490190506800992150228556421024193658809433991412199098746784564035164513281961756820182550674603733309031953601884718359540804253207298740514893443772650780902894386006395271070029952930922571463509540962026665105246716112776676030044655273462205599819019199887304653505063383511165731806565
492 2471278965352984378626066382960514157372429580436290306708273550977470509746488078657096639578397618370780075600943989836684178161697609629403675626806522908082198311809844905601098578221892811866904736160273202438016400895467292662004482373210720355888695539966988063415387221477995738533755684422540043769824022399055507594944
493 11478300255120164848035285988959320183109926333226056819291243108432468427842205805560993492100525381362603475582460689814669584904391422935490283436366610944552764851886474982017715050934018076556869153366124299215349224608865043211062076698964712806673308523725750207403595176328440633604514434940962489909924587768958661147421
494 53313032884522194624551926319428112468853481727572846836035742012889264888853490486131186146732946042173842521618534694131736781279429779367153253608723223854265938427240405212278074386467164540748199110024245996233442585694390116918950175066450921638611098673176927728074414372836574190518672132495560016555484332022116554796323
495 247621983409806651536386989724063522626289244551832107968089656348329082439871770734371955828114199393140524198203270276057929545466688587084671939652592417062416000527842513294697423937801543346861353366000047566074662283038313040381869970186669058331918203077920269974338724985441837282471535717687198877747484140126576900994098
496 1150124900990353710358634613039551369805283853575765734487658832253112876782936100719194012531119555780608191211004659827166256154354751987915806763764798072960818056036017385312241953893434059540137767193025831598765341811538835609513349317686047114376438832951465355302608865371545811359535645281932656740570690497489998690890809
497 5341962250939971119086860116080396278817541760465819092550221227155539777795070178737712536435480708012443742165410530763098737632401827231110464100084384105567872239958800126513372479825421962526135029386690414196290510408999950824396513208642211833092899560331611754317795586165785655482597245098668686959012533805467739348980777
498 24811705812034221725060536887650385145579287708838954485520808850255823341008332668185922778131486832786257266353608770960845655312309041086980173660956791513400099079667319199056880048768392068048271367637449072258363866971989143017082850682310659084798551927385081505577892274439149265147895339937437139830032632908125728361633256
499 115242436465103851327808148855454931047227231122471026324433195008603216878672033819434392686914125784361833080038564554525182700417553676309413906083943343116901702997511321575257342794706996472205799156633426342112274527036236370416795036300312992790482721130743430745991314504663405773791916574663319217993277427580446320101602585
500 535264252406701080639021394383454370486624727539897435415788744613945986741980741635562490031982119632874708136905133847161940247878166968370428112468479357053867719234420067933571199819427229926994141076627998934192565839084717570720426628683202405533173990796611142481999340095849664901727677763879373264271501722317187168118011919
501 2486131226419019772224075474207609548690576881754616612362997323234027241625621938120674128002435109145256812097039864369388465707577257742978196816597491185780217141990048886794194997932832732105714042117762559986079449671023841708146686409284170099637742281029800989223251623682383300593312587785709497040370206759144829820423620834
502 11547284256672994427089210607247608564689030450070681980409017915042413385838307598440378606914156492967472295167190738575944172424175552292951990967609726506903456475698659901777399055726808316275035909659233299034658809325483948955795043353746068035268164194305326216745527305028393219638351678636292944747334633933878587301723950229
503 53633441504400507054446090732157969662617506500838790203653181259376792993397531342230642699313431976643990924117791142592128189848671077723032831470017607017486246270369161820302455729565691002876498632536732950081279928891852403451029056369759663021337274172454495220644430799276939467225091053729294245913258212036278302487537494781
504 249110178953431417389925609184196063043297669017419036933053431663198557380656978513825193305270376280117615336347646772657183864006431607745895049652234757676353225689933202751085809962200801769763175741211467365110804346043744469671893841825094052876185859509917013334087678186201598091406736076162587663552616307260340406358351294992
505 1157037093230705234748124039895379702238565249348226572463246849774447672125562774255940435858954712975835634668380070211923285372838898251265402054498316695204625508787739816837854345812454047049486678977859551075093420540624921848981536220687675091009322609708504315659244916715730139161117860445448798901388563320171261125546863893413
506 5374067172750987298858117845980193575603884052319385065188747113563235562092697397337281207823474105969825407956984613387689000931427036530805603068774121633800842177297341380500334650362771199735700382715316644681956968956073330973734834078077607443817678507666543336044527853972202807172511661308048309253173844099309428446441407466347
507 24960822903783256200071576313599063591233581801881262803222248701988061184836340438487533436251984371950802776525192266400207878933450552371201879606523046761674323391199365748480489245140372422198454612442083556548429799267043072669200747983114897126321739674209508391641098980764389943092666622019671067197865232181470451951589059610418
508 115935037655120148028046891378036333552083637088464261425868390072012445593143630689559832324037733603246010248246651299335416626425978510995102547797276443529002864070027654055735446099466720225780417750091641090994280595154509935576323967390021945918963211497866704502833104574496991303834379889435232263780577052566462524300137056554561
509 538481163377707168114482677949477684530110606219290811046150474814325784025808837551441822803505170021108218453132145625598257397415584964945618626274880079748853015159999757831229400321445003995141044758091848746499759624089493070374043316289060683046718004577591747157624233977832437660038874031980487467620752663958873556943621967823137
510 2501072748819718839839768685175901704294815011299174136688609245556872836193972673486015711358918548813127772894056505925054086425843025562333404852487249016714075422767037776817849226107725846853355027914441809318693053686376106394870629449628133240756086322297637068810861212476065670487006822558786006897670071597964187745326579820724152
511 11616682848571473661270431744041267239510636405524318501872547949628022994584057452251989539434735998706046067297093776803155009320891458397249413544597020422030118756207145394979355861079682333450058881821930875323200447044480348059656681213573133470622258832205014796871962293404079136980700861146068691708030756615585642316117165609693057
512 53955775763810802096064762297740852698938798479796945323765683423156047040638558524581021091764187089376251587491750014253693682431584769097877612896999153647358375220938468936424274199172856924556646421946507811402402466439058964116866370877956765103155943258346005746133116422269030636526537315299197162435150738070020866044410567163559671
513 250607318476688231138106444907509556452821244987315636486810452122868107148765271852548557097679916790544223529614331769334185005313103510214343725471555540052760130913226770672754326660608496597589027679568687696309142471110750301850485948232949831645469665203578035057389668798435177504486640489719386238883114541139256842540729371490503202
514 1163990827395352489650927984551996679070061068706494002944067541364214622786508271323834489462454508261352499197090396956222719085938351106075824436380895489140535075236924676931922582193593707804680669034066637460527383597139536847240964369453685943401970809744003044533095068608637504285394493295489255463809809616024454686878286723762728957
515 5406365043511485496399218867555678512114118008097275562513848650284521390988826835525016415806115038448743012234969778281145255338172176883928579925416843898927387339483495118351935859036814703442773669859894738535050456825838632951679783605499875176513004935480556883853187025516687370530739098132772601382123624144829881230930396577378771669
516 25110836181680076816521403198193406616018367016410069373544635668639228618103555922941590076424167455470308328203773105201955901938274539372462023833887823026897639956994835797203252162948723974765343975528190744098783830796285836737897075176174793757613798787210946947123703741844337751776858604354643356709298687940743784380413521213313837920
517 116631801343111374696693044064834973332440003206696212058599471736172232257437694768299164909918861937490935683283479924782361815020440780156492184719661634313527274776221207269821316141777196763452978755500232606948486427867272496662151011159796138779356296116262263514990666209682933133383373606731913461157815568780384067844500901481919116909
518 541717407820262774246763399583783319081842309177102350173366389881012438431032888192455978555054098009287266640290826094750113095155361515880573133578496388856014407236976687354762448300087925291039754967165962685784664995783298854864711008144392032484840796315411097041792194941753739857321055385249778093777442660449269180901677926926616184179
519 2516104069011169345842749818490451289387131556700571837062190255982671293069598090917668573989062925355434299856918335136537356579528201509086376612181918018387367903458942484710988678168925529453157453364220832874080068802519730628920625096484142610485365702697616609301197367233808051043970638656514460025719235860117669465675508188199745605298
520 11686498522482522949025212169095938797738334175635814289020474169449981217221928925758860765654077487831274372851074859761429732166005569579977183348281813770664865497980122858468815576373210197073584458580334259784647133289535382582348848530757513651372964930371172744820742291006998394992900769445963952859087454746905540017690926239744772336009
521 54280047235748864140294985451003868066289172077700897218951310813712921630444180790770295353451427641416165506853926962652958896949685101040210134445953402775551365263711932167046838069133764356007535908488128152773438715696089623455796621520133069670590695748450779736217570880007655633685130890226093643694720912513741000743382654697919037091161
522 252113455732440418554671111344516818349133491209292208445668181273205383643058104633318651303437507205642360166202117260847999100094694594800870177448672427816377955592357399481633625876173697374045648421580428095582889635142298099199518148689636452266170301578675556369781735659417183331613270504579769162764546949166693141268648267796895442954632
523 1170986353149150586857429590602545928980784280097890794489390589516704173891712475228969990037756640128688244703110682238788750648817955142864958574601767060302351859891130021815092664641871195902051101819792231615123835337237235954036918196180332111438271984219185252247248756351423127931227258376265777379859892857237039040462121609526368850646825
524 5438857022834852262296182116910949667394169627390174195243519929863488483752229916425832695322815008665966137083984371187503995745659496138885544693142598260717733518178423035397942265641431528617692473425720669071454374994192601858057959958436866570010850996635279984796112955105601071754483799437692451074309173877135861374140868479824642022357151
525 25261751031757914664192811283086711042367748318396159328361341036431893118843039921755864919096340955762407049095765047891448284992030631860882632887770033513706237274060421094671633801769164598625624402721573697153852784495294947349009371402569846924698942805887405618583939068004863361224194680437737555922241637662508971504178215803502815453455330
526 117332752545478948270964265145101057273559608891261174288366197699418532514753299081778291992248482964554887288277261097668777558538631135459714194594656782954003887869830033621715846553711906882621788385871408642108135190644648570630282266022733711272601915923987700937471029151856626508410119413127659262962742037908833606787500139946469259504103333
527 544973101927549968711490271323484562180116661813384109113322368541916593548052448803422186970639585133375204261129504408490077661032978785129650664403809493486418761988026731431628923780114781290592223996337024659241156215341157225547359797117735970364359120989292062864172628217286326324638688523827419569733424928806103153618668615758941898156081901
528 2531225726673532895575232200975123401793430861036474742937622380205567186365500192945544496695564596934705033297091818326275910224657634061262325360587543414618507697312644047815016914748957462489083178038395155900677955123972233430411826915637438282113656665978807824078332183316705571131872246501634357226692126037698703179386678912083871784029068976
529 11756733785047854329158508908505401654863360015957149206317105165315376127343666427148594236334929719543081636469540251854465240994576964313026195567034308249518736379494340320121757592034790820274849969369655709761384301405826485892371914964353697778935549362618960149451623529774773294064455579472085163698093295293174899383530705347578544776308540789
530 54606267562763594452204517929805850867982966318577191528587136504555588339105180371618746483024067162055048290459328646629233075534742032975150217536450874725546734435536616866329940797200812728706547134280080370929071985001268641765462688286321079066169696258653164559909830549175390643966416498195368379111064193774384518675299797453655960704334501179
531 253628644796603283904700351165174999456231159309335380229137167447761067394827496080248100901828750579405576683559936426742362342738204077799074932660777930994295807564480280918013648183882753499682427670546315879293805215542176195610427473029788393217433580514335164091552684533888164743596438042199160258829690928128792764227828864546391476882309003954
532 1178023921657427736954678349751852704654886291461342714309623204467847450256130791616287855403446548950684815307049501462908607006712236490924309005600752141193913453689704062269393849014418702302362214285802933118791187807589061418384872859298606825886957192532086995208400565529051396631992463120571915805891550678690902194292438380578830553214841782289
533 5471544277303691703785372044596741645023301912361896674061816409168963406796522563132679952457922897303985529894721542655292938864747268826207638698845592016187978549086062271974635409498393666267179711687579917690486798098276172831628435918637502064485889664899545558568814118195017994608728801118423840740169328032319504813071229988790127190524603354833
534 25413572872419786996229380241195244647475937257992020851641810607569226491516022250976261063012894516238941780526087986543403838242284364113477902710644243838286839552410012669767804429545738443478960378534524291340202053374694636054969053613305867488912780564005733284068198659727988672193231134687132845534669918296993963770624600024562695989293701351256
535 118037916428971587626133207903797248194665036541234245581327018643571013520029015360111370411368071937068817574754610993060620007835922010807290956080202976207514698650519359213562281877117472958903643685320067808834410265990078467366241581997780037056507603068638240350983707367783424412271875283391740826661744288589455620238914936394362741026619865660945
536 548248362591065943995894875937506267986391317975439729309944510289351089417947782306182422874181210723513965544776249549987202332335805557456051726300300079434365934955786564383162081952682810205166093564595852185085530773427102608328607990479261789032772056412324431359270709048912195300214425317752553370471411261231081056396412177567967750124337292044039
537 2546438264730421455386255487135938612558806519547229327780654802916388788266824453845326395496696639250484577087095240720245808729177001865179943404768213119693362900659682283059553682742713120072670531404980166858772428893669092197425549031679475712254961581304232136675651125922090700474681452284809723620563563603859944959749094610117105323036190597518882
538 11827391157973969218026028341319570796740256994046247227545291551873729037651708116036074453100175665685920779714069374849406423185748192189176885146854332079605356457592924211231855923726198560543613019591246719110958800754282706875259417058277115363945944805327778286000739340177154631198314927427428014103364701880316129259938204126330658527924560639966605
539 54934448457375021870867559400037261797391897310881678133605319490809417883232658704604879518163249312906147976164500768096400232128622532629844867116836148843152407446831426724253289846200712518994427877149303250845856516864571618708837378736903681104521818438325398058112450420006458416394946114900211743707617210347165519666315490855683192515191579901139269
540 255152940070085635927605312482590785813735222813091946796335105269892633396988754397606087846059065507483883536650003411735001806112729637486501893503828255905262115315797222025588114578486171926210399012279525371696084435636162858341087503736559501544839518299234341192815511358865281323332914419957510152074272161502186244769709904093518904473435002379509760
541 1185103785595003016441446687616574928072336851551549825457368189421630514096880149876049272926299580862965499709378017163945382239516142456378938946666934750932520349176381884310023485920570500101836019816118242198268499479969197849530469675095580858670042513287079532180902815201900374761229887815704479090113401287597593360405751799573823203249727703146386109
542 5504427980511710128303881288360077757308238523411377756730183569247156085274330412777442414760761356241157650191412944726327841672062240849248142911993428754031548306682437722657588098538227993740974004285504404626067046263651418561617005130346275070924710149892108713768841084267764241026834158544630983062697713613365755278977312344105187272689505568822535363
543 25566307154633037999922680085530903570759859027218652677861638935966203411864293167620307474707699098918578594532147422534162140187595885321416123278088459777464389945748408929380185938892639749087064906757490331020247961928592843233416130416073161987001769922628419693842081204998284711692389820178033331300737265749119104675930881073500431926284045704847547186
544 118747318311588893224067560101235881859407810456071972268520097835226914648658580797200681484634873738909687939257143841112856858359298031498503390770366335637355280894499396510161714921300246982142731691727498428242156958001101114111514367961493247570601903606073851217323031468808331033463517729483160309887076051823050475219329205228686783162575154565944712153
545 551543307404819853819633999105117054312914217369671998983826477992656058010923798229363098822999042287111939348377463807781277838317929834890837684004014790392900339335238072947145421257038551074073346057467922256296008664612576626663299992274773216155097332720694430574640769828954457642989438253882589734746698241581267331817164602487206093416729088080527453065
546 2561742229368390324567178750698341796211080098884132124661180096311810237591999308092581022378295405680661102873238025055890771428086468806270984654970238909731264526562293569846402338014216588254046611468821870727874365725032347498404340456324039364396024861092400927708169109589620218700770567178588115461576876247633674681070226735484308417521088053117241314600
547 11898473178122697028555839507363167878862234252889471303167994160758479648664843001303113071846013629223432230787266289456139032401689982334658204353886966529829771303631457187854782667093232144138625968638430109383653521091416761796855794713479009892487924198493260569272399911629020322457781670604118678115600342579611513996709877606196346676003321681023584339513
548 55264601702494825732265757663312430580701925037517157546881842457511931202769830824617467837264975806108731295764030050861980262913166484146996000021095075114956253111673765843431379058195594378444223828565550671929683665944620379137144108248965303176676915715246408528012362592090007328457421667987044822536395837150209399490789183296493104672091247648314338393135
549 256686396280742982292666909556239015493189402529158953135633121119856073246644002239848888952993609435088887220149373916047399577774424447071343514728829320433433589421459877014477211272785231555699748630232546144286441527345023072331600231046220840846045449371795092711477748849691080378972516753333886917398241772509690326625363812344767897904972974039905130578146
550 1192226199155258331165637554842846506099400974547516072622325477306298583101964646355761109460214126047081703798239413595575662407710533721322496677056498454018439019481650167875587573147857782235001497103722321627299989513599199500510077476309138964821605433567110141953491189147778430170037411161189636279047396197915957883602245626149959774522615639555250875702197
551 5537509313105852411620338957287216311333639370822938750455530202839563482237749117615860662061539690476056841221799802190120966907234503114130654639423884830584339462402047517999513490736565944917078733881411798015905716356972466831037468823625796834734440501891912352566806415086106998903277813673649134896287388029128601906000461900320274102262566647489085647651805
552 25719959362125048747651222068289274893813753101859417525361047741178599665399603781435384165303400337459007148785451917647113192302322494924141568821478816965955092371544131682071865338845271572164640713466686765055445198763578664275672988667326049102567313539158412732631012209994360189245268674817443452175305191681789245322446099919147134416749510463307760778429264
553 119460983663490357229565189762607099239366590832734561741557430082159146073232846400119413867019940427624950369156861383181881601243765412304374751178948541863406756605555885965236303301274551080469076927585212105165769090785710529986661400265145932832947431686441539779160558467619532479916698224069894000531077775827993090661888423366676439537249417273268910525397061
554 554858054669554874341362555913675591157124937264103859720519041013575264518608637525622987321890347259073964654508673947570758053033089415815444416613541023884237611993874664733963833465003271009843993562636230127344053236115977343632235482464422581914958139947816316171681832315975558027921098110276605201843356026828145548734219792368725150816582720085661838283312651
555 2577138170056548259058461967250155164303579132300126013156086113033064822367753999056930651310884129248031355587932439223721735544271431493764393529904396522963757692875533357374394517745433316854622204546749897578776015027519446224693705122830069843932594622098774498693862075402546371851176740979854750657959958242792743911947449118205113137694806587385236467642015794
556 11969982397602277921771869997362795907688468143791158698090707463394209579233894962003739094331206993969589438000912023244156883748302867183945441667501270134953372275520833456367451091508045662514745003361897038917506213633458366076952142613089802572758046225155907952951514267966348953015939356316451440082716246725699667666061278560470835129787065902389124959508158177
557 55596739151849386113597579586899095930965264477612042189327908324301058716896083428742066238761818869298208189170035469510059441490434824202226670447529249301260318527991535424114194637913170126430628146196722480961564294256044113993995863718951643991666280024912567269798890101755856352365655446131674586042905674640217472113130532463583273747568304047025881198993234305
558 258229068485342462654050641703251525177528306922472284662235984294286184182872272210663915983492101761444960256748699028738452441041754632130308997921005116536297491818937497280298515786311923898849246038014622376336441326360312546517265772325865927771305389188453279854817802318121970679808301704385847677400941385421697773155123157556275740621061172031803584919200116472
559 1199391418059264901801187733332200077888427233421660779128983984251965492108060262522924080421231368710437847006863687451532519714311115519135141899244359483141304509238129788297530802090901845639784761990070434975872263565473159112019048193819928008547191357002671115008466463432886058964361631212193969022760058478400468463451883068235645750651521297460409415507286319521
560 5570789462828691603398087847057396085405398352448023857790917762254260218389575343285250839362178032779323348726011255435740036914042740923906352142877739819759960611749594740767241953610373518732729926891546384670512738230921575087194936668466575833574516147367619023738719686376242659530648172077025606333371795591271983578945763196932826693702962754474899866672318749207
561 25874535011580123354684485653941888645201586972924075638103336566798529855717174545447897857416635816095424616181997770528621907639691361391486256948282498124243219943284867839457550016678183536547538786457661816808691025940390994391301596155427722713637846722373316335069554022983887844271187704932252774639645411424634337815070833002101982956166437526562960751905523786786
562 120178938107909836731320033615762569134670145949015882537406792932215408703670600436234937062453465770118257329390977549493581165856311543656712021777168453811163501758992766134643415709148823620907431583438204821950221337582767450632732946791476121388925519932483971627258551267688676984283887406237604535016483239299065867267409493821831039700299637508307513981832985730077
563 558192723396995639738720424813002992253347520052735111486155384811165644001050566870628547523537312371959639088617257009037318691389998285708456049742795380294299650149265768860633117679147310867281746605053153111891948881032558659990121147816798356763837410896205537042275920511926851391839530137889813800088190165529133578138499493558348474907660359662662287933767705735349
564 2592626639566285451003931217531411641303925816056284016082250915702835972980028757191254127748308133687575727802606046114259414686166766064488985930293447264117884306387303911187108435794657557327185543661468934496636649561594000555443945814645742994760059552080145053444788377960621552070836755389308314179132759570879878183485989838851789984423985679787318141558255726025888
565 12041921383858992961027984365000584503890261237252742337353597663563255466171815586292061351341873261046546510527763761636209327658381117450997120569272910446862443270474030308789047577791819729151615338026058275607746042801681633825780772056505728093852510028790436476166378083700220790556239894585102159653668386414421800765645388727918106148258978582926566466083328717348877
566 55930872730405376588069348907994244974544927960666823502192662003053146237065499728391941399775573281566700988487858346959478927270687223088394163344969175589825276408257933472427967724585365320238897901466966902272964901446209481258329854389730469049947319093588257065550639774997356516922628968601129962177801765656207393021050029138293295909977040564860837273699987668998931
567 259781012071539590853683516936640226699773662760839484067602062782455731041023081915118076413420667289493640282402905474570150740814743698829269523217685275200155416105217647866887973683392181714238577859334593771752638351555480017307618159844362651363621523979851164729054895275460987159151972644218885173938074551583708855872543049906518894336897098454528353696531662206245298
568 1206599699564964599039155063967499423985626336577622538286081308241726098921068175285269401954784334709178682776150605335651403578395749634036755772871339853673747983521136095192168494270464405013426154589209231559804111870981265201941958840779808256845040500826054885906000153934342240195490357352789911677433517252557724133123632878149296895042319976308198619695338571468167977
569 5604269624561073292134837247946114301539995497284607225470961766223563140352488528211686111604093654494407372625639522126470236035568689349458734000580616333118743352821754518182337384099422486552967318291732454357358641455506347733526412807266236564499971864922620757567461080541975971887570666991524969783310332481049084134201580012187429385719830002731276979617291610851278521
570 26030039652837558412795541375595721376015472877170218774249310660240953714429633238467697437151114756573331733136572123573605955283442142745849219862223810634894383292213173001502195064564671227198139201172819174137037489578450367719998946610390314188050597145330966919353673235851997839229294491859392528491561745068617848981487163110159748416037667230527918663699556493597221064
571 120901207422075522900500089011672277498545084715746183903348280617632704703553717391544420475925587800098825835019391319778502352824030046620690015710296690100054188461810327930332888453998065951904183660590635440368135930134271745488953611866380481243577707733623545116700610352710797667703242400365384438684356916649096672745280844294361588059655286144361759400432426904383115849
572 561547433314121204660428647550487708769043147906701270436334380786048713842973538572277198960645990640764184675064395642586038604282357864875304080223230776070592273995076319484240720191099031765256296882626704899249442337233148384994069187520692033391695828893636343669169130900450687002426594363595258074878432020957020065533401323994030087076210989088365745731714992879494386367
573 2608208193991120072460185114961739339059290671819341475602364200543078246618207799244116528685792253340809059456313124532464858724027398496817733087949835334876147814178488194274014767313166232280915147965853400402615986881759996985335023998871268646326866629441812746845477791915350465785361812925027684166601381015984964034591626763208732590146895216041673980594144382113749852130
574 12114292719769344958815133193941366491650893681351395215029186638438759585975476500707720924197101543543570610302275497324273320830194553415060380290125366534946088255347102139923298503118727530082719734490387355183476442110474866611871806779772908274255696513520990277547444598756998310464560798768390493522650496515807218419697004247262033382802001181125524926323640923419458658501
575 56267014434797914770526812160568486566478818345443847658930219108636521624814262065720214745119020242181920694264463036134173463736181212002303792658341420771738510566136510992882638971762925876675895819381703059162085416822507045832710120124558024888970412285372482580299190984698517392731081482188595372364151128779118003798031333360472287702347169777931846675057894571443640163789
576 261342282759866877244371947457258059546944930982918808032283080704610461794514770866137742090207452181333589151134662241763137585392448558858768327555812072244490720237237978434947258494546487504934553073190166390977065154464509727957999454348529669053954105958465359235093996766401246996927044931854177516270858392866267787345007743292998845667320703273131110997675943831031028334576
577 1213851302476406458136986035822906277702780233859536905858975854503299890805536338617190379129504333049724243016614744946775511560030674893138397325057600030358542991226005251147841458325468318974020592909341191718761878109900205172028812638620439905270966613875741518383551984967467285046060139616361352340055346279061442718168433658311055048188457937177975671510027097858416963093525
578 5637951000365016260569704789033791302490663930330549522752394750172650929386254016716328712336629452325465107873592684851200980305814315999997710183180806747978914504648613944029555640560565698960588479138752434829885201045266930465851053151498228071536555649496823803876538957458525961668751086424774331405462475140928183392834854270478599153901904113112192674498334079073112857626075
579 26186478869090902811109780907790201129634996145278167268105047511494489499927324899520763049084686317960812646021974805995688240786753561553767881746758284722092772827842336105648657832694810769357845385242969809256738472599165929212497382061658058372994923801107035515339938483327222461266284076314887323835498106029802970279508357101515522332131888301647112408484629930519792486184882
580 121627817538135439117243420560406667633000254399279558523479393211840742401936305923772696390331249771629217371660996863888433781961210674690071376441421881490019969706249948021764901567841911513747604290844038596414326345395764440695790110939636783395591001091131023622349894792471590083636971716982050126945486311381436299456699715290911420114748402606304776584018985576610187828421297
581 564922304867463686965699867940266159215247909741927156594796130626176742826750385262567861459325112125069159796044002927893548123438760232845217479563788336462005800245833395716921632638815560946239083633318504619424012528214062899422517716013644125825026621490742458659028348868697563635592499611795836288131442860133774431055301040104842031928166395579486950179795996534528307128619313
582 2623883392766664095825693007796410863969100694594976408993886488243907141702581460790704950207143142119261488985187623954959678145831489842483277860309255129588750894808710578903935175135591053240612006546409223805489459531254627998105624284193814824219379462962570611068296116697107447051192203552103526942172834082993922460459424844426243787018950609964693294402174794392817407277455000
583 12187099003732793325775967415139902252056214587222021077923439556662470780189823626560237890283918662289301893972307348648994582754155145494188295788756239778571195011871954716013916701657564573981936310729678452931543840360758890842779546026452381851020230324667438480103523352544745258009480078928569543471284948300973146673505040828326843250549711376679276249501096201705916151581977137
584 56605176333761286026120274642907822789681671669440166677444555069304588562658837636420634101107158410182147064215830364679644877053741831486107490380028401366984621513636279547471946158092740112180493717755926230050855381210351172036917303428904247933748763466883813956182397649852852450589512959006635216678171251006465906440202373791213331001653788857796180867909323079026849462096275495
585 262912936605734402532079876445619606572301423178660802505856443869706717727516470147043259913211947458456581398130605254014394248783613306937446931050332667070430312788713984521728214471179120734011925883003118951061964314038710777484498233068359631463522091434154218645295884435121958143244086723272486048465959884242282114068334732134297108560763447416230633875513166881870153722625537058
586 1221146487153038704451103852897341750532872175030933708695462513777124266296543475099855545080515473215482653913861140275845402811036537814499647544578903339248746558172828383537293497909352687313075201944398757748477089727081489858343146898598898385967684259290339192665598662889819862831037354978002632903273996741455661636569843824248722401835304089309127461751977580574015559752392039341
587 5671834799526870971850339388087135791682891011413903152910702497713403477684298942898512301922356742325685886075543802578229154048097899735183421020620770236938335666069135772021279325417752513623212441687850663270179558138449182839787165202539751208383449800407872768871961072365592617944964526875685324772699641308502676744155568908250674025072642274577497248062262932940653582190411094309
588 26343858277088415098356583844114888204996549692942911549037580133449666882084874450189055358339701202242728221501486186272398494526938955964190783394562918116304978291097048704286478057498288387408267737932290129211572672895051317150820394459818367259871976619488474435991538938043003985342527914730474635717638787861005025261483955216281871375253869657470537710679445005783020636853843968320
589 122358794544088501293888553639753630435282383606171655337366840713905252192208636704347196514366001602703094407870684062640235698676098146723072592077558781792283089334931431760058193722208404666418840591261953621551321423108257320166972086105564069706868787341152058545970673485576278576137041930062894584914184225662572431293927059484932967102064252031045113099715446384229063179580232871517
590 568317459227432745088185471679858540797784704999020901335795443212070882122606991556758067871208432066592087528503183762171070196741386521249862875530643432724902771104604090117821347566339903390230377558703612788313646616052462966889324832989509428881644944820212291457293121602351184677294001177744939811990433757047057134826614000016875737283205273237355519016294013782682678680360985376867
591 2639652798690709107836612264107187200392421663019516099149353569542797758225016810356886449391253302168780295840067167778441953931573623501520637423610627506463812347956952233442815136499817441915003967720467092403603715424633510411883266325747337266164173244900578277925604563139665525868811813246950324787679629961709003236091774641160318954357995048283452545428427217675749828632141487802930
592 12260342849765046251452047085621455900318581212825171706955727471914816028139143400403444117840044111938310420645632653794727324961084443289698588937362489901513171348105932682760037418243390819221404736216877636534238670849045024880989721523503742250236772351813831793122145018126770058067546040889136052535588335571254994162312743172319614024094431566894056126362963918386098568102392245499769
593 56945370568562255806582447775475835844235869153300358362431716650040239656890437910343471268477368172834543785067845864939776104187195666427174319625750588490227100445677327782221762241425091214224247667556583475132856218737387653841004892587494777440925866152509123736303145675124097859798934641930921754459359128615713343552674417752352043200635009568884974757934702843976310864943355765085929
594 264493030001442414965390274012964079127838175526572395535419504224392905050429155287614873705591119912198389810425361865507054903738525364196845229679586738911106793531724483753864357922677052462061051024163938749444300671138358431619221881898409146637281465053349411039875593878412627153047974092071696966505680969986674398849919781437878758160230996548931908079076073118007027598233084071380072
595 1228485515519056623571007343337562872522201898495314794907582780700289784578369794562159657728549987653585203081871729016722684313483831071718595067148753166006999337713411547468882340229647454757896176917639828249918153132023652749387620252234974667698973372419164430082558504427263487422887505081797355833348622213691579260915614921725450247845590177019392340873154159602866637967127603032935257
596 5705922238600737436009898224777922525635238536729115662603031621541493490905635635498752070376258948220986171046959592207275382837735775545163523502589425461303851709842023955938637276190494631802279242312479673484911248045042696123311526783793444057516939678062072240836313977286467697452443126713180375708388917501028911088562465984564609082794289516554693216410711267288966018506091901462465615
597 26502183527334725583686929954635829456247955093623840543051976810630535808011152796238650736681619260826610367798502595158723780617871487192917032302736553283166584313045707756449190565091965852955466411164566167689620039872900196129651833241308539634022886823213843957707086930884726621480446192565752130281328425171847164529428116888395493852768394260982301214798866121677613490222428599992729826
598 123094164684721173823459125645687513927443927311788383345529415392928447309987645947233145071754286135624907602176910033852699220761896588252085680797621700167463797753444309375123144051618451199913474395217797823523786984502706133935150743258397933074155162741774914051823360667984815903404141803322750192160717908886496751366141070073807283855188435888761156282826205826779388515452615343123648213
599 571733018292666045289240757670650914072192056535709283395245359866316521005668152045392757313724442065531109738163688963944793857051336877564876390539373456772105506627509381256471139096579253719480257490674741663050724547357620043594921398005239007516560060526426820460769417338402415244261848376872682696884947765554370073044215400969704757232581640640066325669758985559330671144403399410518835389
600 2655516977943432838284566173397421166959782414559496174380148823819368203108137923695107418489329049407418100674737099074701154169957945816515864159428718777136767315308562676571311732103553579703436740923912522265472218935607077133057385402522998430877098296917928155647080474039288630785478670867144186931501807960072546566666830132743264330872717181503282873726739461849380850175151898610026787984
601 12334026887591913566299050760611089766141923529882888688892042288781486050167133643155500233591065221834618133413203832139835303694421464215402678782359920397028304429910668457903390375855345339864037650218464860138504743198881740311759923409694244169897913145353269876142380325693867723114027192818760431122052857006822288201695565183557970322931806512567764842778973746698805884522900394164693678309
602 57287609353435986171639484395526287305383326030640286622563756079695924026200848722611566477769914758929952907298127606579474661780486529492257109947744589843806283381131569603711145216503776477698561545634703052501854027733850967620652366128596323796900404437320541486088663569394376382222777828620529914329374537404583619272910036428792788963792761763054817485137140666789438073796456840641448561835
603 266082619678206023131855911099372754019291716358527996579360740322173198520303246630119750977971397038602753403986287041057585638421403456055593834276741604603099488218912905276434116672249323215252848260860653925041037272812849680535071569803368598663367823019777709928318966657456435752443354305617520299640182804813012313808907778140789142342697856211755475525761202607816737177240204947628352323890
604 1235868651072806611678099455813083598492558446581082144502356478459341501396966753601052680133722881523661231165810914525118879594407798059510809470121253330668224243246169491312685209185542514535922140753110261349617261543267488433528504692243724426121094438312973772629209782508928257267776682953709069148556935601579576934998145964981310914437151721325246784053881848129743762426206195849486518170497
605 5740214541452144015616366088833780080718666226653348144832659201246535197176499288955616662532949026309423116715009538543598619871792363854344712187163858512481282580828813029716457618972883474050425498036493429226528877047246119383326606252728853949853087587016205054444923786058120164468672898603503498425625812408520070081796929872959729499597053923129318951708090762181085522648239474245322145244641
606 26661460304293710416474549838469048750209554292543368527846460079816646999225557994731606172816419865226533440074791496176061811435898233708343886321442643155025445219028353734507214489687617308583122015982357740186084403940906280917525093735710053448437262832367912353245751669226549411559601399225240733215883603012426946317145869274511370454995798123268469589543509054325518242621804909468930906611256
607 123833954362549754782826372450376290679011220134403819263965494246460640048213476249448513896167887735722640368078553043334724246385222079534922852849627391520397486438447775857810536239676762496355038348411470907003805966859193599413644678647325779854854909932454903071371712357604653443997342233656995303864338650182397457879024640666634640549895007363027097644086679548006320053833102749692936935155649
608 575169104694405874998422921229248034610555880511134261145076357743154738316533139196982778291623800402160456560396055409440014615558985560960414950700033458090927994543561623770619171083156062174337092929968359496173598764168499760933895585109850854800588639699937563906598033098850776887857753065798454441203027964997273449978249190897429341101415911727342274793514283055363870924378237775508705176248631
609 2671476500107727128945730372956867390787403512302817166572782361393768247186859364505453595794282362850375359305069094187402107980520409502143657006695176831396620525133736191528436456125224928905474521144179985225573500065324552104568485998205363672075673101927295920841921640163244197229697490618093642473492377707916976520428288840614949306112040159758469712173492056282357947151738898828751420852340258
610 12408153762743723654635929259544672094864291232233926226707445901400339238676768388482420979384913172351314916650970886430089684702356478550452745443619191493488203720816273282790096902212938084418323579371821216718423607383791491272140155980011322283773733971051696321114902671095242716682585864009395061151018899706253401479436737070755387373054832743237572450160538491628187472098342618397638286213483581
611 57631904976024572146575586435765156348561329330543395394428783200622013560377111420276980865492623717954484030458701428582131086832549437775835980819598121444129844191534063175651575024214849611907757133331269362244238126545287871956102440377213385237728564049441493109782574281817822914782616516221218629706032990090461055174513847194934394761841676228350269445515342181184285060851908816265400710306136725
612 267681762708192057055222482563385535045346442656768629957242356584601057815077318258327963727804070812813726976678187307538892757271297967174481915135689062091346610232377128221032891659821689350622164427067072851633547792952634238678712123712180441986196960462291483674590305583921345505125958781475734128831502955601108385293245738469075361862096477710493456838668286873836410018353540187425004049538575840
613 1243296158896246743769542586128284698953195922598049897507051208775337084313032744500508297445484954354100194888683763257130637803138467045635745795717849417137827093294592336708603862413837711485926595007592860448992827979286963143833917728885191581306493384099963346664423856854443659416074160418312060042205296059678465041537550948775704376249057800117759480156236960565176323164079915086843699133220408749
614 5774712939301988738825389835412543156378752414489323194596080766030965295721641651571099520353098170746965123995254980314869990276363177166839409990569730944231605754514951775277735001756904638793638951675847127260719208597309792641030910585750106531134631375242265677336888962866115868060342652203193272795385826096426950030736927039139784102408457487384928971745803339424947407574285786097239571819175775411
615 26821694326592584929032748880982426046016061675557213203364465647582141525012084842233814451227438249317681636119760410079616305892790049370804321779373768564854694482715665205591320567468229416520833056636230894779974698126873794260250359981110632810344518109920368085247050508230621313235128834766611033047934897474998766417753756630195216654718732434811863589685195073003335181948793190793428153077138599090
616 124578190138768324222084155202669997208629916681206252608958236949256610558203425233700834441001032927428599335833489384420232860173651116948726416705116993726167564282796452471172661790256579347486546645889398067857134359330053618449332435294450599696753958811368173290644854997731436811011937051344933817159918497757023448169485262913368216290487564753435576382985955130403120386779929186783469621123812049097
617 578625841800902059377878164147787304028081747285897128769916310468987412870857224713576231829690545049631784931452722636541056671766642014397751342118221575348102325062831852704881607447450443982599533111698070394569475869675540003884713637706446653491532303234835158006342370292074251966798162708643901898365723485969092743979892172694886129793655890895108578772139709436897606771539890857968429677789199492121
618 2687531938189648072570729840538800338631786426072192103117409587886335437498033610076118720546388573442533589267540790598490792598484203719825180375473628332756621673081595835314284384529986061248492678048334932573121892980512201344672115583756874893424100576444779002763810204230585066620662560336282897450369701253499478145772000503214088695121623303844446336379520893414226139376979516913333705057047874246664
619 12482726136650307808445468804115102538051709311249630147495808517304913517697101431908880745546298381228172550849995512938444907446374010922351150704270940249902987739616889956337073771660675991607478616231891131771461458754850177958176355429096602489925634644954436962000175064777983316259910919985525673579336818639518378297524750393338392908129274727939444867269319192377938621112739742725994189493159369621865
620 57978269797818213661033407032873846410012299279305472474425581609403394843997438489040982501135940598485731846114798560385304149341642546008810770636511395189513520549320209457380290153628904426152967736820085706759626092515387921028445456921312409150487950135624546931553826791373556993796720908510751199549889012045312312731097197412707722185679403925042526332906887916368800362830283529414738518246137592969439
621 269290516506568170724394296853713020653675574675043242177167823798785267727158372459805462557654209877759952084566150715209171061229944433240566736370557383254725815310912191417013152674218502816693279860985968419230463661860434067181777306433086887311640341722942267726499928999222818007471233677708965811024810007566503867219618847462306062185704177268739147262097995428936866645573083437882645355526791689184226
622 1250768305664464199416639014908704565948822652354683470341365471666529205420116853960042035403182448029401808922435547269642710976435029636353288282611015691152921574085228324865890465669900549970442179254462906199306477231910472873795069528177999167337547185594131575589773884946022148162299048012505686023917741680264651831716771868797897798577146490527326744506830575226714595734591336576220191236305251063412197
623 5809418670770744697492790377983170952167995669877777608535640791340920078892339317769415298093039217017334258717136866167755904717579607260589055810416435927154344649568708100301191028917431005454397336724159828749202651026831846097570483571970795522836534088827008144075456035416438006344414685522459707272441878146662098918878280537915706217666406618992224670735070326789755030135766627149762345835763522674941101
624 26982891347227223569955101606540419821558006356725379622134561482490606769368444970525333286984172912319744352181727858700257192643018024791918688821404398547260663195883469974107132095148237107879659889897320533432219737606560340153418363287969823539283052726023520109263023380026259184388134069454712188307310827234768632666563923550834917319647624920927631436511860988037626532130749281877470911297152036606132528
625 125326898734202389574997037887381335990902976162863296663037919159070007878725555457355743562596216625551363287004538921986982354814481686652824845567786164922837926037021543380659319641461625178321489084689823085440507544892492242409099397249082240876858617099908966112304974191231896053847595587160648052226559171524286653303258298855994606269270144950330288486571222429405842557205046019081822504867137388724446901
626 582103353721841339191657570076658194645849061896681550698189811811188309527372263054434941117503295792817405399995807857943806604565063497608014945835188301234714464060182318354502649611138802800417934032896267138558109781166658790097371754663319937021020880778138819655290527982554238747006974966412863618267456744724106033982826347472669585308981663889120403949681406278795874092624065067510818763092009969813992059
627 2703683868638989056171206933310087850950448815387046239272110066852632291804073391505134423782427905106716890073294653874442935736362203590167390405058309078264406152599693448073416330832618001352633984354831055536003962458576152088702352784140927072095141602230736362931548353121294738360222593455303823117455152499307377873765309221613274976423503198840840942345992421596091920665738816788987223199671277055991577778
628 12557746686736555432316960297834790946523017651967645723214412983048696884021192985460793501001446310871266104478799008470300373458048380479211949617585768483933412969393932491763758803107841350630460319123269505738312946028578302093434793924278213085082739831046392505906585303228124506980167167356456590930360099874511595942279877175606496454001166960988768967068777171866280253963847833272333201703579879598391351633
629 58326716254599038908759613576804213837781973630383007865619282292050401474211668328288444921888401934388614487824711559659808550969651688285082071824558672052598079590489292714175607177759320214476516799409665843414839192960439740917068490028250474546798829561906745087564263863463118545540651015066053776063825165734777746270231867225287607125053903490980993981507210340243913864904160773286443052950518380381539977105
630 270908938833564259624525565358724776679887375967178759948872328309623697126192158875971273295789283958875376146481548730533296745987424780672277031902208428257226821129180496450325543813017206351065137422747675350388729457374988462511655893514219182568425563390495199026169140577524050134150595914448653254290111473278419043311672106815316206566979222604643129914216930550849081211271243618219620342977618978511980062168
631 1258285359655249887768631170124346390631375253464174582142655538067492364975197206935646795248425369863574871948290991615109683922414260914611657004961937327799618030616642607889486668749662459172860578789431104434639318228507833322416644117906778385577231274534681159378051310143686465440106934691935831954269743852143323805343958627091312967930318476061954995425920566308243306933451615973958940283123050146495771093585
632 5844332981922931117484548056379375194065864587675792982873012495401745113159956680473863876110598024301787826403066325388492414521843724375434394439015266910811491509603256863530403165849791051089681512386148070910093510691227224049248797522096547644948909413623305194169989811526167542778236971771665955952894289269982573345173731918941743168484036139561156680977558416055371670928749056847177281649250328349433273914695
633 27145057153768713799827367609472762619376483631107302896014050191446951215755631325256774637658772397606017981982847450909034361019455623168241826183974650052752478221317270521224399690977578811462281403069089560537401054055817740296607631076973405378729017301193419787361824526863563012976693308520850301255526819213329438887320918614107720447713797207187151137485096435208441690749276504904398065188027799565944613853730
634 126080107030268262429929709103903475165733123560673199796277999623961648294709570182241717480066307598036882097830016745002869384084388704881817671566439036950199684588286619508669772280666358195096585673512517695576207462775098625735162179143598063757402760349816792183051078958486579588852540681704755694435179189558409018690804157409793879209873336951425284804118187439719995020083171467820631957021215591926913486896589
635 585601765312803369011060403027723471267633473090147041590208158756803638659792956438221297241509241520670669439167181623857343772711406554910700590953631602418131254275681103204296268302954568409217535440972078082278895007155316330137890736989684096056676729120366777668597629355154040450172927609495023840344809082131119511141506561820391594397813719410031685660444801448267453256262193047511103787630404932332455625137413
636 2719932871369977447251641182825287997524536812477999136774237593109790064718562682590026772074069219797671822969402395540277463197033661503842823879273429703280224679476007860302550029050095528340710585337060415997015391553186655131275705545786554802047893573479636732785797644671336043540337923545968513955405813724251848577192953608718614449196512555294442295182473020941485911098389389186259137160718809170237893637014144
637 12633218106518543530317345396236700082611100805518599808917708983786805730968214783605214165904209930000140843090977880220007398452792321115542352535813238160922358340188432334506247638836967733393187430555772894744169378298926824403895765768922024192415027104688470102064601471613488448792689426098350144105198916259215817704644489694234933768407315309830562698457740409289707552176650376354567134325672500391480577973571069
638 58677256856887595063200827008997584372803595560196333900668399764400482365444699035583880661821529452641885133230625802265012466567053936398183127886541518934094500721711161950636206232675745233025056587571320600679622093047064220170594771298838601753334535048088047380556715056201617820848457171322401054330694567841431069503036488249686876724854934470183655338828245232391870563479946162600070931152624601666742157811394563
639 272537087796546267282774589934103422568390959628232237073310541175159195425392141975243205602253650793426741863247357765150051030507991182213838149851045570274636830915737229702489132077744682243652630298262856576888748858960956742595999718079770077600311975252221854109577967450439027266137271040218950598820644582598468103110523574686299359387858940377612631872350931912495219970534537751358692935866556988415661616143204658
640 1265847590758730615566481550018471785963351909545303318620113205940556574407208928834984078726989633530048751095704342937724714206318092990468224264031864767981892441070847810183610619849697573953493129584296436344833817802997757269730672246271135852728889355040333790374882895849244371592777172468233004898586660231394327298126249665283078227077578562518617646095901793417386326168072189130883081515017066482816313253915985689
641 5879457126311851697860674760283460451917194645641030287776603985983257692512875216955355256546036849062212183093839051879332445916387720286248420473953249675322068576128085439990265188986285665370431904227259579131590871628364651787264865570311481929446685103274955962801104641707792448000554876615811986760534789891876084806068017089168054817212618426803534736322117410564605714090002494021810137481729125546195052189717042761
642 27308197568571151365361807417067129002835090100560198575306524836878359369819442465513958067070286156573835165778729231011876322104524637076994043127995878408368057606689526520668537173170026528168088834802449306005824714363097156989974127428855630993147684789826394911068921090306357342317456690283199547521662002925308157658934036745859986608908687209718472763053951388186386217023464484639577690173242335227576424872920742824
643 126837842069938201106443146356101428159418837486784564998104333017421412939290024442577442510458913091921721807461745656498759497820797043357983402075195459618659162506038578567237440689709958422408633123909209263624652349684995284907490362614491970241315156786109231056597760313534765233610480618578733152552907065031514337908695484565293377190596838664014308966404449450313702057733871785999625473228655265343831104950997091449
644 589121202179743495742872312573634981026320933737529069748271321690482682543691753358244227109305060831554219825855721425254799328138000038386509010073890565239086289534445363981506532226922825596472609798036626785923086241752354956815956192936893136367295267557690375599549628646140146921966421777591191807896917995647566509259153585821988206136335964064758128916159148624584178071395944763639203552135693621944642106698348439663
645 2736279529782095666074242010036230670236318160548824068440054963003717487908240629975431707286780343493511082575586970648659820154508109635249222433871745266364071353077255120823163837975958013634936062515006640976136188546735788260239530179717789687506553312376126662646163518066677068944002161551215183173786184573592608578978238134685367295931254481064698544007751476578745770491285919985831450339746302005326064526875250231522
646 12709143105700243926196061855523239961900573179920615825183287839550204952942952975665593507556945172250442268036044414115270192149761688107145785840637602355810233217440002846633599279432468893858158663800057532640188072752493661918164236121132125480197890906664351276472839215021652510273921540555041721144329104716194422496247757099272938190434564846831740276282127995658390326654145946864227605552400164934985262500812351333877
647 59029904190392022379623123691215827974176247834711319454048804908673091327351880124675829744242604522469150557413314003313864157325464797788929732540719042761092249502408079838414655503229636418872850665637864245123527615878043945042380341715733559846990365647765497614792049536119097614397865940258249118524946699383069682363791348833090087792917811637300653533102909361430251646790796372298177169024998854164416757513389696541085
648 274175021852102455286069737191923713054836823242024412995862899433215184417199794982115921230107137731300306803528778903334625206220156735405332118175314140235275255641840182342934423205291093797110307435618294947731764078347743183049290711846721398288690920336367802584659972880926691062820170326549170902920416544115591236866582673716292114621815211334809420322297898054990976629801744607183317407286981467805480251138523113883088
649 1273455270487059143997199686892820165998099636321032248183358600689250718218437171750730733596591996362520590893537640480117524679498655438382197717736483958778101735429821756725840106013425156045736807909006391491966097892451096038455253841474399185436927491375514408539759231311021739417420146144934944624714327394843991795141312275907232308357258067564945452000553241689769976725890747039077531808528394215840144406249968755023237
650 5914792365024601825205330337955844692091780084088180331227413985600588133473095762783035269612063338910930768846950408822380646264583675110081072241602219111287435853254030719313612596898623299358735848028785433509204652241912463016133472581228487467815018349920145699772709788656252863228709625090877798377995685474803564465369029147171183669965517712281438754592464854736492876708412221209412912844113188641183964629081253067425611
651 27472318448980684412575167560621056161267181053194664583258767474758663258989281296293554903341333587931812467233124696541855226766153842830074397077312945631727296469604117861511881721162287732049929806409322166155943878643244336553424154564467969727217999533627479618009114143287516145573911447136965519316837814233042830924684388482901006651746585597699273302296835003015489702526741690285119296132743012652091844118677629402425906
652 127600131058711353689756735925465766365548448995942581432696850718529073891124696285418501311938217397843192570949836408096544182306035364292478153341375982282664876037940962882078740502177580605549090084709871852496144122125663810682687895386356000066722651259512871709246844117829689809092716124573598360745223229319062213900673297878721397707003319177216044985736738530321738334477136937449875889226439615452041852212909757262914593
653 592661790683502478428878877195959441051287390848307169262421400512468274769306300430442186669057634538173052429300662608895262741469087033480426238365112805961517433222413871654581166897092706403690427974117756359553852759151692737668725476495744470320500893395883295111257004386010603924640420017853544868628199220162226356347223701793234069559258282458106258612221856737036191022124657306458554439683493241667258349425871711773075009
654 2752724430781027391510655588270959996835370149354666911382023591022785419123469672740024268122395824796746126717394111104785555795437520576641349501407826890150676737053197701291536133769166027675476651085631611228968125208376838064308110295929806013712661746033950238339135779025850915683559325726705934987121879331368596894037918866663928015901299648455365080984758816585752650078520413418793861653479941440032814879141888925883043192
655 12785524410270811689071580738482662795513805092307711664423137902733183774256574203846019353471721031383541506215882278505742206298492558558508538150367455685118204694921204970628961408301408241071752035170170520121226344053636010294183371521798588043034911121619042589784059609054540424564369158206307514186505122122195772102908888145156865170805279887808936108187201293815984471201740234941524344158473088067771580445348632541955621345
656 59384670916459927810771817821964822487518600715034498332754478939523700571101727293035404852777601407913135035336159458450742757798838942019441529611238816318918479862905121468394414307077271230546873881649740514762545020013818776978600045779687370826051338784331752237773728491670167727692531640926363696437742969290562784233540162171641889889098639970969437200659289531406825280943708569336036000232454430939742969478428769360414708823
657 275822799808142211675720973281796822157201865517091291467075952950337432574072710527788940682196679426297020828861986374410615655182906364574932353861242833615476430510447334930190600845520066343842726369244047441332446213964928300193560142680736522419391142582822447790392168305468636523497234847033900450773596592318755968524650330577506794023116321174907329290804554352623432959724291750687457035222463299614163872652036308312764166178
658 1281108671984162482297707677495319770724138559948558344765190776283840187498505321578042466687740356345450313151387866223862504686289488850203589274583454126233275468830470419725913361742111688765156291172792147376168365427694460427446337898255346104599994381607566880862849032279061977618754305527804238373615325008013196111877543249529443785279782128182927252346963611865063641477662192376021386961813106492880138680039882704071748075613
659 5950339966727346279029156106546562606309504064883451184283046559222265327189096138707703047766458233892655188625439070727195472452040043515028402541699675298450683074416686388731601941457190854709463830155529479003239754724348070838805717147691124472922319383276355781963014203680934164953612663776039984691254938804609781490451932294624623343207338561940771985438504569197777145734253159096690078588807320688438726949696297348956538214517
660 27637425687545813944469559035560819801349708628593743726039096394490261777441627441131187864540994596204876187627978779007360417278748335314262597701702774151639127771499352371049457067393930149996548541771549430516288904610030155762816028691766362433198117470295681995952436232210079475411069959759311071096645826512703355095534886799921378354267168199014484036065731994602033359965519113156755017969840584545891438594919111834169854762784
661 128367001365590536383533518692210028790351389425122741551311825348480110198470050079443022216336015337431524951121298223087785594627246857277354978907935695776716816260362353071234126648544106693716687459368396165450924282702700917109314136619571906885557831840387172719195574963798094686621073674810632279524812638024490775474595219603468969282926364727350810306647591572588520174070516064099153059682075061201109678873476671726845938974541
662 596223657944343311232326509093654530636560277333077917573974608350642341179443144565316658819608279237592935478636978409343043452914821099305947929101243651197749332599550813722860137354775340075626006891758341056724775035376606182381755079024441189087352500838414767144891797700106847320302224273508173402582611459536363234760977245272492212236525187867309245027369743546540851713329071183871114196131044823209806042517271456325135346899539
663 2769268164799729652526987098799366412982231956961120317742593399750713042796029443058353795474766784770804175484910881613879304668132941816648589949839169904206416628378305257067008681843378913301611669027923672593367819109152736770201750629738934909485352227880274233060298443286111626740245086412060024925839664309953976550131547865472313421833890578481867477594949825189759979038573474267182979619571129170936253404315501985470735692826546
664 12862364762602458257615061142229034640901154570391869223797523950392461442669262467971527850102738027488826564308052476648558702900752890327707831164233973273338064981914601047042121339642226178765317371112748137209629323321980225880016947689666995252251065167725808021738546610074953159933175286157401620900358535922924614843583013292198642129883135917973531292803186561959969916017510516894634393348175390937745609189028913459668510020311657
665 59741569772532974360010793764763604366323966546729054128566075888797423733733945861536376153310608752102397973736653063206734822959435705956027918134925169279107098397959022418509869633782322565805096594425075834989969516623236663137094798158068081019550286556340464448396473334878693255738820975130491491733370604750385259550031552807768404609140773054768832670548360458573141161406268132499574854224749355451743811134526629626357667726482809
666 277480480826007473073884979474174135301101955426954126332872704647285813127038617088577675658947118196594896364043724105335987582781762143399867625449623744140023511639407294261245876564851556089551415013005525105024834054197687860856697263280146095574266975991073659652487408250637364283802314521440803272882164686435143862915435221019974634369370499858809978173291856669336897308575316808170864433850414608034456680442431009350870130055794504
667 1288808070035548768108151174601983703928549204671197632261239998681057371691829589213669410529669760304179758181840281918922188800670933846014491574136000401276740118864773168344380026747526203232443599736584323907213792258283235190474414442543329698469255053926587111489522573615215846007862791662139129676793240973900336861593203397829874975121927027322446600468756276693127625263843690155113555906273772286404110803429829010939184858763748489
668 5986101207710869053881431304412800142966956368474486586339400541339875345643306036023596795974276397039570981149063985741857713852326480336808025407127677881361270034756878375105478245548151966763457134189043703060654139623001110321794750761362755466510315424830105233384809348176862212603131312035233576865617534869303491179064915413042741340883314151804337751148377031612325183617454372870780133459412158873022785671224408424357221977845115647
669 27803525212228958173782882068276026993975926539771920040051278701220644871312275871550179239217077859784404179372488170173961948739461972381554407804352127055773289617654252335036846397500174041086337099688914810011068079512056120058688650612961326979175461459563159851957953116076845746446248395902973402006365517079270727162797052824095024244073571159917120568336629470051839847655153269895694202064380719757347138436138338662547136646092058594
670 129138480524064882250955309307637275867944341124093182727893398448642136696487171290504035080832755223625014289759900747552133273937135376465721704828265833457203871037109264563808016104720801639824750120704667719151060995959815382410519544291886472583138146281434474725293401205889595192794055002441287005013698746620082785701836632935368332759512443419470299261768483932995254004580452309884511509673343866600105950000464489211876179138183802629
671 599806931846515312500107708960796614175735808127019789173458691440663212261400013885184544594690698837965195991603918314184160344868864929975895903264287960486433552340098809005543131967529816205820552691394049886705655749775422748947683030803248952620850669136168123112469466266766362079772743407378412318315728371055294284863957491169110677602219966320768011754549462183029856598193030008945130163658031753512648485438837448091714327629013516173
672 2785911325819631561868400899800226382600699574936697375979430646181821406797303017063193954912231299762396086005775472211367293912589261378918817187311825803256394899005299990309455221895243728600358573999108729551965169816824918251240324144435106283623892766040500078411281960655214530091342710154871422029364434992380084069193666907438851177100847083087824722059925484789564442237121953987332643273577734888614587861084758346664366887111935533680
673 12939666921548912776739393411051049398611823077067012359799882961628108165405168100096898596984533409959906388688431398530350381746722015382639181801420991216931620243751599556062132305941026157842917660013307305908071137771267973606350207752296449673169221203408533375965888768945281264037401360020787517313570832554984049183816993190579012709984047311319657653091346965537411820233838504354095537480094408651124049940020789816251949468696026934613
674 60100613572604202493385708650947094406495136464314032157145382448542426718692263275127606140817968450740597534080458032611415188264208088299357164797879551014138135800519066579339823544414871191874318184777268820609705192285986474702983031607867482606116172864132044894088663754355064387486493612201085683986388059201260028664437184183168393778080493875464621703882355110461853050527053524113026678421383936807804980340431115709620267666430794160923
675 279148124422596836349771639793046689261167779381439998604066587717568468524028887767495131684859776425653430153688144932870655973578225302050427170233273653390446969320235474111654510788688135944754242347876185963209251941644120003052836395857963097422610560726746044908951972958215406856673119219871319458485308484375717813383648131896701881632574872979333513634079131144776202399824307592043380934116921530569142794802717450926526770787828537280946
676 1296553741078173086678044398399924638764654513254794301031616110515845171165659866762649640023405716620020514847643823147026963597254913597529901232900067671112136432474405848830166282059043400240142019485163662674515377129870045749792096789337558692243208104355510064342347505669034394539578745760383254646651094076578724644747636126986636477058616469421315440374876920263224316459782598466400609807594248152216546142871456033729814676763935835153393
677 6022077371936396933579657771177234356225128179313846422220301191844694158203355822912193032474873540494135174498988595430923668643416103108282048701643869731416662543675467245040929304992624694002246332401501294794168274315034089008674934279783472505923342727275375248769011751232100553987090803866324911371485387166069373127522765029699856790547678781349879307113750594134023290885565048800662392218893407718892768371189134951527553494832695749161457
678 27970622986619288366753972199670192893434076103770370963857474018485471714072816843595602011586802294753732634942271000368598883098852681833991182256543185827335057605162311288452208928978860271957671860612588770781351126548797255394549679592459940551315566995845192264233907087000700688686870137153603092410813795892316849587447692507673405360841325109014460317855880796743085240118970530413636574017855075485510096728341328500051310838443128171623704
679 129914596233098395624823155076800456632236075969097656271246430565140592716474633099402210795798597650201269464278107203582712813352952117801469800662966123687269260554458692373711735336960958612186412413224488817964005587161549848140888906611694102009792373438438076169245767953761510750658351728977087706595926861884351907275046967173688660256090466553807278608993018793801984659118625447966764255487079866513991864112039670565946073662340553739239025
680 603411741042845643768400935856863183095731515201297646988717631413088267972078051224669280464663677691311672710991825728302386972425231164656163919856340012027471427585906660618852391767809686889397331989652453328183126453887085415444241660799039094576191254187121766108685006046304403052470900866985256349252460370097880588274241145659091647053055594334119128321212433299767568768219846531463897028751188665170806382741988860908771380331422295764872807
681 2802654511391960453056485941453983805672942123489890014188953960345955499314697585070587856958182250253114261941752119264365583727089935233297387755537964595068316856857655801868154413673978699598930188496971703781974987260967354258206282767006282796407346909114058544705401106292773987387632253355998035360385340570779619072963508841373023286069530988666784120895909095558109986628415370103214384835667046330931065876278441324101558706104294761961916450
682 13017433662544475181920913030407329440001577774295796509254097871665975995302469126880245256601460313697253317722267630417717985815433357306898298972749906874339111929721066326192212738247976833208294784024339743845521620544757273377288627485588492484356234659758517230688892530811074378160513839236641585863553040211243771236755001282764511382636216209643984043549820462354325188522997899232310401882738960183465876605966948125556241113368092769839211501
683 60461815207678100030146437022364547523955639814776786537666967070165011970314046528291963038808892524203002006994457905363131756353410750526380751584493276257385840123648088080500582236978289689341571532779821613398879762785273062742499355222804773778940460594821201042400391858426979820107769886240415029439194604035781452776951711563745816109567985625073271459196063289634918211855546697703091252092038845900837359949344708933529246270210359333539816677
684 280825790472502436089081247304082661638206925842088455991277601500130774310469046796857092944495758738505240192567263683298639542199290498698648924161371110361920651492567499020449149414828496615893675758132746754963760892116966257043917673595447763930873260169654025212683781159280022892439090025432574430753521190471901572913933570392694114359294287348140710600541443105819764760937568201870819594467833524899774169765143072421671633718067412354958386112
685 1304345963210362583144761208259004840444695056798499152013435709384738113513596018808865407959052946991363959910382065079018212653500847436649980912747608320740683124424042699754822295378213521282700387844041000341452155559535852008911405806593544647640634486234259618155059497050934618392502495542557045420479878201809030598518785737565062258344899298430138717427947665407911448484414018595072226133234385186760330143321632889423180528235209553323159368093
686 6058269751081698462792894787022790098175728604241520408565602621149784896271610050332074787309811769953615110303800071463041056117818396364117441293034866759304993578941960159170538522148011136199284055812310831221933951705993618801479327186670862355203781158063009975283153457808549680590565969651206717466228211896463820727046370860922341460073876777316586530693455889451363729240219214719751219921713771022266688642586083477564712439786957920443376300963
687 28138725010146843819498887400788565282783222470101484870621996206907876517388584482721260211068333881124220691203317375236310760238503841358306064923969883696610509269759544831424570144793630563500136963229410638437499489063588371939461192846488824158849071465902592641008337770873643994315604705987050346046015889348376800132165813718910030373407253463855562951377893880335625085569816849925621613160443647285178595612674098086801298056091234654785066549298
688 130695376358124447679454029162205568784368622151871443391152941264255051556704182819226789136152322110909177523192506821058226439588497630143718228937489258991991638303326623750262314880583747393505482543969978173081949085078326146732023319217445109442838943548502306939502596852795148250672022111818370400604436210421754434312917865075245007987620780551478421513708724367349122074188133207669566055284234692524586970028785644148656286690324150326253250841273
689 607038214959358423564332093378897524115266358880599006201613792952711338906566589924914158266357926127302796859921658453807919329890115742115923209655669775839573417156983799635512532912492718748464037068242535223422585443662498675908138187771282586291591218390944024759931202532192293397721948310323891389454169273984402784545695614314977951143100138006532220100127113690778542802342677514661249162854544372813933273375953802908977895444482161869354335021481
690 2819498322659196186386825358977450347241553191682396087215397071060442897490154377550999301630589010720635246909374594112335517084729742623797951258055957167428617727695352016691082261343500598486279787926757515035823886986843147305632317438663738198162315414948978089565501729432128467107292265839196514543849216652098852205619502449693916174976555599960428517475068406084364736049170740972741099113047768537685154882099032060343197096818499609551151997104872
691 13095667777703664587527002815736963174470529452907496994057085609266587639177979633059936424890856588736353703036159032346955311179944662337799227240394945908612565035320421869415686910058349058481980585113390607800218090012945633076061736436100967211456213358113792189192415766092603650098749544546374617057992646328415519983107321185077329879104980704225153850258157820523252066484482077495435872000746762547890464129868333229898627307742288196509419999768985
692 60825187646233437029944702918916451810737441022983576999833269388078959092826108056867252057429613598837427324984075073864288196577850144416093019966718897424127675682166561617780339672306695321749856258340371955023878055528126851024829363589356109548113627409272265793715694711646888115772322794794669803429241528140624080185528836862519688374495401949052871582605069152739110080627205418553690175053583321188416394235492882565621295276619695769442000884551823
693 282513539210159664588501473230851349831230203472150340935841515920786080637557431763951755578199333793241140010792360720755337662893187595275008851803146217279537414758639999589698245422998350039349116007039615863675704917509701202889509869467275009896904589922134454942643612911581269443399994246231135964910370122687986518005410315899941736040582420212034321759429862235833583974979192977133253382170143931827562408234400258968280927112984155603244357495871714
694 1312185016201801224232725552109460306329246879151976063319198171351021086852962105183885377946457747633723691387296390220296499162370248427646249072942515399194370534340128210757518006798897900480542926966132866678350052826858029393053140089092977840871092475885641694992994413331721120165532674305072597451284679022967750079045831539038221669856733411988883603209774578058290447969447159691743677921275796435747058064113879607603189530078618926965956386975408405
695 6094679644587459971102952736322845188257168860249898787078666015149184975332393244658377470833127316934832585414542474846205075862398912374433960182343106052150658975269602253075520879996257007952796582084591998855304550235635467357904522483597628918496111509588239024255366041055775012252054523793357363415334371554579835581139560392823351344456306479247817447721368213228541140784703699170019481487253043623259478155845146045831090356232250847220919230227506813
696 28307837318297933654520362303307612930210799745449138941759834498912723586428167446743915434195074610040156655324899708119405842161755332725554385806247066553474914676687615904342333846473496459172509471586132139895290457964334647722486276194468728378021397025007131152717639653770569441814912197460279797082884991754076715060064158227540955686713444397101472766751596461894869781478650337131693710905780224374003383551308604246527735283180312044482561154101851920
697 131480848932046248870454403125589203427762411419470748311616481977118299132930566134959451186843045958879027610736624964596629225219017577297151691299087948753750466572192484148810349062506116415547941771650478429204223171120642349929397522226507151094617445129414958793748375950162959596196203327466576557763874162053300670620082317244665455555548295828953449935462274517404290951893917481674772989454589680009465924657843326687985305797803144255959053240517715493
698 610686483799921601846980188195134987171509678089651467682585789162752494886565794373261261615803709455712035227303510514645586388729552342536901927289949805804197223892424148394462276219752135218159849237847285440987131641010784643906400009715246922251262884724923113423476987736017622311969044614605826981520388599069970254213046104604782835066412891608855410851259300593365560015943110661328100143436963686565318151868115132854141106405443223831717357208624184811
699 2836443364376654394215951794293715704565250057908432137570527271395558441391480088836478365281950860191088789033968361194264573063152393395402017441839289760261072330624803699363973692430427883700815203185166915908497315741679217500771685996039627517472035153622962163124275691255599025826877681972191376863710537261228490540868615069542591777420984226498112119569878763619794753270197943340501550287232376122327684921726238433408793941586000310244937581414202497842
700 13174372075921466556896423420168531907144327104897365088352720791426484200371454621459058836968248108782075028079549341899186868956449238422354805179484066200803497240140661576099225079088331599306762780977486220638900149653892076338467604515855316687227960231180869992996777478415052547810878402695209093269681680677714673757391400982927538230265578064066996049743899989875064162640107038928729892618680441282291310957273988365144520795242911080372862836284276533441
