1 1
2 4
3 17
4 73
5 314
6 1351
7 5813
8 25012
9 107621
10 463069
11 1992482
12 8573203
13 36888569
14 158723236
15 682950473
16 2938582657
17 12644061866
18 54404561359
19 234090621197
20 1007239421908
21 4333925245949
22 18647907964021
23 80237764082258
24 345245096519227
25 1485512190349361
26 6391825662189124
27 27502591739897537
28 118337481712920313
29 509179633344908954
30 2190885721585783831
31 9426889707894192293
32 40561791374713609972
33 174528287749885472981
34 750956064625286534989
35 3231195459876776256002
36 13903109105508021675043
37 59821959147909779607209
38 257400468423024833010916
39 1107536464671394826232953
40 4765480918087899632132017
41 20504795196425313681961226
42 88227533227862869513410079
43 379623280550038406521166717
44 1633433803066603424065603348
45 7028299173682901900764516589
46 30241194459214699231625772901
47 130121074775024790455835314738
48 559881790497479854584299254987
49 2409045728162324901553990330721
50 10365583269319184944017053888644
51 44600779162108950015423298451057
52 191907146002587195245065330589353
53 825733392526609126179056757593594
54 3552945524625284045160087796199911
55 15287527445546592847263268708218773
56 65778800653857112100836080152494132
57 283031420932645781962390594637814341
58 1217820702701657573509444732731589309
59 5240009250710350521660051879744503522
60 22546584145446779887771925200527749683
61 97012892975102847873879470363405237849
62 417424712439173899706081576215442940196
63 1796084883270560954908769469986998987433
64 7728150279035283075425602621288666116577
65 33252496745364732512401704696482333620586
66 143078032889717813335731715618545669753199
67 615632674212494869141453464003281347904237
68 2648929272393320905700072173160769730261588
69 11397748339329119921076000473794004607595229
70 49041953879465636888279785849487713847191381
71 211016524379340824678170927826056555413171218
72 907956760258307212726015281581819635524281947
73 3906734228153513589595563624430928511381896081
74 16809800859992646309799772277409183650336634564
75 72328801615502690780212170513753132717537484577
76 311214605497535514971661535736538112636677519193
77 1339086622641169502517671167141431165030775142234
78 5761789296713240967673371228497541487243843153591
79 24791686615642696330813842641063413941126890341253
80 106673065188073758751049099519824445243902922245492
81 458990266093440704762803969675931984396133940203701
82 1974932134902982247560872549820186586248960934282029
83 8497689876234589123515950840073136978056402850799042
84 36563652976463998874897136550905125131535131451149123
85 157325195253616227003937830234306214723506448703348489
86 676935017338689138394997741518815698222926849163295076
87 2912699500932597010963175216891159846944114899706429913
88 12532692452646917639630882859899352140051793951042264337
89 53925363760436797165264888648823281159426625056092031946
90 232028741444243232907431794664418349376977743427333366719
91 998367615939905773041364307375621903406608841968390737757
92 4295751855366799166484526152884854468902110979559953588628
93 18483656429014278513298537842297406634290728371894595729869
94 79531026578970995067039110752832469764747308920793117883461
95 342204163607812139795299940237270128920864359488281802227698
96 1472427738302147713775382368927853235310079870679029657488107
97 6335526200687302149491012023927455789787806274930302880757441
98 27260347788530067606128913012853719243008791762614425431322884
99 117295160340588431582171528992486228845680539988281218514342097
100 504694758337351955092470905923869986499376324653562816277741833
101 2171588310664994480715839942641891245959840003302970425845682874
102 9343857278312916538301786995437846270301071042554163680395188871
103 40204521459569599249361415149263557613625835202861907124438895733
104 172991035462909246631901714760004249257225962886647044581008912052
105 744341612935837435411424328352230573445252308824649501531727873061
106 3202734958290459437161416497481140119454583655463306373915612629149
107 13780649952644784879572809502349008876937161350842583364982879526562
108 59295044888352546086379798019301624026322055787822997703167559745363
109 255133274583828375793180561589461093500798794886587238420889160147129
110 1097781238254084240706763413889400595425027807069467198994943121499556
111 4723506367518936076154275384678619696622742650687574279712048127056393
112 20324188122832427658651086681724896696838629832229469801575411270783297
113 87450421511605330064792607254588624394324921209084626168740911972747306
114 376279543189529367348009776227768431881108716548734721438978326051386639
115 1619046451412830846545671059375076286222568819116419728688668894338691277
116 6966393627495566130684325968192076135469517945935894479126409493539296468
117 29974828783239338113784616662835151818679883272330213209566040784680408509
118 128974963033709992176870105409599530686990862523843382610450975442784153141
119 554950328818831946542996677059492197978914662802226273423556754859879540178
120 2387826754993029756184373069068662397833600726439601219286430847971045241467
121 10274282788508652941292875314164835395231259643791327276161483975275587586801
122 44207933677564175437911257363618189782655496039637832722948127332464802209604
123 190216820022294918365677660875596442727583701266815181786256184736497248287617
124 818460299078782065514654532287127644289952018215162410762436541685091834809273
125 3521651035327025572476239678808848893267008987275366508453414154215967429183514
126 15152874279398781665837234797182861533465188881731345309979761146024561641489751
127 65199418291012831611757454949487760987524917446830627024538563267474905919898213
128 280538468616867813061275570355890220337229020588959099192753532899300844675021812
129 1207094088211300570471105486930987818723570350604303614890151974694079505615414421
130 5193855035205899413171700723587268432606164691254640776872499274772494994052006669
131 22347992911395595354445187157143378706860112404460293039692040449780236453413790082
132 96158399451360278532710833614955088236482067948537542867842704424583697284912930403
133 413748018522614606600218606603345305061830002529306835220137400773577777064323281769
134 1780264894258992197402960532171861260599703808800921547497158890594137793466877617636
135 7660080415727117167214146841049270387813029036416687231825382250649955636141418242873
136 32959607395858609243861852608730768157266033755680671516635434581467364800306458361457
137 141817795732111694717666822520506029622891081669153295887701026155386957093108037078666
138 610210156472982645856748554776337843642657307078724464888598827032532691064620810308959
139 2625597395168578145130742306320171129344613290386162436779891056696502584043779940308797
140 11297356506423942788083465867271842115795094530694638789233658802384914847025037270617108
141 48609990346613979505025102417398697190941632782314706635828620841835066482993846532159149
142 209157882213798069160875114485177959607322880319489616811442127802020587873894120848944421
143 899959440029148407289300265173693706463789503250503964149724776484597739920489064648244658
144 3872323553504347828963875982412934653496978875294050970314297499016926935980762960694390027
145 16661739447434293922951479116543592148093525866718742959122313165630841460142347609527216161
146 71691726576658426127865767635479156779976692707711561884668673331103426492769449165552910724
147 308473414540989248870474400827765007455602885938401580545976427158624608083420202999182905137
148 1327291892974970965968774701232387566938084351568873217075876115799812760938792667499255793513
149 5711039221251887083232450303678642812323613100029161343741451297523189980443702728498730252154
150 24573320427334522518255927414696051360803812445439187067479628140216511619402135639995883880231
151 105733484472916951341582286162444328367048222927108451306173786808512988155679570014483228644693
152 454947461082581189153143648568133487752829677299224695328430049621915405920191443152428491582772
153 1957536851994155091740971384353334453663003717714798122723628887684038065133918505718692771979781
154 8422841876723031891245425976062271805056529556676316527632854289554444107909018199136178385150589
155 36241598827632694181004215727251355664293636630237188269993384784720106344143335478524813609813602
156 155939468507994375231284800708069962906298594481156991767068361054937199396989622795215532893616243
157 670972546057073793613411356358595747538612062515073394025361650920525677952518107540503223638640409
158 2887044324761385842373202379668768848974164529131895994825603171437816791571621669316869519512353316
159 12422303985635707831025777829268057002254986458114259792051930904427506924000554023962837926645845353
160 53450386953894381628009282007333978464352438703175610975782845007824084245287905111863581074692166817
161 229985022812564784646969076548865721314997234141535275502758432325837900454437863487429391593523298026
162 989573953201140778350817536722326671181928854598149544586443626605717249536325602101556214743539989679
163 4257914697568009537813180453965036191964652570566141896423942836051072546318314420045492898937130054317
164 18320851628236625354013449659658200946277476289036260848360383300438210982982595293922795850455030302548
165 78830514048479098156627706936395896155493423733482878552530087994037837275958033209477500555463761349789
166 339190015357685614721098185703004877938634689800305610217569290068874553430842380165619115225953715841301
167 1459458534642990779135607807705836701226693177801079415430256186362259255326337801199663074463377295157138
168 6279722627141897051514744481420168872317561819604480246498573061604672616339161865501458026639025328261787
169 27020237531780512920166898983983334257907729564619162986202096748936585315716795923908300909804994755837521
170 116262019777476873446290261475656164672585962364282374191514764559868908729566494023037130469107897794402244
171 500249386292042828470950610426330820589206623127554381998967532552534787700682082343460749616124504704498657
172 2152460872127783522015882267704685608928275228544924787420293369083067212314710929648192356673298830139286553
173 9261556201762789124666559507244435582873756273341960791104564247757731698471508401210579534518120636582936794
174 39850398392430595057285150733108121087583955681075029593261941131539456855413409217108320602570706692496824311
175 171467323356864607912426075143807298689298509585349265592996012914424089181652520881909864409299171552735311173
176 737785421607031254390274923519712130183740680883521239185194241177502075342022376758224360238783737686186082932
177 3174525137964562448214096392167138754850807875661558399146983167144238109165154321145392207966021173772724481141
178 13659269425001718477899657190276557383702817335657228278179333112188684319799704475452287959113754655805064156909
179 58772771711114905044855996774881370653961663051301466193455716059510707271503059413825263171670709757707147341122
180 252886050280569369790581012303577181118699863249535646132740580960987483398116183642769451981012284821120544234883
181 1088111936269502133818337071193241793631614327093773832083335756626405295176071739972371470390049294832481279151049
182 4681901530505802559719942319055477424801972045720262222018457040249064025686010148933548996007209619699044763050596
183 20145171843720506397144700381697661743115017247319989613842277931366104242901835524750630568865900213997779977799833
184 86680154627085124306563674951321876441169170099439161403156018536083329137451147176952505856307872210891765599847377
185 372965257604264102341384273611516396976500798755235838174253258886318332958550229310510637574941660412465488065837386
186 1604785824140065138787230343203616355558996483477861706661798238823341677380397705021695670305784685429652143529644799
187 6905033347887533386911998895183532586865480021123601018786231417457753388026337837176946438804098445910864253450711837
188 29710809267017471518198303446306813867650410655184419973945762370818741907990496070819645183103138173265364836664624788
189 127838946291424757430255520545983471577655613212551296813370117601720449375873466842567386599103395528594231422970988429
190 550062303656071372596682692390996916285326834097203224145013300896146021155395846000377997446207563123175062604861067781
191 2366794679406082590692646900317034166693667330848362230284956151675568757649358829474187827433727629030092618755392373618
192 10183786486062198835673186424412180084612356151950201478989740855689405724780606609369805144830015455780937905962378664747
193 43818548392092746406287991421109797922980778767205920704093835823420322350954956558426462241848894391814411673545716202881
194 188541382502277135524420397832312449361066825380178999083499956550033394580432962964022895774754425591729244649841445020164
195 811251267335107438403238014898232853036391790599277233305218275279906005849299945144835092148225444783202988228570076492177
196 3490632189168705785442928880994226917098758476855849169275591506749429845505200836832106773416863947140827207193326047400393
197 15019407143838206612004930360276436026384617012481414146462302707907431209978104348726028590639643401354527071280920007525434
198 64625139151684915703695865158399499380626809631839523224484739019288866513374919233133822632947625165350153734824621895425991
199 278067474326909958682464534711168188823980197121753373683036786972722038936940283119491027392819195622687187460280349454553653
200 1196461954179495046301235078080642445978020556713248298741729717805743595144576657898053669065253102617385476096927881586490292
201 5148107347916745355458781786269707663418162192200981372659538228110551858912062440131795263147807926218865818103798359568790501
202 22151150877045241638390203697106610979156749290865161967072501987135528509126582226964815308543280323242172662228208153084481629
203 95311432341475972125574673126723931905529259877722865717383895251345986968896723814428690753272977837554265856829645686716036642
204 410103709076244135712702754542299826590176051516018842685701970295323349317103872391249007840735048218044811297463603974326738323
205 1764584248356792762186789753331327337234292477946925616276358165722578785678829190512958966943856307577561258916829082811485581689
206 7592610114555231403795840503029737206400934235186571553324684917726923880442834335391047811197076393233671860691754602134447693476
207 32669297827705778732418833255154704020301793742092080917794350091466883045177684105416362155153813043435675526708285762237781722313
208 140568658794863199450706644766684308482306166004900689928997695704153643584559917520908667342177836037477362051466165004785565531137
209 604835400491198661056276724067957430350625448798227206891605428246367568787266535288294250245427741057079783677205967737214482488746
210 2602471026071403706929263686039734226306208745976433964671034054119376913182652923878745249200605197172966832231631343671715715850319
211 11197848928883422551477488257994798840479167383487488202680353985857781859551465013528843495266742762693594810126538815146935131785357
212 48181831566202901636599650231854791523477210679508139119388667766930778558209366296007981728731898221949073553937800044719528511375828
213 207315611044364240528565786385289561095948551247078230988902276877080547212392436439453378157859262821664583339309383778156837161523069
214 892032560523212497733029981230883430909311124196866737586345381084610400387334083309242945603100619442475696034733518756625600273487861
215 3838215969482969767079452546998548471258709967243098994965020074791810360299493107227854593541925308747384730155739442448657489882870098
216 16514982165845211342198172791300092063565616463624894762066064230705220600335463286211544130900324685409496562674496655973410648593886907
217 71060262920777147409752506315504814904051952416395176825435260929150671920778837109374156873875847500805328622905264952521080773320824241
218 305756368106350103022168013203623798329562912691101199840978111953637697802887795688236151976678263447798153426502834794685171920822460484
219 1315601051769419072881582547071604546935658706206320468728584776980736473252102467113058289261763774736574781263798379115862617284149829697
220 5660736154528045055341408695747151339689604792958298744119989549042769272851848948500582990378784083339479446039483391195257570658281767033
221 24356877617331968058062295837520943057641047846172532314414193414271636944502937341163740084108629092487672886406021818628700001438959346074
222 104802179623075705124287253100363261269136424851987765339710998424229876903959139860316951449406793212419926093911658919557727295219951429271
223 450940265263382621447249377989253477172758980721421229755312411878334473686286887278093536994708078784636611810340229141902536471782879108133
224 1940294787447685991863385130645177602056385629051142852757429064118982737719557016809516830625320014285923280769966168950839500473254541252852
225 8348653141448282094975177519258127578763651203091450574521208084959910267538924422213303542142475835075706568418810157328489892950924068939861
226 35922381344898352499285732204355105087649099128303824314333753232442603124535951060637967218836419132520762999784152279789930963334856720940749
227 154565947300146916211503128464001142701954542032244769848105141907333284820062982036549925467754668157376695293664330926964185137821511397884162
228 665062592466039523559658445706940398246825412776312376297524449839338614726707057000835725682264083389321187468969197795451132799102986826598563
229 2861615120429756869163782843142698563128263437784827571943306823474693219173346338894528852008056412474475851463852996196363108582050399939340329
230 12312887824750665775139938878592671620900840950595200730823960767855450251686610523470137082993489812204415694912357387595462144512943039216905956
231 52979593762464058268208345863535262415119414439621520938289883368853171600913013600667098858943279823598650920170227949388221396818563996266508793
232 227959305338068294015621912681898297212894549346322002498977534540699507249505236432925083045735929681380007516114067584154720550553990863681826097
233 980857745402949295273484525818885698819114503412745449680018022596938021444787141362624118651849808936104084820059654072608938562314262329609604106
234 4220410811000541594320556891048733602456888869024761240903157509362591585475419997514345344122041255636380401551956067610580531159909339057002542239
235 18159480818793860085782330877787010915827100834885569855475733479022143863042738563483854364654656851373589753299601375835075840112603908296183898877
236 78136171660967675645949983715788853771764837567353565554669194867022944558787432824876235790907160489958807561842138676343637607083291524309911867668
237 336202415848456797972402925945583236111342885332111118206918773898048291204808948433929615860571831895673268549311889254212960515078645896661007641709
238 1446603564259380962924164678580549619241419913958494894370586284889172622347682443695019371930137678008489920061033030242033889754143354910375302605541
239 6224410573751534420703614615065998387873070913796141117232175102751718238123985373173308012068972894355429794657229483447530567225480836861893490102578
240 26782242175979529214745579039588343081641094827105220903049116659091073323576879534781481944554451437751679213103048326511551166864974119578341542696267
241 115237979158643042811617051352743720244586261394137681163549057987200211903512441554387485686565338505692106681543553182215164132648428087306027243173601
242 495843169265276626413848519644953571978008022489372743108597939958727839546831569167592982599163338215205495768408620931541167162647218077795111587779204
243 2133501908850454003634391444166536699156281328264450672052342525832038562023620521174802455936120675558951158797412445111060343415290806127057476209375217
244 9179980036456440138930411661897822779847382573854135130935918809284009291477607898371233331883113363149139306681836362760678215588512376401902046283538473
245 39499394455730838683748883976989503801768068884477323638522566468923930771317177928331759291607204789068843057016944478470210047696689463628337802789566714
246 169957032169284873001953184899254050669298196700824212799805075916767625982153065946545096462386683855896797365039213304069015591717910188935982875097218151
247 731286977479231848958519272565301741941186776850689093083457680177066337596813795947730204437111804912277457654145233084934447815499482553794900967117390613
248 3146563790888304625786736808128746557698039294150972827017873173135028810037609781899015732798398972993696896175608525512465192302343682202166556210295298612
249 13538958022003827582058126222947827562666636140202796855838992825143945037397607521651888050680659450231652107915606928307522618065219963349448078150124321221
250 58255098737354224032930420690352898140239062818561065798141344606314638756875208262562393055008100332177169851051209065000217513419068770140740722119735710269
251 250658619620759637418477724782921008013195405672196938423189744556141358672183218747856301122998523310190892931509224540078519712899683960655359376148305587682
252 1078527801891735514993597361843546345645259839905301494721524688961762877090290468951594326449968315554422955104392495505391946024241213492854574714382320807603
253 4640663150596398662712553634868968704186712982509916658338054211140390309434902688514402728880846007841542096727434803906724170982507015582306795443466687274969
254 19967732347306786768581976088814204483997785392833678807525696988816662915903642035717230665054325092544441618323996533017445016839811437432970253074186473952036
255 85916672284744737854772219539464116307428788016638644062614322310662143651213502113042945138629087439197581801437678253367052571251536140417930879040532307935273
256 369680164381803328968115169430877968085150583904692183890494520586860729508356584458063033697982461918354584152216401667782927805738246389790743635980102117820257
257 1590650805054782431276259188535997491503466555473544987264629636002317216588142415951186333074025047274180175356768973578813481314936623527699925542778913665295466
258 6844213532128502169476950434387353553261881025653648384651664618251003894415642326381742564276177850615837124327195662890718623157468378469127396805954261973016559
259 29449115245478163553555974606328775291799005461847606961464434183248067822313784384055153822158814111256645095565671393717152671842532021762537207401434568869196397
260 126712935631005311259349021728481815799209384232277089653367177061487327428321994941130541417965537004435714104846769979913607489740254973405303846589310058426932308
261 545217332418592065636077184823422753120649904775842627382442582757692433674668621553487245623351242688408635237536835718416579433173678801738907610742246585527072349
262 2345947855199944394402338858931668318205621371182381867952111382604000186088377122944044603862859602428736033873143868652342074696647629088478626513943302752354564821
263 10094087278743945775103462740188073331666157141584381457613229164746923629417879750059761282444244284078454263653108836106460635183717109037176409737489774005191607058
264 43432592828119895692310297124145361703713921594374761684209811675922617588824267381466672600632642613106063216646112574575276951828642657920446169145618961768894340827
265 186880702304367641136241097400162588523571136547120664048209370885372317055867697657154079155830480213294953292271236364557002853592061962490701616515625486828896882961
266 804105733037478518604274595628376857506713917952479035188417419399093732512865686141370377977254473227156576811417844099059183412474381838692169575141270548837801392324
267 3459886558274289669612649685941396521962856180121033183797458984339351711396725337735389652418780925495898024180275511401624908501595723305988743026159476283702316312737
268 14887115592259012792250424642821852037294139146747728813422042663499477359445029630252837128162141207798020390467124024710946992270555471013867206405373569771998177386713
269 64055918286472194952414174156285070620582127193375544515717836364479331663034972138058016683554363262502407879794793589349860235847990185151369802948389420008883937995354
270 275618244655583936385319596852959796991028218526634536138323053831898226236839771799531572033285392689117978227572595872616460202428284512715247395525826390728425157816631
271 1185923468418503097069355461795943773093394711053046047144461760066053136195093942583483810115763873658082667498478598595032720304597452008122127568783963693615473975097093
272 5102762608125763676190818518420839474493888899685326627307339638834571002264950397518824334478963190223059402809675205357314220915702406502464895657342339295892094402035572
273 21956042635373309089746026206716366053189260365267494995103312913974695602739470159843670242047524330141049011552940231001472943664719676487958095580359805398614050084886581
274 94471925352489254420157675478319311842464635127281495093594545653369765006902499606661878206800732080036066849335675538935422055576491162932395790929772009105393967218326189
275 406491498856326344831550298771447461052755394540604990482662789524924738226294087553778380307861087409757187212019557001672691446888296785198104667907780629331127685836971202
276 1749041718224163960897278467422279369736383067321180467132530310664514396110762938948906266918903240808677735512090758391557191067712010437193335966749587119339456527529877443
277 7525734094551840769991741440797054465523649152984087364214663184747797765874932432083196193670932941814117115924395120952767880997895161830372365830024593708703899580138473609
278 32381545318086711967266871801718434218409096562956895419675724991745445641042373343569262167597954986644552373085703329589167831786339777840281821249874207185501128318102735716
279 139330524306778037526359134686201007695474535355832215005734635404483834907587069421596722256976976107780410517655331285087535515938013403710292008759297254801393942850098257753
280 599507985579630051729995058025849735822145387090290388769646002047182837614808227077275824782091015578968395469019546436670174084331047685030614580046863652450466329296183081617
281 2579548354977816146070897886070645656024303329383955298831026104022462683351279927121588957139524149571500745792131738328088263873841198214022196873956426497848149817930620634826
282 11099217818150190575164504256275679072655080485648905327846192513970764903911974954376117311351347701120598542553600052330430797116212848015019140629641541531889350101764553929279
283 47757444025817504437609827623166458395202492440092660742737884257786436469506034990515819685338166056888490475391605046667889193959540645433029112526338428165902301055030907741917
284 205489566674636950462555625347005254758047220743516587730150843747019887635794250089450746492636787181080656749297225076348153578449064683120088140742767516233843454969860876921748
285 884175501295732238999948643865526898604628626397304956422540565961740128770453145475706273407169437734737812320311310241737100310366701479301353366134822296671510371684211661382989
286 3804408806454750343612076343286618728749001469755975018922250298567640980944882977110179127557936827130447091353664875979641040816486313347146502408445808934656021493511475676149701
287 16369517528386555001060535784836512947931121469587960225343629794952984518413055449123776817568175822448022019807390449172993903151331462297828451943824577783265576352504743396599538
288 70434361222568523974466449894322708553408602938671876069951398079061999649230628314288346705167068630848768824975957617926046393307198371447702752493785462112359817281989289954548587
289 303063253527682954869150642117104003923249650284595499673726101010451044690913975224070403073130815686899778065457616742111250257081997470345028406637453577212002357352432219582944321
290 1304013183970709202422353860902551893956022442606961870158776310815069224506877991177486975250152872541952583852360210856778112105488392237382033775705911499722932334916193228051075844
291 5610876159270497147504317378161447458010363262181022851772703251043992988461648030215223667031371915649063585065428204057556809756195968775875083658617196766978654602523669481506546257
292 24142341244440358130254525308099581608183748983084228648387187322774757268787606177543657409406400960619460173770060387717449712464514667167229316965968249335724476007869767723379503753
293 103879077744390299208759674406013565666887655128878074686617826860741807378553086797072616045937889056150110113654017326414578133053985429508521333853989656377686416231777830172377879994
294 446968364988630421653034796105769083509887028695137687487927572335384765086402615452732108001470242398892170046959905468920541527876383146040918718372043533881258653135279847691750888711
295 1923204591709981210638894957310804720548772178089054213379784381094698403296353816872442691869537544826010519893837475365358973240219959441679029590298248700273234016981065747941620803573
296 8275117863584014788235370398236716352214199804359858004435139188467337721222561238004017135343276996933376089328307660420033241617470647770272391796375112899722394125499489196632851351732
297 35605975542790130309260167119251167599424682487532127382036342799052593396223744739402757601107772350188848886960025876004089288366693360526324870210980818397792268576554248739339394347941
298 153204524123198607181594724401545688940480813024581062896876296429860953817451039983001736599509030760144116166815206398760346716981054859320807175665778753289794160506272776106798417684509
299 659204693987622644980193120649974941904130017660308932338272453752146988898583965696800410194221836750154034173195954365789465719805194215025061267695951311255593996801701134315973905378722
300 2836409897568517403356181430045237642699207649227801473000733379471152083040566708534996841172582091470337822365534152632666288448082806497162884811482420296408587502489687343259474273840083
301 12204435405879719081840327788276263387783648193158080567988849536099319448507081645584582975280244947101227009308082900065963045080998449840739240254324247548276155522043333313349449653064249
302 52512947336693043199133094651245604010820618018106998420942047542083140993413708102317924352883478461095121579443812042431816360060743829712207546837173976852155015102747604536968825443800996
303 225951430465826058750144489891399229890752145511060750400743689102117746621547295574835872838576657464171926869294811511961192665060723799038820013422897141615946608947608022744795778259812233
304 972218310319051164153323165503259337421298873500982756740892302884339310127495353567225591134232851937574269608142621432510514245121387506057477426602963777523267999429797300113072414967658177
305 4183237260197777644516182357842098997434237930971731532502230447115343310772834881111620337155434287295355567432828672626668993230424766133170927092746127462768500170306162432330974740058854186
306 17999531370031734730120942292700716974907293034355709392288475326923698623481688344856424912374472880664055028339715498835813423416759668147682203183921745981272696853241420261315656455391296399
307 77447945069565340717056164389977287882233751378863352363935685293272463185089937080947263550406061541434208439400091476299060137392524042338898234641370347518057983755288614009585358056779919437
308 333241131237731499394917995071784288486446877791249633642813000485591220055004620370167043014906889065178877111981310884987860416712341207251444563655086499646471828216718809263979820917725707988
309 1433861820979961474823421482188989578785533134819658111122257946548138710719753290607993424423316260701591760241706279996042121671384133909240528114351321455678185189817728204291143030418288781629
310 6169585711186612875932353425729595028468325040724541654682850731283919893433752591929465993071860636312422169872587467325247027106783645924448306880791347779451510464438484593663775689338266784181
311 26546343092993179955191502682081006405985025799163733940047479816775183335009503087823349692089354399457335568637818496638108770519765827894519950060902774530222996752739238355445449355436467576018
312 114222958331406061148160453133216246944520153873645044736188846890024156994746257663328350481231190088349411333571330081214802771278478201699254829662139829312760452370380737996235919709167537527547
313 491475762378050765875227757619838215504645691970734021860801794999795234968702779053171703329887887243375049961943194916159687544833093524812714298127990822973133271593685974914843250479528284909681
314 2114709936896035645931657428699542336689667998232734975095442434328903703859275122275873465205745865951827015809001984337154029410330033018965807001653534626927385000857287660585508493270138811965764
315 9099122397346025932032603870638197036934402915251472809894806786645132814390267274219852216039065668029009929159180336937291084417150884520390892113883700665717525189505380378183012714912109205099777
316 39151482176042022722368047067092358174603010581559159124187706630238952960373511004271640684578090742289568598368895731674993333854764323545057039564457899447805470944955038909158538094750129589601593
317 168460043688172035815742423723547199762211844162041377191254112791259366358696753198698646774773256707360813204366937647563093416022368964164112521480638395241874779156259053411243652329014320332708634
318 724845771912734110911607977416458924287250189065529408583707444065579972912363232980678311820132011309935360226728001042790487078547551850185391488709818277865957482946430150328742647360821212894738391
319 3118848728499154447110812615911653022149615412841522911344774881954121765485725905307295618776340286427594361520539192271263155144670652358434619879107176203604163077263373591409982279817063103475566053
320 13419706326757569902819239147308888337886326497011026330972752077573868908691539827594443158421305398208165726922511958227944314487710606241616924929406426184422942937477577506063683457002851878693615092
321 57741985448290386172763757888809482622982786246530562920829435742006979247000521422050328935777506131758045550050942214325932107004541074132780765009710602311302225455597766756088470445563070083041377301
322 248450808261179221155361072002120748101254951741619735611228922477313289508927987627468315203623614464165730569487175196945827591559573551939053050260333733003242298465556101262251301856806794779126041229
323 1069028084961024947258514086344175292637326399968506989293656305160545509803638373871190589210785553925554516197283049341751341636784244537296922956272536858082304815960987206042991097947344763646506074242
324 4599788000021587072826487215714514218882867144617675739634594758370787680491407906473548000443056926235275389277953721117919225409242502030667455630581683091401797184408267726428201584166303433895152247523
325 19791855745224860522356893819540045216502356523182857730292004876372301873046124410754168234582927969399713397797919457564342102135859776541446509284090804882762071474158377014012034626989482878536243014889
326 85159914726059541393305007450556683425863181182061261432556240106749146323756398334350197171585469068292740821155736124467952834451571376615230179528708975139604965817567081890775568382448504090995758331876
327 366424006394623125399454355794163281479808836340757733971905185904628825999643618439488481154178561433264563912384922249646737865850277553451811369791272461049738614665360278411841738031274071819370062614713
328 1576640287794937002817356756619146357121454638157604885561857209202896691026948897194391814256136399961444597098457402874829830825896673637413366310370235379829878175874100146386881985009024846823863038077937
329 6783929419790815637888420715713241941167846681765751225893570488300596977135813630653493627818146315507429293755132247625208940531932535526711397442477359516000175035374419896698884710951302018661205002545546
330 29189726235569267180990033308708770634474869494355941472782280813894294812598221461684292696322322377652812677480289029501555210181972656721316888281276091440511240649249799044333777599729435552834435898493919
331 125596842918473888991284904396404127348870807426482453686230692604569683131583666416460982598157172941741775506136048404632149229314065677026450249078948378654555678140125735531572233865793271708188564484832957
332 540415035885661643413454422055894324840929428649344444012806620581165531220123667697252034901818897575750439498239374934656080516024410414968300580550913618951244668752879280524859836529778051882439514728683028
333 2325284650672886550093417397090259242158034720967274859005341025092118606705867339236877226714622969053526870972788729459383954892179855043762152155517722958792556309344019196029582481051510444287631880188916269
334 10005178145707447820226723719283613236267385318888340962988285263717096439868965693092630028867658152540383036369225522492951532912826043973905859035935873937109047540461458138573332895668218065790840856758532261
335 43050036776518579450853366405147288454862822431539880237925403243309126379227226447752518464194421855541334568927761424086605799887590654738242838713126200809167568774275233104777917035186558996091308643225912498
336 185234649445470553793586660867885602565511956201034378300662160425394342576529235159484702234369134820085523735531130552954174400699475141769496616457823382234510701249991791108169586488928140783084020645853965707
337 797023136897797030615373205123986147462971313710552250789534592397044333744964496454165955779262408533803614970872368492511054603834603744632754566149738308745050799927133256226514181339081026927146177299592091041
338 3429411736152573491696106043016273929618320699949658119045686480709038640995234776792375672193204638208761503647768450803692749817074593297855282981375221397021721895885690907808062147228620712286478824560398558084
339 14755989270069476366634410599709411205702689558616633842859828626354060203741280394599380493628235965442396673326225148540930585273869155255378151208426892058873457079647054770360768192125860480650955590903216517297
340 63491711141889661358083734869498234239658485693234194857162083689643185095720697642619775451561565912585698855687820390293574676918121996383324907098008796103302119710578201128379654518943440266395341480834886912233
341 273190587899239877690515442548362937581184359790321072757230932569153744867379647029300735776923121666601304258460426505845081628769002516150490081864763304339890227313949841330815968018339619890023840631464785009274
342 1175477806070530404378326008133319985186946341871902779214668411776839169049736142218644352529930910595249424725238671358344684113090646591602475688029790133389544777438014603268940876534867778650933178714819264309671
343 5057817266654932388820083713021511113191178629988550677801649261176734610646541770005319555318885187976443210850812077274188175679146225409560908194554660753928053205248223492352256478619320033584594371679701966520533
344 21762652915063070730965440540707595610395054124327045051364241070553155546083500423370664719004633208096467780078344372295906826056459187272997113908683933369471631693927073651954459763491996831970172322254052039673652
345 93639812775350556488366951564473444712401734731669573223416257569235573898477876806837364929066510476553009267839285629656969603244857260136302844959755684585573998853890697782715529381602024059097078496231154298806661
346 402911105131563570248938436200244436730823511285366730962988564634518402854138882764074830488318652758475642998961395031397127538054908738862522883072726622819455099187672267957714267617534129799574875514393615375012349
347 1733636087331766181779591326307801849516912352231824935144694050464885292575260783399862057654393732362719187191289118268014728880539971913903705880484366060340553499376689246440424749942864576820583142083274613978641762
348 7459447121264140198151141322938275937392091227303024482834504558420871254313887268707085796807012703538169006959561406245882261788535133352930960753203650433244402199320429428328980946861720494704191083873192223768171763
349 32096327344325402445416932635767974138409719079819647608738440640709700393843653993335842811071882320602687473223939676425367122301055751022943686124565153985200350498472079402323630484480008743059205993116137276904933529
350 138103295357834591632631239210025042879872321717189164595188689528285888206276608160557956664938373492398930345241014163389188826139673355055925548363214818626268545894399108726631209581814882231183456713961109713220152356
351 594227494756196750826905398142821291984132451346486880149728125719300339849852078822782254891476220500186589306533251787669842763795199522210796683442378631175741677976579305426185156455634384926739665590457136735385961193
352 2556827587707479979236633273084031331281045291580866906963074560011644034630430569632237404462565982023736155496943216448181647340556977545886206772122248699999902752199699200951032153532727277940147957810402354537269348897
353 11001455454268809643702450170991692780452829103864873894366188422900319153602596611692840257638401248618121009565116326877898708411399289162798643810284107606472288727068758088476605298296733234920520792280640362480188860906
354 47336794508221608280802351035706369908421009644581768750941718434466663664121691349567489074804308297019396581334751985044948600035325513176334598735053791932361735378744692839529930030885484340782160087971994748789136257839
355 203679606178301612472904404665556771200746560911314222071610026903632360859800666912758924601106337739242619877978410944591046874942429698393277062244416636842391810712517189932219834259537221999149238063018052656505114706477
356 876387647366843237522114970220664746278469775622825804105224979214761813306638260515092155781118763805154909645887798767820388574606171952437381515016921808414873847426351871142509381205029656973399710051174279036158164758868
357 3770899418299311350191861637106653417790109195380186354311294815362911983953789301837184005102274805808046688595503761005328802248203570667007076388351359131547193804994207785915887403246536618869550836066817237211275479674909
358 16225334149396027038392963274871272850115136650032454359240799139170274479849031727640643558168017737624768714039855408723182845517199337477723237396706030232491347482691983316151908872617594123427555050180563348947902904097941
359 69813972492082201141389231463036403997205355664021712733270111249762636447383790732691665775533264270699703504412765760599927820841385975387594957818476073767815155998477293223011882153348360760529122742702365033105688081464978
360 300393860012222924591767267490568201435681368370011200588628158831302358797371858480536398203162268140624211379944262576830090567655331864504805076902262278141601737544310516166603684148889021432362948562970135118684731695031067
361 1292527382584868019534668643063731795186790774857990864743330460407223884644707920204606993689211547891021946386483015602350669375752501396361240511055883169404563219726120701163982774284400024880227374586743580494106594230760401
362 5561455332887671323898041412846954371626909769179920721950767825542212346831424025581425773836570935033237097792582290281263075175796511388291787324572629012598010885997671957320102818975333060104048027244807497114478776068708804
363 23929694516683752560886201135043576472574176521325631015523847746489390080222996367293307888115220031493119649803462404599263367751725052752375215089695495554776364770809997683108565772023465225879558012463806744090074097651262817
364 102964106584755748832736881436677019247990153299088392911766935255820313360620709759722262119066387352365886955639565152152527613231235729597000713474759590736087791196056972543582520403191326949085645980584611229106934160050187673
365 443031449373727486481025803778254366822228236931465071512263133039633396562434559696731386930986276667350075828787438546964847962901003489727877922104711467016109861667854869668586904699886239067789555865531635913264448507297149914
366 1906264927114370185906918374581240776367170724760060178826014859430706042730310669204490148297732221279652718277018497278366656974811310259848387470099278562872285934751103430712186962289857214491690841385904345879001440056335186551
367 8202230287450668470091514461571440781369168913005905679593284898034630023964249666932256580695702276396213363898730170750938740985353540830058303584182258413313100088751952544555174097349627355255085539332926821655213854759784483013
368 35292356655910231792736817184113481577744332390749347861488379911881031991630316327047812458585314718142108664662595361919593734002333773370746355510613456377948642639506452430639309599878565132800355172506921070639064953629916855412
369 151855092417199153553409542535853085544614155214729022268662044865301269886258832634442292550839466761521903231616786297345152447055608244363556866800520506649803912931276404519531025707343943598236519244535824888229683203870230828021
370 653398392118265072388837261126924982989837778901397067758845084590863253456403214191068025378441389653183190164096145400966981033271039901705545267470762164115173636737862665305737199737084022592781530705158361229231221158461403573869
371 2811426683339727901283957678027065658315346428862798271988239288358412457623239573052013249239688547981350241125630368112799447825188374775437055736952249300626456444895484112970092921563388282169198095792184331481467056180696325385282
372 12096938240343844289253276606754553342607218807609800156664661188019472527746988222686862170063118570947201635135863404361096296026128754172068642882348960010786761314263832568933253008605689343067645886845446573719641617428097416204803
373 52050411151700037742414509999691569738090054751460605967358588075022125265865222394278271102596527210791957452302425917467083136655078646534032047200888052152054437236632710505755986278338281868830635146850679874153806918598398104868169
374 223961241037468655844312720178194188662628617334473629366798956811052208746085147303330769002793280341118182356104539374252126795197006970153954307357393380727911902240372054821980172365874341314950238073717059649610109740707698275726436
375 963654971732243165994320070891896234098872922417986328931919019830194667932830069333819031706176820073215039423615419118859384566019798911167675395184302747183396199491962142592632902994356860968259284928033258625589127947743297064027673
376 4146391135548809862438662193924898604506478760086510756559198228717816713425894904759102851522504259342720650049763477471540542444507973645376514053849333593733245290738694548497223997874161280896445710419015114179115310516593390492959057
377 17840990762547319814210350756948804320235775033178594796000234084098499563330984315794057162493990836493958131977971130001124558524480471493379544083693759727116037855217586314708221280387735821577450697310975795018809168739737061272712266
378 76765780406090169483735767202969325787659438885633441710323575734339047676377236864692977257902441404441628709740565217591001165288878436530768178256920797854380453403871847928049434408316195265197916355297833632556699912148905134884684159
379 330305929742808887976047783744000215977589869328631424163617176419399739691893231376082714802030234512726269152768912697951632150870950768173702259033522710090554153453706480696122508200417768861257229684556240777727072054525314490605283997
380 1421232307495773931429031617111093102524971029986256795687115154893981555430334446286334642236443848350306459634622867836985157258488118531276206760396851156889629407056916859696464237777140258510692399356887702990965260536179857048372367508
381 6115243748250442993217014734323464864692085541945389705944724245211708558075992537303425066776128538213353490714807601091070889839827740351859927024883687654176484574923464856393953664284447985969690307730769792621645086517323341770045985549
382 26312521818764893171797978820284045015885514619768178142662275761376598124088959347658121407171311146015848074670169401944398977423674346165471014843227884800213534653446573702880375608090819154316374340583185854135329650978077137705112825221
383 113216877849073136879338849898449830485351316473004721595477206071247864946216819126380331835528170115439179901206424206448782217598888509771775293141488361038538219542462473945220017047600751813672800779723619892811712995338415663215426169458
384 487146823789071004881300313031397017379100038505719073549399203072109530358817217588927294956126917139148355282021612826410714155723419510362463421177758150792050493751972648617458958413731301605414880876868541901652576023757846902961792371627
385 2096083485398135613768485015461635595439446243109581202960564397146804056955435630565495479274050075349424236706488791512707224125820432022496991226464325670844637810132475821251634740925854252586056002045171849829827741132773987525162683349761
386 9018976955623465054198524138213986925059931100030748794154624376517691693700726500060695511501869625329676117686379119084303978161931901581397565868788353901847037569406461160405796829388077358114035367595253623444180977592596396916928039633924
387 38806634321922918429687165644685027838981316770825000361891428691148046297637325608606991119687197900600107878312429220883398218432198211839496855664548792496701274416634878338274079924162824032812008831840752567731421664564660022009152148120337
388 166976240742744196985840255808783178419726790554032755426993270326187156407084448542852869063930380627011511038503008747164079157675195354453291580716378900777965259374955008210153009132649888089717938056418001968324565390045510919294976621699913
389 718461300747952229640139782109860808581690002457688776049292065557491643142510265888443371960590309433257231557577756073170201133079382136747967336588248126399722473624870406035942805890760968350153663786567752138428561956533574530447426664138554
390 3091377781511528557243178143122954507649269640626345613965480516808896746491297983813658252611160405285251624672379754124358768192371324620379961940792103929664716589999487005549255002055855177481614504763584754787169113612531339894352203455593031
391 13301505005313786097295471369285190112501278195758661741679526387372008803028959121402961147174031098126486428689165502402283237562618476691655907694195775269124415529122823809638446592606992982357611532458220517520559882193055975880418737285549493
392 57233391682034344814747822417057087039558582056914271866501190386433353775670901655573830978036674274776677269428688249638339883235978409597139652648602564556627927875615658031544467956867399379343214148000348323241292070127685859719037076060968372
393 246262443394230365781852697977429864860289075697295374107467372770050742469267630913660271448661278079503927061075944740984849703492036617910730540160425496975766392790709818728807000006516017949643236142627080063644780704059261370953929168448193381
394 1059612041925048794465020022635978063182769632315734054937833292690953651019325449601579864309196367573189603497093658956009228867752247860762233742856319791208948180326702119549401596161977891610186538269134355348500027309913249275612534614058061789
395 4559272879442552874979542019247600721332980934486784152366764345144616027688824355266918507199998003627436236302240460557091595228285129450078977093800322465117441723261381141560586980790341404202002982917790536551565794437388462265200885564945728802
396 19617528271437617991502650028330069417116595775486718597020321847650219185386145427529852943072400915417612371019921325917430289538168903668108184240432652951960364075326799349154730115465773346179455299781549616712328890257202563499166823982554458643
397 84409822718860431332574624083907544921584036073973240528001316202817247843864254071848509193762010566205753146192885247915876662005989129990303989920762297364449495206849853321091889634957842518291267550154376473906947067973847430700231463217935106809
398 363196528779989302688365170334547516356570393043406046848945615471135581663162834076652987139592850084775928617904662261827092441415438938947195396882513527966366383808268868557995257828391892552917971851427233519397748669097629463003656844142012158116
399 1562753175743365219444101979421014947018099856995110512660724128747226164784221408167719408116678218725262383650944655565387832221059227304765065014650280747738483433420794782826700620237085935209716056606673038175267902141566605022917589831056255470153
400 6724176292376858189155414386101432186020788105845334422756783797322724078931618538608638079164612543371984132401009291041457883781049819706983738882603863154793318015679167308459517327700253998389826367479083490318146264700540136725576978622855240876417
401 28932621934654195287444765992244116089049640958241340575801746600371941900305428468540032171473028060684133511052212488511125922242071416620623499369068473530751139778133452193817484777790012186319983667575398337064927617078000868559132123621107437971626
402 124490580796140401869757586802916283887185840473670699610738381609891537264732286726874246619871302673304715158058034569431255959867207623982166280197530778189375744843629759043708871905849298936430439235439741214370199291288383932618929682236971467228879
403 535655038176739423486453636037849071168780279493629476326286668248341860622745148228751136584937429184471175257133535381622902032609823870048960902880448470354625304883748438637091905195876458123192245174472511060656213605207917057417252040321535022229517
404 2304803448495275911822995419780496504182343876047135282799218196412034691319528880963132943065073237902441730811493573199820742283447496478298305673809650017204999289887852916054332910261834393806669908166043331660170470152174433489229471154896760709460948
405 9917052127946161288655616190788935307405378541754787985017230977315147874729408960129411305570553901958795128286067259854235005319408010781344645660406904674961120534788019264360388835721542594663772805306799125118883709945248416273895599653519198480616189
406 42670850294244978707809094694603187024479861080632534076688500297339635299688458157757657698657549796086650448995855579671712799746697564471828311280605573323190604804276537573638945447822209791898854302035865630613907139269718780901789584802905710274698101
407 183603095087386409673078624900649129200183169777898306428390808554752732874254063908400054576576087274556866860121076118795858982775263790015107619421807152591069662417018630075113560731946421175502953094258930777712884566512848655687261125053970955931641938
408 790002924554197112241965840419436084927476265647593929911888541881744758472204945068727299786907786984524382953617813854964156514636226256660053163267219042985776497672263537654650967316265476501818202565187056996722701414755086935730936870861137648834115387
409 3399205337508826332190593327395233037036831818904274730274270283744465593738262533618436335204810673098951314187725840918433205624855339913254942958070673757155673501110261798047914154385488118982582153543158492650474853374236888711592900979143775376375651121
410 14626017913881540324227069115717856930401730297578591861635685793077093693274697832885999776663330004541183422077775763027273558580368020796294555300551711656821038012534518377275617869978644165407456160020231292262206162626919182750771694283135463935375909444
411 62932473556881222624563565596403585540898156031180135117355618114152071685158701563574689877702218003409063167825701292381068176027274084241707947628546537012638169559341806492234346886736756470089534339471680983359606253011885247619079768478245993547752593857
412 270784314042761492150136620634864356913285589263164900001871033191529077345969414319215450058521100003421765572895179172823520204395266358819656072241077550092727733759105477329344880823747849854225303217297711040011412777178668689843083759541823575932635240953
413 1165124149543163792876992406385111027943733478222284094657288311615189171674370966905353180659498846006881638360998791986974396493894509541373156518319748139425724160117501967170021363458528979860857913068073512249978245126857687706358179492274379899019918423194
414 5013267805587534487934552170020962068978810623321925773280828458501358626333946591569119553121930930024142895086308422416401421856286748630406814374875508046850437599310193403862072174821401349741613655688474428129856987302752432462261646182746428767301686393111
415 21570966579308181061041783630949477261062852681942776582432277357661225616646620057129538223631158112100069560348545736121083919799750214527914602319418295815975015516198461117800296783731419809125494539238151603899350201133189099192233692436909004139448676695973
416 92815029479778301841405261644684500098377831539748105592318901412802052204231260510940332458789997770427919116483803413356215333429890826748352568472464954939323764783061725377415267394192894996402631729125334735107180043757688198574383523636305734395338324300532
417 399362247660966966023900957330574068708700599652912198214297674991026584171216442383313047623056514515839386901373379858417824907750203490158019035404069887248693777366713243533675446619770215554636675027912218863837849615388873695295216540870801659558345591414741
418 1718366149865499924595289001718816843248369503645316674294531670716726764243388430383744240738912579267913177157415489052020478538461344970545037471602954571425497592484381041536131430916272392783975479952185090113867707945671303880752932133445091094605712984172109
419 7393744006344598724904742136602362010115745719267846776829765328610554068703292824768782060825393352792047725082957305684848917969056114382251130251802563195381406630321765477079630814722051317255967374677188793977824990882189898317879011044613050494353528146616322
420 31813621582126493850737843677855359520833620085403283861265231630902590050786298832692677581910229026156499093942540061268183154229896536999620538844203952262630540374155684260789759780861439407927910433529388699547521830573935579947136258822729979187950501780565283
421 136886875891598673078974991979469711573820863269212878975836862168681288047821615689157041727074965072406352294463828389286369017242314341851349303465612071727008481979813124872709906460141043087871650043615377115804134180223108204782044260979810744456691924462977449
422 588993514711613883842661428863782479306603456089854543295388615950698670086749181947707175889644138283562264190491521762627295623521882098257884900795448501847150788776598571581180252958120897215574518917488719480378105409393734284068812528430863784719608116973191396
423 2534306945883273399976382168380503261811554690641634079549432493247449486290281062671064754266995796200592264069066123645277371065882467465735376593580406294054728497943553483287771545410181356814257644456597466054478124506299346805997929859214886690227964811477024633
424 10904554185281525348353926555311168871137963084938606767860996618385151421191157767512202243666046566152274527773856052938504968458846691033903228265515685964732190123387971701695316968176544092424564665530521171831256306303315531177783211710781842096980999706465548977
425 46919850088757806541840486271414334570255151352768131600656685612183408647084945649547816955529245442159595846662081893756692729096586052772310011546837210941496765123109198058613270204652176391680050394282813460992847157997679615470922268976264550414221104097896670986
426 201885587887944456664140651691138166237861867509024837699700438205761588971851254945202478046648087512341155649988841309967948740106390190759840372937638996813287255245382075187980400118731249681126557974822503789470466871078451483821261709748977225780162521370086707999
427 868668389173448863695181799641447827478543883486819793696532134192257718918001437777368939366652701235226990709957960868569665513242192795482271830047683351241945980857582781764062189979699719230592638691264078564373792881399218572693541741816092477658149294556743527037
428 3737685182203410948483487043133824638679133814907024455383559356344003827674453424051237262693319243639111486599823280412944481345891793405131838031425499765769868138551767683256369749542304847109583519531852881453457563793760738412003923579833530710950258908673457511188
429 16082420743496708151331889816744779710960037424074662895828200379143245981618262806924079495366638114489876460869242519459013410189732388639212374666984448775123502750186090070989662177772425077856139681585472171574166440324606036341938992673719376121776846659697056974829
430 69199048170873307911208987954322424638762785675652241112990323826684218425067953762466685688753232841532047844546742756056233606910986562980666359240645744578307909335275147305179201640235210847951947849331802213510459510241747966473683192629096288476033456572464912340581
431 297747978623876415102049270321377784060933816106037216877467017995991354180484980391561189957666249864190609840125986221904127803985735648985694672202275376566169038425817466312927021667858779006191320201902594552829798230234921723342598985124323314014836742883233390778418
432 1281142748606762151776619387743921646388380723503229361048364118499904115627221040670405892722071550796356905666989702841351938199195718555986474283289439649095921464123261889649097503418588262487100757461517566123617612620449364717291945347734327704646083344698772216870347
433 5512469807162181513576949127755474879759102169198035154609419538511546515594650262177345893737359004389212698814570555541047307584021385832975287399840372115781100205338857049306706452089364975416929826701880046959598668411542058416431929783298668581185906494844160912016481
434 23718920789990621112554887475545609459630368675480487689902005337058020231091588188875511790520580369556992777071883669181180723322519773496917014149333541631617736634324499577586239750191060089623346861124847536427140504196362197930283812873290359791991282440124487909471364
435 102057194528466561022043589994461622658874536869808332985681768069755461608673990157845521271390824834617325788915706679282761693860534709985659208547146591810745382555605926740011079394687205521865944825518597541256906515747184814402123275016555793216398692716089956811307377
436 439129210272360941772553287545671284915481578322600201858702824337603247350095186222601070985392383064415650613362882388870266299335114229437545000287732334158873702875056134967296677722862847340459683544218445097003111066146837478219764936462907886706019616260076320328122793
437 1889474467776405025796635667744971556600784281003576010336468817478749851924453960639468791112789440818226275700067291906503046415093967017230747375797221895362132366708462894616450150430252620136700583244536432861244835783492632947892454857264872053880902003152111731206691834
438 8129984708064942303665518476087843928257476670050079446106235614380939517571984244529540742607770054897884426660247812365904433177464492397841101878122912474334040724917146068180360718982674558662123865590026829015214845719022652304802979476935636609286451166980329695049090791
439 34981500136995496440937685377204304971485030507239669199521771619468448032086559340729297339700481952034743306201037186110013026642040560937513267263222896685583806524460341657052453143622614932900517578216524846492339721244635362680337532812883566884789549825445313281625378453
440 150517546560782655293691871457757993072652722526048107659290151254199421607716843970057864470679099595480063251024442493452351833677809327494043030681745746004916910447550270080721183561165050988516216294312543745416054069066108856487278725633610924596088395626285577322979619892
441 647643232392926787145646301157177050448808521108521530697885441412591763942324541828101430334294052121296086336519100908931720088462924954657675351619060039967833132664370325432448558374957410143879528736913144187603251181596638194395381029729403922326073328655091946770021964101
442 2786663522282285969847155891412611273026084437964463330511556753300360554888472177230333558259432961820040241929522177064301544941281196790806247666050062961824414931979200816920079241191291897753848994801628089701768093700784864402515068971746186837842101456396603001881170960829
443 11990387914232649487798840553591525213783996626496752060464127442264027482615387260667363500294282652736312950638053582594712564441017209090058212275393134689218575261902893108303050530831587258337606387797401015946030714959134407429389201769542722422232287296017739169095788911842
444 51591949004316389529452735093719792249841729818590370310785966951419055748411519771645816826693114378221444027401701381780658187381242455077872318378815484560619631513576863090755014930584060598426484954582120810624849293693317443939400801932475051597635132110898886839835431676723
445 221988581278883999183867153807824385607856659213461595372537452430303196294211437076226993632582723932898281285094346161119153243583160648119186955067898018735442431782175636128865923060425541217119605609518401005286154323589183997408836404353747090721478798666441216691889791648089
446 955167059381470827330977563757962551289758106611536865930329361297258814225822626066197517682834276529827074343266626660253791655772075875362317820203043639995353264370147591372064570510375524290318573183845642594556223736865967655225979615971310298814488596999509422939942663210276
447 4109869553070702139103286357366339599625220555417299543534034449195384482246478819102306607516423210850440527861050094817911498548110897432454028235811524143770439026504211048473725083370600997800234049090673009956922655713562286283903388866795310221908006588998223464624043941107113
448 17683846587209098213523499095557810344256828457251887119879184162085145968554926217312940484533613224662721416275450594108796117773238259536183187718448489798866135339410612468252431705321878416130214525901828122000944607357213528453839005486062620213096567153992589054300391715904737
449 76089624276833384650307636405690032922408480620007536968793817462839576396035194629257782600118796490762285497794102686090246093221858605383553853884807876563019359617540429195840983276497589087250370482237121580133955069645380783417484860829927170399758816002968274877629826756202346
450 327396581622539628610967684741776733579271917728282023484331534827942444074511194494350091546993142779823263240144161648124842112789578248309219706268693913418498392069470308574447621266522310187861208833480123534666941526155263331725907287691447991359504378552863607225247958633297519
451 1408714035282197989103915514491813569129134146781387506515276221751193491184450388583977109934609324426829459707338500182353472284282315425395436969689045937403433881494730255284715156503118783677554932720689252932932842421840174308377081855967458445598245444755413211493350312897880557
452 6061380431543371059686674518233737644907854980722091462123386504272140123698718359436835275032067193794677508816260015967392835083042842382049525729639147946761674231265240350700232918716026987824191037103005894060663387530735081546707687416762948253912714088118475235791007688589510228
453 26080760051870261331121626047693247517151872463266294791071103856107120144940240631432245045356507995692899164959284579289903758562367265634061317739128601921598069511842010987647019124070778588088290387352961711504518410388154884808407191515912365932768834106326136544474987504253909469
454 112219658964721193476548106683765024651035797374165199568985359767719180353605048078850719401686338397080463298347642848547340287562707801024158011506725565767705324865414333886134396864205811976968878825455790875340601889348569179401912895329272984902106028267275257015001914455501016661
455 482856014667995183389375655275745380703723369481027113471713487270274541333204518499956861872362167998323618996860360504866990162126437208218606104316242023073732415791545636467730926948816724120579522965220069242189454215578381242584342902098627826712223639017397875441584609764743354898
456 2077621096445812336517233956327431829565509455282639968651611357048215165605207448263232151156751824800376705089258873978692929947944062638020556487061033418065546104361485180680251444151466184671990978349732973584925465409846198674715975824505320178854800110285163606162917305457213724507
457 8939537438225076132418042815809923005716377167970118502842916323430252204026423685816290170166672620006912668455713288378863679253341001565446964122356441021106533274432788993998064439910880750998216322853004660198058964402495849645826850416230717414137329634373624404489832697991838557841
458 38464823901787943652538512210067319539885357474002672608259747546006615523316496084291754397363107625633433227010789819958239606422872819913173151150599104851336028059079489427949567867100005200975108679215824380235518425782940652204986324607637626534122247841012631203960411573587551615684
459 165505507194264489865438432602906828682277655866103007532769988759742321004503209364009901476315520268146428129686809234654606994354341094869524863385926201193360540472099080157753646015767383751880894427520107920583415235707215712087451071789495980428199250301942282806332559773962242404897
460 712133064265958618369576626384332184791732206908507019839070701160691758452566558567174244189488278463831840967401676713398316152503087014608104863477833691412794618183256932504919526477536903156479146099953066462210520901187256603822296385124567022538629507986673520419781564149048557177433
461 3064148799746999622251567834112940437911828066944226076597043539524231829249323164743841516518494831514719920447947955863027759779452411788431949727231389853483891469499987422051336694340382364526753047217205008549302358798814635882849128710254347171408549789027540753679910141423356058672474
462 13184344805937122256149109291411705635183943713995609323468005594139083870888916148017684850024009322182104079337534749174943850439752797898335434045723448193181073492950166312741924892269301113164327797786165843359880231290511409602778754395898034789426860421177683207140206014669634621830071
463 56729277630444612413990842954719706862184234369145368387548897352122723866696611245856899700564562116366360635343829878285635972860406754126381321046923071405453693056250869297555614378325358472241379847279214191151494080056113140365346385848727132432908652738805793774661299649078104933132933
464 244093353734411695301506886899363417405369340703740013967340469978196367720816307785231443952750782615285490938706545143903348312982775376936900303097445012447725244802403847549552297214818889021713915843037573425677829706409031473018395666055941557796262682430495919251885880201381620800174452
465 1050278935780724639265561905632657966440294000411263964674055657834613667003991705188586520662060226727328372787501236084659833646332656622305357552346455848022265144843266629855094642939118369691845439673350224554934666291876817943995939172733526391682587453936062214935445502059673789201473461
466 4519114617700388110423288867465199579985361979945099781468256879238479231857509602587238271452048785790785391121386544991589123292714956980716086852439944202768149989809121606626816323051135181394085450837638402497639842340156995300924508865499807285024149222388823316921569869694224083606843949
467 19444736281159766634319758620428024000605927898491707013319117422688555158275572897370431795274063248771941837244429016703966115524576815036664361605160353469773954514515808143568797686438320797894890935168141338823395212825154522672634726809298457250072983750135929939801512842292099050429799362
468 83666337552697668840328926499744521263073553552623235722190816475727338095805335679090444162014169886487353012857985448545063207744739204241173547468481934740565322603151675897963539463038198445292198323327791486624056537105301627460400107449992864395292471083513179748242854602377823001328464963
469 359997478920009044298685356637438534313549984067641057570996730110571025004199959703340925424248659686120939552556640192613417692149965576095874652526928613293504749472210955059111304255876029832776318811134533416650097047051044569284096356822068950226243404167158108921809734485012817855352926729
470 1548988381941952214972440003687959107778529259680335580688411201125673110733583791479433294635200788771142638724209244617431898837515610267755852620229197262245827779551599747601665902890265553828004999085689292623378315623939317964039281461760366157945339607585251005364320108617930620272779238756
471 6664949472949733941966143948527479935951996346198754730729065815296652478655319078287143696903257964797350374963376302509319241111128154610491639143565200471348624649341365872830995601683699679641696038995042862866941286978543456112344118238335623939047967825424780700056171339634614647797837413593
472 28677782218922813064913399731573522356424393951952766911580095473106243061075844016997418600610687457673323958644253778694300509043093942249190637857138410570005639908052030121349980299747701736724465197718146436464571488020899326669602746806397021221403820304368150484187896372319281378170849351697
473 123394062675764863498668566812285171974265980721167570365713279919641257869413262850125661912343663393974568668331139985943544821882085247414478271854996451435982325592236052988256914693687409644697237871605603593722033579168866265010981379316978234289875198045566410320770967842692562947460734517706
474 530936966722055878298602634866705292802056721749979551093826113178887560163838782199636053759886254596852871465722938593634822582281144410324819445703567025469894708237024174577234632569193943013312793764873578659216453431781633345046098656165700107785164529314727600151291150096504970602791124533439
475 2284502645582984800997007473896670948087485666586395044371990726135514027210954122447803283062400282802340651323621273010343478445759466309380662412952845773041526564408412713921402418764907486132472255209551082514916166421401567930197549142877565836056197052436938769794142846954447164171573419114077
476 9829702327748756370089229464883238862031258167682036568578475291140907455563254265640108254032342650221144642220937549270812924481953898315928853727653527788797948697330991045875308196116955601622422894753134676596931471811662939615849449745890728856925491674240511048516840784482720909049493721970068
477 42295003701994827447455124902726181465893833838650997709776404277297995196183408960857131420974512402698701257133823927323034187072491092651502281399409101624865163793429717087612333724290055549714697708137020135439908859794109994288654601300820946776458867213891738933201775381550263052732748352508109
478 181985911526727868127007936118981190743375394690208878843146595513067253614227282007365332342775534062830072359006306988802732161916593768309724845814084924757931972875155612300435744033099410943706219856425696647408749883535561152595724657266432547311517861046737161520458354554303152536515260596630341
479 783044546527654858292674305886727409319195471935091401086403764733442282482586183154255267450954133106054258023630063162044558248365495563594117384872197318915064372995488910239341718992626888069387006157717422830724022838295475780112659482429699896228212703592010590802686446626864973524378057925627378
480 3369264998058090687082347721076693474365851175604830368902579037128009651570249069749180340226444063341781073041131394843814594756077696513041412386918731820301525946351977714295401362863836207515816371219310024211393864540870695442776123440349201839206509934819841469452057169471415410012344507838245867
481 14497191350707488860533715687723285143871669462218877641253683891439721410403486799283135898779357917390742591134766784732939299035291995874424709779977067144762436612773421840758981657341300373370920837623397852564797254189467049873542638754456909507347911563323175574852226507476482129488588365414347201
482 62378161759363172241421535275386345296260793784279897099560682345814578097306686787168138473217457396928369736550439739133252710908226889832999311739129140262907605224811176060908704198114993244307155074459059190189804677324723163039384823451236942019120028012156353465904961028968164417405908303556998404
483 268399234744693394625506529313761871049688960534742852574042360054753726255322973537991284669749213232469620909347898341467445657435258461541722429355714499880250716285735614782266576018551065101423012859425102393254631624055214665576296200992813981573556405370812240604968125622411375698563776421541950417
484 1154861688445377456403268040742650319359662421320874571571529753236324896984694807328452007929093693971562995337088172489937470154451611638209614211561185078612530765754244545728606767498410345774193599073748334395703744088301903838763326534610359081810421942817592142627125745025152385240601157197038756873
485 4969110737992807098139820615771965983649245225000144300135521686017363306157505116028286185636220830160406113957397167425285013799952282806422903769738781893421901679914015884296234109436398533566698956790466364798754825569343875197087744070073353464331440497975523991320724348258527799107314456720567933114
486 21380968624627903121489298956631878960167238861038097785963019170377841839833441158156074904393823068887341583775721319656612658536406579117485676214010354231271916102307345784295350244686761630510913986731086820806662895581813664469148740746535690076225936661424843528722244506217181839814768812011723394951
487 91997510909161094313027032935843496849888458630190056029408530793837119280694690442695515965060452853955489577006415096007208251282176047168159669760835425476093875471794681268588048895124612551854473063284035009637050001201036696754480471522458389988135361813197645669649049486310325801751900689896913175413
488 395844648671921762200667267809321847368940576567835986789153596458052070883973128739009355112120795063115423133704911521066203280801660498488341320162146064686653629052051368990054193741562777867739623356226914585765261319259742490364956135372684879711998999081713697762078513912900083489315197013449395692212
489 1703230710632125528064255240239078746295037506948609765857542389908748996577781572366960227665422616753710646937505312317309391650161774350937227591528224047004986518844872801144506822022440051683134697591282467899915156592695602361561339262296049228595588909968975551801445421105569440041320282997556238934821
490 7328619607144862353719274397767428189368365805039540868920251160169588770236988475617773072990750698579206965286411827023348348408403890259221113997154682040964971707068209898752371528887511924812454617887731595742279999005698784336711827905362191503841947552599736665720991563789146949738655823947433007597469
491 31533405903827935184403606268119904707956716504351875047028628631121696861451597660987984681957485642634902885619543198164813567091534128243293887211188738063809898978806431090328337178370239469012868996664810575011654525250407114598875121739922809833422971033091756673200621555629026428569318270744496321182882
492 135681170697705088860860208147297238971678485106640752628382389675099717996547022878086604190815176117436893532238480509754022790232458970438806094064479644196154579772827525755384571305188661570626981129660858087831432629234939219984240124983527474655589012507659573368840133086777691293630623881880182583122003
493 583805635777041638751090221932126480734522276020148138000826062482133499398380321407469066908203423659279759004333772954275673249887692467464148808688832006789343201927718335505937844990832589446096298658309858714122199570423474756124575259697868943777676149439022596824598800767001377182445164597167423952061369
494 2511984666792092927172870485218740686757575924780818432118983143385368343002260538403085521968571589944088114424953423242116297878741085426004325761250721101358252270320109100263535511038596962518600549902566719307116699964412556120670155923538762294921613709672134264016473604574673812031333951340196572010940836
495 10808506426629339719611081760297323991584312795843647746592437529480441216816161727793020409118247678742601295111765797347754469644042349727629182380187109486423231745817390494799864020220487044254713853537904020393216901110792356334977053838600204643275040100043603529608571620572364928609334262909480588198520073
496 46506578132770419816536797345830397897648836204875783436605238217246101055074027023755845479685523623880742132283968717012423454583988492360132934617183384128041401918126625173208713567986644333717767617981819944044734405660724113312874801422384736331610359371201614855993437289137803206952669460526813224959777857
497 200107371383964079923850741448260017513491242636847973943248878497789181624921649935400166171072875083175906776084546193018853863987815412617777125945355592180937314353180954381643975779271760535824696529295387659044021324971243497559442845596123067728226676555877263691141471583971921248935344513905624360203329066
498 861017122521509140169643315203808893874509704569612519406428677837207604959386168605733294416307804544237307483570824814056998956187111586008486825875227808520562366011524896388593738192398869677970179792531478463085903407874045147858589823713461129646302304665781473887727046052446196623818714187947682126137311759
499 3704763498455653461076664351674264416832074794937518675202396753692670479922165893222465973568320397471658817089600485491228433188972111692189102751540072266059999886998081618798036763624179066782376809374771229338297453064456495246614620581778936445046831493661275578365210815510315219372287537398021537550076571597
500 15940766124713739884874391812759895402536844860978755817792697734951729584732670960295129984592678573725582162997289953013971169076299223702920053280074677904738312336955833404824402603543698724877973507496261711302229555098660340789497333437754298836295250554309033470162872939394237506989981544426264641371970922708
501 68589540128201739041141966008776683762187999920081223063356298413680636483896857121808252002258431676212934363717648308596170545814579783438032958145753172725511562023784922167727902726845956424042737109356994868496255416299932218207642805443434684846335758290561340615718732250440241876833045109937258594209624898749
502 295125402266867475551086654605603732603329465017469847863403398863547993665286272728155870057514122659887925329596371683938939221844001246081404630888541829913342873108057110624166305823598685945579765024296189208574588416203680068669722026903910527722793039789879602668105042434018496863195280916407499046932211725621
503 1269858390949732160632007375001688611730083325327105570126948099076698058874740792275354594280795318270800823556828913493906184471776266880092924280005449631390179679468930786617647820937455560455770613793409961437384175832118603688725681718189248584074957924077713991493369015418771758685477269252225719452032183931858
504 5463915747948058376506776911191631860840428231583118307044530298792846313377845143192305361231434223374340341795355452417714104693349330662220407507361622667210869778020482601215740187216481744442113773894161239561197113911981978237619242510234511337206410501018931149462529949791803302837800503511906100119364284482427
505 23510003566891095400637862430953093469011891181934274824841807196734137390265003339135463023314785162059299238306290521606851970051417852670823264696791764441883809851695620646225757473270042040843257028090576313493833042063554080121919167396604810933807178732861513772832542702702701238132570709802853342240724870616561
506 101158270590611301873668981421190571762538171214922019203075445087292148011191481266100399032879623140173475166145386250781117536177041271367455100961873954207786439924416655427481566804700764970889943818770397848785573868581824465896738109452320520657416662161250775415775123664138096282149452038478548410845531499635524
507 435261342252383223166431319813093578405655182528807271540851803846258327885162396313095606094453760214689478115808059689085031770730952798824805710718994477713280770066996415198730561603693698731919948009580260303446370216718460089117933045071788170485661774607669335760377990212582377696349548062984182027505482886327937
508 1872831899490082210211149654801896176740661398999270300095032683969415195392237537767176833373629931652926965080604139693081806245123640180021663250709350525943044530561732109711208107604366198746929908591590107970875129477846827047899450897001979290456058886554594352554564580070497599635299384199485264904990819932733113
509 8058375470693261381556454314570200148486341447409929685852608008308300993305700499896597348584788377620566391055596519398153935913425342503633899121389769196575380342607671302959848853210749897538889698929209758944036536739078754972143455349794531940823309108949963755491688929714740865087448276808473778442437651004681754
510 34673381654996060277148822608445312212209723040051837528977941989633259380351789886181456242803052093144051060036170177911524260831755791978104505854820794405047768121353160185665619943240650891453658768871278470807557295261853293717018924057966721832748368885086035719794750908362211526531343231443913097497215795225209431
511 149191781862900517241074750098515960615589590858029398587331885923241393921841847931217489168260895332858556127014061331363159496418502932379620831909934664435512699578942787019448553156571004764651624747568763077205676866092030203668664254240450013341271917098580287332498687752666835037394371326794144152158766023112001893
512 641938764349514405373927282667243866441318785169991480349725603647307191468153869997543077112895320384860627454961796123081224699597247285963790641985210938962420193530654454540245905953133071148897147431229979973605712444674591137192264499028349901208114478837643329503109186038247540607377826939638981468302182729884381172
513 2762118476158870475146412163040671450359825153275869205986632360466811775575243806194062918059693915925727468893766796621316645008730727632680090714196250701505562868916443911642883870295952341450530862913443610636411531625096865074955329732420399466016756642892475785518049866933237197924706020717812474885034615580085900181
514 11884776087745809159610278967201625652475169410869371588883984991392137303471757420977685358959783618474055462103948594737339550944861896305509081645025620690640553763990256194593681633620362493805962872273528113261240520791460551963199855165016947626459439777949448939080921776551443367801396622770145430020266529710776357389
515 51137525010252434372612158346886113911296371594519250326460027875560251190633055686306238040619836344593094903838442583822747819698117298629505136082539351348686080213201949238039756557213955444678221772627309734396968009082012164591133286627823539734246928961069817338850459281957505245232865051697289725446228801813624086402
516 220033296788024744384229954832825692599056349739988136865648184403624844042750006168598134126219830867543308132880367134901720445656000804230998435477619894671508739774038977606417737885208689741973220246315964332201118483035679167066066867644066855791856325471500739877009531080133196122760135390176012337170344419935791359843
517 946753908909366418803313299123470121261392633916382933348860838391443466641850863784071956509239645303937255952886507923040358769185652125266476769140481419311485458230589040317969419754401582375831435913697892457814688387932359341556934478336863659756540840474294247368496277554793464878102081795788192509513035694238084540009
518 4073669654182757860863876631118873528509794120361950256147359638746342801081004300414565380167538733917056355365791438210496632508960258213639388539269547412542901071830828268770593885116381842653237518829541569292470086490554759206586471788752117731407135225956969017211452794533567736022230002808412925536054145211383048620516
519 17528086544185690047909443258223957278764792700060602480690215678557383605479468910720611031309974733673470008970297667283362086237244334692397512388926292804780048984462374222899061166318704466138693286406614169088906367288976718008261555508749997677766053608361962343951775140003458285476843768654700050151731618974200989482553
520 75419423758380176656955586397763165808294581139217161635008999476547889624154331652359359016047257466616180978754114021785320533659340898821069396326822821786271541706819386308183524176244376802733753875544446137567121576973219312421548362177493635194608862363938904668124517316416588219317528834848261474150495659236855801551217
521 324512859159343813141049602214143957205178527595904000732974350347067297304333251529634961986306363132060494866859677107076516409584971490028154444467335230517017561580709808872220437382265770615252689518502388180568888782999166408082957144361218182939746150994608636308767261162072566240157112868277207220297283439261676039308426
522 1396306024521578535734381251877430288601008894561868518759844753305692817649203262691096732883390043260453931398036043470026620446946834753677564033356207687226273182783090885436551614382595722668062185965878602490143079184076174103150140635273610009114904167881226467539462753861113066542832977836841251679034930218597812791888479
523 6007991545129861239248757452744719571389508890021630591600300715487262196333016558866578778458031126906088172389601186028903553005979259298303356833379032744580313229173325000566096759766181301494552861273885847909008729571383371291501831743284395496755282386422306428771011985819347633993693550579374636734282800775204035841517117
524 25851039652084570589040643508091306991144517766422547401721969317519232528717473006259603693639985504749079067753897799734437903689055792230484092066826540661222746597517352346520828955683119339468577748471793432074614410304688334148058736810601147456431699428467852741236671667513398970339968819386349428634309213220226740831920148
525 111231223625033269227456945182222376241554062162047845233808944441134376054588315354698282132825834143027130821600685440585478859427341183257510389833995605072372793300066786730905854499117052792859230158537309616646045862809291556865788188823152550791892649983072344419870322380108951949718763445193623232968697663775521596635049389
526 478602999168912634370162795386837960234336757510971583963878814253114182686789157754712599583209214200888416904741733803724080586069538539596099672969498403378195726707781876614966785628535905945890417547271167787006386083132392781884764733683959311590168151629958163875641596898004562837573910767809067878940560679216927760679486501
527 2059321324969463364168443141387522672447021601068714384117967237942167785270180842709468151517568568575360692058906612696863966352065669148207967195345505201673860253638709022882116364645328371350874397260743910085093792827234089238826459101950338905575162808200573786118597017349695958338713263503464469695796710404758074013492284338
528 8860797627340578917731727320777099481532097732810657168698199746951496378290536740283202958838215200274138209580307862073147590002119730122251536957819030798234714088070199484565681466341034138916700733661906047064449805886773267848478001308699816593105309586112994438966060296054466103180844585213895144842161869986139586785422962187
529 38126024161794504496153307179722929390319423860847142691137097020930978535642141173287610339638370295644608971724819472275146050954401643166633783203058638386151989679434870354182058237769185580530880476527298505066967650952164071525910629237648066248801059505963250836474510428223242640888083135559082315123419218716423711886637957921
530 164047727926950785727571353936283348507000826105803741949590885863800403543339095645588442821677205877400630229883173775156287484765649025466414305141836099536055806132963753317213246789822825485904300181650774384141488837100500554084119142262140881464689368771477270865474371252952814894897881922153726141090610483623699799076920903044
531 705860567149370415149396848142247954364045858946477281674543138256209082109769054708079383089470918500069324234241410458955999270965040197832170176100004582521823061626514155523520059235806570687928859478671976405506541232646010555842863823597760208577043665339496601817948324980094346551825160204091383760082794761969227859724690641457
532 3037159651965999718564270178902389726299226816414975182523943033689644199918827986603631586982322974868144730481557530969311133900528253912761607965074514614000947889733679517665960555809564376981931396848407558875108239651928551116961961691202378398491150220383051196493318511141613288074432155253995740377142142358975039901392690498153
533 13068216558381887347373160350085204768403996505235444067596085753679593753264832768893919785643202118840515679705063423469687671689746148970311529297072559322439270263788855121759242601340402172845870405806021865159021574561704723917281216985218611366724620105896766177012747580767783400716685295657704550605462327508967515927789380566394
534 56229603836011437581172991213718854663122302076932294790408599667329036166567679884658704167269041669598144207080644524440504956747145983113272822590139252770193507649743237055798331339273317733283557838484886649169783153852737966235520199852485921638149649868334677295583782370414077139360130012526535531895885210467912459934768831337511
535 241943369504911525863745475018338659010399520868955141749254741075606399573043901116611761479415601991469173996288032351793461768666491468655429525059478585883649727457349619913713928892345382147880177975006367650371851045578575659425757348306773774090574389023983087946880669109767035494650594175659564007663039069812659751890476014988373
536 1041028036016523316575208401450536731062630698113978824375047906376044889365516465929082694895270884948551437360198228185645793973091019393937329157526975171107668114337518388401174650443906957539550216359577178304349905766334664398422226141976411105538422995514911407847651998437592946055172580840718213442627539717659561379648073580929332
537 4479310071567882005284805582197667678281954927963028696627475308653405248108450626295578190038107618768349664812127043872848584559455622563720357212456440097887391389315543082264731465542498641254110547872866788570633975694937595013833858664961734205420391810502607775397617984858663623791911121676612375190148581378859827642568939859681541
538 19273466249789840076698402706636728198221882545473207010012232824138891572445703733690642865504725438996094011980040534807305540878005054636789798589701274976113952603565160246120133376380772333651902090285602407940120161175683981873902614898879437710486690065968304653445133928980539280794037865860907235622860287741320454073900478555619709
539 82929401034245554367637596786590637956263547943476948960178738194734242117903166789566479757409304338675421065463821542417981950711658405492787921311137054586907588849879171983806472485276365744497178807809411673988698878793607124328011498499511985936172274898333699941032815690326705532594455964274699052543855694570022787441795573199053922
540 356826606421858251608092775813043005186652092080965123770856992501254535872178722746760470190532345376388823291378986107667993130924276863553570210786581448006196086438700379180671962297239511721530187768190251146123133910440983676018349647800921616549401304293763585744828676664691909820590166223790773555850697609626152574987276430328410483
541 1535344829006554594937551088705443112064469816574394771973748747922069953007184113365102911680433813865917853260503465911086019802486409101289487289999496076270257665643864379951940394030368461374159402417523020708649572915824097007107713743506072124938489696773816828901044936252479432505167463226129770621621920964420694512610995432044890649
542 6606244325767198219863477116088086544762392806629078488556172762106586157419384398585233147830572033200422796428380371232426119619659214915786725817637736037332700068903220762217686083260123771706206448783044350104878462847797534007483519774127595775044244570987793387270738651268321433064066817459276532440557511993225014838093147869239221796
543 28425187141816327314504732314324103387618554583422208126859617566766720928075369652830857004111558724404360422360391458428872538690836847275065167218190191957852727347584510671232609234209513474408554036662652688398443595491515379016094457640119762500405753764617516449650558447584168867804831697617993350337921797072862990652632753050061437033
544 122307202731780041912933230223356257303805594497223805168629569547513846168118695068398585577066077522420533722516816178447084334595206591627965658638037751677265536531212891069509987921267196056924150836964130391677582588914184293058021728878216025176896035110124202086440576284115880039831958035712137154367936449384639908748884321642589519777
545 526260452233451227621151954173808976356172308735852401462568995037269068056367366383500356872995711438889587345502906516948804056903522416314632791535618182512769500613310923333852111903707439861395092074832693893192582158096375328241825271470720838383262914256768461083251206077826893595745295085706705720825916855704610571786523349062763287786
546 2264380652971916012366960080198976109869444760187590591806956266543803801777480746712306027633780324627186335559964084049402767280731992306689266981763977657532050893472915943460730595754735611136203007863271078290930163023739323762035061170718956116385626465953469699156934301536786827859230601321397117141025774930369133132685963780386047879599
547 9743121908159226378971344538473453620278706874730395754647074347607211804718301634411029067549914488819262915763311700696167424232949394284502436534213033740121945965524646947302096643062555736096829763091857309775073068644407492825449830039182618066778343586997043112534917889450453458508917121349865468542651124084731833948070248854741949534637
548 41922467581880383857755842451770339771785200093089206997814502938404647618259065931918227254848231470214755572136666251332628819322550994502444381725773235728013577147204486906128291428048571847075539791869473314002574854150819492841143966683756221984734838537124806465203786542641906808966893802785135991290178295632551770342293352932551604034388
549 180382972184924240151865178643431337998089879841254847725131291649201602677140424756358049071591413884615989113393396154574641823913906789658714599026227077419702047839448493688735167211055192027087209670071794640687655064820874985729370343301233255723339161924632902988414179044858173669307717649876083550822938105908563349867256018098532171568029
550 776147458178980049186058365861845670675093798927006617632212949430794070530924925986035563593412375012435678850556982018875322661601880964786239849953815679914469507755629007725290961771130244594209428974750553261430550761651916450123419816454897612662491294011790095546459535596365147919637906841025009780244155642645161438309400031695006045736981
551 3339588374340127525474696293378934339381199355111268544985670872206365544623203355661103670752287633408330426912604721630652687836267684454955055452690397167313241395259799557560249307222485646889785515863537382385089788613796957293428988052370788296142438984285051768767055140847251218590266381255496798248751963895500117141945232104179433713980818
552 14369499497163697479815306369309134684880715378775322872031715512739445511523242000347411662981201042004345098011352662096637471196532779380416557713590538796822798453032110764625373650799037500666299292393435252141157290784029037116774680812489248642724721039389888557195897097447160649192418185754408961903027352549565101394797960425812150432693147
553 61828732362798104822652442966408870406259978828542808725201564947078130923746599934753747302649142309796734209318949145591229292473860843537217622209881502482174268079381155150446120332327730562662139914376564113550517088078754313703586439905333878325196288244094287479678320064694049590191291785005554414768880871061325155548154105816522451021523281
554 266035163322499431673816295724116947976657748006388075009912678197172318084163273672726501524302108422970635752560687741666234048779705879544838437908635896020402945037809443458354480709241540311311801694702514811329113568041684457167608157089201645697807278102301771726803909031128766003379204367764545188135322297657930473556376647805175803809536964
555 1144689619524102843901124149721358128664508803546311948873958696144627197649576568559371265713563115185462976134846591271557482366476946867112539322913534972655491920950903751840434042549224509868572588730382881715994016575972159344727281465730006593513447525779225996194984584961561681246322146483806062696369968875105676901137420921576311665983114977
556 4925342607653015924484171861434439799392570773712395519340055446131619033995393021778676823994909250658402973416550893132788709686045616696928181300841767175216250769641090428827106770618397928408927538567806864145982742175735743352133582857382428030473815794589224665794511197714422108221473119315736677917443877482554593085017974664466030918486963993
557 21192644179692771090717486858008124610969327457923041750078401142224213577028235403215270322833856907735625938678214691849271101330797242883303288535468230958114778085352740888614231725444316112438919926647885675581931661150762238726486069889722120371828736395608445340387602233687425497368399157127265201498109480787455934721677610557601219594485475034
558 91187193075504807680134918705737303656668924968478022192371839372726210783154997950740321142184556786702920773141420779847989377595849364325731898774815853264925138117840433156589838315366386776967817017536007785471710079226603963576029600876463317767722234594274552704554477575293861162177576427689115973738215771489615894353334128794608005216966483191
559 392358032838445725128522132954662144450436642468620985711623993436958413184690283544055794742421213210307726049672459823692133583986855092978749628267674573450281356333143943117106496400498985547522325307736381900612755412680733101700689794713150227723124963784547427501609581175407029318782684667063784264196750415085711667601637812300236367301375990853
560 1688228584965714202602205908656098811282176437437670861981004449066613433573986423868058010285552395691429867928938036778916699787146727371916552445013925307456631367312198416115762967056395767406708175486073886146648646825723853617775360170936361185312458115139913479394384473151153563107380694052251573399769104760959710654948186675117357820855980504692
561 7264068826313233837625463144416507623059572259782491352770150265022191928315861268708122667200498338826226161495672804423507098183773071580646513340266602816932312767561560251227495346080481880390973901507160285031404967890577068783774731470542355243392915684345925114467093622229546727580555416260066514206255272559541418271936019938686080002375774550901
562 31255658376669026580320697996114241681451331986599444177907737977911119340857347071936439305145834507056841203691549911780785391557425175787482909366291238162291669735871206007790187829233222099734744981077579766717078898975713783065547576839902692661027204076309885134152314691694272948580634999143577850831969048514827959394835539668078326549310931240429
563 134486085404405431388727100547321685538077943153649746831228239094489020919339151553557828524127677518805527533970731145633405663235806664195475006810656382360661410376671349285268453107924664857500803200866417978491179591206837708976413689787886397574957273328511650327360292591782724560161508746937689711541079424895515542158369638524333392739427332549442
564 578663451892020077202673408748265702646035719808450401622417981538711746574123716551979824705200884072857114058779005992824672141506757793614926305954408197316432042675743128402971702051923657988299781061099350592304661259107047195685425718419723909891704754413628596234344518883830803955065638737257715005209489978933093832607341573617431984049203869025923
565 2489859003246884091847185742099363456615944769581302767618405190410091670112601128099225637953621387807868987691982836527223143717826368975488206509340071839500175982248701594159053150935844295368996495702897499026049767521914722851497887522734960356733651952082608030189641716643805846094843667445475505891424211619978922536561598952514159742027737347481289
566 10713304660558360227627908484252020175141616688481162633224772007434323110840634490840188715652504286820773596283577164657641702164611571496596253628837134605551583783216278585586350648523450502880083135331189443353334853832252472670433160458415630053993145497172154362245175026567536818609021421015604384441492588163095331184985970041718502757991075130328676
567 46096946293051148862597985194962010505860249133661904863268644465941340543865369069903266664401657270680261018341937313706539079669578750556516648616165457509257390969335288145454593789809719628293426189547254719688524966595518194797672139723873269199764771629612947720656949982906266554760576102741595404533190305955539888315245053351050034563872163609199513
568 198344817483580663630106200522053992003876395602866036416668906307403733386804941876995767175050773492938984302858955074559770291854059038292794482194315883729632203497027604970513917003478246632826881541742705268382620271480833555977061217244119455836844421656548275516549224834828722317975816250661163869341473765288413448021267356630094664545387592655011537
569 853433248538749871562737047025383928501801230613344467493538598139194645302428602175269035882048895652654138459268963431679234220261558939794422465123083046120388844577132160416205803647962074279254129140071762182847526457617613195492289667048977471584927793393902534420775274225424811925597352945081033133107797908575447575160601623097323219035321472447459146
570 3672131790243007366923366633560757666497376966258124228217686271773762026351728185245357877885092157784453739387767951934716860225745617584093728879032467579413047612394577987169487267229375631497790001075130695109089771473645565309530264683512528990414105701999867845554228696622637892674059315973421674057514568247011997531739206045596332101540444584272261119
571 15800359205598787219928622026727636546981481139450587738607815564451226195851355119700982281779314101964306281561032869378546598467943411101085376999793088758704071528241493454598818925202991934651187617955438188996906277995374986961174454416415712537315745129817631624508817660436915027593504521031865270888249447509333644933214225358689690850596258504018928157
572 67985400657264913998873010232955909735415274798478566008386019006934844900201591042768837775241294036468170189641860491088582411662480202753145698361868041055281214804023733311485632824326832778762568086551798859657262075555938238877281478031540975715336408543088554585881402212316661459945344657239061332268703532805632232070853508656659457948359958767277857428
573 292525925669528208334579185084596639036131930574041066826106648341320545913453889854741242030868527876447932103526203847307272262908570780462472360809960939000293859435394186193631707346025188089859277578892679731295591543793566233502884026908457740964734807325989878055880558080272562216946209723099710848678769321500160225554624867207228217190011018324332502669
574 1258673426375846299676276894724115465974413828474769636105375184685798194866664676145399696828618757272835149948705437763270614079555413294052924708964200571835625652764899731033701638257145442113008683634808002077506171492300016450882575700447665777677664811000683726521758583764412826704895014643781370246587736009083904431560563810066162712104975215319828941061
575 5415789354870646873377646918366787412763673350651724980048555978405029336592961711162774758050488202734831953432948577274431253609051354128877206462391120042177246685518316096587613069247651646295465585437361971193644082830119383553904226421512955665494119633025448998441151244581246446873636444049607718686902372080919041481138944448709128908954843021626147197298
576 23302926495225695467859403907661590665895125267834315991926654337967752098364814527377674699766584741855654317318626573082344425806590530762227258185062998495379356469296881289836960431466821905138301876282385849735701899673696868416873405006221780994437603732125193812640480471612993754253497176316694482694748652377343494111013030813347156408459289462171249163307
577 100267264411516536719164078783207591091184606287216405019487603754623672482045187503400049224681459101073775726294287133588428368205798591424504671538141632350365042289929458159421962949591154586805112625099843335097577249878126191422654345766570037975705659761549622067878948624321229430646576549434649257413036145643960346111648320720608395315431918245977804224641
578 431427542571905597192242182193053183458237655632579077121658055759215106115131493934867222024107541279801915679515555948695108563609221364835841583135519166265687142041756646927598933453555307218610657496652059126280780550369540351862651513814184846895215487611372528901473301706767165890472391218223162838980934771087771248225202511163000507351781722843375273633284
579 1856335919624978375803718674615643144017634459301246170549827467532204513129521907164135962446493329095788251218694918342710257713428711049905693901063170934277340583338994860159728778419003072332637949607960765626111171002213323185045294531771214120548960458772213778303729662660872141160422226442811866422665565418506975202791067593653177350812612859478942955492497
580 7987396970409175087441866826499056169713459329608493621384163170383377247302215054016078146160144021639535509054927923867465962876315891155020944755909297172589641490569704360015847091734349440007357775549847650751713513359957994869638518117413516062059155831026951304814228408184059208130693958559389843596385022779271562269279730434776885232007719128864588956562633
581 34367977093170940309798178108648351416514393270138729595271333449320272697122509548587982843461240120910312791618554864309199041241293322625387642076356973060116185702831537219600049123414737983038875028925355956880234053793150004793056706991753937948648897778818115189159953052937679617172203113468513618713928417640836885738025449392924894107600757065886115916335674
582 147877694554627176286665290063744588573431588361868167112204177735451231743705902580891679778825768539632957430927990549943597317577518939661875376114056973782812004042448573017952704341870641595172301817977236832146029728885876039356367980606529141557067021401009722031357080040136220461468933691664398562780487019866369741882288055660293814841980627942836812711990471
583 636284541493623060503931915992777888617614761998924646775206888329295340627161984258694450363745122335433848779784288156790389464163714730433213954341213949733711463103748253430963374339108994026744884003110116290089446483049930182402669782057383893939388413668594264589305541041868063455828059117916451957760649846409338052197363930122694391887100868516525715810945333
584 2737789623804233773659663709772655677367779044909018732539421908440123007904692213550797212482248306058270371606137469134121155368086016833180443643363898827320121303391395548100958758669933045348207514561618870954009143228592022793944244968467332045025741004139942156852456465088931655894733494514589064100461788172447581035339955483632590514909562458754118140918755252
585 11780094494540299686786522800884944720986050938548319722371488877212729017641975114977902711320006163285050311691334481200234608447938939974602576353795852287399472127645732980211903670332338244660802920798764005899777376693810323422513215496164508543310539779693927990494365702319054089106183295219195964629026991323009891020107685627794869398886509688221013557160940261
586 50687103601288797112953622875106756572826917558014542414239178660743276064495798934237121919153285898250440443638259998598809576135436649373471550838887564955036996728054478256756642075651892087259392060308963416636859453783275548730733342575420546581475475886049813481914459116328475477846715992552212630843749592097706711994518561688076575449703861064842713363048435549
587 218095234522823086504408545972878948701176434974427752904081426672078193269553069326251901461806411001397051283117296549393344055333366426943550025133050267912986567257335192343147499367262445702314551539148525065484965138834946773386127066388609207277445760091167283438089198474685215121915030077103475260331666986519503886912269751556998269051859776259550526143759356962
588 938414861810249041183181861239074473787401422198095137277689597378161138154277949828548141551572197312233935084671702751170291548260522186597335473148588644699821846102512526945467570609356552249794581514815735077514247332824907220738435304216784396642802372797686976744702615024440649176035002407860738409127086156304399298577793072720761618910187298103224490629651478163
589 4037788605482775946402683668276735522833477806067192427676203706874571110962730541163985003372441753556978521574006624107671425575302511652156027290343792419760149528740557057697895354944995424142029252956633100191116341247619695783533795321918094361381674583714933033409245479698147600514429921807993266264640429821963484832152156108932813287395357161737470874716979319929
590 17373698441983132608463872757666454192805184763741676726547949742238372140350818856334280592207492175848190802616018012284846253231730991700988130032273196164701282105395247707653074062896907463960762520238718295723038964239623757255453670696940118616979965800181604236812119553417416055044044601816384116095820890640904226265027401326501781580246223914377680901695942165156
591 74755126393467335203111312783502064395525490400506806349711137590568147368865902658179447950920135618570018448358070189101216989432747423548472568290334603564225961940754567365171684249649551047377724842323692178041845797455259698926666967518946310000754805249763222083832861327992637473676933243657940781685183163738630676828680538305710468039045048086675991884328772865993
592 321654536641387278190164945644510959399211897711309001568911838726125620423277056721894397977978201565305519833942296908651546187468544142639398451354853429327025963387587093702899199059557032845006336650902306003040112094557427222866973825503911194152834128848271297708727947979710939203252532412840551560138453146770440705348320487549046995454486568690246916716556037834497
593 1384007304026534385341490789872048603809483017355024588795425780858923660009787575634933646037130600970817543824637273975954079969044478442551574551903263335942451931115671766418980942548836511082898508727540453481075023080421357017554868224962717040761906228492066822292141155914576783595231862333228935455636716242636311496255560822828103573155297699191206607929793870574506
594 5955072910208510092136959112426710140849779393641195939270393388116241438779106708008985036251718400158171159621359479153815761282816759784839677405451756391731181765415597550986207115565511456879473533684995349396254779118434503419173419648301851621351028755915520218334521935633751100366401714427623022597768221772870235365232842651493376879413028789885292289499301239369039
595 25623342638962947304660323192517404892820447916140905929965689598004436213866170813140124243147200197878403166632885573841216566506950363596543663371548991950828553033730972455674092750181047751148672142242355386538048826350908446043202493566621106984469425094101400624796186210425025151046312985138428306621930960136442242337397530788982573677599250851852841623707124585121677
596 110251494464189206246890738625306894041552901399780941832017267825673456752993533941673666106980845788917502354300349431744635548686301538628199284641389690578949219872408069625411842404208704385104940110156790884501479794399238719958492208888199980058294039202760442468977365245223872454132359782409272465316350135363600505591289125990432737749757167889608331250037719207501268
597 474387444404057189320472723548982255529303163250481991370189270334353975123369157268947957805462628350952302271603090437199528043910656602351365433092301477042260440260847430760036933770500378672078684124056888262893252492943468261662853563741136579338061920731498010470498267594844286817522859956631077406715957796408675800944253037585215967715988086892483131379067222282141309
598 2041182738627718327861691401868990595521857112053067131354894548194749505357865184519718790706370604388009004295114403890763733573494378395872229311537338313474454541687012944923949141639875780205078600289814068660961823081519625148438791192041082956515427486049208724945559242238549816725217220435927569637630738575952577487947397809954781625330668930793590663145222953788202741
599 8782751359926420071347038838698006211021376070513889682663904929970685601419218450791750080115465136887188114660762748142220083735739922172307050258409787136245491387652522432339634906887877765009156949076899678516129357928767720957205395268982005044562951668051549593316301408408216223173517522309744615968005819490536860036904229937018260223505380393290503921588913102094589778
600 37790208583748945373150119987883059268541309016410247019254841005269179491022496700399594028458213871271913560418470529038809217958216475673918563357436920740804093313201573326926327109519761484430548944515056186597761320399279729340710602768786776353268475882110121791744829315325431665691935950240940370927136881724826567720678956255226956241534895174071747618508896649108340667
601 162602788838965466651709483423321277709642416870509566048282490236433840650854828149622719901944673945698003458110064400767385838583862611852671666011955242295283992403050299337612730826935174127125273875344581897440418528210095483831936828036987866632653524406395960178775242351402509658939127184275468006731666950152522258492682091465080000537158334690487226327777743939257934001
602 699643318443580497139097057152957210742588157303317089183647928166361664781206650646914817424348728114674276609294910416720501539044663632241602639987465449254007682075646776707284672806116586182334722543177740927408808679852638231137552331878579004103462194385649435518641723811036253297619828070654518920876924105588131589301373588559719133961186987930220888783362029748964648004
603 3010408225701006085740356835494822220584013535905056747773392170122506801953468768785705927415909618736277372672144358881300350179471730325649998201901461519384186433169082985523585171549777408530297791089854958944722787814632904704191951175281931420619350398709059297056882892000973737511281758800446190584189619677483091171028821668403355668194459935579642764933476916927049438017
604 12953111173174288937284493006015239470692303207615332471316017066113449015423723891987785184806501909337364033532837063156340246280224660731525183089544911249158909119618474597496071839330537284104484787819741571941387513033606608827547098880773920090786365410388348178728489288571759927663549309790267396158317326070651061087239987576337620939088738714107551158317298495388353246073
605 55734331188768426429201394523591730691709475430361492113259908820199724671258213153581808141784780690477988049647752239137800180862708112680675920842020171687641986298585124030909603682003354194931530565829142982872769201724134330025159640878023806192073775855814563002471797766855878425783901272549998409039017771320806031923113472876478037690860313763798827496786061726160617916314
606 239812322424319265334153493599912935046470467528961463152351492902658276310019894091945685154504397724377848147640250006219980165472866581208804054941466124690733204134070196362059802892025159122344198465686490198539683469519851823643156907747797270688009783047907770476173520968564112345928858433379189856720136878392076976353847401653377325637035352676671484008978413144638029843351
607 1031858618555291047383163284428789483157223911353722839421977738052692207536324830998983001347167646550455276589257993313686500284776208568001992512181270108390740061774595609717570203414115733026926400630945022044080109742426856128140305616104914934863827587672095163373452211542252926452292588349245954056483631077997966785999896589637452515112595822091960937554533880544708295467813
608 4439856125503497440913355941344208610646708154181729807652834211555486208751564472719077951272325039579142838503369216549772560927462443096383550396081952167881500696470767459501671608394503187767599407757665639624781498303574725169772057357281182862255108589216752505438740494805572295223676366446092200712257744754813603000937940743227130598651873052429790235745734163289627387809012
609 19103704771851614062417289853434674603761869036847480519998237843619354421148847870598440752320122258244348362749072102807803303782983589777911774443865950514235283297030050468355647431730168739757217836895493131991667162290593057464439369938091169506684060183067477037073345839401102696761504067182723141391837830540074114646690013947223295447921577795873068366065069174814012052641621
610 82198955482747577989346381443140747186869220721692213177032686583430313479489545934834969907783636172484313298235252864389698836132530619600408221031083896067531914395737949963273222333467334135483290961204468741083991316542241111812880677618612298946654975147687127669050507712588796598136491236575339104822415918435929764230636247506435085443652269822075971123088143384201178099781069
611 353683663098183047759480037655399712123060496497918624325168719386293504134001186062379527281957814087688521402929048013525084269313702328668305781823821628794953722087599598411299169372146164458144801295335864309444955095839426386671085278278787986213222695189233207234032501044740674900397943981328526099936566100559426477213111195690505540874496615722760650517245509396563854340980482
612 1521821449042672504829361043947576319054694820324516482094745537181176580231537292507392726686438161920989667119939481474456324838170919784540304246025856455772172867250784142166676179860328819884274133593065915323972801529570408597916784358538103034226148550503104653163010982085936984707580246196916613185215582747489343093373647235933222448041526269147575339216963116830215737405559203
613 6548056255918813380868365106771682458904292612128826537498221527747002388755682904349825051586317367341882771390910263331706371382913491936696603884657817392476003169991121915599483391185205606046936264079321983691529142360333763829570665957854151212491074666947823644112957407295462898836707399040597487626268215435768436035228902592594595617584141498569594744533079055961387124004854569
614 28174816932466049389853742402015683337357378599670583241206871027191482203083802644226947077872272350946444855594732872235162882400054700329862106685211517595063497248203257151497388416345041570581858919617412172485727307212957593354102976713656446959776927683229804261075754090219503540060796256612237598575694328936374150896023571255173310743796128685405247705014505929316288407807595236
615 121229915894573806806663616689763369310074015161966436593539690552716403849151964508085260234602409652706575963800933571180695297851533025839220721772084135797889476731042920010688491908169591034768485805849094911354049108983786675281802885694719781161411414415305550373039898229211129003793859085939395529999666998374565446374431148498082766866228218931317454291473292478697280667023412473
616 521625128675470885863756856242769796538297940010820433244077839682007572636508414607745459939395231210693545252220469239197987842057501028206517288804786126204256891910604828598950294291812830462096852270393238039313063623280060596346705498332629564927726289026838339081972228875397134398786906659860264854271252005063704779184085028724893902099752708600371528342322944605537538111694276657
617 2244435895693633008898793431144558874761267654568202856439770126751888651635086179514471518993168927095347998369699545482447853316732906063514924278707678223627616029359895382962685995734555379206178803934418905462503170789448942955888118834578988481154397201888275044290741449689352284982552956041483137681357259030194827556797131698130221209900078886207905278837194845591595848557401145866
618 9657304092441752386902696586994484984191444452808552982466617114713420540265905653749121215147658941844659356091836319694645303057492027232955069527124032739525309471067662429016579095797338404644603462860914813194576663077404532990400477677897053710988807142360860204207790561820570021716404060227834893843972539135783023446433403404476424343201136305238411809159005394141366628451922899359
619 41553212775127862907817102641538748296673419300338156343013775193311436746424269730202191518758787927937252785350082962025882955337261417974230574799497129026743699267258625996194837491783025885604480902501317349585373803018675836084338031885748303111480844106139475888166728460034793253634361433014725056175790918588330634561775621927991458086305444867568343209283442433932045596587411059197
620 178794151598314057378377423446710286530792763143265122767669024622416922111323631689763593948350962814152285858474905851045478867513831008172287665416113546915142567923090142693924450171523114214088594123923842308343139025861165581450488726395050354424437799103614798828210270614712256203022594984390120599347036975534304102469577899426528017401923815422126480618940195987236128097581286597908
621 769311119666186698168435809308935187763943557815311144809303797532150300317345349258211395185478450286949670936324280369149745471557370786938746602682076347495481741813674835481037738382266493413629527912115259492959573720249800398999429536318006862787746463199655566476551167693456901254209890622906427828207812121906528608662562631348665712750702742507927373466850652634384503698144199811949
622 3310173143535991318707046776204545079227339499646760355743511913793500735252755851221766194082339362992291497106196684292612290755245360910176870017162041096731981005299103749323415341396763124425881857188804770539768451523665505250645681502404883250665418918687433435898125026623147737661981668161361777342997949682929730735904079458463744511547742266273257425477432675210214134197977139266021
623 14242932358681396499029926453095919832844866824787868344289648176371052775311743208334196784855261464100608472722010580355612217361554692190068110277763976441173459801054494240173963491837016141888520702207678074219963536457578125056230118903070395664963855203838200480060971630035367984547278668938089603230366312048929067853532709398272725419486603103842505006986611418147917159895453096894258
624 61284142362799008539028491936865963926542315624999060654217705140474761670800448488005685342029289231526167872291462848900224214542037378219809941337333758915671355989375159952899571434994791336164957939471976059480512327716894109529213550008137328572823019263128702092610483070307396709750448340206362684122837711195856147059951308615972393562789788720392752758500759065108943396883334066673227
625 263691914737950853198052680325042060134176977650631698238219581173260650028067012815025836355580661765329013943291282503434284420625522814528845375853376865254836400543712317043975966699462908255159227590736846074742671029211736172477377393331475455869223530704128909022869500461430879595110405694217544610923089619832493531739158414885043791555489134290436248771543961071100965504730311042683361
626 1134607146601357240373177925814612408891257941378161309228444790444878965127933718611112125751815441132066566099582023970470749459501501937984797055254883049527167934750436105361181119192330167267301264135268302195271818162907998533799246316632965293627648595731258438836516053096232207846300683450468635002246934965574899217515938148577301777089076305291002985582217528160177997333001553013397124
627 4881959988792933642271731588097935864053758773938911451427565208704612875555467554610483119692335220364345788668036272342050894035630941246337449148714284651871330472121043575673977695863262111571028637904130972752131077726904784151564099403170400100530572386543905467113971764096868400446172200169690541178465405968377015492362215498231377510778914123583706181596455757587587090150816831938935537
628 21005978504160596490239124163045842093595020045560073329452491672188427482393536617219079221206229778425529245041435289798842221799650200417732854577806774110775148556353909562286345121739320056053239397114849957174839934145799925156422758065953104621769916145525752019060310661195645378691958950497046800885586224945160379809263263045424982222627341702045521951235626203457401458755079500654486313
629 90384012554424181524380426050935402875813823905983632292979762734828298785301280422263946746954143231034608859203067631968058426891358178349651925442891016598261751365406417084409792521106813945553111071861856867617806437548285273327421492120254322807257863567997043693959638013687621692121278151976162380892534906820670852569229668732430778580799966139476491211388763744524246023322947007455624954
630 388902127259639118151184757765539488098284059393237941476541338657576211479325792259662496071152026819896456560891032290443765469057840290495061063481034760658983311157970356735189927240316109559605837167964734466564512385304026591167839186403412300170979569403407962412617258084851172324530513908389671501805915859267873123418358554525878946236117805591245890203236940112249025740349496535314665831
631 1673358598634923046182782510674891231863978825248238810503767405083396161040725120031520640114897704406378456226845958556314652064615126917426349541076500753500131301693632532422720258638260105961369852624238101729969142613875277135856931455656298532433124256313048680981207376383192996546288735086019870366351974575877353059384103766432102395438189129537799977382018409327672390631778641654206454293
632 7200086611395697876460358280077837695025041948061480228089213009444252170765648223378615712361032441572202911451556695910241963915902113715646564514939399485523706574994251591908031511470352201128031751617296305250152175913464305905781139719071255761652682573355019517668185107661411465757852133704930337326342125301583145926665443168582875138482592230915262216300381226301614875937844718665088273972
633 30980357261073720243753443868364514779533273264562684708934762831971072370706065756798516641460469094641879188577245603882265863385665187825953773951467495167118138969890360362271996781436980687756049200213767221060853451725695698121334904228387383210964040097835951545397303409157478339150394463266592075532654702780283670455174904543618068506098393765962911149355850903525057207793887668362822006981
634 133301526471181507589386144501589060812591240478628982860406175131522605341233384113856736070219248148492787208531557931680603425180619597982829176212519277379019575124469047035635889372773846835396150746216947189553810730888085572889331101984723148769862152769114699173981961722803157298478415915218169365684247137996668914495878193212341717115044192137068769097878110838720441411155904185818845212989
635 573566560572686377215670390902851759724356382599456860175226587161699809594048723298888130426714833458538298476926052846756219535746102426436284559208193901393743458712674154091363456519558292113712606130443434284586493299263340770082650797238453594216418643552065641233717898386543351474940896186291070601823271581642493561113866252430854380056925779387455112041323001483027035432397857924005760044002
636 2467928223449887363310193521009491616184008191561397352294914410413931231946543464152870443922916422847213130759035590438739287403188653338232935267403411674831658568189963629349909614479469920062374578413566329854271034303652447131745260680238098524772506759452984108646643606764307285479269233185800844912063616494222461062081696682517246748939496320526069252912980674898973852928521577062572264581043
637 10618941435531377684903956432338902801746971810008616180948892290584556730950571150867687828334437613860450758364399793653427778408704959411855822659392476669977062464811795684475457702838674723970735073676501346417595691620472213348478351009475131841213277866608723619532064338661906372971523477370131012754848267726184824627066884655293670604526704264467980928440934370045788158345414311540844042773209
638 45690922507307226334589201598666039160182834475358888847859718221680989958913225361879827809903438800760614399544892196950921029833958837044580307494752148325390336619489087534327559670754963859666551633141807742525165355191403725347155973006661363631748869054684665771720390873016610008419809687293252529038050489148256739949089333228916612775815032360761696883465729825532019232941506826516503420122916
639 196597788229941998618234138696313487395673256946768595696451914236651279601714413356796075564513881162221719722631261603794321813943679306987334069495583311617020495703010050618211425245258795126420552944679534673373039701095601986690344812004881422635104511673597158000005761349097330923184478004355869606925707642562729225864246012178702052065495049010404541632005846017522731689671291197959984972294953
640 845916173627788314087403088685569319497817781307766311938680416518213428131832390698340894392859089408826755414521631428118845980216520023802929424993660113108931468656582990488074447214029084053103109823972250139289702439903798757410256141004423022280275951203931792684867634126436824590662960959899590447514386745368875909473962061206760422000030147969737617509632040611017600749531935510250414601106017
641 3639787503449115574582313027338906135302069135698525772604046339881113301854018713421316245270753803557468617904714372329211264459251562198052644916481550630693595856173884800585737960334369034886253890285822646676329393096232187826980246269007470843496066220998867489424320886584892130183761370786430343416794810799156191869777072269497695953803665592817474462652142665002519808678645803957372118088645226
642 15661188996362212930649355870637822718016892334569329927204190449850926224874596395011558543175191749560862823280006967361699784355608250918854436307426772814141184874899675031464466460029757922271960121957196482963777858161449542862670462922024085150639503251382542069067001530545150177146817971052452945741430893759674331620463475163868198503018237520178159460731817203179546241144633213256109346639908079
643 67386582471463717929499840271172395184178254265751072318208813229611291218810925834793843980063697337131908262685891719820865128400286568000114246787689212178625136805976720755565118419145682506701038938928514474789901111518551150832411575803098013222709317593916107877062044992971074495182805742902973698456770036400903082492986159010847904653680190822438373915702658020890171779687228654408430378933604717
644 289949345368231950855551133743948507766840594325047371809431494798503677419430839988934544270792911436976952843589437697019226288934608087244007925016165742450702129405184578683432192715639138766689314328770982925058171983108407125574046490249417810661628078215432913178109220373219921944473574801357509655059557500725492417603540369562634927759346241551657391196317838494912220175002243632273823854748299348
645 1247586979426768600489256147906225353281668208827983642092531034303684513440721422440291189413773465173489039429889513325633536059472180732219696884717761075717635236607992731150465608320758646313343454827069371200921156580986382175372997723837795013640012438295416242259359966887186386236819456778078627179927477394424752840538743370780630924835690635290971834234481218411890585535949532198143828136940682589
646 5368086861029147149879627338299281243107819261164776095034360687122911534945314592234652314256488591556514338618679253537110001430557079399366460648540308151236069794824409919702031463456875815266649331149033907229431266955606689500142849148440721636215177956830782471762472173316272165350676559486320606934458714469947286949883095745215249840900414451799886997583452576574716267154740930093897669120458514901
647 23097673366865429947930368247777730155694091679339929548894210332703504134404408693852388003041122562262104574803727727708649398974368854800173212588548257529027443264298071405058760492322103137393216291263961422544392865035074300974595252570690223140155852469267663632034280965919801668042924427097367153132511140166462176227799248613734356429995000353126519485213819227637909579165856053875056861191470526738
648 99384106251239708290012959223990807049147000613205319459367969602148786067186099692557983072436147036640979858162600877931916990580173035802766680997120363191429006937017127266187708071239888241166133462872705391033670524308551436372547715408128950792133728475845970744883988309650191844162592457027873944859179557422469020289346955833026032627273758410232936433318738408465399094365057479093591298595977088987
649 427627511155602251606273691376620844778652728028006808650157217012633417932717272381232751353057367496418585566401821206533636755977758614613313767219957043370062704892191422115762258879233131793651018440571642687535174026437534278938952819328574084540201084971426862828317098650491554216684189003847268264898364366612958572763337033323927093846383790991785123710952234359413266734327719233842785909405473864721
650 1839985237024292133161329579211131802745822638300418084872682176256720731462028062828489807547978396372169988257521303398872432808148273965658268793108424127276026503649905728780248170182445994244756691814240097264574858559262017085577120950418483570324604239429596401906933528323507195550933167648152719489914283160797385802948644299120557371350097679728226809254804956571670136388543423731933155651239438056644
651 7917043651654653910987826821925796479393155007418069998412939230245703403511988496998750783680719879371594184588401053374761253772808093984451402663882249506269944403572954377553954074274530575842830403749485558260268770716997482591068746294106695598002417942233701421049716345666061315104613271229221792654876322704148053296453210395631005575211337025665778675141168079780110881739733960958137420527980768689057
652 34065262547200393155455145371995586988728307122189095737446649622458354823173858296508284495759664207741460958169441356677188970439595648025282206940085975149521642506915054701429025860825314896479881943304707499507619277907201361698612368619278027279038276992879717899527781143359784988870266853201650804804638764038348109073420119080793355762006392089144212947941425529185543999533039533594887635686185529275353
653 146575181781038004044312246394200545505462070588691268691994430421554663905333325991545170127756161400592522237082003623261661090879553958173056826708783127228798379323856410374483267081302982754870918505275080822757290077385014360719855604214070049601184131137697485234489756679800740999037494452320588646058564852079296385477740964217073762084397949368723728714283623406587387352445995785100025916846985340309594
654 630680121263588840755195795855015966561125431576889056247632203240398255057145055068200997151501814379738228310901694046276738543078982846789437512723657710695426969098536887768129257824038969084914946696461281615263592553203467718503440915212516166168805824709848272473865439968924350028576671701997990815878907968281437600168444463842988743135970570576186004727593840445380304763630860324715466677176370113721911
655 2713675060974830191643042240092478196289240946118371475162177724937327283569725297366369475374240587696913574843262459361598709442756252359428017083491939171790739707521115207717196487876285897159961977966481165608046092533862295510357637763420370682040476730136148906665857929805219527145770875153028188141218845285169298844408999426563722429426659004774758837495118332007139361760816314268277255635340894547680773
656 11676334941083384435949623812897343081762828435861190207067992014965441652677191321627244385416697495345353189283607214669163331584544313256771772879288722726867417630309965375281594665909312578545065049743021983194439685009701074396277866071464304911695966176551199715907693329119324585643124360659146968258457502521002181421539663741289645917725383312145236173292810138699555894513188990367239878145175362397238132
657 50240649522492431604818992344209280819946419340950836609853426900015226412676780716037113500960765713636025221888248695261020529594452809205574813145967796118964869028986481253256383865917705201245439314815666419148060147446918485450316417067060412512358400692347551859540892856180964346778309177836650276868630976749503010574471320426757062300346939546401904353978695697476361387283496009031367623819854128343148341
658 216174242789212004716246090282354374854443611397170612428063158455179807105352329615303834348553736082144066541590421832297612653218631106257558747091972812414222092254002510140437135331860588270592001424849266146156981682205489204062748487120909147826704104932084160149981384293546847976962172807205810479567782376184508508607737610909916373748558547795573813250015048071283139252877913074055118484663744554524027309
659 930149265378582728766773474379144031812378798963000552310755511575853356288731305928407831239886383269812257042287363075705001677309797103671069296021960673714215854183053106942416525061549825749223689179799331473340727968686690563962793184403364501596445322583378145171284242899191346844475936502519101567233018950674033511315274093269310681841751920338663353188139153263986612102539077343181489551859160387590691522
660 4002223598525277629685129101048657034498563160623490924269588082513727360127599540796127653153770708102629085586665549881632170426893092199582670238833884931328412994153258004290771219312167363934342441624448858928232694796816985207625720460654095064502114298120638245406477061615316190291493164090978076397461747624816642030753157633616804287963083958306595326190650622106083642754061647493742092305304568274381375683
661 17220670196490639962125325082105853077055679406228452964415673877841076731771803786195414772049194390703708656806465660181045847102536069686900143306103542635499417408217130700626606521376187342424041140582846300221141290078024854346240222750060381817721235522853056791518532579379006910924038010947333077285609681272061109619819965888276089394290164030516986571388835650738458377462691005439165992870945360209134803849
662 74096680186877366921571238107383294281782707549271792049269605141664201578476220308588690900784659829210656027272331651260332724232001071835752705814016058383511848058625879490260718948944434620317178378040884924321008365999673316108323952368339623895099834719903369221373231712049085983745710562463731157235663163485855622006840356540530034107561568277665146878372226387374040959051270084714603687438813096222529892196
663 318821390344914914721480215290598912177746499527673601353101004074797777697065690184357210187775715973942154165942261275758526079852397150118063099151769664011060988068478005349423775180593611074313768468455885720941617959764292017502899093591516974022335467030957675732310560822108409185956438779476656554321486773613094781174741885037821902354937349296774774677694624984654829662868277407255520458581229400485245049433
664 1371816911163942472842687362130844678043384374990552630617696204948996283749899789996019978236524600382078802747894311425011632226565982535083057378316800144904769396166512388276336719056134751510617307208156773831745064700822440139189523610852565998426377830995078270997433108974394787978545062209992089299900444377607907039853188355567519409452002041650878432753356445761152025437187576782133791230589707713758635570577
665 5902620384784967620048996164782426653683682376369742349029178012520588085658301879427028260619295853988567551241644773297782582893272721225061097594128691732490664016627127925333412269738892924330145230635416211995900469624819324643438920773488279070064882753882518327790233862405648712334855994711530476836537761567200250855741716122724131340195198160364067839733698353851795638197333051688902394777204850367337442704586
666 25397651190433010681716918737519599234288258756877053853292801447755951577041810027147081368386905468796601347964540932213878017786665658520056315835693058227739011894636102461838051191526060367118874231552610738484267154021629302799626033034883697355045280276427356825958869985105059197738644786927676116282987474703177533159149015546918098472619984676867703900408422431975522114675102528098110600194255128695411306811199
667 109280394797810150548437605193250716210390246655276042219376473201217993628234144497454322060076639782017304086097770341176042340253510128925098286396079215941223067423299128533190019148413623062603935465856805056433634361233688540067813402853953649565031753120489229146423648338308349851688655950503789150905324088814286913228519929366418098342514328903246315982841017098322223658783513485423845816639661092375044205942237
668 470209020417751720697037269753694783349086457005749049537003961662822113410045292405830366195222482503696716386595228909238577647907553669065322484473316905022898301432587335280435942167489934211663054634626193066715370344103554791940188915165117155760022924773164075254241631736226571665227345391735917405677658019961901966665152600191336196294711690485628468212979818195684551949892259842824897282615540075788987109277588
669 2023203917695328151839873533188721768114261545062917121026890388710456586165524028536788864795882493172431669674682833522664761218777237958551317563178346877290822304893039290802609653392208801870503466775560550164275948636816708339497504367263724830105019364504352688831937213666207808771070759107168219575672317833366649093640203212857426686446015465718403393116376039683456088773110758757852948963158717101819802928561229
670 8705392527223385597108255856682524490524048354297338456523440058563816590597484265466453225393745018351068199213628480885608073150163528785560620362471783671385416620167434448171740440458574206717528169973924171621233632151772877321666955090823272683245028048202271218396961173122359328859671759360633345661328615106947539568205558263713124843345942257135131560942940743830226788015877014260790052967946965281732053314973381
671 37457350883030943530021658683846457148277457136297940919536529126687713194490849241721899532581077612238045987044093903860046082094485930052149149122823877725054616186158054368450873242116244627976130449542939207613340314848414261589842262352325188925910082147498298025488994224613173217985146519481662069579626122034637750560107181679993344157391664888520447625365575600100765673760052795030391417950258675103200857789183218
672 161170576833484560858783525849184712269815140618597689228112325457747116200661793412210137986724153006137025337579584076643406191021939063904063884526704037611116831070287968497739144889205500519728067737792923523203000677786752675984210446489156126579815326592884676472254087603698788103346717319326410310914144764852346134095919233608827346256920497671196843443999055769013148004752632932369586930847452479670808129000995947
673 693480831518329973703852653194384189904243331684094623381952039908672441419836419335884991335877532193970988726765638671636892708826237529363871975265048554880420306792965679383343104719678768714711947340335799993174982444388520595151525445388805066121346386521928488284803455344654420862778147038187065345831845458157817418799274623004156698812427493690422874343898552044763443002483006276756760400386486373044438071637430081
674 2983892427091196185942912688424366812711771236564680049225423223170120858497196716442794542719215201951443867621089441128254244971065370455107168222745130661568751040753964491423498088930777342014375533488300229396265910188582344947804995887476556950867285952830988412007255013912175740003850583232956095796416792996232048691708615414194301455291375975438523841387495592916777770998157132586675041209390074426209765971184162564
675 12839019640900991008603005482538681493846126187771116375981259996124586968226474324206317739588443413175306371925150289626360546728848139687444225187930507643202494283390925418967461130494850403927741825420493747001804603609746162953570403101216369555972390604589156595181864703526915437430918475050219282944588428606686791202145253201959037180019597396121350583905782308449598525983336644103104924845790913011915515641008522577
676 55243420923231366485186289347420307031095317229161541732230030311112572265640781471703205069784571460022200256762483124747039998731044587071899621271417146231306218294692733620566811385681919993595582526637568046820225287482983779924437027843652176927260095164452817739887558475898049967143040625552228127333691764044737809935600419767212281534223859054291181395366424763497659316922211822755499500600784341780948280291490125193
677 237700045693453859400122430289485490673938207582494359533206371567189100423524484385897072130157527060585082168036964754856118353468678516297165430793294208226923608623290891845931673536925048756194687156926358993095712626585680410761473929914611775968383304008496618913892198268909503523422447702610482787834693534403628676071566339230184296131060503083091855225114776892139501006661049181468182728466548969868994854534425058234
678 1022769965697575197545053283405166532276405086224987172469341766902607785320700077514375745441433920922858810069897374400039471771150258820270128290152219602440699388232376258367957933527579483800186688204719090825017887270479450714034058566042102349060136234549124641349798315916853367715683116636395729557172392379883929950551030436849284636052630938252585731939474610170204527082538610439074415140530391824002129431797654915591
679 4400749691407514409524899126157376189360210808377452783747089719811471625332926934414187510816697023432538803845375977735629003795345258552459145158381215387522726115292008616301994647027122272732349379552816377145802298472640212337885871040466676417395531260720133350007314984777538328008148240074147199422357881296208763724540453166555870291869973182013653094022028720174604132392709904650967527517252312210403662595384999403253
680 18935438559944846454989335780571381349971838783212302401327423298349534770702534439527810317759183354394117589017187765478026603663275516301485340921449418130291532411762914306406099434552872912261186833149924613253957830551762709547327179504207075039797247599953292825987179976137131536893691850461548808440272229341392028771049174522231497551191973095310508274291719770362407080715933691937614392164670385580011924681532032269492
681 81474943725501689046371981524384778181778561490929153655395847332313258977513891394396489056345825701672971533549810894183246006930341805850049269132103444488889483712938545683124513231682997743108886027091173934832382257340892910722978284399635345946799644217606064079913954926353042700444014532085302443934287502818333852681624513111489876880349945930511582089392512691288223006401538745735169378271594991268848635621505163137701
682 350568402947673905866891900280209746858977291105008861072996966766517690575461853653399014328451578445182504900697491174482150223661882480345790322896168968053572821329403985496404267854756369978760869636006095834400037795049176424972909883485555504614606478288170441921608234703353818891538997109041865794350620826067493177094975041990754891748173810366626385624087404145353893789859892652863003714863963799604207404062929718880029
683 1508417183561864462195343556827894399749550771052256844398797291835648675944767594083805604473220415120893609902838023189861013097518386984178803807084534506801195655508204290432647799578732856664477690098756957367503042203223203392695614564228871485232633458788034017368299308737709966356362941948953421639950241621882464327430001670619304828099819214041597181852259482652904799930094847027109510439505034024214491113450133104987042
684 6490380708966300593376042083298842758170821981946257638774995558878690307997452409458830979380747340268920534812097642425858614816606287479856648066734165629845259813552809495674026194329395173386105841585766499334315097630968487688559343170687690912319347859075658761076671839578488375107197718417641510816699345631209842105865083227124259465254574639108106752389035200828462318280894557176958541052933278722259833355061876368295123
685 27926651994145909580294179746010530591605457596574517660678585918886505512152959265042738083484075455981921844351974142559710034790476276446746828912417224628822712101239434607072187572910777296937096137632561624569066361545172828264709872160751840105898838919014191753278461271679311976466899766241347289163646003290401817547035411123763382841973415553415742216388397556183597191614188244803464173946151291538655693434958982526514489
686 120162117843830646121342772480156124683514822037033815387067942917796456636772439096837197479278135259102847617323577785520974329502562519794164200361883626254577781065538744548338859281565700964527163163405508624842386514832958678257871331291696127792536151017843982483162290839661094757012905675953811913368131979558379561417581805937444135814103353849754390824774882178432599003228257552486445246571956621526498967109609283527687076
687 517030633236715501865831323162749031642757737395445523953303956832322766647403317689057773145938449927568472553561966499925741543141383769630580515072166457386420769023975418920477733689096172931824527404129858250504733489529274906495227039976225118644984238332177337155976070383267537855663829081045017699349721887920692354446802796315930530544596522588524727474709218223612203441298723028021833711021329233016527755243169470058891913
688 2224666812652085570965128298373276784163244220866126173605315955408224463326699271154777273291857843860533819915839099143065784727199231288770409974275181408168370501923260860957372090600783761765541147530432765377996507903147498497702521206006037209847312738607354738330393479397354405007280428377363652756644213500928323087981268563767320245280672551393360464899221444582763220196808842482649832815390776300503141874887019499711398337
689 9572242163550281349228147522378136825887947892144294296166667906544154016691286402706713047021473869519963681918509596215551699006572005134960308326159407668682590202544378048025427251936630290032232155439774252138468339047149667769026924910101510693301610978040241680184039185836969411469410654643683210685171901840879538376565934429888809634769573189201228142071979568242979490660148043329183662943889893803466126108705589088380315946
690 41187210379795150033245352716770853776950006798123092960017391666496096693476334200069233415231795816018216949845030683648561140851262331808490311707971494118907839506952107657255019987880800164864537334607572964558352171526305843352027060932489441836966116674379144185929015490992783842325211988086325095155926868701612722618885866458142087438005848291826059315662233507466607792710313689197968816273277140115821204918866886942767384719
691 177219325408324906118542321016719858407086190314182581911586954612848021417307811792226027935094557471531193703469624629596150607236595643637570633561379247588491426927127404142198818183594109954225990206718542066376355840490080213453054529932142677104925750437774995889092959897453010977217827976500575843724118637985424997964731529001044008285720521891526612152095228832604100491571124316002293092534716019168707646268217667448695975757
692 762534995902239080492975546933286730704580931176543630677882598064751817006110056360922439429777399909601317667813031097035069613629191222762382232682981755585733616114780697739229030954328149276536339029769991438206722687871483537209191466863245060013730402165737546887677753014286703359113503918243903933152812583822286821967000045630793779114585064582154882813489443640620679079724680512417559013853748675496074616584487676415177724628
693 3281017003286220684109250771616274078301646084940170407654652126485215020778626846427934113343603327133413007228656281596386896246436169182899199262730771035163193799792521276269548700220858416520003724528694330991904545917887177045686793744519797268753874759515362746771109885379074483863914035661717792134591707005155159115940805641150836870715763757236194577611161531705291093923910029614080915791664595319974250144117785379729800695869
694 14117480028724386179067327217281510199394487631171221146239612838231819652874804063056903248428684435938261083139842314690829272391293272246208849615604909909058768150618264288130056408241307634770409605554161680644902561525821434616806394322009251163728182591079601093192516167852512309242229666553857248873500097274308935113803028068861803016235063592434508239615339327604593432380376106533151901916761730573383026870835463869403470305461
695 60744349133763268843008883771558728762067499901035594508234107811703453202038139776000713902112612198291066394013242728664985673217157853682346650289832236439804259353713757611841635940543962924292036854184725410248799169875445641946971590376486864012379288676851917225649251183125338094619406225784132867963725365356079198221192723420856504469028026690463957465243212042907093880130150443823516762208814866906992383921823963207827949439698
696 261369305582643185677842437205949113212154036611664309102451700543821807051566286690832859765277007683640548720646686699252440548911909451673106702602346452471844992316713995194818010477995891717148955454261142009309288164799763905884438768916406566570711895611020782848668707412069153545370342129259092593198126534957469185764554532897697113296434942675016262607370042231721689103509623899518128105293789142814812838996613424430929336282107
697 1124613480511926121860185534715069379774567683355214761987556179283998675651717014126162157120047201823329544421193705310267245724908073697318493562142235553039812183522428703138565144568347569812868666708751533815800043314372482603581279073452572240816421612024548162566395783510969753442993491968943064362099456578719108334159194494225916053075090633303689440641120575029887163877157668166120090239842501113353087043217595232531162833091441
698 4838959485811701052267400361957499559236376306941080882630425794788527957103886210558312206304404986065726075944028466453578906977804640131573147702904138407783525940662001530108371691407750173912896467180974243051072352077463121300253079060513641504369972373289678464285972795318641306578856433456938044030902903288723134113502308872436488925486148338493398415383492748454270752075259469132046066883331138138320996699098135889363026156610884
699 20820956987522726895756445205642289656858178484639760127189460436090643758564280010413074560161883324858641746456561216337092797714298979565910257828093985379798193152742721541126163023333708160125876335778616613807961630444198158690521558082210490799400597030374747833730676626060297272565301691377861027068216146707458345565033960879504696468205469792555923754994102017181692268744824341161870063697128187351545722365837893749221642283780097
700 89587906480178531321980024942338949606581763502375557988056024796087634921509741420390436181896201666096030504450720682324727267638080977434831846031757511675640387941727603115305700042445290278890692277350160339886591095988601429551848553229511529483893068032004703775795464744345562443089939156518491003248372023671122325484662877780214015564568903947299423528820031840545649087498343298413212117835647522342765621731895061078019132949067833
