1 1
2 3
3 8
4 21
5 54
6 138
7 350
8 885
9 2233
10 5626
11 14164
12 35642
13 89662
14 225518
15 567166
16 1426305
17 3586736
18 9019395
19 22680368
20 57032148
21 143412688
22 360623800
23 906818970
24 2280270990
25 5733926579
26 14418420206
27 36256273380
28 91169297716
29 229252475614
30 576473630698
31 1449588888926
32 3645106758001
33 9165911319400
34 23048414116080
35 57957073095942
36 145737676420925
37 366468994754038
38 921515474722400
39 2317224054831300
40 5826844439409112
41 14652064416567052
42 36843782924391122
43 92646626547583700
44 232967321194058676
45 585814883568506288
46 1473078181309667486
47 3704172408573373498
48 9314436536030425386
49 23421892507723275503
50 58896214121066530773
51 148099221130399592852
52 372407286728858527258
53 936447782440584374650
54 2354772531280595539926
55 5921263073123152781172
56 14889487589726543448424
57 37440802400911696189380
58 94147879567818926495454
59 236742341475584350962336
60 595307472718692470003954
61 1496948052747317539434014
62 3764195101382309053041070
63 9465368377523986756146152
64 23801422643935255812434553
65 59850572875793842915571168
66 150499032227951619399607266
67 378441802863855983359158392
68 951622053874219233402470188
69 2392929445338179068945114628
70 6017211672485403325663354442
71 15130757984541278002546763750
72 38047496024383045122573109711
73 95673459003470482318740055932
74 240578532469593002343565107218
75 604953880502256459029237821020
76 1521204713396419340270345540772
77 3825190406479012445968677196090
78 9618745930092326465835258388920
79 24187102715451538048103931572142
80 60820396132678372271751717426132
81 152937730047873619321451590690013
82 384574102759403266002878240500268
83 967042210361722068762497170529172
84 2431704656947078197306304073433522
85 6114715030284231223180004477138100
86 15375937943272034914259505444530340
87 38664020557694433278077415610094668
88 97223759044887132344713144825293450
89 244476885395643661116145134857177488
90 614756599414758526237971892745189612
91 1545854430828462071573923068462050754
92 3887174084160989759734655582031233254
93 9774608824244166913133959509902199660
94 24579032376321781061396046841847430658
95 61805934479734979048906730807379184580
96 155415944713644053001919559670989767942
97 390805770911111327006443982003365663268
98 982712236243414543335037713503170259997
99 2471108185048234929373881114393891137886
100 6213798339944403416654040712873523931643
101 15625090816791636556124747863147042163802
102 39290535301660715230527120656083053487656
103 98799180266654638813272560913030668624434
104 248438407530434789972586697943169363521884
105 624718162333679306048091301330958004018068
106 1570903574165597440114102768250274865001214
107 3950162150093150856798515269097335331846992
108 9932997332644470478869552941298487536545714
109 24977312895369499508270852249739108105665190
110 62807442565485826318315714040604371294075470
111 157934316559253086303055584417879135080199036
112 397138417489797107930648669253657162269312444
113 998636180422056087129811630202826501353194868
114 2511150210930108145340294516837682972456807620
115 6314487203126627025139617023594545265092594168
116 15878280982514946484532731359552199888833290882
117 39927202138418832335946486962621836283107634532
118 100400129734299261934386146434669543548844504196
119 252464122472652447457895612249296289593475557108
120 634841143179438262060144921891510163313469593008
121 1596358615735717192530845716515806706622655474473
122 4014170879459460831320267892500916593082746634422
123 10093952380539536169643442472344931008816699110416
124 25382047182385957593062097362612588830477815928478
125 63825179164797182855886869431738452904833490949336
126 160493496294711786127177216641033803527065360805972
127 403573678757608505707824584495523914840711337603890
128 1014818157409135851055390193325705127054824303814245
129 2551841080859532969231151308774655385202739713531116
130 6416807636342875789107292792332759568313160094129290
131 16135573861033378594477911416722047048097502509139568
132 40574185573256244482242190925610609565227920979565358
133 102027021109468158760936635973839361516740700690485764
134 256555070407454028042603569094872364748379866547838864
135 645128157580458043201662229107594007792073258373332478
136 1622226132744808872446423732793726409169244877403662996
137 4079216811168209557786831394123535704253750543215367468
138 10257515556331481681004772457474122876376246166564143316
139 25793339814720541916030369225302255549996322496557795396
140 64859407245743027000341514076276189360524989084083044610
141 163094145174185968400577865777947823709767106607031676208
142 410113217490810311076050243171745107375367632601360497930
143 1031262348388001602609437548537785751951854803163932063978
144 2593191308755043021913423756179478106173291612959196673479
145 6520786077678671750887335827308395446392924635601508821304
146 16397035933018609738549197760831869361279455468883176032000
147 41231652777116661668115287385006241508133208237153924200096
148 103680274756813430452540962086005379194476627243090730256966
149 260712308375236711466549612649749297378116705272363070846254
150 655581863549004155133304945411155174830243845831998088451678
151 1648512808976408500379199153583206736242471477306702584312654
152 4145316752125420805186592777990253945541158165283638189356052
153 10423729122324070965244767166983382648407179827551929519799070
154 26211297064302000731004294630306667330522269943775552792274954
155 65910394037552104841474620045670008892282550002755508227975864
156 165736935166854487453195140873617667616190160495845967266875862
157 416758723409420985038380401006812015927913506572182611199441630
158 1047973002294215618220725177289959162005485039127917668804436670
159 2635211578903511356117338037845287388089499037097832548121546340
160 6626449393624295249595172218461049088414601777854338502465215092
161 16662734756400201323218579630308446190961934182957326142184039988
162 41899773629794541599323309868676646230253174395072965209042239107
163 105360317852608126658655430612764216797300275602166197552429678460
164 264936910544761056360044623430999859089962756544745075902932985100
165 666204962167975989031604062656873959760324692072161242616769639686
166 1675225436518591314319154911784782720743683556478595305680595462228
167 4212487781577507998427586010381743620518170577834900222135256488474
168 10592636025642668009431419198292308975138550695508684300233483061814
169 26636026925097537427722982972333154866777841517604695929227162886055
170 66978411099656007730215911562221260186371729910472445517972197289378
171 168422549130536126174370750204411407510885151191706834682760247064676
172 423511913613811302478487406398825116136379287576367127983067969135896
173 1064954436913416745030086661930408304517802975427346095914646504595030
174 2677912748720812048777493620163239033275508020107161370982627896436280
175 6733824886016688364870201974300388345557675497392374170148160943191054
176 16932738983821568398238398025201708360397076019853665857830476718078446
177 42578720763829514225054964450020017408703781272366655613493501131229324
178 107067584495122271937514545732933450256292321084024311742285516152092636
179 269229968490700309449155706131577300356216225772050120123402877161518528
180 677000198288826664689171140398834114707098922035906250208894456161242458
181 1702370917518946800246722398509337724916757414818658128438239599897392974
182 4280747255524298705595588052029374563558422634352020213598853728138037654
183 10764279909331138379007064040886299904429935679051000916565256885898993336
184 27067639141016853263492935477353306240029678696234917430591387225220812202
185 68063734391856110113576537368841523633126850886719975763642455889365233216
186 171151680988129949565911633862552360605039704882623483887014679531918247884
187 430374533028377673563954733318864418230469872938096233043438843302873000922
188 1082211039996972303423204494181020149778969457274841724023662758453788328558
189 2721305851557215764796384996482450055369302351714275235036369880218002772080
190 6842940299093845494543242220504047182943523015276118420717921519036697178334
191 17207118380378806603213807705441830735411223275187347842334035426993604337198
192 43268669609112074884068716320281817244374346482601413425811800784321212946918
193 108802515816787433742512048354229139990043628758319979270806226984033423030800
194 273592591475687144978711729805929381088509642005882415368344372513339790040400
195 687970361240792020090156305570395632431226845886965692972648335659037213713658
196 1729956265967991472167907575949065842231114034376281258193603752599025631553887
197 4350112811203568111263620671452994340188563061600132700130096122509924079411338
198 10938705123628565802065227634449789838416702618025146082200635635161984823278314
199 27506245234268349335800279961653289222309392224235928716529242546486285761965542
200 69166644345627497792693662135515497713896981555478123079420304698997234431327199
201 173925035906914711268358187308841801300753457219718339625014114833905690441559252
202 437348354852404781556768023011641826440201730348960258143593214351644299178619650
203 1099747270395708098254339100284558152278111205949414871624742341392637032659418656
204 2765402099548244164921993865045812654027311091836527658347080831685692934371525618
205 6953823826663513816347468306806654896723854430502914991267717570555598071931202664
206 17485943841646960421685156987987806770141318042376683055046292907891975250280766930
207 43969798438212071511505701746240149031461256314422068537430824387024661311294023162
208 110565560098178813640270060211260950591690680162168414498422504721859616608276354892
209 278025906736930711055988461906026681757112496656190199626734832914399160421997524790
210 699118285551612001734725236679762283549157786216494033887498264070708951594107492106
211 1757988609511480209132196888919619777294881497335179085470744026065530195780094865672
212 4420602371648240212927819847120180956611707846453184026528441930518063905181643793338
213 11115956737428697530968053431765370212794632100315430784029560337538561466489476044372
214 27951958534174814618774475601631033835577084768633548533342563433153364327575644763264
215 70287425936578310483681926346446657205675750779759240044864293783787680428659370432340
216 176743330480753641373336970440203293945047815595730602705326574486670518456014632183754
217 444435181018234033263500375489714717228024021401849741758018562171540377547022018668312
218 1117567659212009477815824951239208532256889090938437286611497219030489295464668174965358
219 2810212886511719776323611434383748903426439715983674666554241084301562106449804054836052
220 7066504119388055919769883545973660170204355280391441654917654097537923427642489690207858
221 17769287411998390463634518380978399946594106112083746064164730194314952622752082094619806
222 44682288412441698116574764034390726469970944468589450776325221162471661211720939432278796
223 112357172883844313045744546945802284623619876115516126039137431645306391656112059436636182
224 282531059777478040517695977140429266702488312182353181406131033584302664210318007924865552
225 710446851679930679452584586079861383147349413611283351662132435619583471093467279804168103
226 1786475191292084423659128003445050733316857374703900289836050288552177044103270813490197188
227 4492234150317434253908752249430276106798522425692180227092682620571337711545782586486969004
228 11296080549925079432377153926148744415109873672811704552465393182033867269745403319369549694
229 28404894206456045610797784534396853136188526967846865609398961078932803663731052212980518430
230 71426368758083221102955549801317856114901597217460773822511053181827611408688945608285053472
231 179607292915251694542397745251482808708439740917554258796228626092060444437243514251117594830
232 451636842656856206071543087658564173261778960111948654778707324177247406653478626641227076442
233 1135676810970591126414990509245339438191691833739216107799227547528506049184387329697846908204
234 2855749790891759880673883422053531265789664982676792078351695029422203458876277956022997719220
235 7181010292187356908725823241695209360322175881775474344591388085893695252127517746151810110352
236 18057222303217972971396257818346912962342451378694077079096071964371412381806053684622253782608
237 45406323628664896526856548262639949124321833728049291970791664893408833013801897402943995872524
238 114177817100010501990593873530080617573617140162409370861355445077654401506287626777061017131502
239 287109214662195083957943679681673173742067420883140631602055527331874439742682850452968550555298
240 721958986759564127029300647494225395114932573988422859079121410135684217408048035771542601518700
241 1815423371820912923953994728926423412960419119386712621857773894594229869379673669448598493817568
242 4565026655802552986573394721429643992307639902691184713038915289753129448424009641807732164645171
243 11479123102444889736248202964418571474807107935543802352778464377980201892557639779828104108110172
244 28865169282985963788772180532273139847508691763854574778499951033210903460637766076094545950722366
245 72583767096110077578236331329726105379410637851671923651823477211637322881228014012133513103373354
246 182517663215913100324779199465064437004199071670057532291804425818719618810410943409492753831111444
247 458955200571048593820247054701632761698802809599340295310746436721550104129092418585054671108764242
248 1154079404808238100144611317048301382403007142947789035868244366731844638757786735288487871448934790
249 2902024578750475104184386388887286089264705441987483066526446372680790715961029477868487196316914192
250 7297371931761688776683110458748520924728160961858165351392066561088711184060337996284342800688795276
251 18349822913419941441004712864659407853572425993197574406232686157618188958425951474789919231935229232
252 46142091166865261255822268006613183150767773487688324223440694958373686042650583223925913868042510994
253 116027963174195904405001413440594494475902178448197798470340581785100051374543128231104557230908609588
254 291761554318543842035370639242659084745663385796897063049291486682575601998821332238571232081864750690
255 733657665355828476450028568257168418496473569388653057027776902047240908346920199522831088525087454274
256 1844840630879359043203535792998660332428282302742113813117643556338937910446654712186506731952045670837
257 4638998696609628749431270784327207395481331878603760416561307679377958612389222839825013848162299655528
258 11665131690474529131280176245117751036519044555311195835059118585285829395944479540776855159892995008428
259 29332902692031919667765673125366049329907310309715378514200959453553264080024841612140601529185345965576
260 73759920005259041281999712327034547159543278196741280914215270559667520201027055437392455462401849076058
261 185475193379347832800229138647263222637014955240224929526464374956242598184012803027169959306755161476858
262 466392145716178903142674612192735965336670897293660577218653485933187101511493115363410324408112202112408
263 1172780195682825517321457768737091102062439100998374612785384154706143549347239732192598895904124304601070
264 2949049206808145720230962597397548669638184234223783735820291837847487525875026045694918558181516325319882
265 7415619104236475851046222169337403448664155191533561250960625534662038165105463682580640335037683853236888
266 18647164846271258190870144113526147094573058038546264494284604879831309740519471974479444026993024119435214
267 46889781138484738336143366888734782481251913327706297832349342441025689371632391904625066695127926578644676
268 117908089156762506215500499504094612614304755904994851213933016655500083692772348654808277489472276011907956
269 296489280842233313418696723124453538948634692083686298008237330597913222367954558305654682678859975170867210
270 745545910234123569735632307832432048194432238344458230387564157057951979707325233784075485034887639887158762
271 1874734569451765445101018550007875221792001675752399705811641413320483651760141926186115772944213685406769026
272 4714169386019163045548669032924235496558233580340393299963084057394533445637951544118634182613956353371054606
273 11854154375880074441311930006448123378421474961024844454056492404076547207322366080333247534479135694673844918
274 29808215288983996854642123307383100404832867282698299689243401927509407487265215153305408172683069071131228964
275 74955131386033869475292428000599686694474299824066262033462188998200742486119627299966373192345103948345856592
276 188480647587576404468632174553178416494744537868842790621018852931267408598916643702521780123543509574264428978
277 473949599688800132888509403915498834725388918012474650854688810396121483922620870183316120026890650876357496126
278 1191784015601929296386526433092576260491293534430360566666821567098024040783423857467935056444034887967559505716
279 2996835825532661201128466379169939398182358111552454902258738524441999452452003055770395484037785936656138575606
280 7535782362930936601042891700309149764855467666223724590309887772691142179404270091031692470880493156299433405862
281 18949324930526482912475634865479627450100182322499828859557538554400645619798036085003993374930902937923561477168
282 47649586735545608123120715160645397168363917998817229225833651830754837514220571865349944940743899634381982086212
283 119818680844436893369438472302456545428460463344579985261186758713461727275881350511192429834317798217779459336736
284 301293615807823234051774757700671507017644780912784592506874016651182107661658966106556055320210509517596971077538
285 757626793140970799011201156167649162000607189055395916219080875785526414461701392562116008416823113921100674461382
286 1905112911689405977581541090674095670340504094811631696414502025474770803889421632994835908525104891452827664428186
287 4790558147024715332898645511609226010541892468061823837609582636742570150898248452067154740306038928070313585391784
288 12046239999325753467023993966079831135603856327767885550162702238875527036345316950862516410988600643949469338914787
289 30291229887582256093024695858864817149585115875178345560542168424335142090772526199652398209837585099353747104118045
290 76169710063365307517630872079818851519864280756089166475443561642863761569939657881833885779560126865182191450127960
291 191534802405483189869325732841259190655103133974931763395927396622984448364090546405563644668830915201081146532709388
292 481629515223162682313387495279124184542219816579471217643172712419114452914086188471058049610113087366108430274586256
293 1211095774871345396097245343084127675988057793452285974960296974305439238951007593027556369854332566979849875448392070
294 3045396782279021284509021261882081057338184433252081314491830511046839391233370241431021899530440991685504532034572134
295 7657892756252609111174437066962189763175957569555084504544483127229139318423440492298048630003865894829537471962352052
296 19256381239879185723997373690793394416610327500107286903615084430058369672538064194192851162156079637974151825569159778
297 48421704280568444461546655770967283816253380408364610992162946635967530474406482953987746614386856685716935902786455656
298 121760231905832935819937589154805415898573631250346842247570525854318219416403156814105276788705848898053548794995231514
299 306175800584360863147195794532459696033314094502820029423027374031493292441626690973763279355589162071192425330858649550
300 769903435597706943424876320864881920750165592702967098657443112800867062043468846212605787199284780828180351523052491674
301 1935983506906292038610117362878878715266776440431021186166972815250573854845571460473920258240676574364125944861567371896
302 4868184717351517084895327519274568293091326720178638944833463916884143802703192030255007757763784846981348830479582506894
303 12241438192893649743041704033032582566820554864237050646693735878419565234691459949768188915870193903742027838975050729248
304 30782071291649987957266959436459277470833086395440916958227067422656070194523959953473579407889878099973986814746566009870
305 77403969866406880125320669319505323698248842703306712903684075525264812814908016834869648615628761970015996980835605078132
306 194638446981469297946466695377725690685316463800870596924878455239557447925486704696429461753851115155141684399832140808042
307 489433876695771979414645125994259338726539856782076914300596931553129625674074546226830847083725321395723975523085610019392
308 1230720463363840156904274779235575010798975929126673209408646854123731109333296650359116629515391536940411522284943562129074
309 3094744624479709754912311769522460334419923584164834336838894380643973519134575821662336816483148189283674407840701634986728
310 7781981835719800048767111464448074401915905405219116724533092080880794160522113521067022857646628424946945742134207174575820
311 19568413113135034038165208003442310655177063278698811094182955314859499264633551937873855562059904901699652733454348427063774
312 49206333277298948277824463598241352874203756273863690876290914515579021165885394206891047984784654991332466302201024539331302
313 123733244009008450675062330846934908997795229761350710535169844554616865260090302841808156760250412240280979155511188003454276
314 311137096656132371782281255369597482996251186556559529472189706818870593996805496747449981884642338381172595705562280437844666
315 782379009707039081657168733802846464811992887758087104504115439608357271735524654732852315724641037767067288054862364364345662
316 1967354331607319140847997119773387160106341585424371562979224187523934424575037347909055898946035919290586722723378843087262114
317 4947069154556407856706416423503394675890887112613747514954687169486012038351485733456424813044626954093655464817494481305638410
318 12439799392907897955367582641616016329855132134937300612991490676004980621410754291441164857459026516770603229928005664954125404
319 31280866327341173598251232322141719289072796185747223244672007685550197405112450245256502082522786228486871959130648512312201588
320 78658229709623699729619578516629102826682460470746679877358845405387914017137375618881202577795009451429325540410339780809037120
321 197792383251356838892851191806095491280018565798996998719486363573992048127561856492674301958036236202735476872538803971079923688
322 497364700638121999636804449251715785123404647008725700656308475753594321911930539562291669225806232749096816808661245615593065006
323 1250663151808459569822635330604995306956539782530034406049143716011575095008330474534903488355234538874472091907162133150086012802
324 3144892102886765285953089322550378151791300601161220543995568042447031186560578576717192494174816877395392600387490607069810765645
325 7908081664114030007699281880627279416104432363002641760921892431632156904013180661484414097930885306844211829524839386555736679388
326 19885501174711765671432936828083813975135781673741337138776104229807686573951704717779920546979778679968706649549019693799331641948
327 50003676462256762660349304997835377999642349046139365310187329397696573190666431023613761114738873455458750690393960704467363989648
328 125738226951088803265014219637026906400686203314573057279609966910253232952830284438710572903341245459848502518575559027004583376856
329 316178785948611711508908138400346108943712819893636017399330623363919118780555256902932466102365807373716115248455717635011068596980
330 795056738972668981872528009370466887736770993411168742754514373272661538335513822250588395242553140490367377337219788088108152509494
331 1999233491549277718251402853128705960431104749802947568608419388185185828728707108458554659765146897533191686682495468216844754365452
332 5027231841210411105340451976278283558624941531590868846224066145713055032345915779407878552589769333389207274889612522790898986128320
333 12641374852966683601430884728050226716890860584117012068372307236115893979687920332972371619914445987492676700590024171170660740281262
334 31787743875910485807583689593360698150418073534168968268527762808756850425459052190639038259242580772465566951780779054368072303034010
335 79932813675195244082646801623196101101040821303999420128654834578646168412950665496205936930518529871490191872534932083954755064489332
336 200997426145597271316800150643270723093812684598722828119148353989035494197062114493321173839594704779177326374551242949978080507191608
337 505424036257737157699180684978072489746999026693108669922889624261434616952055908622808523585477913343101428664658992845808176608638640
338 1270928993100730611229471626548050487172684171363186419106910042694230152301069671620152178220259735555504156839866489277988100556463209
339 3195852174866387046186368595423881201937030395979690513418555293368043670646029685841813203250263410302225511637334211724746297751038044
340 8036224823764581699518799369410553034134054520037897720905643178091854551588639079218739451748112994367560786360248708609567786308676022
341 20207727355471345084094397822251593020555067404412713650598906368058012285048961306949802748779613614445008404952166233149220521508629656
342 50813939857119588879005393932568551700756809776060161955865882744426896248840636087771126606005299067425927021513702053660319941986296702
343 127775698789990938947341010918761972362170200629252492078847117972503894899428063330902198795855643271798794052695024605181520518283774452
344 321302171159691183340522344539506113183131136235265382248413522418780206823111668246934652721088611752595634237270881796105721290217731092
345 807939899132198747924455255216349819464100455437305055362213647306335425372839787329167303448050018605120053961249897675901813787076396994
346 2031629223835260709290565172360562666567640282290611473101361149253456248415248940567063791802760601057874001949157101173656237558164698902
347 5108693490165288864394644164185779543346128096185890331320619145400394225763848729710738464912421657271443981769546852755272613587365842316
348 12846216657185414168582857174964087149500333023680981559633369726419334305931742482190829442962686958410138569346589956564930220277626171192
349 32302834907014297683440022957161009368799908084117916973095629148437270180789426912212051036352150751808371565495086866914105365468670741734
350 81228051096753394769147637666553993526021825069621443303010316071983264891818928907390776595081405392012398727766234740765349868485730671316
351 204254403799837369302175772663378000237378029424311267029794130098324013582964375793044997912718187667205413884663909003339864804784788023568
352 513613965967657202058638564413894828006404738290804993841075084910734532900530759409596262537548620976071019613322758570735935614924649142970
353 1291523223634093180221376945561226851258926348006922263916657089167690416024631146987087914967286943976797689181743570435187120993077911328608
354 3247638007746926345996175300810790865279179880575693738314583326477056151899727922579131443155388681383989939397596885769308425381291995972252
355 8166444424967291596585466497707597640264610296146376842201419008566240134752767022116024464895810043960176873216051815138345541982845329703944
356 20535174913889685472185874416059955218514894719744494418334841200969397664416253605622683637062019790320878186540633657671956175944840769216720
357 51637332821956138624033612823718823168148792225951428191380375093445497978406753372625626125294746854673116158006398113105460596053679765923018
358 129846185978281881190361834907979746769938986294813608885441888441355445488364080423359558738249316709909347782691693939804208846925586231140184
359 326508576096279292192899423824158329529859707833352744450103355548965683545072926712602450703939469085130788869029392847294079841512385565805774
360 821031819003532932305495554056084306587728686042822109567617461425574211916218111026752017904254008080841440726159140879554250060866419267403342
361 2064549899043009080709718818151077849273371066703592509478136406464157967441023716198480970730486922090665680157355805877523291534971542756906357
362 5191475149905436073242171336994240478581085755362638296544364769177113171128117117048319220903061611696253364288277411370511469648865989573505238
363 13054377733654483670461125180569466006771697798944732317671687281993069836851866761523924147576575745445815755563435018386271222285997455594407548
364 32826272512551303385820390454499871146235700453308619388007145279649972740789769634271366318275901937928938616050603602794717892505237676934345834
365 82544276644477373293877605765809201424630667890669183751148572765252270427275441301728786905080251397538579702778285425583647294608650861163304936
366 207564157768897216490879119890672889701445617224786391237530137479233583507670873413594925250804794818195769560824489202216965964320615896491164620
367 521936605924501923067443939091077273301173185837161986367179365091229457788654828622677655561752932247298919462765563058284582681305708546865132286
368 1312451164652906660837676066196711209291967958212310029320602860068650156281367684723790335048238029977128399082678200423986496807348867698825494124
369 3300262982221129396996552425602016348329757169940173018770710496416324130493892767236464870083764344192823035282224422410210778280258321058204525520
370 8298774114539760318394604519306157293543898524780113303802378649877775132475256232778007361433825706929255997914251396894581332452149434997026471516
371 20867928457569406654035216519093393672176015359185404042540658511396930527197702661279694044022537892092308695955546996189205520528835675150518984424
372 52474068109321677071239523280385989772304575621720608105866503599380336764058123648816079002214915033402138531399320318725422136177009990908591697900
373 131950223499206282989504414642982600927518079001758154222697570447396926633010989548322793320901089508979411875673855270713153485520882721088327648998
374 331799346016352858682333341291620402163652354437390109363278146127335008664342640917534140415574578125250046306813582036788044949443059534937491277838
375 834335881344995813620694733248948043943516928922721012126550346790502754190909833096817848426321790999862520549764126227295053083916875407673419568014
376 2098004023387745224810249685324949525281732752782631694990753627047565207122989761534305014327475015613444863280296358235047313516082394302631979713914
377 5275598209986497410941458054432237925957344944161926806640711518830682724614181537222331397722909648526392557520478276741853031365151972963621517390096
378 13265911868115107828394145798081368476564115459258461653462385320152144921803012679894098643905087020440018228409479667152590450988097741311424138306924
379 33358191941051494896749623031170134394741701644959704771202256153470331298801557039792905737477075616569046788115311562560131395233761985909058686142492
380 83881830411567562016620574821660242623884790257280609520115427956060187476307316405984366902433097265050902082896341355153961557160173321497182722180150
381 210927543244215515934461000851154094206086419328896210097687587490117347509813369584616714811523208770098678009227792391101729867407224100969285114717540
382 530394106575254702783027404315067961677059515499790554744765321795040889425805698854518825510933710790919452305793895561425183253336304150331744375881442
383 1333718223627380706019808062327899348663870502782250341073396326385337349205539396993528728865360902642601895865282743467854193183184737716354312134514762
384 3353740695803510273118046958777286735424235625950294263005178843362378185521894126871376250244163376140637385024086771658965970978872426153755223650086126
385 8433248084515192300821858599626324216594334090984404036204119932134327824320922069430385631760967359591878508519013702103205955934879656223062410197644104
386 21206073965101187329690211599669141331270261135121182093634933190605611583848638921255563943839312026636995347499222925736403593456158825490924434654760444
387 53324361919230134261214211162723560407386602526752049793506284528772809570913717582159086489274631298119572964329113776086566795812004417217158131945412700
388 134088355004918179122528055004763632462136286634209526143193695746024065588501137643003693554019376157459868386767682422730602810444981043265066176399704952
389 337175847976551769484307821080932510533663881974627747696541799895292121946610111114415069014818352716459976592876827207126660917653656747106920491608253302
390 847855523729386080158622928116114772613290757066559709910874047950338275915232479979348546031012525167593955400652133933352504286040933416622707031801447910
391 2132000240920053074395254582650851508082569198149255676653469444926904034269518852288942049420226051931792927073086205485871841868878437166699317247488955614
392 5361084406562111892961606541630582598132031761067954474727100292393977166647806556364217856284376002448856271593690221990762435880453517203723707011798491987
393 13480873717856763531243734128549297136005083459585151489048425689140827796428979974884435240103350929529707248448218158340212783800613817487997362100331728164
394 33898730632622380388034242586908666239774785193012049452617960683830593017996060260912234041948420147331106621692496180253040407071545272539766372119134449510
395 85241058002120553490291510780876906421339125262238109909883493991480207126479464414853853558398740687316690477528925346133591241916942133111862086627360775684
396 214345429274818400364554133881382380770158600985184621884264797945575215434824385073128298065260949135325946745771920438898269150278674545799679955572331818790
397 538988653212906187206114085168729906805039739896701331937804044675454369576236062092033280810325166824738535344405654566572514040687378103605943290035413104810
398 1355329895650785505071352024633422891271053112616502511976945447297017232974493442905644913912463304690002220187454925387829622611507270951681763451112850673662
399 3408084966343747407381045331408871987002716569164711257232217076066674982493550210813797290194305723357531161863432463876623756987093015543513833178487211082346
400 8569901080977111107784266350889389383816347248790326982178694287339586009456068350982003797314295414153814312603222595096704771859078434013975130409122768639501
401 21549698808279360363085230355537257230530961856616603219873454054464045515661511204604404756585180088595830248336682951405265992620230861287627356936726832371300
402 54188433955016988772518866733649867462124001798938660829082880422567012965246203634374510161845656017150111922488997900843611674790352876223475356694453193571220
403 136261132956952656282478999385991716204509941589582920536517410212035512493922166703417659569861078962827175966292410636714436596918802009764269931609743825912752
404 342639471185406179591473546445129145565417523403882944614983756078157569401661048033045251224289310947599933046892843306485813937991248542807071260034370714755374
405 861594239432194762353518736249616612133853857888785505234221642083034428333344091074616555603093915238766329535796282013453572898369185102259749448612899972798308
406 2166547335759372835066900814411079063814788711028269599093731075518490789546139152404648214688230291816539542485338520392669930134370559374276173461008172244941300
407 5447955828000213259727708729242348256213595881168021138160085594452537636434015156460457419157189378289553041626293104272569373938753664076219967787524157387554424
408 13699318825839823466349302442883138483759055851520032676025721413945974530699052396107675717969793145428390685147376524739511526627727740352309572549408283011770950
409 34448028254461473782171634808645866128030497422062190944459927584452845502971883033551484216978425829135552138459646715389062936078951622437159078651474861235964772
410 86622310620428133814254552348601209850477775081459304240726301615797319535686081356413777400377419254553856304602463237800845327182058341780153709825735279388620544
411 217818698991868837952192279995433522322646331655553420173280809813078832285266365717554493908237731043378852188869027145809880205934835849630944124784655291638240188
412 547722466541101651048172602663380488120389757112596103744234007241573348096793511563999057597623285196017328176710500027615962733935720164201157790832540026310517582
413 1377291764859302553072021780558606509200424539582005747093404207557770824469863071118891737674374079140811675276303543392995129640168976695158926979034024206064601508
414 3463309835597011434009755893199228458023326783714740720847593743067328712450834931350492434429510764402180590162050928931998007105879646579024277915579966173293536964
415 8708768413037233144993547540695171216808764027271195471076410532642875553126527407095885722352398944144144572547477949071838048947084968623129467776536349604605078168
416 21898891774677491267959177822386193086078589169089893247338504131395425539501608719140780411801927224988861718746236214773662034795137434036601973882468090594656363876
417 55066507480107357831160646447649814290489926792250376950279995181017390145723633122855564152725407733654205833530902121518084622858832191409968233445764378090041584492
418 138469118768973736888851850900201043520405995098083769767626273667107968668409505217387847574378237859195954533594306010275102234475312964899362177907676730691057703710
419 348191627362287435151960657813779620099562460080551261462917472638155181128014542646781023139622732317671209578843129780940108483919812997955340389776192669374471411628
420 875555578334215916505994258753668267582319234892740545246668162873278706832285733932169603458211594953681832556332856776791933745781802883938887249111264013930310564800
421 2201654234363687436857972928361204237426253310596452559875767759034364363300847000454743504329772014373122114893116593016383617014536868103227345021691368687520099641138
422 5536234920590337325880877576280395511647974492115709088353544861514322196260216328400710328773834635962527672949469376534199734676299724301746815872384994178443170544176
423 13921303635047035001336603615397682964559983756188451905205395251923971875306418506779506466068002547264305411158992433584505362902217590258565470857277470990035110884106
424 35006226736944231408101781819643112919102054820582889431707220374948895235380764858004355410410383926753810066506937595319359412650715591105276642251040025455532409664214
425 88025945161723273538461340062371664342952341599647650505586434067471431262164435138397606379080660569313335099830948954158631104674579535949123125384390844291238037704390
426 221348249836854653798960800578243747481414808595353974213887946268377236446576042358967777178206884663686017806653078755032724241998510680950787034625506920638479563224712
427 556597803247937951550024245715295887623288042597409313624703573145781706748226557819000464078912723328898013798759817131248376165966169117360073871078988977808991195358836
428 1399609505874882790669563764339459300017412916899130108255572635997268647649767582131118693583697850860960007086874404198697682807923292217777607271150236653329806566223124
429 3519429572852146895757645115093400896884663357036895841683730501412017470127782463083567398397310012997789985245586916444848098605183626451848351492593793906176534299321408
430 8849885961958819525489819110652878167513246838876906800401558681760749371697409876663106338840519378380614378699683841601095126097833159846452350007824015792823405644560768
431 22253743090589773092869602071150950792718979776732466211154581947563170008525050238360760696684386191684323207091440268647950524727833651417800238223980826962386921783802254
432 55958809375703961890632749759421159295798572747975351097799043414215850844481764420088621339874829080188104436744046325713659775069681999395880743207692963955666203695942460
433 140712882951835360517355491951206935145226433269639492097812030166965319483135966933141849976864591818425499461300682472805042872351665322921025125637052545122726646154515184
434 353833751102175464493738486893722203150990208259634387436350480480197490026687631562744167555622353511686376750783570874643196309504925660742818155204840839729707328476974688
435 889743147838783281003642758233170955967872770915027682098960649675281047793606176562724218371539539599382804655724204999705593375414230716296466925421454047872069947339108502
436 2237330007835987158583604672190635575524790944253643868613692936856400696362558110288758431888712360904653101745485756893140091091995229446721164182061866300873095742248059910
437 5625944494343410973999512107310285417885418263584012408730767197377950009723849795788203846126960370801970784630467982634378362745442150192756590456463476056395246550223906678
438 14146885503067551526521122878530015696877121849532756953825541418772021955064839171698330248870983833729784596597883002560424965460068510291715283232219859756741597511160374100
439 35573470310296760340504207806780079273042664893473853384976667453762113217737069591765591642434508815892499611101540391049684524590835620616535374399550930080701395803948269086
440 89452324304396573539348831938048169675307015728494631127566382591251071512608399220419015963101977896286364808590429663755319437154775244655463933650451340848940951822424001898
441 224934993793474127567373891608863714997281969780187895165504212638571343332198930656536271111063498392657313183737325011080342263862449843609716062761007682973548324352370007131
442 565616956589058331991843245767147596260429107643869263018790888847172652963538559894998978382244620652503837229546802562562678761750772860115653663571885704862271244481231567518
443 1422288885271484927437471078003143923867768073296895977366041265251352617908792512348208494271894113254417441095173213777119861961541623467382055169049224195260815684983534877484
444 3576458678618645284897623186132690437403928838701761936137496385014466491220600172882888270659082827063985760432259540150116757189270230335735871310600373981367947578714978320904
445 8993290190427863426045171269390311780877396585165905695353876565402217149914102728373402331904792793789363008095699234138593351803151199499678129414728004159038577831710495729824
446 22614344444344165422190975286116238939907276875550981036642003379816090181201316099889633391006403547986771989273437344703378602483978266781957101389565987704241577647464627734358
447 56865570199409869398739989116843050343948519340297292061179510729617686357824886465318291545096669067471892610250650308106984383953236260358539782527649438856731482158923745656428
448 142993005260992944558870961206503282780123423239116315308970548038623874115057178888637146603075041225446534388733145533928302367731570074151719985165309148569313719457908174338316
449 359567300246336887830025540775770922690240754566799282698040529143056154322405535657919110754759593543484412001461275808552401966808383798006988503464218667519113760602779007534840
450 904160613803869905417709006337408601139125481135672651430468453270018562232135325668333336159941296314106791477523421147904495880463639466616438447461016049135993384887398668452823
451 2273583874268108381234679879224728258593882067981707959078298609078411757621603796457807528465336666411774134029609913001091029614303363239180130154753010703861685024235644530728488
452 5717107728885521372416439975943673253120347534816490319204687532615932518026616923809562996511912124612053994828976485005706112742937731504208569867272592893741839135226343674158068
453 14376122716917284555750124451469091284922532072140599633394330880525201532601054867116810398358665922003609296734985624751046037641539539794017558887030199389933381674755036940601336
454 36149905541862774107690748606375326156149630239944070783951764669988739670618900200244112404215005748318460745344848988887262030614800417699352395422281392243863957088265009102409316
455 90901816603706993232236678044657041285845513358517455614852652401799167220959505780508529618589945677535877400365309249458498363660486461803499320824664712970626317399516740465218992
456 228579857623279083056821154149811677006861303556080656887235751299581936285312341833827331340378375339724309202805501398850040067414701638393549019694706019611146360790857845271609350
457 574782256980195737961523986277358218205257677188643377213542872296149721139576467050862028316356309674123999731015167083639019798400779350300449732373890104012697909730949631132186844
458 1445335763065072803079815508660412790067719598933637249470822527751040725291094089882339506647685813710183691157872332208648977742515732831075191381480155617878779444993655474967567198
459 3634411888373362077140736729467053424356893446702633309501693195062200800883162488698673147136683449680212921230529477534626447031435313355247069933541770469546790933983480204266234634
460 9139018151974508472029302332204629956308698196193289592448515849152173061259555979106870929928513768738889516178016837198523856818420845056258723527985505569820994701069140768863844514
461 22980789009993301263162633754924144497266447260961759300492863005111491522763440105427302849073476093119939062841087481377394363266407963965700513335732052661351281136351958262298466134
462 57787024244801169000795931608866903465015632472489867369328101519842316921208246364476847197226084921290714618583686696282931283451400670188314604111194360562431806711927040481402044338
463 145310074846303613073071191403350129503500349380192565800255422738494365575506121299744475097930505041874613911967193656201915083824036151833230376673197327116793668725556045503379070390
464 365393756259009623382976755024119928412500793012590010277341065379384930262161630868699615019287432652059875169825480003496995128915147159864098678575158669812171802186162120025058834244
465 918811701489291593224190148740694264373636937488065039679910250766865342896002536434366752151824823141465718455823989778055917553257797763069438491726117532299176435503681235555652588124
466 2310425201122552083656164542631414545658912593050720470019126341265159812125574468476076980456153965901420933359177055932264045321403637359453832265286761730896811801852692647471878594256
467 5809748179447188279865508208718837815203648466395110614021520456724428319486727640790541479743975632167263601267517580408166794045966718485028927888808886278386409394306480383221052622048
468 14609074508099405945313611326100074270381777670668740580877302728605051378351973790840175435964366729926750492290125211760418933168691022914844159353375077383205711352330981876741884581676
469 36735681373974424997869483704896845306970239658208589547780390305824224557939211697616601560960918476536309472788345698705898096647948352614390068432779789233619949388463309786701296175488
470 92374796587011074585403451039212155565655484879917031750610610882705318109835520269677225536456885783029803561472972971174662246749309112740489749944052260831424113375266331757144116353856
471 232283783105136356411731127840477578180496947411229053079174954836643590705333769489627187891235967234509490403715626331931256772777171927558060469831971761762679999712441530328952311631344
472 584096072599317750804242492095641490091444110671531458394372069496458332533111607711641729766504720649924372805789052650637281823060411630262112083505938822511199771998753185347133055051224
473 1468756094227756779748226945701906148533248236525611496350273540961516446620072457257094925750454154648288929952990767932211317990466888042658652443167822365240262248260750223647926776100492
474 3693304176367945854710642085047679575164343712038879999645498521940909833528039521069265627864520745018783522280623104402211860154499916204709922794520110770451835828621092890048762897781104
475 9287107500547132505803629914298725630708113645562493577008828906059424234868308148529109053821611243201748415557326072136219344393343833152801265423019623540241097907540600818305936807865730
476 23353171471389283198682363536696675787941920363340114715749849663984941719900847381254252043273391086192788768398799141135554431554333628341175857914816218354606526655527505607490853958447854
477 58723409601964961875967593154452406311815102046383775061903854920379303946108556289681940320778928760012054980509878984804231409555487889064238069338556478575904196466889275527741238771353326
478 147664690404253799998679887267099778869769424637052673678863511744669420337988872017564312175261801463378819821644820190788535210024775628042503435963054655644880248577372853081296105000006254
479 371314624610191319652648755087628150059917720146121262235902977402799884200043823348991758331663338578345979448075152712091717009856281372819701528571438686865483173730515559441633184476948646
480 933700196519258901499627420620250291827926798952662874422523136718094329361709975357818980287369753336409809927932213975648598191009083289141175779755875206891569209865077330359765507021210676
481 2347863507652897507156909393521710853151876088969855757924341621988777921034322757092669314335395812855149772198308309055236304516581865164631032683136406341485962410387277677947007594461154440
482 5903889782949686976275310441603279446540942144690942987639014670791248790653769497973839965629936410742092942058915053093825588673378072585680265144482166786138130796396798616785710895248711856
483 14845801067908891641790559217997256373120952382417183299676789348623482476933455228004392480194151635337718562553126341363092897566379022828421821559998605681178690344702266840682825665101896734
484 37330949162436798226330350534411714846933294029342152270542139374427409317974817696274685377514510961231772957963991709897481583146763039473106334550165819387235488125455353919227160030752324601
485 93871644850535267757861278806268109711996567378869327298290228266966303028664858427436522170232740377902928325744984042177376525596482834659470918380094380688059308090692615511564685431998838152
486 236047727278569516261123041132296267560873504858882851579459103174793677770880870017605327976637085445203681790502869312534914260721599613674053988705142308323973644170836956021035497146058422126
487 593560809998528723591807852018351523143968398687931125965817381350719327748247215419770561092502087720593618319249508492195080109499577633231567668379287570918071846252165098665344474172183037674
488 1492555930226470397196338807257075712723840284370690395851104549456054835185340596495620146493442523709621159907851200151713522737599200619833625692084434842838415129996711840614634812664965742454
489 3753150759497963301906384888518874536879079148840840367591686234863408897275233588234635799750721190963205885749525999073050173475235682930788653407896662509941151337977834963735704660257868507824
490 9437596500241570540185834855955197363896840841093509513185733266852692454856519860678505313281841341182833460504994433565579088629952710764266336748821988247369604732228399050984834247525038148026
491 23731588046648589376846031129292561893859893578333081641634481480965812307129304118252706799537385740700036280650072555866893992604846357440531282591390149897294296499328681499935767907512381665224
492 59674968219018316327978591707362266720925256505880219358959904950010341106598650653523990720272083727266607335723218016761023322515280339561368620457589095206186272940263360977098061230895738784720
493 150057460332653560079953572661382896379093683187548156537046405831892482071406440539949543051030861112682077978544339434811332656783266747940244497095544232998114540151502075723298880398160990596058
494 377331435164630520696578487976252258877958603955943698183020696538677122352361113044343647123672040751737252499337634184181264361693089271024045043831512300620934097364957336830906217741151225138758
495 948829945860526406781800868491415085294582863711711695819976920780149306954554444888984480013610654673977337305808317763292507194430429024039343743334393245597280759135616092413344159856142411681584
496 2385908467363436388117876032945924462301798350358580671145454375909655730657839074328395780768422615927854448796441555190184102764852658109335543589711729831334401328544444838062315304959491903891432
497 5999556864189994435473111539104330841608797700865118688669937662093842579071177922059033855872509877749443648555178631909076800868241558725123306812299625046840896192726669306494242618131504941612492
498 15086363562985061426415860411166981209585102248694282712558965566739453155065915644075032587145769056180947245688807140619636174779105341539961276529923056794992815450038765670190080441707235285030092
499 37935862715636011787245156015544697236272047390532299958736634037252298276391598124266771814106212201458740636009848885881020961168103020555235416808928758886269606990818146512831866717796421952879548
500 95392748157716362897468899237966305386062855202808278876288057336982256238928859716215229808007637686190992880073245059790859876386590798229838547744076007149338330127004282909363178996059952316133066
501 239872662691043711688386392482917101787287733184576496046806337853751036144668241154335669179195985598176404751626314712429200655383587688013123389897581027303791375848188147366878170978318781335292492
502 603178914725887226067116246643818561659247911360106260209970987509269133185185031215904709307647588033404931280680559157153658609036021436875084743689357399620118860178868653171634645950838349174630092
503 1516741420586579862045794543186240451838272078320257492777158084129951174701470877701084006076632121331859056179428553855616231617141095668184131367742523795338263376997180039565532226282828731238853078
504 3813967101234719797786316333197439023087786553389547650717066284945975100870910407751560582268522842781532454414620651145816144865406201571227948682787708455500017812131126273336932971882801457197361042
505 9590524035187990784196037307204114951587814011269086310834837626910827020094503579769225832746375024665331039994331869495185646496246487721859225438157955588036885899524466927042335938069773351118167220
506 24116136513013410706841548283913494148785944067722335861229645432982496006306681112201153610633226697356950977792983763076759628275443000337564181689694461454814745170937916068461991341823083366376915170
507 60641945964624080217509197024961588473404051046046762519361063423809865802317889017563068183670715071750742562907703301892989391088306506562331004094490716384221708917778825117255061561859379844845424592
508 152489002887837558229735538496711872840962724076334037843813427277667910825907995321823632094574751650655116533123336406716535086923319038797733414096192745481366658231406906146368099160246360299194996958
509 383445742577121073979715313798837374495147823818605088694900111484495744206184929811523835244363290548987776504570541667173895932831006272576609326312262442414172511433757535678927546427847411084378815906
510 964204858816391976388264720753668800051210237046305874677982649962953155500944897313780889896636270437433176569159761754636179077493013737263696131748168971365748356876645754804929188078242701534464309302
511 2424569910508663291680015916309854008240680987521303330125882119023850996119091042827011062115695068850547405431591258554885107659511229438034676784195622176061033440022340871277075802273544374464596929928
512 6096774142125956838348040316940880814900833148420969254450449642710350824336732400214317523594963786994859423131334814939932155407789886691618251479553547035132945861846475123288790195619489994600493778737
513 15330824151116133202048382863857760375470997720082497262348268705203862122789639901569834931189382147077600665759543050507284768863989849311724334864101750235986623870534354993186075141193616638240555565246
514 38550578334281026944253761339525734107047780679735435263771495758302324124634801036412081278813593708715828283759562603615041157138497743828612426026574462402892191173443837380338197609127977114663184889960
515 96938499539135437811445812506336349121728198356617087219421389633642520174575793619160353344290254861792637387446435514400019961566491828002805396303563610453001374063579618888652864249123436572772575518672
516 243759577649257542775997985744690635761186514332490755789830118764340972333252102633982704342997331092214417305845127626517108812295034648620089998573210080250194018695401921501644564625523209025914302651676
517 612952871957299466988105228238577247487904286463387504689523997347426771209827240358940644742655698204917577911010740595609996503662368181996303574987227665483989781286375040772633380995628411489206954907752
518 1541318814480830384713219605596314854555278489481120797152552080367608094507094742266395819409340265470596091632826494363705625544643961654032297171345549944906536710806809538102145318080886568188667092171884
519 3875768915620791530220329589997585122365855236034932101989498726844951982536314827658609277569365859142987311031406892670343870308675209263511002412255049837477956650704009742585039676419779754328497517178636
520 9745929619597978363516295360237926864174117478749137260704452774905546204753807618513824985335362017475857663193088710804410462079332720185406609709965189678450362294418649495703146132768744775563277399892662
521 24506916232115843062761695596736791759382284201354274284061492898094751713960909044524374830207127260065322945928071854494475251915049758257219202730710739234704394727942602007441867561893551475613942584897568
522 61624592691519704396943746967715673763847243716779423122738821479239634304354253038651529393116829452148210355219506147396648163225497183615802177459924656363234803989350926006923438419783044982052088343850864
523 154959946344413355738037666067882832090027848168165169770400206007654684589342857200528569411601521784080273211186880563421433780111314579266792616017073805733980284155713886529998279589850764946255841038046552
524 389659126694201919019033992533170645298896763784981374718628215108825169288783119691374414285652021293956284444618786755176454792811374422296754288182161094735076310092336738376669773014020976106260736504131020
525 979828908036802879892479095136533303615433334126798123324798388689405587444268007363533353234239334220921307303518321100333915476364205562653577999367863600083942709879552031003209914641717179451237004405950350
526 2463857826633267877819649548951935466299053403668313414264708669387065515239953923494182553642272172903057562295700373518190227209723685829061489652006827685308062491281132213297366942690577863561011398996987090
527 6195566736263302420733642913538585667375954889193599786134751229315547011679534620106482040461774289219243973814271559603401390580297193046175298798495757785828074579463602060418243927207520301026462579285269702
528 15579245997299875485648349188208720981587241705163790990678298439664427852509276183100678004742752255780067599539047041905371158886906174186075951473190396412599147991955391026207739406953412196321156752800857694
529 39175254851789438055457873920072821470111557175792048589416924825887944871559375039483999865002692981285079523146266647936277392555503847416232939632471400314979721914342539452169578733153956967879798554378591775
530 98509298394071142962266375227147831997800558070153027490372916536382949191459926219271675462457057798020525731017018439206973290221561208251809979409727247499503574271719056973862892699224718956036858738356003568
531 247709476474506883825212393648026588847565279400379691467948279502445207011361933228210851186439130012494785849423173610336726856687117383438191527359019915726953983044977710035316979058618257523225593896439384256
532 622885207138651965779033722126614771175742870493080955988952670831232031539257449816341626976401066796046909548999604149913952072760695641509146002409594666587750638184043853389826373027512401402294509941392388086
533 1566294462344039924213994056703392343063178264154171433727265098638771373812767752683050410653985632575794421895427768556761567773914304356336879903598353198518029262818892195723765778568942596877535810547095385364
534 3938572171330301517671741960827508360450434742911508755023153932367623346730990224261284465960468389763043027615986459082026188662324296596105609998106424875860794894226372098842652214584782908808116048464094060604
535 9903853407974422753392233552316263178834654939852511910739383545149590725455782168868918540610356241242752320144824159882454151429018397903753817394225516512461927294864000826820720982862251383902148240177789187044
536 24904028175651462388671812062564944419251762846986458430131696752452131749135319991863503198323094466011313424834225223717872127177459841708966920288341530265132855326985823787216051516449238957038206175983514075772
537 62623162301075492055165565606078812585826597627080524736156398255846966819589100001565690613110564738386441662419143949432565454549236046586319926399847737361232807801592609848636861821813194120024336899374268969240
538 157470929157598269918909034193816380921491705391019234634345140757704498137698784154531206236647968407051346927507362837337382741865926733867634328767725311370679527906732256385949755717486375485518308337702844897202
539 395973192962366050102748789178414841556188639513069902871512544560899631573029039549918247182087665007957791797267121728671675861742912904233971766079853284198678565719786350047367864228295673268131286979049403488816
540 995706130544829737226396843027285421170362054951989533159413916497345236878289877702335310165742415841655210460088374319115126245457534088690275777200313623851559050725758279567881287832172528888570045697989287720360
541 2503782367153285396219062459972610660245655858185914952385114168523163976516601573899446331925706771266544983472770897009830184666990363040454539641970779248331377698662532789393394955445643938993722368809365120517370
542 6295960173146149965596991624879912174761343421355268442630239621637057972183723342120256584124213208508516032518163354572303762272480184799488082567959714725318902131103753809450171336047137811323555917850965308147754
543 15831693290064507941158093493036409603420320852181861045912917349556435155000046951217786421428891672891356825639432607619770340747494875791642029921258978758496542438364950309515411895482948180835277770765869699297648
544 39810053675327676823172502377714527754158961923705421454052385915972682660706498245368370313167461489818257854173513235480065804145571594501169576771737759238076178177036448991642464188025342790982573038418661496001878
545 100105550593698563654710122349805309598232507102552514298972694268909781597327795831211830767536106762096676825418636638199846212999630404899697437068369932533412752959348093162585425265335330828098946005160749617329044
546 251723379762186641483065007867148220034410504342744288251304394171060401490257268810352613280788321731385883382115321839534804357587442044733000185206765956896291538928712014873781199689237705864396332067829817599757790
547 632978486638349391067385474319599775581124525324749044357779432537804195235556610955730906533252673072383788052999131082015553381363394739799511871722403304839927412654092573878006616769071465695746028672464236810977072
548 1591674817513957553807774927830123323602325475048809748721440115156268141767738262463898391015384488533507370358175295280620437678955903566560353693638866188662164968059427164652750268319722725046759353746242265987890812
549 4002393095794988653937646096729784535341623532680939133653561474185425054805695513695135641729223290894796203767329316496021891896816077121641094531120173659288930729077674247626915332540398065747020061509121159478930290
550 10064336205486847007775283562994753380635727018604142273520151960127059152188311502111591589352573963121786511044184633055889480938498256976135568044175301637033279271634289604782440993892047284340599055148646401201132758
551 25307574951468916376750860517536105111029670140230999728361417319428263009228959522476149379999138640489065577295661246520318717938941286154996908593717803353071192086874239410427056324346899403912732849366363297737673154
552 63637912808898954868518380188966424438203223688821253787757610591383902746933003062694864800625788772122245277203144923186654457765859910535545129629264258860829868071961646380191799281117654757005406831816944219250417182
553 160022600128186752637413795848196464280832286536567396264326974030093809556450240863358899995506376858127037396026180702135805753703574090999121746807838919423243187572201464860665632200323303320226811941736822646891003424
554 402389572842884128238289019305583642237535526529432529316735781957868413656788083228806193565978661642644520069672296130171640441872047504022915661579187536322890500487324865469202791429249900659113588321740412889151725150
555 1011840628779773529085092047276014370802121832228019922707490187064627051499593268811347276058787312891793799429101485459335846820124181052636612220987339510771102824067942255450251041421273648139147572589753891866239887420
556 2544353847979072341017181792575002238489978499682861802971982669280891211863909296682068419617860371068288934943345576053659687975429126093746117219727656264217555631917672459764180617974834425247772300451353999209814917936
557 6397980392952689990864217767633144034312728005791475244502470308320767030135605744308358720660880983331148218658220797210164038851595347473264311266805011023416301474057985372251249278707903458767446887972537284303139772846
558 16088231258054067031922023334937984153753651485869365750251119459204878684392606320686244317548097496027711150210567716199440203732096402748770863252288980074855821879023112073079107546238501109201665162396193611945882851584
559 40455138827516235149786651449768512392000467900130370152851503051054794566100990379003750738573849402608623592604854261509521297434770192103173952087686645407235477151514224193099559335978785753645241027159763188288751247700
560 101727668585960324472634990458591408839814242556408263740872328232938955075703779116193319931729793497524051860158754870175034449975912531764651645105054267767008003926139157067171331501824511465914257949593228175239816568698
561 255802324645497499190162267440810545123703634886466530416630488894359929737987768739745237532384920646516604008815032450079033832021449051976655141647545364466344751882412362590607139438211964340601503982998761346912460486790
562 643235318410426172225812449791276370842471842194927062865247689861971928429062661137786762280735777913899737577716198224173660000156593592111845594903578823123437225912714496787856867139041598604760570276852792452319577397328
563 1617466437898710421001486457666847885502857883574789693969623864455113617236142316006948697632552819356739357311500542828170948804614869540340974925495189513200713589289775599267630036124458280533075572198375008996909290964276
564 4067248179397135891019898784188156758043425686392519601281635947535818008542774942099322702919169617736471393421320171190005162243100658808243771411154094516549538205790993104502820138407098643118790669623483054577259955251844
565 10227419478514859616215502291070116190609700426388905593957081679012376437974286983606008200101386548076477882158348835435864663922336582162703714532221363528853809788556893154610030979262174480008703643947058131568181856201408
566 25717660830082273882849496102618908833186325114880579734275087971211772609439518707626166527003872716782218493427864129996195540367635672874977049211824006851009372886881659488017632619093125715367320322082365852452947958195224
567 64669106411502227152568762873897923450417138380253835647893476676761161856414749187757300076128187035483369459293933626685916027476646738519181188325534706337870025076479542932041363596500311344413542794971596488908313902703080
568 162615618570190912845685729443728760413711533404373775727368230932154135340266124990906783561536390591647748764155236901828628430689313515429429071820082520830324159377036485100227096307746677866923583468043455691585259495390774
569 408909924233349926610655177584010176368024103479419945248461815844933702493765922193157641631657158840431988697404067479120169177000404293023674417848783315309643410684251340641174773450200890125102396625981048288394681663929204
570 1028236571657175193046133434440463187363859824571922107730637129657623884330635506715093760990659438367427576724355230599538588784158730269323822168475585571249304301617562101919089252285412623486877221689658226065918998462321726
571 2585582752180785003527465856622492124124459856787508035845003517257446882172024884072956503208471971815202675152081912010479465127545558124688649845124629190939816801535456920462280372732073921187693743311065694615881526357752880
572 6501653756197742859280252875557812894289621545513367917104803223397970254570919138722648889534461137778752810996071936314342723799820365749344958815499723987668381952051804482258235366360058487781228491875882146051283647895155678
573 16348926186882522205654215964841875655952427647019773383947844849448331034647138782598685593336351509360479639716608846813287297268257570510351825232124382256184119731427639193637503334809969974294020879782373292417959191132825216
574 41110676988810682612049865964838230318472595995642981140414396029203050148603315580510968841120948255616888726362937037266598577817656718556655063679023664047329579016111099529618769473885451607319737491447561854834702218627211988
575 103376071502137033106686974293187025592224016774947736673644579582555152152302320251937723219684477380537083342363625166698707486470395419473319929636931509849833577190090437142565566118419977732158433390054551218849452687520214108
576 259947365063425785868961919997243074158487603921174136773789630730035111753959404318678639542477324022074836176270184664664489787837729608870284789505688546605587552495983462761426572068155692761324493403815741007745486626515645019
577 653658352668403222144979222582013417129364702517235983181478954112639037840806475630501792278190133960459630632659001843591235966053033473398510612853644932670803269243603534805990896281106352130330428650893405634581662414940777636
578 1643675987671270145524746680009730263609185409623732092164034648269002187255863236654939337174912663649486185053630434532549462126069128167873807081054201388808961894045675166321653980278248079655240543291378805178691946686659305623
579 4133154179730440950710642139745951910061094835863519974627743473604541049174669136299762972467137766289083021407705763042513192206914196537050857841162750345078572419951051375427331353953965652601000519953254644350963853791277535616
580 10393145365362453260413599166852104866058235498766682208331112213854213879828460174054126515659496628829182463771277914609828287888765145271982525232666293232341081880661036926452972026441670310920214772794844353011421996098859852270
581 26134391771612982478150974065234859568693822235694223604913431352489033251802536496041388038668578032138807510995998254493930098556577544308410468041945315418568883154853333488073455997061698533693065270911501679968782088932403756924
582 65717009554049763887757454820109889813608333219968769665299481822707394354215395718185469459540744986764812089550082005004402136410762531936946038298384160792118605072278958239094292653048864461162781363268129554032872663234602622928
583 165250654481197498957874229922209234336724755193313970978631575099169929273153560045394887515436783486618181616861687039004645813202468390163825013004132549094175350634955503210809877866385559434840626525088484156858132728433832173272
584 415535931896056530655065573080315929473974643001025749500499934181143618988222194117908373709787375379678560351508806931192359944885797777212517456178385882658390920684623662054216762202703376101667594048852439496546620906222592414888
585 1044898195646001696194383395708282618052120306598229102862619270064016719385508528177725774706488899746760085996138073593284618972840956667239452200193980594030798801253111392806340549390089496975152277217863060980184998199876574942832
586 2627479732697049643129898167088486755432560297404934062859112200406147400008814827685737746666944473898715639621937459314741584746495046109857961252614567668929611745053408131353154540758377507498723221212174358890756608467756690082226
587 6607007050543925652115355601478186465404678234542030005729136660855707395743607565275507006146772200924847797225829115582284180179503121132809190502892017579899154306692558850326266310871581189530306250475708431770967579067763139654008
588 16613845436260997466121973971683485818805431968147799432919259134582849527034214043728047129140390809811000802302064120401068210480772360464743129126600056341601127692516189758369712917913407199995312080437905621896625146087713789674146
589 41776837540569429181428354615381548355622335292667563085150396924345143339529192888096881016054359252636274607036956120681204262159855119876932710345692037511618121510828698888717641746017009192601225215450854777743049121757147130479590
590 105051185265144599798306837483779324943998772466518654015410300105842591732752545013207842922206609774497243571311956570652758881618965612245318417417925642751090360864019292530493651238283930677672624632485855315609454264533139858086244
591 264159572033065710884304390556929562580804728752865439646521451792735248633838971416076922372842557779325002812136425297536084331118974657687107278880529207159031840453408710758590927416071017601347033617712402139242180590099565739573624
592 664250282570063885840875560793416108043987817528461905627860707647745497521043959699054674280237083426064286503945617855436259784591675806746779566353198844300142055501483212233315200141905229437202373514388849517779260779230291243317062
593 1670310238991376480315562464557085023228514181122948499728778058561711343782887157391151638022891935929715753248133053358240510939361907854007556702551240572831225086174057872244473018748936236583576894939934270729129833215314857609695196
594 4200128125929930510820070255093457942461665472610676224116315996320892014896075829382505578682379309156455443176465039938082375089332579921350974945697371119827149346283888486386314427797923626073656734230044505107922216392451301156346908
595 10561556687145918886651011098438387529085823922454764482173880934567776455370694913116950940102843840259288536844179529939239489894475481568349437048433795810951595274469834904382198850334395278831326393621854580271737590716692596435766924
596 26557875453168395540004571657563312297116848202077214455571457565234452979293444184575650808402665411226530592365753720948862353225788745808892244689131545185575685807913357927491946659114999820436578571454800617345902922243291885670885286
597 66781892999203827621391411691203267375152040704290075115374422736858953840494331159117758711938631932856836361185210913021214635272630699290828885984604903003890291905303060989420445199670739086941933175250453728487451276132377561282314116
598 167928388715485358786813181361403886424055246956348703750673700935630175261911079389243275414211043661519210158739885900338060343519286438453688646315562427526072038700032471546900793381447175767016408829288925572807126281940636853782683874
599 422269307893313978813695310634568061520496867860529906799364789422022658005818678429042448999840488583218601354895185364826964007588061022812411385956977158225394108074474758181112728567521647302239586847623291618856940040083854626276029122
600 1061829805863286913190207261736519705486646498976545128237726856003699570171766471118890904575882465894551213611555036579019273816307812763964093217330158994108699141228019533437057892174932273762867585196067944775890075708584579014574454480
601 2670055615087524156618844542526817132740322559236911053126607291198133651556800478075689082361119296479838548264642725684159436405528754426422326275050771722730327384037529838176639879088814682487877027447232568867163711979364428019417933316
602 6714067497723187711428086544800959730140083986877855448715612117996042678855506409508967976125986494237741651855469413668363484588030119938209154835156774287031058804752026326050928178656015130970912110497171515878661804384239370080817455836
603 16883057457402523752103423246601502309219902725114106581366277959557650286962831814991240079486993288878925502354170306077153021486867310725048943486962946990584045848459173363144575855124794489539396840039117970754588634277115058619718538292
604 42453792608819361262981651292843553771095839056894717049580960470630039130660829862977282639124770754838418317428447120696783541394835987189412282231259027058306544039047567909845222282471736182681856151934315114589184810999966424493977814158
605 106753442699586414824494663573277135820372243039886813173264205081853179053546491208927594241754696223008184418887218279446618392980987037893083609016432433901667628284387286850599745706879285478231317487777482611464105205883315935572970111950
606 268440033926354329311130724796099444296532144026074173303667496983820686247261183185767047016824575104046176192703970036223385992237069241022962167992601713678705085903587302501491217325884957140209143284153880300461485439564120870396623763620
607 675013844913326050866507103246696323455710026634699047873437235180217731967190200127269086562507916976617911081025822968487118873709818738143447358302239229788436345892292836106914661494216044008737693067005530738905383312863623837354306728934
608 1697376073755363155104498376536520716590742487388349794819969208249098551655043198036924092692407817006036672845850668003436335390936712506184223669446570391705618358861579665006945216385074749320233993498657677965620773389415921620175040592450
609 4268187323072036651786105412128171790507789673791962350979072933260157510726174899893939305353151101082513884426917736612456373189974580528558726534904745007119735451227571372750619805905199432057728018157942014347181456648127014853303022514190
610 10732696958858188369944846254239545400976640764374150592722513029595649129582895894908481365569676910620638852402137763965419106414268600125581898226064060146300936932839906424913600879481100836009668295363534783679920639188217429271983260787032
611 26988221296663943088108556420562535176333405002569654992646796810428993167948000209354531382370199579593682827439627698857071635996594508216929382023839181448088227188570668258959187776046718670447361741091779134471604213790215697605059669994480
612 67864031897085552900825937126935180345854062368488083959230352720078496576288895698014342843676334416514158993698408351043459925207729936878760803186409100416789873455622304369802317705556233924600198073256533019989285959107779807066773020614586
613 170649513159948108031788912891221915277680514492289504391465634940178398638845123817847371433383528522027194373505702359700158417550811468482265222166526822254220972625683090930379458133658475966266225333243259244632655241992121256046324668165554
614 429111792029820823611843571035656853886720149411391193434962316473174028792483362897610720872921643995253278276762494060977392861929578238864270720829394392266737288978233662473364555372700614850372395752215191637072392588113386454949790765662048
615 1079035777186510148782459520727855164469180322097255146033346912763454277384161572086875698541785463020881519323845932580385548926443392535948243433016732631110298967577809401186501926008530269631962085177458722541217629361208307859813732002082024
616 2713321400330062467202104928590079418994145308356076839022108701883015262155815293596219748365518723546281004476934003399086439794885232435317084261968540440395588912565056516209491750934215247733098393791414925254676157627163446142307265748207102
617 6822862760570503273224807106911932538588117684435734838558255516919221107810964079974557715060237147549418126292211923448763214908744753021190974571305769797797635417820713953547439264977663150693435961192358215904620086355020627098262971688409056
618 17156631810708819254030166596568271561787707174127778079944294393174648065470096687403673894994951006971828664414703105449373522227853424022806367868454683969683481373554443537076202314402957191759994444022380655445057404177799678837686129858036248
619 43141717108730659445347216084997649489434761859773963666713362856211433386104801517594638613606524190917149380730843615363326358967623798180577560884162099928156659130284705289449622503189344908248069437294551736284744750837051302720498056602217872
620 108483283643588819877137517759295922767045871574091597824407115678686305646281777517111201936449111500086523359170369700464879512759190939970448822374571775914932725876151483737213572139053214913566325856816386640229975004394551296746307110862373238
621 272789856751290741728522151301751980562156723486421286411455938971449660493104732760862487702815941603218244835222171421328952227495911567090452381777182189274266629300410822568172482786977466563492052733766242058696026595650542267919043461127520910
622 685951820843390222581852554694358419883683635822029477484617328514037363514247852029831440941935558523018144120944480308052326783375792566949195251117700805559773567230055382731042396982855000638679327157074239518022142232438277231405715524261204094
623 1724880485374338031696534423604309093525952520273410726800180048380233770708161511138224044681320273920451564656110532849234169810788727593740205722861649089842379610870927290253630473703375573234560379126743456948807297242941812163117710477173486516
624 4337349356645972478295275305405989618931377335901267253208849513710112400273086244947097046184756019240754138036628530535018963120784545297115041330838155912330537464861119583560938377673460569619034746870949046978515854437478140026311411834509074158
625 10906610400612464632311340861869483466766341414474380738862652843088669182638970846172475796218792855628275910644655277903914724282767196757036791966132088517723658612707605323495137123777699981851886012531586315826388560202325701085789353338100397985
626 27425540497096135203197263131002639562337176195943464109660370622981367152255933852658112935164366731760436528063223370210889806799254134824619302673786440691761414783805769795795471193548771981077886739420335876288797339779644673185753587409734223968
627 68963705856369665141408925572258240070836652634721183467936041998212906171572038831210570092372059801474319460915151562875895698956485877144217122899165816051997736689616412152261637975398805659879055725450196616171420032805003771082798853224136729750
628 173414730912867463131153801588873000342275416919437248072112512808512717687026365326054576328844549365884019566668298454957410739648627286257645467567050451034928160090074673232583081983536243973376935977026418302849336966769846110574337771135382495638
629 436065152302203915317472241911227508906895967786904373375157723085705465312305880619410177112243350306744367496480725624356344907502069245692518671036346571145966028671784439652298237896808158452951371727817007749773309517771505669271392161349662238632
630 1096520555383999726912407431736820734261195840841214327676888258406250652419687562587760004754730218841232024970770729582253653984737327177321183518974177411720456488299166150771495584276024663457348598449926671761629414119101007098392969591465247240952
631 2757288267663204379029094956019029499963906722597283121010031690208022361184819890463074952113533369842867761794502332999821625186901855105050230813573832133753173978996189773519976772952608734508627234201517319933222693312436542328662730977275067296794
632 6933420950171538593588055009922864829295550225577036802622053167720827125496586427920000287537132826313622660890309177275013910310950077827011920865520840923955670605858758318855366430508476910597686068786368241537718211577661757610359760240585913477998
633 17434639183743667670570873961975721944695814924489610335552146110873628701694249445836274513295862782051974336853756350371488759088846146654359711159772519632567469449730208177681813637121536892035378874682040705488008774920459310995705795206317093693900
634 43840788789812289596478094055139891744618671730189429910912064234354040412138674888053313285454335139101833120520171675414567989200048168173666497938667043962170569910250095076946579090852547309969421305407942184265729784566710946820949886187595696111578
635 110241155062448769967453724943688342184069760002296483752330205608677744154313595089793980330734046958679148733925592962005575254418591959055395593155229298556962471367265813123353086506187696755386817481852502847499637817639397010416042155271664348664324
636 277210164437712191419027792104238390124826796920251119099029297264919583646110561381633482269467496273410346904508658486957331718626237065079159171375910722734241126448274648855259051786738349501115505563780835846084710462038087330475525369203871143949180
637 697067036571346280878402257998872005659535969601799031376844587582605716888254342741589907751982442543247422327376759961179472932434584804379418229708718067346990945260174449850822353765403292010687280569196177514594153940156477958585505841112796759041718
638 1752830580581177026384304840208832756590543031127223206297793784743666147755903575547407999605320187275249654924611308299403854617116519087461798179346075638888906466567573374856620738596777059685771879655689555179108117471711691376628085633483935261700278
639 4407632097097562253195623026085076234195300009460475810147089575445385806057523299172393007383726793808966751729491045109637507859097004959815381605519881420883426767390307191287657994041704659869107509233351662427834791292509335094804367728763927192863158
640 11083341949068044402746022754964703911999943357435854984211139105782184840447283039019073197839862352791471822476288658885583639033609270066121673148886860743282030381688913414172410898817869829643083225296750918399001394751049483722363918116450820737927176
641 27869946051273703353853492102049455315629052374370030031108070685191388656129121888035572016064205319039761122007765367129387846418316720381351204114980092691769427952357575500140347740215967477111795568035146982862923095378733901311957262589202695807064864
642 70081199016531223752286221627065097445178892177948293850527728115828383804485559122252992404546500950370875991072140452564335410671339519646345733343085124152396755567748357487237749909321613158469992668378356681453662893114952248445518320519639559169152564
643 176224756465583430863011939039495620788739884090928515056621864229774819276827949800365461897270561144720807761330964897910031265363987008950786059337592820711726573297472275900554484708618645512499475901446819041829428903538774547997209224315133684353505728
644 443131185355842562610679291987269727719841855053623085666578545168357402478996020480508172927291764084795033954378773911647020730051336265274561680026676884526199588066784969405692863922193091587174372841434090289841543129507424029479631847730858520234760466
645 1114288658263653725965174747110531246010091411836449562980592804533798722702008231477391038334268269770343454102850291633563393160692372947304571382814932494522540783658654099664358807041483722358997377166230753941185563020877952506608252609983255891551062284
646 2801967577474725354555533250964804022243702233579339625529097268995119991473354375131233756390274649387039758489790530704830360534440144831076130639312233296766301605123758044002187807323356900596394926745795814847370519047504200758569434747627670733295591986
647 7045770633126140419168222196103833126118394995708697625787701252528833511155261574325102079063727046352264824505711975305194165401288856456851820785874671897905055086530475753872378417622948332105314490708222755096672162847669132514035026460827213328801502978
648 17717151409497538460077501192891037419583012740373165363413650952458679280105403088509959558827027034766353083353143320199069546273285907053135034711258117053420931101994259103658127938281410044114364079076693302716257615205115365734438694478207931923430565151
649 44551188281839845151104773218190511996211923564671630249229969651520541622304027751117805103078536887570290230493281130048421553506841281241075494688680063611490723499677805441754420515885119390357391671539640212681262580988578886331085831069002800516406421380
650 112027511164123050729317147521503009837259370341787092751168325052264641672378884844586384386732530719755460932829357055007575514512444633324081349366600794400069116154289570553743059899781173675685170730466987300173437348128953138633833017232847357086978441860
651 281702099127700899287090994035710300552297951210257174582269794117713211967600931427221953721496373080813421138396483615739463167717512600439303964768361752911376845500162068347012394475654645757467694661243047640064235861881265968003903800981761249054975389110
652 708362364104424595708283574947552219132776991518001334762485553030396846078703634884975926842142712991954888504671704172803368711989649892498800733461517132689280128293220476885215008548650078370364994961838099589321504723333771950526608906422273644141061612164
653 1781233581266798699977370913940055726934980042077244411428055178124013743832004714850317868688470004213776586085108383705341292648216726782303317477764024980054875624991103142315966818895755582713686696271598515843012976835996269903284097308849953347461570521058
654 4479053704446700102156075365536076429958730623295568482975221701129985817540675697262244869325749497881629104349644234276321375624351986229184857948945764232035977602582644586668890817936897317882683563890839869940187133590639198677078907469930052332207574979784
655 11262937269041285882410803899207768171192400223307494610422627305932237576337676416836928367903090749326940468004097960196689275088299429585736418958708612988824207581956414036979839157150344298192783367655289698728443346757325101958602786386663264326838293420644
656 28321552787014303333122108029811355650759187745631105971985482641338627141131828953780028114852305252718128852025371830472833060662544046643079162897100426900585557489265055047095783222027273432881023180192883608160560112197602157523584055340231728822599200192776
657 71216800121263057009184490141354135842079498067663087008826952108408645097342279905470608254364846366301864109516746947752042089019890347618372931649490018960485054696641031357479304772426056928795055694914084462561053789439353312106243535911825288893327783138080
658 179080315887108295582111274204852543874711156321746788957122008955125192617707096704248338584447118453362240084365063100665852374614490685870196229395948918847449660405069470359905244905506694864099332197238374060036740214898564435575401436729571736479951494215260
659 450311716949095106864875271324737449294509759890574748207740247630443162489514485399991967027137178987443020405479474426914553467554695489692253673173157301886650687225766533691769401563186159938935892407648006105713484817964629649032543979912427348484913138005456
660 1132344676840274672604744938976751721488055574864102156080095940443236001637618866652949370175091226105329314612289161243845566072821155913304868134192247108988504209539140148874595316361588583452506659065848295545957688220433282628499660333277070056059891292712296
661 2847370874236992573254349217388844339328407432914456078285707127436966013840473993695898919563261623754319904200738107779577217877481556100954820466537258183473822800009527472219106834101204773428659948116068309502934887745963414053474773560936750775034452783278574
662 7159940838929522579954099407016584211151843692478593673649509482648248296218500136206985189641120935351655131265082744866845575639073161193852338882593453834935481345678250628807221834090737171345874947866171514257134383471976098151866459598633476618759094581810748
663 18004241484948168394436696522678770753485156202119703078585071702428111794686354903678772929758332566170564079720388701428479782369652566012257841532248924711250578878234911072485538714910208935951063942682229516990992370146856319962716205711568356249657502163445572
664 45273099141527607664600964273280135143710640353166816348139985757244612146214823640677505808846194438564212558412236352656209380277791626104381481877179152310932274773088551011457456927975593849197788101252044003427822928446493069154887353015734676835899145072626484
665 113842813516588891825883481947476251451077108935243948739744557697103213502414758429225038996700513818091453869294565455616273043573321718159484678140448243476821411554265775168520683157745613377693891531853643795933574608095991869559720663982219396239579307296490234
666 286266821470696673324472891966592561836210239962823965712952485624958746443926146436413748652642401760164660634229836269849139172913097724863556142390997362309718772345250646870935284067204583802222130950556557180203087637571690165017868129636830991191640586491952462
667 719840721988080187497948154574266675070187787912562207343256419849479712616448725132972050338237664217012847624770845032083176545927638343489399537801384209205159833955008780799047936967628364985839834257882931992943599334962487170200447058904685388325739546538698254
668 1810096826346193981623316461106335020917680293140712286346947531618703392131128688790741779450154238142821101697254774395477844952905277318233605960210004360552058022290134972502425182971685699697773512538153113029399095207413382467976005486016156772520144685129036298
669 4551632632979630372059616457136635521789304535344930042893305774331429341835540809488894396598777473682531013505999300044861795643738086468494492994095764878972524153776381361517421252185848320115676618299054390731388103820640286822629560596223364239386959819061838272
670 11445442765304721417221442733742269133567825172212092901341769574561026179807375516048137117765028485903620681355698688589191156634832754205314580425952402032550121011927756936928589490155649336939169013783528426298511170295354088328518104638856288110825695774923766608
671 28780477392814323800830021638016458670875474753241284102350352749769209489127937892551429089066035045853579050778955856038815071782255298292234990732820253876906806508840205207717464158838664562506968312785416666783421144349077569417305266468460664003964714460418700364
672 72370802593082858652708272834721296333681628726251595150000897713056554718817037591665676579357678679429074504230892668947154559095048968543559207279537076885978862683306199592189916024415893245351705601936157510426203721049957344019819676063991625663128292277595948080
673 181982147011732105614815373916464737461519271338820031710347662671614852597864204802816286553211405234470730268322521193973324275404879098071018325209518076061777490940991779004145817292658026183076553322546821317216530098371395506778996697078447384197918358718164917292
674 457608602425047859315547174635414428617949219707356160748026182927953615700486901636173642157060465239816878696910723505114787891321246352168150251747605920908197956082647378946329206055627574642267173770635337164695575866954393862860982142774108058600464834799542964912
675 1150693276521819816199960426150976527426000726472430919189534883245107372984562063462323625557793058948116950583927632115643228554434746566074216132328670342852067752182147102343957750367105146427868046811436869577175321305776224505424246687985080047044517416775108722038
676 2893509889489885724232856943993817334306867590556232453271151246219058298871310778296769174794567673968826155851196138126012418875680951487091744771902014184118395123333191909300805464558444900375157257146485765173865459187936943311777243097228786958775525926769805846611
677 7275961067473057893690625949561204575142774502677581006660034439834976953225016493311487189907555252322395927133414989814875588253997868325658776397951683269951629660661139996233805815035799418616334068518726314052182727308448087990233295603518650129400805336276763241102
678 18295983589921900194889040680924477146540273284408531169258714190128209263302401602483627715592389494221320200753398646946555603230611865729409600611954524542803331200379377779394990305994018101417577706821696338236753006836486380669102176927955120255239102437532205193228
679 46006707899956885002918061213110567214389303035615038273568215304639731575242013901097247704562472972850077750052370384134690333674459177084916362136489415873588085045479129009392994122541683213216972151471496346262215396377094528580247573970405322818214139908432586811972
680 115687531167106300704995586018555800893443829394945940445582919560740538079440366306752901124379205451699396184267039766558409865971951625243359039426815905296791163623018888236632221270595641086075030581547996383873858008122364957782799992342422072367384185406892261833946
681 290905510923391545353065679764718092399456999352274295573175990179292552079329552753862418485926232573202238409618107592739445562040172099277443798508884182629526778238333691502224386873423672701416949787169430255384055792721136381571142332112238305037578036719450742656776
682 731505076060101676010056181647163680720979266276921471637631711209551684878435910800437545809170121203101222076924516776157194706682329050413880087566521605723369515701703953488659698431668042285784821304955817471895111175888097080080508914622510285271267856276481353277002
683 1839427773654693180882627521285877883448860844003665326474376530858768415821583411921765237488883457437109661685206696655225218642519017008449327508613543653011253871230519454082235970457454856694687369008259180492538451770343344364574698035552076519777286659361696837370396
684 4625387636017262058925520620584222164674429179376180921152523683424587608035962576388450904786399045602138595790090185288573125922031307083959167884878748376551111704371198778141487231278032570398599245822491410494971769092840236981791595305797482966488021759884821564456470
685 11630905594577363893914038736398556956603618872531243012980562011486085134862176017567310658009993779943592726283071596608707463638026894748570421597850538829600250218427713000726679628501161599100795900849390637072258927075680003230476593481718450104909494645010309212755344
686 29246838447999466671003924395506388717790743144641169866818150179795507728317190413569348770426165356877819741724043407805632694987567316393510017286245900422147017249398489188652391943996947234189429424648036906629555655564060303383693157627877637723584732185966969689773256
687 73543504609149223581669872391098535067324361817214284764900761041671804288313748674116674589379230490832583581102121276928073435451369450455672977665025670000969035687183356783192888419780044084947989347220624748376187766996479633901789748261270420295940167708952821963750960
688 184930999629668133293133903824668288953955480713865599100709644511262260082535774680997396288776668789704907161177778963513036750617057011853828439012070883807154028100062323400465827219609698398949025304691220286434081102959259410510524833917709268507924394471922112327216512
689 465023727190908294059727306306814675735184505740723542458366636228564330910375107560399769415694473524611533577925332946949120584802721800942151325411950071393957521567144645140084819424113432734529891441484235557113303224823453502679199384848192346104102759893174849505960816
690 1169339198314873493355013883402209384241442066084636673364123181519686482427231492294183067554285733163514416456902383688098976035711131794217378058162472354265694324107569127996999572893361475688962523917536207828798595934336771677088221819738004585079334205217754186074368198
691 2940396544872053275339487655947399667366646585305176224602923800328857839913716068243164422061388341278292921971492864316697664292311960473802400097555066054751142222404315174093952313435784640636790348517779779687235176462413541248272389109838953030952575309739378291506368288
692 7393861296666613475554462274847562983163530320710250840061590530945570413420758179604477223620023124650852033627162618524673722819147535889429962136161477377495036253246732576727324926626921949966253013560235178835230622946304738782411800152811220124704728588277168574802123686
693 18592453106260651740557311155859523507155448516750329686795420191688521002549782109872861403163989329817382071135136960978534153620006508841473438037786422784600064670076448810813740964413478971979776295217418819591147699634184645456077508610187857700905199991422838278910598058
694 46752204110772881949200711927187208902024706172985391313475788002357408515770646982389798712431143344550173812788960577229821359763756852204192735409374870599106772649866727258737967647217729361204827652939078597240425094125852256304408800926373737182739953251201908182470361716
695 117562140763412932325236050836512100450865039985666245416520357269575964786722637261631930492382815102484076938260996890537021012542579279109690281224041751201819035354812612620008783322795208251356236555372161248719512628200924012947497085903017460356467881486405207147754219996
696 295619366054483923380558864026305140167538264246184171178013609792135184457555836654049728184626297446966051380197527012958217873501766398941469867347156966137388453322406475296468698183376552846221758822549851939539924765314110197240120368046902017049326293477377624789042146374
697 743358440216939868244551602997341203835573312382345639954933640185949920583663264281595088834541603114390717569212476896118695248197186573913941643140590431743830548070451379773272856637719889569404167438975572553112227592251234543857016369295957287239103145876015575916073875028
698 1869234001874960255387067517443091474568226105588662468741801943371997916472668846990501131090280301340020976619216937438278079447283285407003291590721048657317612451688655002786458594618109202691261057100807728550577203002407251580895327959593837804046377286364791896041876216386
699 4700337770760749367234101927065274999706153512177405682517349574030211407709250987160630126966373812888329632353515086808378545789829672034850903049909598597875356978480277704328931306880856857424032499435604156581307079669731700584992389532563975564686628806061932865235393571144
700 11819373677709304977297554579098564634835586485600239462945353021314328125792044120788913153995171419495918379762408845928275199919952472556228067257745229510199671971126708398614330741174280680158907478934837260186419448615702868671395466103506786456580207004306652581278226229550
