2 1
3 5
4 19
5 62
6 185
7 523
8 1424
9 3776
10 9832
11 25283
12 64467
13 163464
14 413009
15 1041213
16 2621513
17 6595461
18 16587088
19 41707630
20 104864915
21 263656942
22 662908846
23 1666778690
24 4190943841
25 10537903718
26 26497405180
27 66628114203
28 167538776930
29 421284722024
30 1059345973152
31 2663796823018
32 6698308429455
33 16843396962403
34 42354011161001
35 106502453286343
36 267808775741886
37 673426303457463
38 1693383780607793
39 4258147938441025
40 10707451454477855
41 26924738456411505
42 67704397732208278
43 170248098097032358
44 428102398563630397
45 1076497572023999791
46 2706938874090882266
47 6806813379450705443
48 17116274348211680799
49 43040235032558952383
50 108228098847922871270
51 272148174211246851428
52 684338258921714239839
53 1720823055312797859831
54 4327146625463799373133
55 10880954820264018313240
56 27361027496704253975370
57 68801482778394128131801
58 173006808062614112476483
59 435039397805812052958167
60 1093941214006508259601645
61 2750802308338966810997731
62 6917111488881237482180178
63 17393627744376810535750556
64 43737662259209032490809206
65 109981835187842577651177129
66 276558083959763716315786237
67 695427328275311280151845613
68 1748707403478046882870258787
69 4397264039885893755173586125
70 11057270643456969180794493399
71 27804387676894690244018978065
72 69916347262831888135579895024
73 175810223601473245539465504559
74 442088809454032163636930142481
75 1111667521039691307909964642566
76 2795376519167536291950724559343
77 7029196892075264486829325545369
78 17675475417628087842518521999109
79 44446390681046468147969717171969
80 111763989250440694051354332399304
81 281039452287839275471315214903574
82 706696085849827985340812176103799
83 1777043591886752280661486565222341
84 4468517642443567313545337805945178
85 11236443502001564015830701155132966
86 28254932099726553495923848282517626
87 71049277097148070824677448673201593
88 178659065900787745834396453768484856
89 449252450308509259301094117156333096
90 1129681066508417694158664499592866423
91 2840673013917279948645513963304281318
92 7143098535712030137031400462605045005
93 17961890172121428672364085064795311741
94 45166603392401947838445213366508130185
95 113575021473677891654566096975978889519
96 285593437050799973147902914738716341745
97 718147443233302858525577629077525300529
98 1805838942058018587724454714409149100806
99 4540925843822593453741401449117869797223
100 11418519691239134884069615772975460881630
101 28712777178818360566682954181651768669248
102 72200565013082375665835128005769559418445
103 181554071058439714435323045545091135393916
104 456532171346864830793737720653529530419368
105 1147986504844582339843099606262042020808106
106 2886703496529676880429762988262384286993454
107 7258845850287077249872168821386974558815610
108 18252946013185469882042065195949486011851429
109 45898486485573588586863829380666151897834393
110 115415399801466298822310203488369524603720306
111 290221214930892277178286170986349071788342760
112 729784359286975224703167899753721143882931400
113 1835100894284108712907789601453981081870536598
114 4614507353230471547545911230193886428597285246
115 11603546256962056342629312213123405798934859592
116 29178041214562008688818289725712892158680582957
117 73370508486392218688887757415423452892159183908
118 184495987100913423011526883813672823096526247890
119 463929853541269489238850994992772252253111602603
120 1166588565902516421745107989902284719468683683059
121 2933479860600147140434524019783096331943306051659
122 7376468743193342139558193988735467046082352156206
123 18548718145341691350045989685635937961915998617674
124 46642229068320232391779758838590767916143830575797
125 117285599760326800676921544977751748699007960695105
126 294923981677425731910857433540602349186981836174697
127 741609840817718049199088954111299926392348371420456
128 1864837009420378493842809421942302004224102897663578
129 4689281183040169701964329129827472140583583089233422
130 11791571007296375832495030366076321717197830905946749
131 29650844424298068758573924089572359975595253041646226
132 74559409813155040724136934494122339557236698156137684
133 187485574175771628688681570833624944135628834137328977
134 471447408343310887770402645540264573851447265953120000
135 1185492056179472512166578444425509585575040932663623863
136 2981014192448840406084305483270996863520780022725761945
137 7495997606445442586364113692296071974711918404958509892
138 18849282991731387411584452993636722798127865524817110169
139 47398023312717299256644435773060664911753356104568217967
140 119186104582248370287279987170652657751865961600554534926
141 299702952415723080055599528045130931938715412730642283952
142 753626943354932662403520396120228727028004716175602226855
143 1895054970838861788889565036395195964434881824700673227782
144 4765266653702600604340167056679989333442326129172764780710
145 11982642525054668955477214291499541452073678173303448941497
146 30131308973378085759799021745913911554908890496039379175908
147 75767576187877024076832587584548137564997632541420854758187
148 190523604748066288869999994481527790098939722415122740717915
149 479086778177884286199411028386007223893141317983904369684851
150 1204701860057551994700956899839111135095407160190855945486083
151 3029318774243561742174457027994861347023510325342777374021261
152 7617463324532523908915981496998747059050676915899367667579986
153 19154718213862274478445395091175884171148426427116506135033519
154 48166064504811205801390520203156983998617419661620753550513723
155 121117405329548060442514226991580156180818390791391415816304573
156 304559361961090658478603315053064556795928469018924555011424316
157 765838771940052328877086955254383719544769936310519020748288642
158 1925762586413540085145775868523442149611590527526764082897159241
159 4842483398738740072494985449235129307209183930770386637629777241
160 12176810180289119169113191557979686575138309550926529159399092558
161 30619559006730297445424193971640517041687876191933824804535041517
162 76995319782867606186130144261405045074001700559469897354928439990
163 193610863799932097551684592611341025982477295167333908361415859198
164 486849936945086394519475329586336314759075098402870920287888952887
165 1224222941065757106553052714744828071682138482953460337138259792649
166 3078406087173301976079461776137887197348501957343284690338174565083
167 7740897282398353845028473359577515404671856442134471070291921805964
168 19465102731675075182723929922665529341374988379312277410524690932587
169 48946551095078389272649232593603688490927209663260464938917054992303
170 123080001021754238278396220975093890962273271699889726663013452275472
171 309494465137876397143536386491324429984857299823755944392964780670498
172 778248481928838996706397867456865802698412107259104530554709303240630
173 1956967790537781572727260462341727799854572824547198349139756795321256
174 4920951369812638283680821182909185640422056385852832106224563439954443
175 12374124143048008556161036017929176299507847957671427042075607544249383
176 31115720680936846353760349014077569178350336446323576818217040098301403
177 78242957828900183993661613371436139427749783912864285846943562529087185
178 196748149033414250589061751499440067326385069156988663451415852180218101
179 494738890530241942658418101262985510631173212230064982995980372945776976
180 1244060343162493368673824982949064947633799176691648176840874737567803863
181 3128288814673192201794888030136052768458866151198359615036662595745743603
182 7866331373550727500003825136552328497383255319529961325340397954084771452
183 19780516743935262983784324679482147744100904724053901765960168171466972585
184 49739684749701973435590850977266589184199971187237374663938203254398496217
185 125074398764545845534934109034683684274335526799728746899254121499089670493
186 314509537103697858252167955150168900485606804191321871901786851453173666271
187 790859279806680524701526757130176959044491919015626145694706637086570745939
188 1988678646174470955989491000850461177995829920408682063399242632996464756313
189 5000690841886634465186850710759825604091289394491578242989458681174896573770
190 12574635396338915745423664283313041610567209275796773080242824568400189918811
191 31619922196830773419774031834656379430923904652900387353187502525190674209584
192 79510812697179850530093540183528297050484194050157319065452386490501393171984
193 199936271076582847571954191130661405960711646960478346042320071981791602060438
194 502755677322194759744336427463075808969209238707387587372307730178534634363092
195 1264219192038853783286731678022398309452710280945911041098278237556993976232483
196 3178979845701715693225971656415644027114432750268072804053835250581598929953533
197 7993798008302277712464164800746328124197876946312785447749160742035574505085427
198 20101041748955236163246805755281274920815549046564086975185191155881279283422045
199 50545670402679325478631696412793861707390177305758582518302131358788211689599896
200 127101113880781000441200922182928006747829998739002236662788705286627019276568077
201 319605873678924091309849210684730689703255466373027677202147783231790273868285092
202 803674424017099048171070295514028724455045328621257693824949358450620506522466281
203 2020903346939359724888788209497103133800600961476436004268562350270609958558606393
204 5081722418460107077773477361281569902348006340936490283934143456151294746373339747
205 12778395749301970482378150174554141582639671835775599242022057983153118017556375059
206 32132293832621215762024327220190351791845888807057893476627721160891833603511765078
207 80799211982639342969615272448529138768355773926285648147711210557726219822357866085
208 203176053692987187220077194655065472708518934248676252914965471286550849060826139120
209 510902368739997281629827521693229839863174603313109213763143408111687468780201472306
210 1284704696443021548152660113742610339784709604475736141800305102461278407292217906167
211 3230492278071024009775947252401702074097493447401266794389417083723537794610853019970
212 8123330122144820141145414501135647632940033793685210168384722044915560658060413914210
213 20426760565652275511055354464657847752253553267856376059703662116652161567987417983349
214 51364716308773967752479838885809561737508266222835308152958218056177366988605631442967
215 129160670043648797078802033269731165937345974859534938682388932410636405337604414935807
216 324784791681496437350713301737862152820215095261815788884632081967152925323377297902942
217 816697225803684557573941276928641049491537009607924108604854816729563051039178095980832
218 2053650219218175193358091221494300826652859417227863644930207613079595809195377781338695
219 5164067036893113107443713533467688631857423248336799574236748499679481477521184609296942
220 12985457850596568623617017032989025784942313543920254189236990143493080745683059999410630
221 32652967977555367706091088794274814648854785535061416944752809960968059546629147384439715
222 82108488588584724592490778836642153285542882688958602160449020602618558642730147271717488
223 206468333994504076188304330785108249031170933121420171275370675353357881077141424898981604
224 519181069768134575447723585337458930582291388656825865646317024804884180694264641094842300
225 1305522149526133493632626910746946169746806340060627418265134737143692740339237185886133427
226 3282839421831217798624574683174542603301557508478096371441668347112457796703002120796388166
227 8254961184259396879476447731038850244204605696341034199844104758665702242457603190807999395
228 20757757354947726767218617390000464054905595795224433469578348822125440455776017238458267442
229 52197034097325526333783910169219201833368120266750525449932113450787524582345271841772806197
230 131253599411978706678187924037087800062436094638869301785287111255163518104246514350010240065
231 330047629267174795062801551335989158216847889521318225353669374468949232042994681784618583023
232 829931050065671233223355816140628067670328732175461523521315229799522591431541934230355197924
233 2086927724318035334337978113551936177170604453442282596312279741236960436716926654793073199478
234 5247745973816292015150899221613089206144886114467564664109317386742782908733489680726439202563
235 13195875202005006484122403030957339378053282155240647540301501067949265880218981012049357958015
236 33182079166125902797000058216627559601615597864779359920380625624101775103555237078956501939086
237 83438980812712671847072006923949266547862341555484240068733552979495190543909791874266313866835
238 209813962657635148134479423240494714703302720620696872850756342709286512247069087585804327309815
239 527593919500421175164554290236371121769295650642616541798368369852218054384372159750799188943502
240 1326676930209951993740571418329321284192741306780600982424821345642747410109570669021184014939794
241 3336034802709466741766213346753266119022150100006505251432936709121834681273409115957212059519966
242 8388725206164217467258324101771850208379279620341994789738778456545082818447452625644649724705979
243 21094117641512937051242533576620783265267252678033498712828321477698798574283469759547547320831631
244 53042838826931620107665283280125217722374526949040672656158564530271648981941367967933484693673547
245 133380442767742542794424122493576542187080792254457988076050552667281202748645983696436529503151578
246 335395746275297263412376448539892434514711402105876257010941391215753494151935300820556579340330925
247 843379316227377604304714984211403161891400950294233443746566320132997963994375536660031854489430713
248 2120744460653725305213716385757232884033489206586363866058965200235962957505535602964553358601073841
249 5332780850628432183552625827040932109775003309694792779243886699146255568620198567370437413887029355
250 13409702172256549515144193521680818870342815243643116439158226223266435218999743228058605656119875737
251 33719764112832695492196753876178721337234021557881214350676197395874193524142417733692442687579327787
252 84791032434521592105128659325095134655033033531575292332917069341559496677685010085013874862111164427
253 213213804143309081075655361135105240270570467098421679175857360038283607428084612799774967547690583332
254 536143091692711263023952794422915690977228444098671103612946401367400191199915775676632381645471867697
255 1348174504576698737365463407414383038509964923751858706779742967842635325576613228368083197900500668699
256 3390092165604857265500140912352430464605755648319965814936965438669250340549659261438951122017217570120
257 8524656750502731799404847439177574793320644818409489617510124459792881086648423134070183675774929363924
258 21435928335867564107371474866413991417770708542469608629215809105971005383157250407905930137579852062472
259 53902349041015819359938567939479240288403305748723654010527809238519679498357706845796284853924435294600
260 135541749655784518835084986125499043190515340862401704796730671989413367123973035662351347554453481562952
261 340830524580142499941567140435695738583219915534157784754003595694854951140675131376379030782144519985220
262 857045499121735182676088657468440853018094126604218358032119291520189955164413006355878813998163723018257
263 2155109165969400565153943771153412464599715232579752942256789379312010905392213968650087931879048344258923
264 5419193639083120350612498635754006400055779612118673767493312231694960881071096594456209846813005077902479
265 13626994011075507247421645057767853725528980348304432658520853352759483604518689765021261665322383491401104
266 34266161747507824449454400980393147289016921997017111252804489850757993443112647800012110011007422895451625
267 86164992804139157849570654227476207463707369178528214954169278304295080191341792267187398735108624788757907
268 216668736920245506672482885804298786544833428764924846709928367391642478699268136145478848395633507990323869
269 544830795324565009010354869923776201606479652761007703614703205196552527650717740261784156172083393963037837
270 1370020427281409472138601041494313047040466421561531200911366345622182974231354045183951151497855330917571970
271 3445025478139871029294817229482316866518748798731295229124351364167150493506851920929430851867728572086397575
272 8662790939974105639713833810161064107341196849711289284148382137432570915596596595821618590133213957669776928
273 21783277756835968241674912136909303020727490029241455653912261404868077493401666418760518291615769981181141425
274 54775786824296031817072165287282350243283604942041831827932395970243283620847674409685999759365350881746983448
275 137738078525815502119024316348098833168792910405290445993064697443978640750351027176287628398125373869281479531
276 346353368447985581572298640482710775927234157691390910129850219144629273259813648695375042237156935631141675906
277 870933129888133862173372926047005631878200100968811302028776926398670272152814302852908742777654849375247451794
278 2190030719596290639553586359308610312277386148983538861487853214990148181477873625341745696575768108946915142365
279 5507006666965917537576676164302769222734737292414462273689010702298779183300826248997116647838741415519083781856
280 13847806863456944314391525608143607348079922427827744399443491902094668078578446865083376686438042460711912644839
281 34821413251212984867728305459485675909644300721523682588968673065035942240024172332396842848134087025399842891062
282 87561216932589209014681615254194416869312261852415060033876713265093648225315053068923280881932155218246120468077
283 220179653691938325369950946123927367659709810202408093746392402227070483183380809345597792384244580281968206457414
284 553659275170016194602015144512182647218308555931749746280328845017881735848090204699812110969490747889483210838244
285 1392220342987174652507978948837333738331358809666513590148948828353497438417270638798961349500689679507702156418197
286 3500848934269411843503005282413177998927729220698657707160234966661507308038060316947905113653924487961346208149367
287 8803163466408406242363948042784131879530582213595596795088251102817928066537415873479015328717588258763191933017248
288 22136255654367489350284294100358458274165975368294742739569493586927221035367790046818564272987647670061386012711305
289 55663377860167906729066103007237263945437214086709321023760304715524849009343160355809364580384270954397196624252130
290 139969996876708153679647519669635823893992307997184524319951054146791755668498306966343633956834597592195571261222315
291 351965704899939625866235380870563559747578436503585395924939672540747829035982883981483353917772520018878569056403740
292 885045796884816073382499685384048161571687440347488455623726739237097361837140161815896916153555380999727758665005575
293 2225518144746986888817995512440423017398737181697368210171652868994291842793630279489830227789744400587756678458945152
294 5596242623863528369558409339670037148960255629405583209905258995417285558178937176459027229416876498604884307245081124
295 14072197784173716187819675115780539407059022011291981126332749946163516954448033010890964759514983761745133426836517437
296 35385662092718585240996261632875468881665613543220493154748669017621457071606150900577720263962386166022113341586833245
297 88980065583521347110408589741040279681255528295159935728422963461519023018217841507794498317343104269125750693897083349
298 223747461627317076523583507731071668896861408079826577386369783150468980319461517425196390785026067725506175661295743281
299 562630812377588598719518817777626451911126225897412957108900420002791260184592803449810560150924396911569348288293567713
300 1414779987823636836960524358010901910679826013157331450899494933965930152818660041610645899231437894141767675081091799837
301 3557576957948313535066915157806529987129021079758936549021022930983210639606662190179712549216831847857573615742391834133
302 8945810599988842974781982798341989892669631220251446494255643886778593932428136580279901372866618623450840964862471862723
303 22494953232726505460606599567959685604862061529091970958302278505182653280671292669998652693192101250056412282073161034035
304 56565351489018084017543691689512584517427721954337456875089022384472738549359145792611415961323579140632376254033575696708
305 142238081403130237541131533182654242115956015155406684793599986018313939631817760483453314546631475879779255545396995156284
306 357668984080676925645337870019406228100832988734054695895406217918492041150006188287792592477434087021953859038523113294472
307 899387146616055443024156959908130602292629947050462774674358292881712379538300397490356146433499311021666580926005336214306
308 2261580610846907091490535447580295576401797676051925982220220752352484087948142721871004912618346055348521198220879493219455
309 5686924567026454456694880486253673908055508032760327290531735530743580350020912364629473164443266487909295101605032025798656
310 14300224752518578029174797252735734369345885856474323705300105516166581138146953712520552293510481848223198707492036120143554
311 35959054065573954183767522888024345546421185691543382977134127835587242146283715185797656964901526367647430455898622577363439
312 90421905366426922700161232281077232122980355910799215264670664261556206448373939864395509915771144386992966592679279624240639
313 227373082595145962995167903439838948815818052091625806257154296712219321169717172413757335915595036592260364310597547950841060
314 571747725059711013519229740510038842719114789940469214344482360508341645172598481932853219308569880883324734684872777874403921
315 1437705190869121688532761309602654797130284058677806922708707563565446586132694327588994416354935311200625713898612965392124895
316 3615224206858276390963934647262183716947291313725532074587093498587600436843698845172213388231035380669541921346413563086567426
317 9090769198623445832361281356369178620058151278149182094846400904189076985891198018489671656914839089211677545686508230829647859
318 22859463174058264753410926718320199469823699960809869381407493749137605887317960750297174420163567530495938775603001918722859352
319 57481940767482355769555973037862284564815166650825102994287406015665399777722140573423784995947985656098464944285266851668162171
320 144542918144553987344423836810524347974470397615655117538216624300155553018021391224281312014058397267584425851160828199668811914
321 363464679633124869056862283128896880920463549007033273329581231486118308726040291427522149699056022021740201039571220419296026683
322 913960884674359527193648352014115235513219151677634633217240736452363554403463220608037869126105735130017017335896678628799136072
323 2298227435903539257664434286338648250956195939292966256242483989745970621433062458397353042138224442486085771545819937170317796196
324 5779075927326646658738258044096927866158489133969546881752379902986425544051246468448063377659468398685665368933629483289204246339
325 14531946687285175799477138274403475079868292595680495857999806143087616718103869416647090829692473840213898250909415018829050899306
326 36541737325778235721036500498824271852313304636194559052291203652157640387724335333134379609182920217639263973549166715924049338137
327 91887108831365501863616473434514628047650130268867644277428486484871092754021022118113580143226700185683658411559179699941734987240
328 231057453402221095456684580869890244191859456879267883404796709685602658800471267331307403426826417192175306222315165799830840080501
329 581012368891683186147960734181227430646130666382732446805570636485998020398614067603286844476825453833476989261253904593927313367637
330 1461001875656785539323757197708208048399703853694817316521567867786193786005570873116873212571801992070192729841436570302805543541453
331 3673805576195195164608409657632149442481690283887565589797972509472028561327934389290106388011079260665304049409396707539775821117540
332 9238076717468603348051463979059387375351486895491301138926717381454502116121145367094061223930034989616489254752603182287578173620284
333 23229879662336580127990204234408845242931070561076456252764800676705480709941500326653695778712223976903748366121692024109635031573596
334 58413382528664051508962633909593569604001057866897038885192586529569913806327150777604690602151502003309678468441258412039813737601087
335 146885102636680032137903583074007926607963277241644979149484345241977007841212327313051095326082924052115985385007224540478862942451902
336 369354289079233460962760242031678823622279130052061638913882008036899432358304423911894567932336036856029772331146233413945449514294119
337 928770776697940069696836339553042698350094418802244972401649411316942688211406927566209953995396910709552370886227111181242009837662528
338 2335468088914076850213655189105639491998800947594353134315978074073105566082111187353400183024185134994143596062094072693799829123315314
339 5872720515311695602248305870287341869686784561748321982107384042332707792105153582719391164190968578364058311070621912385905752972004063
340 14767423461991790493994657799125638509004926638377158478204841403573665031304842541326158513067161557421918851834490312649164001806588688
341 37133862430061706644465917375502113842830529656808250124754814178370144993806702800775892045155189483277832873341724534242798865510765070
342 93376054565226287561438169263266682949048507997121578933952089862456458989350124595824963459998999425374609606110750200996120553970166956
343 234801526035427503044864132248818074937435299105164138076769421758798849545896949167493145995024790749099134951640539003717153800846272084
344 590427137720347450393059363814220649145693476586617860575847605657601340137439340987121268819184950767608474525257649334639391350301928941
345 1484676061705168685248880482541534567894195135107058284004101627080541674884779793407968523096431496131239666725937785904733755088179171691
346 3733336202517857234710963907575885299474160461575518847835794481042730265387906670171700806378271385734049723362938239519790048914077232716
347 9387771218606920638059616731008283142350487020821162312676384108400838701213886714059373462716814829870622077680561420513149852175293455561
348 23606298407699574040229380717598824335865749801169077454863681934557287440161643025639308251962999184576798576031679195085680566448207104036
349 59359917443328206784865136175339533873386636595576401191503443920806015051468632854786178663120102616691366645099815118804277131681541903638
350 149265240065315007033938692808702783182703179766145398591579767236299174368653893256730750220842553892337038674422160286285005616648948592206
351 375339334206912830345353900493830393738452302395388130117500035042664445608116550090662513147187591051959025173243675974005682452537841625843
352 943820649343698181625627869887771806325289765138072123652501208243888279543162034035523442240562395346609822697613531011631661143780400395760
353 2373312192312067511149102288984288113358665296631528746918025664128067986801719317294371228168967678930127038663685856780752642153350217433821
354 5967882527357124763609517897021868737076978435882667920854965509745365496156375409380411408413798046860814158498426574880835692169987577800899
355 15006715920351769091973824147870023484797169422303872965585546137524968117127912175078445777768550449861524412875266335224405573274939238207589
356 37735582374787407260611341590337724716938782901817255088163394998893668453282437543098565980495851623526814366744895906899615956100239108826984
357 94889127289549368428449370147014208681768591623949993851467716736051555103931262191942345698708358915939193622493086946170453358291673125912153
358 238606267907718454315294985540240845162800059248905511189857649806598687824093251486009360226118267169025713221090824703608540937364446437821131
359 599994464182623319968719684416057071554116817234836865635111343158776694984596783814587207175517998750742184251867215280349201957850257165003962
360 1508733866073549883352369079790748431893184290625454350667171581066682258092779680926975445922259923417252846834973870712136057793887507697615208
361 3793831467659005363235917002749181624101532433662755408130300289952677403316710867877733486993658979064579682525330489407005186243823997709769028
362 9539891380881898198942216235437036887776853854436608094178149003649379748008559499149004719248779200493021773606112357089820335264488200085928347
363 23988816671179761609858525597984500676737024861793984242743797728402261986131998841346943001555885081982628050356132745652531892678362733817846891
364 60321790082087326744534595777398759095839828384487828931525583307882699146463620037323374221661141347317909931221086957976958784344946779460860359
365 151683945422742608428425691313650327955432333396356450508396585017740566154704176027496245932698078981567186294180998045917415372696368418358995240
366 381421361463240702654227522481296121766657852041828007375890594040097764588054988618570188387487868525843562562526392927947651115410268763832904626
367 959114391275975847142476240021512790571925368734317636064317644109209346828168241097130197806577872863514697463989528564392291373733425052439691645
368 2411769524453707470918770672773397378108322993681058052983871902988297829811604659177810527248753591976632533525407741782224385442895798792873415939
369 6064586551918375779346764619315726880599444490859623878927232939253526041443422782646155141746317021113946014609060292798282528752882426112830059157
370 15249885891994639551788178884920330653101927453192693618310021362163214382476125137385248555965332141407644306738604361797241693334509220664184346512
371 38347052635483137136798413154520777499234569620662420248622207475508086650273623083187668086277543505992191241252316096337162081427977113052090824533
372 96426717959932070558115714955556059247665741964386716838158006458685606089005768470929078965134204375211337229360526189217050912477351072776034805074
373 242472662108080645911933333537504765457554604698846198563799582544621555662387960627382287992488422232743790622425368695953772402074613699137799033765
374 609716820334064863622637870858598494307995358746740325410183506259384558203213080204997896096416787311304513256927400987218116902562977465843768715944
375 1533181504942503932260373273487461962970072448249588851723686152103244383394049894007856436663950916049056194752587867948840894426400624011086276557379
376 3855307002699775613186722941976391416116182496017818190142833156267718861636536112284402895762441108512252788696270757760956774194549995558845800301859
377 9694476509891972591528155589922054212388990201446918380307428722746984342608252680414932868719968807076513071421811704108329171157133519824621033069817
378 24377533289834861884341522741160790199535545085843021865285043830319631954901437475517140401287598714754355913775961864769292743735095070088294941899064
379 61299248978594812571744570079732880329414917809788764688651197785495663716274638914035952010936110408299809443531638595568338032768937029333736152059102
380 154141843666628497749569238614437549055088027245841865021185152225056998771436025352413539958913263205850166861023983548207616832559743130174915261104349
381 387601942354041436085417252176079551816133762037557887188936113419223132588994119623795832465321483010997508836257432987646193421800173212642010180252238
382 974655954171329234228711919109792515094447807767837537049131224814095921757349426548766740553205409689416437304503339679374693719617247401453425579240562
383 2450850022144424062328135799476414943520978678451346931628285610428943981812676978436608018073981528219641668703482984930063459494097698131719992567592337
384 6162857575884101404209450251579311119137736787573677062933442630815210526370520821021205777260509853200737275593744785421989179794308258380888503758886771
385 15496996208441971954934834650043592457460740602510566885951990640983042038805461819595749974667364362219418553003024150946288930019186384207206420659596374
386 38968431207014030327249584629032082389412501104497204979655875898207091476701328237052436952790045968509874955443919507937326383479219443716411755142283485
387 97989223867046097408350669155701519441898944455779756595864348720841538769781620399242330113556203540489521939080216953379874069061938353165549881394036974
388 246401707655549846257090632505116850213525960536626747168090533603924154293491562559434140436948638869098509334153894963797522101572654923976657070099271067
389 619596718287603271985607145335426579256503082288181550383976367465724130671448308296580345030682361321602893058386954512689069542612771291486115088489733438
390 1558025295220070728459795500820778019169127877706755153894854091156425724209560995525698611610859305270787885403915523860627354575024438113212377945219486780
391 3917778692008537362152649603236675503188585063132500661966498903651647364751194870229975873829759579847044662700606525594929379546163277825823540788740839058
392 9851566548146501323866115439729048048977336179186258793180477550206315567121436120164261680096703092577351777035549181411641230885603504942854865381904090308
393 24772548702285830689075627944312691048242611853472228931575315911543809511585576675962209682034435572704803127678562618341805000187850084603686721251033088830
394 62292546693762379036589148517850115357635248740791355700202311538532379498042094001155368336644765847869309486567176278494572913082445482075997667583517691052
395 156639569881500112411115357776310334595170723323743476056795803483715217223143788742885916499102654435327220514440829513652915145636613580957468192372567580158
396 393882673849939867101796838163322673679767033074491207798732260920876046241960398200754356227418338731855907065616871186057650393258128124945404229544844816682
397 990449353739583428948782598174768110802454803237388991701178194617602125538744614376441247716995401233185823224786882308734370717807901736520804331053946073970
398 2490563783206399170607016710243109641080431787301983355267568339101176843655954251009085942832875307611638445506537520783684728388091434501705449895142800114519
399 6262720991032407713890931741961941046928703122093364482977475797242393231204813636039222449581940055237574859211033603847002695849893579988958668141000903722924
400 15748110719342113724943493924368560409709786149126324583851601651748798271132995681087005069121835917188024139550935311153279982979509090772183240534358512873626
401 39599878644406090078313824087020099408671650408357142242120264417954007525323106685764685644771282392404199271555780369396531126511178347378988532190793470917616
402 99577048739291559162462973043053245210632209991077976893686506884274093780248993555543737410464944403400516073847036554572687904097528578015422979067245219124516
403 250394419757342628144601446612854589873329256985300060116263984092798560529783107573122517779001601757864048701692025584492970397600802005002052540299280120725442
404 629636710862639657789445127768433441970104589756318741830531928391594976113359786613609697006425655699221359510266489739980825642252391386183304403324120342628796
405 1583271656173950808714533220726097091879285115863563509426784844485553309268301828562970638495453671882983440728136731648438715313773840637063642305586760837471903
406 3981262677345178988098263958039118974090770685859344125783128181876231235964565708214058110209367850445011256212869671414119991824413918536192776982454305240352874
407 10011202085386316089373653511418994962605044611830183344541226140943073492518544998257375524895585087672844118092062037780705306781075601611177538473806559924448139
408 25173964974668713713607871848342699980717252596602938940987180135556424753731029351077881933977663020659614496351712085318839876914841480007806306473525960674814098
409 63301939881018055987014094057119808601479103602233830531324745408891967268283893842557298608052003005383751427477756403924695715553271581516473707435401880335467080
410 159177769442843107963163390810270617885806186435620979952330776561400070343007110828613815659048030134016445507743754475188324397815697027319981582214420837119891780
411 400265178798994883498432847122424314851961821433551548900682968910806463224818334106984934632957788003451429345666229634464223000112089795500195958821402228862352797
412 1006498670761432418661341683828709955167331476916467374453095585036870854939727173232900760843541508573436568622323801769287937854545070430535284203567070221969823019
413 2530921069087697029681090317803698097149132000633097203822403629435063261829669868051879778257770009885423347562193060313350870872624574335413155471306913766577296001
414 6364202600591713749811036656484218874475034072586019207267491961568963460176583816219818889327629392165407834118912929548841342727472890476208999452450285200514080031
415 16003294308967993736491998535698982000810766979143987318172191874302041833629272637581654610084389623634979649899075838087741214056755594507051983702462806883210221228
416 40241558104331231209947428651627687914569572073362856149226302957377167512256618957606895886116875676962453610620514550774012531074601823070690581831096880379192975805
417 101190602847114415827074653286504948600028180521584994712115778231545223170614591078582957008880859092812574795429413888282703167231642868728314080748884019986712323959
418 254451830071170887655325717569516019914752852977596961012540531187476229724058826125488829642602142517901312986462005751500428711645181955753172353635366868094006319999
419 639839392244655805425757704490271678036646841762780482999916198427366211357485352161542513536612592173390075345380330593013081125623248030266571640095706740260449363818
420 1608927111090149113789536989010465166297504379752198917222460617048673706125547625366130645209685749863326816895601304354508872478154808002917436310737978799064021469346
421 4045775362031899714070349065007834459500821673614190445741549044725049481454250541727881331906789595306921786328377278053108894122543021625796502930438906921528537343786
422 10173424369071511038392631919353256003729197794067380408516762407537872172676688116091259789400597498577605984048141198768728457681796249368188747556967093506139700726571
423 25581885827007025408598419066108092095445118048797500533076029399095995780104600013539639855589966344551720356720568755963302128490409598906363523875011378517081965851478
424 64327689352621635483777879680754512518786566267602559317010476797884387350208594071109993061250798199578291385638266904043771065408500401682815552398054406669980352008054
425 161757098183856831532455013670547442251363468784976725041149133817020155335581571469361782784663764891152359663277909873449529035484618060141393196035532210104767807060631
426 406751106346019343420895498832061505238819125964263810360152150296911363839959601104506945056443257386736180370648674842389583577890218226181876273717955351984141520587561
427 1022808052142852424655569920389182718873993592875220607795245592202713179107002616507096559000770982998692387854404092245427305846422694946562914611578099915204676605850066
428 2571932307513670524653517051982518175635043648132303103697939736670927361289313153571169699675023622286788356342688164690930994254367867664980524473834839355699018131356186
429 6467328625907923834988127517384584628129627227121533099498654925746117703941426459746196482662313667910923550037586273954491307190522665449405024559422772272411460160214332
430 16262612912982258103130027354891624023936305453641514850821613491668018763106358531803831331711967478995540471996432237996354192681258063294406172517458675088843665603009472
431 40893635387264549294386818198004013001194555445764270411587727389513388844552754418909724436164893582894752303321924335456964204222547058037474984116187359482463171624333029
432 102830303109014288150327782664450354861931702358057787005434667357914883276952033263963215954028157246231335544378549413080875227509317659105446290968665479592614301277034524
433 258574986971806927584216778384506504365623723065335043160964225336532738245451069920541064711659915654587249380655932046340791091545077699560706683241035666397745683043505573
434 650207398655513303500479450270768810513526560082257027154935139388548342020498007344701072647839292927708879792240829696705687568490017770163346620158947937624847584579842908
435 1634998288958495542482027803609725578625286591755839463951982583708559357901987420616666568401707322564034376082424335784645367598447711658729192934063590980060753158999102450
436 4111333415191585282704000901435612919325526298967364067794493790152597519429791205434269909664480389521117856731970233124643533261985873132177555665280316746077498621896875112
437 10338275315039175972413026754766306398040723895676311118362183625776570465170399028333478042891140771766522118779276619090783663385424588851459701529346942261092820282016061894
438 25996416660011467925906386202132440076241058115011826574459432311988547952736709147020057279763398823872719373138208876689899021480950768620893204129038309655196022940081962458
439 65370060147054699508862718331708551493329264048368507758738236326858055251841671708337033490849503907089374700349397440732419439337301473817686240743725004856958058365919714203
440 164378222564911913698368136385066464338117888319507996570037652910394066538866340074244815711838031646920581622244823047935178952095321686180923302765329121175151416313851407219
441 413342132358694686397342440026568108519828231677194822195237724868044576027524121568448029970420517315577931103246474676907482555078964077772154144687970468928900034354739220718
442 1039381711986601029011755813853574241015807586847047298293985378745483638551116058939148536766206725448801027666605725065310122382508180538498452886129681300495871373509414942626
443 2613608095181331084642388451224528271296108621347521297953068222016217572541261512493846576569361697387387059457270551635175872253299000506984317990686092885398716888816216362575
444 6572125713219635259647860494331234514809977501531246791937231961333347261760816844905738750277674052604248093602432733733078666232033138667776493502756346008730226373382640028048
445 16526133535474069506561597714841747305909132078178653333900626385441861692583948256291201517925241874278148298832624201188590965338712428298934819364896569542805033431263353805134
446 41556278980324709446409100067039607116272819435536997558550273421894083360975058187540494368967680703458208630571777199037371733902375829238074787833398720217120042388795993787616
447 104496573199270027209724192836762807089588288671484614766002078392202988859448083378042566965280385416757891765762926978579790274874708536474972310799120480516362719926827126752491
448 262764955821967981851144597796972773409677664096512769568946823453857566724024591788650095877392552320330381807776493149178156413127919825220347202991341805296689007176265834233314
449 660743409034614255759100465945199321629771934792217034131026128054268125073211922570252223822292718406923724965141713998821930771219075874466417216483311407570505538804591157898453
450 1661491926185477809524036004402355338179302057583607133464894649108678786916853995902979290741078519901570246383792364972492250074916932475042197067638298833524767133372736705704751
451 4177953776054862594070980586050123936952027534679495666007177578607117945187569360607575766248343747860020908410129431308209853281565837347151816731635490337521292456317512325749069
452 10505797518333828261479866533014021455925289870971068664717555541833620927149983896019035219548574523878796165915056571484111743847058426418047773401489649022131138019347609864124882
453 26417664582313914752515803269010720675584848057959538916952649853734759375783754461553967461012516436530218013533334569830925471376279569383560797023616633716065945112347818752733862
454 66429321597502640833071245998120036363497758431661541318921473399663726420580015784554629981350438065639110588868840703084834337523730722536161801875174516288488789052305623375071605
455 167041819845753764138253871300962932938764042519134276721229541834762030598738276934861698942849056608527427018587515477116831650929819943459750400909959848488826172985070552296611047
456 420039959860590338093042470608526744058318617769109176884709347858509222954973078601603110978370436382903142333038462361318310602585183870899249025001628059278747223822533990671969370
457 1056223932681078955201505196142999849517402047498125738278410805249555963342622589098338615661903015240780146848158725336695954920241924217729651004412483667857822024567282846234335276
458 2655959200497378351275561083243781656050080041615835775004230071476985782537020050383946243431317146908321729861475457106180628560489760745262539279077617599154259341306183189169922033
459 6678620940543131949956319820664618647537578064022759005973771695647159083626566958110989989300190861418259197135590697460431180013556675991339015207573545934132120478731282783582513893
460 16793924266271972124275335712574545084935035055369920238783029182394037959246366928623989125604864852458101660374479594955642627388272202793357111972302692568085997939953531709069742113
461 42229660100808524047573134746240317716882705384302630216770981442151747329702205440869611596614510171000642182390130233172996870369436842056277633298358694217919175401327641090563641230
462 106189843657410877362358429886313736714232853791611246817432816367290056671077377883774820984372741366760587438183214860078252942757231044758621337046615556144192357673342299368670482904
463 267022819247590173447282898572781353317409261083782621850489901915790704809774923713906105727910568857630640364332912945694303941846905076897081513524779297790084737917079716512581492231
464 671450145731099572228580773165584407864897933281836493004655055990891543196640602843348939182367381557867010149569307523695780071047586043288039744508326245499304919719332890798188892529
465 1688414868334829178015501276963195321828453930409717898203683029643708958719409435445822133781683797045918957749471761416012307685307049078093561589105576985505450482244111067168386751011
466 4245653658336946186041023753488429200766176667628577235181612930897364628610016659825992259910227328577097480331128668017806472893315540180919851623314773727071676850704868673858237118468
467 10676034264213341908092042787375008566173285449037043269363083379840710623825100544378776961581561268264451441869175210282485489046012699617111871422280823077146103792029491782850807247047
468 26845738438142695896588840133618123632061448443711729357518339151112337197896111247195984752274268862805369540870434055058685214451659478189823313819059563728177624244957128187829800340885
469 67505747401446371783414513342752245376245044958109324240071042261133436755530895173077712672589522391485511806559956589798124198679948731892101035966569190675205827931006297108299302690565
470 169748578260496465876647264890850912339267503258266730295956650631895494291439293964550950627219327977829820885337090153620554109387410936473233495994171918920507678659945129917369847286435
471 426846319471199794592507861353836204115622521905210788912597436920221547410279264589811846725848683106746590804956501310725170358640383281597157456775493585473113538776308972560076218612023
472 1073339066006835848195695971092421845120216012836929955129438482781710603086475887445497961357168601984049389208332539998500958817122731793153376196894160733421407085012138640417137321696559
473 2698996566360597089184272817891788144749617834356022828163699073621354489415735055438118119376783051723742956826334701669701917891017471594103917359861047024149954353873212163814228353980300
474 6786841824668943100338331733877759488140017884919174651722873427348479433614338316940503255924225457949099795901028920515066651907798500740861291976215181289062903467703987810588071928036384
475 17066054298537295543576110629402831733563923142940583397352296563963859229294841029814774989409599066003784682690332259089091683831237331262190542367140958598609520191116412856400600717193927
476 42913952740430968094979843385187307835304467472555906007962659474171645405264674865421902619993717600346099202233756025503928360407363871206876137782745822013910978471795694943015853371300500
477 107910551999461518285792961670873719850751424960444415867052114115358148925544050791869484089708989211482566707661069333873694724690956309581960502657366802900802670049945645934744337018711182
478 271349677417563032633527393333400640992660972503988533583036933875282324384656220614554289921596457453454922269043433609919913505820687615912062369296189717629013751973801012102607463205393142
479 682330375207263694369316731190826257935793123962325854236433886889835928667238278568626838074818446380370357757752010896496454952930038440302227796242891522711327710649030331465770159364461772
480 1715774071896320808495958536262654997451663526279566346535284107724170927673270285037494756778078660742117100111552904216070842271607940187144352911844889254470450905693655890385627464060957581
481 4314450554685407469505941290680700731458681609842420307332186290507961558463902955074453619943073330011685832346231815182702604567035618472268231379442621513935275681614577422815468401699594605
482 10849029539333217526766896974492576374637921945380743225018560187908629135231935269312815411133155571893224157026235245346077900039109339391320828688353167694566845733490771196627853398197814352
483 27280748835446335509722887236463226718967250928217631658787802088195735976849936677864250523224529849944321143656253784721824678949948333599034952215382267996032063325616809133891530977162586285
484 68599615691381702377826013731173331285841411343868435441328249574422842205521083323748529080790779397714246746156603553206661430422870673760338558075837044923614192986744972262655193980005924050
485 172499197195452283970581686019295417557280157201434886663356354974979606968914565340079691476777364747275643330369251801141970102835559155882747342921218309118911273169698718598655153409946757350
486 433762969853107085020541587561836399959194671579844025959370230457571482506810756979840805870243955614145602176232983561918794809263798752013588290995955068871201805350004234556886206092383540889
487 1090731534261005958796622134356793857192085461876823735996836555046569112481727073397368018247997688563846998370257534078452244153107112720598996458898773797287099688261598511304527758941280967649
488 2742731312989340268675600686583054495761368809821728263949908979506269586155814588187629239078702746885003017028962841234213430367396462535051811171938262482790011631628491649578897712111793030261
489 6896816328271774576577104960466829709370333530015037176485111771923679980009063808141909062583162390485439268749390719763424769029748726655926621665814132120384546145090004385429699218304560881195
490 17342593946642643537193522246961576951276362672880427376001785602113661678736277963530949592729749952457167875236669790670296470416090470917262738975379397491983556252258641770477341202673538392816
491 43609333710282063139731654872044609159529344026390442657506927162483171051531974144812840286698342492047351240159513087903105856264846374407252375848148991304204426037966822111986513254664698262670
492 109659142830989730181926894363934611414095256753193049754161077140050681494014568160158686018599791692403306431954125638439674692241814129438154438303453168486529081401116276066280711578090983798224
493 275746648327996854650161787121584765703793476557770581062117821251164948321536121841840808118683767738158084234543424893130707706285480801533825770966460658362450111862570958552520579144624540325645
494 693386908753367506191060295827783440577944924349305728504437935222947890841700244461582831263516636264395929677297401478982446607872926160123025608834793975241298463771245168122138212499853384768794
495 1743576606083215754418323877753261331693956602389874091830102933553586019181257947192329086062246299541524090937702064167040718402694072286242659257915315992675449327601119717514917820675455113576691
496 4384362241200015956206490920419373475086971246636415315124707079562759540597309283015789815769434390243176314144514225277475187448741820616875422398676943851896356478797711698617504208868252532917761
497 11024828043112083089097513301117224123927474752582606505627164642846220679891560135399022247783116542973477447527453937344768243738871846967831483852596935508008674014079901806262614730544275580152667
498 27722808174473008702960154249223549692777810633046893594191595794007780409503010466945630636848112988000645293255624714696294004569259536042689638914402200205950569497289017323188545560550113261086348
499 69711209106684660667810619404596551642975496066425023918761070565394842211922088584045421455760522052332014033505691901140364493489017659136327499719469497809533464908538895728153256654733541250729277
500 175294387369842737144037780165381300857039275699656197267838751563133087688083883111824596063704966184765234257987738277177364165320754499173769812424815413226318055684650756167360231160777894146077153
501 440791698166399153697733500198209789821424884503715020407544464290542216896284076375136675252656319060881062611308144059386857064993503998462413731036851711615445473850085529498216565381064749587638141
502 1108405831399964269732646329752038640055831269639283642252438020738198658179953006164811897444603003420376429844840452197213962225569769659987146971503483014281685358645251142609141416297535782617560707
503 2787174740794828900363400582057651583407175484391159448587960659060388213573929672308774440892929161283942317851394442087952111920276211068423376238738875886547889637841378010145005833758989666110283428
504 7008572867135650190737310534947054568292577463541268961980925613003434332432443567137704899033921364022762989962874668016240687350211414128089038961865480103498868819907098021105710298976836840460961860
505 17623614664340087237351486280355841698801607548293974493615663343804949415189073042786747927462584027521851849105189174698551650447069953178807594477567446739567511778653222571867815022968955911670351393
506 44315982686512246008504362473753290154386111422431047987514174854454676154830635601776276336012736545260522166433743475221164721068837193395697148327001165172958847702808848785057003362017508375360849526
507 111436067961985891987354565107363122945844598834005197383844791902171082268427344502381079571792465660611407152149410564228183769097303030085471617680403924964017011382871431995455634789306232481803779389
508 280214868091096347415628394454740273882006747639627456340610786363733508488248666077366287209817824779509259428252699406643045730347764392615538088468759682680264732261678467666519587544687043790201366448
509 704622603214034128409243115224606041926276727718653653192769520192760371705929569009455132662529602604257189416072493368204740755528150870741611829243780992024788740734706367351927604317787731770784922912
510 1771829654658849039533510695098342510414018270296199434595305992433835835685585824461540877760770908284448812556120303800879573790182919253014885846664231002241375212490323070074290846843266430294794628152
511 4455406782025820339238166801518900078464764126391921132496250985828376699236580855883956537910298846706980353673558976836246225767461479273904326420275425279704992753065958527160924703148516267102660318301
512 11203475199281362111477095806944965104242904783095754621017490199770966015719882309622092465479742113973310314324720063686078509449263026962201607753135932989336673073597469903870139785654368894366026007979
513 28172030676813102065193121736270380770017754386686232301471112817545431104854012394837669859078986797584871655725922628446433783697568661435916024240319660607354818829355327747626229265914473216392674927346
514 70840814866641324224143002684774808493458292990009389979539722650518996606171579207425279726562330089123985077650012509872275461824277935975003778627300586493938851400964061055956710186431259258605301702787
515 178134871019437925437774609580262342802752194096886705112882767001668448409290183319797283448670465888855736920097928507720490724815155861642177136979663628599282247538491449837128225932956860843493882822783
516 447934320530441575264301980686972545340022956330771640036448290773024473552796423015251652943013681484506664848022601456870971379050777952243604004447198654495748796435648810185074530418601908903421597934314
517 1126366524200498308946155097775022656755610787082910788979703535136489992847111857606689867141249700676403728914283686241942956950699658169103640895153389922326757020610307424078608410474391139865773090589857
518 2832338333301011039907951988616266173417631130955150407474957104906225277136872590039382956609116802557983693352983619111798119081860475672252243940586622840470374993542842083985096912497770623527694210319095
519 7122140317496129717479398287353760509353000821654508091828590052567926605439511749319505656116269841526307941731477828848682040259972936675462144699542874745865810024257339123356311127712457100909655111410436
520 17909189063223757100511877786432770200893630924415975541733187865912118138536146357339730778050263690657286503648887739384257110648292707908466058922418018746864569438206404131422684661791116058272646537020294
521 45034082256758026731330481719101845001878097110075956047469556205663610186469939799185304938987065536119332955984824777752654949125380351430245004501547936729196085677642507729700889441238997776401259873834259
522 113241786523603995752246718575297412270366559004194508612457734460203482812996896549594334029780215086895014067443723305628196850212787123048508859313688049393664114860807115102305042251683749836250517235631194
523 284755491228715209889416771859428718702640050359063064585815253206110179721296384807804431472860880582843874646111787762160454907742955146815351167206050467948249980724191781425310355781994322465135047710754805
524 716040361726415285563699528346448045174667114438065889309336163170104377913377645003602549616155957825832711744574338324985197321668874860658565901977045567850689841578997156500627676124309085761495053558590321
525 1800540517792805778443083429058907247937114832992255531627820261251658760526119281987754938885199797259842275139321600406485254754664904634591885083317974856875403627969525278900825175951855297353462777978318401
526 4527602534020656210405980448998393402067835297766633500494480670564275666156714266123723848900617075881356702878673350683767932387037661690453646856315355629176847575186782882759406934520762660961735013448121410
527 11385017167622093548806173544070777048008391336173708812377134754076054169656092992968342078499822061920642830544425452497455800026502954965945394037426943158862021849099892798419742517179675364797370952692640392
528 28628532414912382051751589322237072989853744790971365744450398227226356667357807655328811922871957010252702985907197914374445682033647560481373166396514399598787973152881443706127619156101892786525381301344994378
529 71988724844661032593173823338103323395840379756633465306980962110111252470417929154725533110466477311290395421838514447535628176749977845094090775317088984317545683932630012735774830313017524962536926242053463419
530 181021382083171563558804534966360273270960382303881797966737646414022240510568201977971743615390180526461633183429546579816259987674178827052690899124196569267758396138112591483672971831737283887231269134374070727
531 455192682493136918782433659939854303390747200408068346974650881321477790608217585290334960046215651353232853097119999363556359809295407920648421280712993760413057584634911122898727049452430411328128397979896755319
532 1144618253439795679685135323234558374929155061114464524847091108066782678051812746201668283874706290427318886323641036615182032867292966557500416774076202002443358299377016907346235778957539703406399729757977812157
533 2878233760111734411214975527881180933505173946610101989392715815342645193080475307241851705635918202748390296197301468227684006263863330854531409087331319830149740875307133388449647596860560646728618527046057972207
534 7237548023501500772230097092766814361998741789776905285984517501907356144475565597403628690138953605763313617415976721320058167257127969966702455493905342679097883430070823175832917844911158812993247477346235638649
535 18199390931491604123295374258787593642221614513291180641087175627746816909428334701095091529616847176393018510573825994280938433628275748953962788343963793293269055835332713014257963570181968705974453054317747190678
536 45763817967319931378467237153118121338792019431409201729929441504072816194239023728761424554371713214981257499620218676386369317296884108103699576121404479545885047667296056312278569260909385220728039325380130934657
537 115076765086794341338013051769767465067744950014157594424369485933167302731345589098737840147738345847014117104395703792611180334672892736194412967183357244289891475691090983477616768795631651955726317238823255357583
538 289369690970667491257286004240492720469459179994762789918638605319639972643234689072817814052398166262665482468789856918399279399488362768197560249121747349851366476761266152674028788914739800888496311178053324109208
539 727643134470318977363622491289464040242894478991896202580768612189162605982664377118373816353491866729279504161314914558748019018097769335748823644688310514735030582313480677997397097532081260894012449788581046673577
540 1829716613947176949273437250455205992138702393957755580017580778498234003979367583114079491965211964275309946272807654279935658195465573674410903510659191466964175550813870022309140276401243527946999653506473099147892
541 4600968151498286429339696641026071883628000913908464150448161079580267452541070364933662296157405210512218376339787487706733958525774253052813543071447933288970127917163630264341522330444933547293091638506303713562201
542 11569500855891936014729214597277473562414911022879197316508609465996269701327714912286485341293817711607077875157863143783680364231686761961100729548705812746054227835254551894990824179221140865746144544050995794866540
543 29092431342063397009065360690494908874826555294995207783568598292961874130656751191335467147997018644873976160275924504124161953565588603004526588513045008032866160945853846701320621069201213122944633348497123712156529
544 73155235643692156319429820577930656990607157402578103066076591579695127190077086301492613275334462770967815223402395613214931244093336722226165709642505453769417312463531103076851815706215304275096237536558946054677593
545 183954666392779938492083451270423116256851730913066414247510093802535053812230198154956530565619273588824461183555058312628428795652880760836387446645922731404717584443579774833374294802036239549364738145681661214047500
546 462568659507787010233020871435478398316055993512995749959648342427711947756657843156760499059339787801762859531967958931126394370777973300717751427800252331456246569112592022653538655665354318638748229526261512161782979
547 1163165735094552198711425377634987736048342134211236775883372855333906577032859200843856359678244810271010693106398022397589864279899340005488434746369124078069848757345878527090841378991322960044959502121779199279031547
548 2924872879925999321583423097289525617535545715308204085141963561182285460066650831658078531111936162652042108391430015646495451766053984990677490371181792549289524606805361477241212385069818705760009706608487931540622426
549 7354825804794872412759045037283451227916492360319693736234385612574764759754309264608660834820113708897776278420579914674160196046381582231792778058163138533479703566998258478745197516342473522611309461066714603904713988
550 18494295253011178070989209505382224794520151803512157396744981347334436753315749763370933485154302765480133664658833319288254082731754722031550517848697728083371324332513785932502133312616013876225590247874547203685650152
551 46505378371104919888508418336439930987909956548867302019692175773749547615568891463905455278503117712214520940661844114319340274672441842560867643413798542602382900742397341175339866715768770425659450625704855949574312609
552 116941477782858564366200962156984901472669141654137312063396793384600638877946038656647287728590879332953464729517266169430186336240041330002365669544564789473740274432934878882394770743166235745321915646614046519555497311
553 294058659557872810178796763093143376510837752262148090146570265947226293693543427108150624932109407840196533984092883934722363762906116097469129145337238719370403082259777485896573345996121047875318629005507969949832199171
554 739433919430492276146562021361017612946081671570491567056949808821925846319867038716858897629246271393941073895370841242891543389183432290157743949936999860730016225838428258552820021796843712611995430263319177074619548758
555 1859365481793380199045127818846108457538579541751493327650505746988610920515845484883957095401822369820708779872491711352429006017940732337273286820101755142321532626244006248884056399442402586178475525872368105006105206320
556 4675522591048399701638781517470638659663000436714170276590910661749547160174749786205912503691985645893237409132486422362674422924370257355643889962141423735942649506711968763841821244530076267918200753389245642913702743287
557 11756973931945438089762330715139331197902737602784737226915243922504993272328029582396244040184641279539824161369808287235197100741047837177989895517753834597643737553062504625707296278324344307589300379064750145764551630187
558 29563847322882862169789942385231310142275144452309055699043240659915605351929461948211389672576331428802332654604029323692679917232565130708281427644203722003074171257197814016755088248912361154475526071694242060079633978872
559 74340648672859908853011917283101041388519940641903463861837908301187663923288333876768505607246216188709891609582836572008635348195519887376712496637774400605066711938325645270950519205925718131854303845635131844554627597002
560 186935481865513791274260943914867619035028201288771178412860892616972283423477908697067256310129943550955815858560641249689409785504778251071363866622882043207777168980800384536637128013016991531726523051639841169724480262084
561 470064157417682307557498081334131919604156540528925707422962056161781546755744767846185514513179953964614460061658809549935047222211206410192959906828236144246071396451953515671091974300215738435654162275876305509697875781579
562 1182013761559510474420832107969867929353270682683619357345200332679857797085680882484127961667494827917386205059585616038159467460191463706811833598726982230511996297123202293651100068114867071387467238490600878305352741632016
563 2972267743602070965527254674812490820643256680051171399783506045332475456555570788575274856217008506005711728692545088069839694905380778329139275112370968410311860907028283059306663013145817540759479881359878718215363276702022
564 7474003964219129564927385389496951836454542294442529866187776684998378768725965250439640086469725878149072739904576858450029301393769082379494592318793599947959031546498941073120295743351864654697796501517157125249032415696495
565 18793978226694349033547916464305314052876687946544862786648136307597009920167846412298297078031573154339997609763854590775199843375852443638205245061497657650328873500334445567400592385590571121202939072473030082767336642527837
566 47258955076345666498922265573223994213510476229519764045243631945683164525603699738780099029241008520595537220379249449060020649978143369256740122815756809797135675200695704163914738879828859604810053817678991321787358525964088
567 118836406425958147053545444416542023799239654651613766196785163021079377287370517601705594504010574783758663294741574336332548161687699439709111099233623912570519331974482834045409870679422542984079323070247468622662751955372838
568 298823608550413762335024512069453561407240448897774639157319364987549593447943664165523290202508817214758224902593983948840745156544662940330373625881327155706159970498504790496397992805221772235670769133144620351459044899890506
569 751415763171256213043958410748490735832197965145464602739487588441552034077915850985622710065959332239440969212421460405511076788281205549408007769910340583770586324118080823760339152163549191154720780671421209401456376431677868
570 1889494782160040959863037714773174955916945177545964004624762890745459046749770679115037571674244040916655577161894042509582924793916179804314709403487026152581753651327066817448799509420933417302349456265088687625549791299331233
571 4751285116434712782339972799748751715336262301713656665290547560190426500476913598868748660544138020719269858959618421719522526809865412737881559001334287276509558583991141144125907537916754638106307214273806598413284501529646387
572 11947484836050706415770378770017814762012258556340586810401667909168698666658915076647173104880815582867438364199647758978736539935288012870804704523624648560014924067756008604005547344010106815154972860688277962380890802512221489
573 30042902164282902523589279632212923601901428575682640621015356436461836132018713408165139709689705981430479064967300926592535128056724308792290106696710555931599649333042254414282914126294246687751903780870709599163218167675767280
574 75545270225346003418089702083694709382971450583676386766836747372686226272566087032919174534979583920968334865115062511555986289935475614580980740125024765477448241893635763935516207957635602454149873131424449122860891604392353699
575 189964598699972916827456769189933517155053964205387141426841517666945623648669183220663757480767393586804515228480701040111286935226268327914815400333582111306487068622391357383251140642195361662114014468700340402882815297502307245
576 477681112948543598966992988878266088845389897396458524644198040618457943713767913949237927326404695962273818950253507556401965183308889596154266560097732001891168482193286899058448223104961093212371623065190597579624997416715369686
577 1201167202885743777208392608344020665047324555625233289478368468515149766304109296543678976988515207181379640545146968522471437513558330497998369756529368737678854671622107459890307960296048473850000959433458244736508611144185099867
578 3020430597271242838539292724793878056125284148324196991909844539983711544454876241261648647717340876853376324653782555319734905888056978548092216781443834905438456735433294350179582121109868168816819544174215934536200839170283279823
579 7595113295646739118792695696424321379178304367186206826751274676966544812889182598421149827418877225641757877813095642788647544865247365090939623869040633398399347094022407412709930921910213235262717562558608435442534695508374367389
580 19098517286185978450376362657374743396555211220932741730689451588625804870708250268784585886594600862769037288463797147265547518572456466191950164277179585002922163203224461302370861314491001800285416439462312676868348615398563742553
581 48024742796109291119995849266978596667840197669197440087350050759446698147230513250601959560015146364911043694054503157804372100747889945587726202340930710496000433047569105426486195777821596435673537272659931092762276671917844109692
582 120762040637608066319149814728265435779685254955402608578250404035126322817541607133353374931219036435542917950298803857912985217438017613425867648243589155919103128371329352245950040620351203460521415606377156586974102414004881159850
583 303665769140585113751077840768002573724979428720880325734408804537051486738453452328005822359848833177936525771170414006264915320409271056106586226246930965114396302944692763416068542717423643283597143351508983612267421981313175327390
584 763591761623692907042603825773146750559693688116095254431855331113536323704204650307331979237657975508931066298189790582498696479497501218002578583119233274981613216153052359490755111995817664849645831040132685449093961783076012533252
585 1920112300012437179577665780196683183699126799899962624786249690232207109474934413674701864937184039879199687342006125815338894058132325940641500535801849816322620423148148317142552060550948108635537137962644468355195864464730774481856
586 4828275303572441901821171756293609287647617683293565085691913792754155944704498955866687885088080058567036692481212316112087081130029626018772347577757958567032145708746344008837904358089106056245545776203415739851780827732114828367891
587 12141082793405654021532919795818556832671556335917968602653041599490847119393545072999471763270403588655459809827028882470064555895721016024030593307093627320007018893758078015618585162842655975979917423204520770326872877891105638199857
588 30529719646944156074335146123220883725744142647223492156694795550234379093849402823433908686004157832962053033725701046997002690016484997968458260550079768090270552539755339993053081075080465151073837324762399478635883025334254521997533
589 76769411557530277793148342590094981423049774622254523621730330589970919783201821360547077194923915605372805444052591547359491316662310309145708320601366645556407949952108596182160028131885859565525886969715190603400675289855868178200061
590 193042799575114082615158146493626904635100680301386799381196029234546373216583384322773870194516647839136207742530327504279496057878126154974678031554750549051951324310716949591810905982952135859853455849581985145703235226192151340794460
591 485421494208943264165119846225527452566164546663009253329324930772870815385755892430926110776887320836270005833335091175532884785233257328511267140583235315356798896750092413897311506297882270105380446757696555780305245276697509661607598
592 1220631008039005156303330358409735256378291494999560110495418865354219944921409090716806412563919677061334454321900445766245052649171747554732763664476503772793742386119614315392190451374263641438418820512852582356409251467077701294825115
593 3069373885502055811177179592758872210101124552489398895744566558235164501242905707350292960617353895064441681663301906523230890768387742659605859241789287665237538971597473112699516920286334763583007733564995613046644506122270652175184134
594 7718185091936430801078336739898542892383887000833867455037621706735347588851996284358240436976428443877349995285499851304718481563987196082795392517133645838447126265508260963841577246216082439951364374459417829960990434145414090862398314
595 19407991119871626865080421943646389891728649280226645218002648812259886808037843081110587487453917415492672874747304471465618015602974956501095233373444843182062254657356992817229875587604545620360560599845846995668367534194040981413097706
596 48802939398608333975605702451797879061172955869352091598352435439775450865863669988263183521223394135219414820552036112164815121252147852595438503757049715873893198987153188892826212227794712767434785448907118056810653758504859648897230886
597 122718877973187746479866503086744911390978613100041472098899202721733915869060027033562202861819018403011764550004131269495133721871165781612074735709275188293560245292169019481774279285561717702670030681892826406437850604367393350622543234
598 308586392471015667171607852020895553432284748268844684798211112841946417265060321064274398179803111960760610997157568994128165284519871089566144709151110459788219876391264536767450544761497449334521714359458394292170130082507545607737104961
599 775965060885588334445207375405049492986676177803772606697827718283032603797793926746236542355064397593184013610437753216557592277534823373131239628676893322172775931385886446978019856502842318366466574082920101971922884687691367835685916392
600 1951225946464019126138639191723018179251972113288315151376222284052208819607779843167472232542901062927303606065123556418500668127398676589387373568848529001323911918406587125311895693411173112092914017613968231376705289793067900380424008726
601 4906513045586429519087708602799505016428534837183697334718054533773877877466896319496915107845419200803713935553017476316218755434738480373884333531897975974109197549123984579755502381981694795727621604772437510845844687692110027261028599461
602 12337817826857062892716268932239735717768422751638350124342902900430357418953714470668452720483416830655095162333664796908912312696805613456220752511708311436760523469872910559881401008976959882621915127961635047586345623317365199565044185797
603 31024425557298869667778735415562084044184197032308134887338351730731639007052504361460548030216549144587627403860970684214515127340096174768979611920671757842358936398207651044659088189041368043595721462976072124648262260889589511208490734713
604 78013388969414736027474285058314595956825140153259057548047076424259976357740702636067116613706442947295825255967059059037043534073740008220602171621625802861309146375373255945490455276661094280734215821177027427746054203471311257156988032673
605 196170879852483686820948429125018764487089079320469620510326114586231523327358355877678184000360700054946172113574333463748307379296905428350372053994842223653369898598368842319748941986507869786448732813019632123749950653631619854712170688324
606 493287301198835399931695769257737902313103447760259930932254333338099025978013676695716330945295280993279800376943910058093962018519682457934370095904818389006968152595259710562666891340905092563712594308513666750635806942538801589931899047178
607 1240410206178466941860962015401380390097117451848323540127195750990249547366876370653765016348691447068223581171676466222212973671449813023593326311423954454658931477204905502532549413519562257339958518900005919844786042336460398913855951803422
608 3119110254515790450847307964707172611396310419622918519307204422124669012976214582009785155544575106371206821985472530063354019898771505004213884670442715249250448674725182821634009934533897648706353672871652167422568038367769836393872657199427
609 7843251153018808712579676472617459618264285912726380354613289372549577817017128623364980338620122921494771273791481083734773491806504774016312458901042098027152469881127418047278543036984730042707568158910175071155837586858930451758778946545328
610 19722479691209468105739661115377578782941377584219837114688701121235786934712897876879518091581947590970925018938333722891826531475282424259414579012433375966686987063708101210679873716587442190397686965483103527437008174884180087565753485676771
611 49593745958326973122020797143985371018439368047952172739557266152834948885869154878195222104715056402158052099423250868146328412122403370574590018309457434606308491870948613379425671411038180131134015458962940328833815055501550910315688458734898
612 124707424050502005091595086994842180259556472405035284757419557787631808713594126983607323220368540864995090779281705697807970977172511575755208231020844960436870830321851143222590049644388760618317639881253887375154445312528398892531733582295038
613 313586749957944999471131961728646861430490203763645381237821900609314594568921793595600593438050977655184352201691438570995805361452350478264333383062534953498196975224653484047061649301714319207109788453074065917750310311040176837855625746874070
614 788538858034337432101924581495143326905170885961193094938739772328388003430934099227649288930788451880637099069185719661187896522379594178453964340276976720573493301432321286642764530070443036190438327092375135682884931028988988837185902592075827
615 1982843760820524012585854423903470328794570965080336680121189001564523300172538125778370861645276347544441491958468016472057026723943733748780273301884341210714317564564019624612030131929143389802436483627192885690137609651618181354306566979911228
616 4986018557951233347529867809517177476343480360073329640903816722596290612582571803892736404939445547325723858407671965636761320671147449843956808363041758758969916265442440036484149482102649262909578386568216201173112082030492002339347719610998514
617 12537740769825747203767817475029594696041080576011321661909391004721063901063064310113928574897667924661960922764459539605931263949683531940416547749633716685334134779096261390705328304788895724671009220913288495570875176226964537189911456719302498
618 31527147720032251348281929685060195310317314519649252501327216505162983782268148580619520755166046381047675124929996986425639794390863983106082315310537360664614827935888431013257013157276824095085776124843695533133419823017616345410451590393355507
619 79277523886350787475921663799751172304176549485899169162950844157175185374344738002660582434480688497515559616706684025338358600398015322468151801279521392206254087608931296286869287508305485297798674093841843443855775948123152353594313073301323341
620 199349647781727409975741797082438514569365126777111499884049074865445139818679608860897910097652432308561620180331897333858078072759047017963253746002252840915041219554405445269808085389183635553516849408949214288067240904064547346015885339827873161
621 501280566326326206725194249880053462503190200268500378471598388255777451475404972929786814839591720118448138648490225689858392838751551523892591204370189136595427724898301626333969333290675130281417285415971727139596737783619282873218863593216642771
622 1260509907956181039672568172482117820337783068772118363139434755456307587085835152725852504210931091951175762172617208102886712999369634294850477115197338029238545121967438909918692070070932251112061378013878950611452776631028927771769759177470651315
623 3169652555454063426910916157484549916180997475795216831741824135273241949648407361792984182526788540835714660426282629307451535119271288014800206877180751462278645269687703202731557913473049530805008593196862837732558606612113944751992823467968472315
624 7970343794112982732855190827968766762864851350701419180163025048343090011641020953021347052812025681133276911494424478084843724074655540417365826618106608257807704195554143086576852437824621742626534180079314051745417807170844206113753989694681208771
625 20042064259391663356398270544207406846912406730564350190735856196846452468208973103854550012571411700810269832891499983815120071467092142548711171722708470214021083572875916859102962998634308258838197507954177252606978359774242926306660545957329055110
626 50397366807975695102637417675415681140265265737625708824546615147187504229847633844990813822127209161294979105102274631393725701824664214055893959452141125308944026032363957670495324702111936636606603823384547526006250600863211737545727804364050901131
627 126728192680425210182102171093707986166412738702480698294180062373617579262747538759354752403196005485835309392541718140482252911116874472210798730242370440620163946867886914961325501360277413842320604394094335267495078550121422191406055450880933965396
628 318668133619738600023374813932357123466462427522064679126573930460015673173665540020371276731911223852264999229913552610542601244116935362779575275190484105528728363434629747154237646236073640631133135372950748867207407426894616372546405802176624131647
629 801316401953021577059906100095426346280265351682720323692205877723479767514624715892600939920490064573107368701419393798800676437511661835458483051413422030363516050644126949797382216624377086514539745749510518626933896137504173075132192869099031122129
630 2014973912657213611642877631341818129457377670956601895569125072471413596814445510399932475505242161514118621202707437182259957322656112876675879336637573776305195948985659377001103600736081707526703406761641040396130437921924541263822264378503989609353
631 5066812383714505776078661747664974236721375118495486096391982151502305702012092951612327708086447859595216007599278779362094434862343866323738838737052864329678896836366243221592936274712588167645586524707622532965025956538949630657244356189259870124114
632 12740903279441156882609400779202165304410515819089295181223298010625727183980218043923255875773940671875934563359969018088814526075669499621911081121285663010955942005039604435616466107654623129305780426165269950274514336417412727744749924659685049237477
633 32038016031110477113012235724400816354749928252818934021463405587606685601477870302706908688322113065479049905263323867049169825835645113374817044849524235720489379088107732689568595384964230181771234339490443371149134892975363610033936067342146076162470
634 80562142942090800260900065669544763489919611492844427111788804155101410510929712331237310822550875071386897997827462736390846596933857111405620183688358015057590689525602637648065605675653737545455150798568322676202256971058788008480729909760202259952845
635 202579924709429960685803688139159919535942906517797780638021878239310997122161137695493250058716155659407272246578120039300412567824817658413402354788289926664937804557078387175840679557391626006149954346111657557954826122295350425844140889559999766502639
636 509403354932818162123235126984278112996510208828468097569110076505401818053483857150612373359988983698829476212507807529789606865796102185415985189009433846543621049408851376343265811520752792516174287910725281729473863352521322523355317446136003941696643
637 1280935306837595779800370225052258443702558731243547645414379801071452574352297507700112039948663222223019549574628074459369462016039377894667337946832930603592500459335740995935925059324667465180614023387642194574655954221706290231895694594079325930388844
638 3221013847699372297660489983393143900604682194193754671003170631684272391601059878062724495851405040191665078354081375100766072498960886361682740176586457114494321254526470759737763048207245774101662011158831574008577910377683586586310178229845342654793035
639 8099495854076342848144954996238644604015917721587614543602085603323263726385731179902645393781851961874391048864187409805301367717053067338955105400446078332606035121366968986509878412452010519756872331636427759991447618548664966613868166490144074283033209
640 20366827400340533713030099327001158377267247241433034033602629355079869771454516048985089943941850404115711932312752408773509719904908013467766754522785392919646034073293058863161890111730010636226448692820615994960000453250533430908868502446937015413245521
641 51214009591287843056574065962982668784911949553784727991930357024137557953902640048040654873617113968783231654480345944994012008363810203788819791126971323370032262686221848397680919334503346005900791967529746919396899943436266526523057201270676093959402162
642 128781705999662405391958157162467748469443270105813476055414462358535232684426568774534906643785370518374944229696903013496804466273988243135848659417199516889781634289853282847126279028686570712764409907660340218968465195921627052377588138739259569793785595
643 323831856410726293479104464365923880440159000719835488449969538694787258130304952697740860900703269335574739259134612728081301639812817379552082039748585710590641170243657454901305700352995801701443170820684995267376835412099849520914992149598184250400843030
644 814300994169871888825025666549322946017783830885618036608237313022865006757671576167086676069537369829427132803502309745006157477942033407952911655462892971100001806914185068648002890371306645352308731122956575695291269967747691974226928938266151833246503354
645 2047624703929771587367502503803540904446824170282482942046057080364848026666121626306170746132965914113844795007629057460816011508662325567949859611894019341826465971919435156901896578227104383899443516649513729626859937435209910489790668758405663970061525224
646 5148915398805013329692250160750363612146474658737202314752423530134447479224067161687419993033169869548859290335072453157770632611565898241262729922044639919252459289233639764033274897266751079597053060080080867180618068935321468085792290609486518382200062945
647 12947357849888815295288603172692003121992602488450829731623345947109649508850137020255230364561180461238907259152553532589587187668587675847727443799748968176468694326610448300664957064843045207342603614431496265189972591527429764562534554406482611160518589525
648 32557162491343886011706792917720815291958724022230338315687795878684482686346677257311987381363337792211713359648499963042539594747794097136658332482771479403386053063322604419457727934754007444921304327511563739556180397263665209194276963574718899622481384213
649 81867578063185428453771417817402983785149341722989070748210876293802682240080771347990914329782786701354942062231205819462330920605083795147532302085560501748038578817447053073297193869461987067545353725804295922782921037201759382373517016902645752187718693918
650 205862545291338876560864374911740763780382441583784174942296934812149184887593635218241769405260128091104538534737308333945970426971441923520529081251339801325692608888799835632534932318363161706369109809254967504069211013257473669917563108088807964024595228998
651 517657765826663670582990742108984161957816112196354660606552263272374307091370006988300737722134902882731066121886489457221844090041576838374602056088215579190113113369648256416975241984885431177070222192352556797892843606310518299808189508594272425410715745629
652 1301691680443470521146636555783684983237342793494282242696396342718232055860715586978167051040832435159694144795042676999774244375151623661996122423382315336897801491276867805188054023911807741337703297320809973462906228593580855863379008161116617783027894128797
653 3273207402249446658792811481307728889843370408766056156029723383045864717396359573289572185336287716780501485542883075569276351802839999349041062352312945302435005049708844129883108128713513271576110887266227170292255297037841748174327103214174862129590522234132
654 8230740703889633860619783144470684089732700578989054366488583242969800362188511456325777966609850787721315243636517444212132041680688400117011783564665568361609249233979939896832638098001808983878504645637390753086940564631189540590398996924617163257089925457822
655 20696853028044956324206768654379212690236789400079160464647692302390267459522091292597475358417647092060324813365123559021266441630732174493521569717961995597394683444455208819386583847387485015036451735502017838751346307317857872145990682659367074925691983133622
656 52043885316671684127728177870744906960391425317977892234035829610150450774415420512178985439427264276609034961135862721118893572075275189903486444062165011614417830042415540776204655722895227499557360309631802129616442636282074313166441624864721160141638245930011
657 130868494605661706533360654571165241870610926685791049569228129117569851570309299732801022875532234034146205918063951161175138490221625267057580530664494805389567935872259017034143344466832227263775197473274531886169186800019499804512542830563665161372611415509114
658 329079252560450205859844441160980369856948075626722404295452258627526683947368406910625274063610836183621773210420988043095684525215502989052433397791016863195276088523039962389833312213240509644169775551787100002376376237316628228998607746129206967949690653040700
659 827495989711335259128389763593247022374051197987291096141017652128649513599546777749806420823630812534877616077979197319312360969352256080718243895882844582619310205072649580740771202457750254506957644932617259087751489919541855593297570719594163366448149873988044
660 2080804571119405968487061540869241584342102195869692216689511135727269144007865187875960828427052027048438471492631071963874798920634674477160749984157385633812485590141491242598720496850294089280934542188047250013569671799215235252077493387752819268683808758014055
661 5232348817426667682838828364547483284750866355292976268432545297502219951079586321696244042989138098996346361619206965729446410718083073833449498872686195703241981730457704508428795777678653461950065104530099028459837968931074341074600214064214822508134844594783754
662 13157157825974039830933379648140594049340437519808204679464013755294789496762185084657102791557214452812173333559676771982166189648500267278812709221766698277408175833512381589856518726946974647177794136616365519354324702344206236824878108631938231348584165312772116
663 33084721240494035824858154208340134270509430011456148203023677436549123712753189788325246905440004980798802724197021088891548577210885779917427086981106544280917833373921820066422789244482028146094420368304964843486325433676572307150707862131202821996795138792038694
664 83194166554748519995854377039688735246388895600169122552726260908577281537306703062056158378304878281177251669018318083683189449441281376233420402355350955561461326065239190741753311915679109435626603422825187897103427773170388209178910080088650056046085737347144163
665 209198357708027215831410182378525162313371613953013120892448917620504061364504990686403289417888138855678315947169678883731650957563955533692674803344528252688935994126246664994378421915855336842371513865535677017761395778628903630000781198940197833008623639052701359
666 526045931825466077726122283811062110200928935961280705560844139538208060141435879167773411402130738323975224101605781385272631121484784027917732599937057055191976042291903996826889245615537165894930555238437045564453755839912617629723398718728001171739396786086013537
667 1322784391913534742829371397938378028413824845314115201092492560280970776381432395644292363158546537107834348881766384334677389974163747841810605527017912783787668849192078762527829963121415515076776457690196867715635524564025869475618915493664463194833551186619381766
668 3326246705146277535772430044247727961450927932679408886068252372325637039794399416580912449957457260713767605845608180851873922677667257987017214543732287696681384378244969622599521623880667773063823399959893335460337117706253435259235494806411344622670936258411268673
669 8364112255279522896680260786006720297620300315690995456236373512635627298852103927149900760938581876095185444066761397677068399354182551956110933362587846244503572717475455224075804421788114711236109945671288974891507545336734342896196913403044946482888760233970433963
670 21032226416242497125436553913206548341172856103600738110730250183961973059961124075085479107441279792436916508921779439702559289981982388838656491681975201799659851414657392066158174742485397914143919337247789683245498548940838207426223392314656009272857056554589470977
671 52887208411731859074421326111044021835518034739960697995556018286155338610411441916130124239539530336959856094218230087010718883193179798181238353358909231246433959025507511766982999111704532526644548119352873148178917185288892589296138791804932132655795695618462229310
672 132989097693712828933308193120415536768059529535340217287814026107928131603328331134024766537011349141489959396072394669126555815453420815719345906336114270946378904021567908122831371718408671988932701392148672314142010175870544101001024402665951032181215183293406119426
673 334411677918409930620769715844457554494281136674025900902642413634223094808261774863248398323379547997583712122129182242757406177255817841281036149206315602657070541637203518088611749151621859753944229876521154465672856462370481542040292917047654293866566570952809013623
674 840904797968963528833687927671134341722540586278702921638373518735544802069513369404109598734106584630259734930294833424619791688489479462003674550141858929820094665774853882135740102795897330658956056009175706399175456434566250763291998514787978937030168919145265142519
675 2114522087412711026148435652215260921826651757828644173216208889971447757206042461416143649949238271623651607030583639199335403647157870165451836187430899944998883295759321009358612465072557148043405040181530453070292054969866038664849711846971302393104575653349798363646
676 5317134197539961963754064289917443680095685916529726429012407296103588142351594199020866888456626824757192515412755603551460058534713554070847411795390025421275857554308563066879234084646837261503865301569368144809004812730560114899343572809373887215549239452242925512014
677 13370357416905450051655659357638196048233607631503974828544942598874368560604034912364512611095855257282873396478248305096212889522484819236936985084537628331806331516334120750966203875931334356185400282681240374114712418996267334667459244113332341127418386614989413248108
678 33620828591933432078698450790375073257709117106558759507346756829201987686165996143639963404541991647817342098210785105913127938104773904104759856843558725741931015700562778877247652769721090177101552414519372492364016238094280779153190660020286292768089756367956369080455
679 84542251187611765741856467831639033656278497655026662570783709755240248247215479843949674762240866916136110469756091004204618255524234955553441174914035234379040854993516038496445443753530453502626787766149136058985325459745641974753642097778581723655178044005871185526468
680 212588223884050863702692699106565765389960050987253669380440947333292505328136886279741234798770298871053876752526980294269507471915517252783387699784371633223351937812073593246485044084993044853215741122390644221892272225842115332324159900938301868825687668676690214729596
681 534570020307168171703865823620018075790146324237783393355177893381788621218525867770560188471004767331784061154578913601296306432565598788496237582686548860689892135511625818465541384622180565941126017292097192014959360906430786515813973052361575176740216571991407970556163
682 1344218891292243971690595443924633429795310873089250778351923827741864710513939241036006956623334721662701099247159402624471805877798245007756189990264750482511051942346981852201315937648116799011127379913604965787770236952716049696781756297474815049299915294571822245302604
683 3380145460960711030528272733237208477182658834714624800261469854605139639581240354557710025647210652425963392139698176707123350192373434527706732208232657910785913282182134600846270415625369689204471357807962001710472401053388173554755707646223188494162908472444892221129509
684 8499644969480887658129189420273355419164458375623944359786402353139639053159715113403621696264778435983062676517522954472309221015824396780269823735241906278657747151643169508882960661898316131105049504010864402743431794210645372943020403085645777103765401994479218237654550
685 21373034220452882509360363304791701843845880437004443235804053211635242485057870094551154107492314230643571219335440720440662002599492676977260645173800379716494584875968063037069316873631134918508016258710373977794587717666357414785922279569752847040956189946208210589924455
686 53744196778674301615252692579110083212260088643552442387320377905231430783096048771022638996495590412799472391826852492132900009038140541191116926026745690874148958244502356828569464883375719003256338887887992993658468429450111916274473175705924418223510822540081806910888304
687 135144063196267169791426160851135443071226870903415232084189888380566224776545411540309007746761732603365785735722490505502943101945913249052200278325002010590443071175887054756941842293028416063581755504232217172186172936864773355592351675268402672278742304742364389581281630
688 339830510304393971731203871205815967467792633709189460007008602997819538903227760243482424579888531535897050144082367340301461346430209687168303348877093300136947279035668123895554329065258393448232895217127383564585382102070671133248488008764909986026239724160208533233573842
689 854530883580349803318070602260353158770868191740615101909716655897052989571267703380503839494524638658805035237778851280838748464484789239646235304560452818163881730296468666907824648648881143410466820990365125184731845898164548470090897947063410636763071912839882027444573310
690 2148785964916851800128341852600565544692385194859251025181127149999749757015927609459601200330055328382438890385680615288672191286265828659857565705196913227744393252610075550656633131973314992171531098412074365231190624435226142355204621556590908233604940329890436482173916705
691 5403293446432228671484635158913393215148692104020696641628079631332508698339354766946060628734401609382530683226688868323686326414607604798161573288996941763051550958078008529025619012289923623120867348335110991305091030896079916832060466208598074254371846844481092013249316913
692 13587011710301824861903353902419025910414510748565745974092383292540979613825357129691495785272121770602917671825761086932939517997688760939880923042065266696851703919128438271535217345709893432490185833329587206096560239633035905277232009578586219813478769633231034095881901683
693 34165623067866885957968789889179342969015193905725734558873966452166747959309184873342957581693046937267729803099241435062910594377227709735150136773769981325573258193005188239689075055139820878851551980352019215926007066622645560976787303372639588253046825291237585851097541207
694 85912180286891609097091015056354982638156934856964529615497796225284621711133681616365044873867187032728611525619236995921156524533640404171943620589330648209332057746761566617609994008848045802138208096637102003310912324953559372954395027975579474489416872022608855110219742973
695 216033019710657080449721319950356459480114790610844466904049882601042862550920546951342138084919930944262919536876208653702223531280095323401871860075145664221175757928225571563983364067316804663911801264635301628312231925504491531532361820704346313232072498018956943953343921734
696 543232233770070564754487495886865796156754174416839029027001758207948719941895325858147004902442757218163130164288783858906145269618506138355476761764331728306129842048506775025031583660967900280480936962418815668375825668811735770104234965557843699833459952241444236951155257714
697 1366000716936990604758633773406900920662178140210281691789858518452108770211725778704380006155360473244748402869552661571426907821368268370514571293633017988370600625546252325720975043538898367259319117800881498342349742257709264310087618865379763933409946727229786119060486215948
698 3434917596333506589907036589808431361901254019698838379594169268168131745100333529037411990353169910723689898252341893601658265492353301882085589747990111397907745002577381396056841555627792549616813947109447454655642604118801384068781445917234712778388931491580023691673284176539
699 8637373866141089461812947194802301431882255717586481444370290230516107689558796706156935510983163170836041169401442223661287825920531040647671645780296705298947287512385444865360552412628980483165833501118182581592025430320916124296506464919086050361720294951478940478053387530952
700 21719364500368503054772080008823541419490994595146367683675912940347503331585915292103384453343095631790878201988833640624556271588398528745253396811311033413633374162552905763862455382916622255986915942441434413962316919984337108975840129603553358390708026043624176698719944089486
