1 1
2 3
3 10
4 34
5 115
6 382
7 1244
8 3993
9 12689
10 40065
11 126005
12 395369
13 1238923
14 3879468
15 12143208
16 38002239
17 118916605
18 372096474
19 1164285097
20 3642999541
21 11398751813
22 35666042778
23 111596974122
24 349180452096
25 1092565479091
26 3418574681111
27 10696524832370
28 33468816752369
29 104722024159839
30 327669264273769
31 1025258524574610
32 3207975735368988
33 10037574044900251
34 31406999682869286
35 98270720166119040
36 307483508289540644
37 962098453515323377
38 3010351480462885453
39 9419219003549257597
40 29472201906056208337
41 92216847796178493489
42 288541285264625484276
43 902829312563519221676
44 2824901701254016552102
45 8838957165778644719487
46 27656595535284974346509
47 86535918463771877108933
48 270765979667157700883202
49 847211389751578522554168
50 2650876376002453451836172
51 8294441795581327723378186
52 25952837832458531969521752
53 81204957266287893943552019
54 254085704507135197975290668
55 795019755052430575027219452
56 2487571711874399164262816106
57 7783470765842338731773321431
58 24354038467929489831127729762
59 76202404754995077183598365469
60 238433001495450724413097095159
61 746043335310924871338857753490
62 2334327272948701200892085204074
63 7303977610042092094545677366926
64 22853731585206287654233855380488
65 71508029631767391910075080051889
66 223744568048035365199132913912796
67 700084060332744553305928171707580
68 2190523308824012785324053463851070
69 6854023164333526481659130047079414
70 21445849650620979859026464781704928
71 67102846927970993277535890780883512
72 209961001275056715550422215028305679
73 656956061845546737059732640786114069
74 2055578248220531334499165567033221055
75 6431787725174836628786624845951480708
76 20124698915023532143709064509564646415
77 62969041225523349645870227293835648672
78 197026557744008002427595579930991897667
79 616484921811357666666589276883163029619
80 1928946346992219212956205193243205571760
81 6035563690093283068149176948307435640267
82 18884936387149490564031105924174446862748
83 59089894607867316977605761255333639625973
84 184888928042393827519582374330225404364045
85 578506967046006288969044036523889336540283
86 1810115481031028980262007657724495506878284
87 5663748651807723828054901080147518055072550
88 17721548225521158179964491474799298439957055
89 55449719049455757871389403396791980855786306
90 173499025228263109050871774924879779134068572
91 542868607292843095948613841596078587383307078
92 1698605075137120918804880210006987468535186589
93 5314838917781020848400048720090488327407157520
94 16629829461494712297625299742897235590974060309
95 52033792970316288453871167740465608589149128065
96 162810786313041451494657698152868639131132791044
97 509425714073784542010882485563295325228583971802
98 1593964159479018963054349656450578687793710347311
99 4987423428994125421958459641978461660368291142476
100 15605364971449307398116962186489642077667845585626
101 48828301699110434277454320628845591651373010918038
102 152780985973820791054042946454150453577002981155940
103 478043037805635496638462318929319180455068934777998
104 1495769545783650801803476114488081292290931464656625
105 4680178053348178904137992848675765868065907743079158
106 14644011621165985092913181520263289877777864853315539
107 45820281603908193760326441302376195629747240365230390
108 143369061741722480860098971324472863046902008385996870
109 448593660824394449182129601840373565971320703232825797
110 1403624115880428942324749273835795358748950431295487882
111 4391860230616033717581906539518136040145766593761871450
112 13741881510184776688586274774969027273845712186287056040
113 42997567664731964242239842322158414045046074108890503213
114 134536949959361459292426967002276773212286649897946388892
115 420958484105465068739693117443158926658538458056300892732
116 1317155215677911181759924117314004276832759306721837340414
117 4121303947286334103402072357850183093320847111866953484559
118 12895326248376910305053426126959842522547660604823864305295
119 40348744275842972347584857839023675948940132247145265442257
120 126248931843991490115800771757146707167408962558028046788690
121 395025745603970539740600757325122803947987431259217981780232
122 1236013148077968846753240351002544747745912206959078707074197
123 3867415020977445927804600924591987799149704344523795233135400
124 12100922201143513707299379385841725729847302694135700295573806
125 37863099078805058994158378751895927575787238267626693482900036
126 118471489033780808488237292661159075725879879362356742241539081
127 370690568267244956962276976195439114007059890347051028921506474
128 1159869758732513741456755387615346916379855514916750589933319658
129 3629166675350485703871075803161564663930747677925573083235917901
130 11355456643569518489245252179577091818123849282894480456141841625
131 35530579639617724159612554650015403491454935312126166578129237961
132 111173168033019135936363981739826307557087507127711915637179413900
133 347854535891576135273746434119343126887942879440039611947976523232
134 1088417108923308160341327481002999524482669494771677104008918594041
135 3405595387625534007168380965978455334468157448783743218141916553050
136 10655914767537463373895092716522330916667093090665599404515126618674
137 33341752794712307338116450733702966952528424224018087427034770322859
138 104324453008046041581547181865625018946107968857787319539208605223804
139 326425295107881773128621676836345771427941717028600762959277903642056
140 1021366230197725063468545555577207800307519465514110081105229434173096
141 3195796991907578912644463913033263415200331890548136243641955486472978
142 9999467489255430595260106501726751148486756429681896186865266893722877
143 31287766501398582700727857691055781473044299541440246785369661218907512
144 97897646419462572827921362687439053624254515875676220493206982477484196
145 306316181886671411745650568502905702924790649700509805821715341044453543
146 958445955723962520787367253848805201800507144683480842568918741925457575
147 2998923022563279524015469171671097902803693125812712755691672132525553332
148 9383460007890380202063558101645664061398897513943268826396068886530098244
149 29360314038477533941659942614066200859741531002308660776631655535689707456
150 91866757007879536727747704971961854583826631746697163346820704137068873257
151 287445871051807406145496523643267837024418500298698866719795666421825807973
152 899401823639484969168982675925836815055728680214614336109038709865145713550
153 2814177282860452005079326268758874254956317125351696152020651087356500633146
154 8805401069035763855104719190501667546828301536776597714952337497015875693235
155 27551600412240604221850785974459040845147010276977453991514144943739924016533
156 86207394680194949758001325943167696020850354906200890878559392969381844065735
157 269738047385630195269501922002524566107670866433566985469890108507231290361806
158 843995047957618477361983612437866771425526074026525396710219330376961727390510
159 2640812624993186909554276258563847647783878038682055908608463729558662434797357
160 8262952889592786993957004564258475348712023169740145774785964612166675563416922
161 25854310831994729685912094714187385612828399518201234016975926089140897274523785
162 80896671871300259643421989258005363319807450021330242890670686203358353349986402
163 253121096995332847014970665997066916280921731241355662833331100324717325246358633
164 792001552870445566037374434602935380640649317586634650883121232047675411253209347
165 2478127928470391329658936784102503953652173053853154696764204574882010246050754078
166 7753921703319574051036090354290270602137889979556364473386036008660951095815873614
167 24261581127622030957128446859510208334144731124681998135640559718460551695060083209
168 75913110982302839844109608297168338841843972346910129802010457262690912185760078755
169 237527817692410298034389069587956989484481058105057166413813302618572746074338134917
170 743211066542532130905832278258555383349213703746339152597441652892419254763507711861
171 2325465264647769764290427108209599332339513960481200861346920761999514709981407062656
172 7276248888812593451918040680569091114573163629669405701980119518969922460083600816194
173 22766969989537003964794610353750383460284958403517669990122630759293808687938481457441
174 71236557520926874353436239261633044009972111201015366500378780513078553873275442304080
175 222895147213901290701010142703123782629594064621331321205233564099788016483761398707923
176 697426270730611545567336345946247650674469353981408501400165357932140327914133439711922
177 2182207235936057981010737340860169994478656403544627560741185094617595712897369885452478
178 6828002644040168802443310571938123731150113660831303757523563150174279470443811974774865
179 21364432918774182403071812127698682206517287947045533918200637397902967359087521007527700
180 66848098592815472069105593177450912720274185937585053977483751470943332480407488531525847
181 209163908186296699342061694081096230407287742575727063750609482799354955626680452272074057
182 654462002790122080409247285653629809153820834410639209946081778102421399683444290610181231
183 2047774478924748983662056100506776773028966516073969592931795766271803472176754915097250571
184 6407370173758265904354695105274510526197490691445385157232156135349377475503172022341637331
185 20048297781855345307795300769465636625096186882858453434294059110518892131114913625154113510
186 62729986414096938262819366541142842019683215614491402188116936140148312229242976096062561080
187 196278568800698546366571750054632393348133920479437379946250231738702017957998853652956333162
188 614144506841356426704892874926035451887090112249423535873181780693773917551010689225677650386
189 1921623321323456419130226929977864574818981083774830339450082109483454002117916872841615183398
190 6012650358212941202063409667251757508910612576365390282937735918915933139859585283475172497229
191 18813241871575384729457986391463059055751492397549292584423079286276718118371017066922817136516
192 58865566535885102320027847062247070153108205702655375332262028730210982473281417168244834626825
193 184187018231353371175229235328046837370923354908554331047458790725320309986502003636044658052032
194 576310731066793174972463988742274011362495983802523611323058502920976991976350593914490801724358
195 1803243583245129284621915140289767312749356660111551333227220258756847115235271667243290652488893
196 5642246873480254396653915445558802852141989581087518624680086292983974364723036459343105603647386
197 17654270380936177270600056272383173683419779896847913399285949179037166142125377253149214745737411
198 55239210490439581304850034448235172203564513920698897621505607171571101284314581861290312311997645
199 172840355889308696309111227970949344289186589385715096588912374963586000613190938884691866531649245
200 540807668297743594337795890311993724047372292582976234252976850589920057924546152885610461348045538
201 1692156513939078397276156002469669579742629208475056366425033242656216105479490444842110727887854456
202 5294661735620957959960340456915484259825558163495041961578608372367687814182634765537233946413838506
203 16566696203172849417174688920423350264422929505190025614430811756173699394148514515919957498361022589
204 51836252586593914127975346965174936342893151364521477661096012150972592467995650895292851258498965599
205 162192693658893271632215262196193212130228384532681306064084397929035415232988731178361766517184011978
206 507491737223517494278141295701336687869631498227040603567402160017762941958175626139476704799262864938
207 1587912855629560546106404373833532029132983040698821552161032272001208026148443591400407557662854498158
208 4968489242541265904161867969894238707620239250314294228047736986281073405705555056981996923305127197003
209 15546120976179802887528278043344227033148342337635819922940942016695605625494726579829488442100110425149
210 48642930598839949676410247142343332267779966510584720492742139876381208252053010730661584192405096388897
211 152200970317226848993480700829955544818356540312391594007003596566778768143632448320507241412838383472963
212 476228201720597340692379900548492860083499041079999080690323746628555089833891188768112927840099675162115
213 1490091026629705913403117790866411522082154130793137898672164141271631404790763073601088406171235550764270
214 4662410289059405119197823010538741845744414643061522517587268429979126922361345361526058318200293698804876
215 14588417294676461571608612589573393842607226432642413664535578079526140307554292762417066770997308071279201
216 45646330110203577610387515549557406650151709761874303482767541608852169207545054176733956090417423785097749
217 142824777386235787528207043842951397037777377884983656468229303871067785538723947521243158902563039164916854
218 446890625953474546909484256783063618915404202384501716571574894125872294677216834675530687775621632897691963
219 1398295416382947105496313363819275811137134159739934115519734967722519778681045895109814165803252536360836781
220 4375187032186969568582588470922853947977880300610551375396040809506074201899256624466618744210283434365753876
221 13689712018175268834092348489437223265532484555859627268276347940468545970196178456011178153211260564957913630
222 42834332283823535392420392804547458432199242381779116140073287274481846292365342314198693242851957343990906287
223 134026195712886073241627745322400094142875797706414055464187086089649488770343717909988822372875335167063017225
224 419360363043469439324827213834727854343489759214666940866180459409399703527982265664285267136826131233178495481
225 1312154785536764780681173398972351190478942453087298832236554310320511260685028058804322700251464742548976236061
226 4105657885050434606157503275379678471630807001669526207094020049156599532545671326939794768356692843447128658219
227 12846370607246101991199051357565421545820104383090719118815574693266388244976840138692845442152531925741170773963
228 40195564852011369120347036283385446725348421162150147291928228835863470412849874217845499653721899906845556983949
229 125769642116732340273446013252425675938258731985494136647330207977668719967689773641818596860242540377674165731346
230 393526075237611870750190904356632374160118092439131016531715175127026521999502388583357266055895969581261275445034
231 1231320764578336036922178981002509036084588914728463847799769612486173137515842846322652038661013900730343515665472
232 3852732819207273584921849263655240634961765575037157234088358537174852252382249631303342789959455266754995170077748
233 12054982424729902050639450943622474368180023974361825188385128758346258091844620838744223512513070608870227206306164
234 37719356124582747090058948106198141485790568245910648170906465146240253665407628080807447596698896558446829943173417
235 118021725484595670777183971318708353684303231578690638721761653809846086883992044434287390228099690788422281094260271
236 369283283637051843891563690530028364278816289483223238187275222544013307930719279599551978997284155578187222775684015
237 1155466444960275281154741632655632844424049112463808699556177317847709140657484015794390906230470251106909467940012952
238 3615388956358326852945573116955391480209004626822942367798204191820800392762404339339004524424604921538897130123915752
239 11312346942456759643464015328673909437377520991193076461602591413431128436338418922981142310446603872745757101603154488
240 35395691830460847271202039316558740020039088702853455042288394531161210791088411313217476381934800418153144228676313641
241 110751111730388981785997650297137184653227662955820958658976668555757491666050987216958020210179310224084042201058279729
242 346533945664014012299245857683268940520437465974475556033827150757238857497570338470162673502114363108285438055943899697
243 1084285057018705276138696541457363603267988174514563484126383118353368848291116609177319833242530163833449224412880349222
244 3392666431628448122593801362494970742704474530471962371639751375767759874393418525653965414666978505181897120178453653342
245 10615460797685734715545980799675325788740197721738747690381110255358566151567857441783978658241089037756803659761324577554
246 33215174618010844774145921521694232879597502552481440038754377283445101733629577064586584855342224172226608142053063443877
247 103928397073961193420366668015658028448588960198357270501892346368864677006222838078564125460445791596441725886507160279798
248 325186058558490007962453362284042697356863105709593270532848746893465635947003007107319517872228530667278391314932308622867
249 1017488729336901172850564357419299448777746503840846808664012375435895326737018556007213645130441660621736730959557581326123
250 3183664511685728282228569240801736758242952174896887891356430527162891216501090892075398342906142139918945988819574068600854
251 9961505646920127975496707528349810115109852690454760849324098088356206027008298470229156975227537581705453458382778198351935
252 31168986050316952538867107404644684132539036386074833261638201409244930519458789741802150124144274447067561741766217660534945
253 97525989126475107364684910150386819827197272416681029185625686841434263887744398479835532369482872288530821760034542422332463
254 305153287301131881577083713295343196784937401623856950203551133333745339520784729584272014888763235385002801498772942437579861
255 954807324537132119467588833496254927451046041048449505819940410601976307246866566807576013453214258593856444818597298277744642
256 2987537952000213632849817452028522952139334296236198097149710290870015924477893745175499445805006470292582442989605417368323077
257 9347836767976663950341552065643580226147149998507294109863696351760688037382743587766375298396225180794660964157323414465535476
258 29248850941703502798743945697424245829354568414216176336440184890136303363865952036423325960352894274532813667188661433151006939
259 91517995301405069524055909261473439783059136327999648205199537259053575497177435964462183302442903573494516174150276858869165993
260 286354615457594263131560816799879468454011223034740520886425224735323949925187259841466290170942756279140760884801022324166459272
261 895987346792415576272662929135793980492002017314994051862580401228313184653632755324695205128460870214320701166287831476399122533
262 2803493578510162291614227516653961504913057783171860568393246645528008378770644422330637572599050536086853620045960882280840033436
263 8771972364213130265325136267538737946530593178750454312266558315341203828511338087273260993408604926454580344582247528023518760275
264 27447003891270004431470349077682083227606881833096342816590609471539664456525137691345614849106302837515079112130721581918025601533
265 85880118099866726037784185787667217409570067540717413327574311188621707632034302014212995852212717637323597655792550260185799000324
266 268714017532271659896148087498705303067461831404431611191857399668073200032274608393002957618190022026609457857243910424656616687717
267 840790916639948781720088285450529987281376359504832543910329834517434335486912299441689792276886652514030509407374499888988173805568
268 2630787079871430359079712835751533978704424137467262141333467802493974383702743366592687720985888634150854036819710665108047181019847
269 8231583527658683516791881490506782129453741988632807111026176736951883690424197971923418975477045200515064363228510033324406296223726
270 25756157878095264354106435943024840216118987496390512797548502601460208446496724330188955475866053170631524525254658513349351904032304
271 80589556846792321646144280288397337960096160053895189832134010354633206531638653152000955493217614156687952190589817252217198714366653
272 252160151506365498232038534797889080463884311218241754170301693905080157200001170545773164603466587048850398559515770952595181868088958
273 788994808950162924455169335301518069832721768505970364389900156298645397948585372191813460958814963255495404719406302556567490081026778
274 2468719997317218697907303246705853685710895883557507186866972679024684721734319334602708221270439142294072234181325425471730834101809050
275 7724484820455763009379574323329240583075638512937893630555631164419314001130999238008141358989869251357707270177207188990626093146238019
276 24169474791103452941654351331630522476075934114225119726533689832850857535654800984283775394015786393918072576333275628964092735458598587
277 75624915480553467014031490318817144885102361203795932683231299469815344960380421919884789425451696317619417922321260559951123100410182491
278 236626070316844882062547843780040573429947393040432898634597243552503294540179260304010714266434463670343422590660157597056621305202667162
279 740389550160759232771726549967989462401590645432237862765531528616879973113859639414302507402555873363487710759283852362844158899957050209
280 2316636899954586012853080911643999288818951828741574145849647591778700067012478765089131902859575582442244710355584765982175145389049964159
281 7248625436523126372293647609480388509875760307547377062859837242425099778695849508752295265535372909636812058052068762134107644461588021353
282 22680537774409143704887965121389688814457665299241004819830563010313381082057920640480688212718568482750368145300568294772722261011782107618
283 70966116023114623901037911162500045765201576106562049996562567289477679763927627507340741829911352541680095715598010862599099158323704595240
284 222048951109465709449439893706211634009975893220009903875544876743569389237317978811153179619078842469172401104535886222887774731953422794660
285 694778571124765339466670321697423154377698854559957584464040305517618551569102943478307319116212134461544999388306092929870123402014512721066
286 2173922734074076374140798238056453503762603870391256996103543867863660389616753731922966837567929519189568375510000952605087902840824072598300
287 6802080907696048458107921181408035833405507004929712651882469056571813157590583815326608208279561551390388547128965223702165591031762460630336
288 21283325276300508543208554981211663073595628455827785416541555884050915561492712205917922936957269486572541588955394242260921682774917819783295
289 66594317380773731274746562819613430481613542723818832085981518719431466310807248423802680653370150146114713376043719297634472456375121071758522
290 208369841170894547537541676588281348959590733073479240085802538746125247698418544342720957583532247157831358235704856265341923925522989776434650
291 651977412146564225527433755836956893814905200031620374782962432583876842337498078189654164630191084570962334510034525038562768291899683165281790
292 2040000335752552302273613252680624359971342483808829209658212907728508684131441255013456802786827408120416954645522624040373593110423307212038275
293 6383045320801696775812394138671859136672398684608519422074626749622779718175754952247288421102604100103586747213333150728914373221453139590414679
294 19972186696909694883095045567411986195620764398585328747083702203174251988337266467576623327684629594562867515301106825004071975288754470646055214
295 62491839147104329589993814753538501999270366318005672301287148263923059521743950883070312989830908864729850833567030205893215661604857672030671947
296 195533419512437219023520872031178542660510985834966853357463349655379312920183098927832550632070761573268524526364595526457211387575014495729829703
297 611812976990906386431163646895409210117940956729257505970550683621391014301414248749385028865609648997784715083584269743935103944913184232330422045
298 1914328096689714105880494515670761386320945233648139743410537926985721062601726433383640210606022534712618328291051917164634401905374353149942960180
299 5989824014194018221348091875938985656213865281016153073284548441052144992170390729375254318370042862085079855139492185168573196134431473249478934550
300 18741819536084813799286189625297246561119872681663560084412801866240410468726099219318924015213958798271104575160846490340944071277867888188790860914
301 58642090099943418991984128604815395401863011718299129911906904231643580649893984275457676277091000477599997548374297646453097731732757975796492560987
302 183487773141170195594679585415561755861014069481505376629344535728121218449586734082076905619022690510735258062646171595252613995964223534114530689456
303 574122832847972161139270606986215467344193994100281229038019802963219846210070441401812041178228028164314438472165113487125800908870572321488107719828
304 1796397773838493079543270225034493339301404261031917733563474540186951175252141547753476539429132080426478112466417520148129085665791285213198578785278
305 5620826724211499650860363786375625942948237618195895808086806194031025656841579846273917334007138663319407557457868491837307745835260182711062285682870
306 17587247949045076144115253070442406045047658247220792541427242523209392309453744835707112574633982026534125290406331067876363957593386011642669451310454
307 55029501103252923720073684424869305524862747759833095339574840238310127414101531576014100970545953349094766506840240088921237657921503564594743666915526
308 172184187113671615504549214259317231768661319240267435649854060623818836658128475349602653241992805106131492660353137209808779746128842373412496837038121
309 538754553423406394430265605402992698779113476758717986636517517997497555593450272555819150680518784648110270514124762707231789847342447276494230294542249
310 1685732433971036641353182295459223350798946913070484112635675285874338423134584941277815758079441230193086668319835432430117997211786741422644651637384702
311 5274561153840740700922038327025785552682071812173843780419893203244922246779999047570836297930567771982456938438486982614085616224988907112364443913288687
312 16503802623093963348263224711591347120710649262398394212017882419578915913266987035496864406074750823686205462001399100508421413813721572528948694996549811
313 51639462142496803020600782271058269830163140450321547109559748668095156793423229421867050558319533983020532385503902053713553269747811363205745306910424770
314 161576947523288263620280329559209050019604741798069857106061245542279461916167612100697710112143862180754473581491006522688971002312714121411140456161818489
315 505565102496653402831099750971612213480290304854193837514859727097634834966430455570604971189121400258795554365734377425660781341094082321847501362996614258
316 1581884524867709342860357982034171884211446868365173478529188688974708397055578366908629917798302704940946779395934847945471927753014770836765969434789803112
317 4949626937576259915707581882604290953377851780108529498358460911887228416482825608268931197005403916097223286563631381419483611607928836852436694320406210318
318 15487101894007935920024360349558156730587822099451702904454295492321390813065140489057384978838885466455705702094257165591857298520068441642340286860103455201
319 48458263238892592391493971549481650639891029726982583520189868209374062697466595202094423552814519908917673334470151821746623568095199424361066325612189820175
320 151623156624180594387873910613013705717504006988808425371153320726509568795673559597930005183351017714174229379631027894131759558951966616931866811805396450533
321 474420255454581914153881115896324679330918389499380775481230994593011044060857450188452697770142782899841510205954609872658746259979383805052273362337042590756
322 1484434065328621858014631028120149920820571002632436056801064490840265435446623824264882277231235342890884396060546589856472042212742951549712043738462759605195
323 4644709978069250086442166292795403286814124864316026355367950317764675693334636856296143089665630222774422300192760604174984902442666750133004754701371433037490
324 14533034025731672342637586244324064271017724977568601826609777363907247980769481290164082582320551788373368728801925070684789976356615504211324812584423486658323
325 45473039003583083749896991899128490868058728099179372797658206719607185209397792487437229085083251876454975220875800188129471180535148181404294347797976325815657
326 142282559344471375838498530414423220730972111515318229635564742163178767728840965395824874396220865249253536999193529273966644339615415092331518797960886436178434
327 445194056460969130356763479483247617143838053607915053056885821422163423369756850580527064370270119721338825306514755487527085006447456742278936059116315316089538
328 1392986946687741537109530968251920040903767999830896618052778989788467462226701520778772392981361362538295376350058782750321431672888561978944230140366326420067752
329 4358577131661585736286589301221424175869949981419189201082814123925714615530962628298467723357572447555402682743193577707961626286131080250499604954101945640812809
330 13637740581715469580442658068117768703770299111936509349796360471257002024696573751652957941677155514702262411204693296568245009988099384295837640848875816348575922
331 42671716607494400120202392080790564087679911000692061410271522953332245134382502562318254580807220711924847162229824841928802678172325629269090283298682222093273487
332 133517380486883289240796985066235274468902879265916570350042990472178850667706505684262938546573423260479791221776034810788107176659743603425486360166276442765421711
333 417768309066531428496532038618638227313801328075590861350424688288991177080373652720130980970332158301419829881881464058230222336317745666208656121364658441097673316
334 1307173338960576300105102466379713302423359174373108905233940390684465900276106215560977747398059097092848512385975119027058981066138959224870346445642084205021727574
335 4090071221312345693364678164996877462722823705565036006365370687757356253714016736231827633876125853565805195964385562373426920360106721047923329845589926311316228066
336 12797600820645250230347372633216155750512531463117096442209008253111988775582346651524991351968541249658936007777075523522711757189690849924619498398573473780485784031
337 40042966956460422447010310988457926445277822813774964996701170902724888378121745739681813089320110568543147346425454264360996584621018747328606123176574667305317337573
338 125292171958473108929346468001012223986550153071216660185011507819563317079671005380714102795738145614220904340926566725123762886951846741818499989709419712177689184148
339 392032098199429307704412399796505004528998138893956348181206612900481066800412931099132913763866358666817677111335135508659079109902049297502848939463389502180234565798
340 1226646195179582223008496374963530855101197682286876747532502792128491670547750650513086693514357689961540894477802891449052029644520044164255349402683581260200955391119
341 3838106356748152883379687508056138987588481319270664843455671712740091778941662139396002234178248721941984879004634318452063183836735458126795164702623148513112327361926
342 12009217053458464863559722483276783700878750572938144316822854393430349496109576823843310177365466869403243758365187129987897784353665691528576186348970430911353280473582
343 37576158874156248450896871263016197138179831787965141106070960243373444588692823668346805859905776819661952447035803643342965661295217668666295440291967165397986356729182
344 117573669411629709579239472398237299339129401126472367223020034476136734771045980801245240772657721505723583843809402064029183944551224586607238898900762865427725612041840
345 367881341603082948711159831834433892312088574026963172175856370388557145280491424272702569482861421061779211391523958193137826972020745168404646484348115591309060537774527
346 1151079847868535477065532689798464660565122107351460624106738551619911288490343026118895604557208518141486976265884354590175068951085811072998202352504458119136834344003356
347 3601663542911106513932631261528196304053758800568521456081557908094645125719025112355326245392137498582732781928477296026963652770389531431401279955409438966239667470887588
348 11269400902426805760954175444400478111638642927180367135263186984303073549221172625332421872964640173739007154668724656998754444092192726649424118095919202897047152433070690
349 35261316107547529841894808730757029941353144770870926952495127682724586685064687042659645789446571480856309866265534768245826956576129664065781814358449797767938348024931264
350 110330657716564134776589220450918279989283450370084461050854040020798630999372849116058453661112694226269359221091885751576895774528122366619157827126158285471068764550976442
351 345218368907225420245783118705615218767013526585290810249830060023795886718492001151596142549657251560806776189388036981412489071883532866021096894840330159739531690181971093
352 1080168691979737224011674882454667966396731559823238854944944419575580087433008753836638085532113608018114393725624699236290608931973417918250182606254358619964680047860787217
353 3379786558944013518568578538746067567987359303797619766258166301764076868019699724148129555001075423932166712391838699058990327175915225641631815233325942427084938345365741920
354 10575160406734782378334442457748776758145726469628022330421022890126379342757489283428349520340115219566749303954556842832812899890486110898905747758656275790004968339869435753
355 33089076980977338947780602865329870894473259966497198180301025155184662214735316858392738660781684375447269791700866230302707996278268176479062509179804211002765644410654551468
356 103533844721236237208136160462316244645480275564469794673422655196923695172494527939568913378139178851960828676171048764457139462893009647570004059535547005152751851965392026581
357 323951526629874769523464587206399931040090323461014980164752272612553071192348637506159766058945886970877250377383967820459036391202679582808518120991107327048978561365369587722
358 1013625948967592631631437920891958850314796423734292549577577120238363717579568994262783229714511169715107104040201549878553325191425433360291474086920839383528002849319861911454
359 3171578091046731734929279706976236002847246350152544747103695493233813310691718756702215655401247328421092035729874196965668651641743279928586861043789886749080350541815486980760
360 9923687922406603251226070428330140485570673655630958207899530986490869957393139559217259118822402339478734062605304296209752414966984199527179593636252503406821204678951753485489
361 31050656535723822598456065455308555928749381343346950903389429495042661077197922561520560564429829859359932417421660968085007002728371821151271828363871261147319259337780744472080
362 97155742788178410748538627016019822771324772345320054787416831748163038372568730079078488193548346822617863482717554247741377207048272578902877568930469610871322554784216656317440
363 303994807512775927816440603204581044458044631596657323163156450811434137029845530526745736729235523221559907738391665771746667097586191223028210633741136752779019528597196273496058
364 951182507000236496421298682885560374928971192886581449638312494490923837852763992986011071603726260074999801086351907796986137768095560277578628339913644473104694126953560572239467
365 2976196103564141584658835397851428094706485214166684211299656882452659324269017551655044869366653620018173509963133430272698336432665518359232630575270624078956324912526833723036865
366 9312348767646308537257995606709515759866021762324296512472485543063975516214016444110463533599322850695118781745333180897445225685779983557332692098910259779623316078068025824738489
367 29137811001913629761036162876412500492896955418838003734575627722766103255519634946405384548835475975866330355380099076773880719657283593591580499866838828518506950735522258230478647
368 91170557629128223442909425233966134191073346532291037047380425276461588150854364923528489872930840324455074834928756306959713761419773607632179268908848524105693438342567367102937297
369 285267502691272660263218073574669033766709914653110962767975887131529490463627827235194961378282967636449379522051563171251368868697623586725184952974026663370582182598592621500690632
370 892585832618795071312891044131424597982217326508626290151410866191098123329398937493955178075599339920874243623546308259490236691951035541127122840737452132192452993192682349976595754
371 2792850433629718195313542049864948763848655612583647209636523943723857982934808272766730672113509637105235400866446335566423761130843125469283655448076404455353598461466932793838055380
372 8738670567670693972200204983290697768432849989644043889899861180954150909856447045214164145487798258639401599071141019079788958201779561900490380069097348477915077095158884434519684514
373 27342804459108601093966777021822287999699522981200532001356057220004605759444006621411618985010549565817576198681099937512712378023313790581536509031795505783337322026419967007787476578
374 85554083987895523010846362472046218671249375822926025480615546590846191617303508779235184906479386203811030109239754736770325394426425375244599467410820067888574676187218139569943106098
375 267693875291916678012965321130697638928989316138771958692354228903065458384809603302534735540590723074451326442320633709355647784021587063301261647756770247061600913614275051704321793254
376 837598949442821873047243652048828613483402768992931362987581257763459093330871939535653379654857840198943278231786707107310909515560707171807140863027883336368636655738182517713416786830
377 2620799595592778357106937260638079854593121406980989091803906696426954717937530654424448537099880706175358354725018357192980430930619883340018988400147821346548167300107592577237259372918
378 8200333255943452299871686740681678682511194950139758521857821917296964921505356979336634486045376005439395580593913432417846586541496735908786471174753296290654466828502606791544752435005
379 25658377550734630159168716389699530199798401453400714287642007544262940239031565224946392963705836201326500167291765808244039176092207600376006588876018242249978629635727978363663225522771
380 80283607749585182449311592882914789071368347010849017130296057430250147210434744635851127787574947357275693908434266610591731111714284624811814942781647711209398721863562929941781620642799
381 251202854137778979354317436822397238347455001310065676999091450806255035020342565395627441707180658350574403660727499085203809556561998661038832060475192641623152879078815404468943125492929
382 785999479791593048682541208175644222193288330269584333923306399994148041755776321138061203284034174149196254131580302528610563990424893817718144465828916941993727998923939909880353539241069
383 2459347782305882806539327795641140917927636312203047444863290634887879984154658455151187517192932960730860911320076261894256505245570232506967952404022091122081665994500788396297424960893707
384 7695159691373572790280458604140811793949521693487180507063768955721692690696014590434203847301016606839028755356479606926267314304829556831944966844583092217283933730832945028975553359148620
385 24077718125827744374134103550757041761834615054749183899087615737335507701551367268581578586801400273826769306415417382445743458250530594466514781078143894996807014444826777471672925531441849
386 75337814080286088977278540119237507136021716556686584100198241386167718646169690811328174244766085363709026413287398493073146410724437215804437748522971148951566573063883276672446729042855524
387 235727746322747956287706234198046975981537378199605411869816573249757166430254048104479766393464604024841475649863254984338091135518624702261416589484247289370803225460662263804770066682993194
388 737578745345391888477566875729617599385151452871587394405553919268176817249709255068476188080785737470894795035266954856037602128330977636727616963976701029065628940169872445890280242587938391
389 2307842051145015194564077200488811080596558199214543664749382512125710735204786975402464966157365635973374408142289745838295874456692464282327715183424876237041209090090462888414371530674261693
390 7221106853532119063543673360465565376507870000844754206764190353562151216294866696357423604895163951066434553212747133916612214906687265008124919019080099647857449465655683515241529024538309943
391 22594433689366900544654645133727786080232019816265571091618298523091066976690432103725348105027615994237777800010734267722901500379002714449770219397534734940964097328541813160585830948479430552
392 70696701225725361292142272346736938393591515261115755314445431684946323756712312346028517886266454946301024071961149320037536423440033514285036568730927432983391690968454542215960264180579175791
393 221205967492408665864890578981451603933890334459909259243742675288518097864175674586239250115450219835596915619773729556982766837805405583498181657827762016403014071644105157758735771675412662932
394 692140923209681304217153001020413581934610037488655013910190492258917929456269497007342627532731681308672600413930596150116869357861444251577598158910868913157805273700220309435863632298457651731
395 2165669683382254477877979087110075524909951065616494886601585912312950713502520376666448131902499930397297087347937645502987332740679218108255732142965729911644704990375332627848907167255967963927
396 6776257580279124501159555438908727277597600854137077099550745139092081035309417002649939541815586281928721747536428886568835510046745015580466098455780991290267326896480605866215291870248321205794
397 21202525549777267256433031187979196752118367827043078552053736375713150453084270191003832400244514171513085205593165412315596082870331025160608253024010468651672595080996968257395349091672916105079
398 66341499620272739269123774395694585436139246606050076741268490028165721662776787060680541609676359374748034338157904191924757787490022731294012138042352663895016644906119568580073756460950998840202
399 207578788740706533508243695126128335829391166695881805389048728579779685402145644593447967845449367672237201273756038683521301219449069859618492361009802051884774611273241013810835801042511368899507
400 649502253969123177279929182805467149434595130280090463124678756588206312778611111586494614388927704213052351698941339309484059634660933671388854055974293431452878667452583877685192098489583366012854
401 2032255706231728767631175806467857187565948695587606530834620898990682122238100825521160110274725166634943753138824553946330501049162188224567656521816577822678265961808576838856806848807356834043094
402 6358812814385956838510399168467095172749641965538203483078296209046449083701334858206910975860497528495773277710821797938051737933214267219580716043751717782227800878172121490660060015557279011085998
403 19896364559051454884821997008208296405846396352290631515378626267628460960672189458818958395150716906345825586630604709924666253592018868677099016206667749486673958084367555809155599110089071658554627
404 62254595979156182113031914800298911266376816326926478954865974536736956899191145002485365959943869386260986878168451978455686121033886509008969001440886782437878573510723073553070842504204013571647217
405 194791099098796228664561551921891517282009580279061703165082833291763539998863587295659264194594760211861075361716955163872554235708520692091024706348293640678097858182059754571112768032910102393713023
406 609490298528660562079888879966911214321956991551917063832143511796220628459629697841183157301481082300971185522404815159827982956961600361452588545416792138081792384593014017590471894244461313803559231
407 1907060567547521149396700645574259816871869998503423929364964355140493750577231934940602346752539032191074060842896912593263696272974963995069410832271080385981503600552218177647046712802431524417195254
408 5967084327796980489120860592099913969241613977216399876292489981472365160680731190319727156390107384367874782916695031417455920099673940318788824753105692573211082637638708385132277641071140615112550640
409 18670668347377011601326074548806009740821846114441158336852212683780883832046596089212648581483379103061969855568301558786388704940167169496254379954123764526220888667010424344272127236070793599836169226
410 58419462066902789071233689979461853731632284258775969749797492440016552926852985186344084565423171528127648859670867378747395867311927516769429940122675143627359847685459183713166264961642867790690110981
411 182791182655534291231906531181983592321282136658879048516517026431985502137803793298550738183741869269492545064861855974820532238795082051648309898950465136400912020865817700090565194191042729705807536618
412 571943240736183128589225571157305608991340343950137775593392628546775326527058306035523612807088904121437761005991526127864922415126880435743497592921819987081941982222736032705745329274358674743231528266
413 1789577953769552256687705930053374754878692909241072858448513667889634605102014006835658897055358881093650074818857029822611582656397048363508950962908643208573748320248133513250380866241643390757186084712
414 5599487894106011634495729841363992334543475964857960676170895901562503452313618272661471831370355388277423252000350191388356725121650630538539225867928764475349459420866704526210883737833717601021804238476
415 17520479960202578597787184522000989461122685161702764808694109342032663028638341734542787108594840836958713918361690069589876117356365775490107399910711621902902883424198307015663828106299370103071125665322
416 54820587853930724116204263179837593399511121314166297875188203912079934075368744386752390277372956874164194706949634996263140724833220655828450599458367258929078347363827689278310768609444089021151856955349
417 171530509408247308419899315728647264060607935569355672119716247839671228007149533311574460443801807834834743080522050564234013298229374771507217095299136711761661112544026827892833280726527329593876705638493
418 536709232966445879940446398730123461314465049651354766229969684966526712181676206784805942329684211528110937601732721900064942299807822688478679363672039567496932550287975722260295469893683679549612484933176
419 1679332742292787138737991251905064353137849180250651912624122634062145481967396033227279529262243800022817261815038885398140009556685707067439608674026988336079584578267463563318752328598173464359777860594623
420 5254536881635729159345191463633402723222629431605551485584198969764678374914297494947050897701023100007193297106030550595079068085882386426522247976740849757015062632833562414686849607495412114348734895458383
421 16441147811346833231912531716713765410618061787423130980638488013095293908026113317445000325794780214686311643812448646161816824819054020183529411069211467462633467925889592058117867823511753524047743758236728
422 51443418790964364572433085626834088777024777474484353652978336987177183038738849821360405403673861196988050124883189841994749741182076991203998982235130755428700297862312792530935835681559525727015368640893568
423 160963538997935354112243755532336155068473743314055226079970878355955968966492732156680096253538893614675512316570446587509350267069715486134337252968697782470512364462695403635087678776737300400116913692232794
424 503645782019654868918152387291071105116750576467113897041451363097600334916601686068097836463272299877818950878456406659097258338690762084193436903441539707534048041259804628019191960215744731778252260602052924
425 1575879079978748105900220274214668812653360644180397423019895775416280840454153317015995222309403000356621271060709640207710468701495259251643760048658061070738485673827095765841640850900447223719775023632440958
426 4930836241209204903811093347108435298960433849772869023901814434900576364880126787567991784601996141640154556113674084586827523901426994964225131584829633363251420788941576322223759671767343968877718052619691906
427 15428306871076682525552727326720912317832314525061968155414401569384649968118745608105732943593619529068156536658387761651494970184040191384904953715125360069554132487634490257993530749084427235370473229434423003
428 48274296947598173959165763182838228779817610704694625399211316336137796430471131875599680093041123724945843178355566590605392818373646104460978882519249513388857386292789509067184486790471711020619964332794613093
429 151047536535177572103581472250112650874741196295532577791188357882964461666968212621099084672320932665350009885376349370242294715201161704668502494754081193182843882978308064847440332790057970127300437987085110435
430 472619172851174013847200256439290256554540040238995318689366000531280180099952520940528710155792625318325818779028675824643120133568036148442269074826620129521379382671920158607301686151793368227699479485817984488
431 1478798580038459325374572007750744165664249156893601422331331494598535370283991436239824542859405396519889386001064292686886114043698095629854596735250061058072749446435549900829135615907379399950204956869008123417
432 4627076864298928619298569241198904082458318601195868370973674891614952146409063749824287025448971101499763204258284050848011349218139350443478458823059109371771626931074910708456899935558863405709156506958246133253
433 14477861013075625975612851475259207691953126332190520373954796406542417841679158342141035555856611933555113457487170630449215935768222717658189501052243529491093891390338348105039886056970950134676303099280709886645
434 45300405776962170461196010550858890409523768800776178180492147566863610441188151739822416069039133482583858433824322975009750290377669496230146522535189301858940616139471759777577153880971834892906732754941176863751
435 141742399771903942337161418390001563103673880127917589763381893572344491382995102949911328539385885114491666038645371430984298054260084579272244033192105035569718571890353845244233879652261190064365629365365394270427
436 443503927801803547048524020634884648548190994103936300658496448841296243951696460120631093158933247753437725821575663845121992637088983743008035125663239713553838709784324410932984937047656188982699725757742791179551
437 1387698629994666098259192119808146455970069019326422861557081230723486738263474225800211091881855485582416239080140105752869925512461607725013814314592175565727103000677790176267205128148778894108025566780148785260445
438 4342030288736581845017942288294018964769864106798344627579777545395168007909114064565777389277996373193417384575750251573408828896311409594344662515640339380895462266428933934223211081164977910793002655539044959891191
439 13585966448909984523046337426707312870286129209567750619824195854273369443225131830580520254412444978426476162286672599643286284795481231766362075066547531491195736766057801185034719259520135564743842976126625499947132
440 42509718283106524561690980096481332779506771763128947622790170901428520448811500810218567686210838561046179668424080525466994156007241250998518280235057547420697453628586997728721463438636966841102537551328957125491511
441 133010496920082165118596006206684567747891691154701250588796909678936110553859380543755325325859788413529603833035248653404412782990931398705413245273911557349237439751532733593373819769614692728245461830064903679458398
442 416182299141651865082257453282269517062128781082937810432397996095091940116748302129672973759580649668917177634869188541608904123357034873603907473499878885184645335564897840781838953731706243406029089700315750093720779
443 1302210803880398001674279283144137933171041298289659688173292371085288052181403103331542161953894635986711676367983220055974874157532271248084790503402864478988208645666313906987067923451595202416887309875665382047972351
444 4074543730572418382503133822240891555322566081347952189851596326391685556674073437147424888695744066666321402123164919599342365684004645859063254539001275418306475886574856777968704454858603950511216148846614708473791566
445 12749016182998746011963694620837556952503604655626192125892918647738571795763901062507263792048413157927055916105528353604683585925776815830852172867360083694281788804035762413620746865552742171674578010045616960614696308
446 39890948381484079227790884332764312126619127312467233880475904157513235045404740249438293170827051439952425045749505932590026994073219391448029573675065312090692114775164853054019982310105707422748653785570177642737987950
447 124816514461426799692795033799590718390402694319558066106257427798039022996715769147260794090084508759197068258903678097830029264163323177889345261324537067234430050805010933571293710279870020274742908405592111425749863816
448 390543792875349219512028412732288080120085974772644383917260538557542292046576156243796911506317657121966965225037754046265207475813441371605059295426369184790606999958596645672419096180705116628845043169369649421980479301
449 1221989372252497185541448653240114309195913943501783967809761612707652224710175271133060144845896230646167378430965816780810099538433391618120605170642862731631974669719066951023486148337741064225163320385452369552223296278
450 3823535421992121669749858851362304146454776629877847216836995646403297901778852607023952198050723573357440766105202219781614592719537554414594881819919140671854121193387547260994519268306517319331058965963715585721223821845
451 11963625425219893144622754185527393983669103909838834635001996550784548309014776813059516207116291481790544593200134715851479923161697564792161562652274683224154594836670394130668300483745853802591595701926229262104258425337
452 37433505255823096850456768121158562701656318966650182919592508249810249445579376470737453528580130351748361916328999830078738982355519912277449397272656945503352603633889865094323435693129756115553514624427393435304705087325
453 117127314332643436311008499613821290689264012901716048091027915605030982606531803847838085396302502150457947080803888540416242303002425604982968366939306786839913337154225313608265537891263873778518190523301503271809517341556
454 366484721882778650834268616452952223392786330956170151473585035909344142038556205232591773846675288943195196013056691974109937085771696604447821118948427375602907962624983610766443226331941125647051873347440447015507334276509
455 1146709903994315911438632944868898314188233580913505731759762011997423839535669666843617622270895985533829045337626204557452285613146950567621888066190319461377645943717111311986339778715653758887274918673814992357835143325826
456 3587990236436765489535348409379040805926069543320786021309227786561570975590652850482924685412563851037411783830485570414406993229299849978327284079985745479870269374187570587497869944591321620004413371715543201957022354480957
457 11226617902158948659730460405316056891307572793604938130949887632393977168041159060797747341044952538071204509885387617788074269226021711832581323062917146552527965686634297678038413075602091716837164822768079151120148425322265
458 35127450526800523661240054765593781840770091839316499409645615448884665738882310960524791225339142397163875500874731993431957581020108988209208723987433098740153184977243571994168622262958600832909402463347436131009321488446174
459 109911799908637173283107006574140411924244801422667199447822143422495579070426055704116484426150673690331023546712987241280796975379711667660816168816776163702779264566930189183863813265945942799831766637585004631645818057162082
460 343907786588138121823656874189771330917176349243454253421779496705758494136335971287388451670201664950177807080261946741770732887808649746341996050489217743363581427054935704564804326057477232201021919160052320443823907109171837
461 1076067954253000724790869846966795300005040460334153240043115661416960699603344595079968567201947145707095275020426202575265132885709513283549512627385143672078492744841543441438850843573444962971009040739867012137680573571566446
462 3366955583233009815166349696625993166824612269205319820369223584246986833519327543594721019981054373805367148022842373659874476033345772982611406099954859845817847150769091099401078448806226628008264017448501439002220868798563349
463 10535013011639756867589487662171844642822751485072450491850275401484375393824200730580075614838805084613784461837138019762108278172634121252735614799287821016049438953259482390366005051816887813331592670062385333829803117868289300
464 32963458059297532081412184188318237460202195058081495555266682939041082123541480977718906965759549006331124349188186758555280776316643594010640771804195406155743232206803184498500499479054991221882901153811569366515852318168153224
465 103140790241695354197511026066060097092030591057428843962730717037570480472236182857949158445520301684123804325179845611092431201918424171287503420452135626411514376599809573043077668349036866099950529370666113746550281572031413864
466 322721681461477747301560118613180803675391916524651876916841989410552592354922716959790932808352904421583357229722396295504488792691008034598474526104874015784806080629178932663076385801287068052134470548266185655143022627202013770
467 1009777833205125720504555283029846424592525918912150645347361138911660846704692360391991186786977279025515701778183870901087999978956392715308740903701412183264514489467746589632754188944961115334748401096372042894357997934500523149
468 3159537555130615555615639857332753966988270503308259323816234556521533778485053946210923348250858514555308960435246617397613787787294904086472572551921652218066028212930416116455207672720879579332757761509542040949402415769985975636
469 9886013768587918521169517817649568467529406449519814630729022637954120644911132600539851523062848114153857001160832605286153983640470719364444106907022525488040671466152205559461878555540732274704510609815884525090879780612846988913
470 30932776245690042844820270586399613136389245568279950715811961212738780600034534640605294984183946049176074603901594142097409040891183725663799949662248199108645140501811681849060398148313353106803701865573515273752081125833854739782
471 96786902048043290722371260495788500114662599407038905811696952072795023551312799218480697050477102366802925393967181882301732602703543934959384969812577266355789043079251332219563413222330368298305722990536543814239931380024318781483
472 302840725761327585233812519890183862055926561937157441483382650892836561178477560291010309219116640329814222160250622679412127414358887027414786638757510006062100100335977958829645074523436304845723072726110673921928891351060195774390
473 947571450671322971410040592918324129139353572019874392335583170619187971181006638959002209890829874008727529571161276494268693029511791717797038861006008699177806222750641404290144244333368320118025291095029155088263405587031682581424
474 2964897313167168489064793882159371809571191598321546938133401537500305530563752015622358632374567112311978579454165185803446505134366485892753164937407946075086118695950537893354646099512546921830938104413968858521614394066376516485534
475 9276995493477599601256413764948785060359317335382848059847096432833642338603870926407927487135307542456087645778422310334292617697289889855057819707879222690036902562058567645534808246580057761807770270002769701739068504576571267004641
476 29027192612640497143250956814321033078578462642603804374546958677575851978488469062179677670198196940911101894585407469235759121844531964409050459807864446885352881108408490363322749949115682610416837748072631567805206575359478356853390
477 90824438964503583875977247284538210470093330052956077635389889859307495117727719299621028277237550879104888330142469715647470320241955492674284828572374033925966883966329729780945805989273400473377631710523717463532589142969120061367669
478 284184517025067152505083782670703954131960620687203204972668460596150869772737390931819688475975628572151509836528794479731262326107573485372132085381791424206942815017271811890260068260414390707904122278855527700244396921802624345755537
479 889197231907306327707506335780153052673223707491756528520455688715010319019955959862993047394788550829995479032674273835389398352648429561541978327881391806869918090683104811454960625308522466983310256626024745569384452563039841210776088
480 2782247694239700198365722072885208908655232720656720133504478544671071729292920325853123369154231768981247069874179683436254414141314498023331287659811226336714311545604873268205990546066823203827122338108796538488045368870103149833935017
481 8705495197615586598404816393305086944030300658598499378674336308548006487622856650634716479524761407567566301589960259662346877963880030457849025407201220957693232596828149531894866882721768631194062901508782605439716651929043704950520815
482 27239000608253841295769934008138499154278171734843939104127808162576754263008625787267205663325344516974376035479541998291850288956719084959901710896255797474703269244377595406648640585687708320160824645369769682220502472395288696554143890
483 85229287627391373636143349631733103203182723734496782802662468695334100506873900995363577921257643412148800314496706093262919043233907641578949049954484294754225265438342595909280748937905518483153033665105852619647896633917503594517168911
484 266677605905684133185735537563923401191495033629780652009271949156377863312603673072806675570910227605066178659794332986448505547417836254842099985787240509272483059326347409601303525784987701170071299297830502245849510374178698272944562620
485 834419100186536013318334445848063423369377841601789631776261858782596572598115627161416444405079400357530562074688123682823288745653003882654665577486334047080619782351346316199184690901137323070874464844481041927085755214241414962459534813
486 2610850027663563952262554632924410611860338517655001501414535696701775874316819567327848816337166508954151699058302021699027703978645060503179798750812561609183104311602935507093744627260727540050580632810426600768335884123753390610051148755
487 8169201622334606616960451319898404159237329925116996833480130108106823210478772300838562090554643529132579924304889468652719575386141040836201918890433338639371903496104116010774864147738743962501269019217519715970337619123690248797406835029
488 25560968435278504597748254130798027097591408593355521659475264268075592152490452316934989000878315967866290854823776003577261906962560757487396611798787463643761162436915861810134647328477653182920093283485578379478723995683708686361571047852
489 79978820153368299525752802573212601811942964292244921938094279476892812867851416598525563995055022655962050648302442447648783746005541750319115244413194904445433222730061911839601426187621048221758208764901743859538153238240752387565890598976
490 250249191039898708602547508710360040965583446306309374443314421611087880325586057088980425830570834486582527373385801017730478635787679086750302003910674950485566663462321890347288957395821266812651737099044063922140736278562367412945102434725
491 783015522059889868098348109623583053739455895154057251887034901513362067767673592189985633612342856314024096432971892460278152384369901710754759147339354658220350818037486516623021030395623556971261622891164775988687141311940719477530527910429
492 2450011147844108698061046459805772577159232449050045632451180041009248995873925784415361480683568180699346308087125264917167739847526457522190712933228467327179247388622176218281404586901735907023425025017862544486229449167049247353174559395974
493 7665945891812467237988213839758987613618128611921891354902749366772718115981032404430980056765531787421949132477582755084136121223543017240089657305492599365437879593788731969767592629419204430679058298369402948071790610623859329910088885127651
494 23986309804307756037614755782126884874547985688374581732255790530684109054328303250487023087506270018629445197302235639308658059874244677934508710351440993102831369783559983461232074287656290779180882331770513876566729790643904990222999955979079
495 75051802627868724537225103756382187503666258502309308467994133129925943438025245724786290658767871265192512172572046151904735012307000739661339519232480171889801098923478955251526455578259693671261805437330285354780706558383409666472670706422220
496 234832832713640688205715323350731109416355593607799003219084118696320540136533022561565933721715741970006959546310923225100552130550787196504383565270071363496608932015787816798248356798905066907109476256266375163522613160234999889584182698547936
497 734778611431185124859570378893431934707338913654081498581273599664414378421595055251194972201266144816790022389196721558585569201320693483336559016796600310847769098772115451454701026343038425808827970452245946796213732106910319664687955803930976
498 2299080590979812738684843411892526797990363246220490311279557014244294065181437320279113072806659818910593502831242978569032369743176598806916309362796840839068830940288439287028183208527099155954646840042932354368342106287372678974885500381551022
499 7193692741715193580413452347401579080873661152195037400774771784051253608996981038213793626087350487755357109741246541544293843214814511464050321288915847307856666655996790462304776223539625464659412749538077335879511321476762170753299330042177924
500 22508656488701681596494379477521586911755947006618032689693262484167672918158630371693003024988006520849033148933145251035822260706069833971983750352153968995016635342506635198243533597270879920921124693699515986785720750935373414219785598444558338
501 70428309231007568765159896692343906438686231451446946981482968397467161614626111567690453776495920528586809873975873485849702795220975180918278092820321019586025513692077411523032480521457188591922113658148768724069409558118878099662166011879615481
502 220366184166886781363890017797336726665949590062253172405889476722878689021898548068420837047573566445405733563325150266864976990787605953755614623458491448502352326606364565694137147273182051499338322729120494991277858609891668865479342591543599154
503 689513288825257381708036089031015367908730563814432465781379331638414359825211125349487336976740531591002333187439358995216895427834332003040704991678790663933812910865989518795515343140540241737378120453905337186157926066683280068014187496548915185
504 2157447964459797785252913174412385335444201557474600824584533629244909956417796696137929667486824892100438071806225267181472737928764301557370845554273702064336522194448553522572355399828967445016964885581669447479593263169323568268438612099241061421
505 6750532288191084558495840560553220285674771404287011164522286483322693328530506975647792393063617345775926681530524754970628215527522133046316282894640486587729985859193782864748557901083817679194869139070097458511732226476565459632135370714877975033
506 21122032570236533460109284390373210762211097395247076742477010435027587081115495921805560163610032305721126669977296744095693208527251020253665068368733646697876071627700979360133152688547938375562082743201116371044485999883582541174800051177147410036
507 66089641653678174333644597686923871483082043234692287000655147651060889283932885440817698235527468110311438272769914756210901008109721088006762176184478285860804564391054782744913888204090429755461541080775348940265721349830684038700084066104805925582
508 206790739451202363176082185616341541859273128644180684476235467513540142639793499632689978886424988022622901748586859367545365590013961281553330632274840166979637490735863190361512913917111432825521056851169987677954951699916336700441319023516963153740
509 647036492448512896779867324715857474078927785496137444414665943218645756963401827312176515686555340659346467014568458908905686879945663187488701095673216298332443610414612608505599207136668160716983346216419642712554368544635939255089810769875172981743
510 2024540478317053834491496512256383315007661148393085039576260791221515413226741213789335333212191739894221021086216789791018180984217887382042359002513714560463669205260415918361759319409286310728317054680707692886339759305330332458730311427914505328650
511 6334672303927894846123951491825736341811063289924321877221450387156341415608448413933867089376662928847327225307740885457105995325972100641549659279163435007700459362222014739288665486343936352208141807818926797973731085836300595528477480337216895960301
512 19820830271325833739742934834527418472052103778820530044487979945461952808283083915979029104865937633094588972796476814069366840818977585815069233904135788579432719822805642056932913971456606138925695633879994854160192393364577169887732322445190661777381
513 62018253477943183539818485059316319874463719445842027272569973074080056779524225244530069141330252149525320808871648687270130271196567745729018612356589859120104703766011309966694835809744387180238048914976543307023184536525566907318970086645850946345065
514 194051596820274452958633340499395838930421829938559861738721678179310651684279529581819233228924473325455305914523136976438115130115240754073555106841193849581830783343359364060587149875562323399714760033203475873967158265716497891554456486880939994960265
515 607176437851329196665997665268433378415846758099914000194355350357251615898627094066211393485300538355892105007273064333649550333243213964411866968306714616201226377854165674596281288436070910541045016012396180142160705652932293407962748265774265992861522
516 1899820628754090223743579451209290210631838789722230955720292555881014967270375914873644728109176921021800359125722083636275532256009930964549277593710765742189679794734621476282688794944992790384326700709786424303924246211581258499487583713002885560602553
517 5944430970036011241150638764173933742673508701709535943289148663094155555464804879054393896798149391324987058125212551425812184443583173335180860204407583920828335432342275257102475420762535435936127869161336625682346207910728416761151646696712755869364360
518 18599787276074020934218241993644341100425235891130997773461621204240967258157250176625066223194404006226015604236312666120035147571795734548844398834276181155120015532948261433848455587584064655067052694311235723256805221562580299669785044584643786722747870
519 58197679215897981363254764192592304787975746924810571818887955029480162473940844811262415096424027898028677688409419407137218776989372289676127223143076668418628621039031697293830447537612419373847754798670170104015832640086843466108062980265766150705310582
520 182097236696541070230596242200219496152459636940782890167315968089684134499893012554654166308247162587373256483381053033827071435069194397603026130820760845650236528713963352128675740726166584523269078061887192646556042602123595089787926069665405447489727422
521 569771923198234344159294667361084510516926553745273377762557143139350752174055996629498269254889773571244657409975347244138355470259453399321621173166879729319609293602151648064104522723694071455439845185230846845436350714174666960837201178443238289553390410
522 1782784024372738769441125943966899882214849615953139078580811742214459969148763383711299798447021693018355962193057606878319019448284732564828193128456151871832019405977695196541471010842301133035607951945435278302474446992167419748036747755677419228998211012
523 5578230074444825253932051458099948648119858226715362358935186272533043921488829422610892786171498148165678865957789621059882706228724531241853662037949045259284900512108594356130483121681799808203430909961848092136107886082114853309957909736248177610234324987
524 17453965448444556563624236255791214629262117894879152159527180719938950781942938630965084949686697774597952309311394842460592269864744229135573645856247217894746551132098443686312362369699926300450651140899684531648763437864475964744906291444217445120813202410
525 54612467720026025173435533179651066664581166800791654150456004988099531868316998651282193614015644579548035256273926807796051707624734881968162483960855100074094440331847253713465792459587397849748870141011148353005705391719519188407727884013681325370931699460
526 170879313315970709830758595721464973225662170539858622394455371543854869402403504823230683173411274597275922482956184603211386741099052431142821250811986250814023136038419182730899970299978659752017400493421965397325325220514320954757100735330433971142186672841
527 534671677336241963627357884029304770745750818316249546071642027862056522653803955268469470850334109280752550310103216132116843451291981837807391802357944857251718782776725114911734713027834879362070304644185092503901355909075051119715274938536551350185170389776
528 1672957346316958320294347093115844130744407373723914773351471040059128316177655978397615392722642477121218105202725486651678386594015406676421560939723414949212217084327963717394031063455977121476631750131518748241833752606045161071204398971107714867280329690808
529 5234588629305290201908169768619544505711765326598926254104264103827103276337613942804719024880647745566050439489324516050436121480679044146918014558999532093987095426911095080556726920602959875550262945120840417971615733310175106115312645630481623520678450994438
530 16378730861474612788839305794956681182458475992650300524550531952150722829903678227524565956066456373435193222653754086468748527673643889646198246114060798951763525974386504880184215668468057971435458589262427842275035928738507666744459311765629359190702116070007
531 51248119695744550316424221168660104472627146071596746369056795251365135643106888728356917311765481686289129600626512959649534946431719978582291085634895058229246788816364802731956480426939845061266189476622878955556142717739160741049053570447348912054833406621527
532 160352459208362784796696189781419067839384621111744799087591742813183445379414901504012816215251317615324758778658776418415406088804010771954690643030628443317869076523449723443083070432768063653191018679715390338633798209746786468216306554929259814095615174293899
533 501733748024803211953990707653714508800373918092820931341069690794214057948042808511949859769448753525092099471214008516766119014087900436828684797810699102346224379621890121726461256073129584757626465237354455183147124811827060988908114808050116346446486607861905
534 1569896434079060353827985407632116869620594452675680488159460440671963826640190879711313310118277476665253894529649949963409764392886927625831181195400262430894335528102985763004711946688615767649159814598772626632054410495015009050990333220242948492004171615106129
535 4912116881586193829122607437333482255287854349338418595944411753140425040852231809336961574110774742998036093399636015629769618365492666842367191604021229750275871306650872737225532047447257911315547257060356069814061154378889887210965130422260516264006779911922491
536 15369735056770589923293836721393325264780273615619949486614751821998506803749171683633743378719932855054662611790815855820774845820277615115741342178364426656284946111117878313723415782624828771986642787655060739351687384717591954066197616402506447852355459392190090
537 48091029063429198271789842592595763268484827923487579537379937883532799315956572996762088908781470946767200291262843356800337376038098027097621099022984462953519929205919959001446762214139138831544722983198596315881478283550406765103037399956705834871605936030856378
538 150474101722449235990918857164688033589595269327234246258693076891970691579090545485173527843467325625955761282409871211590777340433043334224069704887246704396456178434220528759550858283690092364233650166265533261899040890326470317222585892066579107001471599627141444
539 470824927853258295420714507484955782744403290438039846771749624314703368628444379372360427290809196895505178255248077597173628405981234768953004033184754878172883126228151366582654035080665291505630391116250050294845185869634898139090790961626291093431007226721426236
540 1473184489227982630172525975305127797657349807810832928655297606853056836037763382087276280930333420634526459135693600777886457918813523782888160721104076892183479634851775333752600785466095569185016166730112788932812838662208184265221622812882161999738587081185969482
541 4609510692641829547372348140619175760693855886093827820829198799481435027577474502196338860099966270251469783523972641281945195185201108154398173884383772735450227680477564223414844919726641139036892757017174606647014634318134855714551051862485598495625058196306462832
542 14422897458494208385073835629008761279826559959402569179313015456515297675096069484057859291438590556054485199666950863315937080200606022142935364515919951932749921559163004781641336408052324763448700450382778526675472900728852103638675425065901913444672522966634093069
543 45128427932774157672380899577215285546701193670912010072230982912269765730987337951510563708579271051536792450767135564184842326829620253598096918420691267711222145413143340235376084872004605537474695956013891465301846689978275592916880033530909822012501423604233575708
544 141204290853789032709099126864865153606864717544534274002452685820501832224731334709259891061097730496742208246286773504243723672988601558310865014657004524396487952322791949316258006089659144837538337296513039274744824135349325016029368535954034800067898104702971435506
545 441820215524085731988777141610588918643253416618455159735398880886467531656027180227128906514053914288832771030400199726148489592490733829167518598246885183339730414876872012534830130769909297369861767947633205443976476742306665864052376001428700902006227089595386591585
546 1382430389795137679990035590282408934534876030006724347881588456196494172795538629484948419169754030090397806133292671216899115602091388399020583926798161260300989204412200372431389196201329837463712500501606960339686480782219750761986774675800375389922441435835578942032
547 4325546264020941699364917614448250300097731740527734663772683719794371984558477310925327949402192470470398698256268935778017399387901516828849529429888252388523710527063776036294088542521089504293073240117304060659040769087489781177939844001644821844790130846093526748732
548 13534388870717904703232263212536324813779743315030172419730209851673873193605639226652193652311571982695546493005445193548395562382840227242774615171395741351678741775062543554539700986138459651571090661713761319478772582025880073380047477100679023645762761455431548963113
549 42348334966953397877546643501319463554354920845851339735913600274670997724710604377095366516544045024655772717320835126463229998327604305112295230833513975312968922004160298888581386046207848130030638334441455482095311448114117515414742987114315727230700344117318928419385
550 132505537679157987559815029894971303905554576599304962941812395010542819673930782960565910122738847643623406330219822789602598860341413987404008673727216879856402602970659188614592967849051365699707825625555899965359024311321434884841946916171018411365890260724122862791237
551 414602310323273742603196928525218981781982845163197206850638247646691771089072083506235177077631430043429608971154059360378879512079147173817258661521333620040691601257647386332727008970648478264972822055872659637660685786244560168132258326957909402696950258261775307308898
552 1297267108500883719740460601374045228620947694747679509709031668753195354830861299725909340270096704668207505823594202435236133865876273630736200486117211726000395430807175680678448496693954040136892593884803853964796704351066608722130755568786301766093617985053977983665503
553 4059075188187087490568609024973972993499808590239042319221446785688310514385602761251434408221262218153134694226885546500781882966156191580143889706710292354567923964401137963246136944117995196502500763164563075196667193968864116866344811741385846839982864853016777231215249
554 12700615991409617968335187516253420098595574653339274630917914351712627259114591718906688230281480481875373890661877012801883007531554135752637524367764317826558117705979731174682582158559225520829649930615413867761413184396222652172123320085996128171145050792046701248003450
555 39739506927757591587460240435468579220221652140170812052962019497580699977333320243896118585876956411875818340679679019851178329656745776319983344100055122557554278124937021682801389450326225791630202425487012140440363842954782294011212112817800683165823092780860721433750468
556 124342662744031044747017171530390697923705864141805861770614111879293372987160378347611899611069460249099388877129777319020515708328022090534513431322835960044793586006184130532937888941371162207535232296124149191106894680839572964909158220897553947822581642231549354157703796
557 389061137733353350159400694873733068281531989039250974215834085449233093093429216253995974780511952591473800789588208063708578594967305259317794167653911809918131097306674788603379778452699508119006455003922634678471487857848698961065009435854235744814938117020126883802751130
558 1217350228424617318644587519536135671830390691277917176985020679752259008568776344258740705339839966259902440077984434462886613062761210632413552178772543166951797921112841144590860016500983143374660857142874328223898972564407067666741870457581452124202304906804480135285367820
559 3809019804134563379236174119653664704480790749999768678012946613055984107383390349074362442958783756201402148107992668213309164098602078933024675751986147229881471031025100337480066113266400073747732734439700635392873458394331710347743260960901655518835989835771194657863349006
560 11918206880418500665209411413958107309772920183823170065514144241399347208454474536517931784113432262422950031714502541020199548983457125432391967473086916769040224554527111006797281384338987226249225869856237911237752208901257750195276293548487683538802440772885553403844344463
561 37291393205745809120175383069399058092800524952043229112877804152840768301000154914243549398882902701913061074041879858757718108993527158500188462684451073493272351646990491353179709089651451044383769601673519003003080663999489500394746273554169385169358901781298335840225742568
562 116682653790006448193883818537195836096276983817377621723420554330020629722073851462143517214796441699980504787167895042786436854940378276714128938423001700169902418506795100423768658753459238504206582467124967784819479951578215687931288957371160318227900810665281399269521721067
563 365093404270579763077214757346796875499837310969683501777803570145542644462049063191170053005259874177250485787835719205566914855179547298547735898787143581406503541448456058063707079515399697029980306450038893097024123275901252602214994960187721322188186504537006908627325080742
564 1142356550115568154386605112314445142143827126235890244977058694563272743660763333751677202486126781013123319613367035832229478926476070333757492629083012854583622493417356397376682636410005550093391722207765250118375906500162439711611472868477594695689738704394977761944702342352
565 3574368839117100846457283199995090216363031940433313050616324913790827447578376517551418966983062019195083048802752753220829408479336294354808523273182035436660784393578209039102816533042603817038594625170236668888853264364449717792209724479195393269430747395176133263215876313747
566 11183997322691253641396309060614103150390133297572232878536305593161802432045398402423660911877628487931594793921561581210140832771697562192842981776566025131321630487510380879254587081910790325180232898498098190484788111891694888981854041296398532754125580334566077513444685095115
567 34994093151523048935081543561396409254925942720921994145114581568980041504020680046747271920927841839906707973013118240333072592409608808863549207761851209373526760766459277408653950131874129027983645591864771502416357917745152536159909774408446370485623485449699385549640513366056
568 109494532246793742659145604015638330003809468784205475192572076958177990398917663478517924943698959880048051536055492910361284956308923079761745382707765363773577121446479730031196041858978525961070094282552966556912399543902697629128249177472700493328724564818841638780579666813680
569 342602179745936776243383055042659096958621846195131325427423682900148226301926226870176031396925486392203704939374766850672518380719359464094028467481463416808917147075651071585822325754837755334148703694751832664288848251805485917413992973887730200707586228374069665086348190734684
570 1071982784511180229302884846467858758760077605830446870552632879378566041945312599317081538078765398608029148175199062794500886601219363175912315795955462275695642317194171843158503729491017772041335034307432341710033224399568181973770119172511498270533869866053269507460901926510913
571 3354173318863632313600457747182200960704240315797703642668535022459787348416029461571460056576168020204797068650421587306556010336737140764518832183545157840495347914455097666629643472333825730212507174312699651590975884924052501554017303913443138844422027625726536131413481971894897
572 10495018031569272223044299207659983724283992972213768416388761129748091588899680271515181932283063239761377911362640932573072274050893671388061274386399722294103006003349389029537012651858247960074517521402033312310767813379736800447279725918713259449500229508868272597793321104999367
573 32838316035582968226201031462515523381094264061804073088074082447070799341223765382325775453742002694021646222442301901187608167897270824165832919911717217349095490068249781914744743504847634244249161148309100031528059357392916850549469894280971613753344082958289469986058491430849565
574 102749227948833166660762246073360369633632235072236930803876247787127652724802666111508157391999543452039694547704699021246272932931126472524011101286794365043742946558897987316663469667036957998894243923581619582962316684628934511101126945974889594063512312234085892761531675586487864
575 321496505260546211367071124536581647580315275670023642306462285575471984036189524203281402940295654733560386491280726502094293552018576306241755945214671498869461404691652448545204999740479400385356603323328542443530553776380438445625148579146135673227714784885760323094458621184150615
576 1005944326376986535170625948170583407355269254174528949810974919730446255010781192296836924325881273397267845027423070809584842767427559337899569969657946306205061826658345365799696656571486390506952859924384699133080996271881090821998466580046798777528592608987826981462290036120005739
577 3147542729741242054431199491615394422141114343068346712625358101811811625818600751498270201661864905653097870848846497250772557934617736233612743838934451885101432827715863291212712375925180979292186023143933535024226094253230434797021159566828513854366217218123651901027171760170718901
578 9848482640414241147535938028638216967950984698234149344085518742504266076397992181373637573465029979135549707258154387373035490010575757904204879325194748826353002523229654473608830532973661653429318482396546634809795633427385477588254382538079890006688639037354979218898275509910046891
579 30815343474785607777997279436249426293666519843862624156434350508741631635999866189312936322436198604192625120946327271817952295517612098243751848605569905645108867195167718835872261392649187117380438796118330397525627421332655680350200788355720233085993165306818981395762828470305044944
580 96419461569876009579966998439031614213471789299028270718031644824189427638907885419550112634173466630677560124021276369905758421234616683952314453862644285020277710322115121518213157499223689368059098947715611860993863550479568540206146670657422141732617934710734194867659941513298452417
581 301691025350139372253233356083488348580787089674563665601273624428921466061939766202623473575834525459458015627345807985181118848011241953860416332157557123414732558250614172487132450071947724036761077318510914936381595785168097906076051981842977064613288001576608273622378156940391842207
582 943974103307528779887543796677381884917949036538816284369668063861364235588849184528215424496803143721343826275792512426275909010446680837538390534181103526608813462724541758275052236031106343689545666916634459154633072916074040020363695651424814860015802626824837039334934562776683761797
583 2953641417344340507466316975531165094772570683862493843785737514200093064122548303720083886852024044286001611286482779985756887193004971844737683329562873326125933136721391945490824705540570109537919193423666518817076387752807627447757026775531348744815034107171751562377395551909301503649
584 9241776433997969992175031462058943400195314122354163988993486796205060664793468812782887398935819633253424667328216970178563388182652273534757693227140652426301793015053762250989776523517612786823297086297851940617254346811937460357907579257420610661351720236821122582696167061028520675647
585 28916994173515458308910861371696361777968717332894015538303430055105493348206967544006851834649185754062116595478307589445683811090869268098958202343285890990813317327638926658952514696089096050692629581872598615427633737709226023159507191900319145899090742423306866054779960135771239350215
586 90479634300068444841726275463504786777191092001732917089099599204061161368169512686509135854108466101570625268482741604550613787807220131426277356889910218000479653199633756539801303437337079365609372505512020719134454127896272349211675089536696836160593991461625705103439288502987347556490
587 283105642790911007547828262105782281446591540847685457033284039345696455882246005217402722911703399365021334875877619101473829349322751621435452360500521491004724444285504740339300843312399813083627672833616531809612327365441446991915584236222717034545794258037282296171791957094160165759738
588 885821495633457393702832295331330998871807622634902742593575720894444220647516541237964305961034067772860940700336542283442474611826445328386289771965285663276156229296130316003241843702655037295960772928289143780720705214235193903728181838715459000311955423869792065636292991584821184104987
589 2771685206945254156355101535232824731071671894395943633639483760379764557519780768133779213252322850646217698144600762725019737022273335563860535188958688349995310655674081982480387925101280199510990711361888063000882931438789382016366384373629283093519188044094945886824342287046654312341047
590 8672445774084011657418628206516968743433620134466132814320400423440201427007701579438164172656104630414339013503508793027824688549603887331480052226541892734345159080555309241900829237836497076515400102642187330535090559358577605975517476205267865488018130259549094939882772216178236247949422
591 27135590836926234305897205350538429375690136177363137281870623892414637203772683049485888106383331372605029313444836379380256333219874893435479179822999814396089179592581043171069525675174209550175311361749979088780598109469430792343614963843428008405602902762384128177727541487359761887467190
592 84905724319371447771089221561156527953412937601592916519136784923333203547459550534544889393009138963172573558086405412559398192109885073500490367446476519569120576664352252028772588537706550959979360453333409847175176451557973870718424518396378479614434970540452791181608929998061524509553313
593 265665194670723324458822244068810440801836001733712581042355223865747374289770498985799888539858947377287557915481623806785754841946409657198940493829320583530705239899104808072631705267593658276801887445655522552177672444307519898410259712492605383892365580470235399663541732417615309837686763
594 831251322866705455920178548694957775998485422638738184121669544174342416786385854260880385001201082967631400650206409398351664490743993006171162944037810662744919691438273635696355882148625435610097285890043365189100943438759218194063348319617568189562697416107428342369656470553223885033301514
595 2600938232138673984577736130675513617966112014056849737219969665960444741281857571334868474229051644101065966078357241724336844107658947113470040879557195779135679521091717087234596250790320325053928604264407033740244017296155099972882994171327080683816448143016260345613983217745532417233516495
596 8138188176436053435522883744807424401025818780428718882863942123278580052001078915174476568205093619320530462679268210819014148472556236978145282635367641849952631039537283329806400331672243091859189644478483518783736288414762840038581779248529210131004750192467017232921648747063251481964320559
597 25463929122463063662607638397586254037294953306584288791851920046333236057233262515154622490374705002303297402928620556979748597389895716338896742442105964268454863591565496358594555920375913239419568436357101395721142494663782952121120260428286087041173622289176367835670644261431445693404046225
598 79675189648635115472810250850637375727378403464219105918986587869481370897404459451356531240270713184812965189145621607421831833680672521580306675190077977090713583804455917901584138306988129173756590684114311641135239609503225761912145685037281849903389493611824124163366305377242024857250047771
599 249299148415628820357473225026965786845373152368059548721570304041918043442175626295607299285012008108050268302450312044702856348232272270978376118650092343460896422966380787565102491023589785401618393206239036308107807641456569369279443245689261955819965096103854423061703160998675584968667771056
600 780042892584723132141384257009892272761094193934612273211574220505537902660669556934845294407042554849531833115623831001214594294324327864491842597898013824633556407271910335071681393194862158204044795857230188004434525260360875210882124465253212561305361316508887744609189610752714531884151595162
601 2440709958854382082919290046686282244604663254770057679674418465496485791824697881800693216550900938762317188170234217136360427650382828942689353032524560645948780173291873387387634178088424428981942741051690581201168033555824480732441904002292616794084114277465123486238463482173658808155879732321
602 7636842999122567124227836081605647951681191108076690425818457930945813131332920467361556834707497806517278280931748911210270410391316523289905132020778301441525129721558731960955532919586136204828047579462944692620464769550532979262782556699455888064810515968053735413805968560392729472684303915528
603 23895248504095992868213333685218189032661696244178823232689424514608818413317059839949271408474048326035508990919558556735083336500697515361404702084456083490757156926409004065123822997230408430861472473025470237664088074012761284695103694703620836664333021045193600813153134885183914458880695515779
604 74766876985438184441265130162835255296962444513118904673779117766763531594918671534503057324057676075020643540079963373681213383192380054177685711348435672495953023641368852151932035608292250793360372200550549612511863470084316418678224894990984001229233904967046667424741611064161638062967590154520
605 233941316542383900737452948212385867231097966342767229826315464121138200119308859354514313645713096724864782116377896797172308076357135193167267774893713529055352893194456616060772225252824812807410642328971545416731008844211425803861598807437227323466835931860843438872727576535132490303976840320592
606 731989107907274951526932656181543827638322092435396325168185356289590024370207025251072573643206871513945260947775536018358270967006497903825284886846889316921532190697172548578940462469548722689799868227485998102497146793738722831081862849891524162732632607002366244491059431063824459160213992914307
607 2290352392702783411498757870265078190920446666859085914938619446510900942680356491294288717319067417952695841037280086858789987784453289159673935100122834697494382176175765876080132877758601158901528161999866803820575043239853298729264485870809162460533466610127034713537606696731630740537487417784281
608 7166382704459405949671118837711726051487498388899035987649872521720903724422641345130620137459321767973219318184568688986843928207872997526769485001034827254484190864304041908631940483174215641881171792598406611290458669817385231986368670431825323236890518066879660225674935209598196755187894929998075
609 22423204931434085127210257467192567720362152600710337382138540622223057908100886144840943199182309926903873443342269491303529405114353834206939853171132805767696241579199867711737680925130005903461499949033440879948873041157801670230652553240813854585760980418470068514050492212378006868109743931472057
610 70160936156007099392342592571800011789436298068290793951499809445477136812521596518691439480660056362578716644779559829764470273865355666702309796240864353877813795670453586381944783038433048464426155470069070687917987213493829699783785428421540300904939932457148816647628425344924702840227846679927769
611 219529588983356811243225672420816172920932652345661213547439938487075336126980118212988964799485629561474309848279282166546240860928655156374565872559206968408706858259633403353275353107713529136462819001852358093023425244289342243492656048400670764581343313222830816554767397865600754166359577057635325
612 686895629956262006120848684109074318990345352882339590942321828128048039261648477834315016896046007861779363626281718769730132629814753392192680265978458179413997197506737762423890389599964563211244122371017679954339915058779323969730345230659463095901868485854962981079851760982046711846022020550826779
613 2149257458359203341136755367866236975672972797174903728806929790275841464209303005594800232757299227110737812727541466082952028748053015754652074051880046548702226194270450669590009556912956889776147817559502421561444305078816533234730521220324477596859505868366263985582993020837572681223294718659489507
614 6724904659251939807371672889887942105980602854071083405528887153610937433989220403692109305811048182440645363431939422350833917181934642379967071486803213725523307985958434162204191604560080461584991577470483145687636562803630818588586192221274459155193908712391677060804137688019399156575645367052722835
615 21041845173148235998792551196507357246452440399446203345922377130589143251612882471514404397314741121368804039364234774834643497856190115050366122224144703293138917765164275621391872920828619903599212614350730567811064880335890862748558223675865762817826036995125414548643524970978069340235006589597268198
616 65838739837241507927250068205768024961611261009658440390899383874824068415177698040555465512828748722536967376236586911925013740526409536893089956986956710768764782627551575711690835339336685551622929715326557401797384502984199836020796766968591512937465106861386297813739311824547484295091744501713496767
617 206005681901299601570690604726703387697988165515818542145442350741449133179272000946701050668020590894412654459326461222209045669245078584310503758064517591894786652489793604691018821043494264322157117560063217365500093970535535436091377615593404087056096462619958832395328883840966446095459147630715188098
618 644580091911393231479695158544256441237997602646913449605354176182452272067946312483398069632431661275405933665748490232930945334165367462817687476863215340779666948274197188916088359441508839840639253777995630532152050807044042703607621594845170383089497903689925470103397177963029410880690013703235079248
619 2016854540388669923720322245920972221117896782875280454185559206835185185559670444563917296345165269692921435461893168814274851920875321756447787161543992704590987284992286060340320402329853047258656500235298090687134247122915595598504179542737345022807106758326542427695065252595589593146660441540738608536
620 6310623440175308658100875562917987690032976193576278983649312792375613992195674879044934729706051474602969566609957250803760082659232633622379147497659509892025650201444071846782654597338036858893986176890382066495440545930891343055424114229123601223410454812200253263398422030441632474955714186416229909111
621 19745582740942504121486104306784934290028600286478194388889800681687237644388333575385802929966124178217590626140612655010990137103346588487383534167964551551251059160820756891241772682374123596512649172610199538918297043732061269594624199750267616167606792440553073233214384532799922342859058312918144510314
622 61782808224186393955490430481831696662976047079216842857878544868123272350444422576250263422098879089077928555252415105612527047123573805727221604085066540662148994073896514152651149241425580236561914271800528308889767870706328887425031985991012645928442710047311623891636722844492917726463747580981493409141
623 193314901978142065526565953568790136068716702856749667384189979916245634350171266973651334082777558458124188139395478500274212601629368277275883247700426683466996661177075849987356381825135163460628682386809478717854399158636451400149220678329050872052854371271574250665775981087801664952852655302482851722721
624 604871361483193605271291953332298328400886616035054555727078531149732985974731964795032570771565645984433525807980879292412348913324632219307047469557818969676267313541709511219042746054528100949590726770231533345300804410946182215887512384911779236475190170754314028770963870651248814273708199423626797603676
625 1892608175565796650341860758171032672899868362533448684038527121167297259590154560447860969264307861487329448912764309396138577177979673277801084453960970674914769599392040611471454299823178819499887249560209228655264013901110200690408918702731511351859182027365655777341102110932506556598847581701286235982318
626 5921863613174250992178855205742211526442379802731318458648416220664216323756943445960923861126787505742510778171340242990750098295304766217526009239990288396365245799243462335341230569136965437400866876361598067706182753988461991709884706044324467274107348310966455195879345048233786700228953022041163012839665
627 18529175296705801068825715959148466477330415992065401835609930149837765376272490831322502998773031809068748488661547310871060251745303932832295064328490438774373401399505599038078483898085185882933502731390221347408076665779833845137127792812602867077788055721765059775078256395131976101908542588590635332992832
628 57976738338291413617956403116594414158454426064886433233524924239224063838148246569637542172650746192281706642426985346921703434026933191498234843035975320091093331016843554024914536707032632822287795326431574723886862659008244519738690200206753103147630616688937234145185041712026112086319882785478562784128520
629 181405925224545564603743674281207935696153682756599980981735107667952545365620469846044481338727583910042046393038112951492596844232581343230197858050974148957518680070180827002444935961888102687808262749331687570902662044736310628392932300214306658311127645493207141091268540221414327488107822147322519995542459
630 567608848820646254778979498264979056786408386125773824498620734280455581146025075756254215635724165323377013145206317017609831745572553255713781749574089103978766078642768301384079023059525876733126439453719918654116359976687649852680807062692646815935220010853157890618918197996078961474904932005215809848436442
631 1776015887357057191394785682428087922707255731177923974029558566537514894492881342720366486838368664337376758860064335972128369160447955252006734787891741632758010854513090663304426513122961981050743669114448799116146460908831635509064963325210771932135007429339769449784043718927582486153000374818562640490139782
632 5557052957680991894558365146823137758414794854875867947074863353174438037861102581421815395882116088534628854458838410860146773090719285007166868643391633374365487192098590430387722732605141083429231107838222438195701698878307135747610135697060790319892040699260545548035310386068626378813839621956415701616602192
633 17387703451474055047668722334624777775455150813252303763805628950059174097007203679731298676345727561418515562610112330203135052365079376774025070003888086492835232710394300373267687873934812751176726093575303123157840137542773040182859975614488997918798903272557270037873477510086718946287178579954553646364832087
634 54405137690566246080898042326794648588816364991502974912910623943312927196255459005523145364467150125796199165616746445671814724123745820415160427018494597650821073710668760871239117628194495201837238425212469698151737212637650520677556542982749140127098545758324626317817457644223969617814627292378275633443815828
635 170230589415679427664720054760520826881225734306043981645780066423631990836933143372950400792124162487333035672088664993632564083090110720637180207758824849136915929210620920933535745953965124107246667728269210437124458532692096806470420978704541697023302013446709997954935817576063444803420560855948823538635128840
636 532641857054511985774305146818671499721561329614343713414046563295498255849239981380458574446874443878828866712342209864495422369316635771009303778422639964127959872766201975182549247367374715250757897921870455912744434455985820390979722669693019155366509874320535755164001224970444006569200225090922998521328971838
637 1666606153807676054677008282761383211541499143832631727305788878998291752625223321227722927858846349074044581736816385544388854857881038101354325094216111728526792121549085183423902023503383804979074036576937815737594697075216231032196348712791488385372130100567435686011079400224514504232294460099658321802194871399
638 5214716108248606237593125452311339194329759501680510592776113936221117077069280980409552759844929756346406873311634176903710966052564779643655923584568228355681325274239910757197950335088584630920204048562980214977197876637886341954499655464557231847951171802499185420273547061707802118839420193895239694179058403223
639 16316550870461716178797087272650212856411441731294865067078547912885896697247537420431060693064336168040883662987509283871336321831017985631630767909794349313664545774332768229869068747710099487169817522661354269198666019909584710454679424232825763640734378608026953999615085808199206104182328048332578980599622441790
640 51053562031352820475641642316625134657331418715979422107423727111835027497030970236983522964224041090363857704912539876001807251166740390586277267874997708146414860025810330907790110779041083248297270127073004471616877021060940327173432550592670689467360666788745618664815561975419492095117481751378777726175658349853
641 159743699313789721209933973072783557396400484822529029346387135798974735805976278861771229191548754435879217095065982302156245357440904707878526352569810774936014875173520914818691570731218694113439982329404582780319479002207315019761983502124109677533725201715366132155027320706125958420640244156295140757302013211007
642 499828972849796740777600751382202023784992644121693312679144401898021286692649699945230830435389900389742400308123293598127768040714828825336949441255960379454679609667326414264723332266749145592467730807113598621754768017989423473136297035691779785869429659305876631020653816626901194462352385067319519620697723926970
643 1563936500614873384820085942389335953113622513389421180384156391895007665479162899354443031126195703698743084798624590508343151253062556309924935030178786903998619078015271897621602936783528060877197486354218709718861769961289061703298028288013852067900071304299284101366726351372735083218024242393050033481575572869234
644 4893468587885382126454366236135676589344011311890681241117889122646301486057862919206482935617118441384685788048461107547353647589513793619701875506250164382140547599170247880692886788863838246426826616402309362028818105322207581826166937746647303008154986482464510174049361779551690542767426777701719181116614290259357
645 15311385603703470264899258668411354987532627519882563949756409806026665375113825775180108399102187117120143431579954744099838670554901953841541430698489265777278155513764068063299763494282734943131599234664002025349186533653878302326625664286170012812947556715189595928973198845067535005026326969426308618431574030840167
646 47908456934962355998363882317277724308029083908411959756252142420746077184862220114477863596539121985648086075670368708431886062702381925259546999994691571216228647455022738726242922690332340648328074030112004699465443940016773568517364009666671460508162960089651314765524202831079808633878921161390681329178070156591616
647 149902843889842467111052594064814008529715930315235856692345192320956198237209621736445262368319009539469825764661454467829941459862349653204336038855085764017812344262087097142385449433142421415085957401270669039010558786874466401785741842384430816574854907105289816343640106332985918500028877540483477213846850755154885
648 469037494502642292713860194901479884736566572715405681570979562469723514736655448029985465356258770395060284064463823753994914062312176108129777372745800118874479891665100590641196137170062495389702392020243296500481133005601598474348128736811061554995982186467449712933345459184331400373763647593577385011082464308092315
649 1467591711675480161036400941873786656043518991423117090783986787065870728488492401451209691753280873975642113930247022691841155344618244224682929828779491167711530744450539883192176487381512094348780922839198162904869202100277055711859960431128747062544841648682032801224777929775653380171084490182970359495603288585382267
650 4592011208959824968237819504713541378451195938270787255365635104887402388717985101092199440988679819640821125442760554455731225473699457141475561532177302476561423381126911839253069697849359554483628631379333849091921068498225228307113617942355738187555626031340950769118882452883744646467600896896722467036456828521256495
651 14368142566803634688718543724845708936183119732030482345702918900273739289537876300881882796404338019519250212643197333021274424195179012981291456775989446456110758159974269134076079488169815763389779698155866263741611323661674499373922161745333931440365767380071438171032467420437567515071895941599880193210590064719325892
652 44957102982934093476839978153557981207847681383923926948685899820791530639866745446413412304797915850660141465277402880845321937297999128512278450756847105169411393217459574517434886364303231121781222735989396367508107922240241956408466918750986394698369595772601099659593500579796669726568786640222659517999471366702504332
653 140668224805049982167423234679043401317333580478668714276842910300124771827440347212712674625076295565002167855553538593482817708364767571968842931567708119046251818481088770973246677769004269683372558102366086989834446379715642118179254350395036601887331449228973242476720559520951493535664621727030651497319540569916522829
654 440142895268752450553613490349130103252978072191658360295250497416128779244604374484513993692421952878955459692314808334869512069671517951910683619847061374831057347818851369903389326553884630181263153055338543762153039186839750352888751049188441347121101498911700996353210427200198352587365333353822487175383186288454255112
655 1377182149871029317376508029532930578023130570386391854061801429116236708025803892773473770087073397793737884383151940964341420879908752373911657295454820034370347124668244414901994699001145544946648919654754765091143139364600569957707933773361605051046732090315954041736817132229005643979403752672536311963753680710097849943
656 4309124819032469900929524865656465473618335092365961084062417662978938296293748826315451097815840182717705712370278103923777518842118156113402004414400276683579410888410246680363792299923875594201647230199298413727464834206350564858452004615638991544812505983176155032643018485684979678577037153709147714508264913753588712463
657 13483007100941969878536911906873296345952124411562057032152657584942544064967497366278744895368908637677013872473327675628762927916751876061864800470575396912990586827441490921849510129732482627284197806632650361701188731410427313013497134684376107426580535387498929855499806030339688525180070298122581627210933983931097866422
658 42187564324226124740486513405033098478802429883322768351420319035688031264726351068480630838703067676041870736580522886327173204232585053297894306834086055647075704039334665575372965157580605888847489806780360929753852404716847286794549371231796681173625242944403454971439010577839788039520195829842877210148790326085272004401
659 132002495458626177422347048168063716471917181215403367228367530820830291538204473084405684448268531821065929054702066317354624588248425551723773577763372349396991122941897601287590589648313514798560519055433920487618975595417543836226471711231132654582814174415063534411114478095163002909093688187460393978836385125945405055072
660 413028319752950255029878702183964956691794481510560303321077214055739160215102119964646872011200295057198669241826012056445828335079127632106058956991745431103741335079310988492041633074215174682828620464531769642003077651302969664812043583020467065871721647091393093571275055666994373613397759185427969850808110554117258634374
661 1292342181299250164076257616280033336621093100163126300202369270604450515505575196856512728605020778549552827747566452798558910172934671994964089470016976135403394562029976929613957474851775754246663151526952143810963404721038796715293671972198078749485883889300252054204183263065643344385581624380458967204942146450486110953358
662 4043665370365621609183423061557990609721829296123536050181983686989858461966751780928776623818157049275813400118066735435117681543186216776977866221566117072175227985079391627808117860529715230929942136068964388085729912747673908346206960761049945423648998807750017506465443445131295889655695200295124949012021110874288656447621
663 12652399545649363231066048073454350437002232439366649122752522044954951680316880012123720390866013367708552273464013933412101136013522901706586305668393890075740334356139802576561607886141680544085335235102969032789608845612875466839968013199293656866670484118342676795730080291473909795217359157010542604071413350050414174934429
664 39588640404305698202216751702791228585510092592142445668787551989976676108988364126673918979012512639442106784062981421979577081625105309273508527647305465174834525611782238955916416287600901014891588168077578849521412558028981196079190299350851562855954255680970036707977442522688514355179359016843052815006939110629222794363588
665 123870609950848546026034051461055508298398420898316616523042327225658165687002745136540515268786062505138675283864457335449013314322550579456190301493752351320594144769059678030881856956429569153991921041350205284657009128664694277430096803640422786775956747733186374327963445436648427883566821238952478408664241035635861433961146
666 387584111323167304800893194526808092642071115812120479245640041111872323779414182768463207965178898483033492387741755886366408409375099207561614144301298609769786836655350867215699077870524903438015140422521895260253965720025048856828625820093901479960841253090345431547357747763417784499944302536583843969618854388881697064137065
667 1212728696579250920684901093108187172215395545621900978337924983334119925872397314791958072839253854511674106157556139348232748381052846124414866877925764839582852430869254579453249947592154651589409228442499681108441862697487520823373471218595869602839367420799084377249932196031153169200156775857926719825202828612505179539129518
668 3794559293171157225411197217413658298469246106698170635391775534695314267192408164961238404988422735460436816987410580467073603207196097748930808767332745031785150472416610809868022800473518323348817406130932587530948525875966490171544745469407529807655328049018763859300427188858825292560824298382086604373518630126939509740850840
669 11872960761962681286221510458911815732062565672014944640143592148495196290982782440858763655044424831577503600768324405207221502854186511589230659492621770901823081375098702329510731796415503475964434315052688711528119734334242878891598882877090489438384029671138007650799463752814217734123873922493733093369656562093395735099884958
670 37149820667922026634463155045306214041469806180882271591112345119907430660463827337755770650363028347473081719785622468187795632679570791419549945080208334515446772191450154069772368775842081029839138151026256603685353711935072994968718479325632369909358510932172029394809547445158773243681428077307746459051383380415025637287982490
671 116239681350604002655499022355950742525165224014047796981336786468443050273955851134516884622084112540218327116285435698545923582255277497907671414896405644713574342353386887443087433502666417333889347702129883790956703760055353830645654635167317040781491054641969969426954783433258700187888277014321452859734913797592156673823527028
672 363707368637635208261649515849044718197436952995526843620356796292465128483162936831474964384915865016357810601652773534967841614645395243786189593569512497115564815694086895286744708647640986821926445334225789493624612121727757237093354875465510377064024863445917903241446894693714925113703481565362973972161555687651860173350164291
673 1138019723250259100556954867298840556539419235315934378553555317972331691658734868661573372005819383059973536513999201094533537347175563850181871295182869982618535730196799739867503539468969292155636290452973470954001997608075617899728659081461039376875206345740665740404801884976943518885872391651513528669574220590442872897533921599
674 3560799153884903985737878506133970379519334191477512938905243400270867306324969906930264735740349920259540657482858724062636828394474199643900069637719062643060033523638582591164221647953265748626129644524663881928514883976463976686383075096274130767207446888224142601495749790101603685422703317030134330940554984004442247891442727710
675 11141538547411604675581452250847259065370517435848684673108265960610632139874512295568512745642928733285759591149338482697654199447163033011145940761187962506159881594211658752680104408956052809094012187818167534120570050811809083005635686520443582025382163957832415496273687149292600292408346813680280470345341466324745614629543260104
676 34861242052370775175671903259689574439489249715712678536618364112370171836637955520001843908553977250476825752951153509023474675893204899622879742035819126005895784886946978746353842542874218927919431349147605283796143915712459265091845986423681409411474517793619332448127345931662846895134410018068307127257817884175375039714707322938
677 109078848694224885031625139563463880143304440596169810156522056699957038469376870086883109830645695635422652062298670563769374718312338070412259786754365555242356217845346011551741863028987470417962450789009025577336739842497228862893753169253944811964604052335660883202733206784321445242648260785668250418088854181036008916859742991480
678 341301529491788624116863160743598145661898287912160134112393470775151814159800170691421005193050842479284343815002010395939166103081499548511208966278451451727238413896629209023161695013276632809390863680132663930261330192501505788602751218246066166563576071835489455255824818296354687108221912445168494300352386340339652898713580100227
679 1067913123652189601988044333640028589043879781747140865074337690388215486938671824817086400935529529303924447659618070430946471820350504728492449853165432651495266051313498373034270886395613867206355456943087568107082201330541219483577946055553431455480095216952526175675191317536695922291905940163601646246167997958626412231622134989888
680 3341439580908806372956332101412546033694801825833012381723672901805821874942078975804260590191158075018030081343557086875588107680564137665863339403420730282777302140006442079668760443665099808429328117623219882287380280886323289209632298257080113639149182269757260102041175227452549028477779680804877249303158835843615411786125960396931
681 10455174887897002855987982916799624739234650534938624095664537440946646683954658961782296320015679778643531886270173469115403637447145831389725230298073324690319279000219731585058222314277003618523384489298004482405646161805940228062337786302293260421101761707020866485967239298516506754595474572244979607573382148161698869730394657116314
682 32713649099344700242237703385928936211429688458155930477443161225957561022555845835601950680870128755519322427322900248227356138671579418940786721204715389548121163992170105498226360532796227918206683075497058579136427601013548666674578234287966184373320046097108744547970024398875844560157205190912150019442075237752835644583321765065066
683 102359152177732468522311891487965057832455265726766187370141903730944692706035572520856507406061189560796555484657854763044348624129710726779996235052496405511657488209669597754783185419900579882068789904635422729802484994668693178055423494577416419399296673778184310831722083238837998937346127399593055648967526189353748428250122573930559
684 320275980301875596187122032548209123120095395115434383977808873612714926978532288057370196797130843201440252367499681156917929150054034265092459500253940351858539607404840232450360418761439700260750668716293390366459152878016455681318696159740415302823137931364455072070427839851033081408036410485585618995446435313987073286971348700588540
685 1002125373022015545702381159996392189608890349174101684295990311482642654789458179988361196367792619918396178577104095066346331258975991489953188326214105827605469973835706242643345007297953593063572951704543922832710788002714454233307305715142796115569969084626009321823534686663515547317705349651735615268640252242978208392954478502970283
686 3135593441343789388739027939399435066244101554822903045775665069827466697963332921940418494239347219168949399718677990962553545895272229153977061687411483492282095564530636288034787165379757700652140206728777694337965230822290414644828504526462445193988845266682368992904407700805118152027413955917324802182340792365999361632780572635380850
687 9811093994904958261858114053051465263904097848682871170358684651248501835637289791626258329313159578554571832908631098256616262780781145370083237365366978371050366421125961102178875951307927260234170776767804092337946781854506794189129949007707363208291332083536747749271715703836700711899568840650685537744911955959580853746755478403839845
688 30698356524054983168844745801002816085310382316126855838348798440232385562958680666999601221263223466455239094309037178242460991001616685821797528503742150015669696845025235701265493594793380638979463824004849354367084130517336692251193008265351684156894904885408612338630646691575315363102425136711266713355390260564264020687329578857772000
689 96053416037741082923008549849561434082219043628463151662824492874003951835353400961545025039601805937451317130044683095204118662711719556900414838616799585941213047886873151103737838387876322824692848441825797830034625260090890017459769038654370466182107340761254297922015856726863179084697887136590724923899117882170214482899468510997584416
690 300545689645950732642989545655072354825119052482527929287973464798600688115428205334916693007093388180602958007611167249195078976286142339823596381826782000994885383113100948139293127376635105894612888055908628758987528446919569025118849663409859047167998797727782933951500466022070724781156765570247633968333799745019369342131429841797403024
691 940390412864325250752370655987594655667837196822949403805934972039831456190909245179327817778827280333978669796238150464586502866101472780475014952481280604297612180191247376007581800551110860778200523346225777256317970959269434372964040230933981688717969040133083657749050799327216882910787021398351950726909472623641963680080454749398136054
692 2942428253251279928104416051807928757183556908584316045292877437829918287585633998357581720139225233739097782405702955537573473923435592204982927804725922226701277837165885497454825404069797622919369484454568834930156010538498698973311583261323304304986794101146321358638400375761061826440494175007953543517507286098282083495585922777103527927
693 9206691079676600055291222155771898722877232606119651802628028602054109219897225466437589189603281387625978634184171249641531258741967747178074697391450421950377487011845805798976469541334476425482903588845990911645971866871282716497261422007978427587657952085844570814483525451267258469226245446451233669657633118294770266454684447186690483304
694 28807214090245484378909538969811536842863627861348040115908182849633521187243546638980719231079756297833150029758019279937461155193680139109810460784953664874188916040256176579842434869182025669446868627039921838986966483874974819807196074304409502989379607099632085699821544859746384053779850335398019752508601851110820549386072797763804516238
695 90136138647370363650007263159155219003280793998752291166672811956630712316658078776237046113072264405808591942700857746879743056551817823317728170066805736334184205406512707826923394369381615011900459691795130070528471013063678491876153508701195053551024715421098763258272617254192074826513182596723335293862074881631122950530192226172628358843
696 282030864380219528463509463586686828761639643418489913174862461398179013944872822471471946447246708776472831303240036783268636776682900401190856837491005890522424179529373242327765010322626121048520679432291504543914776895588496797461560815536971907837850195856728256198939527022567523741075705348189445110749659171394226728255090670721599913653
697 882458574958872231821679700263033568366030203502644213136334195411017974710639149375327793512109685059658067699245570419963976112230499486866164464653417319470560642544397050669273883746308436037383224866630650615227493790819101045579910861547967745585785099490251779536000550334082985004143787913822240404979746941818418884479443879948146301464
698 2761162818933872062231239848710052313847296781030929442232320125683896650591282381634782302965273127465762545365259572696398644292280871186834757561882589312537231690828447598921741114968103645134516840506615613714848546856969495385789010033858286537127891542662663927207908674525922043474865919291709177724180781147003165189463466820439098752467
699 8639521818934300689883998522610001382587810804874026850800798301286379087904833665178955237158372380931105843368911519252375195797587143057768600950904024503510009854757841176810881455495935844109568877708021024189389607561921338863430898022250279327198844900312156310915536978415133761553585481685064880678592592343102389934491567253326351832236
700 27032573649047624620544725243368923426527773340771405037727634375257597831739540902900751259946648707010840310372371187306952863011733718440768769901987082627520398462796395070769871792060467863857703916103445374883499096965706543140606061015344063373248184923450304702522308619568335087665018261368119830636797889614625092268128774839642532813242
