1 1
2 3
3 10
4 33
5 107
6 342
7 1084
8 3417
9 10737
10 33675
11 105505
12 330353
13 1034050
14 3236139
15 10126775
16 31687867
17 99152397
18 310246824
19 970752070
20 3037439857
21 9503995515
22 29737491963
23 93046971075
24 291138765361
25 910956791670
26 2850332294918
27 8918528317756
28 27905569567868
29 87314944721830
30 273203509608773
31 854838284151053
32 2674740498188425
33 8369111283574903
34 26186474429696058
35 81935992932889248
36 256373073648421555
37 802176803351201548
38 2509965710008444822
39 7853540315629401662
40 24573282114214219544
41 76888405686568012646
42 240579459493474896744
43 752759480617829361211
44 2355341710605617374895
45 7369730593316396982344
46 23059468939687933295252
47 72151770142406154821580
48 225758795586253427309462
49 706386464032161256805050
50 2210243172462433770894502
51 6915725498944980760479832
52 21638912755230182052043551
53 67706930429771320402944664
54 211851144282370335732425294
55 662870212087109617749814300
56 2074083288815046852649718401
57 6489688947399142868890950906
58 20305868554611467676884342442
59 63535910749991591027093705684
60 198800260327408454488139176881
61 622034736572192797474571632267
62 1946311402536387424181670207408
63 6089897963766711206067800083446
64 19054945247075679615237279847043
65 59621842685927987186573741684953
66 186553363401088041683585999647744
67 583714890859494663932503699393602
68 1826410779196514642438305618166709
69 5714735715330878248253054516142298
70 17881083854775273372478776754093226
71 55948896982892703491749863855828258
72 175060924663488812374640087491324934
73 547755702018689032684005814093716089
74 1713896517288093873232858141767703348
75 5362684972783786860804268871304972738
76 16779537053278790812346857017326804048
77 52502219532056699844573504612430698411
78 164276466450762291175064748914753668030
79 514011744076284401792817095643113886818
80 1608313587190124818773837691985175467985
81 5032321974255279965200534512266166905727
82 15745849972464904482841658380461013411694
83 49267871297536323495613167703243817041991
84 154156374310393785494949349027049789495431
85 482346549884621926548254781418144940936380
86 1509234990939400965827102647825345922818017
87 4722310667342193745250498816775873679333968
88 14775842180158727184638999430767217055946630
89 46232771944213394691282766168453636354463198
90 144659720615849442237633615261714558868893586
91 452632059222112448063268879171086495603635421
92 1416260035367460669754150905904206368329531513
93 4431397305851842993749531641450948173752605995
94 13865590775648705815763839593956529048440200894
95 43384646938308676848422055819412307272408550720
96 135748099047271634676287012192358166794742187355
97 424748100892722313501443414565137792260130347221
98 1329012711619258921539894368718613349280840657645
99 4158405379407875413344940516840631409569336081904
100 13011414524710984303382045682045977492895956436187
101 40711977906773132505226269350062846091541798593674
102 127385469268830327417356519694416108900642509876694
103 398581906730217292704103257591289671952638484428721
104 1247140174500017232949554539751471439833161381590047
105 3902230855412831969626473804412257957192642132169823
106 12209858971980179693024872453881195722633165957667280
107 38203956054740660916767428364019679732087932939386878
108 119538011174575332779152533730767819495130869972879343
109 374027655541702960424849448180813971192548028177112267
110 1170311315500433698225701590915571800669248390264994058
111 3661837714124981838028088254233753129996089600150273915
112 11457682470458094990170259944406335721561008522943857873
113 35850438452653410266673984820674046354356577266596018903
114 112173988113331255846968222589344647378854696375950430961
115 350986045146080267924855795084960897036346815620724209862
116 1098215423729288851195695911976341105507843780035282244401
117 3436253758792411784348304784442601110448479956092143595541
118 10751843071660977052550987418965727375109459691815417454599
119 33641907016276273086264407603429545140306193771591886984384
120 105263618539489925456265422420258635895440184362556876348879
121 329363890776656344605184132918841886732582824526881890315767
122 1030560929337997591543804431251609610063494616400657872862118
123 3224566683899735005386611158655343646561238165011282565792971
124 10089486223386517974802311351917268040448373093588811326359290
125 31569430013707742575821118307328669647944463063645466913481709
126 98778955570631081255054245943228650774960159510267026965325115
127 309073748223772356416093150536717522219012351725244490290043762
128 967074224355270973913020153402697587189566362495393697660174982
129 3025920385626642234009362923956932289231699931099564094572620803
130 9467933225347970175515305762848264258053408387197096166061873222
131 29624625943713973695379072984369058718497866201066634681899648223
132 92693773964878842686521769094339005681038796619913627481650836236
133 290033560193363702287145345166434996391211102373821733338517254314
134 907498556163113236584696554491516246956521515529751392196966373402
135 2839511499597069846357743821947436625065870403034468867815948118775
136 8884670395987707826123145361339076267597652193190520887708390018626
137 27799629639302986457730483645624402409781842734993167278883575212752
138 86983464060908344450285172999535053684232455911625399926605638000507
139 272166324451257588451240684513771454913246433582204457649669371825767
140 851592989139155174843989291149058038116358350044363318114931190718059
141 2664586151916967296972285017559978545663603418704103961856343895282747
142 8337338906658715657199534214521818368126237042616358017243491350994087
143 26087060459455254023234138466808320671974881095136845331908438067142977
144 81624932251675238334830078371518400512391898329544653726507754421287722
145 255399782411118791787564851473944194981603023453545016243987333227140763
146 799131430266002924122051814429197574987222565888973833280268493680772031
147 2500436910361226905110247412838733035384752314971428296269227880271122589
148 7823725242061452245796528652497278237620924615590679480066866243209620353
149 24479992440371829909868746341278727969712285442795545252267422730543903897
150 76596507589364410984220315616906458740551646248013893840460684543098675063
151 239666126906632524106757478653391517954304974979679024190363070351817770237
152 749901714766976305052958936206220479432630498219567447339273500703392474311
153 2346399923379781267060413644448756761384850159966385751336711576710308823858
154 7341752248356233772604112147134993738761340020023846803039032627381931044171
155 22971926285525839762930728611333590186117868940843430026358539342257403888977
156 71877854143850113562216436773293364652390294175375615522073816121295544173552
157 224901727966098106012326377459207685160242450036550548206184560415215682582222
158 703704748070369310084780611133225028593237901874322549487186252311804863115420
159 2201852235352450917160946041547670546435605038362719405019892057597738356752282
160 6889470732747958668269092945069087422417265258959935765496290884734028002499715
161 21556763081239642592604101266994939413747475092311225782972374458008490770626964
162 67449888760228021645774406433424847554760214332614113620448943944345972615933697
163 211046875480412419646225953134042176272110516854733876733292433396273557588360286
164 660353700632168841670805922656241366678771558063148489713991902615256508208905455
165 2066209267234909183449984631307818156204449347603332045932298024047382703970637352
166 6465051580570255279132370406182109970421660410076017969370551585658440231274654192
167 20228779631488328757756332047194229930472933778363118450924303483439909223705401019
168 63294703882814643651645686846594786680169659526470883182466524157633486848017878245
169 198045537723742272938371583451749925652677735732693973645083068448317577335057871960
170 619673252360937727248456556581054288505241402702048895116624990965703699239985287609
171 1938922452407005121256879061690182224884759123078570180328315945701612415252670908434
172 6066778357989003287301595059275409045269980271797266962407306538727916618243932205272
173 18982605312178689109289711397440848899361263889995362912034992807689739360628568398126
174 59395495133499278268835905676438014097376338813994620292849331311376946118728906274374
175 185845134750296173995918767730276622053103625826742158496251134076616282070710585820599
176 581498883589168863422624148351277098869369245628602037176704013444508724076182359935712
177 1819477018162354016240607769254679498183819626429529384921601727573543523094529478959252
178 5693040370409119087220795469849012995338323814887690369073056111070996164419435917699523
179 17813200351297844884571467296921797465642834252859352392621610307847521705705228841291413
180 55736493351561250411613376460426920217944957010049886353112063183729188786798353495551072
181 174396325750767861857450652718326971113497516495215580602046661557972745798742916877397925
182 545676209723660349879327776980251908921143876015613491020155818246510666015289966437031314
183 1707389903867106641678996449390020176298551634326608344801917183266200928694611975780531153
184 5342326148511448205000472584588090511479504869720333303774983189515663597026954436035078115
185 16715835447092222967607706273622944739063333221269328995921971221479821994151758379668054671
186 52302900820108191000355091756551999613731865108630998323995745167553854046008232819254361147
187 163652809508479575245975377901793970199959148356127180789538514833037699570892787866571128509
188 512060356884107954006201420933334159541000814653858357844770130712630246844761651821752757986
189 1602207807368525270939943700689606290554558694107561797660614480819351156139898765471853944834
190 5013217335576027408661186907905280535452045042261110269366955595330951418648602498210036941549
191 15686072641848816828341429111005504512069053372492724350831160593187441255793713419330047309561
192 49080831421222637976805532543009968915685178014691028234109440734215848281288232914775952527682
193 153571137148230781784068074590614271793085772485203550404630609752214710655944189679626157553457
194 480515376004875592810123982108474340222845874575751234478815158254471553234656321384121252008553
195 1503505351752661679635514512454602559333205446736151108116102177627350876232673677935379663494849
196 4704382951370859507151366579048007448647923784878931886501981125262684701028340547357721574095071
197 14719747373928574002251293208258420383763368338173792813803580521047330998653299797448616031629564
198 46057254477792698703714037100246328343841715837572670901552659535216564842023132652986753471220636
199 144110536420572188701793677402082086696849407570836573287112644811581958976568929553601963240252208
200 450913693030457112845199857273834568890948906529235991377819507992580011865982320656093789943196711
201 1410883365037147614429775953655084004430498677712530612454720326580738841125405494249376773257238537
202 4414574009408248218202050165403936708220310667022618407302871554563778737792229113457751680648918256
203 13812951635466832388562370134529558097123386184440270991320127526183073437311059769523868329095312929
204 43219942054912183328679419755559716666490220605897489958431251091150497300844497749786708383586393673
205 135232746810876365884528715249129863521200121403657884834337906824680163427103997891379420602523639036
206 423135592981112576527363789226163754170008626053531509786231013152904206092680288669626111366753248524
207 1323967265841839828215703322511506236524489062419468394340866159261663008279266607904358982534779618301
208 4142618465799827822140803191769037125947265995642710291655920810671118658763833313048126410127827999245
209 12962018167627260850530182845301715025154646320567184257560158980501461586042845701514386962417439415037
210 40557419507726792419662913068004240958502680319491990329173115106789446533173810201057204454498627510519
211 126901864806353900978511190185172440365419647312311440080911574645153113973451647707481711882097987551188
212 397068735802139855273940478644328026365044732375930532590370511807484223743466471184668197478375305222277
213 1242405548508656896163000348941254686710242620646550080885716633681464982568934369691603480392571954582660
214 3887416479282472118637851225947268650994817441280739919937929161068863770620799751011510708097859267065121
215 12163505629491828346876431647551065663853415038087762569712042425779245003556603306106652090648945664225746
216 38058919075732203240557331317209528834919943121659930630739847544133959052532356657125952275689049009776669
217 119084198695244719305074434619965518551236131677590133395680181401868865091931271278944049932771706383582150
218 372607702038781550467237385074152237286632632198244133958575698841368448443262927712077856200456436867811557
219 1165868361544136956208683287117375230042393509651881620053690158667031452130703609455647421268669459733476814
220 3647935963245702932961150362873184506891705451691937968312605200985587204429520085701964899155830303846427172
221 11414184680606899829987123758491756931981561360113604473773901841044781747105973463401690661170601038275098423
222 35714336335850344722006892001501487876394743216886714309850725241593122474588231277725505547699589352313602111
223 111748132310964176946339083609469324865524694347700138053414705982111200678183679301611311627248980045273088835
224 349653566499387949980137650944054377286251463918830980149905457500284858139373077178324338853610388894550431577
225 1094046173635660803524241486775250702126558559348161521826346494251648068073475708259938501435617516129335155333
226 3423208411772129437221357134343971357697821843111121165518903804312976972784052496350198585926062205310462343046
227 10711024920900560731235290142620959933942155912483782244977905081509110230550786634834908719226104223069241788148
228 33514189338171607780811738837418981791998843071668804414009877912360340177831596403430589084118201685424168799265
229 104863997170158677176171969184180893624841245120382264520829542518619478182189854765839768178102005763046110550409
230 328113498182646694502857397775096152657473138093029260912644404468455891578428159917218902590914483135383115623519
231 1026648521846449752378172842351063972665965518498611443854120131636390109864215204072803126586247889271380979618527
232 3212324982810611694788934010969069005031381785731360972110403007079729899343801419598926464096911552107969778191500
233 10051182635153648331966182983753298597350713696837543881322251100917746245343683475227097495355155211053334935572984
234 31449580259099961936262279729513619406157129464986011367360128693898225293776606739193406643780328094362282436069246
235 98403952487572167749896450249867751141449131456705062411594892976750792604880996788896097526211327065678049946450129
236 307900384850906836475707051078462860335305398148813411763796014998917581095517985880943555701311215258179614643195512
237 963402836926794672895210480556704104292700171653895090872835877947355256315296546012627805537602945331699467755133799
238 3014432822641736726415411918178315658894767979692047467536636022068259829472078799034841262690924385673228783003944716
239 9431989292460740437070345657859928661255212472014857144250684607920843244873499547809275520294692035548101050258170500
240 29512159416818817542815025082571381668398774281186973198894520924820166639330053929303843695693127396956016549680458433
241 92341872582480236135903492830878029900935609263721819920338493667262709202940281399171058462578923252163874003023008062
242 288932480731298587363056411218571592455596450645829861294738466796720312061590796386267154516846141693813008023889404932
243 904053340990845690561768598341634233995293884168923641749694131747107622162396907530713977023878068270427127513964320128
244 2828731616771028572356607644783175718765647143958744847277323250672442611006833748223124892970030545511796048485705166599
245 8850940754170678415762390289815975103525819848129007495724839156321082267306874545621156144449262603362593623735944014791
246 27694091503549158823108850885804957426629261363592222346923694328931884306588146193314751548539245498824014962179207678542
247 86653241221341460859436160195183616900901788469459563748295917397365185417631975755902420458952386347750531428137463570917
248 271133075919883365830719659388396192612468233978897119491466702070752441736851894003922105639031282403511254675937308540095
249 848360013100952478508635205595741880622494322079148681665218423992511255407900869586809679979883181213473544489344440979732
250 2654470353301031745675863124574502749949731516816575537650709764154551484753324173530539437852307944855403632047927275850797
251 8305687146661431099693596178072342487233153236857280528214776014263952270115941518770501473533884256904715660804444684332354
252 25988023898036613212505889662353922029120228856492450563012388897633590591144467977052848735376698472086755297903024228868749
253 81315052469367092617759505606140403414881345650383881872862258103069227645820374032641182961766093098804622909091089767474984
254 254430186151840047089517952365107842698441613124003612939451818691501575043869906216975265132967891587660157024286240609353668
255 796097618576176452528162057542189249432270668852178911401656459868930547984459414160120518375956780749081167725380862982327121
256 2490944285692713479782433575173713101533637907968767015189579887199910115770965361209826658583863785231291695070281702438524349
257 7794023357992825778512685197115480317484562280721678216075691227326110140659894182798857214994073693042709526849438246589271419
258 24387056930116974092253218011456980694249596227986639195769022488771624489023063555195084567370289657225635778604128334607605824
259 76305717650033474112333052715073933738816332083441028527049291291263986115403909736030966742220799610559745446074110889170675557
260 238756261683057536449044337146180650250598894150045391567654893791899032340450228918187119279217537009300241309030269901205284076
261 747054798099309159321263021101942391996371967947254865898197474720202583036975800055391643699820036850875859227479016651096046185
262 2337492082632999469237004189878573146909491632410490952820032134333473046892201238399115489002954068639233715213333474609851603671
263 7313880120003756314553536591795254971222887966098041160422245202308555431985633600086061754600854153758248165026661801945577417261
264 22884715977104280005654612115509720109374607041627215329971412171985083295956061969386024606024318905171064217482467612767834332206
265 71604978036263319329723864116987119722125177509870021739454856789559717601582188244074132338196288466659443007098782965523350561069
266 224047914105794044969670551423443927442109473197089353851897655402348487689666101306429507674197977974395299107969553590735524348176
267 701033212938567971179497366675165495086400200106370423803700002038872620295124408530358230399489193110848228938874654395015345543457
268 2193493153481951501647762386594153121647804393373964929524989074501357864037095008193463508657678871798904519899027623188978666512971
269 6863315639788130054409873089460586928840305867825623284668535624480041630409134103588701104549686993137537885011323639720336139535144
270 21474925279153801166004317785940764628703845252358624327997821143972500772145359982026839236516089695033936185350618127758562589874840
271 67193822920181959829352512196833493014323591595346286554622372026750444981473344255207711674895041345048216314519013465771709672819844
272 210245659993592308873607210915856792496435783367506815814636512612577901849077262508088180032818959577807069417434418954855533175593806
273 657846742827078900470557517897888080696850399616943294347690586431385983397718660857089881362189667726121469362251403834587325098100118
274 2058365138483173696997081720046887244184594446792705873725880619474323125182896395294604723493755709883286250418069879592796389175657880
275 6440507746705609990861381430495024450205771426707780169196730769621221568296293229033553241380319688402752660275739624028792434086352263
276 20151983367704153875198405536186200438679403902353535701285968731251292988873920767068952598308992568390358278171161130038576260044452908
277 63054412730106671850721071301114066811656017113467368736967783135847816466884530285318983105335996864361027940918562425952770709226778094
278 197293680338700787949168542205577541969355428513625965963905810618864628595124905354803339197517241889526194985437599025238167312883531140
279 617320733256214709279325069846943726450954704381688109783849179945185023085158384383215681558799067420968065447757071427659007026788898156
280 1931561553587368704201136942686220229572438073003353596327691045345149515209867580787510632486184013870345392991312987122657721831838893909
281 6043746523168131895376076406731824733584670779290327602799393259429455512823441593241620479000894156470583490757490909145319981624976979171
282 18910540007626370095374398940811033005446770989360326363594003490065280946134126111677096702417906960252887651604079522886758960618397596888
283 59170006883839193091541394072960349759886935008711760600729153681105070598647191654590698023808826764574372096181746909277301758061253479697
284 185139594809118852680729772825847562075512132477411559295759256091496131799869925844229408911677808272501228770128873546522395754416505444356
285 579291289138695758514574171796384656421158774905327083962936925061652034209859557865829895796626204730124052248740971665536237910205149060000
286 1812569580364250940338579151269680635682526756060732097840989388269311125357610578411797478572367496050183191599490883548862608914118214243157
287 5671427389399659735583851777533423944789269622211131771725796963524099908094953967674407399556075686405130105765966766800322567823280061221963
288 17745574559829475590247400798799224145692099364256464006081698750273993948176026285564382561177144065876339010857278075915235375625550589836528
289 55524896086486071920448196036058082106683636095882567699720553682396827619815029130764922716781453053414029523333478259087200803933277070676282
290 173734249912317419806482830519664158182114007025476591388653517214428159220178834037926950513710454051818040979061769383435383575863923519232883
291 543604611984889405705588962083609313344650580767968228945348224122771898860130063721430232635767097757218415643822057000728166328268565415898322
292 1700907992064789573266284886841616394056646817764042429891219644591768806273001971821363452600260300720504114227217919938865208006505869362499379
293 5322044614202599014961917746430162571976553490383226370555710510847967825817760415866381010022134578334308369722068993461958568004258980415325002
294 16652375676816733232699036996303418504767018124301789442343609055240357407863044270814545592581153284221360190589376659072872053834820221945646592
295 52104338799006029244966976205673400775709652222104632783831927848272702567410658600888405430133336555361755856368805155599914376203462580280772720
296 163031520208927804008656514717069855030249612440115550975313344185799604517415812838296149612433640544682709234600817039903002044415591249532068486
297 510116377911719622868435287534437848477485521592460288840162965579557078292399963971225987567963437780199680491252985605912002700070166972448459944
298 1596125207446372437866652173992191712360891183503371855796329704085738278768955065017839519311597950040663136186259260728836451890525176478498172117
299 4994185225487141688966025420679404693012842270048438556246716572969160808754535867591854327478161151026848260455398982660858022594160774841414725123
300 15626522249077420556375235352365591255721714252632969192496544701565708975264887276612794476941982108248855270371971631968506366715476732964931236658
301 48894501620550746792510881335240680408969256691174481496554168795145479051893332651028794148296953479196222276333668714542933918111614754411054406726
302 152988121772468170295768204722243461112801793087558399545307372459589337994202549267111550555281592571927894631557365602480953964034672200379214913020
303 478691153968733545928934768830558367617517833072169398601374893326753449834904364125975933332112808794565361961641455225311866102421395586902292764466
304 1497797464490180248511417284921591498980020886147206144733394863160642311552587181998417852839651459878821309872079378338171032730771836077051888752238
305 4686523295936535580668438219964268677714093855620143844593001950393132830426330769947704836171956123381801121417194281002597112543462611624214244363716
306 14663865525257633504289524103314540715456859802073294443678246603124893207146479671049133452944902620994198106521512567033991457990579471877101771772647
307 45882403343493639561771612251237416097302110128384057141784828227572424898693926638494847547731795420613358184241134496040162467743861909614326679841724
308 143563437140702336276325711505154125560227288158816194571736300750759959325725040449790333307781854727435419832760087551028250881928617307285286811141997
309 449201850420833723560220774119998911735766420433611891829983215852815537941761392116092450274928570948274058044954675137683239251909411037819699865869659
310 1405527106624927953672137443188603960301615954602450625567831354501249570929646038250921384181534301968919141234183279438564476673088571029333390384437459
311 4397814580698394067687836925733546892873701558931121051373294752403364136013322688475576337986365104831422459926334556364021316033386004566215363733968204
312 13760512333800599654299153363996837909304008179080829374775734758553564390373633177318971431389082688308020150937782451984739617636850740128894735212229789
313 43055862454894236765552182589881259814952981645248563900762575123192175195890392220189311502258046222331330342943387751947137989573447479233385294228197193
314 134719351050700076182697763276644266580615721838646705826677522747976494167343102476798716385696849288394177435516328848405985139502969228868289072737978731
315 421529206772600602708335435212053766632238033539986582273965454156437547415368478929625339482149162944681127114450781395005151207136469048702672797514963383
316 1318940974526127771633100834423825718040052080872780493087518846256157187690297092632060570114804678988771345682414687526253994347594935875146933243678774822
317 4126891485415823781531926525967787037422794078457194592518241728735271134373271382013600014345106579358204397376322704097464544132064211832926552136344295929
318 12912809338201541738645729887017208951467277956852586083315948030119372494631134503397399069259867021113669757658368410453782120072780666702574424565758685377
319 40403447872083853412129472033263257715127837345904885340357513919093999245314833326865310523258052519096970133960566677787860049482668116192202400706430516577
320 126420096293279470731779793143974822099203380571544236502595161953543810739806767536605193158324625776960810371096349747916474292128013251022661294109098448486
321 395561309455587360274434015593043837254890126725950903774881961893820558653480913103485948927069635445648686167488171303255675738455435055108628943334136585823
322 1237688896986996448386122404445458125021139668898890633261891146419526712933976117068709687243344197528946367132173478346115493801412774613791116412051884971611
323 3872658344248106717108897840680679055832557860369949114809219995488645574975253550709748096888082679300089574785667659850036928983894489604779740919511395686299
324 12117328262202271122070058809603488105231970616838776160117867863268283125290278330040907358946091585497548204038998153695764536650292663673345350171609930015759
325 37914432713137651985090807500844005286024576629062006155881609976155461205910600966414570628881982702614271464711032469931786410694778725515770576608836377958884
326 118632109063436601682145023455527873063656743146285659960078544302057063170209731426731021854103417754815293358364134398033848503793780777031718218907358244455054
327 371193139228020426434726397514372837586647144943198474612971035953342096429999495278582737702631451765597892073535516469242594602495532953120415187760136891771616
328 1161442274757794331888915644596035919477904425135737652225898983086569139748589916827425003012667184573047095172660441705749746696825765056207536468397888266080963
329 3634086988784331371484492999778839672415710984577304396985064030094400559547936636464030265471854873815173860727931613718866339054985026239046188523908286606157580
330 11370852025173316357154759052068872222434533186984253380967639153784389471267174987716104018527380035180963626072379378557597394227741192426887179504273067069231336
331 35578750915271866196007338270213974824686294763449521606255839865264883372621628469636411949591775305111212336917786080848982468142857127005446662263588297645197877
332 111323893221771514956241672720079823400172620039444595735815257149013164957703032870228864698491069336881450429495468411990826460580545987168859595807525726574653016
333 348326146456501809084060589774665004687362538873232719831880094278330997485983900742448903590459991291822282543243964997027532772810356285605475205888732083419806942
334 1089892751626366328573732516911774584702555412702318786409597269143616393976078622033963438703886240792972235726101007280192771062390544532092749454193741728076069179
335 3410212589929795355339573078394160394561690638586027436294169707858204263707371993826204842231933185356406168102034468027155361372944226793236318376179524342295322758
336 10670361731612367858960378110288269282161269733999626153031473968324382330481240405524617064721727577384658329009265524221557468881959183576278179021907979029211430301
337 33386956525722523625908880359660291929095507129736192348081486724051594498467409124106591292386719656502170541606521846471813080100941813178312727704350034794487023054
338 104465892917957183191016486253767172624408445996579695936059081872291872052892550719021484114352198755161890938656100733557963001499310611157283398209944651215415150285
339 326867852562069582541353897627194264969362329105139841136433502245159114040243182605545170093453488392022550265588802939875622677282314914134849157701921232544683465178
340 1022750967365475244751477657124425540475338757868032830132747181286470406354585811599581703754037469381004707733921145676109834328804240159489197965405974409592257352450
341 3200129755948957051602150314574988848302026575572366569352283011767293911205950586254690001840247132188946171141519436694640538388038697831462086104159466378127281872247
342 10013024462142032718307711401238851274624904643956550503601126980841964755320175294458839201246725613863332730115279676697245386146594913960454066982227754530486684138762
343 31330185500470040519024086409636009203402850490082735607266145535597639747567906312201263487105326599709158487024563633374506259610062897565093302821747334836953653185300
344 98030373061115931481753470935774511028293849370387185898773255603681694503787189766023382272470298532575061846095857667896958569714551791618453655751721580182309655855420
345 306731476018786671414496839792986701009116090879754293119064560246862982821118842347437271179938042445089701475059316335647489924016317988636272406089295851108889400730465
346 959745387503603292032205500893473575540239663983496137369978796327747794199835389320313416264303953812830692879086995668945249446363552634690054654007848283835485698500015
347 3002988870884660943263486413699205827763550667235572615442361518315778245584758946228649812117447893919121393443523505361179434470368332181329252018100930449605761744568114
348 9396181816631313215243251711128398182468226427422704998522929008022189396784445634721725905110211569197956063253033368524432101100974310545911283739783841287366997992631540
349 29400119856316279853141284230258367497526030898853648753290030987701483596163830794263651592048754138616609443614919033296677999454730340728660484123883076414819870887466499
350 91991307153702214399897518425022967495374420993832558375538646429040313270566337253989481766794978454333421660526783312204620137482491566624964868397937010569153841782657861
351 287835581392323273904627217735514470034768817685302903030579775679821516137172248745685144899655813957040913199466698214292623060004099685304144540247191318864064278734621825
352 900621205186586625511862185182826660866011556878083728923061643595869383593877937460409970513764003099859674807625485168297701047231250422255043792814705698385613979886552693
353 2817992658545489768361187671359851228495865874474544601555405506493725244029376145568780324707978054139860814645731111478992495773873792878409795618463670745126810596734400174
354 8817339163106957634171782527579901347857058249096942565974644301805369151903438738947560037875786000022094722227236240593493518580911764584722081548949223341982056188096667204
355 27588954031338080192492377345223503749271505374007789032931903847519757394299813785594424656716180502406119630755550664048852206731698563205422242476187978398933952075962265854
356 86324272035270088297900728395751012800235632520979040936560879859924928575583843451691375811411465518330396577590306594298494477328419657251137996060380174351436906160476360116
357 270103749999176497045189613817336873464776105112016311002789650415640455752370335309958486442034461718343649897309709106657300992619999626097543123134039798546485729492062525873
358 845139310688997173535527287978299940799208463180313599982284479053531896037790821395920911479846520271821008135333944446982311689869717320486617204288122757705977904053494201521
359 2644392958165338161935839929463551964487947538546387359132267978840219322634008307924946869360647504644982866176904599903305757583866621406266180823926342650394075255547864754615
360 8274155548975183889640316687906737133770308575765219535483229443637729309188597561602465628266559344501126588573624755238483875152847263987082060027056559342906802081027888318311
361 25889363317672368019478430196353778860521992401923170962711236421977589523040829464226061269647741081575537222121056222807957589478754690041664976826158315524127416538563946875216
362 81006349110448644390940689433642212463262192032227022343482560422238293566453743705195559089108199668648490016980966847699658268803061025645387497259405274627725931120328078426480
363 253464270854608850349222867693364244929468923974105749987935331449945367184763480813186186498216903678870696126390368125308553239877778429049117534219129182931542858981952851183521
364 793075324407774790939190244658831990627178432594298403832262122180976510006022886869155504672178328841123882940516722037956489898850139409936925019912349366488206153680719605611570
365 2481487698695346195007181299893773811120512907715408154005420705429729298172381101009822421445553652895277860730301267300065803972276277415831909489041619294606746187749114467837780
366 7764434233752788802664511992858948931791800893120128930894504893971594983245586287487318415611518080637895928199685468090393132606865178981191514514146893730819958558020833589852497
367 24294474238968879372237988481227581367687586542073711722863502959593105173010428138636400404698386657878785887951758836401617940444996074545444512913669173950767851173952703755526797
368 76016031661672069839807969290053059743963669447941672584511346995395167872941035298561850170498487543528172830385930205169073796457388109327551691599850008273102011233787683131953393
369 237849850659438780704768380542832683681375181689000800628618597925982524282486782050584590500708303698928269528467748799139018061898002314063162512253939763695706171014665776179758573
370 744218689427347370156980003625022958688022343320199032251476139336267383458006979609020945052718602613429157412496674430359679216073962209478172862857710799404297526972517687021156958
371 2328618059491639227167921984897922072235563155368551633491884451930370363263986892290099478905660673110935747526397791596812334670401300096053657577844893914843701978677588511138315757
372 7286113805020161048110859060074089357877577290582595861690664744978160047796077683620825749807098285100483489997692875227432131856832054835776763940516920323113324936721843467519293409
373 22797836752711131733400619584086511555935701514155637949903393393945422983106556021128538562997675764333381244382068919219763615180911933461526685271413657826753144295761063392013435519
374 71333137871818938602818275145577482274534557382206533535826699348730857394726692815936130167689483438154032948334127120106066106380205757806797729278389826246585003454121062310682381605
375 223197341652813262530336743012231076551114702315197322702266084715252419162480544318026322862523905562523116016426720530955436118494221476567768539563098218405049027995440203648570199102
376 698371819986395261267140886075641793689362364473186595118306853624818323063273996200688938628108935619358212094130935486270956109656962847156465916766774184093385629853511621382649461388
377 2185165805916141486521353871349699459513364685529464858472111152225259438823499447903080019296637935617448291220994048348112196829127323708721118500981106942079283256499581180231419760857
378 6837259841667378929193522370353334644281865640192190466315129196777944068441941655433978334143296799473565957250873912221108588695808395468570250219994567468676279383445854640312173888995
379 21393398164986410258895867472355826225931460715866610148387735966016997975225691676143296656912817121889272683924772794706404102255860021567393253156289405416112336155939433868029955356215
380 66938729205007320464330922360010094152691956338522335699764627447264261791008087424705793149800764442720656501457771565659537148722555960057566498265485565929731819579794908331123289389706
381 209447486230345973383456950425385902175656202394492101491725116145987690791413253840729402848456562105256989915858501072515134275420782114976225518128104405255509154318399444795158979457709
382 655349302402493505219250743327918247310140073191282728773040318982927703360543838668824077838684617148289239360794226595539747872073896635645118401974791615846290665484816778987807675121584
383 2050550789075113377537589406273511998374469928447820604491628195959220881600700445359505275117429212247678650241842817155340196367906106353814777057434298652411286501247758007110267239399919
384 6416057090717934119389769536098389161412409152880340135700194580299298588112973819762004650211064856493875819195241274910030272227967315958335233103827466927761755420828955403758803528963689
385 20075478652211010261883038813253093234830728689311426711325302253223393405908927018500803335419175731597895370034537622942394291057715137772761769958921849154914692599391330048780614606812273
386 62815033815461723881399279671940844257293998565060791827743079235714913247291659947855089108306075546020091769585888600122556999270065888878971153259558991418045574794264304423815362610030982
387 196544677294806993717904814660416490836009125981214985259278295945795892520570077482649804369503567397238275791661262729223218111667113580795935022173614332817840248397101342587060272365211284
388 614977145223015274240845464035846935688346341447808008561857541686263386320838247944391813309117437925940269720548003647626983747010241076725100935819334620426717284148123654458592767361144631
389 1924228599583867487128416013644197893041558089361844329652934652211501305885710683603974175443474697043721660814269217274524067300870251933783283497212033269180815243170726888338789973817933379
390 6020802126091630604513336459478100895198505144882910908099962772695013718589796927376276182734534782538196096532453868286490134963236489502352887175781407079531980403191428355506958224031370182
391 18838748290815818358869607917227992989452489550955362744653469056466823681509163570329344822047003784247995530238807386699628733534297796230809487199427529239670877384788404601475649611701930072
392 58945374674702391508584238592807965236992068344034421720555917753306120883401046171829529230639343110555101025832841825753160993633526528350438714104152249156534484650562014927843261051012170035
393 184436733370175476474070635250478544629244027711119034780903399500569179898664302212117877026471028894016237634001549256288826910511732405116336170376364441828242803459906402200505300260735068213
394 577092075569760515297633651729407522493204640750054507486196526034449925195270396139747018557016470686099368904637042162149399987363241782501202990495212624680392332536990797091559530227947462370
395 1805688365869030168614698413291084391956428663778620515938946937792597956695115996365865068854847043299133629123543778685331799576015695399144274079738365939274382321231907049679284677624261164985
396 5649896459617264084155900454951195630690462259378456281820592819408187806442749403863995308395189754599751860731267578559488258355830612599028217940668702864393634778467022746571259607716244005821
397 17678205501995800421440338222985679205682198242341779040514118860142024147927006968309579350012211188293191283958317677281930810982982012133064860539300783483924486691048843812120170323298729613586
398 55314102126389283161277381336242512338911878802480752005694575838325871703908695144850132294500359677854315417765238934972231781044475232700434612763395021936190621070112170996612177139050638545985
399 173074687569572651622462583988335187949896921174386067298286874441496438863769184039007794455022305392626484112804435937573896431090787979097736331870648747679534757264657168920462049104060339855332
400 541540878831590227262401401079231743260528745961373069653136280389766210428389734859254040367525385034546248342663478631856482167030013121877121758283103000217714397210523101219904810856816838601554
401 1694450688104253609543127712339023659401217782507608845184092934481862477790687319782751786957686622666124687542643616381387878579019208073305575455829494280516126059163612312643625230915580168389294
402 5301840076434673414946384473364930190212134944442265353849851153288656380911566516350933217609590182652901035888422763570473887208030468915808209840038577577332292100202044917158701923817906949494539
403 16589156824349758923549450569988769263577839525631018847342849808464359403054004316221842684972153141099722264412239437214606432101362856865060423946156579056012510647170358217741885118412500090335124
404 51906530596059380145404584892440107827057429477064831162719455223765568284907002016755660047696194529212532441763604880123152755508815867003284107543806735854839535335423115815503164990554177372462749
405 162412589563620325046354446366267339566450557673189948619304008711945331376811190209785868825152098864255862231085647749109814800279997640187266141011635141940770171245376880466966899505860050477241998
406 508179779034654592234212680270265969810603007833053972321751177538883869418396245543145420239266051098215240453039639146462372834011701288043872355634202863935811433786564433285371210355366849527003725
407 1590065699423811418292999771468506594884143508328540672167008740498539481198774241711286762612015231847945502682081373536684337379487654486714661085821117052720242559018757900171723005226667382572619135
408 4975225368642069075520013732665860520084775576929473827264060436266160112179669879388429881715047791496343282481999184802525766463102319326751181351520885788954145871171253184595150571282340142105430965
409 15567197932606969528003886144876379762399079587879947947446791395090045465257057609938726269789639150232612563218228677767193195638887470235439793421312625512239415528433980783641316658810620537045004399
410 48708879199799143882560210966460471265275541588330145992601666828615098765145566302789354086204947322712309808159345153405745993504211123119189048308483716068230536960157860081480601026814932260336586353
411 152407319748346287574275434907428184515167413087703514936373473529630802834174377240351980792516680202482308947236810172350780464176652981548691965271774967608671239519970466195269605058703459035599309327
412 476873857384311305137186966275520554655925414440739411695751134944198143131209148098789798677089430902041296960755911051072898453294575387310185787080695691557789810170346571977879357283324749721467972130
413 1492111246573247350842315788919369904882069598526946858033310613631376829642766014155735333199043852628468650999403217040712961899025655304296044841160459199014709749755912896417200836279490543785887749853
414 4668731442655125210879097342095026919531387087278332794355394459011748020070427928139726423851760301350581988837876236869204733873158823177450518288537600565456074861844934568647355245012657635390714042907
415 14608195825676725143944444775082599927277409322907627990588031217005276786239288408289450520138420200811266435702107079158945449210202974411445121223496560592252988131742442857975626436600209708893595949351
416 45708216011662016008671948241094401317982794198611877414119690913841101800828365811040479753552451437412777924555678688553624681203788841868308690508397399929788499769325668154582461943715260653351808634232
417 143018414861095397192356030154617029833243902305342984705897508032340502350781234244987520285311568944938924181277727679850543854241424353122956960362002049847771950313559613830121616250821824280513626753951
418 447496506627204206256391186778967513548649937412804552185244086396860918938114285732218665693195601074936449738707891206458170321034751071852996645292151294825553324791956355843439960406372207363616022600791
419 1400191182639273538090430344359081549588103197974523698387605354605489651115398236911181470204738150135495520115837004553420083223612836583055246577202129631026137457290951240960225369002853194298500405041514
420 4381118777255685078009013480336269413069937238492920560742033970029289702296687822394810838547254432983418815314054353925453707400869755309258195953812898469772277428874183443733829874880150039787014607244566
421 13708272111985785600710805785292007982367391897809249732819620211389937028230807343091460983056083023486123453517414250511031827601667742691307965942812274950411697950194869228533683617653032815792305043423707
422 42892405764437525708149945110135088180780323129293801246592141534586898141110863422046017705553061986697541907004645999405226246802769262372138567494169341166469446773232900822757720321730896812583268704989439
423 134207904339203065335863579244761349680404869714416648096562547277313575309084001189141368157746911661051971351830508334839423056901091257281780782486190399152076746139837155632949567963793409611879928522431225
424 419928919026836036335307949694487944870474970922908585910185483075330142393228506685125723221863575424809586737003031260933416795915678798861564846860479613146658075663185213445086803940948474910925962640502197
425 1313933764954384920108445351043749899077502230902973539785235622025100492147434109158913031754641504056464633909571933169580106409545375586481330261300191278992071927031370404743357000996462889803496083909784587
426 4111224210726186913016730465584943073976151497201973287444492733668338249865205897564585216249978413709316521660216618388457960846056399341988700968902245172734595565074255218164628490907235863847149536862445608
427 12863787324506377399169559141641074267952515504066154257062568288997007548786411947711884465197094540646368969410523770938935963572339315342853636644720381561545215505157447707560867870403057378994808520734944521
428 40250060772263713618407924199590499767555742646778462814248580906379155449774547183211885634169987617707111530713907618084087437340314591645006601728428200150114371895515075029313609913537618266601308982946121150
429 125940156759633704691040458798230280210174651098764014075534659775008533050213741087826388315347617191551232487910767922338685790288859089091674537438343639668274880061307647302691356035019652762044051746732745310
430 394059605881908660383847755509683731349571844330301433059763645373294608295920197016612019354603706239280728388180798449101036624863787123653471441856541343358138990104691364780551659959539062732600605264312181974
431 1232990151697003660297803814032297959163112899612820824473626637121205052902492536482556119098765889209408031934675883614082633997105831971180826805078200014853206071709406680019536870791299171673724706562909183021
432 3857956236796804081426000870225406055668124478985442231771611008569246150278964201138712768254726884064063898366268486714358846777415066838657416212825340253915213460988344176250209258617910723678293885479923632768
433 12071326202041657426652436189324636478830554001262104560299062458267282176765172117547463045353877483275959216665083540444231372049327382780718824746886202749023844216291282375293590080800169284140686671906702825505
434 37770494876604344430556788417901424676876646752988833138875301806201414979375397004644025159405600454572350379993912788852374447360921347542450708849370974435118917057443596380301769630237978722835212317631762150262
435 118181735738556084529174200918533861512447433466631060706277144532900975191236624661755463954586425081278040944742293157691691407363401840872539622327570499078655771670208986176759862108830215599144891735713143335899
436 369783946644269210388151644277931149271591887433644177939793304563026667385293985427776264896987906102931414623157379730251869409300068257460939401040743156956861595123548251152278001313700151960402993293979488610354
437 1157032991107111286183145679897335389724434097065037683636209203828918887334821430227265426124485046895610421332553864850817422527693375149921283981864785683521664749327415363712117012413061254138697820278049596102406
438 3620290590381192223568328758846660123031972517131164871623869371769168571811728718880438877600017407943299077713510816587160931690385863509204540169046825364295012768898611969406210673597374716450087130893176581199469
439 11327683877243288173888284634170194074442962213287265670965674158845914940014785334509786028943204793038472489674766812036045898959458525789226094700876458505669317815721765815064978035573665680729662092424256762057586
440 35443680229339457223137067933739421756275727221701658681123831991364286566243084012869844232478212208340867482908243045494698271152074569172609877773302041548678373299113789376630199132351312509886351859104958117626018
441 110901264708085369604190354129997488023054332331341189502654778824106722359191752270325503601878085068240259954293595007274660688292541653884803170385287333077520377763127788103638630965273665776800330792185348722656510
442 347003765813007176835730326215048375445617989260162105086734628990390925289916244303621172391894497752970921803578837736798021290141032059746205337224300511716942982155953016440036296722647649054067636963084778402123354
443 1085755097611881400530081170453138558717986132222875468793911052083518061767338475677957985448996123366930217026368462574098835595962825985343319721010273609454855674922693590965117850510972374551744015205085928034256474
444 3397266105248697756799573233129383252326068353461053429434400028480564399629255114435989848881292403292356905695494742639214263905028446135706104131295805837890314064693949687182779949345700062771686385416842294694921741
445 10629852915502773508807846551920813364778312397405325767327778447383227441938949376707447457839523998965134094299195110204459044831095149808866370310383788099294819572633139298462856176436154601793562408757934019167464431
446 33260206738191642280888149891147862574041101146164966108942189275942226119997372849851126168467812145263222975096712947272080372421297404924416424919011112958719141923101038671661541596681496694721889852833501673157553787
447 104069300023322612199690796313866803009419135037514894290536625588043095005159615884942845488917182280302378396039944282805667918580899633605627345198647113421258580311466715568399411378210489645935201917091105347183195446
448 325626935893579651128903396297882642376281021426088277231956310853996175892040673693232033399591805416582713699026303300313409046869968613944692194034227987840221697686600582211071598193272924443450804037147703526305287600
449 1018868209507306800530997775882501591757994582338577669157516264988185973912174946799680969554730921653195891799997477019471282044870020969143832674626689672853977014924141739278844785645461931372877187206067702788576624549
450 3187980826880646187050820293047849061575591467257322763929434980485596694886377602629650840149177255671923795102124407219827279897710680851658041418738346941164130008949343529382096346512564863062019931968420655223017237198
451 9975011152299303512234334349604970011877349562956570889731380844795594423921482014127485993163916943969463516435664463094432912156080926844451081362510555151689771922000459666930638469445267431359542660777011809997079635729
452 31211244010477438115523465588335285981132055591092382686854288755587609519374066167051114324002699270018328763457807071737439752592769019896522232063008604748735327496513759587514671159107774016190374820239542261992066471450
453 97658211886511814631665992623256720686096061513043125703821877714840773837593353521098789473942129187950948663778440923501910292919292250205279637263345018529854585443797172051340912466665468734905417827010964055970576293830
454 305567004816253978770576566545665135396531960641994885623370254932521289975643798146733173941118046251533833949245564679614507226898377681682739740444457242366574075345809402403552593743356022181341818742402361360239527160925
455 956101823171643191638461215308813668388043172084454678854056616603013669042685218543567418024796344258925163850434506116046754921259335377526836698059438126994671892965097085212629122234453777593303186861143825974953208938648
456 2991588364790342874480397880401574344985003866052173732673460054611577988247477197514919797272702956428424605782133661769397856036369877240623000818057727845549333612849193948738838885098459179971972947158899990547731277946968
457 9360510279815970741605985484484667578953336625110431709408801878647708407653013726415675275039830260239881408530271251713538304997526850881913564820811950538803197192233101886517870126794086065678527880860093349084017226237663
458 29288505641276956488468207449805470603329267331078882672737101867077821360906339752013345720102752351113181003728800714719376418208671683808557600909867409899860130453622315672097750617450002577284301904069010155440913928952008
459 91642072606748627692358282220463312703411787667800298294722354447530390330827033059606588760429125730262207735852212065919287602909242846444498634982569523408519542187622433583525310904645789671755934735710984038422461407776166
460 286742846307075333591475733628253635433352223760612481839139542441457924480525257454142332943584004549475419171892363695722725785012645946303169363582789099859375957617597414226886409302048356220629019625663273930851924047677999
461 897202099096001276421724152062961496191765540432878601377024295870317433153871390105452091157786785951524291268369726402744282284078171142649756051467845461469825585536553859283298091782103087640119126026036221414209003069623161
462 2807294469554856858418898075935096488017818152869470502087488040873306191183064966786697623753064500438236188601975927842068480753566146912555799911062039995267750096396671804865489592826330032869520968326341295420433718794995701
463 8783865136666407727300452777781577786028053309757549570022298957848071668878000602633030825024497073297139226206407926136398163675546092141720417161657753498818787610474746766171228922878463008251689110734449109444473697393189017
464 27484215701596127826994983551726962634535368959332370907845939301705042863484551486180822276557976180410627873161840538310611840927270806513874092226190024300728607374660853947277808707803341548763152319544090202816467321003723207
465 85996551743341152131664135117339543964686109677074066796718650310758557710724887689915116907779325015200626966096849702723188394465205921369498736032008701006279708736893779417728274745697415567761715742734022516592975869102579751
466 269078331797391210945549748874429179504382040708254747579327441803673843065286895434712560636331192923718870907418110538815549341103808037144661720145421824217553315834137823400876675702249640485787312799023157845570609794219836820
467 841930835307861554744299941550486919832739473469578902891405690497044134324854431009493382364767680358219334407228507288203240845270223681578950327529341687363663174111078018775332232174509719158265511236712849513311894798801594066
468 2634353820715436627396036538624747254499118196890735505989824775011187156568407771382298818243563679168786559595249955972475464948728479226674607919923002371005513252095572424146428076480111895627221202179772387593014575186556012919
469 8242743657417411190882371146648540116278354284355179458159812997083389161447721156761154519617792623806501175869505545144761558440040351607510591263811627076582692390683852687132388508671115776301450444239319184946694762843946531243
470 25791077290993158689370185739158220086116511560987388277235866977325506955609472491862127736772543614565962913988138347714586714475849429798962220482992808211906666408136368668290702256657531182461193261735375082654731469187074571731
471 80698817708762142029565690323210590721181979801690685511140743131310225511699509086705565617224658751264618278279648416738074594917437917595639866245057067958901083899775858462546596145810434315063243680169771844573786132370605026802
472 252502022545070963063809680481087005449281821727840527237230397849654470983971606823117398049115933149431387695401708875171634094745343542960835403757969376653137243885710438850383033635017450350411039814008383323376029050323767939606
473 790064504035836295956297514492559607331428131321718193040830724097577818087203026965670223903283984284628968459930098460569797965736803475888351552924062616730938502751502524550506063857367094494940210757503317129097802424408534772723
474 2472067012556200597430542103041748367095257730136604353418812262149951770648264099742537631041915296530791372285072862775191477769528403943703257237414441309363099264518962156891235015894248545796818031862031771431253951482498573301946
475 7734957441261462137729981839447664677042539251125288203158110559790322847530733697838509884928523056227043629068458620836998761296336558855740424673659035294415130894473151521553149020170739867647318969398862553736234743110194150822020
476 24202243027489888880717726266404968153932669263060940357013152353920824497434352914725796409667988934405358412209974068071553838133374328630781081525274737856085423298763535934256306745926205950649572393168382991559383355459929305625902
477 75727445433255756481949755154040899935067589208398061969562463412700977063241581519453779967594072855801113387848728674264201980309248970415123665758571259561044207397204325316586057800340891308926130913870001061926641928830218400382830
478 236946880722298536786957050329243642190723950472254681199925961295625585251565939439749352057777590989935133488354152972378617959131149596935272161072612294591292677268136173076564338619259987607768009005640388294751440986921260504951504
479 741393347719763082528050417066867308741973764158838881309334000128700291165406173352987070706475688594018353357816616041389356030186980058110121945761118270278433684454497623765840332529835038011402200146847780426462071703858073781870244
480 2319777725571003400729163340009575087092963809045929485538511506614143449092049265501450715680062615223585076409244984684297605440260398032519420414256002499731033676094365408194190670232944799021798299924770647049727388474404909669630724
481 7258452901697013920246918239867549213255334082358523767831618670421491945125980322002099057477734216524022062688502047537905159503827799558657782840751463135475647987109414380599166851816542939037944523772057172430651568400552195248605787
482 22711287355423493821809595795580256470547597827577025146158643072277551780636587491869333141828863517663800445088367116668368227859713959236322449410856986353674448221667370211028093197512275870214596435359495337046149921827630140840938874
483 71062329717676519337815890585796611661341509340027681972393724947524409832506568641732583076081746489917043674728325494971063255671648917537765950911023460388761704182508488796250890194892075535028885809094606219550494856335011142321745522
484 222349998301521095346864278304643533551044477371816277777832545045248698535738868907631761478882403179623657120083832095574125386868851431233595394143711128587726470018522627973157041827603605619137180292928682996689617282658482731256511395
485 695720530710218420699573884438088958361591656713271436004383012830837236526778274829734711374623629024769321313255684515764638409670726084219379128706814333371193824685894637762668682489975631689238825284611234975341759181965938807119148635
486 2176870072179338288291010683082867625068404453235210160628571438707899560870356815733246367931825020958989282782412394906046116372826481034824133171756771680614428291873029692754278403845678265395058263324715131960504334718477210556338932450
487 6811302961424129106772233661154096224064601736928374971388421998217478714863920628677446550954034376239260506760958648653137530420872112708393346975296723171404093083837647679620267890262521966806015564932854336768033740344073484939944739238
488 21312180559246083117423527488001999857566264061573590934284088804231189287698243302334807349055507034309293865129423590015847384195658837743990750121183499808394919733927507471882842177942084007911010442110601261598772702687047248669153707202
489 66684603924142467261684538364699184769587003956415034471926693298458289041233280057052012107478206559046706920070524830960118092237604114006641516241420223549790705639993522366855396763835133840071971579538053326033817124141089111650594524041
490 208652342643115419782223187810502789097440142192375997806678542863808250470507832524459846581186568077616409741318436846073237420385048798566197432142104884103881002827392567114832525628361648480508653565978772624516390147453498434667811428832
491 652861343226758790661033266322722499155269027233637649563661273735772048668537790234656738882067457798204299086693710265977667371465569674175787026740830213363394524401311854939229160282122350961905922184007593173791953019214876381619929823523
492 2042766105956833039133246488804282910860943417107131273155668732383492592889739241170883711248259165404235415883165651067573082600964624083502561015616368928543303039369864746053437690198767177292214058821474784726222227270324180012739842610092
493 6391699258868003205814971130167684666940374679106372588141870199237098992713150198527247413166592986820602196870611848408737478638673234354327151071607872827017011174517491778391211532859009680023103177183151504272903080182111769803662770468386
494 19999264378178932307303752349483910074356943637958323797791843936948261219593067641969630121782707540189196758481733128813082510134884495663199905432056532750969454020274826358849433605690484136387948480388782784342758001735180893643367928069198
495 62576563675671628110217781682763032321333214659984387742467274202663285393982360744991956005759819780981888119660176090452019565264887382048140658757774766242137144933596683676833011518252673954767273963015645766830916078811016622092407654964219
496 195798517755878989935049840122677047076342500177690821079727187448497076489534421245421327023040729759337642288502797821429415503211021877613236037999064915532548878266668135985443831360537291971072333795625525203396054658772002675228114914007985
497 612642454355540995579866696601812996896744015944488395238472036474890088838186560534179421339239239052944913955514747052840866729854713070538161116176042550444513098842088127038706429647877010404794509245247658453637313350702128060392418704827083
498 1916923484307181678423161506791603813334596003966912578957223132313827924106656127041154895964073077535795290346302821767945446038943557674412386085150615098763502690810511351319425253118082837033869795435562580294853742197194779418616774528846383
499 5997944834812036262410177142033996898378627962010708378092586875874066582027878741020781474705180040468978156713364855906334853712251227649472617235621605037232809111671282934280407068783233978535786665750106738494037008624881424250038013343789308
500 18767229123102253165134887564850928149559315815367020238872650896115038186205331735141867107863216572652111784263374204814000131611431167656532559321614171382626138336673009270683000047694265390305381819800979909281752783678216279511214581225667644
501 58721595256228277199199134450920087163472555456134339775338067025174874426176168036295806736129292834946035999935744051209234318191529706512202033302644850515882115075806663487501802426322104708832913896026844425958890516341236054679840914686546858
502 183736540264836604954478157999183720012423856743952129917641731761667977095999985925582305715500728252703298074456885513907313759255023097934344377509232739651888093148481464065682494199737149861720745490956056441872923488441704917192623323831669196
503 574901211065298483777717332242607872719830957830852212492396923156834027048953384730291322390559925495006600255228252389472689724873064918536590562595569826985454337876705560343997609260424674287620747338793981173262917683521750623762771635870125742
504 1798833275122901401877476463530782415317537327224571648827361560323952763728861835584675481018655891947547662315561707875138890986001982293154748568100286340211239460320293672639096227744421291493940437139061606227126799870086217936931329748544842252
505 5628447269563770000081738874473977607425667169511073465707713432068195970102813891281575477306170804547512746496305213196798055767776101934799194976708790941389761694938861986236412036192184256281125157213588969169293465033100475175343844356072454113
506 17611092203136741439012585243536916327290918547637122159339962317468961473607598967617073165694769407577848921307350143227995096436835695823014561718175622532966833529502475520936613701884841565909660002880751805452578861199668142222448563035689481410
507 55104108421614792991055000426255751001140325259393091651032748207157071884043600771624607479941638468733287784182537285795781690235592941697016730268652625300231920832581705960947192759794940213186669410102555619891381448932669047111243831461596170078
508 172417629180332655929554117048719608035563345372335846341321008162963893323103293363716800243795868120606797956494240867324625714357958948037450977395482023328241263582182263627164102104677986587976742131819033476810297247753992537864455560378233477451
509 539484980406757525769847385301979189156535153370032294497271689516591499932458681317844174191804927738949256436337714649843161303465492973864767460342054877536005700240934573930529531837077578284870267277524775634062652855857423648965699530121635829873
510 1688017898564622997862125489236251192018080846903956096231286601516151496381457909136877546151054776913266219770520917673236023860634725438733148184300624176980420015821924024154966909019034655651524538019793286757211283939018574366674207902049407060425
511 5281712242899050966342449604414957021548556674406020468151072192588654310822958904258372155881467499474550743633722847345693159465827302057575274106776538886580755430838710001126101016719500486911581158687149804793736422895694942537465264704522665134343
512 16526177975074209434445554687860204170300290272724782116478786819115459276094707441918211488902920876498185063920130124476639151826222557670065944716569303972490478261124462908999261429193635845228089587490255345873977862572549432575864737815007825749233
513 51709473349483253670076808393562126666823835817467827873485808262737799535499134317474139552537860966737991216477394646857922633549410002005647814612207691214183166337418820218414581767960289411742408181770318826240243779049365580965454327152198788759455
514 161796008618194254382850767471097228653401234682750980263223575911867046762039533531810153194579663871653531878729447235518611001659868510659431038879457097231922117802124956702870662567498401525798394982578664632523889383376523774770452200146875456100323
515 506250532235219381558096333756847988050120316563979094738059924213905792851698989483223493059760167840972992085296899628784162783198012256805563338818031100347848363777276848500540894811554587815287907212782297511269397390435745755033000983581436601522703
516 1584029195635068762883411127479467180444325786288960001671663801619564268046697231757035712621714811830871303496175982045800493714052174930027733636168182059875666575637710345129845475958630452542970527509592810496617747601397112635343132798877737086439767
517 4956337490739577748271982171917339332857176193735597010008743596912895347503100920745534114593816451051490434584468357412302264062018070119858734459465736811398710485190229164959859596427316939136171632817398927796417447405374836210194923428645937680305812
518 15508098834164470560986655587876735652616028376968483866583428051372396512148553899311948335169740281129296632444417716399326254379173713750966768579553532744666169321492609293295132812422655381421559100391933639885838186504482030308849742097535367017348444
519 48523961473480323637598580374206123848855747847680574503388685665140236543732972887576886887124940664590304430443748763614036150120157935314650023843119100800851546074731976714312387374707825748027103270063835445941860107161094906626807547694082424675580136
520 151828722673127076996812980364148914537725568775660274301945843337585384503297534483308097926650986896684631653552567841543492368650727639927164274859807089873253067308086612000652982387101332338053169262880099006557806191342589926222381195736476309439451657
521 475063459959918180853456554536091337017529517979634942565088082428871233597998478097028891607051929107609466704978175228269177427543545858557592691703998545986949712832855242441034788014308247682437117503007396980109278871543136510768938374169171053745775801
522 1486446615736654353616209635778125341677994630987013149139087670128719613965104976903114240539764357326089570497643611412245839285315756448411024411792060528335206531351182809404680386991354265496849782327937848697940915122206806741877064206085612100150974151
523 4651007134123457512513244102481987030501418349716287807425145435102236577720663160828208441099575293491865440842898184853877071473454986767349767081159727186783666748945247525644074983694809899210434359373293690444687428896470787069044595672326882793124262126
524 14552737469785929772360966180313704331492169698854927260435624071797567425857050172476978205171346193490824939829689310602095474999166088990251940393300387205951414332748024882297084366185640188665264171688569341828401042905235363229393931868705175595968780845
525 45534689962247171581804976660281689034699917572562278929955187640262921939065958937886053967927613693108929428960937415033529114009549738489585571232928103367912079779161012748774538357538675082404500029095301303929317678634423500400698028450125610162273886062
526 142475461696655830530299129777545210266449137291870341177184854533118673907902621094059267385615074674256913020980148391329915625532999675998897798480114529668662142962005595897960742287207675632542843879725803806295209631898539476664093155934310083663838360849
527 445797636977551936988352034823926967840667516341421036395395760257258804140507137203955362012866842732075980840132757243182843971035990365008322035154093990832129254899157891238413748101254212400299484349221117817334900905676291077878321754231593519288892594235
528 1394875515882844001502281434853556205980874761151064088229362968650550621864446616521227032953523697470641585396378383218374882977304783618909744024760785912795261891001831141800157613448881345870789584892957200315844138088485656946031549029039762022315637474694
529 4364486357534022669274773122784536046608838314786328966018982168479552753398293757739768991285164562298113517648467782310643089196734444530398279957855146923808026482108431682589345926016606731841398328108430681333706541247041115271941968987282655046660454853312
530 13656230214238350746494806256063074563781123693132210676990252234552126318388457793383930737108938392004475466146217375428140637024601957498113259878755290665710293948855888501803042674306039385387325246681842410191289752730809623691843227830296424441122523509467
531 42729569618736666451428768287628749627224860240853385889936763876619127147150720868920040659067176096736003658037461470195387857366035744249545211148978587705375009807934317077535997209876743362806677410148040340469759883601510720122433967023127238839514433728699
532 133698399277043443776762904518695515553056382300251288076846499380929725192709723487429148758390695907656395189346028624589250352561787552454653776752993256908500270921160689825568673031152662335835224609236639061099943427159172120910930799356722370296261806180984
533 418334706591697871608974373831800245606436236979881141036818527653893473718903252695060056263060486749651224245455694112907440792567154683750475110604773140004888878019749152702401424558117566598524674083669465851020596219507774280148534568640959277064629124562242
534 1308945564684938072550918444436152487396356707100787509222436602791612403865138674035013618895118394734612863890989382056282486292357967032654870578229332896356198093672100351746077990219659164700633004625764289449092814373943092561018460481168294879956660978954931
535 4095616415065031405997792198178822650253076528330489696504483339844479234841343543453806787642469383077726078652572406270219897830865449992551902014752969784010117577767138728637007619075972045141481589889728209763021563515885881925819620253515015017387233914463027
536 12814951417317069947443275832181330912946978423239048190116686260633689961463591831264635358826800094069241946028967482615054317398203343553114032115812332805112704085844584271601212864267866925808367512141669127269401127039417034933866032011858147088850349703059405
537 40097255989142527865375265405648881868386472351906073847262872874546711413497027435266337081606179040731110371671538031861475690102945584536369005008744131462962846894774611857258824250354284002108097108616790225050284547262486724781359282900287762500865959529399571
538 125462039261903982802524713030160525766494292709308311759600231653967256842028100423461551269829822253434361496304681254672381151219084913893725336792556337585686463484164744738337490178073801026115394087145787792277687971041075839728134370678104542640681052835114782
539 392563603355246674793470496706762082354281783729427846349332313059236489440207193566812433925972868852544333065548427495847448916065104484731745457709242719585556056881985344271692924269947081910241700240005463400327850161061708476531356655593110402102652113551452032
540 1228309244659704239766508327309079042903769273721909015166568698394423995793861279163116471680819153885667494304691632094074603095840436269938100503626039520851665384148501345459086264407284740623368660415842233521674707656801142704026657382055433214518371114179059848
541 3843309944226210117015252547244725799009480784750123105547861775438167530819837381037801067275661517138328221246688717288550155922390118573044778264248315596822694932371751827894914212011058039657944215181140518156036204704044289941821822239099650443442191942909258900
542 12025498783476387960490719220305631890153181976573556180938034159540310606599331164551553152510368944315893362285017663625182110716225199588853180436108811420149757999128395070893400216350689480100454602528757302744593530876506093082388787224509163923974238840265469397
543 37627103483715404267032141099298621032446952010163388515039421615215803687840005035013065914922505671668572165546765770374369027137543911246028094303231677948897227271949943525702448259796146389827765111524038334347648297844253439490726678781900435259402519254968600254
544 117733072204838897942212555792509029661142953925494453883920057799750247509391105065526392689579934105888674908670626206326287708274771243598165512959123570195747492839470612703819294719391279173822728693665485822763067457715465311537552385010703509756887153173503801641
545 368380103900071142858568810669126606582210299420539218327223458001744035438444536624010216943858764138406498790036777642898214375649573269592721669419960152682252520489732856472075302824357614240055430794874278847280092241612572066674809179356545553452450457970107056539
546 1152640446800892204621556200621562342776238683751225658330850869361825401010974143472602889040262366622402352365404525205834149865334847472962803498598498965151486304273897757125275526391177409378186266978363525517846054621381900014252342976377815271214154627296940343163
547 3606546568437253303230896241299670233801231583207444965450932234319142003144259832179464426405348949047388161919266632415743556837487431407276936671412864610898119899564328290567168965947958254995650953455876895818789638073640754076960041584267256933006698548416301942896
548 11284679612282766877061523426710551883729244054164123114766909697593877990443657072550236707548917450750647461007175291406622756617075104184689332093609977895586568972490330498161794239908852478634379359860724202244128943730329754627126968782958449431209343151948231372833
549 35309122323921510334650880608877950271656000839861839842088542396735500904575353973003103805464929126367845783323300089169132522204923147294761966887665834948491450956122014417162035292801448183529954711014910967058474886314911659530718681463539993354182522803846075257839
550 110480240655538799532456778184416554667294821348205641639994836316663702923202799967573426533535209600794152041684376176195185664199769414758893447900543791046546776017690383186907921747724318921930752025882385809100348585612492018455263619902646014736011903476069612531601
551 345686405437396763408858280664248804923365179481797212624428571826661491774924022322586246557391058121682184894957511524847954444758847040617400318616665497943071530812481544729502384823288258897047029201943175908139698427163434336058806309819705135578206666029365149712776
552 1081633151730805045083933953525549491435125430251149738526442986742856920312619180247585425282592143153173268304425812837680912631286849180825823223076017458127389069059709883537127755001556270776074923127682624978416562719060333143981653268485074370711454927459775660280987
553 3384368770425908946374189045961064807707620363045703706416988784401452235703743562099023440285667738810302856727678236069109506352006419303248954359117517205799902338025409657268590554088751701026478154000992719244401124338482850049258098357805913664899290884603034570073658
554 10589497886511542667905828135209692192223081800915377156551397318663551249798984362612204843132477656073932537062423017930406728057530126463432941989216555562893888835141371378170574987426619262973939122921478757506340078554661800809963616053072829326856493052595081251794442
555 33133938141829735745322621005594446624125887400072586498464996863933573340881831031642356750025121499918811244653326747500153930686590094407553634913515842442929429804588585780728134056185174872194334718630566037026012060665868035648766067653165952506807677816726619538707675
556 103674212748557658876050637926694540289160884019717856680425425925947579201104210566264197088879277254896930398463316914714583690242551394278658206265846082722900149256954235956512644133944853292243927481512314486524908597894703709631776788856826405632795209838450835724452700
557 324390730224247533012224877046189049503466692794031722750071911820509020200453873831156610414844113053802798367857223347642168527515750657185128985256329046021909102781627732865928537094778571582500136885375377703795939594442478543854751009432068274593266297525837145955068924
558 1015000192098246904095601280494664372811263122298900342978745174642278789043844977421434114944228066100244954635296547196700286480840771346459982344794414508668583677250495700280397658774049009206961585683484443875887939964767423889200054250930721646444094972854678971782620837
559 3175878019841366323733597623232442543292303225156641481637222947608778574712362320714639391447737669066238855733487517939927984876371901250498845253000531325721567313259653282428667782040091338895558944296630790065092604993652125152427044878100864474767546004078212071524278878
560 9937142155668897190021694089481234151700478054144040180073268451344879355277697628928854131052271432340003056123471157383981103954814571156080072641649026392507314567604097164544038826773566347986970136131426367027347659661251934820594571253910315349910040332983920988044566637
561 31092754068339266643876474676421160716419729176587643949928244066564197781077814223856166661531865430506604930061783091562261915020823830830426855726784791076858450547365227788959851841298739331140294478167647632616475025012335002696560054583134891050529822737091523442980909682
562 97287463579527780867746376255353606422544667679149600290787310890836231744188443220090378045448354548166987427775223583578516177387647974959270825581267797080427399581139141442477400917250914075399650576724424854403427072378623908176882834473048518303098375311932312922156972423
563 304406954396352165793861778618133673277685285618984506264674425512158284724635306071989585087155726149634052575373064360073060182877662533957342837519386186047109790793846487968131238321528625116376070173496708589802036766622139584423794384623717141344253011167227670287094313823
564 952472091217742925380217709932095125100222645252048894592671458091114858665755472672574001941989095270525009453406048387011304415803838523704452023778478830908067573451986456880708860239250665271930130776366761655903736827045068906558800691672624740758100169499374153492842533051
565 2980231139422259496889801184248431384938904117011528811133422588431026303423358849388394101605849220509155403286179784874292031893547087947913922666208445493142583509237754156177390633357725752420904862131058105363408647243687632173173138477236314862008536084598858984914761831762
566 9324974165937689369977553694680419029733489484546371542089463643428609464994289632709472804072171350610511858680145426343411649367730943834998990744188227161272485893482408297904236750663782989224150792641361071751386149890102514337316592472198882021058177223768985653519346366523
567 29177315156925117648330336552601520513547528308756229111694621115965580076606028051142468640855354421724113170634044710278948662304100412459140259909391222905079686656257748008915243013338455739804839273135265714841108580631505513484715073005870602689724133722157027487019702821241
568 91294163889077824129339294328500015392781615615479519140232376215366191360046594547292751644539405418448612644294139754758820895682823916210722189247464508325618153603238665236323212378621314881292127566685423072261989395863537889378044970486104263105275877564097175304435972267901
569 285654259666438569726353187782203694681658996371908720951242515531962915842289962723796039989010741622247589710808741059351619412348306219557311655671331356895952795305724388344579026219007716126117209691001819962816909943247193994257446419120077212431752567823584119213659479059073
570 893795973253261919241952236961780613128115347633594100423242479624083309695017928992907092117309390576024443717924909364592448915485285994670674269861399468289569358332388218532184724718486856014767896865414972130024941333655465373528607309885787309109866407628356349266578859134598
571 2796636895023361103697878786254897865337234853537216823106326936932535573506119531095437775766920653264569539244804696905375335998037891846270263551896660605813403608341380280018746522954528670014702931829662868325980084662010213969314228100533677305691750468974021499062422696993826
572 8750518190564428782356351987706142968390381890322997610687671186044430569650176521595734188368901184842241084141252042473022240295172779431848631713998015581117399066622582585442456060239955477061858909640747240847356893095111145089617923296744143030621645122473190719590715405587497
573 27379874999024262195171044359161443142772223250808439323374033992124570651328977122629542221860389519262542125876677919006202414956331119085058925072751348011411715678050939032837171745060775842861445926805062049167818919786422953483229318876229371835844277256105103980958191321318552
574 85670075604269920989133441636639042064621352672748354659079155031647761009970163521145974144435397848350782522718448400555954882896117609158977936812128496935626419443049182936289751076693108214463707085912365429525434621303954210562009255464253422238994826936268915317540890078322921
575 268056806479316557428841372840971979602266660815413202835968804867579622444059892070922495109598220195747205475420912272716884647890750406915686460855813354497611362018669852964143397517346061706664280842446740016705724237894638965165003737792861274827084351749349702727036695714601494
576 838734540539012164772353977807916840492625184577070860691460545326158326798299505146899325668137748591943448690667013636940368723682023210083716825733897551597407670996522142559321075802287504154871003497227115582501759856689707945393797408473591508868119731722586301939032688070779408
577 2624352795710369289863781773975346957101138869180635446645507175896786676902998547193313517380851617828588447065895296974090542009403397859386912894477928075717592983886716050238749312463415112405479480427297652230468181020242447311801549957634744963777141248152306398780775158846700487
578 8211451017537395442534184818729572560110993704197950642143318608123145909287896744978248957478976943226337606103397312791504706918769114138880837449160584549210265564242205313126676318568753691315009324954473890236777951959116185997729544260947268723892947759868380129390720836194097439
579 25693164396048471085676357739842057416351794674526306351457294528545969425968873872336654598940582062633127423703396376609864621003312878389193220360340847135648527808984155042831191487930775539160904825324767177263184264004041979832798841686257210574752239214023320147456293266036266901
580 80392453815105094435844389461506888286828999036951839062713854283258050279420561092098466718147497959535759807953279715947354210706728409189990996248662368663846199945566276364601159768309778659530279210877845563543633366674738130120733580175265522607987701778432528628455151623397542047
581 251543427301924195042954643350620390578659277917978659811220664216891926665399846301657120994446171218816649601620800643520094746229093102684454862811481564893903492213409567185643269694687398111481188454615645926918550918517808401691940326954062981226518726087687600714719951350190820022
582 787065113901396173693624164145165514407258058731898784477839398780028840208918347016442128327070116443030844983360874500988586515075938468750548926061495912853636090961873985060452067344018654605743820317168000805375653529874253399108704061167676593407986044525439365207075299780408320818
583 2462682090981746958778734381667417505441103837317481653977149773936779954233714828598717566259704921666391874770101550572947802771433799592311987733625025963252371593016430952149330161587461012955671010059631630224764526920754738194202038471980632448375072511890536639067550312408326708879
584 7705592554064123232560379648391539171939698911893181814758471974809939133537655453302857534828324175029636562757259474338831762385133239690468188936613962141709879085750108362355431876191374461404094187398840733943044363577609638937839238592963813118073516876706663131947396539073798050440
585 24110361961327368646323257141431369078010787375797338127498489726207554174219345548237776275669370591027471314339065293832585321245100632892707272025757878847974078612886866927327400065956887692221684195148486410780560047797437432148115787092762922372540261589626121634267064478885238731606
586 75439954789670840526362098040014821426617206416332135398404062676600095294453531180684046176510894532454821659679337228224200779805389232356714732421245575251320410403462213545710347532107259508127917430872241325608537133825179096203247364153463955422888159178662245907603032946352465926471
587 236047338807942913018735736893561946948425504227352833293587395667712495596154662905569363181702545825109193731546324500332490245201160073274945165142194740400978708230726762002198624722313816988446592284569523992615689279686834243622551184149828212861602885382808474831351553553147246185878
588 738578732100999216247628059337969180852220336070162335896700312845646401437093342956214743233848260544757732342684752225925727391647730087396647406084381802629472360473725018226325375173503598219767530434885943304528217744648278883054067242312824167247153340633172200063726818989333677726882
589 2310970952973792767369419844756688987033715474998278628505318593900888642093045599772161560503408873107110789939258636948313380523229881628622895713989045425096809615070316438101168255698215453314899622371508491502838605387481589968474210755417015794020673446141887784187951800610548761809478
590 7230897009850921311802486967955716811190757412139497576820685401001441303018208714800298955475251736434328703664389090028081394623588098489880972262057232763430367399124554480589264407974062767488723024518322564409860520147092055612087025891567752884405202041290496187214688350106290393511345
591 22625066533090230148147186692413945637544584631023765067274888547772051595069051327251812368440026267896672364727099262959820961715259649791074151846269342438223459909778507917205566404194636189029611104804646961945303280841487036918177000774399594733829685098048494438687433997800000929374544
592 70792549655926191477604244268432139779502850933461984028026531010605603713725782230326432640497699915349210524986674347392869685283878600678296986404069658327119633592688882829307911392445997419309204490357792541883033233062646213124860089438700090405498636287020695142871151004908619060333067
593 221505871792999824091839999017667848336196866776660782275309997635379222231042090136246918718757330752650476325859065686543315056051585785883313007334144538150254438214390372710893572447321940614380698489256018932089877650039842041601675650379010152977602863026398400224154518381790578570696992
594 693079306752579357402581324114027346394620345051538287623186186006085019992513041464584385746314903889883430505357499758819903959182839370879871351655412654260551599340832668146194450257443293112347956691842845950738974296523143051377193453643947095637658868941674641480122388513696000356765423
595 2168605832253231565776596639479471861652022162260828057180258509276611582202818639331331687290798434344753665135220891247408339768481267932371956304718988489180387331113135532807305072823711096328023937023683103281984946612559368467154585191990683567460662171309008106344560531256125593587053252
596 6785444623527896200637593287770712696541716580480276628321197236596866240022536054500936954526139191272869389344093944188226304142670693586865353639428762648145557718845250084183934708117849111965022032496266172876209711952250424300169664871603130177311647219888091532600272081871310354019105497
597 21231271286919238041642134106271231086844206438404070581301592032177082402108508328220400407403261948234588307078595460527977505165655245285850591391931088123056411482750134728156000762380521921818161146137223640198685372552142848185328680996361938120612232103418488538861898300769962600448641360
598 66431443401036561918987089395653664616208481803203924949162141929056689994177764668758076953710694919950223221745922829979006054708288760367520156845985535601629361241843349038376391942424097233332888376120972603947477712435010604086344922800112133314734049123574428890639909986885776110873615701
599 207860217728181646740081393120698856755867632932274381867713130069167084566636082809155393988977755373508828942457334761450337149996433376439223913862006134982618646805634627605021690050730400843734029214930854054261109785238153120337352525002722144651405694182190673175167833919183458798127761058
600 650382829305390610709638506807745817132236026006946903304583189352328036630540118778877714083901689545305532711869207318392186299481752318079606928869185740262617626358551289819491290433476480680548750997129213355648015668359285146978499012838221150750711040116481124314746060884362963037031984764
601 2035010976503633765452342838382262215729417466313150936546877406894224959615872908821177373767272761651849674934731015616318140442319426527665457935331990625148416780277693037864890509057952386320426296367083845615827771569746739661223644954605069214641355546167488400081845641790443399420042902772
602 6367433898759523570413443527671653421970650593956307952769264424538677530311667918493557855687783613353308422394522362228952242504147584420745407757145601266123646601202044678838742266807752386340514614219006743739116731533075402798354367607142700172669586945926367659928036102052610691781700389596
603 19923339442979908624180719075679836835053007963168053178342108219885301420395146150021223935419781518112984371455468592106865759831905734870349021644700299953803554627087516963947079310136810483110306106858094475120902034038173920425209002506873098196085207261296671729343517168460740765798180948549
604 62338998860675889290196355306942799633716638240184280324388586148558924369246744415137691789294983030217554064033340885580386602245265993932347168951782082239495684951084608177000173776747183224905297186256265577629761338962668736206089169040990958159614441859250883963724935353726203346457545438112
605 195055190926873209833156574804443672356324395573872376886044443901544450461918787911297116689946128965025885519781947743882733114675876194310643923892496964591692128525760148160525774997749964182207863356886637523508075174316907047503391834287326975122305820204269718610913597628774245464068472816767
606 610316626876712958607684315884260999699640129729985952298297219704732313780380199290900917648291465392728191024321410010379755011602070098230648920115779113683003211317234363121660341119398946198316941573526743972424082582608211999839800300350727944260096929398179866321208818053035223505696065766137
607 1909646102070747536801123776938289699954808975105640093380683629785448603965397683121858548197260566466886327198032877382072315846269139026956130521298347889819645232081118218545982575085482204041105496762957904447313250260196656138581221022318454123485519362906685687075026875330372313639406788881004
608 5975174318642086549790931622417291885218623146146288008286053113935069235487638766104887414585197465593194334098538786971232654467625244748177097479178972926027149790460895457865980076539902353303420719873255567366102177520560621238994688561913217742748193555674147162784019543142394916962297858858689
609 18695981469783990694540537361837777088373919195440763881940077885867114108537284241292079499070663053708552489955268071185443946036022501552648831249464929427166728129673086602842198988984709545810115168609748605888139953222591908408258601779077886092085600482081113795894589523191621784806310477475068
610 58498665390893980396740284214899106206488127205290497834632777930616334221125466456511785075810402759238387595445608633485889050836295955777588139785976360206326892631799763013871764002643815093190498859330541441709831808061345661351319146290964081215898644264246575199723745909441579694865547042981754
611 183039005363076844165781415542453014235688209797385001746753625715194480981430478486187601904061355417711653853231198725670047705749199585536594324471081241185552549915064000576863972916132222054009917549095300402857978857031772346041643509358370741862475779961317168213998349081637737402739316957482123
612 572718663929034885332694619222920441412508140184285864274317965235602422660415727409741428895434322990670270067190124603860006719065781101305238873965163351030430663131653677362905695417547573882357807814419920073645745249294796076860718567295998742108067618246771245280143678798705473403234514662938627
613 1792004208950018996016361200996401464958058496876518622350140777430821344627882309436773875530309238722425227785516952194097102722461308912620872946825845062753216828392395841309341095491198021329909527244154674489315004147583802522253334152326183127409193520164835386341277372788349171345807989672457472
614 5607079508923582735352423408557248539244776242715189083921571132401063930210836737837985182192430893959359753777189202893392109861561063791089357947048254948964989142766769051171632745646635694138545073473004873991479302410795723580880292047175126363119974441183516759016918966522998145158387608552081739
615 17544233692292406963644404476627481508386996688386485634995986976906544933234066283415979307162359815872832059687030743394405206724265414687548103279287927487823250944523984490994528069373689418424426102200669696978580494329490479697490120689688297402181647233151632084365014205109358849983014623843382830
616 54894911934084183161143218178914610008104593289399976140312179771376990267704663198136639286813450787122618261435568474506006553495280839151365995729032826476994134033086428384843114608572161605799498874342433268085649197585277624318896026578651868962267199121436019651556968364136437365448504868017856888
617 171763065238622413034025557822141744754379903727579484161486474875699912934590917785683501149472857054720987082705716074146216831250148147671006932059044780039208414050765370179015387695665420323102452585873374868584751217299084282761845686845989177713910321920605705573888087269846938134204894039074599902
618 537436886966734741127295676359307428072340630854101415243564484151956254920514946317798389097849972126094212424482995941076285865440729152460475375306521797168295356860926641070677771841425123044661629900621034305140833006150614245104864122832564793559570522992067082933017904466009874097942933035389390561
619 1681609530379683727309484469274332368926089925955021349663698161153557605985526615342678370744004424097631325607605083326397390125097161376546718730837971519549461349914589096400104443242283122618574315946547495441552834546409039755345252810863036916433917583014917358471841749636310282877641209863211073399
620 5261660822396827700367089279623364658691521402250504715550931320064566789178734273668966921451743394043115555941105195847746077554729363050373022835719141363270607594540129414385728253383993457887040503411827892049363906502922135507693061273844470497683215121711012304782898563860361451773628839167252649856
621 16463438217845234039253045132794948426699003538435140143983309539088809666784391502013523877124983172723463993763730163715397482550626203886225918453454671034860488637463598516508724263913380420700432432898258739237501000323711943585044468960707238190357903822002081222188625860503348307878188200494485567462
622 51513164208357101389492707909755744143746364513430356239509260464141621184012010736878230709374275865756978050290704376423739344847832557159551787379413241296830299942194914302293620089697464661071152685356206220772206163137676494473759495002431826906183073155532562289745113725026278416164631594259634212046
623 161181768452280929472202648796652496306643226953998484853701469521723257586180131091371122504151614443873362455056548859435253962091855406574862663664045803713653401663824315222202491728227811163672670024191097769165470392051962453500638419542998467306258407812908211919285552204149221777616999438648104339306
624 504328609602086500648651208499409808592267467292478107964129704902620406306513783804979855837105884458267172990707993832428829302554889136077790103203074428690868023954851562378716244355544262138694616204557566313509327240030511074910162846645929051089970027715215019470537904328651583726645982006507752797854
625 1578015608747184171948726508352624325772866125129880577054008280241412557869353703123881973736344218241341585062409360333906732876154529590734934127532513287740131852502999409806896780778514954498724310633605023078591826201712034157701953408449986353704669472820370797864634590140402679192119491590854542290481
626 4937521318519789351834851543758637244554779689838964658129039198176311379765756458150050733095221723927542257078073658076415943237587686558739095185493200333710263686963438363223223774799290464230228912827684331586466246480222728473253712430083084400971608464923059365442373906583333119861640054306451522568438
627 15449224098735266387754463956657547292217423427586132434297179322173852563359137486710646285795473692344904299218522622223056860624645733666900007047931372006416915291493725130169126008941526898687939163329087596190782773197747643877181441582671693933023416531931585432267857560868709319728839091422347730871146
628 48339745766301928679005327068744461811934023691995309344405846151460208087111268960331525202168949172423290804825227284243934531410068500957136346059693270807362603913594912991417735707128466922082331368341925627699468298463450680780232658348251022349868635907198394203680906523078962836341547424161675511702939
629 151252322175972522381068829859875144873357434984826194572622852123503540449884225970579724818163727526402957620484300941382183443832493947140039559131689905738611828176601349606868016958793295750774206023155061038540190883098158077134863327646410844209056850364989778184273257664654681843016897701360883346620249
630 473259935503676900336654863139314391265795236774383612247207315407729725283809227302372610280815429903286368931203856119720214866736642324243000449302622335781959050970929775776979821003954898266550541251941532988909665318512566041049930055051047055134865423709240694937905349553369085938361427550117609622253368
631 1480803490027503142672509230304742165094328432866379200641180878719762898957190176485466983892846214006503522652325652765914679568407000819933278094064611064004522753120117017101037714335932695250317929296447007486703602053358501118845781662136681487622840630883753809346517189340461565893504462811937891117426891
632 4633350113915563496327061536239846307004515542925142897571498967081209940194602887126122678170893169053715979281129885565116751737003350813536537588715032893042809457541233561622831994688538362253512705612849868812811486557772611489888270650120501818286867694474240108413814245135968571690212078479571585664647043
633 14497489655242937536423698365700463919515721546564602120631577394702895626329794588913985821209733573588670904608715245855755248413663825085158152321031316056595645403948632717114143621285672603207726783133150937729326916397361033991505444748840950560324921644252688653237102528647358254252780310060191954036834173
634 45361822684765535845931955541913453622113808509218996605482102845444735041738336880657194978212024618317350784261498200930240303520796279728564676228941157877683418952997800825229459305486174808298165840203458724020895095311477527539959094635741185487318915785424499808884896702333910463023221125476460145724687841
635 141934569792222964806849420089105154965407706493687909158103106766973385373570392594254841446963596233860128120373595801995379055025139738888226343750918426734748983005315652275242405721702310063622690999360654813214938614102959444132197518290467354777634533634698709915558550717195158245734418813359716992190283072
636 444105216893524800063665101445440579578396806613941234437652394438999766820428236431213245160044743013404626956806600737049485211349898074454029358710045183333816637697407447704898023808012677632586089390586941935336192856405331656188417512553177875302701992718905001838456427260354879311406663042409938515652131406
637 1389580029451369910435947216993847249414852154108903379163539766138562815503518802345777774843832963718010448002104565108611251142574173060650256742847705282911783922499472961899502810887890639943761277489689694742284654243835253748656714609302818292009055897255360132164714202606444822323697997107565542583476958011
638 4347917080904310584052987463958424882435087226970396603338897495584658022099502049083012164456557288297198164451512636350420308487412279749583608491094874603878594268876052205865618638788818419405173992344849561234471336467956898833697122975905028792352480416828856899705439160335293138181282996665020527310845849271
639 13604385887643503855533307076325589304844912603254755657574496616124178062525697772410058765884523692714401156593558458703068228639643777912676266957467067333268981775854388988008428597083183069499538991226739273653113326779723440325983766341586734984439873016950701366491896607349575607443633453797316694710483204569
640 42567351661963990276302452819905452826943887508776671963887151420217788372540953599441159267523920252749046391500966874205154004976162288911170892193635732262873696223283513229914933014403730816980879792664448635311667284903180348778347199607788606981463477524937278849528076952208698893579719232326596829698325838548
641 133190828492970082821007068158621874573329402779676920224971544576369534694032809360533591985398200876869763995727710568271786347164629072994350963580745553596055069382658123889883552315548475846141092669025482565386473133890381690716214302006081938580280552751138781225760373038302409479684080255103173514274700843172
642 416746546402959499936117838266928300640882671129485868427900772709890800465842813821841939100900214003365740883368466931776758269559897728250112367755594715013439618554938036460326214691298970135445008505847962135278951089616814670998441494719242784854243149168774002907635574790181224962887525238585614798442588933201
643 1303976301551130610454750484536510120415761905080119337449760606040979525785929880514016485737616835322345596368404482801025950578406125409063926191248824198767664158532447851111930338884466255162120195378352821158134242080527871086080822785305839296065605740722449655093061826424471652870748774114352343619982452717496
644 4080067872626982735021565806801245337278847784171617236209670685091735725409972800730230711139320438007495327829000320250574434567674327802636834555087250393242906602205478468069596695931820660245465500990583903107511636546095489048835438817233144531736875330711556059229182468947290682372817538538227084428520481774940
645 12766300910101412492986894358606267426196384562264865316852793490018260394724077216243059250702862528482058845798766764461586379693936866796267445967507135891783798293334849379024364730568428756223664725367584416261963052727632102492851193788580820150986271475435023177879181176545839769495569595473884078532618365115529
646 39945031312021102554954047721504818622636421258635322337396423978700780482399144024034946758407666521275984957574274885361646168520895525856320128533519247294902500904143361806488796444016631615497336536684891676829966449787273446059142325491107713065690003684732917690088426206242316070626822045099115396954580992309047
647 124985736882937941858030585277026603137146096915252519644016003037443837275456008927078648721309098006120900819762273766790011836715438910910249344279862158593617952633993875824651267023481423332821639355950699923147991276360686621989731626870142056335069681676064176734444001427060888499408565210800994935420191799018865
648 391073280232224070939903870622125201955865513453541777918386626731869660606153724317894268038552146778910377271702874089427462185801230095066730234916502305720271263957594848329024119290005012748804467769145264795466910355152478361255079346330571658862288701465564271270941467100407257090010399825068784451215019559987281
649 1223646108154198347821969157973737944730360434010808630963140670907237419506324616907993992095157052236294853897026248445671553044826470090497456666629028492792540443495633266502011077307251985445147786403394759170273589578229837641071697971509216028672006494835912700791103181699529251976812057853851766714174768175836286
650 3828719254641471052611178035443125773956186184327265781795498901983043160562665961938025621562715612989745910676050393201381431060005948749497329810366633051520033648060317355637797132909794991338275300721934592699829040707738117972461876730666964961372401926004885774340322595664133389107785753853592139910962541060998199
651 11979845343499486125373499251672662958264442094675386509806104664205381112475829316135048643355969667851869525995802545600535926654334688345161284363418689908827269700489523636787676299558348241317274813209958972616458042223078297067923896294411965160447009996386818936082991959914401350487686109381477704656559705136711301
652 37484256459959614282920076648207208306235112618134686341724677894741484314564822948553758222884129896630940200100229074038110557321210513887078849536463761126553780331950798006067712959958174524630813587629253965727835814387944907917560234158662796078990589826020289870396487699183997214599894759061629611512304577304363581
653 117286111971257130845805637861397416944606931059743621284003933758264013093606107228599082142253710322750176796505344310225409109525625151887760653886208142960907027956817155622553887663359823447656302317400911328844465645340438108114022010153587720418670266073767087711784744555847495846200700928038742646137911614658916078
654 366981590685368127851101080214084441731909548273924943435769955427113628600879060358252910004155663265987083964211355446604296839515337162064809314018348481855968180395039412809118810902945945376698912422448784963241046048911634078182065623058605296085667104278588751394749775306228551320177320650392931327537076462736495346
655 1148264578290117499897679288059701377081632697775079734306958158100019799846399083478676790902686028146429323331045106243445925033397319587332799577227306411724888472589106860386851968434461280838734698413399323743970501154027827164986044130573239249053019448684313734348144767106818715326942630095231049842341956113995895554
656 3592854724111237474773360050656297888602233058599318999524203129318658652584924894096132948589548973220264308683556961174713671280966854197793567517179670284742301433934626234027260300565686218313282428444698189645024832350490511350315879143993204754651277851671279365829862087646471559022053061930356911917830660328162771910
657 11241838608128676628235648960957653349677823570405898318750954481530880773469245725484244699905285889688226532014634746566736804090718914752170524555021831211210103737563725501900727073187269738795668683488217334923189906935179211519961536484751602857432134668657473444826522589303600119308693505727872024739273403045779515969
658 35175075252305056710798639943064405809211291977738214541576053035732218479617223759893343354043203469086166716119076486014093310695626191890752653066309634912679282671948208294918540273616116002075443369587356211482619785246821771610641287018408001306650310985559199265853798537923953191256985669351606771920418630197907530784
659 110060814972977362854651135440574420553783068790195388056385886260998193950685286942764846379657703862508722241251085549023338403379724207399579148786463386958711447011008582569178824762265313242839094962374816542671515544996499059708806906880676486905858689508659282828713419956460162137689582358697386987399354293786519477217
660 344374046270793872971632354082667759256775680050818334527453119335097979795709393548622004605773627503457899711947174392797841620313563422814637488431313265923657316486197533912987906642989920680978268829696309639235188965505419104682237520357812072546377371097427524691044404004512677012075215836002920948438513274807291058474
661 1077526854348993296181511081931789884822253949799344005691898562294215982954220596694806498976795722688049442311366662057024960512566516966901869620648269924578638621768870967264578784729998546670230543347060825394296980223530764697443336201250084402803195373804623211618825392866083552378344059714328166167280001543927656563500
662 3371520398869575515316705777994212764759347814926673040623092934706821767613162712817127842171777816038253226550545703712030690960217026221433922908967826935892460803486013436482285789340330377474548715692385507244176353611908635986484968508986874384276527046596512859127450058363841604290462052574684282413861923635745500683470
663 10549296060803351426344163608604481085518781415987897311885702304651454517908270379232308497185992905188060265467488471465648387128753508107908305471100195885442026896770434122785800432104802221769971559649271729636598140490116895570523501247970526169496807489478751281684535979620478181562931479906675865300248716005938211970568
664 33008148909849196640146926678439102758520407277527561947111437053119274160867015644214467948222054199360575511126709600506648065906205239057386262453897309306313170439071785436673148232266331556484725486514280362316274985779889328905593068226138167251071703849889591087766035681585315825473098214533746334810569368281911971618900
665 103280625377747533883580751365564680403421264344040108323953720146957829937462542514769795668801456534686548804815416641265904484581918174563453389962817440858868674753203315082129876211051855193474088611629709767802655814735966114515968812248315317776191326530936216545886817448110014464334098124187020514453606759819158384527212
666 323159217669300117741592403319109167922114555500752901119453926883926292211426416799616057845417875590863068553911058888178640540123754220904227322128803416606330823177453655485223646518182440188227783082727907248832455011782527796196417587393635620210390462879753083928797189147193883386450382852884125590091746772995919214743961
667 1011146859177855100839689847359593288105902662752677067996572883182041488982145726952853896693465087739985233562369472108453757223481183325153852487068378372238226452054142343089599330945058651748581483890434150790315733556194038801244949075676770962485777981277904259976644683694032121384578357337725622014493524448959305650294901
668 3163821159734073930036278781116759454459311758001564998914119536438462258398898671180569864769329238012912101441287168854193199039702046455029946156179463300117918623777328864308736441196509110190019168651042604568896446496364678651905715443399392306007855844554688723522895560639577510985579172866276723618491553739321684428915806
669 9899416924382097843649517867931513183416821203597770305637257094618985330872656282485598169930653208681512147440705373923014381917560279372834653160253650075814026428321110770513450420369429870317154912834257941986362710164261880976346284982536159891005712379652491491751167868052011733450816750984698896227177061822283949112213466
670 30974713959805394767580145617979237004221658720701743967976427024377992226448998211132063569943661127408098857401487440104740821966133341227676936123999297055715451238724186372092749372552724069661195460390647713610397626120210971887891364903230353701774808748268789926221798437392538946663247376949591749724976138233640679178491605
671 96918122776372419109355831976330134324108742400089905981720786504084299144252719847508126508633199439257127506434846527195456112634313075139458530171478984347048466929793117718360304036749479730105490998755613469797291182507724736958705229809250986937760290522473721587963735799991599512811906063047773059724516581829897278830222300
672 303251307976082196543254315828292169675496497462686602530358388075276408151198008778017635452463947159499170656923612366048907206230029176104906838225054064479239942320238062226860517061131715695772256079117244353630452590508464004323058339343922681500139336205301650790614339147807374965090820931819476312033360950600235546910388084
673 948856139128850613849623548638239916590761671342360741673602349476518250229503239925020365163011914245250017335971974527947814710919327789741602963382393200090603112068398348584592119988407262776269813145395268907498562777909434084506669204774195259676611066068319404894770981563805682138660805698663378746538158761772399780728035788
674 2968917030470050559389632184632629115259653944737449970231141832085031493048741021754311870259787665217291624858805496627319539514808583997117943214700184317501259897522831726655336942654678366370145154965735137240196028230054273751835418908514009658212777242792442644022592292615361912908496671196656312244031560696887286822186237456
675 9289572960878673245614819502671301149140459112316770790765861509670497143374089543892225226448360731988357965354113681755317732551740207775978405672304683218050925518104699299079779189491897688874923331585894827322450705697966656045119562962667006169406920756386380783640782247297233857388371460897878966260598935670762780018692207099
676 29066546794615346144151402760757458007442033207206689593690354042969011277382901926893691700388745882891836105398443145333008474693582810650570101997655010090078764902602715172023646108651914509798087617623965547198842465023014882412946582477174447899757874230873945963446476509240193376703226849945181332451225913090231802877905614654
677 90947575967329552215211114651171915094126981015602967149719555746259974116945164098610880668179886108721860571527887123278536030453338466926216083748932057517563130531058849161747742450925685043960999184891311115517024232155339282631790858973381924273173658129062495888901733385900762896147774086381491309159264487836883037506380020232
678 284569805721314299261048850106696666409744044160637573475226216199767539350752892667390366707091143491604772769859371181342386542977930099170553223781027603510709494607150032212074813046467697832156512210683833002486512482870260554940589186238461667768351409719759996141400297944100747849857874530735989753800718886029386988913237860186
679 890402778380332225321283360267714137055956850510843129251398119290336048405877360845811006936111121031902705320280963156998936202805465785031387256193092194401160207156448206230912672321469773319583483282957858083841928222280752400295159904726254155600012582944460144863767938807945589733292706785125321385302672237262437976303831662332
680 2786019780762822388110649049180568383389000650019567774252108250991229100699143105117830723297451514835999223325005700508912270658054505288273796621117044594161076967597237667699982579782253104686812917523949040477442898509008736470004569847725539765934019433665498876496365114345334993409602169874367909657857042058077494042406068728118
681 8717297842354952353053897529125946457080074730050983274219522966872055210895309031648108682876297794243552971912327139579796954027104758287535631802551746020172355550922979594534162141803855864816488170280764821201723285547640466223641551383542063421871712652552518494546849402518365786281159816268806502734506919094212402561394886831198
682 27275930414076104423888799058495881654835911691111021398456078243729817830844070458558650745573844849956928250613558773579334180881543087984528646831621870769267848694703372013537783212928973414531304034005874726697534360253461502594221601096881264050037250790950531434445703343861791034303289695671152519390068680908859238399760149573270
683 85344838894771412348592524839432220227024983476818651482594290299049478425397213381169360761566678721170462023512696901180335557274402644714749586149616529679245318426918834665420022175843561742157705276188104402275705253470390622260273727410727538993827003448573489578382988160534935026703330821096450696116160242053392256485561306374440
684 267039159266061779412774116656311219917008885281079687524052879076172254665625151767858066967122007123272737659114815356573610679696779997652645450331117948418445837429439050642310889562259282597117161332451493226999788232497924715306192051331042716435699663418362684080019351103057826297771402580965156343276171146503693046851221411579344
685 835550380140138235159054789113039070248659420272813934995962658856038339987618693327972745279395589643159450261665097505160640221157452163480520206982695843250802009671787462335784976613124146080084943816163328899056825193321206034385782586967319404938712463095730066885095391908444814506227949166789909304189617625455018238196479455985808
686 2614389738460569093560086274270111566267267843443660139767431660732223836564091504196310112784233299176194779471148471451680013609627545842600825443254001038375101858009577152636765624965546653886127880682513080839668569078229867526030893690202573686814529135578155526970403824994101136429759338168952978882241470212381159248122722003451432
687 8180277176609689605140325981614122046856645893344528020041466117518711835474287176502873502830234318619086172114586585119010329418183166763671689549960816703670065203832133833846915845519650433206638578707180691034819868521247840528154634861307520269072977767742290985339705299356236576868584526499495893298136943226321926646034189829383754
688 25595623216286064658386090387388253512671412005360516036624817451860124183131827891583182384375082410289481871366783844933373980316958689597082769709434188671538469664534402065365937883838787327143584882711691174010528024429554844203060361123924751094627872472002453397223333449651264981707177132928013039498628996868809909690763795872113966
689 80087252997165902318612903430900377669746537949346781803745789128524502628111491710156262442868644750104797039212484119950972828336986519471718378764461926114796373957479419033723478862080874472535548071126761197796298860945295155988310149471651030708524797076971909521917021411417881406645881409950021230871060052615392945282857262064187563
690 250588471256716998334429738374687423982662325251543302748010144601854800015965643961487166469275190058095204437164445879718298664284788180740234212196420276059465269550799133826622532492421063462969536645883285359580600097867681429480079254579288770566010410009729821039464362317314131457834388322998551821383010595076019977887175407119201122
691 784077110610856291597155026595708793068990558575388611487957920663435127363559055496371695160657845620217258139481687670186157391990825952855608552787314293729109759971958021937952184124929129540034175715435731642410787390753709547479652132671214800317405805098602312954310053453263389117229775647880770076278512659017614352827423211796886423
692 2453332798195878452790118288060627208762936005842968817971516682330745629731765592686648543475884403320987424002844459007369060658485768185877139486973671238598665407823245502659126262588641540492938518779081236872302711431167831687957826063564494447593282162883109732365001160120581803759877730872355592295588581656835768135373445802007199749
693 7676339147325036442862505118226907160634944287631222595314837604818582509007796953113409372428013456769717795708994790157742080510587531826501531533504013202705899617444190044343673449479426647956528283240405013060645270534147928365097005723140012222502200866462644338968571269038214136715905910484395611890783401322896415467513761170857359183
694 24018829711194402883673395101983192308553074290415695906444754110621372375390842635515899478036560811254274240047677923702964738611465659633361905648781887787969778858424864239393794122827197646564306547327737664229647689069713630454569336035402888661115623997813257930669983720850886553934184025127158273076742905975089793725135794416038581460
695 75153555571653973285049155320684635150108204566138135109712125137912202931367576895253500403395189351522117974092265883902787360997804883491332037360172004713528980822590137362084712174391244885210883481922495990406629903846695862357105285430901486958750524299268632624520092725709061491321966590682074194413696796942810709087862261148427313272
696 235151211902272847484451466189627007966161927414298386550837297076615517234881670878377150978912939501513633757306831161185261202112796265281256936663431061963554579398519730940817679087184332740681901248704608102408165359056661601493156049126384894245510810481044854128198752150989214014890437480182831829142468339606134349926089684084584699184
697 735774801850678099923690221425779462842344506387041108367393023834512973201422662272395027696430042276366066843005558052007456226474303233777282589797081148475842289698288462344049917893111725613719698235470553243113359853397200884979380923609811196913114629608637356415682609613048011994551054481669736856541969531171226937741082111459688362646
698 2302197614288255671286763955913312334132440449579460132520547106519946808531170171834353606462575938622444305368206793268481392870968993239230567758768853883819115963521231154204467813372044280616954122001284164119369076281686787907242774113597581326407453183403832296750713513250129196359831571044930648993189787009606340090691198632252169331055
699 7203445730817740394733021596922044891677770034997887937855403815322744295959022505624978716663353808128487981980720257190828783331402445603419689541820660854682424380375902360786252470368675557516487911866836434054686060998905841552676080621015163473494580780873559006683857860542113004063132084880685126682224292259424931597541300450543035627154
700 22539173038313854127570651727836140012381295478038940850623392179963451263786738143443118394051177042373074295200138112204956978959615743019910935235167023750346914178455993010679538375034949817818020501853649592542636040787979205876687111485120727385995451768953094764952495173834315393047734847328171196481119439558124884932927026615591630443160
