1 1
2 3
3 9
4 28
5 87
6 272
7 850
8 2659
9 8318
10 26025
11 81427
12 254777
13 797175
14 2494307
15 7804529
16 24419909
17 76408475
18 239077739
19 748060606
20 2340639096
21 7323726778
22 22915525377
23 71701378526
24 224349545236
25 701976998795
26 2196446204672
27 6872555567553
28 21503836486190
29 67284284442622
30 210528708959146
31 658732386973300
32 2061136268759682
33 6449178456112269
34 20179113525513748
35 63139301454742987
36 197559292342254727
37 618151818146984284
38 1934161971062752001
39 6051883081925973565
40 18935998838390114397
41 59249666121012063785
42 185388844043141954887
43 580071175851976644400
44 1815009801646921788560
45 5679062703358723862006
46 17769465024053967224299
47 55599647993732034980537
48 173968144389394213533887
49 544336454534766049647316
50 1703197885885728766435265
51 5329209562062025012976177
52 16674794392199456878692663
53 52174485687618814610698334
54 163251005843945340808044116
55 510803136012210354194554506
56 1598274034582836079041128978
57 5000908783693594691303994892
58 15647559881276145546076997878
59 48960327178230021134689844115
60 153194086208145018003357933413
61 479335605003548538595225440918
62 1499813915218235724873487296637
63 4692832655870828709001115747280
64 14683607154560349694888820046632
65 45944173781633895435209228045432
66 143756713337389617933474443615699
67 449806600675657576514291373818086
68 1407419335864627086800699386581077
69 4403735258642738662212986461695267
70 13779037799206800772068758596974033
71 43113827585195602111839979483409292
72 134900720655035607141323378451325999
73 422096701975420016069257740334698472
74 1320716634821594139333261052413093607
75 4132447425746651629661892516385727958
76 12930193560306711927656016177299848235
77 40457842116839332574075870310504385561
78 126590292799319221812116529276625247337
79 396093844667692151550139230931171356385
80 1239355169454806445036271203223172134047
81 3877872016271798680937564208391643209501
82 12133641546191386302027155896867164561433
83 37965476053282602551680432215285528278774
84 118791820779047729117395631895453625615200
85 371692868125679036942022840600036540254648
86 1163005898128813276076777967711612480427563
87 3638979477607475017398208952815466223445312
88 11386160345148725252276856699411974325278446
89 35626649780029808744537843239054412984595416
90 111473766052283629229506179043756929627536264
91 348795090040848206853761605850487968748908144
92 1091360049498490468058527615297066596889360869
93 3414803681731468632155671315770074280140879971
94 10684726997405930107272069138804641855256169835
95 33431904627445185541575078748936962925833930164
96 104606532978329485446417945226433616346142387064
97 327307907332426043204071397595376675038143770843
98 1024127873777495063054653504450025418252353572579
99 3204438017999895764743693336060965683278082613238
100 10026504769690554389427704030390667630022902768685
101 31372364618047889864239305434602388618198197168625
102 98162349127184330911131531998067972944480483858682
103 307144421642476948594971818139667669910218999926557
104 961037470933613808036090342647017153033212522613004
105 3007031726636923145928848843475281592022000840892352
106 9408831682927846833485420589273193581996975540353511
107 29439700570327814289341618410365719981414594340105281
108 92115152962419748062134619872022412896540219718704433
109 288223087901994379578358743666615708277479932443710785
110 901833691071998938194058782440922360500526981969671337
111 2821786458096294318682598358954559952558964254947823511
112 8829209746678155591370111688563261945246778432122334206
113 27626096413910958069273338591231462210322984887062738455
114 86440488443243264289212874381600392153939236586994654154
115 270467384546736464970634817003955500263576518884517293335
116 846277102559226571041369660695950750020017073812089735992
117 2647953044380046953183574522550261611432173027337165228616
118 8285294856776358668881295068934036889021415811581404699357
119 25924217579846314602208816004859474942732887995820221355461
120 81115406119499250359196693186010133483674325132240237648711
121 253805504049094724242598303426186130565209260426035631366273
122 794143023715070136624120579887630797272922714730879097713463
123 2484828469257004296228340589539026505107939854514019708473222
124 7774887315317403991235308147173635944495354725462038969460409
125 24327181338178430068701258915764116214693276528520334987998255
126 76118370319616213881185116612175523211028218081158284358872280
127 238170062514446401499169762266056692491734479339942781135786024
128 745220614155961507627967969383332889083857559402628830926251881
129 2331753025128013377315971349235254974845703469402302664965779351
130 7295922934648931550067181559499930336920334954527580913197339862
131 22828528962844991022235081947553269272192207482628116198008578308
132 71429172056150443728048841339067889954813012412121358508920155784
133 223497827167541420821642500574841872606241268295107229169901462201
134 699312022115355553249211900938218264400220506490060749878037413535
135 2188107645039738442897348707643497934524910360370169259981664208648
136 6846464689393788634686926998125425900876247107723657724697042629392
137 21422199611328857557093268383930801847758666621698768796738016934566
138 67028847296699036188190317093416082988776360712183847647085532428680
139 209729460626825758194987219807639716730986723994215261908169364869217
140 656231584292595356409738118446997981485350670580644517146205332674255
141 2053311399057153010248613320738487339182644829457925369984778789062179
142 6424694882741588930935932695534786678323155729876215429586877332001302
143 20102505813428760116689990612381663955388438761380055883415873470346146
144 62899600269653933913495358377185909212820547316093199705960790253964689
145 196809280932496714588839050957635453505323701943368881763556914242956942
146 615805074994310836231533980214818312706573655361767437857570584276070058
147 1926819144869572567716444224960963766436054458903749549923215057361080821
148 6028907795328270592273573890384627068527736524138078207905025830140954363
149 18864110470020467738958813615913208390280001824229291219012555855648992368
150 59024731494630487828027856595432030049686034637257518872559467182577100205
151 184685036357796739325487320243818874554690414843549067826153629903724860613
152 577869001531732137257905433720756141138732779464188892774471757860140128754
153 1808119323128820469620945880819167733174774987935527923458177752218681464725
154 5657502786974288384081937183048498236718919010967831027925371679137911550778
155 17702005268786931524658918957935851659544290186756800530643129376894663785481
156 55388570246511557477944750839056876465903109252802893680250563525543540201953
157 173307694092838753027800840193775163455576059120946727758406815913720605699683
158 542269943024367088415052137349032696607963451434877564119172057093530775048081
159 1696731888603444550661190178017291748127972436428255245604337646259661808912609
160 5308977823383523648187068470162202081772615360463455762188015727569533217926491
161 16611490429626406029254118754988763602418592731386124249454157432340105774064278
162 51976411179978571314748030352003206735415612596917638599416173463248822543408832
163 162631241946359142653683516518793743048356756239938787868507266090861051966986487
164 508863929936035837392255167953252256069458042053050060490704307450004977730424204
165 1592206368782168584621398430712987714130613874806646261546556885717648059297916264
166 4981923401623619865805864999654872426507351612012222896211005475276521587835481530
167 15588155697825028374673947450740206634031359377593841568561616539907634364623392631
168 48774454858226789170570740036366123999763106527727752222226162821192934533646212915
169 152612502263441639768944353954554765504348781670740185235745670788231173701838787411
170 477515861833985363359371561077216527730379980341358378129658229677534764365258645273
171 1494120042075192276786702101182863277118239313351333889539528632898028110416656708408
172 4675016849821201464337496684106685290343458861502246850679961211693640203218014606727
173 14627862508126537720031492655838842520477943493243019673494433526687771547627578710071
174 45769751945351291606761541239127716486324098499312814202943412132848687835651317357014
175 143210957306659062180438959620692065835521668284589522209528635834541571836933252041428
176 448098961016388161358266595791717012909691208619587935616851718215985816078281921379031
177 1402076228245630506439920374711683668886370837409540170407128876879683743990164147217000
178 4387016978018831491655998664486389139678668495021155701871277984587805619145531476339204
179 13726727247567154148803985885357066733070272826454459423648961709969058068406797988925595
180 42950150836706819833394742408556566289608560556942872628698095076919961680117370789883560
181 134388585394440196823887925501357043061133925320073016250603577935461953076752731874967244
182 420494259798588133402949483623281770060529708091818827572919411051378809662254510276174303
183 1315702684157263109362802496697826760112261422239105723278524227015294043605556202043167719
184 4116759058560730347437832635844824697194449032763067659168305429959707571913934552228433797
185 12881105549387256648180325088188740336484817476330585742849341957378042417802769879758842227
186 40304248515448426723881219104126161005896771658131439352627290621405127922704577524526037207
187 126109707133973418462642859735104977299846291968047707977007310259533834991779448132464345936
188 394590119384579260146563083050114168457542422009064262286552737182675121290264598083495684669
189 1234650098350686191975294431862063289671294666662815124927115588114789224150197915664014279091
190 3863150115706956345169854934141648893843692207448426567856887599255680615624666415276055349488
191 12087577554501375542750305166822629750797318982887948721410777655257899611711969052386931654756
192 37821344436507203913652299360301244147461983179532652835764730842113445417535145063807839041065
193 118340841126782914246926077726015356589231302776295736700574957886687950284116695863280685528502
194 370281778377939469019638804996086393526581989928748001711011847684795062984852202111170181992130
195 1158590678359637300963713622837913970990963516113988523790148116883379209760255632260206833504540
196 3625164505426329092961600429588879849297822281011297188876202342443143755122919668899429323593970
197 11342934080921009290061352897484272006258646238262329775750246493086761505590234242360938951314926
198 35491397251498887919058434256254154660062006242978633246948509634767675604037249409513010162726331
199 111050568563422719840561445278052970904666410044395008295155140303632347675927241822415414236137712
200 347470929106309852717397301014181652999719947004259979385828853609687044445514169577955002817537875
201 1087216825054326124238355274746447194140048555941531638663836568849312691694292397183213640236613579
202 3401839767491916116443401734541960867733660495151709126018837648546065749832177255071664789833212698
203 10644163645196713862968753711524682547570229667742566658323686774787269922447085401023165421274183749
204 33304984199552434897720756146954635558587848180080812443333264574937624408215725193211790697420339121
205 104209406159683099069554563710059857731817807876523238559144103229070324375966939149446754917633265961
206 326065320045992794326852099575067238293839736650648966336665740064494054605763107436676135219752864541
207 1020239888650556583997567573400711382522174656185179791235607189580967534451253155956406663233225969917
208 3192272733104147825242588322477447102423248469083544694473476542438272298144334890572238998965489029437
209 9988440283391645067919761623930048859336735404055913597686421941483372501047843332435993168153274164794
210 31253262999827154010929796010763898716267900331007887343810229438805836211932952275276724874166635980234
211 97789686920438501971310238070926310063171290266832235101694139842879165954161632647326711658522200534275
212 305978382738796527056238672030789718753328039647150273213398797531177033380002510015828861576993557238970
213 957389001353698571931067954881855023550235597246500933521276746259722696534650808650232010366222311944786
214 2995615872300029494069680744217494149211448894849806553753931613095851474303210527559452075136036710773164
215 9373112122332195292139009776729665915610543075896661451983626672623868135033906340728236676568458690477790
216 29327936091604305832599538138112732448294128953551139705107222159491852907669623259169429249506530206759927
217 91765448248922845443354942464282822629944474199808193492121921652670269984809457819936788431623156953223342
218 287128881692305078309528089207291321713246809678342261338444780373388547251832929903877474727975150463213580
219 898409981916493856131819421861260877196630407831984485990935446834972720487327363375408880300442416478077658
220 2811073866376660675915106776764556074907689215271162548296402135736220945594045566486576972680242034333257399
221 8795690654915633083672676915382230397183294240342308354064853406783446563214787082050455991047007768834695845
222 27521217077333121278994395414586782528381927006713716200063980428425027814860195480767976997487171206691151316
223 86112326948924201504436290296998738472712339708517503610251747222283240438306475581409696444141876613155768370
224 269440585847702003007095101723948315395568902588703642113840752404118964606908317373475616417620643527732793787
225 843064307680514261428534887992313850137882768470125892234289359572895655167387335193699995622987084618686767082
226 2637900391467274213024812946432192850561824398937618583143239203171818736422107102788210889491649336895387018842
227 8253840676101997813621989604582189692473850485860813619094677016465354297872747453014286990875065461735123879745
228 25825799232920373895036587585190189293834636197528122749080486813157008575541948391619611725252429033931941243669
229 80807460695267288725257006550452096612248742963671614472365433560454613066915231094102955298598905170212989101168
230 252841960286499705316393591718007592188764775390960166667193867563554404608379704660688595536575182983124077667683
231 791128149944007277292496355009996878943829614171993887343201997703996857200797869520827112443366491323301907795095
232 2475395100261948985755139422273388943724278616798721037422118434050762754015498254909226974599380050957377401494584
233 7745370838889437663536333898252990725345314740513942260212473987366460509676924105801256041561387583954905354648758
234 24234825957912974477452033236949576611972281514641042922113110041743053380773783502604229949563883721629519066320615
235 75829395574111179897967559205708298662971117281177611061269555481024643749162608666317903351192955492870734086496893
236 237265876929376229743019923457485403638664170305339168580339234107207647375259664349531044688669398217618784640574064
237 742391468754968510005253792417933938872635744506404979652091738031837778284715855755059735841254839894823578893163617
238 2322900789666486248008967073877618617713684963565607220877778980452110254427182641451489157710159489970664032727849574
239 7268224792079513153160384808846414684563759345574246527613631822196225018053948599228551523401875355778350009546519674
240 22741863046068362772371181178177973697595827043357903465756207523665780965520716375987365366519107792731312933638327451
241 71157999319137155662008879833028674147773998514201455721265513384664245863567651698312715659074331404857753164007317248
242 222649343057129189538373275414428942090114885346995450300893413602253471335110355894516483205219793007098687428179489359
243 696657163468607603988579266444560750479806840877484582851809426133390410847846457296839412603433021149799795705878280871
244 2179800742944909598632090713429463011499777617474531692606803487264766218310169252961595851097297925433741844698164825354
245 6820472863991860522175973610680361675383725557655808741658042064073740902381657426646481265694254072507189265868370818855
246 21340872664169474301972381081931020539444996569932940623083854024649836817739619643274776138559802135224583682214613093303
247 66774379892736924534270019316089055205888988832374331998496753322123863657621834686748227105764434882538201824575699399090
248 208933246555832618277218207406936511059798376936591165680382762969828149469471160965642602224557460446207353378502033756890
249 653740275633896341200500807648933803910830515662901453806022602459485692081582533466119437155460155960230299941516637776735
250 2045516235596694445063918731477604762287215425377230688979260036768386938288187364371122727405749123493317925250698497051213
251 6400304258495534977940380155261265240482370202070264059931103424564529104253986555669524150107067550469087827742099726138013
252 20026188933849534628707808275258950442749895235527664666595902335388581650569033804035132014331235930032290595199495639033469
253 62660809082927653812539099142287432906405385219275434441626170827252443906118684772557889835474009269396353421616891853798684
254 196062116855918469126000068012217204935904441742306756075901998207995159990839139420972667025357021766035591628552862610122808
255 613467240985516642586987540910603323287475862133631612045110626365483589527453098640948182604988880616407324318705483496207670
256 1919504194882007997968923714550609198443394498921592078002567330072723087813849681082369286371991360908957804008992235699029258
257 6006019731796262401677180526695534395855499716060478622343408543232692875362759756495586395631100345820379604386561658078270726
258 18792495017674817773962561909118390040434986183882768827704391036602629850615495537341539467438016900886747220590069573783596671
259 58800650807004833359052682932114492186467474335526666554647242676992487641462208194655562438033252560124045343332818157083815763
260 183983900598373778689081213170412229926187101729265047613735693529987817508690479520107358249876842364637436492006283668591689616
261 575675187516118010763028238549694166086360582204149607128986937565145713250861476206134701249017908614055926600936513486662112649
262 1801255003529623359119419370314093673772291045775496472043370877343504136146328809087344143994046255845940147078449056316029399839
263 5636024720363098770547644783762400306261065880767568746480021013746116253698472756462780973617232866857972732904555991257894349292
264 17634801616817018119696465690088268477048468498899237112156699255176448705262137190306157831955485577343304783447755629341085466462
265 55178293831978960113646963545058772509268196882091721463834609752679076154608819848874717652328950631068740667552540031376052025120
266 172649751120803840583134068539519990059033994886620056724857219472126508553502092609463537375860559684341117182886739539663812441305
267 540211276790151712415264824304989774824534157253922376685318704603276643413165524382709338492511918217174093121703395641648957818723
268 1690290438745274121581735716291426932571930573591469632671038667567902380860332205256227595564095321108605214158796787408259683328111
269 5288822892202492312317996282115384843300368126067589536964819114285142870589109991193251342921777622326089398118096028621130528903207
270 16548426793355628848292693195103317928398980915446387193585376253633075110309134268852791296053821561366756935123313026342088633105272
271 51779088639704366448211046427369873405293329053842438298652711966038260907251881245186389753296096716857389033845169644733533466749529
272 162013830912001967590254697937823797505579761876511925945791309009779422887341504293065857905045977524172844845181017658006008360023832
273 506932085835426369498668859628474183958113591860260251946952908050723671623476726993996466878391978446860833165369790715291137899233444
274 1586161738185397272963411191832041312016409503374856471351767050756599136286219098583256851059210258991271773890810644735149828460876955
275 4963010095399842879658028820549676205817014545968870232957482021524621775266781262800380212250764142380361370508245314631801500947670175
276 15528977035607782090605497105626934914210346159000214575147586897768986961271121767212069651114285711073660716599709869594717544806185935
277 48589288181370458923676744246237604416847695141800962342457628585241464733477990281780832007022780446003804854751128129058912566763225568
278 152033126236113591384390085190584809406698568093691913127360923615343664767248302133458448500346318316742973270935848261154846650629844209
279 475703027112633848338340964687356371996246587818854778732849223420890040863599066414030549756039871223223761703035858991743603627526856986
280 1488447785074684987303208982618103593471562855225531578254139883744661635975651946599346156324581115277062068592756574913191430848819346753
281 4657268679455280276661631112922277333597398626059538067741648913507954380706480179357059618246443536117670556527476165748936798174794786875
282 14572329489910051459145077523454921731538598123916222978483223998798984035527988136774378044871956004937316253410358083819695669434546682434
283 45595992281754974216368111744704541708230666705220673129612158315025774766841082256537248000298212312312503694259850305473268570247769589126
284 142667273176698661999256890613479476805550029208925052524023848811602101136521811166317766284454044908627954377227701852364069966483111052853
285 446397804217089074718641098639279738422937221974996393449611136214770593664846213447518216908804753065285100634688609530811259974734160546734
286 1396753405127706693263440338510921458018813910759783566625933419502870022186878073673358921533142608779915560812328768107955461776799721324712
287 4370362166448035804922442849665160621765147863281381825649194216553996748406663165378425488304547545900301144766553099555924949338046185903032
288 13674615286994076895013427885918040555188095559063311906086453982488084736844460820058902153616771073894412623238750496760549845017954100967814
289 42787095468399208461967684655331559860640725902580942714864158986950606893890823552753432335213424856728611179477505067783272230451682790521106
290 133878394397180605374737305176520335304391120337781611702844332557335336625852757422771817419952513184211742359316723934273088954181451444660584
291 418897901111435445706506937855933861504314887836376144474365901728768796030011833780368673774097125497346876842513731264368564259062930701975382
292 1310707768387020273801615902894009335461946020808335302036222402831296737711300389252091702857955898155099269627307049852295659825804935611741029
293 4101130250478556361345429696928580518851026503127971503301853426860407369020740911617262047106260703722557732392476244371951087870893008048764242
294 12832203895524622674542857666251264347157935715704770907112738933724094780926858155832921290686657817059032375591812027928333525266155547405544229
295 40151238014716228754935712434373023578304590002596765482265562640225866105709880022241777022284611276072614742439603359645263509473281804777213583
296 125630945957509254784696093727040273475361876477760337980002334978627843140362515715690750656648975491316234343652505449561078464715786606584603339
297 393092102823673274024735431277293601806414565491461113989873280473201311343357102686619067468872566832555886766497569737188000780929167808549476180
298 1229962889514493998447544259256592809322248130655610258524469013194526999405448373123624320527993788245647227214562985412182337520043371383738880304
299 3848484105165129641140929415879452567872938317434789998047717315536828393928683864688931546679713917212017555651933149768620335858296922285247854100
300 12041688439522724648733766220987413818588499860895129504399845010974710292904200596680297594310082890469804935073490444097712560879200719170386451549
301 37677759999040847396851342396148647443476152685066813455536821323712361500148766945506067732532768578576145884812947626831023389038737406936025114079
302 117891573567534462718342287115267069419323614276222115217209901545056244344224150273336820028344804877170233422072398975341303663153844261956047486190
303 368876045672120604427954855203843631796826719347279245327701153133320506351489227527725145034478304986068919666760858856301303278038616728073008152770
304 1154192220470724776757281908506550193311049969887487572166001373689635859471836185810659973113176343994446281643630789780961087215487887973619109880756
305 3611401980217621528213858900026453938636444721311532690778566844452270306054983961854552083680992634404104491056083116395695202763862016159844146127938
306 11299871920294722094682859180815001458987207197236599242795352443237037160227370214851172523503945631065774084288476730980492633066501953150267489247018
307 35356658193827196233422891903074439629458857254909932584089414236833167868089928314288177091726856699537046172209817544267533721171989012499618557731244
308 110628977695750998404051793380841711167183652445023020522371029740003126790962012914521377184100453644602646310601020836509128789616242496868353603473419
309 346151795198328415257720432868641503492394971710098939497310429717858521517350444459477488120535513522476685521166794612883905147807500857303847806544050
310 1083089329891073803283698222478565739698334378344764377938995703851566268754233490064963946176617339329694024406890280098422852483090228633998446990934246
311 3388925069280010981172537114393124643540795534532243621666980204934449220355706451815252424816212226712174144224932995025149027305501729940078810104229756
312 10603754287145967778921053763272133525803815555268714409169617365395334231355650922250046386891450545923406593164289550659521377428063069156023453549460572
313 33178545610645407333348949792378788074458649163724950256360490539902438010875185722064899887308140171995277076135632207778748674458251207879470899875333300
314 103813786987888184878826429717522022987370244308343751576650925353510801928160548816068748960506491190248885198039185533469902946482508109748452268259686738
315 324827450101028590307538429818511522564342116996831485503924089522273055164238709432855703276621194004538445541300061753138000066447930731806076310195265413
316 1016366663817458695260511542531626935492863875077934667693848988072436279350773447429724126810812693228977089564059680203333329243920708667693593450503682870
317 3180153632330471651078175083900000127869858821721702498998133372025527213459682060892226954564523770776589327637087309426970754691967408252888016213916478969
318 9950520304590660626236904222336369154332352679289774603101121104792583975411251370378562469575442870930891499319597529443656293291431677274408852456638350467
319 31134613537369475860360204516765149244532794373216192073323215254381501184683266605354564460025504231976140761164435607065115854034344015984257804587263747177
320 97418439483424362463766720102094451219004896102853782000027508794430768119708712767691077100956435410258360087607459902953673611663654414288300230603078685546
321 304816770569346294138376534404766700123673966072004231933666111721532104167026288831865663644148379977224736434090125820368126483057775324923436544743253178444
322 953754382774059771847111632881263391220752852046917002996407773954809733531486644298815618193638628967270682859650165264782258702882079077557997112954180333651
323 2984243356957229837343618791857686354313971811192271307080455939904753097841639088919416848079249689099610273642848658226170353628918297375953958893533282416931
324 9337528166990431063492621036140672395967067373796671458037562035022116951581418513056452316185296889694475962122417978688646398042401115963751185624323469344141
325 29216595914027288231030492973868844127844347297934008020963256400213328035938920819481296001605913911349597666846346991307667168980638508620256351766364775007094
326 91417071149642594484713782813641219947247564026085637583520527212023125755558880950392122924284932122680684477201703760842971191231894023198380668983423191541215
327 286038829512183768295384804283446937036607063062103911537121248430899162321161732979498356760152373013133978389073448455085980568814623643148532038611109622489454
328 894999270483847803406887769723438851062018412867756152563963675410064238586524571091567372042874877559928830155091377775610141998273828080196431908017935582854999
329 2800401943794488620285406256354314961305092947813498106646361969532462169243174862766155835033454895473405228031384029857862598578288905345515110653873492635202004
330 8762298814577056769309553116273125090902693213847554856628947634508571362286159524845330181388450516865003181095159671475625060358581593210940719657959352080850375
331 27416735903241804602083362228965556018546557403708963469645568031652850721424663335498224977909215403202932767355045474899712985023175391111016589733664753901099280
332 85785411282437595143102915254973579449882064427985010343829763275047455701558547259021618964300765158634432928846029543062774894572078378930683301866637416649547713
333 268417685273279148987859276193189233196323890863041060039992474885683407791735909778538357785750756655687113569964491736994985404396196847888580573853166034817857658
334 839863709812570014817984986623069855920277156958480085038929112150293214713378343679309243521405426895791113541566504370557966779298254441519836117626787738864819583
335 2627885902309255038744707807341630999031867850210379903911267017586744060483884192885734950990279555644378001077287666856814470546505015662287554447622775082051100140
336 8222505907651220788436138939037021744512979957429752217439726798745691783511761731866358395401741449462234728487325174408498535896334876555909020514561382228274837366
337 25727754520067739412782506636075062302549937472511402338323116255276579482581577197934161511845176910817740079804659642508851731586830642700454977665686141302734047597
338 80500684350854340740358319462837211357288864283757376303698608938543073568400736782504545498967533095415459363161923373836241209622585937785643621415177368805021426330
339 251882074508336167349942375933534474026514697677428944422311759161471753380524971718749270779478724148047044036773745583471619980094323098689055674752662139696844141126
340 788124721798712080672126505471991242218042023599037866846725727567419484358427875745383676103620692077540867185978956506631255617488793268512594032443713013398720427418
341 2465997543980607261930702220461234948079779679588288140354899342205711323000980415533873606808089746177206252999394048626699566631370905312640023833089833328400128118942
342 7715966418411016261795967934720593007108293057482928898206046828064903109068431381093621319989903775086922294123434826945555578140410557874100713309999723888007462958146
343 24142821194356680786047106607046302306812534154130574479283946820044500232185097571581339370211108996833083613243082161464526697583145859413115623486129757087808550250296
344 75541517888398533232831618649296584981746708701667272187267183871603076893303042726121938886349488816155444146182718554581483033112908561253259378229254828697793801214593
345 236365123982159940649142703926617510925526461812225158105654812172725330360221674216216845258768418276602146497536542290957057548829510477200818923962186593566288970100156
346 739573063883085842011989777785672340165220870647302473464304372396044683139865614521915048984325559705897262554154946579572707668125272716589429483241463114699622255549861
347 2314082160711232233259471073778834154964775061047133915250350627373838496116580830243565916076522949251902662652788037591645202168374026239930336829928443091047883766391595
348 7240631802361717186857391584720984223187047657647170391629821044040778312120288976968165425692680008526002811658798038114866437280897099635298838121554821419777063999606678
349 22655526146599111537248109663802229226546721054150265269212220105833922750622609750107175219658852113722917526372746194535612123606140394975767372125401406711941514718743229
350 70887856058613409884514273007345841439038068129904522159434132377864933555367124724528555820805101214440869912933840031214139172523311889302694092682331676860152847407669273
351 221804080120250257777952142888993502135162233684679663333108406655049229129393381958442835379456207910576283010148063439827750129995955313035289423851919669766311358079129992
352 694012383691107307528774771704191970450404231098148373477300917113293855068094751415419045120914773258876719791926492611015613472686655304240113635270017139879901622131849947
353 2171525377060179695199004536099735311108399615166237568143588299374732274879161994426184228414353157646127939482430069381505063867792160588276733840862780994835117945218668818
354 6794579713602274309788283737399220984323959917938735453612850194131889907500893929473194104581058921687945380356180572675266685844979564382027656368193307631235782071498825530
355 21259854465525848847378813425195753466791272622263987073679638116112522369023834860988071842103415447538712945912906391293800150854240710606482091106198968139854135060522978512
356 66520878545365232650789501436847849190541293325509184900942426934978896100676018261810993910104931106115097605410613225257415127576132323074990993053116337922741722560214013656
357 208140055221106251467532129323778317607882992974314244109089431486168682634581036020965617501310887257527433813482893639252809159798777617632030945172363334308907366452932950259
358 651258424945495417172531448598740129755361063239197234016577166974357532541177262759401788452495960623681070311001886312085355090007031818194338299723078014898872327280613776858
359 2037750665588745406904866082004769210327087372708389377049341052249810971715599714367961166980582025313053310204117204270832282629323951694591356154914838081842269056898183862051
360 6376006230483538810137680191737796344210064109965365148345821416012581603004568691985233957517890882683906116477010106811489178343032467389411398123151207170843882955193956822312
361 19950161782633666673576335375078164630248679530042819815807980589940301741357946977726675450435915300202020329042784204884649751946680005121691258988116802206456064232763212297059
362 62422924439813951408714186447858023639462973263414477022164962105167571440455548589441195698806248415234274736865731327580337151111627120674779858050061125943279230875798688467709
363 195317789302875516172603255405329242061938093276069623575162529256709649704041844534055230929675974721448042153846595630443667803465205219943994751957257519057377791004397777682196
364 611138282297947635699862506151602722229571918278090628460485723974754157572544738243008632781935442707953416988191697244779739045349628660414394638521279228019286429166113580592473
365 1912217015271057676009572878925743311080149728583709705952022658727104427157421109645822805946842667928582931546528740896777017890778055200847550364332304095627483263693196444694863
366 5983218560197259253693566725607432958874719553452535991563127484590791989615707628114481631999164670775432984079437190445514915909552052649661154286000638099217003692807220479537198
367 18721151445258137844111892186789689708152728862944294859591635341772703344646300760006442082367629353769091356093868561878002841631563650118161710164016059617105258888534311134177731
368 58577420816253104592951325821929018445086538236479696154720756771102192187834626774908893338381269658329727419196399098386639614053122249664025527527221321000276206626879306172719116
369 183285426621209068984938236054911200924531794457758366646168407782556306064881408253641065900963061269641701033447651507888154558163307635663628156733932660982069245628991116572483249
370 573489702066186327602427850423402235730146575210700428098179157370699366086122419543860108947052030913086118064094595333119278613529913743197372681850428311138500571499429520541028025
371 1794416743539964841314310679769209635151950444467231780401931054836251780895567289667524876736716402833851373876500029998723198729318317986736658561653607519958855254584204539583870667
372 5614628192791786751436892958304059253687947544734101524070922588907440458769897000672756895733149606770250881162611323741064976564737295117250214007999321347428709254541118966001991841
373 17567853095877150032152732072237600294273634063489807598315254210096484640336095351921489873487919422139968771355250541348878598252529782066055172915618942871596310028754495212129630703
374 54968815707965722553813837061547717217595744720829344710016249123313250070276401731965758951278102091238528661941914851870544806296306318114490471905330849060357105525478261715394031978
375 171994305954516768972402076981635314427532325233924864735328880160123719510371195717486208807664733018073441511262249630746731145008536152915428710496512921765972122925699049204642382269
376 538160426048420138115983044683885245639813240080523922735930605209453322691317981082889913021933261621289263540513679675895150558110488985270010638938458497602282570838523870027227486606
377 1683873443119710516160619985654836045409558929811298354738552703783593040876384322072797214725214670235613506804508260306223756974537078027125648611761657743099801712471191117691298387525
378 5268744476927992530920575344743435933962719166091616492553482295901179984568346491104726211127320712463107086313057922560381381045228101095653712941880577475020583814854757494288939207367
379 16485602571015620932255612126684834699696711367645313067963673204465201635866625031509135789597047027370873290619537555219166316701903797647344828459331471697676774320350683039924753390606
380 51582515212037521889501770953981829198356286663483970009939604588262183780612479760013508692847927447915573681278872275371720291253858378175627470413925391350108328346766212721424926862635
381 161398763808495863117967283089865205935611125275385337908907349775676624577180716045453915359303883643677783157097341178708902796408765400486154487463384619423896328343671826099225878278376
382 505007575761478073519513634014776182985058888267803853441374290226205895645818477536827873631339799155538919167315753242005918659530248492628917672762874376446571490775046378995740956060696
383 1580140055341987462049995419989772631456761852961425267127183810505958859457834702945764632734448409834449294387121346252704430244819501337738542074779841711479721678888092519853720320822780
384 4944168591394501805586110596013069854513717794237297545900611112895959563662924759732429156948836570805236344732902605922115469334121216807433090482069861894795853949820859507407492794035758
385 15470023038458662600589203891918238915754038497476070107721907115348834009088489231307552039991838751798846137456212917887870513913398870699568814808200291527224665740741359999302011887688753
386 48404824468766987640080455597386123003615001859117028199628577688841290568104387248999712131355371135107798131719659943423412352685928588072816600631412975588535836195006976971461051543451141
387 151455949744053387453960752333438925656713262943374891460516494107596852588015703534420439038446328307183082669346363977593065468426041384215052466457863858935135811469833455434877520237276190
388 473897074612355190944272232694055017056907382548814958816428124853163185785894586855805394943777467553991764906775787681146729528064706970884299534293040211318094666270479600869202600732367152
389 1482797062153484415770960788364987567257578352549822546250845132045077546592119509998374918178205258151316906611296968176264733318592293534842531079420891306293189601408087285935619047983727517
390 4639587888001875695268315550262143948380510437813703764095392267096245092849380700179492736182990490977108318480271324944914446681992790105035795094375086125846235513772443465785842973430487705
391 14517007296488405819658022144796744254297148106648224809602142052658243410027768977776490591177401026233395548112786958346536487116793662050481269430985913035411514407309214441308375497521153263
392 45422892276981565783174174536239664747839534332882420003773219934677432264064379282185306077556865726370086756907511498296271499550911274988675103577837297125318256501202977898592450816432393011
393 142125653081772521398268839765116348215858016074941798690485122255440460414385196258510757799843800617724903389784859276919341530682238508095156017565244648793172039996448298129538080012465385400
394 444703105666318923351693199657584020745025760370714214914300557901456714574915773794581064977618014620017789083793858833145779548521802700554233007107480454827037013404852268164012833730542429011
395 1391450789503051741505205142556693750801867297836117402497142235019524094714811501353110916696867786755863210772648652965135489187066905080071449790301039041204785471125759840078525625834641273033
396 4353770582977301854309821221406094172467602472367381123705387799099762910791358778473803065283294996403103548787209725490029369064541833164233420670410355723166647181638940673369461893532661479713
397 13622701163559145681492013825306338543365911311815281180191960005172594211208276190394010133360180760271139344083113005223005878513733172803592912890564764819441270563706263379170244619977665751096
398 42624659121273501962824228633010804688108652029103919426634612194705665056512601663511016755909718210073344089276695728337157949519841197511719043807516956353153365716607643532743264293791283731444
399 133370140282081956034388487955183156215253660231724057465610172148976128023172052095770983345148494418502534592651336905106618722267468671704008000887719980146513335474821183734161732659775965082635
400 417307602818684499636642173587108095287949586185135123697839393136387799049608901118705982830225709648367209431169340547239971522118274754640877436224978472670181767474263836306265035533120476807513
401 1305731815247052682443738582178945342221238258138781282578341569839220900496372809980042582657077985871140200636995516937201295843786870489003587133104493294857296433884929247768385853514869979090533
402 4085560775390758495746077771676572815563159823478218938882428923732668620651974262664031414743862985025770448001462180094645233358093345018007390976496524522974079244298585802892550695606001833412370
403 12783487891235414843646351136397944557424377999704395988808110127760381298835492468925097568628161071362739401312842996499052371253043121398409783465412135403532190648424445461404117309665891890651340
404 39998808400967330925309126898867591661247085945823138245890917085767431109928154849119515061856301168761896429244233082720601980668389081857201411232418761634053806945792462197900071891970064334759602
405 125154002343461962355388249237668720750734872270070240106278334925916455358063162209745745876045103015282973974715098356671709438304733411478902726406840877000653322344189666538511136418810985981929480
406 391599773312458872999759305769340542465202471855925004684007231609274160317369348133261172282920713976629622172897624724980770646793647047852814750382504507898364690958471182500813119662321691188087915
407 1225293475134158915220963981097869697010251791211970966524814258583295654643478434161381933037390120684393723086581050457229168052664986566584432765233831412393266604376256823342370112431550799862095023
408 3833873772466195565737792721503526124566443612516542382804201626897859757547066704118018766337350552111398026351807011155442511962524021842077049059430691923001289295266001568206752209104608238767976302
409 11995973537355865778715532621347197235420893955134008976234454589125359487215591803106549166457792851688351839680942055277036871541828242325754897864803696162029281182128624570397839653924771325031060604
410 37534720663579448427116878801198626724122145475653805351000428982168819581677441291105014216300429511744090024192276797677508152593460529620127864575394295807473000723285900998738443112348568003591128652
411 117444011601535739918844463971971414524454093067721139836671073703042974376794615524132385880370099738991681881578084060862992460177363438173288241827740266251765495650615868499341186895005380241615836054
412 367475649670821376973878571785486210669522223043160437152255061782372054650615037380992415772843555082929206347360009809398650925827782230719234006288631260254518416521641596127994816839815428909930023014
413 1149810460827501513574855998344429615100760471858097818192123929151062708289403015177547274740070138877070637236446605473094930533806889862786893005750328273609358380102111359191061808237749741114606833503
414 3597691702872379689530975810877591935693457488169948503720442223850151590664765984901767544350958554420519272000281379835468924029433363582063739441063496819983627888709725776804563834178913254124679429077
415 11256973240269183801132320107034574230271349732664720047424115663463098457325054897392309196153661998751304253459838315362845240945355828840623567106113314491060851488641485461632041643737889089220740875779
416 35222430657680949386244671456414181902006567711593531776442356023493068779535916103381003218298737223510002120729403170334532232361053222114672691416700491909356980844617093801944175057270059900597074602123
417 110208987349913640071114662828035404402653945324357037956665895640365280866992535290830160890186715133592348968725833669989986498127341845441747407438085724590029744035894988519127763608366559978628923162815
418 344837669232368665563273961112187788709843590145019340477203018372560265117571125751791501022276558456193392364022789325414471285866218480770124782422181990178946380775485103689217954482358209592967313544989
419 1078977504294305444750054325343436625948535939489965531600688945078322410432817377421844179795881340320516825235336063277923461973565446802526856703454936531657223717017356483581850553289817394136149302490007
420 3376059400252695440786072825759179378710530384498178878088919458605221097731675878373806092393859749745345231115362492513108713986406306024135205914593724317187873262177126641608165870932449486476095700369150
421 10563498338632363701071311973626708755441288026007961715242850589320019697415517299367677149655511004307161808956565318640072431291574874034205156096551582815682844966606662251069924580668544310120829576588230
422 33052587031477132779689066238590676253639680636441529071768423843586665275728375371855232582395728586488556650445009730013015577531944066857676732921285953131507539634220716375328209059214547657646083301586574
423 103419669739334747201937865335449338374365101360067438603830059709074571860945914930906200399681582392596449871331404686210269044965489987576018788752487891748055597559295232800700687427495042699145811115385402
424 323594279588682456622873837906216493396171758861956948038243515178059976286684502737201783624209166136469167602039585140395643899105381999187994157241301706778091358799904802520414974242771963186222165027329355
425 1012508143242422671495518373082922387641451880185109861340873131053750357161745314694547736660565556062407211104032754307388132792009389071315345687699256422004344970462746282107552938268564650219758653438281743
426 3168080540346094535443752165549214656423691673576975319552820856875599770593444218041669974833328445630876109712563485944476450448859381026087948034032106068463230044487515075888329100921752581576212823744340112
427 9912744284681301940161079679493531009907486011231408502979659132666313161471080719242036316235572797721958026454883807145769718833752903457299493950640546125443909169024190625817799948397208510131705674140510777
428 31016414514116868035839059859024865261674373660117357201946485727632916502464431780184409181135553644715277356999258685674578723302119259436345775486380232957154415149333809382815891195203828531629131694777884520
429 97048601445129350683406597912934321204574178785073966272907724165077718178959230129420822882875930132830391959398688530061991383023307760042796949080625871812358861237972450020488168302882346576740705442759251577
430 303659568328532643254183939232190219159724603821491121183630305882777184498768970737173920408060974994557507053859438573891919386335326255460379230987553443272488139645299795444318687220625998744098319291508093068
431 950133562610948398620785959549232341199157381227324597726800059285254067919717280113973421886114607438695202414013897564774433400343721199199369717320289950473118518776566076592958382559584399940615887630931887446
432 2972914016076956616310573173151657867590748173012809920847293832917898356923092867927385310947696611049069094889402829921197395219968848076675989406643094762442188256568014863119005624063690981178141369919508292942
433 9302079302092613174163567142747397453020888072788944636655616529886467610925043913642913590755585968757557616171543310857611288139260705126734576800145389779432881407327133948671532787374227214174022815713789512606
434 29105678426785661485413907171382779032278575470406037597270848317732611613513789676269257258472371607456433647093577640890782836828906707678913403911185765564593625312137916127946552593294589078390069324662138640246
435 91070016624442445035844327187216183135702345432883796918425098050519484184690824553512346382566186053811334989064748925859042745121330212870739074848411670092163798331539753830536120119926228821322467985884351293242
436 284952915591329112418291195078619047237600289613523916819572793537463876075225969217244793295725502078891538243957637262853538369165502556818064587550734000091255820195821727936413659580296381402962499639883700114475
437 891601507429682549617035061207812681686767352382213683102312110689719274030773135448308849007351701881325775615454434977064254306968344544635174777688737312690965588199325417231747672648138700728280410026060118187744
438 2789770535954017988721184265663652512735697124851670239473485195160109995167455103185459279955358913590848505107758429710308265953628100298917050688526647419486065997228301873578144583732285364236407471708432224906544
439 8729033742566852011051547120666260824022213218175112112660577451044998575406065655377954280536326364290683343005960214177721594497654570401376764064314705698744481349659084013215679407748906167683638213766500233824243
440 27312651380058361140606924214588393849581130437809435873628471510951598127521596767379569489233624476164418405138368237815405853260696061640420304726683349905750375964036154044236720965994571610473378126242070714925195
441 85459736714139611325004521585471875874843928283986231238970890433828939270342214334431162482390084145575300435321596989102233020033454724985395587233354309857005444002891049334078115057800456972696427060141815173076418
442 267398668024680660669263997773200034653141571563002705320541683134302546088493827245664931071436563154402336888153043892852479141190565521825314932974255414366846524396331899825904490449859130561230136652114874940154996
443 836675262650828089412106937002730617814776636578817979059368766017822451670692542735696611908643299117625713011570269453817819907127200338211790578785514097625511358799071598167808904085819194278398710478423554819882761
444 2617909432021630094734255369022631676445091321134492583473814800030669453290004346711384935687781387354614026333107367263432328804121212628101241398842439430983733003104280246718747300416155974628731202108634141598480429
445 8191290098089086560898652407522294675933152624214660966093916876284022284754973490750074560127849353586193131070597231401596076185667353600315938680283906651116200410974545718893628181098685093222596372160896771862722615
446 25630082022829098478191898897640691917042462190141602307552126038714087570354299593901691248472526387815778084617079016798402419761049034114033542015478664380085634850827193249332949759880862709550520562010315779221330374
447 80195072647981686615905838448223592215954888554363103834458369169034289181459770093213657816153333834735567610105395779255618955724149044514397079821117121837152286883557165766786177468525719555094530579488080259364783000
448 250925832827481780870906973991866428541182099093878807592975077084493625262285820649576172389316493393819922539252077741391263254228201229340578377460844166426657493347070699496959338185691803011792152702708660694966705477
449 785132695827166598031032924925018553058076500323189109880154458583006228530505915010059288640016387740490927462720237224274349331845641018585846708820826473951714998611902789137206488481972677367200881701420338426954944553
450 2456635664454080007844436450746642074009673760727180395636588645001977671959111066437002378577114333811575242797214816145724384011633556547434395930659465014648106590414353085742618683292132123259173541626776175338708328886
451 7686673628474457434136277435204354465912775471224034290529455031496891479032348811259366562350933585653836270591230229650700936319498889694794851084962297387366283955678415130571532041060902411237071559072868042150199833681
452 24051165716433044407763304970788802021363783859810910622133550142682881243989665636140510802589828173271239979295152969545384831893850652683920893052220685690024388948113448314838245266018944462313067370727278110860970379669
453 75254733097615403362236674784446571673426201585066564381458746299189148538620813147222369145714996593873437395075977339475097141609068181389316590885963133851314807761494072858081464884243202156360885657633004632104272507520
454 235467790641177886140846159494003356700141308038667249466336356413441392622525645478085053121694139720921539580081224557418162260466654913568471529442829005186551468616524722550562476342331577918039201716074748098311148818140
455 736765358765114912105830225271806226872011718638002143698666919176790028523458667533025764021247977398740548129585236883879012684626933877167686418658183524549069899827485061193387691801106597662824091573789937569937090501758
456 2305297010678968128120748357339832111246150099811535296746191511040327511082381072942882452729544812855935392933047324916356617893535601614309052947161641949452190532498677722394813989655599058347832862091722354959504901186441
457 7213143566294688336870500216717165803373934508161359628086340937803179097541527687307293455477769061246202109753551225877833353040257098756446925467571258194718976866920833956753460487182778833156710023812492830650432131127672
458 22569517015360407810412066686716147816546103349710676594891405040529768871473057515499137582900352640743204952195628202441129362079314832079463819218120325961694637503647547811945838116043762375080512559585368615796689304251347
459 70618738366288667334552726322304777893705992310083532173876176120296874598236632311969458802686000313612984613537090184956425484505263597749107416820534031562422747166140121118969919555214432388774942858024868409574955980929548
460 220962026128085247192527278766539807551391738666426226746599284711253412478005924607320865354339460491939786190851245867462128708946694159723754019028633297473320304103453334799570457748356239315776817068921676982377843679144852
461 691377644519572573233647145458544948417329789619636241720508766037612602292172547695988770348690760829805888324010459823982301344200820770907078166379533215890177445875204032171666071317284441258945591250187755531710144888740503
462 2163281427661909757287749880324176724181058496313821590361733617575902707530688979648399058232337880879433770461935092609443169925406011272812909689389706938332869881775339320091679809184556642871657296138387396214224724628421705
463 6768784863616555598036149125426517268644509072716780879280831666310123217198082808225909832808604639488726395167615219607611918759413800027593874521194889999963036817240948189804788329945289709065636163270978810625750775130997572
464 21179143843269316436880499702503183848728685124049561697362360995384434178726612294817853837221481835476556372558950315034796513294862064514384682155553431423152285705966678850990270379792228102089565179806181026612475850103828225
465 66268339587059863689460400022001389786167141259648042443204879240810499318030382051930096535087066945654216661439600781788441911185135147220295662699723323883989150146013633589656422124250498824185121673729642070838776911167958349
466 207349875147171818356630054338614015666624375990028183106714360663865198240090628255800084723127514494366072685341596206460797361510960464352287710843796322299710553137103822120422749420228709882080281381859874333821634998927478290
467 648785996321282818589981415968096638572927562754891661682662501833014666845444702709969348708297395427194785830712852237400650131776518776506429783385612808330877040705735809586682470328647907680003627921889269689374457181382633903
468 2030014576685125402053822983554679301085137080776310174508468433007295531914134175720543788769017155443995075978630352588859742424264533160109605756829305098587500318594958546973171104017182845233751621722547003645713706152640767326
469 6351800447174517205199209564277231662479552646501766324554685137854243633027184500882919183302015162082095014326526134251426885254319744389503082910616243793354293573832021761574857433438433728267199486548654378163811253388202264050
470 19874423259860339301582359741454842316003255864859322015122852578531056697846906266956936855894751318992454921014839082890526171830917944321825046945439936845855695353501428053077670253388081427474283775383024911952870346026302145667
471 62185942898722989270317349890679543139292716925850587566450521650539325528229181740964796417301082100409476663495151203045817688609299285409702989647999923872874327981584055631778671602286039298693393586857652745895389145236110897046
472 194576287504828496722505719846926144572903410924354357978856599735069397661768927333560237027717043496571560316411745826833705142720130203056433752337098564207404611834218519341065690325667070571485834485389263962206832266648486703846
473 608818165237455063375736165719551744284397758536923366995847513428935981776982830901025089986111838468981326326686616503479639391027006670852625688306756227323505998958306337552553317946265488041822819652450426450952941958300182554852
474 1904957500609641634348313694437956628694022966716551059520510211958709898454607984472026411980060367933217271303063577946055515414975077796620559193750347082097877626358334994279293158559507843979359158180609678342937159040044575015386
475 5960503950655908836664710664747172135730791799279829664560029018918962370080008340182033916236209674436111390732263980594938692200765281060848043696363410375935945988573407505219925223109925890307871560184024002142163916302165574662612
476 18650078720609164483739486868187001446670906237737329050164439119098834936973142046545704678505072298370607770934439623024636780877536106848479383053629129156157240747634920101767410011132069713726161517826817640942865625856711431337107
477 58355038292801262931895941726956300394152565224837827290436051008483771188186233376660895474515300350710031173842293611877809603106907015713545970660689566590599093282437895522927372885738424680858655471270239915913156051007938723022939
478 182589604321148658044787494315249450298216755647579727400522396087056362840623869617039025718293073582339346789677733607071200116930966251492816337185565900084006112617820791155772798670382649565820395407908874153143455109670810084294700
479 571312513563483639544726997583805821439999941764439758991570203399549995457593592889121001147484299677609933793515209886362953757672870133423248998088219318325231513365019355995263340089404751314949654155600922242684416240905435181099782
480 1787604444227497800062718996530720635130219394930968494052161915788151039671731661154606376314789028596400652669840574090921538923084610841937607126730079991830909020756326650671657406832151772966560613363193653997870207768840738561495669
481 5593312894706650659014498554056478384442825473343654803759058523889341072697293495281668766595985303354811406927936929565594051350661351310264642022933645892043216898545068685263345007992165409780189002639331346485158543016882511111096174
482 17501158737391355808485097413978524233269431727975847362729716173590528917511203879431261579576355289174424084263182855395817654655791085518892432162724121091790128148317692046901129420788818178454526805190911871039177871813896743107398285
483 54760132843852577695828180352991622870951283219040151788039669388062352953030206321266055609154487751293860284085860563352065399727562140843433775466842148372686988741199797717061037835945503018600673524917772789742825164570839174075069981
484 171341349111341779278119715133347852268410659410924371622977869641085327613472509355898479706303473761864579381655476578273195880182533075658451690445720605753145863263447708408774819525029422703228764573033123584554680044503518729375245558
485 536117361128543028342906799228257513401521374290384141779558470753015122221337296787096995000829559516534020672340995077390709313253860289919798574828536731530513493168961954738127856517822425049178043585223576454657738556898045510576267488
486 1677480808889037761166530444683554600225671084570158247488027042676499915756435812097739717406735093268828028223923308588321606087295884769711859488700749676353801175217716898575335498780421544159955267593939020485648724182881336203456064959
487 5248742287076077732365095803849353453103160885466284326856846368697252591289111415351960984943374354733250320571319852177893878401448656167052711476272005472112484238532804957059778835992719255072187411238018415871536619403965954095887585607
488 16423016853698592690975745484519756583468739046126060695120615534587493011409511934814129398406125072058247941856355095633111950696556349493430580771661339658942482828017045444552437403356816889297992830531768777453415109554649231514720839582
489 51386688053057126594490285729905068889392675604960102422606344221544306390089724740578372668952651662723628705405293031624771541094504330743747977163301199482987193466954360768694984731890718418116686378161896826707776792285193971173995272343
490 160786031737373634978360506008946301580626032961581043555857542920789450282705921095636222419639353685015609637364429632052334227982151873088767378025919710273684412726696268622761649020624763751485229134370864981113142952015555996411441337435
491 503090371871391911058695892516962729807065608781682811354315801661833869715389145007101927575917992178225267864368387815967135830834205026524550325881646057219452818804370569566232311709126213697211928294084624960673249516820331917925462402050
492 1574141233133400490222102451880303063042424013145519696976267699374292347657164852227367738368080821468237469517774358253913065100349524686331692551777342354939393238263316469784765937003964007804653944195615473846727586045692881439593162559096
493 4925398617018631429402019411742735117358212372923312813396463852808240888911624104719222758548384377470186951097783038074613219437538342879120052486562685808071503541032787125923578739670467296558350910733610916000478238273535679790787230243688
494 15411292853462261794784570245762251147947352961777778715371132545875730844593952839181041702624477757104165498071742840590768289028441722756550551871223034087375745204017737686980517883933719935737469490994564432242726090422032020898808537584098
495 48221061051692449464724290430695085464249840371813102353785280155010022646957689199800778056925001415992354462127555179060775196528471812945971740873453486354617680112298171878297057345617888069127650144098601563240449714988825145745376893214717
496 150880964436975261403685230854158820009686778160346388891901815006849710917103726050835909574500579858844868753564727697524448721270329263734698255077678732597004698929039702880112403224917230028332393796824105930649015141337258258175717836387973
497 472097978205578941525924155025100929739627862960083102534597886154587687373254436447326498657609627611352227380800062997819162779321265219844058592907899388164245786134111426201309149636271069310745103838694184008507034797126968899486579449581881
498 1477167791559904849334120889612061477025605166033776181200659681327236228166258064283612537877784642854294589273246702777429726396547849855144342115487787769385338157327379620710779229133207374515671235705115196363392028747575504017452503854036795
499 4621974219664600919762630021010043572296813707462726619134018716631338254093474623737172346843547008191003650806283792067044995180368658877836832514738261514847346369519489505438672993420348418575858557857259756953556710399863438270791895623244913
500 14461895127489217900996132627277588633863854417810919282798292777676636168464305324007427777377501481716943223218042320232145109759426659355002652232643769578902484122035809188814224520672519086435086704529941117199602109038018528553332305319757664
501 45250449426711285551956238033851680088537250009096852034416302821510910946970575940328130165177745782288368858488550460901242141977023668324447596652666108680875544922342246984921939791746983330796607882272289770289677000334286512431650345730202350
502 141586089186006117129489627445589050293368665644683419977100843215196182926728063710285312222164742831230914861413810725898172784054113888243667342800969286217055003322063904459210791362118732543165557854366955287485131007757140067517514302362004147
503 443014840846070855284922689618488369542774930015732492006611177090997969178243673278888511401854979872288484207738402689788238842301970476638969222008620091373053784738054608494768396167344534289847288637625916503949540125952820321147863261351131584
504 1386168304656213124470106742732544208702929654919092176690560003692845591001341393867238849383109885945128847497007432049050979971954544254600096995427529177889677626658176161813248188360252902719973675388846879628948073769025532049927896907872138307
505 4337241987568330772056163060838582695306758988519450051282983617072878237226839221638672896623121401317635847342015112148387162512976662728845525169951127854805818300884614313696471577436148164749302555911431116792065359397913724869285956563542849518
506 13570984126196140788304911666024148097135002509101789505778802326617939937256702812776509841456143515646167598624614939506586802124019457034348796309583865316560603821501257950948613559257350197398199114722498115197830069904765368864058634244310234884
507 42462839445286107021055241975926488296661626912514348876887612824410690173737456583143753061730264144501080818368268590486102408231844185086713204801767413203526858178844353865123701196775692493081628197739702580889146686795722653270699979207876084703
508 132863815695991163925968592168598081744647742141222314829283088617329391999893383033817214289483905785088392319823319303336765142732709929218662382692667601387871304915823739202433411853631791129026964776132318816942841601434053672207509450565354103589
509 415723341912736438966959593322730646130316387115807070998262114039207203635116837959879206154821044114587746530611373381506911006053766900239254155327985618425411689987671954577293302623918307579774587610476513380308287250576243733755705267142958008253
510 1300774752747888741431553587712109894320360647241085956067617663711643417593229417789756295969085855347828967793294377890805916604409450234508223568712682228133050104369014112348069765394134079361625176300571107518544673185834642303391863242874042430408
511 4070050408046364115556169473223415973968405123474444872431849152473687587434569219497828688546828385587677176781122655281211489998431874928086883895243247592398065695326676162520465741857271135645109401609322648329173887469676772185675561279064793835458
512 12734956831722118328609919702151401316892918073348711565062727528628436306100127056272356035694121139570686041227066831980340910696247006708504344077562350819370793829667295856308840208604685822939180954157383721830438645794543921826159202116716846296673
513 39846957468930292694378000393686207173658629490319009122703995160193452549785024375861046950855719478845401565455589639580101919255264362729484605147028151851066920711658236163400297950998669420855540864723715506221440437255658523544336462784624931705695
514 124678869391662309365399245022216534259095851285165103832228177598524599486721701109921962900965935695029384065981924795498019755696111931541900980888047627256363246862027771658593775237178123871453872855680665522795896521150439320162905076566710587304635
515 390113109260697979197723116931615660795977369999438703690157384424398989820857680757082494631768263721077160177461294167605105238888349958496470790588903472945260449837388585719115463561728812523582125905594497965927772155709109269828739543717256776663638
516 1220641787655050816644471903907541138833372799042526623693829523045310238853158969154748023194279612816353641116564482144729373446631560218808469665195529809258681887081636959802498637000703289091101809402090362695989819269354010687039861214462399954074597
517 3819318906235548848145118107109351463443259966668749987157444663754946838649318379588823852365443120583693349805224025865323794388446047793523031522620577575823125513747719527292110798021667671993065205158235891142275118449974783922202272498356729369581909
518 11950432186621650378555272537515131655832708838660698874240867210325890417599880396440659943819740800551943774625401783105728266091277580491521565668081555058556069672607116782080836538637530878162415164916824610414208715220418941979781799210937724240479947
519 37392224360705171395627507992150638021589855587009955090752758503834412221135287632028863450768113797260966227631513311546049960569940361127715489645259367673784983425120453374250834006983782091254049558373466775264356011166085017519770840208775846569194664
520 116998148753695736859153323653618039333453129511912457213894543726900778820373144544407859368665159841724852545404807377852408516392748745906279542508349246732984201149138277498354689112160105589269778738272272500380926511286895840660584061460757065460665758
521 366080570113849353185431043182122626273338963438890341619196291971026450233195867836676704542820257730225773091141892787640257652470793144562000128402222587955596012150213746367006414600757889773707389229441791823762852794280748241045774311716379805655887350
522 1145445336036974753251661058799168577691347987848804282524686075464175852914306548793715245474838580693344006825810222198307174338156313872118625337162086969878011898830934758536753072652461234032658904961753665306201604613111214048090325193053725469990110256
523 3584033475037525538154467256131514193869432162629524866616067914694490886091231571068875114838076607725277220037448010507995100298556771000266239646307335894677965253018208903725185500587436967403767874926807823060061164622539557780144656837391864019407767759
524 11214237420208865849631118506341369787330749633465238132088279327796346289684458347356725280733597509728406787559073799294153176453999928023003813050680204040267898093869462123014662815942666977973761515029130610115662120497036271345211696412462983078372092507
525 35088712701126787334533229093405136128060970951676607238065951993785387501625217111157001683704240609827008656619659325413941884371691851954727549484139659772502816970862028374056956552446966344350977270030181508965844385774575447436189044387523174498551415838
526 109790591449711327669348845200047490683796118108477599868297580621595301222714539156395313295399713142237688785660152197167255624833830771195417606454512190871805969641913308698557017595639390586651398164768684603672022241266417936140050241523667614921766298382
527 343528532196347644624066465073964137016748439929049356672723912043654595993271051895426952835134540902972187868338716767646662470891254920760700932758822834454220939698989791354259964341307450348307013951073768361950036228004881833877184517161852278899623656942
528 1074881288776292030477837961986489779267283344214905454762613071115456413749128419967879128213451762313936152713945522609111171276877076424611368577720942133460700952402046603437872823918818166328920999070195718820806455545093275663270197181822193063275696676819
529 3363242574276240152338831352294509740066944438229823961440397661384162593515116774118931430559589523918601052065050739970217996736040932228192952045061499534897655402274168063753829182420060340101780004353905788694905406783698819747852170717913168545205479136033
530 10523395217254021931900838654918604145435207511964407844621185449215606626518656267077873385645279126034653796166664199821346693334196546436265230084665983791981749560547021579230274288762474882322274096085678772625448491213694185617261585302152073872629838622104
531 32927106639745169478572718214195591452990840793291072835852245948453056539699015065357664650133612948267538923208778993435328323938637798966384207858173030094672566415997219964544200495451238388780839301494677317847292579643988194339874171752567976358650128668062
532 103027048712141825485507567269755911627945401591986878744856899686687044379681238223025820485937562352718912244901416135453315538812606190702392032257684958463399341001061034825767720993468033015461833647888040207760814459863543272021702589858422204205457794146595
533 322365790668092336942674973514708421542717767492109522401904073326120942310813444221973158199081802089272506273920002384338920503018957395472416809023380997029443185683627783896615437396967809606927722379938318910667669903024423491403831998190392228657903460892798
534 1008664271102403255351121223774003644234445451364075392479358494671515068613466493267429876095810659862822840179757428435166429758460084000240152762290545598692392805709359607356862869655399892917130069630429063182658346990336484564182986527792266373229525794350208
535 3156053282483874724466778288263503405629341228862311787458847892762309022387420473537190827776598555023455488885133343783189765220001361371424251703756428985726245407108501048431928718848998641358910624118280758420048877181464683782883236660413725955119520269443538
536 9875111677139991375782132643542579414304962424473890915048294368993386367948607342721676814306038567355960903059259541544238150855614252177084720597936582492926281307048308776015296332311442404573302756319400094717366552741343325118412130926153990923978974169545363
537 30898664220028060550497665860488150249751275417719563440136712446009027596443280851359842464908099404224997901055000051510557389515647695877910544019431472655185257794824466658834387785916627645061585021749594542981503013585259534073068485385688747739930598174953678
538 96680167454931343942759691152973896363414578609300426085079263613196272643595727095924006069227991227875209053383209768659756679896738271895380597523534494483355030071360775290282714263702779925969353703459728549584885128544315330450102467837624160300197335046354036
539 302506759274562494747512724463386146973647254003358035921245220609150657065783974617425471153518580125908278765881062079386887842925717711568929903086661678891002950088223272470167843763568155490642100568351736097697420590962920239201167771964954810350598684072399078
540 946526488480243672434858908379316256194078125318851131039858194124940162892175630715928747928219960114318461478348771566213789346082033743554539789508765177952743032518456504999349077845532592488257260255923266312054515061260243641193723106250997205769967790053121347
541 2961627685752267676191550972941032828325443530547271431192687857023255276530285057100043305088416502109982643558545070613818581525157745002805994854286821851939547460552281252792983107185029259349431145378903434641731174969968206722937312649038313266738006464867836228
542 9266765014783218106786431358303478317336879645646626467571543356298034300055718005128212488734410689925814358140873173689831072207537973208425411776072934447892093155932892026042420004009194406336597254087750900708794499058854144842752418099877623249885795336098252534
543 28995182025183586941779003870742842232775383831107818777472553264610870989095289434416472905701562922304453294392505093581989313074132199292101729756005889871140369324232842224892228347472758657946067416743216300919577706135118335902916941448229592877260366709415599280
544 90724279652320152775244565647468988755107205633128341603674579948926293997888615539037828063531287645540818129575593400143602905655276036392945207916690237040807028337999265867246954252079127514649732965678841050565859361158343394526021176982677458244500559500715919856
545 283871124219309931004808562599976858603025318997198024348888892469317308686483891793747120133022033667863763265186754922077250688001016492759111198242963058114855165319741298519165642803621102746097206388282349429163309308986272038461672246689363877737146800897654603793
546 888216643596950190552787494442361545689737258861809458822721803553959465255418058622477531025183442010636962560149183330175533253706254616483572007380903107080434846165549927974045053663076428051835039236725423920819124701586376383538041575253509857712019843516100484695
547 2779179489045634581507440470562627844308093729553332013635643137131569792633514987320071452695729051172770510246346384967712687993228429201481991489603032079453399706014560885488622607176261300869589907442982844749945958278109985029595283435006385583304301780197358947335
548 8695894957623461638796254428083162899927224918880934929694812485647865602289073192311596622457120996641957811682268452692584991755839496838964499103638186774702309914541145068494288625940412779473306518091332211570621872395896209398484334054415414297974249711297040965889
549 27208962001942680606967018883702938164549882818194170500748239224762456781808466944769593604052662334340914502796598936304720857914424269001456882496544005575446616370101174569278345419512654009284301580551001539868041229186775359574815336080125078620658326177284388718739
550 85135298532341971674945662752837982744355669360880239516917330527426029491096515295709626439501005600687859765158839099720128729484701372695884969924155528176741004856560854839090061949897683432612620186262695844046462627178732648677329100755793956049010264744110720638140
551 266383519359301210359335029785563903418185279907531186433538890478009083427378748419383959629223938877822546653853216830622561493831550123045319102957572759537048639707048098745527709044109433043008167392470660793461291013426498680018174788053826792533671901943211323362905
552 833498920066512766830391089192625765445996733705578724939574687662259225084762079380778201508784863103544233873168610782110191567205768421137877474607454465525000159421099137791813205499790961364028180485465434560477677762393276690886075567963930488739579117377708335193473
553 2607970836270077056041232374555971403956209988297649701043966372201455250016122285990380292326140762739313886617563077103383155363037526962337612569213122697090495596592482435209911310808774365982078887940724010784456271657828312344785016611094725658033928306574146881059730
554 8160192795801688701181868384625821575869759527903386272134378132085706169062249119476378031542246806366981463417918840997327649507212379262273182172539758130366955129931342107440134690827146037280339214743997758548625368747550135303336085193498532143347467710307470833400787
555 25532780328130158050781286150169202912482283847760244463736658419175998963610713269288162642961863253135506141409580950336914190372702342978608122352149016604707517955902161764768734216176118152213115957904154030007922104918040376005806928378281615581550323936531605413588247
556 79890621165220027513148665595353606822550094124673400534461009320299987544126665034837595508422385718994422365601716755715983112001743784700039782907551777630003298719128172017032254735820992440936281390750145497614433125155365411941720802339796710404088381355108263661104373
557 249973221409535098686826357567908435769755085356325716508313151141324555137313210090719046872924449018017780403421179469470498869597335275081377805925206321956008405555961449009490261145271429676111006330237015760676363090938920432703935895281455595020120104712405946913322254
558 782152028742313530421131905006253692403658401028508762770535922738903372568616812260014937115381323031767719720012194156625827393741140332686585567053371903296696211931381936593267869008529073582383124198379863747992598443421945407595812886401278255095587564999538091916300386
559 2447309326239620621497499732051873937390626603483620335900172685203495643905948323571807988093559026812605220051404932737077601584025668738774860110125655276912436903984673844733311505839772409206835714975935685437129841092564852513305154361956336706481489891983370073618399746
560 7657492045287090766367121123540170726118864007093453426707362237699203867836862433628613858261369947508881612197453619039852501568321672971996839736303269324151409168123033065871720102282134060348550980343319503038263747213894861071837412782078368803209007634097018866438570461
561 23959858198118841488840707074285184390927799710079357662611869725582361248629985610089123714283240723685843077287601430512137668057699815018794965220817354847844811413137541930069657562468346545239378849571218155198507161109419290920918756407914066352206561268452995085807697072
562 74969037052710348502108237146489114949852771805561467659717150131838461809254743718383401722912073223539563520181394292515930255978007384694582184996121873896028916424361997687527966390424072078914256519874984819488365007909467231574735419238291807261322348101929106557518462684
563 234573863924283481680620403033707338286367834172892203400655515252283885543581707472225993688645352612188617931278381677345576302556688386238286486948014661044938668456225001866472546611692073989973540856380370780920722808724987573657251872519379627504711950936558593490266307427
564 733968312780655537938321631843597339147709315439444178253345294747059223085370303696218209132694591531162819881204630088615487868622427721225475490313041371335991413045513647968872996252240389657719133408609153469789059271922335235771821426067694370506194293767074487117281331443
565 2296545212470766168258340668400028680507278187889010593784248613833146254125539567226590665315449837998114610443511479978802558299752691348300618417795252393192897995657083513801785194788144237322359481395850145753550563679036520383209202202263585225547487943903112562450802348524
566 7185759686193091984973330297303328748628975659360542812291524675716132856205862126808056168128500600310799901991413349770135789896611327457002812480761383493378330547161838085206308361837354383509924837207709540972425043015199190039905851815899900594713214175821731404064074956989
567 22483834408017400367488190747721827809257468275563736286452085342976847243638795581087965970832153202187180342273396057958427486802593920897176081284086131360628772492138865372745062079311179650284264850657251129889127625450746378444784565421383738996652161798498140493356322112463
568 70350642348709769982032872167583796591511852492173837102554636811832203245345071641330478006490689916089437009356727745979505331659221447039216037827533374829331958587004303164660697891644614469205158217272128702490629470239707448994319224581578396617108919599230356347384068848164
569 220123168898240102951379611817339244403080139975056473075614924387285707927853882610116865109920159659385868031505685748735974522920397700754216654405350583019665913983501288014434601176021721406495563287300118908086495610221642689771130063672791406778885417157820302379223540865037
570 688752907835983514031056680851141219137208194086166705954675604773541997229783039626594723712613593310173049020568927415118173971305371985993586656120791585556375043276471376055477990393289652628455593763991185482985357234118762582317260085505693016176525541802894118441039427065157
571 2155068775480978003775878393407188158067621967326579339238998594797017112547266754781516651164793380023191417916551145107870190720421831703999704147715466523163337444194351798117119378479386950399314330676114008693114456289692552573245936653372999784506478960445905349640306288632559
572 6743087940848388503163032305768088362079623353692784267594276857303573116272020715929575991433458246787474219559057592251702960293916343994574813554821672075213203936212048930791515990231557311722003932668386754794331439866783048394084835536894330789321913979508064181918423236394308
573 21098739629721065630332887747991053175525397363365464452114901328399652879848858536658662146258187026083187731072258405612606707127303085993137494583007432679994582469390561299929387067969480238620803699146507410745764328818758291939228574964271997796688491791074217512383526142137388
574 66016759364220059387281831827883472086054096879900901461746800406522875047478893178388276825999318619341559931759386472723851153192623874287571647999722445403734192447919299261797514775100229666147059107262585063868318694534414400081353739968975753105834309395471131945258393010306002
575 206562694902119816093832671560232394356488909287677768251622965274225523437483366580948820425976528326391249176206448161826232100180825647512088059285127024369795554940102557743314780302399966764301214877239006336476682200650835484665857998198048320198967775843641575670286097070242424
576 646322953991462246335655874952912928613315360978063134896046840768196894175614586314087051122471953616345924474985412644101332266252730083563248815761902406200182630972632790603163566327413989101747204963297568329377947631209404788005492881556288962121508374525174907880492348560138954
577 2022307856964171040743279653816013718155430489732571916475340183697589256445668212438911270674453508579147429424600194280854532786051812602254627941379459849554013743969904057296781116588999646008357340146520209474083522329047517288179802058258477280139340426580950912812096650934969448
578 6327686558371934762626189961019675575705421891043517222260263896516844438927844369778490174143784814515978391751138354434298669451231310814677906762356033581504471943191029852058810040315855727300145395542324082688804151914800195475219975591201797110454441759665628101335334995734594753
579 19798972269784459988261176413354582480530020875872230638332333511414859701535670479043175690986856544124496422783082952635172567140680864618081844239674051853842886253100429075823234037007846064519270911101745701510927332640270050564720313078170103454175798611171394034462601535715876746
580 61949861031130534802277508928240989166396478851718522066437612366751888728013870704501969785726692458223470511668550408812977413889276805202072986164662568392182958889551077594752144634800530587397418038238326119799481481341167612511787916330226687875430732946655855813164731752988810373
581 193837600734119588088108174093136332449932124924190244610510287672600038162756152605059408539729133773726260828275791455039240182349756105239388825502243591868390723075226644561071681027609620988933516848247435967728670355060787102804538267022464941462228661799785495263250974235121893250
582 606506856237806181340351618284553679609542021027304856549700583557772145386096222058205154360287916899240448793776671598414359745943280638864780808634616955063497330965736441479940861881538259052107911529538387632668140341430692426986456422956801325706855520299761231451402797907631823805
583 1897725545870921837567713686159101618242526402654126462015707880633054267753764440455724258623701565182520468325796363447708435765871333714318914984445792158522634971333407791475912680775263821035226984287589614502923919592970290278195669487604662593644913389510031321047620892903570258750
584 5937875574549193138555381356169537292367252363636097098731356256863033060562960823660488411175307170565117742504325261353390852509389119432480953667723957589649958423679612486055612220202966965080483758611950657349068315368289386583746706941728910412955335984355398661426771021722509798586
585 18579275815485117205435902915798207331551708535242096728621060836753038829271041826171146499111586013756357699275018609030268128164725705201677976000035504870420291505083766025024893981839317410824257670646064320478898399601174003562302391689800707570890928053527257231169792231043516478432
586 58133500019335980720433702346148562918804603641930804658265334293641662599488336870111179642454383144946745380096942294327540638069556021563692245948233634191474308888481915764122159348365216243652856854673854165340648358085913291562655695599173485731270740760295602700048694505271251637903
587 181896423631401662685618229239471838122109706145804836371545798842253485222339660510713082613521907760281986817510995156068012306854438522647212068114714127125563876587651465331037816374105468374131211219136777182601838419222952560983514066093499104025399984284637649018169957320684893970377
588 569143590509592364866199810334138264279722032034382357058670839753996347980587101942436559603538740219743098674024433960766296888868486026935692887973424125900718847712406631839857180068249190273554703131717289318650583945165392813928668262692066562892995474346272894564812611058019121594341
589 1780818007035460535857174464033627048851311417495171468455694818404977772436031331884267029563785497526649911808679289048710756911698300814529018595900057373662920516351485421982062601280950522724504080570891355377804644079259307921423654826665997129789555102295131140398962804397870936676944
590 5572078517729174287135780952945665806440956898353745662823961617186367005818483861940960256688430614313236178544420557996840907426236440336987014575983863743777308556402687962621499254266463768146860373725063007197192850505641849470016942801737952209452676726375024652693049112880986740533118
591 17434717576460752635880128862444317490610686842338897615415317142545249476351620430682781010653646908814520534661591095513404846095797144366595172827328838850631848565814158670328174848783181317013717134292096106800360179389409862679429938577729492598598102422167602001851706355417223568388082
592 54552242220525660191686287455876001498084771967550958972165205101414291087789758648261421666965910803881582321396211600222780658562667673801744387116264361374242045833150163329183511078010082018015016437259792199124454825214399999193587135228590972056745884379405015126936408270340028576289394
593 170690871144642861968449626389981592738083997221393204318979338283614706957829835222175912560184749752318245539227585310128253724611400166271037000263144143375079367874488029030770724371841769602978535650091951433720749136206361183175213069215704043080291035595081223940560974633349596480278447
594 534082052472532219473957360151241775810091587466071723010787791578248235480803315977613925449433303086217320607554564304835999378741218417990465162306851091010609675057997971745449669782887578412885140960865096965338850915672503275920884960454427420915446130560340914043821314655455232237519713
595 1671112443567987725248966004509880277759040799564983306713607779597564994827213182040899510060416647774358442731900543864215454679616169306181505674534913559072949798004531568106093434885438357379684402516000080449001518607607161396464641189368951528253646825550338213999120871709991336723599553
596 5228816033265590647805988382245705712267015845981636257520223378414004400648721609934706115309132273603171989046615879945841280297419769240427850237831454451826006819013272728565750005732533346402633360462586071183604591533837037502769350916399831114224112856480302255906712461642131952106397853
597 16360668735947319701163616362341957463687998049579217914197847236210722116250646691075102671220501213878604872152224029583640319232201888328674461307973873300681328748628990631846083932730009471689388857192357525138633705292603151449664616514361506611770146851989586610669925454478886830674192335
598 51191604329638892174716337794469054132291588146834716634936605324114278609946360745942198841104116451549829861440132835764768390711282541443087946967510112319159918140819650231352696189109961886017249998798810672217967311249902692652120694540476084170052603644225439880588683998713427656218873078
599 160175625833950108707255207543286192920822166234454080602001418188267072890225940796333266536246125793674655407565530403069414632017531505239274877348441327847573249776717104163601919605732357200459992364824771327321250543542400603542312118967828922426600987846779829816453253833296701020186003551
600 501180446428070867193355048713410109252842207931714429234169716528189128583638946672289195006783536603090854234054699397954437614426351275831107180163160585764515245561402119600234580248964336942598221656317419812472045055936380845814845524824136823354720838140422869448495337280941464756017715739
601 1568165184771833330764192215101340679343179953769952518313723128778398208160673305136240228789799649468092894494190452526655709603330140718677291586939176734220854824471284373534375940495734381280201958664008422153616782180983807391991631726678026555674938607615916594759353920514493871797934783544
602 4906699900718119575934326882906269080301277848722616727679367687357854024484275423289769650207170071743427424171222150378895700446594651675809899026245018793755107520208869551850112651278094318535840688183168805308919128708672777794174022195667053220231150565075613623291224915190231480827366422783
603 15352785630941168014942839063081326007800788736238508754935071062318482477446452058585197213337706988455877138039321642749632152354273347201095465932523936596987667021846350846165633516588814314337258256124118256251616917051710481178164461685212103820480237419809250519205959655191772998670024153686
604 48037995271554425747171132826044976581616387162892470769385622820638091737545188827282873182386817793875462515118020169902371598351240946413834040289030877948985115049458110328382771603870662074970202537174973958014040070078561877106569507804924732306480068033657423329707842831303894108356568233674
605 150308161996294357939719593786059774727228566246816255960353836464052034495810454868624285733170274040005154170484774881910827516761508794505757457348184202670984330342980351341248283661928224103218775059012091402131092929341098108190605302456494330915222660862182303830534143242968689601647128476086
606 470305711863925003426345450123903736213856079593468653609045929105223387923720180636654761011469341779484824725072665201604251626400329000167364902119298648596079083898431299922722322662079410773231915658336641767356810446103882229988261053223156831703317671942992855685481240978398707741950730981763
607 1471559891852621562560566990173389297056860952363975003997974658073635891343505116235951087181247492531424189246974804188605311723066137518493471680142529401353251970193490667778277104352289299653358861077619020184281754759087585727146847255056981916289993402236066129763157738804195946133595489774747
608 4604427419618171072536117741048422072949660516867704119138446721441469144148698185163428629730764335964022828112992909651164122740219903223112930378826990224967215059210847015407392039004377871995994847849289366978004010885145091788040849351329884549744929153216459411633316680861419998556020183506968
609 14406992185578627628110641849027159597079587298680596186249800088916243505369196722985610025048462586309288238424431090952913540802533779240116731042563031398512415111593602676714783666163050512555856542388140966254498943249684809960777608542321843471982573519819433387216371802548068349241284795591879
610 45078661236131718312342270700652511392803079424677975973567218078978015836758855312445879083092681777641907655069914063847869367951317126293168128677653536304051205082009873547609374146808255076395700530272645387909336505921288107874647667468420559504742630393305063218988392989641885197855454813137569
611 141048573683272933379368370303338602251217261196741439343142807343311641006763414517921485701958089600379540303830726184233761995441152174951823585281107575522606237830558614208519629942462097389068452032910853658367270951024090707382338497629743580675630121018785032590551969246995500073139395908307820
612 441332985331417846195706919123549061726850389523806403780539459145749421363288211766301811942688438068425412732840018339118046562612359742372744822953832284996585527584071802965122607838507588654038990919553924777752424278392040153714081486952130547541429370318504830813337271218254548036985353989804365
613 1380905874162979815735832340818943897866694859844986042766976990590931338662841509998076310936809940924492669073695376377962402529310876462182849491590578987034721434764094093107083904908516672278365329530414453316575155216056386834462662775114482372855590045632912301644631113501805363230934639127032613
614 4320776141094101822544386406198454629711438825181237414035042820845666338390790358341380591833696856001117563536659211355470177683928104058548042006316257515705461896290360729330377672596825807723764031737363826736846693207919952506597308713137722737025396936060033136568881495274965348038022386996812883
615 13519463426690180073944972238661384758331449793408239814120787261670742646712019316301960556567940981886516459192980048248076286990225153088859117885569570588516088144895667735223928803997944338665514804689862143141549604690932733771543521018367454600204223320002009667293923246165879179768147640603300557
616 42301634099315103847503653668455373163125194962210830265736784168305352703733051704036347218119284747024036935503205591724606719007692996023398967831478186011107667257183819439729173660708246762259930962157482719017531215257489398571039452509013191725687718464949037510450859078643416220464466857697712032
617 132359413313670554505742875199394563526709503411426289076621847287421263018097910830835190888856934281069322165258593054815174419895461420192552038451161362334439175179425179671847983702265422550415811961719178108068147367939826017710258772827811860181647657756192254106856037407672602374794022059650244775
618 414145095473338142754712217039893889588398848672062924797410888893879314773924706063887736348552873472940645754877262800978666399830676096870063457852430956657054305432330748435154569195558868900473785153702711560365298478980146848481634737848413286633492234178993925067540365275488105388345529067743884642
619 1295836509173356707462911917164423385450814022734424911210269230422773998792175881486676704505092457043933611766854965440404492194565812766583288717121423215787496001956529419691064707618822405265807904944086609658197871541989952573265846593613273099645015082594525773928757213979545732844688411530377817558
620 4054598924049540313706085854348549162021693847254887097073573251743933568957724966651920673888029903873846744073618683191534057481050143151320126655802021841694021057888914632654351382084270353929012749204364950538805273955673425037760213585944209597665709582183346201237707407552271825374227991052337623628
621 12686610014862901999201547304086442442896972732158538128511839894751757671219160693135615306383462510576923793709618525560073738229154250514074251449447818458650471508682834191161576253190217452136952556747257563958863497362266391076618694759189691221359591620806141124030774347061285713461179892250649489953
622 39695683021705736016077010064436014353413990696778770910889913131527488130009058045820027225430817902855706719389448509656760139808093234524096405045261701218222615249332803878523782741408031016250448019257141593817873301320757607622212872991784340589299066904159652262249705996145164171180456683686153888705
623 124205540228136772601523064150374225206153358513116708297203844650914789700788522582089902865974171971965333281197777117398058076168214614160275965010263701705319046675553622740150417190726710207536023284531852574918743084301208148097094525296525939695133657144710489801585622995117651217571142905772652615185
624 388632089160117400852357899544021722766965838746966701923243637627111741899977580418878123150999536685863412932473529957262937630740990457756527169885644943039456536351837802440461259992839592788460241280083973574886671457203556384119318339097186153430861780469398932106068747491025331277591373812185070483911
625 1216007759779003055807753341627035925521016504372245464437339287840904857660804172992154919891344016514853804821096685815096159611787397448523104370338963931619422000424987459110541499092344818045491912574199210926759721164723465723313005866948516798566883399493964842962930370821267296290895180119103724342891
626 3804819295901043893285271983378685349008780219244027802419830224557946309504958614557821050130886483966322153733579132803164536772709540166417555377668161578235289180584316003655069243356469906889524023022177928450687509222247565280617409368342451395223201033895291565320351037608418648785883220771612918436877
627 11905063728451780695742538489738168666239596661391737200637515436480911873442346770885951454427333785711835227753127063433017639089858073049000623616278489902457575027890776377982741471117667211795044023349437377419500053686944988493515001837720467986822438923085785124113454848417694968309283361132790134187566
628 37250269028856490410620056586299293734667904643239882826181989708345830497289486173316585823089048784531478663264293443392818530140409111379397903860420660890919235921523064325261644878243447280697281457472902598072691355378458849625940806018356782213293124240961344867455051193718700086010008028942255450255002
629 116553978573505391964100284763903104108973284301982762700021320295421878430643923763001161119520944936504431667260381198904847500687361389795546959062504383273854301197177979212815031790984153348170435453834956003301787390909231605596036223798768005288220569312745635885052317750497857871050850290285521168711149
630 364690786817927618508893605797116368693773711451065089608534847256930969131639842562229418439774461943135699790606592584140661813489816604179281843976085376927742128030780515757339884786552321345675939972059558189226309465779857967849956926840173400322565041352573864762245378511337484185957411719698895334915218
631 1141096782946816032880071315734294535348716215404073564527020699852512266967140229987748191219818935829279836580915997312165955265727162248508543844524719413796054324072121637305997341519425082924629084047978699668921661712196260214182658591179836971722794369783980914243157752960303002540821299330682367659505407
632 3570427099113005962235232728184028093406437749845615766862605096823539567245533178938694224080943342662237020952911483253228072110928814707408320037687700190513579608521564764465666551269872475970595821864606917320523400192609895457472201282926136878062459106521672454720126958089048909163903412137693311060397100
633 11171663841834411957393344933018701832423940066741636104185627871594654757231826642187655614488497374105063343204288187487233500778225395784501179752676782413302485624680879266572462933040428255641093641010659924769018712492055862589357444927057709571398770671312683611607983384622404689622613331362127125674215885
634 34955502389603679423720851311790142371838111764445789450275941736155520869890308585160773450927992037371892466472299226487438119415085490173545627164485457218644660414166420838369702077799918399606913842348547068249535911666950285605780446552565073340313694824034644066799163916196942698928769937869975627268221510
635 109373783942012344448497967732155830410230524594501162747396049397264498765448844620345591405890624461052308671166017843070823519450778616644369196420818920910260087835585319129010571221810244035231824205230376063789878671225468739247847199863786945786624080595409604763970778761321368794371715275378896878019114116
636 342224365150359606519817958170088528095707081018916253353331010849710582524029486732917154637354171116121196420930688003202069649214795475164965661645860719248846035082869227261446442858437473164264212903771235819097623991434869930812963682441696013786673620084160246168930336292706770283271183126988732336454719658
637 1070800624075142947432448128666900636068826805559461585462499289868446099944618210934824296308803419707626475088282336376014022142294500163232656412221142636231075116459125620708328936586201334688972637766513100330493177931756025273358611070068520569381635270760396379935027746462730238576855111743948886426147320576
638 3350474405923551330648213086206684261454158590516667241045033755488135429411802340055983268440612350523128772556634931621529655691577047057026253585322672971629568860044688198448018134380663696601223036978493040801024524811309558946987681837805308427097294301719031368663714562123504672880852831815808748689802118938
639 10483444342820085346504693181072672486381254493197719525146881051401244134489222925091067164148384612092660572420898611117711273496483401858565119709499857163312657202797592784921008428914041759455334582970168014718269182370655305226011320193399708398038791401186411451232177486085751687930540585259531834526435340124
640 32802102620065239869634378312728997761379993663440595478296474821122445214060301275467608127876284413072376565649184494037895389094024126337859724226750061893596754428151130954942486205089375960031622955452470125706739529670348621487820000206782196898918589050002936475070715632350586523895415526674133117620470266458
641 102635918226075002481762666292851513278081607130947089602650122550192185392791128621745286725789401289568295414384957935282437808586988237151469852112511341850728211717293874378134947535158747791697174674631281653958385110091329559112875799935215548240426903063496538200323065984201560279554469636011839720348585431286
642 321141965566126980925780166953903109278603696450735854961397053617114922901221099753186681911110841397367340202034018961339316479159687810884083176535410184102434584427030183186846460342006674755321810342917948248298802254477192790755842152948187093890277054213129429876473968059221825439044665616866758901887244785303
643 1004834991786281039028651043790235427499311245977031180717103714132690706014133901752454385651509049858832573386059007105777974333891997617460923791432816496490307311586749917376994773457816367058723830013614778809473268719214755626216506494409056352068967293959755286327699939674398074865120411130587228457296206875382
644 3144071684739774424914939169418171962309416633097018314302159016443283114994662153945652025268372197808265135371757346785239308245389233337441579502313670715546710585493531413415539303945681850359946651071745279176959714080314528522687516238338899963188198113743152385008506639768163723457680968641489774816087489974546
645 9837621937517965973967040522733424503810528508981978934978671510806622190630278825618395715263446380141054278118663550831234246547892998801037062564184486171658978368044676947445791580069388595924455160987742402545219619920300281117193576404578352676599654705932624276179470678710951283399357341036040007769775853735246
646 30781360951553760830050113490780243673680112707854525951433446256190312813214392678511346030991630510051984287509087733563572517625410261162258416816185733086999521389401488080548568480763958722171400624057609593930342016661879634559425078829374544326790233252164466679320963664881335517034818448622892418270296605474130
647 96313132182521248586701664260558157275204190894334409896329461539132315709581864574844153941186664946913252662749142052041521657926047842149675019987061954281291862368212725604365191144711957241375430180165084266943446278930520907902261850367926912991673273098344409166696101595325593091465052041696712420629649521171492
648 301358326729201084440821356042622297005782062726899132895435655222292390203357385341816557958171351523759665701312486312572780858355858539899587965411449043152072082635272712990602080899182011014634060982579528029399991537589753546606435030319526395483537067509551814722636909532349843181012979003359974009878645692391777
649 942933108196695176924317074026727643875279017816504391330707501436794247778302109648173668675168239033178209981136728686294111698565569804722266445111049503309337482459709823585684064313494886913759782558134954731255767099818256480535693706096198656155036213862632322909040969710614952120687421652558475417340854732877584
650 2950384202698474947480313948500312559565331995502485858538322975322236003217843559120586376775085440900108740540322554520345936242234903167974478352442905015893525495643732190952971611027628371061856111590561290833548974383712439491312530451715876738335746751787753959736485208686601725731369454187258395965434213290005749
651 9231584794153720076172531662309038346751455409591545077787930786728617318058355364900810757653696321539501896738594918066513776792980516895122607403759606151457363100113928818590285354734378989189283320800558640840790007680101001342871854311263975479686525963165909898415980650088383691411590018400014342610957752667647090
652 28885105110617271396430698901192165474110447178804904141079790183884228163830549579509869144915484978207870115574230028916759833610037115418093097579764189484068336822486386566682985441278026721302098915364312898062199737497444255397342434877627634833299142588317536161165114990782057386629382213686010986611399120245840594
653 90379855231335137991947283358760296778744103209382717771031646398099082218265732799559923952843775753776890247745422294061140844652569673638258263563059599522964909574077648917703173159965908787711479771712912726190412399568906625510366791061755317828084674298848026863371142269496730841532074197076878169094243403445444442
654 282793439745337911574498470088435259009112418319183180950870345703186676161838227901290860780290408072781779299304584338675785757746284822611654902266941849557030585045292592082138159155503016896922515010261941023263499488271067965127672263790529523385194122782803878914519340142096006954502725770407971095067984855618727227
655 884844630015221969895662513664351590997772382341911190615528474484002707962885016888256690491064857738822877180077236834146825297287540261879794396246216389892540774647982353699367832704002683418746775030671895508818803588342095405403255116994322174112321128742364946906114218488950596825505536259065518464038158656320426693
656 2768628649843644925725604511778133383311340776221029631166853436689104431329975612283095965045376936298424035941853187151349308389964116152629623268127540703374649574179253705862052672052482556039414775470935015396299546762736901337389465253050607887557018666592100794692532866288261715514566210073968060380550200176087456767
657 8662881980312383310607327672738850759223738979970140290149456088743048816681010153824333426440874332878107262059589739476143346036302611313999610051052752165463697815978832136295971669726011433806159625652534674580041217354894728746701963881207885167058891469353456036268244958503902320477347028558075654774720323253050814624
658 27105666268771403621585089090489172197596712434016836679733348346480411209382124278262195032303547285829574183054503921346719715657808870979814981077474246771113293687587290829280013317156386930161328505671407924820984852691457944839686760012088137923403795158343814784039007528095988077077201271538542359137557544692533995613
659 84812092043243787096106456228131071247340889879874226725072914378491402086154279046695198874399588339687893950449673732037467435765181908970803598929546620907582619576801907939454075324528688676818946062602342813817410218224392589671745628369679739025750846484548151982462636313461882188113533264570486540554063456867870488049
660 265372224590504096661727770717452738993927543782093984863386026514345639792664226193489216753100887827504687040905406981161321687453636566985820519980169858278577015173362132864491324973237117261828729747608525583877465096362349908330830654195309011499981740932536465595041852663316531024227685318050078477050013497077540063206
661 830334636105970985256121243840709212517364857821944393022982848010135585160701088040665013850127693617358686987653330875639681863836258063469336582146708000380856830800900896427325298320963855600031603974645546683930162784492858455314241264346393294819686536409605690765510351546886607948147750341635440879108020506401007366895
662 2598069971268222455346090495486510481832288980925840304934146908959008306220448544312845640483289669644317520015186746736093160654790940075864106364794915854308784889693006849860505095188297341776202474821657723117522081563914579618567986733240413405002382076892901515819551391333479062260153963929623250217462702989335917697243
663 8129213550889621669704611023813021665688539753888265557242921396311032606938957774761370594448283721432290786921122428777445164781985667102979023675020088542474974321641812735324946344339480159591595534407060780233634288565609643230727509032998122360351257213701210126633773702453919526251577505261681396638630887949780717965451
664 25435848028261201111551544732864630328499309112878045412957928312215643594985131340323140093547381456168990543625960230917351695654280760840747080266982966797391657165327255546997620247587558937063626617104443935327968626167501763324825192678545229254534344728115107270559858747326584562830366911598400048093571272444655513948350
665 79587325497925518630719068442317960073456960184471324831496452210306384242838936476682690615748539043635404308133721305947244154719471912315404582732215757539059702913633327760719910441092640516946571576525064370073045548428832336597783598622640188704964127330773366976773735118398913887486412881052555387047314970714872905821682
666 249024226472615407044886685837375656319261712599878798795418830948301366642037215485079213472990305070474146668969800531295273131911714160879575299872876479592612477693053187971428412972778406090865597525041375877301939447970586910533037354149206247954821772253350940183980898891264424098731522572072636151793187995400488851507816
667 779182677421429974311653704448879061019747266749161962189550096311572682632578542793653098475822341569319021909095415300926291785810871190353169361092203773427532427839195044844496716692170235925790377038996442956737443123906648244168851519828745175930113835472879212624279791027533330530879475963671524268530704668398656906271447
668 2438018394408675501417348417090775189929699062923547196745972884671535941182868572314744093540237229701843484504891163798606046886758969315278721311202610865140575087444902010972603649571363230650770244464938356285853130915240652483564012981935027384815387037268133952172118730257488742325734335229537956971218504082540727647592754
669 7628421246665126572637850199246290069227933717281769666170211125743771214941276393552634693660631052863982939744455086426713193324607890292299734105792025181084925740443379232939125423705639291476100418376213450458543282177273133532586368234025348728161407176085878716684530810339776290160513127709406812164173317715662791265434837
670 23868897318424944702256972998203464151482259741767358271490998176361172861815516107926697609704110734215796636887475078483149981541703565685738143563097690240696206960020752271946347008154376606683213926983640976196083670982497646729487730850835229030619713304673997476903615502244469521057221644176003583595245508586436115590052228
671 74684425620383329314883000860896474892944962467867920660934385836473772547232663742823935835963092989483949811529524501299886791839947691725238931128562469593576153161885351137603375264765379160362977831333698685191064925078440839216365856430049883732681970856867457524000662751037195666827823946431720100936735581009049129868425804
672 233683330898615387404789337607520977350933190066322043039692702461401075284796603263233833391363328613589440416189569411728497136716879017306807910272826529619980047744860786644462115209584584039079306864128478922761485440680870326164964553961304622324416261394265810510111105805549397791625349009074982905389204984438759521466309608
673 731181885463518271780242740473189882986570068973453052410159637294490249577382528702861289130045683450356094283800943745207926125106961166868918959230660061929365015271145862763695475201570632663713665065158535723636478414310661949114247950816082571012494932526664213225644255877240115572713904684059966590005401553199340163033245954
674 2287826639470215229544892270770371951909856124718758241784047019892771847820428045232329454215070332326615648986838990656095036473053287455357142112252377386938517852764355560430822165255996387581637709002718529221699328041364299929195946943346863118946350395840043703874224167833013689979892401263025615219497109065293282807474175119
675 7158479765881360706848674393628180116768286071243256400902917606099566527418423829107002903779807219208948261088584550358314696884144456774901528538547651747399022135775246352064834207673647305369682113987358406875608478311230532716515792440557948297722455053575104058103352679373451178577839162235917748551172528191898711358967201788
676 22398477084959213884344213010271832272101271387475524347009251090556034898904700638027620260794014536866358421851214780326922677121222214409054089184640520401116890492462074605952008124406869035902877556513947977280515956462681251864153976391452348687432835798876992295584112069464622340741864552880246604806579455648906349138795574892
677 70083564127204612396298307753347462001318572029183157110882220425608600747061575509356466034469252110963048996387724978561651439955286929623504492429538991902650901064175571115693866555104211391190093292969358121425583129645996879561131008851777264045495147978324342799226680177939729069421224456506678260767035746666097538862923929469
678 219287496294569845274330325329092300514391999839031172362455026539508333979392295895428366468830502263980698562911982923996500002909363853580182830979578816338755661567207875963270283455828252065771144743654886886589801322672904956704403175475996313418027001822121528878639319327147582379097614464750063516844629877524705063542675602741
679 686138135667030974959530248346346738863661192106472580035743099889151541162849593417109677943072693781900178180805144600645462905236324306344779496623718529798731452404714036315855697133948240742618050710082412575547397489551608299346171558383653776356111209245408894838837124195476886099555143543471511781437136361487397662605383902577
680 2146887301701054324836441157521185572612084549535780498631196099341379885374309703215525621832897123816473921249212174609911284382371013407179049818045484024664563033214616347029752645079599302679476703807949794592021756542728700356639941441550565749336951348388108445940739410148418098259246922487533265271850719335949902014448070217602
681 6717488573528216593902648483848961408203741713675992934517830638180971878499047900424360150855530246248967069785091881000491020354740901642290636712517127800069373116217066722602241013282462636452668950072305783403025365838051886193281292008404806674129867691331144748759578868163030906832898723516152342261237231903275046758422316063158
682 21018640661635244941288416796139523726690076565273599295999734184464720247552544115506343182698891778380616263576270750555550096123568364114206294021120029762809962549509369501133552388687907137803880680450926172557746202295585205191840063509706539576064994657610010613680796983540424880531270480513246259999982875544091110616788414246975
683 65766134237115541693359656005533796448209392061508704734512900034787232785542978830073284688920479502807986982986261637466342797763638594951606544432537860548613485840707814552628457680510760944844443202059168825838184164377502854071132203824300299953907249168190175143139843659016514819391877631830499427475839914599990687898818047740633
684 205778503097440687536067497322369425213249873929836300241668411295128036023442605512089193405729478019538567917350403969195222260385913552398176140929744262318903583140786939009388024015981394100634590729302518077645227677528350193442818991726953895058868376298204769429237863098308898824873509627737556942620072851332911989059638268335998
685 643869262322033369320862238560320503201765572018270327520681107350829003208927544406004108316657580814731408439610446247931206103379135776528301958888319104341570133836603388877129749315243137678941420864190533876794845143163812126810067678004330074912100815646975744373483116870398199544006274207705986825039341818364761988706546902387242
686 2014630394929116813425099025064484063870804484894759058205681152288200972907909603004696697138899660944486291234537623796851290640288079948256491728324737047370730611058669371047591877975393624896394719374590907870093602416464380184771410800619155815449868484677061945176588576418452374884490622311953117895810704233135206345561042731350037
687 6303664215208737444555169588088756556338312499618417162353124913176734757830064257831317008290710251572813613836823918563957921932926126043661951153530366232054873881334440816828430720175609817560921168823486545641201596989841219733410629825377247275368123301305059584822233125293283542389721385316578213456344969245711459844629478787762612
688 19723807720820807970998533090413987845514660381621806083080969784674016633124698234008080851031466109270719616281833721282823972690932329811789627063964922336614220191585187118266092661979269530933988311932736238041248922380574186753421248308670494441222491531641438108617338029151873110647885748506879933466603642552628693084313133616574312
689 61714675421528358161709120937214699671738378156649508649436363801020706719652164000892597320030622992208064845952544760226452742540723405627612656474639726429191210797376622360188273492016696056960089121538811859223182856854774433129502752998066198494438053600226238579653673313712906503616209072901470675255081898732535073746893061016487159
690 193101718303817301792060962282639040429951179891497109150968932562489064031218889121599533931802210205002812365821720168266152561432528542715664255779622107412770849154973526080102264185251797858067320284697498684803829265204156537569656971618389411600940558457145059921565501194858087697568513206644316754902529339743807143114098554304992903
691 604204321860198634647423295220803527094904276045883693156561177760279287493487448461987752356724598446169743121193424759396848224994280183135823297377402098223984097720081173210414273002523503120547416472134934875521508206962685475102371823184930878181398329263136402332614914771997335748806454493195236947262131663363846155643830979587073764
692 1890521046426782709297282833732635139673910361164533216184150658031119591802053905347740613328151153850884422367787006920821238459395876025971270561292542577372209739080472816056536834802988705006901272237836578382999829548421589454883164390151060411018042106941077906078045462791538463999205684842111889840953495324247696320735682459827492331
693 5915333104501674102055827323983141648367008312537216780715229193081888962218969865290476252698565860506462698442669698156203446155654185815471485879313804700562605618740994763349245535395206857577872129748753806778049620014660869380611342411328371758781881815357028223666272203721641570162788095732748859171873287773915492685902339477905539047
694 18508741705546822424581150191675192433679293960427995980854922111251726438795311436832759088733659764733430432330143510274460968706568125005554180054900745313545040653528291788644597255848130546938265407786033958525321942238374822141770203507612430611639740239188384382669362680723551734207754391332484754614510808956677386292442412476143671838
695 57912802790758094849269867972285510595943812036788151853212592151649215841614480600118289742509692717646522758902288066927719292229865068562374290905847535388587976032526171769253246758387804825072830547641346837798940396442081847341759062767091054976250001964554121222734594617888174895601501816546583512946538696008467296782850879481121472268
696 181205874523394627676506638181026953840345873003232103440846983891680368217622967637835898049493032253663750698451496206995856998619591433058426116438355886920414179156357917242909537297707045915993512922095675966405448931382948102512384511402014957733363083591582386516688361224824378247715320130648808489104028438400083297667839689262986273928
697 566982901525675085820227947348760847761495422530879636060609785370829068999671551228247481126911873122827160903155166113446051905298881277771004648458317018893774495399956269506605989869689466782222142504808902147486761482516895278226864173271657406393742784039836380391570117317229755848222598496191749575774742689768289197112824004264387687918
698 1774057333781250898459693594594947372916866633208773652897044968118402156792752676894305968024679784838743906086955337312133554295388839313055425903125231232398106514260997286317504216228394530680620418779403579240274226585181390329002386581366365774453105310644933407720642741214591747841429242637409319820121224162233718118194234676348324084218
699 5550924754651565433148360848617665330885110768554051308714545910000958662994624759336863434784345757304992160336497910315383523154260112596640722848032381277172211319243571842323339701719736180342501821209583788340787311562167514210540368615964627428729323279499825863275577012498617109148234864491442391609260447970268446683884087409332825956825
700 17368528651849586692964028326758271833612371383870423413808116889318363599460025100827498779086610136761902989817504169488748816867918876735230734086164154151538989546114696139586414190817304691612024386097843528450235138333808483697230123839488604376917096321409200698726184492443222298900447735379737893097804045322780266978742339265500438636729
