1 0 0 1 1
2 0 0 1 1
2 0 0 2 1
3 0 0 1 1
3 0 0 3 1
3 1 0 2 4
4 0 0 1 1
4 0 0 4 1
4 1 0 2 4
4 1 0 3 4
4 2 0 2 4
4 2 0 3 4
4 2 1 2 1
5 0 0 1 1
5 0 0 5 1
5 1 0 2 4
5 1 0 3 4
5 1 0 4 4
5 2 0 2 10
5 2 0 3 10
5 2 0 4 8
5 3 0 3 12
5 3 1 2 4
5 3 1 3 4
5 4 0 3 1
6 0 0 1 1
6 0 0 6 1
6 1 0 2 4
6 1 0 3 4
6 1 0 4 4
6 1 0 5 4
6 2 0 2 14
6 2 0 3 20
6 2 0 4 14
6 2 0 5 12
6 3 0 2 8
6 3 0 3 32
6 3 0 4 32
6 3 1 2 4
6 3 1 4 4
6 4 0 3 14
6 4 0 4 10
6 4 1 2 4
6 4 1 3 20
6 4 1 4 4
6 4 2 2 1
6 4 2 3 1
6 5 1 3 4
7 0 0 1 1
7 0 0 7 1
7 1 0 2 4
7 1 0 3 4
7 1 0 4 4
7 1 0 5 4
7 1 0 6 4
7 2 0 2 18
7 2 0 3 24
7 2 0 4 24
7 2 0 5 18
7 2 0 6 16
7 3 0 2 16
7 3 0 3 72
7 3 0 4 80
7 3 0 5 52
7 3 1 2 4
7 3 1 5 4
7 4 0 2 8
7 4 0 3 71
7 4 0 4 74
7 4 0 5 35
7 4 1 2 12
7 4 1 3 20
7 4 1 4 24
7 4 1 5 8
7 5 0 3 12
7 5 0 4 28
7 5 1 3 44
7 5 1 4 36
7 5 2 2 4
7 5 2 3 8
7 5 2 4 4
7 6 1 3 8
7 6 1 4 8
7 6 2 3 6
8 0 0 1 1
8 0 0 8 1
8 1 0 2 4
8 1 0 3 4
8 1 0 4 4
8 1 0 5 4
8 1 0 6 4
8 1 0 7 4
8 2 0 2 22
8 2 0 3 30
8 2 0 4 30
8 2 0 5 28
8 2 0 6 22
8 2 0 7 20
8 3 0 2 24
8 3 0 3 112
8 3 0 4 136
8 3 0 5 128
8 3 0 6 72
8 3 1 2 4
8 3 1 6 4
8 4 0 2 28
8 4 0 3 165
8 4 0 4 279
8 4 0 5 170
8 4 0 6 76
8 4 1 2 16
8 4 1 3 24
8 4 1 4 24
8 4 1 5 24
8 4 1 6 12
8 5 0 3 122
8 5 0 4 202
8 5 0 5 136
8 5 1 2 16
8 5 1 3 101
8 5 1 4 100
8 5 1 5 84
8 5 2 2 4
8 5 2 3 4
8 5 2 4 4
8 5 2 5 4
8 6 0 3 24
8 6 0 4 32
8 6 0 5 24
8 6 1 3 70
8 6 1 4 136
8 6 1 5 32
8 6 2 2 4
8 6 2 3 32
8 6 2 4 28
8 6 2 5 4
8 6 3 2 1
8 6 3 4 1
9 0 0 1 1
9 0 0 9 1
9 1 0 2 4
9 1 0 3 4
9 1 0 4 4
9 1 0 5 4
9 1 0 6 4
9 1 0 7 4
9 1 0 8 4
9 2 0 2 26
9 2 0 3 34
9 2 0 4 40
9 2 0 5 34
9 2 0 6 32
9 2 0 7 26
9 2 0 8 24
9 3 0 2 32
9 3 0 3 156
9 3 0 4 188
9 3 0 5 204
9 3 0 6 176
9 3 0 7 92
9 3 1 2 4
9 3 1 7 4
9 4 0 2 56
9 4 0 3 326
9 4 0 4 576
9 4 0 5 564
9 4 0 6 298
9 4 0 7 133
9 4 1 2 20
9 4 1 3 24
9 4 1 4 28
9 4 1 5 24
9 4 1 6 24
9 4 1 7 16
9 5 0 2 16
9 5 0 3 344
9 5 0 4 770
9 5 0 5 678
9 5 0 6 340
9 5 1 2 32
9 5 1 3 152
9 5 1 4 176
9 5 1 5 148
9 5 1 6 132
9 5 2 2 4
9 5 2 3 4
9 5 2 5 4
9 5 2 6 4
9 6 0 3 184
9 6 0 4 458
9 6 0 5 326
9 6 0 6 120
9 6 1 2 16
9 6 1 3 280
9 6 1 4 436
9 6 1 5 388
9 6 1 6 88
9 6 2 2 14
9 6 2 3 40
9 6 2 4 48
9 6 2 5 38
9 6 2 6 8
10 0 0 1 1
10 0 0 10 1
10 1 0 2 4
10 1 0 3 4
10 1 0 4 4
10 1 0 5 4
10 1 0 6 4
10 1 0 7 4
10 1 0 8 4
10 1 0 9 4
10 2 0 2 30
10 2 0 3 38
10 2 0 4 48
10 2 0 5 44
10 2 0 6 38
10 2 0 7 36
10 2 0 8 30
10 2 0 9 28
10 3 0 2 40
10 3 0 3 204
10 3 0 4 268
10 3 0 5 288
10 3 0 6 272
10 3 0 7 224
10 3 0 8 112
10 3 1 2 4
10 3 1 8 4
10 4 0 2 92
10 4 0 3 521
10 4 0 4 930
10 4 0 5 1054
10 4 0 6 897
10 4 0 7 458
10 4 0 8 206
10 4 1 2 24
10 4 1 3 24
10 4 1 4 28
10 4 1 5 28
10 4 1 6 24
10 4 1 7 24
10 4 1 8 20
10 5 0 2 48
10 5 0 3 774
10 5 0 4 1908
10 5 0 5 2160
10 5 0 6 1506
10 5 0 7 640
10 5 1 2 48
10 5 1 3 212
10 5 1 4 260
10 5 1 5 244
10 5 1 6 196
10 5 1 7 180
10 5 2 2 4
10 5 2 3 4
10 5 2 6 4
10 5 2 7 4
10 6 0 2 16
10 6 0 3 690
10 6 0 4 1906
10 6 0 5 2176
10 6 0 6 1116
10 6 0 7 352
10 6 1 2 60
10 6 1 3 527
10 6 1 4 915
10 6 1 5 920
10 6 1 6 684
10 6 1 7 176
10 6 2 2 18
10 6 2 3 48
10 6 2 4 40
10 6 2 5 52
10 6 2 6 42
10 6 2 7 12
11 0 0 1 1
11 0 0 11 1
11 1 0 2 4
11 1 0 3 4
11 1 0 4 4
11 1 0 5 4
11 1 0 6 4
11 1 0 7 4
11 1 0 8 4
11 1 0 9 4
11 1 0 10 4
11 2 0 2 34
11 2 0 3 42
11 2 0 4 54
11 2 0 5 54
11 2 0 6 48
11 2 0 7 42
11 2 0 8 40
11 2 0 9 34
11 2 0 10 32
11 3 0 2 48
11 3 0 3 248
11 3 0 4 356
11 3 0 5 392
11 3 0 6 384
11 3 0 7 340
11 3 0 8 272
11 3 0 9 132
11 3 1 2 4
11 3 1 9 4
11 4 0 2 136
11 4 0 3 774
11 4 0 4 1416
11 4 0 5 1751
11 4 0 6 1622
11 4 0 7 1278
11 4 0 8 650
11 4 0 9 295
11 4 1 2 28
11 4 1 3 24
11 4 1 4 28
11 4 1 5 28
11 4 1 6 28
11 4 1 7 24
11 4 1 8 24
11 4 1 9 24
11 5 0 2 96
11 5 0 3 1434
11 5 0 4 3608
11 5 0 5 4644
11 5 0 6 4236
11 5 0 7 2686
11 5 0 8 1036
11 5 1 2 64
11 5 1 3 260
11 5 1 4 344
11 5 1 5 336
11 5 1 6 300
11 5 1 7 244
11 5 1 8 228
11 5 2 2 4
11 5 2 3 4
11 5 2 7 4
11 5 2 8 4
11 6 0 2 72
11 6 0 3 1721
11 6 0 4 5440
11 6 0 5 7299
11 6 0 6 5912
11 6 0 7 2602
11 6 0 8 784
11 6 1 2 120
11 6 1 3 884
11 6 1 4 1536
11 6 1 5 1728
11 6 1 6 1512
11 6 1 7 1012
11 6 1 8 296
11 6 2 2 22
11 6 2 3 56
11 6 2 4 44
11 6 2 5 48
11 6 2 6 52
11 6 2 7 46
11 6 2 8 16
12 0 0 1 1
12 0 0 12 1
12 1 0 2 4
12 1 0 3 4
12 1 0 4 4
12 1 0 5 4
12 1 0 6 4
12 1 0 7 4
12 1 0 8 4
12 1 0 9 4
12 1 0 10 4
12 1 0 11 4
12 2 0 2 38
12 2 0 3 46
12 2 0 4 60
12 2 0 5 62
12 2 0 6 58
12 2 0 7 52
12 2 0 8 46
12 2 0 9 44
12 2 0 10 38
12 2 0 11 36
12 3 0 2 56
12 3 0 3 292
12 3 0 4 456
12 3 0 5 520
12 3 0 6 516
12 3 0 7 480
12 3 0 8 408
12 3 0 9 320
12 3 0 10 152
12 3 1 2 4
12 3 1 10 4
12 4 0 2 188
12 4 0 3 1065
12 4 0 4 2005
12 4 0 5 2635
12 4 0 6 2692
12 4 0 7 2254
12 4 0 8 1707
12 4 0 9 874
12 4 0 10 400
12 4 1 2 32
12 4 1 3 24
12 4 1 4 28
12 4 1 5 28
12 4 1 6 28
12 4 1 7 28
12 4 1 8 24
12 4 1 9 24
12 4 1 10 28
12 5 0 2 160
12 5 0 3 2350
12 5 0 4 6096
12 5 0 5 8552
12 5 0 6 8628
12 5 0 7 7016
12 5 0 8 4218
12 5 0 9 1528
12 5 1 2 80
12 5 1 3 308
12 5 1 4 424
12 5 1 5 444
12 5 1 6 392
12 5 1 7 356
12 5 1 8 292
12 5 1 9 276
12 5 2 2 4
12 5 2 3 4
12 5 2 8 4
12 5 2 9 4
12 6 0 2 184
12 6 0 3 3614
12 6 0 4 11808
12 6 0 5 17814
12 6 0 6 17576
12 6 0 7 12192
12 6 0 8 4976
12 6 0 9 1480
12 6 1 2 196
12 6 1 3 1292
12 6 1 4 2321
12 6 1 5 2746
12 6 1 6 2672
12 6 1 7 2136
12 6 1 8 1372
12 6 1 9 448
12 6 2 2 26
12 6 2 3 60
12 6 2 4 48
12 6 2 5 52
12 6 2 6 48
12 6 2 7 52
12 6 2 8 50
12 6 2 9 20
13 0 0 1 1
13 0 0 13 1
13 1 0 2 4
13 1 0 3 4
13 1 0 4 4
13 1 0 5 4
13 1 0 6 4
13 1 0 7 4
13 1 0 8 4
13 1 0 9 4
13 1 0 10 4
13 1 0 11 4
13 1 0 12 4
13 2 0 2 42
13 2 0 3 50
13 2 0 4 66
13 2 0 5 68
13 2 0 6 68
13 2 0 7 62
13 2 0 8 56
13 2 0 9 50
13 2 0 10 48
13 2 0 11 42
13 2 0 12 40
13 3 0 2 64
13 3 0 3 336
13 3 0 4 548
13 3 0 5 652
13 3 0 6 668
13 3 0 7 640
13 3 0 8 576
13 3 0 9 476
13 3 0 10 368
13 3 0 11 172
13 3 1 2 4
13 3 1 11 4
13 4 0 2 248
13 4 0 3 1386
13 4 0 4 2732
13 4 0 5 3795
13 4 0 6 4056
13 4 0 7 3711
13 4 0 8 2950
13 4 0 9 2184
13 4 0 10 1130
13 4 0 11 521
13 4 1 2 36
13 4 1 3 24
13 4 1 4 28
13 4 1 5 28
13 4 1 6 28
13 4 1 7 28
13 4 1 8 28
13 4 1 9 24
13 4 1 10 24
13 4 1 11 32
13 5 0 2 240
13 5 0 3 3558
13 5 0 4 9478
13 5 0 5 14186
13 5 0 6 15668
13 5 0 7 13864
13 5 0 8 10500
13 5 0 9 6102
13 5 0 10 2116
13 5 1 2 96
13 5 1 3 356
13 5 1 4 492
13 5 1 5 540
13 5 1 6 504
13 5 1 7 448
13 5 1 8 412
13 5 1 9 340
13 5 1 10 324
13 5 2 2 4
13 5 2 3 4
13 5 2 9 4
13 5 2 10 4
13 6 0 2 368
13 6 0 3 6584
13 6 0 4 22134
13 6 0 5 36188
13 6 0 6 39926
13 6 0 7 33642
13 6 0 8 21400
13 6 0 9 8430
13 6 0 10 2504
13 6 1 2 288
13 6 1 3 1720
13 6 1 4 3252
13 6 1 5 4052
13 6 1 6 4080
13 6 1 7 3636
13 6 1 8 2792
13 6 1 9 1764
13 6 1 10 632
13 6 2 2 30
13 6 2 3 64
13 6 2 4 48
13 6 2 5 56
13 6 2 6 52
13 6 2 7 48
13 6 2 8 52
13 6 2 9 54
13 6 2 10 24
14 0 0 1 1
14 0 0 14 1
14 1 0 2 4
14 1 0 3 4
14 1 0 4 4
14 1 0 5 4
14 1 0 6 4
14 1 0 7 4
14 1 0 8 4
14 1 0 9 4
14 1 0 10 4
14 1 0 11 4
14 1 0 12 4
14 1 0 13 4
14 2 0 2 46
14 2 0 3 54
14 2 0 4 72
14 2 0 5 74
14 2 0 6 76
14 2 0 7 72
14 2 0 8 66
14 2 0 9 60
14 2 0 10 54
14 2 0 11 52
14 2 0 12 46
14 2 0 13 44
14 3 0 2 72
14 3 0 3 380
14 3 0 4 656
14 3 0 5 796
14 3 0 6 840
14 3 0 7 820
14 3 0 8 764
14 3 0 9 672
14 3 0 10 544
14 3 0 11 416
14 3 0 12 192
14 3 1 2 4
14 3 1 12 4
14 4 0 2 316
14 4 0 3 1739
14 4 0 4 3540
14 4 0 5 5109
14 4 0 6 5747
14 4 0 7 5592
14 4 0 8 4810
14 4 0 9 3710
14 4 0 10 2709
14 4 0 11 1418
14 4 0 12 658
14 4 1 2 40
14 4 1 3 24
14 4 1 4 28
14 4 1 5 28
14 4 1 6 28
14 4 1 7 28
14 4 1 8 28
14 4 1 9 28
14 4 1 10 24
14 4 1 11 24
14 4 1 12 36
14 5 0 2 336
14 5 0 3 5030
14 5 0 4 13804
14 5 0 5 22092
14 5 0 6 25940
14 5 0 7 24652
14 5 0 8 20316
14 5 0 9 14688
14 5 0 10 8338
14 5 0 11 2800
14 5 1 2 112
14 5 1 3 404
14 5 1 4 560
14 5 1 5 632
14 5 1 6 612
14 5 1 7 560
14 5 1 8 504
14 5 1 9 468
14 5 1 10 388
14 5 1 11 372
14 5 2 2 4
14 5 2 3 4
14 5 2 10 4
14 5 2 11 4
14 6 0 2 640
14 6 0 3 10946
14 6 0 4 37732
14 6 0 5 65654
14 6 0 6 78912
14 6 0 7 73844
14 6 0 8 56252
14 6 0 9 33920
14 6 0 10 13156
14 6 0 11 3920
14 6 1 2 396
14 6 1 3 2180
14 6 1 4 4267
14 6 1 5 5575
14 6 1 6 5804
14 6 1 7 5456
14 6 1 8 4632
14 6 1 9 3480
14 6 1 10 2188
14 6 1 11 848
14 6 2 2 34
14 6 2 3 68
14 6 2 4 48
14 6 2 5 56
14 6 2 6 56
14 6 2 7 52
14 6 2 8 48
14 6 2 9 52
14 6 2 10 58
14 6 2 11 28
15 0 0 1 1
15 0 0 15 1
15 1 0 2 4
15 1 0 3 4
15 1 0 4 4
15 1 0 5 4
15 1 0 6 4
15 1 0 7 4
15 1 0 8 4
15 1 0 9 4
15 1 0 10 4
15 1 0 11 4
15 1 0 12 4
15 1 0 13 4
15 1 0 14 4
15 2 0 2 50
15 2 0 3 58
15 2 0 4 78
15 2 0 5 80
15 2 0 6 82
15 2 0 7 82
15 2 0 8 76
15 2 0 9 70
15 2 0 10 64
15 2 0 11 58
15 2 0 12 56
15 2 0 13 50
15 2 0 14 48
15 3 0 2 80
15 3 0 3 424
15 3 0 4 756
15 3 0 5 936
15 3 0 6 1016
15 3 0 7 1016
15 3 0 8 972
15 3 0 9 888
15 3 0 10 768
15 3 0 11 612
15 3 0 12 464
15 3 0 13 212
15 3 1 2 4
15 3 1 13 4
15 4 0 2 392
15 4 0 3 2124
15 4 0 4 4492
15 4 0 5 6666
15 4 0 6 7772
15 4 0 7 7910
15 4 0 8 7224
15 4 0 9 5989
15 4 0 10 4534
15 4 0 11 3282
15 4 0 12 1738
15 4 0 13 811
15 4 1 2 44
15 4 1 3 24
15 4 1 4 28
15 4 1 5 28
15 4 1 6 28
15 4 1 7 28
15 4 1 8 28
15 4 1 9 28
15 4 1 10 28
15 4 1 11 24
15 4 1 12 24
15 4 1 13 40
15 5 0 2 448
15 5 0 3 6766
15 5 0 4 19116
15 5 0 5 32232
15 5 0 6 39928
15 5 0 7 40520
15 5 0 8 35532
15 5 0 9 27984
15 5 0 10 19580
15 5 0 11 10926
15 5 0 12 3580
15 5 1 2 128
15 5 1 3 452
15 5 1 4 624
15 5 1 5 712
15 5 1 6 712
15 5 1 7 672
15 5 1 8 616
15 5 1 9 560
15 5 1 10 524
15 5 1 11 436
15 5 1 12 420
15 5 2 2 4
15 5 2 3 4
15 5 2 11 4
15 5 2 12 4
15 6 0 2 1016
15 6 0 3 16900
15 6 0 4 59598
15 6 0 5 109856
15 6 0 6 141864
15 6 0 7 142554
15 6 0 8 120428
15 6 0 9 86046
15 6 0 10 50136
15 6 0 11 19346
15 6 0 12 5792
15 6 1 2 520
15 6 1 3 2672
15 6 1 4 5360
15 6 1 5 7240
15 6 1 6 7792
15 6 1 7 7584
15 6 1 8 6864
15 6 1 9 5660
15 6 1 10 4200
15 6 1 11 2644
15 6 1 12 1096
15 6 2 2 38
15 6 2 3 72
15 6 2 4 48
15 6 2 5 56
15 6 2 6 56
15 6 2 7 56
15 6 2 8 52
15 6 2 9 48
15 6 2 10 52
15 6 2 11 62
15 6 2 12 32
16 0 0 1 1
16 0 0 16 1
16 1 0 2 4
16 1 0 3 4
16 1 0 4 4
16 1 0 5 4
16 1 0 6 4
16 1 0 7 4
16 1 0 8 4
16 1 0 9 4
16 1 0 10 4
16 1 0 11 4
16 1 0 12 4
16 1 0 13 4
16 1 0 14 4
16 1 0 15 4
16 2 0 2 54
16 2 0 3 62
16 2 0 4 84
16 2 0 5 86
16 2 0 6 88
16 2 0 7 90
16 2 0 8 86
16 2 0 9 80
16 2 0 10 74
16 2 0 11 68
16 2 0 12 62
16 2 0 13 60
16 2 0 14 54
16 2 0 15 52
16 3 0 2 88
16 3 0 3 468
16 3 0 4 872
16 3 0 5 1088
16 3 0 6 1208
16 3 0 7 1232
16 3 0 8 1196
16 3 0 9 1124
16 3 0 10 1012
16 3 0 11 864
16 3 0 12 680
16 3 0 13 512
16 3 0 14 232
16 3 1 2 4
16 3 1 14 4
16 4 0 2 476
16 4 0 3 2541
16 4 0 4 5525
16 4 0 5 8399
16 4 0 6 10082
16 4 0 7 10623
16 4 0 8 10197
16 4 0 9 8952
16 4 0 10 7248
16 4 0 11 5422
16 4 0 12 3903
16 4 0 13 2090
16 4 0 14 980
16 4 1 2 48
16 4 1 3 24
16 4 1 4 28
16 4 1 5 28
16 4 1 6 28
16 4 1 7 28
16 4 1 8 28
16 4 1 9 28
16 4 1 10 28
16 4 1 11 28
16 4 1 12 24
16 4 1 13 24
16 4 1 14 44
16 5 0 2 576
16 5 0 3 8758
16 5 0 4 25568
16 5 0 5 44888
16 5 0 6 58068
16 5 0 7 62084
16 5 0 8 57852
16 5 0 9 48300
16 5 0 10 36868
16 5 0 11 25176
16 5 0 12 13866
16 5 0 13 4456
16 5 1 2 144
16 5 1 3 500
16 5 1 4 692
16 5 1 5 788
16 5 1 6 804
16 5 1 7 784
16 5 1 8 728
16 5 1 9 672
16 5 1 10 616
16 5 1 11 580
16 5 1 12 484
16 5 1 13 468
16 5 2 2 4
16 5 2 3 4
16 5 2 12 4
16 5 2 13 4
16 6 0 2 1512
16 6 0 3 24630
16 6 0 4 88614
16 6 0 5 172112
16 6 0 6 235270
16 6 0 7 252952
16 6 0 8 228470
16 6 0 9 180652
16 6 0 10 123664
16 6 0 11 70432
16 6 0 12 27192
16 6 0 13 8184
16 6 1 2 660
16 6 1 3 3196
16 6 1 4 6507
16 6 1 5 9077
16 6 1 6 10021
16 6 1 7 10002
16 6 1 8 9406
16 6 1 9 8304
16 6 1 10 6720
16 6 1 11 4952
16 6 1 12 3132
16 6 1 13 1376
16 6 2 2 42
16 6 2 3 76
16 6 2 4 48
16 6 2 5 56
16 6 2 6 56
16 6 2 7 56
16 6 2 8 56
16 6 2 9 52
16 6 2 10 48
16 6 2 11 52
16 6 2 12 66
16 6 2 13 36
17 0 0 1 1
17 0 0 17 1
17 1 0 2 4
17 1 0 3 4
17 1 0 4 4
17 1 0 5 4
17 1 0 6 4
17 1 0 7 4
17 1 0 8 4
17 1 0 9 4
17 1 0 10 4
17 1 0 11 4
17 1 0 12 4
17 1 0 13 4
17 1 0 14 4
17 1 0 15 4
17 1 0 16 4
17 2 0 2 58
17 2 0 3 66
17 2 0 4 90
17 2 0 5 92
17 2 0 6 94
17 2 0 7 96
17 2 0 8 96
17 2 0 9 90
17 2 0 10 84
17 2 0 11 78
17 2 0 12 72
17 2 0 13 66
17 2 0 14 64
17 2 0 15 58
17 2 0 16 56
17 3 0 2 96
17 3 0 3 512
17 3 0 4 980
17 3 0 5 1236
17 3 0 6 1392
17 3 0 7 1456
17 3 0 8 1436
17 3 0 9 1376
17 3 0 10 1276
17 3 0 11 1136
17 3 0 12 960
17 3 0 13 748
17 3 0 14 560
17 3 0 15 252
17 3 1 2 4
17 3 1 15 4
17 4 0 2 568
17 4 0 3 2990
17 4 0 4 6692
17 4 0 5 10383
17 4 0 6 12700
17 4 0 7 13826
17 4 0 8 13674
17 4 0 9 12596
17 4 0 10 10776
17 4 0 11 8587
17 4 0 12 6374
17 4 0 13 4572
17 4 0 14 2474
17 4 0 15 1165
17 4 1 2 52
17 4 1 3 24
17 4 1 4 28
17 4 1 5 28
17 4 1 6 28
17 4 1 7 28
17 4 1 8 28
17 4 1 9 28
17 4 1 10 28
17 4 1 11 28
17 4 1 12 28
17 4 1 13 24
17 4 1 14 24
17 4 1 15 48
17 5 0 2 720
17 5 0 3 11006
17 5 0 4 33218
17 5 0 5 60222
17 5 0 6 80826
17 5 0 7 89886
17 5 0 8 88224
17 5 0 9 77904
17 5 0 10 62956
17 5 0 11 46968
17 5 0 12 31476
17 5 0 13 17158
17 5 0 14 5428
17 5 1 2 160
17 5 1 3 548
17 5 1 4 756
17 5 1 5 864
17 5 1 6 884
17 5 1 7 884
17 5 1 8 844
17 5 1 9 784
17 5 1 10 728
17 5 1 11 672
17 5 1 12 636
17 5 1 13 532
17 5 1 14 516
17 5 2 2 4
17 5 2 3 4
17 5 2 13 4
17 5 2 14 4
17 6 0 2 2144
17 6 0 3 34316
17 6 0 4 126044
17 6 0 5 255596
17 6 0 6 366518
17 6 0 7 416246
17 6 0 8 400364
17 6 0 9 338176
17 6 0 10 255476
17 6 0 11 169746
17 6 0 12 95192
17 6 0 13 36886
17 6 0 14 11160
17 6 1 2 816
17 6 1 3 3752
17 6 1 4 7728
17 6 1 5 10996
17 6 1 6 12368
17 6 1 7 12716
17 6 1 8 12236
17 6 1 9 11260
17 6 1 10 9776
17 6 1 11 7812
17 6 1 12 5736
17 6 1 13 3652
17 6 1 14 1688
17 6 2 2 46
17 6 2 3 80
17 6 2 4 48
17 6 2 5 56
17 6 2 6 56
17 6 2 7 56
17 6 2 8 56
17 6 2 9 56
17 6 2 10 52
17 6 2 11 48
17 6 2 12 52
17 6 2 13 70
17 6 2 14 40
18 0 0 1 1
18 0 0 18 1
18 1 0 2 4
18 1 0 3 4
18 1 0 4 4
18 1 0 5 4
18 1 0 6 4
18 1 0 7 4
18 1 0 8 4
18 1 0 9 4
18 1 0 10 4
18 1 0 11 4
18 1 0 12 4
18 1 0 13 4
18 1 0 14 4
18 1 0 15 4
18 1 0 16 4
18 1 0 17 4
18 2 0 2 62
18 2 0 3 70
18 2 0 4 96
18 2 0 5 98
18 2 0 6 100
18 2 0 7 102
18 2 0 8 104
18 2 0 9 100
18 2 0 10 94
18 2 0 11 88
18 2 0 12 82
18 2 0 13 76
18 2 0 14 70
18 2 0 15 68
18 2 0 16 62
18 2 0 17 60
18 3 0 2 104
18 3 0 3 556
18 3 0 4 1104
18 3 0 5 1396
18 3 0 6 1592
18 3 0 7 1692
18 3 0 8 1700
18 3 0 9 1644
18 3 0 10 1556
18 3 0 11 1428
18 3 0 12 1260
18 3 0 13 1056
18 3 0 14 816
18 3 0 15 608
18 3 0 16 272
18 3 1 2 4
18 3 1 16 4
18 4 0 2 668
18 4 0 3 3471
18 4 0 4 7940
18 4 0 5 12537
18 4 0 6 15639
18 4 0 7 17381
18 4 0 8 17720
18 4 0 9 16866
18 4 0 10 15107
18 4 0 11 12696
18 4 0 12 10006
18 4 0 13 7390
18 4 0 14 5289
18 4 0 15 2890
18 4 0 16 1366
18 4 1 2 56
18 4 1 3 24
18 4 1 4 28
18 4 1 5 28
18 4 1 6 28
18 4 1 7 28
18 4 1 8 28
18 4 1 9 28
18 4 1 10 28
18 4 1 11 28
18 4 1 12 28
18 4 1 13 28
18 4 1 14 24
18 4 1 15 24
18 4 1 16 52
18 5 0 2 880
18 5 0 3 13510
18 5 0 4 42120
18 5 0 5 78552
18 5 0 6 108360
18 5 0 7 124980
18 5 0 8 127356
18 5 0 9 118080
18 5 0 10 100676
18 5 0 11 79500
18 5 0 12 58284
18 5 0 13 38480
18 5 0 14 20802
18 5 0 15 6496
18 5 1 2 176
18 5 1 3 596
18 5 1 4 824
18 5 1 5 940
18 5 1 6 960
18 5 1 7 976
18 5 1 8 956
18 5 1 9 900
18 5 1 10 840
18 5 1 11 784
18 5 1 12 728
18 5 1 13 692
18 5 1 14 580
18 5 1 15 564
18 5 2 2 4
18 5 2 3 4
18 5 2 14 4
18 5 2 15 4
18 6 0 2 2928
18 6 0 3 46096
18 6 0 4 173088
18 6 0 5 364306
18 6 0 6 543178
18 6 0 7 645084
18 6 0 8 654438
18 6 0 9 586256
18 6 0 10 472994
18 6 0 11 345860
18 6 0 12 224932
18 6 0 13 124800
18 6 0 14 48620
18 6 0 15 14784
18 6 1 2 988
18 6 1 3 4340
18 6 1 4 9003
18 6 1 5 13041
18 6 1 6 14915
18 6 1 7 15651
18 6 1 8 15380
18 6 1 9 14512
18 6 1 10 13146
18 6 1 11 11280
18 6 1 12 8936
18 6 1 13 6552
18 6 1 14 4204
18 6 1 15 2032
18 6 2 2 50
18 6 2 3 84
18 6 2 4 48
18 6 2 5 56
18 6 2 6 56
18 6 2 7 56
18 6 2 8 56
18 6 2 9 56
18 6 2 10 56
18 6 2 11 52
18 6 2 12 48
18 6 2 13 52
18 6 2 14 74
18 6 2 15 44
19 0 0 1 1
19 0 0 19 1
19 1 0 2 4
19 1 0 3 4
19 1 0 4 4
19 1 0 5 4
19 1 0 6 4
19 1 0 7 4
19 1 0 8 4
19 1 0 9 4
19 1 0 10 4
19 1 0 11 4
19 1 0 12 4
19 1 0 13 4
19 1 0 14 4
19 1 0 15 4
19 1 0 16 4
19 1 0 17 4
19 1 0 18 4
19 2 0 2 66
19 2 0 3 74
19 2 0 4 102
19 2 0 5 104
19 2 0 6 106
19 2 0 7 108
19 2 0 8 110
19 2 0 9 110
19 2 0 10 104
19 2 0 11 98
19 2 0 12 92
19 2 0 13 86
19 2 0 14 80
19 2 0 15 74
19 2 0 16 72
19 2 0 17 66
19 2 0 18 64
19 3 0 2 112
19 3 0 3 600
19 3 0 4 1220
19 3 0 5 1552
19 3 0 6 1784
19 3 0 7 1924
19 3 0 8 1968
19 3 0 9 1932
19 3 0 10 1852
19 3 0 11 1736
19 3 0 12 1580
19 3 0 13 1384
19 3 0 14 1152
19 3 0 15 884
19 3 0 16 656
19 3 0 17 292
19 3 1 2 4
19 3 1 17 4
19 4 0 2 776
19 4 0 3 3984
19 4 0 4 9322
19 4 0 5 14920
19 4 0 6 18880
19 4 0 7 21391
19 4 0 8 22324
19 4 0 9 21823
19 4 0 10 20186
19 4 0 11 17730
19 4 0 12 14712
19 4 0 13 11505
19 4 0 14 8470
19 4 0 15 6054
19 4 0 16 3338
19 4 0 17 1583
19 4 1 2 60
19 4 1 3 24
19 4 1 4 28
19 4 1 5 28
19 4 1 6 28
19 4 1 7 28
19 4 1 8 28
19 4 1 9 28
19 4 1 10 28
19 4 1 11 28
19 4 1 12 28
19 4 1 13 28
19 4 1 14 28
19 4 1 15 24
19 4 1 16 24
19 4 1 17 56
19 5 0 2 1056
19 5 0 3 16270
19 5 0 4 52332
19 5 0 5 100020
19 5 0 6 141240
19 5 0 7 167756
19 5 0 8 176540
19 5 0 9 169964
19 5 0 10 151648
19 5 0 11 126168
19 5 0 12 97932
19 5 0 13 70816
19 5 0 14 46188
19 5 0 15 24798
19 5 0 16 7660
19 5 1 2 192
19 5 1 3 644
19 5 1 4 888
19 5 1 5 1016
19 5 1 6 1036
19 5 1 7 1056
19 5 1 8 1056
19 5 1 9 1016
19 5 1 10 956
19 5 1 11 896
19 5 1 12 840
19 5 1 13 784
19 5 1 14 748
19 5 1 15 628
19 5 1 16 612
19 5 2 2 4
19 5 2 3 4
19 5 2 15 4
19 5 2 16 4
19 6 0 2 3880
19 6 0 3 60130
19 6 0 4 230900
19 6 0 5 501830
19 6 0 6 773588
19 6 0 7 953268
19 6 0 8 1010280
19 6 0 9 951184
19 6 0 10 812404
19 6 0 11 634268
19 6 0 12 452764
19 6 0 13 289862
19 6 0 14 159640
19 6 0 15 62586
19 6 0 16 19120
19 6 1 2 1176
19 6 1 3 4960
19 6 1 4 10352
19 6 1 5 15164
19 6 1 6 17508
19 6 1 7 18728
19 6 1 8 18808
19 6 1 9 18068
19 6 1 10 16820
19 6 1 11 15064
19 6 1 12 12816
19 6 1 13 10092
19 6 1 14 7400
19 6 1 15 4788
19 6 1 16 2408
19 6 2 2 54
19 6 2 3 88
19 6 2 4 48
19 6 2 5 56
19 6 2 6 56
19 6 2 7 56
19 6 2 8 56
19 6 2 9 56
19 6 2 10 56
19 6 2 11 56
19 6 2 12 52
19 6 2 13 48
19 6 2 14 52
19 6 2 15 78
19 6 2 16 48
20 0 0 1 1
20 0 0 20 1
20 1 0 2 4
20 1 0 3 4
20 1 0 4 4
20 1 0 5 4
20 1 0 6 4
20 1 0 7 4
20 1 0 8 4
20 1 0 9 4
20 1 0 10 4
20 1 0 11 4
20 1 0 12 4
20 1 0 13 4
20 1 0 14 4
20 1 0 15 4
20 1 0 16 4
20 1 0 17 4
20 1 0 18 4
20 1 0 19 4
20 2 0 2 70
20 2 0 3 78
20 2 0 4 108
20 2 0 5 110
20 2 0 6 112
20 2 0 7 114
20 2 0 8 116
20 2 0 9 118
20 2 0 10 114
20 2 0 11 108
20 2 0 12 102
20 2 0 13 96
20 2 0 14 90
20 2 0 15 84
20 2 0 16 78
20 2 0 17 76
20 2 0 18 70
20 2 0 19 68
20 3 0 2 120
20 3 0 3 644
20 3 0 4 1352
20 3 0 5 1720
20 3 0 6 1992
20 3 0 7 2168
20 3 0 8 2252
20 3 0 9 2240
20 3 0 10 2168
20 3 0 11 2060
20 3 0 12 1916
20 3 0 13 1732
20 3 0 14 1508
20 3 0 15 1248
20 3 0 16 952
20 3 0 17 704
20 3 0 18 312
20 3 1 2 4
20 3 1 18 4
20 4 0 2 892
20 4 0 3 4529
20 4 0 4 10789
20 4 0 5 17471
20 4 0 6 22442
20 4 0 7 25787
20 4 0 8 27445
20 4 0 9 27415
20 4 0 10 26084
20 4 0 11 23634
20 4 0 12 20465
20 4 0 13 16824
20 4 0 14 13084
20 4 0 15 9614
20 4 0 16 6867
20 4 0 17 3818
20 4 0 18 1816
20 4 1 2 64
20 4 1 3 24
20 4 1 4 28
20 4 1 5 28
20 4 1 6 28
20 4 1 7 28
20 4 1 8 28
20 4 1 9 28
20 4 1 10 28
20 4 1 11 28
20 4 1 12 28
20 4 1 13 28
20 4 1 14 28
20 4 1 15 28
20 4 1 16 24
20 4 1 17 24
20 4 1 18 60
20 5 0 2 1248
20 5 0 3 19286
20 5 0 4 63904
20 5 0 5 124780
20 5 0 6 179656
20 5 0 7 218744
20 5 0 8 236760
20 5 0 9 235044
20 5 0 10 217440
20 5 0 11 188928
20 5 0 12 154380
20 5 0 13 118252
20 5 0 14 84564
20 5 0 15 54600
20 5 0 16 29146
20 5 0 17 8920
20 5 1 2 208
20 5 1 3 692
20 5 1 4 956
20 5 1 5 1092
20 5 1 6 1112
20 5 1 7 1132
20 5 1 8 1148
20 5 1 9 1128
20 5 1 10 1072
20 5 1 11 1012
20 5 1 12 952
20 5 1 13 896
20 5 1 14 840
20 5 1 15 804
20 5 1 16 676
20 5 1 17 660
20 5 2 2 4
20 5 2 3 4
20 5 2 16 4
20 5 2 17 4
20 6 0 2 5016
20 6 0 3 76578
20 6 0 4 300622
20 6 0 5 672334
20 6 0 6 1065498
20 6 0 7 1356124
20 6 0 8 1488896
20 6 0 9 1462344
20 6 0 10 1308914
20 6 0 11 1080600
20 6 0 12 823342
20 6 0 13 577148
20 6 0 14 365176
20 6 0 15 200096
20 6 0 16 78976
20 6 0 17 24232
20 6 1 2 1380
20 6 1 3 5612
20 6 1 4 11755
20 6 1 5 17413
20 6 1 6 20263
20 6 1 7 21957
20 6 1 8 22489
20 6 1 9 21926
20 6 1 10 20798
20 6 1 11 19160
20 6 1 12 17014
20 6 1 13 14384
20 6 1 14 11280
20 6 1 15 8280
20 6 1 16 5404
20 6 1 17 2816
20 6 2 2 58
20 6 2 3 92
20 6 2 4 48
20 6 2 5 56
20 6 2 6 56
20 6 2 7 56
20 6 2 8 56
20 6 2 9 56
20 6 2 10 56
20 6 2 11 56
20 6 2 12 56
20 6 2 13 52
20 6 2 14 48
20 6 2 15 52
20 6 2 16 82
20 6 2 17 52
21 0 0 1 1
21 0 0 21 1
21 1 0 2 4
21 1 0 3 4
21 1 0 4 4
21 1 0 5 4
21 1 0 6 4
21 1 0 7 4
21 1 0 8 4
21 1 0 9 4
21 1 0 10 4
21 1 0 11 4
21 1 0 12 4
21 1 0 13 4
21 1 0 14 4
21 1 0 15 4
21 1 0 16 4
21 1 0 17 4
21 1 0 18 4
21 1 0 19 4
21 1 0 20 4
21 2 0 2 74
21 2 0 3 82
21 2 0 4 114
21 2 0 5 116
21 2 0 6 118
21 2 0 7 120
21 2 0 8 122
21 2 0 9 124
21 2 0 10 124
21 2 0 11 118
21 2 0 12 112
21 2 0 13 106
21 2 0 14 100
21 2 0 15 94
21 2 0 16 88
21 2 0 17 82
21 2 0 18 80
21 2 0 19 74
21 2 0 20 72
21 3 0 2 128
21 3 0 3 688
21 3 0 4 1476
21 3 0 5 1884
21 3 0 6 2192
21 3 0 7 2408
21 3 0 8 2528
21 3 0 9 2556
21 3 0 10 2500
21 3 0 11 2404
21 3 0 12 2268
21 3 0 13 2096
21 3 0 14 1884
21 3 0 15 1632
21 3 0 16 1344
21 3 0 17 1020
21 3 0 18 752
21 3 0 19 332
21 3 1 2 4
21 3 1 19 4
21 4 0 2 1016
21 4 0 3 5106
21 4 0 4 12390
21 4 0 5 20243
21 4 0 6 26278
21 4 0 7 30626
21 4 0 8 33064
21 4 0 9 33751
21 4 0 10 32724
21 4 0 11 30489
21 4 0 12 27210
21 4 0 13 23312
21 4 0 14 19032
21 4 0 15 14743
21 4 0 16 10822
21 4 0 17 7728
21 4 0 18 4330
21 4 0 19 2065
21 4 1 2 68
21 4 1 3 24
21 4 1 4 28
21 4 1 5 28
21 4 1 6 28
21 4 1 7 28
21 4 1 8 28
21 4 1 9 28
21 4 1 10 28
21 4 1 11 28
21 4 1 12 28
21 4 1 13 28
21 4 1 14 28
21 4 1 15 28
21 4 1 16 28
21 4 1 17 24
21 4 1 18 24
21 4 1 19 64
21 5 0 2 1456
21 5 0 3 22558
21 5 0 4 76910
21 5 0 5 153010
21 5 0 6 224066
21 5 0 7 278518
21 5 0 8 308830
21 5 0 9 314558
21 5 0 10 300044
21 5 0 11 269780
21 5 0 12 229920
21 5 0 13 185312
21 5 0 14 140460
21 5 0 15 99528
21 5 0 16 63716
21 5 0 17 33846
21 5 0 18 10276
21 5 1 2 224
21 5 1 3 740
21 5 1 4 1020
21 5 1 5 1168
21 5 1 6 1188
21 5 1 7 1208
21 5 1 8 1228
21 5 1 9 1228
21 5 1 10 1188
21 5 1 11 1128
21 5 1 12 1068
21 5 1 13 1008
21 5 1 14 952
21 5 1 15 896
21 5 1 16 860
21 5 1 17 724
21 5 1 18 708
21 5 2 2 4
21 5 2 3 4
21 5 2 17 4
21 5 2 18 4
21 6 0 2 6352
21 6 0 3 95600
21 6 0 4 383474
21 6 0 5 879190
21 6 0 6 1427960
21 6 0 7 1867746
21 6 0 8 2114956
21 6 0 9 2149490
21 6 0 10 2002696
21 6 0 11 1729940
21 6 0 12 1392636
21 6 0 13 1041560
21 6 0 14 719972
21 6 0 15 451514
21 6 0 16 246552
21 6 0 17 97982
21 6 0 18 30184
21 6 1 2 1600
21 6 1 3 6296
21 6 1 4 13232
21 6 1 5 19736
21 6 1 6 23064
21 6 1 7 25272
21 6 1 8 26256
21 6 1 9 26108
21 6 1 10 25068
21 6 1 11 23560
21 6 1 12 21532
21 6 1 13 18996
21 6 1 14 15984
21 6 1 15 12500
21 6 1 16 9192
21 6 1 17 6052
21 6 1 18 3256
21 6 2 2 62
21 6 2 3 96
21 6 2 4 48
21 6 2 5 56
21 6 2 6 56
21 6 2 7 56
21 6 2 8 56
21 6 2 9 56
21 6 2 10 56
21 6 2 11 56
21 6 2 12 56
21 6 2 13 56
21 6 2 14 52
21 6 2 15 48
21 6 2 16 52
21 6 2 17 86
21 6 2 18 56
22 0 0 1 1
22 0 0 22 1
22 1 0 2 4
22 1 0 3 4
22 1 0 4 4
22 1 0 5 4
22 1 0 6 4
22 1 0 7 4
22 1 0 8 4
22 1 0 9 4
22 1 0 10 4
22 1 0 11 4
22 1 0 12 4
22 1 0 13 4
22 1 0 14 4
22 1 0 15 4
22 1 0 16 4
22 1 0 17 4
22 1 0 18 4
22 1 0 19 4
22 1 0 20 4
22 1 0 21 4
22 2 0 2 78
22 2 0 3 86
22 2 0 4 120
22 2 0 5 122
22 2 0 6 124
22 2 0 7 126
22 2 0 8 128
22 2 0 9 130
22 2 0 10 132
22 2 0 11 128
22 2 0 12 122
22 2 0 13 116
22 2 0 14 110
22 2 0 15 104
22 2 0 16 98
22 2 0 17 92
22 2 0 18 86
22 2 0 19 84
22 2 0 20 78
22 2 0 21 76
22 3 0 2 136
22 3 0 3 732
22 3 0 4 1616
22 3 0 5 2060
22 3 0 6 2408
22 3 0 7 2660
22 3 0 8 2820
22 3 0 9 2884
22 3 0 10 2856
22 3 0 11 2764
22 3 0 12 2640
22 3 0 13 2476
22 3 0 14 2276
22 3 0 15 2036
22 3 0 16 1756
22 3 0 17 1440
22 3 0 18 1088
22 3 0 19 800
22 3 0 20 352
22 3 1 2 4
22 3 1 20 4
22 4 0 2 1148
22 4 0 3 5715
22 4 0 4 14080
22 4 0 5 23191
22 4 0 6 30429
22 4 0 7 35857
22 4 0 8 39236
22 4 0 9 40645
22 4 0 10 40203
22 4 0 11 38208
22 4 0 12 35038
22 4 0 13 30914
22 4 0 14 26271
22 4 0 15 21336
22 4 0 16 16482
22 4 0 17 12094
22 4 0 18 8637
22 4 0 19 4874
22 4 0 20 2330
22 4 1 2 72
22 4 1 3 24
22 4 1 4 28
22 4 1 5 28
22 4 1 6 28
22 4 1 7 28
22 4 1 8 28
22 4 1 9 28
22 4 1 10 28
22 4 1 11 28
22 4 1 12 28
22 4 1 13 28
22 4 1 14 28
22 4 1 15 28
22 4 1 16 28
22 4 1 17 28
22 4 1 18 24
22 4 1 19 24
22 4 1 20 68
22 5 0 2 1680
22 5 0 3 26086
22 5 0 4 91384
22 5 0 5 184792
22 5 0 6 274652
22 5 0 7 347508
22 5 0 8 393264
22 5 0 9 409964
22 5 0 10 400812
22 5 0 11 371224
22 5 0 12 326984
22 5 0 13 274624
22 5 0 14 218964
22 5 0 15 164556
22 5 0 16 115708
22 5 0 17 73536
22 5 0 18 38898
22 5 0 19 11728
22 5 1 2 240
22 5 1 3 788
22 5 1 4 1088
22 5 1 5 1244
22 5 1 6 1264
22 5 1 7 1284
22 5 1 8 1304
22 5 1 9 1320
22 5 1 10 1300
22 5 1 11 1244
22 5 1 12 1184
22 5 1 13 1124
22 5 1 14 1064
22 5 1 15 1008
22 5 1 16 952
22 5 1 17 916
22 5 1 18 772
22 5 1 19 756
22 5 2 2 4
22 5 2 3 4
22 5 2 18 4
22 5 2 19 4
22 6 0 2 7904
22 6 0 3 117356
22 6 0 4 480648
22 6 0 5 1126776
22 6 0 6 1868338
22 6 0 7 2504120
22 6 0 8 2910762
22 6 0 9 3047490
22 6 0 10 2935370
22 6 0 11 2634280
22 6 0 12 2216566
22 6 0 13 1750304
22 6 0 14 1290266
22 6 0 15 882196
22 6 0 16 549516
22 6 0 17 299392
22 6 0 18 119796
22 6 0 19 37040
22 6 1 2 1836
22 6 1 3 7012
22 6 1 4 14763
22 6 1 5 22185
22 6 1 6 26023
22 6 1 7 28713
22 6 1 8 30207
22 6 1 9 30495
22 6 1 10 29680
22 6 1 11 28252
22 6 1 12 26354
22 6 1 13 23936
22 6 1 14 21010
22 6 1 15 17616
22 6 1 16 13752
22 6 1 17 10136
22 6 1 18 6732
22 6 1 19 3728
22 6 2 2 66
22 6 2 3 100
22 6 2 4 48
22 6 2 5 56
22 6 2 6 56
22 6 2 7 56
22 6 2 8 56
22 6 2 9 56
22 6 2 10 56
22 6 2 11 56
22 6 2 12 56
22 6 2 13 56
22 6 2 14 56
22 6 2 15 52
22 6 2 16 48
22 6 2 17 52
22 6 2 18 90
22 6 2 19 60
23 0 0 1 1
23 0 0 23 1
23 1 0 2 4
23 1 0 3 4
23 1 0 4 4
23 1 0 5 4
23 1 0 6 4
23 1 0 7 4
23 1 0 8 4
23 1 0 9 4
23 1 0 10 4
23 1 0 11 4
23 1 0 12 4
23 1 0 13 4
23 1 0 14 4
23 1 0 15 4
23 1 0 16 4
23 1 0 17 4
23 1 0 18 4
23 1 0 19 4
23 1 0 20 4
23 1 0 21 4
23 1 0 22 4
23 2 0 2 82
23 2 0 3 90
23 2 0 4 126
23 2 0 5 128
23 2 0 6 130
23 2 0 7 132
23 2 0 8 134
23 2 0 9 136
23 2 0 10 138
23 2 0 11 138
23 2 0 12 132
23 2 0 13 126
23 2 0 14 120
23 2 0 15 114
23 2 0 16 108
23 2 0 17 102
23 2 0 18 96
23 2 0 19 90
23 2 0 20 88
23 2 0 21 82
23 2 0 22 80
23 3 0 2 144
23 3 0 3 776
23 3 0 4 1748
23 3 0 5 2232
23 3 0 6 2616
23 3 0 7 2908
23 3 0 8 3104
23 3 0 9 3208
23 3 0 10 3216
23 3 0 11 3144
23 3 0 12 3028
23 3 0 13 2876
23 3 0 14 2684
23 3 0 15 2456
23 3 0 16 2188
23 3 0 17 1880
23 3 0 18 1536
23 3 0 19 1156
23 3 0 20 848
23 3 0 21 372
23 3 1 2 4
23 3 1 21 4
23 4 0 2 1288
23 4 0 3 6356
23 4 0 4 15904
23 4 0 5 26356
23 4 0 6 34832
23 4 0 7 41505
23 4 0 8 45892
23 4 0 9 48202
23 4 0 10 48468
23 4 0 11 46882
23 4 0 12 43852
23 4 0 13 39731
23 4 0 14 34746
23 4 0 15 29342
23 4 0 16 23736
23 4 0 17 18301
23 4 0 18 13430
23 4 0 19 9594
23 4 0 20 5450
23 4 0 21 2611
23 4 1 2 76
23 4 1 3 24
23 4 1 4 28
23 4 1 5 28
23 4 1 6 28
23 4 1 7 28
23 4 1 8 28
23 4 1 9 28
23 4 1 10 28
23 4 1 11 28
23 4 1 12 28
23 4 1 13 28
23 4 1 14 28
23 4 1 15 28
23 4 1 16 28
23 4 1 17 28
23 4 1 18 28
23 4 1 19 24
23 4 1 20 24
23 4 1 21 72
23 5 0 2 1920
23 5 0 3 29870
23 5 0 4 107416
23 5 0 5 220360
23 5 0 6 331712
23 5 0 7 426264
23 5 0 8 490888
23 5 0 9 522100
23 5 0 10 521516
23 5 0 11 495080
23 5 0 12 448580
23 5 0 13 389052
23 5 0 14 323040
23 5 0 15 255336
23 5 0 16 190540
23 5 0 17 133104
23 5 0 18 84060
23 5 0 19 44302
23 5 0 20 13276
23 5 1 2 256
23 5 1 3 836
23 5 1 4 1152
23 5 1 5 1320
23 5 1 6 1340
23 5 1 7 1360
23 5 1 8 1380
23 5 1 9 1400
23 5 1 10 1400
23 5 1 11 1360
23 5 1 12 1300
23 5 1 13 1240
23 5 1 14 1180
23 5 1 15 1120
23 5 1 16 1064
23 5 1 17 1008
23 5 1 18 972
23 5 1 19 820
23 5 1 20 804
23 5 2 2 4
23 5 2 3 4
23 5 2 19 4
23 5 2 20 4
23 6 0 2 9688
23 6 0 3 142006
23 6 0 4 593360
23 6 0 5 1418526
23 6 0 6 2396244
23 6 0 7 3279990
23 6 0 8 3901902
23 6 0 9 4189818
23 6 0 10 4153434
23 6 0 11 3848088
23 6 0 12 3359984
23 6 0 13 2771096
23 6 0 14 2155396
23 6 0 15 1570804
23 6 0 16 1064780
23 6 0 17 659822
23 6 0 18 359000
23 6 0 19 144610
23 6 0 20 44864
23 6 1 2 2088
23 6 1 3 7760
23 6 1 4 16368
23 6 1 5 24708
23 6 1 6 29024
23 6 1 7 32236
23 6 1 8 34208
23 6 1 9 34992
23 6 1 10 34576
23 6 1 11 33276
23 6 1 12 31468
23 6 1 13 29180
23 6 1 14 26372
23 6 1 15 23056
23 6 1 16 19280
23 6 1 17 15036
23 6 1 18 11112
23 6 1 19 7444
23 6 1 20 4232
23 6 2 2 70
23 6 2 3 104
23 6 2 4 48
23 6 2 5 56
23 6 2 6 56
23 6 2 7 56
23 6 2 8 56
23 6 2 9 56
23 6 2 10 56
23 6 2 11 56
23 6 2 12 56
23 6 2 13 56
23 6 2 14 56
23 6 2 15 56
23 6 2 16 52
23 6 2 17 48
23 6 2 18 52
23 6 2 19 94
23 6 2 20 64
24 0 0 1 1
24 0 0 24 1
24 1 0 2 4
24 1 0 3 4
24 1 0 4 4
24 1 0 5 4
24 1 0 6 4
24 1 0 7 4
24 1 0 8 4
24 1 0 9 4
24 1 0 10 4
24 1 0 11 4
24 1 0 12 4
24 1 0 13 4
24 1 0 14 4
24 1 0 15 4
24 1 0 16 4
24 1 0 17 4
24 1 0 18 4
24 1 0 19 4
24 1 0 20 4
24 1 0 21 4
24 1 0 22 4
24 1 0 23 4
24 2 0 2 86
24 2 0 3 94
24 2 0 4 132
24 2 0 5 134
24 2 0 6 136
24 2 0 7 138
24 2 0 8 140
24 2 0 9 142
24 2 0 10 144
24 2 0 11 146
24 2 0 12 142
24 2 0 13 136
24 2 0 14 130
24 2 0 15 124
24 2 0 16 118
24 2 0 17 112
24 2 0 18 106
24 2 0 19 100
24 2 0 20 94
24 2 0 21 92
24 2 0 22 86
24 2 0 23 84
24 3 0 2 152
24 3 0 3 820
24 3 0 4 1896
24 3 0 5 2416
24 3 0 6 2840
24 3 0 7 3168
24 3 0 8 3404
24 3 0 9 3544
24 3 0 10 3592
24 3 0 11 3544
24 3 0 12 3436
24 3 0 13 3292
24 3 0 14 3112
24 3 0 15 2892
24 3 0 16 2636
24 3 0 17 2340
24 3 0 18 2004
24 3 0 19 1632
24 3 0 20 1224
24 3 0 21 896
24 3 0 22 392
24 3 1 2 4
24 3 1 22 4
24 4 0 2 1436
24 4 0 3 7029
24 4 0 4 17821
24 4 0 5 29705
24 4 0 6 39558
24 4 0 7 47533
24 4 0 8 53113
24 4 0 9 56359
24 4 0 10 57474
24 4 0 11 56435
24 4 0 12 53753
24 4 0 13 49656
24 4 0 14 44568
24 4 0 15 38706
24 4 0 16 32525
24 4 0 17 26232
24 4 0 18 20200
24 4 0 19 14830
24 4 0 20 10599
24 4 0 21 6058
24 4 0 22 2908
24 4 1 2 80
24 4 1 3 24
24 4 1 4 28
24 4 1 5 28
24 4 1 6 28
24 4 1 7 28
24 4 1 8 28
24 4 1 9 28
24 4 1 10 28
24 4 1 11 28
24 4 1 12 28
24 4 1 13 28
24 4 1 14 28
24 4 1 15 28
24 4 1 16 28
24 4 1 17 28
24 4 1 18 28
24 4 1 19 28
24 4 1 20 24
24 4 1 21 24
24 4 1 22 76
24 5 0 2 2176
24 5 0 3 33910
24 5 0 4 125024
24 5 0 5 259740
24 5 0 6 395496
24 5 0 7 515200
24 5 0 8 602320
24 5 0 9 651716
24 5 0 10 663676
24 5 0 11 643196
24 5 0 12 597000
24 5 0 13 532112
24 5 0 14 455984
24 5 0 15 375168
24 5 0 16 294428
24 5 0 17 218412
24 5 0 18 151716
24 5 0 19 95288
24 5 0 20 50058
24 5 0 21 14920
24 5 1 2 272
24 5 1 3 884
24 5 1 4 1220
24 5 1 5 1396
24 5 1 6 1416
24 5 1 7 1436
24 5 1 8 1456
24 5 1 9 1476
24 5 1 10 1492
24 5 1 11 1472
24 5 1 12 1416
24 5 1 13 1356
24 5 1 14 1296
24 5 1 15 1236
24 5 1 16 1176
24 5 1 17 1120
24 5 1 18 1064
24 5 1 19 1028
24 5 1 20 868
24 5 1 21 852
24 5 2 2 4
24 5 2 3 4
24 5 2 20 4
24 5 2 21 4
24 6 0 2 11720
24 6 0 3 169710
24 6 0 4 722858
24 6 0 5 1758990
24 6 0 6 3018684
24 6 0 7 4211002
24 6 0 8 5111410
24 6 0 9 5612660
24 6 0 10 5702294
24 6 0 11 5432982
24 6 0 12 4891158
24 6 0 13 4182688
24 6 0 14 3395834
24 6 0 15 2609704
24 6 0 16 1884518
24 6 0 17 1268684
24 6 0 18 783072
24 6 0 19 425760
24 6 0 20 172616
24 6 0 21 53720
24 6 1 2 2356
24 6 1 3 8540
24 6 1 4 18027
24 6 1 5 27357
24 6 1 6 32183
24 6 1 7 35881
24 6 1 8 38371
24 6 1 9 39629
24 6 1 10 39709
24 6 1 11 38602
24 6 1 12 36914
24 6 1 13 34716
24 6 1 14 32038
24 6 1 15 28840
24 6 1 16 25134
24 6 1 17 20976
24 6 1 18 16352
24 6 1 19 12120
24 6 1 20 8188
24 6 1 21 4768
24 6 2 2 74
24 6 2 3 108
24 6 2 4 48
24 6 2 5 56
24 6 2 6 56
24 6 2 7 56
24 6 2 8 56
24 6 2 9 56
24 6 2 10 56
24 6 2 11 56
24 6 2 12 56
24 6 2 13 56
24 6 2 14 56
24 6 2 15 56
24 6 2 16 56
24 6 2 17 52
24 6 2 18 48
24 6 2 19 52
24 6 2 20 98
24 6 2 21 68
25 0 0 1 1
25 0 0 25 1
25 1 0 2 4
25 1 0 3 4
25 1 0 4 4
25 1 0 5 4
25 1 0 6 4
25 1 0 7 4
25 1 0 8 4
25 1 0 9 4
25 1 0 10 4
25 1 0 11 4
25 1 0 12 4
25 1 0 13 4
25 1 0 14 4
25 1 0 15 4
25 1 0 16 4
25 1 0 17 4
25 1 0 18 4
25 1 0 19 4
25 1 0 20 4
25 1 0 21 4
25 1 0 22 4
25 1 0 23 4
25 1 0 24 4
25 2 0 2 90
25 2 0 3 98
25 2 0 4 138
25 2 0 5 140
25 2 0 6 142
25 2 0 7 144
25 2 0 8 146
25 2 0 9 148
25 2 0 10 150
25 2 0 11 152
25 2 0 12 152
25 2 0 13 146
25 2 0 14 140
25 2 0 15 134
25 2 0 16 128
25 2 0 17 122
25 2 0 18 116
25 2 0 19 110
25 2 0 20 104
25 2 0 21 98
25 2 0 22 96
25 2 0 23 90
25 2 0 24 88
25 3 0 2 160
25 3 0 3 864
25 3 0 4 2036
25 3 0 5 2596
25 3 0 6 3056
25 3 0 7 3424
25 3 0 8 3696
25 3 0 9 3876
25 3 0 10 3960
25 3 0 11 3952
25 3 0 12 3860
25 3 0 13 3728
25 3 0 14 3556
25 3 0 15 3348
25 3 0 16 3100
25 3 0 17 2816
25 3 0 18 2492
25 3 0 19 2128
25 3 0 20 1728
25 3 0 21 1292
25 3 0 22 944
25 3 0 23 412
25 3 1 2 4
25 3 1 23 4
25 4 0 2 1592
25 4 0 3 7734
25 4 0 4 19872
25 4 0 5 33267
25 4 0 6 44528
25 4 0 7 53948
25 4 0 8 60790
25 4 0 9 65163
25 4 0 10 67168
25 4 0 11 66978
25 4 0 12 64638
25 4 0 13 60800
25 4 0 14 55620
25 4 0 15 49549
25 4 0 16 42794
25 4 0 17 35820
25 4 0 18 28824
25 4 0 19 22179
25 4 0 20 16294
25 4 0 21 11652
25 4 0 22 6698
25 4 0 23 3221
25 4 1 2 84
25 4 1 3 24
25 4 1 4 28
25 4 1 5 28
25 4 1 6 28
25 4 1 7 28
25 4 1 8 28
25 4 1 9 28
25 4 1 10 28
25 4 1 11 28
25 4 1 12 28
25 4 1 13 28
25 4 1 14 28
25 4 1 15 28
25 4 1 16 28
25 4 1 17 28
25 4 1 18 28
25 4 1 19 28
25 4 1 20 28
25 4 1 21 24
25 4 1 22 24
25 4 1 23 80
25 5 0 2 2448
25 5 0 3 38206
25 5 0 4 144314
25 5 0 5 303222
25 5 0 6 466154
25 5 0 7 614702
25 5 0 8 728086
25 5 0 9 799850
25 5 0 10 828410
25 5 0 11 817454
25 5 0 12 774568
25 5 0 13 706568
25 5 0 14 621820
25 5 0 15 527780
25 5 0 16 431008
25 5 0 17 336240
25 5 0 18 248172
25 5 0 19 171544
25 5 0 20 107220
25 5 0 21 56166
25 5 0 22 16660
25 5 1 2 288
25 5 1 3 932
25 5 1 4 1284
25 5 1 5 1472
25 5 1 6 1492
25 5 1 7 1512
25 5 1 8 1532
25 5 1 9 1552
25 5 1 10 1572
25 5 1 11 1572
25 5 1 12 1532
25 5 1 13 1472
25 5 1 14 1412
25 5 1 15 1352
25 5 1 16 1292
25 5 1 17 1232
25 5 1 18 1176
25 5 1 19 1120
25 5 1 20 1084
25 5 1 21 916
25 5 1 22 900
25 5 2 2 4
25 5 2 3 4
25 5 2 21 4
25 5 2 22 4
25 6 0 2 14016
25 6 0 3 200628
25 6 0 4 870378
25 6 0 5 2151548
25 6 0 6 3745862
25 6 0 7 5312838
25 6 0 8 6566256
25 6 0 9 7350978
25 6 0 10 7632354
25 6 0 11 7447408
25 6 0 12 6887970
25 6 0 13 6068108
25 6 0 14 5105272
25 6 0 15 4093084
25 6 0 16 3115020
25 6 0 17 2232752
25 6 0 18 1494868
25 6 0 19 919906
25 6 0 20 500056
25 6 0 21 204006
25 6 0 22 63672
25 6 1 2 2640
25 6 1 3 9352
25 6 1 4 19760
25 6 1 5 30080
25 6 1 6 35384
25 6 1 7 39604
25 6 1 8 42580
25 6 1 9 44352
25 6 1 10 44900
25 6 1 11 44252
25 6 1 12 42652
25 6 1 13 40584
25 6 1 14 37996
25 6 1 15 34928
25 6 1 16 31340
25 6 1 17 27244
25 6 1 18 22704
25 6 1 19 17700
25 6 1 20 13160
25 6 1 21 8964
25 6 1 22 5336
25 6 2 2 78
25 6 2 3 112
25 6 2 4 48
25 6 2 5 56
25 6 2 6 56
25 6 2 7 56
25 6 2 8 56
25 6 2 9 56
25 6 2 10 56
25 6 2 11 56
25 6 2 12 56
25 6 2 13 56
25 6 2 14 56
25 6 2 15 56
25 6 2 16 56
25 6 2 17 56
25 6 2 18 52
25 6 2 19 48
25 6 2 20 52
25 6 2 21 102
25 6 2 22 72
26 0 0 1 1
26 0 0 26 1
26 1 0 2 4
26 1 0 3 4
26 1 0 4 4
26 1 0 5 4
26 1 0 6 4
26 1 0 7 4
26 1 0 8 4
26 1 0 9 4
26 1 0 10 4
26 1 0 11 4
26 1 0 12 4
26 1 0 13 4
26 1 0 14 4
26 1 0 15 4
26 1 0 16 4
26 1 0 17 4
26 1 0 18 4
26 1 0 19 4
26 1 0 20 4
26 1 0 21 4
26 1 0 22 4
26 1 0 23 4
26 1 0 24 4
26 1 0 25 4
26 2 0 2 94
26 2 0 3 102
26 2 0 4 144
26 2 0 5 146
26 2 0 6 148
26 2 0 7 150
26 2 0 8 152
26 2 0 9 154
26 2 0 10 156
26 2 0 11 158
26 2 0 12 160
26 2 0 13 156
26 2 0 14 150
26 2 0 15 144
26 2 0 16 138
26 2 0 17 132
26 2 0 18 126
26 2 0 19 120
26 2 0 20 114
26 2 0 21 108
26 2 0 22 102
26 2 0 23 100
26 2 0 24 94
26 2 0 25 92
26 3 0 2 168
26 3 0 3 908
26 3 0 4 2192
26 3 0 5 2788
26 3 0 6 3288
26 3 0 7 3692
26 3 0 8 4004
26 3 0 9 4220
26 3 0 10 4344
26 3 0 11 4372
26 3 0 12 4308
26 3 0 13 4180
26 3 0 14 4020
26 3 0 15 3820
26 3 0 16 3584
26 3 0 17 3308
26 3 0 18 2996
26 3 0 19 2644
26 3 0 20 2252
26 3 0 21 1824
26 3 0 22 1360
26 3 0 23 992
26 3 0 24 432
26 3 1 2 4
26 3 1 24 4
26 4 0 2 1756
26 4 0 3 8471
26 4 0 4 22020
26 4 0 5 37021
26 4 0 6 49833
26 4 0 7 60741
26 4 0 8 69022
26 4 0 9 74581
26 4 0 10 77651
26 4 0 11 78285
26 4 0 12 76624
26 4 0 13 73050
26 4 0 14 68023
26 4 0 15 61744
26 4 0 16 54674
26 4 0 17 47010
26 4 0 18 39227
26 4 0 19 31512
26 4 0 20 24238
26 4 0 21 17822
26 4 0 22 12753
26 4 0 23 7370
26 4 0 24 3550
26 4 1 2 88
26 4 1 3 24
26 4 1 4 28
26 4 1 5 28
26 4 1 6 28
26 4 1 7 28
26 4 1 8 28
26 4 1 9 28
26 4 1 10 28
26 4 1 11 28
26 4 1 12 28
26 4 1 13 28
26 4 1 14 28
26 4 1 15 28
26 4 1 16 28
26 4 1 17 28
26 4 1 18 28
26 4 1 19 28
26 4 1 20 28
26 4 1 21 28
26 4 1 22 24
26 4 1 23 24
26 4 1 24 84
26 5 0 2 2736
26 5 0 3 42758
26 5 0 4 165288
26 5 0 5 350776
26 5 0 6 544052
26 5 0 7 725156
26 5 0 8 869116
26 5 0 9 967148
26 5 0 10 1016680
26 5 0 11 1019696
26 5 0 12 983192
26 5 0 13 915224
26 5 0 14 823784
26 5 0 15 717704
26 5 0 16 604440
26 5 0 17 490560
26 5 0 18 380772
26 5 0 19 279820
26 5 0 20 192588
26 5 0 21 119856
26 5 0 22 62626
26 5 0 23 18496
26 5 1 2 304
26 5 1 3 980
26 5 1 4 1352
26 5 1 5 1548
26 5 1 6 1568
26 5 1 7 1588
26 5 1 8 1608
26 5 1 9 1628
26 5 1 10 1648
26 5 1 11 1664
26 5 1 12 1644
26 5 1 13 1588
26 5 1 14 1528
26 5 1 15 1468
26 5 1 16 1408
26 5 1 17 1348
26 5 1 18 1288
26 5 1 19 1232
26 5 1 20 1176
26 5 1 21 1140
26 5 1 22 964
26 5 1 23 948
26 5 2 2 4
26 5 2 3 4
26 5 2 22 4
26 5 2 23 4
26 6 0 2 16592
26 6 0 3 234920
26 6 0 4 1037232
26 6 0 5 2600906
26 6 0 6 4584588
26 6 0 7 6600682
26 6 0 8 8288744
26 6 0 9 9442348
26 6 0 10 9990690
26 6 0 11 9956886
26 6 0 12 9425560
26 6 0 13 8522534
26 6 0 14 7382458
26 6 0 15 6130616
26 6 0 16 4865150
26 6 0 17 3673136
26 6 0 18 2616850
26 6 0 19 1744292
26 6 0 20 1070964
26 6 0 21 582272
26 6 0 22 238972
26 6 0 23 74784
26 6 1 2 2940
26 6 1 3 10196
26 6 1 4 21547
26 6 1 5 32929
26 6 1 6 38743
26 6 1 7 43449
26 6 1 8 46947
26 6 1 9 49201
26 6 1 10 50259
26 6 1 11 50095
26 6 1 12 48732
26 6 1 13 46744
26 6 1 14 44286
26 6 1 15 41308
26 6 1 16 37850
26 6 1 17 33872
26 6 1 18 29386
26 6 1 19 24464
26 6 1 20 19080
26 6 1 21 14232
26 6 1 22 9772
26 6 1 23 5936
26 6 2 2 82
26 6 2 3 116
26 6 2 4 48
26 6 2 5 56
26 6 2 6 56
26 6 2 7 56
26 6 2 8 56
26 6 2 9 56
26 6 2 10 56
26 6 2 11 56
26 6 2 12 56
26 6 2 13 56
26 6 2 14 56
26 6 2 15 56
26 6 2 16 56
26 6 2 17 56
26 6 2 18 56
26 6 2 19 52
26 6 2 20 48
26 6 2 21 52
26 6 2 22 106
26 6 2 23 76
27 0 0 1 1
27 0 0 27 1
27 1 0 2 4
27 1 0 3 4
27 1 0 4 4
27 1 0 5 4
27 1 0 6 4
27 1 0 7 4
27 1 0 8 4
27 1 0 9 4
27 1 0 10 4
27 1 0 11 4
27 1 0 12 4
27 1 0 13 4
27 1 0 14 4
27 1 0 15 4
27 1 0 16 4
27 1 0 17 4
27 1 0 18 4
27 1 0 19 4
27 1 0 20 4
27 1 0 21 4
27 1 0 22 4
27 1 0 23 4
27 1 0 24 4
27 1 0 25 4
27 1 0 26 4
27 2 0 2 98
27 2 0 3 106
27 2 0 4 150
27 2 0 5 152
27 2 0 6 154
27 2 0 7 156
27 2 0 8 158
27 2 0 9 160
27 2 0 10 162
27 2 0 11 164
27 2 0 12 166
27 2 0 13 166
27 2 0 14 160
27 2 0 15 154
27 2 0 16 148
27 2 0 17 142
27 2 0 18 136
27 2 0 19 130
27 2 0 20 124
27 2 0 21 118
27 2 0 22 112
27 2 0 23 106
27 2 0 24 104
27 2 0 25 98
27 2 0 26 96
27 3 0 2 176
27 3 0 3 952
27 3 0 4 2340
27 3 0 5 2976
27 3 0 6 3512
27 3 0 7 3956
27 3 0 8 4304
27 3 0 9 4560
27 3 0 10 4720
27 3 0 11 4788
27 3 0 12 4760
27 3 0 13 4652
27 3 0 14 4500
27 3 0 15 4312
27 3 0 16 4084
27 3 0 17 3820
27 3 0 18 3516
27 3 0 19 3176
27 3 0 20 2796
27 3 0 21 2376
27 3 0 22 1920
27 3 0 23 1428
27 3 0 24 1040
27 3 0 25 452
27 3 1 2 4
27 3 1 25 4
27 4 0 2 1928
27 4 0 3 9240
27 4 0 4 24302
27 4 0 5 40984
27 4 0 6 55374
27 4 0 7 67909
27 4 0 8 77674
27 4 0 9 84620
27 4 0 10 88800
27 4 0 11 90467
27 4 0 12 89624
27 4 0 13 86515
27 4 0 14 81654
27 4 0 15 75422
27 4 0 16 68028
27 4 0 17 59943
27 4 0 18 51354
27 4 0 19 42746
27 4 0 20 34296
27 4 0 21 26377
27 4 0 22 19414
27 4 0 23 13902
27 4 0 24 8074
27 4 0 25 3895
27 4 1 2 92
27 4 1 3 24
27 4 1 4 28
27 4 1 5 28
27 4 1 6 28
27 4 1 7 28
27 4 1 8 28
27 4 1 9 28
27 4 1 10 28
27 4 1 11 28
27 4 1 12 28
27 4 1 13 28
27 4 1 14 28
27 4 1 15 28
27 4 1 16 28
27 4 1 17 28
27 4 1 18 28
27 4 1 19 28
27 4 1 20 28
27 4 1 21 28
27 4 1 22 28
27 4 1 23 24
27 4 1 24 24
27 4 1 25 88
27 5 0 2 3040
27 5 0 3 47566
27 5 0 4 188068
27 5 0 5 402748
27 5 0 6 629224
27 5 0 7 846872
27 5 0 8 1025420
27 5 0 9 1154484
27 5 0 10 1229528
27 5 0 11 1251312
27 5 0 12 1225128
27 5 0 13 1160460
27 5 0 14 1065160
27 5 0 15 948648
27 5 0 16 819764
27 5 0 17 685964
27 5 0 18 553824
27 5 0 19 428024
27 5 0 20 313356
27 5 0 21 214848
27 5 0 22 133196
27 5 0 23 69438
27 5 0 24 20428
27 5 1 2 320
27 5 1 3 1028
27 5 1 4 1416
27 5 1 5 1624
27 5 1 6 1644
27 5 1 7 1664
27 5 1 8 1684
27 5 1 9 1704
27 5 1 10 1724
27 5 1 11 1744
27 5 1 12 1744
27 5 1 13 1704
27 5 1 14 1644
27 5 1 15 1584
27 5 1 16 1524
27 5 1 17 1464
27 5 1 18 1404
27 5 1 19 1344
27 5 1 20 1288
27 5 1 21 1232
27 5 1 22 1196
27 5 1 23 1012
27 5 1 24 996
27 5 2 2 4
27 5 2 3 4
27 5 2 23 4
27 5 2 24 4
27 6 0 2 19464
27 6 0 3 272746
27 6 0 4 1224676
27 6 0 5 3110448
27 6 0 6 5545460
27 6 0 7 8090768
27 6 0 8 10306802
27 6 0 9 11923468
27 6 0 10 12829846
27 6 0 11 13024658
27 6 0 12 12585464
27 6 0 13 11638958
27 6 0 14 10340906
27 6 0 15 8837728
27 6 0 16 7261600
27 6 0 17 5714336
27 6 0 18 4285844
27 6 0 19 3038156
27 6 0 20 2017916
27 6 0 21 1236886
27 6 0 22 672792
27 6 0 23 277706
27 6 0 24 87120
27 6 1 2 3256
27 6 1 3 11072
27 6 1 4 23408
27 6 1 5 35852
27 6 1 6 42144
27 6 1 7 47372
27 6 1 8 51356
27 6 1 9 54132
27 6 1 10 55668
27 6 1 11 56016
27 6 1 12 55100
27 6 1 13 53236
27 6 1 14 50868
27 6 1 15 48020
27 6 1 16 44652
27 6 1 17 40804
27 6 1 18 36436
27 6 1 19 31560
27 6 1 20 26256
27 6 1 21 20492
27 6 1 22 15336
27 6 1 23 10612
27 6 1 24 6568
27 6 2 2 86
27 6 2 3 120
27 6 2 4 48
27 6 2 5 56
27 6 2 6 56
27 6 2 7 56
27 6 2 8 56
27 6 2 9 56
27 6 2 10 56
27 6 2 11 56
27 6 2 12 56
27 6 2 13 56
27 6 2 14 56
27 6 2 15 56
27 6 2 16 56
27 6 2 17 56
27 6 2 18 56
27 6 2 19 56
27 6 2 20 52
27 6 2 21 48
27 6 2 22 52
27 6 2 23 110
27 6 2 24 80
28 0 0 1 1
28 0 0 28 1
28 1 0 2 4
28 1 0 3 4
28 1 0 4 4
28 1 0 5 4
28 1 0 6 4
28 1 0 7 4
28 1 0 8 4
28 1 0 9 4
28 1 0 10 4
28 1 0 11 4
28 1 0 12 4
28 1 0 13 4
28 1 0 14 4
28 1 0 15 4
28 1 0 16 4
28 1 0 17 4
28 1 0 18 4
28 1 0 19 4
28 1 0 20 4
28 1 0 21 4
28 1 0 22 4
28 1 0 23 4
28 1 0 24 4
28 1 0 25 4
28 1 0 26 4
28 1 0 27 4
28 2 0 2 102
28 2 0 3 110
28 2 0 4 156
28 2 0 5 158
28 2 0 6 160
28 2 0 7 162
28 2 0 8 164
28 2 0 9 166
28 2 0 10 168
28 2 0 11 170
28 2 0 12 172
28 2 0 13 174
28 2 0 14 170
28 2 0 15 164
28 2 0 16 158
28 2 0 17 152
28 2 0 18 146
28 2 0 19 140
28 2 0 20 134
28 2 0 21 128
28 2 0 22 122
28 2 0 23 116
28 2 0 24 110
28 2 0 25 108
28 2 0 26 102
28 2 0 27 100
28 3 0 2 184
28 3 0 3 996
28 3 0 4 2504
28 3 0 5 3176
28 3 0 6 3752
28 3 0 7 4232
28 3 0 8 4620
28 3 0 9 4912
28 3 0 10 5112
28 3 0 11 5216
28 3 0 12 5228
28 3 0 13 5144
28 3 0 14 5000
28 3 0 15 4820
28 3 0 16 4604
28 3 0 17 4348
28 3 0 18 4056
28 3 0 19 3724
28 3 0 20 3356
28 3 0 21 2948
28 3 0 22 2500
28 3 0 23 2016
28 3 0 24 1496
28 3 0 25 1088
28 3 0 26 472
28 3 1 2 4
28 3 1 26 4
28 4 0 2 2108
28 4 0 3 10041
28 4 0 4 26685
28 4 0 5 45147
28 4 0 6 61262
28 4 0 7 75467
28 4 0 8 86871
28 4 0 9 95261
28 4 0 10 100758
28 4 0 11 103463
28 4 0 12 103593
28 4 0 13 101103
28 4 0 14 96632
28 4 0 15 90450
28 4 0 16 82997
28 4 0 17 74472
28 4 0 18 65356
28 4 0 19 55826
28 4 0 20 46377
28 4 0 21 37176
28 4 0 22 28596
28 4 0 23 21070
28 4 0 24 15099
28 4 0 25 8810
28 4 0 26 4256
28 4 1 2 96
28 4 1 3 24
28 4 1 4 28
28 4 1 5 28
28 4 1 6 28
28 4 1 7 28
28 4 1 8 28
28 4 1 9 28
28 4 1 10 28
28 4 1 11 28
28 4 1 12 28
28 4 1 13 28
28 4 1 14 28
28 4 1 15 28
28 4 1 16 28
28 4 1 17 28
28 4 1 18 28
28 4 1 19 28
28 4 1 20 28
28 4 1 21 28
28 4 1 22 28
28 4 1 23 28
28 4 1 24 24
28 4 1 25 24
28 4 1 26 92
28 5 0 2 3360
28 5 0 3 52630
28 5 0 4 212640
28 5 0 5 459052
28 5 0 6 722156
28 5 0 7 980240
28 5 0 8 1198200
28 5 0 9 1362716
28 5 0 10 1468080
28 5 0 11 1513220
28 5 0 12 1502548
28 5 0 13 1444512
28 5 0 14 1348804
28 5 0 15 1224376
28 5 0 16 1081160
28 5 0 17 928000
28 5 0 18 772352
28 5 0 19 620800
28 5 0 20 477996
28 5 0 21 348780
28 5 0 22 238324
28 5 0 23 147240
28 5 0 24 76602
28 5 0 25 22456
28 5 1 2 336
28 5 1 3 1076
28 5 1 4 1484
28 5 1 5 1700
28 5 1 6 1720
28 5 1 7 1740
28 5 1 8 1760
28 5 1 9 1780
28 5 1 10 1800
28 5 1 11 1820
28 5 1 12 1836
28 5 1 13 1816
28 5 1 14 1760
28 5 1 15 1700
28 5 1 16 1640
28 5 1 17 1580
28 5 1 18 1520
28 5 1 19 1460
28 5 1 20 1400
28 5 1 21 1344
28 5 1 22 1288
28 5 1 23 1252
28 5 1 24 1060
28 5 1 25 1044
28 5 2 2 4
28 5 2 3 4
28 5 2 24 4
28 5 2 25 4
28 6 0 2 22648
28 6 0 3 314266
28 6 0 4 1434086
28 6 0 5 3685080
28 6 0 6 6635098
28 6 0 7 9798196
28 6 0 8 12642612
28 6 0 9 14830526
28 6 0 10 16199072
28 6 0 11 16717924
28 6 0 12 16448046
28 6 0 13 15518862
28 6 0 14 14092412
28 6 0 15 12347310
28 6 0 16 10437438
28 6 0 17 8501104
28 6 0 18 6642946
28 6 0 19 4954936
28 6 0 20 3498014
28 6 0 21 2316700
28 6 0 22 1418312
28 6 0 23 772000
28 6 0 24 320400
28 6 0 25 100744
28 6 1 2 3588
28 6 1 3 11980
28 6 1 4 25323
28 6 1 5 38901
28 6 1 6 45703
28 6 1 7 51417
28 6 1 8 55923
28 6 1 9 59185
28 6 1 10 61239
28 6 1 11 62061
28 6 1 12 61689
28 6 1 13 60034
28 6 1 14 57782
28 6 1 15 55024
28 6 1 16 51786
28 6 1 17 48028
28 6 1 18 43790
28 6 1 19 39032
28 6 1 20 33766
28 6 1 21 28080
28 6 1 22 21936
28 6 1 23 16472
28 6 1 24 11484
28 6 1 25 7232
28 6 2 2 90
28 6 2 3 124
28 6 2 4 48
28 6 2 5 56
28 6 2 6 56
28 6 2 7 56
28 6 2 8 56
28 6 2 9 56
28 6 2 10 56
28 6 2 11 56
28 6 2 12 56
28 6 2 13 56
28 6 2 14 56
28 6 2 15 56
28 6 2 16 56
28 6 2 17 56
28 6 2 18 56
28 6 2 19 56
28 6 2 20 56
28 6 2 21 52
28 6 2 22 48
28 6 2 23 52
28 6 2 24 114
28 6 2 25 84
29 0 0 1 1
29 0 0 29 1
29 1 0 2 4
29 1 0 3 4
29 1 0 4 4
29 1 0 5 4
29 1 0 6 4
29 1 0 7 4
29 1 0 8 4
29 1 0 9 4
29 1 0 10 4
29 1 0 11 4
29 1 0 12 4
29 1 0 13 4
29 1 0 14 4
29 1 0 15 4
29 1 0 16 4
29 1 0 17 4
29 1 0 18 4
29 1 0 19 4
29 1 0 20 4
29 1 0 21 4
29 1 0 22 4
29 1 0 23 4
29 1 0 24 4
29 1 0 25 4
29 1 0 26 4
29 1 0 27 4
29 1 0 28 4
29 2 0 2 106
29 2 0 3 114
29 2 0 4 162
29 2 0 5 164
29 2 0 6 166
29 2 0 7 168
29 2 0 8 170
29 2 0 9 172
29 2 0 10 174
29 2 0 11 176
29 2 0 12 178
29 2 0 13 180
29 2 0 14 180
29 2 0 15 174
29 2 0 16 168
29 2 0 17 162
29 2 0 18 156
29 2 0 19 150
29 2 0 20 144
29 2 0 21 138
29 2 0 22 132
29 2 0 23 126
29 2 0 24 120
29 2 0 25 114
29 2 0 26 112
29 2 0 27 106
29 2 0 28 104
29 3 0 2 192
29 3 0 3 1040
29 3 0 4 2660
29 3 0 5 3372
29 3 0 6 3984
29 3 0 7 4504
29 3 0 8 4928
29 3 0 9 5260
29 3 0 10 5496
29 3 0 11 5640
29 3 0 12 5688
29 3 0 13 5644
29 3 0 14 5516
29 3 0 15 5348
29 3 0 16 5140
29 3 0 17 4896
29 3 0 18 4612
29 3 0 19 4292
29 3 0 20 3932
29 3 0 21 3536
29 3 0 22 3100
29 3 0 23 2624
29 3 0 24 2112
29 3 0 25 1564
29 3 0 26 1136
29 3 0 27 492
29 3 1 2 4
29 3 1 27 4
29 4 0 2 2296
29 4 0 3 10874
29 4 0 4 29202
29 4 0 5 49515
29 4 0 6 67378
29 4 0 7 83392
29 4 0 8 96466
29 4 0 9 106489
29 4 0 10 113354
29 4 0 11 117310
29 4 0 12 118440
29 4 0 13 116931
29 4 0 14 112836
29 4 0 15 106957
29 4 0 16 99438
29 4 0 17 90748
29 4 0 18 81076
29 4 0 19 70913
29 4 0 20 60426
29 4 0 21 50120
29 4 0 22 40152
29 4 0 23 30895
29 4 0 24 22790
29 4 0 25 16344
29 4 0 26 9578
29 4 0 27 4633
29 4 1 2 100
29 4 1 3 24
29 4 1 4 28
29 4 1 5 28
29 4 1 6 28
29 4 1 7 28
29 4 1 8 28
29 4 1 9 28
29 4 1 10 28
29 4 1 11 28
29 4 1 12 28
29 4 1 13 28
29 4 1 14 28
29 4 1 15 28
29 4 1 16 28
29 4 1 17 28
29 4 1 18 28
29 4 1 19 28
29 4 1 20 28
29 4 1 21 28
29 4 1 22 28
29 4 1 23 28
29 4 1 24 28
29 4 1 25 24
29 4 1 26 24
29 4 1 27 96
29 5 0 2 3696
29 5 0 3 57950
29 5 0 4 239142
29 5 0 5 520090
29 5 0 6 822762
29 5 0 7 1125494
29 5 0 8 1387082
29 5 0 9 1592270
29 5 0 10 1732854
29 5 0 11 1806998
29 5 0 12 1816810
29 5 0 13 1770034
29 5 0 14 1677424
29 5 0 15 1548220
29 5 0 16 1392872
29 5 0 17 1221320
29 5 0 18 1042412
29 5 0 19 863604
29 5 0 20 691488
29 5 0 21 530688
29 5 0 22 386092
29 5 0 23 263016
29 5 0 24 161988
29 5 0 25 84118
29 5 0 26 24580
29 5 1 2 352
29 5 1 3 1124
29 5 1 4 1548
29 5 1 5 1776
29 5 1 6 1796
29 5 1 7 1816
29 5 1 8 1836
29 5 1 9 1856
29 5 1 10 1876
29 5 1 11 1896
29 5 1 12 1916
29 5 1 13 1916
29 5 1 14 1876
29 5 1 15 1816
29 5 1 16 1756
29 5 1 17 1696
29 5 1 18 1636
29 5 1 19 1576
29 5 1 20 1516
29 5 1 21 1456
29 5 1 22 1400
29 5 1 23 1344
29 5 1 24 1308
29 5 1 25 1108
29 5 1 26 1092
29 5 2 2 4
29 5 2 3 4
29 5 2 25 4
29 5 2 26 4
29 6 0 2 26160
29 6 0 3 359640
29 6 0 4 1666738
29 6 0 5 4328214
29 6 0 6 7864358
29 6 0 7 11739764
29 6 0 8 15324008
29 6 0 9 18201874
29 6 0 10 20151996
29 6 0 11 21103046
29 6 0 12 21099766
29 6 0 13 20260220
29 6 0 14 18759748
29 6 0 15 16790922
29 6 0 16 14545970
29 6 0 17 12185108
29 6 0 18 9852008
29 6 0 19 7653284
29 6 0 20 5682204
29 6 0 21 3997768
29 6 0 22 2641604
29 6 0 23 1615882
29 6 0 24 880280
29 6 0 25 367246
29 6 0 26 115720
29 6 1 2 3936
29 6 1 3 12920
29 6 1 4 27312
29 6 1 5 42024
29 6 1 6 49304
29 6 1 7 55540
29 6 1 8 60532
29 6 1 9 64316
29 6 1 10 66856
29 6 1 11 68192
29 6 1 12 68304
29 6 1 13 67156
29 6 1 14 64992
29 6 1 15 62360
29 6 1 16 59212
29 6 1 17 55584
29 6 1 18 51436
29 6 1 19 46808
29 6 1 20 41660
29 6 1 21 36004
29 6 1 22 29936
29 6 1 23 23412
29 6 1 24 17640
29 6 1 25 12388
29 6 1 26 7928
29 6 2 2 94
29 6 2 3 128
29 6 2 4 48
29 6 2 5 56
29 6 2 6 56
29 6 2 7 56
29 6 2 8 56
29 6 2 9 56
29 6 2 10 56
29 6 2 11 56
29 6 2 12 56
29 6 2 13 56
29 6 2 14 56
29 6 2 15 56
29 6 2 16 56
29 6 2 17 56
29 6 2 18 56
29 6 2 19 56
29 6 2 20 56
29 6 2 21 56
29 6 2 22 52
29 6 2 23 48
29 6 2 24 52
29 6 2 25 118
29 6 2 26 88
30 0 0 1 1
30 0 0 30 1
30 1 0 2 4
30 1 0 3 4
30 1 0 4 4
30 1 0 5 4
30 1 0 6 4
30 1 0 7 4
30 1 0 8 4
30 1 0 9 4
30 1 0 10 4
30 1 0 11 4
30 1 0 12 4
30 1 0 13 4
30 1 0 14 4
30 1 0 15 4
30 1 0 16 4
30 1 0 17 4
30 1 0 18 4
30 1 0 19 4
30 1 0 20 4
30 1 0 21 4
30 1 0 22 4
30 1 0 23 4
30 1 0 24 4
30 1 0 25 4
30 1 0 26 4
30 1 0 27 4
30 1 0 28 4
30 1 0 29 4
30 2 0 2 110
30 2 0 3 118
30 2 0 4 168
30 2 0 5 170
30 2 0 6 172
30 2 0 7 174
30 2 0 8 176
30 2 0 9 178
30 2 0 10 180
30 2 0 11 182
30 2 0 12 184
30 2 0 13 186
30 2 0 14 188
30 2 0 15 184
30 2 0 16 178
30 2 0 17 172
30 2 0 18 166
30 2 0 19 160
30 2 0 20 154
30 2 0 21 148
30 2 0 22 142
30 2 0 23 136
30 2 0 24 130
30 2 0 25 124
30 2 0 26 118
30 2 0 27 116
30 2 0 28 110
30 2 0 29 108
30 3 0 2 200
30 3 0 3 1084
30 3 0 4 2832
30 3 0 5 3580
30 3 0 6 4232
30 3 0 7 4788
30 3 0 8 5252
30 3 0 9 5620
30 3 0 10 5896
30 3 0 11 6076
30 3 0 12 6164
30 3 0 13 6156
30 3 0 14 6056
30 3 0 15 5892
30 3 0 16 5696
30 3 0 17 5460
30 3 0 18 5188
30 3 0 19 4876
30 3 0 20 4528
30 3 0 21 4140
30 3 0 22 3716
30 3 0 23 3252
30 3 0 24 2748
30 3 0 25 2208
30 3 0 26 1632
30 3 0 27 1184
30 3 0 28 512
30 3 1 2 4
30 3 1 28 4
30 4 0 2 2492
30 4 0 3 11739
30 4 0 4 31824
30 4 0 5 54091
30 4 0 6 73853
30 4 0 7 91719
30 4 0 8 106614
30 4 0 9 118303
30 4 0 10 126749
30 4 0 11 131993
30 4 0 12 134312
30 4 0 13 133729
30 4 0 14 130407
30 4 0 15 124812
30 4 0 16 117490
30 4 0 17 108618
30 4 0 18 98675
30 4 0 19 87840
30 4 0 20 76614
30 4 0 21 65154
30 4 0 22 53975
30 4 0 23 43224
30 4 0 24 33274
30 4 0 25 24574
30 4 0 26 17637
30 4 0 27 10378
30 4 0 28 5026
30 4 1 2 104
30 4 1 3 24
30 4 1 4 28
30 4 1 5 28
30 4 1 6 28
30 4 1 7 28
30 4 1 8 28
30 4 1 9 28
30 4 1 10 28
30 4 1 11 28
30 4 1 12 28
30 4 1 13 28
30 4 1 14 28
30 4 1 15 28
30 4 1 16 28
30 4 1 17 28
30 4 1 18 28
30 4 1 19 28
30 4 1 20 28
30 4 1 21 28
30 4 1 22 28
30 4 1 23 28
30 4 1 24 28
30 4 1 25 28
30 4 1 26 24
30 4 1 27 24
30 4 1 28 100
30 5 0 2 4048
30 5 0 3 63526
30 5 0 4 267544
30 5 0 5 585720
30 5 0 6 931648
30 5 0 7 1283128
30 5 0 8 1593540
30 5 0 9 1844172
30 5 0 10 2025588
30 5 0 11 2133436
30 5 0 12 2169400
30 5 0 13 2139176
30 5 0 14 2053624
30 5 0 15 1923364
30 5 0 16 1758708
30 5 0 17 1570648
30 5 0 18 1369128
30 5 0 19 1163000
30 5 0 20 959720
30 5 0 21 765888
30 5 0 22 586100
30 5 0 23 425292
30 5 0 24 288924
30 5 0 25 177440
30 5 0 26 91986
30 5 0 27 26800
30 5 1 2 368
30 5 1 3 1172
30 5 1 4 1616
30 5 1 5 1852
30 5 1 6 1872
30 5 1 7 1892
30 5 1 8 1912
30 5 1 9 1932
30 5 1 10 1952
30 5 1 11 1972
30 5 1 12 1992
30 5 1 13 2008
30 5 1 14 1988
30 5 1 15 1932
30 5 1 16 1872
30 5 1 17 1812
30 5 1 18 1752
30 5 1 19 1692
30 5 1 20 1632
30 5 1 21 1572
30 5 1 22 1512
30 5 1 23 1456
30 5 1 24 1400
30 5 1 25 1364
30 5 1 26 1156
30 5 1 27 1140
30 5 2 2 4
30 5 2 3 4
30 5 2 26 4
30 5 2 27 4
30 6 0 2 30016
30 6 0 3 409028
30 6 0 4 1924072
30 6 0 5 5044964
30 6 0 6 9239900
30 6 0 7 13930450
30 6 0 8 18373778
30 6 0 9 22072626
30 6 0 10 24737470
30 6 0 11 26248892
30 6 0 12 26623272
30 6 0 13 25970006
30 6 0 14 24462496
30 6 0 15 22313658
30 6 0 16 19739480
30 6 0 17 16941110
30 6 0 18 14084258
30 6 0 19 11317192
30 6 0 20 8747654
30 6 0 21 6469440
30 6 0 22 4538762
30 6 0 23 2993588
30 6 0 24 1830236
30 6 0 25 998016
30 6 0 26 418436
30 6 0 27 132112
30 6 1 2 4300
30 6 1 3 13892
30 6 1 4 29355
30 6 1 5 45273
30 6 1 6 53063
30 6 1 7 59785
30 6 1 8 65299
30 6 1 9 69569
30 6 1 10 72631
30 6 1 11 74449
30 6 1 12 75071
30 6 1 13 74455
30 6 1 14 72544
30 6 1 15 69992
30 6 1 16 66970
30 6 1 17 63432
30 6 1 18 59414
30 6 1 19 54876
30 6 1 20 49858
30 6 1 21 44320
30 6 1 22 38274
30 6 1 23 31824
30 6 1 24 24920
30 6 1 25 18840
30 6 1 26 13324
30 6 1 27 8656
30 6 2 2 98
30 6 2 3 132
30 6 2 4 48
30 6 2 5 56
30 6 2 6 56
30 6 2 7 56
30 6 2 8 56
30 6 2 9 56
30 6 2 10 56
30 6 2 11 56
30 6 2 12 56
30 6 2 13 56
30 6 2 14 56
30 6 2 15 56
30 6 2 16 56
30 6 2 17 56
30 6 2 18 56
30 6 2 19 56
30 6 2 20 56
30 6 2 21 56
30 6 2 22 56
30 6 2 23 52
30 6 2 24 48
30 6 2 25 52
30 6 2 26 122
30 6 2 27 92
31 0 0 1 1
31 0 0 31 1
31 1 0 2 4
31 1 0 3 4
31 1 0 4 4
31 1 0 5 4
31 1 0 6 4
31 1 0 7 4
31 1 0 8 4
31 1 0 9 4
31 1 0 10 4
31 1 0 11 4
31 1 0 12 4
31 1 0 13 4
31 1 0 14 4
31 1 0 15 4
31 1 0 16 4
31 1 0 17 4
31 1 0 18 4
31 1 0 19 4
31 1 0 20 4
31 1 0 21 4
31 1 0 22 4
31 1 0 23 4
31 1 0 24 4
31 1 0 25 4
31 1 0 26 4
31 1 0 27 4
31 1 0 28 4
31 1 0 29 4
31 1 0 30 4
31 2 0 2 114
31 2 0 3 122
31 2 0 4 174
31 2 0 5 176
31 2 0 6 178
31 2 0 7 180
31 2 0 8 182
31 2 0 9 184
31 2 0 10 186
31 2 0 11 188
31 2 0 12 190
31 2 0 13 192
31 2 0 14 194
31 2 0 15 194
31 2 0 16 188
31 2 0 17 182
31 2 0 18 176
31 2 0 19 170
31 2 0 20 164
31 2 0 21 158
31 2 0 22 152
31 2 0 23 146
31 2 0 24 140
31 2 0 25 134
31 2 0 26 128
31 2 0 27 122
31 2 0 28 120
31 2 0 29 114
31 2 0 30 112
31 3 0 2 208
31 3 0 3 1128
31 3 0 4 2996
31 3 0 5 3784
31 3 0 6 4472
31 3 0 7 5068
31 3 0 8 5568
31 3 0 9 5976
31 3 0 10 6288
31 3 0 11 6508
31 3 0 12 6632
31 3 0 13 6664
31 3 0 14 6600
31 3 0 15 6456
31 3 0 16 6268
31 3 0 17 6044
31 3 0 18 5780
31 3 0 19 5480
31 3 0 20 5140
31 3 0 21 4764
31 3 0 22 4348
31 3 0 23 3896
31 3 0 24 3404
31 3 0 25 2872
31 3 0 26 2304
31 3 0 27 1700
31 3 0 28 1232
31 3 0 29 532
31 3 1 2 4
31 3 1 29 4
31 4 0 2 2696
31 4 0 3 12636
31 4 0 4 34580
31 4 0 5 58868
31 4 0 6 80548
31 4 0 7 100405
31 4 0 8 117152
31 4 0 9 130674
31 4 0 10 140746
31 4 0 11 147501
31 4 0 12 151032
31 4 0 13 151614
31 4 0 14 149220
31 4 0 15 144146
31 4 0 16 137012
31 4 0 17 128231
31 4 0 18 117990
31 4 0 19 106778
31 4 0 20 94764
31 4 0 21 82459
31 4 0 22 70010
31 4 0 23 57942
31 4 0 24 46392
31 4 0 25 35733
31 4 0 26 26422
31 4 0 27 18978
31 4 0 28 11210
31 4 0 29 5435
31 4 1 2 108
31 4 1 3 24
31 4 1 4 28
31 4 1 5 28
31 4 1 6 28
31 4 1 7 28
31 4 1 8 28
31 4 1 9 28
31 4 1 10 28
31 4 1 11 28
31 4 1 12 28
31 4 1 13 28
31 4 1 14 28
31 4 1 15 28
31 4 1 16 28
31 4 1 17 28
31 4 1 18 28
31 4 1 19 28
31 4 1 20 28
31 4 1 21 28
31 4 1 22 28
31 4 1 23 28
31 4 1 24 28
31 4 1 25 28
31 4 1 26 28
31 4 1 27 24
31 4 1 28 24
31 4 1 29 104
31 5 0 2 4416
31 5 0 3 69358
31 5 0 4 298000
31 5 0 5 656400
31 5 0 6 1048608
31 5 0 7 1453296
31 5 0 8 1816760
31 5 0 9 2118588
31 5 0 10 2345936
31 5 0 11 2493792
31 5 0 12 2561504
31 5 0 13 2553956
31 5 0 14 2480056
31 5 0 15 2352900
31 5 0 16 2182328
31 5 0 17 1980268
31 5 0 18 1757704
31 5 0 19 1524584
31 5 0 20 1289764
31 5 0 21 1060700
31 5 0 22 844000
31 5 0 23 644232
31 5 0 24 466380
31 5 0 25 316048
31 5 0 26 193596
31 5 0 27 100206
31 5 0 28 29116
31 5 1 2 384
31 5 1 3 1220
31 5 1 4 1680
31 5 1 5 1928
31 5 1 6 1948
31 5 1 7 1968
31 5 1 8 1988
31 5 1 9 2008
31 5 1 10 2028
31 5 1 11 2048
31 5 1 12 2068
31 5 1 13 2088
31 5 1 14 2088
31 5 1 15 2048
31 5 1 16 1988
31 5 1 17 1928
31 5 1 18 1868
31 5 1 19 1808
31 5 1 20 1748
31 5 1 21 1688
31 5 1 22 1628
31 5 1 23 1568
31 5 1 24 1512
31 5 1 25 1456
31 5 1 26 1420
31 5 1 27 1204
31 5 1 28 1188
31 5 2 2 4
31 5 2 3 4
31 5 2 27 4
31 5 2 28 4
31 6 0 2 34232
31 6 0 3 462590
31 6 0 4 2207384
31 6 0 5 5838770
31 6 0 6 10772738
31 6 0 7 16387426
31 6 0 8 21819516
31 6 0 9 26481798
31 6 0 10 30009408
31 6 0 11 32224180
31 6 0 12 33107270
31 6 0 13 32752110
31 6 0 14 31328336
31 6 0 15 29058090
31 6 0 16 26186424
31 6 0 17 22943078
31 6 0 18 19536954
31 6 0 19 16138408
31 6 0 20 12899536
31 6 0 21 9928360
31 6 0 22 7318436
31 6 0 23 5122340
31 6 0 24 3373612
31 6 0 25 2062014
31 6 0 26 1125592
31 6 0 27 474162
31 6 0 28 149984
31 6 1 2 4680
31 6 1 3 14896
31 6 1 4 31472
31 6 1 5 48596
31 6 1 6 56864
31 6 1 7 64108
31 6 1 8 70108
31 6 1 9 74900
31 6 1 10 78448
31 6 1 11 80788
31 6 1 12 81888
31 6 1 13 81800
31 6 1 14 80384
31 6 1 15 77956
31 6 1 16 75024
31 6 1 17 71612
31 6 1 18 67684
31 6 1 19 63276
31 6 1 20 58348
31 6 1 21 52940
31 6 1 22 47012
31 6 1 23 40576
31 6 1 24 33744
31 6 1 25 26460
31 6 1 26 20072
31 6 1 27 14292
31 6 1 28 9416
31 6 2 2 102
31 6 2 3 136
31 6 2 4 48
31 6 2 5 56
31 6 2 6 56
31 6 2 7 56
31 6 2 8 56
31 6 2 9 56
31 6 2 10 56
31 6 2 11 56
31 6 2 12 56
31 6 2 13 56
31 6 2 14 56
31 6 2 15 56
31 6 2 16 56
31 6 2 17 56
31 6 2 18 56
31 6 2 19 56
31 6 2 20 56
31 6 2 21 56
31 6 2 22 56
31 6 2 23 56
31 6 2 24 52
31 6 2 25 48
31 6 2 26 52
31 6 2 27 126
31 6 2 28 96
32 0 0 1 1
32 0 0 32 1
32 1 0 2 4
32 1 0 3 4
32 1 0 4 4
32 1 0 5 4
32 1 0 6 4
32 1 0 7 4
32 1 0 8 4
32 1 0 9 4
32 1 0 10 4
32 1 0 11 4
32 1 0 12 4
32 1 0 13 4
32 1 0 14 4
32 1 0 15 4
32 1 0 16 4
32 1 0 17 4
32 1 0 18 4
32 1 0 19 4
32 1 0 20 4
32 1 0 21 4
32 1 0 22 4
32 1 0 23 4
32 1 0 24 4
32 1 0 25 4
32 1 0 26 4
32 1 0 27 4
32 1 0 28 4
32 1 0 29 4
32 1 0 30 4
32 1 0 31 4
32 2 0 2 118
32 2 0 3 126
32 2 0 4 180
32 2 0 5 182
32 2 0 6 184
32 2 0 7 186
32 2 0 8 188
32 2 0 9 190
32 2 0 10 192
32 2 0 11 194
32 2 0 12 196
32 2 0 13 198
32 2 0 14 200
32 2 0 15 202
32 2 0 16 198
32 2 0 17 192
32 2 0 18 186
32 2 0 19 180
32 2 0 20 174
32 2 0 21 168
32 2 0 22 162
32 2 0 23 156
32 2 0 24 150
32 2 0 25 144
32 2 0 26 138
32 2 0 27 132
32 2 0 28 126
32 2 0 29 124
32 2 0 30 118
32 2 0 31 116
32 3 0 2 216
32 3 0 3 1172
32 3 0 4 3176
32 3 0 5 4000
32 3 0 6 4728
32 3 0 7 5360
32 3 0 8 5900
32 3 0 9 6344
32 3 0 10 6696
32 3 0 11 6952
32 3 0 12 7116
32 3 0 13 7184
32 3 0 14 7160
32 3 0 15 7040
32 3 0 16 6860
32 3 0 17 6644
32 3 0 18 6392
32 3 0 19 6100
32 3 0 20 5772
32 3 0 21 5404
32 3 0 22 5000
32 3 0 23 4556
32 3 0 24 4076
32 3 0 25 3556
32 3 0 26 2996
32 3 0 27 2400
32 3 0 28 1768
32 3 0 29 1280
32 3 0 30 552
32 3 1 2 4
32 3 1 30 4
32 4 0 2 2908
32 4 0 3 13565
32 4 0 4 37445
32 4 0 5 63861
32 4 0 6 87614
32 4 0 7 109505
32 4 0 8 128255
32 4 0 9 143629
32 4 0 10 155528
32 4 0 11 163833
32 4 0 12 168805
32 4 0 13 170527
32 4 0 14 169230
32 4 0 15 164847
32 4 0 16 158145
32 4 0 17 149436
32 4 0 18 139180
32 4 0 19 127554
32 4 0 20 115057
32 4 0 21 101848
32 4 0 22 88448
32 4 0 23 74994
32 4 0 24 62021
32 4 0 25 49656
32 4 0 26 38272
32 4 0 27 28334
32 4 0 28 20367
32 4 0 29 12074
32 4 0 30 5860
32 4 1 2 112
32 4 1 3 24
32 4 1 4 28
32 4 1 5 28
32 4 1 6 28
32 4 1 7 28
32 4 1 8 28
32 4 1 9 28
32 4 1 10 28
32 4 1 11 28
32 4 1 12 28
32 4 1 13 28
32 4 1 14 28
32 4 1 15 28
32 4 1 16 28
32 4 1 17 28
32 4 1 18 28
32 4 1 19 28
32 4 1 20 28
32 4 1 21 28
32 4 1 22 28
32 4 1 23 28
32 4 1 24 28
32 4 1 25 28
32 4 1 26 28
32 4 1 27 28
32 4 1 28 24
32 4 1 29 24
32 4 1 30 108
32 5 0 2 4800
32 5 0 3 75446
32 5 0 4 330464
32 5 0 5 731932
32 5 0 6 1174368
32 5 0 7 1636524
32 5 0 8 2058692
32 5 0 9 2416664
32 5 0 10 2696156
32 5 0 11 2889316
32 5 0 12 2994816
32 5 0 13 3015388
32 5 0 14 2959620
32 5 0 15 2839352
32 5 0 16 2667316
32 5 0 17 2454316
32 5 0 18 2212900
32 5 0 19 1954040
32 5 0 20 1687688
32 5 0 21 1422704
32 5 0 22 1166544
32 5 0 23 925824
32 5 0 24 705084
32 5 0 25 509356
32 5 0 26 344388
32 5 0 27 210456
32 5 0 28 108778
32 5 0 29 31528
32 5 1 2 400
32 5 1 3 1268
32 5 1 4 1748
32 5 1 5 2004
32 5 1 6 2024
32 5 1 7 2044
32 5 1 8 2064
32 5 1 9 2084
32 5 1 10 2104
32 5 1 11 2124
32 5 1 12 2144
32 5 1 13 2164
32 5 1 14 2180
32 5 1 15 2160
32 5 1 16 2104
32 5 1 17 2044
32 5 1 18 1984
32 5 1 19 1924
32 5 1 20 1864
32 5 1 21 1804
32 5 1 22 1744
32 5 1 23 1684
32 5 1 24 1624
32 5 1 25 1568
32 5 1 26 1512
32 5 1 27 1476
32 5 1 28 1252
32 5 1 29 1236
32 5 2 2 4
32 5 2 3 4
32 5 2 28 4
32 5 2 29 4
32 6 0 2 38824
32 6 0 3 520486
32 6 0 4 2518178
32 6 0 5 6714954
32 6 0 6 12469794
32 6 0 7 19125788
32 6 0 8 25684966
32 6 0 9 31464202
32 6 0 10 36016950
32 6 0 11 39096082
32 6 0 12 40638240
32 6 0 13 40714040
32 6 0 14 39483872
32 6 0 15 37176782
32 6 0 16 34053316
32 6 0 17 30383870
32 6 0 18 26406708
32 6 0 19 22337726
32 6 0 20 18351078
32 6 0 21 14601920
32 6 0 22 11197706
32 6 0 23 8230984
32 6 0 24 5749846
32 6 0 25 3782636
32 6 0 26 2311856
32 6 0 27 1263392
32 6 0 28 534616
32 6 0 29 169400
32 6 1 2 5076
32 6 1 3 15932
32 6 1 4 33643
32 6 1 5 52045
32 6 1 6 60823
32 6 1 7 68553
32 6 1 8 75075
32 6 1 9 80353
32 6 1 10 84423
32 6 1 11 87249
32 6 1 12 88867
32 6 1 13 89253
32 6 1 14 88429
32 6 1 15 86226
32 6 1 16 83410
32 6 1 17 80088
32 6 1 18 76286
32 6 1 19 71968
32 6 1 20 67170
32 6 1 21 61852
32 6 1 22 56054
32 6 1 23 49736
32 6 1 24 42910
32 6 1 25 35696
32 6 1 26 28032
32 6 1 27 21336
32 6 1 28 15292
32 6 1 29 10208
32 6 2 2 106
32 6 2 3 140
32 6 2 4 48
32 6 2 5 56
32 6 2 6 56
32 6 2 7 56
32 6 2 8 56
32 6 2 9 56
32 6 2 10 56
32 6 2 11 56
32 6 2 12 56
32 6 2 13 56
32 6 2 14 56
32 6 2 15 56
32 6 2 16 56
32 6 2 17 56
32 6 2 18 56
32 6 2 19 56
32 6 2 20 56
32 6 2 21 56
32 6 2 22 56
32 6 2 23 56
32 6 2 24 56
32 6 2 25 52
32 6 2 26 48
32 6 2 27 52
32 6 2 28 130
32 6 2 29 100
33 0 0 1 1
33 0 0 33 1
33 1 0 2 4
33 1 0 3 4
33 1 0 4 4
33 1 0 5 4
33 1 0 6 4
33 1 0 7 4
33 1 0 8 4
33 1 0 9 4
33 1 0 10 4
33 1 0 11 4
33 1 0 12 4
33 1 0 13 4
33 1 0 14 4
33 1 0 15 4
33 1 0 16 4
33 1 0 17 4
33 1 0 18 4
33 1 0 19 4
33 1 0 20 4
33 1 0 21 4
33 1 0 22 4
33 1 0 23 4
33 1 0 24 4
33 1 0 25 4
33 1 0 26 4
33 1 0 27 4
33 1 0 28 4
33 1 0 29 4
33 1 0 30 4
33 1 0 31 4
33 1 0 32 4
33 2 0 2 122
33 2 0 3 130
33 2 0 4 186
33 2 0 5 188
33 2 0 6 190
33 2 0 7 192
33 2 0 8 194
33 2 0 9 196
33 2 0 10 198
33 2 0 11 200
33 2 0 12 202
33 2 0 13 204
33 2 0 14 206
33 2 0 15 208
33 2 0 16 208
33 2 0 17 202
33 2 0 18 196
33 2 0 19 190
33 2 0 20 184
33 2 0 21 178
33 2 0 22 172
33 2 0 23 166
33 2 0 24 160
33 2 0 25 154
33 2 0 26 148
33 2 0 27 142
33 2 0 28 136
33 2 0 29 130
33 2 0 30 128
33 2 0 31 122
33 2 0 32 120
33 3 0 2 224
33 3 0 3 1216
33 3 0 4 3348
33 3 0 5 4212
33 3 0 6 4976
33 3 0 7 5648
33 3 0 8 6224
33 3 0 9 6708
33 3 0 10 7096
33 3 0 11 7392
33 3 0 12 7592
33 3 0 13 7700
33 3 0 14 7712
33 3 0 15 7632
33 3 0 16 7468
33 3 0 17 7264
33 3 0 18 7020
33 3 0 19 6740
33 3 0 20 6420
33 3 0 21 6064
33 3 0 22 5668
33 3 0 23 5236
33 3 0 24 4764
33 3 0 25 4256
33 3 0 26 3708
33 3 0 27 3120
33 3 0 28 2496
33 3 0 29 1836
33 3 0 30 1328
33 3 0 31 572
33 3 1 2 4
33 3 1 31 4
33 4 0 2 3128
33 4 0 3 14526
33 4 0 4 40444
33 4 0 5 69051
33 4 0 6 94892
33 4 0 7 118956
33 4 0 8 139740
33 4 0 9 157129
33 4 0 10 170876
33 4 0 11 180956
33 4 0 12 187398
33 4 0 13 190495
33 4 0 14 190308
33 4 0 15 187038
33 4 0 16 180746
33 4 0 17 172384
33 4 0 18 162084
33 4 0 19 150337
33 4 0 20 137310
33 4 0 21 123512
33 4 0 22 109092
33 4 0 23 94581
33 4 0 24 80106
33 4 0 25 66212
33 4 0 26 53016
33 4 0 27 40891
33 4 0 28 30310
33 4 0 29 21804
33 4 0 30 12970
33 4 0 31 6301
33 4 1 2 116
33 4 1 3 24
33 4 1 4 28
33 4 1 5 28
33 4 1 6 28
33 4 1 7 28
33 4 1 8 28
33 4 1 9 28
33 4 1 10 28
33 4 1 11 28
33 4 1 12 28
33 4 1 13 28
33 4 1 14 28
33 4 1 15 28
33 4 1 16 28
33 4 1 17 28
33 4 1 18 28
33 4 1 19 28
33 4 1 20 28
33 4 1 21 28
33 4 1 22 28
33 4 1 23 28
33 4 1 24 28
33 4 1 25 28
33 4 1 26 28
33 4 1 27 28
33 4 1 28 28
33 4 1 29 24
33 4 1 30 24
33 4 1 31 112
33 5 0 2 5200
33 5 0 3 81790
33 5 0 4 365106
33 5 0 5 812830
33 5 0 6 1308602
33 5 0 7 1832958
33 5 0 8 2318070
33 5 0 9 2738210
33 5 0 10 3075322
33 5 0 11 3320522
33 5 0 12 3469790
33 5 0 13 3525650
33 5 0 14 3493842
33 5 0 15 3386222
33 5 0 16 3216652
33 5 0 17 2996868
33 5 0 18 2739328
33 5 0 19 2456604
33 5 0 20 2159656
33 5 0 21 1858440
33 5 0 22 1561820
33 5 0 23 1277252
33 5 0 24 1011360
33 5 0 25 768656
33 5 0 26 554220
33 5 0 27 373944
33 5 0 28 228020
33 5 0 29 117702
33 5 0 30 34036
33 5 1 2 416
33 5 1 3 1316
33 5 1 4 1812
33 5 1 5 2080
33 5 1 6 2100
33 5 1 7 2120
33 5 1 8 2140
33 5 1 9 2160
33 5 1 10 2180
33 5 1 11 2200
33 5 1 12 2220
33 5 1 13 2240
33 5 1 14 2260
33 5 1 15 2260
33 5 1 16 2220
33 5 1 17 2160
33 5 1 18 2100
33 5 1 19 2040
33 5 1 20 1980
33 5 1 21 1920
33 5 1 22 1860
33 5 1 23 1800
33 5 1 24 1740
33 5 1 25 1680
33 5 1 26 1624
33 5 1 27 1568
33 5 1 28 1532
33 5 1 29 1300
33 5 1 30 1284
33 5 2 2 4
33 5 2 3 4
33 5 2 29 4
33 5 2 30 4
33 6 0 2 43808
33 6 0 3 582876
33 6 0 4 2857770
33 6 0 5 7676984
33 6 0 6 14342120
33 6 0 7 22162750
33 6 0 8 29997186
33 6 0 9 37059540
33 6 0 10 42812472
33 6 0 11 46934898
33 6 0 12 49305294
33 6 0 13 49964194
33 6 0 14 49060842
33 6 0 15 46818744
33 6 0 16 43519196
33 6 0 17 39454902
33 6 0 18 34911820
33 6 0 19 30135362
33 6 0 20 25347650
33 6 0 21 20725788
33 6 0 22 16427224
33 6 0 23 12557996
33 6 0 24 9208876
33 6 0 25 6422624
33 6 0 26 4221620
33 6 0 27 2580402
33 6 0 28 1411800
33 6 0 29 599990
33 6 0 30 190424
33 6 1 2 5488
33 6 1 3 17000
33 6 1 4 35888
33 6 1 5 55568
33 6 1 6 64824
33 6 1 7 73076
33 6 1 8 80084
33 6 1 9 85884
33 6 1 10 90440
33 6 1 11 93788
33 6 1 12 95892
33 6 1 13 96792
33 6 1 14 96468
33 6 1 15 94820
33 6 1 16 92092
33 6 1 17 88896
33 6 1 18 85184
33 6 1 19 80992
33 6 1 20 76284
33 6 1 21 71096
33 6 1 22 65388
33 6 1 23 59200
33 6 1 24 52492
33 6 1 25 45276
33 6 1 26 37680
33 6 1 27 29636
33 6 1 28 22632
33 6 1 29 16324
33 6 1 30 11032
33 6 2 2 110
33 6 2 3 144
33 6 2 4 48
33 6 2 5 56
33 6 2 6 56
33 6 2 7 56
33 6 2 8 56
33 6 2 9 56
33 6 2 10 56
33 6 2 11 56
33 6 2 12 56
33 6 2 13 56
33 6 2 14 56
33 6 2 15 56
33 6 2 16 56
33 6 2 17 56
33 6 2 18 56
33 6 2 19 56
33 6 2 20 56
33 6 2 21 56
33 6 2 22 56
33 6 2 23 56
33 6 2 24 56
33 6 2 25 56
33 6 2 26 52
33 6 2 27 48
33 6 2 28 52
33 6 2 29 134
33 6 2 30 104
34 0 0 1 1
34 0 0 34 1
34 1 0 2 4
34 1 0 3 4
34 1 0 4 4
34 1 0 5 4
34 1 0 6 4
34 1 0 7 4
34 1 0 8 4
34 1 0 9 4
34 1 0 10 4
34 1 0 11 4
34 1 0 12 4
34 1 0 13 4
34 1 0 14 4
34 1 0 15 4
34 1 0 16 4
34 1 0 17 4
34 1 0 18 4
34 1 0 19 4
34 1 0 20 4
34 1 0 21 4
34 1 0 22 4
34 1 0 23 4
34 1 0 24 4
34 1 0 25 4
34 1 0 26 4
34 1 0 27 4
34 1 0 28 4
34 1 0 29 4
34 1 0 30 4
34 1 0 31 4
34 1 0 32 4
34 1 0 33 4
34 2 0 2 126
34 2 0 3 134
34 2 0 4 192
34 2 0 5 194
34 2 0 6 196
34 2 0 7 198
34 2 0 8 200
34 2 0 9 202
34 2 0 10 204
34 2 0 11 206
34 2 0 12 208
34 2 0 13 210
34 2 0 14 212
34 2 0 15 214
34 2 0 16 216
34 2 0 17 212
34 2 0 18 206
34 2 0 19 200
34 2 0 20 194
34 2 0 21 188
34 2 0 22 182
34 2 0 23 176
34 2 0 24 170
34 2 0 25 164
34 2 0 26 158
34 2 0 27 152
34 2 0 28 146
34 2 0 29 140
34 2 0 30 134
34 2 0 31 132
34 2 0 32 126
34 2 0 33 124
34 3 0 2 232
34 3 0 3 1260
34 3 0 4 3536
34 3 0 5 4436
34 3 0 6 5240
34 3 0 7 5948
34 3 0 8 6564
34 3 0 9 7084
34 3 0 10 7512
34 3 0 11 7844
34 3 0 12 8084
34 3 0 13 8228
34 3 0 14 8280
34 3 0 15 8236
34 3 0 16 8100
34 3 0 17 7900
34 3 0 18 7668
34 3 0 19 7396
34 3 0 20 7088
34 3 0 21 6740
34 3 0 22 6356
34 3 0 23 5932
34 3 0 24 5472
34 3 0 25 4972
34 3 0 26 4436
34 3 0 27 3860
34 3 0 28 3244
34 3 0 29 2592
34 3 0 30 1904
34 3 0 31 1376
34 3 0 32 592
34 3 1 2 4
34 3 1 32 4
34 4 0 2 3356
34 4 0 3 15519
34 4 0 4 43556
34 4 0 5 74465
34 4 0 6 102553
34 4 0 7 128833
34 4 0 8 151802
34 4 0 9 171225
34 4 0 10 186999
34 4 0 11 198887
34 4 0 12 207034
34 4 0 13 211521
34 4 0 14 212647
34 4 0 15 210405
34 4 0 16 204980
34 4 0 17 196922
34 4 0 18 186863
34 4 0 19 174956
34 4 0 20 161702
34 4 0 21 147258
34 4 0 22 132143
34 4 0 23 116496
34 4 0 24 100858
34 4 0 25 85346
34 4 0 26 70515
34 4 0 27 56472
34 4 0 28 43590
34 4 0 29 32350
34 4 0 30 23289
34 4 0 31 13898
34 4 0 32 6758
34 4 1 2 120
34 4 1 3 24
34 4 1 4 28
34 4 1 5 28
34 4 1 6 28
34 4 1 7 28
34 4 1 8 28
34 4 1 9 28
34 4 1 10 28
34 4 1 11 28
34 4 1 12 28
34 4 1 13 28
34 4 1 14 28
34 4 1 15 28
34 4 1 16 28
34 4 1 17 28
34 4 1 18 28
34 4 1 19 28
34 4 1 20 28
34 4 1 21 28
34 4 1 22 28
34 4 1 23 28
34 4 1 24 28
34 4 1 25 28
34 4 1 26 28
34 4 1 27 28
34 4 1 28 28
34 4 1 29 28
34 4 1 30 24
34 4 1 31 24
34 4 1 32 116
34 5 0 2 5616
34 5 0 3 88390
34 5 0 4 401864
34 5 0 5 898840
34 5 0 6 1452156
34 5 0 7 2043156
34 5 0 8 2597212
34 5 0 9 3084716
34 5 0 10 3486160
34 5 0 11 3789008
34 5 0 12 3989028
34 5 0 13 4085620
34 5 0 14 4084792
34 5 0 15 3995896
34 5 0 16 3833712
34 5 0 17 3611364
34 5 0 18 3341556
34 5 0 19 3037364
34 5 0 20 2711380
34 5 0 21 2374552
34 5 0 22 2036840
34 5 0 23 1707112
34 5 0 24 1392824
34 5 0 25 1100608
34 5 0 26 834948
34 5 0 27 600972
34 5 0 28 404716
34 5 0 29 246288
34 5 0 30 126978
34 5 0 31 36640
34 5 1 2 432
34 5 1 3 1364
34 5 1 4 1880
34 5 1 5 2156
34 5 1 6 2176
34 5 1 7 2196
34 5 1 8 2216
34 5 1 9 2236
34 5 1 10 2256
34 5 1 11 2276
34 5 1 12 2296
34 5 1 13 2316
34 5 1 14 2336
34 5 1 15 2352
34 5 1 16 2332
34 5 1 17 2276
34 5 1 18 2216
34 5 1 19 2156
34 5 1 20 2096
34 5 1 21 2036
34 5 1 22 1976
34 5 1 23 1916
34 5 1 24 1856
34 5 1 25 1796
34 5 1 26 1736
34 5 1 27 1680
34 5 1 28 1624
34 5 1 29 1588
34 5 1 30 1348
34 5 1 31 1332
34 5 2 2 4
34 5 2 3 4
34 5 2 30 4
34 5 2 31 4
34 6 0 2 49200
34 6 0 3 649920
34 6 0 4 3227728
34 6 0 5 8730390
34 6 0 6 16397068
34 6 0 7 25513952
34 6 0 8 34781346
34 6 0 9 43302398
34 6 0 10 50447318
34 6 0 11 55806218
34 6 0 12 59195658
34 6 0 13 60612392
34 6 0 14 60188300
34 6 0 15 58141874
34 6 0 16 54759630
34 6 0 17 50362722
34 6 0 18 45269568
34 6 0 19 39776098
34 6 0 20 34134032
34 6 0 21 28570950
34 6 0 22 23266058
34 6 0 23 18378328
34 6 0 24 14011534
34 6 0 25 10253904
34 6 0 26 7142018
34 6 0 27 4691524
34 6 0 28 2868292
34 6 0 29 1571200
34 6 0 30 670476
34 6 0 31 213120
34 6 1 2 5916
34 6 1 3 18100
34 6 1 4 38187
34 6 1 5 59217
34 6 1 6 68983
34 6 1 7 77721
34 6 1 8 85251
34 6 1 9 91537
34 6 1 10 96615
34 6 1 11 100449
34 6 1 12 103075
34 6 1 13 104457
34 6 1 14 104643
34 6 1 15 103575
34 6 1 16 101116
34 6 1 17 98000
34 6 1 18 94414
34 6 1 19 90312
34 6 1 20 85730
34 6 1 21 80632
34 6 1 22 75054
34 6 1 23 68956
34 6 1 24 62378
34 6 1 25 55280
34 6 1 26 47674
34 6 1 27 39696
34 6 1 28 31272
34 6 1 29 23960
34 6 1 30 17388
34 6 1 31 11888
34 6 2 2 114
34 6 2 3 148
34 6 2 4 48
34 6 2 5 56
34 6 2 6 56
34 6 2 7 56
34 6 2 8 56
34 6 2 9 56
34 6 2 10 56
34 6 2 11 56
34 6 2 12 56
34 6 2 13 56
34 6 2 14 56
34 6 2 15 56
34 6 2 16 56
34 6 2 17 56
34 6 2 18 56
34 6 2 19 56
34 6 2 20 56
34 6 2 21 56
34 6 2 22 56
34 6 2 23 56
34 6 2 24 56
34 6 2 25 56
34 6 2 26 56
34 6 2 27 52
34 6 2 28 48
34 6 2 29 52
34 6 2 30 138
34 6 2 31 108
35 0 0 1 1
35 0 0 35 1
35 1 0 2 4
35 1 0 3 4
35 1 0 4 4
35 1 0 5 4
35 1 0 6 4
35 1 0 7 4
35 1 0 8 4
35 1 0 9 4
35 1 0 10 4
35 1 0 11 4
35 1 0 12 4
35 1 0 13 4
35 1 0 14 4
35 1 0 15 4
35 1 0 16 4
35 1 0 17 4
35 1 0 18 4
35 1 0 19 4
35 1 0 20 4
35 1 0 21 4
35 1 0 22 4
35 1 0 23 4
35 1 0 24 4
35 1 0 25 4
35 1 0 26 4
35 1 0 27 4
35 1 0 28 4
35 1 0 29 4
35 1 0 30 4
35 1 0 31 4
35 1 0 32 4
35 1 0 33 4
35 1 0 34 4
35 2 0 2 130
35 2 0 3 138
35 2 0 4 198
35 2 0 5 200
35 2 0 6 202
35 2 0 7 204
35 2 0 8 206
35 2 0 9 208
35 2 0 10 210
35 2 0 11 212
35 2 0 12 214
35 2 0 13 216
35 2 0 14 218
35 2 0 15 220
35 2 0 16 222
35 2 0 17 222
35 2 0 18 216
35 2 0 19 210
35 2 0 20 204
35 2 0 21 198
35 2 0 22 192
35 2 0 23 186
35 2 0 24 180
35 2 0 25 174
35 2 0 26 168
35 2 0 27 162
35 2 0 28 156
35 2 0 29 150
35 2 0 30 144
35 2 0 31 138
35 2 0 32 136
35 2 0 33 130
35 2 0 34 128
35 3 0 2 240
35 3 0 3 1304
35 3 0 4 3716
35 3 0 5 4656
35 3 0 6 5496
35 3 0 7 6244
35 3 0 8 6896
35 3 0 9 7456
35 3 0 10 7920
35 3 0 11 8292
35 3 0 12 8568
35 3 0 13 8752
35 3 0 14 8840
35 3 0 15 8836
35 3 0 16 8736
35 3 0 17 8556
35 3 0 18 8332
35 3 0 19 8072
35 3 0 20 7772
35 3 0 21 7436
35 3 0 22 7060
35 3 0 23 6648
35 3 0 24 6196
35 3 0 25 5708
35 3 0 26 5180
35 3 0 27 4616
35 3 0 28 4012
35 3 0 29 3368
35 3 0 30 2688
35 3 0 31 1972
35 3 0 32 1424
35 3 0 33 612
35 3 1 2 4
35 3 1 33 4
35 4 0 2 3592
35 4 0 3 16544
35 4 0 4 46802
35 4 0 5 80072
35 4 0 6 110418
35 4 0 7 139053
35 4 0 8 164238
35 4 0 9 185858
35 4 0 10 203666
35 4 0 11 217575
35 4 0 12 227454
35 4 0 13 233576
35 4 0 14 236016
35 4 0 15 235071
35 4 0 16 230684
35 4 0 17 223203
35 4 0 18 213354
35 4 0 19 201582
35 4 0 20 188052
35 4 0 21 173275
35 4 0 22 157398
35 4 0 23 140950
35 4 0 24 124060
35 4 0 25 107279
35 4 0 26 90714
35 4 0 27 74930
35 4 0 28 60024
35 4 0 29 46369
35 4 0 30 34454
35 4 0 31 24822
35 4 0 32 14858
35 4 0 33 7231
35 4 1 2 124
35 4 1 3 24
35 4 1 4 28
35 4 1 5 28
35 4 1 6 28
35 4 1 7 28
35 4 1 8 28
35 4 1 9 28
35 4 1 10 28
35 4 1 11 28
35 4 1 12 28
35 4 1 13 28
35 4 1 14 28
35 4 1 15 28
35 4 1 16 28
35 4 1 17 28
35 4 1 18 28
35 4 1 19 28
35 4 1 20 28
35 4 1 21 28
35 4 1 22 28
35 4 1 23 28
35 4 1 24 28
35 4 1 25 28
35 4 1 26 28
35 4 1 27 28
35 4 1 28 28
35 4 1 29 28
35 4 1 30 28
35 4 1 31 24
35 4 1 32 24
35 4 1 33 120
35 5 0 2 6048
35 5 0 3 95246
35 5 0 4 440924
35 5 0 5 990532
35 5 0 6 1604584
35 5 0 7 2267184
35 5 0 8 2894544
35 5 0 9 3455656
35 5 0 10 3926952
35 5 0 11 4294912
35 5 0 12 4551768
35 5 0 13 4696996
35 5 0 14 4733744
35 5 0 15 4671080
35 5 0 16 4521472
35 5 0 17 4301684
35 5 0 18 4023484
35 5 0 19 3701380
35 5 0 20 3348424
35 5 0 21 2977228
35 5 0 22 2598728
35 5 0 23 2222888
35 5 0 24 1858580
35 5 0 25 1513260
35 5 0 26 1193568
35 5 0 27 903960
35 5 0 28 649612
35 5 0 29 436704
35 5 0 30 265260
35 5 0 31 136606
35 5 0 32 39340
35 5 1 2 448
35 5 1 3 1412
35 5 1 4 1944
35 5 1 5 2232
35 5 1 6 2252
35 5 1 7 2272
35 5 1 8 2292
35 5 1 9 2312
35 5 1 10 2332
35 5 1 11 2352
35 5 1 12 2372
35 5 1 13 2392
35 5 1 14 2412
35 5 1 15 2432
35 5 1 16 2432
35 5 1 17 2392
35 5 1 18 2332
35 5 1 19 2272
35 5 1 20 2212
35 5 1 21 2152
35 5 1 22 2092
35 5 1 23 2032
35 5 1 24 1972
35 5 1 25 1912
35 5 1 26 1852
35 5 1 27 1792
35 5 1 28 1736
35 5 1 29 1680
35 5 1 30 1644
35 5 1 31 1396
35 5 1 32 1380
35 5 2 2 4
35 5 2 3 4
35 5 2 31 4
35 5 2 32 4
35 6 0 2 55016
35 6 0 3 721778
35 6 0 4 3629388
35 6 0 5 9878668
35 6 0 6 18645568
35 6 0 7 29196536
35 6 0 8 40063136
35 6 0 9 50233194
35 6 0 10 58971596
35 6 0 11 65780554
35 6 0 12 70396998
35 6 0 13 72769630
35 6 0 14 73000328
35 6 0 15 71301582
35 6 0 16 67957984
35 6 0 17 63311106
35 6 0 18 57715048
35 6 0 19 51504034
35 6 0 20 44982528
35 6 0 21 38407710
35 6 0 22 32011850
35 6 0 23 25975408
35 6 0 24 20458112
35 6 0 25 15560624
35 6 0 26 11367860
35 6 0 27 7909372
35 6 0 28 5193308
35 6 0 29 3176166
35 6 0 30 1741976
35 6 0 31 746266
35 6 0 32 237552
35 6 1 2 6360
35 6 1 3 19232
35 6 1 4 40560
35 6 1 5 62940
35 6 1 6 73184
35 6 1 7 82444
35 6 1 8 90460
35 6 1 9 97268
35 6 1 10 102832
35 6 1 11 107188
35 6 1 12 110300
35 6 1 13 112204
35 6 1 14 112868
35 6 1 15 112344
35 6 1 16 110428
35 6 1 17 107436
35 6 1 18 103940
35 6 1 19 99964
35 6 1 20 95472
35 6 1 21 90500
35 6 1 22 85012
35 6 1 23 79044
35 6 1 24 72556
35 6 1 25 65588
35 6 1 26 58100
35 6 1 27 50104
35 6 1 28 41744
35 6 1 29 32940
35 6 1 30 25320
35 6 1 31 18484
35 6 1 32 12776
35 6 2 2 118
35 6 2 3 152
35 6 2 4 48
35 6 2 5 56
35 6 2 6 56
35 6 2 7 56
35 6 2 8 56
35 6 2 9 56
35 6 2 10 56
35 6 2 11 56
35 6 2 12 56
35 6 2 13 56
35 6 2 14 56
35 6 2 15 56
35 6 2 16 56
35 6 2 17 56
35 6 2 18 56
35 6 2 19 56
35 6 2 20 56
35 6 2 21 56
35 6 2 22 56
35 6 2 23 56
35 6 2 24 56
35 6 2 25 56
35 6 2 26 56
35 6 2 27 56
35 6 2 28 52
35 6 2 29 48
35 6 2 30 52
35 6 2 31 142
35 6 2 32 112
36 0 0 1 1
36 0 0 36 1
36 1 0 2 4
36 1 0 3 4
36 1 0 4 4
36 1 0 5 4
36 1 0 6 4
36 1 0 7 4
36 1 0 8 4
36 1 0 9 4
36 1 0 10 4
36 1 0 11 4
36 1 0 12 4
36 1 0 13 4
36 1 0 14 4
36 1 0 15 4
36 1 0 16 4
36 1 0 17 4
36 1 0 18 4
36 1 0 19 4
36 1 0 20 4
36 1 0 21 4
36 1 0 22 4
36 1 0 23 4
36 1 0 24 4
36 1 0 25 4
36 1 0 26 4
36 1 0 27 4
36 1 0 28 4
36 1 0 29 4
36 1 0 30 4
36 1 0 31 4
36 1 0 32 4
36 1 0 33 4
36 1 0 34 4
36 1 0 35 4
36 2 0 2 134
36 2 0 3 142
36 2 0 4 204
36 2 0 5 206
36 2 0 6 208
36 2 0 7 210
36 2 0 8 212
36 2 0 9 214
36 2 0 10 216
36 2 0 11 218
36 2 0 12 220
36 2 0 13 222
36 2 0 14 224
36 2 0 15 226
36 2 0 16 228
36 2 0 17 230
36 2 0 18 226
36 2 0 19 220
36 2 0 20 214
36 2 0 21 208
36 2 0 22 202
36 2 0 23 196
36 2 0 24 190
36 2 0 25 184
36 2 0 26 178
36 2 0 27 172
36 2 0 28 166
36 2 0 29 160
36 2 0 30 154
36 2 0 31 148
36 2 0 32 142
36 2 0 33 140
36 2 0 34 134
36 2 0 35 132
36 3 0 2 248
36 3 0 3 1348
36 3 0 4 3912
36 3 0 5 4888
36 3 0 6 5768
36 3 0 7 6552
36 3 0 8 7244
36 3 0 9 7840
36 3 0 10 8344
36 3 0 11 8752
36 3 0 12 9068
36 3 0 13 9288
36 3 0 14 9416
36 3 0 15 9448
36 3 0 16 9388
36 3 0 17 9232
36 3 0 18 9016
36 3 0 19 8764
36 3 0 20 8476
36 3 0 21 8148
36 3 0 22 7784
36 3 0 23 7380
36 3 0 24 6940
36 3 0 25 6460
36 3 0 26 5944
36 3 0 27 5388
36 3 0 28 4796
36 3 0 29 4164
36 3 0 30 3492
36 3 0 31 2784
36 3 0 32 2040
36 3 0 33 1472
36 3 0 34 632
36 3 1 2 4
36 3 1 34 4
36 4 0 2 3836
36 4 0 3 17601
36 4 0 4 50165
36 4 0 5 85911
36 4 0 6 118678
36 4 0 7 149711
36 4 0 8 177263
36 4 0 9 201099
36 4 0 10 221116
36 4 0 11 237055
36 4 0 12 248903
36 4 0 13 256677
36 4 0 14 260682
36 4 0 15 260979
36 4 0 16 257813
36 4 0 17 251095
36 4 0 18 241720
36 4 0 19 230042
36 4 0 20 216541
36 4 0 21 201372
36 4 0 22 185056
36 4 0 23 167730
36 4 0 24 149933
36 4 0 25 131784
36 4 0 26 113844
36 4 0 27 96210
36 4 0 28 79457
36 4 0 29 63672
36 4 0 30 49228
36 4 0 31 36622
36 4 0 32 26403
36 4 0 33 15850
36 4 0 34 7720
36 4 1 2 128
36 4 1 3 24
36 4 1 4 28
36 4 1 5 28
36 4 1 6 28
36 4 1 7 28
36 4 1 8 28
36 4 1 9 28
36 4 1 10 28
36 4 1 11 28
36 4 1 12 28
36 4 1 13 28
36 4 1 14 28
36 4 1 15 28
36 4 1 16 28
36 4 1 17 28
36 4 1 18 28
36 4 1 19 28
36 4 1 20 28
36 4 1 21 28
36 4 1 22 28
36 4 1 23 28
36 4 1 24 28
36 4 1 25 28
36 4 1 26 28
36 4 1 27 28
36 4 1 28 28
36 4 1 29 28
36 4 1 30 28
36 4 1 31 28
36 4 1 32 24
36 4 1 33 24
36 4 1 34 124
36 5 0 2 6496
36 5 0 3 102358
36 5 0 4 482208
36 5 0 5 1087596
36 5 0 6 1766852
36 5 0 7 2505704
36 5 0 8 3212716
36 5 0 9 3852748
36 5 0 10 4401184
36 5 0 11 4840104
36 5 0 12 5161392
36 5 0 13 5361356
36 5 0 14 5443016
36 5 0 15 5412828
36 5 0 16 5283620
36 5 0 17 5070568
36 5 0 18 4789500
36 5 0 19 4453012
36 5 0 20 4076340
36 5 0 21 3672508
36 5 0 22 3254148
36 5 0 23 2832184
36 5 0 24 2416584
36 5 0 25 2016224
36 5 0 26 1638560
36 5 0 27 1290240
36 5 0 28 975692
36 5 0 29 700140
36 5 0 30 469908
36 5 0 31 284936
36 5 0 32 146586
36 5 0 33 42136
36 5 1 2 464
36 5 1 3 1460
36 5 1 4 2012
36 5 1 5 2308
36 5 1 6 2328
36 5 1 7 2348
36 5 1 8 2368
36 5 1 9 2388
36 5 1 10 2408
36 5 1 11 2428
36 5 1 12 2448
36 5 1 13 2468
36 5 1 14 2488
36 5 1 15 2508
36 5 1 16 2524
36 5 1 17 2504
36 5 1 18 2448
36 5 1 19 2388
36 5 1 20 2328
36 5 1 21 2268
36 5 1 22 2208
36 5 1 23 2148
36 5 1 24 2088
36 5 1 25 2028
36 5 1 26 1968
36 5 1 27 1908
36 5 1 28 1848
36 5 1 29 1792
36 5 1 30 1736
36 5 1 31 1700
36 5 1 32 1444
36 5 1 33 1428
36 5 2 2 4
36 5 2 3 4
36 5 2 32 4
36 5 2 33 4
36 6 0 2 61272
36 6 0 3 798610
36 6 0 4 4064382
36 6 0 5 11127556
36 6 0 6 21095562
36 6 0 7 33226896
36 6 0 8 45869860
36 6 0 9 57887148
36 6 0 10 68439322
36 6 0 11 76923210
36 6 0 12 82998248
36 6 0 13 86544190
36 6 0 14 87631788
36 6 0 15 86455028
36 6 0 16 83298332
36 6 0 17 78513122
36 6 0 18 72481198
36 6 0 19 65583854
36 6 0 20 58165020
36 6 0 21 50536934
36 6 0 22 42961388
36 6 0 23 35674574
36 6 0 24 28857358
36 6 0 25 22669456
36 6 0 26 17207570
36 6 0 27 12552536
36 6 0 28 8726030
36 6 0 29 5727932
36 6 0 30 3504664
36 6 0 31 1924512
36 6 0 32 827552
36 6 0 33 263784
36 6 1 2 6820
36 6 1 3 20396
36 6 1 4 42987
36 6 1 5 66789
36 6 1 6 77543
36 6 1 7 87289
36 6 1 8 95827
36 6 1 9 103121
36 6 1 10 109207
36 6 1 11 114049
36 6 1 12 117683
36 6 1 13 120073
36 6 1 14 121255
36 6 1 15 121205
36 6 1 16 119929
36 6 1 17 117178
36 6 1 18 113798
36 6 1 19 109912
36 6 1 20 105546
36 6 1 21 100664
36 6 1 22 95302
36 6 1 23 89424
36 6 1 24 83066
36 6 1 25 76188
36 6 1 26 68830
36 6 1 27 60952
36 6 1 28 52566
36 6 1 29 43824
36 6 1 30 34640
36 6 1 31 26712
36 6 1 32 19612
36 6 1 33 13696
36 6 2 2 122
36 6 2 3 156
36 6 2 4 48
36 6 2 5 56
36 6 2 6 56
36 6 2 7 56
36 6 2 8 56
36 6 2 9 56
36 6 2 10 56
36 6 2 11 56
36 6 2 12 56
36 6 2 13 56
36 6 2 14 56
36 6 2 15 56
36 6 2 16 56
36 6 2 17 56
36 6 2 18 56
36 6 2 19 56
36 6 2 20 56
36 6 2 21 56
36 6 2 22 56
36 6 2 23 56
36 6 2 24 56
36 6 2 25 56
36 6 2 26 56
36 6 2 27 56
36 6 2 28 56
36 6 2 29 52
36 6 2 30 48
36 6 2 31 52
36 6 2 32 146
36 6 2 33 116
37 0 0 1 1
37 0 0 37 1
37 1 0 2 4
37 1 0 3 4
37 1 0 4 4
37 1 0 5 4
37 1 0 6 4
37 1 0 7 4
37 1 0 8 4
37 1 0 9 4
37 1 0 10 4
37 1 0 11 4
37 1 0 12 4
37 1 0 13 4
37 1 0 14 4
37 1 0 15 4
37 1 0 16 4
37 1 0 17 4
37 1 0 18 4
37 1 0 19 4
37 1 0 20 4
37 1 0 21 4
37 1 0 22 4
37 1 0 23 4
37 1 0 24 4
37 1 0 25 4
37 1 0 26 4
37 1 0 27 4
37 1 0 28 4
37 1 0 29 4
37 1 0 30 4
37 1 0 31 4
37 1 0 32 4
37 1 0 33 4
37 1 0 34 4
37 1 0 35 4
37 1 0 36 4
37 2 0 2 138
37 2 0 3 146
37 2 0 4 210
37 2 0 5 212
37 2 0 6 214
37 2 0 7 216
37 2 0 8 218
37 2 0 9 220
37 2 0 10 222
37 2 0 11 224
37 2 0 12 226
37 2 0 13 228
37 2 0 14 230
37 2 0 15 232
37 2 0 16 234
37 2 0 17 236
37 2 0 18 236
37 2 0 19 230
37 2 0 20 224
37 2 0 21 218
37 2 0 22 212
37 2 0 23 206
37 2 0 24 200
37 2 0 25 194
37 2 0 26 188
37 2 0 27 182
37 2 0 28 176
37 2 0 29 170
37 2 0 30 164
37 2 0 31 158
37 2 0 32 152
37 2 0 33 146
37 2 0 34 144
37 2 0 35 138
37 2 0 36 136
37 3 0 2 256
37 3 0 3 1392
37 3 0 4 4100
37 3 0 5 5116
37 3 0 6 6032
37 3 0 7 6856
37 3 0 8 7584
37 3 0 9 8220
37 3 0 10 8760
37 3 0 11 9208
37 3 0 12 9560
37 3 0 13 9820
37 3 0 14 9984
37 3 0 15 10056
37 3 0 16 10032
37 3 0 17 9916
37 3 0 18 9716
37 3 0 19 9476
37 3 0 20 9196
37 3 0 21 8880
37 3 0 22 8524
37 3 0 23 8132
37 3 0 24 7700
37 3 0 25 7232
37 3 0 26 6724
37 3 0 27 6180
37 3 0 28 5596
37 3 0 29 4976
37 3 0 30 4316
37 3 0 31 3616
37 3 0 32 2880
37 3 0 33 2108
37 3 0 34 1520
37 3 0 35 652
37 3 1 2 4
37 3 1 35 4
37 4 0 2 4088
37 4 0 3 18690
37 4 0 4 53662
37 4 0 5 91939
37 4 0 6 127134
37 4 0 7 160704
37 4 0 8 190654
37 4 0 9 216869
37 4 0 10 239102
37 4 0 11 257262
37 4 0 12 271100
37 4 0 13 280773
37 4 0 14 286350
37 4 0 15 288146
37 4 0 16 286200
37 4 0 17 280727
37 4 0 18 271796
37 4 0 19 260509
37 4 0 20 246986
37 4 0 21 231740
37 4 0 22 214916
37 4 0 23 197045
37 4 0 24 178254
37 4 0 25 159092
37 4 0 26 139668
37 4 0 27 120553
37 4 0 28 101834
37 4 0 29 84096
37 4 0 30 67416
37 4 0 31 52167
37 4 0 32 38854
37 4 0 33 28032
37 4 0 34 16874
37 4 0 35 8225
37 4 1 2 132
37 4 1 3 24
37 4 1 4 28
37 4 1 5 28
37 4 1 6 28
37 4 1 7 28
37 4 1 8 28
37 4 1 9 28
37 4 1 10 28
37 4 1 11 28
37 4 1 12 28
37 4 1 13 28
37 4 1 14 28
37 4 1 15 28
37 4 1 16 28
37 4 1 17 28
37 4 1 18 28
37 4 1 19 28
37 4 1 20 28
37 4 1 21 28
37 4 1 22 28
37 4 1 23 28
37 4 1 24 28
37 4 1 25 28
37 4 1 26 28
37 4 1 27 28
37 4 1 28 28
37 4 1 29 28
37 4 1 30 28
37 4 1 31 28
37 4 1 32 28
37 4 1 33 24
37 4 1 34 24
37 4 1 35 128
37 5 0 2 6960
37 5 0 3 109726
37 5 0 4 525918
37 5 0 5 1190658
37 5 0 6 1938394
37 5 0 7 2758702
37 5 0 8 3549738
37 5 0 9 4275310
37 5 0 10 4906350
37 5 0 11 5424094
37 5 0 12 5816342
37 5 0 13 6079378
37 5 0 14 6212934
37 5 0 15 6223974
37 5 0 16 6121794
37 5 0 17 5922426
37 5 0 18 5642784
37 5 0 19 5297156
37 5 0 20 4899948
37 5 0 21 4466436
37 5 0 22 4009616
37 5 0 23 3542140
37 5 0 24 3074920
37 5 0 25 2617928
37 5 0 26 2180044
37 5 0 27 1768724
37 5 0 28 1390624
37 5 0 29 1050144
37 5 0 30 752556
37 5 0 31 504328
37 5 0 32 305316
37 5 0 33 156918
37 5 0 34 45028
37 5 1 2 480
37 5 1 3 1508
37 5 1 4 2076
37 5 1 5 2384
37 5 1 6 2404
37 5 1 7 2424
37 5 1 8 2444
37 5 1 9 2464
37 5 1 10 2484
37 5 1 11 2504
37 5 1 12 2524
37 5 1 13 2544
37 5 1 14 2564
37 5 1 15 2584
37 5 1 16 2604
37 5 1 17 2604
37 5 1 18 2564
37 5 1 19 2504
37 5 1 20 2444
37 5 1 21 2384
37 5 1 22 2324
37 5 1 23 2264
37 5 1 24 2204
37 5 1 25 2144
37 5 1 26 2084
37 5 1 27 2024
37 5 1 28 1964
37 5 1 29 1904
37 5 1 30 1848
37 5 1 31 1792
37 5 1 32 1756
37 5 1 33 1492
37 5 1 34 1476
37 5 2 2 4
37 5 2 3 4
37 5 2 33 4
37 5 2 34 4
37 6 0 2 67984
37 6 0 3 880576
37 6 0 4 4534066
37 6 0 5 12480578
37 6 0 6 23757698
37 6 0 7 37621988
37 6 0 8 52225500
37 6 0 9 66304212
37 6 0 10 78898116
37 6 0 11 89304926
37 6 0 12 97082904
37 6 0 13 102048316
37 6 0 14 104215752
37 6 0 15 103763412
37 6 0 16 100967004
37 6 0 17 96180228
37 6 0 18 89812676
37 6 0 19 82278618
37 6 0 20 73976820
37 6 0 21 65259246
37 6 0 22 56445140
37 6 0 23 47800058
37 6 0 24 39563346
37 6 0 25 31915428
37 6 0 26 25015240
37 6 0 27 18954676
37 6 0 28 13809724
37 6 0 29 9593336
37 6 0 30 6296356
37 6 0 31 3854426
37 6 0 32 2119192
37 6 0 33 914526
37 6 0 34 291880
37 6 1 2 7296
37 6 1 3 21592
37 6 1 4 45488
37 6 1 5 70712
37 6 1 6 81944
37 6 1 7 92212
37 6 1 8 101236
37 6 1 9 109052
37 6 1 10 115624
37 6 1 11 120988
37 6 1 12 125108
37 6 1 13 128020
37 6 1 14 129688
37 6 1 15 130152
37 6 1 16 129392
37 6 1 17 127244
37 6 1 18 123952
37 6 1 19 120192
37 6 1 20 115916
37 6 1 21 111160
37 6 1 22 105888
37 6 1 23 100136
37 6 1 24 93868
37 6 1 25 87120
37 6 1 26 79852
37 6 1 27 72104
37 6 1 28 63836
37 6 1 29 55060
37 6 1 30 45936
37 6 1 31 36372
37 6 1 32 28136
37 6 1 33 20772
37 6 1 34 14648
37 6 2 2 126
37 6 2 3 160
37 6 2 4 48
37 6 2 5 56
37 6 2 6 56
37 6 2 7 56
37 6 2 8 56
37 6 2 9 56
37 6 2 10 56
37 6 2 11 56
37 6 2 12 56
37 6 2 13 56
37 6 2 14 56
37 6 2 15 56
37 6 2 16 56
37 6 2 17 56
37 6 2 18 56
37 6 2 19 56
37 6 2 20 56
37 6 2 21 56
37 6 2 22 56
37 6 2 23 56
37 6 2 24 56
37 6 2 25 56
37 6 2 26 56
37 6 2 27 56
37 6 2 28 56
37 6 2 29 56
37 6 2 30 52
37 6 2 31 48
37 6 2 32 52
37 6 2 33 150
37 6 2 34 120
38 0 0 1 1
38 0 0 38 1
38 1 0 2 4
38 1 0 3 4
38 1 0 4 4
38 1 0 5 4
38 1 0 6 4
38 1 0 7 4
38 1 0 8 4
38 1 0 9 4
38 1 0 10 4
38 1 0 11 4
38 1 0 12 4
38 1 0 13 4
38 1 0 14 4
38 1 0 15 4
38 1 0 16 4
38 1 0 17 4
38 1 0 18 4
38 1 0 19 4
38 1 0 20 4
38 1 0 21 4
38 1 0 22 4
38 1 0 23 4
38 1 0 24 4
38 1 0 25 4
38 1 0 26 4
38 1 0 27 4
38 1 0 28 4
38 1 0 29 4
38 1 0 30 4
38 1 0 31 4
38 1 0 32 4
38 1 0 33 4
38 1 0 34 4
38 1 0 35 4
38 1 0 36 4
38 1 0 37 4
38 2 0 2 142
38 2 0 3 150
38 2 0 4 216
38 2 0 5 218
38 2 0 6 220
38 2 0 7 222
38 2 0 8 224
38 2 0 9 226
38 2 0 10 228
38 2 0 11 230
38 2 0 12 232
38 2 0 13 234
38 2 0 14 236
38 2 0 15 238
38 2 0 16 240
38 2 0 17 242
38 2 0 18 244
38 2 0 19 240
38 2 0 20 234
38 2 0 21 228
38 2 0 22 222
38 2 0 23 216
38 2 0 24 210
38 2 0 25 204
38 2 0 26 198
38 2 0 27 192
38 2 0 28 186
38 2 0 29 180
38 2 0 30 174
38 2 0 31 168
38 2 0 32 162
38 2 0 33 156
38 2 0 34 150
38 2 0 35 148
38 2 0 36 142
38 2 0 37 140
38 3 0 2 264
38 3 0 3 1436
38 3 0 4 4304
38 3 0 5 5356
38 3 0 6 6312
38 3 0 7 7172
38 3 0 8 7940
38 3 0 9 8612
38 3 0 10 9192
38 3 0 11 9676
38 3 0 12 10068
38 3 0 13 10364
38 3 0 14 10568
38 3 0 15 10676
38 3 0 16 10692
38 3 0 17 10612
38 3 0 18 10440
38 3 0 19 10204
38 3 0 20 9936
38 3 0 21 9628
38 3 0 22 9284
38 3 0 23 8900
38 3 0 24 8480
38 3 0 25 8020
38 3 0 26 7524
38 3 0 27 6988
38 3 0 28 6416
38 3 0 29 5804
38 3 0 30 5156
38 3 0 31 4468
38 3 0 32 3740
38 3 0 33 2976
38 3 0 34 2176
38 3 0 35 1568
38 3 0 36 672
38 3 1 2 4
38 3 1 36 4
38 4 0 2 4348
38 4 0 3 19811
38 4 0 4 57280
38 4 0 5 98207
38 4 0 6 135997
38 4 0 7 172147
38 4 0 8 204646
38 4 0 9 233259
38 4 0 10 257883
38 4 0 11 278259
38 4 0 12 294312
38 4 0 13 305899
38 4 0 14 313305
38 4 0 15 316593
38 4 0 16 316084
38 4 0 17 311741
38 4 0 18 303771
38 4 0 19 292808
38 4 0 20 279570
38 4 0 21 264186
38 4 0 22 247179
38 4 0 23 228684
38 4 0 24 209242
38 4 0 25 188970
38 4 0 26 168427
38 4 0 27 147712
38 4 0 28 127406
38 4 0 29 107586
38 4 0 30 88847
38 4 0 31 71256
38 4 0 32 55186
38 4 0 33 41150
38 4 0 34 29709
38 4 0 35 17930
38 4 0 36 8746
38 4 1 2 136
38 4 1 3 24
38 4 1 4 28
38 4 1 5 28
38 4 1 6 28
38 4 1 7 28
38 4 1 8 28
38 4 1 9 28
38 4 1 10 28
38 4 1 11 28
38 4 1 12 28
38 4 1 13 28
38 4 1 14 28
38 4 1 15 28
38 4 1 16 28
38 4 1 17 28
38 4 1 18 28
38 4 1 19 28
38 4 1 20 28
38 4 1 21 28
38 4 1 22 28
38 4 1 23 28
38 4 1 24 28
38 4 1 25 28
38 4 1 26 28
38 4 1 27 28
38 4 1 28 28
38 4 1 29 28
38 4 1 30 28
38 4 1 31 28
38 4 1 32 28
38 4 1 33 28
38 4 1 34 24
38 4 1 35 24
38 4 1 36 132
38 5 0 2 7440
38 5 0 3 117350
38 5 0 4 571960
38 5 0 5 1299352
38 5 0 6 2120296
38 5 0 7 3026872
38 5 0 8 3908736
38 5 0 9 4725252
38 5 0 10 5446540
38 5 0 11 6049344
38 5 0 12 6520700
38 5 0 13 6853160
38 5 0 14 7047040
38 5 0 15 7105420
38 5 0 16 7038704
38 5 0 17 6859824
38 5 0 18 6587544
38 5 0 19 6237436
38 5 0 20 5824652
38 5 0 21 5364292
38 5 0 22 4871668
38 5 0 23 4359748
38 5 0 24 3841204
38 5 0 25 3326936
38 5 0 26 2826920
38 5 0 27 2350040
38 5 0 28 1903752
38 5 0 29 1494720
38 5 0 30 1127316
38 5 0 31 806860
38 5 0 32 539964
38 5 0 33 326400
38 5 0 34 167602
38 5 0 35 48016
38 5 1 2 496
38 5 1 3 1556
38 5 1 4 2144
38 5 1 5 2460
38 5 1 6 2480
38 5 1 7 2500
38 5 1 8 2520
38 5 1 9 2540
38 5 1 10 2560
38 5 1 11 2580
38 5 1 12 2600
38 5 1 13 2620
38 5 1 14 2640
38 5 1 15 2660
38 5 1 16 2680
38 5 1 17 2696
38 5 1 18 2676
38 5 1 19 2620
38 5 1 20 2560
38 5 1 21 2500
38 5 1 22 2440
38 5 1 23 2380
38 5 1 24 2320
38 5 1 25 2260
38 5 1 26 2200
38 5 1 27 2140
38 5 1 28 2080
38 5 1 29 2020
38 5 1 30 1960
38 5 1 31 1904
38 5 1 32 1848
38 5 1 33 1812
38 5 1 34 1540
38 5 1 35 1524
38 5 2 2 4
38 5 2 3 4
38 5 2 34 4
38 5 2 35 4
38 6 0 2 75168
38 6 0 3 967836
38 6 0 4 5040136
38 6 0 5 13943680
38 6 0 6 26640668
38 6 0 7 42399230
38 6 0 8 59159886
38 6 0 9 75520932
38 6 0 10 90405844
38 6 0 11 102991150
38 6 0 12 112743922
38 6 0 13 119388402
38 6 0 14 122890270
38 6 0 15 123386796
38 6 0 16 121150416
38 6 0 17 116530850
38 6 0 18 109952434
38 6 0 19 101865606
38 6 0 20 92712070
38 6 0 21 82901626
38 6 0 22 72793432
38 6 0 23 62712970
38 6 0 24 52928712
38 6 0 25 43682390
38 6 0 26 35153138
38 6 0 27 27498344
38 6 0 28 20804246
38 6 0 29 15141216
38 6 0 30 10512634
38 6 0 31 6899540
38 6 0 32 4226092
38 6 0 33 2326400
38 6 0 34 1007380
38 6 0 35 321904
38 6 1 2 7788
38 6 1 3 22820
38 6 1 4 48043
38 6 1 5 74761
38 6 1 6 86503
38 6 1 7 97257
38 6 1 8 106803
38 6 1 9 115105
38 6 1 10 122199
38 6 1 11 128049
38 6 1 12 132691
38 6 1 13 136089
38 6 1 14 138279
38 6 1 15 139225
38 6 1 16 138975
38 6 1 17 137455
38 6 1 18 134448
38 6 1 19 130768
38 6 1 20 126618
38 6 1 21 121952
38 6 1 22 116806
38 6 1 23 111144
38 6 1 24 105002
38 6 1 25 98344
38 6 1 26 91206
38 6 1 27 83548
38 6 1 28 75410
38 6 1 29 66752
38 6 1 30 57586
38 6 1 31 48080
38 6 1 32 38136
38 6 1 33 29592
38 6 1 34 21964
38 6 1 35 15632
38 6 2 2 130
38 6 2 3 164
38 6 2 4 48
38 6 2 5 56
38 6 2 6 56
38 6 2 7 56
38 6 2 8 56
38 6 2 9 56
38 6 2 10 56
38 6 2 11 56
38 6 2 12 56
38 6 2 13 56
38 6 2 14 56
38 6 2 15 56
38 6 2 16 56
38 6 2 17 56
38 6 2 18 56
38 6 2 19 56
38 6 2 20 56
38 6 2 21 56
38 6 2 22 56
38 6 2 23 56
38 6 2 24 56
38 6 2 25 56
38 6 2 26 56
38 6 2 27 56
38 6 2 28 56
38 6 2 29 56
38 6 2 30 56
38 6 2 31 52
38 6 2 32 48
38 6 2 33 52
38 6 2 34 154
38 6 2 35 124
39 0 0 1 1
39 0 0 39 1
39 1 0 2 4
39 1 0 3 4
39 1 0 4 4
39 1 0 5 4
39 1 0 6 4
39 1 0 7 4
39 1 0 8 4
39 1 0 9 4
39 1 0 10 4
39 1 0 11 4
39 1 0 12 4
39 1 0 13 4
39 1 0 14 4
39 1 0 15 4
39 1 0 16 4
39 1 0 17 4
39 1 0 18 4
39 1 0 19 4
39 1 0 20 4
39 1 0 21 4
39 1 0 22 4
39 1 0 23 4
39 1 0 24 4
39 1 0 25 4
39 1 0 26 4
39 1 0 27 4
39 1 0 28 4
39 1 0 29 4
39 1 0 30 4
39 1 0 31 4
39 1 0 32 4
39 1 0 33 4
39 1 0 34 4
39 1 0 35 4
39 1 0 36 4
39 1 0 37 4
39 1 0 38 4
39 2 0 2 146
39 2 0 3 154
39 2 0 4 222
39 2 0 5 224
39 2 0 6 226
39 2 0 7 228
39 2 0 8 230
39 2 0 9 232
39 2 0 10 234
39 2 0 11 236
39 2 0 12 238
39 2 0 13 240
39 2 0 14 242
39 2 0 15 244
39 2 0 16 246
39 2 0 17 248
39 2 0 18 250
39 2 0 19 250
39 2 0 20 244
39 2 0 21 238
39 2 0 22 232
39 2 0 23 226
39 2 0 24 220
39 2 0 25 214
39 2 0 26 208
39 2 0 27 202
39 2 0 28 196
39 2 0 29 190
39 2 0 30 184
39 2 0 31 178
39 2 0 32 172
39 2 0 33 166
39 2 0 34 160
39 2 0 35 154
39 2 0 36 152
39 2 0 37 146
39 2 0 38 144
39 3 0 2 272
39 3 0 3 1480
39 3 0 4 4500
39 3 0 5 5592
39 3 0 6 6584
39 3 0 7 7484
39 3 0 8 8288
39 3 0 9 9000
39 3 0 10 9616
39 3 0 11 10140
39 3 0 12 10568
39 3 0 13 10904
39 3 0 14 11144
39 3 0 15 11292
39 3 0 16 11344
39 3 0 17 11304
39 3 0 18 11168
39 3 0 19 10952
39 3 0 20 10692
39 3 0 21 10396
39 3 0 22 10060
39 3 0 23 9688
39 3 0 24 9276
39 3 0 25 8828
39 3 0 26 8340
39 3 0 27 7816
39 3 0 28 7252
39 3 0 29 6652
39 3 0 30 6012
39 3 0 31 5336
39 3 0 32 4620
39 3 0 33 3864
39 3 0 34 3072
39 3 0 35 2244
39 3 0 36 1616
39 3 0 37 692
39 3 1 2 4
39 3 1 37 4
39 4 0 2 4616
39 4 0 3 20964
39 4 0 4 61032
39 4 0 5 104660
39 4 0 6 145048
39 4 0 7 183917
39 4 0 8 218996
39 4 0 9 250170
39 4 0 10 277192
39 4 0 11 299971
39 4 0 12 318236
39 4 0 13 331986
39 4 0 14 341226
39 4 0 15 346273
39 4 0 16 347180
39 4 0 17 344266
39 4 0 18 337444
39 4 0 19 327114
39 4 0 20 314108
39 4 0 21 298903
39 4 0 22 281642
39 4 0 23 262858
39 4 0 24 242676
39 4 0 25 221647
39 4 0 26 199878
39 4 0 27 177938
39 4 0 28 155916
39 4 0 29 134403
39 4 0 30 113466
39 4 0 31 93710
39 4 0 32 75192
39 4 0 33 58285
39 4 0 34 43510
39 4 0 35 31434
39 4 0 36 19018
39 4 0 37 9283
39 4 1 2 140
39 4 1 3 24
39 4 1 4 28
39 4 1 5 28
39 4 1 6 28
39 4 1 7 28
39 4 1 8 28
39 4 1 9 28
39 4 1 10 28
39 4 1 11 28
39 4 1 12 28
39 4 1 13 28
39 4 1 14 28
39 4 1 15 28
39 4 1 16 28
39 4 1 17 28
39 4 1 18 28
39 4 1 19 28
39 4 1 20 28
39 4 1 21 28
39 4 1 22 28
39 4 1 23 28
39 4 1 24 28
39 4 1 25 28
39 4 1 26 28
39 4 1 27 28
39 4 1 28 28
39 4 1 29 28
39 4 1 30 28
39 4 1 31 28
39 4 1 32 28
39 4 1 33 28
39 4 1 34 28
39 4 1 35 24
39 4 1 36 24
39 4 1 37 136
39 5 0 2 7936
39 5 0 3 125230
39 5 0 4 620552
39 5 0 5 1414360
39 5 0 6 2311872
39 5 0 7 3310192
39 5 0 8 4287268
39 5 0 9 5201592
39 5 0 10 6018740
39 5 0 11 6714700
39 5 0 12 7271836
39 5 0 13 7682868
39 5 0 14 7944080
39 5 0 15 8059380
39 5 0 16 8035648
39 5 0 17 7886212
39 5 0 18 7627024
39 5 0 19 7278580
39 5 0 20 6854520
39 5 0 21 6371988
39 5 0 22 5846044
39 5 0 23 5292036
39 5 0 24 4722904
39 5 0 25 4151340
39 5 0 26 3588232
39 5 0 27 3043560
39 5 0 28 2526212
39 5 0 29 2043644
39 5 0 30 1602528
39 5 0 31 1207208
39 5 0 32 863052
39 5 0 33 576816
39 5 0 34 348188
39 5 0 35 178638
39 5 0 36 51100
39 5 1 2 512
39 5 1 3 1604
39 5 1 4 2208
39 5 1 5 2536
39 5 1 6 2556
39 5 1 7 2576
39 5 1 8 2596
39 5 1 9 2616
39 5 1 10 2636
39 5 1 11 2656
39 5 1 12 2676
39 5 1 13 2696
39 5 1 14 2716
39 5 1 15 2736
39 5 1 16 2756
39 5 1 17 2776
39 5 1 18 2776
39 5 1 19 2736
39 5 1 20 2676
39 5 1 21 2616
39 5 1 22 2556
39 5 1 23 2496
39 5 1 24 2436
39 5 1 25 2376
39 5 1 26 2316
39 5 1 27 2256
39 5 1 28 2196
39 5 1 29 2136
39 5 1 30 2076
39 5 1 31 2016
39 5 1 32 1960
39 5 1 33 1904
39 5 1 34 1868
39 5 1 35 1588
39 5 1 36 1572
39 5 2 2 4
39 5 2 3 4
39 5 2 35 4
39 5 2 36 4
39 6 0 2 82840
39 6 0 3 1060550
39 6 0 4 5583968
39 6 0 5 15520414
39 6 0 6 29754678
39 6 0 7 47575048
39 6 0 8 66695128
39 6 0 9 85576448
39 6 0 10 103006682
39 6 0 11 118052186
39 6 0 12 130060126
39 6 0 13 138675908
39 6 0 14 143784038
39 6 0 15 145489388
39 6 0 16 144036850
39 6 0 17 139782904
39 6 0 18 133149242
39 6 0 19 124621238
39 6 0 20 114681712
39 6 0 21 103790258
39 6 0 22 92365952
39 6 0 23 80774298
39 6 0 24 69346248
39 6 0 25 58352342
39 6 0 26 48035930
39 6 0 27 38574008
39 6 0 28 30121648
39 6 0 29 22758584
39 6 0 30 16548804
39 6 0 31 11485268
39 6 0 32 7538444
39 6 0 33 4620302
39 6 0 34 2546520
39 6 0 35 1106306
39 6 0 36 353920
39 6 1 2 8296
39 6 1 3 24080
39 6 1 4 50672
39 6 1 5 78884
39 6 1 6 91104
39 6 1 7 102380
39 6 1 8 112412
39 6 1 9 121236
39 6 1 10 128816
39 6 1 11 135188
39 6 1 12 140316
39 6 1 13 144236
39 6 1 14 146912
39 6 1 15 148380
39 6 1 16 148608
39 6 1 17 147648
39 6 1 18 145232
39 6 1 19 141676
39 6 1 20 137616
39 6 1 21 133076
39 6 1 22 128020
39 6 1 23 122484
39 6 1 24 116432
39 6 1 25 109900
39 6 1 26 102852
39 6 1 27 95324
39 6 1 28 87276
39 6 1 29 78748
39 6 1 30 69700
39 6 1 31 60144
39 6 1 32 50256
39 6 1 33 39932
39 6 1 34 31080
39 6 1 35 23188
39 6 1 36 16648
39 6 2 2 134
39 6 2 3 168
39 6 2 4 48
39 6 2 5 56
39 6 2 6 56
39 6 2 7 56
39 6 2 8 56
39 6 2 9 56
39 6 2 10 56
39 6 2 11 56
39 6 2 12 56
39 6 2 13 56
39 6 2 14 56
39 6 2 15 56
39 6 2 16 56
39 6 2 17 56
39 6 2 18 56
39 6 2 19 56
39 6 2 20 56
39 6 2 21 56
39 6 2 22 56
39 6 2 23 56
39 6 2 24 56
39 6 2 25 56
39 6 2 26 56
39 6 2 27 56
39 6 2 28 56
39 6 2 29 56
39 6 2 30 56
39 6 2 31 56
39 6 2 32 52
39 6 2 33 48
39 6 2 34 52
39 6 2 35 158
39 6 2 36 128
40 0 0 1 1
40 0 0 40 1
40 1 0 2 4
40 1 0 3 4
40 1 0 4 4
40 1 0 5 4
40 1 0 6 4
40 1 0 7 4
40 1 0 8 4
40 1 0 9 4
40 1 0 10 4
40 1 0 11 4
40 1 0 12 4
40 1 0 13 4
40 1 0 14 4
40 1 0 15 4
40 1 0 16 4
40 1 0 17 4
40 1 0 18 4
40 1 0 19 4
40 1 0 20 4
40 1 0 21 4
40 1 0 22 4
40 1 0 23 4
40 1 0 24 4
40 1 0 25 4
40 1 0 26 4
40 1 0 27 4
40 1 0 28 4
40 1 0 29 4
40 1 0 30 4
40 1 0 31 4
40 1 0 32 4
40 1 0 33 4
40 1 0 34 4
40 1 0 35 4
40 1 0 36 4
40 1 0 37 4
40 1 0 38 4
40 1 0 39 4
40 2 0 2 150
40 2 0 3 158
40 2 0 4 228
40 2 0 5 230
40 2 0 6 232
40 2 0 7 234
40 2 0 8 236
40 2 0 9 238
40 2 0 10 240
40 2 0 11 242
40 2 0 12 244
40 2 0 13 246
40 2 0 14 248
40 2 0 15 250
40 2 0 16 252
40 2 0 17 254
40 2 0 18 256
40 2 0 19 258
40 2 0 20 254
40 2 0 21 248
40 2 0 22 242
40 2 0 23 236
40 2 0 24 230
40 2 0 25 224
40 2 0 26 218
40 2 0 27 212
40 2 0 28 206
40 2 0 29 200
40 2 0 30 194
40 2 0 31 188
40 2 0 32 182
40 2 0 33 176
40 2 0 34 170
40 2 0 35 164
40 2 0 36 158
40 2 0 37 156
40 2 0 38 150
40 2 0 39 148
40 3 0 2 280
40 3 0 3 1524
40 3 0 4 4712
40 3 0 5 5840
40 3 0 6 6872
40 3 0 7 7808
40 3 0 8 8652
40 3 0 9 9400
40 3 0 10 10056
40 3 0 11 10616
40 3 0 12 11084
40 3 0 13 11456
40 3 0 14 11736
40 3 0 15 11920
40 3 0 16 12012
40 3 0 17 12008
40 3 0 18 11912
40 3 0 19 11720
40 3 0 20 11468
40 3 0 21 11180
40 3 0 22 10856
40 3 0 23 10492
40 3 0 24 10092
40 3 0 25 9652
40 3 0 26 9176
40 3 0 27 8660
40 3 0 28 8108
40 3 0 29 7516
40 3 0 30 6888
40 3 0 31 6220
40 3 0 32 5516
40 3 0 33 4772
40 3 0 34 3988
40 3 0 35 3168
40 3 0 36 2312
40 3 0 37 1664
40 3 0 38 712
40 3 1 2 4
40 3 1 38 4
40 4 0 2 4892
40 4 0 3 22149
40 4 0 4 64909
40 4 0 5 111361
40 4 0 6 154518
40 4 0 7 196149
40 4 0 8 233959
40 4 0 9 267713
40 4 0 10 297308
40 4 0 11 322485
40 4 0 12 343165
40 4 0 13 359087
40 4 0 14 370420
40 4 0 15 377221
40 4 0 16 379817
40 4 0 17 378247
40 4 0 18 372770
40 4 0 19 363275
40 4 0 20 350785
40 4 0 21 335696
40 4 0 22 318508
40 4 0 23 299354
40 4 0 24 278777
40 4 0 25 256892
40 4 0 26 234260
40 4 0 27 210978
40 4 0 28 187625
40 4 0 29 164280
40 4 0 30 141544
40 4 0 31 119474
40 4 0 32 98685
40 4 0 33 79224
40 4 0 34 61464
40 4 0 35 45934
40 4 0 36 33207
40 4 0 37 20138
40 4 0 38 9836
40 4 1 2 144
40 4 1 3 24
40 4 1 4 28
40 4 1 5 28
40 4 1 6 28
40 4 1 7 28
40 4 1 8 28
40 4 1 9 28
40 4 1 10 28
40 4 1 11 28
40 4 1 12 28
40 4 1 13 28
40 4 1 14 28
40 4 1 15 28
40 4 1 16 28
40 4 1 17 28
40 4 1 18 28
40 4 1 19 28
40 4 1 20 28
40 4 1 21 28
40 4 1 22 28
40 4 1 23 28
40 4 1 24 28
40 4 1 25 28
40 4 1 26 28
40 4 1 27 28
40 4 1 28 28
40 4 1 29 28
40 4 1 30 28
40 4 1 31 28
40 4 1 32 28
40 4 1 33 28
40 4 1 34 28
40 4 1 35 28
40 4 1 36 24
40 4 1 37 24
40 4 1 38 140
40 5 0 2 8448
40 5 0 3 133366
40 5 0 4 671584
40 5 0 5 1535260
40 5 0 6 2514328
40 5 0 7 3609388
40 5 0 8 4688828
40 5 0 9 5706612
40 5 0 10 6627608
40 5 0 11 7423008
40 5 0 12 8074884
40 5 0 13 8571040
40 5 0 14 8908624
40 5 0 15 9087684
40 5 0 16 9115644
40 5 0 17 9002620
40 5 0 18 8765756
40 5 0 19 8423488
40 5 0 20 7994804
40 5 0 21 7494036
40 5 0 22 6939164
40 5 0 23 6345204
40 5 0 24 5727540
40 5 0 25 5099084
40 5 0 26 4472548
40 5 0 27 3858808
40 5 0 28 3267848
40 5 0 29 2708560
40 5 0 30 2188400
40 5 0 31 1714048
40 5 0 32 1289820
40 5 0 33 921132
40 5 0 34 614884
40 5 0 35 370680
40 5 0 36 190026
40 5 0 37 54280
40 5 1 2 528
40 5 1 3 1652
40 5 1 4 2276
40 5 1 5 2612
40 5 1 6 2632
40 5 1 7 2652
40 5 1 8 2672
40 5 1 9 2692
40 5 1 10 2712
40 5 1 11 2732
40 5 1 12 2752
40 5 1 13 2772
40 5 1 14 2792
40 5 1 15 2812
40 5 1 16 2832
40 5 1 17 2852
40 5 1 18 2868
40 5 1 19 2848
40 5 1 20 2792
40 5 1 21 2732
40 5 1 22 2672
40 5 1 23 2612
40 5 1 24 2552
40 5 1 25 2492
40 5 1 26 2432
40 5 1 27 2372
40 5 1 28 2312
40 5 1 29 2252
40 5 1 30 2192
40 5 1 31 2132
40 5 1 32 2072
40 5 1 33 2016
40 5 1 34 1960
40 5 1 35 1924
40 5 1 36 1636
40 5 1 37 1620
40 5 2 2 4
40 5 2 3 4
40 5 2 36 4
40 5 2 37 4
40 6 0 2 91016
40 6 0 3 1158878
40 6 0 4 6167322
40 6 0 5 17216934
40 6 0 6 33109330
40 6 0 7 53168210
40 6 0 8 74864140
40 6 0 9 96508926
40 6 0 10 116763330
40 6 0 11 134554768
40 6 0 12 149129622
40 6 0 13 160017352
40 6 0 14 167038894
40 6 0 15 170230142
40 6 0 16 169821432
40 6 0 17 166152136
40 6 0 18 159655980
40 6 0 19 150828726
40 6 0 20 140196586
40 6 0 21 128270786
40 6 0 22 115521886
40 6 0 23 102377478
40 6 0 24 89208564
40 6 0 25 76350798
40 6 0 26 64075940
40 6 0 27 52628190
40 6 0 28 42181558
40 6 0 29 32888032
40 6 0 30 24819994
40 6 0 31 18034280
40 6 0 32 12512582
40 6 0 33 8214028
40 6 0 34 5037696
40 6 0 35 2779936
40 6 0 36 1211496
40 6 0 37 387992
40 6 1 2 8820
40 6 1 3 25372
40 6 1 4 53355
40 6 1 5 83133
40 6 1 6 95863
40 6 1 7 107625
40 6 1 8 118179
40 6 1 9 127489
40 6 1 10 135591
40 6 1 11 142449
40 6 1 12 148099
40 6 1 13 152505
40 6 1 14 155703
40 6 1 15 157657
40 6 1 16 158403
40 6 1 17 157917
40 6 1 18 156189
40 6 1 19 152890
40 6 1 20 148946
40 6 1 21 144496
40 6 1 22 139566
40 6 1 23 134120
40 6 1 24 128194
40 6 1 25 121752
40 6 1 26 114830
40 6 1 27 107392
40 6 1 28 99474
40 6 1 29 91036
40 6 1 30 82118
40 6 1 31 72680
40 6 1 32 62734
40 6 1 33 52464
40 6 1 34 41760
40 6 1 35 32600
40 6 1 36 24444
40 6 1 37 17696
40 6 2 2 138
40 6 2 3 172
40 6 2 4 48
40 6 2 5 56
40 6 2 6 56
40 6 2 7 56
40 6 2 8 56
40 6 2 9 56
40 6 2 10 56
40 6 2 11 56
40 6 2 12 56
40 6 2 13 56
40 6 2 14 56
40 6 2 15 56
40 6 2 16 56
40 6 2 17 56
40 6 2 18 56
40 6 2 19 56
40 6 2 20 56
40 6 2 21 56
40 6 2 22 56
40 6 2 23 56
40 6 2 24 56
40 6 2 25 56
40 6 2 26 56
40 6 2 27 56
40 6 2 28 56
40 6 2 29 56
40 6 2 30 56
40 6 2 31 56
40 6 2 32 56
40 6 2 33 52
40 6 2 34 48
40 6 2 35 52
40 6 2 36 162
40 6 2 37 132
41 0 0 1 1
41 0 0 41 1
41 1 0 2 4
41 1 0 3 4
41 1 0 4 4
41 1 0 5 4
41 1 0 6 4
41 1 0 7 4
41 1 0 8 4
41 1 0 9 4
41 1 0 10 4
41 1 0 11 4
41 1 0 12 4
41 1 0 13 4
41 1 0 14 4
41 1 0 15 4
41 1 0 16 4
41 1 0 17 4
41 1 0 18 4
41 1 0 19 4
41 1 0 20 4
41 1 0 21 4
41 1 0 22 4
41 1 0 23 4
41 1 0 24 4
41 1 0 25 4
41 1 0 26 4
41 1 0 27 4
41 1 0 28 4
41 1 0 29 4
41 1 0 30 4
41 1 0 31 4
41 1 0 32 4
41 1 0 33 4
41 1 0 34 4
41 1 0 35 4
41 1 0 36 4
41 1 0 37 4
41 1 0 38 4
41 1 0 39 4
41 1 0 40 4
41 2 0 2 154
41 2 0 3 162
41 2 0 4 234
41 2 0 5 236
41 2 0 6 238
41 2 0 7 240
41 2 0 8 242
41 2 0 9 244
41 2 0 10 246
41 2 0 11 248
41 2 0 12 250
41 2 0 13 252
41 2 0 14 254
41 2 0 15 256
41 2 0 16 258
41 2 0 17 260
41 2 0 18 262
41 2 0 19 264
41 2 0 20 264
41 2 0 21 258
41 2 0 22 252
41 2 0 23 246
41 2 0 24 240
41 2 0 25 234
41 2 0 26 228
41 2 0 27 222
41 2 0 28 216
41 2 0 29 210
41 2 0 30 204
41 2 0 31 198
41 2 0 32 192
41 2 0 33 186
41 2 0 34 180
41 2 0 35 174
41 2 0 36 168
41 2 0 37 162
41 2 0 38 160
41 2 0 39 154
41 2 0 40 152
41 3 0 2 288
41 3 0 3 1568
41 3 0 4 4916
41 3 0 5 6084
41 3 0 6 7152
41 3 0 7 8128
41 3 0 8 9008
41 3 0 9 9796
41 3 0 10 10488
41 3 0 11 11088
41 3 0 12 11592
41 3 0 13 12004
41 3 0 14 12320
41 3 0 15 12544
41 3 0 16 12672
41 3 0 17 12708
41 3 0 18 12648
41 3 0 19 12496
41 3 0 20 12260
41 3 0 21 11984
41 3 0 22 11668
41 3 0 23 11316
41 3 0 24 10924
41 3 0 25 10496
41 3 0 26 10028
41 3 0 27 9524
41 3 0 28 8980
41 3 0 29 8400
41 3 0 30 7780
41 3 0 31 7124
41 3 0 32 6428
41 3 0 33 5696
41 3 0 34 4924
41 3 0 35 4112
41 3 0 36 3264
41 3 0 37 2380
41 3 0 38 1712
41 3 0 39 732
41 3 1 2 4
41 3 1 39 4
41 4 0 2 5176
41 4 0 3 23366
41 4 0 4 68920
41 4 0 5 118243
41 4 0 6 164168
41 4 0 7 208700
41 4 0 8 249272
41 4 0 9 285769
41 4 0 10 317944
41 4 0 11 345706
41 4 0 12 368784
41 4 0 13 387115
41 4 0 14 400544
41 4 0 15 409368
41 4 0 16 413638
41 4 0 17 413691
41 4 0 18 409544
41 4 0 19 401426
41 4 0 20 389414
41 4 0 21 374760
41 4 0 22 357572
41 4 0 23 338385
41 4 0 24 317322
41 4 0 25 294936
41 4 0 26 271332
41 4 0 27 247081
41 4 0 28 222270
41 4 0 29 197488
41 4 0 30 172804
41 4 0 31 148829
41 4 0 32 125610
41 4 0 33 103772
41 4 0 34 83352
41 4 0 35 64723
41 4 0 36 48422
41 4 0 37 35028
41 4 0 38 21290
41 4 0 39 10405
41 4 1 2 148
41 4 1 3 24
41 4 1 4 28
41 4 1 5 28
41 4 1 6 28
41 4 1 7 28
41 4 1 8 28
41 4 1 9 28
41 4 1 10 28
41 4 1 11 28
41 4 1 12 28
41 4 1 13 28
41 4 1 14 28
41 4 1 15 28
41 4 1 16 28
41 4 1 17 28
41 4 1 18 28
41 4 1 19 28
41 4 1 20 28
41 4 1 21 28
41 4 1 22 28
41 4 1 23 28
41 4 1 24 28
41 4 1 25 28
41 4 1 26 28
41 4 1 27 28
41 4 1 28 28
41 4 1 29 28
41 4 1 30 28
41 4 1 31 28
41 4 1 32 28
41 4 1 33 28
41 4 1 34 28
41 4 1 35 28
41 4 1 36 28
41 4 1 37 24
41 4 1 38 24
41 4 1 39 144
41 5 0 2 8976
41 5 0 3 141758
41 5 0 4 725290
41 5 0 5 1662790
41 5 0 6 2726858
41 5 0 7 3924358
41 5 0 8 5110666
41 5 0 9 6238994
41 5 0 10 7269406
41 5 0 11 8172834
41 5 0 12 8926062
41 5 0 13 9516978
41 5 0 14 9938434
41 5 0 15 10191238
41 5 0 16 10278814
41 5 0 17 10212614
41 5 0 18 10005426
41 5 0 19 9677534
41 5 0 20 9248828
41 5 0 21 8736212
41 5 0 22 8155984
41 5 0 23 7526180
41 5 0 24 6861772
41 5 0 25 6178180
41 5 0 26 5488288
41 5 0 27 4804828
41 5 0 28 4138664
41 5 0 29 3499784
41 5 0 30 2897084
41 5 0 31 2338020
41 5 0 32 1829280
41 5 0 33 1375152
41 5 0 34 981100
41 5 0 35 654168
41 5 0 36 393876
41 5 0 37 201766
41 5 0 38 57556
41 5 1 2 544
41 5 1 3 1700
41 5 1 4 2340
41 5 1 5 2688
41 5 1 6 2708
41 5 1 7 2728
41 5 1 8 2748
41 5 1 9 2768
41 5 1 10 2788
41 5 1 11 2808
41 5 1 12 2828
41 5 1 13 2848
41 5 1 14 2868
41 5 1 15 2888
41 5 1 16 2908
41 5 1 17 2928
41 5 1 18 2948
41 5 1 19 2948
41 5 1 20 2908
41 5 1 21 2848
41 5 1 22 2788
41 5 1 23 2728
41 5 1 24 2668
41 5 1 25 2608
41 5 1 26 2548
41 5 1 27 2488
41 5 1 28 2428
41 5 1 29 2368
41 5 1 30 2308
41 5 1 31 2248
41 5 1 32 2188
41 5 1 33 2128
41 5 1 34 2072
41 5 1 35 2016
41 5 1 36 1980
41 5 1 37 1684
41 5 1 38 1668
41 5 2 2 4
41 5 2 3 4
41 5 2 37 4
41 5 2 38 4
41 6 0 2 99712
41 6 0 3 1262980
41 6 0 4 6791594
41 6 0 5 19036820
41 6 0 6 36714228
41 6 0 7 59194382
41 6 0 8 83686544
41 6 0 9 108356474
41 6 0 10 131715364
41 6 0 11 152568512
41 6 0 12 170025310
41 6 0 13 183522926
41 6 0 14 192776432
41 6 0 15 197773400
41 6 0 16 198689072
41 6 0 17 195864098
41 6 0 18 189722454
41 6 0 19 180773486
41 6 0 20 169576578
41 6 0 21 156689430
41 6 0 22 142642620
41 6 0 23 127915658
41 6 0 24 112943884
41 6 0 25 98102950
41 6 0 26 83732444
41 6 0 27 70104498
41 6 0 28 57463394
41 6 0 29 45979308
41 6 0 30 35800376
41 6 0 31 26990780
41 6 0 32 19599436
41 6 0 33 13595920
41 6 0 34 8927252
41 6 0 35 5478914
41 6 0 36 3027032
41 6 0 37 1323142
41 6 0 38 424184
41 6 1 2 9360
41 6 1 3 26696
41 6 1 4 56112
41 6 1 5 87456
41 6 1 6 100664
41 6 1 7 112948
41 6 1 8 123988
41 6 1 9 133820
41 6 1 10 142408
41 6 1 11 149788
41 6 1 12 155924
41 6 1 13 160852
41 6 1 14 164536
41 6 1 15 167012
41 6 1 16 168244
41 6 1 17 168272
41 6 1 18 167076
41 6 1 19 164428
41 6 1 20 160572
41 6 1 21 156248
41 6 1 22 151408
41 6 1 23 146088
41 6 1 24 140252
41 6 1 25 133936
41 6 1 26 127104
41 6 1 27 119792
41 6 1 28 111964
41 6 1 29 103656
41 6 1 30 94828
41 6 1 31 85520
41 6 1 32 75692
41 6 1 33 65356
41 6 1 34 54704
41 6 1 35 43620
41 6 1 36 34152
41 6 1 37 25732
41 6 1 38 18776
41 6 2 2 142
41 6 2 3 176
41 6 2 4 48
41 6 2 5 56
41 6 2 6 56
41 6 2 7 56
41 6 2 8 56
41 6 2 9 56
41 6 2 10 56
41 6 2 11 56
41 6 2 12 56
41 6 2 13 56
41 6 2 14 56
41 6 2 15 56
41 6 2 16 56
41 6 2 17 56
41 6 2 18 56
41 6 2 19 56
41 6 2 20 56
41 6 2 21 56
41 6 2 22 56
41 6 2 23 56
41 6 2 24 56
41 6 2 25 56
41 6 2 26 56
41 6 2 27 56
41 6 2 28 56
41 6 2 29 56
41 6 2 30 56
41 6 2 31 56
41 6 2 32 56
41 6 2 33 56
41 6 2 34 52
41 6 2 35 48
41 6 2 36 52
41 6 2 37 166
41 6 2 38 136
42 0 0 1 1
42 0 0 42 1
42 1 0 2 4
42 1 0 3 4
42 1 0 4 4
42 1 0 5 4
42 1 0 6 4
42 1 0 7 4
42 1 0 8 4
42 1 0 9 4
42 1 0 10 4
42 1 0 11 4
42 1 0 12 4
42 1 0 13 4
42 1 0 14 4
42 1 0 15 4
42 1 0 16 4
42 1 0 17 4
42 1 0 18 4
42 1 0 19 4
42 1 0 20 4
42 1 0 21 4
42 1 0 22 4
42 1 0 23 4
42 1 0 24 4
42 1 0 25 4
42 1 0 26 4
42 1 0 27 4
42 1 0 28 4
42 1 0 29 4
42 1 0 30 4
42 1 0 31 4
42 1 0 32 4
42 1 0 33 4
42 1 0 34 4
42 1 0 35 4
42 1 0 36 4
42 1 0 37 4
42 1 0 38 4
42 1 0 39 4
42 1 0 40 4
42 1 0 41 4
42 2 0 2 158
42 2 0 3 166
42 2 0 4 240
42 2 0 5 242
42 2 0 6 244
42 2 0 7 246
42 2 0 8 248
42 2 0 9 250
42 2 0 10 252
42 2 0 11 254
42 2 0 12 256
42 2 0 13 258
42 2 0 14 260
42 2 0 15 262
42 2 0 16 264
42 2 0 17 266
42 2 0 18 268
42 2 0 19 270
42 2 0 20 272
42 2 0 21 268
42 2 0 22 262
42 2 0 23 256
42 2 0 24 250
42 2 0 25 244
42 2 0 26 238
42 2 0 27 232
42 2 0 28 226
42 2 0 29 220
42 2 0 30 214
42 2 0 31 208
42 2 0 32 202
42 2 0 33 196
42 2 0 34 190
42 2 0 35 184
42 2 0 36 178
42 2 0 37 172
42 2 0 38 166
42 2 0 39 164
42 2 0 40 158
42 2 0 41 156
42 3 0 2 296
42 3 0 3 1612
42 3 0 4 5136
42 3 0 5 6340
42 3 0 6 7448
42 3 0 7 8460
42 3 0 8 9380
42 3 0 9 10204
42 3 0 10 10936
42 3 0 11 11572
42 3 0 12 12116
42 3 0 13 12564
42 3 0 14 12920
42 3 0 15 13180
42 3 0 16 13348
42 3 0 17 13420
42 3 0 18 13400
42 3 0 19 13284
42 3 0 20 13076
42 3 0 21 12804
42 3 0 22 12500
42 3 0 23 12156
42 3 0 24 11776
42 3 0 25 11356
42 3 0 26 10900
42 3 0 27 10404
42 3 0 28 9872
42 3 0 29 9300
42 3 0 30 8692
42 3 0 31 8044
42 3 0 32 7360
42 3 0 33 6636
42 3 0 34 5876
42 3 0 35 5076
42 3 0 36 4236
42 3 0 37 3360
42 3 0 38 2448
42 3 0 39 1760
42 3 0 40 752
42 3 1 2 4
42 3 1 40 4
42 4 0 2 5468
42 4 0 3 24615
42 4 0 4 73060
42 4 0 5 125381
42 4 0 6 174249
42 4 0 7 221725
42 4 0 8 265210
42 4 0 9 304469
42 4 0 10 339399
42 4 0 11 369741
42 4 0 12 395416
42 4 0 13 416141
42 4 0 14 431927
42 4 0 15 442767
42 4 0 16 448990
42 4 0 17 450637
42 4 0 18 448051
42 4 0 19 441165
42 4 0 20 430208
42 4 0 21 415898
42 4 0 22 399039
42 4 0 23 379736
42 4 0 24 358534
42 4 0 25 335546
42 4 0 26 311335
42 4 0 27 285996
42 4 0 28 260110
42 4 0 29 233754
42 4 0 30 207527
42 4 0 31 181488
42 4 0 32 156258
42 4 0 33 131874
42 4 0 34 108971
42 4 0 35 87576
42 4 0 36 68062
42 4 0 37 50974
42 4 0 38 36897
42 4 0 39 22474
42 4 0 40 10990
42 4 1 2 152
42 4 1 3 24
42 4 1 4 28
42 4 1 5 28
42 4 1 6 28
42 4 1 7 28
42 4 1 8 28
42 4 1 9 28
42 4 1 10 28
42 4 1 11 28
42 4 1 12 28
42 4 1 13 28
42 4 1 14 28
42 4 1 15 28
42 4 1 16 28
42 4 1 17 28
42 4 1 18 28
42 4 1 19 28
42 4 1 20 28
42 4 1 21 28
42 4 1 22 28
42 4 1 23 28
42 4 1 24 28
42 4 1 25 28
42 4 1 26 28
42 4 1 27 28
42 4 1 28 28
42 4 1 29 28
42 4 1 30 28
42 4 1 31 28
42 4 1 32 28
42 4 1 33 28
42 4 1 34 28
42 4 1 35 28
42 4 1 36 28
42 4 1 37 28
42 4 1 38 24
42 4 1 39 24
42 4 1 40 148
42 5 0 2 9520
42 5 0 3 150406
42 5 0 4 781544
42 5 0 5 1796472
42 5 0 6 2950788
42 5 0 7 4255932
42 5 0 8 5556608
42 5 0 9 6801248
42 5 0 10 7949612
42 5 0 11 8967364
42 5 0 12 9831308
42 5 0 13 10524096
42 5 0 14 11038992
42 5 0 15 11372588
42 5 0 16 11529704
42 5 0 17 11517044
42 5 0 18 11349460
42 5 0 19 11043400
42 5 0 20 10621688
42 5 0 21 10102268
42 5 0 22 9502804
42 5 0 23 8840364
42 5 0 24 8133036
42 5 0 25 7395748
42 5 0 26 6643956
42 5 0 27 5890516
42 5 0 28 5148180
42 5 0 29 4427800
42 5 0 30 3739368
42 5 0 31 3091784
42 5 0 32 2492504
42 5 0 33 1948224
42 5 0 34 1463204
42 5 0 35 1042956
42 5 0 36 694668
42 5 0 37 417776
42 5 0 38 213858
42 5 0 39 60928
42 5 1 2 560
42 5 1 3 1748
42 5 1 4 2408
42 5 1 5 2764
42 5 1 6 2784
42 5 1 7 2804
42 5 1 8 2824
42 5 1 9 2844
42 5 1 10 2864
42 5 1 11 2884
42 5 1 12 2904
42 5 1 13 2924
42 5 1 14 2944
42 5 1 15 2964
42 5 1 16 2984
42 5 1 17 3004
42 5 1 18 3024
42 5 1 19 3040
42 5 1 20 3020
42 5 1 21 2964
42 5 1 22 2904
42 5 1 23 2844
42 5 1 24 2784
42 5 1 25 2724
42 5 1 26 2664
42 5 1 27 2604
42 5 1 28 2544
42 5 1 29 2484
42 5 1 30 2424
42 5 1 31 2364
42 5 1 32 2304
42 5 1 33 2244
42 5 1 34 2184
42 5 1 35 2128
42 5 1 36 2072
42 5 1 37 2036
42 5 1 38 1732
42 5 1 39 1716
42 5 2 2 4
42 5 2 3 4
42 5 2 38 4
42 5 2 39 4
42 6 0 2 108944
42 6 0 3 1373016
42 6 0 4 7458608
42 6 0 5 20986434
42 6 0 6 40580044
42 6 0 7 65673830
42 6 0 8 93199026
42 6 0 9 121159688
42 6 0 10 147931138
42 6 0 11 172162504
42 6 0 12 192851862
42 6 0 13 209300418
42 6 0 14 221144636
42 6 0 15 228276884
42 6 0 16 230841216
42 6 0 17 229137752
42 6 0 18 223604236
42 6 0 19 214743626
42 6 0 20 203143518
42 6 0 21 189403782
42 6 0 22 174110714
42 6 0 23 157807006
42 6 0 24 140980278
42 6 0 25 124072850
42 6 0 26 107464176
42 6 0 27 91497010
42 6 0 28 76443008
42 6 0 29 62545766
42 6 0 30 49970778
42 6 0 31 38861560
42 6 0 32 29273246
42 6 0 33 21246064
42 6 0 34 14736626
42 6 0 35 9679076
42 6 0 36 5944596
42 6 0 37 3288192
42 6 0 38 1441436
42 6 0 39 462560
42 6 1 2 9916
42 6 1 3 28052
42 6 1 4 58923
42 6 1 5 91905
42 6 1 6 105623
42 6 1 7 118393
42 6 1 8 129955
42 6 1 9 140273
42 6 1 10 149383
42 6 1 11 157249
42 6 1 12 163907
42 6 1 13 169321
42 6 1 14 173527
42 6 1 15 176489
42 6 1 16 178243
42 6 1 17 178753
42 6 1 18 178067
42 6 1 19 176095
42 6 1 20 172540
42 6 1 21 168296
42 6 1 22 163582
42 6 1 23 158352
42 6 1 24 152642
42 6 1 25 146416
42 6 1 26 139710
42 6 1 27 132488
42 6 1 28 124786
42 6 1 29 116568
42 6 1 30 107870
42 6 1 31 98652
42 6 1 32 88954
42 6 1 33 78736
42 6 1 34 68010
42 6 1 35 56976
42 6 1 36 45512
42 6 1 37 35736
42 6 1 38 27052
42 6 1 39 19888
42 6 2 2 146
42 6 2 3 180
42 6 2 4 48
42 6 2 5 56
42 6 2 6 56
42 6 2 7 56
42 6 2 8 56
42 6 2 9 56
42 6 2 10 56
42 6 2 11 56
42 6 2 12 56
42 6 2 13 56
42 6 2 14 56
42 6 2 15 56
42 6 2 16 56
42 6 2 17 56
42 6 2 18 56
42 6 2 19 56
42 6 2 20 56
42 6 2 21 56
42 6 2 22 56
42 6 2 23 56
42 6 2 24 56
42 6 2 25 56
42 6 2 26 56
42 6 2 27 56
42 6 2 28 56
42 6 2 29 56
42 6 2 30 56
42 6 2 31 56
42 6 2 32 56
42 6 2 33 56
42 6 2 34 56
42 6 2 35 52
42 6 2 36 48
42 6 2 37 52
42 6 2 38 170
42 6 2 39 140
43 0 0 1 1
43 0 0 43 1
43 1 0 2 4
43 1 0 3 4
43 1 0 4 4
43 1 0 5 4
43 1 0 6 4
43 1 0 7 4
43 1 0 8 4
43 1 0 9 4
43 1 0 10 4
43 1 0 11 4
43 1 0 12 4
43 1 0 13 4
43 1 0 14 4
43 1 0 15 4
43 1 0 16 4
43 1 0 17 4
43 1 0 18 4
43 1 0 19 4
43 1 0 20 4
43 1 0 21 4
43 1 0 22 4
43 1 0 23 4
43 1 0 24 4
43 1 0 25 4
43 1 0 26 4
43 1 0 27 4
43 1 0 28 4
43 1 0 29 4
43 1 0 30 4
43 1 0 31 4
43 1 0 32 4
43 1 0 33 4
43 1 0 34 4
43 1 0 35 4
43 1 0 36 4
43 1 0 37 4
43 1 0 38 4
43 1 0 39 4
43 1 0 40 4
43 1 0 41 4
43 1 0 42 4
43 2 0 2 162
43 2 0 3 170
43 2 0 4 246
43 2 0 5 248
43 2 0 6 250
43 2 0 7 252
43 2 0 8 254
43 2 0 9 256
43 2 0 10 258
43 2 0 11 260
43 2 0 12 262
43 2 0 13 264
43 2 0 14 266
43 2 0 15 268
43 2 0 16 270
43 2 0 17 272
43 2 0 18 274
43 2 0 19 276
43 2 0 20 278
43 2 0 21 278
43 2 0 22 272
43 2 0 23 266
43 2 0 24 260
43 2 0 25 254
43 2 0 26 248
43 2 0 27 242
43 2 0 28 236
43 2 0 29 230
43 2 0 30 224
43 2 0 31 218
43 2 0 32 212
43 2 0 33 206
43 2 0 34 200
43 2 0 35 194
43 2 0 36 188
43 2 0 37 182
43 2 0 38 176
43 2 0 39 170
43 2 0 40 168
43 2 0 41 162
43 2 0 42 160
43 3 0 2 304
43 3 0 3 1656
43 3 0 4 5348
43 3 0 5 6592
43 3 0 6 7736
43 3 0 7 8788
43 3 0 8 9744
43 3 0 9 10608
43 3 0 10 11376
43 3 0 11 12052
43 3 0 12 12632
43 3 0 13 13120
43 3 0 14 13512
43 3 0 15 13812
43 3 0 16 14016
43 3 0 17 14128
43 3 0 18 14144
43 3 0 19 14068
43 3 0 20 13896
43 3 0 21 13644
43 3 0 22 13348
43 3 0 23 13016
43 3 0 24 12644
43 3 0 25 12236
43 3 0 26 11788
43 3 0 27 11304
43 3 0 28 10780
43 3 0 29 10220
43 3 0 30 9620
43 3 0 31 8984
43 3 0 32 8308
43 3 0 33 7596
43 3 0 34 6844
43 3 0 35 6056
43 3 0 36 5228
43 3 0 37 4360
43 3 0 38 3456
43 3 0 39 2516
43 3 0 40 1808
43 3 0 41 772
43 3 1 2 4
43 3 1 41 4
43 4 0 2 5768
43 4 0 3 25896
43 4 0 4 77334
43 4 0 5 132696
43 4 0 6 184502
43 4 0 7 235061
43 4 0 8 281490
43 4 0 9 323674
43 4 0 10 361366
43 4 0 11 394475
43 4 0 12 422730
43 4 0 13 446064
43 4 0 14 464204
43 4 0 15 477331
43 4 0 16 485490
43 4 0 17 489020
43 4 0 18 487952
43 4 0 19 482627
43 4 0 20 472928
43 4 0 21 459307
43 4 0 22 442702
43 4 0 23 423622
43 4 0 24 402188
43 4 0 25 378955
43 4 0 26 354026
43 4 0 27 327974
43 4 0 28 300884
43 4 0 29 273347
43 4 0 30 245430
43 4 0 31 217742
43 4 0 32 190332
43 4 0 33 163831
43 4 0 34 138266
43 4 0 35 114282
43 4 0 36 91896
43 4 0 37 71481
43 4 0 38 53590
43 4 0 39 38814
43 4 0 40 23690
43 4 0 41 11591
43 4 1 2 156
43 4 1 3 24
43 4 1 4 28
43 4 1 5 28
43 4 1 6 28
43 4 1 7 28
43 4 1 8 28
43 4 1 9 28
43 4 1 10 28
43 4 1 11 28
43 4 1 12 28
43 4 1 13 28
43 4 1 14 28
43 4 1 15 28
43 4 1 16 28
43 4 1 17 28
43 4 1 18 28
43 4 1 19 28
43 4 1 20 28
43 4 1 21 28
43 4 1 22 28
43 4 1 23 28
43 4 1 24 28
43 4 1 25 28
43 4 1 26 28
43 4 1 27 28
43 4 1 28 28
43 4 1 29 28
43 4 1 30 28
43 4 1 31 28
43 4 1 32 28
43 4 1 33 28
43 4 1 34 28
43 4 1 35 28
43 4 1 36 28
43 4 1 37 28
43 4 1 38 28
43 4 1 39 24
43 4 1 40 24
43 4 1 41 152
43 5 0 2 10080
43 5 0 3 159310
43 5 0 4 840596
43 5 0 5 1937100
43 5 0 6 3185192
43 5 0 7 4603928
43 5 0 8 6023488
43 5 0 9 7391900
43 5 0 10 8663728
43 5 0 11 9804632
43 5 0 12 10786092
43 5 0 13 11590748
43 5 0 14 12206688
43 5 0 15 12631980
43 5 0 16 12866516
43 5 0 17 12918704
43 5 0 18 12799104
43 5 0 19 12525356
43 5 0 20 12116832
43 5 0 21 11597836
43 5 0 22 10983804
43 5 0 23 10294580
43 5 0 24 9547176
43 5 0 25 8759732
43 5 0 26 7947132
43 5 0 27 7124868
43 5 0 28 6305768
43 5 0 29 5502604
43 5 0 30 4726216
43 5 0 31 3986600
43 5 0 32 3292660
43 5 0 33 2651852
43 5 0 34 2070880
43 5 0 35 1553976
43 5 0 36 1106700
43 5 0 37 736384
43 5 0 38 442380
43 5 0 39 226302
43 5 0 40 64396
43 5 1 2 576
43 5 1 3 1796
43 5 1 4 2472
43 5 1 5 2840
43 5 1 6 2860
43 5 1 7 2880
43 5 1 8 2900
43 5 1 9 2920
43 5 1 10 2940
43 5 1 11 2960
43 5 1 12 2980
43 5 1 13 3000
43 5 1 14 3020
43 5 1 15 3040
43 5 1 16 3060
43 5 1 17 3080
43 5 1 18 3100
43 5 1 19 3120
43 5 1 20 3120
43 5 1 21 3080
43 5 1 22 3020
43 5 1 23 2960
43 5 1 24 2900
43 5 1 25 2840
43 5 1 26 2780
43 5 1 27 2720
43 5 1 28 2660
43 5 1 29 2600
43 5 1 30 2540
43 5 1 31 2480
43 5 1 32 2420
43 5 1 33 2360
43 5 1 34 2300
43 5 1 35 2240
43 5 1 36 2184
43 5 1 37 2128
43 5 1 38 2092
43 5 1 39 1780
43 5 1 40 1764
43 5 2 2 4
43 5 2 3 4
43 5 2 39 4
43 5 2 40 4
43 6 0 2 118728
43 6 0 3 1489146
43 6 0 4 8169780
43 6 0 5 23069384
43 6 0 6 44715620
43 6 0 7 72621306
43 6 0 8 103418184
43 6 0 9 134954934
43 6 0 10 165445236
43 6 0 11 193404324
43 6 0 12 217675414
43 6 0 13 237458268
43 6 0 14 252256784
43 6 0 15 261902494
43 6 0 16 266455090
43 6 0 17 266201540
43 6 0 18 261551966
43 6 0 19 253031446
43 6 0 20 241220828
43 6 0 21 226774428
43 6 0 22 210322506
43 6 0 23 192471382
43 6 0 24 173773736
43 6 0 25 154724450
43 6 0 26 135772056
43 6 0 27 117298962
43 6 0 28 99650320
43 6 0 29 83096462
43 6 0 30 67879530
43 6 0 31 54159488
43 6 0 32 42074464
43 6 0 33 31669696
43 6 0 34 22975956
43 6 0 35 15936044
43 6 0 36 10470460
43 6 0 37 6435382
43 6 0 38 3563800
43 6 0 39 1566570
43 6 0 40 503184
43 6 1 2 10488
43 6 1 3 29440
43 6 1 4 61808
43 6 1 5 96428
43 6 1 6 110624
43 6 1 7 123916
43 6 1 8 135964
43 6 1 9 146804
43 6 1 10 156400
43 6 1 11 164788
43 6 1 12 171932
43 6 1 13 177868
43 6 1 14 182560
43 6 1 15 186044
43 6 1 16 188284
43 6 1 17 189316
43 6 1 18 189108
43 6 1 19 187712
43 6 1 20 184796
43 6 1 21 180676
43 6 1 22 176052
43 6 1 23 170948
43 6 1 24 165328
43 6 1 25 159228
43 6 1 26 152612
43 6 1 27 145516
43 6 1 28 137904
43 6 1 29 129812
43 6 1 30 121204
43 6 1 31 112116
43 6 1 32 102508
43 6 1 33 92420
43 6 1 34 81812
43 6 1 35 70696
43 6 1 36 59280
43 6 1 37 47436
43 6 1 38 37352
43 6 1 39 28404
43 6 1 40 21032
43 6 2 2 150
43 6 2 3 184
43 6 2 4 48
43 6 2 5 56
43 6 2 6 56
43 6 2 7 56
43 6 2 8 56
43 6 2 9 56
43 6 2 10 56
43 6 2 11 56
43 6 2 12 56
43 6 2 13 56
43 6 2 14 56
43 6 2 15 56
43 6 2 16 56
43 6 2 17 56
43 6 2 18 56
43 6 2 19 56
43 6 2 20 56
43 6 2 21 56
43 6 2 22 56
43 6 2 23 56
43 6 2 24 56
43 6 2 25 56
43 6 2 26 56
43 6 2 27 56
43 6 2 28 56
43 6 2 29 56
43 6 2 30 56
43 6 2 31 56
43 6 2 32 56
43 6 2 33 56
43 6 2 34 56
43 6 2 35 56
43 6 2 36 52
43 6 2 37 48
43 6 2 38 52
43 6 2 39 174
43 6 2 40 144
44 0 0 1 1
44 0 0 44 1
44 1 0 2 4
44 1 0 3 4
44 1 0 4 4
44 1 0 5 4
44 1 0 6 4
44 1 0 7 4
44 1 0 8 4
44 1 0 9 4
44 1 0 10 4
44 1 0 11 4
44 1 0 12 4
44 1 0 13 4
44 1 0 14 4
44 1 0 15 4
44 1 0 16 4
44 1 0 17 4
44 1 0 18 4
44 1 0 19 4
44 1 0 20 4
44 1 0 21 4
44 1 0 22 4
44 1 0 23 4
44 1 0 24 4
44 1 0 25 4
44 1 0 26 4
44 1 0 27 4
44 1 0 28 4
44 1 0 29 4
44 1 0 30 4
44 1 0 31 4
44 1 0 32 4
44 1 0 33 4
44 1 0 34 4
44 1 0 35 4
44 1 0 36 4
44 1 0 37 4
44 1 0 38 4
44 1 0 39 4
44 1 0 40 4
44 1 0 41 4
44 1 0 42 4
44 1 0 43 4
44 2 0 2 166
44 2 0 3 174
44 2 0 4 252
44 2 0 5 254
44 2 0 6 256
44 2 0 7 258
44 2 0 8 260
44 2 0 9 262
44 2 0 10 264
44 2 0 11 266
44 2 0 12 268
44 2 0 13 270
44 2 0 14 272
44 2 0 15 274
44 2 0 16 276
44 2 0 17 278
44 2 0 18 280
44 2 0 19 282
44 2 0 20 284
44 2 0 21 286
44 2 0 22 282
44 2 0 23 276
44 2 0 24 270
44 2 0 25 264
44 2 0 26 258
44 2 0 27 252
44 2 0 28 246
44 2 0 29 240
44 2 0 30 234
44 2 0 31 228
44 2 0 32 222
44 2 0 33 216
44 2 0 34 210
44 2 0 35 204
44 2 0 36 198
44 2 0 37 192
44 2 0 38 186
44 2 0 39 180
44 2 0 40 174
44 2 0 41 172
44 2 0 42 166
44 2 0 43 164
44 3 0 2 312
44 3 0 3 1700
44 3 0 4 5576
44 3 0 5 6856
44 3 0 6 8040
44 3 0 7 9128
44 3 0 8 10124
44 3 0 9 11024
44 3 0 10 11832
44 3 0 11 12544
44 3 0 12 13164
44 3 0 13 13688
44 3 0 14 14120
44 3 0 15 14456
44 3 0 16 14700
44 3 0 17 14848
44 3 0 18 14904
44 3 0 19 14864
44 3 0 20 14732
44 3 0 21 14504
44 3 0 22 14216
44 3 0 23 13892
44 3 0 24 13532
44 3 0 25 13132
44 3 0 26 12696
44 3 0 27 12220
44 3 0 28 11708
44 3 0 29 11156
44 3 0 30 10568
44 3 0 31 9940
44 3 0 32 9276
44 3 0 33 8572
44 3 0 34 7832
44 3 0 35 7052
44 3 0 36 6236
44 3 0 37 5380
44 3 0 38 4484
44 3 0 39 3552
44 3 0 40 2584
44 3 0 41 1856
44 3 0 42 792
44 3 1 2 4
44 3 1 42 4
44 4 0 2 6076
44 4 0 3 27209
44 4 0 4 81741
44 4 0 5 140275
44 4 0 6 195198
44 4 0 7 248883
44 4 0 8 298407
44 4 0 9 343535
44 4 0 10 384164
44 4 0 11 420035
44 4 0 12 451069
44 4 0 13 476983
44 4 0 14 497726
44 4 0 15 513131
44 4 0 16 523507
44 4 0 17 528893
44 4 0 18 529638
44 4 0 19 525759
44 4 0 20 517529
44 4 0 21 504815
44 4 0 22 488768
44 4 0 23 469826
44 4 0 24 448509
44 4 0 25 424928
44 4 0 26 399648
44 4 0 27 372762
44 4 0 28 344853
44 4 0 29 315996
44 4 0 30 286792
44 4 0 31 257298
44 4 0 32 228133
44 4 0 33 199336
44 4 0 34 171548
44 4 0 35 144786
44 4 0 36 119705
44 4 0 37 96312
44 4 0 38 74980
44 4 0 39 56270
44 4 0 40 40779
44 4 0 41 24938
44 4 0 42 12208
44 4 1 2 160
44 4 1 3 24
44 4 1 4 28
44 4 1 5 28
44 4 1 6 28
44 4 1 7 28
44 4 1 8 28
44 4 1 9 28
44 4 1 10 28
44 4 1 11 28
44 4 1 12 28
44 4 1 13 28
44 4 1 14 28
44 4 1 15 28
44 4 1 16 28
44 4 1 17 28
44 4 1 18 28
44 4 1 19 28
44 4 1 20 28
44 4 1 21 28
44 4 1 22 28
44 4 1 23 28
44 4 1 24 28
44 4 1 25 28
44 4 1 26 28
44 4 1 27 28
44 4 1 28 28
44 4 1 29 28
44 4 1 30 28
44 4 1 31 28
44 4 1 32 28
44 4 1 33 28
44 4 1 34 28
44 4 1 35 28
44 4 1 36 28
44 4 1 37 28
44 4 1 38 28
44 4 1 39 28
44 4 1 40 24
44 4 1 41 24
44 4 1 42 156
44 5 0 2 10656
44 5 0 3 168470
44 5 0 4 902304
44 5 0 5 2084140
44 5 0 6 3431516
44 5 0 7 4969208
44 5 0 8 6515608
44 5 0 9 8013652
44 5 0 10 9417836
44 5 0 11 10688488
44 5 0 12 11797144
44 5 0 13 12720860
44 5 0 14 13448420
44 5 0 15 13972560
44 5 0 16 14295060
44 5 0 17 14419624
44 5 0 18 14358140
44 5 0 19 14124332
44 5 0 20 13739712
44 5 0 21 13225912
44 5 0 22 12605156
44 5 0 23 11893436
44 5 0 24 11111540
44 5 0 25 10276420
44 5 0 26 9406268
44 5 0 27 8515924
44 5 0 28 7620916
44 5 0 29 6734044
44 5 0 30 5868100
44 5 0 31 5033912
44 5 0 32 4241480
44 5 0 33 3499712
44 5 0 34 2816064
44 5 0 35 2197248
44 5 0 36 1647468
44 5 0 37 1172332
44 5 0 38 779316
44 5 0 39 467688
44 5 0 40 239098
44 5 0 41 67960
44 5 1 2 592
44 5 1 3 1844
44 5 1 4 2540
44 5 1 5 2916
44 5 1 6 2936
44 5 1 7 2956
44 5 1 8 2976
44 5 1 9 2996
44 5 1 10 3016
44 5 1 11 3036
44 5 1 12 3056
44 5 1 13 3076
44 5 1 14 3096
44 5 1 15 3116
44 5 1 16 3136
44 5 1 17 3156
44 5 1 18 3176
44 5 1 19 3196
44 5 1 20 3212
44 5 1 21 3192
44 5 1 22 3136
44 5 1 23 3076
44 5 1 24 3016
44 5 1 25 2956
44 5 1 26 2896
44 5 1 27 2836
44 5 1 28 2776
44 5 1 29 2716
44 5 1 30 2656
44 5 1 31 2596
44 5 1 32 2536
44 5 1 33 2476
44 5 1 34 2416
44 5 1 35 2356
44 5 1 36 2296
44 5 1 37 2240
44 5 1 38 2184
44 5 1 39 2148
44 5 1 40 1828
44 5 1 41 1812
44 5 2 2 4
44 5 2 3 4
44 5 2 40 4
44 5 2 41 4
44 6 0 2 129080
44 6 0 3 1611530
44 6 0 4 8926998
44 6 0 5 25292240
44 6 0 6 49132858
44 6 0 7 80058812
44 6 0 8 114384828
44 6 0 9 149786100
44 6 0 10 184332170
44 6 0 11 216366484
44 6 0 12 244609172
44 6 0 13 268105900
44 6 0 14 286269580
44 6 0 15 298808616
44 6 0 16 305738466
44 6 0 17 307274940
44 6 0 18 303832970
44 6 0 19 295919512
44 6 0 20 284142476
44 6 0 21 269163874
44 6 0 22 251678290
44 6 0 23 232344910
44 6 0 24 211782378
44 6 0 25 190552602
44 6 0 26 169156878
44 6 0 27 148049182
44 6 0 28 127614028
44 6 0 29 108198198
44 6 0 30 90069852
44 6 0 31 73468910
44 6 0 32 58548958
44 6 0 33 45441968
44 6 0 34 34182434
44 6 0 35 24790904
44 6 0 36 17195518
44 6 0 37 11302364
44 6 0 38 6951912
44 6 0 39 3854240
44 6 0 40 1698736
44 6 0 41 546120
44 6 1 2 11076
44 6 1 3 30860
44 6 1 4 64747
44 6 1 5 101077
44 6 1 6 115783
44 6 1 7 129561
44 6 1 8 142131
44 6 1 9 153457
44 6 1 10 163575
44 6 1 11 172449
44 6 1 12 180115
44 6 1 13 186537
44 6 1 14 191751
44 6 1 15 195721
44 6 1 16 198483
44 6 1 17 200001
44 6 1 18 200311
44 6 1 19 199389
44 6 1 20 197209
44 6 1 21 193362
44 6 1 22 188854
44 6 1 23 183840
44 6 1 24 178346
44 6 1 25 172336
44 6 1 26 165846
44 6 1 27 158840
44 6 1 28 151354
44 6 1 29 143352
44 6 1 30 134870
44 6 1 31 125872
44 6 1 32 116394
44 6 1 33 106396
44 6 1 34 95918
44 6 1 35 84920
44 6 1 36 73414
44 6 1 37 61616
44 6 1 38 49392
44 6 1 39 39000
44 6 1 40 29788
44 6 1 41 22208
44 6 2 2 154
44 6 2 3 188
44 6 2 4 48
44 6 2 5 56
44 6 2 6 56
44 6 2 7 56
44 6 2 8 56
44 6 2 9 56
44 6 2 10 56
44 6 2 11 56
44 6 2 12 56
44 6 2 13 56
44 6 2 14 56
44 6 2 15 56
44 6 2 16 56
44 6 2 17 56
44 6 2 18 56
44 6 2 19 56
44 6 2 20 56
44 6 2 21 56
44 6 2 22 56
44 6 2 23 56
44 6 2 24 56
44 6 2 25 56
44 6 2 26 56
44 6 2 27 56
44 6 2 28 56
44 6 2 29 56
44 6 2 30 56
44 6 2 31 56
44 6 2 32 56
44 6 2 33 56
44 6 2 34 56
44 6 2 35 56
44 6 2 36 56
44 6 2 37 52
44 6 2 38 48
44 6 2 39 52
44 6 2 40 178
44 6 2 41 148
45 0 0 1 1
45 0 0 45 1
45 1 0 2 4
45 1 0 3 4
45 1 0 4 4
45 1 0 5 4
45 1 0 6 4
45 1 0 7 4
45 1 0 8 4
45 1 0 9 4
45 1 0 10 4
45 1 0 11 4
45 1 0 12 4
45 1 0 13 4
45 1 0 14 4
45 1 0 15 4
45 1 0 16 4
45 1 0 17 4
45 1 0 18 4
45 1 0 19 4
45 1 0 20 4
45 1 0 21 4
45 1 0 22 4
45 1 0 23 4
45 1 0 24 4
45 1 0 25 4
45 1 0 26 4
45 1 0 27 4
45 1 0 28 4
45 1 0 29 4
45 1 0 30 4
45 1 0 31 4
45 1 0 32 4
45 1 0 33 4
45 1 0 34 4
45 1 0 35 4
45 1 0 36 4
45 1 0 37 4
45 1 0 38 4
45 1 0 39 4
45 1 0 40 4
45 1 0 41 4
45 1 0 42 4
45 1 0 43 4
45 1 0 44 4
45 2 0 2 170
45 2 0 3 178
45 2 0 4 258
45 2 0 5 260
45 2 0 6 262
45 2 0 7 264
45 2 0 8 266
45 2 0 9 268
45 2 0 10 270
45 2 0 11 272
45 2 0 12 274
45 2 0 13 276
45 2 0 14 278
45 2 0 15 280
45 2 0 16 282
45 2 0 17 284
45 2 0 18 286
45 2 0 19 288
45 2 0 20 290
45 2 0 21 292
45 2 0 22 292
45 2 0 23 286
45 2 0 24 280
45 2 0 25 274
45 2 0 26 268
45 2 0 27 262
45 2 0 28 256
45 2 0 29 250
45 2 0 30 244
45 2 0 31 238
45 2 0 32 232
45 2 0 33 226
45 2 0 34 220
45 2 0 35 214
45 2 0 36 208
45 2 0 37 202
45 2 0 38 196
45 2 0 39 190
45 2 0 40 184
45 2 0 41 178
45 2 0 42 176
45 2 0 43 170
45 2 0 44 168
45 3 0 2 320
45 3 0 3 1744
45 3 0 4 5796
45 3 0 5 7116
45 3 0 6 8336
45 3 0 7 9464
45 3 0 8 10496
45 3 0 9 11436
45 3 0 10 12280
45 3 0 11 13032
45 3 0 12 13688
45 3 0 13 14252
45 3 0 14 14720
45 3 0 15 15096
45 3 0 16 15376
45 3 0 17 15564
45 3 0 18 15656
45 3 0 19 15656
45 3 0 20 15560
45 3 0 21 15372
45 3 0 22 15100
45 3 0 23 14788
45 3 0 24 14436
45 3 0 25 14048
45 3 0 26 13620
45 3 0 27 13156
45 3 0 28 12652
45 3 0 29 12112
45 3 0 30 11532
45 3 0 31 10916
45 3 0 32 10260
45 3 0 33 9568
45 3 0 34 8836
45 3 0 35 8068
45 3 0 36 7260
45 3 0 37 6416
45 3 0 38 5532
45 3 0 39 4608
45 3 0 40 3648
45 3 0 41 2652
45 3 0 42 1904
45 3 0 43 812
45 3 1 2 4
45 3 1 43 4
45 4 0 2 6392
45 4 0 3 28554
45 4 0 4 86282
45 4 0 5 148027
45 4 0 6 206058
45 4 0 7 263008
45 4 0 8 315658
45 4 0 9 363893
45 4 0 10 407466
45 4 0 11 446286
45 4 0 12 480082
45 4 0 13 508787
45 4 0 14 532106
45 4 0 15 550062
45 4 0 16 562636
45 4 0 17 570169
45 4 0 18 572690
45 4 0 19 570558
45 4 0 20 563768
45 4 0 21 552563
45 4 0 22 537028
45 4 0 23 518565
45 4 0 24 497270
45 4 0 25 473700
45 4 0 26 447956
45 4 0 27 420613
45 4 0 28 391754
45 4 0 29 361972
45 4 0 30 331332
45 4 0 31 300445
45 4 0 32 269358
45 4 0 33 238700
45 4 0 34 208500
45 4 0 35 179409
45 4 0 36 151434
45 4 0 37 125240
45 4 0 38 100824
45 4 0 39 78559
45 4 0 40 59014
45 4 0 41 42792
45 4 0 42 26218
45 4 0 43 12841
45 4 1 2 164
45 4 1 3 24
45 4 1 4 28
45 4 1 5 28
45 4 1 6 28
45 4 1 7 28
45 4 1 8 28
45 4 1 9 28
45 4 1 10 28
45 4 1 11 28
45 4 1 12 28
45 4 1 13 28
45 4 1 14 28
45 4 1 15 28
45 4 1 16 28
45 4 1 17 28
45 4 1 18 28
45 4 1 19 28
45 4 1 20 28
45 4 1 21 28
45 4 1 22 28
45 4 1 23 28
45 4 1 24 28
45 4 1 25 28
45 4 1 26 28
45 4 1 27 28
45 4 1 28 28
45 4 1 29 28
45 4 1 30 28
45 4 1 31 28
45 4 1 32 28
45 4 1 33 28
45 4 1 34 28
45 4 1 35 28
45 4 1 36 28
45 4 1 37 28
45 4 1 38 28
45 4 1 39 28
45 4 1 40 28
45 4 1 41 24
45 4 1 42 24
45 4 1 43 160
45 5 0 2 11248
45 5 0 3 177886
45 5 0 4 966934
45 5 0 5 2238442
45 5 0 6 3688714
45 5 0 7 5351582
45 5 0 8 7029350
45 5 0 9 8664730
45 5 0 10 10206930
45 5 0 11 11616362
45 5 0 12 12858926
45 5 0 13 13912310
45 5 0 14 14759098
45 5 0 15 15393490
45 5 0 16 15812354
45 5 0 17 16020990
45 5 0 18 16026434
45 5 0 19 15844690
45 5 0 20 15491986
45 5 0 21 14992910
45 5 0 22 14370264
45 5 0 23 13643644
45 5 0 24 12831164
45 5 0 25 11953684
45 5 0 26 11028096
45 5 0 27 10072644
45 5 0 28 9102124
45 5 0 29 8132100
45 5 0 30 7175344
45 5 0 31 6244668
45 5 0 32 5350888
45 5 0 33 4504008
45 5 0 34 3712940
45 5 0 35 2985140
45 5 0 36 2327328
45 5 0 37 1743680
45 5 0 38 1239852
45 5 0 39 823464
45 5 0 40 493700
45 5 0 41 252246
45 5 0 42 71620
45 5 1 2 608
45 5 1 3 1892
45 5 1 4 2604
45 5 1 5 2992
45 5 1 6 3012
45 5 1 7 3032
45 5 1 8 3052
45 5 1 9 3072
45 5 1 10 3092
45 5 1 11 3112
45 5 1 12 3132
45 5 1 13 3152
45 5 1 14 3172
45 5 1 15 3192
45 5 1 16 3212
45 5 1 17 3232
45 5 1 18 3252
45 5 1 19 3272
45 5 1 20 3292
45 5 1 21 3292
45 5 1 22 3252
45 5 1 23 3192
45 5 1 24 3132
45 5 1 25 3072
45 5 1 26 3012
45 5 1 27 2952
45 5 1 28 2892
45 5 1 29 2832
45 5 1 30 2772
45 5 1 31 2712
45 5 1 32 2652
45 5 1 33 2592
45 5 1 34 2532
45 5 1 35 2472
45 5 1 36 2412
45 5 1 37 2352
45 5 1 38 2296
45 5 1 39 2240
45 5 1 40 2204
45 5 1 41 1876
45 5 1 42 1860
45 5 2 2 4
45 5 2 3 4
45 5 2 41 4
45 5 2 42 4
45 6 0 2 140016
45 6 0 3 1740328
45 6 0 4 9731698
45 6 0 5 27658638
45 6 0 6 53839678
45 6 0 7 87999866
45 6 0 8 126112252
45 6 0 9 165687272
45 6 0 10 204621060
45 6 0 11 241113758
45 6 0 12 273711328
45 6 0 13 301349468
45 6 0 14 323286114
45 6 0 15 339154296
45 6 0 16 348857650
45 6 0 17 352584430
45 6 0 18 350692232
45 6 0 19 343709298
45 6 0 20 332229894
45 6 0 21 316944004
45 6 0 22 298582280
45 6 0 23 277868552
45 6 0 24 255483154
45 6 0 25 232054646
45 6 0 26 208153396
45 6 0 27 184286266
45 6 0 28 160911908
45 6 0 29 138416094
45 6 0 30 117146468
45 6 0 31 97368170
45 6 0 32 79318130
45 6 0 33 63142708
45 6 0 34 48966952
45 6 0 35 36813764
45 6 0 36 26692700
45 6 0 37 18516392
45 6 0 38 12175748
45 6 0 39 7494826
45 6 0 40 4159896
45 6 0 41 1838126
45 6 0 42 591432
45 6 1 2 11680
45 6 1 3 32312
45 6 1 4 67760
45 6 1 5 105800
45 6 1 6 120984
45 6 1 7 135284
45 6 1 8 148340
45 6 1 9 160188
45 6 1 10 170792
45 6 1 11 180188
45 6 1 12 188340
45 6 1 13 195284
45 6 1 14 200984
45 6 1 15 205476
45 6 1 16 208724
45 6 1 17 210764
45 6 1 18 211560
45 6 1 19 211152
45 6 1 20 209520
45 6 1 21 206372
45 6 1 22 201952
45 6 1 23 197064
45 6 1 24 191660
45 6 1 25 185776
45 6 1 26 179376
45 6 1 27 172496
45 6 1 28 165100
45 6 1 29 157224
45 6 1 30 148832
45 6 1 31 139960
45 6 1 32 130572
45 6 1 33 120704
45 6 1 34 110316
45 6 1 35 99448
45 6 1 36 88060
45 6 1 37 76164
45 6 1 38 63984
45 6 1 39 51380
45 6 1 40 40680
45 6 1 41 31204
45 6 1 42 23416
45 6 2 2 158
45 6 2 3 192
45 6 2 4 48
45 6 2 5 56
45 6 2 6 56
45 6 2 7 56
45 6 2 8 56
45 6 2 9 56
45 6 2 10 56
45 6 2 11 56
45 6 2 12 56
45 6 2 13 56
45 6 2 14 56
45 6 2 15 56
45 6 2 16 56
45 6 2 17 56
45 6 2 18 56
45 6 2 19 56
45 6 2 20 56
45 6 2 21 56
45 6 2 22 56
45 6 2 23 56
45 6 2 24 56
45 6 2 25 56
45 6 2 26 56
45 6 2 27 56
45 6 2 28 56
45 6 2 29 56
45 6 2 30 56
45 6 2 31 56
45 6 2 32 56
45 6 2 33 56
45 6 2 34 56
45 6 2 35 56
45 6 2 36 56
45 6 2 37 56
45 6 2 38 52
45 6 2 39 48
45 6 2 40 52
45 6 2 41 182
45 6 2 42 152
46 0 0 1 1
46 0 0 46 1
46 1 0 2 4
46 1 0 3 4
46 1 0 4 4
46 1 0 5 4
46 1 0 6 4
46 1 0 7 4
46 1 0 8 4
46 1 0 9 4
46 1 0 10 4
46 1 0 11 4
46 1 0 12 4
46 1 0 13 4
46 1 0 14 4
46 1 0 15 4
46 1 0 16 4
46 1 0 17 4
46 1 0 18 4
46 1 0 19 4
46 1 0 20 4
46 1 0 21 4
46 1 0 22 4
46 1 0 23 4
46 1 0 24 4
46 1 0 25 4
46 1 0 26 4
46 1 0 27 4
46 1 0 28 4
46 1 0 29 4
46 1 0 30 4
46 1 0 31 4
46 1 0 32 4
46 1 0 33 4
46 1 0 34 4
46 1 0 35 4
46 1 0 36 4
46 1 0 37 4
46 1 0 38 4
46 1 0 39 4
46 1 0 40 4
46 1 0 41 4
46 1 0 42 4
46 1 0 43 4
46 1 0 44 4
46 1 0 45 4
46 2 0 2 174
46 2 0 3 182
46 2 0 4 264
46 2 0 5 266
46 2 0 6 268
46 2 0 7 270
46 2 0 8 272
46 2 0 9 274
46 2 0 10 276
46 2 0 11 278
46 2 0 12 280
46 2 0 13 282
46 2 0 14 284
46 2 0 15 286
46 2 0 16 288
46 2 0 17 290
46 2 0 18 292
46 2 0 19 294
46 2 0 20 296
46 2 0 21 298
46 2 0 22 300
46 2 0 23 296
46 2 0 24 290
46 2 0 25 284
46 2 0 26 278
46 2 0 27 272
46 2 0 28 266
46 2 0 29 260
46 2 0 30 254
46 2 0 31 248
46 2 0 32 242
46 2 0 33 236
46 2 0 34 230
46 2 0 35 224
46 2 0 36 218
46 2 0 37 212
46 2 0 38 206
46 2 0 39 200
46 2 0 40 194
46 2 0 41 188
46 2 0 42 182
46 2 0 43 180
46 2 0 44 174
46 2 0 45 172
46 3 0 2 328
46 3 0 3 1788
46 3 0 4 6032
46 3 0 5 7388
46 3 0 6 8648
46 3 0 7 9812
46 3 0 8 10884
46 3 0 9 11860
46 3 0 10 12744
46 3 0 11 13532
46 3 0 12 14228
46 3 0 13 14828
46 3 0 14 15336
46 3 0 15 15748
46 3 0 16 16068
46 3 0 17 16292
46 3 0 18 16424
46 3 0 19 16460
46 3 0 20 16404
46 3 0 21 16252
46 3 0 22 16008
46 3 0 23 15700
46 3 0 24 15360
46 3 0 25 14980
46 3 0 26 14564
46 3 0 27 14108
46 3 0 28 13616
46 3 0 29 13084
46 3 0 30 12516
46 3 0 31 11908
46 3 0 32 11264
46 3 0 33 10580
46 3 0 34 9860
46 3 0 35 9100
46 3 0 36 8304
46 3 0 37 7468
46 3 0 38 6596
46 3 0 39 5684
46 3 0 40 4732
46 3 0 41 3744
46 3 0 42 2720
46 3 0 43 1952
46 3 0 44 832
46 3 1 2 4
46 3 1 44 4
46 4 0 2 6716
46 4 0 3 29931
46 4 0 4 90960
46 4 0 5 156051
46 4 0 6 217373
46 4 0 7 277631
46 4 0 8 333558
46 4 0 9 384919
46 4 0 10 431611
46 4 0 11 473375
46 4 0 12 510132
46 4 0 13 541599
46 4 0 14 567721
46 4 0 15 588213
46 4 0 16 603268
46 4 0 17 612919
46 4 0 18 617517
46 4 0 19 617081
46 4 0 20 611976
46 4 0 21 602105
46 4 0 22 587719
46 4 0 23 569620
46 4 0 24 548698
46 4 0 25 525034
46 4 0 26 499195
46 4 0 27 471272
46 4 0 28 441850
46 4 0 29 411002
46 4 0 30 379331
46 4 0 31 346892
46 4 0 32 314306
46 4 0 33 281610
46 4 0 34 249443
46 4 0 35 217824
46 4 0 36 187414
46 4 0 37 158210
46 4 0 38 130887
46 4 0 39 105432
46 4 0 40 82218
46 4 0 41 61822
46 4 0 42 44853
46 4 0 43 27530
46 4 0 44 13490
46 4 1 2 168
46 4 1 3 24
46 4 1 4 28
46 4 1 5 28
46 4 1 6 28
46 4 1 7 28
46 4 1 8 28
46 4 1 9 28
46 4 1 10 28
46 4 1 11 28
46 4 1 12 28
46 4 1 13 28
46 4 1 14 28
46 4 1 15 28
46 4 1 16 28
46 4 1 17 28
46 4 1 18 28
46 4 1 19 28
46 4 1 20 28
46 4 1 21 28
46 4 1 22 28
46 4 1 23 28
46 4 1 24 28
46 4 1 25 28
46 4 1 26 28
46 4 1 27 28
46 4 1 28 28
46 4 1 29 28
46 4 1 30 28
46 4 1 31 28
46 4 1 32 28
46 4 1 33 28
46 4 1 34 28
46 4 1 35 28
46 4 1 36 28
46 4 1 37 28
46 4 1 38 28
46 4 1 39 28
46 4 1 40 28
46 4 1 41 28
46 4 1 42 24
46 4 1 43 24
46 4 1 44 164
46 5 0 2 11856
46 5 0 3 187558
46 5 0 4 1034328
46 5 0 5 2399416
46 5 0 6 3958352
46 5 0 7 5751944
46 5 0 8 7569384
46 5 0 9 9348208
46 5 0 10 11037660
46 5 0 11 12592516
46 5 0 12 13979320
46 5 0 13 15169508
46 5 0 14 16146632
46 5 0 15 16899056
46 5 0 16 17425356
46 5 0 17 17725732
46 5 0 18 17809588
46 5 0 19 17687176
46 5 0 20 17377860
46 5 0 21 16901552
46 5 0 22 16285188
46 5 0 23 15549020
46 5 0 24 14713300
46 5 0 25 13796988
46 5 0 26 12821012
46 5 0 27 11802204
46 5 0 28 10758860
46 5 0 29 9705732
46 5 0 30 8658420
46 5 0 31 7629668
46 5 0 32 6632308
46 5 0 33 5677144
46 5 0 34 4774184
46 5 0 35 3932344
46 5 0 36 3159080
46 5 0 37 2461120
46 5 0 38 1842612
46 5 0 39 1309260
46 5 0 40 868828
46 5 0 41 520416
46 5 0 42 265746
46 5 0 43 75376
46 5 1 2 624
46 5 1 3 1940
46 5 1 4 2672
46 5 1 5 3068
46 5 1 6 3088
46 5 1 7 3108
46 5 1 8 3128
46 5 1 9 3148
46 5 1 10 3168
46 5 1 11 3188
46 5 1 12 3208
46 5 1 13 3228
46 5 1 14 3248
46 5 1 15 3268
46 5 1 16 3288
46 5 1 17 3308
46 5 1 18 3328
46 5 1 19 3348
46 5 1 20 3368
46 5 1 21 3384
46 5 1 22 3364
46 5 1 23 3308
46 5 1 24 3248
46 5 1 25 3188
46 5 1 26 3128
46 5 1 27 3068
46 5 1 28 3008
46 5 1 29 2948
46 5 1 30 2888
46 5 1 31 2828
46 5 1 32 2768
46 5 1 33 2708
46 5 1 34 2648
46 5 1 35 2588
46 5 1 36 2528
46 5 1 37 2468
46 5 1 38 2408
46 5 1 39 2352
46 5 1 40 2296
46 5 1 41 2260
46 5 1 42 1924
46 5 1 43 1908
46 5 2 2 4
46 5 2 3 4
46 5 2 42 4
46 5 2 43 4
46 6 0 2 151552
46 6 0 3 1875700
46 6 0 4 10585832
46 6 0 5 30175356
46 6 0 6 58849372
46 6 0 7 96468532
46 6 0 8 138645766
46 6 0 9 182706036
46 6 0 10 226393852
46 6 0 11 267722512
46 6 0 12 305104734
46 6 0 13 337302046
46 6 0 14 363473182
46 6 0 15 383100332
46 6 0 16 396029908
46 6 0 17 402349144
46 6 0 18 402407016
46 6 0 19 396687750
46 6 0 20 385819590
46 6 0 21 370480994
46 6 0 22 351447730
46 6 0 23 329489262
46 6 0 24 305358654
46 6 0 25 279749398
46 6 0 26 253299130
46 6 0 27 226585910
46 6 0 28 200121318
46 6 0 29 174367914
46 6 0 30 149711880
46 6 0 31 126500954
46 6 0 32 104996408
46 6 0 33 85431414
46 6 0 34 67944258
46 6 0 35 52652296
46 6 0 36 39565990
46 6 0 37 28683136
46 6 0 38 19900010
46 6 0 39 13091572
46 6 0 40 8064764
46 6 0 41 4481152
46 6 0 42 1984932
46 6 0 43 639184
46 6 1 2 12300
46 6 1 3 33796
46 6 1 4 70827
46 6 1 5 110649
46 6 1 6 126343
46 6 1 7 141129
46 6 1 8 154707
46 6 1 9 167041
46 6 1 10 178167
46 6 1 11 188049
46 6 1 12 196723
46 6 1 13 204153
46 6 1 14 210375
46 6 1 15 215353
46 6 1 16 219123
46 6 1 17 221649
46 6 1 18 222967
46 6 1 19 223041
46 6 1 20 221919
46 6 1 21 219495
46 6 1 22 215392
46 6 1 23 210584
46 6 1 24 205306
46 6 1 25 199512
46 6 1 26 193238
46 6 1 27 186448
46 6 1 28 179178
46 6 1 29 171392
46 6 1 30 163126
46 6 1 31 154344
46 6 1 32 145082
46 6 1 33 135304
46 6 1 34 125046
46 6 1 35 114268
46 6 1 36 103010
46 6 1 37 91232
46 6 1 38 78946
46 6 1 39 66384
46 6 1 40 53400
46 6 1 41 42392
46 6 1 42 32652
46 6 1 43 24656
46 6 2 2 162
46 6 2 3 196
46 6 2 4 48
46 6 2 5 56
46 6 2 6 56
46 6 2 7 56
46 6 2 8 56
46 6 2 9 56
46 6 2 10 56
46 6 2 11 56
46 6 2 12 56
46 6 2 13 56
46 6 2 14 56
46 6 2 15 56
46 6 2 16 56
46 6 2 17 56
46 6 2 18 56
46 6 2 19 56
46 6 2 20 56
46 6 2 21 56
46 6 2 22 56
46 6 2 23 56
46 6 2 24 56
46 6 2 25 56
46 6 2 26 56
46 6 2 27 56
46 6 2 28 56
46 6 2 29 56
46 6 2 30 56
46 6 2 31 56
46 6 2 32 56
46 6 2 33 56
46 6 2 34 56
46 6 2 35 56
46 6 2 36 56
46 6 2 37 56
46 6 2 38 56
46 6 2 39 52
46 6 2 40 48
46 6 2 41 52
46 6 2 42 186
46 6 2 43 156
47 0 0 1 1
47 0 0 47 1
47 1 0 2 4
47 1 0 3 4
47 1 0 4 4
47 1 0 5 4
47 1 0 6 4
47 1 0 7 4
47 1 0 8 4
47 1 0 9 4
47 1 0 10 4
47 1 0 11 4
47 1 0 12 4
47 1 0 13 4
47 1 0 14 4
47 1 0 15 4
47 1 0 16 4
47 1 0 17 4
47 1 0 18 4
47 1 0 19 4
47 1 0 20 4
47 1 0 21 4
47 1 0 22 4
47 1 0 23 4
47 1 0 24 4
47 1 0 25 4
47 1 0 26 4
47 1 0 27 4
47 1 0 28 4
47 1 0 29 4
47 1 0 30 4
47 1 0 31 4
47 1 0 32 4
47 1 0 33 4
47 1 0 34 4
47 1 0 35 4
47 1 0 36 4
47 1 0 37 4
47 1 0 38 4
47 1 0 39 4
47 1 0 40 4
47 1 0 41 4
47 1 0 42 4
47 1 0 43 4
47 1 0 44 4
47 1 0 45 4
47 1 0 46 4
47 2 0 2 178
47 2 0 3 186
47 2 0 4 270
47 2 0 5 272
47 2 0 6 274
47 2 0 7 276
47 2 0 8 278
47 2 0 9 280
47 2 0 10 282
47 2 0 11 284
47 2 0 12 286
47 2 0 13 288
47 2 0 14 290
47 2 0 15 292
47 2 0 16 294
47 2 0 17 296
47 2 0 18 298
47 2 0 19 300
47 2 0 20 302
47 2 0 21 304
47 2 0 22 306
47 2 0 23 306
47 2 0 24 300
47 2 0 25 294
47 2 0 26 288
47 2 0 27 282
47 2 0 28 276
47 2 0 29 270
47 2 0 30 264
47 2 0 31 258
47 2 0 32 252
47 2 0 33 246
47 2 0 34 240
47 2 0 35 234
47 2 0 36 228
47 2 0 37 222
47 2 0 38 216
47 2 0 39 210
47 2 0 40 204
47 2 0 41 198
47 2 0 42 192
47 2 0 43 186
47 2 0 44 184
47 2 0 45 178
47 2 0 46 176
47 3 0 2 336
47 3 0 3 1832
47 3 0 4 6260
47 3 0 5 7656
47 3 0 6 8952
47 3 0 7 10156
47 3 0 8 11264
47 3 0 9 12280
47 3 0 10 13200
47 3 0 11 14028
47 3 0 12 14760
47 3 0 13 15400
47 3 0 14 15944
47 3 0 15 16396
47 3 0 16 16752
47 3 0 17 17016
47 3 0 18 17184
47 3 0 19 17260
47 3 0 20 17240
47 3 0 21 17128
47 3 0 22 16920
47 3 0 23 16632
47 3 0 24 16300
47 3 0 25 15932
47 3 0 26 15524
47 3 0 27 15080
47 3 0 28 14596
47 3 0 29 14076
47 3 0 30 13516
47 3 0 31 12920
47 3 0 32 12284
47 3 0 33 11612
47 3 0 34 10900
47 3 0 35 10152
47 3 0 36 9364
47 3 0 37 8540
47 3 0 38 7676
47 3 0 39 6776
47 3 0 40 5836
47 3 0 41 4856
47 3 0 42 3840
47 3 0 43 2788
47 3 0 44 2000
47 3 0 45 852
47 3 1 2 4
47 3 1 45 4
47 4 0 2 7048
47 4 0 3 31340
47 4 0 4 95772
47 4 0 5 164244
47 4 0 6 228844
47 4 0 7 292549
47 4 0 8 351784
47 4 0 9 406434
47 4 0 10 456252
47 4 0 11 501147
47 4 0 12 540848
47 4 0 13 575288
47 4 0 14 604172
47 4 0 15 627461
47 4 0 16 644976
47 4 0 17 657038
47 4 0 18 663674
47 4 0 19 665245
47 4 0 20 661760
47 4 0 21 653582
47 4 0 22 640564
47 4 0 23 623210
47 4 0 24 602564
47 4 0 25 579167
47 4 0 26 553118
47 4 0 27 524994
47 4 0 28 494876
47 4 0 29 463359
47 4 0 30 430506
47 4 0 31 396930
47 4 0 32 362676
47 4 0 33 328375
47 4 0 34 294054
47 4 0 35 260362
47 4 0 36 227308
47 4 0 37 195563
47 4 0 38 165114
47 4 0 39 136646
47 4 0 40 110136
47 4 0 41 85957
47 4 0 42 64694
47 4 0 43 46962
47 4 0 44 28874
47 4 0 45 14155
47 4 1 2 172
47 4 1 3 24
47 4 1 4 28
47 4 1 5 28
47 4 1 6 28
47 4 1 7 28
47 4 1 8 28
47 4 1 9 28
47 4 1 10 28
47 4 1 11 28
47 4 1 12 28
47 4 1 13 28
47 4 1 14 28
47 4 1 15 28
47 4 1 16 28
47 4 1 17 28
47 4 1 18 28
47 4 1 19 28
47 4 1 20 28
47 4 1 21 28
47 4 1 22 28
47 4 1 23 28
47 4 1 24 28
47 4 1 25 28
47 4 1 26 28
47 4 1 27 28
47 4 1 28 28
47 4 1 29 28
47 4 1 30 28
47 4 1 31 28
47 4 1 32 28
47 4 1 33 28
47 4 1 34 28
47 4 1 35 28
47 4 1 36 28
47 4 1 37 28
47 4 1 38 28
47 4 1 39 28
47 4 1 40 28
47 4 1 41 28
47 4 1 42 28
47 4 1 43 24
47 4 1 44 24
47 4 1 45 168
47 5 0 2 12480
47 5 0 3 197486
47 5 0 4 1104768
47 5 0 5 2567968
47 5 0 6 4239264
47 5 0 7 6170024
47 5 0 8 8131784
47 5 0 9 10061976
47 5 0 10 11904296
47 5 0 11 13614100
47 5 0 12 15151708
47 5 0 13 16489556
47 5 0 14 17604952
47 5 0 15 18487224
47 5 0 16 19129404
47 5 0 17 19534252
47 5 0 18 19705196
47 5 0 19 19655216
47 5 0 20 19398476
47 5 0 21 18956992
47 5 0 22 18353504
47 5 0 23 17616176
47 5 0 24 16762176
47 5 0 25 15814124
47 5 0 26 14790908
47 5 0 27 13713524
47 5 0 28 12598744
47 5 0 29 11464916
47 5 0 30 10326748
47 5 0 31 9199876
47 5 0 32 8097016
47 5 0 33 7031020
47 5 0 34 6012680
47 5 0 35 5052008
47 5 0 36 4157924
47 5 0 37 3337884
47 5 0 38 2598624
47 5 0 39 1944264
47 5 0 40 1380556
47 5 0 41 915408
47 5 0 42 547836
47 5 0 43 279598
47 5 0 44 79228
47 5 1 2 640
47 5 1 3 1988
47 5 1 4 2736
47 5 1 5 3144
47 5 1 6 3164
47 5 1 7 3184
47 5 1 8 3204
47 5 1 9 3224
47 5 1 10 3244
47 5 1 11 3264
47 5 1 12 3284
47 5 1 13 3304
47 5 1 14 3324
47 5 1 15 3344
47 5 1 16 3364
47 5 1 17 3384
47 5 1 18 3404
47 5 1 19 3424
47 5 1 20 3444
47 5 1 21 3464
47 5 1 22 3464
47 5 1 23 3424
47 5 1 24 3364
47 5 1 25 3304
47 5 1 26 3244
47 5 1 27 3184
47 5 1 28 3124
47 5 1 29 3064
47 5 1 30 3004
47 5 1 31 2944
47 5 1 32 2884
47 5 1 33 2824
47 5 1 34 2764
47 5 1 35 2704
47 5 1 36 2644
47 5 1 37 2584
47 5 1 38 2524
47 5 1 39 2464
47 5 1 40 2408
47 5 1 41 2352
47 5 1 42 2316
47 5 1 43 1972
47 5 1 44 1956
47 5 2 2 4
47 5 2 3 4
47 5 2 43 4
47 5 2 44 4
47 6 0 2 163704
47 6 0 3 2017806
47 6 0 4 11490856
47 6 0 5 32846058
47 6 0 6 64168778
47 6 0 7 105476840
47 6 0 8 151994800
47 6 0 9 200873854
47 6 0 10 249672926
47 6 0 11 296254464
47 6 0 12 338838546
47 6 0 13 376066202
47 6 0 14 406922922
47 6 0 15 430801732
47 6 0 16 447408402
47 6 0 17 456791730
47 6 0 18 459210104
47 6 0 19 455158382
47 6 0 20 445233214
47 6 0 21 430153358
47 6 0 22 410681160
47 6 0 23 387664422
47 6 0 24 361899612
47 6 0 25 334162036
47 6 0 26 305155802
47 6 0 27 275526774
47 6 0 28 245859936
47 6 0 29 216670738
47 6 0 30 188424880
47 6 0 31 161508106
47 6 0 32 136267480
47 6 0 33 112959558
47 6 0 34 91812986
47 6 0 35 72957128
47 6 0 36 56500880
47 6 0 37 42441416
47 6 0 38 30764004
47 6 0 39 21347716
47 6 0 40 14050796
47 6 0 41 8662366
47 6 0 42 4818392
47 6 0 43 2139346
47 6 0 44 689440
47 6 1 2 12936
47 6 1 3 35312
47 6 1 4 73968
47 6 1 5 115572
47 6 1 6 131744
47 6 1 7 147052
47 6 1 8 161116
47 6 1 9 173972
47 6 1 10 185584
47 6 1 11 195988
47 6 1 12 205148
47 6 1 13 213100
47 6 1 14 219808
47 6 1 15 225308
47 6 1 16 229564
47 6 1 17 232612
47 6 1 18 234416
47 6 1 19 235012
47 6 1 20 234368
47 6 1 21 232536
47 6 1 22 229120
47 6 1 23 224436
47 6 1 24 219248
47 6 1 25 213580
47 6 1 26 207396
47 6 1 27 200732
47 6 1 28 193552
47 6 1 29 185892
47 6 1 30 177716
47 6 1 31 169060
47 6 1 32 159888
47 6 1 33 150236
47 6 1 34 140068
47 6 1 35 129420
47 6 1 36 118252
47 6 1 37 106604
47 6 1 38 94436
47 6 1 39 81760
47 6 1 40 68816
47 6 1 41 55452
47 6 1 42 44136
47 6 1 43 34132
47 6 1 44 25928
47 6 2 2 166
47 6 2 3 200
47 6 2 4 48
47 6 2 5 56
47 6 2 6 56
47 6 2 7 56
47 6 2 8 56
47 6 2 9 56
47 6 2 10 56
47 6 2 11 56
47 6 2 12 56
47 6 2 13 56
47 6 2 14 56
47 6 2 15 56
47 6 2 16 56
47 6 2 17 56
47 6 2 18 56
47 6 2 19 56
47 6 2 20 56
47 6 2 21 56
47 6 2 22 56
47 6 2 23 56
47 6 2 24 56
47 6 2 25 56
47 6 2 26 56
47 6 2 27 56
47 6 2 28 56
47 6 2 29 56
47 6 2 30 56
47 6 2 31 56
47 6 2 32 56
47 6 2 33 56
47 6 2 34 56
47 6 2 35 56
47 6 2 36 56
47 6 2 37 56
47 6 2 38 56
47 6 2 39 56
47 6 2 40 52
47 6 2 41 48
47 6 2 42 52
47 6 2 43 190
47 6 2 44 160
48 0 0 1 1
48 0 0 48 1
48 1 0 2 4
48 1 0 3 4
48 1 0 4 4
48 1 0 5 4
48 1 0 6 4
48 1 0 7 4
48 1 0 8 4
48 1 0 9 4
48 1 0 10 4
48 1 0 11 4
48 1 0 12 4
48 1 0 13 4
48 1 0 14 4
48 1 0 15 4
48 1 0 16 4
48 1 0 17 4
48 1 0 18 4
48 1 0 19 4
48 1 0 20 4
48 1 0 21 4
48 1 0 22 4
48 1 0 23 4
48 1 0 24 4
48 1 0 25 4
48 1 0 26 4
48 1 0 27 4
48 1 0 28 4
48 1 0 29 4
48 1 0 30 4
48 1 0 31 4
48 1 0 32 4
48 1 0 33 4
48 1 0 34 4
48 1 0 35 4
48 1 0 36 4
48 1 0 37 4
48 1 0 38 4
48 1 0 39 4
48 1 0 40 4
48 1 0 41 4
48 1 0 42 4
48 1 0 43 4
48 1 0 44 4
48 1 0 45 4
48 1 0 46 4
48 1 0 47 4
48 2 0 2 182
48 2 0 3 190
48 2 0 4 276
48 2 0 5 278
48 2 0 6 280
48 2 0 7 282
48 2 0 8 284
48 2 0 9 286
48 2 0 10 288
48 2 0 11 290
48 2 0 12 292
48 2 0 13 294
48 2 0 14 296
48 2 0 15 298
48 2 0 16 300
48 2 0 17 302
48 2 0 18 304
48 2 0 19 306
48 2 0 20 308
48 2 0 21 310
48 2 0 22 312
48 2 0 23 314
48 2 0 24 310
48 2 0 25 304
48 2 0 26 298
48 2 0 27 292
48 2 0 28 286
48 2 0 29 280
48 2 0 30 274
48 2 0 31 268
48 2 0 32 262
48 2 0 33 256
48 2 0 34 250
48 2 0 35 244
48 2 0 36 238
48 2 0 37 232
48 2 0 38 226
48 2 0 39 220
48 2 0 40 214
48 2 0 41 208
48 2 0 42 202
48 2 0 43 196
48 2 0 44 190
48 2 0 45 188
48 2 0 46 182
48 2 0 47 180
48 3 0 2 344
48 3 0 3 1876
48 3 0 4 6504
48 3 0 5 7936
48 3 0 6 9272
48 3 0 7 10512
48 3 0 8 11660
48 3 0 9 12712
48 3 0 10 13672
48 3 0 11 14536
48 3 0 12 15308
48 3 0 13 15984
48 3 0 14 16568
48 3 0 15 17056
48 3 0 16 17452
48 3 0 17 17752
48 3 0 18 17960
48 3 0 19 18072
48 3 0 20 18092
48 3 0 21 18016
48 3 0 22 17848
48 3 0 23 17584
48 3 0 24 17260
48 3 0 25 16900
48 3 0 26 16504
48 3 0 27 16068
48 3 0 28 15596
48 3 0 29 15084
48 3 0 30 14536
48 3 0 31 13948
48 3 0 32 13324
48 3 0 33 12660
48 3 0 34 11960
48 3 0 35 11220
48 3 0 36 10444
48 3 0 37 9628
48 3 0 38 8776
48 3 0 39 7884
48 3 0 40 6956
48 3 0 41 5988
48 3 0 42 4980
48 3 0 43 3936
48 3 0 44 2856
48 3 0 45 2048
48 3 0 46 872
48 3 1 2 4
48 3 1 46 4
48 4 0 2 7388
48 4 0 3 32781
48 4 0 4 100725
48 4 0 5 172717
48 4 0 6 240782
48 4 0 7 307977
48 4 0 8 370671
48 4 0 9 428629
48 4 0 10 481748
48 4 0 11 529769
48 4 0 12 572613
48 4 0 13 609997
48 4 0 14 641866
48 4 0 15 667913
48 4 0 16 688173
48 4 0 17 702615
48 4 0 18 711592
48 4 0 19 715121
48 4 0 20 713573
48 4 0 21 706943
48 4 0 22 695518
48 4 0 23 679143
48 4 0 24 659097
48 4 0 25 635860
48 4 0 26 609972
48 4 0 27 581522
48 4 0 28 551097
48 4 0 29 518768
48 4 0 30 485140
48 4 0 31 450266
48 4 0 32 414769
48 4 0 33 378684
48 4 0 34 342652
48 4 0 35 306690
48 4 0 36 271457
48 4 0 37 236952
48 4 0 38 203856
48 4 0 39 172146
48 4 0 40 142517
48 4 0 41 114936
48 4 0 42 89776
48 4 0 43 67630
48 4 0 44 49119
48 4 0 45 30250
48 4 0 46 14836
48 4 1 2 176
48 4 1 3 24
48 4 1 4 28
48 4 1 5 28
48 4 1 6 28
48 4 1 7 28
48 4 1 8 28
48 4 1 9 28
48 4 1 10 28
48 4 1 11 28
48 4 1 12 28
48 4 1 13 28
48 4 1 14 28
48 4 1 15 28
48 4 1 16 28
48 4 1 17 28
48 4 1 18 28
48 4 1 19 28
48 4 1 20 28
48 4 1 21 28
48 4 1 22 28
48 4 1 23 28
48 4 1 24 28
48 4 1 25 28
48 4 1 26 28
48 4 1 27 28
48 4 1 28 28
48 4 1 29 28
48 4 1 30 28
48 4 1 31 28
48 4 1 32 28
48 4 1 33 28
48 4 1 34 28
48 4 1 35 28
48 4 1 36 28
48 4 1 37 28
48 4 1 38 28
48 4 1 39 28
48 4 1 40 28
48 4 1 41 28
48 4 1 42 28
48 4 1 43 28
48 4 1 44 24
48 4 1 45 24
48 4 1 46 172
48 5 0 2 13120
48 5 0 3 207670
48 5 0 4 1178080
48 5 0 5 2743452
48 5 0 6 4533136
48 5 0 7 6606820
48 5 0 8 8721552
48 5 0 9 10809336
48 5 0 10 12814308
48 5 0 11 14685716
48 5 0 12 16384836
48 5 0 13 17877808
48 5 0 14 19142912
48 5 0 15 20162992
48 5 0 16 20933216
48 5 0 17 21450228
48 5 0 18 21720384
48 5 0 19 21750976
48 5 0 20 21558432
48 5 0 21 21160008
48 5 0 22 20581648
48 5 0 23 19848128
48 5 0 24 18984960
48 5 0 25 18009732
48 5 0 26 16946116
48 5 0 27 15812924
48 5 0 28 14631220
48 5 0 29 13417716
48 5 0 30 12190812
48 5 0 31 10965172
48 5 0 32 9756468
48 5 0 33 8577388
48 5 0 34 7440804
48 5 0 35 6357496
48 5 0 36 5337480
48 5 0 37 4389680
48 5 0 38 3521552
48 5 0 39 2739840
48 5 0 40 2048636
48 5 0 41 1453740
48 5 0 42 963204
48 5 0 43 575960
48 5 0 44 293802
48 5 0 45 83176
48 5 1 2 656
48 5 1 3 2036
48 5 1 4 2804
48 5 1 5 3220
48 5 1 6 3240
48 5 1 7 3260
48 5 1 8 3280
48 5 1 9 3300
48 5 1 10 3320
48 5 1 11 3340
48 5 1 12 3360
48 5 1 13 3380
48 5 1 14 3400
48 5 1 15 3420
48 5 1 16 3440
48 5 1 17 3460
48 5 1 18 3480
48 5 1 19 3500
48 5 1 20 3520
48 5 1 21 3540
48 5 1 22 3556
48 5 1 23 3536
48 5 1 24 3480
48 5 1 25 3420
48 5 1 26 3360
48 5 1 27 3300
48 5 1 28 3240
48 5 1 29 3180
48 5 1 30 3120
48 5 1 31 3060
48 5 1 32 3000
48 5 1 33 2940
48 5 1 34 2880
48 5 1 35 2820
48 5 1 36 2760
48 5 1 37 2700
48 5 1 38 2640
48 5 1 39 2580
48 5 1 40 2520
48 5 1 41 2464
48 5 1 42 2408
48 5 1 43 2372
48 5 1 44 2020
48 5 1 45 2004
48 5 2 2 4
48 5 2 3 4
48 5 2 44 4
48 5 2 45 4
48 6 0 2 176488
48 6 0 3 2166806
48 6 0 4 12448786
48 6 0 5 35677730
48 6 0 6 69812738
48 6 0 7 115051088
48 6 0 8 166209844
48 6 0 9 220242444
48 6 0 10 274548888
48 6 0 11 326791004
48 6 0 12 375045914
48 6 0 13 417760824
48 6 0 14 453813716
48 6 0 15 482422726
48 6 0 16 503223310
48 6 0 17 516132502
48 6 0 18 521389114
48 6 0 19 519410540
48 6 0 20 510822010
48 6 0 21 496319278
48 6 0 22 476709826
48 6 0 23 452844146
48 6 0 24 425608490
48 6 0 25 395828114
48 6 0 26 364292138
48 6 0 27 331714526
48 6 0 28 298748522
48 6 0 29 265985266
48 6 0 30 233943230
48 6 0 31 203090486
48 6 0 32 173811492
48 6 0 33 146451870
48 6 0 34 121262612
48 6 0 35 98467070
48 6 0 36 78184838
48 6 0 37 60515584
48 6 0 38 45442346
48 6 0 39 32937096
48 6 0 40 22860854
48 6 0 41 15054380
48 6 0 42 9288272
48 6 0 43 5172000
48 6 0 44 2301560
48 6 0 45 742264
48 6 1 2 13588
48 6 1 3 36860
48 6 1 4 77163
48 6 1 5 120621
48 6 1 6 137303
48 6 1 7 153097
48 6 1 8 167683
48 6 1 9 181025
48 6 1 10 193159
48 6 1 11 204049
48 6 1 12 213731
48 6 1 13 222169
48 6 1 14 229399
48 6 1 15 235385
48 6 1 16 240163
48 6 1 17 243697
48 6 1 18 246023
48 6 1 19 247105
48 6 1 20 246979
48 6 1 21 245621
48 6 1 22 242989
48 6 1 23 238594
48 6 1 24 233522
48 6 1 25 227944
48 6 1 26 221886
48 6 1 27 215312
48 6 1 28 208258
48 6 1 29 200688
48 6 1 30 192638
48 6 1 31 184072
48 6 1 32 175026
48 6 1 33 165464
48 6 1 34 155422
48 6 1 35 144864
48 6 1 36 133826
48 6 1 37 122268
48 6 1 38 110230
48 6 1 39 97672
48 6 1 40 84606
48 6 1 41 71280
48 6 1 42 57536
48 6 1 43 45912
48 6 1 44 35644
48 6 1 45 27232
48 6 2 2 170
48 6 2 3 204
48 6 2 4 48
48 6 2 5 56
48 6 2 6 56
48 6 2 7 56
48 6 2 8 56
48 6 2 9 56
48 6 2 10 56
48 6 2 11 56
48 6 2 12 56
48 6 2 13 56
48 6 2 14 56
48 6 2 15 56
48 6 2 16 56
48 6 2 17 56
48 6 2 18 56
48 6 2 19 56
48 6 2 20 56
48 6 2 21 56
48 6 2 22 56
48 6 2 23 56
48 6 2 24 56
48 6 2 25 56
48 6 2 26 56
48 6 2 27 56
48 6 2 28 56
48 6 2 29 56
48 6 2 30 56
48 6 2 31 56
48 6 2 32 56
48 6 2 33 56
48 6 2 34 56
48 6 2 35 56
48 6 2 36 56
48 6 2 37 56
48 6 2 38 56
48 6 2 39 56
48 6 2 40 56
48 6 2 41 52
48 6 2 42 48
48 6 2 43 52
48 6 2 44 194
48 6 2 45 164
49 0 0 1 1
49 0 0 49 1
49 1 0 2 4
49 1 0 3 4
49 1 0 4 4
49 1 0 5 4
49 1 0 6 4
49 1 0 7 4
49 1 0 8 4
49 1 0 9 4
49 1 0 10 4
49 1 0 11 4
49 1 0 12 4
49 1 0 13 4
49 1 0 14 4
49 1 0 15 4
49 1 0 16 4
49 1 0 17 4
49 1 0 18 4
49 1 0 19 4
49 1 0 20 4
49 1 0 21 4
49 1 0 22 4
49 1 0 23 4
49 1 0 24 4
49 1 0 25 4
49 1 0 26 4
49 1 0 27 4
49 1 0 28 4
49 1 0 29 4
49 1 0 30 4
49 1 0 31 4
49 1 0 32 4
49 1 0 33 4
49 1 0 34 4
49 1 0 35 4
49 1 0 36 4
49 1 0 37 4
49 1 0 38 4
49 1 0 39 4
49 1 0 40 4
49 1 0 41 4
49 1 0 42 4
49 1 0 43 4
49 1 0 44 4
49 1 0 45 4
49 1 0 46 4
49 1 0 47 4
49 1 0 48 4
49 2 0 2 186
49 2 0 3 194
49 2 0 4 282
49 2 0 5 284
49 2 0 6 286
49 2 0 7 288
49 2 0 8 290
49 2 0 9 292
49 2 0 10 294
49 2 0 11 296
49 2 0 12 298
49 2 0 13 300
49 2 0 14 302
49 2 0 15 304
49 2 0 16 306
49 2 0 17 308
49 2 0 18 310
49 2 0 19 312
49 2 0 20 314
49 2 0 21 316
49 2 0 22 318
49 2 0 23 320
49 2 0 24 320
49 2 0 25 314
49 2 0 26 308
49 2 0 27 302
49 2 0 28 296
49 2 0 29 290
49 2 0 30 284
49 2 0 31 278
49 2 0 32 272
49 2 0 33 266
49 2 0 34 260
49 2 0 35 254
49 2 0 36 248
49 2 0 37 242
49 2 0 38 236
49 2 0 39 230
49 2 0 40 224
49 2 0 41 218
49 2 0 42 212
49 2 0 43 206
49 2 0 44 200
49 2 0 45 194
49 2 0 46 192
49 2 0 47 186
49 2 0 48 184
49 3 0 2 352
49 3 0 3 1920
49 3 0 4 6740
49 3 0 5 8212
49 3 0 6 9584
49 3 0 7 10864
49 3 0 8 12048
49 3 0 9 13140
49 3 0 10 14136
49 3 0 11 15040
49 3 0 12 15848
49 3 0 13 16564
49 3 0 14 17184
49 3 0 15 17712
49 3 0 16 18144
49 3 0 17 18484
49 3 0 18 18728
49 3 0 19 18880
49 3 0 20 18936
49 3 0 21 18900
49 3 0 22 18768
49 3 0 23 18544
49 3 0 24 18236
49 3 0 25 17888
49 3 0 26 17500
49 3 0 27 17076
49 3 0 28 16612
49 3 0 29 16112
49 3 0 30 15572
49 3 0 31 14996
49 3 0 32 14380
49 3 0 33 13728
49 3 0 34 13036
49 3 0 35 12308
49 3 0 36 11540
49 3 0 37 10736
49 3 0 38 9892
49 3 0 39 9012
49 3 0 40 8092
49 3 0 41 7136
49 3 0 42 6140
49 3 0 43 5104
49 3 0 44 4032
49 3 0 45 2924
49 3 0 46 2096
49 3 0 47 892
49 3 1 2 4
49 3 1 47 4
49 4 0 2 7736
49 4 0 3 34254
49 4 0 4 105812
49 4 0 5 181355
49 4 0 6 252868
49 4 0 7 323692
49 4 0 8 389876
49 4 0 9 451305
49 4 0 10 507732
49 4 0 11 559066
49 4 0 12 605036
49 4 0 13 645575
49 4 0 14 680388
49 4 0 15 709432
49 4 0 16 732410
49 4 0 17 749527
49 4 0 18 760804
49 4 0 19 766604
49 4 0 20 766934
49 4 0 21 762175
49 4 0 22 752300
49 4 0 23 737566
49 4 0 24 718066
49 4 0 25 695352
49 4 0 26 669508
49 4 0 27 641113
49 4 0 28 610246
49 4 0 29 577504
49 4 0 30 542948
49 4 0 31 507193
49 4 0 32 470282
49 4 0 33 432848
49 4 0 34 394916
49 4 0 35 357137
49 4 0 36 319518
49 4 0 37 282728
49 4 0 38 246756
49 4 0 39 212293
49 4 0 40 179306
49 4 0 41 148500
49 4 0 42 119832
49 4 0 43 93675
49 4 0 44 70630
49 4 0 45 51324
49 4 0 46 31658
49 4 0 47 15533
49 4 1 2 180
49 4 1 3 24
49 4 1 4 28
49 4 1 5 28
49 4 1 6 28
49 4 1 7 28
49 4 1 8 28
49 4 1 9 28
49 4 1 10 28
49 4 1 11 28
49 4 1 12 28
49 4 1 13 28
49 4 1 14 28
49 4 1 15 28
49 4 1 16 28
49 4 1 17 28
49 4 1 18 28
49 4 1 19 28
49 4 1 20 28
49 4 1 21 28
49 4 1 22 28
49 4 1 23 28
49 4 1 24 28
49 4 1 25 28
49 4 1 26 28
49 4 1 27 28
49 4 1 28 28
49 4 1 29 28
49 4 1 30 28
49 4 1 31 28
49 4 1 32 28
49 4 1 33 28
49 4 1 34 28
49 4 1 35 28
49 4 1 36 28
49 4 1 37 28
49 4 1 38 28
49 4 1 39 28
49 4 1 40 28
49 4 1 41 28
49 4 1 42 28
49 4 1 43 28
49 4 1 44 28
49 4 1 45 24
49 4 1 46 24
49 4 1 47 176
49 5 0 2 13776
49 5 0 3 218110
49 5 0 4 1254562
49 5 0 5 2926830
49 5 0 6 4838682
49 5 0 7 7061982
49 5 0 8 9334346
49 5 0 9 11588022
49 5 0 10 13761206
49 5 0 11 15803982
49 5 0 12 17671366
49 5 0 13 19330518
49 5 0 14 20753110
49 5 0 15 21923662
49 5 0 16 22830338
49 5 0 17 23472746
49 5 0 18 23851350
49 5 0 19 23975998
49 5 0 20 23857274
49 5 0 21 23515810
49 5 0 22 22971198
49 5 0 23 22252394
49 5 0 24 21385060
49 5 0 25 20391536
49 5 0 26 19291688
49 5 0 27 18109276
49 5 0 28 16863036
49 5 0 29 15574100
49 5 0 30 14259120
49 5 0 31 12936548
49 5 0 32 11621004
49 5 0 33 10328196
49 5 0 34 9070784
49 5 0 35 7861660
49 5 0 36 6711592
49 5 0 37 5630600
49 5 0 38 4627612
49 5 0 39 3710084
49 5 0 40 2884768
49 5 0 41 2155728
49 5 0 42 1528812
49 5 0 43 1012216
49 5 0 44 604788
49 5 0 45 308358
49 5 0 46 87220
49 5 1 2 672
49 5 1 3 2084
49 5 1 4 2868
49 5 1 5 3296
49 5 1 6 3316
49 5 1 7 3336
49 5 1 8 3356
49 5 1 9 3376
49 5 1 10 3396
49 5 1 11 3416
49 5 1 12 3436
49 5 1 13 3456
49 5 1 14 3476
49 5 1 15 3496
49 5 1 16 3516
49 5 1 17 3536
49 5 1 18 3556
49 5 1 19 3576
49 5 1 20 3596
49 5 1 21 3616
49 5 1 22 3636
49 5 1 23 3636
49 5 1 24 3596
49 5 1 25 3536
49 5 1 26 3476
49 5 1 27 3416
49 5 1 28 3356
49 5 1 29 3296
49 5 1 30 3236
49 5 1 31 3176
49 5 1 32 3116
49 5 1 33 3056
49 5 1 34 2996
49 5 1 35 2936
49 5 1 36 2876
49 5 1 37 2816
49 5 1 38 2756
49 5 1 39 2696
49 5 1 40 2636
49 5 1 41 2576
49 5 1 42 2520
49 5 1 43 2464
49 5 1 44 2428
49 5 1 45 2068
49 5 1 46 2052
49 5 2 2 4
49 5 2 3 4
49 5 2 45 4
49 5 2 46 4
49 6 0 2 189920
49 6 0 3 2322860
49 6 0 4 13461098
49 6 0 5 38674064
49 6 0 6 75786848
49 6 0 7 125201664
49 6 0 8 181295832
49 6 0 9 240840030
49 6 0 10 301036930
49 6 0 11 359389286
49 6 0 12 413766342
49 6 0 13 462483792
49 6 0 14 504224994
49 6 0 15 538113984
49 6 0 16 563612686
49 6 0 17 580588946
49 6 0 18 589161008
49 6 0 19 589743826
49 6 0 20 582898730
49 6 0 21 569367468
49 6 0 22 549935566
49 6 0 23 525499180
49 6 0 24 496982060
49 6 0 25 465296134
49 6 0 26 431289552
49 6 0 27 395762400
49 6 0 28 359437730
49 6 0 29 322975318
49 6 0 30 286971692
49 6 0 31 251947498
49 6 0 32 218372412
49 6 0 33 186628758
49 6 0 34 157059948
49 6 0 35 129910562
49 6 0 36 105397890
49 6 0 37 83630908
49 6 0 38 64699288
49 6 0 39 48571084
49 6 0 40 35204204
49 6 0 41 24440768
49 6 0 42 16103284
49 6 0 43 9943122
49 6 0 44 5542360
49 6 0 45 2471766
49 6 0 46 797720
49 6 1 2 14256
49 6 1 3 38440
49 6 1 4 80432
49 6 1 5 125744
49 6 1 6 142904
49 6 1 7 159220
49 6 1 8 174292
49 6 1 9 188156
49 6 1 10 200776
49 6 1 11 212188
49 6 1 12 222356
49 6 1 13 231316
49 6 1 14 239032
49 6 1 15 245540
49 6 1 16 250804
49 6 1 17 254860
49 6 1 18 257672
49 6 1 19 259276
49 6 1 20 259636
49 6 1 21 258792
49 6 1 22 256724
49 6 1 23 253076
49 6 1 24 248092
49 6 1 25 242640
49 6 1 26 236672
49 6 1 27 230224
49 6 1 28 223260
49 6 1 29 215816
49 6 1 30 207856
49 6 1 31 199416
49 6 1 32 190460
49 6 1 33 181024
49 6 1 34 171072
49 6 1 35 160640
49 6 1 36 149692
49 6 1 37 138264
49 6 1 38 126316
49 6 1 39 113888
49 6 1 40 100940
49 6 1 41 87484
49 6 1 42 73776
49 6 1 43 59652
49 6 1 44 47720
49 6 1 45 37188
49 6 1 46 28568
49 6 2 2 174
49 6 2 3 208
49 6 2 4 48
49 6 2 5 56
49 6 2 6 56
49 6 2 7 56
49 6 2 8 56
49 6 2 9 56
49 6 2 10 56
49 6 2 11 56
49 6 2 12 56
49 6 2 13 56
49 6 2 14 56
49 6 2 15 56
49 6 2 16 56
49 6 2 17 56
49 6 2 18 56
49 6 2 19 56
49 6 2 20 56
49 6 2 21 56
49 6 2 22 56
49 6 2 23 56
49 6 2 24 56
49 6 2 25 56
49 6 2 26 56
49 6 2 27 56
49 6 2 28 56
49 6 2 29 56
49 6 2 30 56
49 6 2 31 56
49 6 2 32 56
49 6 2 33 56
49 6 2 34 56
49 6 2 35 56
49 6 2 36 56
49 6 2 37 56
49 6 2 38 56
49 6 2 39 56
49 6 2 40 56
49 6 2 41 56
49 6 2 42 52
49 6 2 43 48
49 6 2 44 52
49 6 2 45 198
49 6 2 46 168
50 0 0 1 1
50 0 0 50 1
50 1 0 2 4
50 1 0 3 4
50 1 0 4 4
50 1 0 5 4
50 1 0 6 4
50 1 0 7 4
50 1 0 8 4
50 1 0 9 4
50 1 0 10 4
50 1 0 11 4
50 1 0 12 4
50 1 0 13 4
50 1 0 14 4
50 1 0 15 4
50 1 0 16 4
50 1 0 17 4
50 1 0 18 4
50 1 0 19 4
50 1 0 20 4
50 1 0 21 4
50 1 0 22 4
50 1 0 23 4
50 1 0 24 4
50 1 0 25 4
50 1 0 26 4
50 1 0 27 4
50 1 0 28 4
50 1 0 29 4
50 1 0 30 4
50 1 0 31 4
50 1 0 32 4
50 1 0 33 4
50 1 0 34 4
50 1 0 35 4
50 1 0 36 4
50 1 0 37 4
50 1 0 38 4
50 1 0 39 4
50 1 0 40 4
50 1 0 41 4
50 1 0 42 4
50 1 0 43 4
50 1 0 44 4
50 1 0 45 4
50 1 0 46 4
50 1 0 47 4
50 1 0 48 4
50 1 0 49 4
50 2 0 2 190
50 2 0 3 198
50 2 0 4 288
50 2 0 5 290
50 2 0 6 292
50 2 0 7 294
50 2 0 8 296
50 2 0 9 298
50 2 0 10 300
50 2 0 11 302
50 2 0 12 304
50 2 0 13 306
50 2 0 14 308
50 2 0 15 310
50 2 0 16 312
50 2 0 17 314
50 2 0 18 316
50 2 0 19 318
50 2 0 20 320
50 2 0 21 322
50 2 0 22 324
50 2 0 23 326
50 2 0 24 328
50 2 0 25 324
50 2 0 26 318
50 2 0 27 312
50 2 0 28 306
50 2 0 29 300
50 2 0 30 294
50 2 0 31 288
50 2 0 32 282
50 2 0 33 276
50 2 0 34 270
50 2 0 35 264
50 2 0 36 258
50 2 0 37 252
50 2 0 38 246
50 2 0 39 240
50 2 0 40 234
50 2 0 41 228
50 2 0 42 222
50 2 0 43 216
50 2 0 44 210
50 2 0 45 204
50 2 0 46 198
50 2 0 47 196
50 2 0 48 190
50 2 0 49 188
50 3 0 2 360
50 3 0 3 1964
50 3 0 4 6992
50 3 0 5 8500
50 3 0 6 9912
50 3 0 7 11228
50 3 0 8 12452
50 3 0 9 13580
50 3 0 10 14616
50 3 0 11 15556
50 3 0 12 16404
50 3 0 13 17156
50 3 0 14 17816
50 3 0 15 18380
50 3 0 16 18852
50 3 0 17 19228
50 3 0 18 19512
50 3 0 19 19700
50 3 0 20 19796
50 3 0 21 19796
50 3 0 22 19704
50 3 0 23 19516
50 3 0 24 19236
50 3 0 25 18892
50 3 0 26 18516
50 3 0 27 18100
50 3 0 28 17648
50 3 0 29 17156
50 3 0 30 16628
50 3 0 31 16060
50 3 0 32 15456
50 3 0 33 14812
50 3 0 34 14132
50 3 0 35 13412
50 3 0 36 12656
50 3 0 37 11860
50 3 0 38 11028
50 3 0 39 10156
50 3 0 40 9248
50 3 0 41 8300
50 3 0 42 7316
50 3 0 43 6292
50 3 0 44 5228
50 3 0 45 4128
50 3 0 46 2992
50 3 0 47 2144
50 3 0 48 912
50 3 1 2 4
50 3 1 48 4
50 4 0 2 8092
50 4 0 3 35759
50 4 0 4 111044
50 4 0 5 190281
50 4 0 6 265433
50 4 0 7 339929
50 4 0 8 409754
50 4 0 9 474673
50 4 0 10 534583
50 4 0 11 589225
50 4 0 12 638520
50 4 0 13 682185
50 4 0 14 720165
50 4 0 15 752153
50 4 0 16 778122
50 4 0 17 797881
50 4 0 18 811763
50 4 0 19 819783
50 4 0 20 822314
50 4 0 21 819353
50 4 0 22 811287
50 4 0 23 797989
50 4 0 24 779732
50 4 0 25 757402
50 4 0 26 731975
50 4 0 27 703508
50 4 0 28 672590
50 4 0 29 639290
50 4 0 30 604215
50 4 0 31 567416
50 4 0 32 529518
50 4 0 33 490554
50 4 0 34 451167
50 4 0 35 411372
50 4 0 36 371830
50 4 0 37 332538
50 4 0 38 294175
50 4 0 39 256720
50 4 0 40 220874
50 4 0 41 186594
50 4 0 42 154595
50 4 0 43 124824
50 4 0 44 97654
50 4 0 45 73694
50 4 0 46 53577
50 4 0 47 33098
50 4 0 48 16246
50 4 1 2 184
50 4 1 3 24
50 4 1 4 28
50 4 1 5 28
50 4 1 6 28
50 4 1 7 28
50 4 1 8 28
50 4 1 9 28
50 4 1 10 28
50 4 1 11 28
50 4 1 12 28
50 4 1 13 28
50 4 1 14 28
50 4 1 15 28
50 4 1 16 28
50 4 1 17 28
50 4 1 18 28
50 4 1 19 28
50 4 1 20 28
50 4 1 21 28
50 4 1 22 28
50 4 1 23 28
50 4 1 24 28
50 4 1 25 28
50 4 1 26 28
50 4 1 27 28
50 4 1 28 28
50 4 1 29 28
50 4 1 30 28
50 4 1 31 28
50 4 1 32 28
50 4 1 33 28
50 4 1 34 28
50 4 1 35 28
50 4 1 36 28
50 4 1 37 28
50 4 1 38 28
50 4 1 39 28
50 4 1 40 28
50 4 1 41 28
50 4 1 42 28
50 4 1 43 28
50 4 1 44 28
50 4 1 45 28
50 4 1 46 24
50 4 1 47 24
50 4 1 48 180
50 5 0 2 14448
50 5 0 3 228806
50 5 0 4 1334024
50 5 0 5 3117400
50 5 0 6 5157708
50 5 0 7 7536540
50 5 0 8 9975644
50 5 0 9 12401528
50 5 0 10 14753064
50 5 0 11 16974164
50 5 0 12 19020836
50 5 0 13 20853624
50 5 0 14 22445908
50 5 0 15 23774832
50 5 0 16 24830744
50 5 0 17 25606916
50 5 0 18 26106592
50 5 0 19 26333520
50 5 0 20 26301736
50 5 0 21 26024976
50 5 0 22 25527192
50 5 0 23 24831684
50 5 0 24 23969564
50 5 0 25 22963340
50 5 0 26 21835904
50 5 0 27 20608044
50 5 0 28 19303604
50 5 0 29 17941244
50 5 0 30 16542164
50 5 0 31 15122956
50 5 0 32 13702124
50 5 0 33 12294244
50 5 0 34 10915060
50 5 0 35 9577204
50 5 0 36 8293588
50 5 0 37 7074968
50 5 0 38 5931368
50 5 0 39 4871720
50 5 0 40 3903480
50 5 0 41 3033408
50 5 0 42 2265540
50 5 0 43 1605772
50 5 0 44 1062444
50 5 0 45 634320
50 5 0 46 323266
50 5 0 47 91360
50 5 1 2 688
50 5 1 3 2132
50 5 1 4 2936
50 5 1 5 3372
50 5 1 6 3392
50 5 1 7 3412
50 5 1 8 3432
50 5 1 9 3452
50 5 1 10 3472
50 5 1 11 3492
50 5 1 12 3512
50 5 1 13 3532
50 5 1 14 3552
50 5 1 15 3572
50 5 1 16 3592
50 5 1 17 3612
50 5 1 18 3632
50 5 1 19 3652
50 5 1 20 3672
50 5 1 21 3692
50 5 1 22 3712
50 5 1 23 3728
50 5 1 24 3708
50 5 1 25 3652
50 5 1 26 3592
50 5 1 27 3532
50 5 1 28 3472
50 5 1 29 3412
50 5 1 30 3352
50 5 1 31 3292
50 5 1 32 3232
50 5 1 33 3172
50 5 1 34 3112
50 5 1 35 3052
50 5 1 36 2992
50 5 1 37 2932
50 5 1 38 2872
50 5 1 39 2812
50 5 1 40 2752
50 5 1 41 2692
50 5 1 42 2632
50 5 1 43 2576
50 5 1 44 2520
50 5 1 45 2484
50 5 1 46 2116
50 5 1 47 2100
50 5 2 2 4
50 5 2 3 4
50 5 2 46 4
50 5 2 47 4
50 6 0 2 204016
50 6 0 3 2486128
50 6 0 4 14529872
50 6 0 5 41842254
50 6 0 6 82107660
50 6 0 7 135957314
50 6 0 8 197308882
50 6 0 9 262723238
50 6 0 10 329236362
50 6 0 11 394137510
50 6 0 12 455144666
50 6 0 13 510359622
50 6 0 14 558350500
50 6 0 15 598044190
50 6 0 16 628820662
50 6 0 17 650386110
50 6 0 18 662826644
50 6 0 19 666448166
50 6 0 20 661829896
50 6 0 21 649661366
50 6 0 22 630787318
50 6 0 23 606082852
50 6 0 24 576537396
50 6 0 25 543110558
50 6 0 26 506743546
50 6 0 27 468298710
50 6 0 28 428586262
50 6 0 29 388337574
50 6 0 30 348218106
50 6 0 31 308829006
50 6 0 32 270692246
50 6 0 33 234278338
50 6 0 34 199966624
50 6 0 35 168097538
50 6 0 36 138908400
50 6 0 37 112609670
50 6 0 38 89298858
50 6 0 39 69054872
50 6 0 40 51829934
50 6 0 41 37567120
50 6 0 42 26088802
50 6 0 43 17198468
50 6 0 44 10627556
50 6 0 45 5929856
50 6 0 46 2650156
50 6 0 47 855872
50 6 1 2 14940
50 6 1 3 40052
50 6 1 4 83755
50 6 1 5 130993
50 6 1 6 148663
50 6 1 7 165465
50 6 1 8 181059
50 6 1 9 195409
50 6 1 10 208551
50 6 1 11 220449
50 6 1 12 231139
50 6 1 13 240585
50 6 1 14 248823
50 6 1 15 255817
50 6 1 16 261603
50 6 1 17 266145
50 6 1 18 269479
50 6 1 19 271569
50 6 1 20 272451
50 6 1 21 272089
50 6 1 22 270531
50 6 1 23 267655
50 6 1 24 263004
50 6 1 25 257632
50 6 1 26 251790
50 6 1 27 245432
50 6 1 28 238594
50 6 1 29 231240
50 6 1 30 223406
50 6 1 31 215056
50 6 1 32 206226
50 6 1 33 196880
50 6 1 34 187054
50 6 1 35 176712
50 6 1 36 165890
50 6 1 37 154552
50 6 1 38 142734
50 6 1 39 130396
50 6 1 40 117578
50 6 1 41 104240
50 6 1 42 90394
50 6 1 43 76304
50 6 1 44 61800
50 6 1 45 49560
50 6 1 46 38764
50 6 1 47 29936
50 6 2 2 178
50 6 2 3 212
50 6 2 4 48
50 6 2 5 56
50 6 2 6 56
50 6 2 7 56
50 6 2 8 56
50 6 2 9 56
50 6 2 10 56
50 6 2 11 56
50 6 2 12 56
50 6 2 13 56
50 6 2 14 56
50 6 2 15 56
50 6 2 16 56
50 6 2 17 56
50 6 2 18 56
50 6 2 19 56
50 6 2 20 56
50 6 2 21 56
50 6 2 22 56
50 6 2 23 56
50 6 2 24 56
50 6 2 25 56
50 6 2 26 56
50 6 2 27 56
50 6 2 28 56
50 6 2 29 56
50 6 2 30 56
50 6 2 31 56
50 6 2 32 56
50 6 2 33 56
50 6 2 34 56
50 6 2 35 56
50 6 2 36 56
50 6 2 37 56
50 6 2 38 56
50 6 2 39 56
50 6 2 40 56
50 6 2 41 56
50 6 2 42 56
50 6 2 43 52
50 6 2 44 48
50 6 2 45 52
50 6 2 46 202
50 6 2 47 172
51 0 0 1 1
51 0 0 51 1
51 1 0 2 4
51 1 0 3 4
51 1 0 4 4
51 1 0 5 4
51 1 0 6 4
51 1 0 7 4
51 1 0 8 4
51 1 0 9 4
51 1 0 10 4
51 1 0 11 4
51 1 0 12 4
51 1 0 13 4
51 1 0 14 4
51 1 0 15 4
51 1 0 16 4
51 1 0 17 4
51 1 0 18 4
51 1 0 19 4
51 1 0 20 4
51 1 0 21 4
51 1 0 22 4
51 1 0 23 4
51 1 0 24 4
51 1 0 25 4
51 1 0 26 4
51 1 0 27 4
51 1 0 28 4
51 1 0 29 4
51 1 0 30 4
51 1 0 31 4
51 1 0 32 4
51 1 0 33 4
51 1 0 34 4
51 1 0 35 4
51 1 0 36 4
51 1 0 37 4
51 1 0 38 4
51 1 0 39 4
51 1 0 40 4
51 1 0 41 4
51 1 0 42 4
51 1 0 43 4
51 1 0 44 4
51 1 0 45 4
51 1 0 46 4
51 1 0 47 4
51 1 0 48 4
51 1 0 49 4
51 1 0 50 4
51 2 0 2 194
51 2 0 3 202
51 2 0 4 294
51 2 0 5 296
51 2 0 6 298
51 2 0 7 300
51 2 0 8 302
51 2 0 9 304
51 2 0 10 306
51 2 0 11 308
51 2 0 12 310
51 2 0 13 312
51 2 0 14 314
51 2 0 15 316
51 2 0 16 318
51 2 0 17 320
51 2 0 18 322
51 2 0 19 324
51 2 0 20 326
51 2 0 21 328
51 2 0 22 330
51 2 0 23 332
51 2 0 24 334
51 2 0 25 334
51 2 0 26 328
51 2 0 27 322
51 2 0 28 316
51 2 0 29 310
51 2 0 30 304
51 2 0 31 298
51 2 0 32 292
51 2 0 33 286
51 2 0 34 280
51 2 0 35 274
51 2 0 36 268
51 2 0 37 262
51 2 0 38 256
51 2 0 39 250
51 2 0 40 244
51 2 0 41 238
51 2 0 42 232
51 2 0 43 226
51 2 0 44 220
51 2 0 45 214
51 2 0 46 208
51 2 0 47 202
51 2 0 48 200
51 2 0 49 194
51 2 0 50 192
51 3 0 2 368
51 3 0 3 2008
51 3 0 4 7236
51 3 0 5 8784
51 3 0 6 10232
51 3 0 7 11588
51 3 0 8 12848
51 3 0 9 14016
51 3 0 10 15088
51 3 0 11 16068
51 3 0 12 16952
51 3 0 13 17744
51 3 0 14 18440
51 3 0 15 19044
51 3 0 16 19552
51 3 0 17 19968
51 3 0 18 20288
51 3 0 19 20516
51 3 0 20 20648
51 3 0 21 20688
51 3 0 22 20632
51 3 0 23 20484
51 3 0 24 20240
51 3 0 25 19916
51 3 0 26 19548
51 3 0 27 19144
51 3 0 28 18700
51 3 0 29 18220
51 3 0 30 17700
51 3 0 31 17144
51 3 0 32 16548
51 3 0 33 15916
51 3 0 34 15244
51 3 0 35 14536
51 3 0 36 13788
51 3 0 37 13004
51 3 0 38 12180
51 3 0 39 11320
51 3 0 40 10420
51 3 0 41 9484
51 3 0 42 8508
51 3 0 43 7496
51 3 0 44 6444
51 3 0 45 5352
51 3 0 46 4224
51 3 0 47 3060
51 3 0 48 2192
51 3 0 49 932
51 3 1 2 4
51 3 1 49 4
51 4 0 2 8456
51 4 0 3 37296
51 4 0 4 116410
51 4 0 5 199368
51 4 0 6 278138
51 4 0 7 356445
51 4 0 8 429942
51 4 0 9 498514
51 4 0 10 561914
51 4 0 11 620051
51 4 0 12 672654
51 4 0 13 719656
51 4 0 14 760762
51 4 0 15 795929
51 4 0 16 824838
51 4 0 17 847536
51 4 0 18 863980
51 4 0 19 874535
51 4 0 20 879206
51 4 0 21 878376
51 4 0 22 872032
51 4 0 23 860559
51 4 0 24 843780
51 4 0 25 822251
51 4 0 26 797122
51 4 0 27 768966
51 4 0 28 737860
51 4 0 29 704403
51 4 0 30 668654
51 4 0 31 631230
51 4 0 32 592172
51 4 0 33 552115
51 4 0 34 511082
51 4 0 35 469726
51 4 0 36 428052
51 4 0 37 386731
51 4 0 38 345750
51 4 0 39 305798
51 4 0 40 266844
51 4 0 41 229599
51 4 0 42 194010
51 4 0 43 160802
51 4 0 44 129912
51 4 0 45 101713
51 4 0 46 76822
51 4 0 47 55878
51 4 0 48 34570
51 4 0 49 16975
51 4 1 2 188
51 4 1 3 24
51 4 1 4 28
51 4 1 5 28
51 4 1 6 28
51 4 1 7 28
51 4 1 8 28
51 4 1 9 28
51 4 1 10 28
51 4 1 11 28
51 4 1 12 28
51 4 1 13 28
51 4 1 14 28
51 4 1 15 28
51 4 1 16 28
51 4 1 17 28
51 4 1 18 28
51 4 1 19 28
51 4 1 20 28
51 4 1 21 28
51 4 1 22 28
51 4 1 23 28
51 4 1 24 28
51 4 1 25 28
51 4 1 26 28
51 4 1 27 28
51 4 1 28 28
51 4 1 29 28
51 4 1 30 28
51 4 1 31 28
51 4 1 32 28
51 4 1 33 28
51 4 1 34 28
51 4 1 35 28
51 4 1 36 28
51 4 1 37 28
51 4 1 38 28
51 4 1 39 28
51 4 1 40 28
51 4 1 41 28
51 4 1 42 28
51 4 1 43 28
51 4 1 44 28
51 4 1 45 28
51 4 1 46 28
51 4 1 47 24
51 4 1 48 24
51 4 1 49 184
51 5 0 2 15136
51 5 0 3 239758
51 5 0 4 1416780
51 5 0 5 3316180
51 5 0 6 5488808
51 5 0 7 8030136
51 5 0 8 10640652
51 5 0 9 13247288
51 5 0 10 15782884
51 5 0 11 18192276
51 5 0 12 20424900
51 5 0 13 22442964
51 5 0 14 24212492
51 5 0 15 25712748
51 5 0 16 26926804
51 5 0 17 27850360
51 5 0 18 28480344
51 5 0 19 28824164
51 5 0 20 28888728
51 5 0 21 28691640
51 5 0 22 28250604
51 5 0 23 27592088
51 5 0 24 26742124
51 5 0 25 25732800
51 5 0 26 24582964
51 5 0 27 23318064
51 5 0 28 21958800
51 5 0 29 20529100
51 5 0 30 19047548
51 5 0 31 17535412
51 5 0 32 16009224
51 5 0 33 14487540
51 5 0 34 12984892
51 5 0 35 11517060
51 5 0 36 10096648
51 5 0 37 8736588
51 5 0 38 7447624
51 5 0 39 6239784
51 5 0 40 5122004
51 5 0 41 4101740
51 5 0 42 3185760
51 5 0 43 2378072
51 5 0 44 1684620
51 5 0 45 1113888
51 5 0 46 664556
51 5 0 47 338526
51 5 0 48 95596
51 5 1 2 704
51 5 1 3 2180
51 5 1 4 3000
51 5 1 5 3448
51 5 1 6 3468
51 5 1 7 3488
51 5 1 8 3508
51 5 1 9 3528
51 5 1 10 3548
51 5 1 11 3568
51 5 1 12 3588
51 5 1 13 3608
51 5 1 14 3628
51 5 1 15 3648
51 5 1 16 3668
51 5 1 17 3688
51 5 1 18 3708
51 5 1 19 3728
51 5 1 20 3748
51 5 1 21 3768
51 5 1 22 3788
51 5 1 23 3808
51 5 1 24 3808
51 5 1 25 3768
51 5 1 26 3708
51 5 1 27 3648
51 5 1 28 3588
51 5 1 29 3528
51 5 1 30 3468
51 5 1 31 3408
51 5 1 32 3348
51 5 1 33 3288
51 5 1 34 3228
51 5 1 35 3168
51 5 1 36 3108
51 5 1 37 3048
51 5 1 38 2988
51 5 1 39 2928
51 5 1 40 2868
51 5 1 41 2808
51 5 1 42 2748
51 5 1 43 2688
51 5 1 44 2632
51 5 1 45 2576
51 5 1 46 2540
51 5 1 47 2164
51 5 1 48 2148
51 5 2 2 4
51 5 2 3 4
51 5 2 47 4
51 5 2 48 4
51 6 0 2 218792
51 6 0 3 2656770
51 6 0 4 15656604
51 6 0 5 45186020
51 6 0 6 88779368
51 6 0 7 147326488
51 6 0 8 214249152
51 6 0 9 285916260
51 6 0 10 359154896
51 6 0 11 431087628
51 6 0 12 499209030
51 6 0 13 561481414
51 6 0 14 616255472
51 6 0 15 662357700
51 6 0 16 698969872
51 6 0 17 725734072
51 6 0 18 742584894
51 6 0 19 749817284
51 6 0 20 747910134
51 6 0 21 737591482
51 6 0 22 719665784
51 6 0 23 695071400
51 6 0 24 664773328
51 6 0 25 629838010
51 6 0 26 591247312
51 6 0 27 549966918
51 6 0 28 506870372
51 6 0 29 462777164
51 6 0 30 418426218
51 6 0 31 374487830
51 6 0 32 331567000
51 6 0 33 290186178
51 6 0 34 250815944
51 6 0 35 213831810
51 6 0 36 179570464
51 6 0 37 148261118
51 6 0 38 120106634
51 6 0 39 95192208
51 6 0 40 73585216
51 6 0 41 55221200
51 6 0 42 40027636
51 6 0 43 27806300
51 6 0 44 18340892
51 6 0 45 11342214
51 6 0 46 6334872
51 6 0 47 2836922
51 6 0 48 916784
51 6 1 2 15640
51 6 1 3 41696
51 6 1 4 87152
51 6 1 5 136316
51 6 1 6 154464
51 6 1 7 171788
51 6 1 8 187868
51 6 1 9 202740
51 6 1 10 216368
51 6 1 11 228788
51 6 1 12 239964
51 6 1 13 249932
51 6 1 14 258656
51 6 1 15 266172
51 6 1 16 272444
51 6 1 17 277508
51 6 1 18 281328
51 6 1 19 283940
51 6 1 20 285308
51 6 1 21 285468
51 6 1 22 284388
51 6 1 23 282120
51 6 1 24 278204
51 6 1 25 272956
51 6 1 26 267204
51 6 1 27 260972
51 6 1 28 254224
51 6 1 29 246996
51 6 1 30 239252
51 6 1 31 231028
51 6 1 32 222288
51 6 1 33 213068
51 6 1 34 203332
51 6 1 35 193116
51 6 1 36 182384
51 6 1 37 171172
51 6 1 38 159444
51 6 1 39 147236
51 6 1 40 134508
51 6 1 41 121300
51 6 1 42 107572
51 6 1 43 93336
51 6 1 44 78864
51 6 1 45 63980
51 6 1 46 51432
51 6 1 47 40372
51 6 1 48 31336
51 6 2 2 182
51 6 2 3 216
51 6 2 4 48
51 6 2 5 56
51 6 2 6 56
51 6 2 7 56
51 6 2 8 56
51 6 2 9 56
51 6 2 10 56
51 6 2 11 56
51 6 2 12 56
51 6 2 13 56
51 6 2 14 56
51 6 2 15 56
51 6 2 16 56
51 6 2 17 56
51 6 2 18 56
51 6 2 19 56
51 6 2 20 56
51 6 2 21 56
51 6 2 22 56
51 6 2 23 56
51 6 2 24 56
51 6 2 25 56
51 6 2 26 56
51 6 2 27 56
51 6 2 28 56
51 6 2 29 56
51 6 2 30 56
51 6 2 31 56
51 6 2 32 56
51 6 2 33 56
51 6 2 34 56
51 6 2 35 56
51 6 2 36 56
51 6 2 37 56
51 6 2 38 56
51 6 2 39 56
51 6 2 40 56
51 6 2 41 56
51 6 2 42 56
51 6 2 43 56
51 6 2 44 52
51 6 2 45 48
51 6 2 46 52
51 6 2 47 206
51 6 2 48 176
52 0 0 1 1
52 0 0 52 1
52 1 0 2 4
52 1 0 3 4
52 1 0 4 4
52 1 0 5 4
52 1 0 6 4
52 1 0 7 4
52 1 0 8 4
52 1 0 9 4
52 1 0 10 4
52 1 0 11 4
52 1 0 12 4
52 1 0 13 4
52 1 0 14 4
52 1 0 15 4
52 1 0 16 4
52 1 0 17 4
52 1 0 18 4
52 1 0 19 4
52 1 0 20 4
52 1 0 21 4
52 1 0 22 4
52 1 0 23 4
52 1 0 24 4
52 1 0 25 4
52 1 0 26 4
52 1 0 27 4
52 1 0 28 4
52 1 0 29 4
52 1 0 30 4
52 1 0 31 4
52 1 0 32 4
52 1 0 33 4
52 1 0 34 4
52 1 0 35 4
52 1 0 36 4
52 1 0 37 4
52 1 0 38 4
52 1 0 39 4
52 1 0 40 4
52 1 0 41 4
52 1 0 42 4
52 1 0 43 4
52 1 0 44 4
52 1 0 45 4
52 1 0 46 4
52 1 0 47 4
52 1 0 48 4
52 1 0 49 4
52 1 0 50 4
52 1 0 51 4
52 2 0 2 198
52 2 0 3 206
52 2 0 4 300
52 2 0 5 302
52 2 0 6 304
52 2 0 7 306
52 2 0 8 308
52 2 0 9 310
52 2 0 10 312
52 2 0 11 314
52 2 0 12 316
52 2 0 13 318
52 2 0 14 320
52 2 0 15 322
52 2 0 16 324
52 2 0 17 326
52 2 0 18 328
52 2 0 19 330
52 2 0 20 332
52 2 0 21 334
52 2 0 22 336
52 2 0 23 338
52 2 0 24 340
52 2 0 25 342
52 2 0 26 338
52 2 0 27 332
52 2 0 28 326
52 2 0 29 320
52 2 0 30 314
52 2 0 31 308
52 2 0 32 302
52 2 0 33 296
52 2 0 34 290
52 2 0 35 284
52 2 0 36 278
52 2 0 37 272
52 2 0 38 266
52 2 0 39 260
52 2 0 40 254
52 2 0 41 248
52 2 0 42 242
52 2 0 43 236
52 2 0 44 230
52 2 0 45 224
52 2 0 46 218
52 2 0 47 212
52 2 0 48 206
52 2 0 49 204
52 2 0 50 198
52 2 0 51 196
52 3 0 2 376
52 3 0 3 2052
52 3 0 4 7496
52 3 0 5 9080
52 3 0 6 10568
52 3 0 7 11960
52 3 0 8 13260
52 3 0 9 14464
52 3 0 10 15576
52 3 0 11 16592
52 3 0 12 17516
52 3 0 13 18344
52 3 0 14 19080
52 3 0 15 19720
52 3 0 16 20268
52 3 0 17 20720
52 3 0 18 21080
52 3 0 19 21344
52 3 0 20 21516
52 3 0 21 21592
52 3 0 22 21576
52 3 0 23 21464
52 3 0 24 21260
52 3 0 25 20960
52 3 0 26 20600
52 3 0 27 20204
52 3 0 28 19772
52 3 0 29 19300
52 3 0 30 18792
52 3 0 31 18244
52 3 0 32 17660
52 3 0 33 17036
52 3 0 34 16376
52 3 0 35 15676
52 3 0 36 14940
52 3 0 37 14164
52 3 0 38 13352
52 3 0 39 12500
52 3 0 40 11612
52 3 0 41 10684
52 3 0 42 9720
52 3 0 43 8716
52 3 0 44 7676
52 3 0 45 6596
52 3 0 46 5476
52 3 0 47 4320
52 3 0 48 3128
52 3 0 49 2240
52 3 0 50 952
52 3 1 2 4
52 3 1 50 4
52 4 0 2 8828
52 4 0 3 38865
52 4 0 4 121925
52 4 0 5 208751
52 4 0 6 291334
52 4 0 7 373495
52 4 0 8 450815
52 4 0 9 523059
52 4 0 10 590124
52 4 0 11 651751
52 4 0 12 707861
52 4 0 13 758171
52 4 0 14 802626
52 4 0 15 840919
52 4 0 16 873019
52 4 0 17 898617
52 4 0 18 917930
52 4 0 19 930967
52 4 0 20 938103
52 4 0 21 939333
52 4 0 22 935050
52 4 0 23 925227
52 4 0 24 910165
52 4 0 25 889687
52 4 0 26 865200
52 4 0 27 837226
52 4 0 28 806325
52 4 0 29 772564
52 4 0 30 736552
52 4 0 31 698338
52 4 0 32 658549
52 4 0 33 617216
52 4 0 34 574984
52 4 0 35 531866
52 4 0 36 488525
52 4 0 37 444956
52 4 0 38 401840
52 4 0 39 359154
52 4 0 40 317597
52 4 0 41 277128
52 4 0 42 238468
52 4 0 43 201554
52 4 0 44 167121
52 4 0 45 135096
52 4 0 46 105852
52 4 0 47 80014
52 4 0 48 58227
52 4 0 49 36074
52 4 0 50 17720
52 4 1 2 192
52 4 1 3 24
52 4 1 4 28
52 4 1 5 28
52 4 1 6 28
52 4 1 7 28
52 4 1 8 28
52 4 1 9 28
52 4 1 10 28
52 4 1 11 28
52 4 1 12 28
52 4 1 13 28
52 4 1 14 28
52 4 1 15 28
52 4 1 16 28
52 4 1 17 28
52 4 1 18 28
52 4 1 19 28
52 4 1 20 28
52 4 1 21 28
52 4 1 22 28
52 4 1 23 28
52 4 1 24 28
52 4 1 25 28
52 4 1 26 28
52 4 1 27 28
52 4 1 28 28
52 4 1 29 28
52 4 1 30 28
52 4 1 31 28
52 4 1 32 28
52 4 1 33 28
52 4 1 34 28
52 4 1 35 28
52 4 1 36 28
52 4 1 37 28
52 4 1 38 28
52 4 1 39 28
52 4 1 40 28
52 4 1 41 28
52 4 1 42 28
52 4 1 43 28
52 4 1 44 28
52 4 1 45 28
52 4 1 46 28
52 4 1 47 28
52 4 1 48 24
52 4 1 49 24
52 4 1 50 188
52 5 0 2 15840
52 5 0 3 250966
52 5 0 4 1502624
52 5 0 5 3522412
52 5 0 6 5833908
52 5 0 7 8543832
52 5 0 8 11335216
52 5 0 9 14129168
52 5 0 10 16859308
52 5 0 11 19463996
52 5 0 12 21894248
52 5 0 13 24104988
52 5 0 14 26064336
52 5 0 15 27744192
52 5 0 16 29129632
52 5 0 17 30209080
52 5 0 18 30983196
52 5 0 19 31452088
52 5 0 20 31626756
52 5 0 21 31518028
52 5 0 22 31146924
52 5 0 23 30534168
52 5 0 24 29710212
52 5 0 25 28702900
52 5 0 26 27541096
52 5 0 27 26243932
52 5 0 28 24838016
52 5 0 29 23343956
52 5 0 30 21785764
52 5 0 31 20181948
52 5 0 32 18553844
52 5 0 33 16917924
52 5 0 34 15292796
52 5 0 35 13692948
52 5 0 36 12134196
52 5 0 37 10629116
52 5 0 38 9190660
52 5 0 39 7829560
52 5 0 40 6555848
52 5 0 41 5378464
52 5 0 42 4304864
52 5 0 43 3341824
52 5 0 44 2493324
52 5 0 45 1765356
52 5 0 46 1166548
52 5 0 47 695496
52 5 0 48 354138
52 5 0 49 99928
52 5 1 2 720
52 5 1 3 2228
52 5 1 4 3068
52 5 1 5 3524
52 5 1 6 3544
52 5 1 7 3564
52 5 1 8 3584
52 5 1 9 3604
52 5 1 10 3624
52 5 1 11 3644
52 5 1 12 3664
52 5 1 13 3684
52 5 1 14 3704
52 5 1 15 3724
52 5 1 16 3744
52 5 1 17 3764
52 5 1 18 3784
52 5 1 19 3804
52 5 1 20 3824
52 5 1 21 3844
52 5 1 22 3864
52 5 1 23 3884
52 5 1 24 3900
52 5 1 25 3880
52 5 1 26 3824
52 5 1 27 3764
52 5 1 28 3704
52 5 1 29 3644
52 5 1 30 3584
52 5 1 31 3524
52 5 1 32 3464
52 5 1 33 3404
52 5 1 34 3344
52 5 1 35 3284
52 5 1 36 3224
52 5 1 37 3164
52 5 1 38 3104
52 5 1 39 3044
52 5 1 40 2984
52 5 1 41 2924
52 5 1 42 2864
52 5 1 43 2804
52 5 1 44 2744
52 5 1 45 2688
52 5 1 46 2632
52 5 1 47 2596
52 5 1 48 2212
52 5 1 49 2196
52 5 2 2 4
52 5 2 3 4
52 5 2 48 4
52 5 2 49 4
52 6 0 2 234264
52 6 0 3 2834946
52 6 0 4 16843438
52 6 0 5 48712764
52 6 0 6 95820394
52 6 0 7 159340706
52 6 0 8 232178668
52 6 0 9 310481244
52 6 0 10 390901658
52 6 0 11 470334600
52 6 0 12 546117944
52 6 0 13 615980866
52 6 0 14 678148916
52 6 0 15 731231166
52 6 0 16 774320564
52 6 0 17 806863080
52 6 0 18 828754240
52 6 0 19 840143904
52 6 0 20 841520806
52 6 0 21 833525602
52 6 0 22 817018998
52 6 0 23 792906774
52 6 0 24 762222246
52 6 0 25 726025360
52 6 0 26 685417976
52 6 0 27 641409986
52 6 0 28 594982442
52 6 0 29 547019322
52 6 0 30 498348546
52 6 0 31 449715822
52 6 0 32 401795434
52 6 0 33 355195466
52 6 0 34 310437998
52 6 0 35 267992910
52 6 0 36 228231036
52 6 0 37 191484550
52 6 0 38 157973708
52 6 0 39 127893006
52 6 0 40 101314478
52 6 0 41 78293200
52 6 0 42 58747186
52 6 0 43 42587544
52 6 0 44 29594606
52 6 0 45 19531516
52 6 0 46 12087736
52 6 0 47 6757792
52 6 0 48 3032256
52 6 0 49 980520
52 6 1 2 16356
52 6 1 3 43372
52 6 1 4 90603
52 6 1 5 141765
52 6 1 6 160423
52 6 1 7 178233
52 6 1 8 194835
52 6 1 9 210193
52 6 1 10 224343
52 6 1 11 237249
52 6 1 12 248947
52 6 1 13 259401
52 6 1 14 268647
52 6 1 15 276649
52 6 1 16 283443
52 6 1 17 288993
52 6 1 18 293335
52 6 1 19 296433
52 6 1 20 298323
52 6 1 21 298969
52 6 1 22 298407
52 6 1 23 296613
52 6 1 24 293529
52 6 1 25 288586
52 6 1 26 282950
52 6 1 27 276808
52 6 1 28 270186
52 6 1 29 263048
52 6 1 30 255430
52 6 1 31 247296
52 6 1 32 238682
52 6 1 33 229552
52 6 1 34 219942
52 6 1 35 209816
52 6 1 36 199210
52 6 1 37 188088
52 6 1 38 176486
52 6 1 39 164368
52 6 1 40 151770
52 6 1 41 138652
52 6 1 42 125054
52 6 1 43 110936
52 6 1 44 96310
52 6 1 45 81456
52 6 1 46 66192
52 6 1 47 53336
52 6 1 48 42012
52 6 1 49 32768
52 6 2 2 186
52 6 2 3 220
52 6 2 4 48
52 6 2 5 56
52 6 2 6 56
52 6 2 7 56
52 6 2 8 56
52 6 2 9 56
52 6 2 10 56
52 6 2 11 56
52 6 2 12 56
52 6 2 13 56
52 6 2 14 56
52 6 2 15 56
52 6 2 16 56
52 6 2 17 56
52 6 2 18 56
52 6 2 19 56
52 6 2 20 56
52 6 2 21 56
52 6 2 22 56
52 6 2 23 56
52 6 2 24 56
52 6 2 25 56
52 6 2 26 56
52 6 2 27 56
52 6 2 28 56
52 6 2 29 56
52 6 2 30 56
52 6 2 31 56
52 6 2 32 56
52 6 2 33 56
52 6 2 34 56
52 6 2 35 56
52 6 2 36 56
52 6 2 37 56
52 6 2 38 56
52 6 2 39 56
52 6 2 40 56
52 6 2 41 56
52 6 2 42 56
52 6 2 43 56
52 6 2 44 56
52 6 2 45 52
52 6 2 46 48
52 6 2 47 52
52 6 2 48 210
52 6 2 49 180
53 0 0 1 1
53 0 0 53 1
53 1 0 2 4
53 1 0 3 4
53 1 0 4 4
53 1 0 5 4
53 1 0 6 4
53 1 0 7 4
53 1 0 8 4
53 1 0 9 4
53 1 0 10 4
53 1 0 11 4
53 1 0 12 4
53 1 0 13 4
53 1 0 14 4
53 1 0 15 4
53 1 0 16 4
53 1 0 17 4
53 1 0 18 4
53 1 0 19 4
53 1 0 20 4
53 1 0 21 4
53 1 0 22 4
53 1 0 23 4
53 1 0 24 4
53 1 0 25 4
53 1 0 26 4
53 1 0 27 4
53 1 0 28 4
53 1 0 29 4
53 1 0 30 4
53 1 0 31 4
53 1 0 32 4
53 1 0 33 4
53 1 0 34 4
53 1 0 35 4
53 1 0 36 4
53 1 0 37 4
53 1 0 38 4
53 1 0 39 4
53 1 0 40 4
53 1 0 41 4
53 1 0 42 4
53 1 0 43 4
53 1 0 44 4
53 1 0 45 4
53 1 0 46 4
53 1 0 47 4
53 1 0 48 4
53 1 0 49 4
53 1 0 50 4
53 1 0 51 4
53 1 0 52 4
53 2 0 2 202
53 2 0 3 210
53 2 0 4 306
53 2 0 5 308
53 2 0 6 310
53 2 0 7 312
53 2 0 8 314
53 2 0 9 316
53 2 0 10 318
53 2 0 11 320
53 2 0 12 322
53 2 0 13 324
53 2 0 14 326
53 2 0 15 328
53 2 0 16 330
53 2 0 17 332
53 2 0 18 334
53 2 0 19 336
53 2 0 20 338
53 2 0 21 340
53 2 0 22 342
53 2 0 23 344
53 2 0 24 346
53 2 0 25 348
53 2 0 26 348
53 2 0 27 342
53 2 0 28 336
53 2 0 29 330
53 2 0 30 324
53 2 0 31 318
53 2 0 32 312
53 2 0 33 306
53 2 0 34 300
53 2 0 35 294
53 2 0 36 288
53 2 0 37 282
53 2 0 38 276
53 2 0 39 270
53 2 0 40 264
53 2 0 41 258
53 2 0 42 252
53 2 0 43 246
53 2 0 44 240
53 2 0 45 234
53 2 0 46 228
53 2 0 47 222
53 2 0 48 216
53 2 0 49 210
53 2 0 50 208
53 2 0 51 202
53 2 0 52 200
53 3 0 2 384
53 3 0 3 2096
53 3 0 4 7748
53 3 0 5 9372
53 3 0 6 10896
53 3 0 7 12328
53 3 0 8 13664
53 3 0 9 14908
53 3 0 10 16056
53 3 0 11 17112
53 3 0 12 18072
53 3 0 13 18940
53 3 0 14 19712
53 3 0 15 20392
53 3 0 16 20976
53 3 0 17 21468
53 3 0 18 21864
53 3 0 19 22168
53 3 0 20 22376
53 3 0 21 22492
53 3 0 22 22512
53 3 0 23 22440
53 3 0 24 22272
53 3 0 25 22012
53 3 0 26 21668
53 3 0 27 21284
53 3 0 28 20860
53 3 0 29 20400
53 3 0 30 19900
53 3 0 31 19364
53 3 0 32 18788
53 3 0 33 18176
53 3 0 34 17524
53 3 0 35 16836
53 3 0 36 16108
53 3 0 37 15344
53 3 0 38 14540
53 3 0 39 13700
53 3 0 40 12820
53 3 0 41 11904
53 3 0 42 10948
53 3 0 43 9956
53 3 0 44 8924
53 3 0 45 7856
53 3 0 46 6748
53 3 0 47 5600
53 3 0 48 4416
53 3 0 49 3196
53 3 0 50 2288
53 3 0 51 972
53 3 1 2 4
53 3 1 51 4
53 4 0 2 9208
53 4 0 3 40466
53 4 0 4 127574
53 4 0 5 218291
53 4 0 6 304662
53 4 0 7 390816
53 4 0 8 471990
53 4 0 9 548069
53 4 0 10 618806
53 4 0 11 684110
53 4 0 12 743710
53 4 0 13 797539
53 4 0 14 845302
53 4 0 15 886956
53 4 0 16 922182
53 4 0 17 950965
53 4 0 18 973102
53 4 0 19 988938
53 4 0 20 998476
53 4 0 21 1002101
53 4 0 22 999798
53 4 0 23 991970
53 4 0 24 978568
53 4 0 25 959863
53 4 0 26 935956
53 4 0 27 908549
53 4 0 28 877714
53 4 0 29 844052
53 4 0 30 807620
53 4 0 31 769037
53 4 0 32 728342
53 4 0 33 686172
53 4 0 34 642548
53 4 0 35 598125
53 4 0 36 552906
53 4 0 37 507564
53 4 0 38 462084
53 4 0 39 417157
53 4 0 40 372750
53 4 0 41 329572
53 4 0 42 287572
53 4 0 43 247481
53 4 0 44 209226
53 4 0 45 173552
53 4 0 46 140376
53 4 0 47 110071
53 4 0 48 83270
53 4 0 49 60624
53 4 0 50 37610
53 4 0 51 18481
53 4 1 2 196
53 4 1 3 24
53 4 1 4 28
53 4 1 5 28
53 4 1 6 28
53 4 1 7 28
53 4 1 8 28
53 4 1 9 28
53 4 1 10 28
53 4 1 11 28
53 4 1 12 28
53 4 1 13 28
53 4 1 14 28
53 4 1 15 28
53 4 1 16 28
53 4 1 17 28
53 4 1 18 28
53 4 1 19 28
53 4 1 20 28
53 4 1 21 28
53 4 1 22 28
53 4 1 23 28
53 4 1 24 28
53 4 1 25 28
53 4 1 26 28
53 4 1 27 28
53 4 1 28 28
53 4 1 29 28
53 4 1 30 28
53 4 1 31 28
53 4 1 32 28
53 4 1 33 28
53 4 1 34 28
53 4 1 35 28
53 4 1 36 28
53 4 1 37 28
53 4 1 38 28
53 4 1 39 28
53 4 1 40 28
53 4 1 41 28
53 4 1 42 28
53 4 1 43 28
53 4 1 44 28
53 4 1 45 28
53 4 1 46 28
53 4 1 47 28
53 4 1 48 28
53 4 1 49 24
53 4 1 50 24
53 4 1 51 192
53 5 0 2 16560
53 5 0 3 262430
53 5 0 4 1591886
53 5 0 5 3737170
53 5 0 6 6191482
53 5 0 7 9077190
53 5 0 8 12054234
53 5 0 9 15044266
53 5 0 10 17974614
53 5 0 11 20785058
53 5 0 12 23419454
53 5 0 13 25834758
53 5 0 14 27991718
53 5 0 15 29864306
53 5 0 16 31429914
53 5 0 17 32679918
53 5 0 18 33607270
53 5 0 19 34216354
53 5 0 20 34511146
53 5 0 21 34506102
53 5 0 22 34215302
53 5 0 23 33664058
53 5 0 24 32875262
53 5 0 25 31882314
53 5 0 26 30713660
53 5 0 27 29394448
53 5 0 28 27946244
53 5 0 29 26395760
53 5 0 30 24763512
53 5 0 31 23073596
53 5 0 32 21344444
53 5 0 33 19597460
53 5 0 34 17849056
53 5 0 35 16117892
53 5 0 36 14418412
53 5 0 37 12766468
53 5 0 38 11174608
53 5 0 39 9655804
53 5 0 40 8220776
53 5 0 41 6879560
53 5 0 42 5641100
53 5 0 43 4512852
53 5 0 44 3501600
53 5 0 45 2611296
53 5 0 46 1847980
53 5 0 47 1220424
53 5 0 48 727140
53 5 0 49 370102
53 5 0 50 104356
53 5 1 2 736
53 5 1 3 2276
53 5 1 4 3132
53 5 1 5 3600
53 5 1 6 3620
53 5 1 7 3640
53 5 1 8 3660
53 5 1 9 3680
53 5 1 10 3700
53 5 1 11 3720
53 5 1 12 3740
53 5 1 13 3760
53 5 1 14 3780
53 5 1 15 3800
53 5 1 16 3820
53 5 1 17 3840
53 5 1 18 3860
53 5 1 19 3880
53 5 1 20 3900
53 5 1 21 3920
53 5 1 22 3940
53 5 1 23 3960
53 5 1 24 3980
53 5 1 25 3980
53 5 1 26 3940
53 5 1 27 3880
53 5 1 28 3820
53 5 1 29 3760
53 5 1 30 3700
53 5 1 31 3640
53 5 1 32 3580
53 5 1 33 3520
53 5 1 34 3460
53 5 1 35 3400
53 5 1 36 3340
53 5 1 37 3280
53 5 1 38 3220
53 5 1 39 3160
53 5 1 40 3100
53 5 1 41 3040
53 5 1 42 2980
53 5 1 43 2920
53 5 1 44 2860
53 5 1 45 2800
53 5 1 46 2744
53 5 1 47 2688
53 5 1 48 2652
53 5 1 49 2260
53 5 1 50 2244
53 5 2 2 4
53 5 2 3 4
53 5 2 49 4
53 5 2 50 4
53 6 0 2 250448
53 6 0 3 3020816
53 6 0 4 18091890
53 6 0 5 52426234
53 6 0 6 103233370
53 6 0 7 172006202
53 6 0 8 251092348
53 6 0 9 336438006
53 6 0 10 424475148
53 6 0 11 511925306
53 6 0 12 595887376
53 6 0 13 673943584
53 6 0 14 744082086
53 6 0 15 804801968
53 6 0 16 854976024
53 6 0 17 893977026
53 6 0 18 921512278
53 6 0 19 937713360
53 6 0 20 942935964
53 6 0 21 937847392
53 6 0 22 923234368
53 6 0 23 900077468
53 6 0 24 869374496
53 6 0 25 832254222
53 6 0 26 789854000
53 6 0 27 743296502
53 6 0 28 693616244
53 6 0 29 641806310
53 6 0 30 588760344
53 6 0 31 535313848
53 6 0 32 482218546
53 6 0 33 430151862
53 6 0 34 379724196
53 6 0 35 331456410
53 6 0 36 285816916
53 6 0 37 243171022
53 6 0 38 203845620
53 6 0 39 168051162
53 6 0 40 135973010
53 6 0 41 107669188
53 6 0 42 83181704
53 6 0 43 62410196
53 6 0 44 45248636
53 6 0 45 31455064
53 6 0 46 20771300
53 6 0 47 12864762
53 6 0 48 7199000
53 6 0 49 3236350
53 6 0 50 1047144
53 6 1 2 17088
53 6 1 3 45080
53 6 1 4 94128
53 6 1 5 147288
53 6 1 6 166424
53 6 1 7 184756
53 6 1 8 201844
53 6 1 9 217724
53 6 1 10 232360
53 6 1 11 245788
53 6 1 12 257972
53 6 1 13 268948
53 6 1 14 278680
53 6 1 15 287204
53 6 1 16 294484
53 6 1 17 300556
53 6 1 18 305384
53 6 1 19 309004
53 6 1 20 311380
53 6 1 21 312548
53 6 1 22 312472
53 6 1 23 311192
53 6 1 24 308688
53 6 1 25 304540
53 6 1 26 298992
53 6 1 27 292976
53 6 1 28 286444
53 6 1 29 279432
53 6 1 30 271904
53 6 1 31 263896
53 6 1 32 255372
53 6 1 33 246368
53 6 1 34 236848
53 6 1 35 226848
53 6 1 36 216332
53 6 1 37 205336
53 6 1 38 193824
53 6 1 39 181832
53 6 1 40 169324
53 6 1 41 156336
53 6 1 42 142828
53 6 1 43 128840
53 6 1 44 114332
53 6 1 45 99316
53 6 1 46 84080
53 6 1 47 68436
53 6 1 48 55272
53 6 1 49 43684
53 6 1 50 34232
53 6 2 2 190
53 6 2 3 224
53 6 2 4 48
53 6 2 5 56
53 6 2 6 56
53 6 2 7 56
53 6 2 8 56
53 6 2 9 56
53 6 2 10 56
53 6 2 11 56
53 6 2 12 56
53 6 2 13 56
53 6 2 14 56
53 6 2 15 56
53 6 2 16 56
53 6 2 17 56
53 6 2 18 56
53 6 2 19 56
53 6 2 20 56
53 6 2 21 56
53 6 2 22 56
53 6 2 23 56
53 6 2 24 56
53 6 2 25 56
53 6 2 26 56
53 6 2 27 56
53 6 2 28 56
53 6 2 29 56
53 6 2 30 56
53 6 2 31 56
53 6 2 32 56
53 6 2 33 56
53 6 2 34 56
53 6 2 35 56
53 6 2 36 56
53 6 2 37 56
53 6 2 38 56
53 6 2 39 56
53 6 2 40 56
53 6 2 41 56
53 6 2 42 56
53 6 2 43 56
53 6 2 44 56
53 6 2 45 56
53 6 2 46 52
53 6 2 47 48
53 6 2 48 52
53 6 2 49 214
53 6 2 50 184
54 0 0 1 1
54 0 0 54 1
54 1 0 2 4
54 1 0 3 4
54 1 0 4 4
54 1 0 5 4
54 1 0 6 4
54 1 0 7 4
54 1 0 8 4
54 1 0 9 4
54 1 0 10 4
54 1 0 11 4
54 1 0 12 4
54 1 0 13 4
54 1 0 14 4
54 1 0 15 4
54 1 0 16 4
54 1 0 17 4
54 1 0 18 4
54 1 0 19 4
54 1 0 20 4
54 1 0 21 4
54 1 0 22 4
54 1 0 23 4
54 1 0 24 4
54 1 0 25 4
54 1 0 26 4
54 1 0 27 4
54 1 0 28 4
54 1 0 29 4
54 1 0 30 4
54 1 0 31 4
54 1 0 32 4
54 1 0 33 4
54 1 0 34 4
54 1 0 35 4
54 1 0 36 4
54 1 0 37 4
54 1 0 38 4
54 1 0 39 4
54 1 0 40 4
54 1 0 41 4
54 1 0 42 4
54 1 0 43 4
54 1 0 44 4
54 1 0 45 4
54 1 0 46 4
54 1 0 47 4
54 1 0 48 4
54 1 0 49 4
54 1 0 50 4
54 1 0 51 4
54 1 0 52 4
54 1 0 53 4
54 2 0 2 206
54 2 0 3 214
54 2 0 4 312
54 2 0 5 314
54 2 0 6 316
54 2 0 7 318
54 2 0 8 320
54 2 0 9 322
54 2 0 10 324
54 2 0 11 326
54 2 0 12 328
54 2 0 13 330
54 2 0 14 332
54 2 0 15 334
54 2 0 16 336
54 2 0 17 338
54 2 0 18 340
54 2 0 19 342
54 2 0 20 344
54 2 0 21 346
54 2 0 22 348
54 2 0 23 350
54 2 0 24 352
54 2 0 25 354
54 2 0 26 356
54 2 0 27 352
54 2 0 28 346
54 2 0 29 340
54 2 0 30 334
54 2 0 31 328
54 2 0 32 322
54 2 0 33 316
54 2 0 34 310
54 2 0 35 304
54 2 0 36 298
54 2 0 37 292
54 2 0 38 286
54 2 0 39 280
54 2 0 40 274
54 2 0 41 268
54 2 0 42 262
54 2 0 43 256
54 2 0 44 250
54 2 0 45 244
54 2 0 46 238
54 2 0 47 232
54 2 0 48 226
54 2 0 49 220
54 2 0 50 214
54 2 0 51 212
54 2 0 52 206
54 2 0 53 204
54 3 0 2 392
54 3 0 3 2140
54 3 0 4 8016
54 3 0 5 9676
54 3 0 6 11240
54 3 0 7 12708
54 3 0 8 14084
54 3 0 9 15364
54 3 0 10 16552
54 3 0 11 17644
54 3 0 12 18644
54 3 0 13 19548
54 3 0 14 20360
54 3 0 15 21076
54 3 0 16 21700
54 3 0 17 22228
54 3 0 18 22664
54 3 0 19 23004
54 3 0 20 23252
54 3 0 21 23404
54 3 0 22 23464
54 3 0 23 23428
54 3 0 24 23300
54 3 0 25 23076
54 3 0 26 22760
54 3 0 27 22380
54 3 0 28 21968
54 3 0 29 21516
54 3 0 30 21028
54 3 0 31 20500
54 3 0 32 19936
54 3 0 33 19332
54 3 0 34 18692
54 3 0 35 18012
54 3 0 36 17296
54 3 0 37 16540
54 3 0 38 15748
54 3 0 39 14916
54 3 0 40 14048
54 3 0 41 13140
54 3 0 42 12196
54 3 0 43 11212
54 3 0 44 10192
54 3 0 45 9132
54 3 0 46 8036
54 3 0 47 6900
54 3 0 48 5724
54 3 0 49 4512
54 3 0 50 3264
54 3 0 51 2336
54 3 0 52 992
54 3 1 2 4
54 3 1 52 4
54 4 0 2 9596
54 4 0 3 42099
54 4 0 4 133376
54 4 0 5 228135
54 4 0 6 318493
54 4 0 7 408683
54 4 0 8 493862
54 4 0 9 573795
54 4 0 10 648379
54 4 0 11 717355
54 4 0 12 780644
54 4 0 13 837963
54 4 0 14 889257
54 4 0 15 934219
54 4 0 16 972818
54 4 0 17 1004723
54 4 0 18 1029993
54 4 0 19 1048573
54 4 0 20 1060840
54 4 0 21 1066787
54 4 0 22 1066809
54 4 0 23 1060881
54 4 0 24 1049412
54 4 0 25 1032245
54 4 0 26 1009675
54 4 0 27 982672
54 4 0 28 952298
54 4 0 29 918586
54 4 0 30 882147
54 4 0 31 843028
54 4 0 32 801858
54 4 0 33 758666
54 4 0 34 714099
54 4 0 35 668168
54 4 0 36 621538
54 4 0 37 574202
54 4 0 38 526843
54 4 0 39 479436
54 4 0 40 432682
54 4 0 41 386538
54 4 0 42 341723
54 4 0 43 298176
54 4 0 44 256638
54 4 0 45 217026
54 4 0 46 180095
54 4 0 47 145752
54 4 0 48 114370
54 4 0 49 86590
54 4 0 50 63069
54 4 0 51 39178
54 4 0 52 19258
54 4 1 2 200
54 4 1 3 24
54 4 1 4 28
54 4 1 5 28
54 4 1 6 28
54 4 1 7 28
54 4 1 8 28
54 4 1 9 28
54 4 1 10 28
54 4 1 11 28
54 4 1 12 28
54 4 1 13 28
54 4 1 14 28
54 4 1 15 28
54 4 1 16 28
54 4 1 17 28
54 4 1 18 28
54 4 1 19 28
54 4 1 20 28
54 4 1 21 28
54 4 1 22 28
54 4 1 23 28
54 4 1 24 28
54 4 1 25 28
54 4 1 26 28
54 4 1 27 28
54 4 1 28 28
54 4 1 29 28
54 4 1 30 28
54 4 1 31 28
54 4 1 32 28
54 4 1 33 28
54 4 1 34 28
54 4 1 35 28
54 4 1 36 28
54 4 1 37 28
54 4 1 38 28
54 4 1 39 28
54 4 1 40 28
54 4 1 41 28
54 4 1 42 28
54 4 1 43 28
54 4 1 44 28
54 4 1 45 28
54 4 1 46 28
54 4 1 47 28
54 4 1 48 28
54 4 1 49 28
54 4 1 50 24
54 4 1 51 24
54 4 1 52 196
54 5 0 2 17296
54 5 0 3 274150
54 5 0 4 1684344
54 5 0 5 3959640
54 5 0 6 6563576
54 5 0 7 9631376
54 5 0 8 12803884
54 5 0 9 15996676
54 5 0 10 19138264
54 5 0 11 22161480
54 5 0 12 25012072
54 5 0 13 27639668
54 5 0 14 30007116
54 5 0 15 32080652
54 5 0 16 33840556
54 5 0 17 35269628
54 5 0 18 36364672
54 5 0 19 37122832
54 5 0 20 37551988
54 5 0 21 37659356
54 5 0 22 37463668
54 5 0 23 36982092
54 5 0 24 36243220
54 5 0 25 35273676
54 5 0 26 34108824
54 5 0 27 32773352
54 5 0 28 31292856
54 5 0 29 29689900
54 5 0 30 27991296
54 5 0 31 26217468
54 5 0 32 24392596
54 5 0 33 22535036
54 5 0 34 20666260
54 5 0 35 18802620
54 5 0 36 16962828
54 5 0 37 15161284
54 5 0 38 13413876
54 5 0 39 11733124
54 5 0 40 10132020
54 5 0 41 8621272
54 5 0 42 7210920
54 5 0 43 5909912
54 5 0 44 4725704
54 5 0 45 3665088
54 5 0 46 2731988
54 5 0 47 1932492
54 5 0 48 1275516
54 5 0 49 759488
54 5 0 50 386418
54 5 0 51 108880
54 5 1 2 752
54 5 1 3 2324
54 5 1 4 3200
54 5 1 5 3676
54 5 1 6 3696
54 5 1 7 3716
54 5 1 8 3736
54 5 1 9 3756
54 5 1 10 3776
54 5 1 11 3796
54 5 1 12 3816
54 5 1 13 3836
54 5 1 14 3856
54 5 1 15 3876
54 5 1 16 3896
54 5 1 17 3916
54 5 1 18 3936
54 5 1 19 3956
54 5 1 20 3976
54 5 1 21 3996
54 5 1 22 4016
54 5 1 23 4036
54 5 1 24 4056
54 5 1 25 4072
54 5 1 26 4052
54 5 1 27 3996
54 5 1 28 3936
54 5 1 29 3876
54 5 1 30 3816
54 5 1 31 3756
54 5 1 32 3696
54 5 1 33 3636
54 5 1 34 3576
54 5 1 35 3516
54 5 1 36 3456
54 5 1 37 3396
54 5 1 38 3336
54 5 1 39 3276
54 5 1 40 3216
54 5 1 41 3156
54 5 1 42 3096
54 5 1 43 3036
54 5 1 44 2976
54 5 1 45 2916
54 5 1 46 2856
54 5 1 47 2800
54 5 1 48 2744
54 5 1 49 2708
54 5 1 50 2308
54 5 1 51 2292
54 5 2 2 4
54 5 2 3 4
54 5 2 50 4
54 5 2 51 4
54 6 0 2 267360
54 6 0 3 3214540
54 6 0 4 19404168
54 6 0 5 56334040
54 6 0 6 111038748
54 6 0 7 185357466
54 6 0 8 271058806
54 6 0 9 363854434
54 6 0 10 459995784
54 6 0 11 555962476
54 6 0 12 648689762
54 6 0 13 735511308
54 6 0 14 814280410
54 6 0 15 883255216
54 6 0 16 941216990
54 6 0 17 987312108
54 6 0 18 1021196684
54 6 0 19 1042825728
54 6 0 20 1052554154
54 6 0 21 1050927508
54 6 0 22 1038781032
54 6 0 23 1017031080
54 6 0 24 986764230
54 6 0 25 949073448
54 6 0 26 905188252
54 6 0 27 856277552
54 6 0 28 803492788
54 6 0 29 747883750
54 6 0 30 690454714
54 6 0 31 632108222
54 6 0 32 573686510
54 6 0 33 515946550
54 6 0 34 459568058
54 6 0 35 405162982
54 6 0 36 353250118
54 6 0 37 304295642
54 6 0 38 258658488
54 6 0 39 216659498
54 6 0 40 178498472
54 6 0 41 144350870
54 6 0 42 114259858
54 6 0 43 88253608
54 6 0 44 66212534
54 6 0 45 48012704
54 6 0 46 33389018
54 6 0 47 22061204
54 6 0 48 13673932
54 6 0 49 7658880
54 6 0 50 3449396
54 6 0 51 1116720
54 6 1 2 17836
54 6 1 3 46820
54 6 1 4 97707
54 6 1 5 152937
54 6 1 6 172583
54 6 1 7 191401
54 6 1 8 209011
54 6 1 9 225377
54 6 1 10 240535
54 6 1 11 254449
54 6 1 12 267155
54 6 1 13 278617
54 6 1 14 288871
54 6 1 15 297881
54 6 1 16 305683
54 6 1 17 312241
54 6 1 18 317591
54 6 1 19 321697
54 6 1 20 324595
54 6 1 21 326249
54 6 1 22 326695
54 6 1 23 325897
54 6 1 24 323903
54 6 1 25 320575
54 6 1 26 315376
54 6 1 27 309440
54 6 1 28 303034
54 6 1 29 296112
54 6 1 30 288710
54 6 1 31 280792
54 6 1 32 272394
54 6 1 33 263480
54 6 1 34 254086
54 6 1 35 244176
54 6 1 36 233786
54 6 1 37 222880
54 6 1 38 211494
54 6 1 39 199592
54 6 1 40 187210
54 6 1 41 174312
54 6 1 42 160934
54 6 1 43 147036
54 6 1 44 132658
54 6 1 45 117760
54 6 1 46 102354
54 6 1 47 86736
54 6 1 48 70712
54 6 1 49 57240
54 6 1 50 45388
54 6 1 51 35728
54 6 2 2 194
54 6 2 3 228
54 6 2 4 48
54 6 2 5 56
54 6 2 6 56
54 6 2 7 56
54 6 2 8 56
54 6 2 9 56
54 6 2 10 56
54 6 2 11 56
54 6 2 12 56
54 6 2 13 56
54 6 2 14 56
54 6 2 15 56
54 6 2 16 56
54 6 2 17 56
54 6 2 18 56
54 6 2 19 56
54 6 2 20 56
54 6 2 21 56
54 6 2 22 56
54 6 2 23 56
54 6 2 24 56
54 6 2 25 56
54 6 2 26 56
54 6 2 27 56
54 6 2 28 56
54 6 2 29 56
54 6 2 30 56
54 6 2 31 56
54 6 2 32 56
54 6 2 33 56
54 6 2 34 56
54 6 2 35 56
54 6 2 36 56
54 6 2 37 56
54 6 2 38 56
54 6 2 39 56
54 6 2 40 56
54 6 2 41 56
54 6 2 42 56
54 6 2 43 56
54 6 2 44 56
54 6 2 45 56
54 6 2 46 56
54 6 2 47 52
54 6 2 48 48
54 6 2 49 52
54 6 2 50 218
54 6 2 51 188
55 0 0 1 1
55 0 0 55 1
55 1 0 2 4
55 1 0 3 4
55 1 0 4 4
55 1 0 5 4
55 1 0 6 4
55 1 0 7 4
55 1 0 8 4
55 1 0 9 4
55 1 0 10 4
55 1 0 11 4
55 1 0 12 4
55 1 0 13 4
55 1 0 14 4
55 1 0 15 4
55 1 0 16 4
55 1 0 17 4
55 1 0 18 4
55 1 0 19 4
55 1 0 20 4
55 1 0 21 4
55 1 0 22 4
55 1 0 23 4
55 1 0 24 4
55 1 0 25 4
55 1 0 26 4
55 1 0 27 4
55 1 0 28 4
55 1 0 29 4
55 1 0 30 4
55 1 0 31 4
55 1 0 32 4
55 1 0 33 4
55 1 0 34 4
55 1 0 35 4
55 1 0 36 4
55 1 0 37 4
55 1 0 38 4
55 1 0 39 4
55 1 0 40 4
55 1 0 41 4
55 1 0 42 4
55 1 0 43 4
55 1 0 44 4
55 1 0 45 4
55 1 0 46 4
55 1 0 47 4
55 1 0 48 4
55 1 0 49 4
55 1 0 50 4
55 1 0 51 4
55 1 0 52 4
55 1 0 53 4
55 1 0 54 4
55 2 0 2 210
55 2 0 3 218
55 2 0 4 318
55 2 0 5 320
55 2 0 6 322
55 2 0 7 324
55 2 0 8 326
55 2 0 9 328
55 2 0 10 330
55 2 0 11 332
55 2 0 12 334
55 2 0 13 336
55 2 0 14 338
55 2 0 15 340
55 2 0 16 342
55 2 0 17 344
55 2 0 18 346
55 2 0 19 348
55 2 0 20 350
55 2 0 21 352
55 2 0 22 354
55 2 0 23 356
55 2 0 24 358
55 2 0 25 360
55 2 0 26 362
55 2 0 27 362
55 2 0 28 356
55 2 0 29 350
55 2 0 30 344
55 2 0 31 338
55 2 0 32 332
55 2 0 33 326
55 2 0 34 320
55 2 0 35 314
55 2 0 36 308
55 2 0 37 302
55 2 0 38 296
55 2 0 39 290
55 2 0 40 284
55 2 0 41 278
55 2 0 42 272
55 2 0 43 266
55 2 0 44 260
55 2 0 45 254
55 2 0 46 248
55 2 0 47 242
55 2 0 48 236
55 2 0 49 230
55 2 0 50 224
55 2 0 51 218
55 2 0 52 216
55 2 0 53 210
55 2 0 54 208
55 3 0 2 400
55 3 0 3 2184
55 3 0 4 8276
55 3 0 5 9976
55 3 0 6 11576
55 3 0 7 13084
55 3 0 8 14496
55 3 0 9 15816
55 3 0 10 17040
55 3 0 11 18172
55 3 0 12 19208
55 3 0 13 20152
55 3 0 14 21000
55 3 0 15 21756
55 3 0 16 22416
55 3 0 17 22984
55 3 0 18 23456
55 3 0 19 23836
55 3 0 20 24120
55 3 0 21 24312
55 3 0 22 24408
55 3 0 23 24412
55 3 0 24 24320
55 3 0 25 24136
55 3 0 26 23856
55 3 0 27 23496
55 3 0 28 23092
55 3 0 29 22652
55 3 0 30 22172
55 3 0 31 21656
55 3 0 32 21100
55 3 0 33 20508
55 3 0 34 19876
55 3 0 35 19208
55 3 0 36 18500
55 3 0 37 17756
55 3 0 38 16972
55 3 0 39 16152
55 3 0 40 15292
55 3 0 41 14396
55 3 0 42 13460
55 3 0 43 12488
55 3 0 44 11476
55 3 0 45 10428
55 3 0 46 9340
55 3 0 47 8216
55 3 0 48 7052
55 3 0 49 5848
55 3 0 50 4608
55 3 0 51 3332
55 3 0 52 2384
55 3 0 53 1012
55 3 1 2 4
55 3 1 53 4
55 4 0 2 9992
55 4 0 3 43764
55 4 0 4 139312
55 4 0 5 238132
55 4 0 6 332448
55 4 0 7 426813
55 4 0 8 516028
55 4 0 9 599978
55 4 0 10 678416
55 4 0 11 751251
55 4 0 12 818212
55 4 0 13 879232
55 4 0 14 934016
55 4 0 15 982521
55 4 0 16 1024428
55 4 0 17 1059718
55 4 0 18 1088070
55 4 0 19 1109713
55 4 0 20 1124644
55 4 0 21 1133250
55 4 0 22 1135514
55 4 0 23 1131841
55 4 0 24 1122196
55 4 0 25 1106986
55 4 0 26 1086004
55 4 0 27 1059858
55 4 0 28 1029804
55 4 0 29 996447
55 4 0 30 959842
55 4 0 31 920610
55 4 0 32 878788
55 4 0 33 835015
55 4 0 34 789310
55 4 0 35 742330
55 4 0 36 694076
55 4 0 37 645223
55 4 0 38 595754
55 4 0 39 546362
55 4 0 40 497012
55 4 0 41 448415
55 4 0 42 400518
55 4 0 43 354050
55 4 0 44 308940
55 4 0 45 265939
55 4 0 46 224954
55 4 0 47 186750
55 4 0 48 151224
55 4 0 49 118749
55 4 0 50 89974
55 4 0 51 65562
55 4 0 52 40778
55 4 0 53 20051
55 4 1 2 204
55 4 1 3 24
55 4 1 4 28
55 4 1 5 28
55 4 1 6 28
55 4 1 7 28
55 4 1 8 28
55 4 1 9 28
55 4 1 10 28
55 4 1 11 28
55 4 1 12 28
55 4 1 13 28
55 4 1 14 28
55 4 1 15 28
55 4 1 16 28
55 4 1 17 28
55 4 1 18 28
55 4 1 19 28
55 4 1 20 28
55 4 1 21 28
55 4 1 22 28
55 4 1 23 28
55 4 1 24 28
55 4 1 25 28
55 4 1 26 28
55 4 1 27 28
55 4 1 28 28
55 4 1 29 28
55 4 1 30 28
55 4 1 31 28
55 4 1 32 28
55 4 1 33 28
55 4 1 34 28
55 4 1 35 28
55 4 1 36 28
55 4 1 37 28
55 4 1 38 28
55 4 1 39 28
55 4 1 40 28
55 4 1 41 28
55 4 1 42 28
55 4 1 43 28
55 4 1 44 28
55 4 1 45 28
55 4 1 46 28
55 4 1 47 28
55 4 1 48 28
55 4 1 49 28
55 4 1 50 28
55 4 1 51 24
55 4 1 52 24
55 4 1 53 200
55 5 0 2 18048
55 5 0 3 286126
55 5 0 4 1780344
55 5 0 5 4190952
55 5 0 6 6948544
55 5 0 7 10205872
55 5 0 8 13578648
55 5 0 9 16983340
55 5 0 10 20341776
55 5 0 11 23588464
55 5 0 12 26661956
55 5 0 13 29513932
55 5 0 14 32099504
55 5 0 15 34387808
55 5 0 16 36350496
55 5 0 17 37973724
55 5 0 18 39246132
55 5 0 19 40168876
55 5 0 20 40742348
55 5 0 21 40978684
55 5 0 22 40888196
55 5 0 23 40493176
55 5 0 24 39814816
55 5 0 25 38884088
55 5 0 26 37730252
55 5 0 27 36389396
55 5 0 28 34881972
55 5 0 29 33236320
55 5 0 30 31474900
55 5 0 31 29624624
55 5 0 32 27705824
55 5 0 33 25742764
55 5 0 34 23753724
55 5 0 35 21760244
55 5 0 36 19778616
55 5 0 37 17827604
55 5 0 38 15921564
55 5 0 39 14076420
55 5 0 40 12304664
55 5 0 41 10619308
55 5 0 42 9031048
55 5 0 43 7549928
55 5 0 44 6184900
55 5 0 45 4943420
55 5 0 46 3832288
55 5 0 47 2855400
55 5 0 48 2018892
55 5 0 49 1331824
55 5 0 50 792540
55 5 0 51 403086
55 5 0 52 113500
55 5 1 2 768
55 5 1 3 2372
55 5 1 4 3264
55 5 1 5 3752
55 5 1 6 3772
55 5 1 7 3792
55 5 1 8 3812
55 5 1 9 3832
55 5 1 10 3852
55 5 1 11 3872
55 5 1 12 3892
55 5 1 13 3912
55 5 1 14 3932
55 5 1 15 3952
55 5 1 16 3972
55 5 1 17 3992
55 5 1 18 4012
55 5 1 19 4032
55 5 1 20 4052
55 5 1 21 4072
55 5 1 22 4092
55 5 1 23 4112
55 5 1 24 4132
55 5 1 25 4152
55 5 1 26 4152
55 5 1 27 4112
55 5 1 28 4052
55 5 1 29 3992
55 5 1 30 3932
55 5 1 31 3872
55 5 1 32 3812
55 5 1 33 3752
55 5 1 34 3692
55 5 1 35 3632
55 5 1 36 3572
55 5 1 37 3512
55 5 1 38 3452
55 5 1 39 3392
55 5 1 40 3332
55 5 1 41 3272
55 5 1 42 3212
55 5 1 43 3152
55 5 1 44 3092
55 5 1 45 3032
55 5 1 46 2972
55 5 1 47 2912
55 5 1 48 2856
55 5 1 49 2800
55 5 1 50 2764
55 5 1 51 2356
55 5 1 52 2340
55 5 2 2 4
55 5 2 3 4
55 5 2 51 4
55 5 2 52 4
55 6 0 2 285016
55 6 0 3 3416278
55 6 0 4 20781808
55 6 0 5 60439958
55 6 0 6 119237438
55 6 0 7 199398362
55 6 0 8 292066992
55 6 0 9 392745570
55 6 0 10 497452366
55 6 0 11 602485794
55 6 0 12 704528878
55 6 0 13 800761356
55 6 0 14 888778006
55 6 0 15 966721300
55 6 0 16 1033126428
55 6 0 17 1087062766
55 6 0 18 1127963830
55 6 0 19 1155755708
55 6 0 20 1170625246
55 6 0 21 1173140830
55 6 0 22 1164022374
55 6 0 23 1144256924
55 6 0 24 1114878370
55 6 0 25 1077069868
55 6 0 26 1032020338
55 6 0 27 981040992
55 6 0 28 925316824
55 6 0 29 866026034
55 6 0 30 804230168
55 6 0 31 740943846
55 6 0 32 677077740
55 6 0 33 613479972
55 6 0 34 550911994
55 6 0 35 490054966
55 6 0 36 431521616
55 6 0 37 375827826
55 6 0 38 323436768
55 6 0 39 274700154
55 6 0 40 229932008
55 6 0 41 189320630
55 6 0 42 153030810
55 6 0 43 121090008
55 6 0 44 93511792
55 6 0 45 70156504
55 6 0 46 50881540
55 6 0 47 35397812
55 6 0 48 23402188
55 6 0 49 14515886
55 6 0 50 8137816
55 6 0 51 3671586
55 6 0 52 1189312
55 6 1 2 18600
55 6 1 3 48592
55 6 1 4 101360
55 6 1 5 158660
55 6 1 6 178784
55 6 1 7 198124
55 6 1 8 216220
55 6 1 9 233108
55 6 1 10 248752
55 6 1 11 263188
55 6 1 12 276380
55 6 1 13 288364
55 6 1 14 299104
55 6 1 15 308636
55 6 1 16 316924
55 6 1 17 324004
55 6 1 18 329840
55 6 1 19 334468
55 6 1 20 337852
55 6 1 21 340028
55 6 1 22 340960
55 6 1 23 340684
55 6 1 24 339168
55 6 1 25 336464
55 6 1 26 332048
55 6 1 27 326236
55 6 1 28 319920
55 6 1 29 313124
55 6 1 30 305812
55 6 1 31 298020
55 6 1 32 289712
55 6 1 33 280924
55 6 1 34 271620
55 6 1 35 261836
55 6 1 36 251536
55 6 1 37 240756
55 6 1 38 229460
55 6 1 39 217684
55 6 1 40 205392
55 6 1 41 192620
55 6 1 42 179332
55 6 1 43 165564
55 6 1 44 151276
55 6 1 45 136508
55 6 1 46 121220
55 6 1 47 105424
55 6 1 48 89424
55 6 1 49 73020
55 6 1 50 59240
55 6 1 51 47124
55 6 1 52 37256
55 6 2 2 198
55 6 2 3 232
55 6 2 4 48
55 6 2 5 56
55 6 2 6 56
55 6 2 7 56
55 6 2 8 56
55 6 2 9 56
55 6 2 10 56
55 6 2 11 56
55 6 2 12 56
55 6 2 13 56
55 6 2 14 56
55 6 2 15 56
55 6 2 16 56
55 6 2 17 56
55 6 2 18 56
55 6 2 19 56
55 6 2 20 56
55 6 2 21 56
55 6 2 22 56
55 6 2 23 56
55 6 2 24 56
55 6 2 25 56
55 6 2 26 56
55 6 2 27 56
55 6 2 28 56
55 6 2 29 56
55 6 2 30 56
55 6 2 31 56
55 6 2 32 56
55 6 2 33 56
55 6 2 34 56
55 6 2 35 56
55 6 2 36 56
55 6 2 37 56
55 6 2 38 56
55 6 2 39 56
55 6 2 40 56
55 6 2 41 56
55 6 2 42 56
55 6 2 43 56
55 6 2 44 56
55 6 2 45 56
55 6 2 46 56
55 6 2 47 56
55 6 2 48 52
55 6 2 49 48
55 6 2 50 52
55 6 2 51 222
55 6 2 52 192
56 0 0 1 1
56 0 0 56 1
56 1 0 2 4
56 1 0 3 4
56 1 0 4 4
56 1 0 5 4
56 1 0 6 4
56 1 0 7 4
56 1 0 8 4
56 1 0 9 4
56 1 0 10 4
56 1 0 11 4
56 1 0 12 4
56 1 0 13 4
56 1 0 14 4
56 1 0 15 4
56 1 0 16 4
56 1 0 17 4
56 1 0 18 4
56 1 0 19 4
56 1 0 20 4
56 1 0 21 4
56 1 0 22 4
56 1 0 23 4
56 1 0 24 4
56 1 0 25 4
56 1 0 26 4
56 1 0 27 4
56 1 0 28 4
56 1 0 29 4
56 1 0 30 4
56 1 0 31 4
56 1 0 32 4
56 1 0 33 4
56 1 0 34 4
56 1 0 35 4
56 1 0 36 4
56 1 0 37 4
56 1 0 38 4
56 1 0 39 4
56 1 0 40 4
56 1 0 41 4
56 1 0 42 4
56 1 0 43 4
56 1 0 44 4
56 1 0 45 4
56 1 0 46 4
56 1 0 47 4
56 1 0 48 4
56 1 0 49 4
56 1 0 50 4
56 1 0 51 4
56 1 0 52 4
56 1 0 53 4
56 1 0 54 4
56 1 0 55 4
56 2 0 2 214
56 2 0 3 222
56 2 0 4 324
56 2 0 5 326
56 2 0 6 328
56 2 0 7 330
56 2 0 8 332
56 2 0 9 334
56 2 0 10 336
56 2 0 11 338
56 2 0 12 340
56 2 0 13 342
56 2 0 14 344
56 2 0 15 346
56 2 0 16 348
56 2 0 17 350
56 2 0 18 352
56 2 0 19 354
56 2 0 20 356
56 2 0 21 358
56 2 0 22 360
56 2 0 23 362
56 2 0 24 364
56 2 0 25 366
56 2 0 26 368
56 2 0 27 370
56 2 0 28 366
56 2 0 29 360
56 2 0 30 354
56 2 0 31 348
56 2 0 32 342
56 2 0 33 336
56 2 0 34 330
56 2 0 35 324
56 2 0 36 318
56 2 0 37 312
56 2 0 38 306
56 2 0 39 300
56 2 0 40 294
56 2 0 41 288
56 2 0 42 282
56 2 0 43 276
56 2 0 44 270
56 2 0 45 264
56 2 0 46 258
56 2 0 47 252
56 2 0 48 246
56 2 0 49 240
56 2 0 50 234
56 2 0 51 228
56 2 0 52 222
56 2 0 53 220
56 2 0 54 214
56 2 0 55 212
56 3 0 2 408
56 3 0 3 2228
56 3 0 4 8552
56 3 0 5 10288
56 3 0 6 11928
56 3 0 7 13472
56 3 0 8 14924
56 3 0 9 16280
56 3 0 10 17544
56 3 0 11 18712
56 3 0 12 19788
56 3 0 13 20768
56 3 0 14 21656
56 3 0 15 22448
56 3 0 16 23148
56 3 0 17 23752
56 3 0 18 24264
56 3 0 19 24680
56 3 0 20 25004
56 3 0 21 25232
56 3 0 22 25368
56 3 0 23 25408
56 3 0 24 25356
56 3 0 25 25208
56 3 0 26 24968
56 3 0 27 24632
56 3 0 28 24236
56 3 0 29 23804
56 3 0 30 23336
56 3 0 31 22828
56 3 0 32 22284
56 3 0 33 21700
56 3 0 34 21080
56 3 0 35 20420
56 3 0 36 19724
56 3 0 37 18988
56 3 0 38 18216
56 3 0 39 17404
56 3 0 40 16556
56 3 0 41 15668
56 3 0 42 14744
56 3 0 43 13780
56 3 0 44 12780
56 3 0 45 11740
56 3 0 46 10664
56 3 0 47 9548
56 3 0 48 8396
56 3 0 49 7204
56 3 0 50 5972
56 3 0 51 4704
56 3 0 52 3400
56 3 0 53 2432
56 3 0 54 1032
56 3 1 2 4
56 3 1 54 4
56 4 0 2 10396
56 4 0 3 45461
56 4 0 4 145405
56 4 0 5 248441
56 4 0 6 346918
56 4 0 7 445501
56 4 0 8 538903
56 4 0 9 626889
56 4 0 10 709356
56 4 0 11 786045
56 4 0 12 856877
56 4 0 13 921569
56 4 0 14 980066
56 4 0 15 1032061
56 4 0 16 1077523
56 4 0 17 1116121
56 4 0 18 1147852
56 4 0 19 1172501
56 4 0 20 1190425
56 4 0 21 1201615
56 4 0 22 1206468
56 4 0 23 1204957
56 4 0 24 1197497
56 4 0 25 1184039
56 4 0 26 1164898
56 4 0 27 1139875
56 4 0 28 1110505
56 4 0 29 1077352
56 4 0 30 1040996
56 4 0 31 1001482
56 4 0 32 959441
56 4 0 33 914900
56 4 0 34 868508
56 4 0 35 820274
56 4 0 36 770865
56 4 0 37 720272
56 4 0 38 669180
56 4 0 39 617562
56 4 0 40 566121
56 4 0 41 514812
56 4 0 42 464356
56 4 0 43 414690
56 4 0 44 366553
56 4 0 45 319864
56 4 0 46 275384
56 4 0 47 233010
56 4 0 48 193517
56 4 0 49 156792
56 4 0 50 123208
56 4 0 51 93422
56 4 0 52 68103
56 4 0 53 42410
56 4 0 54 20860
56 4 1 2 208
56 4 1 3 24
56 4 1 4 28
56 4 1 5 28
56 4 1 6 28
56 4 1 7 28
56 4 1 8 28
56 4 1 9 28
56 4 1 10 28
56 4 1 11 28
56 4 1 12 28
56 4 1 13 28
56 4 1 14 28
56 4 1 15 28
56 4 1 16 28
56 4 1 17 28
56 4 1 18 28
56 4 1 19 28
56 4 1 20 28
56 4 1 21 28
56 4 1 22 28
56 4 1 23 28
56 4 1 24 28
56 4 1 25 28
56 4 1 26 28
56 4 1 27 28
56 4 1 28 28
56 4 1 29 28
56 4 1 30 28
56 4 1 31 28
56 4 1 32 28
56 4 1 33 28
56 4 1 34 28
56 4 1 35 28
56 4 1 36 28
56 4 1 37 28
56 4 1 38 28
56 4 1 39 28
56 4 1 40 28
56 4 1 41 28
56 4 1 42 28
56 4 1 43 28
56 4 1 44 28
56 4 1 45 28
56 4 1 46 28
56 4 1 47 28
56 4 1 48 28
56 4 1 49 28
56 4 1 50 28
56 4 1 51 28
56 4 1 52 24
56 4 1 53 24
56 4 1 54 204
56 5 0 2 18816
56 5 0 3 298358
56 5 0 4 1879648
56 5 0 5 4430236
56 5 0 6 7348552
56 5 0 7 10801876
56 5 0 8 14385180
56 5 0 9 18008544
56 5 0 10 21595216
56 5 0 11 25072692
56 5 0 12 28381452
56 5 0 13 31465528
56 5 0 14 34282868
56 5 0 15 36794008
56 5 0 16 38973988
56 5 0 17 40800392
56 5 0 18 42265128
56 5 0 19 43361420
56 5 0 20 44094764
56 5 0 21 44468660
56 5 0 22 44498824
56 5 0 23 44199544
56 5 0 24 43596496
56 5 0 25 42713820
56 5 0 26 41586528
56 5 0 27 40245468
56 5 0 28 38722932
56 5 0 29 37039520
56 5 0 30 35224840
56 5 0 31 33301244
56 5 0 32 31295744
56 5 0 33 29228580
56 5 0 34 27124100
56 5 0 35 25000508
56 5 0 36 22879412
56 5 0 37 20777044
56 5 0 38 18712220
56 5 0 39 16699252
56 5 0 40 14754100
56 5 0 41 12889228
56 5 0 42 11117668
56 5 0 43 9450104
56 5 0 44 7896584
56 5 0 45 6466064
56 5 0 46 5166000
56 5 0 47 4003200
56 5 0 48 2981532
56 5 0 49 2107180
56 5 0 50 1389348
56 5 0 51 826296
56 5 0 52 420106
56 5 0 53 118216
56 5 1 2 784
56 5 1 3 2420
56 5 1 4 3332
56 5 1 5 3828
56 5 1 6 3848
56 5 1 7 3868
56 5 1 8 3888
56 5 1 9 3908
56 5 1 10 3928
56 5 1 11 3948
56 5 1 12 3968
56 5 1 13 3988
56 5 1 14 4008
56 5 1 15 4028
56 5 1 16 4048
56 5 1 17 4068
56 5 1 18 4088
56 5 1 19 4108
56 5 1 20 4128
56 5 1 21 4148
56 5 1 22 4168
56 5 1 23 4188
56 5 1 24 4208
56 5 1 25 4228
56 5 1 26 4244
56 5 1 27 4224
56 5 1 28 4168
56 5 1 29 4108
56 5 1 30 4048
56 5 1 31 3988
56 5 1 32 3928
56 5 1 33 3868
56 5 1 34 3808
56 5 1 35 3748
56 5 1 36 3688
56 5 1 37 3628
56 5 1 38 3568
56 5 1 39 3508
56 5 1 40 3448
56 5 1 41 3388
56 5 1 42 3328
56 5 1 43 3268
56 5 1 44 3208
56 5 1 45 3148
56 5 1 46 3088
56 5 1 47 3028
56 5 1 48 2968
56 5 1 49 2912
56 5 1 50 2856
56 5 1 51 2820
56 5 1 52 2404
56 5 1 53 2388
56 5 2 2 4
56 5 2 3 4
56 5 2 52 4
56 5 2 53 4
56 6 0 2 303432
56 6 0 3 3626190
56 6 0 4 22227082
56 6 0 5 64751806
56 6 0 6 127852082
56 6 0 7 214166540
56 6 0 8 314192652
56 6 0 9 423185818
56 6 0 10 536976304
56 6 0 11 651607838
56 6 0 12 763592436
56 6 0 13 869844912
56 6 0 14 967820468
56 6 0 15 1055394964
56 6 0 16 1131006130
56 6 0 17 1193475744
56 6 0 18 1242172438
56 6 0 19 1276810338
56 6 0 20 1297571872
56 6 0 21 1304862402
56 6 0 22 1299447116
56 6 0 23 1282210492
56 6 0 24 1254274462
56 6 0 25 1216776444
56 6 0 26 1171001054
56 6 0 27 1118238816
56 6 0 28 1059832148
56 6 0 29 996992616
56 6 0 30 930915440
56 6 0 31 862673162
56 6 0 32 793289898
56 6 0 33 723683682
56 6 0 34 654707674
56 6 0 35 587127038
56 6 0 36 521623530
56 6 0 37 458809890
56 6 0 38 399198238
56 6 0 39 343247974
56 6 0 40 291302740
56 6 0 41 243668974
56 6 0 42 200522628
56 6 0 43 162017054
56 6 0 44 128163158
56 6 0 45 98959136
56 6 0 46 74244410
56 6 0 47 53856936
56 6 0 48 37482790
56 6 0 49 24795212
56 6 0 50 15391264
56 6 0 51 8636192
56 6 0 52 3903112
56 6 0 53 1264984
56 6 1 2 19380
56 6 1 3 50396
56 6 1 4 105067
56 6 1 5 164509
56 6 1 6 185143
56 6 1 7 204969
56 6 1 8 223587
56 6 1 9 240961
56 6 1 10 257127
56 6 1 11 272049
56 6 1 12 285763
56 6 1 13 298233
56 6 1 14 309495
56 6 1 15 319513
56 6 1 16 328323
56 6 1 17 335889
56 6 1 18 342247
56 6 1 19 347361
56 6 1 20 351267
56 6 1 21 353929
56 6 1 22 355383
56 6 1 23 355593
56 6 1 24 354595
56 6 1 25 352365
56 6 1 26 348829
56 6 1 27 343338
56 6 1 28 337138
56 6 1 29 330432
56 6 1 30 323246
56 6 1 31 315544
56 6 1 32 307362
56 6 1 33 298664
56 6 1 34 289486
56 6 1 35 279792
56 6 1 36 269618
56 6 1 37 258928
56 6 1 38 247758
56 6 1 39 236072
56 6 1 40 223906
56 6 1 41 211224
56 6 1 42 198062
56 6 1 43 184384
56 6 1 44 170226
56 6 1 45 155548
56 6 1 46 140390
56 6 1 47 124712
56 6 1 48 108526
56 6 1 49 92144
56 6 1 50 75360
56 6 1 51 61272
56 6 1 52 48892
56 6 1 53 38816
56 6 2 2 202
56 6 2 3 236
56 6 2 4 48
56 6 2 5 56
56 6 2 6 56
56 6 2 7 56
56 6 2 8 56
56 6 2 9 56
56 6 2 10 56
56 6 2 11 56
56 6 2 12 56
56 6 2 13 56
56 6 2 14 56
56 6 2 15 56
56 6 2 16 56
56 6 2 17 56
56 6 2 18 56
56 6 2 19 56
56 6 2 20 56
56 6 2 21 56
56 6 2 22 56
56 6 2 23 56
56 6 2 24 56
56 6 2 25 56
56 6 2 26 56
56 6 2 27 56
56 6 2 28 56
56 6 2 29 56
56 6 2 30 56
56 6 2 31 56
56 6 2 32 56
56 6 2 33 56
56 6 2 34 56
56 6 2 35 56
56 6 2 36 56
56 6 2 37 56
56 6 2 38 56
56 6 2 39 56
56 6 2 40 56
56 6 2 41 56
56 6 2 42 56
56 6 2 43 56
56 6 2 44 56
56 6 2 45 56
56 6 2 46 56
56 6 2 47 56
56 6 2 48 56
56 6 2 49 52
56 6 2 50 48
56 6 2 51 52
56 6 2 52 226
56 6 2 53 196
57 0 0 1 1
57 0 0 57 1
57 1 0 2 4
57 1 0 3 4
57 1 0 4 4
57 1 0 5 4
57 1 0 6 4
57 1 0 7 4
57 1 0 8 4
57 1 0 9 4
57 1 0 10 4
57 1 0 11 4
57 1 0 12 4
57 1 0 13 4
57 1 0 14 4
57 1 0 15 4
57 1 0 16 4
57 1 0 17 4
57 1 0 18 4
57 1 0 19 4
57 1 0 20 4
57 1 0 21 4
57 1 0 22 4
57 1 0 23 4
57 1 0 24 4
57 1 0 25 4
57 1 0 26 4
57 1 0 27 4
57 1 0 28 4
57 1 0 29 4
57 1 0 30 4
57 1 0 31 4
57 1 0 32 4
57 1 0 33 4
57 1 0 34 4
57 1 0 35 4
57 1 0 36 4
57 1 0 37 4
57 1 0 38 4
57 1 0 39 4
57 1 0 40 4
57 1 0 41 4
57 1 0 42 4
57 1 0 43 4
57 1 0 44 4
57 1 0 45 4
57 1 0 46 4
57 1 0 47 4
57 1 0 48 4
57 1 0 49 4
57 1 0 50 4
57 1 0 51 4
57 1 0 52 4
57 1 0 53 4
57 1 0 54 4
57 1 0 55 4
57 1 0 56 4
57 2 0 2 218
57 2 0 3 226
57 2 0 4 330
57 2 0 5 332
57 2 0 6 334
57 2 0 7 336
57 2 0 8 338
57 2 0 9 340
57 2 0 10 342
57 2 0 11 344
57 2 0 12 346
57 2 0 13 348
57 2 0 14 350
57 2 0 15 352
57 2 0 16 354
57 2 0 17 356
57 2 0 18 358
57 2 0 19 360
57 2 0 20 362
57 2 0 21 364
57 2 0 22 366
57 2 0 23 368
57 2 0 24 370
57 2 0 25 372
57 2 0 26 374
57 2 0 27 376
57 2 0 28 376
57 2 0 29 370
57 2 0 30 364
57 2 0 31 358
57 2 0 32 352
57 2 0 33 346
57 2 0 34 340
57 2 0 35 334
57 2 0 36 328
57 2 0 37 322
57 2 0 38 316
57 2 0 39 310
57 2 0 40 304
57 2 0 41 298
57 2 0 42 292
57 2 0 43 286
57 2 0 44 280
57 2 0 45 274
57 2 0 46 268
57 2 0 47 262
57 2 0 48 256
57 2 0 49 250
57 2 0 50 244
57 2 0 51 238
57 2 0 52 232
57 2 0 53 226
57 2 0 54 224
57 2 0 55 218
57 2 0 56 216
57 3 0 2 416
57 3 0 3 2272
57 3 0 4 8820
57 3 0 5 10596
57 3 0 6 12272
57 3 0 7 13856
57 3 0 8 15344
57 3 0 9 16740
57 3 0 10 18040
57 3 0 11 19248
57 3 0 12 20360
57 3 0 13 21380
57 3 0 14 22304
57 3 0 15 23136
57 3 0 16 23872
57 3 0 17 24516
57 3 0 18 25064
57 3 0 19 25520
57 3 0 20 25880
57 3 0 21 26148
57 3 0 22 26320
57 3 0 23 26400
57 3 0 24 26384
57 3 0 25 26276
57 3 0 26 26072
57 3 0 27 25776
57 3 0 28 25396
57 3 0 29 24976
57 3 0 30 24516
57 3 0 31 24020
57 3 0 32 23484
57 3 0 33 22912
57 3 0 34 22300
57 3 0 35 21652
57 3 0 36 20964
57 3 0 37 20240
57 3 0 38 19476
57 3 0 39 18676
57 3 0 40 17836
57 3 0 41 16960
57 3 0 42 16044
57 3 0 43 15092
57 3 0 44 14100
57 3 0 45 13072
57 3 0 46 12004
57 3 0 47 10900
57 3 0 48 9756
57 3 0 49 8576
57 3 0 50 7356
57 3 0 51 6096
57 3 0 52 4800
57 3 0 53 3468
57 3 0 54 2480
57 3 0 55 1052
57 3 1 2 4
57 3 1 55 4
57 4 0 2 10808
57 4 0 3 47190
57 4 0 4 151632
57 4 0 5 258899
57 4 0 6 361504
57 4 0 7 464444
57 4 0 8 562064
57 4 0 9 654249
57 4 0 10 740752
57 4 0 11 821482
57 4 0 12 896168
57 4 0 13 964743
57 4 0 14 1026912
57 4 0 15 1082632
57 4 0 16 1131584
57 4 0 17 1173749
57 4 0 18 1208784
57 4 0 19 1236760
57 4 0 20 1257610
57 4 0 21 1271723
57 4 0 22 1279080
57 4 0 23 1280088
57 4 0 24 1274710
57 4 0 25 1263371
57 4 0 26 1246000
57 4 0 27 1222882
57 4 0 28 1194126
57 4 0 29 1161584
57 4 0 30 1125316
57 4 0 31 1085945
57 4 0 32 1043506
57 4 0 33 998640
57 4 0 34 951364
57 4 0 35 902337
57 4 0 36 851558
57 4 0 37 799704
57 4 0 38 746756
57 4 0 39 693409
57 4 0 40 639626
57 4 0 41 586120
57 4 0 42 532836
57 4 0 43 480505
57 4 0 44 429054
57 4 0 45 379232
57 4 0 46 330948
57 4 0 47 284973
57 4 0 48 241194
57 4 0 49 200396
57 4 0 50 162456
57 4 0 51 127747
57 4 0 52 96934
57 4 0 53 70692
57 4 0 54 44074
57 4 0 55 21685
57 4 1 2 212
57 4 1 3 24
57 4 1 4 28
57 4 1 5 28
57 4 1 6 28
57 4 1 7 28
57 4 1 8 28
57 4 1 9 28
57 4 1 10 28
57 4 1 11 28
57 4 1 12 28
57 4 1 13 28
57 4 1 14 28
57 4 1 15 28
57 4 1 16 28
57 4 1 17 28
57 4 1 18 28
57 4 1 19 28
57 4 1 20 28
57 4 1 21 28
57 4 1 22 28
57 4 1 23 28
57 4 1 24 28
57 4 1 25 28
57 4 1 26 28
57 4 1 27 28
57 4 1 28 28
57 4 1 29 28
57 4 1 30 28
57 4 1 31 28
57 4 1 32 28
57 4 1 33 28
57 4 1 34 28
57 4 1 35 28
57 4 1 36 28
57 4 1 37 28
57 4 1 38 28
57 4 1 39 28
57 4 1 40 28
57 4 1 41 28
57 4 1 42 28
57 4 1 43 28
57 4 1 44 28
57 4 1 45 28
57 4 1 46 28
57 4 1 47 28
57 4 1 48 28
57 4 1 49 28
57 4 1 50 28
57 4 1 51 28
57 4 1 52 28
57 4 1 53 24
57 4 1 54 24
57 4 1 55 208
57 5 0 2 19600
57 5 0 3 310846
57 5 0 4 1982618
57 5 0 5 4678678
57 5 0 6 7761834
57 5 0 7 11418862
57 5 0 8 15217510
57 5 0 9 19068930
57 5 0 10 22889594
57 5 0 11 26608762
57 5 0 12 30159406
57 5 0 13 33488254
57 5 0 14 36544770
57 5 0 15 39292834
57 5 0 16 41698862
57 5 0 17 43743714
57 5 0 18 45410426
57 5 0 19 46696902
57 5 0 20 47599858
57 5 0 21 48128398
57 5 0 22 48289942
57 5 0 23 48103630
57 5 0 24 47586962
57 5 0 25 46769994
57 5 0 26 45678866
57 5 0 27 44351474
57 5 0 28 42818984
57 5 0 29 41109428
57 5 0 30 39245996
57 5 0 31 37258416
57 5 0 32 35168932
57 5 0 33 33004656
57 5 0 34 30785736
57 5 0 35 28536604
57 5 0 36 26275388
57 5 0 37 24023764
57 5 0 38 21797904
57 5 0 39 19616676
57 5 0 40 17494348
57 5 0 41 15446916
57 5 0 42 13486816
57 5 0 43 11627100
57 5 0 44 9878440
57 5 0 45 8250888
57 5 0 46 6753404
57 5 0 47 5393444
57 5 0 48 4177824
57 5 0 49 3110384
57 5 0 50 2197356
57 5 0 51 1448088
57 5 0 52 860756
57 5 0 53 437478
57 5 0 54 123028
57 5 1 2 800
57 5 1 3 2468
57 5 1 4 3396
57 5 1 5 3904
57 5 1 6 3924
57 5 1 7 3944
57 5 1 8 3964
57 5 1 9 3984
57 5 1 10 4004
57 5 1 11 4024
57 5 1 12 4044
57 5 1 13 4064
57 5 1 14 4084
57 5 1 15 4104
57 5 1 16 4124
57 5 1 17 4144
57 5 1 18 4164
57 5 1 19 4184
57 5 1 20 4204
57 5 1 21 4224
57 5 1 22 4244
57 5 1 23 4264
57 5 1 24 4284
57 5 1 25 4304
57 5 1 26 4324
57 5 1 27 4324
57 5 1 28 4284
57 5 1 29 4224
57 5 1 30 4164
57 5 1 31 4104
57 5 1 32 4044
57 5 1 33 3984
57 5 1 34 3924
57 5 1 35 3864
57 5 1 36 3804
57 5 1 37 3744
57 5 1 38 3684
57 5 1 39 3624
57 5 1 40 3564
57 5 1 41 3504
57 5 1 42 3444
57 5 1 43 3384
57 5 1 44 3324
57 5 1 45 3264
57 5 1 46 3204
57 5 1 47 3144
57 5 1 48 3084
57 5 1 49 3024
57 5 1 50 2968
57 5 1 51 2912
57 5 1 52 2876
57 5 1 53 2452
57 5 1 54 2436
57 5 2 2 4
57 5 2 3 4
57 5 2 53 4
57 5 2 54 4
57 6 0 2 322624
57 6 0 3 3844436
57 6 0 4 23741546
57 6 0 5 69273388
57 6 0 6 136881708
57 6 0 7 229663222
57 6 0 8 337418488
57 6 0 9 455184436
57 6 0 10 578546742
57 6 0 11 703360338
57 6 0 12 825869620
57 6 0 13 942831806
57 6 0 14 1051423250
57 6 0 15 1149396270
57 6 0 16 1234919970
57 6 0 17 1306733798
57 6 0 18 1363953604
57 6 0 19 1406255512
57 6 0 20 1433615052
57 6 0 21 1446455896
57 6 0 22 1445392228
57 6 0 23 1431370138
57 6 0 24 1405422220
57 6 0 25 1368793806
57 6 0 26 1322716414
57 6 0 27 1268577006
57 6 0 28 1207747230
57 6 0 29 1141584192
57 6 0 30 1071325728
57 6 0 31 998180206
57 6 0 32 923230396
57 6 0 33 847509062
57 6 0 34 771940832
57 6 0 35 697383056
57 6 0 36 624603842
57 6 0 37 554284694
57 6 0 38 487037596
57 6 0 39 423370058
57 6 0 40 363736940
57 6 0 41 308472966
57 6 0 42 257876220
57 6 0 43 212109458
57 6 0 44 171313826
57 6 0 45 135482828
57 6 0 46 104598520
57 6 0 47 78478556
57 6 0 48 56940684
57 6 0 49 39645296
57 6 0 50 26241236
57 6 0 51 16300706
57 6 0 52 9154392
57 6 0 53 4144166
57 6 0 54 1343800
57 6 1 2 20176
57 6 1 3 52232
57 6 1 4 108848
57 6 1 5 170432
57 6 1 6 191544
57 6 1 7 211892
57 6 1 8 230996
57 6 1 9 248892
57 6 1 10 265544
57 6 1 11 280988
57 6 1 12 295188
57 6 1 13 308180
57 6 1 14 319928
57 6 1 15 330468
57 6 1 16 339764
57 6 1 17 347852
57 6 1 18 354696
57 6 1 19 360332
57 6 1 20 364724
57 6 1 21 367908
57 6 1 22 369848
57 6 1 23 370580
57 6 1 24 370068
57 6 1 25 368352
57 6 1 26 365412
57 6 1 27 360764
57 6 1 28 354652
57 6 1 29 348072
57 6 1 30 340976
57 6 1 31 333400
57 6 1 32 325308
57 6 1 33 316736
57 6 1 34 307648
57 6 1 35 298080
57 6 1 36 287996
57 6 1 37 277432
57 6 1 38 266352
57 6 1 39 254792
57 6 1 40 242716
57 6 1 41 230160
57 6 1 42 217088
57 6 1 43 203536
57 6 1 44 189468
57 6 1 45 174920
57 6 1 46 159852
57 6 1 47 144304
57 6 1 48 128236
57 6 1 49 111660
57 6 1 50 94896
57 6 1 51 77732
57 6 1 52 63336
57 6 1 53 50692
57 6 1 54 40408
57 6 2 2 206
57 6 2 3 240
57 6 2 4 48
57 6 2 5 56
57 6 2 6 56
57 6 2 7 56
57 6 2 8 56
57 6 2 9 56
57 6 2 10 56
57 6 2 11 56
57 6 2 12 56
57 6 2 13 56
57 6 2 14 56
57 6 2 15 56
57 6 2 16 56
57 6 2 17 56
57 6 2 18 56
57 6 2 19 56
57 6 2 20 56
57 6 2 21 56
57 6 2 22 56
57 6 2 23 56
57 6 2 24 56
57 6 2 25 56
57 6 2 26 56
57 6 2 27 56
57 6 2 28 56
57 6 2 29 56
57 6 2 30 56
57 6 2 31 56
57 6 2 32 56
57 6 2 33 56
57 6 2 34 56
57 6 2 35 56
57 6 2 36 56
57 6 2 37 56
57 6 2 38 56
57 6 2 39 56
57 6 2 40 56
57 6 2 41 56
57 6 2 42 56
57 6 2 43 56
57 6 2 44 56
57 6 2 45 56
57 6 2 46 56
57 6 2 47 56
57 6 2 48 56
57 6 2 49 56
57 6 2 50 52
57 6 2 51 48
57 6 2 52 52
57 6 2 53 230
57 6 2 54 200
58 0 0 1 1
58 0 0 58 1
58 1 0 2 4
58 1 0 3 4
58 1 0 4 4
58 1 0 5 4
58 1 0 6 4
58 1 0 7 4
58 1 0 8 4
58 1 0 9 4
58 1 0 10 4
58 1 0 11 4
58 1 0 12 4
58 1 0 13 4
58 1 0 14 4
58 1 0 15 4
58 1 0 16 4
58 1 0 17 4
58 1 0 18 4
58 1 0 19 4
58 1 0 20 4
58 1 0 21 4
58 1 0 22 4
58 1 0 23 4
58 1 0 24 4
58 1 0 25 4
58 1 0 26 4
58 1 0 27 4
58 1 0 28 4
58 1 0 29 4
58 1 0 30 4
58 1 0 31 4
58 1 0 32 4
58 1 0 33 4
58 1 0 34 4
58 1 0 35 4
58 1 0 36 4
58 1 0 37 4
58 1 0 38 4
58 1 0 39 4
58 1 0 40 4
58 1 0 41 4
58 1 0 42 4
58 1 0 43 4
58 1 0 44 4
58 1 0 45 4
58 1 0 46 4
58 1 0 47 4
58 1 0 48 4
58 1 0 49 4
58 1 0 50 4
58 1 0 51 4
58 1 0 52 4
58 1 0 53 4
58 1 0 54 4
58 1 0 55 4
58 1 0 56 4
58 1 0 57 4
58 2 0 2 222
58 2 0 3 230
58 2 0 4 336
58 2 0 5 338
58 2 0 6 340
58 2 0 7 342
58 2 0 8 344
58 2 0 9 346
58 2 0 10 348
58 2 0 11 350
58 2 0 12 352
58 2 0 13 354
58 2 0 14 356
58 2 0 15 358
58 2 0 16 360
58 2 0 17 362
58 2 0 18 364
58 2 0 19 366
58 2 0 20 368
58 2 0 21 370
58 2 0 22 372
58 2 0 23 374
58 2 0 24 376
58 2 0 25 378
58 2 0 26 380
58 2 0 27 382
58 2 0 28 384
58 2 0 29 380
58 2 0 30 374
58 2 0 31 368
58 2 0 32 362
58 2 0 33 356
58 2 0 34 350
58 2 0 35 344
58 2 0 36 338
58 2 0 37 332
58 2 0 38 326
58 2 0 39 320
58 2 0 40 314
58 2 0 41 308
58 2 0 42 302
58 2 0 43 296
58 2 0 44 290
58 2 0 45 284
58 2 0 46 278
58 2 0 47 272
58 2 0 48 266
58 2 0 49 260
58 2 0 50 254
58 2 0 51 248
58 2 0 52 242
58 2 0 53 236
58 2 0 54 230
58 2 0 55 228
58 2 0 56 222
58 2 0 57 220
58 3 0 2 424
58 3 0 3 2316
58 3 0 4 9104
58 3 0 5 10916
58 3 0 6 12632
58 3 0 7 14252
58 3 0 8 15780
58 3 0 9 17212
58 3 0 10 18552
58 3 0 11 19796
58 3 0 12 20948
58 3 0 13 22004
58 3 0 14 22968
58 3 0 15 23836
58 3 0 16 24612
58 3 0 17 25292
58 3 0 18 25880
58 3 0 19 26372
58 3 0 20 26772
58 3 0 21 27076
58 3 0 22 27288
58 3 0 23 27404
58 3 0 24 27428
58 3 0 25 27356
58 3 0 26 27192
58 3 0 27 26932
58 3 0 28 26580
58 3 0 29 26164
58 3 0 30 25716
58 3 0 31 25228
58 3 0 32 24704
58 3 0 33 24140
58 3 0 34 23540
58 3 0 35 22900
58 3 0 36 22224
58 3 0 37 21508
58 3 0 38 20756
58 3 0 39 19964
58 3 0 40 19136
58 3 0 41 18268
58 3 0 42 17364
58 3 0 43 16420
58 3 0 44 15440
58 3 0 45 14420
58 3 0 46 13364
58 3 0 47 12268
58 3 0 48 11136
58 3 0 49 9964
58 3 0 50 8756
58 3 0 51 7508
58 3 0 52 6220
58 3 0 53 4896
58 3 0 54 3536
58 3 0 55 2528
58 3 0 56 1072
58 3 1 2 4
58 3 1 56 4
58 4 0 2 11228
58 4 0 3 48951
58 4 0 4 158020
58 4 0 5 269677
58 4 0 6 376617
58 4 0 7 483957
58 4 0 8 585946
58 4 0 9 682349
58 4 0 10 773063
58 4 0 11 857829
58 4 0 12 936568
58 4 0 13 1008997
58 4 0 14 1075061
58 4 0 15 1134453
58 4 0 16 1187142
58 4 0 17 1232797
58 4 0 18 1271411
58 4 0 19 1302651
58 4 0 20 1326758
58 4 0 21 1343717
58 4 0 22 1353927
58 4 0 23 1357359
58 4 0 24 1354430
58 4 0 25 1345093
58 4 0 26 1329779
58 4 0 27 1308301
58 4 0 28 1280976
58 4 0 29 1248858
58 4 0 30 1213095
58 4 0 31 1173696
58 4 0 32 1131294
58 4 0 33 1085914
58 4 0 34 1038207
58 4 0 35 988180
58 4 0 36 936502
58 4 0 37 883162
58 4 0 38 828847
58 4 0 39 773528
58 4 0 40 717910
58 4 0 41 661946
58 4 0 42 606359
58 4 0 43 551084
58 4 0 44 496862
58 4 0 45 443610
58 4 0 46 392087
58 4 0 47 342192
58 4 0 48 294706
58 4 0 49 249506
58 4 0 50 207387
58 4 0 51 168216
58 4 0 52 132366
58 4 0 53 100510
58 4 0 54 73329
58 4 0 55 45770
58 4 0 56 22526
58 4 1 2 216
58 4 1 3 24
58 4 1 4 28
58 4 1 5 28
58 4 1 6 28
58 4 1 7 28
58 4 1 8 28
58 4 1 9 28
58 4 1 10 28
58 4 1 11 28
58 4 1 12 28
58 4 1 13 28
58 4 1 14 28
58 4 1 15 28
58 4 1 16 28
58 4 1 17 28
58 4 1 18 28
58 4 1 19 28
58 4 1 20 28
58 4 1 21 28
58 4 1 22 28
58 4 1 23 28
58 4 1 24 28
58 4 1 25 28
58 4 1 26 28
58 4 1 27 28
58 4 1 28 28
58 4 1 29 28
58 4 1 30 28
58 4 1 31 28
58 4 1 32 28
58 4 1 33 28
58 4 1 34 28
58 4 1 35 28
58 4 1 36 28
58 4 1 37 28
58 4 1 38 28
58 4 1 39 28
58 4 1 40 28
58 4 1 41 28
58 4 1 42 28
58 4 1 43 28
58 4 1 44 28
58 4 1 45 28
58 4 1 46 28
58 4 1 47 28
58 4 1 48 28
58 4 1 49 28
58 4 1 50 28
58 4 1 51 28
58 4 1 52 28
58 4 1 53 28
58 4 1 54 24
58 4 1 55 24
58 4 1 56 212
58 5 0 2 20400
58 5 0 3 323590
58 5 0 4 2089000
58 5 0 5 4935352
58 5 0 6 8190676
58 5 0 7 12058060
58 5 0 8 16082660
58 5 0 9 20169156
58 5 0 10 24235544
58 5 0 11 28203768
58 5 0 12 32009316
58 5 0 13 35590600
58 5 0 14 38900308
58 5 0 15 41893732
58 5 0 16 44540612
58 5 0 17 46812812
58 5 0 18 48697588
58 5 0 19 50183176
58 5 0 20 51271932
58 5 0 21 51964452
58 5 0 22 52273308
58 5 0 23 52209120
58 5 0 24 51795392
58 5 0 25 51052648
58 5 0 26 50014184
58 5 0 27 48709896
58 5 0 28 47179452
58 5 0 29 45449656
58 5 0 30 43548884
58 5 0 31 41501400
58 5 0 32 39337048
58 5 0 33 37077964
58 5 0 34 34751360
58 5 0 35 32377292
58 5 0 36 29980276
58 5 0 37 27578364
58 5 0 38 25193300
58 5 0 39 22841196
58 5 0 40 20540972
58 5 0 41 18306852
58 5 0 42 16154868
58 5 0 43 14097428
58 5 0 44 12147604
58 5 0 45 10316056
58 5 0 46 8612840
58 5 0 47 7046920
58 5 0 48 5625752
58 5 0 49 4356160
58 5 0 50 3241956
58 5 0 51 2289420
58 5 0 52 1508044
58 5 0 53 895920
58 5 0 54 455202
58 5 0 55 127936
58 5 1 2 816
58 5 1 3 2516
58 5 1 4 3464
58 5 1 5 3980
58 5 1 6 4000
58 5 1 7 4020
58 5 1 8 4040
58 5 1 9 4060
58 5 1 10 4080
58 5 1 11 4100
58 5 1 12 4120
58 5 1 13 4140
58 5 1 14 4160
58 5 1 15 4180
58 5 1 16 4200
58 5 1 17 4220
58 5 1 18 4240
58 5 1 19 4260
58 5 1 20 4280
58 5 1 21 4300
58 5 1 22 4320
58 5 1 23 4340
58 5 1 24 4360
58 5 1 25 4380
58 5 1 26 4400
58 5 1 27 4416
58 5 1 28 4396
58 5 1 29 4340
58 5 1 30 4280
58 5 1 31 4220
58 5 1 32 4160
58 5 1 33 4100
58 5 1 34 4040
58 5 1 35 3980
58 5 1 36 3920
58 5 1 37 3860
58 5 1 38 3800
58 5 1 39 3740
58 5 1 40 3680
58 5 1 41 3620
58 5 1 42 3560
58 5 1 43 3500
58 5 1 44 3440
58 5 1 45 3380
58 5 1 46 3320
58 5 1 47 3260
58 5 1 48 3200
58 5 1 49 3140
58 5 1 50 3080
58 5 1 51 3024
58 5 1 52 2968
58 5 1 53 2932
58 5 1 54 2500
58 5 1 55 2484
58 5 2 2 4
58 5 2 3 4
58 5 2 54 4
58 5 2 55 4
58 6 0 2 342608
58 6 0 3 4071176
58 6 0 4 25327536
58 6 0 5 74012730
58 6 0 6 146351308
58 6 0 7 245929544
58 6 0 8 361827562
58 6 0 9 488823174
58 6 0 10 622307194
58 6 0 11 757865128
58 6 0 12 891565818
58 6 0 13 1019884276
58 6 0 14 1139851508
58 6 0 15 1248933354
58 6 0 16 1345192298
58 6 0 17 1427094550
58 6 0 18 1493692554
58 6 0 19 1544406572
58 6 0 20 1579202308
58 6 0 21 1598306422
58 6 0 22 1602369190
58 6 0 23 1592196546
58 6 0 24 1568906406
58 6 0 25 1533662210
58 6 0 26 1487818350
58 6 0 27 1432707334
58 6 0 28 1369824268
58 6 0 29 1300566740
58 6 0 30 1226319588
58 6 0 31 1148336960
58 6 0 32 1067839532
58 6 0 33 985919534
58 6 0 34 903617530
58 6 0 35 821863974
58 6 0 36 741519558
58 6 0 37 663354566
58 6 0 38 588049402
58 6 0 39 516214526
58 6 0 40 448351990
58 6 0 41 384911346
58 6 0 42 326217552
58 6 0 43 272559570
58 6 0 44 224086112
58 6 0 45 180925350
58 6 0 46 143052538
58 6 0 47 110432824
58 6 0 48 82861246
58 6 0 49 60134576
58 6 0 50 41886674
58 6 0 51 27741220
58 6 0 52 17244852
58 6 0 53 9692800
58 6 0 54 4394940
58 6 0 55 1425824
58 6 1 2 20988
58 6 1 3 54100
58 6 1 4 112683
58 6 1 5 176481
58 6 1 6 198103
58 6 1 7 218937
58 6 1 8 238563
58 6 1 9 256945
58 6 1 10 274119
58 6 1 11 290049
58 6 1 12 304771
58 6 1 13 318249
58 6 1 14 330519
58 6 1 15 341545
58 6 1 16 351363
58 6 1 17 359937
58 6 1 18 367303
58 6 1 19 373425
58 6 1 20 378339
58 6 1 21 382009
58 6 1 22 384471
58 6 1 23 385689
58 6 1 24 385699
58 6 1 25 384465
58 6 1 26 382035
58 6 1 27 378255
58 6 1 28 372508
58 6 1 29 366008
58 6 1 30 359038
58 6 1 31 351552
58 6 1 32 343586
58 6 1 33 335104
58 6 1 34 326142
58 6 1 35 316664
58 6 1 36 306706
58 6 1 37 296232
58 6 1 38 285278
58 6 1 39 273808
58 6 1 40 261858
58 6 1 41 249392
58 6 1 42 236446
58 6 1 43 222984
58 6 1 44 209042
58 6 1 45 194584
58 6 1 46 179646
58 6 1 47 164188
58 6 1 48 148250
58 6 1 49 131792
58 6 1 50 114826
58 6 1 51 97680
58 6 1 52 80136
58 6 1 53 65432
58 6 1 54 52524
58 6 1 55 42032
58 6 2 2 210
58 6 2 3 244
58 6 2 4 48
58 6 2 5 56
58 6 2 6 56
58 6 2 7 56
58 6 2 8 56
58 6 2 9 56
58 6 2 10 56
58 6 2 11 56
58 6 2 12 56
58 6 2 13 56
58 6 2 14 56
58 6 2 15 56
58 6 2 16 56
58 6 2 17 56
58 6 2 18 56
58 6 2 19 56
58 6 2 20 56
58 6 2 21 56
58 6 2 22 56
58 6 2 23 56
58 6 2 24 56
58 6 2 25 56
58 6 2 26 56
58 6 2 27 56
58 6 2 28 56
58 6 2 29 56
58 6 2 30 56
58 6 2 31 56
58 6 2 32 56
58 6 2 33 56
58 6 2 34 56
58 6 2 35 56
58 6 2 36 56
58 6 2 37 56
58 6 2 38 56
58 6 2 39 56
58 6 2 40 56
58 6 2 41 56
58 6 2 42 56
58 6 2 43 56
58 6 2 44 56
58 6 2 45 56
58 6 2 46 56
58 6 2 47 56
58 6 2 48 56
58 6 2 49 56
58 6 2 50 56
58 6 2 51 52
58 6 2 52 48
58 6 2 53 52
58 6 2 54 234
58 6 2 55 204
59 0 0 1 1
59 0 0 59 1
59 1 0 2 4
59 1 0 3 4
59 1 0 4 4
59 1 0 5 4
59 1 0 6 4
59 1 0 7 4
59 1 0 8 4
59 1 0 9 4
59 1 0 10 4
59 1 0 11 4
59 1 0 12 4
59 1 0 13 4
59 1 0 14 4
59 1 0 15 4
59 1 0 16 4
59 1 0 17 4
59 1 0 18 4
59 1 0 19 4
59 1 0 20 4
59 1 0 21 4
59 1 0 22 4
59 1 0 23 4
59 1 0 24 4
59 1 0 25 4
59 1 0 26 4
59 1 0 27 4
59 1 0 28 4
59 1 0 29 4
59 1 0 30 4
59 1 0 31 4
59 1 0 32 4
59 1 0 33 4
59 1 0 34 4
59 1 0 35 4
59 1 0 36 4
59 1 0 37 4
59 1 0 38 4
59 1 0 39 4
59 1 0 40 4
59 1 0 41 4
59 1 0 42 4
59 1 0 43 4
59 1 0 44 4
59 1 0 45 4
59 1 0 46 4
59 1 0 47 4
59 1 0 48 4
59 1 0 49 4
59 1 0 50 4
59 1 0 51 4
59 1 0 52 4
59 1 0 53 4
59 1 0 54 4
59 1 0 55 4
59 1 0 56 4
59 1 0 57 4
59 1 0 58 4
59 2 0 2 226
59 2 0 3 234
59 2 0 4 342
59 2 0 5 344
59 2 0 6 346
59 2 0 7 348
59 2 0 8 350
59 2 0 9 352
59 2 0 10 354
59 2 0 11 356
59 2 0 12 358
59 2 0 13 360
59 2 0 14 362
59 2 0 15 364
59 2 0 16 366
59 2 0 17 368
59 2 0 18 370
59 2 0 19 372
59 2 0 20 374
59 2 0 21 376
59 2 0 22 378
59 2 0 23 380
59 2 0 24 382
59 2 0 25 384
59 2 0 26 386
59 2 0 27 388
59 2 0 28 390
59 2 0 29 390
59 2 0 30 384
59 2 0 31 378
59 2 0 32 372
59 2 0 33 366
59 2 0 34 360
59 2 0 35 354
59 2 0 36 348
59 2 0 37 342
59 2 0 38 336
59 2 0 39 330
59 2 0 40 324
59 2 0 41 318
59 2 0 42 312
59 2 0 43 306
59 2 0 44 300
59 2 0 45 294
59 2 0 46 288
59 2 0 47 282
59 2 0 48 276
59 2 0 49 270
59 2 0 50 264
59 2 0 51 258
59 2 0 52 252
59 2 0 53 246
59 2 0 54 240
59 2 0 55 234
59 2 0 56 232
59 2 0 57 226
59 2 0 58 224
59 3 0 2 432
59 3 0 3 2360
59 3 0 4 9380
59 3 0 5 11232
59 3 0 6 12984
59 3 0 7 14644
59 3 0 8 16208
59 3 0 9 17680
59 3 0 10 19056
59 3 0 11 20340
59 3 0 12 21528
59 3 0 13 22624
59 3 0 14 23624
59 3 0 15 24532
59 3 0 16 25344
59 3 0 17 26064
59 3 0 18 26688
59 3 0 19 27220
59 3 0 20 27656
59 3 0 21 28000
59 3 0 22 28248
59 3 0 23 28404
59 3 0 24 28464
59 3 0 25 28432
59 3 0 26 28304
59 3 0 27 28084
59 3 0 28 27768
59 3 0 29 27372
59 3 0 30 26932
59 3 0 31 26456
59 3 0 32 25940
59 3 0 33 25388
59 3 0 34 24796
59 3 0 35 24168
59 3 0 36 23500
59 3 0 37 22796
59 3 0 38 22052
59 3 0 39 21272
59 3 0 40 20452
59 3 0 41 19596
59 3 0 42 18700
59 3 0 43 17768
59 3 0 44 16796
59 3 0 45 15788
59 3 0 46 14740
59 3 0 47 13656
59 3 0 48 12532
59 3 0 49 11372
59 3 0 50 10172
59 3 0 51 8936
59 3 0 52 7660
59 3 0 53 6344
59 3 0 54 4992
59 3 0 55 3604
59 3 0 56 2576
59 3 0 57 1092
59 3 1 2 4
59 3 1 57 4
59 4 0 2 11656
59 4 0 3 50744
59 4 0 4 164542
59 4 0 5 280600
59 4 0 6 391838
59 4 0 7 503717
59 4 0 8 610106
59 4 0 9 710890
59 4 0 10 805822
59 4 0 11 894811
59 4 0 12 977586
59 4 0 13 1054080
59 4 0 14 1123998
59 4 0 15 1187297
59 4 0 16 1243658
59 4 0 17 1293062
59 4 0 18 1335166
59 4 0 19 1369979
59 4 0 20 1397274
59 4 0 21 1417420
59 4 0 22 1430396
59 4 0 23 1436611
59 4 0 24 1436026
59 4 0 25 1429068
59 4 0 26 1415680
59 4 0 27 1396291
59 4 0 28 1370664
59 4 0 29 1339459
59 4 0 30 1304038
59 4 0 31 1265038
59 4 0 32 1222492
59 4 0 33 1177043
59 4 0 34 1128706
59 4 0 35 1078142
59 4 0 36 1025348
59 4 0 37 971003
59 4 0 38 915086
59 4 0 39 858294
59 4 0 40 800588
59 4 0 41 742683
59 4 0 42 684522
59 4 0 43 626838
59 4 0 44 569556
59 4 0 45 513427
59 4 0 46 458358
59 4 0 47 405118
59 4 0 48 353596
59 4 0 49 304583
59 4 0 50 257946
59 4 0 51 214490
59 4 0 52 174072
59 4 0 53 137065
59 4 0 54 104150
59 4 0 55 76014
59 4 0 56 47498
59 4 0 57 23383
59 4 1 2 220
59 4 1 3 24
59 4 1 4 28
59 4 1 5 28
59 4 1 6 28
59 4 1 7 28
59 4 1 8 28
59 4 1 9 28
59 4 1 10 28
59 4 1 11 28
59 4 1 12 28
59 4 1 13 28
59 4 1 14 28
59 4 1 15 28
59 4 1 16 28
59 4 1 17 28
59 4 1 18 28
59 4 1 19 28
59 4 1 20 28
59 4 1 21 28
59 4 1 22 28
59 4 1 23 28
59 4 1 24 28
59 4 1 25 28
59 4 1 26 28
59 4 1 27 28
59 4 1 28 28
59 4 1 29 28
59 4 1 30 28
59 4 1 31 28
59 4 1 32 28
59 4 1 33 28
59 4 1 34 28
59 4 1 35 28
59 4 1 36 28
59 4 1 37 28
59 4 1 38 28
59 4 1 39 28
59 4 1 40 28
59 4 1 41 28
59 4 1 42 28
59 4 1 43 28
59 4 1 44 28
59 4 1 45 28
59 4 1 46 28
59 4 1 47 28
59 4 1 48 28
59 4 1 49 28
59 4 1 50 28
59 4 1 51 28
59 4 1 52 28
59 4 1 53 28
59 4 1 54 28
59 4 1 55 24
59 4 1 56 24
59 4 1 57 216
59 5 0 2 21216
59 5 0 3 336590
59 5 0 4 2199172
59 5 0 5 5201500
59 5 0 6 8633192
59 5 0 7 12718864
59 5 0 8 16974352
59 5 0 9 21305528
59 5 0 10 25623352
59 5 0 11 29852028
59 5 0 12 33918948
59 5 0 13 37765588
59 5 0 14 41336136
59 5 0 15 44589180
59 5 0 16 47485456
59 5 0 17 50001080
59 5 0 18 52113268
59 5 0 19 53815116
59 5 0 20 55100028
59 5 0 21 55973972
59 5 0 22 56440744
59 5 0 23 56517256
59 5 0 24 56217160
59 5 0 25 55567512
59 5 0 26 54592916
59 5 0 27 53328912
59 5 0 28 51807936
59 5 0 29 50070128
59 5 0 30 48137480
59 5 0 31 46041300
59 5 0 32 43805732
59 5 0 33 41460736
59 5 0 34 39028340
59 5 0 35 36535856
59 5 0 36 34003248
59 5 0 37 31455116
59 5 0 38 28909436
59 5 0 39 26388020
59 5 0 40 23906920
59 5 0 41 21485108
59 5 0 42 19136764
59 5 0 43 16877956
59 5 0 44 14721064
59 5 0 45 12679180
59 5 0 46 10762952
59 5 0 47 8982440
59 5 0 48 7346612
59 5 0 49 5862924
59 5 0 50 4538208
59 5 0 51 3376248
59 5 0 52 2383372
59 5 0 53 1569216
59 5 0 54 931788
59 5 0 55 473278
59 5 0 56 132940
59 5 1 2 832
59 5 1 3 2564
59 5 1 4 3528
59 5 1 5 4056
59 5 1 6 4076
59 5 1 7 4096
59 5 1 8 4116
59 5 1 9 4136
59 5 1 10 4156
59 5 1 11 4176
59 5 1 12 4196
59 5 1 13 4216
59 5 1 14 4236
59 5 1 15 4256
59 5 1 16 4276
59 5 1 17 4296
59 5 1 18 4316
59 5 1 19 4336
59 5 1 20 4356
59 5 1 21 4376
59 5 1 22 4396
59 5 1 23 4416
59 5 1 24 4436
59 5 1 25 4456
59 5 1 26 4476
59 5 1 27 4496
59 5 1 28 4496
59 5 1 29 4456
59 5 1 30 4396
59 5 1 31 4336
59 5 1 32 4276
59 5 1 33 4216
59 5 1 34 4156
59 5 1 35 4096
59 5 1 36 4036
59 5 1 37 3976
59 5 1 38 3916
59 5 1 39 3856
59 5 1 40 3796
59 5 1 41 3736
59 5 1 42 3676
59 5 1 43 3616
59 5 1 44 3556
59 5 1 45 3496
59 5 1 46 3436
59 5 1 47 3376
59 5 1 48 3316
59 5 1 49 3256
59 5 1 50 3196
59 5 1 51 3136
59 5 1 52 3080
59 5 1 53 3024
59 5 1 54 2988
59 5 1 55 2548
59 5 1 56 2532
59 5 2 2 4
59 5 2 3 4
59 5 2 55 4
59 5 2 56 4
59 6 0 2 363400
59 6 0 3 4306570
59 6 0 4 26986628
59 6 0 5 78973664
59 6 0 6 156257868
59 6 0 7 262963784
59 6 0 8 387395960
59 6 0 9 524105162
59 6 0 10 668225080
59 6 0 11 815146530
59 6 0 12 960654646
59 6 0 13 1101061266
59 6 0 14 1233103348
59 6 0 15 1354114314
59 6 0 16 1461863052
59 6 0 17 1554732180
59 6 0 18 1631491868
59 6 0 19 1691515968
59 6 0 20 1734527736
59 6 0 21 1760762808
59 6 0 22 1770683352
59 6 0 23 1765157050
59 6 0 24 1745165402
59 6 0 25 1711981198
59 6 0 26 1666888070
59 6 0 27 1611339838
59 6 0 28 1546771100
59 6 0 29 1474762968
59 6 0 30 1396721546
59 6 0 31 1314060800
59 6 0 32 1228047112
59 6 0 33 1139912618
59 6 0 34 1050758240
59 6 0 35 961631494
59 6 0 36 873467892
59 6 0 37 787130620
59 6 0 38 703391370
59 6 0 39 622928598
59 6 0 40 546350472
59 6 0 41 474152738
59 6 0 42 406778872
59 6 0 43 344543218
59 6 0 44 287724848
59 6 0 45 236457582
59 6 0 46 190855850
59 6 0 47 150875808
59 6 0 48 116464928
59 6 0 49 87394784
59 6 0 50 63440404
59 6 0 51 44208268
59 6 0 52 29296124
59 6 0 53 18224342
59 6 0 54 10251800
59 6 0 55 4655626
59 6 0 56 1511120
59 6 1 2 21816
59 6 1 3 56000
59 6 1 4 116592
59 6 1 5 182604
59 6 1 6 204704
59 6 1 7 226060
59 6 1 8 246172
59 6 1 9 265076
59 6 1 10 282736
59 6 1 11 299188
59 6 1 12 314396
59 6 1 13 328396
59 6 1 14 341152
59 6 1 15 352700
59 6 1 16 363004
59 6 1 17 372100
59 6 1 18 379952
59 6 1 19 386596
59 6 1 20 391996
59 6 1 21 396188
59 6 1 22 399136
59 6 1 23 400876
59 6 1 24 401372
59 6 1 25 400660
59 6 1 26 398708
59 6 1 27 395568
59 6 1 28 390652
59 6 1 29 384276
59 6 1 30 377396
59 6 1 31 370036
59 6 1 32 362160
59 6 1 33 353804
59 6 1 34 344932
59 6 1 35 335580
59 6 1 36 325712
59 6 1 37 315364
59 6 1 38 304500
59 6 1 39 293156
59 6 1 40 281296
59 6 1 41 268956
59 6 1 42 256100
59 6 1 43 242764
59 6 1 44 228912
59 6 1 45 214580
59 6 1 46 199732
59 6 1 47 184404
59 6 1 48 168556
59 6 1 49 152228
59 6 1 50 135380
59 6 1 51 118024
59 6 1 52 100496
59 6 1 53 82572
59 6 1 54 67560
59 6 1 55 54388
59 6 1 56 43688
59 6 2 2 214
59 6 2 3 248
59 6 2 4 48
59 6 2 5 56
59 6 2 6 56
59 6 2 7 56
59 6 2 8 56
59 6 2 9 56
59 6 2 10 56
59 6 2 11 56
59 6 2 12 56
59 6 2 13 56
59 6 2 14 56
59 6 2 15 56
59 6 2 16 56
59 6 2 17 56
59 6 2 18 56
59 6 2 19 56
59 6 2 20 56
59 6 2 21 56
59 6 2 22 56
59 6 2 23 56
59 6 2 24 56
59 6 2 25 56
59 6 2 26 56
59 6 2 27 56
59 6 2 28 56
59 6 2 29 56
59 6 2 30 56
59 6 2 31 56
59 6 2 32 56
59 6 2 33 56
59 6 2 34 56
59 6 2 35 56
59 6 2 36 56
59 6 2 37 56
59 6 2 38 56
59 6 2 39 56
59 6 2 40 56
59 6 2 41 56
59 6 2 42 56
59 6 2 43 56
59 6 2 44 56
59 6 2 45 56
59 6 2 46 56
59 6 2 47 56
59 6 2 48 56
59 6 2 49 56
59 6 2 50 56
59 6 2 51 56
59 6 2 52 52
59 6 2 53 48
59 6 2 54 52
59 6 2 55 238
59 6 2 56 208
60 0 0 1 1
60 0 0 60 1
60 1 0 2 4
60 1 0 3 4
60 1 0 4 4
60 1 0 5 4
60 1 0 6 4
60 1 0 7 4
60 1 0 8 4
60 1 0 9 4
60 1 0 10 4
60 1 0 11 4
60 1 0 12 4
60 1 0 13 4
60 1 0 14 4
60 1 0 15 4
60 1 0 16 4
60 1 0 17 4
60 1 0 18 4
60 1 0 19 4
60 1 0 20 4
60 1 0 21 4
60 1 0 22 4
60 1 0 23 4
60 1 0 24 4
60 1 0 25 4
60 1 0 26 4
60 1 0 27 4
60 1 0 28 4
60 1 0 29 4
60 1 0 30 4
60 1 0 31 4
60 1 0 32 4
60 1 0 33 4
60 1 0 34 4
60 1 0 35 4
60 1 0 36 4
60 1 0 37 4
60 1 0 38 4
60 1 0 39 4
60 1 0 40 4
60 1 0 41 4
60 1 0 42 4
60 1 0 43 4
60 1 0 44 4
60 1 0 45 4
60 1 0 46 4
60 1 0 47 4
60 1 0 48 4
60 1 0 49 4
60 1 0 50 4
60 1 0 51 4
60 1 0 52 4
60 1 0 53 4
60 1 0 54 4
60 1 0 55 4
60 1 0 56 4
60 1 0 57 4
60 1 0 58 4
60 1 0 59 4
60 2 0 2 230
60 2 0 3 238
60 2 0 4 348
60 2 0 5 350
60 2 0 6 352
60 2 0 7 354
60 2 0 8 356
60 2 0 9 358
60 2 0 10 360
60 2 0 11 362
60 2 0 12 364
60 2 0 13 366
60 2 0 14 368
60 2 0 15 370
60 2 0 16 372
60 2 0 17 374
60 2 0 18 376
60 2 0 19 378
60 2 0 20 380
60 2 0 21 382
60 2 0 22 384
60 2 0 23 386
60 2 0 24 388
60 2 0 25 390
60 2 0 26 392
60 2 0 27 394
60 2 0 28 396
60 2 0 29 398
60 2 0 30 394
60 2 0 31 388
60 2 0 32 382
60 2 0 33 376
60 2 0 34 370
60 2 0 35 364
60 2 0 36 358
60 2 0 37 352
60 2 0 38 346
60 2 0 39 340
60 2 0 40 334
60 2 0 41 328
60 2 0 42 322
60 2 0 43 316
60 2 0 44 310
60 2 0 45 304
60 2 0 46 298
60 2 0 47 292
60 2 0 48 286
60 2 0 49 280
60 2 0 50 274
60 2 0 51 268
60 2 0 52 262
60 2 0 53 256
60 2 0 54 250
60 2 0 55 244
60 2 0 56 238
60 2 0 57 236
60 2 0 58 230
60 2 0 59 228
60 3 0 2 440
60 3 0 3 2404
60 3 0 4 9672
60 3 0 5 11560
60 3 0 6 13352
60 3 0 7 15048
60 3 0 8 16652
60 3 0 9 18160
60 3 0 10 19576
60 3 0 11 20896
60 3 0 12 22124
60 3 0 13 23256
60 3 0 14 24296
60 3 0 15 25240
60 3 0 16 26092
60 3 0 17 26848
60 3 0 18 27512
60 3 0 19 28080
60 3 0 20 28556
60 3 0 21 28936
60 3 0 22 29224
60 3 0 23 29416
60 3 0 24 29516
60 3 0 25 29520
60 3 0 26 29432
60 3 0 27 29248
60 3 0 28 28972
60 3 0 29 28600
60 3 0 30 28168
60 3 0 31 27700
60 3 0 32 27196
60 3 0 33 26652
60 3 0 34 26072
60 3 0 35 25452
60 3 0 36 24796
60 3 0 37 24100
60 3 0 38 23368
60 3 0 39 22596
60 3 0 40 21788
60 3 0 41 20940
60 3 0 42 20056
60 3 0 43 19132
60 3 0 44 18172
60 3 0 45 17172
60 3 0 46 16136
60 3 0 47 15060
60 3 0 48 13948
60 3 0 49 12796
60 3 0 50 11608
60 3 0 51 10380
60 3 0 52 9116
60 3 0 53 7812
60 3 0 54 6468
60 3 0 55 5088
60 3 0 56 3672
60 3 0 57 2624
60 3 0 58 1112
60 3 1 2 4
60 3 1 58 4
60 4 0 2 12092
60 4 0 3 52569
60 4 0 4 171229
60 4 0 5 291851
60 4 0 6 407598
60 4 0 7 524059
60 4 0 8 634999
60 4 0 9 740183
60 4 0 10 839508
60 4 0 11 932715
60 4 0 12 1019725
60 4 0 13 1100255
60 4 0 14 1174250
60 4 0 15 1241403
60 4 0 16 1301683
60 4 0 17 1354759
60 4 0 18 1400624
60 4 0 19 1438923
60 4 0 20 1469739
60 4 0 21 1492993
60 4 0 22 1509086
60 4 0 23 1517987
60 4 0 24 1520115
60 4 0 25 1515421
60 4 0 26 1504342
60 4 0 27 1486807
60 4 0 28 1463145
60 4 0 29 1433135
60 4 0 30 1398440
60 4 0 31 1359666
60 4 0 32 1317413
60 4 0 33 1271704
60 4 0 34 1223192
60 4 0 35 1171882
60 4 0 36 1118445
60 4 0 37 1062868
60 4 0 38 1005840
60 4 0 39 947330
60 4 0 40 888045
60 4 0 41 827936
60 4 0 42 767728
60 4 0 43 707354
60 4 0 44 647557
60 4 0 45 588252
60 4 0 46 530200
60 4 0 47 473298
60 4 0 48 418325
60 4 0 49 365160
60 4 0 50 314604
60 4 0 51 266514
60 4 0 52 221705
60 4 0 53 180024
60 4 0 54 141844
60 4 0 55 107854
60 4 0 56 78747
60 4 0 57 49258
60 4 0 58 24256
60 4 1 2 224
60 4 1 3 24
60 4 1 4 28
60 4 1 5 28
60 4 1 6 28
60 4 1 7 28
60 4 1 8 28
60 4 1 9 28
60 4 1 10 28
60 4 1 11 28
60 4 1 12 28
60 4 1 13 28
60 4 1 14 28
60 4 1 15 28
60 4 1 16 28
60 4 1 17 28
60 4 1 18 28
60 4 1 19 28
60 4 1 20 28
60 4 1 21 28
60 4 1 22 28
60 4 1 23 28
60 4 1 24 28
60 4 1 25 28
60 4 1 26 28
60 4 1 27 28
60 4 1 28 28
60 4 1 29 28
60 4 1 30 28
60 4 1 31 28
60 4 1 32 28
60 4 1 33 28
60 4 1 34 28
60 4 1 35 28
60 4 1 36 28
60 4 1 37 28
60 4 1 38 28
60 4 1 39 28
60 4 1 40 28
60 4 1 41 28
60 4 1 42 28
60 4 1 43 28
60 4 1 44 28
60 4 1 45 28
60 4 1 46 28
60 4 1 47 28
60 4 1 48 28
60 4 1 49 28
60 4 1 50 28
60 4 1 51 28
60 4 1 52 28
60 4 1 53 28
60 4 1 54 28
60 4 1 55 28
60 4 1 56 24
60 4 1 57 24
60 4 1 58 220
60 5 0 2 22048
60 5 0 3 349846
60 5 0 4 2312864
60 5 0 5 5476140
60 5 0 6 9091788
60 5 0 7 13402608
60 5 0 8 17899940
60 5 0 9 22482932
60 5 0 10 27064472
60 5 0 11 31560976
60 5 0 12 35902664
60 5 0 13 40022652
60 5 0 14 43868356
60 5 0 15 47389404
60 5 0 16 50550740
60 5 0 17 53318460
60 5 0 18 55674576
60 5 0 19 57602292
60 5 0 20 59100032
60 5 0 21 60164772
60 5 0 22 60806800
60 5 0 23 61032952
60 5 0 24 60863712
60 5 0 25 60316764
60 5 0 26 59422516
60 5 0 27 58208448
60 5 0 28 56714196
60 5 0 29 54973560
60 5 0 30 53022312
60 5 0 31 50882456
60 5 0 32 48586676
60 5 0 33 46158992
60 5 0 34 43629480
60 5 0 35 41020060
60 5 0 36 38358144
60 5 0 37 35663604
60 5 0 38 32961124
60 5 0 39 30268604
60 5 0 40 27607924
60 5 0 41 24995076
60 5 0 42 22449084
60 5 0 43 19984084
60 5 0 44 17616180
60 5 0 45 15357724
60 5 0 46 13221828
60 5 0 47 11219128
60 5 0 48 9359688
60 5 0 49 7652480
60 5 0 50 6104960
60 5 0 51 4723968
60 5 0 52 3513260
60 5 0 53 2479212
60 5 0 54 1631604
60 5 0 55 968360
60 5 0 56 491706
60 5 0 57 138040
60 5 1 2 848
60 5 1 3 2612
60 5 1 4 3596
60 5 1 5 4132
60 5 1 6 4152
60 5 1 7 4172
60 5 1 8 4192
60 5 1 9 4212
60 5 1 10 4232
60 5 1 11 4252
60 5 1 12 4272
60 5 1 13 4292
60 5 1 14 4312
60 5 1 15 4332
60 5 1 16 4352
60 5 1 17 4372
60 5 1 18 4392
60 5 1 19 4412
60 5 1 20 4432
60 5 1 21 4452
60 5 1 22 4472
60 5 1 23 4492
60 5 1 24 4512
60 5 1 25 4532
60 5 1 26 4552
60 5 1 27 4572
60 5 1 28 4588
60 5 1 29 4568
60 5 1 30 4512
60 5 1 31 4452
60 5 1 32 4392
60 5 1 33 4332
60 5 1 34 4272
60 5 1 35 4212
60 5 1 36 4152
60 5 1 37 4092
60 5 1 38 4032
60 5 1 39 3972
60 5 1 40 3912
60 5 1 41 3852
60 5 1 42 3792
60 5 1 43 3732
60 5 1 44 3672
60 5 1 45 3612
60 5 1 46 3552
60 5 1 47 3492
60 5 1 48 3432
60 5 1 49 3372
60 5 1 50 3312
60 5 1 51 3252
60 5 1 52 3192
60 5 1 53 3136
60 5 1 54 3080
60 5 1 55 3044
60 5 1 56 2596
60 5 1 57 2580
60 5 2 2 4
60 5 2 3 4
60 5 2 56 4
60 5 2 57 4
60 6 0 2 385016
60 6 0 3 4550778
60 6 0 4 28721222
60 6 0 5 84164424
60 6 0 6 166628890
60 6 0 7 280810784
60 6 0 8 414214740
60 6 0 9 561119498
60 6 0 10 716457830
60 6 0 11 875336636
60 6 0 12 1033358680
60 6 0 13 1186539542
60 6 0 14 1331464856
60 6 0 15 1465160140
60 6 0 16 1585284060
60 6 0 17 1689916486
60 6 0 18 1777763534
60 6 0 19 1847913406
60 6 0 20 1900064916
60 6 0 21 1934220254
60 6 0 22 1950877260
60 6 0 23 1950718084
60 6 0 24 1934810192
60 6 0 25 1904302526
60 6 0 26 1860604936
60 6 0 27 1805106702
60 6 0 28 1739369914
60 6 0 29 1664937318
60 6 0 30 1583415772
60 6 0 31 1496235840
60 6 0 32 1404830292
60 6 0 33 1310476984
60 6 0 34 1214418664
60 6 0 35 1117764178
60 6 0 36 1021567146
60 6 0 37 926767370
60 6 0 38 834229682
60 6 0 39 744726414
60 6 0 40 658933226
60 6 0 41 577455226
60 6 0 42 500781006
60 6 0 43 429347198
60 6 0 44 363456684
60 6 0 45 303377878
60 6 0 46 249228860
60 6 0 47 201109550
60 6 0 48 158956158
60 6 0 49 122697712
60 6 0 50 92081474
60 6 0 51 66859960
60 6 0 52 46611422
60 6 0 53 30906908
60 6 0 54 19239816
60 6 0 55 10831776
60 6 0 56 4926416
60 6 0 57 1599752
60 6 1 2 22660
60 6 1 3 57932
60 6 1 4 120555
60 6 1 5 188853
60 6 1 6 211463
60 6 1 7 233305
60 6 1 8 253939
60 6 1 9 273329
60 6 1 10 291511
60 6 1 11 308449
60 6 1 12 324179
60 6 1 13 338665
60 6 1 14 351943
60 6 1 15 363977
60 6 1 16 374803
60 6 1 17 384385
60 6 1 18 392759
60 6 1 19 399889
60 6 1 20 405811
60 6 1 21 410489
60 6 1 22 413959
60 6 1 23 416185
60 6 1 24 417203
60 6 1 25 416977
60 6 1 26 415543
60 6 1 27 412877
60 6 1 28 408889
60 6 1 29 402850
60 6 1 30 396086
60 6 1 31 388816
60 6 1 32 381066
60 6 1 33 372800
60 6 1 34 364054
60 6 1 35 354792
60 6 1 36 345050
60 6 1 37 334792
60 6 1 38 324054
60 6 1 39 312800
60 6 1 40 301066
60 6 1 41 288816
60 6 1 42 276086
60 6 1 43 262840
60 6 1 44 249114
60 6 1 45 234872
60 6 1 46 220150
60 6 1 47 204912
60 6 1 48 189194
60 6 1 49 172956
60 6 1 50 156238
60 6 1 51 139000
60 6 1 52 121254
60 6 1 53 103344
60 6 1 54 85040
60 6 1 55 69720
60 6 1 56 56284
60 6 1 57 45376
60 6 2 2 218
60 6 2 3 252
60 6 2 4 48
60 6 2 5 56
60 6 2 6 56
60 6 2 7 56
60 6 2 8 56
60 6 2 9 56
60 6 2 10 56
60 6 2 11 56
60 6 2 12 56
60 6 2 13 56
60 6 2 14 56
60 6 2 15 56
60 6 2 16 56
60 6 2 17 56
60 6 2 18 56
60 6 2 19 56
60 6 2 20 56
60 6 2 21 56
60 6 2 22 56
60 6 2 23 56
60 6 2 24 56
60 6 2 25 56
60 6 2 26 56
60 6 2 27 56
60 6 2 28 56
60 6 2 29 56
60 6 2 30 56
60 6 2 31 56
60 6 2 32 56
60 6 2 33 56
60 6 2 34 56
60 6 2 35 56
60 6 2 36 56
60 6 2 37 56
60 6 2 38 56
60 6 2 39 56
60 6 2 40 56
60 6 2 41 56
60 6 2 42 56
60 6 2 43 56
60 6 2 44 56
60 6 2 45 56
60 6 2 46 56
60 6 2 47 56
60 6 2 48 56
60 6 2 49 56
60 6 2 50 56
60 6 2 51 56
60 6 2 52 56
60 6 2 53 52
60 6 2 54 48
60 6 2 55 52
60 6 2 56 242
60 6 2 57 212
61 0 0 1 1
61 0 0 61 1
61 1 0 2 4
61 1 0 3 4
61 1 0 4 4
61 1 0 5 4
61 1 0 6 4
61 1 0 7 4
61 1 0 8 4
61 1 0 9 4
61 1 0 10 4
61 1 0 11 4
61 1 0 12 4
61 1 0 13 4
61 1 0 14 4
61 1 0 15 4
61 1 0 16 4
61 1 0 17 4
61 1 0 18 4
61 1 0 19 4
61 1 0 20 4
61 1 0 21 4
61 1 0 22 4
61 1 0 23 4
61 1 0 24 4
61 1 0 25 4
61 1 0 26 4
61 1 0 27 4
61 1 0 28 4
61 1 0 29 4
61 1 0 30 4
61 1 0 31 4
61 1 0 32 4
61 1 0 33 4
61 1 0 34 4
61 1 0 35 4
61 1 0 36 4
61 1 0 37 4
61 1 0 38 4
61 1 0 39 4
61 1 0 40 4
61 1 0 41 4
61 1 0 42 4
61 1 0 43 4
61 1 0 44 4
61 1 0 45 4
61 1 0 46 4
61 1 0 47 4
61 1 0 48 4
61 1 0 49 4
61 1 0 50 4
61 1 0 51 4
61 1 0 52 4
61 1 0 53 4
61 1 0 54 4
61 1 0 55 4
61 1 0 56 4
61 1 0 57 4
61 1 0 58 4
61 1 0 59 4
61 1 0 60 4
61 2 0 2 234
61 2 0 3 242
61 2 0 4 354
61 2 0 5 356
61 2 0 6 358
61 2 0 7 360
61 2 0 8 362
61 2 0 9 364
61 2 0 10 366
61 2 0 11 368
61 2 0 12 370
61 2 0 13 372
61 2 0 14 374
61 2 0 15 376
61 2 0 16 378
61 2 0 17 380
61 2 0 18 382
61 2 0 19 384
61 2 0 20 386
61 2 0 21 388
61 2 0 22 390
61 2 0 23 392
61 2 0 24 394
61 2 0 25 396
61 2 0 26 398
61 2 0 27 400
61 2 0 28 402
61 2 0 29 404
61 2 0 30 404
61 2 0 31 398
61 2 0 32 392
61 2 0 33 386
61 2 0 34 380
61 2 0 35 374
61 2 0 36 368
61 2 0 37 362
61 2 0 38 356
61 2 0 39 350
61 2 0 40 344
61 2 0 41 338
61 2 0 42 332
61 2 0 43 326
61 2 0 44 320
61 2 0 45 314
61 2 0 46 308
61 2 0 47 302
61 2 0 48 296
61 2 0 49 290
61 2 0 50 284
61 2 0 51 278
61 2 0 52 272
61 2 0 53 266
61 2 0 54 260
61 2 0 55 254
61 2 0 56 248
61 2 0 57 242
61 2 0 58 240
61 2 0 59 234
61 2 0 60 232
61 3 0 2 448
61 3 0 3 2448
61 3 0 4 9956
61 3 0 5 11884
61 3 0 6 13712
61 3 0 7 15448
61 3 0 8 17088
61 3 0 9 18636
61 3 0 10 20088
61 3 0 11 21448
61 3 0 12 22712
61 3 0 13 23884
61 3 0 14 24960
61 3 0 15 25944
61 3 0 16 26832
61 3 0 17 27628
61 3 0 18 28328
61 3 0 19 28936
61 3 0 20 29448
61 3 0 21 29868
61 3 0 22 30192
61 3 0 23 30424
61 3 0 24 30560
61 3 0 25 30604
61 3 0 26 30552
61 3 0 27 30408
61 3 0 28 30168
61 3 0 29 29836
61 3 0 30 29420
61 3 0 31 28964
61 3 0 32 28468
61 3 0 33 27936
61 3 0 34 27364
61 3 0 35 26756
61 3 0 36 26108
61 3 0 37 25424
61 3 0 38 24700
61 3 0 39 23940
61 3 0 40 23140
61 3 0 41 22304
61 3 0 42 21428
61 3 0 43 20516
61 3 0 44 19564
61 3 0 45 18576
61 3 0 46 17548
61 3 0 47 16484
61 3 0 48 15380
61 3 0 49 14240
61 3 0 50 13060
61 3 0 51 11844
61 3 0 52 10588
61 3 0 53 9296
61 3 0 54 7964
61 3 0 55 6592
61 3 0 56 5184
61 3 0 57 3740
61 3 0 58 2672
61 3 0 59 1132
61 3 1 2 4
61 3 1 59 4
61 4 0 2 12536
61 4 0 3 54426
61 4 0 4 178050
61 4 0 5 303243
61 4 0 6 423458
61 4 0 7 544640
61 4 0 8 660162
61 4 0 9 769909
61 4 0 10 873634
61 4 0 11 971246
61 4 0 12 1062474
61 4 0 13 1147251
61 4 0 14 1225282
61 4 0 15 1296524
61 4 0 16 1360658
61 4 0 17 1417665
61 4 0 18 1467202
61 4 0 19 1509274
61 4 0 20 1543536
61 4 0 21 1570241
61 4 0 22 1589362
61 4 0 23 1601310
61 4 0 24 1606044
61 4 0 25 1603993
61 4 0 26 1595098
61 4 0 27 1579806
61 4 0 28 1558024
61 4 0 29 1530051
61 4 0 30 1496004
61 4 0 31 1457885
61 4 0 32 1415742
61 4 0 33 1370220
61 4 0 34 1321332
61 4 0 35 1269741
61 4 0 36 1215442
61 4 0 37 1159116
61 4 0 38 1100740
61 4 0 39 1041013
61 4 0 40 979894
61 4 0 41 918100
61 4 0 42 855572
61 4 0 43 793045
61 4 0 44 730442
61 4 0 45 668516
61 4 0 46 607172
61 4 0 47 547181
61 4 0 48 488430
61 4 0 49 431708
61 4 0 50 376884
61 4 0 51 324769
61 4 0 52 275210
61 4 0 53 229032
61 4 0 54 186072
61 4 0 55 146703
61 4 0 56 111622
61 4 0 57 81528
61 4 0 58 51050
61 4 0 59 25145
61 4 1 2 228
61 4 1 3 24
61 4 1 4 28
61 4 1 5 28
61 4 1 6 28
61 4 1 7 28
61 4 1 8 28
61 4 1 9 28
61 4 1 10 28
61 4 1 11 28
61 4 1 12 28
61 4 1 13 28
61 4 1 14 28
61 4 1 15 28
61 4 1 16 28
61 4 1 17 28
61 4 1 18 28
61 4 1 19 28
61 4 1 20 28
61 4 1 21 28
61 4 1 22 28
61 4 1 23 28
61 4 1 24 28
61 4 1 25 28
61 4 1 26 28
61 4 1 27 28
61 4 1 28 28
61 4 1 29 28
61 4 1 30 28
61 4 1 31 28
61 4 1 32 28
61 4 1 33 28
61 4 1 34 28
61 4 1 35 28
61 4 1 36 28
61 4 1 37 28
61 4 1 38 28
61 4 1 39 28
61 4 1 40 28
61 4 1 41 28
61 4 1 42 28
61 4 1 43 28
61 4 1 44 28
61 4 1 45 28
61 4 1 46 28
61 4 1 47 28
61 4 1 48 28
61 4 1 49 28
61 4 1 50 28
61 4 1 51 28
61 4 1 52 28
61 4 1 53 28
61 4 1 54 28
61 4 1 55 28
61 4 1 56 28
61 4 1 57 24
61 4 1 58 24
61 4 1 59 224
61 5 0 2 22896
61 5 0 3 363358
61 5 0 4 2430470
61 5 0 5 5760570
61 5 0 6 9564458
61 5 0 7 14108606
61 5 0 8 18852730
61 5 0 9 23697518
61 5 0 10 28548430
61 5 0 11 33324398
61 5 0 12 37947510
61 5 0 13 42353966
61 5 0 14 46482318
61 5 0 15 50286318
61 5 0 16 53720962
61 5 0 17 56757118
61 5 0 18 59366818
61 5 0 19 61537862
61 5 0 20 63258722
61 5 0 21 64532938
61 5 0 22 65360546
61 5 0 23 65755438
61 5 0 24 65728426
61 5 0 25 65303386
61 5 0 26 64501174
61 5 0 27 63356666
61 5 0 28 61899174
61 5 0 29 60171154
61 5 0 30 58206440
61 5 0 31 56036000
61 5 0 32 53684584
61 5 0 33 51185012
61 5 0 34 48561180
61 5 0 35 45843280
61 5 0 36 43053124
61 5 0 37 40218224
61 5 0 38 37358360
61 5 0 39 34498300
61 5 0 40 31655868
61 5 0 41 28853012
61 5 0 42 26105664
61 5 0 43 23432900
61 5 0 44 20848812
61 5 0 45 18369540
61 5 0 46 16007408
61 5 0 47 13775548
61 5 0 48 11684584
61 5 0 49 9744584
61 5 0 50 7964524
61 5 0 51 6351860
61 5 0 52 4913440
61 5 0 53 3652992
61 5 0 54 2576940
61 5 0 55 1695208
61 5 0 56 1005636
61 5 0 57 510486
61 5 0 58 143236
61 5 1 2 864
61 5 1 3 2660
61 5 1 4 3660
61 5 1 5 4208
61 5 1 6 4228
61 5 1 7 4248
61 5 1 8 4268
61 5 1 9 4288
61 5 1 10 4308
61 5 1 11 4328
61 5 1 12 4348
61 5 1 13 4368
61 5 1 14 4388
61 5 1 15 4408
61 5 1 16 4428
61 5 1 17 4448
61 5 1 18 4468
61 5 1 19 4488
61 5 1 20 4508
61 5 1 21 4528
61 5 1 22 4548
61 5 1 23 4568
61 5 1 24 4588
61 5 1 25 4608
61 5 1 26 4628
61 5 1 27 4648
61 5 1 28 4668
61 5 1 29 4668
61 5 1 30 4628
61 5 1 31 4568
61 5 1 32 4508
61 5 1 33 4448
61 5 1 34 4388
61 5 1 35 4328
61 5 1 36 4268
61 5 1 37 4208
61 5 1 38 4148
61 5 1 39 4088
61 5 1 40 4028
61 5 1 41 3968
61 5 1 42 3908
61 5 1 43 3848
61 5 1 44 3788
61 5 1 45 3728
61 5 1 46 3668
61 5 1 47 3608
61 5 1 48 3548
61 5 1 49 3488
61 5 1 50 3428
61 5 1 51 3368
61 5 1 52 3308
61 5 1 53 3248
61 5 1 54 3192
61 5 1 55 3136
61 5 1 56 3100
61 5 1 57 2644
61 5 1 58 2628
61 5 2 2 4
61 5 2 3 4
61 5 2 57 4
61 5 2 58 4
61 6 0 2 407472
61 6 0 3 4803960
61 6 0 4 30532914
61 6 0 5 89588870
61 6 0 6 177459158
61 6 0 7 299465724
61 6 0 8 442252548
61 6 0 9 599863002
61 6 0 10 766960652
61 6 0 11 938449780
61 6 0 12 1109636408
61 6 0 13 1276366248
61 6 0 14 1434912886
61 6 0 15 1582168204
61 6 0 16 1715469552
61 6 0 17 1832807952
61 6 0 18 1932584148
61 6 0 19 2013835508
61 6 0 20 2075975360
61 6 0 21 2119015300
61 6 0 22 2143219866
61 6 0 23 2149332032
61 6 0 24 2138245618
61 6 0 25 2111211214
61 6 0 26 2069527876
61 6 0 27 2014732596
61 6 0 28 1948310586
61 6 0 29 1871933320
61 6 0 30 1787227984
61 6 0 31 1695808672
61 6 0 32 1599133814
61 6 0 33 1498650528
61 6 0 34 1395647376
61 6 0 35 1291376870
61 6 0 36 1186955012
61 6 0 37 1083440678
61 6 0 38 981777192
61 6 0 39 882830184
61 6 0 40 787371858
61 6 0 41 696074230
61 6 0 42 609538580
61 6 0 43 528245498
61 6 0 44 452624004
61 6 0 45 382964670
61 6 0 46 319524484
61 6 0 47 262404938
61 6 0 48 211690674
61 6 0 49 167297108
61 6 0 50 129134056
61 6 0 51 96923620
61 6 0 52 70395036
61 6 0 53 49097480
61 6 0 54 32574532
61 6 0 55 20291914
61 6 0 56 11433112
61 6 0 57 5207502
61 6 0 58 1691784
61 6 1 2 23520
61 6 1 3 59896
61 6 1 4 124592
61 6 1 5 195176
61 6 1 6 218264
61 6 1 7 240628
61 6 1 8 261748
61 6 1 9 281660
61 6 1 10 300328
61 6 1 11 317788
61 6 1 12 334004
61 6 1 13 349012
61 6 1 14 362776
61 6 1 15 375332
61 6 1 16 386644
61 6 1 17 396748
61 6 1 18 405608
61 6 1 19 413260
61 6 1 20 419668
61 6 1 21 424868
61 6 1 22 428824
61 6 1 23 431572
61 6 1 24 433076
61 6 1 25 433372
61 6 1 26 432424
61 6 1 27 430272
61 6 1 28 426896
61 6 1 29 421748
61 6 1 30 415072
61 6 1 31 407928
61 6 1 32 400268
61 6 1 33 392128
61 6 1 34 383472
61 6 1 35 374336
61 6 1 36 364684
61 6 1 37 354552
61 6 1 38 343904
61 6 1 39 332776
61 6 1 40 321132
61 6 1 41 309008
61 6 1 42 296368
61 6 1 43 283248
61 6 1 44 269612
61 6 1 45 255496
61 6 1 46 240864
61 6 1 47 225752
61 6 1 48 210124
61 6 1 49 194016
61 6 1 50 177388
61 6 1 51 160280
61 6 1 52 142652
61 6 1 53 124516
61 6 1 54 106224
61 6 1 55 87540
61 6 1 56 71912
61 6 1 57 58212
61 6 1 58 47096
61 6 2 2 222
61 6 2 3 256
61 6 2 4 48
61 6 2 5 56
61 6 2 6 56
61 6 2 7 56
61 6 2 8 56
61 6 2 9 56
61 6 2 10 56
61 6 2 11 56
61 6 2 12 56
61 6 2 13 56
61 6 2 14 56
61 6 2 15 56
61 6 2 16 56
61 6 2 17 56
61 6 2 18 56
61 6 2 19 56
61 6 2 20 56
61 6 2 21 56
61 6 2 22 56
61 6 2 23 56
61 6 2 24 56
61 6 2 25 56
61 6 2 26 56
61 6 2 27 56
61 6 2 28 56
61 6 2 29 56
61 6 2 30 56
61 6 2 31 56
61 6 2 32 56
61 6 2 33 56
61 6 2 34 56
61 6 2 35 56
61 6 2 36 56
61 6 2 37 56
61 6 2 38 56
61 6 2 39 56
61 6 2 40 56
61 6 2 41 56
61 6 2 42 56
61 6 2 43 56
61 6 2 44 56
61 6 2 45 56
61 6 2 46 56
61 6 2 47 56
61 6 2 48 56
61 6 2 49 56
61 6 2 50 56
61 6 2 51 56
61 6 2 52 56
61 6 2 53 56
61 6 2 54 52
61 6 2 55 48
61 6 2 56 52
61 6 2 57 246
61 6 2 58 216
62 0 0 1 1
62 0 0 62 1
62 1 0 2 4
62 1 0 3 4
62 1 0 4 4
62 1 0 5 4
62 1 0 6 4
62 1 0 7 4
62 1 0 8 4
62 1 0 9 4
62 1 0 10 4
62 1 0 11 4
62 1 0 12 4
62 1 0 13 4
62 1 0 14 4
62 1 0 15 4
62 1 0 16 4
62 1 0 17 4
62 1 0 18 4
62 1 0 19 4
62 1 0 20 4
62 1 0 21 4
62 1 0 22 4
62 1 0 23 4
62 1 0 24 4
62 1 0 25 4
62 1 0 26 4
62 1 0 27 4
62 1 0 28 4
62 1 0 29 4
62 1 0 30 4
62 1 0 31 4
62 1 0 32 4
62 1 0 33 4
62 1 0 34 4
62 1 0 35 4
62 1 0 36 4
62 1 0 37 4
62 1 0 38 4
62 1 0 39 4
62 1 0 40 4
62 1 0 41 4
62 1 0 42 4
62 1 0 43 4
62 1 0 44 4
62 1 0 45 4
62 1 0 46 4
62 1 0 47 4
62 1 0 48 4
62 1 0 49 4
62 1 0 50 4
62 1 0 51 4
62 1 0 52 4
62 1 0 53 4
62 1 0 54 4
62 1 0 55 4
62 1 0 56 4
62 1 0 57 4
62 1 0 58 4
62 1 0 59 4
62 1 0 60 4
62 1 0 61 4
62 2 0 2 238
62 2 0 3 246
62 2 0 4 360
62 2 0 5 362
62 2 0 6 364
62 2 0 7 366
62 2 0 8 368
62 2 0 9 370
62 2 0 10 372
62 2 0 11 374
62 2 0 12 376
62 2 0 13 378
62 2 0 14 380
62 2 0 15 382
62 2 0 16 384
62 2 0 17 386
62 2 0 18 388
62 2 0 19 390
62 2 0 20 392
62 2 0 21 394
62 2 0 22 396
62 2 0 23 398
62 2 0 24 400
62 2 0 25 402
62 2 0 26 404
62 2 0 27 406
62 2 0 28 408
62 2 0 29 410
62 2 0 30 412
62 2 0 31 408
62 2 0 32 402
62 2 0 33 396
62 2 0 34 390
62 2 0 35 384
62 2 0 36 378
62 2 0 37 372
62 2 0 38 366
62 2 0 39 360
62 2 0 40 354
62 2 0 41 348
62 2 0 42 342
62 2 0 43 336
62 2 0 44 330
62 2 0 45 324
62 2 0 46 318
62 2 0 47 312
62 2 0 48 306
62 2 0 49 300
62 2 0 50 294
62 2 0 51 288
62 2 0 52 282
62 2 0 53 276
62 2 0 54 270
62 2 0 55 264
62 2 0 56 258
62 2 0 57 252
62 2 0 58 246
62 2 0 59 244
62 2 0 60 238
62 2 0 61 236
62 3 0 2 456
62 3 0 3 2492
62 3 0 4 10256
62 3 0 5 12220
62 3 0 6 14088
62 3 0 7 15860
62 3 0 8 17540
62 3 0 9 19124
62 3 0 10 20616
62 3 0 11 22012
62 3 0 12 23316
62 3 0 13 24524
62 3 0 14 25640
62 3 0 15 26660
62 3 0 16 27588
62 3 0 17 28420
62 3 0 18 29160
62 3 0 19 29804
62 3 0 20 30356
62 3 0 21 30812
62 3 0 22 31176
62 3 0 23 31444
62 3 0 24 31620
62 3 0 25 31700
62 3 0 26 31688
62 3 0 27 31580
62 3 0 28 31380
62 3 0 29 31084
62 3 0 30 30696
62 3 0 31 30244
62 3 0 32 29760
62 3 0 33 29236
62 3 0 34 28676
62 3 0 35 28076
62 3 0 36 27440
62 3 0 37 26764
62 3 0 38 26052
62 3 0 39 25300
62 3 0 40 24512
62 3 0 41 23684
62 3 0 42 22820
62 3 0 43 21916
62 3 0 44 20976
62 3 0 45 19996
62 3 0 46 18980
62 3 0 47 17924
62 3 0 48 16832
62 3 0 49 15700
62 3 0 50 14532
62 3 0 51 13324
62 3 0 52 12080
62 3 0 53 10796
62 3 0 54 9476
62 3 0 55 8116
62 3 0 56 6716
62 3 0 57 5280
62 3 0 58 3808
62 3 0 59 2720
62 3 0 60 1152
62 3 1 2 4
62 3 1 60 4
62 4 0 2 12988
62 4 0 3 56315
62 4 0 4 185040
62 4 0 5 314971
62 4 0 6 439869
62 4 0 7 565815
62 4 0 8 686070
62 4 0 9 800399
62 4 0 10 908699
62 4 0 11 1010711
62 4 0 12 1106356
62 4 0 13 1195351
62 4 0 14 1277641
62 4 0 15 1352919
62 4 0 16 1421154
62 4 0 17 1482015
62 4 0 18 1535495
62 4 0 19 1581239
62 4 0 20 1619268
62 4 0 21 1649343
62 4 0 22 1671845
62 4 0 23 1686741
62 4 0 24 1694452
62 4 0 25 1694927
62 4 0 26 1688605
62 4 0 27 1675417
62 4 0 28 1655816
62 4 0 29 1629585
62 4 0 30 1597063
62 4 0 31 1559388
62 4 0 32 1517794
62 4 0 33 1472266
62 4 0 34 1423459
62 4 0 35 1371376
62 4 0 36 1316690
62 4 0 37 1259386
62 4 0 38 1200155
62 4 0 39 1138964
62 4 0 40 1076522
62 4 0 41 1012778
62 4 0 42 948459
62 4 0 43 883496
62 4 0 44 818634
62 4 0 45 753786
62 4 0 46 689715
62 4 0 47 626316
62 4 0 48 564370
62 4 0 49 503754
62 4 0 50 445267
62 4 0 51 388768
62 4 0 52 335078
62 4 0 53 284034
62 4 0 54 236471
62 4 0 55 192216
62 4 0 56 151642
62 4 0 57 115454
62 4 0 58 84357
62 4 0 59 52874
62 4 0 60 26050
62 4 1 2 232
62 4 1 3 24
62 4 1 4 28
62 4 1 5 28
62 4 1 6 28
62 4 1 7 28
62 4 1 8 28
62 4 1 9 28
62 4 1 10 28
62 4 1 11 28
62 4 1 12 28
62 4 1 13 28
62 4 1 14 28
62 4 1 15 28
62 4 1 16 28
62 4 1 17 28
62 4 1 18 28
62 4 1 19 28
62 4 1 20 28
62 4 1 21 28
62 4 1 22 28
62 4 1 23 28
62 4 1 24 28
62 4 1 25 28
62 4 1 26 28
62 4 1 27 28
62 4 1 28 28
62 4 1 29 28
62 4 1 30 28
62 4 1 31 28
62 4 1 32 28
62 4 1 33 28
62 4 1 34 28
62 4 1 35 28
62 4 1 36 28
62 4 1 37 28
62 4 1 38 28
62 4 1 39 28
62 4 1 40 28
62 4 1 41 28
62 4 1 42 28
62 4 1 43 28
62 4 1 44 28
62 4 1 45 28
62 4 1 46 28
62 4 1 47 28
62 4 1 48 28
62 4 1 49 28
62 4 1 50 28
62 4 1 51 28
62 4 1 52 28
62 4 1 53 28
62 4 1 54 28
62 4 1 55 28
62 4 1 56 28
62 4 1 57 28
62 4 1 58 24
62 4 1 59 24
62 4 1 60 228
62 5 0 2 23760
62 5 0 3 377126
62 5 0 4 2551704
62 5 0 5 6053752
62 5 0 6 10053728
62 5 0 7 14838224
62 5 0 8 19840552
62 5 0 9 24954364
62 5 0 10 30087284
62 5 0 11 35150392
62 5 0 12 40068640
62 5 0 13 44769548
62 5 0 14 49195632
62 5 0 15 53290820
62 5 0 16 57014816
62 5 0 17 60328500
62 5 0 18 63208568
62 5 0 19 65632460
62 5 0 20 67594432
62 5 0 21 69087364
62 5 0 22 70118532
62 5 0 23 70691900
62 5 0 24 70824792
62 5 0 25 70531180
62 5 0 26 69839392
62 5 0 27 68773244
62 5 0 28 67370812
62 5 0 29 65665188
62 5 0 30 63700408
62 5 0 31 61505340
62 5 0 32 59111192
62 5 0 33 56543864
62 5 0 34 53836308
62 5 0 35 51012296
62 5 0 36 48102136
62 5 0 37 45127532
62 5 0 38 42116096
62 5 0 39 39087516
62 5 0 40 36066644
62 5 0 41 33071228
62 5 0 42 30123284
62 5 0 43 27238684
62 5 0 44 24436556
62 5 0 45 21730948
62 5 0 46 19138036
62 5 0 47 16670116
62 5 0 48 14340340
62 5 0 49 12159320
62 5 0 50 10137128
62 5 0 51 8282744
62 5 0 52 6603624
62 5 0 53 5106624
62 5 0 54 3795444
62 5 0 55 2676556
62 5 0 56 1760028
62 5 0 57 1043616
62 5 0 58 529618
62 5 0 59 148528
62 5 1 2 880
62 5 1 3 2708
62 5 1 4 3728
62 5 1 5 4284
62 5 1 6 4304
62 5 1 7 4324
62 5 1 8 4344
62 5 1 9 4364
62 5 1 10 4384
62 5 1 11 4404
62 5 1 12 4424
62 5 1 13 4444
62 5 1 14 4464
62 5 1 15 4484
62 5 1 16 4504
62 5 1 17 4524
62 5 1 18 4544
62 5 1 19 4564
62 5 1 20 4584
62 5 1 21 4604
62 5 1 22 4624
62 5 1 23 4644
62 5 1 24 4664
62 5 1 25 4684
62 5 1 26 4704
62 5 1 27 4724
62 5 1 28 4744
62 5 1 29 4760
62 5 1 30 4740
62 5 1 31 4684
62 5 1 32 4624
62 5 1 33 4564
62 5 1 34 4504
62 5 1 35 4444
62 5 1 36 4384
62 5 1 37 4324
62 5 1 38 4264
62 5 1 39 4204
62 5 1 40 4144
62 5 1 41 4084
62 5 1 42 4024
62 5 1 43 3964
62 5 1 44 3904
62 5 1 45 3844
62 5 1 46 3784
62 5 1 47 3724
62 5 1 48 3664
62 5 1 49 3604
62 5 1 50 3544
62 5 1 51 3484
62 5 1 52 3424
62 5 1 53 3364
62 5 1 54 3304
62 5 1 55 3248
62 5 1 56 3192
62 5 1 57 3156
62 5 1 58 2692
62 5 1 59 2676
62 5 2 2 4
62 5 2 3 4
62 5 2 58 4
62 5 2 59 4
62 6 0 2 430784
62 6 0 3 5066276
62 6 0 4 32424168
62 6 0 5 95255444
62 6 0 6 188778844
62 6 0 7 318977318
62 6 0 8 471609078
62 6 0 9 640432896
62 6 0 10 819904256
62 6 0 11 1004630846
62 6 0 12 1189728858
62 6 0 13 1370731220
62 6 0 14 1543759062
62 6 0 15 1705373826
62 6 0 16 1852797238
62 6 0 17 1983694458
62 6 0 18 2096395140
62 6 0 19 2189624388
62 6 0 20 2262767046
62 6 0 21 2315553734
62 6 0 22 2348284560
62 6 0 23 2361479738
62 6 0 24 2356111190
62 6 0 25 2333266364
62 6 0 26 2294371706
62 6 0 27 2240858156
62 6 0 28 2174374908
62 6 0 29 2096514164
62 6 0 30 2009062892
62 6 0 31 1913667322
62 6 0 32 1811967652
62 6 0 33 1705439660
62 6 0 34 1595543972
62 6 0 35 1483579088
62 6 0 36 1370806436
62 6 0 37 1258348406
62 6 0 38 1147268282
62 6 0 39 1038512142
62 6 0 40 932945566
62 6 0 41 831339862
62 6 0 42 734362554
62 6 0 43 642610326
62 6 0 44 556554918
62 6 0 45 476616970
62 6 0 46 403073896
62 6 0 47 336170490
62 6 0 48 275990808
62 6 0 49 222603446
62 6 0 50 175902178
62 6 0 51 135776840
62 6 0 52 101923526
62 6 0 53 74047424
62 6 0 54 51667786
62 6 0 55 34299956
62 6 0 56 21381276
62 6 0 57 12056192
62 6 0 58 5499076
62 6 0 59 1787280
62 6 1 2 24396
62 6 1 3 61892
62 6 1 4 128683
62 6 1 5 201625
62 6 1 6 225223
62 6 1 7 248073
62 6 1 8 269715
62 6 1 9 290113
62 6 1 10 309303
62 6 1 11 327249
62 6 1 12 343987
62 6 1 13 359481
62 6 1 14 373767
62 6 1 15 386809
62 6 1 16 398643
62 6 1 17 409233
62 6 1 18 418615
62 6 1 19 426753
62 6 1 20 433683
62 6 1 21 439369
62 6 1 22 443847
62 6 1 23 447081
62 6 1 24 449107
62 6 1 25 449889
62 6 1 26 449463
62 6 1 27 447793
62 6 1 28 444927
62 6 1 29 440695
62 6 1 30 434400
62 6 1 31 427336
62 6 1 32 419802
62 6 1 33 411752
62 6 1 34 403222
62 6 1 35 394176
62 6 1 36 384650
62 6 1 37 374608
62 6 1 38 364086
62 6 1 39 353048
62 6 1 40 341530
62 6 1 41 329496
62 6 1 42 316982
62 6 1 43 303952
62 6 1 44 290442
62 6 1 45 276416
62 6 1 46 261910
62 6 1 47 246888
62 6 1 48 231386
62 6 1 49 215368
62 6 1 50 198870
62 6 1 51 181852
62 6 1 52 164354
62 6 1 53 146336
62 6 1 54 127810
62 6 1 55 109136
62 6 1 56 90072
62 6 1 57 74136
62 6 1 58 60172
62 6 1 59 48848
62 6 2 2 226
62 6 2 3 260
62 6 2 4 48
62 6 2 5 56
62 6 2 6 56
62 6 2 7 56
62 6 2 8 56
62 6 2 9 56
62 6 2 10 56
62 6 2 11 56
62 6 2 12 56
62 6 2 13 56
62 6 2 14 56
62 6 2 15 56
62 6 2 16 56
62 6 2 17 56
62 6 2 18 56
62 6 2 19 56
62 6 2 20 56
62 6 2 21 56
62 6 2 22 56
62 6 2 23 56
62 6 2 24 56
62 6 2 25 56
62 6 2 26 56
62 6 2 27 56
62 6 2 28 56
62 6 2 29 56
62 6 2 30 56
62 6 2 31 56
62 6 2 32 56
62 6 2 33 56
62 6 2 34 56
62 6 2 35 56
62 6 2 36 56
62 6 2 37 56
62 6 2 38 56
62 6 2 39 56
62 6 2 40 56
62 6 2 41 56
62 6 2 42 56
62 6 2 43 56
62 6 2 44 56
62 6 2 45 56
62 6 2 46 56
62 6 2 47 56
62 6 2 48 56
62 6 2 49 56
62 6 2 50 56
62 6 2 51 56
62 6 2 52 56
62 6 2 53 56
62 6 2 54 56
62 6 2 55 52
62 6 2 56 48
62 6 2 57 52
62 6 2 58 250
62 6 2 59 220
63 0 0 1 1
63 0 0 63 1
63 1 0 2 4
63 1 0 3 4
63 1 0 4 4
63 1 0 5 4
63 1 0 6 4
63 1 0 7 4
63 1 0 8 4
63 1 0 9 4
63 1 0 10 4
63 1 0 11 4
63 1 0 12 4
63 1 0 13 4
63 1 0 14 4
63 1 0 15 4
63 1 0 16 4
63 1 0 17 4
63 1 0 18 4
63 1 0 19 4
63 1 0 20 4
63 1 0 21 4
63 1 0 22 4
63 1 0 23 4
63 1 0 24 4
63 1 0 25 4
63 1 0 26 4
63 1 0 27 4
63 1 0 28 4
63 1 0 29 4
63 1 0 30 4
63 1 0 31 4
63 1 0 32 4
63 1 0 33 4
63 1 0 34 4
63 1 0 35 4
63 1 0 36 4
63 1 0 37 4
63 1 0 38 4
63 1 0 39 4
63 1 0 40 4
63 1 0 41 4
63 1 0 42 4
63 1 0 43 4
63 1 0 44 4
63 1 0 45 4
63 1 0 46 4
63 1 0 47 4
63 1 0 48 4
63 1 0 49 4
63 1 0 50 4
63 1 0 51 4
63 1 0 52 4
63 1 0 53 4
63 1 0 54 4
63 1 0 55 4
63 1 0 56 4
63 1 0 57 4
63 1 0 58 4
63 1 0 59 4
63 1 0 60 4
63 1 0 61 4
63 1 0 62 4
63 2 0 2 242
63 2 0 3 250
63 2 0 4 366
63 2 0 5 368
63 2 0 6 370
63 2 0 7 372
63 2 0 8 374
63 2 0 9 376
63 2 0 10 378
63 2 0 11 380
63 2 0 12 382
63 2 0 13 384
63 2 0 14 386
63 2 0 15 388
63 2 0 16 390
63 2 0 17 392
63 2 0 18 394
63 2 0 19 396
63 2 0 20 398
63 2 0 21 400
63 2 0 22 402
63 2 0 23 404
63 2 0 24 406
63 2 0 25 408
63 2 0 26 410
63 2 0 27 412
63 2 0 28 414
63 2 0 29 416
63 2 0 30 418
63 2 0 31 418
63 2 0 32 412
63 2 0 33 406
63 2 0 34 400
63 2 0 35 394
63 2 0 36 388
63 2 0 37 382
63 2 0 38 376
63 2 0 39 370
63 2 0 40 364
63 2 0 41 358
63 2 0 42 352
63 2 0 43 346
63 2 0 44 340
63 2 0 45 334
63 2 0 46 328
63 2 0 47 322
63 2 0 48 316
63 2 0 49 310
63 2 0 50 304
63 2 0 51 298
63 2 0 52 292
63 2 0 53 286
63 2 0 54 280
63 2 0 55 274
63 2 0 56 268
63 2 0 57 262
63 2 0 58 256
63 2 0 59 250
63 2 0 60 248
63 2 0 61 242
63 2 0 62 240
63 3 0 2 464
63 3 0 3 2536
63 3 0 4 10548
63 3 0 5 12552
63 3 0 6 14456
63 3 0 7 16268
63 3 0 8 17984
63 3 0 9 19608
63 3 0 10 21136
63 3 0 11 22572
63 3 0 12 23912
63 3 0 13 25160
63 3 0 14 26312
63 3 0 15 27372
63 3 0 16 28336
63 3 0 17 29208
63 3 0 18 29984
63 3 0 19 30668
63 3 0 20 31256
63 3 0 21 31752
63 3 0 22 32152
63 3 0 23 32460
63 3 0 24 32672
63 3 0 25 32792
63 3 0 26 32816
63 3 0 27 32748
63 3 0 28 32584
63 3 0 29 32328
63 3 0 30 31976
63 3 0 31 31544
63 3 0 32 31068
63 3 0 33 30556
63 3 0 34 30004
63 3 0 35 29416
63 3 0 36 28788
63 3 0 37 28124
63 3 0 38 27420
63 3 0 39 26680
63 3 0 40 25900
63 3 0 41 25084
63 3 0 42 24228
63 3 0 43 23336
63 3 0 44 22404
63 3 0 45 21436
63 3 0 46 20428
63 3 0 47 19384
63 3 0 48 18300
63 3 0 49 17180
63 3 0 50 16020
63 3 0 51 14824
63 3 0 52 13588
63 3 0 53 12316
63 3 0 54 11004
63 3 0 55 9656
63 3 0 56 8268
63 3 0 57 6840
63 3 0 58 5376
63 3 0 59 3876
63 3 0 60 2768
63 3 0 61 1172
63 3 1 2 4
63 3 1 61 4
63 4 0 2 13448
63 4 0 3 58236
63 4 0 4 192164
63 4 0 5 326836
63 4 0 6 456372
63 4 0 7 587221
63 4 0 8 712240
63 4 0 9 831314
63 4 0 10 944196
63 4 0 11 1050795
63 4 0 12 1150840
63 4 0 13 1244264
63 4 0 14 1330772
63 4 0 15 1410321
63 4 0 16 1482592
63 4 0 17 1547566
63 4 0 18 1604900
63 4 0 19 1654599
63 4 0 20 1696296
63 4 0 21 1730086
63 4 0 22 1755878
63 4 0 23 1774085
63 4 0 24 1784664
63 4 0 25 1788046
63 4 0 26 1784170
63 4 0 27 1773485
63 4 0 28 1755912
63 4 0 29 1731902
63 4 0 30 1701188
63 4 0 31 1664482
63 4 0 32 1623252
63 4 0 33 1578167
63 4 0 34 1529238
63 4 0 35 1477130
63 4 0 36 1421836
63 4 0 37 1364039
63 4 0 38 1303714
63 4 0 39 1241562
63 4 0 40 1177540
63 4 0 41 1112367
63 4 0 42 1045982
63 4 0 43 979122
63 4 0 44 911708
63 4 0 45 844495
63 4 0 46 777386
63 4 0 47 711154
63 4 0 48 645684
63 4 0 49 581767
63 4 0 50 519270
63 4 0 51 459002
63 4 0 52 400812
63 4 0 53 345531
63 4 0 54 292986
63 4 0 55 244022
63 4 0 56 198456
63 4 0 57 156661
63 4 0 58 119350
63 4 0 59 87234
63 4 0 60 54730
63 4 0 61 26971
63 4 1 2 236
63 4 1 3 24
63 4 1 4 28
63 4 1 5 28
63 4 1 6 28
63 4 1 7 28
63 4 1 8 28
63 4 1 9 28
63 4 1 10 28
63 4 1 11 28
63 4 1 12 28
63 4 1 13 28
63 4 1 14 28
63 4 1 15 28
63 4 1 16 28
63 4 1 17 28
63 4 1 18 28
63 4 1 19 28
63 4 1 20 28
63 4 1 21 28
63 4 1 22 28
63 4 1 23 28
63 4 1 24 28
63 4 1 25 28
63 4 1 26 28
63 4 1 27 28
63 4 1 28 28
63 4 1 29 28
63 4 1 30 28
63 4 1 31 28
63 4 1 32 28
63 4 1 33 28
63 4 1 34 28
63 4 1 35 28
63 4 1 36 28
63 4 1 37 28
63 4 1 38 28
63 4 1 39 28
63 4 1 40 28
63 4 1 41 28
63 4 1 42 28
63 4 1 43 28
63 4 1 44 28
63 4 1 45 28
63 4 1 46 28
63 4 1 47 28
63 4 1 48 28
63 4 1 49 28
63 4 1 50 28
63 4 1 51 28
63 4 1 52 28
63 4 1 53 28
63 4 1 54 28
63 4 1 55 28
63 4 1 56 28
63 4 1 57 28
63 4 1 58 28
63 4 1 59 24
63 4 1 60 24
63 4 1 61 232
63 5 0 2 24640
63 5 0 3 391150
63 5 0 4 2676976
63 5 0 5 6357040
63 5 0 6 10557472
63 5 0 7 15590768
63 5 0 8 20856260
63 5 0 9 26249320
63 5 0 10 31670052
63 5 0 11 37032140
63 5 0 12 42252092
63 5 0 13 47261156
63 5 0 14 51992236
63 5 0 15 56393828
63 5 0 16 60415692
63 5 0 17 64023400
63 5 0 18 67183236
63 5 0 19 69878360
63 5 0 20 72091500
63 5 0 21 73822352
63 5 0 22 75068048
63 5 0 23 75839336
63 5 0 24 76143336
63 5 0 25 76001800
63 5 0 26 75431668
63 5 0 27 74464812
63 5 0 28 73129184
63 5 0 29 71464968
63 5 0 30 69507700
63 5 0 31 67301636
63 5 0 32 64870256
63 5 0 33 62247888
63 5 0 34 59460296
63 5 0 35 56540564
63 5 0 36 53512340
63 5 0 37 50406048
63 5 0 38 47243284
63 5 0 39 44051760
63 5 0 40 40851072
63 5 0 41 37666156
63 5 0 42 34514684
63 5 0 43 31418740
63 5 0 44 28394136
63 5 0 45 25460052
63 5 0 46 22630492
63 5 0 47 19921668
63 5 0 48 17345848
63 5 0 49 14916204
63 5 0 50 12643336
63 5 0 51 10537320
63 5 0 52 8607140
63 5 0 53 6860252
63 5 0 54 5303520
63 5 0 55 3940616
63 5 0 56 2778060
63 5 0 57 1826064
63 5 0 58 1082300
63 5 0 59 549102
63 5 0 60 153916
63 5 1 2 896
63 5 1 3 2756
63 5 1 4 3792
63 5 1 5 4360
63 5 1 6 4380
63 5 1 7 4400
63 5 1 8 4420
63 5 1 9 4440
63 5 1 10 4460
63 5 1 11 4480
63 5 1 12 4500
63 5 1 13 4520
63 5 1 14 4540
63 5 1 15 4560
63 5 1 16 4580
63 5 1 17 4600
63 5 1 18 4620
63 5 1 19 4640
63 5 1 20 4660
63 5 1 21 4680
63 5 1 22 4700
63 5 1 23 4720
63 5 1 24 4740
63 5 1 25 4760
63 5 1 26 4780
63 5 1 27 4800
63 5 1 28 4820
63 5 1 29 4840
63 5 1 30 4840
63 5 1 31 4800
63 5 1 32 4740
63 5 1 33 4680
63 5 1 34 4620
63 5 1 35 4560
63 5 1 36 4500
63 5 1 37 4440
63 5 1 38 4380
63 5 1 39 4320
63 5 1 40 4260
63 5 1 41 4200
63 5 1 42 4140
63 5 1 43 4080
63 5 1 44 4020
63 5 1 45 3960
63 5 1 46 3900
63 5 1 47 3840
63 5 1 48 3780
63 5 1 49 3720
63 5 1 50 3660
63 5 1 51 3600
63 5 1 52 3540
63 5 1 53 3480
63 5 1 54 3420
63 5 1 55 3360
63 5 1 56 3304
63 5 1 57 3248
63 5 1 58 3212
63 5 1 59 2740
63 5 1 60 2724
63 5 2 2 4
63 5 2 3 4
63 5 2 59 4
63 5 2 60 4
63 6 0 2 454968
63 6 0 3 5337886
63 6 0 4 34396600
63 6 0 5 101168034
63 6 0 6 200580370
63 6 0 7 339337400
63 6 0 8 502245256
63 6 0 9 682818464
63 6 0 10 875232018
63 6 0 11 1073883422
63 6 0 12 1273576374
63 6 0 13 1469671138
63 6 0 14 1657957422
63 6 0 15 1834859598
63 6 0 16 1997257784
63 6 0 17 2142719970
63 6 0 18 2269242374
63 6 0 19 2375504146
63 6 0 20 2460564426
63 6 0 21 2524154950
63 6 0 22 2566306584
63 6 0 23 2587593348
63 6 0 24 2588772982
63 6 0 25 2571038878
63 6 0 26 2535655104
63 6 0 27 2484206066
63 6 0 28 2418245630
63 6 0 29 2339525192
63 6 0 30 2249745192
63 6 0 31 2150782582
63 6 0 32 2044283180
63 6 0 33 1931918696
63 6 0 34 1815177570
63 6 0 35 1695533088
63 6 0 36 1574292920
63 6 0 37 1452726562
63 6 0 38 1331962024
63 6 0 39 1213066150
63 6 0 40 1096987004
63 6 0 41 984589268
63 6 0 42 876642586
63 6 0 43 773809142
63 6 0 44 676680256
63 6 0 45 585717970
63 6 0 46 501333776
63 6 0 47 423791082
63 6 0 48 353321720
63 6 0 49 289991462
63 6 0 50 233852090
63 6 0 51 184774888
63 6 0 52 142628944
63 6 0 53 107083496
63 6 0 54 77818916
63 6 0 55 54323684
63 6 0 56 36084140
63 6 0 57 22508542
63 6 0 58 12701400
63 6 0 59 5801330
63 6 0 60 1886304
63 6 1 2 25288
63 6 1 3 63920
63 6 1 4 132848
63 6 1 5 208148
63 6 1 6 232224
63 6 1 7 255596
63 6 1 8 277724
63 6 1 9 298644
63 6 1 10 318320
63 6 1 11 336788
63 6 1 12 354012
63 6 1 13 370028
63 6 1 14 384800
63 6 1 15 398364
63 6 1 16 410684
63 6 1 17 421796
63 6 1 18 431664
63 6 1 19 440324
63 6 1 20 447740
63 6 1 21 453948
63 6 1 22 458912
63 6 1 23 462668
63 6 1 24 465180
63 6 1 25 466484
63 6 1 26 466544
63 6 1 27 465396
63 6 1 28 463008
63 6 1 29 459432
63 6 1 30 454016
63 6 1 31 447076
63 6 1 32 439632
63 6 1 33 431708
63 6 1 34 423268
63 6 1 35 414348
63 6 1 36 404912
63 6 1 37 394996
63 6 1 38 384564
63 6 1 39 373652
63 6 1 40 362224
63 6 1 41 350316
63 6 1 42 337892
63 6 1 43 324988
63 6 1 44 311568
63 6 1 45 297668
63 6 1 46 283252
63 6 1 47 268356
63 6 1 48 252944
63 6 1 49 237052
63 6 1 50 220644
63 6 1 51 203756
63 6 1 52 186348
63 6 1 53 168460
63 6 1 54 150052
63 6 1 55 131136
63 6 1 56 112080
63 6 1 57 92636
63 6 1 58 76392
63 6 1 59 62164
63 6 1 60 50632
63 6 2 2 230
63 6 2 3 264
63 6 2 4 48
63 6 2 5 56
63 6 2 6 56
63 6 2 7 56
63 6 2 8 56
63 6 2 9 56
63 6 2 10 56
63 6 2 11 56
63 6 2 12 56
63 6 2 13 56
63 6 2 14 56
63 6 2 15 56
63 6 2 16 56
63 6 2 17 56
63 6 2 18 56
63 6 2 19 56
63 6 2 20 56
63 6 2 21 56
63 6 2 22 56
63 6 2 23 56
63 6 2 24 56
63 6 2 25 56
63 6 2 26 56
63 6 2 27 56
63 6 2 28 56
63 6 2 29 56
63 6 2 30 56
63 6 2 31 56
63 6 2 32 56
63 6 2 33 56
63 6 2 34 56
63 6 2 35 56
63 6 2 36 56
63 6 2 37 56
63 6 2 38 56
63 6 2 39 56
63 6 2 40 56
63 6 2 41 56
63 6 2 42 56
63 6 2 43 56
63 6 2 44 56
63 6 2 45 56
63 6 2 46 56
63 6 2 47 56
63 6 2 48 56
63 6 2 49 56
63 6 2 50 56
63 6 2 51 56
63 6 2 52 56
63 6 2 53 56
63 6 2 54 56
63 6 2 55 56
63 6 2 56 52
63 6 2 57 48
63 6 2 58 52
63 6 2 59 254
63 6 2 60 224
64 0 0 1 1
64 0 0 64 1
64 1 0 2 4
64 1 0 3 4
64 1 0 4 4
64 1 0 5 4
64 1 0 6 4
64 1 0 7 4
64 1 0 8 4
64 1 0 9 4
64 1 0 10 4
64 1 0 11 4
64 1 0 12 4
64 1 0 13 4
64 1 0 14 4
64 1 0 15 4
64 1 0 16 4
64 1 0 17 4
64 1 0 18 4
64 1 0 19 4
64 1 0 20 4
64 1 0 21 4
64 1 0 22 4
64 1 0 23 4
64 1 0 24 4
64 1 0 25 4
64 1 0 26 4
64 1 0 27 4
64 1 0 28 4
64 1 0 29 4
64 1 0 30 4
64 1 0 31 4
64 1 0 32 4
64 1 0 33 4
64 1 0 34 4
64 1 0 35 4
64 1 0 36 4
64 1 0 37 4
64 1 0 38 4
64 1 0 39 4
64 1 0 40 4
64 1 0 41 4
64 1 0 42 4
64 1 0 43 4
64 1 0 44 4
64 1 0 45 4
64 1 0 46 4
64 1 0 47 4
64 1 0 48 4
64 1 0 49 4
64 1 0 50 4
64 1 0 51 4
64 1 0 52 4
64 1 0 53 4
64 1 0 54 4
64 1 0 55 4
64 1 0 56 4
64 1 0 57 4
64 1 0 58 4
64 1 0 59 4
64 1 0 60 4
64 1 0 61 4
64 1 0 62 4
64 1 0 63 4
64 2 0 2 246
64 2 0 3 254
64 2 0 4 372
64 2 0 5 374
64 2 0 6 376
64 2 0 7 378
64 2 0 8 380
64 2 0 9 382
64 2 0 10 384
64 2 0 11 386
64 2 0 12 388
64 2 0 13 390
64 2 0 14 392
64 2 0 15 394
64 2 0 16 396
64 2 0 17 398
64 2 0 18 400
64 2 0 19 402
64 2 0 20 404
64 2 0 21 406
64 2 0 22 408
64 2 0 23 410
64 2 0 24 412
64 2 0 25 414
64 2 0 26 416
64 2 0 27 418
64 2 0 28 420
64 2 0 29 422
64 2 0 30 424
64 2 0 31 426
64 2 0 32 422
64 2 0 33 416
64 2 0 34 410
64 2 0 35 404
64 2 0 36 398
64 2 0 37 392
64 2 0 38 386
64 2 0 39 380
64 2 0 40 374
64 2 0 41 368
64 2 0 42 362
64 2 0 43 356
64 2 0 44 350
64 2 0 45 344
64 2 0 46 338
64 2 0 47 332
64 2 0 48 326
64 2 0 49 320
64 2 0 50 314
64 2 0 51 308
64 2 0 52 302
64 2 0 53 296
64 2 0 54 290
64 2 0 55 284
64 2 0 56 278
64 2 0 57 272
64 2 0 58 266
64 2 0 59 260
64 2 0 60 254
64 2 0 61 252
64 2 0 62 246
64 2 0 63 244
64 3 0 2 472
64 3 0 3 2580
64 3 0 4 10856
64 3 0 5 12896
64 3 0 6 14840
64 3 0 7 16688
64 3 0 8 18444
64 3 0 9 20104
64 3 0 10 21672
64 3 0 11 23144
64 3 0 12 24524
64 3 0 13 25808
64 3 0 14 27000
64 3 0 15 28096
64 3 0 16 29100
64 3 0 17 30008
64 3 0 18 30824
64 3 0 19 31544
64 3 0 20 32172
64 3 0 21 32704
64 3 0 22 33144
64 3 0 23 33488
64 3 0 24 33740
64 3 0 25 33896
64 3 0 26 33960
64 3 0 27 33928
64 3 0 28 33804
64 3 0 29 33584
64 3 0 30 33272
64 3 0 31 32864
64 3 0 32 32396
64 3 0 33 31892
64 3 0 34 31352
64 3 0 35 30772
64 3 0 36 30156
64 3 0 37 29500
64 3 0 38 28808
64 3 0 39 28076
64 3 0 40 27308
64 3 0 41 26500
64 3 0 42 25656
64 3 0 43 24772
64 3 0 44 23852
64 3 0 45 22892
64 3 0 46 21896
64 3 0 47 20860
64 3 0 48 19788
64 3 0 49 18676
64 3 0 50 17528
64 3 0 51 16340
64 3 0 52 15116
64 3 0 53 13852
64 3 0 54 12552
64 3 0 55 11212
64 3 0 56 9836
64 3 0 57 8420
64 3 0 58 6964
64 3 0 59 5472
64 3 0 60 3944
64 3 0 61 2816
64 3 0 62 1192
64 3 1 2 4
64 3 1 62 4
64 4 0 2 13916
64 4 0 3 60189
64 4 0 4 199461
64 4 0 5 339045
64 4 0 6 473438
64 4 0 7 609233
64 4 0 8 739167
64 4 0 9 863005
64 4 0 10 980644
64 4 0 11 1091825
64 4 0 12 1196469
64 4 0 13 1294293
64 4 0 14 1385242
64 4 0 15 1469009
64 4 0 16 1545563
64 4 0 17 1614573
64 4 0 18 1676032
64 4 0 19 1729585
64 4 0 20 1775249
64 4 0 21 1812667
64 4 0 22 1842104
64 4 0 23 1863521
64 4 0 24 1877341
64 4 0 25 1883511
64 4 0 26 1882472
64 4 0 27 1874153
64 4 0 28 1859013
64 4 0 29 1836959
64 4 0 30 1808334
64 4 0 31 1772895
64 4 0 32 1732433
64 4 0 33 1687596
64 4 0 34 1639004
64 4 0 35 1586658
64 4 0 36 1531233
64 4 0 37 1472712
64 4 0 38 1411788
64 4 0 39 1348426
64 4 0 40 1283337
64 4 0 41 1216468
64 4 0 42 1148548
64 4 0 43 1079506
64 4 0 44 1010089
64 4 0 45 940208
64 4 0 46 870628
64 4 0 47 801242
64 4 0 48 732833
64 4 0 49 665276
64 4 0 50 599372
64 4 0 51 534978
64 4 0 52 472913
64 4 0 53 413016
64 4 0 54 356128
64 4 0 55 302066
64 4 0 56 251685
64 4 0 57 204792
64 4 0 58 161760
64 4 0 59 123310
64 4 0 60 90159
64 4 0 61 56618
64 4 0 62 27908
64 4 1 2 240
64 4 1 3 24
64 4 1 4 28
64 4 1 5 28
64 4 1 6 28
64 4 1 7 28
64 4 1 8 28
64 4 1 9 28
64 4 1 10 28
64 4 1 11 28
64 4 1 12 28
64 4 1 13 28
64 4 1 14 28
64 4 1 15 28
64 4 1 16 28
64 4 1 17 28
64 4 1 18 28
64 4 1 19 28
64 4 1 20 28
64 4 1 21 28
64 4 1 22 28
64 4 1 23 28
64 4 1 24 28
64 4 1 25 28
64 4 1 26 28
64 4 1 27 28
64 4 1 28 28
64 4 1 29 28
64 4 1 30 28
64 4 1 31 28
64 4 1 32 28
64 4 1 33 28
64 4 1 34 28
64 4 1 35 28
64 4 1 36 28
64 4 1 37 28
64 4 1 38 28
64 4 1 39 28
64 4 1 40 28
64 4 1 41 28
64 4 1 42 28
64 4 1 43 28
64 4 1 44 28
64 4 1 45 28
64 4 1 46 28
64 4 1 47 28
64 4 1 48 28
64 4 1 49 28
64 4 1 50 28
64 4 1 51 28
64 4 1 52 28
64 4 1 53 28
64 4 1 54 28
64 4 1 55 28
64 4 1 56 28
64 4 1 57 28
64 4 1 58 28
64 4 1 59 28
64 4 1 60 24
64 4 1 61 24
64 4 1 62 236
64 5 0 2 25536
64 5 0 3 405430
64 5 0 4 2805984
64 5 0 5 6669340
64 5 0 6 11078336
64 5 0 7 16367636
64 5 0 8 21908052
64 5 0 9 27587836
64 5 0 10 33309360
64 5 0 11 38978152
64 5 0 12 44514172
64 5 0 13 49839320
64 5 0 14 54890852
64 5 0 15 59607452
64 5 0 16 63943524
64 5 0 17 67854228
64 5 0 18 71311580
64 5 0 19 74287160
64 5 0 20 76770016
64 5 0 21 78748776
64 5 0 22 80227464
64 5 0 23 81206376
64 5 0 24 81700672
64 5 0 25 81720448
64 5 0 26 81291020
64 5 0 27 80433416
64 5 0 28 79182828
64 5 0 29 77570012
64 5 0 30 75639304
64 5 0 31 73427380
64 5 0 32 70973556
64 5 0 33 68301188
64 5 0 34 65446088
64 5 0 35 62433880
64 5 0 36 59297780
64 5 0 37 56061312
64 5 0 38 52755016
64 5 0 39 49400380
64 5 0 40 46025216
64 5 0 41 42649028
64 5 0 42 39296836
64 5 0 43 35986236
64 5 0 44 32739380
64 5 0 45 29572020
64 5 0 46 26503388
64 5 0 47 23547444
64 5 0 48 20720436
64 5 0 49 18034604
64 5 0 50 15503140
64 5 0 51 13136632
64 5 0 52 10945160
64 5 0 53 8937712
64 5 0 54 7121744
64 5 0 55 5504128
64 5 0 56 4088508
64 5 0 57 2881452
64 5 0 58 1893316
64 5 0 59 1121688
64 5 0 60 568938
64 5 0 61 159400
64 5 1 2 912
64 5 1 3 2804
64 5 1 4 3860
64 5 1 5 4436
64 5 1 6 4456
64 5 1 7 4476
64 5 1 8 4496
64 5 1 9 4516
64 5 1 10 4536
64 5 1 11 4556
64 5 1 12 4576
64 5 1 13 4596
64 5 1 14 4616
64 5 1 15 4636
64 5 1 16 4656
64 5 1 17 4676
64 5 1 18 4696
64 5 1 19 4716
64 5 1 20 4736
64 5 1 21 4756
64 5 1 22 4776
64 5 1 23 4796
64 5 1 24 4816
64 5 1 25 4836
64 5 1 26 4856
64 5 1 27 4876
64 5 1 28 4896
64 5 1 29 4916
64 5 1 30 4932
64 5 1 31 4912
64 5 1 32 4856
64 5 1 33 4796
64 5 1 34 4736
64 5 1 35 4676
64 5 1 36 4616
64 5 1 37 4556
64 5 1 38 4496
64 5 1 39 4436
64 5 1 40 4376
64 5 1 41 4316
64 5 1 42 4256
64 5 1 43 4196
64 5 1 44 4136
64 5 1 45 4076
64 5 1 46 4016
64 5 1 47 3956
64 5 1 48 3896
64 5 1 49 3836
64 5 1 50 3776
64 5 1 51 3716
64 5 1 52 3656
64 5 1 53 3596
64 5 1 54 3536
64 5 1 55 3476
64 5 1 56 3416
64 5 1 57 3360
64 5 1 58 3304
64 5 1 59 3268
64 5 1 60 2788
64 5 1 61 2772
64 5 2 2 4
64 5 2 3 4
64 5 2 60 4
64 5 2 61 4
64 6 0 2 480040
64 6 0 3 5618950
64 6 0 4 36452738
64 6 0 5 107335290
64 6 0 6 212896738
64 6 0 7 360598882
64 6 0 8 534269500
64 6 0 9 727126098
64 6 0 10 933129040
64 6 0 11 1146364136
64 6 0 12 1361441404
64 6 0 13 1573390354
64 6 0 14 1777843622
64 6 0 15 1970879928
64 6 0 16 2149256606
64 6 0 17 2310188694
64 6 0 18 2451602786
64 6 0 19 2571831958
64 6 0 20 2669908878
64 6 0 21 2745242790
64 6 0 22 2797892026
64 6 0 23 2828166956
64 6 0 24 2836908868
64 6 0 25 2825096480
64 6 0 26 2794126000
64 6 0 27 2745431928
64 6 0 28 2680737792
64 6 0 29 2601705176
64 6 0 30 2510200896
64 6 0 31 2408039904
64 6 0 32 2297118224
64 6 0 33 2179103398
64 6 0 34 2055687788
64 6 0 35 1928371736
64 6 0 36 1798640340
64 6 0 37 1667809672
64 6 0 38 1537156448
64 6 0 39 1407813530
64 6 0 40 1280850474
64 6 0 41 1157216562
64 6 0 42 1037774730
64 6 0 43 923292190
64 6 0 44 814424938
64 6 0 45 711758162
64 6 0 46 615743358
64 6 0 47 526782102
64 6 0 48 445122948
64 6 0 49 370983998
64 6 0 50 304411892
64 6 0 51 245440830
64 6 0 52 193918758
64 6 0 53 149693248
64 6 0 54 112405834
64 6 0 55 81711304
64 6 0 56 57066518
64 6 0 57 37928044
64 6 0 58 23674352
64 6 0 59 13369120
64 6 0 60 6114456
64 6 0 61 1988920
64 6 1 2 26196
64 6 1 3 65980
64 6 1 4 137067
64 6 1 5 214797
64 6 1 6 239383
64 6 1 7 263241
64 6 1 8 285891
64 6 1 9 307297
64 6 1 10 327495
64 6 1 11 346449
64 6 1 12 364195
64 6 1 13 380697
64 6 1 14 395991
64 6 1 15 410041
64 6 1 16 422883
64 6 1 17 434481
64 6 1 18 444871
64 6 1 19 454017
64 6 1 20 461955
64 6 1 21 468649
64 6 1 22 474135
64 6 1 23 478377
64 6 1 24 481411
64 6 1 25 483201
64 6 1 26 483783
64 6 1 27 483121
64 6 1 28 481251
64 6 1 29 478149
64 6 1 30 473709
64 6 1 31 467122
64 6 1 32 459794
64 6 1 33 451960
64 6 1 34 443646
64 6 1 35 434816
64 6 1 36 425506
64 6 1 37 415680
64 6 1 38 405374
64 6 1 39 394552
64 6 1 40 383250
64 6 1 41 371432
64 6 1 42 359134
64 6 1 43 346320
64 6 1 44 333026
64 6 1 45 319216
64 6 1 46 304926
64 6 1 47 290120
64 6 1 48 274834
64 6 1 49 259032
64 6 1 50 242750
64 6 1 51 225952
64 6 1 52 208674
64 6 1 53 190876
64 6 1 54 172598
64 6 1 55 153800
64 6 1 56 134494
64 6 1 57 115056
64 6 1 58 95232
64 6 1 59 78680
64 6 1 60 64188
64 6 1 61 52448
64 6 2 2 234
64 6 2 3 268
64 6 2 4 48
64 6 2 5 56
64 6 2 6 56
64 6 2 7 56
64 6 2 8 56
64 6 2 9 56
64 6 2 10 56
64 6 2 11 56
64 6 2 12 56
64 6 2 13 56
64 6 2 14 56
64 6 2 15 56
64 6 2 16 56
64 6 2 17 56
64 6 2 18 56
64 6 2 19 56
64 6 2 20 56
64 6 2 21 56
64 6 2 22 56
64 6 2 23 56
64 6 2 24 56
64 6 2 25 56
64 6 2 26 56
64 6 2 27 56
64 6 2 28 56
64 6 2 29 56
64 6 2 30 56
64 6 2 31 56
64 6 2 32 56
64 6 2 33 56
64 6 2 34 56
64 6 2 35 56
64 6 2 36 56
64 6 2 37 56
64 6 2 38 56
64 6 2 39 56
64 6 2 40 56
64 6 2 41 56
64 6 2 42 56
64 6 2 43 56
64 6 2 44 56
64 6 2 45 56
64 6 2 46 56
64 6 2 47 56
64 6 2 48 56
64 6 2 49 56
64 6 2 50 56
64 6 2 51 56
64 6 2 52 56
64 6 2 53 56
64 6 2 54 56
64 6 2 55 56
64 6 2 56 56
64 6 2 57 52
64 6 2 58 48
64 6 2 59 52
64 6 2 60 258
64 6 2 61 228
65 0 0 1 1
65 0 0 65 1
65 1 0 2 4
65 1 0 3 4
65 1 0 4 4
65 1 0 5 4
65 1 0 6 4
65 1 0 7 4
65 1 0 8 4
65 1 0 9 4
65 1 0 10 4
65 1 0 11 4
65 1 0 12 4
65 1 0 13 4
65 1 0 14 4
65 1 0 15 4
65 1 0 16 4
65 1 0 17 4
65 1 0 18 4
65 1 0 19 4
65 1 0 20 4
65 1 0 21 4
65 1 0 22 4
65 1 0 23 4
65 1 0 24 4
65 1 0 25 4
65 1 0 26 4
65 1 0 27 4
65 1 0 28 4
65 1 0 29 4
65 1 0 30 4
65 1 0 31 4
65 1 0 32 4
65 1 0 33 4
65 1 0 34 4
65 1 0 35 4
65 1 0 36 4
65 1 0 37 4
65 1 0 38 4
65 1 0 39 4
65 1 0 40 4
65 1 0 41 4
65 1 0 42 4
65 1 0 43 4
65 1 0 44 4
65 1 0 45 4
65 1 0 46 4
65 1 0 47 4
65 1 0 48 4
65 1 0 49 4
65 1 0 50 4
65 1 0 51 4
65 1 0 52 4
65 1 0 53 4
65 1 0 54 4
65 1 0 55 4
65 1 0 56 4
65 1 0 57 4
65 1 0 58 4
65 1 0 59 4
65 1 0 60 4
65 1 0 61 4
65 1 0 62 4
65 1 0 63 4
65 1 0 64 4
65 2 0 2 250
65 2 0 3 258
65 2 0 4 378
65 2 0 5 380
65 2 0 6 382
65 2 0 7 384
65 2 0 8 386
65 2 0 9 388
65 2 0 10 390
65 2 0 11 392
65 2 0 12 394
65 2 0 13 396
65 2 0 14 398
65 2 0 15 400
65 2 0 16 402
65 2 0 17 404
65 2 0 18 406
65 2 0 19 408
65 2 0 20 410
65 2 0 21 412
65 2 0 22 414
65 2 0 23 416
65 2 0 24 418
65 2 0 25 420
65 2 0 26 422
65 2 0 27 424
65 2 0 28 426
65 2 0 29 428
65 2 0 30 430
65 2 0 31 432
65 2 0 32 432
65 2 0 33 426
65 2 0 34 420
65 2 0 35 414
65 2 0 36 408
65 2 0 37 402
65 2 0 38 396
65 2 0 39 390
65 2 0 40 384
65 2 0 41 378
65 2 0 42 372
65 2 0 43 366
65 2 0 44 360
65 2 0 45 354
65 2 0 46 348
65 2 0 47 342
65 2 0 48 336
65 2 0 49 330
65 2 0 50 324
65 2 0 51 318
65 2 0 52 312
65 2 0 53 306
65 2 0 54 300
65 2 0 55 294
65 2 0 56 288
65 2 0 57 282
65 2 0 58 276
65 2 0 59 270
65 2 0 60 264
65 2 0 61 258
65 2 0 62 256
65 2 0 63 250
65 2 0 64 248
65 3 0 2 480
65 3 0 3 2624
65 3 0 4 11156
65 3 0 5 13236
65 3 0 6 15216
65 3 0 7 17104
65 3 0 8 18896
65 3 0 9 20596
65 3 0 10 22200
65 3 0 11 23712
65 3 0 12 25128
65 3 0 13 26452
65 3 0 14 27680
65 3 0 15 28816
65 3 0 16 29856
65 3 0 17 30804
65 3 0 18 31656
65 3 0 19 32416
65 3 0 20 33080
65 3 0 21 33652
65 3 0 22 34128
65 3 0 23 34512
65 3 0 24 34800
65 3 0 25 34996
65 3 0 26 35096
65 3 0 27 35104
65 3 0 28 35016
65 3 0 29 34836
65 3 0 30 34560
65 3 0 31 34192
65 3 0 32 33740
65 3 0 33 33248
65 3 0 34 32716
65 3 0 35 32148
65 3 0 36 31540
65 3 0 37 30896
65 3 0 38 30212
65 3 0 39 29492
65 3 0 40 28732
65 3 0 41 27936
65 3 0 42 27100
65 3 0 43 26228
65 3 0 44 25316
65 3 0 45 24368
65 3 0 46 23380
65 3 0 47 22356
65 3 0 48 21292
65 3 0 49 20192
65 3 0 50 19052
65 3 0 51 17876
65 3 0 52 16660
65 3 0 53 15408
65 3 0 54 14116
65 3 0 55 12788
65 3 0 56 11420
65 3 0 57 10016
65 3 0 58 8572
65 3 0 59 7088
65 3 0 60 5568
65 3 0 61 4012
65 3 0 62 2864
65 3 0 63 1212
65 3 1 2 4
65 3 1 63 4
65 4 0 2 14392
65 4 0 3 62174
65 4 0 4 206892
65 4 0 5 351387
65 4 0 6 490588
65 4 0 7 631468
65 4 0 8 766348
65 4 0 9 895113
65 4 0 10 1017516
65 4 0 11 1133466
65 4 0 12 1242692
65 4 0 13 1345127
65 4 0 14 1440476
65 4 0 15 1528696
65 4 0 16 1609468
65 4 0 17 1682773
65 4 0 18 1748268
65 4 0 19 1805958
65 4 0 20 1855476
65 4 0 21 1896855
65 4 0 22 1929844
65 4 0 23 1954836
65 4 0 24 1971786
65 4 0 25 1981127
65 4 0 26 1982796
65 4 0 27 1977244
65 4 0 28 1964390
65 4 0 29 1944703
65 4 0 30 1918068
65 4 0 31 1884798
65 4 0 32 1845018
65 4 0 33 1800880
65 4 0 34 1752420
65 4 0 35 1700305
65 4 0 36 1644526
65 4 0 37 1585768
65 4 0 38 1524004
65 4 0 39 1459937
65 4 0 40 1393522
65 4 0 41 1325480
65 4 0 42 1255748
65 4 0 43 1185065
65 4 0 44 1113350
65 4 0 45 1041360
65 4 0 46 968996
65 4 0 47 897033
65 4 0 48 825354
65 4 0 49 754752
65 4 0 50 685092
65 4 0 51 617185
65 4 0 52 550878
65 4 0 53 487000
65 4 0 54 425380
65 4 0 55 366869
65 4 0 56 311274
65 4 0 57 259460
65 4 0 58 211224
65 4 0 59 166939
65 4 0 60 127334
65 4 0 61 93132
65 4 0 62 58538
65 4 0 63 28861
65 4 1 2 244
65 4 1 3 24
65 4 1 4 28
65 4 1 5 28
65 4 1 6 28
65 4 1 7 28
65 4 1 8 28
65 4 1 9 28
65 4 1 10 28
65 4 1 11 28
65 4 1 12 28
65 4 1 13 28
65 4 1 14 28
65 4 1 15 28
65 4 1 16 28
65 4 1 17 28
65 4 1 18 28
65 4 1 19 28
65 4 1 20 28
65 4 1 21 28
65 4 1 22 28
65 4 1 23 28
65 4 1 24 28
65 4 1 25 28
65 4 1 26 28
65 4 1 27 28
65 4 1 28 28
65 4 1 29 28
65 4 1 30 28
65 4 1 31 28
65 4 1 32 28
65 4 1 33 28
65 4 1 34 28
65 4 1 35 28
65 4 1 36 28
65 4 1 37 28
65 4 1 38 28
65 4 1 39 28
65 4 1 40 28
65 4 1 41 28
65 4 1 42 28
65 4 1 43 28
65 4 1 44 28
65 4 1 45 28
65 4 1 46 28
65 4 1 47 28
65 4 1 48 28
65 4 1 49 28
65 4 1 50 28
65 4 1 51 28
65 4 1 52 28
65 4 1 53 28
65 4 1 54 28
65 4 1 55 28
65 4 1 56 28
65 4 1 57 28
65 4 1 58 28
65 4 1 59 28
65 4 1 60 28
65 4 1 61 24
65 4 1 62 24
65 4 1 63 240
65 5 0 2 26448
65 5 0 3 419966
65 5 0 4 2939154
65 5 0 5 6992062
65 5 0 6 11614074
65 5 0 7 17168054
65 5 0 8 22988474
65 5 0 9 28965426
65 5 0 10 34993502
65 5 0 11 40981330
65 5 0 12 46839838
65 5 0 13 52495022
65 5 0 14 57874510
65 5 0 15 62921506
65 5 0 16 67580090
65 5 0 17 71811090
65 5 0 18 75574970
65 5 0 19 78849662
65 5 0 20 81612738
65 5 0 21 83858974
65 5 0 22 85581498
65 5 0 23 86788830
65 5 0 24 87484254
65 5 0 25 87686522
65 5 0 26 87409762
65 5 0 27 86682650
65 5 0 28 85529346
65 5 0 29 83989598
65 5 0 30 82095826
65 5 0 31 79895122
65 5 0 32 77423912
65 5 0 33 74716164
65 5 0 34 71798136
65 5 0 35 68705792
65 5 0 36 65464616
65 5 0 37 62107956
65 5 0 38 58659212
65 5 0 39 55149040
65 5 0 40 51598820
65 5 0 41 48036464
65 5 0 42 44481384
65 5 0 43 40958684
65 5 0 44 37485884
65 5 0 45 34085204
65 5 0 46 30772336
65 5 0 47 27566564
65 5 0 48 24481804
65 5 0 49 21534340
65 5 0 50 18736384
65 5 0 51 16101148
65 5 0 52 13639208
65 5 0 53 11360648
65 5 0 54 9274460
65 5 0 55 7388100
65 5 0 56 5708448
65 5 0 57 4239120
65 5 0 58 2986732
65 5 0 59 1961784
65 5 0 60 1161780
65 5 0 61 589126
65 5 0 62 164980
65 5 1 2 928
65 5 1 3 2852
65 5 1 4 3924
65 5 1 5 4512
65 5 1 6 4532
65 5 1 7 4552
65 5 1 8 4572
65 5 1 9 4592
65 5 1 10 4612
65 5 1 11 4632
65 5 1 12 4652
65 5 1 13 4672
65 5 1 14 4692
65 5 1 15 4712
65 5 1 16 4732
65 5 1 17 4752
65 5 1 18 4772
65 5 1 19 4792
65 5 1 20 4812
65 5 1 21 4832
65 5 1 22 4852
65 5 1 23 4872
65 5 1 24 4892
65 5 1 25 4912
65 5 1 26 4932
65 5 1 27 4952
65 5 1 28 4972
65 5 1 29 4992
65 5 1 30 5012
65 5 1 31 5012
65 5 1 32 4972
65 5 1 33 4912
65 5 1 34 4852
65 5 1 35 4792
65 5 1 36 4732
65 5 1 37 4672
65 5 1 38 4612
65 5 1 39 4552
65 5 1 40 4492
65 5 1 41 4432
65 5 1 42 4372
65 5 1 43 4312
65 5 1 44 4252
65 5 1 45 4192
65 5 1 46 4132
65 5 1 47 4072
65 5 1 48 4012
65 5 1 49 3952
65 5 1 50 3892
65 5 1 51 3832
65 5 1 52 3772
65 5 1 53 3712
65 5 1 54 3652
65 5 1 55 3592
65 5 1 56 3532
65 5 1 57 3472
65 5 1 58 3416
65 5 1 59 3360
65 5 1 60 3324
65 5 1 61 2836
65 5 1 62 2820
65 5 2 2 4
65 5 2 3 4
65 5 2 61 4
65 5 2 62 4
65 6 0 2 506016
65 6 0 3 5909628
65 6 0 4 38594218
65 6 0 5 113761128
65 6 0 6 225717848
65 6 0 7 382749926
65 6 0 8 567634744
65 6 0 9 773337202
65 6 0 10 993524462
65 6 0 11 1222066832
65 6 0 12 1453245172
65 6 0 13 1681910870
65 6 0 14 1903350896
65 6 0 15 2113501052
65 6 0 16 2308755214
65 6 0 17 2486231128
65 6 0 18 2643488400
65 6 0 19 2778814282
65 6 0 20 2890891134
65 6 0 21 2979115886
65 6 0 22 3043234848
65 6 0 23 3083617612
65 6 0 24 3100839566
65 6 0 25 3095990256
65 6 0 26 3070262960
65 6 0 27 3025239154
65 6 0 28 2962505434
65 6 0 29 2883916356
65 6 0 30 2791231058
65 6 0 31 2686432958
65 6 0 32 2571424296
65 6 0 33 2448099586
65 6 0 34 2318155816
65 6 0 35 2183300912
65 6 0 36 2045046350
65 6 0 37 1904888192
65 6 0 38 1764150144
65 6 0 39 1624115294
65 6 0 40 1485920588
65 6 0 41 1350637446
65 6 0 42 1219215600
65 6 0 43 1092515392
65 6 0 44 971300834
65 6 0 45 856220886
65 6 0 46 747853836
65 6 0 47 646639786
65 6 0 48 552969628
65 6 0 49 467076214
65 6 0 50 389163148
65 6 0 51 319257090
65 6 0 52 257373890
65 6 0 53 203337308
65 6 0 54 156972632
65 6 0 55 117892844
65 6 0 56 85726380
65 6 0 57 59897632
65 6 0 58 39832628
65 6 0 59 24879346
65 6 0 60 14059736
65 6 0 61 6438646
65 6 0 62 2095192
65 6 1 2 27120
65 6 1 3 68072
65 6 1 4 141360
65 6 1 5 221520
65 6 1 6 246584
65 6 1 7 270964
65 6 1 8 294100
65 6 1 9 316028
65 6 1 10 336712
65 6 1 11 356188
65 6 1 12 374420
65 6 1 13 391444
65 6 1 14 407224
65 6 1 15 421796
65 6 1 16 435124
65 6 1 17 447244
65 6 1 18 458120
65 6 1 19 467788
65 6 1 20 476212
65 6 1 21 483428
65 6 1 22 489400
65 6 1 23 494164
65 6 1 24 497684
65 6 1 25 499996
65 6 1 26 501064
65 6 1 27 500924
65 6 1 28 499540
65 6 1 29 496952
65 6 1 30 493140
65 6 1 31 487492
65 6 1 32 480252
65 6 1 33 472544
65 6 1 34 464320
65 6 1 35 455616
65 6 1 36 446396
65 6 1 37 436696
65 6 1 38 426480
65 6 1 39 415784
65 6 1 40 404572
65 6 1 41 392880
65 6 1 42 380672
65 6 1 43 367984
65 6 1 44 354780
65 6 1 45 341096
65 6 1 46 326896
65 6 1 47 312216
65 6 1 48 297020
65 6 1 49 281344
65 6 1 50 265152
65 6 1 51 248480
65 6 1 52 231292
65 6 1 53 213624
65 6 1 54 195436
65 6 1 55 176768
65 6 1 56 157580
65 6 1 57 137884
65 6 1 58 118064
65 6 1 59 97860
65 6 1 60 81000
65 6 1 61 66244
65 6 1 62 54296
65 6 2 2 238
65 6 2 3 272
65 6 2 4 48
65 6 2 5 56
65 6 2 6 56
65 6 2 7 56
65 6 2 8 56
65 6 2 9 56
65 6 2 10 56
65 6 2 11 56
65 6 2 12 56
65 6 2 13 56
65 6 2 14 56
65 6 2 15 56
65 6 2 16 56
65 6 2 17 56
65 6 2 18 56
65 6 2 19 56
65 6 2 20 56
65 6 2 21 56
65 6 2 22 56
65 6 2 23 56
65 6 2 24 56
65 6 2 25 56
65 6 2 26 56
65 6 2 27 56
65 6 2 28 56
65 6 2 29 56
65 6 2 30 56
65 6 2 31 56
65 6 2 32 56
65 6 2 33 56
65 6 2 34 56
65 6 2 35 56
65 6 2 36 56
65 6 2 37 56
65 6 2 38 56
65 6 2 39 56
65 6 2 40 56
65 6 2 41 56
65 6 2 42 56
65 6 2 43 56
65 6 2 44 56
65 6 2 45 56
65 6 2 46 56
65 6 2 47 56
65 6 2 48 56
65 6 2 49 56
65 6 2 50 56
65 6 2 51 56
65 6 2 52 56
65 6 2 53 56
65 6 2 54 56
65 6 2 55 56
65 6 2 56 56
65 6 2 57 56
65 6 2 58 52
65 6 2 59 48
65 6 2 60 52
65 6 2 61 262
65 6 2 62 232
66 0 0 1 1
66 0 0 66 1
66 1 0 2 4
66 1 0 3 4
66 1 0 4 4
66 1 0 5 4
66 1 0 6 4
66 1 0 7 4
66 1 0 8 4
66 1 0 9 4
66 1 0 10 4
66 1 0 11 4
66 1 0 12 4
66 1 0 13 4
66 1 0 14 4
66 1 0 15 4
66 1 0 16 4
66 1 0 17 4
66 1 0 18 4
66 1 0 19 4
66 1 0 20 4
66 1 0 21 4
66 1 0 22 4
66 1 0 23 4
66 1 0 24 4
66 1 0 25 4
66 1 0 26 4
66 1 0 27 4
66 1 0 28 4
66 1 0 29 4
66 1 0 30 4
66 1 0 31 4
66 1 0 32 4
66 1 0 33 4
66 1 0 34 4
66 1 0 35 4
66 1 0 36 4
66 1 0 37 4
66 1 0 38 4
66 1 0 39 4
66 1 0 40 4
66 1 0 41 4
66 1 0 42 4
66 1 0 43 4
66 1 0 44 4
66 1 0 45 4
66 1 0 46 4
66 1 0 47 4
66 1 0 48 4
66 1 0 49 4
66 1 0 50 4
66 1 0 51 4
66 1 0 52 4
66 1 0 53 4
66 1 0 54 4
66 1 0 55 4
66 1 0 56 4
66 1 0 57 4
66 1 0 58 4
66 1 0 59 4
66 1 0 60 4
66 1 0 61 4
66 1 0 62 4
66 1 0 63 4
66 1 0 64 4
66 1 0 65 4
66 2 0 2 254
66 2 0 3 262
66 2 0 4 384
66 2 0 5 386
66 2 0 6 388
66 2 0 7 390
66 2 0 8 392
66 2 0 9 394
66 2 0 10 396
66 2 0 11 398
66 2 0 12 400
66 2 0 13 402
66 2 0 14 404
66 2 0 15 406
66 2 0 16 408
66 2 0 17 410
66 2 0 18 412
66 2 0 19 414
66 2 0 20 416
66 2 0 21 418
66 2 0 22 420
66 2 0 23 422
66 2 0 24 424
66 2 0 25 426
66 2 0 26 428
66 2 0 27 430
66 2 0 28 432
66 2 0 29 434
66 2 0 30 436
66 2 0 31 438
66 2 0 32 440
66 2 0 33 436
66 2 0 34 430
66 2 0 35 424
66 2 0 36 418
66 2 0 37 412
66 2 0 38 406
66 2 0 39 400
66 2 0 40 394
66 2 0 41 388
66 2 0 42 382
66 2 0 43 376
66 2 0 44 370
66 2 0 45 364
66 2 0 46 358
66 2 0 47 352
66 2 0 48 346
66 2 0 49 340
66 2 0 50 334
66 2 0 51 328
66 2 0 52 322
66 2 0 53 316
66 2 0 54 310
66 2 0 55 304
66 2 0 56 298
66 2 0 57 292
66 2 0 58 286
66 2 0 59 280
66 2 0 60 274
66 2 0 61 268
66 2 0 62 262
66 2 0 63 260
66 2 0 64 254
66 2 0 65 252
66 3 0 2 488
66 3 0 3 2668
66 3 0 4 11472
66 3 0 5 13588
66 3 0 6 15608
66 3 0 7 17532
66 3 0 8 19364
66 3 0 9 21100
66 3 0 10 22744
66 3 0 11 24292
66 3 0 12 25748
66 3 0 13 27108
66 3 0 14 28376
66 3 0 15 29548
66 3 0 16 30628
66 3 0 17 31612
66 3 0 18 32504
66 3 0 19 33300
66 3 0 20 34004
66 3 0 21 34612
66 3 0 22 35128
66 3 0 23 35548
66 3 0 24 35876
66 3 0 25 36108
66 3 0 26 36248
66 3 0 27 36292
66 3 0 28 36244
66 3 0 29 36100
66 3 0 30 35864
66 3 0 31 35532
66 3 0 32 35108
66 3 0 33 34620
66 3 0 34 34100
66 3 0 35 33540
66 3 0 36 32944
66 3 0 37 32308
66 3 0 38 31636
66 3 0 39 30924
66 3 0 40 30176
66 3 0 41 29388
66 3 0 42 28564
66 3 0 43 27700
66 3 0 44 26800
66 3 0 45 25860
66 3 0 46 24884
66 3 0 47 23868
66 3 0 48 22816
66 3 0 49 21724
66 3 0 50 20596
66 3 0 51 19428
66 3 0 52 18224
66 3 0 53 16980
66 3 0 54 15700
66 3 0 55 14380
66 3 0 56 13024
66 3 0 57 11628
66 3 0 58 10196
66 3 0 59 8724
66 3 0 60 7212
66 3 0 61 5664
66 3 0 62 4080
66 3 0 63 2912
66 3 0 64 1232
66 3 1 2 4
66 3 1 64 4
66 4 0 2 14876
66 4 0 3 64191
66 4 0 4 214500
66 4 0 5 364081
66 4 0 6 508313
66 4 0 7 654321
66 4 0 8 794298
66 4 0 9 928009
66 4 0 10 1055351
66 4 0 11 1176065
66 4 0 12 1290072
66 4 0 13 1397089
66 4 0 14 1497061
66 4 0 15 1589681
66 4 0 16 1674918
66 4 0 17 1752441
66 4 0 18 1822243
66 4 0 19 1883969
66 4 0 20 1937636
66 4 0 21 1982865
66 4 0 22 2019763
66 4 0 23 2048227
66 4 0 24 2068682
66 4 0 25 2081073
66 4 0 26 2085843
66 4 0 27 2082919
66 4 0 28 2072762
66 4 0 29 2055281
66 4 0 30 2030951
66 4 0 31 1999525
66 4 0 32 1961364
66 4 0 33 1917690
66 4 0 34 1869823
66 4 0 35 1817724
66 4 0 36 1762070
66 4 0 37 1702842
66 4 0 38 1640735
66 4 0 39 1575712
66 4 0 40 1508486
66 4 0 41 1439002
66 4 0 42 1367991
66 4 0 43 1295380
66 4 0 44 1221918
66 4 0 45 1147514
66 4 0 46 1072935
66 4 0 47 998072
66 4 0 48 923710
66 4 0 49 849722
66 4 0 50 776911
66 4 0 51 705132
66 4 0 52 635206
66 4 0 53 566970
66 4 0 54 501263
66 4 0 55 437904
66 4 0 56 377754
66 4 0 57 320610
66 4 0 58 267347
66 4 0 59 217752
66 4 0 60 172198
66 4 0 61 131422
66 4 0 62 96153
66 4 0 63 60490
66 4 0 64 29830
66 4 1 2 248
66 4 1 3 24
66 4 1 4 28
66 4 1 5 28
66 4 1 6 28
66 4 1 7 28
66 4 1 8 28
66 4 1 9 28
66 4 1 10 28
66 4 1 11 28
66 4 1 12 28
66 4 1 13 28
66 4 1 14 28
66 4 1 15 28
66 4 1 16 28
66 4 1 17 28
66 4 1 18 28
66 4 1 19 28
66 4 1 20 28
66 4 1 21 28
66 4 1 22 28
66 4 1 23 28
66 4 1 24 28
66 4 1 25 28
66 4 1 26 28
66 4 1 27 28
66 4 1 28 28
66 4 1 29 28
66 4 1 30 28
66 4 1 31 28
66 4 1 32 28
66 4 1 33 28
66 4 1 34 28
66 4 1 35 28
66 4 1 36 28
66 4 1 37 28
66 4 1 38 28
66 4 1 39 28
66 4 1 40 28
66 4 1 41 28
66 4 1 42 28
66 4 1 43 28
66 4 1 44 28
66 4 1 45 28
66 4 1 46 28
66 4 1 47 28
66 4 1 48 28
66 4 1 49 28
66 4 1 50 28
66 4 1 51 28
66 4 1 52 28
66 4 1 53 28
66 4 1 54 28
66 4 1 55 28
66 4 1 56 28
66 4 1 57 28
66 4 1 58 28
66 4 1 59 28
66 4 1 60 28
66 4 1 61 28
66 4 1 62 24
66 4 1 63 24
66 4 1 64 244
66 5 0 2 27376
66 5 0 3 434758
66 5 0 4 3076168
66 5 0 5 7324056
66 5 0 6 12167452
66 5 0 7 17993524
66 5 0 8 24106056
66 5 0 9 30387768
66 5 0 10 36735924
66 5 0 11 43050524
66 5 0 12 49246260
66 5 0 13 55239736
66 5 0 14 60962936
66 5 0 15 66348880
66 5 0 16 71347176
66 5 0 17 75907216
66 5 0 18 79995772
66 5 0 19 83579248
66 5 0 20 86641372
66 5 0 21 89165084
66 5 0 22 91151312
66 5 0 23 92596556
66 5 0 24 93512956
66 5 0 25 93907776
66 5 0 26 93803168
66 5 0 27 93216380
66 5 0 28 92180628
66 5 0 29 90722968
66 5 0 30 88886308
66 5 0 31 86706872
66 5 0 32 84233140
66 5 0 33 81495968
66 5 0 34 78529460
66 5 0 35 75361100
66 5 0 36 72027000
66 5 0 37 68552504
66 5 0 38 64971092
66 5 0 39 61306040
66 5 0 40 57588120
66 5 0 41 53838604
66 5 0 42 50085504
66 5 0 43 46348140
66 5 0 44 42651700
66 5 0 45 39013628
66 5 0 46 35456212
66 5 0 47 31995084
66 5 0 48 28649580
66 5 0 49 25433572
66 5 0 50 22363380
66 5 0 51 19451188
66 5 0 52 16710228
66 5 0 53 14151064
66 5 0 54 11783784
66 5 0 55 9617384
66 5 0 56 7659320
66 5 0 57 5916480
66 5 0 58 4392452
66 5 0 59 3093900
66 5 0 60 2031468
66 5 0 61 1202576
66 5 0 62 609666
66 5 0 63 170656
66 5 1 2 944
66 5 1 3 2900
66 5 1 4 3992
66 5 1 5 4588
66 5 1 6 4608
66 5 1 7 4628
66 5 1 8 4648
66 5 1 9 4668
66 5 1 10 4688
66 5 1 11 4708
66 5 1 12 4728
66 5 1 13 4748
66 5 1 14 4768
66 5 1 15 4788
66 5 1 16 4808
66 5 1 17 4828
66 5 1 18 4848
66 5 1 19 4868
66 5 1 20 4888
66 5 1 21 4908
66 5 1 22 4928
66 5 1 23 4948
66 5 1 24 4968
66 5 1 25 4988
66 5 1 26 5008
66 5 1 27 5028
66 5 1 28 5048
66 5 1 29 5068
66 5 1 30 5088
66 5 1 31 5104
66 5 1 32 5084
66 5 1 33 5028
66 5 1 34 4968
66 5 1 35 4908
66 5 1 36 4848
66 5 1 37 4788
66 5 1 38 4728
66 5 1 39 4668
66 5 1 40 4608
66 5 1 41 4548
66 5 1 42 4488
66 5 1 43 4428
66 5 1 44 4368
66 5 1 45 4308
66 5 1 46 4248
66 5 1 47 4188
66 5 1 48 4128
66 5 1 49 4068
66 5 1 50 4008
66 5 1 51 3948
66 5 1 52 3888
66 5 1 53 3828
66 5 1 54 3768
66 5 1 55 3708
66 5 1 56 3648
66 5 1 57 3588
66 5 1 58 3528
66 5 1 59 3472
66 5 1 60 3416
66 5 1 61 3380
66 5 1 62 2884
66 5 1 63 2868
66 5 2 2 4
66 5 2 3 4
66 5 2 62 4
66 5 2 63 4
66 6 0 2 532912
66 6 0 3 6210080
66 6 0 4 40823632
66 6 0 5 120454406
66 6 0 6 239079692
66 6 0 7 405847886
66 6 0 8 602458810
66 6 0 9 821567124
66 6 0 10 1056619926
66 6 0 11 1301160884
66 6 0 12 1549270482
66 6 0 13 1795455638
66 6 0 14 2034840136
66 6 0 15 2262994988
66 6 0 16 2476192938
66 6 0 17 2671168914
66 6 0 18 2845409946
66 6 0 19 2996831492
66 6 0 20 3124087266
66 6 0 21 3226214556
66 6 0 22 3302983824
66 6 0 23 3354452054
66 6 0 24 3381281642
66 6 0 25 3384306776
66 6 0 26 3364848202
66 6 0 27 3324294620
66 6 0 28 3264407570
66 6 0 29 3186906426
66 6 0 30 3093761104
66 6 0 31 2986843938
66 6 0 32 2868261178
66 6 0 33 2739925864
66 6 0 34 2603756428
66 6 0 35 2461468274
66 6 0 36 2314784052
66 6 0 37 2165225604
66 6 0 38 2014299108
66 6 0 39 1863335136
66 6 0 40 1713622300
66 6 0 41 1566300862
66 6 0 42 1422443258
66 6 0 43 1282998902
66 6 0 44 1148824694
66 6 0 45 1020680678
66 6 0 46 899207930
66 6 0 47 784977070
66 6 0 48 678415958
66 6 0 49 579904034
66 6 0 50 489657600
66 6 0 51 407864994
66 6 0 52 334532048
66 6 0 53 269655494
66 6 0 54 213034058
66 6 0 55 164469976
66 6 0 56 123546830
66 6 0 57 89865936
66 6 0 58 62818370
66 6 0 59 41798852
66 6 0 60 26124164
66 6 0 61 14773632
66 6 0 62 6774092
66 6 0 63 2205184
66 6 1 2 28060
66 6 1 3 70196
66 6 1 4 145707
66 6 1 5 228369
66 6 1 6 253943
66 6 1 7 278809
66 6 1 8 302467
66 6 1 9 324881
66 6 1 10 346087
66 6 1 11 366049
66 6 1 12 384803
66 6 1 13 402313
66 6 1 14 418615
66 6 1 15 433673
66 6 1 16 447523
66 6 1 17 460129
66 6 1 18 471527
66 6 1 19 481681
66 6 1 20 490627
66 6 1 21 498329
66 6 1 22 504823
66 6 1 23 510073
66 6 1 24 514115
66 6 1 25 516913
66 6 1 26 518503
66 6 1 27 518849
66 6 1 28 517987
66 6 1 29 515881
66 6 1 30 512579
66 6 1 31 507895
66 6 1 32 501052
66 6 1 33 493424
66 6 1 34 485326
66 6 1 35 476712
66 6 1 36 467618
66 6 1 37 458008
66 6 1 38 447918
66 6 1 39 437312
66 6 1 40 426226
66 6 1 41 414624
66 6 1 42 402542
66 6 1 43 389944
66 6 1 44 376866
66 6 1 45 363272
66 6 1 46 349198
66 6 1 47 334608
66 6 1 48 319538
66 6 1 49 303952
66 6 1 50 287886
66 6 1 51 271304
66 6 1 52 254242
66 6 1 53 236664
66 6 1 54 218606
66 6 1 55 200028
66 6 1 56 180970
66 6 1 57 161392
66 6 1 58 141306
66 6 1 59 121104
66 6 1 60 100520
66 6 1 61 83352
66 6 1 62 68332
66 6 1 63 56176
66 6 2 2 242
66 6 2 3 276
66 6 2 4 48
66 6 2 5 56
66 6 2 6 56
66 6 2 7 56
66 6 2 8 56
66 6 2 9 56
66 6 2 10 56
66 6 2 11 56
66 6 2 12 56
66 6 2 13 56
66 6 2 14 56
66 6 2 15 56
66 6 2 16 56
66 6 2 17 56
66 6 2 18 56
66 6 2 19 56
66 6 2 20 56
66 6 2 21 56
66 6 2 22 56
66 6 2 23 56
66 6 2 24 56
66 6 2 25 56
66 6 2 26 56
66 6 2 27 56
66 6 2 28 56
66 6 2 29 56
66 6 2 30 56
66 6 2 31 56
66 6 2 32 56
66 6 2 33 56
66 6 2 34 56
66 6 2 35 56
66 6 2 36 56
66 6 2 37 56
66 6 2 38 56
66 6 2 39 56
66 6 2 40 56
66 6 2 41 56
66 6 2 42 56
66 6 2 43 56
66 6 2 44 56
66 6 2 45 56
66 6 2 46 56
66 6 2 47 56
66 6 2 48 56
66 6 2 49 56
66 6 2 50 56
66 6 2 51 56
66 6 2 52 56
66 6 2 53 56
66 6 2 54 56
66 6 2 55 56
66 6 2 56 56
66 6 2 57 56
66 6 2 58 56
66 6 2 59 52
66 6 2 60 48
66 6 2 61 52
66 6 2 62 266
66 6 2 63 236
67 0 0 1 1
67 0 0 67 1
67 1 0 2 4
67 1 0 3 4
67 1 0 4 4
67 1 0 5 4
67 1 0 6 4
67 1 0 7 4
67 1 0 8 4
67 1 0 9 4
67 1 0 10 4
67 1 0 11 4
67 1 0 12 4
67 1 0 13 4
67 1 0 14 4
67 1 0 15 4
67 1 0 16 4
67 1 0 17 4
67 1 0 18 4
67 1 0 19 4
67 1 0 20 4
67 1 0 21 4
67 1 0 22 4
67 1 0 23 4
67 1 0 24 4
67 1 0 25 4
67 1 0 26 4
67 1 0 27 4
67 1 0 28 4
67 1 0 29 4
67 1 0 30 4
67 1 0 31 4
67 1 0 32 4
67 1 0 33 4
67 1 0 34 4
67 1 0 35 4
67 1 0 36 4
67 1 0 37 4
67 1 0 38 4
67 1 0 39 4
67 1 0 40 4
67 1 0 41 4
67 1 0 42 4
67 1 0 43 4
67 1 0 44 4
67 1 0 45 4
67 1 0 46 4
67 1 0 47 4
67 1 0 48 4
67 1 0 49 4
67 1 0 50 4
67 1 0 51 4
67 1 0 52 4
67 1 0 53 4
67 1 0 54 4
67 1 0 55 4
67 1 0 56 4
67 1 0 57 4
67 1 0 58 4
67 1 0 59 4
67 1 0 60 4
67 1 0 61 4
67 1 0 62 4
67 1 0 63 4
67 1 0 64 4
67 1 0 65 4
67 1 0 66 4
67 2 0 2 258
67 2 0 3 266
67 2 0 4 390
67 2 0 5 392
67 2 0 6 394
67 2 0 7 396
67 2 0 8 398
67 2 0 9 400
67 2 0 10 402
67 2 0 11 404
67 2 0 12 406
67 2 0 13 408
67 2 0 14 410
67 2 0 15 412
67 2 0 16 414
67 2 0 17 416
67 2 0 18 418
67 2 0 19 420
67 2 0 20 422
67 2 0 21 424
67 2 0 22 426
67 2 0 23 428
67 2 0 24 430
67 2 0 25 432
67 2 0 26 434
67 2 0 27 436
67 2 0 28 438
67 2 0 29 440
67 2 0 30 442
67 2 0 31 444
67 2 0 32 446
67 2 0 33 446
67 2 0 34 440
67 2 0 35 434
67 2 0 36 428
67 2 0 37 422
67 2 0 38 416
67 2 0 39 410
67 2 0 40 404
67 2 0 41 398
67 2 0 42 392
67 2 0 43 386
67 2 0 44 380
67 2 0 45 374
67 2 0 46 368
67 2 0 47 362
67 2 0 48 356
67 2 0 49 350
67 2 0 50 344
67 2 0 51 338
67 2 0 52 332
67 2 0 53 326
67 2 0 54 320
67 2 0 55 314
67 2 0 56 308
67 2 0 57 302
67 2 0 58 296
67 2 0 59 290
67 2 0 60 284
67 2 0 61 278
67 2 0 62 272
67 2 0 63 266
67 2 0 64 264
67 2 0 65 258
67 2 0 66 256
67 3 0 2 496
67 3 0 3 2712
67 3 0 4 11780
67 3 0 5 13936
67 3 0 6 15992
67 3 0 7 17956
67 3 0 8 19824
67 3 0 9 21600
67 3 0 10 23280
67 3 0 11 24868
67 3 0 12 26360
67 3 0 13 27760
67 3 0 14 29064
67 3 0 15 30276
67 3 0 16 31392
67 3 0 17 32416
67 3 0 18 33344
67 3 0 19 34180
67 3 0 20 34920
67 3 0 21 35568
67 3 0 22 36120
67 3 0 23 36580
67 3 0 24 36944
67 3 0 25 37216
67 3 0 26 37392
67 3 0 27 37476
67 3 0 28 37464
67 3 0 29 37360
67 3 0 30 37160
67 3 0 31 36868
67 3 0 32 36480
67 3 0 33 36012
67 3 0 34 35500
67 3 0 35 34952
67 3 0 36 34364
67 3 0 37 33740
67 3 0 38 33076
67 3 0 39 32376
67 3 0 40 31636
67 3 0 41 30860
67 3 0 42 30044
67 3 0 43 29192
67 3 0 44 28300
67 3 0 45 27372
67 3 0 46 26404
67 3 0 47 25400
67 3 0 48 24356
67 3 0 49 23276
67 3 0 50 22156
67 3 0 51 21000
67 3 0 52 19804
67 3 0 53 18572
67 3 0 54 17300
67 3 0 55 15992
67 3 0 56 14644
67 3 0 57 13260
67 3 0 58 11836
67 3 0 59 10376
67 3 0 60 8876
67 3 0 61 7336
67 3 0 62 5760
67 3 0 63 4148
67 3 0 64 2960
67 3 0 65 1252
67 3 1 2 4
67 3 1 65 4
67 4 0 2 15368
67 4 0 3 66240
67 4 0 4 222242
67 4 0 5 376904
67 4 0 6 526114
67 4 0 7 677389
67 4 0 8 822494
67 4 0 9 961314
67 4 0 10 1093602
67 4 0 11 1219267
67 4 0 12 1338038
67 4 0 13 1449848
67 4 0 14 1554402
67 4 0 15 1651657
67 4 0 16 1741294
67 4 0 17 1823294
67 4 0 18 1897314
67 4 0 19 1963359
67 4 0 20 2021062
67 4 0 21 2070452
67 4 0 22 2111160
67 4 0 23 2143463
67 4 0 24 2167310
67 4 0 25 2183136
67 4 0 26 2190876
67 4 0 27 2190983
67 4 0 28 2183374
67 4 0 29 2168520
67 4 0 30 2146320
67 4 0 31 2117247
67 4 0 32 2081004
67 4 0 33 2038355
67 4 0 34 1990874
67 4 0 35 1939262
67 4 0 36 1883508
67 4 0 37 1824299
67 4 0 38 1761606
67 4 0 39 1696134
67 4 0 40 1627836
67 4 0 41 1557435
67 4 0 42 1484866
67 4 0 43 1410870
67 4 0 44 1335364
67 4 0 45 1259107
67 4 0 46 1181998
67 4 0 47 1104814
67 4 0 48 1027436
67 4 0 49 950659
67 4 0 50 874346
67 4 0 51 799310
67 4 0 52 725396
67 4 0 53 653435
67 4 0 54 583254
67 4 0 55 515702
67 4 0 56 450588
67 4 0 57 388783
67 4 0 58 330074
67 4 0 59 275346
67 4 0 60 224376
67 4 0 61 177537
67 4 0 62 135574
67 4 0 63 99222
67 4 0 64 62474
67 4 0 65 30815
67 4 1 2 252
67 4 1 3 24
67 4 1 4 28
67 4 1 5 28
67 4 1 6 28
67 4 1 7 28
67 4 1 8 28
67 4 1 9 28
67 4 1 10 28
67 4 1 11 28
67 4 1 12 28
67 4 1 13 28
67 4 1 14 28
67 4 1 15 28
67 4 1 16 28
67 4 1 17 28
67 4 1 18 28
67 4 1 19 28
67 4 1 20 28
67 4 1 21 28
67 4 1 22 28
67 4 1 23 28
67 4 1 24 28
67 4 1 25 28
67 4 1 26 28
67 4 1 27 28
67 4 1 28 28
67 4 1 29 28
67 4 1 30 28
67 4 1 31 28
67 4 1 32 28
67 4 1 33 28
67 4 1 34 28
67 4 1 35 28
67 4 1 36 28
67 4 1 37 28
67 4 1 38 28
67 4 1 39 28
67 4 1 40 28
67 4 1 41 28
67 4 1 42 28
67 4 1 43 28
67 4 1 44 28
67 4 1 45 28
67 4 1 46 28
67 4 1 47 28
67 4 1 48 28
67 4 1 49 28
67 4 1 50 28
67 4 1 51 28
67 4 1 52 28
67 4 1 53 28
67 4 1 54 28
67 4 1 55 28
67 4 1 56 28
67 4 1 57 28
67 4 1 58 28
67 4 1 59 28
67 4 1 60 28
67 4 1 61 28
67 4 1 62 28
67 4 1 63 24
67 4 1 64 24
67 4 1 65 248
67 5 0 2 28320
67 5 0 3 449806
67 5 0 4 3217468
67 5 0 5 7666788
67 5 0 6 12736104
67 5 0 7 18843192
67 5 0 8 25252928
67 5 0 9 31850220
67 5 0 10 38524160
67 5 0 11 45178104
67 5 0 12 51717676
67 5 0 13 58063596
67 5 0 14 64137856
67 5 0 15 69878824
67 5 0 16 75224840
67 5 0 17 80131484
67 5 0 18 84554036
67 5 0 19 88465104
67 5 0 20 91836456
67 5 0 21 94658372
67 5 0 22 96918872
67 5 0 23 98623348
67 5 0 24 99772240
67 5 0 25 100381132
67 5 0 26 100460404
67 5 0 27 100036724
67 5 0 28 99130244
67 5 0 29 97777716
67 5 0 30 96010388
67 5 0 31 93873140
67 5 0 32 91404544
67 5 0 33 88653048
67 5 0 34 85643544
67 5 0 35 82413444
67 5 0 36 78990080
67 5 0 37 75409712
67 5 0 38 71697544
67 5 0 39 67887188
67 5 0 40 64001796
67 5 0 41 60072256
67 5 0 42 56119732
67 5 0 43 52172336
67 5 0 44 48249296
67 5 0 45 44375884
67 5 0 46 40569468
67 5 0 47 36852404
67 5 0 48 33240264
67 5 0 49 29752436
67 5 0 50 26402748
67 5 0 51 23207556
67 5 0 52 20179016
67 5 0 53 17330380
67 5 0 54 14672200
67 5 0 55 12214568
67 5 0 56 9966484
67 5 0 57 7935404
67 5 0 58 6128224
67 5 0 59 4548504
67 5 0 60 3202956
67 5 0 61 2102368
67 5 0 62 1244076
67 5 0 63 630558
67 5 0 64 176428
67 5 1 2 960
67 5 1 3 2948
67 5 1 4 4056
67 5 1 5 4664
67 5 1 6 4684
67 5 1 7 4704
67 5 1 8 4724
67 5 1 9 4744
67 5 1 10 4764
67 5 1 11 4784
67 5 1 12 4804
67 5 1 13 4824
67 5 1 14 4844
67 5 1 15 4864
67 5 1 16 4884
67 5 1 17 4904
67 5 1 18 4924
67 5 1 19 4944
67 5 1 20 4964
67 5 1 21 4984
67 5 1 22 5004
67 5 1 23 5024
67 5 1 24 5044
67 5 1 25 5064
67 5 1 26 5084
67 5 1 27 5104
67 5 1 28 5124
67 5 1 29 5144
67 5 1 30 5164
67 5 1 31 5184
67 5 1 32 5184
67 5 1 33 5144
67 5 1 34 5084
67 5 1 35 5024
67 5 1 36 4964
67 5 1 37 4904
67 5 1 38 4844
67 5 1 39 4784
67 5 1 40 4724
67 5 1 41 4664
67 5 1 42 4604
67 5 1 43 4544
67 5 1 44 4484
67 5 1 45 4424
67 5 1 46 4364
67 5 1 47 4304
67 5 1 48 4244
67 5 1 49 4184
67 5 1 50 4124
67 5 1 51 4064
67 5 1 52 4004
67 5 1 53 3944
67 5 1 54 3884
67 5 1 55 3824
67 5 1 56 3764
67 5 1 57 3704
67 5 1 58 3644
67 5 1 59 3584
67 5 1 60 3528
67 5 1 61 3472
67 5 1 62 3436
67 5 1 63 2932
67 5 1 64 2916
67 5 2 2 4
67 5 2 3 4
67 5 2 63 4
67 5 2 64 4
67 6 0 2 560744
67 6 0 3 6520466
67 6 0 4 43142636
67 6 0 5 127419068
67 6 0 6 252969488
67 6 0 7 429877098
67 6 0 8 638685720
67 6 0 9 871789422
67 6 0 10 1122329848
67 6 0 11 1383627356
67 6 0 12 1649420454
67 6 0 13 1914031028
67 6 0 14 2172218892
67 6 0 15 2419413750
67 6 0 16 2651500424
67 6 0 17 2865113110
67 6 0 18 3057348412
67 6 0 19 3226069322
67 6 0 20 3369548518
67 6 0 21 3486820630
67 6 0 22 3577287124
67 6 0 23 3641065558
67 6 0 24 3678514032
67 6 0 25 3690572048
67 6 0 26 3678313026
67 6 0 27 3643283458
67 6 0 28 3587049506
67 6 0 29 3511533806
67 6 0 30 3418581504
67 6 0 31 3310267348
67 6 0 32 3188578104
67 6 0 33 3055713684
67 6 0 34 2913576360
67 6 0 35 2764118510
67 6 0 36 2609068612
67 6 0 37 2450163192
67 6 0 38 2288933690
67 6 0 39 2126895552
67 6 0 40 1965385448
67 6 0 41 1805696666
67 6 0 42 1648972016
67 6 0 43 1496284102
67 6 0 44 1348581252
67 6 0 45 1206716076
67 6 0 46 1071443882
67 6 0 47 943397014
67 6 0 48 823137656
67 6 0 49 711080578
67 6 0 50 607593000
67 6 0 51 512873826
67 6 0 52 427095360
67 6 0 53 350241758
67 6 0 54 282289866
67 6 0 55 223012528
67 6 0 56 172188160
67 6 0 57 129370096
67 6 0 58 94131764
67 6 0 59 65830076
67 6 0 60 43827676
67 6 0 61 27409446
67 6 0 62 15511192
67 6 0 63 7120986
67 6 0 64 2318960
67 6 1 2 29016
67 6 1 3 72352
67 6 1 4 150128
67 6 1 5 235292
67 6 1 6 261344
67 6 1 7 286732
67 6 1 8 310876
67 6 1 9 333812
67 6 1 10 355504
67 6 1 11 375988
67 6 1 12 395228
67 6 1 13 413260
67 6 1 14 430048
67 6 1 15 445628
67 6 1 16 459964
67 6 1 17 473092
67 6 1 18 484976
67 6 1 19 495652
67 6 1 20 505084
67 6 1 21 513308
67 6 1 22 520288
67 6 1 23 526060
67 6 1 24 530588
67 6 1 25 533908
67 6 1 26 535984
67 6 1 27 536852
67 6 1 28 536476
67 6 1 29 534892
67 6 1 30 532068
67 6 1 31 528056
67 6 1 32 522140
67 6 1 33 514636
67 6 1 34 506628
67 6 1 35 498140
67 6 1 36 489136
67 6 1 37 479652
67 6 1 38 469652
67 6 1 39 459172
67 6 1 40 448176
67 6 1 41 436700
67 6 1 42 424708
67 6 1 43 412236
67 6 1 44 399248
67 6 1 45 385780
67 6 1 46 371796
67 6 1 47 357332
67 6 1 48 342352
67 6 1 49 326892
67 6 1 50 310916
67 6 1 51 294460
67 6 1 52 277488
67 6 1 53 260036
67 6 1 54 242068
67 6 1 55 223620
67 6 1 56 204652
67 6 1 57 185204
67 6 1 58 165236
67 6 1 59 144760
67 6 1 60 124176
67 6 1 61 103212
67 6 1 62 85736
67 6 1 63 70452
67 6 1 64 58088
67 6 2 2 246
67 6 2 3 280
67 6 2 4 48
67 6 2 5 56
67 6 2 6 56
67 6 2 7 56
67 6 2 8 56
67 6 2 9 56
67 6 2 10 56
67 6 2 11 56
67 6 2 12 56
67 6 2 13 56
67 6 2 14 56
67 6 2 15 56
67 6 2 16 56
67 6 2 17 56
67 6 2 18 56
67 6 2 19 56
67 6 2 20 56
67 6 2 21 56
67 6 2 22 56
67 6 2 23 56
67 6 2 24 56
67 6 2 25 56
67 6 2 26 56
67 6 2 27 56
67 6 2 28 56
67 6 2 29 56
67 6 2 30 56
67 6 2 31 56
67 6 2 32 56
67 6 2 33 56
67 6 2 34 56
67 6 2 35 56
67 6 2 36 56
67 6 2 37 56
67 6 2 38 56
67 6 2 39 56
67 6 2 40 56
67 6 2 41 56
67 6 2 42 56
67 6 2 43 56
67 6 2 44 56
67 6 2 45 56
67 6 2 46 56
67 6 2 47 56
67 6 2 48 56
67 6 2 49 56
67 6 2 50 56
67 6 2 51 56
67 6 2 52 56
67 6 2 53 56
67 6 2 54 56
67 6 2 55 56
67 6 2 56 56
67 6 2 57 56
67 6 2 58 56
67 6 2 59 56
67 6 2 60 52
67 6 2 61 48
67 6 2 62 52
67 6 2 63 270
67 6 2 64 240
68 0 0 1 1
68 0 0 68 1
68 1 0 2 4
68 1 0 3 4
68 1 0 4 4
68 1 0 5 4
68 1 0 6 4
68 1 0 7 4
68 1 0 8 4
68 1 0 9 4
68 1 0 10 4
68 1 0 11 4
68 1 0 12 4
68 1 0 13 4
68 1 0 14 4
68 1 0 15 4
68 1 0 16 4
68 1 0 17 4
68 1 0 18 4
68 1 0 19 4
68 1 0 20 4
68 1 0 21 4
68 1 0 22 4
68 1 0 23 4
68 1 0 24 4
68 1 0 25 4
68 1 0 26 4
68 1 0 27 4
68 1 0 28 4
68 1 0 29 4
68 1 0 30 4
68 1 0 31 4
68 1 0 32 4
68 1 0 33 4
68 1 0 34 4
68 1 0 35 4
68 1 0 36 4
68 1 0 37 4
68 1 0 38 4
68 1 0 39 4
68 1 0 40 4
68 1 0 41 4
68 1 0 42 4
68 1 0 43 4
68 1 0 44 4
68 1 0 45 4
68 1 0 46 4
68 1 0 47 4
68 1 0 48 4
68 1 0 49 4
68 1 0 50 4
68 1 0 51 4
68 1 0 52 4
68 1 0 53 4
68 1 0 54 4
68 1 0 55 4
68 1 0 56 4
68 1 0 57 4
68 1 0 58 4
68 1 0 59 4
68 1 0 60 4
68 1 0 61 4
68 1 0 62 4
68 1 0 63 4
68 1 0 64 4
68 1 0 65 4
68 1 0 66 4
68 1 0 67 4
68 2 0 2 262
68 2 0 3 270
68 2 0 4 396
68 2 0 5 398
68 2 0 6 400
68 2 0 7 402
68 2 0 8 404
68 2 0 9 406
68 2 0 10 408
68 2 0 11 410
68 2 0 12 412
68 2 0 13 414
68 2 0 14 416
68 2 0 15 418
68 2 0 16 420
68 2 0 17 422
68 2 0 18 424
68 2 0 19 426
68 2 0 20 428
68 2 0 21 430
68 2 0 22 432
68 2 0 23 434
68 2 0 24 436
68 2 0 25 438
68 2 0 26 440
68 2 0 27 442
68 2 0 28 444
68 2 0 29 446
68 2 0 30 448
68 2 0 31 450
68 2 0 32 452
68 2 0 33 454
68 2 0 34 450
68 2 0 35 444
68 2 0 36 438
68 2 0 37 432
68 2 0 38 426
68 2 0 39 420
68 2 0 40 414
68 2 0 41 408
68 2 0 42 402
68 2 0 43 396
68 2 0 44 390
68 2 0 45 384
68 2 0 46 378
68 2 0 47 372
68 2 0 48 366
68 2 0 49 360
68 2 0 50 354
68 2 0 51 348
68 2 0 52 342
68 2 0 53 336
68 2 0 54 330
68 2 0 55 324
68 2 0 56 318
68 2 0 57 312
68 2 0 58 306
68 2 0 59 300
68 2 0 60 294
68 2 0 61 288
68 2 0 62 282
68 2 0 63 276
68 2 0 64 270
68 2 0 65 268
68 2 0 66 262
68 2 0 67 260
68 3 0 2 504
68 3 0 3 2756
68 3 0 4 12104
68 3 0 5 14296
68 3 0 6 16392
68 3 0 7 18392
68 3 0 8 20300
68 3 0 9 22112
68 3 0 10 23832
68 3 0 11 25456
68 3 0 12 26988
68 3 0 13 28424
68 3 0 14 29768
68 3 0 15 31016
68 3 0 16 32172
68 3 0 17 33232
68 3 0 18 34200
68 3 0 19 35072
68 3 0 20 35852
68 3 0 21 36536
68 3 0 22 37128
68 3 0 23 37624
68 3 0 24 38028
68 3 0 25 38336
68 3 0 26 38552
68 3 0 27 38672
68 3 0 28 38700
68 3 0 29 38632
68 3 0 30 38472
68 3 0 31 38216
68 3 0 32 37868
68 3 0 33 37424
68 3 0 34 36920
68 3 0 35 36380
68 3 0 36 35804
68 3 0 37 35188
68 3 0 38 34536
68 3 0 39 33844
68 3 0 40 33116
68 3 0 41 32348
68 3 0 42 31544
68 3 0 43 30700
68 3 0 44 29820
68 3 0 45 28900
68 3 0 46 27944
68 3 0 47 26948
68 3 0 48 25916
68 3 0 49 24844
68 3 0 50 23736
68 3 0 51 22588
68 3 0 52 21404
68 3 0 53 20180
68 3 0 54 18920
68 3 0 55 17620
68 3 0 56 16284
68 3 0 57 14908
68 3 0 58 13496
68 3 0 59 12044
68 3 0 60 10556
68 3 0 61 9028
68 3 0 62 7460
68 3 0 63 5856
68 3 0 64 4216
68 3 0 65 3008
68 3 0 66 1272
68 3 1 2 4
68 3 1 66 4
68 4 0 2 15868
68 4 0 3 68321
68 4 0 4 230165
68 4 0 5 390087
68 4 0 6 544502
68 4 0 7 701087
68 4 0 8 851471
68 4 0 9 995419
68 4 0 10 1132828
68 4 0 11 1263439
68 4 0 12 1387173
68 4 0 13 1503747
68 4 0 14 1613106
68 4 0 15 1714943
68 4 0 16 1809227
68 4 0 17 1895627
68 4 0 18 1974136
68 4 0 19 2044399
68 4 0 20 2106433
68 4 0 21 2159859
68 4 0 22 2204722
68 4 0 23 2240759
68 4 0 24 2268375
68 4 0 25 2287513
68 4 0 26 2298618
68 4 0 27 2301615
68 4 0 28 2296967
68 4 0 29 2284581
68 4 0 30 2264938
68 4 0 31 2237923
68 4 0 32 2203893
68 4 0 33 2162583
68 4 0 34 2115912
68 4 0 35 2064570
68 4 0 36 2009197
68 4 0 37 1949772
68 4 0 38 1886992
68 4 0 39 1820818
68 4 0 40 1751965
68 4 0 41 1680376
68 4 0 42 1606784
68 4 0 43 1531114
68 4 0 44 1454117
68 4 0 45 1375700
68 4 0 46 1296632
68 4 0 47 1216802
68 4 0 48 1136997
68 4 0 49 1057088
68 4 0 50 977880
68 4 0 51 899226
68 4 0 52 821949
68 4 0 53 745884
68 4 0 54 671872
68 4 0 55 599730
68 4 0 56 530317
68 4 0 57 463432
68 4 0 58 399956
68 4 0 59 339666
68 4 0 60 283457
68 4 0 61 231096
68 4 0 62 182956
68 4 0 63 139790
68 4 0 64 102339
68 4 0 65 64490
68 4 0 66 31816
68 4 1 2 256
68 4 1 3 24
68 4 1 4 28
68 4 1 5 28
68 4 1 6 28
68 4 1 7 28
68 4 1 8 28
68 4 1 9 28
68 4 1 10 28
68 4 1 11 28
68 4 1 12 28
68 4 1 13 28
68 4 1 14 28
68 4 1 15 28
68 4 1 16 28
68 4 1 17 28
68 4 1 18 28
68 4 1 19 28
68 4 1 20 28
68 4 1 21 28
68 4 1 22 28
68 4 1 23 28
68 4 1 24 28
68 4 1 25 28
68 4 1 26 28
68 4 1 27 28
68 4 1 28 28
68 4 1 29 28
68 4 1 30 28
68 4 1 31 28
68 4 1 32 28
68 4 1 33 28
68 4 1 34 28
68 4 1 35 28
68 4 1 36 28
68 4 1 37 28
68 4 1 38 28
68 4 1 39 28
68 4 1 40 28
68 4 1 41 28
68 4 1 42 28
68 4 1 43 28
68 4 1 44 28
68 4 1 45 28
68 4 1 46 28
68 4 1 47 28
68 4 1 48 28
68 4 1 49 28
68 4 1 50 28
68 4 1 51 28
68 4 1 52 28
68 4 1 53 28
68 4 1 54 28
68 4 1 55 28
68 4 1 56 28
68 4 1 57 28
68 4 1 58 28
68 4 1 59 28
68 4 1 60 28
68 4 1 61 28
68 4 1 62 28
68 4 1 63 28
68 4 1 64 24
68 4 1 65 24
68 4 1 66 252
68 5 0 2 29280
68 5 0 3 465110
68 5 0 4 3362720
68 5 0 5 8019052
68 5 0 6 13322916
68 5 0 7 19718592
68 5 0 8 26438096
68 5 0 9 33358652
68 5 0 10 40372260
68 5 0 11 47373584
68 5 0 12 54272048
68 5 0 13 60978660
68 5 0 14 67420504
68 5 0 15 73524900
68 5 0 16 79236216
68 5 0 17 84498628
68 5 0 18 89273592
68 5 0 19 93521748
68 5 0 20 97222236
68 5 0 21 100352056
68 5 0 22 102907340
68 5 0 23 104881336
68 5 0 24 106283024
68 5 0 25 107115960
68 5 0 26 107400224
68 5 0 27 107149108
68 5 0 28 106392836
68 5 0 29 105155704
68 5 0 30 103477752
68 5 0 31 101392960
68 5 0 32 98950416
68 5 0 33 96189608
68 5 0 34 93153472
68 5 0 35 89866640
68 5 0 36 86368116
68 5 0 37 82685076
68 5 0 38 78853928
68 5 0 39 74899736
68 5 0 40 70856244
68 5 0 41 66746480
68 5 0 42 62601448
68 5 0 43 58442204
68 5 0 44 54296960
68 5 0 45 50184852
68 5 0 46 46131236
68 5 0 47 42153404
68 5 0 48 38273780
68 5 0 49 34507876
68 5 0 50 30875132
68 5 0 51 27389332
68 5 0 52 24066868
68 5 0 53 20919868
68 5 0 54 17961604
68 5 0 55 15202616
68 5 0 56 12653000
68 5 0 57 10321760
68 5 0 58 8216352
68 5 0 59 6343680
68 5 0 60 4707276
68 5 0 61 3313900
68 5 0 62 2174484
68 5 0 63 1286280
68 5 0 64 651802
68 5 0 65 182296
68 5 1 2 976
68 5 1 3 2996
68 5 1 4 4124
68 5 1 5 4740
68 5 1 6 4760
68 5 1 7 4780
68 5 1 8 4800
68 5 1 9 4820
68 5 1 10 4840
68 5 1 11 4860
68 5 1 12 4880
68 5 1 13 4900
68 5 1 14 4920
68 5 1 15 4940
68 5 1 16 4960
68 5 1 17 4980
68 5 1 18 5000
68 5 1 19 5020
68 5 1 20 5040
68 5 1 21 5060
68 5 1 22 5080
68 5 1 23 5100
68 5 1 24 5120
68 5 1 25 5140
68 5 1 26 5160
68 5 1 27 5180
68 5 1 28 5200
68 5 1 29 5220
68 5 1 30 5240
68 5 1 31 5260
68 5 1 32 5276
68 5 1 33 5256
68 5 1 34 5200
68 5 1 35 5140
68 5 1 36 5080
68 5 1 37 5020
68 5 1 38 4960
68 5 1 39 4900
68 5 1 40 4840
68 5 1 41 4780
68 5 1 42 4720
68 5 1 43 4660
68 5 1 44 4600
68 5 1 45 4540
68 5 1 46 4480
68 5 1 47 4420
68 5 1 48 4360
68 5 1 49 4300
68 5 1 50 4240
68 5 1 51 4180
68 5 1 52 4120
68 5 1 53 4060
68 5 1 54 4000
68 5 1 55 3940
68 5 1 56 3880
68 5 1 57 3820
68 5 1 58 3760
68 5 1 59 3700
68 5 1 60 3640
68 5 1 61 3584
68 5 1 62 3528
68 5 1 63 3492
68 5 1 64 2980
68 5 1 65 2964
68 5 2 2 4
68 5 2 3 4
68 5 2 64 4
68 5 2 65 4
68 6 0 2 589528
68 6 0 3 6840946
68 6 0 4 45553886
68 6 0 5 134664180
68 6 0 6 267426378
68 6 0 7 454899500
68 6 0 8 676443436
68 6 0 9 924129176
68 6 0 10 1190871438
68 6 0 11 1469651358
68 6 0 12 1753999512
68 6 0 13 2037876430
68 6 0 14 2315878552
68 6 0 15 2583048356
68 6 0 16 2835148328
68 6 0 17 3068410192
68 6 0 18 3279849638
68 6 0 19 3466928098
68 6 0 20 3627896580
68 6 0 21 3761391292
68 6 0 22 3866834076
68 6 0 23 3943988194
68 6 0 24 3993292834
68 6 0 25 4015388884
68 6 0 26 4011487470
68 6 0 27 3982883806
68 6 0 28 3931330316
68 6 0 29 3858566628
68 6 0 30 3766656484
68 6 0 31 3657554802
68 6 0 32 3533459172
68 6 0 33 3396477090
68 6 0 34 3248819686
68 6 0 35 3092407528
68 6 0 36 2929215592
68 6 0 37 2760984670
68 6 0 38 2589464316
68 6 0 39 2416194800
68 6 0 40 2242699988
68 6 0 41 2070321880
68 6 0 42 1900357592
68 6 0 43 1733951714
68 6 0 44 1572176170
68 6 0 45 1415977434
68 6 0 46 1266202978
68 6 0 47 1123602606
68 6 0 48 988799082
68 6 0 49 862345386
68 6 0 50 744642350
68 6 0 51 636044206
68 6 0 52 536731612
68 6 0 53 446860070
68 6 0 54 366391212
68 6 0 55 295281230
68 6 0 56 233276238
68 6 0 57 180130064
68 6 0 58 135364946
68 6 0 59 98525656
68 6 0 60 68934094
68 6 0 61 45920060
68 6 0 62 28735832
68 6 0 63 16272800
68 6 0 64 7479520
68 6 0 65 2436584
68 6 1 2 29988
68 6 1 3 74540
68 6 1 4 154603
68 6 1 5 242341
68 6 1 6 268903
68 6 1 7 294777
68 6 1 8 319443
68 6 1 9 342865
68 6 1 10 365079
68 6 1 11 386049
68 6 1 12 405811
68 6 1 13 424329
68 6 1 14 441639
68 6 1 15 457705
68 6 1 16 472563
68 6 1 17 486177
68 6 1 18 498583
68 6 1 19 509745
68 6 1 20 519699
68 6 1 21 528409
68 6 1 22 535911
68 6 1 23 542169
68 6 1 24 547219
68 6 1 25 551025
68 6 1 26 553623
68 6 1 27 554977
68 6 1 28 555123
68 6 1 29 554025
68 6 1 30 551719
68 6 1 31 548181
68 6 1 32 543289
68 6 1 33 536154
68 6 1 34 528262
68 6 1 35 519864
68 6 1 36 510986
68 6 1 37 501592
68 6 1 38 491718
68 6 1 39 481328
68 6 1 40 470458
68 6 1 41 459072
68 6 1 42 447206
68 6 1 43 434824
68 6 1 44 421962
68 6 1 45 408584
68 6 1 46 394726
68 6 1 47 380352
68 6 1 48 365498
68 6 1 49 350128
68 6 1 50 334278
68 6 1 51 317912
68 6 1 52 301066
68 6 1 53 283704
68 6 1 54 265862
68 6 1 55 247504
68 6 1 56 228666
68 6 1 57 209308
68 6 1 58 189470
68 6 1 59 169112
68 6 1 60 148246
68 6 1 61 127280
68 6 1 62 105936
68 6 1 63 88152
68 6 1 64 72604
68 6 1 65 60032
68 6 2 2 250
68 6 2 3 284
68 6 2 4 48
68 6 2 5 56
68 6 2 6 56
68 6 2 7 56
68 6 2 8 56
68 6 2 9 56
68 6 2 10 56
68 6 2 11 56
68 6 2 12 56
68 6 2 13 56
68 6 2 14 56
68 6 2 15 56
68 6 2 16 56
68 6 2 17 56
68 6 2 18 56
68 6 2 19 56
68 6 2 20 56
68 6 2 21 56
68 6 2 22 56
68 6 2 23 56
68 6 2 24 56
68 6 2 25 56
68 6 2 26 56
68 6 2 27 56
68 6 2 28 56
68 6 2 29 56
68 6 2 30 56
68 6 2 31 56
68 6 2 32 56
68 6 2 33 56
68 6 2 34 56
68 6 2 35 56
68 6 2 36 56
68 6 2 37 56
68 6 2 38 56
68 6 2 39 56
68 6 2 40 56
68 6 2 41 56
68 6 2 42 56
68 6 2 43 56
68 6 2 44 56
68 6 2 45 56
68 6 2 46 56
68 6 2 47 56
68 6 2 48 56
68 6 2 49 56
68 6 2 50 56
68 6 2 51 56
68 6 2 52 56
68 6 2 53 56
68 6 2 54 56
68 6 2 55 56
68 6 2 56 56
68 6 2 57 56
68 6 2 58 56
68 6 2 59 56
68 6 2 60 56
68 6 2 61 52
68 6 2 62 48
68 6 2 63 52
68 6 2 64 274
68 6 2 65 244
69 0 0 1 1
69 0 0 69 1
69 1 0 2 4
69 1 0 3 4
69 1 0 4 4
69 1 0 5 4
69 1 0 6 4
69 1 0 7 4
69 1 0 8 4
69 1 0 9 4
69 1 0 10 4
69 1 0 11 4
69 1 0 12 4
69 1 0 13 4
69 1 0 14 4
69 1 0 15 4
69 1 0 16 4
69 1 0 17 4
69 1 0 18 4
69 1 0 19 4
69 1 0 20 4
69 1 0 21 4
69 1 0 22 4
69 1 0 23 4
69 1 0 24 4
69 1 0 25 4
69 1 0 26 4
69 1 0 27 4
69 1 0 28 4
69 1 0 29 4
69 1 0 30 4
69 1 0 31 4
69 1 0 32 4
69 1 0 33 4
69 1 0 34 4
69 1 0 35 4
69 1 0 36 4
69 1 0 37 4
69 1 0 38 4
69 1 0 39 4
69 1 0 40 4
69 1 0 41 4
69 1 0 42 4
69 1 0 43 4
69 1 0 44 4
69 1 0 45 4
69 1 0 46 4
69 1 0 47 4
69 1 0 48 4
69 1 0 49 4
69 1 0 50 4
69 1 0 51 4
69 1 0 52 4
69 1 0 53 4
69 1 0 54 4
69 1 0 55 4
69 1 0 56 4
69 1 0 57 4
69 1 0 58 4
69 1 0 59 4
69 1 0 60 4
69 1 0 61 4
69 1 0 62 4
69 1 0 63 4
69 1 0 64 4
69 1 0 65 4
69 1 0 66 4
69 1 0 67 4
69 1 0 68 4
69 2 0 2 266
69 2 0 3 274
69 2 0 4 402
69 2 0 5 404
69 2 0 6 406
69 2 0 7 408
69 2 0 8 410
69 2 0 9 412
69 2 0 10 414
69 2 0 11 416
69 2 0 12 418
69 2 0 13 420
69 2 0 14 422
69 2 0 15 424
69 2 0 16 426
69 2 0 17 428
69 2 0 18 430
69 2 0 19 432
69 2 0 20 434
69 2 0 21 436
69 2 0 22 438
69 2 0 23 440
69 2 0 24 442
69 2 0 25 444
69 2 0 26 446
69 2 0 27 448
69 2 0 28 450
69 2 0 29 452
69 2 0 30 454
69 2 0 31 456
69 2 0 32 458
69 2 0 33 460
69 2 0 34 460
69 2 0 35 454
69 2 0 36 448
69 2 0 37 442
69 2 0 38 436
69 2 0 39 430
69 2 0 40 424
69 2 0 41 418
69 2 0 42 412
69 2 0 43 406
69 2 0 44 400
69 2 0 45 394
69 2 0 46 388
69 2 0 47 382
69 2 0 48 376
69 2 0 49 370
69 2 0 50 364
69 2 0 51 358
69 2 0 52 352
69 2 0 53 346
69 2 0 54 340
69 2 0 55 334
69 2 0 56 328
69 2 0 57 322
69 2 0 58 316
69 2 0 59 310
69 2 0 60 304
69 2 0 61 298
69 2 0 62 292
69 2 0 63 286
69 2 0 64 280
69 2 0 65 274
69 2 0 66 272
69 2 0 67 266
69 2 0 68 264
69 3 0 2 512
69 3 0 3 2800
69 3 0 4 12420
69 3 0 5 14652
69 3 0 6 16784
69 3 0 7 18824
69 3 0 8 20768
69 3 0 9 22620
69 3 0 10 24376
69 3 0 11 26040
69 3 0 12 27608
69 3 0 13 29084
69 3 0 14 30464
69 3 0 15 31752
69 3 0 16 32944
69 3 0 17 34044
69 3 0 18 35048
69 3 0 19 35960
69 3 0 20 36776
69 3 0 21 37500
69 3 0 22 38128
69 3 0 23 38664
69 3 0 24 39104
69 3 0 25 39452
69 3 0 26 39704
69 3 0 27 39864
69 3 0 28 39928
69 3 0 29 39900
69 3 0 30 39776
69 3 0 31 39560
69 3 0 32 39248
69 3 0 33 38844
69 3 0 34 38356
69 3 0 35 37828
69 3 0 36 37260
69 3 0 37 36656
69 3 0 38 36012
69 3 0 39 35332
69 3 0 40 34612
69 3 0 41 33856
69 3 0 42 33060
69 3 0 43 32228
69 3 0 44 31356
69 3 0 45 30448
69 3 0 46 29500
69 3 0 47 28516
69 3 0 48 27492
69 3 0 49 26432
69 3 0 50 25332
69 3 0 51 24196
69 3 0 52 23020
69 3 0 53 21808
69 3 0 54 20556
69 3 0 55 19268
69 3 0 56 17940
69 3 0 57 16576
69 3 0 58 15172
69 3 0 59 13732
69 3 0 60 12252
69 3 0 61 10736
69 3 0 62 9180
69 3 0 63 7584
69 3 0 64 5952
69 3 0 65 4284
69 3 0 66 3056
69 3 0 67 1292
69 3 1 2 4
69 3 1 67 4
69 4 0 2 16376
69 4 0 3 70434
69 4 0 4 238222
69 4 0 5 403395
69 4 0 6 562958
69 4 0 7 724992
69 4 0 8 880686
69 4 0 9 1029925
69 4 0 10 1172462
69 4 0 11 1308206
69 4 0 12 1436886
69 4 0 13 1558435
69 4 0 14 1672558
69 4 0 15 1779212
69 4 0 16 1878078
69 4 0 17 1969137
69 4 0 18 2052046
69 4 0 19 2126810
69 4 0 20 2193062
69 4 0 21 2250831
69 4 0 22 2299726
69 4 0 23 2339866
69 4 0 24 2371136
69 4 0 25 2393973
69 4 0 26 2408310
69 4 0 27 2414602
69 4 0 28 2412764
69 4 0 29 2403269
69 4 0 30 2386014
69 4 0 31 2361490
69 4 0 32 2329560
69 4 0 33 2290551
69 4 0 34 2244596
69 4 0 35 2193997
69 4 0 36 2138778
69 4 0 37 2079628
69 4 0 38 2016516
69 4 0 39 1950149
69 4 0 40 1880478
69 4 0 41 1808228
69 4 0 42 1733332
69 4 0 43 1656533
69 4 0 44 1577746
69 4 0 45 1497732
69 4 0 46 1416388
69 4 0 47 1334493
69 4 0 48 1251926
69 4 0 49 1169484
69 4 0 50 1087028
69 4 0 51 1005373
69 4 0 52 924362
69 4 0 53 844828
69 4 0 54 766596
69 4 0 55 690517
69 4 0 56 616398
69 4 0 57 545108
69 4 0 58 476436
69 4 0 59 411273
69 4 0 60 349386
69 4 0 61 291680
69 4 0 62 237912
69 4 0 63 188455
69 4 0 64 144070
69 4 0 65 105504
69 4 0 66 66538
69 4 0 67 32833
69 4 1 2 260
69 4 1 3 24
69 4 1 4 28
69 4 1 5 28
69 4 1 6 28
69 4 1 7 28
69 4 1 8 28
69 4 1 9 28
69 4 1 10 28
69 4 1 11 28
69 4 1 12 28
69 4 1 13 28
69 4 1 14 28
69 4 1 15 28
69 4 1 16 28
69 4 1 17 28
69 4 1 18 28
69 4 1 19 28
69 4 1 20 28
69 4 1 21 28
69 4 1 22 28
69 4 1 23 28
69 4 1 24 28
69 4 1 25 28
69 4 1 26 28
69 4 1 27 28
69 4 1 28 28
69 4 1 29 28
69 4 1 30 28
69 4 1 31 28
69 4 1 32 28
69 4 1 33 28
69 4 1 34 28
69 4 1 35 28
69 4 1 36 28
69 4 1 37 28
69 4 1 38 28
69 4 1 39 28
69 4 1 40 28
69 4 1 41 28
69 4 1 42 28
69 4 1 43 28
69 4 1 44 28
69 4 1 45 28
69 4 1 46 28
69 4 1 47 28
69 4 1 48 28
69 4 1 49 28
69 4 1 50 28
69 4 1 51 28
69 4 1 52 28
69 4 1 53 28
69 4 1 54 28
69 4 1 55 28
69 4 1 56 28
69 4 1 57 28
69 4 1 58 28
69 4 1 59 28
69 4 1 60 28
69 4 1 61 28
69 4 1 62 28
69 4 1 63 28
69 4 1 64 28
69 4 1 65 24
69 4 1 66 24
69 4 1 67 256
69 5 0 2 30256
69 5 0 3 480670
69 5 0 4 3512382
69 5 0 5 8382370
69 5 0 6 13925402
69 5 0 7 20618862
69 5 0 8 27653238
69 5 0 9 34908122
69 5 0 10 42267250
69 5 0 11 49628730
69 5 0 12 56892606
69 5 0 13 63974646
69 5 0 14 70791194
69 5 0 15 77275362
69 5 0 16 83360254
69 5 0 17 88996154
69 5 0 18 94132594
69 5 0 19 98737542
69 5 0 20 102776878
69 5 0 21 106235650
69 5 0 22 109096906
69 5 0 23 111362082
69 5 0 24 113027914
69 5 0 25 114107858
69 5 0 26 114608390
69 5 0 27 114553174
69 5 0 28 113959590
69 5 0 29 112861190
69 5 0 30 111285362
69 5 0 31 109276790
69 5 0 32 106870950
69 5 0 33 104119622
69 5 0 34 101061760
69 5 0 35 97734408
69 5 0 36 94165256
69 5 0 37 90393476
69 5 0 38 86446088
69 5 0 39 82359648
69 5 0 40 78159080
69 5 0 41 73878260
69 5 0 42 69540092
69 5 0 43 65175696
69 5 0 44 60806020
69 5 0 45 56459376
69 5 0 46 52154808
69 5 0 47 47917756
69 5 0 48 43765436
69 5 0 49 39720340
69 5 0 50 35797920
69 5 0 51 32017668
69 5 0 52 28393324
69 5 0 53 24941316
69 5 0 54 21673744
69 5 0 55 18603900
69 5 0 56 15742312
69 5 0 57 13099080
69 5 0 58 10683212
69 5 0 59 8502164
69 5 0 60 6562848
69 5 0 61 4868768
69 5 0 62 3426732
69 5 0 63 2247816
69 5 0 64 1329188
69 5 0 65 673398
69 5 0 66 188260
69 5 1 2 992
69 5 1 3 3044
69 5 1 4 4188
69 5 1 5 4816
69 5 1 6 4836
69 5 1 7 4856
69 5 1 8 4876
69 5 1 9 4896
69 5 1 10 4916
69 5 1 11 4936
69 5 1 12 4956
69 5 1 13 4976
69 5 1 14 4996
69 5 1 15 5016
69 5 1 16 5036
69 5 1 17 5056
69 5 1 18 5076
69 5 1 19 5096
69 5 1 20 5116
69 5 1 21 5136
69 5 1 22 5156
69 5 1 23 5176
69 5 1 24 5196
69 5 1 25 5216
69 5 1 26 5236
69 5 1 27 5256
69 5 1 28 5276
69 5 1 29 5296
69 5 1 30 5316
69 5 1 31 5336
69 5 1 32 5356
69 5 1 33 5356
69 5 1 34 5316
69 5 1 35 5256
69 5 1 36 5196
69 5 1 37 5136
69 5 1 38 5076
69 5 1 39 5016
69 5 1 40 4956
69 5 1 41 4896
69 5 1 42 4836
69 5 1 43 4776
69 5 1 44 4716
69 5 1 45 4656
69 5 1 46 4596
69 5 1 47 4536
69 5 1 48 4476
69 5 1 49 4416
69 5 1 50 4356
69 5 1 51 4296
69 5 1 52 4236
69 5 1 53 4176
69 5 1 54 4116
69 5 1 55 4056
69 5 1 56 3996
69 5 1 57 3936
69 5 1 58 3876
69 5 1 59 3816
69 5 1 60 3756
69 5 1 61 3696
69 5 1 62 3640
69 5 1 63 3584
69 5 1 64 3548
69 5 1 65 3028
69 5 1 66 3012
69 5 2 2 4
69 5 2 3 4
69 5 2 65 4
69 5 2 66 4
69 6 0 2 619280
69 6 0 3 7171680
69 6 0 4 48059058
69 6 0 5 142193714
69 6 0 6 282434738
69 6 0 7 480895378
69 6 0 8 715666788
69 6 0 9 978550656
69 6 0 10 1262145104
69 6 0 11 1559200416
69 6 0 12 1862889080
69 6 0 13 2166984614
69 6 0 14 2465699298
69 6 0 15 2753931488
69 6 0 16 3027039636
69 6 0 17 3281149200
69 6 0 18 3512857296
69 6 0 19 3719576794
69 6 0 20 3899139456
69 6 0 21 4050185234
69 6 0 22 4171731594
69 6 0 23 4263588230
69 6 0 24 4325847298
69 6 0 25 4359264524
69 6 0 26 4364746910
69 6 0 27 4343756932
69 6 0 28 4297807332
69 6 0 29 4228837902
69 6 0 30 4138742264
69 6 0 31 4029719252
69 6 0 32 3903822784
69 6 0 33 3763374382
69 6 0 34 3610571244
69 6 0 35 3447612984
69 6 0 36 3276451112
69 6 0 37 3099077434
69 6 0 38 2917244288
69 6 0 39 2732713408
69 6 0 40 2547033126
69 6 0 41 2361734880
69 6 0 42 2178165232
69 6 0 43 1997624278
69 6 0 44 1821257620
69 6 0 45 1650135654
69 6 0 46 1485202232
69 6 0 47 1327298840
69 6 0 48 1177169010
69 6 0 49 1035425078
69 6 0 50 902610052
69 6 0 51 779109978
69 6 0 52 665265332
69 6 0 53 561237678
69 6 0 54 467164948
69 6 0 55 382985402
69 6 0 56 308633810
69 6 0 57 243828708
69 6 0 58 188298568
69 6 0 59 141533684
69 6 0 60 103049404
69 6 0 61 72131768
69 6 0 62 48076964
69 6 0 63 30103962
69 6 0 64 17058840
69 6 0 65 7849886
69 6 0 66 2558120
69 6 1 2 30976
69 6 1 3 76760
69 6 1 4 159152
69 6 1 5 249464
69 6 1 6 276504
69 6 1 7 302900
69 6 1 8 328052
69 6 1 9 351996
69 6 1 10 374696
69 6 1 11 396188
69 6 1 12 416436
69 6 1 13 435476
69 6 1 14 453272
69 6 1 15 469860
69 6 1 16 485204
69 6 1 17 499340
69 6 1 18 512232
69 6 1 19 523916
69 6 1 20 534356
69 6 1 21 543588
69 6 1 22 551576
69 6 1 23 558356
69 6 1 24 563892
69 6 1 25 568220
69 6 1 26 571304
69 6 1 27 573180
69 6 1 28 573812
69 6 1 29 573236
69 6 1 30 571416
69 6 1 31 568392
69 6 1 32 564144
69 6 1 33 557996
69 6 1 34 550192
69 6 1 35 541920
69 6 1 36 533132
69 6 1 37 523864
69 6 1 38 514080
69 6 1 39 503816
69 6 1 40 493036
69 6 1 41 481776
69 6 1 42 470000
69 6 1 43 457744
69 6 1 44 444972
69 6 1 45 431720
69 6 1 46 417952
69 6 1 47 403704
69 6 1 48 388940
69 6 1 49 373696
69 6 1 50 357936
69 6 1 51 341696
69 6 1 52 324940
69 6 1 53 307704
69 6 1 54 289952
69 6 1 55 271720
69 6 1 56 252972
69 6 1 57 233744
69 6 1 58 213996
69 6 1 59 193768
69 6 1 60 173020
69 6 1 61 151764
69 6 1 62 130416
69 6 1 63 108692
69 6 1 64 90600
69 6 1 65 74788
69 6 1 66 62008
69 6 2 2 254
69 6 2 3 288
69 6 2 4 48
69 6 2 5 56
69 6 2 6 56
69 6 2 7 56
69 6 2 8 56
69 6 2 9 56
69 6 2 10 56
69 6 2 11 56
69 6 2 12 56
69 6 2 13 56
69 6 2 14 56
69 6 2 15 56
69 6 2 16 56
69 6 2 17 56
69 6 2 18 56
69 6 2 19 56
69 6 2 20 56
69 6 2 21 56
69 6 2 22 56
69 6 2 23 56
69 6 2 24 56
69 6 2 25 56
69 6 2 26 56
69 6 2 27 56
69 6 2 28 56
69 6 2 29 56
69 6 2 30 56
69 6 2 31 56
69 6 2 32 56
69 6 2 33 56
69 6 2 34 56
69 6 2 35 56
69 6 2 36 56
69 6 2 37 56
69 6 2 38 56
69 6 2 39 56
69 6 2 40 56
69 6 2 41 56
69 6 2 42 56
69 6 2 43 56
69 6 2 44 56
69 6 2 45 56
69 6 2 46 56
69 6 2 47 56
69 6 2 48 56
69 6 2 49 56
69 6 2 50 56
69 6 2 51 56
69 6 2 52 56
69 6 2 53 56
69 6 2 54 56
69 6 2 55 56
69 6 2 56 56
69 6 2 57 56
69 6 2 58 56
69 6 2 59 56
69 6 2 60 56
69 6 2 61 56
69 6 2 62 52
69 6 2 63 48
69 6 2 64 52
69 6 2 65 278
69 6 2 66 248
70 0 0 1 1
70 0 0 70 1
70 1 0 2 4
70 1 0 3 4
70 1 0 4 4
70 1 0 5 4
70 1 0 6 4
70 1 0 7 4
70 1 0 8 4
70 1 0 9 4
70 1 0 10 4
70 1 0 11 4
70 1 0 12 4
70 1 0 13 4
70 1 0 14 4
70 1 0 15 4
70 1 0 16 4
70 1 0 17 4
70 1 0 18 4
70 1 0 19 4
70 1 0 20 4
70 1 0 21 4
70 1 0 22 4
70 1 0 23 4
70 1 0 24 4
70 1 0 25 4
70 1 0 26 4
70 1 0 27 4
70 1 0 28 4
70 1 0 29 4
70 1 0 30 4
70 1 0 31 4
70 1 0 32 4
70 1 0 33 4
70 1 0 34 4
70 1 0 35 4
70 1 0 36 4
70 1 0 37 4
70 1 0 38 4
70 1 0 39 4
70 1 0 40 4
70 1 0 41 4
70 1 0 42 4
70 1 0 43 4
70 1 0 44 4
70 1 0 45 4
70 1 0 46 4
70 1 0 47 4
70 1 0 48 4
70 1 0 49 4
70 1 0 50 4
70 1 0 51 4
70 1 0 52 4
70 1 0 53 4
70 1 0 54 4
70 1 0 55 4
70 1 0 56 4
70 1 0 57 4
70 1 0 58 4
70 1 0 59 4
70 1 0 60 4
70 1 0 61 4
70 1 0 62 4
70 1 0 63 4
70 1 0 64 4
70 1 0 65 4
70 1 0 66 4
70 1 0 67 4
70 1 0 68 4
70 1 0 69 4
70 2 0 2 270
70 2 0 3 278
70 2 0 4 408
70 2 0 5 410
70 2 0 6 412
70 2 0 7 414
70 2 0 8 416
70 2 0 9 418
70 2 0 10 420
70 2 0 11 422
70 2 0 12 424
70 2 0 13 426
70 2 0 14 428
70 2 0 15 430
70 2 0 16 432
70 2 0 17 434
70 2 0 18 436
70 2 0 19 438
70 2 0 20 440
70 2 0 21 442
70 2 0 22 444
70 2 0 23 446
70 2 0 24 448
70 2 0 25 450
70 2 0 26 452
70 2 0 27 454
70 2 0 28 456
70 2 0 29 458
70 2 0 30 460
70 2 0 31 462
70 2 0 32 464
70 2 0 33 466
70 2 0 34 468
70 2 0 35 464
70 2 0 36 458
70 2 0 37 452
70 2 0 38 446
70 2 0 39 440
70 2 0 40 434
70 2 0 41 428
70 2 0 42 422
70 2 0 43 416
70 2 0 44 410
70 2 0 45 404
70 2 0 46 398
70 2 0 47 392
70 2 0 48 386
70 2 0 49 380
70 2 0 50 374
70 2 0 51 368
70 2 0 52 362
70 2 0 53 356
70 2 0 54 350
70 2 0 55 344
70 2 0 56 338
70 2 0 57 332
70 2 0 58 326
70 2 0 59 320
70 2 0 60 314
70 2 0 61 308
70 2 0 62 302
70 2 0 63 296
70 2 0 64 290
70 2 0 65 284
70 2 0 66 278
70 2 0 67 276
70 2 0 68 270
70 2 0 69 268
70 3 0 2 520
70 3 0 3 2844
70 3 0 4 12752
70 3 0 5 15020
70 3 0 6 17192
70 3 0 7 19268
70 3 0 8 21252
70 3 0 9 23140
70 3 0 10 24936
70 3 0 11 26636
70 3 0 12 28244
70 3 0 13 29756
70 3 0 14 31176
70 3 0 15 32500
70 3 0 16 33732
70 3 0 17 34868
70 3 0 18 35912
70 3 0 19 36860
70 3 0 20 37716
70 3 0 21 38476
70 3 0 22 39144
70 3 0 23 39716
70 3 0 24 40196
70 3 0 25 40580
70 3 0 26 40872
70 3 0 27 41068
70 3 0 28 41172
70 3 0 29 41180
70 3 0 30 41096
70 3 0 31 40916
70 3 0 32 40644
70 3 0 33 40276
70 3 0 34 39816
70 3 0 35 39292
70 3 0 36 38736
70 3 0 37 38140
70 3 0 38 37508
70 3 0 39 36836
70 3 0 40 36128
70 3 0 41 35380
70 3 0 42 34596
70 3 0 43 33772
70 3 0 44 32912
70 3 0 45 32012
70 3 0 46 31076
70 3 0 47 30100
70 3 0 48 29088
70 3 0 49 28036
70 3 0 50 26948
70 3 0 51 25820
70 3 0 52 24656
70 3 0 53 23452
70 3 0 54 22212
70 3 0 55 20932
70 3 0 56 19616
70 3 0 57 18260
70 3 0 58 16868
70 3 0 59 15436
70 3 0 60 13968
70 3 0 61 12460
70 3 0 62 10916
70 3 0 63 9332
70 3 0 64 7708
70 3 0 65 6048
70 3 0 66 4352
70 3 0 67 3104
70 3 0 68 1312
70 3 1 2 4
70 3 1 68 4
70 4 0 2 16892
70 4 0 3 72579
70 4 0 4 246464
70 4 0 5 417071
70 4 0 6 582013
70 4 0 7 749539
70 4 0 8 910694
70 4 0 9 1065243
70 4 0 10 1213083
70 4 0 11 1353955
70 4 0 12 1487780
70 4 0 13 1614275
70 4 0 14 1733385
70 4 0 15 1844803
70 4 0 16 1948498
70 4 0 17 2044139
70 4 0 18 2131719
70 4 0 19 2210883
70 4 0 20 2281648
70 4 0 21 2343635
70 4 0 22 2396885
70 4 0 23 2441017
70 4 0 24 2476320
70 4 0 25 2502731
70 4 0 26 2520697
70 4 0 27 2530141
70 4 0 28 2531528
70 4 0 29 2524763
70 4 0 30 2510329
70 4 0 31 2488113
70 4 0 32 2458612
70 4 0 33 2421549
70 4 0 34 2377307
70 4 0 35 2327192
70 4 0 36 2272610
70 4 0 37 2213498
70 4 0 38 2150555
70 4 0 39 2083740
70 4 0 40 2013770
70 4 0 41 1940586
70 4 0 42 1864923
70 4 0 43 1786704
70 4 0 44 1706682
70 4 0 45 1624762
70 4 0 46 1541715
70 4 0 47 1457428
70 4 0 48 1372690
70 4 0 49 1287370
70 4 0 50 1202275
70 4 0 51 1117256
70 4 0 52 1033138
70 4 0 53 949754
70 4 0 54 867947
70 4 0 55 787532
70 4 0 56 709370
70 4 0 57 633258
70 4 0 58 560075
70 4 0 59 489600
70 4 0 60 422734
70 4 0 61 359234
70 4 0 62 300015
70 4 0 63 244824
70 4 0 64 194034
70 4 0 65 148414
70 4 0 66 108717
70 4 0 67 68618
70 4 0 68 33866
70 4 1 2 264
70 4 1 3 24
70 4 1 4 28
70 4 1 5 28
70 4 1 6 28
70 4 1 7 28
70 4 1 8 28
70 4 1 9 28
70 4 1 10 28
70 4 1 11 28
70 4 1 12 28
70 4 1 13 28
70 4 1 14 28
70 4 1 15 28
70 4 1 16 28
70 4 1 17 28
70 4 1 18 28
70 4 1 19 28
70 4 1 20 28
70 4 1 21 28
70 4 1 22 28
70 4 1 23 28
70 4 1 24 28
70 4 1 25 28
70 4 1 26 28
70 4 1 27 28
70 4 1 28 28
70 4 1 29 28
70 4 1 30 28
70 4 1 31 28
70 4 1 32 28
70 4 1 33 28
70 4 1 34 28
70 4 1 35 28
70 4 1 36 28
70 4 1 37 28
70 4 1 38 28
70 4 1 39 28
70 4 1 40 28
70 4 1 41 28
70 4 1 42 28
70 4 1 43 28
70 4 1 44 28
70 4 1 45 28
70 4 1 46 28
70 4 1 47 28
70 4 1 48 28
70 4 1 49 28
70 4 1 50 28
70 4 1 51 28
70 4 1 52 28
70 4 1 53 28
70 4 1 54 28
70 4 1 55 28
70 4 1 56 28
70 4 1 57 28
70 4 1 58 28
70 4 1 59 28
70 4 1 60 28
70 4 1 61 28
70 4 1 62 28
70 4 1 63 28
70 4 1 64 28
70 4 1 65 28
70 4 1 66 24
70 4 1 67 24
70 4 1 68 260
70 5 0 2 31248
70 5 0 3 496486
70 5 0 4 3666104
70 5 0 5 8755480
70 5 0 6 14546568
70 5 0 7 21545568
70 5 0 8 28907728
70 5 0 9 36504872
70 5 0 10 44223748
70 5 0 11 51953468
70 5 0 12 59598464
70 5 0 13 67064124
70 5 0 14 74272272
70 5 0 15 81144984
70 5 0 16 87621328
70 5 0 17 93639760
70 5 0 18 99157056
70 5 0 19 104127996
70 5 0 20 108526484
70 5 0 21 112324396
70 5 0 22 115512544
70 5 0 23 118079160
70 5 0 24 120030952
70 5 0 25 121367596
70 5 0 26 122106164
70 5 0 27 122257168
70 5 0 28 121847640
70 5 0 29 120898040
70 5 0 30 119446548
70 5 0 31 117523384
70 5 0 32 115176352
70 5 0 33 112444756
70 5 0 34 109381572
70 5 0 35 106019580
70 5 0 36 102395856
70 5 0 37 98539392
70 5 0 38 94489524
70 5 0 39 90273116
70 5 0 40 85926872
70 5 0 41 81475576
70 5 0 42 76953236
70 5 0 43 72382632
70 5 0 44 67795000
70 5 0 45 63211180
70 5 0 46 58659584
70 5 0 47 54159164
70 5 0 48 49735444
70 5 0 49 45405564
70 5 0 50 41192084
70 5 0 51 37110396
70 5 0 52 33180044
70 5 0 53 29414724
70 5 0 54 25830900
70 5 0 55 22440644
70 5 0 56 19257268
70 5 0 57 16291288
70 5 0 58 13552808
70 5 0 59 11050840
70 5 0 60 8792840
70 5 0 61 6785728
70 5 0 62 5032980
70 5 0 63 3541452
70 5 0 64 2322364
70 5 0 65 1372800
70 5 0 66 695346
70 5 0 67 194320
70 5 1 2 1008
70 5 1 3 3092
70 5 1 4 4256
70 5 1 5 4892
70 5 1 6 4912
70 5 1 7 4932
70 5 1 8 4952
70 5 1 9 4972
70 5 1 10 4992
70 5 1 11 5012
70 5 1 12 5032
70 5 1 13 5052
70 5 1 14 5072
70 5 1 15 5092
70 5 1 16 5112
70 5 1 17 5132
70 5 1 18 5152
70 5 1 19 5172
70 5 1 20 5192
70 5 1 21 5212
70 5 1 22 5232
70 5 1 23 5252
70 5 1 24 5272
70 5 1 25 5292
70 5 1 26 5312
70 5 1 27 5332
70 5 1 28 5352
70 5 1 29 5372
70 5 1 30 5392
70 5 1 31 5412
70 5 1 32 5432
70 5 1 33 5448
70 5 1 34 5428
70 5 1 35 5372
70 5 1 36 5312
70 5 1 37 5252
70 5 1 38 5192
70 5 1 39 5132
70 5 1 40 5072
70 5 1 41 5012
70 5 1 42 4952
70 5 1 43 4892
70 5 1 44 4832
70 5 1 45 4772
70 5 1 46 4712
70 5 1 47 4652
70 5 1 48 4592
70 5 1 49 4532
70 5 1 50 4472
70 5 1 51 4412
70 5 1 52 4352
70 5 1 53 4292
70 5 1 54 4232
70 5 1 55 4172
70 5 1 56 4112
70 5 1 57 4052
70 5 1 58 3992
70 5 1 59 3932
70 5 1 60 3872
70 5 1 61 3812
70 5 1 62 3752
70 5 1 63 3696
70 5 1 64 3640
70 5 1 65 3604
70 5 1 66 3076
70 5 1 67 3060
70 5 2 2 4
70 5 2 3 4
70 5 2 66 4
70 5 2 67 4
70 6 0 2 650016
70 6 0 3 7512828
70 6 0 4 50660872
70 6 0 5 150016944
70 6 0 6 298037020
70 6 0 7 507931580
70 6 0 8 756493870
70 6 0 9 1035189936
70 6 0 10 1336384736
70 6 0 11 1652473872
70 6 0 12 1976418746
70 6 0 13 2301612854
70 6 0 14 2622100606
70 6 0 15 2932378694
70 6 0 16 3227678146
70 6 0 17 3503698576
70 6 0 18 3756960024
70 6 0 19 3984437206
70 6 0 20 4183941210
70 6 0 21 4353687180
70 6 0 22 4492711162
70 6 0 23 4600416108
70 6 0 24 4676984812
70 6 0 25 4722817990
70 6 0 26 4738968178
70 6 0 27 4726604148
70 6 0 28 4687421716
70 6 0 29 4623130790
70 6 0 30 4535855646
70 6 0 31 4427623366
70 6 0 32 4300751352
70 6 0 33 4157413164
70 6 0 34 4000060414
70 6 0 35 3830891542
70 6 0 36 3652127370
70 6 0 37 3465738856
70 6 0 38 3273733796
70 6 0 39 3077875306
70 6 0 40 2879936452
70 6 0 41 2681472860
70 6 0 42 2484022692
70 6 0 43 2288936304
70 6 0 44 2097515924
70 6 0 45 1910907398
70 6 0 46 1730178746
70 6 0 47 1556270430
70 6 0 48 1390017102
70 6 0 49 1232155254
70 6 0 50 1083285946
70 6 0 51 943941446
70 6 0 52 814492166
70 6 0 53 695264058
70 6 0 54 586398744
70 6 0 55 488015818
70 6 0 56 400029320
70 6 0 57 322351830
70 6 0 58 254673458
70 6 0 59 196696552
70 6 0 60 147878614
70 6 0 61 107704800
70 6 0 62 75424442
70 6 0 63 50299348
70 6 0 64 31514476
70 6 0 65 17869696
70 6 0 66 8232276
70 6 0 67 2683632
70 6 1 2 31980
70 6 1 3 79012
70 6 1 4 163755
70 6 1 5 256713
70 6 1 6 284263
70 6 1 7 311145
70 6 1 8 336819
70 6 1 9 361249
70 6 1 10 384471
70 6 1 11 406449
70 6 1 12 427219
70 6 1 13 446745
70 6 1 14 465063
70 6 1 15 482137
70 6 1 16 498003
70 6 1 17 512625
70 6 1 18 526039
70 6 1 19 538209
70 6 1 20 549171
70 6 1 21 558889
70 6 1 22 567399
70 6 1 23 574665
70 6 1 24 580723
70 6 1 25 585537
70 6 1 26 589143
70 6 1 27 591505
70 6 1 28 592659
70 6 1 29 592569
70 6 1 30 591271
70 6 1 31 588729
70 6 1 32 584991
70 6 1 33 579855
70 6 1 34 572464
70 6 1 35 564272
70 6 1 36 555610
70 6 1 37 546432
70 6 1 38 536774
70 6 1 39 526600
70 6 1 40 515946
70 6 1 41 504776
70 6 1 42 493126
70 6 1 43 480960
70 6 1 44 468314
70 6 1 45 455152
70 6 1 46 441510
70 6 1 47 427352
70 6 1 48 412714
70 6 1 49 397560
70 6 1 50 381926
70 6 1 51 365776
70 6 1 52 349146
70 6 1 53 332000
70 6 1 54 314374
70 6 1 55 296232
70 6 1 56 277610
70 6 1 57 258472
70 6 1 58 238854
70 6 1 59 218716
70 6 1 60 198098
70 6 1 61 176960
70 6 1 62 155314
70 6 1 63 133584
70 6 1 64 111480
70 6 1 65 93080
70 6 1 66 77004
70 6 1 67 64016
70 6 2 2 258
70 6 2 3 292
70 6 2 4 48
70 6 2 5 56
70 6 2 6 56
70 6 2 7 56
70 6 2 8 56
70 6 2 9 56
70 6 2 10 56
70 6 2 11 56
70 6 2 12 56
70 6 2 13 56
70 6 2 14 56
70 6 2 15 56
70 6 2 16 56
70 6 2 17 56
70 6 2 18 56
70 6 2 19 56
70 6 2 20 56
70 6 2 21 56
70 6 2 22 56
70 6 2 23 56
70 6 2 24 56
70 6 2 25 56
70 6 2 26 56
70 6 2 27 56
70 6 2 28 56
70 6 2 29 56
70 6 2 30 56
70 6 2 31 56
70 6 2 32 56
70 6 2 33 56
70 6 2 34 56
70 6 2 35 56
70 6 2 36 56
70 6 2 37 56
70 6 2 38 56
70 6 2 39 56
70 6 2 40 56
70 6 2 41 56
70 6 2 42 56
70 6 2 43 56
70 6 2 44 56
70 6 2 45 56
70 6 2 46 56
70 6 2 47 56
70 6 2 48 56
70 6 2 49 56
70 6 2 50 56
70 6 2 51 56
70 6 2 52 56
70 6 2 53 56
70 6 2 54 56
70 6 2 55 56
70 6 2 56 56
70 6 2 57 56
70 6 2 58 56
70 6 2 59 56
70 6 2 60 56
70 6 2 61 56
70 6 2 62 56
70 6 2 63 52
70 6 2 64 48
70 6 2 65 52
70 6 2 66 282
70 6 2 67 252
71 0 0 1 1
71 0 0 71 1
71 1 0 2 4
71 1 0 3 4
71 1 0 4 4
71 1 0 5 4
71 1 0 6 4
71 1 0 7 4
71 1 0 8 4
71 1 0 9 4
71 1 0 10 4
71 1 0 11 4
71 1 0 12 4
71 1 0 13 4
71 1 0 14 4
71 1 0 15 4
71 1 0 16 4
71 1 0 17 4
71 1 0 18 4
71 1 0 19 4
71 1 0 20 4
71 1 0 21 4
71 1 0 22 4
71 1 0 23 4
71 1 0 24 4
71 1 0 25 4
71 1 0 26 4
71 1 0 27 4
71 1 0 28 4
71 1 0 29 4
71 1 0 30 4
71 1 0 31 4
71 1 0 32 4
71 1 0 33 4
71 1 0 34 4
71 1 0 35 4
71 1 0 36 4
71 1 0 37 4
71 1 0 38 4
71 1 0 39 4
71 1 0 40 4
71 1 0 41 4
71 1 0 42 4
71 1 0 43 4
71 1 0 44 4
71 1 0 45 4
71 1 0 46 4
71 1 0 47 4
71 1 0 48 4
71 1 0 49 4
71 1 0 50 4
71 1 0 51 4
71 1 0 52 4
71 1 0 53 4
71 1 0 54 4
71 1 0 55 4
71 1 0 56 4
71 1 0 57 4
71 1 0 58 4
71 1 0 59 4
71 1 0 60 4
71 1 0 61 4
71 1 0 62 4
71 1 0 63 4
71 1 0 64 4
71 1 0 65 4
71 1 0 66 4
71 1 0 67 4
71 1 0 68 4
71 1 0 69 4
71 1 0 70 4
71 2 0 2 274
71 2 0 3 282
71 2 0 4 414
71 2 0 5 416
71 2 0 6 418
71 2 0 7 420
71 2 0 8 422
71 2 0 9 424
71 2 0 10 426
71 2 0 11 428
71 2 0 12 430
71 2 0 13 432
71 2 0 14 434
71 2 0 15 436
71 2 0 16 438
71 2 0 17 440
71 2 0 18 442
71 2 0 19 444
71 2 0 20 446
71 2 0 21 448
71 2 0 22 450
71 2 0 23 452
71 2 0 24 454
71 2 0 25 456
71 2 0 26 458
71 2 0 27 460
71 2 0 28 462
71 2 0 29 464
71 2 0 30 466
71 2 0 31 468
71 2 0 32 470
71 2 0 33 472
71 2 0 34 474
71 2 0 35 474
71 2 0 36 468
71 2 0 37 462
71 2 0 38 456
71 2 0 39 450
71 2 0 40 444
71 2 0 41 438
71 2 0 42 432
71 2 0 43 426
71 2 0 44 420
71 2 0 45 414
71 2 0 46 408
71 2 0 47 402
71 2 0 48 396
71 2 0 49 390
71 2 0 50 384
71 2 0 51 378
71 2 0 52 372
71 2 0 53 366
71 2 0 54 360
71 2 0 55 354
71 2 0 56 348
71 2 0 57 342
71 2 0 58 336
71 2 0 59 330
71 2 0 60 324
71 2 0 61 318
71 2 0 62 312
71 2 0 63 306
71 2 0 64 300
71 2 0 65 294
71 2 0 66 288
71 2 0 67 282
71 2 0 68 280
71 2 0 69 274
71 2 0 70 272
71 3 0 2 528
71 3 0 3 2888
71 3 0 4 13076
71 3 0 5 15384
71 3 0 6 17592
71 3 0 7 19708
71 3 0 8 21728
71 3 0 9 23656
71 3 0 10 25488
71 3 0 11 27228
71 3 0 12 28872
71 3 0 13 30424
71 3 0 14 31880
71 3 0 15 33244
71 3 0 16 34512
71 3 0 17 35688
71 3 0 18 36768
71 3 0 19 37756
71 3 0 20 38648
71 3 0 21 39448
71 3 0 22 40152
71 3 0 23 40764
71 3 0 24 41280
71 3 0 25 41704
71 3 0 26 42032
71 3 0 27 42268
71 3 0 28 42408
71 3 0 29 42456
71 3 0 30 42408
71 3 0 31 42268
71 3 0 32 42032
71 3 0 33 41704
71 3 0 34 41280
71 3 0 35 40776
71 3 0 36 40228
71 3 0 37 39644
71 3 0 38 39020
71 3 0 39 38360
71 3 0 40 37660
71 3 0 41 36924
71 3 0 42 36148
71 3 0 43 35336
71 3 0 44 34484
71 3 0 45 33596
71 3 0 46 32668
71 3 0 47 31704
71 3 0 48 30700
71 3 0 49 29660
71 3 0 50 28580
71 3 0 51 27464
71 3 0 52 26308
71 3 0 53 25116
71 3 0 54 23884
71 3 0 55 22616
71 3 0 56 21308
71 3 0 57 19964
71 3 0 58 18580
71 3 0 59 17160
71 3 0 60 15700
71 3 0 61 14204
71 3 0 62 12668
71 3 0 63 11096
71 3 0 64 9484
71 3 0 65 7832
71 3 0 66 6144
71 3 0 67 4420
71 3 0 68 3152
71 3 0 69 1332
71 3 1 2 4
71 3 1 69 4
71 4 0 2 17416
71 4 0 3 74756
71 4 0 4 254840
71 4 0 5 430868
71 4 0 6 601128
71 4 0 7 774285
71 4 0 8 940932
71 4 0 9 1100954
71 4 0 10 1254104
71 4 0 11 1400291
71 4 0 12 1539244
71 4 0 13 1670896
71 4 0 14 1794952
71 4 0 15 1911369
71 4 0 16 2019828
71 4 0 17 2120310
71 4 0 18 2212472
71 4 0 19 2296319
71 4 0 20 2371484
71 4 0 21 2437996
71 4 0 22 2495464
71 4 0 23 2543945
71 4 0 24 2583164
71 4 0 25 2613538
71 4 0 26 2634998
71 4 0 27 2648001
71 4 0 28 2652460
71 4 0 29 2648850
71 4 0 30 2637066
71 4 0 31 2617601
71 4 0 32 2590332
71 4 0 33 2555754
71 4 0 34 2513540
71 4 0 35 2464506
71 4 0 36 2410332
71 4 0 37 2351751
71 4 0 38 2288730
71 4 0 39 2221978
71 4 0 40 2151444
71 4 0 41 2077855
71 4 0 42 2001142
71 4 0 43 1922050
71 4 0 44 1840492
71 4 0 45 1757231
71 4 0 46 1672162
71 4 0 47 1586066
71 4 0 48 1498820
71 4 0 49 1411223
71 4 0 50 1323134
71 4 0 51 1235370
71 4 0 52 1147772
71 4 0 53 1061175
71 4 0 54 975402
71 4 0 55 891306
71 4 0 56 808692
71 4 0 57 728431
71 4 0 58 650310
71 4 0 59 575218
71 4 0 60 502924
71 4 0 61 434339
71 4 0 62 369210
71 4 0 63 308462
71 4 0 64 251832
71 4 0 65 199693
71 4 0 66 152822
71 4 0 67 111978
71 4 0 68 70730
71 4 0 69 34915
71 4 1 2 268
71 4 1 3 24
71 4 1 4 28
71 4 1 5 28
71 4 1 6 28
71 4 1 7 28
71 4 1 8 28
71 4 1 9 28
71 4 1 10 28
71 4 1 11 28
71 4 1 12 28
71 4 1 13 28
71 4 1 14 28
71 4 1 15 28
71 4 1 16 28
71 4 1 17 28
71 4 1 18 28
71 4 1 19 28
71 4 1 20 28
71 4 1 21 28
71 4 1 22 28
71 4 1 23 28
71 4 1 24 28
71 4 1 25 28
71 4 1 26 28
71 4 1 27 28
71 4 1 28 28
71 4 1 29 28
71 4 1 30 28
71 4 1 31 28
71 4 1 32 28
71 4 1 33 28
71 4 1 34 28
71 4 1 35 28
71 4 1 36 28
71 4 1 37 28
71 4 1 38 28
71 4 1 39 28
71 4 1 40 28
71 4 1 41 28
71 4 1 42 28
71 4 1 43 28
71 4 1 44 28
71 4 1 45 28
71 4 1 46 28
71 4 1 47 28
71 4 1 48 28
71 4 1 49 28
71 4 1 50 28
71 4 1 51 28
71 4 1 52 28
71 4 1 53 28
71 4 1 54 28
71 4 1 55 28
71 4 1 56 28
71 4 1 57 28
71 4 1 58 28
71 4 1 59 28
71 4 1 60 28
71 4 1 61 28
71 4 1 62 28
71 4 1 63 28
71 4 1 64 28
71 4 1 65 28
71 4 1 66 28
71 4 1 67 24
71 4 1 68 24
71 4 1 69 264
71 5 0 2 32256
71 5 0 3 512558
71 5 0 4 3824360
71 5 0 5 9139960
71 5 0 6 15183808
71 5 0 7 22497768
71 5 0 8 30192936
71 5 0 9 38143624
71 5 0 10 46228056
71 5 0 11 54339284
71 5 0 12 62371772
71 5 0 13 70236036
71 5 0 14 77843144
71 5 0 15 85120916
71 5 0 16 91996776
71 5 0 17 98416264
71 5 0 18 104323092
71 5 0 19 109680000
71 5 0 20 114447712
71 5 0 21 118605936
71 5 0 22 122131872
71 5 0 23 125022944
71 5 0 24 127271672
71 5 0 25 128888512
71 5 0 26 129877128
71 5 0 27 130258000
71 5 0 28 130044716
71 5 0 29 129268912
71 5 0 30 127953888
71 5 0 31 126141352
71 5 0 32 123865772
71 5 0 33 121176788
71 5 0 34 118115956
71 5 0 35 114735968
71 5 0 36 111063064
71 5 0 37 107137816
71 5 0 38 102989048
71 5 0 39 98656260
71 5 0 40 94166160
71 5 0 41 89555600
71 5 0 42 84849224
71 5 0 43 80081172
71 5 0 44 75274100
71 5 0 45 70459360
71 5 0 46 65657684
71 5 0 47 60897584
71 5 0 48 56197920
71 5 0 49 51584300
71 5 0 50 47073788
71 5 0 51 42689012
71 5 0 52 38445304
71 5 0 53 34362260
71 5 0 54 30453532
71 5 0 55 26735620
71 5 0 56 23220568
71 5 0 57 19921708
71 5 0 58 16849544
71 5 0 59 14014184
71 5 0 60 11424644
71 5 0 61 9088380
71 5 0 62 7012320
71 5 0 63 5199912
71 5 0 64 3658060
71 5 0 65 2398128
71 5 0 66 1417116
71 5 0 67 717646
71 5 0 68 200476
71 5 1 2 1024
71 5 1 3 3140
71 5 1 4 4320
71 5 1 5 4968
71 5 1 6 4988
71 5 1 7 5008
71 5 1 8 5028
71 5 1 9 5048
71 5 1 10 5068
71 5 1 11 5088
71 5 1 12 5108
71 5 1 13 5128
71 5 1 14 5148
71 5 1 15 5168
71 5 1 16 5188
71 5 1 17 5208
71 5 1 18 5228
71 5 1 19 5248
71 5 1 20 5268
71 5 1 21 5288
71 5 1 22 5308
71 5 1 23 5328
71 5 1 24 5348
71 5 1 25 5368
71 5 1 26 5388
71 5 1 27 5408
71 5 1 28 5428
71 5 1 29 5448
71 5 1 30 5468
71 5 1 31 5488
71 5 1 32 5508
71 5 1 33 5528
71 5 1 34 5528
71 5 1 35 5488
71 5 1 36 5428
71 5 1 37 5368
71 5 1 38 5308
71 5 1 39 5248
71 5 1 40 5188
71 5 1 41 5128
71 5 1 42 5068
71 5 1 43 5008
71 5 1 44 4948
71 5 1 45 4888
71 5 1 46 4828
71 5 1 47 4768
71 5 1 48 4708
71 5 1 49 4648
71 5 1 50 4588
71 5 1 51 4528
71 5 1 52 4468
71 5 1 53 4408
71 5 1 54 4348
71 5 1 55 4288
71 5 1 56 4228
71 5 1 57 4168
71 5 1 58 4108
71 5 1 59 4048
71 5 1 60 3988
71 5 1 61 3928
71 5 1 62 3868
71 5 1 63 3808
71 5 1 64 3752
71 5 1 65 3696
71 5 1 66 3660
71 5 1 67 3124
71 5 1 68 3108
71 5 2 2 4
71 5 2 3 4
71 5 2 67 4
71 5 2 68 4
71 6 0 2 681752
71 6 0 3 7864550
71 6 0 4 53361024
71 6 0 5 158137870
71 6 0 6 314214598
71 6 0 7 535983992
71 6 0 8 798850144
71 6 0 9 1094001654
71 6 0 10 1413473994
71 6 0 11 1749427172
71 6 0 12 2094447262
71 6 0 13 2441735410
71 6 0 14 2784938078
71 6 0 15 3118401588
71 6 0 16 3436932496
71 6 0 17 3736129636
71 6 0 18 4012061394
71 6 0 19 4261653518
71 6 0 20 4482271602
71 6 0 21 4672130234
71 6 0 22 4829828986
71 6 0 23 4954820010
71 6 0 24 5046878650
71 6 0 25 5106528996
71 6 0 26 5134477350
71 6 0 27 5132055616
71 6 0 28 5100673486
71 6 0 29 5042256942
71 6 0 30 4958694018
71 6 0 31 4852273306
71 6 0 32 4725150550
71 6 0 33 4579750504
71 6 0 34 4418367434
71 6 0 35 4243549924
71 6 0 36 4057473896
71 6 0 37 3862396636
71 6 0 38 3660302504
71 6 0 39 3453214438
71 6 0 40 3242905564
71 6 0 41 3031159432
71 6 0 42 2819538194
71 6 0 43 2609585888
71 6 0 44 2402655896
71 6 0 45 2200051730
71 6 0 46 2002918712
71 6 0 47 1812321638
71 6 0 48 1629196812
71 6 0 49 1454371204
71 6 0 50 1288573498
71 6 0 51 1132392630
71 6 0 52 986349360
71 6 0 53 850797618
71 6 0 54 726048064
71 6 0 55 612221530
71 6 0 56 509418504
71 6 0 57 417527958
71 6 0 58 336439514
71 6 0 59 265814008
71 6 0 60 205326896
71 6 0 61 154402040
71 6 0 62 112493636
71 6 0 63 78813460
71 6 0 64 52588172
71 6 0 65 32968014
71 6 0 66 18705752
71 6 0 67 8626882
71 6 0 68 2813184
71 6 1 2 33000
71 6 1 3 81296
71 6 1 4 168432
71 6 1 5 264036
71 6 1 6 292064
71 6 1 7 319468
71 6 1 8 345628
71 6 1 9 370580
71 6 1 10 394288
71 6 1 11 416788
71 6 1 12 438044
71 6 1 13 458092
71 6 1 14 476896
71 6 1 15 494492
71 6 1 16 510844
71 6 1 17 525988
71 6 1 18 539888
71 6 1 19 552580
71 6 1 20 564028
71 6 1 21 574268
71 6 1 22 583264
71 6 1 23 591052
71 6 1 24 597596
71 6 1 25 602932
71 6 1 26 607024
71 6 1 27 609908
71 6 1 28 611548
71 6 1 29 611980
71 6 1 30 611168
71 6 1 31 609148
71 6 1 32 605888
71 6 1 33 601440
71 6 1 34 595024
71 6 1 35 586956
71 6 1 36 578384
71 6 1 37 569332
71 6 1 38 559764
71 6 1 39 549716
71 6 1 40 539152
71 6 1 41 528108
71 6 1 42 516548
71 6 1 43 504508
71 6 1 44 491952
71 6 1 45 478916
71 6 1 46 465364
71 6 1 47 451332
71 6 1 48 436784
71 6 1 49 421756
71 6 1 50 406212
71 6 1 51 390188
71 6 1 52 373648
71 6 1 53 356628
71 6 1 54 339092
71 6 1 55 321076
71 6 1 56 302544
71 6 1 57 283532
71 6 1 58 264004
71 6 1 59 243996
71 6 1 60 223468
71 6 1 61 202460
71 6 1 62 180932
71 6 1 63 158896
71 6 1 64 136784
71 6 1 65 114300
71 6 1 66 95592
71 6 1 67 79252
71 6 1 68 66056
71 6 2 2 262
71 6 2 3 296
71 6 2 4 48
71 6 2 5 56
71 6 2 6 56
71 6 2 7 56
71 6 2 8 56
71 6 2 9 56
71 6 2 10 56
71 6 2 11 56
71 6 2 12 56
71 6 2 13 56
71 6 2 14 56
71 6 2 15 56
71 6 2 16 56
71 6 2 17 56
71 6 2 18 56
71 6 2 19 56
71 6 2 20 56
71 6 2 21 56
71 6 2 22 56
71 6 2 23 56
71 6 2 24 56
71 6 2 25 56
71 6 2 26 56
71 6 2 27 56
71 6 2 28 56
71 6 2 29 56
71 6 2 30 56
71 6 2 31 56
71 6 2 32 56
71 6 2 33 56
71 6 2 34 56
71 6 2 35 56
71 6 2 36 56
71 6 2 37 56
71 6 2 38 56
71 6 2 39 56
71 6 2 40 56
71 6 2 41 56
71 6 2 42 56
71 6 2 43 56
71 6 2 44 56
71 6 2 45 56
71 6 2 46 56
71 6 2 47 56
71 6 2 48 56
71 6 2 49 56
71 6 2 50 56
71 6 2 51 56
71 6 2 52 56
71 6 2 53 56
71 6 2 54 56
71 6 2 55 56
71 6 2 56 56
71 6 2 57 56
71 6 2 58 56
71 6 2 59 56
71 6 2 60 56
71 6 2 61 56
71 6 2 62 56
71 6 2 63 56
71 6 2 64 52
71 6 2 65 48
71 6 2 66 52
71 6 2 67 286
71 6 2 68 256
72 0 0 1 1
72 0 0 72 1
72 1 0 2 4
72 1 0 3 4
72 1 0 4 4
72 1 0 5 4
72 1 0 6 4
72 1 0 7 4
72 1 0 8 4
72 1 0 9 4
72 1 0 10 4
72 1 0 11 4
72 1 0 12 4
72 1 0 13 4
72 1 0 14 4
72 1 0 15 4
72 1 0 16 4
72 1 0 17 4
72 1 0 18 4
72 1 0 19 4
72 1 0 20 4
72 1 0 21 4
72 1 0 22 4
72 1 0 23 4
72 1 0 24 4
72 1 0 25 4
72 1 0 26 4
72 1 0 27 4
72 1 0 28 4
72 1 0 29 4
72 1 0 30 4
72 1 0 31 4
72 1 0 32 4
72 1 0 33 4
72 1 0 34 4
72 1 0 35 4
72 1 0 36 4
72 1 0 37 4
72 1 0 38 4
72 1 0 39 4
72 1 0 40 4
72 1 0 41 4
72 1 0 42 4
72 1 0 43 4
72 1 0 44 4
72 1 0 45 4
72 1 0 46 4
72 1 0 47 4
72 1 0 48 4
72 1 0 49 4
72 1 0 50 4
72 1 0 51 4
72 1 0 52 4
72 1 0 53 4
72 1 0 54 4
72 1 0 55 4
72 1 0 56 4
72 1 0 57 4
72 1 0 58 4
72 1 0 59 4
72 1 0 60 4
72 1 0 61 4
72 1 0 62 4
72 1 0 63 4
72 1 0 64 4
72 1 0 65 4
72 1 0 66 4
72 1 0 67 4
72 1 0 68 4
72 1 0 69 4
72 1 0 70 4
72 1 0 71 4
72 2 0 2 278
72 2 0 3 286
72 2 0 4 420
72 2 0 5 422
72 2 0 6 424
72 2 0 7 426
72 2 0 8 428
72 2 0 9 430
72 2 0 10 432
72 2 0 11 434
72 2 0 12 436
72 2 0 13 438
72 2 0 14 440
72 2 0 15 442
72 2 0 16 444
72 2 0 17 446
72 2 0 18 448
72 2 0 19 450
72 2 0 20 452
72 2 0 21 454
72 2 0 22 456
72 2 0 23 458
72 2 0 24 460
72 2 0 25 462
72 2 0 26 464
72 2 0 27 466
72 2 0 28 468
72 2 0 29 470
72 2 0 30 472
72 2 0 31 474
72 2 0 32 476
72 2 0 33 478
72 2 0 34 480
72 2 0 35 482
72 2 0 36 478
72 2 0 37 472
72 2 0 38 466
72 2 0 39 460
72 2 0 40 454
72 2 0 41 448
72 2 0 42 442
72 2 0 43 436
72 2 0 44 430
72 2 0 45 424
72 2 0 46 418
72 2 0 47 412
72 2 0 48 406
72 2 0 49 400
72 2 0 50 394
72 2 0 51 388
72 2 0 52 382
72 2 0 53 376
72 2 0 54 370
72 2 0 55 364
72 2 0 56 358
72 2 0 57 352
72 2 0 58 346
72 2 0 59 340
72 2 0 60 334
72 2 0 61 328
72 2 0 62 322
72 2 0 63 316
72 2 0 64 310
72 2 0 65 304
72 2 0 66 298
72 2 0 67 292
72 2 0 68 286
72 2 0 69 284
72 2 0 70 278
72 2 0 71 276
72 3 0 2 536
72 3 0 3 2932
72 3 0 4 13416
72 3 0 5 15760
72 3 0 6 18008
72 3 0 7 20160
72 3 0 8 22220
72 3 0 9 24184
72 3 0 10 26056
72 3 0 11 27832
72 3 0 12 29516
72 3 0 13 31104
72 3 0 14 32600
72 3 0 15 34000
72 3 0 16 35308
72 3 0 17 36520
72 3 0 18 37640
72 3 0 19 38664
72 3 0 20 39596
72 3 0 21 40432
72 3 0 22 41176
72 3 0 23 41824
72 3 0 24 42380
72 3 0 25 42840
72 3 0 26 43208
72 3 0 27 43480
72 3 0 28 43660
72 3 0 29 43744
72 3 0 30 43736
72 3 0 31 43632
72 3 0 32 43436
72 3 0 33 43144
72 3 0 34 42760
72 3 0 35 42280
72 3 0 36 41740
72 3 0 37 41164
72 3 0 38 40552
72 3 0 39 39900
72 3 0 40 39212
72 3 0 41 38484
72 3 0 42 37720
72 3 0 43 36916
72 3 0 44 36076
72 3 0 45 35196
72 3 0 46 34280
72 3 0 47 33324
72 3 0 48 32332
72 3 0 49 31300
72 3 0 50 30232
72 3 0 51 29124
72 3 0 52 27980
72 3 0 53 26796
72 3 0 54 25576
72 3 0 55 24316
72 3 0 56 23020
72 3 0 57 21684
72 3 0 58 20312
72 3 0 59 18900
72 3 0 60 17452
72 3 0 61 15964
72 3 0 62 14440
72 3 0 63 12876
72 3 0 64 11276
72 3 0 65 9636
72 3 0 66 7956
72 3 0 67 6240
72 3 0 68 4488
72 3 0 69 3200
72 3 0 70 1352
72 3 1 2 4
72 3 1 70 4
72 4 0 2 17948
72 4 0 3 76965
72 4 0 4 263405
72 4 0 5 445041
72 4 0 6 620854
72 4 0 7 799685
72 4 0 8 971975
72 4 0 9 1137489
72 4 0 10 1296124
72 4 0 11 1447621
72 4 0 12 1591901
72 4 0 13 1728681
72 4 0 14 1857906
72 4 0 15 1979269
72 4 0 16 2092739
72 4 0 17 2197985
72 4 0 18 2295000
72 4 0 19 2383429
72 4 0 20 2463289
72 4 0 21 2534201
72 4 0 22 2596206
72 4 0 23 2648901
72 4 0 24 2692417
72 4 0 25 2726627
72 4 0 26 2751980
72 4 0 27 2768397
72 4 0 28 2776345
72 4 0 29 2775727
72 4 0 30 2767028
72 4 0 31 2750133
72 4 0 32 2725545
72 4 0 33 2693127
72 4 0 34 2653250
72 4 0 35 2605627
72 4 0 36 2552305
72 4 0 37 2494016
72 4 0 38 2431420
72 4 0 39 2364474
72 4 0 40 2293897
72 4 0 41 2219628
72 4 0 42 2142404
72 4 0 43 2062146
72 4 0 44 1979609
72 4 0 45 1894696
72 4 0 46 1808180
72 4 0 47 1719946
72 4 0 48 1630785
72 4 0 49 1540564
72 4 0 50 1450092
72 4 0 51 1359218
72 4 0 52 1268769
72 4 0 53 1178576
72 4 0 54 1089484
72 4 0 55 1001306
72 4 0 56 914905
72 4 0 57 830076
72 4 0 58 747700
72 4 0 59 667554
72 4 0 60 590537
72 4 0 61 516408
72 4 0 62 446088
72 4 0 63 379314
72 4 0 64 317021
72 4 0 65 258936
72 4 0 66 205432
72 4 0 67 157294
72 4 0 68 115287
72 4 0 69 72874
72 4 0 70 35980
72 4 1 2 272
72 4 1 3 24
72 4 1 4 28
72 4 1 5 28
72 4 1 6 28
72 4 1 7 28
72 4 1 8 28
72 4 1 9 28
72 4 1 10 28
72 4 1 11 28
72 4 1 12 28
72 4 1 13 28
72 4 1 14 28
72 4 1 15 28
72 4 1 16 28
72 4 1 17 28
72 4 1 18 28
72 4 1 19 28
72 4 1 20 28
72 4 1 21 28
72 4 1 22 28
72 4 1 23 28
72 4 1 24 28
72 4 1 25 28
72 4 1 26 28
72 4 1 27 28
72 4 1 28 28
72 4 1 29 28
72 4 1 30 28
72 4 1 31 28
72 4 1 32 28
72 4 1 33 28
72 4 1 34 28
72 4 1 35 28
72 4 1 36 28
72 4 1 37 28
72 4 1 38 28
72 4 1 39 28
72 4 1 40 28
72 4 1 41 28
72 4 1 42 28
72 4 1 43 28
72 4 1 44 28
72 4 1 45 28
72 4 1 46 28
72 4 1 47 28
72 4 1 48 28
72 4 1 49 28
72 4 1 50 28
72 4 1 51 28
72 4 1 52 28
72 4 1 53 28
72 4 1 54 28
72 4 1 55 28
72 4 1 56 28
72 4 1 57 28
72 4 1 58 28
72 4 1 59 28
72 4 1 60 28
72 4 1 61 28
72 4 1 62 28
72 4 1 63 28
72 4 1 64 28
72 4 1 65 28
72 4 1 66 28
72 4 1 67 28
72 4 1 68 24
72 4 1 69 24
72 4 1 70 268
72 5 0 2 33280
72 5 0 3 528886
72 5 0 4 3986784
72 5 0 5 9534492
72 5 0 6 15840248
72 5 0 7 23477132
72 5 0 8 31518568
72 5 0 9 39830848
72 5 0 10 48295612
72 5 0 11 56796444
72 5 0 12 65232508
72 5 0 13 73503896
72 5 0 14 81527160
72 5 0 15 89218712
72 5 0 16 96512824
72 5 0 17 103342184
72 5 0 18 109658324
72 5 0 19 115410848
72 5 0 20 120568340
72 5 0 21 125096844
72 5 0 22 128982688
72 5 0 23 132208240
72 5 0 24 134776376
72 5 0 25 136683928
72 5 0 26 137944800
72 5 0 27 138565728
72 5 0 28 138571776
72 5 0 29 137979380
72 5 0 30 136823724
72 5 0 31 135132308
72 5 0 32 132950096
72 5 0 33 130314216
72 5 0 34 127278572
72 5 0 35 123885412
72 5 0 36 120181344
72 5 0 37 116192212
72 5 0 38 111960288
72 5 0 39 107514224
72 5 0 40 102893684
72 5 0 41 98125220
72 5 0 42 93245832
72 5 0 43 88280024
72 5 0 44 83262068
72 5 0 45 78214496
72 5 0 46 73168776
72 5 0 47 68145532
72 5 0 48 63173376
72 5 0 49 58271076
72 5 0 50 53464324
72 5 0 51 48770108
72 5 0 52 44211124
72 5 0 53 39802644
72 5 0 54 35564316
72 5 0 55 31509748
72 5 0 56 27655476
72 5 0 57 24013516
72 5 0 58 20597220
72 5 0 59 17417080
72 5 0 60 14483208
72 5 0 61 11804624
72 5 0 62 9388784
72 5 0 63 7242624
72 5 0 64 5369564
72 5 0 65 3776556
72 5 0 66 2475108
72 5 0 67 1462136
72 5 0 68 740298
72 5 0 69 206728
72 5 1 2 1040
72 5 1 3 3188
72 5 1 4 4388
72 5 1 5 5044
72 5 1 6 5064
72 5 1 7 5084
72 5 1 8 5104
72 5 1 9 5124
72 5 1 10 5144
72 5 1 11 5164
72 5 1 12 5184
72 5 1 13 5204
72 5 1 14 5224
72 5 1 15 5244
72 5 1 16 5264
72 5 1 17 5284
72 5 1 18 5304
72 5 1 19 5324
72 5 1 20 5344
72 5 1 21 5364
72 5 1 22 5384
72 5 1 23 5404
72 5 1 24 5424
72 5 1 25 5444
72 5 1 26 5464
72 5 1 27 5484
72 5 1 28 5504
72 5 1 29 5524
72 5 1 30 5544
72 5 1 31 5564
72 5 1 32 5584
72 5 1 33 5604
72 5 1 34 5620
72 5 1 35 5600
72 5 1 36 5544
72 5 1 37 5484
72 5 1 38 5424
72 5 1 39 5364
72 5 1 40 5304
72 5 1 41 5244
72 5 1 42 5184
72 5 1 43 5124
72 5 1 44 5064
72 5 1 45 5004
72 5 1 46 4944
72 5 1 47 4884
72 5 1 48 4824
72 5 1 49 4764
72 5 1 50 4704
72 5 1 51 4644
72 5 1 52 4584
72 5 1 53 4524
72 5 1 54 4464
72 5 1 55 4404
72 5 1 56 4344
72 5 1 57 4284
72 5 1 58 4224
72 5 1 59 4164
72 5 1 60 4104
72 5 1 61 4044
72 5 1 62 3984
72 5 1 63 3924
72 5 1 64 3864
72 5 1 65 3808
72 5 1 66 3752
72 5 1 67 3716
72 5 1 68 3172
72 5 1 69 3156
72 5 2 2 4
72 5 2 3 4
72 5 2 68 4
72 5 2 69 4
72 6 0 2 714504
72 6 0 3 8227006
72 6 0 4 56162298
72 6 0 5 166565974
72 6 0 6 331013394
72 6 0 7 565124640
72 6 0 8 842884516
72 6 0 9 1155132448
72 6 0 10 1493665932
72 6 0 11 1850274892
72 6 0 12 2217327740
72 6 0 13 2587632220
72 6 0 14 2954660474
72 6 0 15 3312337670
72 6 0 16 3655346804
72 6 0 17 3978833902
72 6 0 18 4278790090
72 6 0 19 4551678264
72 6 0 20 4794837522
72 6 0 21 5006024210
72 6 0 22 5183870708
72 6 0 23 5327370220
72 6 0 24 5436385670
72 6 0 25 5511045266
72 6 0 26 5552197618
72 6 0 27 5560833656
72 6 0 28 5538561394
72 6 0 29 5487012990
72 6 0 30 5408323490
72 6 0 31 5304557506
72 6 0 32 5178146676
72 6 0 33 5031358486
72 6 0 34 4866748260
72 6 0 35 4686737100
72 6 0 36 4493875706
72 6 0 37 4290354210
72 6 0 38 4078454574
72 6 0 39 3860173800
72 6 0 40 3637549120
72 6 0 41 3412362902
72 6 0 42 3186408332
72 6 0 43 2961253320
72 6 0 44 2738446932
72 6 0 45 2519344808
72 6 0 46 2305250896
72 6 0 47 2097309226
72 6 0 48 1896580522
72 6 0 49 1703996162
72 6 0 50 1520374586
72 6 0 51 1346435902
72 6 0 52 1182756074
72 6 0 53 1029843586
72 6 0 54 888035038
72 6 0 55 757625030
72 6 0 56 638712756
72 6 0 57 531378830
72 6 0 58 435486308
72 6 0 59 350901086
72 6 0 60 277253878
72 6 0 61 214192480
72 6 0 62 161106266
72 6 0 63 117417704
72 6 0 64 82300166
72 6 0 65 54944396
72 6 0 66 34465216
72 6 0 67 19567392
72 6 0 68 9033896
72 6 0 69 2946840
72 6 1 2 34036
72 6 1 3 83612
72 6 1 4 173163
72 6 1 5 271485
72 6 1 6 300023
72 6 1 7 327913
72 6 1 8 354595
72 6 1 9 380033
72 6 1 10 404263
72 6 1 11 427249
72 6 1 12 449027
72 6 1 13 469561
72 6 1 14 488887
72 6 1 15 506969
72 6 1 16 523843
72 6 1 17 539473
72 6 1 18 553895
72 6 1 19 567073
72 6 1 20 579043
72 6 1 21 589769
72 6 1 22 599287
72 6 1 23 607561
72 6 1 24 614627
72 6 1 25 620449
72 6 1 26 625063
72 6 1 27 628433
72 6 1 28 630595
72 6 1 29 631513
72 6 1 30 631223
72 6 1 31 629689
72 6 1 32 626947
72 6 1 33 622973
72 6 1 34 617629
72 6 1 35 609946
72 6 1 36 601490
72 6 1 37 592528
72 6 1 38 583086
72 6 1 39 573128
72 6 1 40 562690
72 6 1 41 551736
72 6 1 42 540302
72 6 1 43 528352
72 6 1 44 515922
72 6 1 45 502976
72 6 1 46 489550
72 6 1 47 475608
72 6 1 48 461186
72 6 1 49 446248
72 6 1 50 430830
72 6 1 51 414896
72 6 1 52 398482
72 6 1 53 381552
72 6 1 54 364142
72 6 1 55 346216
72 6 1 56 327810
72 6 1 57 308888
72 6 1 58 289486
72 6 1 59 269568
72 6 1 60 249170
72 6 1 61 228252
72 6 1 62 206854
72 6 1 63 184936
72 6 1 64 162510
72 6 1 65 140016
72 6 1 66 117152
72 6 1 67 98136
72 6 1 68 81532
72 6 1 69 68128
72 6 2 2 266
72 6 2 3 300
72 6 2 4 48
72 6 2 5 56
72 6 2 6 56
72 6 2 7 56
72 6 2 8 56
72 6 2 9 56
72 6 2 10 56
72 6 2 11 56
72 6 2 12 56
72 6 2 13 56
72 6 2 14 56
72 6 2 15 56
72 6 2 16 56
72 6 2 17 56
72 6 2 18 56
72 6 2 19 56
72 6 2 20 56
72 6 2 21 56
72 6 2 22 56
72 6 2 23 56
72 6 2 24 56
72 6 2 25 56
72 6 2 26 56
72 6 2 27 56
72 6 2 28 56
72 6 2 29 56
72 6 2 30 56
72 6 2 31 56
72 6 2 32 56
72 6 2 33 56
72 6 2 34 56
72 6 2 35 56
72 6 2 36 56
72 6 2 37 56
72 6 2 38 56
72 6 2 39 56
72 6 2 40 56
72 6 2 41 56
72 6 2 42 56
72 6 2 43 56
72 6 2 44 56
72 6 2 45 56
72 6 2 46 56
72 6 2 47 56
72 6 2 48 56
72 6 2 49 56
72 6 2 50 56
72 6 2 51 56
72 6 2 52 56
72 6 2 53 56
72 6 2 54 56
72 6 2 55 56
72 6 2 56 56
72 6 2 57 56
72 6 2 58 56
72 6 2 59 56
72 6 2 60 56
72 6 2 61 56
72 6 2 62 56
72 6 2 63 56
72 6 2 64 56
72 6 2 65 52
72 6 2 66 48
72 6 2 67 52
72 6 2 68 290
72 6 2 69 260
73 0 0 1 1
73 0 0 73 1
73 1 0 2 4
73 1 0 3 4
73 1 0 4 4
73 1 0 5 4
73 1 0 6 4
73 1 0 7 4
73 1 0 8 4
73 1 0 9 4
73 1 0 10 4
73 1 0 11 4
73 1 0 12 4
73 1 0 13 4
73 1 0 14 4
73 1 0 15 4
73 1 0 16 4
73 1 0 17 4
73 1 0 18 4
73 1 0 19 4
73 1 0 20 4
73 1 0 21 4
73 1 0 22 4
73 1 0 23 4
73 1 0 24 4
73 1 0 25 4
73 1 0 26 4
73 1 0 27 4
73 1 0 28 4
73 1 0 29 4
73 1 0 30 4
73 1 0 31 4
73 1 0 32 4
73 1 0 33 4
73 1 0 34 4
73 1 0 35 4
73 1 0 36 4
73 1 0 37 4
73 1 0 38 4
73 1 0 39 4
73 1 0 40 4
73 1 0 41 4
73 1 0 42 4
73 1 0 43 4
73 1 0 44 4
73 1 0 45 4
73 1 0 46 4
73 1 0 47 4
73 1 0 48 4
73 1 0 49 4
73 1 0 50 4
73 1 0 51 4
73 1 0 52 4
73 1 0 53 4
73 1 0 54 4
73 1 0 55 4
73 1 0 56 4
73 1 0 57 4
73 1 0 58 4
73 1 0 59 4
73 1 0 60 4
73 1 0 61 4
73 1 0 62 4
73 1 0 63 4
73 1 0 64 4
73 1 0 65 4
73 1 0 66 4
73 1 0 67 4
73 1 0 68 4
73 1 0 69 4
73 1 0 70 4
73 1 0 71 4
73 1 0 72 4
73 2 0 2 282
73 2 0 3 290
73 2 0 4 426
73 2 0 5 428
73 2 0 6 430
73 2 0 7 432
73 2 0 8 434
73 2 0 9 436
73 2 0 10 438
73 2 0 11 440
73 2 0 12 442
73 2 0 13 444
73 2 0 14 446
73 2 0 15 448
73 2 0 16 450
73 2 0 17 452
73 2 0 18 454
73 2 0 19 456
73 2 0 20 458
73 2 0 21 460
73 2 0 22 462
73 2 0 23 464
73 2 0 24 466
73 2 0 25 468
73 2 0 26 470
73 2 0 27 472
73 2 0 28 474
73 2 0 29 476
73 2 0 30 478
73 2 0 31 480
73 2 0 32 482
73 2 0 33 484
73 2 0 34 486
73 2 0 35 488
73 2 0 36 488
73 2 0 37 482
73 2 0 38 476
73 2 0 39 470
73 2 0 40 464
73 2 0 41 458
73 2 0 42 452
73 2 0 43 446
73 2 0 44 440
73 2 0 45 434
73 2 0 46 428
73 2 0 47 422
73 2 0 48 416
73 2 0 49 410
73 2 0 50 404
73 2 0 51 398
73 2 0 52 392
73 2 0 53 386
73 2 0 54 380
73 2 0 55 374
73 2 0 56 368
73 2 0 57 362
73 2 0 58 356
73 2 0 59 350
73 2 0 60 344
73 2 0 61 338
73 2 0 62 332
73 2 0 63 326
73 2 0 64 320
73 2 0 65 314
73 2 0 66 308
73 2 0 67 302
73 2 0 68 296
73 2 0 69 290
73 2 0 70 288
73 2 0 71 282
73 2 0 72 280
73 3 0 2 544
73 3 0 3 2976
73 3 0 4 13748
73 3 0 5 16132
73 3 0 6 18416
73 3 0 7 20608
73 3 0 8 22704
73 3 0 9 24708
73 3 0 10 26616
73 3 0 11 28432
73 3 0 12 30152
73 3 0 13 31780
73 3 0 14 33312
73 3 0 15 34752
73 3 0 16 36096
73 3 0 17 37348
73 3 0 18 38504
73 3 0 19 39568
73 3 0 20 40536
73 3 0 21 41412
73 3 0 22 42192
73 3 0 23 42880
73 3 0 24 43472
73 3 0 25 43972
73 3 0 26 44376
73 3 0 27 44688
73 3 0 28 44904
73 3 0 29 45028
73 3 0 30 45056
73 3 0 31 44992
73 3 0 32 44832
73 3 0 33 44580
73 3 0 34 44232
73 3 0 35 43792
73 3 0 36 43268
73 3 0 37 42704
73 3 0 38 42100
73 3 0 39 41460
73 3 0 40 40780
73 3 0 41 40064
73 3 0 42 39308
73 3 0 43 38516
73 3 0 44 37684
73 3 0 45 36816
73 3 0 46 35908
73 3 0 47 34964
73 3 0 48 33980
73 3 0 49 32960
73 3 0 50 31900
73 3 0 51 30804
73 3 0 52 29668
73 3 0 53 28496
73 3 0 54 27284
73 3 0 55 26036
73 3 0 56 24748
73 3 0 57 23424
73 3 0 58 22060
73 3 0 59 20660
73 3 0 60 19220
73 3 0 61 17744
73 3 0 62 16228
73 3 0 63 14676
73 3 0 64 13084
73 3 0 65 11456
73 3 0 66 9788
73 3 0 67 8080
73 3 0 68 6336
73 3 0 69 4556
73 3 0 70 3248
73 3 0 71 1372
73 3 1 2 4
73 3 1 71 4
73 4 0 2 18488
73 4 0 3 79206
73 4 0 4 272104
73 4 0 5 459331
73 4 0 6 640632
73 4 0 7 825276
73 4 0 8 1003240
73 4 0 9 1174409
73 4 0 10 1338536
73 4 0 11 1495530
73 4 0 12 1645120
73 4 0 13 1787239
73 4 0 14 1921592
73 4 0 15 2048136
73 4 0 16 2166552
73 4 0 17 2276821
73 4 0 18 2378600
73 4 0 19 2471894
73 4 0 20 2556336
73 4 0 21 2631955
73 4 0 22 2698360
73 4 0 23 2755604
73 4 0 24 2803294
73 4 0 25 2841731
73 4 0 26 2870840
73 4 0 27 2891080
73 4 0 28 2902362
73 4 0 29 2905163
73 4 0 30 2899376
73 4 0 31 2885496
73 4 0 32 2863398
73 4 0 33 2833595
73 4 0 34 2795928
73 4 0 35 2750738
73 4 0 36 2698166
73 4 0 37 2640664
73 4 0 38 2578244
73 4 0 39 2511617
73 4 0 40 2440730
73 4 0 41 2366312
73 4 0 42 2288292
73 4 0 43 2207417
73 4 0 44 2123598
73 4 0 45 2037600
73 4 0 46 1949316
73 4 0 47 1859529
73 4 0 48 1768114
73 4 0 49 1675872
73 4 0 50 1582660
73 4 0 51 1489297
73 4 0 52 1395622
73 4 0 53 1302472
73 4 0 54 1209668
73 4 0 55 1118065
73 4 0 56 1027466
73 4 0 57 938744
73 4 0 58 851684
73 4 0 59 767177
73 4 0 60 684990
73 4 0 61 606032
73 4 0 62 530052
73 4 0 63 457981
73 4 0 64 389546
73 4 0 65 325692
73 4 0 66 266136
73 4 0 67 211251
73 4 0 68 161830
73 4 0 69 118644
73 4 0 70 75050
73 4 0 71 37061
73 4 1 2 276
73 4 1 3 24
73 4 1 4 28
73 4 1 5 28
73 4 1 6 28
73 4 1 7 28
73 4 1 8 28
73 4 1 9 28
73 4 1 10 28
73 4 1 11 28
73 4 1 12 28
73 4 1 13 28
73 4 1 14 28
73 4 1 15 28
73 4 1 16 28
73 4 1 17 28
73 4 1 18 28
73 4 1 19 28
73 4 1 20 28
73 4 1 21 28
73 4 1 22 28
73 4 1 23 28
73 4 1 24 28
73 4 1 25 28
73 4 1 26 28
73 4 1 27 28
73 4 1 28 28
73 4 1 29 28
73 4 1 30 28
73 4 1 31 28
73 4 1 32 28
73 4 1 33 28
73 4 1 34 28
73 4 1 35 28
73 4 1 36 28
73 4 1 37 28
73 4 1 38 28
73 4 1 39 28
73 4 1 40 28
73 4 1 41 28
73 4 1 42 28
73 4 1 43 28
73 4 1 44 28
73 4 1 45 28
73 4 1 46 28
73 4 1 47 28
73 4 1 48 28
73 4 1 49 28
73 4 1 50 28
73 4 1 51 28
73 4 1 52 28
73 4 1 53 28
73 4 1 54 28
73 4 1 55 28
73 4 1 56 28
73 4 1 57 28
73 4 1 58 28
73 4 1 59 28
73 4 1 60 28
73 4 1 61 28
73 4 1 62 28
73 4 1 63 28
73 4 1 64 28
73 4 1 65 28
73 4 1 66 28
73 4 1 67 28
73 4 1 68 28
73 4 1 69 24
73 4 1 70 24
73 4 1 71 272
73 5 0 2 34320
73 5 0 3 545470
73 5 0 4 4153866
73 5 0 5 9940710
73 5 0 6 16513162
73 5 0 7 24482638
73 5 0 8 32875578
73 5 0 9 41561110
73 5 0 10 50411958
73 5 0 11 59315902
73 5 0 12 68162102
73 5 0 13 76855798
73 5 0 14 85302422
73 5 0 15 93424958
73 5 0 16 101145090
73 5 0 17 108403110
73 5 0 18 115137546
73 5 0 19 121305814
73 5 0 20 126862834
73 5 0 21 131783790
73 5 0 22 136039902
73 5 0 23 139623398
73 5 0 24 142522606
73 5 0 25 144744706
73 5 0 26 146289610
73 5 0 27 147175790
73 5 0 28 147412838
73 5 0 29 147029394
73 5 0 30 146046038
73 5 0 31 144501250
73 5 0 32 142425582
73 5 0 33 139868730
73 5 0 34 136869150
73 5 0 35 133483374
73 5 0 36 129752832
73 5 0 37 125717696
73 5 0 38 121407024
73 5 0 39 116863272
73 5 0 40 112114920
73 5 0 41 107201796
73 5 0 42 102150296
73 5 0 43 96997568
73 5 0 44 91767976
73 5 0 45 86495924
73 5 0 46 81203820
73 5 0 47 75923248
73 5 0 48 70674724
73 5 0 49 65486960
73 5 0 50 60378632
73 5 0 51 55375516
73 5 0 52 50494524
73 5 0 53 45758420
73 5 0 54 41182416
73 5 0 55 36786212
73 5 0 56 32583372
73 5 0 57 28590468
73 5 0 58 24819488
73 5 0 59 21283804
73 5 0 60 17993896
73 5 0 61 14959880
73 5 0 62 12190780
73 5 0 63 9694052
73 5 0 64 7476640
73 5 0 65 5541936
73 5 0 66 3896940
73 5 0 67 2553304
73 5 0 68 1507860
73 5 0 69 763302
73 5 0 70 213076
73 5 1 2 1056
73 5 1 3 3236
73 5 1 4 4452
73 5 1 5 5120
73 5 1 6 5140
73 5 1 7 5160
73 5 1 8 5180
73 5 1 9 5200
73 5 1 10 5220
73 5 1 11 5240
73 5 1 12 5260
73 5 1 13 5280
73 5 1 14 5300
73 5 1 15 5320
73 5 1 16 5340
73 5 1 17 5360
73 5 1 18 5380
73 5 1 19 5400
73 5 1 20 5420
73 5 1 21 5440
73 5 1 22 5460
73 5 1 23 5480
73 5 1 24 5500
73 5 1 25 5520
73 5 1 26 5540
73 5 1 27 5560
73 5 1 28 5580
73 5 1 29 5600
73 5 1 30 5620
73 5 1 31 5640
73 5 1 32 5660
73 5 1 33 5680
73 5 1 34 5700
73 5 1 35 5700
73 5 1 36 5660
73 5 1 37 5600
73 5 1 38 5540
73 5 1 39 5480
73 5 1 40 5420
73 5 1 41 5360
73 5 1 42 5300
73 5 1 43 5240
73 5 1 44 5180
73 5 1 45 5120
73 5 1 46 5060
73 5 1 47 5000
73 5 1 48 4940
73 5 1 49 4880
73 5 1 50 4820
73 5 1 51 4760
73 5 1 52 4700
73 5 1 53 4640
73 5 1 54 4580
73 5 1 55 4520
73 5 1 56 4460
73 5 1 57 4400
73 5 1 58 4340
73 5 1 59 4280
73 5 1 60 4220
73 5 1 61 4160
73 5 1 62 4100
73 5 1 63 4040
73 5 1 64 3980
73 5 1 65 3920
73 5 1 66 3864
73 5 1 67 3808
73 5 1 68 3772
73 5 1 69 3220
73 5 1 70 3204
73 5 2 2 4
73 5 2 3 4
73 5 2 69 4
73 5 2 70 4
73 6 0 2 748288
73 6 0 3 8600356
73 6 0 4 59066410
73 6 0 5 175305284
73 6 0 6 348411620
73 6 0 7 595324856
73 6 0 8 888512064
73 6 0 9 1218527574
73 6 0 10 1576826974
73 6 0 11 1954956906
73 6 0 12 2344897852
73 6 0 13 2739258080
73 6 0 14 3131093120
73 6 0 15 3514180436
73 6 0 16 3882753532
73 6 0 17 4231857818
73 6 0 18 4557013748
73 6 0 19 4854628088
73 6 0 20 5121561934
73 6 0 21 5355581518
73 6 0 22 5554838994
73 6 0 23 5718385996
73 6 0 24 5845628874
73 6 0 25 5936813812
73 6 0 26 5992395616
73 6 0 27 6013544926
73 6 0 28 6001519400
73 6 0 29 5958181544
73 6 0 30 5885384124
73 6 0 31 5785451542
73 6 0 32 5660604252
73 6 0 33 5513413260
73 6 0 34 5346246254
73 6 0 35 5161789966
73 6 0 36 4962557214
73 6 0 37 4751075848
73 6 0 38 4529568388
73 6 0 39 4300334976
73 6 0 40 4065384488
73 6 0 41 3826767602
73 6 0 42 3586275160
73 6 0 43 3345709136
73 6 0 44 3106642430
73 6 0 45 2870628288
73 6 0 46 2639023840
73 6 0 47 2413132622
73 6 0 48 2194096604
73 6 0 49 1982971590
73 6 0 50 1780683264
73 6 0 51 1588040688
73 6 0 52 1405754626
73 6 0 53 1234387222
73 6 0 54 1074433916
73 6 0 55 926213130
73 6 0 56 790002636
73 6 0 57 665879142
73 6 0 58 553902620
73 6 0 59 453909362
73 6 0 60 365740770
73 6 0 61 288996588
73 6 0 62 223296184
73 6 0 63 167993596
73 6 0 64 122478796
73 6 0 65 85885904
73 6 0 66 57368980
73 6 0 67 36006722
73 6 0 68 20455000
73 6 0 69 9453510
73 6 0 70 3084664
73 6 1 2 35088
73 6 1 3 85960
73 6 1 4 177968
73 6 1 5 279008
73 6 1 6 308024
73 6 1 7 336436
73 6 1 8 363604
73 6 1 9 389564
73 6 1 10 414280
73 6 1 11 437788
73 6 1 12 460052
73 6 1 13 481108
73 6 1 14 500920
73 6 1 15 519524
73 6 1 16 536884
73 6 1 17 553036
73 6 1 18 567944
73 6 1 19 581644
73 6 1 20 594100
73 6 1 21 605348
73 6 1 22 615352
73 6 1 23 624148
73 6 1 24 631700
73 6 1 25 638044
73 6 1 26 643144
73 6 1 27 647036
73 6 1 28 649684
73 6 1 29 651124
73 6 1 30 651320
73 6 1 31 650308
73 6 1 32 648052
73 6 1 33 644592
73 6 1 34 639908
73 6 1 35 633260
73 6 1 36 624892
73 6 1 37 616056
73 6 1 38 606704
73 6 1 39 596872
73 6 1 40 586524
73 6 1 41 575696
73 6 1 42 564352
73 6 1 43 552528
73 6 1 44 540188
73 6 1 45 527368
73 6 1 46 514032
73 6 1 47 500216
73 6 1 48 485884
73 6 1 49 471072
73 6 1 50 455744
73 6 1 51 439936
73 6 1 52 423612
73 6 1 53 406808
73 6 1 54 389488
73 6 1 55 371688
73 6 1 56 353372
73 6 1 57 334576
73 6 1 58 315264
73 6 1 59 295472
73 6 1 60 275164
73 6 1 61 254376
73 6 1 62 233068
73 6 1 63 211280
73 6 1 64 188972
73 6 1 65 166156
73 6 1 66 143280
73 6 1 67 120036
73 6 1 68 100712
73 6 1 69 83844
73 6 1 70 70232
73 6 2 2 270
73 6 2 3 304
73 6 2 4 48
73 6 2 5 56
73 6 2 6 56
73 6 2 7 56
73 6 2 8 56
73 6 2 9 56
73 6 2 10 56
73 6 2 11 56
73 6 2 12 56
73 6 2 13 56
73 6 2 14 56
73 6 2 15 56
73 6 2 16 56
73 6 2 17 56
73 6 2 18 56
73 6 2 19 56
73 6 2 20 56
73 6 2 21 56
73 6 2 22 56
73 6 2 23 56
73 6 2 24 56
73 6 2 25 56
73 6 2 26 56
73 6 2 27 56
73 6 2 28 56
73 6 2 29 56
73 6 2 30 56
73 6 2 31 56
73 6 2 32 56
73 6 2 33 56
73 6 2 34 56
73 6 2 35 56
73 6 2 36 56
73 6 2 37 56
73 6 2 38 56
73 6 2 39 56
73 6 2 40 56
73 6 2 41 56
73 6 2 42 56
73 6 2 43 56
73 6 2 44 56
73 6 2 45 56
73 6 2 46 56
73 6 2 47 56
73 6 2 48 56
73 6 2 49 56
73 6 2 50 56
73 6 2 51 56
73 6 2 52 56
73 6 2 53 56
73 6 2 54 56
73 6 2 55 56
73 6 2 56 56
73 6 2 57 56
73 6 2 58 56
73 6 2 59 56
73 6 2 60 56
73 6 2 61 56
73 6 2 62 56
73 6 2 63 56
73 6 2 64 56
73 6 2 65 56
73 6 2 66 52
73 6 2 67 48
73 6 2 68 52
73 6 2 69 294
73 6 2 70 264
74 0 0 1 1
74 0 0 74 1
74 1 0 2 4
74 1 0 3 4
74 1 0 4 4
74 1 0 5 4
74 1 0 6 4
74 1 0 7 4
74 1 0 8 4
74 1 0 9 4
74 1 0 10 4
74 1 0 11 4
74 1 0 12 4
74 1 0 13 4
74 1 0 14 4
74 1 0 15 4
74 1 0 16 4
74 1 0 17 4
74 1 0 18 4
74 1 0 19 4
74 1 0 20 4
74 1 0 21 4
74 1 0 22 4
74 1 0 23 4
74 1 0 24 4
74 1 0 25 4
74 1 0 26 4
74 1 0 27 4
74 1 0 28 4
74 1 0 29 4
74 1 0 30 4
74 1 0 31 4
74 1 0 32 4
74 1 0 33 4
74 1 0 34 4
74 1 0 35 4
74 1 0 36 4
74 1 0 37 4
74 1 0 38 4
74 1 0 39 4
74 1 0 40 4
74 1 0 41 4
74 1 0 42 4
74 1 0 43 4
74 1 0 44 4
74 1 0 45 4
74 1 0 46 4
74 1 0 47 4
74 1 0 48 4
74 1 0 49 4
74 1 0 50 4
74 1 0 51 4
74 1 0 52 4
74 1 0 53 4
74 1 0 54 4
74 1 0 55 4
74 1 0 56 4
74 1 0 57 4
74 1 0 58 4
74 1 0 59 4
74 1 0 60 4
74 1 0 61 4
74 1 0 62 4
74 1 0 63 4
74 1 0 64 4
74 1 0 65 4
74 1 0 66 4
74 1 0 67 4
74 1 0 68 4
74 1 0 69 4
74 1 0 70 4
74 1 0 71 4
74 1 0 72 4
74 1 0 73 4
74 2 0 2 286
74 2 0 3 294
74 2 0 4 432
74 2 0 5 434
74 2 0 6 436
74 2 0 7 438
74 2 0 8 440
74 2 0 9 442
74 2 0 10 444
74 2 0 11 446
74 2 0 12 448
74 2 0 13 450
74 2 0 14 452
74 2 0 15 454
74 2 0 16 456
74 2 0 17 458
74 2 0 18 460
74 2 0 19 462
74 2 0 20 464
74 2 0 21 466
74 2 0 22 468
74 2 0 23 470
74 2 0 24 472
74 2 0 25 474
74 2 0 26 476
74 2 0 27 478
74 2 0 28 480
74 2 0 29 482
74 2 0 30 484
74 2 0 31 486
74 2 0 32 488
74 2 0 33 490
74 2 0 34 492
74 2 0 35 494
74 2 0 36 496
74 2 0 37 492
74 2 0 38 486
74 2 0 39 480
74 2 0 40 474
74 2 0 41 468
74 2 0 42 462
74 2 0 43 456
74 2 0 44 450
74 2 0 45 444
74 2 0 46 438
74 2 0 47 432
74 2 0 48 426
74 2 0 49 420
74 2 0 50 414
74 2 0 51 408
74 2 0 52 402
74 2 0 53 396
74 2 0 54 390
74 2 0 55 384
74 2 0 56 378
74 2 0 57 372
74 2 0 58 366
74 2 0 59 360
74 2 0 60 354
74 2 0 61 348
74 2 0 62 342
74 2 0 63 336
74 2 0 64 330
74 2 0 65 324
74 2 0 66 318
74 2 0 67 312
74 2 0 68 306
74 2 0 69 300
74 2 0 70 294
74 2 0 71 292
74 2 0 72 286
74 2 0 73 284
74 3 0 2 552
74 3 0 3 3020
74 3 0 4 14096
74 3 0 5 16516
74 3 0 6 18840
74 3 0 7 21068
74 3 0 8 23204
74 3 0 9 25244
74 3 0 10 27192
74 3 0 11 29044
74 3 0 12 30804
74 3 0 13 32468
74 3 0 14 34040
74 3 0 15 35516
74 3 0 16 36900
74 3 0 17 38188
74 3 0 18 39384
74 3 0 19 40484
74 3 0 20 41492
74 3 0 21 42404
74 3 0 22 43224
74 3 0 23 43948
74 3 0 24 44580
74 3 0 25 45116
74 3 0 26 45560
74 3 0 27 45908
74 3 0 28 46164
74 3 0 29 46324
74 3 0 30 46392
74 3 0 31 46364
74 3 0 32 46244
74 3 0 33 46028
74 3 0 34 45720
74 3 0 35 45316
74 3 0 36 44820
74 3 0 37 44260
74 3 0 38 43668
74 3 0 39 43036
74 3 0 40 42368
74 3 0 41 41660
74 3 0 42 40916
74 3 0 43 40132
74 3 0 44 39312
74 3 0 45 38452
74 3 0 46 37556
74 3 0 47 36620
74 3 0 48 35648
74 3 0 49 34636
74 3 0 50 33588
74 3 0 51 32500
74 3 0 52 31376
74 3 0 53 30212
74 3 0 54 29012
74 3 0 55 27772
74 3 0 56 26496
74 3 0 57 25180
74 3 0 58 23828
74 3 0 59 22436
74 3 0 60 21008
74 3 0 61 19540
74 3 0 62 18036
74 3 0 63 16492
74 3 0 64 14912
74 3 0 65 13292
74 3 0 66 11636
74 3 0 67 9940
74 3 0 68 8204
74 3 0 69 6432
74 3 0 70 4624
74 3 0 71 3296
74 3 0 72 1392
74 3 1 2 4
74 3 1 72 4
74 4 0 2 19036
74 4 0 3 81479
74 4 0 4 280996
74 4 0 5 474005
74 4 0 6 661033
74 4 0 7 851533
74 4 0 8 1035322
74 4 0 9 1212165
74 4 0 10 1381959
74 4 0 11 1544445
74 4 0 12 1699544
74 4 0 13 1846973
74 4 0 14 1986677
74 4 0 15 2118349
74 4 0 16 2241958
74 4 0 17 2357173
74 4 0 18 2463987
74 4 0 19 2562045
74 4 0 20 2651364
74 4 0 21 2731565
74 4 0 22 2802689
74 4 0 23 2864333
74 4 0 24 2916566
74 4 0 25 2959101
74 4 0 26 2992367
74 4 0 27 3016283
74 4 0 28 3031318
74 4 0 29 3037373
74 4 0 30 3034935
74 4 0 31 3023887
74 4 0 32 3004734
74 4 0 33 2977341
74 4 0 34 2942227
74 4 0 35 2899085
74 4 0 36 2848320
74 4 0 37 2791322
74 4 0 38 2729583
74 4 0 39 2663016
74 4 0 40 2592342
74 4 0 41 2517498
74 4 0 42 2439223
74 4 0 43 2357436
74 4 0 44 2272894
74 4 0 45 2185498
74 4 0 46 2096023
74 4 0 47 2004352
74 4 0 48 1911278
74 4 0 49 1816666
74 4 0 50 1721327
74 4 0 51 1625108
74 4 0 52 1528838
74 4 0 53 1432346
74 4 0 54 1336479
74 4 0 55 1241048
74 4 0 56 1146918
74 4 0 57 1053882
74 4 0 58 962823
74 4 0 59 873516
74 4 0 60 786862
74 4 0 61 702618
74 4 0 62 621703
74 4 0 63 543856
74 4 0 64 470018
74 4 0 65 399906
74 4 0 66 334475
74 4 0 67 273432
74 4 0 68 217150
74 4 0 69 166430
74 4 0 70 122049
74 4 0 71 77258
74 4 0 72 38158
74 4 1 2 280
74 4 1 3 24
74 4 1 4 28
74 4 1 5 28
74 4 1 6 28
74 4 1 7 28
74 4 1 8 28
74 4 1 9 28
74 4 1 10 28
74 4 1 11 28
74 4 1 12 28
74 4 1 13 28
74 4 1 14 28
74 4 1 15 28
74 4 1 16 28
74 4 1 17 28
74 4 1 18 28
74 4 1 19 28
74 4 1 20 28
74 4 1 21 28
74 4 1 22 28
74 4 1 23 28
74 4 1 24 28
74 4 1 25 28
74 4 1 26 28
74 4 1 27 28
74 4 1 28 28
74 4 1 29 28
74 4 1 30 28
74 4 1 31 28
74 4 1 32 28
74 4 1 33 28
74 4 1 34 28
74 4 1 35 28
74 4 1 36 28
74 4 1 37 28
74 4 1 38 28
74 4 1 39 28
74 4 1 40 28
74 4 1 41 28
74 4 1 42 28
74 4 1 43 28
74 4 1 44 28
74 4 1 45 28
74 4 1 46 28
74 4 1 47 28
74 4 1 48 28
74 4 1 49 28
74 4 1 50 28
74 4 1 51 28
74 4 1 52 28
74 4 1 53 28
74 4 1 54 28
74 4 1 55 28
74 4 1 56 28
74 4 1 57 28
74 4 1 58 28
74 4 1 59 28
74 4 1 60 28
74 4 1 61 28
74 4 1 62 28
74 4 1 63 28
74 4 1 64 28
74 4 1 65 28
74 4 1 66 28
74 4 1 67 28
74 4 1 68 28
74 4 1 69 28
74 4 1 70 24
74 4 1 71 24
74 4 1 72 276
74 5 0 2 35376
74 5 0 3 562310
74 5 0 4 4325224
74 5 0 5 10357240
74 5 0 6 17205796
74 5 0 7 25515988
74 5 0 8 34274148
74 5 0 9 43341072
74 5 0 10 52593136
74 5 0 11 61908588
74 5 0 12 71181324
74 5 0 13 80305840
74 5 0 14 89193788
74 5 0 15 97755880
74 5 0 16 105921148
74 5 0 17 113617064
74 5 0 18 120789844
74 5 0 19 127383328
74 5 0 20 133361512
74 5 0 21 138684500
74 5 0 22 143333404
74 5 0 23 147285496
74 5 0 24 150538708
74 5 0 25 153085784
74 5 0 26 154938556
74 5 0 27 156099804
74 5 0 28 156591604
74 5 0 29 156427640
74 5 0 30 155639888
74 5 0 31 154251968
74 5 0 32 152307076
74 5 0 33 149838532
74 5 0 34 146899112
74 5 0 35 143531124
74 5 0 36 139792104
74 5 0 37 135716704
74 5 0 38 131345024
74 5 0 39 126707500
74 5 0 40 121846768
74 5 0 41 116791136
74 5 0 42 111580596
74 5 0 43 106241388
74 5 0 44 100810808
74 5 0 45 95313080
74 5 0 46 89782740
74 5 0 47 84242072
74 5 0 48 78722776
74 5 0 49 73245260
74 5 0 50 67838336
74 5 0 51 62520588
74 5 0 52 57317876
74 5 0 53 52247036
74 5 0 54 47330900
74 5 0 55 42584620
74 5 0 56 38027948
74 5 0 57 33674404
74 5 0 58 29540596
74 5 0 59 25638484
74 5 0 60 21981460
74 5 0 61 18579992
74 5 0 62 15444200
74 5 0 63 12583112
74 5 0 64 10004184
74 5 0 65 7714368
74 5 0 66 5717028
74 5 0 67 4019212
74 5 0 68 2632716
74 5 0 69 1554288
74 5 0 70 786658
74 5 0 71 219520
74 5 1 2 1072
74 5 1 3 3284
74 5 1 4 4520
74 5 1 5 5196
74 5 1 6 5216
74 5 1 7 5236
74 5 1 8 5256
74 5 1 9 5276
74 5 1 10 5296
74 5 1 11 5316
74 5 1 12 5336
74 5 1 13 5356
74 5 1 14 5376
74 5 1 15 5396
74 5 1 16 5416
74 5 1 17 5436
74 5 1 18 5456
74 5 1 19 5476
74 5 1 20 5496
74 5 1 21 5516
74 5 1 22 5536
74 5 1 23 5556
74 5 1 24 5576
74 5 1 25 5596
74 5 1 26 5616
74 5 1 27 5636
74 5 1 28 5656
74 5 1 29 5676
74 5 1 30 5696
74 5 1 31 5716
74 5 1 32 5736
74 5 1 33 5756
74 5 1 34 5776
74 5 1 35 5792
74 5 1 36 5772
74 5 1 37 5716
74 5 1 38 5656
74 5 1 39 5596
74 5 1 40 5536
74 5 1 41 5476
74 5 1 42 5416
74 5 1 43 5356
74 5 1 44 5296
74 5 1 45 5236
74 5 1 46 5176
74 5 1 47 5116
74 5 1 48 5056
74 5 1 49 4996
74 5 1 50 4936
74 5 1 51 4876
74 5 1 52 4816
74 5 1 53 4756
74 5 1 54 4696
74 5 1 55 4636
74 5 1 56 4576
74 5 1 57 4516
74 5 1 58 4456
74 5 1 59 4396
74 5 1 60 4336
74 5 1 61 4276
74 5 1 62 4216
74 5 1 63 4156
74 5 1 64 4096
74 5 1 65 4036
74 5 1 66 3976
74 5 1 67 3920
74 5 1 68 3864
74 5 1 69 3828
74 5 1 70 3268
74 5 1 71 3252
74 5 2 2 4
74 5 2 3 4
74 5 2 70 4
74 5 2 71 4
74 6 0 2 783120
74 6 0 3 8984760
74 6 0 4 62076208
74 6 0 5 184365490
74 6 0 6 366458828
74 6 0 7 626661962
74 6 0 8 935893338
74 6 0 9 1284345010
74 6 0 10 1663228030
74 6 0 11 2063706470
74 6 0 12 2477535498
74 6 0 13 2896912734
74 6 0 14 3314720136
74 6 0 15 3724290642
74 6 0 16 4119733310
74 6 0 17 4495624552
74 6 0 18 4847402486
74 6 0 19 5170981932
74 6 0 20 5463205390
74 6 0 21 5721337566
74 6 0 22 5943571016
74 6 0 23 6128469952
74 6 0 24 6275515318
74 6 0 25 6384506416
74 6 0 26 6456056588
74 6 0 27 6490931290
74 6 0 28 6490601206
74 6 0 29 6456588776
74 6 0 30 6390991908
74 6 0 31 6295862262
74 6 0 32 6173713288
74 6 0 33 6026899404
74 6 0 34 5858113476
74 6 0 35 5669849452
74 6 0 36 5464931366
74 6 0 37 5245862440
74 6 0 38 5015188430
74 6 0 39 4775152334
74 6 0 40 4528071634
74 6 0 41 4275966312
74 6 0 42 4020899644
74 6 0 43 3764670178
74 6 0 44 3509087828
74 6 0 45 3255729716
74 6 0 46 3006152420
74 6 0 47 2761713792
74 6 0 48 2523716108
74 6 0 49 2293298510
74 6 0 50 2071511034
74 6 0 51 1859272902
74 6 0 52 1657382950
74 6 0 53 1466541830
74 6 0 54 1287297018
74 6 0 55 1120130142
74 6 0 56 965340598
74 6 0 57 823188562
74 6 0 58 693727408
74 6 0 59 576995698
74 6 0 60 472802112
74 6 0 61 380962790
74 6 0 62 301045658
74 6 0 63 232640888
74 6 0 64 175066334
74 6 0 65 127678704
74 6 0 66 89572018
74 6 0 67 59862884
74 6 0 68 37593172
74 6 0 69 21368960
74 6 0 70 9885916
74 6 0 71 3226720
74 6 1 2 36156
74 6 1 3 88340
74 6 1 4 182827
74 6 1 5 286657
74 6 1 6 316183
74 6 1 7 345081
74 6 1 8 372771
74 6 1 9 399217
74 6 1 10 424455
74 6 1 11 448449
74 6 1 12 471235
74 6 1 13 492777
74 6 1 14 513111
74 6 1 15 532201
74 6 1 16 550083
74 6 1 17 566721
74 6 1 18 582151
74 6 1 19 596337
74 6 1 20 609315
74 6 1 21 621049
74 6 1 22 631575
74 6 1 23 640857
74 6 1 24 648931
74 6 1 25 655761
74 6 1 26 661383
74 6 1 27 665761
74 6 1 28 668931
74 6 1 29 670857
74 6 1 30 671575
74 6 1 31 671049
74 6 1 32 669315
74 6 1 33 666337
74 6 1 34 662163
74 6 1 35 656575
74 6 1 36 648636
74 6 1 37 639880
74 6 1 38 630654
74 6 1 39 620912
74 6 1 40 610690
74 6 1 41 599952
74 6 1 42 588734
74 6 1 43 577000
74 6 1 44 564786
74 6 1 45 552056
74 6 1 46 538846
74 6 1 47 525120
74 6 1 48 510914
74 6 1 49 496192
74 6 1 50 480990
74 6 1 51 465272
74 6 1 52 449074
74 6 1 53 432360
74 6 1 54 415166
74 6 1 55 397456
74 6 1 56 379266
74 6 1 57 360560
74 6 1 58 341374
74 6 1 59 321672
74 6 1 60 301490
74 6 1 61 280792
74 6 1 62 259614
74 6 1 63 237916
74 6 1 64 215738
74 6 1 65 193040
74 6 1 66 169834
74 6 1 67 146576
74 6 1 68 122952
74 6 1 69 103320
74 6 1 70 86188
74 6 1 71 72368
74 6 2 2 274
74 6 2 3 308
74 6 2 4 48
74 6 2 5 56
74 6 2 6 56
74 6 2 7 56
74 6 2 8 56
74 6 2 9 56
74 6 2 10 56
74 6 2 11 56
74 6 2 12 56
74 6 2 13 56
74 6 2 14 56
74 6 2 15 56
74 6 2 16 56
74 6 2 17 56
74 6 2 18 56
74 6 2 19 56
74 6 2 20 56
74 6 2 21 56
74 6 2 22 56
74 6 2 23 56
74 6 2 24 56
74 6 2 25 56
74 6 2 26 56
74 6 2 27 56
74 6 2 28 56
74 6 2 29 56
74 6 2 30 56
74 6 2 31 56
74 6 2 32 56
74 6 2 33 56
74 6 2 34 56
74 6 2 35 56
74 6 2 36 56
74 6 2 37 56
74 6 2 38 56
74 6 2 39 56
74 6 2 40 56
74 6 2 41 56
74 6 2 42 56
74 6 2 43 56
74 6 2 44 56
74 6 2 45 56
74 6 2 46 56
74 6 2 47 56
74 6 2 48 56
74 6 2 49 56
74 6 2 50 56
74 6 2 51 56
74 6 2 52 56
74 6 2 53 56
74 6 2 54 56
74 6 2 55 56
74 6 2 56 56
74 6 2 57 56
74 6 2 58 56
74 6 2 59 56
74 6 2 60 56
74 6 2 61 56
74 6 2 62 56
74 6 2 63 56
74 6 2 64 56
74 6 2 65 56
74 6 2 66 56
74 6 2 67 52
74 6 2 68 48
74 6 2 69 52
74 6 2 70 298
74 6 2 71 268
75 0 0 1 1
75 0 0 75 1
75 1 0 2 4
75 1 0 3 4
75 1 0 4 4
75 1 0 5 4
75 1 0 6 4
75 1 0 7 4
75 1 0 8 4
75 1 0 9 4
75 1 0 10 4
75 1 0 11 4
75 1 0 12 4
75 1 0 13 4
75 1 0 14 4
75 1 0 15 4
75 1 0 16 4
75 1 0 17 4
75 1 0 18 4
75 1 0 19 4
75 1 0 20 4
75 1 0 21 4
75 1 0 22 4
75 1 0 23 4
75 1 0 24 4
75 1 0 25 4
75 1 0 26 4
75 1 0 27 4
75 1 0 28 4
75 1 0 29 4
75 1 0 30 4
75 1 0 31 4
75 1 0 32 4
75 1 0 33 4
75 1 0 34 4
75 1 0 35 4
75 1 0 36 4
75 1 0 37 4
75 1 0 38 4
75 1 0 39 4
75 1 0 40 4
75 1 0 41 4
75 1 0 42 4
75 1 0 43 4
75 1 0 44 4
75 1 0 45 4
75 1 0 46 4
75 1 0 47 4
75 1 0 48 4
75 1 0 49 4
75 1 0 50 4
75 1 0 51 4
75 1 0 52 4
75 1 0 53 4
75 1 0 54 4
75 1 0 55 4
75 1 0 56 4
75 1 0 57 4
75 1 0 58 4
75 1 0 59 4
75 1 0 60 4
75 1 0 61 4
75 1 0 62 4
75 1 0 63 4
75 1 0 64 4
75 1 0 65 4
75 1 0 66 4
75 1 0 67 4
75 1 0 68 4
75 1 0 69 4
75 1 0 70 4
75 1 0 71 4
75 1 0 72 4
75 1 0 73 4
75 1 0 74 4
75 2 0 2 290
75 2 0 3 298
75 2 0 4 438
75 2 0 5 440
75 2 0 6 442
75 2 0 7 444
75 2 0 8 446
75 2 0 9 448
75 2 0 10 450
75 2 0 11 452
75 2 0 12 454
75 2 0 13 456
75 2 0 14 458
75 2 0 15 460
75 2 0 16 462
75 2 0 17 464
75 2 0 18 466
75 2 0 19 468
75 2 0 20 470
75 2 0 21 472
75 2 0 22 474
75 2 0 23 476
75 2 0 24 478
75 2 0 25 480
75 2 0 26 482
75 2 0 27 484
75 2 0 28 486
75 2 0 29 488
75 2 0 30 490
75 2 0 31 492
75 2 0 32 494
75 2 0 33 496
75 2 0 34 498
75 2 0 35 500
75 2 0 36 502
75 2 0 37 502
75 2 0 38 496
75 2 0 39 490
75 2 0 40 484
75 2 0 41 478
75 2 0 42 472
75 2 0 43 466
75 2 0 44 460
75 2 0 45 454
75 2 0 46 448
75 2 0 47 442
75 2 0 48 436
75 2 0 49 430
75 2 0 50 424
75 2 0 51 418
75 2 0 52 412
75 2 0 53 406
75 2 0 54 400
75 2 0 55 394
75 2 0 56 388
75 2 0 57 382
75 2 0 58 376
75 2 0 59 370
75 2 0 60 364
75 2 0 61 358
75 2 0 62 352
75 2 0 63 346
75 2 0 64 340
75 2 0 65 334
75 2 0 66 328
75 2 0 67 322
75 2 0 68 316
75 2 0 69 310
75 2 0 70 304
75 2 0 71 298
75 2 0 72 296
75 2 0 73 290
75 2 0 74 288
75 3 0 2 560
75 3 0 3 3064
75 3 0 4 14436
75 3 0 5 16896
75 3 0 6 19256
75 3 0 7 21524
75 3 0 8 23696
75 3 0 9 25776
75 3 0 10 27760
75 3 0 11 29652
75 3 0 12 31448
75 3 0 13 33152
75 3 0 14 34760
75 3 0 15 36276
75 3 0 16 37696
75 3 0 17 39024
75 3 0 18 40256
75 3 0 19 41396
75 3 0 20 42440
75 3 0 21 43392
75 3 0 22 44248
75 3 0 23 45012
75 3 0 24 45680
75 3 0 25 46256
75 3 0 26 46736
75 3 0 27 47124
75 3 0 28 47416
75 3 0 29 47616
75 3 0 30 47720
75 3 0 31 47732
75 3 0 32 47648
75 3 0 33 47472
75 3 0 34 47200
75 3 0 35 46836
75 3 0 36 46376
75 3 0 37 45836
75 3 0 38 45252
75 3 0 39 44632
75 3 0 40 43972
75 3 0 41 43276
75 3 0 42 42540
75 3 0 43 41768
75 3 0 44 40956
75 3 0 45 40108
75 3 0 46 39220
75 3 0 47 38296
75 3 0 48 37332
75 3 0 49 36332
75 3 0 50 35292
75 3 0 51 34216
75 3 0 52 33100
75 3 0 53 31948
75 3 0 54 30756
75 3 0 55 29528
75 3 0 56 28260
75 3 0 57 26956
75 3 0 58 25612
75 3 0 59 24232
75 3 0 60 22812
75 3 0 61 21356
75 3 0 62 19860
75 3 0 63 18328
75 3 0 64 16756
75 3 0 65 15148
75 3 0 66 13500
75 3 0 67 11816
75 3 0 68 10092
75 3 0 69 8328
75 3 0 70 6528
75 3 0 71 4692
75 3 0 72 3344
75 3 0 73 1412
75 3 1 2 4
75 3 1 73 4
75 4 0 2 19592
75 4 0 3 83784
75 4 0 4 290022
75 4 0 5 488792
75 4 0 6 681478
75 4 0 7 877973
75 4 0 8 1067618
75 4 0 9 1250298
75 4 0 10 1425766
75 4 0 11 1593931
75 4 0 12 1754522
75 4 0 13 1907472
75 4 0 14 2052486
75 4 0 15 2189521
75 4 0 16 2318258
75 4 0 17 2438678
75 4 0 18 2550438
75 4 0 19 2653543
75 4 0 20 2747626
75 4 0 21 2832716
75 4 0 22 2908422
75 4 0 23 2974797
75 4 0 24 3031426
75 4 0 25 3078452
75 4 0 26 3115736
75 4 0 27 3143739
75 4 0 28 3162370
75 4 0 29 3172108
75 4 0 30 3172844
75 4 0 31 3165075
75 4 0 32 3148674
75 4 0 33 3124156
75 4 0 34 3091376
75 4 0 35 3050851
75 4 0 36 3002224
75 4 0 37 2946363
75 4 0 38 2885054
75 4 0 39 2819062
75 4 0 40 2748332
75 4 0 41 2673595
75 4 0 42 2594778
75 4 0 43 2512630
75 4 0 44 2427060
75 4 0 45 2338835
75 4 0 46 2247846
75 4 0 47 2154878
75 4 0 48 2059804
75 4 0 49 1963427
75 4 0 50 1865602
75 4 0 51 1767150
75 4 0 52 1667908
75 4 0 53 1568715
75 4 0 54 1469390
75 4 0 55 1370790
75 4 0 56 1272716
75 4 0 57 1176043
75 4 0 58 1080554
75 4 0 59 987142
75 4 0 60 895572
75 4 0 61 806755
75 4 0 62 720438
75 4 0 63 637550
75 4 0 64 557820
75 4 0 65 482199
75 4 0 66 410394
75 4 0 67 343370
75 4 0 68 280824
75 4 0 69 223129
75 4 0 70 171094
75 4 0 71 125502
75 4 0 72 79498
75 4 0 73 39271
75 4 1 2 284
75 4 1 3 24
75 4 1 4 28
75 4 1 5 28
75 4 1 6 28
75 4 1 7 28
75 4 1 8 28
75 4 1 9 28
75 4 1 10 28
75 4 1 11 28
75 4 1 12 28
75 4 1 13 28
75 4 1 14 28
75 4 1 15 28
75 4 1 16 28
75 4 1 17 28
75 4 1 18 28
75 4 1 19 28
75 4 1 20 28
75 4 1 21 28
75 4 1 22 28
75 4 1 23 28
75 4 1 24 28
75 4 1 25 28
75 4 1 26 28
75 4 1 27 28
75 4 1 28 28
75 4 1 29 28
75 4 1 30 28
75 4 1 31 28
75 4 1 32 28
75 4 1 33 28
75 4 1 34 28
75 4 1 35 28
75 4 1 36 28
75 4 1 37 28
75 4 1 38 28
75 4 1 39 28
75 4 1 40 28
75 4 1 41 28
75 4 1 42 28
75 4 1 43 28
75 4 1 44 28
75 4 1 45 28
75 4 1 46 28
75 4 1 47 28
75 4 1 48 28
75 4 1 49 28
75 4 1 50 28
75 4 1 51 28
75 4 1 52 28
75 4 1 53 28
75 4 1 54 28
75 4 1 55 28
75 4 1 56 28
75 4 1 57 28
75 4 1 58 28
75 4 1 59 28
75 4 1 60 28
75 4 1 61 28
75 4 1 62 28
75 4 1 63 28
75 4 1 64 28
75 4 1 65 28
75 4 1 66 28
75 4 1 67 28
75 4 1 68 28
75 4 1 69 28
75 4 1 70 28
75 4 1 71 24
75 4 1 72 24
75 4 1 73 280
75 5 0 2 36448
75 5 0 3 579406
75 5 0 4 4501364
75 5 0 5 10785772
75 5 0 6 17915304
75 5 0 7 26576152
75 5 0 8 35704780
75 5 0 9 45165000
75 5 0 10 54824180
75 5 0 11 64564852
75 5 0 12 74270596
75 5 0 13 83841700
75 5 0 14 93177948
75 5 0 15 102197068
75 5 0 16 110815508
75 5 0 17 118968264
75 5 0 18 126588116
75 5 0 19 133627840
75 5 0 20 140036468
75 5 0 21 145783952
75 5 0 22 150836396
75 5 0 23 155180684
75 5 0 24 158799372
75 5 0 25 161696700
75 5 0 26 163868664
75 5 0 27 165330728
75 5 0 28 166089712
75 5 0 29 166171068
75 5 0 30 165591516
75 5 0 31 164387724
75 5 0 32 162586088
75 5 0 33 160233324
75 5 0 34 157367056
75 5 0 35 154041760
75 5 0 36 150301900
75 5 0 37 146204476
75 5 0 38 141777024
75 5 0 39 137063328
75 5 0 40 132093640
75 5 0 41 126910776
75 5 0 42 121542872
75 5 0 43 116030084
75 5 0 44 110398496
75 5 0 45 104685552
75 5 0 46 98915336
75 5 0 47 93122516
75 5 0 48 87329252
75 5 0 49 81567360
75 5 0 50 75857140
75 5 0 51 70227504
75 5 0 52 64696944
75 5 0 53 59291404
75 5 0 54 54027644
75 5 0 55 48928564
75 5 0 56 44009256
75 5 0 57 39289524
75 5 0 58 34782844
75 5 0 59 30505860
75 5 0 60 26470504
75 5 0 61 22690188
75 5 0 62 19175368
75 5 0 63 15936168
75 5 0 64 12981620
75 5 0 65 10319180
75 5 0 66 7955808
75 5 0 67 5894840
75 5 0 68 4143372
75 5 0 69 2713344
75 5 0 70 1601420
75 5 0 71 810366
75 5 0 72 226060
75 5 1 2 1088
75 5 1 3 3332
75 5 1 4 4584
75 5 1 5 5272
75 5 1 6 5292
75 5 1 7 5312
75 5 1 8 5332
75 5 1 9 5352
75 5 1 10 5372
75 5 1 11 5392
75 5 1 12 5412
75 5 1 13 5432
75 5 1 14 5452
75 5 1 15 5472
75 5 1 16 5492
75 5 1 17 5512
75 5 1 18 5532
75 5 1 19 5552
75 5 1 20 5572
75 5 1 21 5592
75 5 1 22 5612
75 5 1 23 5632
75 5 1 24 5652
75 5 1 25 5672
75 5 1 26 5692
75 5 1 27 5712
75 5 1 28 5732
75 5 1 29 5752
75 5 1 30 5772
75 5 1 31 5792
75 5 1 32 5812
75 5 1 33 5832
75 5 1 34 5852
75 5 1 35 5872
75 5 1 36 5872
75 5 1 37 5832
75 5 1 38 5772
75 5 1 39 5712
75 5 1 40 5652
75 5 1 41 5592
75 5 1 42 5532
75 5 1 43 5472
75 5 1 44 5412
75 5 1 45 5352
75 5 1 46 5292
75 5 1 47 5232
75 5 1 48 5172
75 5 1 49 5112
75 5 1 50 5052
75 5 1 51 4992
75 5 1 52 4932
75 5 1 53 4872
75 5 1 54 4812
75 5 1 55 4752
75 5 1 56 4692
75 5 1 57 4632
75 5 1 58 4572
75 5 1 59 4512
75 5 1 60 4452
75 5 1 61 4392
75 5 1 62 4332
75 5 1 63 4272
75 5 1 64 4212
75 5 1 65 4152
75 5 1 66 4092
75 5 1 67 4032
75 5 1 68 3976
75 5 1 69 3920
75 5 1 70 3884
75 5 1 71 3316
75 5 1 72 3300
75 5 2 2 4
75 5 2 3 4
75 5 2 71 4
75 5 2 72 4
75 6 0 2 819016
75 6 0 3 9380378
75 6 0 4 65193428
75 6 0 5 193750648
75 6 0 6 385129908
75 6 0 7 659102536
75 6 0 8 984932752
75 6 0 9 1352518972
75 6 0 10 1752719340
75 6 0 11 2176447128
75 6 0 12 2615053102
75 6 0 13 3060534242
75 6 0 14 3505334888
75 6 0 15 3942637580
75 6 0 16 4366086524
75 6 0 17 4770153058
75 6 0 18 5149780432
75 6 0 19 5500834548
75 6 0 20 5819639974
75 6 0 21 6103475152
75 6 0 22 6350023056
75 6 0 23 6557907490
75 6 0 24 6726107880
75 6 0 25 6854545720
75 6 0 26 6943379398
75 6 0 27 6993566946
75 6 0 28 7006182664
75 6 0 29 6982978774
75 6 0 30 6925720240
75 6 0 31 6836739734
75 6 0 32 6718267562
75 6 0 33 6572984726
75 6 0 34 6403377274
75 6 0 35 6212247868
75 6 0 36 6002217448
75 6 0 37 5776209996
75 6 0 38 5536693106
75 6 0 39 5286251532
75 6 0 40 5027141952
75 6 0 41 4761698340
75 6 0 42 4491951016
75 6 0 43 4219975006
75 6 0 44 3947575796
75 6 0 45 3676570392
75 6 0 46 3408539370
75 6 0 47 3145041792
75 6 0 48 2887435464
75 6 0 49 2637020554
75 6 0 50 2394932608
75 6 0 51 2162215046
75 6 0 52 1939779860
75 6 0 53 1728414812
75 6 0 54 1528809674
75 6 0 55 1341496406
75 6 0 56 1166942056
75 6 0 57 1005426146
75 6 0 58 857190488
75 6 0 59 722264274
75 6 0 60 600663888
75 6 0 61 492169550
75 6 0 62 396571370
75 6 0 63 313404608
75 6 0 64 242229472
75 6 0 65 182326784
75 6 0 66 133019220
75 6 0 67 93359852
75 6 0 68 62427068
75 6 0 69 39225206
75 6 0 70 22309656
75 6 0 71 10331306
75 6 0 72 3373072
75 6 1 2 37240
75 6 1 3 90752
75 6 1 4 187760
75 6 1 5 294380
75 6 1 6 324384
75 6 1 7 353804
75 6 1 8 381980
75 6 1 9 408948
75 6 1 10 434672
75 6 1 11 459188
75 6 1 12 482460
75 6 1 13 504524
75 6 1 14 525344
75 6 1 15 544956
75 6 1 16 563324
75 6 1 17 580484
75 6 1 18 596400
75 6 1 19 611108
75 6 1 20 624572
75 6 1 21 636828
75 6 1 22 647840
75 6 1 23 657644
75 6 1 24 666204
75 6 1 25 673556
75 6 1 26 679664
75 6 1 27 684564
75 6 1 28 688220
75 6 1 29 690668
75 6 1 30 691872
75 6 1 31 691868
75 6 1 32 690620
75 6 1 33 688164
75 6 1 34 684468
75 6 1 35 679584
75 6 1 36 672668
75 6 1 37 664036
75 6 1 38 654900
75 6 1 39 645284
75 6 1 40 635152
75 6 1 41 624540
75 6 1 42 613412
75 6 1 43 601804
75 6 1 44 589680
75 6 1 45 577076
75 6 1 46 563956
75 6 1 47 550356
75 6 1 48 536240
75 6 1 49 521644
75 6 1 50 506532
75 6 1 51 490940
75 6 1 52 474832
75 6 1 53 458244
75 6 1 54 441140
75 6 1 55 423556
75 6 1 56 405456
75 6 1 57 386876
75 6 1 58 367780
75 6 1 59 348204
75 6 1 60 328112
75 6 1 61 307540
75 6 1 62 286452
75 6 1 63 264884
75 6 1 64 242796
75 6 1 65 220228
75 6 1 66 197140
75 6 1 67 173544
75 6 1 68 149904
75 6 1 69 125900
75 6 1 70 105960
75 6 1 71 88564
75 6 1 72 74536
75 6 2 2 278
75 6 2 3 312
75 6 2 4 48
75 6 2 5 56
75 6 2 6 56
75 6 2 7 56
75 6 2 8 56
75 6 2 9 56
75 6 2 10 56
75 6 2 11 56
75 6 2 12 56
75 6 2 13 56
75 6 2 14 56
75 6 2 15 56
75 6 2 16 56
75 6 2 17 56
75 6 2 18 56
75 6 2 19 56
75 6 2 20 56
75 6 2 21 56
75 6 2 22 56
75 6 2 23 56
75 6 2 24 56
75 6 2 25 56
75 6 2 26 56
75 6 2 27 56
75 6 2 28 56
75 6 2 29 56
75 6 2 30 56
75 6 2 31 56
75 6 2 32 56
75 6 2 33 56
75 6 2 34 56
75 6 2 35 56
75 6 2 36 56
75 6 2 37 56
75 6 2 38 56
75 6 2 39 56
75 6 2 40 56
75 6 2 41 56
75 6 2 42 56
75 6 2 43 56
75 6 2 44 56
75 6 2 45 56
75 6 2 46 56
75 6 2 47 56
75 6 2 48 56
75 6 2 49 56
75 6 2 50 56
75 6 2 51 56
75 6 2 52 56
75 6 2 53 56
75 6 2 54 56
75 6 2 55 56
75 6 2 56 56
75 6 2 57 56
75 6 2 58 56
75 6 2 59 56
75 6 2 60 56
75 6 2 61 56
75 6 2 62 56
75 6 2 63 56
75 6 2 64 56
75 6 2 65 56
75 6 2 66 56
75 6 2 67 56
75 6 2 68 52
75 6 2 69 48
75 6 2 70 52
75 6 2 71 302
75 6 2 72 272
76 0 0 1 1
76 0 0 76 1
76 1 0 2 4
76 1 0 3 4
76 1 0 4 4
76 1 0 5 4
76 1 0 6 4
76 1 0 7 4
76 1 0 8 4
76 1 0 9 4
76 1 0 10 4
76 1 0 11 4
76 1 0 12 4
76 1 0 13 4
76 1 0 14 4
76 1 0 15 4
76 1 0 16 4
76 1 0 17 4
76 1 0 18 4
76 1 0 19 4
76 1 0 20 4
76 1 0 21 4
76 1 0 22 4
76 1 0 23 4
76 1 0 24 4
76 1 0 25 4
76 1 0 26 4
76 1 0 27 4
76 1 0 28 4
76 1 0 29 4
76 1 0 30 4
76 1 0 31 4
76 1 0 32 4
76 1 0 33 4
76 1 0 34 4
76 1 0 35 4
76 1 0 36 4
76 1 0 37 4
76 1 0 38 4
76 1 0 39 4
76 1 0 40 4
76 1 0 41 4
76 1 0 42 4
76 1 0 43 4
76 1 0 44 4
76 1 0 45 4
76 1 0 46 4
76 1 0 47 4
76 1 0 48 4
76 1 0 49 4
76 1 0 50 4
76 1 0 51 4
76 1 0 52 4
76 1 0 53 4
76 1 0 54 4
76 1 0 55 4
76 1 0 56 4
76 1 0 57 4
76 1 0 58 4
76 1 0 59 4
76 1 0 60 4
76 1 0 61 4
76 1 0 62 4
76 1 0 63 4
76 1 0 64 4
76 1 0 65 4
76 1 0 66 4
76 1 0 67 4
76 1 0 68 4
76 1 0 69 4
76 1 0 70 4
76 1 0 71 4
76 1 0 72 4
76 1 0 73 4
76 1 0 74 4
76 1 0 75 4
76 2 0 2 294
76 2 0 3 302
76 2 0 4 444
76 2 0 5 446
76 2 0 6 448
76 2 0 7 450
76 2 0 8 452
76 2 0 9 454
76 2 0 10 456
76 2 0 11 458
76 2 0 12 460
76 2 0 13 462
76 2 0 14 464
76 2 0 15 466
76 2 0 16 468
76 2 0 17 470
76 2 0 18 472
76 2 0 19 474
76 2 0 20 476
76 2 0 21 478
76 2 0 22 480
76 2 0 23 482
76 2 0 24 484
76 2 0 25 486
76 2 0 26 488
76 2 0 27 490
76 2 0 28 492
76 2 0 29 494
76 2 0 30 496
76 2 0 31 498
76 2 0 32 500
76 2 0 33 502
76 2 0 34 504
76 2 0 35 506
76 2 0 36 508
76 2 0 37 510
76 2 0 38 506
76 2 0 39 500
76 2 0 40 494
76 2 0 41 488
76 2 0 42 482
76 2 0 43 476
76 2 0 44 470
76 2 0 45 464
76 2 0 46 458
76 2 0 47 452
76 2 0 48 446
76 2 0 49 440
76 2 0 50 434
76 2 0 51 428
76 2 0 52 422
76 2 0 53 416
76 2 0 54 410
76 2 0 55 404
76 2 0 56 398
76 2 0 57 392
76 2 0 58 386
76 2 0 59 380
76 2 0 60 374
76 2 0 61 368
76 2 0 62 362
76 2 0 63 356
76 2 0 64 350
76 2 0 65 344
76 2 0 66 338
76 2 0 67 332
76 2 0 68 326
76 2 0 69 320
76 2 0 70 314
76 2 0 71 308
76 2 0 72 302
76 2 0 73 300
76 2 0 74 294
76 2 0 75 292
76 3 0 2 568
76 3 0 3 3108
76 3 0 4 14792
76 3 0 5 17288
76 3 0 6 19688
76 3 0 7 21992
76 3 0 8 24204
76 3 0 9 26320
76 3 0 10 28344
76 3 0 11 30272
76 3 0 12 32108
76 3 0 13 33848
76 3 0 14 35496
76 3 0 15 37048
76 3 0 16 38508
76 3 0 17 39872
76 3 0 18 41144
76 3 0 19 42320
76 3 0 20 43404
76 3 0 21 44392
76 3 0 22 45288
76 3 0 23 46088
76 3 0 24 46796
76 3 0 25 47408
76 3 0 26 47928
76 3 0 27 48352
76 3 0 28 48684
76 3 0 29 48920
76 3 0 30 49064
76 3 0 31 49112
76 3 0 32 49068
76 3 0 33 48928
76 3 0 34 48696
76 3 0 35 48368
76 3 0 36 47948
76 3 0 37 47432
76 3 0 38 46856
76 3 0 39 46244
76 3 0 40 45596
76 3 0 41 44908
76 3 0 42 44184
76 3 0 43 43420
76 3 0 44 42620
76 3 0 45 41780
76 3 0 46 40904
76 3 0 47 39988
76 3 0 48 39036
76 3 0 49 38044
76 3 0 50 37016
76 3 0 51 35948
76 3 0 52 34844
76 3 0 53 33700
76 3 0 54 32520
76 3 0 55 31300
76 3 0 56 30044
76 3 0 57 28748
76 3 0 58 27416
76 3 0 59 26044
76 3 0 60 24636
76 3 0 61 23188
76 3 0 62 21704
76 3 0 63 20180
76 3 0 64 18620
76 3 0 65 17020
76 3 0 66 15384
76 3 0 67 13708
76 3 0 68 11996
76 3 0 69 10244
76 3 0 70 8452
76 3 0 71 6624
76 3 0 72 4760
76 3 0 73 3392
76 3 0 74 1432
76 3 1 2 4
76 3 1 74 4
76 4 0 2 20156
76 4 0 3 86121
76 4 0 4 299245
76 4 0 5 503971
76 4 0 6 702558
76 4 0 7 905091
76 4 0 8 1100743
76 4 0 9 1289279
76 4 0 10 1470596
76 4 0 11 1644435
76 4 0 12 1810717
76 4 0 13 1969159
76 4 0 14 2119706
76 4 0 15 2262051
76 4 0 16 2396163
76 4 0 17 2521711
76 4 0 18 2638688
76 4 0 19 2746739
76 4 0 20 2845881
76 4 0 21 2935735
76 4 0 22 3016342
76 4 0 23 3087299
76 4 0 24 3148671
76 4 0 25 3200053
76 4 0 26 3241758
76 4 0 27 3273699
76 4 0 28 3296347
76 4 0 29 3309601
76 4 0 30 3313950
76 4 0 31 3309275
76 4 0 32 3296083
76 4 0 33 3274237
76 4 0 34 3244262
76 4 0 35 3205999
76 4 0 36 3159833
76 4 0 37 3105455
76 4 0 38 3045040
76 4 0 39 2979362
76 4 0 40 2909101
76 4 0 41 2834192
76 4 0 42 2755376
76 4 0 43 2672570
76 4 0 44 2586533
76 4 0 45 2497164
76 4 0 46 2405240
76 4 0 47 2310642
76 4 0 48 2214165
76 4 0 49 2115672
76 4 0 50 2015976
76 4 0 51 1914922
76 4 0 52 1813341
76 4 0 53 1711060
76 4 0 54 1608928
76 4 0 55 1506754
76 4 0 56 1405405
76 4 0 57 1304672
76 4 0 58 1205440
76 4 0 59 1107482
76 4 0 60 1011701
76 4 0 61 917852
76 4 0 62 826856
76 4 0 63 738450
76 4 0 64 653573
76 4 0 65 571944
76 4 0 66 494524
76 4 0 67 421010
76 4 0 68 352377
76 4 0 69 288312
76 4 0 70 229188
76 4 0 71 175822
76 4 0 72 129003
76 4 0 73 81770
76 4 0 74 40400
76 4 1 2 288
76 4 1 3 24
76 4 1 4 28
76 4 1 5 28
76 4 1 6 28
76 4 1 7 28
76 4 1 8 28
76 4 1 9 28
76 4 1 10 28
76 4 1 11 28
76 4 1 12 28
76 4 1 13 28
76 4 1 14 28
76 4 1 15 28
76 4 1 16 28
76 4 1 17 28
76 4 1 18 28
76 4 1 19 28
76 4 1 20 28
76 4 1 21 28
76 4 1 22 28
76 4 1 23 28
76 4 1 24 28
76 4 1 25 28
76 4 1 26 28
76 4 1 27 28
76 4 1 28 28
76 4 1 29 28
76 4 1 30 28
76 4 1 31 28
76 4 1 32 28
76 4 1 33 28
76 4 1 34 28
76 4 1 35 28
76 4 1 36 28
76 4 1 37 28
76 4 1 38 28
76 4 1 39 28
76 4 1 40 28
76 4 1 41 28
76 4 1 42 28
76 4 1 43 28
76 4 1 44 28
76 4 1 45 28
76 4 1 46 28
76 4 1 47 28
76 4 1 48 28
76 4 1 49 28
76 4 1 50 28
76 4 1 51 28
76 4 1 52 28
76 4 1 53 28
76 4 1 54 28
76 4 1 55 28
76 4 1 56 28
76 4 1 57 28
76 4 1 58 28
76 4 1 59 28
76 4 1 60 28
76 4 1 61 28
76 4 1 62 28
76 4 1 63 28
76 4 1 64 28
76 4 1 65 28
76 4 1 66 28
76 4 1 67 28
76 4 1 68 28
76 4 1 69 28
76 4 1 70 28
76 4 1 71 28
76 4 1 72 24
76 4 1 73 24
76 4 1 74 284
76 5 0 2 37536
76 5 0 3 596758
76 5 0 4 4681888
76 5 0 5 11224876
76 5 0 6 18645052
76 5 0 7 27664864
76 5 0 8 37178024
76 5 0 9 47039928
76 5 0 10 57121700
76 5 0 11 67296036
76 5 0 12 77451840
76 5 0 13 87477988
76 5 0 14 97280872
76 5 0 15 106765960
76 5 0 16 115856984
76 5 0 17 124475696
76 5 0 18 132563632
76 5 0 19 140058772
76 5 0 20 146919876
76 5 0 21 153101924
76 5 0 22 158580680
76 5 0 23 163327528
76 5 0 24 167336060
76 5 0 25 170593792
76 5 0 26 173109440
76 5 0 27 174883000
76 5 0 28 175933356
76 5 0 29 176270360
76 5 0 30 175924136
76 5 0 31 174914188
76 5 0 32 173280724
76 5 0 33 171054396
76 5 0 34 168285144
76 5 0 35 165013180
76 5 0 36 161297300
76 5 0 37 157182436
76 5 0 38 152718932
76 5 0 39 147933792
76 5 0 40 142872608
76 5 0 41 137565444
76 5 0 42 132055296
76 5 0 43 126370128
76 5 0 44 120550260
76 5 0 45 114621620
76 5 0 46 108621800
76 5 0 47 102574744
76 5 0 48 96515252
76 5 0 49 90465360
76 5 0 50 84457000
76 5 0 51 78510364
76 5 0 52 72654464
76 5 0 53 66907700
76 5 0 54 61296100
76 5 0 55 55836348
76 5 0 56 50551412
76 5 0 57 45456324
76 5 0 58 40570940
76 5 0 59 35908692
76 5 0 60 31486260
76 5 0 61 27315548
76 5 0 62 23409988
76 5 0 63 19780024
76 5 0 64 16435784
76 5 0 65 13386304
76 5 0 66 10639040
76 5 0 67 8200960
76 5 0 68 6075372
76 5 0 69 4269420
76 5 0 70 2795188
76 5 0 71 1649256
76 5 0 72 834426
76 5 0 73 232696
76 5 1 2 1104
76 5 1 3 3380
76 5 1 4 4652
76 5 1 5 5348
76 5 1 6 5368
76 5 1 7 5388
76 5 1 8 5408
76 5 1 9 5428
76 5 1 10 5448
76 5 1 11 5468
76 5 1 12 5488
76 5 1 13 5508
76 5 1 14 5528
76 5 1 15 5548
76 5 1 16 5568
76 5 1 17 5588
76 5 1 18 5608
76 5 1 19 5628
76 5 1 20 5648
76 5 1 21 5668
76 5 1 22 5688
76 5 1 23 5708
76 5 1 24 5728
76 5 1 25 5748
76 5 1 26 5768
76 5 1 27 5788
76 5 1 28 5808
76 5 1 29 5828
76 5 1 30 5848
76 5 1 31 5868
76 5 1 32 5888
76 5 1 33 5908
76 5 1 34 5928
76 5 1 35 5948
76 5 1 36 5964
76 5 1 37 5944
76 5 1 38 5888
76 5 1 39 5828
76 5 1 40 5768
76 5 1 41 5708
76 5 1 42 5648
76 5 1 43 5588
76 5 1 44 5528
76 5 1 45 5468
76 5 1 46 5408
76 5 1 47 5348
76 5 1 48 5288
76 5 1 49 5228
76 5 1 50 5168
76 5 1 51 5108
76 5 1 52 5048
76 5 1 53 4988
76 5 1 54 4928
76 5 1 55 4868
76 5 1 56 4808
76 5 1 57 4748
76 5 1 58 4688
76 5 1 59 4628
76 5 1 60 4568
76 5 1 61 4508
76 5 1 62 4448
76 5 1 63 4388
76 5 1 64 4328
76 5 1 65 4268
76 5 1 66 4208
76 5 1 67 4148
76 5 1 68 4088
76 5 1 69 4032
76 5 1 70 3976
76 5 1 71 3940
76 5 1 72 3364
76 5 1 73 3348
76 5 2 2 4
76 5 2 3 4
76 5 2 72 4
76 5 2 73 4
76 6 0 2 855992
76 6 0 3 9787370
76 6 0 4 68420982
76 6 0 5 203470656
76 6 0 6 404478202
76 6 0 7 692729522
76 6 0 8 1035802396
76 6 0 9 1423220256
76 6 0 10 1845590782
76 6 0 11 2293428856
76 6 0 12 2757857472
76 6 0 13 3230443600
76 6 0 14 3703453632
76 6 0 15 4169611720
76 6 0 16 4622431968
76 6 0 17 5055894020
76 6 0 18 5464868122
76 6 0 19 5844692868
76 6 0 20 6191675456
76 6 0 21 6502566248
76 6 0 22 6775084684
76 6 0 23 7007330502
76 6 0 24 7198377320
76 6 0 25 7347627650
76 6 0 26 7455407928
76 6 0 27 7522227722
76 6 0 28 7549372702
76 6 0 29 7538203312
76 6 0 30 7490752582
76 6 0 31 7409008402
76 6 0 32 7295515690
76 6 0 33 7152684554
76 6 0 34 6983340870
76 6 0 35 6790084348
76 6 0 36 6575856288
76 6 0 37 6343410392
76 6 0 38 6095662442
76 6 0 39 5835089532
76 6 0 40 5564303234
76 6 0 41 5285573146
76 6 0 42 5001248886
76 6 0 43 4713370344
76 6 0 44 4424023448
76 6 0 45 4135019854
76 6 0 46 3848182812
76 6 0 47 3565095584
76 6 0 48 3287318868
76 6 0 49 3016209656
76 6 0 50 2753065160
76 6 0 51 2499016562
76 6 0 52 2255099818
76 6 0 53 2022218922
76 6 0 54 1801149714
76 6 0 55 1592570318
76 6 0 56 1396996330
76 6 0 57 1214879450
76 6 0 58 1046478478
76 6 0 59 892016094
76 6 0 60 751496460
76 6 0 61 624913014
76 6 0 62 512016668
76 6 0 63 412570734
76 6 0 64 326076958
76 6 0 65 252064816
76 6 0 66 189777250
76 6 0 67 138502136
76 6 0 68 97250750
76 6 0 69 65062492
76 6 0 70 40903464
76 6 0 71 23277472
76 6 0 72 10789872
76 6 0 73 3523784
76 6 1 2 38340
76 6 1 3 93196
76 6 1 4 192747
76 6 1 5 302229
76 6 1 6 332743
76 6 1 7 362649
76 6 1 8 391347
76 6 1 9 418801
76 6 1 10 445047
76 6 1 11 470049
76 6 1 12 493843
76 6 1 13 516393
76 6 1 14 537735
76 6 1 15 557833
76 6 1 16 576723
76 6 1 17 594369
76 6 1 18 610807
76 6 1 19 626001
76 6 1 20 639987
76 6 1 21 652729
76 6 1 22 664263
76 6 1 23 674553
76 6 1 24 683635
76 6 1 25 691473
76 6 1 26 698103
76 6 1 27 703489
76 6 1 28 707667
76 6 1 29 710601
76 6 1 30 712327
76 6 1 31 712809
76 6 1 32 712083
76 6 1 33 710113
76 6 1 34 706935
76 6 1 35 702525
76 6 1 36 696729
76 6 1 37 688498
76 6 1 38 679478
76 6 1 39 669952
76 6 1 40 659946
76 6 1 41 649424
76 6 1 42 638422
76 6 1 43 626904
76 6 1 44 614906
76 6 1 45 602392
76 6 1 46 589398
76 6 1 47 575888
76 6 1 48 561898
76 6 1 49 547392
76 6 1 50 532406
76 6 1 51 516904
76 6 1 52 500922
76 6 1 53 484424
76 6 1 54 467446
76 6 1 55 449952
76 6 1 56 431978
76 6 1 57 413488
76 6 1 58 394518
76 6 1 59 375032
76 6 1 60 355066
76 6 1 61 334584
76 6 1 62 313622
76 6 1 63 292144
76 6 1 64 270186
76 6 1 65 247708
76 6 1 66 224750
76 6 1 67 201272
76 6 1 68 177286
76 6 1 69 153264
76 6 1 70 128880
76 6 1 71 108632
76 6 1 72 90972
76 6 1 73 76736
76 6 2 2 282
76 6 2 3 316
76 6 2 4 48
76 6 2 5 56
76 6 2 6 56
76 6 2 7 56
76 6 2 8 56
76 6 2 9 56
76 6 2 10 56
76 6 2 11 56
76 6 2 12 56
76 6 2 13 56
76 6 2 14 56
76 6 2 15 56
76 6 2 16 56
76 6 2 17 56
76 6 2 18 56
76 6 2 19 56
76 6 2 20 56
76 6 2 21 56
76 6 2 22 56
76 6 2 23 56
76 6 2 24 56
76 6 2 25 56
76 6 2 26 56
76 6 2 27 56
76 6 2 28 56
76 6 2 29 56
76 6 2 30 56
76 6 2 31 56
76 6 2 32 56
76 6 2 33 56
76 6 2 34 56
76 6 2 35 56
76 6 2 36 56
76 6 2 37 56
76 6 2 38 56
76 6 2 39 56
76 6 2 40 56
76 6 2 41 56
76 6 2 42 56
76 6 2 43 56
76 6 2 44 56
76 6 2 45 56
76 6 2 46 56
76 6 2 47 56
76 6 2 48 56
76 6 2 49 56
76 6 2 50 56
76 6 2 51 56
76 6 2 52 56
76 6 2 53 56
76 6 2 54 56
76 6 2 55 56
76 6 2 56 56
76 6 2 57 56
76 6 2 58 56
76 6 2 59 56
76 6 2 60 56
76 6 2 61 56
76 6 2 62 56
76 6 2 63 56
76 6 2 64 56
76 6 2 65 56
76 6 2 66 56
76 6 2 67 56
76 6 2 68 56
76 6 2 69 52
76 6 2 70 48
76 6 2 71 52
76 6 2 72 306
76 6 2 73 276
77 0 0 1 1
77 0 0 77 1
77 1 0 2 4
77 1 0 3 4
77 1 0 4 4
77 1 0 5 4
77 1 0 6 4
77 1 0 7 4
77 1 0 8 4
77 1 0 9 4
77 1 0 10 4
77 1 0 11 4
77 1 0 12 4
77 1 0 13 4
77 1 0 14 4
77 1 0 15 4
77 1 0 16 4
77 1 0 17 4
77 1 0 18 4
77 1 0 19 4
77 1 0 20 4
77 1 0 21 4
77 1 0 22 4
77 1 0 23 4
77 1 0 24 4
77 1 0 25 4
77 1 0 26 4
77 1 0 27 4
77 1 0 28 4
77 1 0 29 4
77 1 0 30 4
77 1 0 31 4
77 1 0 32 4
77 1 0 33 4
77 1 0 34 4
77 1 0 35 4
77 1 0 36 4
77 1 0 37 4
77 1 0 38 4
77 1 0 39 4
77 1 0 40 4
77 1 0 41 4
77 1 0 42 4
77 1 0 43 4
77 1 0 44 4
77 1 0 45 4
77 1 0 46 4
77 1 0 47 4
77 1 0 48 4
77 1 0 49 4
77 1 0 50 4
77 1 0 51 4
77 1 0 52 4
77 1 0 53 4
77 1 0 54 4
77 1 0 55 4
77 1 0 56 4
77 1 0 57 4
77 1 0 58 4
77 1 0 59 4
77 1 0 60 4
77 1 0 61 4
77 1 0 62 4
77 1 0 63 4
77 1 0 64 4
77 1 0 65 4
77 1 0 66 4
77 1 0 67 4
77 1 0 68 4
77 1 0 69 4
77 1 0 70 4
77 1 0 71 4
77 1 0 72 4
77 1 0 73 4
77 1 0 74 4
77 1 0 75 4
77 1 0 76 4
77 2 0 2 298
77 2 0 3 306
77 2 0 4 450
77 2 0 5 452
77 2 0 6 454
77 2 0 7 456
77 2 0 8 458
77 2 0 9 460
77 2 0 10 462
77 2 0 11 464
77 2 0 12 466
77 2 0 13 468
77 2 0 14 470
77 2 0 15 472
77 2 0 16 474
77 2 0 17 476
77 2 0 18 478
77 2 0 19 480
77 2 0 20 482
77 2 0 21 484
77 2 0 22 486
77 2 0 23 488
77 2 0 24 490
77 2 0 25 492
77 2 0 26 494
77 2 0 27 496
77 2 0 28 498
77 2 0 29 500
77 2 0 30 502
77 2 0 31 504
77 2 0 32 506
77 2 0 33 508
77 2 0 34 510
77 2 0 35 512
77 2 0 36 514
77 2 0 37 516
77 2 0 38 516
77 2 0 39 510
77 2 0 40 504
77 2 0 41 498
77 2 0 42 492
77 2 0 43 486
77 2 0 44 480
77 2 0 45 474
77 2 0 46 468
77 2 0 47 462
77 2 0 48 456
77 2 0 49 450
77 2 0 50 444
77 2 0 51 438
77 2 0 52 432
77 2 0 53 426
77 2 0 54 420
77 2 0 55 414
77 2 0 56 408
77 2 0 57 402
77 2 0 58 396
77 2 0 59 390
77 2 0 60 384
77 2 0 61 378
77 2 0 62 372
77 2 0 63 366
77 2 0 64 360
77 2 0 65 354
77 2 0 66 348
77 2 0 67 342
77 2 0 68 336
77 2 0 69 330
77 2 0 70 324
77 2 0 71 318
77 2 0 72 312
77 2 0 73 306
77 2 0 74 304
77 2 0 75 298
77 2 0 76 296
77 3 0 2 576
77 3 0 3 3152
77 3 0 4 15140
77 3 0 5 17676
77 3 0 6 20112
77 3 0 7 22456
77 3 0 8 24704
77 3 0 9 26860
77 3 0 10 28920
77 3 0 11 30888
77 3 0 12 32760
77 3 0 13 34540
77 3 0 14 36224
77 3 0 15 37816
77 3 0 16 39312
77 3 0 17 40716
77 3 0 18 42024
77 3 0 19 43240
77 3 0 20 44360
77 3 0 21 45388
77 3 0 22 46320
77 3 0 23 47160
77 3 0 24 47904
77 3 0 25 48556
77 3 0 26 49112
77 3 0 27 49576
77 3 0 28 49944
77 3 0 29 50220
77 3 0 30 50400
77 3 0 31 50488
77 3 0 32 50480
77 3 0 33 50380
77 3 0 34 50184
77 3 0 35 49896
77 3 0 36 49512
77 3 0 37 49036
77 3 0 38 48476
77 3 0 39 47876
77 3 0 40 47236
77 3 0 41 46560
77 3 0 42 45844
77 3 0 43 45092
77 3 0 44 44300
77 3 0 45 43472
77 3 0 46 42604
77 3 0 47 41700
77 3 0 48 40756
77 3 0 49 39776
77 3 0 50 38756
77 3 0 51 37700
77 3 0 52 36604
77 3 0 53 35472
77 3 0 54 34300
77 3 0 55 33092
77 3 0 56 31844
77 3 0 57 30560
77 3 0 58 29236
77 3 0 59 27876
77 3 0 60 26476
77 3 0 61 25040
77 3 0 62 23564
77 3 0 63 22052
77 3 0 64 20500
77 3 0 65 18912
77 3 0 66 17284
77 3 0 67 15620
77 3 0 68 13916
77 3 0 69 12176
77 3 0 70 10396
77 3 0 71 8576
77 3 0 72 6720
77 3 0 73 4828
77 3 0 74 3440
77 3 0 75 1452
77 3 1 2 4
77 3 1 75 4
77 4 0 2 20728
77 4 0 3 88490
77 4 0 4 308602
77 4 0 5 519259
77 4 0 6 723674
77 4 0 7 932384
77 4 0 8 1134074
77 4 0 9 1328629
77 4 0 10 1515802
77 4 0 11 1695502
77 4 0 12 1867458
77 4 0 13 2031603
77 4 0 14 2187642
77 4 0 15 2335532
77 4 0 16 2474954
77 4 0 17 2605889
77 4 0 18 2727994
77 4 0 19 2841274
77 4 0 20 2945362
77 4 0 21 3040287
77 4 0 22 3125658
77 4 0 23 3201528
77 4 0 24 3267482
77 4 0 25 3323601
77 4 0 26 3369586
77 4 0 27 3405878
77 4 0 28 3432384
77 4 0 29 3449585
77 4 0 30 3457370
77 4 0 31 3456238
77 4 0 32 3446060
77 4 0 33 3427353
77 4 0 34 3399970
77 4 0 35 3364446
77 4 0 36 3320600
77 4 0 37 3268787
77 4 0 38 3209156
77 4 0 39 3144309
77 4 0 40 3074246
77 4 0 41 2999700
77 4 0 42 2920596
77 4 0 43 2837685
77 4 0 44 2750874
77 4 0 45 2660932
77 4 0 46 2567748
77 4 0 47 2472109
77 4 0 48 2373886
77 4 0 49 2273884
77 4 0 50 2171956
77 4 0 51 2068925
77 4 0 52 1964626
77 4 0 53 1859900
77 4 0 54 1754564
77 4 0 55 1649477
77 4 0 56 1544438
77 4 0 57 1440324
77 4 0 58 1336916
77 4 0 59 1235109
77 4 0 60 1134666
77 4 0 61 1036500
77 4 0 62 940356
77 4 0 63 847165
77 4 0 64 756654
77 4 0 65 669772
77 4 0 66 586228
77 4 0 67 506993
77 4 0 68 431754
77 4 0 69 361496
77 4 0 70 295896
77 4 0 71 235327
77 4 0 72 180614
77 4 0 73 132552
77 4 0 74 84074
77 4 0 75 41545
77 4 1 2 292
77 4 1 3 24
77 4 1 4 28
77 4 1 5 28
77 4 1 6 28
77 4 1 7 28
77 4 1 8 28
77 4 1 9 28
77 4 1 10 28
77 4 1 11 28
77 4 1 12 28
77 4 1 13 28
77 4 1 14 28
77 4 1 15 28
77 4 1 16 28
77 4 1 17 28
77 4 1 18 28
77 4 1 19 28
77 4 1 20 28
77 4 1 21 28
77 4 1 22 28
77 4 1 23 28
77 4 1 24 28
77 4 1 25 28
77 4 1 26 28
77 4 1 27 28
77 4 1 28 28
77 4 1 29 28
77 4 1 30 28
77 4 1 31 28
77 4 1 32 28
77 4 1 33 28
77 4 1 34 28
77 4 1 35 28
77 4 1 36 28
77 4 1 37 28
77 4 1 38 28
77 4 1 39 28
77 4 1 40 28
77 4 1 41 28
77 4 1 42 28
77 4 1 43 28
77 4 1 44 28
77 4 1 45 28
77 4 1 46 28
77 4 1 47 28
77 4 1 48 28
77 4 1 49 28
77 4 1 50 28
77 4 1 51 28
77 4 1 52 28
77 4 1 53 28
77 4 1 54 28
77 4 1 55 28
77 4 1 56 28
77 4 1 57 28
77 4 1 58 28
77 4 1 59 28
77 4 1 60 28
77 4 1 61 28
77 4 1 62 28
77 4 1 63 28
77 4 1 64 28
77 4 1 65 28
77 4 1 66 28
77 4 1 67 28
77 4 1 68 28
77 4 1 69 28
77 4 1 70 28
77 4 1 71 28
77 4 1 72 28
77 4 1 73 24
77 4 1 74 24
77 4 1 75 288
77 5 0 2 38640
77 5 0 3 614366
77 5 0 4 4867318
77 5 0 5 11676298
77 5 0 6 19392074
77 5 0 7 28781014
77 5 0 8 38684074
77 5 0 9 48959786
77 5 0 10 59470006
77 5 0 11 70092210
77 5 0 12 80704398
77 5 0 13 91201606
77 5 0 14 101478342
77 5 0 15 111447042
77 5 0 16 121018474
77 5 0 17 130122890
77 5 0 18 138687250
77 5 0 19 146659102
77 5 0 20 153982322
77 5 0 21 160621522
77 5 0 22 166536958
77 5 0 23 171711082
77 5 0 24 176120390
77 5 0 25 179764338
77 5 0 26 182635730
77 5 0 27 184746846
77 5 0 28 186100714
77 5 0 29 186720870
77 5 0 30 186619958
77 5 0 31 185831670
77 5 0 32 184379710
77 5 0 33 182307550
77 5 0 34 179648854
77 5 0 35 176458382
77 5 0 36 172777506
77 5 0 37 168667586
77 5 0 38 164172452
77 5 0 39 159335468
77 5 0 40 154187008
77 5 0 41 148772864
77 5 0 42 143122912
77 5 0 43 137280328
77 5 0 44 131272904
77 5 0 45 125141124
77 5 0 46 118910760
77 5 0 47 112619552
77 5 0 48 106291304
77 5 0 49 99960948
77 5 0 50 93650396
77 5 0 51 87391696
77 5 0 52 81204932
77 5 0 53 75119216
77 5 0 54 69152856
77 5 0 55 63331964
77 5 0 56 57673148
77 5 0 57 52199444
77 5 0 58 46925824
77 5 0 59 41872196
77 5 0 60 37051948
77 5 0 61 32481796
77 5 0 62 28173616
77 5 0 63 24140860
77 5 0 64 20393960
77 5 0 65 16943048
77 5 0 66 13797164
77 5 0 67 10963764
77 5 0 68 8449824
77 5 0 69 6258624
77 5 0 70 4397356
77 5 0 71 2878248
77 5 0 72 1697796
77 5 0 73 858838
77 5 0 74 239428
77 5 1 2 1120
77 5 1 3 3428
77 5 1 4 4716
77 5 1 5 5424
77 5 1 6 5444
77 5 1 7 5464
77 5 1 8 5484
77 5 1 9 5504
77 5 1 10 5524
77 5 1 11 5544
77 5 1 12 5564
77 5 1 13 5584
77 5 1 14 5604
77 5 1 15 5624
77 5 1 16 5644
77 5 1 17 5664
77 5 1 18 5684
77 5 1 19 5704
77 5 1 20 5724
77 5 1 21 5744
77 5 1 22 5764
77 5 1 23 5784
77 5 1 24 5804
77 5 1 25 5824
77 5 1 26 5844
77 5 1 27 5864
77 5 1 28 5884
77 5 1 29 5904
77 5 1 30 5924
77 5 1 31 5944
77 5 1 32 5964
77 5 1 33 5984
77 5 1 34 6004
77 5 1 35 6024
77 5 1 36 6044
77 5 1 37 6044
77 5 1 38 6004
77 5 1 39 5944
77 5 1 40 5884
77 5 1 41 5824
77 5 1 42 5764
77 5 1 43 5704
77 5 1 44 5644
77 5 1 45 5584
77 5 1 46 5524
77 5 1 47 5464
77 5 1 48 5404
77 5 1 49 5344
77 5 1 50 5284
77 5 1 51 5224
77 5 1 52 5164
77 5 1 53 5104
77 5 1 54 5044
77 5 1 55 4984
77 5 1 56 4924
77 5 1 57 4864
77 5 1 58 4804
77 5 1 59 4744
77 5 1 60 4684
77 5 1 61 4624
77 5 1 62 4564
77 5 1 63 4504
77 5 1 64 4444
77 5 1 65 4384
77 5 1 66 4324
77 5 1 67 4264
77 5 1 68 4204
77 5 1 69 4144
77 5 1 70 4088
77 5 1 71 4032
77 5 1 72 3996
77 5 1 73 3412
77 5 1 74 3396
77 5 2 2 4
77 5 2 3 4
77 5 2 73 4
77 5 2 74 4
77 6 0 2 894064
77 6 0 3 10205896
77 6 0 4 71760626
77 6 0 5 213529598
77 6 0 6 424475118
77 6 0 7 727504370
77 6 0 8 1088395940
77 6 0 9 1496371694
77 6 0 10 1941673336
77 6 0 11 2414560782
77 6 0 12 2905734808
77 6 0 13 3406556526
77 6 0 14 3908841378
77 6 0 15 4405156414
77 6 0 16 4888530088
77 6 0 17 5352844252
77 6 0 18 5792443392
77 6 0 19 6202620382
77 6 0 20 6579139912
77 6 0 21 6918759836
77 6 0 22 7218654678
77 6 0 23 7477000746
77 6 0 24 7692320020
77 6 0 25 7864139464
77 6 0 26 7992282266
77 6 0 27 8077448232
77 6 0 28 8120476424
77 6 0 29 8122979320
77 6 0 30 8086584526
77 6 0 31 8013582790
77 6 0 32 7906185734
77 6 0 33 7767129542
77 6 0 34 7598981996
77 6 0 35 7404712760
77 6 0 36 7187022738
77 6 0 37 6948992294
77 6 0 38 6693468392
77 6 0 39 6423331336
77 6 0 40 6141092038
77 6 0 41 5849381616
77 6 0 42 5550481820
77 6 0 43 5246757064
77 6 0 44 4940256040
77 6 0 45 4633074730
77 6 0 46 4327030192
77 6 0 47 4023951072
77 6 0 48 3725422550
77 6 0 49 3433006112
77 6 0 50 3148057168
77 6 0 51 2871869126
77 6 0 52 2605568036
77 6 0 53 2350181542
77 6 0 54 2106604872
77 6 0 55 1875601096
77 6 0 56 1657835922
77 6 0 57 1453807734
77 6 0 58 1263952116
77 6 0 59 1088506298
77 6 0 60 927673060
77 6 0 61 781430686
77 6 0 62 649748900
77 6 0 63 532348458
77 6 0 64 428965106
77 6 0 65 339066228
77 6 0 66 262149800
77 6 0 67 197420036
77 6 0 68 144129244
77 6 0 69 101246056
77 6 0 70 67770116
77 6 0 71 42628586
77 6 0 72 24272792
77 6 0 73 11261806
77 6 0 74 3678920
77 6 1 2 39456
77 6 1 3 95672
77 6 1 4 197808
77 6 1 5 310152
77 6 1 6 341144
77 6 1 7 371572
77 6 1 8 400756
77 6 1 9 428732
77 6 1 10 455464
77 6 1 11 480988
77 6 1 12 505268
77 6 1 13 528340
77 6 1 14 550168
77 6 1 15 570788
77 6 1 16 590164
77 6 1 17 608332
77 6 1 18 625256
77 6 1 19 640972
77 6 1 20 655444
77 6 1 21 668708
77 6 1 22 680728
77 6 1 23 691540
77 6 1 24 701108
77 6 1 25 709468
77 6 1 26 716584
77 6 1 27 722492
77 6 1 28 727156
77 6 1 29 730612
77 6 1 30 732824
77 6 1 31 733828
77 6 1 32 733588
77 6 1 33 732140
77 6 1 34 729448
77 6 1 35 725552
77 6 1 36 720432
77 6 1 37 713284
77 6 1 38 704352
77 6 1 39 694952
77 6 1 40 685036
77 6 1 41 674640
77 6 1 42 663728
77 6 1 43 652336
77 6 1 44 640428
77 6 1 45 628040
77 6 1 46 615136
77 6 1 47 601752
77 6 1 48 587852
77 6 1 49 573472
77 6 1 50 558576
77 6 1 51 543200
77 6 1 52 527308
77 6 1 53 510936
77 6 1 54 494048
77 6 1 55 476680
77 6 1 56 458796
77 6 1 57 440432
77 6 1 58 421552
77 6 1 59 402192
77 6 1 60 382316
77 6 1 61 361960
77 6 1 62 341088
77 6 1 63 319736
77 6 1 64 297868
77 6 1 65 275520
77 6 1 66 252652
77 6 1 67 229304
77 6 1 68 205436
77 6 1 69 181060
77 6 1 70 156656
77 6 1 71 131892
77 6 1 72 111336
77 6 1 73 93412
77 6 1 74 78968
77 6 2 2 286
77 6 2 3 320
77 6 2 4 48
77 6 2 5 56
77 6 2 6 56
77 6 2 7 56
77 6 2 8 56
77 6 2 9 56
77 6 2 10 56
77 6 2 11 56
77 6 2 12 56
77 6 2 13 56
77 6 2 14 56
77 6 2 15 56
77 6 2 16 56
77 6 2 17 56
77 6 2 18 56
77 6 2 19 56
77 6 2 20 56
77 6 2 21 56
77 6 2 22 56
77 6 2 23 56
77 6 2 24 56
77 6 2 25 56
77 6 2 26 56
77 6 2 27 56
77 6 2 28 56
77 6 2 29 56
77 6 2 30 56
77 6 2 31 56
77 6 2 32 56
77 6 2 33 56
77 6 2 34 56
77 6 2 35 56
77 6 2 36 56
77 6 2 37 56
77 6 2 38 56
77 6 2 39 56
77 6 2 40 56
77 6 2 41 56
77 6 2 42 56
77 6 2 43 56
77 6 2 44 56
77 6 2 45 56
77 6 2 46 56
77 6 2 47 56
77 6 2 48 56
77 6 2 49 56
77 6 2 50 56
77 6 2 51 56
77 6 2 52 56
77 6 2 53 56
77 6 2 54 56
77 6 2 55 56
77 6 2 56 56
77 6 2 57 56
77 6 2 58 56
77 6 2 59 56
77 6 2 60 56
77 6 2 61 56
77 6 2 62 56
77 6 2 63 56
77 6 2 64 56
77 6 2 65 56
77 6 2 66 56
77 6 2 67 56
77 6 2 68 56
77 6 2 69 56
77 6 2 70 52
77 6 2 71 48
77 6 2 72 52
77 6 2 73 310
77 6 2 74 280
78 0 0 1 1
78 0 0 78 1
78 1 0 2 4
78 1 0 3 4
78 1 0 4 4
78 1 0 5 4
78 1 0 6 4
78 1 0 7 4
78 1 0 8 4
78 1 0 9 4
78 1 0 10 4
78 1 0 11 4
78 1 0 12 4
78 1 0 13 4
78 1 0 14 4
78 1 0 15 4
78 1 0 16 4
78 1 0 17 4
78 1 0 18 4
78 1 0 19 4
78 1 0 20 4
78 1 0 21 4
78 1 0 22 4
78 1 0 23 4
78 1 0 24 4
78 1 0 25 4
78 1 0 26 4
78 1 0 27 4
78 1 0 28 4
78 1 0 29 4
78 1 0 30 4
78 1 0 31 4
78 1 0 32 4
78 1 0 33 4
78 1 0 34 4
78 1 0 35 4
78 1 0 36 4
78 1 0 37 4
78 1 0 38 4
78 1 0 39 4
78 1 0 40 4
78 1 0 41 4
78 1 0 42 4
78 1 0 43 4
78 1 0 44 4
78 1 0 45 4
78 1 0 46 4
78 1 0 47 4
78 1 0 48 4
78 1 0 49 4
78 1 0 50 4
78 1 0 51 4
78 1 0 52 4
78 1 0 53 4
78 1 0 54 4
78 1 0 55 4
78 1 0 56 4
78 1 0 57 4
78 1 0 58 4
78 1 0 59 4
78 1 0 60 4
78 1 0 61 4
78 1 0 62 4
78 1 0 63 4
78 1 0 64 4
78 1 0 65 4
78 1 0 66 4
78 1 0 67 4
78 1 0 68 4
78 1 0 69 4
78 1 0 70 4
78 1 0 71 4
78 1 0 72 4
78 1 0 73 4
78 1 0 74 4
78 1 0 75 4
78 1 0 76 4
78 1 0 77 4
78 2 0 2 302
78 2 0 3 310
78 2 0 4 456
78 2 0 5 458
78 2 0 6 460
78 2 0 7 462
78 2 0 8 464
78 2 0 9 466
78 2 0 10 468
78 2 0 11 470
78 2 0 12 472
78 2 0 13 474
78 2 0 14 476
78 2 0 15 478
78 2 0 16 480
78 2 0 17 482
78 2 0 18 484
78 2 0 19 486
78 2 0 20 488
78 2 0 21 490
78 2 0 22 492
78 2 0 23 494
78 2 0 24 496
78 2 0 25 498
78 2 0 26 500
78 2 0 27 502
78 2 0 28 504
78 2 0 29 506
78 2 0 30 508
78 2 0 31 510
78 2 0 32 512
78 2 0 33 514
78 2 0 34 516
78 2 0 35 518
78 2 0 36 520
78 2 0 37 522
78 2 0 38 524
78 2 0 39 520
78 2 0 40 514
78 2 0 41 508
78 2 0 42 502
78 2 0 43 496
78 2 0 44 490
78 2 0 45 484
78 2 0 46 478
78 2 0 47 472
78 2 0 48 466
78 2 0 49 460
78 2 0 50 454
78 2 0 51 448
78 2 0 52 442
78 2 0 53 436
78 2 0 54 430
78 2 0 55 424
78 2 0 56 418
78 2 0 57 412
78 2 0 58 406
78 2 0 59 400
78 2 0 60 394
78 2 0 61 388
78 2 0 62 382
78 2 0 63 376
78 2 0 64 370
78 2 0 65 364
78 2 0 66 358
78 2 0 67 352
78 2 0 68 346
78 2 0 69 340
78 2 0 70 334
78 2 0 71 328
78 2 0 72 322
78 2 0 73 316
78 2 0 74 310
78 2 0 75 308
78 2 0 76 302
78 2 0 77 300
78 3 0 2 584
78 3 0 3 3196
78 3 0 4 15504
78 3 0 5 18076
78 3 0 6 20552
78 3 0 7 22932
78 3 0 8 25220
78 3 0 9 27412
78 3 0 10 29512
78 3 0 11 31516
78 3 0 12 33428
78 3 0 13 35244
78 3 0 14 36968
78 3 0 15 38596
78 3 0 16 40132
78 3 0 17 41572
78 3 0 18 42920
78 3 0 19 44172
78 3 0 20 45332
78 3 0 21 46396
78 3 0 22 47368
78 3 0 23 48244
78 3 0 24 49028
78 3 0 25 49716
78 3 0 26 50312
78 3 0 27 50812
78 3 0 28 51220
78 3 0 29 51532
78 3 0 30 51752
78 3 0 31 51876
78 3 0 32 51908
78 3 0 33 51844
78 3 0 34 51688
78 3 0 35 51436
78 3 0 36 51092
78 3 0 37 50652
78 3 0 38 50120
78 3 0 39 49524
78 3 0 40 48896
78 3 0 41 48228
78 3 0 42 47524
78 3 0 43 46780
78 3 0 44 46000
78 3 0 45 45180
78 3 0 46 44324
78 3 0 47 43428
78 3 0 48 42496
78 3 0 49 41524
78 3 0 50 40516
78 3 0 51 39468
78 3 0 52 38384
78 3 0 53 37260
78 3 0 54 36100
78 3 0 55 34900
78 3 0 56 33664
78 3 0 57 32388
78 3 0 58 31076
78 3 0 59 29724
78 3 0 60 28336
78 3 0 61 26908
78 3 0 62 25444
78 3 0 63 23940
78 3 0 64 22400
78 3 0 65 20820
78 3 0 66 19204
78 3 0 67 17548
78 3 0 68 15856
78 3 0 69 14124
78 3 0 70 12356
78 3 0 71 10548
78 3 0 72 8700
78 3 0 73 6816
78 3 0 74 4896
78 3 0 75 3488
78 3 0 76 1472
78 3 1 2 4
78 3 1 76 4
78 4 0 2 21308
78 4 0 3 90891
78 4 0 4 318160
78 4 0 5 534947
78 4 0 6 745437
78 4 0 7 960367
78 4 0 8 1168246
78 4 0 9 1368839
78 4 0 10 1562043
78 4 0 11 1747599
78 4 0 12 1925428
78 4 0 13 2095247
78 4 0 14 2257001
78 4 0 15 2410383
78 4 0 16 2555362
78 4 0 17 2691607
78 4 0 18 2819111
78 4 0 19 2937519
78 4 0 20 3046848
78 4 0 21 3146719
78 4 0 22 3237173
78 4 0 23 3317807
78 4 0 24 3388686
78 4 0 25 3449383
78 4 0 26 3500053
78 4 0 27 3540545
78 4 0 28 3571332
78 4 0 29 3592311
78 4 0 30 3603973
78 4 0 31 3606197
78 4 0 32 3599492
78 4 0 33 3583719
78 4 0 34 3559405
78 4 0 35 3526393
78 4 0 36 3485224
78 4 0 37 3435561
78 4 0 38 3377831
78 4 0 39 3313508
78 4 0 40 3244170
78 4 0 41 3169706
78 4 0 42 3090859
78 4 0 43 3007544
78 4 0 44 2920522
78 4 0 45 2829690
78 4 0 46 2735827
78 4 0 47 2638812
78 4 0 48 2539442
78 4 0 49 2437578
78 4 0 50 2334035
78 4 0 51 2228656
78 4 0 52 2122274
78 4 0 53 2014714
78 4 0 54 1906827
78 4 0 55 1798420
78 4 0 56 1690362
78 4 0 57 1582442
78 4 0 58 1475547
78 4 0 59 1369448
78 4 0 60 1265050
78 4 0 61 1162106
78 4 0 62 1061539
78 4 0 63 963084
78 4 0 64 867682
78 4 0 65 775050
78 4 0 66 686147
78 4 0 67 600672
78 4 0 68 519606
78 4 0 69 442626
78 4 0 70 370727
78 4 0 71 303576
78 4 0 72 241546
78 4 0 73 185470
78 4 0 74 136149
78 4 0 75 86410
78 4 0 76 42706
78 4 1 2 296
78 4 1 3 24
78 4 1 4 28
78 4 1 5 28
78 4 1 6 28
78 4 1 7 28
78 4 1 8 28
78 4 1 9 28
78 4 1 10 28
78 4 1 11 28
78 4 1 12 28
78 4 1 13 28
78 4 1 14 28
78 4 1 15 28
78 4 1 16 28
78 4 1 17 28
78 4 1 18 28
78 4 1 19 28
78 4 1 20 28
78 4 1 21 28
78 4 1 22 28
78 4 1 23 28
78 4 1 24 28
78 4 1 25 28
78 4 1 26 28
78 4 1 27 28
78 4 1 28 28
78 4 1 29 28
78 4 1 30 28
78 4 1 31 28
78 4 1 32 28
78 4 1 33 28
78 4 1 34 28
78 4 1 35 28
78 4 1 36 28
78 4 1 37 28
78 4 1 38 28
78 4 1 39 28
78 4 1 40 28
78 4 1 41 28
78 4 1 42 28
78 4 1 43 28
78 4 1 44 28
78 4 1 45 28
78 4 1 46 28
78 4 1 47 28
78 4 1 48 28
78 4 1 49 28
78 4 1 50 28
78 4 1 51 28
78 4 1 52 28
78 4 1 53 28
78 4 1 54 28
78 4 1 55 28
78 4 1 56 28
78 4 1 57 28
78 4 1 58 28
78 4 1 59 28
78 4 1 60 28
78 4 1 61 28
78 4 1 62 28
78 4 1 63 28
78 4 1 64 28
78 4 1 65 28
78 4 1 66 28
78 4 1 67 28
78 4 1 68 28
78 4 1 69 28
78 4 1 70 28
78 4 1 71 28
78 4 1 72 28
78 4 1 73 28
78 4 1 74 24
78 4 1 75 24
78 4 1 76 292
78 5 0 2 39760
78 5 0 3 632230
78 5 0 4 5057240
78 5 0 5 12138552
78 5 0 6 20159856
78 5 0 7 29926440
78 5 0 8 40233812
78 5 0 9 50931836
78 5 0 10 61886528
78 5 0 11 72965056
78 5 0 12 84051056
78 5 0 13 95028108
78 5 0 14 105797332
78 5 0 15 116258532
78 5 0 16 126330644
78 5 0 17 135929652
78 5 0 18 144991848
78 5 0 19 153450036
78 5 0 20 161257656
78 5 0 21 168363856
78 5 0 22 174739916
78 5 0 23 180351212
78 5 0 24 185186116
78 5 0 25 189227232
78 5 0 26 192479296
78 5 0 27 194938516
78 5 0 28 196621804
78 5 0 29 197534988
78 5 0 30 197705200
78 5 0 31 197149232
78 5 0 32 195904080
78 5 0 33 193996448
78 5 0 34 191474612
78 5 0 35 188374940
78 5 0 36 184755232
78 5 0 37 180660736
78 5 0 38 176153624
78 5 0 39 171270344
78 5 0 40 166054084
78 5 0 41 160536672
78 5 0 42 154764096
78 5 0 43 148766044
78 5 0 44 142585872
78 5 0 45 136251200
78 5 0 46 129802676
78 5 0 47 123265916
78 5 0 48 116678808
78 5 0 49 110065016
78 5 0 50 103459604
78 5 0 51 96884360
78 5 0 52 90371448
78 5 0 53 83940844
78 5 0 54 77621760
78 5 0 55 71432412
78 5 0 56 65398996
78 5 0 57 59538044
78 5 0 58 53872660
78 5 0 59 48417756
78 5 0 60 43193292
78 5 0 61 38212612
78 5 0 62 33492468
78 5 0 63 29044708
78 5 0 64 24882804
78 5 0 65 21017176
78 5 0 66 17457960
78 5 0 67 14214200
78 5 0 68 11293352
78 5 0 69 8702400
78 5 0 70 6444596
78 5 0 71 4527180
78 5 0 72 2962524
78 5 0 73 1747040
78 5 0 74 883602
78 5 0 75 246256
78 5 1 2 1136
78 5 1 3 3476
78 5 1 4 4784
78 5 1 5 5500
78 5 1 6 5520
78 5 1 7 5540
78 5 1 8 5560
78 5 1 9 5580
78 5 1 10 5600
78 5 1 11 5620
78 5 1 12 5640
78 5 1 13 5660
78 5 1 14 5680
78 5 1 15 5700
78 5 1 16 5720
78 5 1 17 5740
78 5 1 18 5760
78 5 1 19 5780
78 5 1 20 5800
78 5 1 21 5820
78 5 1 22 5840
78 5 1 23 5860
78 5 1 24 5880
78 5 1 25 5900
78 5 1 26 5920
78 5 1 27 5940
78 5 1 28 5960
78 5 1 29 5980
78 5 1 30 6000
78 5 1 31 6020
78 5 1 32 6040
78 5 1 33 6060
78 5 1 34 6080
78 5 1 35 6100
78 5 1 36 6120
78 5 1 37 6136
78 5 1 38 6116
78 5 1 39 6060
78 5 1 40 6000
78 5 1 41 5940
78 5 1 42 5880
78 5 1 43 5820
78 5 1 44 5760
78 5 1 45 5700
78 5 1 46 5640
78 5 1 47 5580
78 5 1 48 5520
78 5 1 49 5460
78 5 1 50 5400
78 5 1 51 5340
78 5 1 52 5280
78 5 1 53 5220
78 5 1 54 5160
78 5 1 55 5100
78 5 1 56 5040
78 5 1 57 4980
78 5 1 58 4920
78 5 1 59 4860
78 5 1 60 4800
78 5 1 61 4740
78 5 1 62 4680
78 5 1 63 4620
78 5 1 64 4560
78 5 1 65 4500
78 5 1 66 4440
78 5 1 67 4380
78 5 1 68 4320
78 5 1 69 4260
78 5 1 70 4200
78 5 1 71 4144
78 5 1 72 4088
78 5 1 73 4052
78 5 1 74 3460
78 5 1 75 3444
78 5 2 2 4
78 5 2 3 4
78 5 2 74 4
78 5 2 75 4
78 6 0 2 933248
78 6 0 3 10636116
78 6 0 4 75215336
78 6 0 5 223937580
78 6 0 6 445177948
78 6 0 7 763515938
78 6 0 8 1142897694
78 6 0 9 1572156254
78 6 0 10 2041278668
78 6 0 11 2540110604
78 6 0 12 3059118610
78 6 0 13 3589220744
78 6 0 14 4122047714
78 6 0 15 4649688332
78 6 0 16 5165045990
78 6 0 17 5661482904
78 6 0 18 6133273140
78 6 0 19 6575162700
78 6 0 20 6982893062
78 6 0 21 7352659966
78 6 0 22 7681687774
78 6 0 23 7967579766
78 6 0 24 8208966970
78 6 0 25 8404815928
78 6 0 26 8555104388
78 6 0 27 8660033822
78 6 0 28 8720675886
78 6 0 29 8738181018
78 6 0 30 8714464942
78 6 0 31 8651423136
78 6 0 32 8551583768
78 6 0 33 8417358998
78 6 0 34 8251678800
78 6 0 35 8057245280
78 6 0 36 7837153270
78 6 0 37 7594236758
78 6 0 38 7331720610
78 6 0 39 7052430008
78 6 0 40 6759259302
78 6 0 41 6454740944
78 6 0 42 6141524758
78 6 0 43 5821903878
78 6 0 44 5498256666
78 6 0 45 5172639848
78 6 0 46 4847158612
78 6 0 47 4523634650
78 6 0 48 4203901156
78 6 0 49 3889544460
78 6 0 50 3582125988
78 6 0 51 3282998800
78 6 0 52 2993451652
78 6 0 53 2714604694
78 6 0 54 2447476410
78 6 0 55 2192952494
78 6 0 56 1951782398
78 6 0 57 1724618646
78 6 0 58 1511941562
78 6 0 59 1314169846
78 6 0 60 1131518310
78 6 0 61 964169066
78 6 0 62 812073672
78 6 0 63 675177370
78 6 0 64 553169912
78 6 0 65 445758710
78 6 0 66 352375938
78 6 0 67 272487304
78 6 0 68 205257446
78 6 0 69 149902336
78 6 0 70 105347114
78 6 0 71 70550900
78 6 0 72 44401212
78 6 0 73 25296000
78 6 0 74 11747300
78 6 0 75 3838544
78 6 1 2 40588
78 6 1 3 98180
78 6 1 4 202923
78 6 1 5 318201
78 6 1 6 349703
78 6 1 7 380617
78 6 1 8 410323
78 6 1 9 438785
78 6 1 10 466039
78 6 1 11 492049
78 6 1 12 516851
78 6 1 13 540409
78 6 1 14 562759
78 6 1 15 583865
78 6 1 16 603763
78 6 1 17 622417
78 6 1 18 639863
78 6 1 19 656065
78 6 1 20 671059
78 6 1 21 684809
78 6 1 22 697351
78 6 1 23 708649
78 6 1 24 718739
78 6 1 25 727585
78 6 1 26 735223
78 6 1 27 741617
78 6 1 28 746803
78 6 1 29 750745
78 6 1 30 753479
78 6 1 31 754969
78 6 1 32 755251
78 6 1 33 754289
78 6 1 34 752119
78 6 1 35 748705
78 6 1 36 744095
78 6 1 37 738055
78 6 1 38 729568
78 6 1 39 720248
78 6 1 40 710458
78 6 1 41 700152
78 6 1 42 689366
78 6 1 43 678064
78 6 1 44 666282
78 6 1 45 653984
78 6 1 46 641206
78 6 1 47 627912
78 6 1 48 614138
78 6 1 49 599848
78 6 1 50 585078
78 6 1 51 569792
78 6 1 52 554026
78 6 1 53 537744
78 6 1 54 520982
78 6 1 55 503704
78 6 1 56 485946
78 6 1 57 467672
78 6 1 58 448918
78 6 1 59 429648
78 6 1 60 409898
78 6 1 61 389632
78 6 1 62 368886
78 6 1 63 347624
78 6 1 64 325882
78 6 1 65 303624
78 6 1 66 280886
78 6 1 67 257628
78 6 1 68 233890
78 6 1 69 209632
78 6 1 70 184866
78 6 1 71 160080
78 6 1 72 134936
78 6 1 73 114072
78 6 1 74 95884
78 6 1 75 81232
78 6 2 2 290
78 6 2 3 324
78 6 2 4 48
78 6 2 5 56
78 6 2 6 56
78 6 2 7 56
78 6 2 8 56
78 6 2 9 56
78 6 2 10 56
78 6 2 11 56
78 6 2 12 56
78 6 2 13 56
78 6 2 14 56
78 6 2 15 56
78 6 2 16 56
78 6 2 17 56
78 6 2 18 56
78 6 2 19 56
78 6 2 20 56
78 6 2 21 56
78 6 2 22 56
78 6 2 23 56
78 6 2 24 56
78 6 2 25 56
78 6 2 26 56
78 6 2 27 56
78 6 2 28 56
78 6 2 29 56
78 6 2 30 56
78 6 2 31 56
78 6 2 32 56
78 6 2 33 56
78 6 2 34 56
78 6 2 35 56
78 6 2 36 56
78 6 2 37 56
78 6 2 38 56
78 6 2 39 56
78 6 2 40 56
78 6 2 41 56
78 6 2 42 56
78 6 2 43 56
78 6 2 44 56
78 6 2 45 56
78 6 2 46 56
78 6 2 47 56
78 6 2 48 56
78 6 2 49 56
78 6 2 50 56
78 6 2 51 56
78 6 2 52 56
78 6 2 53 56
78 6 2 54 56
78 6 2 55 56
78 6 2 56 56
78 6 2 57 56
78 6 2 58 56
78 6 2 59 56
78 6 2 60 56
78 6 2 61 56
78 6 2 62 56
78 6 2 63 56
78 6 2 64 56
78 6 2 65 56
78 6 2 66 56
78 6 2 67 56
78 6 2 68 56
78 6 2 69 56
78 6 2 70 56
78 6 2 71 52
78 6 2 72 48
78 6 2 73 52
78 6 2 74 314
78 6 2 75 284
