1 0 0 1 1
2 0 0 1 1
2 0 0 2 1
3 0 0 1 1
3 0 0 3 1
3 1 0 2 4
4 0 0 1 1
4 0 0 4 1
4 1 0 2 4
4 1 0 3 4
4 2 0 2 4
4 2 0 3 4
4 2 1 2 1
5 0 0 1 1
5 0 0 5 1
5 1 0 2 4
5 1 0 3 4
5 1 0 4 4
5 2 0 2 10
5 2 0 3 10
5 2 0 4 8
5 3 0 3 12
5 3 1 2 4
5 3 1 3 4
5 4 0 3 1
6 0 0 1 1
6 0 0 6 1
6 1 0 2 4
6 1 0 3 4
6 1 0 4 4
6 1 0 5 4
6 2 0 2 14
6 2 0 3 20
6 2 0 4 14
6 2 0 5 12
6 3 0 2 8
6 3 0 3 32
6 3 0 4 32
6 3 1 2 4
6 3 1 4 4
6 4 0 3 14
6 4 0 4 10
6 4 1 2 4
6 4 1 3 20
6 4 1 4 4
6 4 2 2 1
6 4 2 3 1
6 5 1 3 4
7 0 0 1 1
7 0 0 7 1
7 1 0 2 4
7 1 0 3 4
7 1 0 4 4
7 1 0 5 4
7 1 0 6 4
7 2 0 2 18
7 2 0 3 24
7 2 0 4 24
7 2 0 5 18
7 2 0 6 16
7 3 0 2 16
7 3 0 3 72
7 3 0 4 80
7 3 0 5 52
7 3 1 2 4
7 3 1 5 4
7 4 0 2 8
7 4 0 3 71
7 4 0 4 74
7 4 0 5 35
7 4 1 2 12
7 4 1 3 20
7 4 1 4 24
7 4 1 5 8
7 5 0 3 12
7 5 0 4 28
7 5 1 3 44
7 5 1 4 36
7 5 2 2 4
7 5 2 3 8
7 5 2 4 4
8 0 0 1 1
8 0 0 8 1
8 1 0 2 4
8 1 0 3 4
8 1 0 4 4
8 1 0 5 4
8 1 0 6 4
8 1 0 7 4
8 2 0 2 22
8 2 0 3 30
8 2 0 4 30
8 2 0 5 28
8 2 0 6 22
8 2 0 7 20
8 3 0 2 24
8 3 0 3 112
8 3 0 4 136
8 3 0 5 128
8 3 0 6 72
8 3 1 2 4
8 3 1 6 4
8 4 0 2 28
8 4 0 3 165
8 4 0 4 279
8 4 0 5 170
8 4 0 6 76
8 4 1 2 16
8 4 1 3 24
8 4 1 4 24
8 4 1 5 24
8 4 1 6 12
8 5 0 3 122
8 5 0 4 202
8 5 0 5 136
8 5 1 2 16
8 5 1 3 101
8 5 1 4 100
8 5 1 5 84
8 5 2 2 4
8 5 2 3 4
8 5 2 4 4
8 5 2 5 4
9 0 0 1 1
9 0 0 9 1
9 1 0 2 4
9 1 0 3 4
9 1 0 4 4
9 1 0 5 4
9 1 0 6 4
9 1 0 7 4
9 1 0 8 4
9 2 0 2 26
9 2 0 3 34
9 2 0 4 40
9 2 0 5 34
9 2 0 6 32
9 2 0 7 26
9 2 0 8 24
9 3 0 2 32
9 3 0 3 156
9 3 0 4 188
9 3 0 5 204
9 3 0 6 176
9 3 0 7 92
9 3 1 2 4
9 3 1 7 4
9 4 0 2 56
9 4 0 3 326
9 4 0 4 576
9 4 0 5 564
9 4 0 6 298
9 4 0 7 133
9 4 1 2 20
9 4 1 3 24
9 4 1 4 28
9 4 1 5 24
9 4 1 6 24
9 4 1 7 16
9 5 0 2 16
9 5 0 3 344
9 5 0 4 770
9 5 0 5 678
9 5 0 6 340
9 5 1 2 32
9 5 1 3 152
9 5 1 4 176
9 5 1 5 148
9 5 1 6 132
9 5 2 2 4
9 5 2 3 4
9 5 2 5 4
9 5 2 6 4
10 0 0 1 1
10 0 0 10 1
10 1 0 2 4
10 1 0 3 4
10 1 0 4 4
10 1 0 5 4
10 1 0 6 4
10 1 0 7 4
10 1 0 8 4
10 1 0 9 4
10 2 0 2 30
10 2 0 3 38
10 2 0 4 48
10 2 0 5 44
10 2 0 6 38
10 2 0 7 36
10 2 0 8 30
10 2 0 9 28
10 3 0 2 40
10 3 0 3 204
10 3 0 4 268
10 3 0 5 288
10 3 0 6 272
10 3 0 7 224
10 3 0 8 112
10 3 1 2 4
10 3 1 8 4
10 4 0 2 92
10 4 0 3 521
10 4 0 4 930
10 4 0 5 1054
10 4 0 6 897
10 4 0 7 458
10 4 0 8 206
10 4 1 2 24
10 4 1 3 24
10 4 1 4 28
10 4 1 5 28
10 4 1 6 24
10 4 1 7 24
10 4 1 8 20
10 5 0 2 48
10 5 0 3 774
10 5 0 4 1908
10 5 0 5 2160
10 5 0 6 1506
10 5 0 7 640
10 5 1 2 48
10 5 1 3 212
10 5 1 4 260
10 5 1 5 244
10 5 1 6 196
10 5 1 7 180
10 5 2 2 4
10 5 2 3 4
10 5 2 6 4
10 5 2 7 4
11 0 0 1 1
11 0 0 11 1
11 1 0 2 4
11 1 0 3 4
11 1 0 4 4
11 1 0 5 4
11 1 0 6 4
11 1 0 7 4
11 1 0 8 4
11 1 0 9 4
11 1 0 10 4
11 2 0 2 34
11 2 0 3 42
11 2 0 4 54
11 2 0 5 54
11 2 0 6 48
11 2 0 7 42
11 2 0 8 40
11 2 0 9 34
11 2 0 10 32
11 3 0 2 48
11 3 0 3 248
11 3 0 4 356
11 3 0 5 392
11 3 0 6 384
11 3 0 7 340
11 3 0 8 272
11 3 0 9 132
11 3 1 2 4
11 3 1 9 4
11 4 0 2 136
11 4 0 3 774
11 4 0 4 1416
11 4 0 5 1751
11 4 0 6 1622
11 4 0 7 1278
11 4 0 8 650
11 4 0 9 295
11 4 1 2 28
11 4 1 3 24
11 4 1 4 28
11 4 1 5 28
11 4 1 6 28
11 4 1 7 24
11 4 1 8 24
11 4 1 9 24
11 5 0 2 96
11 5 0 3 1434
11 5 0 4 3608
11 5 0 5 4644
11 5 0 6 4236
11 5 0 7 2686
11 5 0 8 1036
11 5 1 2 64
11 5 1 3 260
11 5 1 4 344
11 5 1 5 336
11 5 1 6 300
11 5 1 7 244
11 5 1 8 228
11 5 2 2 4
11 5 2 3 4
11 5 2 7 4
11 5 2 8 4
12 0 0 1 1
12 0 0 12 1
12 1 0 2 4
12 1 0 3 4
12 1 0 4 4
12 1 0 5 4
12 1 0 6 4
12 1 0 7 4
12 1 0 8 4
12 1 0 9 4
12 1 0 10 4
12 1 0 11 4
12 2 0 2 38
12 2 0 3 46
12 2 0 4 60
12 2 0 5 62
12 2 0 6 58
12 2 0 7 52
12 2 0 8 46
12 2 0 9 44
12 2 0 10 38
12 2 0 11 36
12 3 0 2 56
12 3 0 3 292
12 3 0 4 456
12 3 0 5 520
12 3 0 6 516
12 3 0 7 480
12 3 0 8 408
12 3 0 9 320
12 3 0 10 152
12 3 1 2 4
12 3 1 10 4
12 4 0 2 188
12 4 0 3 1065
12 4 0 4 2005
12 4 0 5 2635
12 4 0 6 2692
12 4 0 7 2254
12 4 0 8 1707
12 4 0 9 874
12 4 0 10 400
12 4 1 2 32
12 4 1 3 24
12 4 1 4 28
12 4 1 5 28
12 4 1 6 28
12 4 1 7 28
12 4 1 8 24
12 4 1 9 24
12 4 1 10 28
12 5 0 2 160
12 5 0 3 2350
12 5 0 4 6096
12 5 0 5 8552
12 5 0 6 8628
12 5 0 7 7016
12 5 0 8 4218
12 5 0 9 1528
12 5 1 2 80
12 5 1 3 308
12 5 1 4 424
12 5 1 5 444
12 5 1 6 392
12 5 1 7 356
12 5 1 8 292
12 5 1 9 276
12 5 2 2 4
12 5 2 3 4
12 5 2 8 4
12 5 2 9 4
13 0 0 1 1
13 0 0 13 1
13 1 0 2 4
13 1 0 3 4
13 1 0 4 4
13 1 0 5 4
13 1 0 6 4
13 1 0 7 4
13 1 0 8 4
13 1 0 9 4
13 1 0 10 4
13 1 0 11 4
13 1 0 12 4
13 2 0 2 42
13 2 0 3 50
13 2 0 4 66
13 2 0 5 68
13 2 0 6 68
13 2 0 7 62
13 2 0 8 56
13 2 0 9 50
13 2 0 10 48
13 2 0 11 42
13 2 0 12 40
13 3 0 2 64
13 3 0 3 336
13 3 0 4 548
13 3 0 5 652
13 3 0 6 668
13 3 0 7 640
13 3 0 8 576
13 3 0 9 476
13 3 0 10 368
13 3 0 11 172
13 3 1 2 4
13 3 1 11 4
13 4 0 2 248
13 4 0 3 1386
13 4 0 4 2732
13 4 0 5 3795
13 4 0 6 4056
13 4 0 7 3711
13 4 0 8 2950
13 4 0 9 2184
13 4 0 10 1130
13 4 0 11 521
13 4 1 2 36
13 4 1 3 24
13 4 1 4 28
13 4 1 5 28
13 4 1 6 28
13 4 1 7 28
13 4 1 8 28
13 4 1 9 24
13 4 1 10 24
13 4 1 11 32
13 5 0 2 240
13 5 0 3 3558
13 5 0 4 9478
13 5 0 5 14186
13 5 0 6 15668
13 5 0 7 13864
13 5 0 8 10500
13 5 0 9 6102
13 5 0 10 2116
13 5 1 2 96
13 5 1 3 356
13 5 1 4 492
13 5 1 5 540
13 5 1 6 504
13 5 1 7 448
13 5 1 8 412
13 5 1 9 340
13 5 1 10 324
13 5 2 2 4
13 5 2 3 4
13 5 2 9 4
13 5 2 10 4
14 0 0 1 1
14 0 0 14 1
14 1 0 2 4
14 1 0 3 4
14 1 0 4 4
14 1 0 5 4
14 1 0 6 4
14 1 0 7 4
14 1 0 8 4
14 1 0 9 4
14 1 0 10 4
14 1 0 11 4
14 1 0 12 4
14 1 0 13 4
14 2 0 2 46
14 2 0 3 54
14 2 0 4 72
14 2 0 5 74
14 2 0 6 76
14 2 0 7 72
14 2 0 8 66
14 2 0 9 60
14 2 0 10 54
14 2 0 11 52
14 2 0 12 46
14 2 0 13 44
14 3 0 2 72
14 3 0 3 380
14 3 0 4 656
14 3 0 5 796
14 3 0 6 840
14 3 0 7 820
14 3 0 8 764
14 3 0 9 672
14 3 0 10 544
14 3 0 11 416
14 3 0 12 192
14 3 1 2 4
14 3 1 12 4
14 4 0 2 316
14 4 0 3 1739
14 4 0 4 3540
14 4 0 5 5109
14 4 0 6 5747
14 4 0 7 5592
14 4 0 8 4810
14 4 0 9 3710
14 4 0 10 2709
14 4 0 11 1418
14 4 0 12 658
14 4 1 2 40
14 4 1 3 24
14 4 1 4 28
14 4 1 5 28
14 4 1 6 28
14 4 1 7 28
14 4 1 8 28
14 4 1 9 28
14 4 1 10 24
14 4 1 11 24
14 4 1 12 36
14 5 0 2 336
14 5 0 3 5030
14 5 0 4 13804
14 5 0 5 22092
14 5 0 6 25940
14 5 0 7 24652
14 5 0 8 20316
14 5 0 9 14688
14 5 0 10 8338
14 5 0 11 2800
14 5 1 2 112
14 5 1 3 404
14 5 1 4 560
14 5 1 5 632
14 5 1 6 612
14 5 1 7 560
14 5 1 8 504
14 5 1 9 468
14 5 1 10 388
14 5 1 11 372
14 5 2 2 4
14 5 2 3 4
14 5 2 10 4
14 5 2 11 4
15 0 0 1 1
15 0 0 15 1
15 1 0 2 4
15 1 0 3 4
15 1 0 4 4
15 1 0 5 4
15 1 0 6 4
15 1 0 7 4
15 1 0 8 4
15 1 0 9 4
15 1 0 10 4
15 1 0 11 4
15 1 0 12 4
15 1 0 13 4
15 1 0 14 4
15 2 0 2 50
15 2 0 3 58
15 2 0 4 78
15 2 0 5 80
15 2 0 6 82
15 2 0 7 82
15 2 0 8 76
15 2 0 9 70
15 2 0 10 64
15 2 0 11 58
15 2 0 12 56
15 2 0 13 50
15 2 0 14 48
15 3 0 2 80
15 3 0 3 424
15 3 0 4 756
15 3 0 5 936
15 3 0 6 1016
15 3 0 7 1016
15 3 0 8 972
15 3 0 9 888
15 3 0 10 768
15 3 0 11 612
15 3 0 12 464
15 3 0 13 212
15 3 1 2 4
15 3 1 13 4
15 4 0 2 392
15 4 0 3 2124
15 4 0 4 4492
15 4 0 5 6666
15 4 0 6 7772
15 4 0 7 7910
15 4 0 8 7224
15 4 0 9 5989
15 4 0 10 4534
15 4 0 11 3282
15 4 0 12 1738
15 4 0 13 811
15 4 1 2 44
15 4 1 3 24
15 4 1 4 28
15 4 1 5 28
15 4 1 6 28
15 4 1 7 28
15 4 1 8 28
15 4 1 9 28
15 4 1 10 28
15 4 1 11 24
15 4 1 12 24
15 4 1 13 40
15 5 0 2 448
15 5 0 3 6766
15 5 0 4 19116
15 5 0 5 32232
15 5 0 6 39928
15 5 0 7 40520
15 5 0 8 35532
15 5 0 9 27984
15 5 0 10 19580
15 5 0 11 10926
15 5 0 12 3580
15 5 1 2 128
15 5 1 3 452
15 5 1 4 624
15 5 1 5 712
15 5 1 6 712
15 5 1 7 672
15 5 1 8 616
15 5 1 9 560
15 5 1 10 524
15 5 1 11 436
15 5 1 12 420
15 5 2 2 4
15 5 2 3 4
15 5 2 11 4
15 5 2 12 4
16 0 0 1 1
16 0 0 16 1
16 1 0 2 4
16 1 0 3 4
16 1 0 4 4
16 1 0 5 4
16 1 0 6 4
16 1 0 7 4
16 1 0 8 4
16 1 0 9 4
16 1 0 10 4
16 1 0 11 4
16 1 0 12 4
16 1 0 13 4
16 1 0 14 4
16 1 0 15 4
16 2 0 2 54
16 2 0 3 62
16 2 0 4 84
16 2 0 5 86
16 2 0 6 88
16 2 0 7 90
16 2 0 8 86
16 2 0 9 80
16 2 0 10 74
16 2 0 11 68
16 2 0 12 62
16 2 0 13 60
16 2 0 14 54
16 2 0 15 52
16 3 0 2 88
16 3 0 3 468
16 3 0 4 872
16 3 0 5 1088
16 3 0 6 1208
16 3 0 7 1232
16 3 0 8 1196
16 3 0 9 1124
16 3 0 10 1012
16 3 0 11 864
16 3 0 12 680
16 3 0 13 512
16 3 0 14 232
16 3 1 2 4
16 3 1 14 4
16 4 0 2 476
16 4 0 3 2541
16 4 0 4 5525
16 4 0 5 8399
16 4 0 6 10082
16 4 0 7 10623
16 4 0 8 10197
16 4 0 9 8952
16 4 0 10 7248
16 4 0 11 5422
16 4 0 12 3903
16 4 0 13 2090
16 4 0 14 980
16 4 1 2 48
16 4 1 3 24
16 4 1 4 28
16 4 1 5 28
16 4 1 6 28
16 4 1 7 28
16 4 1 8 28
16 4 1 9 28
16 4 1 10 28
16 4 1 11 28
16 4 1 12 24
16 4 1 13 24
16 4 1 14 44
16 5 0 2 576
16 5 0 3 8758
16 5 0 4 25568
16 5 0 5 44888
16 5 0 6 58068
16 5 0 7 62084
16 5 0 8 57852
16 5 0 9 48300
16 5 0 10 36868
16 5 0 11 25176
16 5 0 12 13866
16 5 0 13 4456
16 5 1 2 144
16 5 1 3 500
16 5 1 4 692
16 5 1 5 788
16 5 1 6 804
16 5 1 7 784
16 5 1 8 728
16 5 1 9 672
16 5 1 10 616
16 5 1 11 580
16 5 1 12 484
16 5 1 13 468
16 5 2 2 4
16 5 2 3 4
16 5 2 12 4
16 5 2 13 4
17 0 0 1 1
17 0 0 17 1
17 1 0 2 4
17 1 0 3 4
17 1 0 4 4
17 1 0 5 4
17 1 0 6 4
17 1 0 7 4
17 1 0 8 4
17 1 0 9 4
17 1 0 10 4
17 1 0 11 4
17 1 0 12 4
17 1 0 13 4
17 1 0 14 4
17 1 0 15 4
17 1 0 16 4
17 2 0 2 58
17 2 0 3 66
17 2 0 4 90
17 2 0 5 92
17 2 0 6 94
17 2 0 7 96
17 2 0 8 96
17 2 0 9 90
17 2 0 10 84
17 2 0 11 78
17 2 0 12 72
17 2 0 13 66
17 2 0 14 64
17 2 0 15 58
17 2 0 16 56
17 3 0 2 96
17 3 0 3 512
17 3 0 4 980
17 3 0 5 1236
17 3 0 6 1392
17 3 0 7 1456
17 3 0 8 1436
17 3 0 9 1376
17 3 0 10 1276
17 3 0 11 1136
17 3 0 12 960
17 3 0 13 748
17 3 0 14 560
17 3 0 15 252
17 3 1 2 4
17 3 1 15 4
17 4 0 2 568
17 4 0 3 2990
17 4 0 4 6692
17 4 0 5 10383
17 4 0 6 12700
17 4 0 7 13826
17 4 0 8 13674
17 4 0 9 12596
17 4 0 10 10776
17 4 0 11 8587
17 4 0 12 6374
17 4 0 13 4572
17 4 0 14 2474
17 4 0 15 1165
17 4 1 2 52
17 4 1 3 24
17 4 1 4 28
17 4 1 5 28
17 4 1 6 28
17 4 1 7 28
17 4 1 8 28
17 4 1 9 28
17 4 1 10 28
17 4 1 11 28
17 4 1 12 28
17 4 1 13 24
17 4 1 14 24
17 4 1 15 48
17 5 0 2 720
17 5 0 3 11006
17 5 0 4 33218
17 5 0 5 60222
17 5 0 6 80826
17 5 0 7 89886
17 5 0 8 88224
17 5 0 9 77904
17 5 0 10 62956
17 5 0 11 46968
17 5 0 12 31476
17 5 0 13 17158
17 5 0 14 5428
17 5 1 2 160
17 5 1 3 548
17 5 1 4 756
17 5 1 5 864
17 5 1 6 884
17 5 1 7 884
17 5 1 8 844
17 5 1 9 784
17 5 1 10 728
17 5 1 11 672
17 5 1 12 636
17 5 1 13 532
17 5 1 14 516
17 5 2 2 4
17 5 2 3 4
17 5 2 13 4
17 5 2 14 4
18 0 0 1 1
18 0 0 18 1
18 1 0 2 4
18 1 0 3 4
18 1 0 4 4
18 1 0 5 4
18 1 0 6 4
18 1 0 7 4
18 1 0 8 4
18 1 0 9 4
18 1 0 10 4
18 1 0 11 4
18 1 0 12 4
18 1 0 13 4
18 1 0 14 4
18 1 0 15 4
18 1 0 16 4
18 1 0 17 4
18 2 0 2 62
18 2 0 3 70
18 2 0 4 96
18 2 0 5 98
18 2 0 6 100
18 2 0 7 102
18 2 0 8 104
18 2 0 9 100
18 2 0 10 94
18 2 0 11 88
18 2 0 12 82
18 2 0 13 76
18 2 0 14 70
18 2 0 15 68
18 2 0 16 62
18 2 0 17 60
18 3 0 2 104
18 3 0 3 556
18 3 0 4 1104
18 3 0 5 1396
18 3 0 6 1592
18 3 0 7 1692
18 3 0 8 1700
18 3 0 9 1644
18 3 0 10 1556
18 3 0 11 1428
18 3 0 12 1260
18 3 0 13 1056
18 3 0 14 816
18 3 0 15 608
18 3 0 16 272
18 3 1 2 4
18 3 1 16 4
18 4 0 2 668
18 4 0 3 3471
18 4 0 4 7940
18 4 0 5 12537
18 4 0 6 15639
18 4 0 7 17381
18 4 0 8 17720
18 4 0 9 16866
18 4 0 10 15107
18 4 0 11 12696
18 4 0 12 10006
18 4 0 13 7390
18 4 0 14 5289
18 4 0 15 2890
18 4 0 16 1366
18 4 1 2 56
18 4 1 3 24
18 4 1 4 28
18 4 1 5 28
18 4 1 6 28
18 4 1 7 28
18 4 1 8 28
18 4 1 9 28
18 4 1 10 28
18 4 1 11 28
18 4 1 12 28
18 4 1 13 28
18 4 1 14 24
18 4 1 15 24
18 4 1 16 52
18 5 0 2 880
18 5 0 3 13510
18 5 0 4 42120
18 5 0 5 78552
18 5 0 6 108360
18 5 0 7 124980
18 5 0 8 127356
18 5 0 9 118080
18 5 0 10 100676
18 5 0 11 79500
18 5 0 12 58284
18 5 0 13 38480
18 5 0 14 20802
18 5 0 15 6496
18 5 1 2 176
18 5 1 3 596
18 5 1 4 824
18 5 1 5 940
18 5 1 6 960
18 5 1 7 976
18 5 1 8 956
18 5 1 9 900
18 5 1 10 840
18 5 1 11 784
18 5 1 12 728
18 5 1 13 692
18 5 1 14 580
18 5 1 15 564
18 5 2 2 4
18 5 2 3 4
18 5 2 14 4
18 5 2 15 4
19 0 0 1 1
19 0 0 19 1
19 1 0 2 4
19 1 0 3 4
19 1 0 4 4
19 1 0 5 4
19 1 0 6 4
19 1 0 7 4
19 1 0 8 4
19 1 0 9 4
19 1 0 10 4
19 1 0 11 4
19 1 0 12 4
19 1 0 13 4
19 1 0 14 4
19 1 0 15 4
19 1 0 16 4
19 1 0 17 4
19 1 0 18 4
19 2 0 2 66
19 2 0 3 74
19 2 0 4 102
19 2 0 5 104
19 2 0 6 106
19 2 0 7 108
19 2 0 8 110
19 2 0 9 110
19 2 0 10 104
19 2 0 11 98
19 2 0 12 92
19 2 0 13 86
19 2 0 14 80
19 2 0 15 74
19 2 0 16 72
19 2 0 17 66
19 2 0 18 64
19 3 0 2 112
19 3 0 3 600
19 3 0 4 1220
19 3 0 5 1552
19 3 0 6 1784
19 3 0 7 1924
19 3 0 8 1968
19 3 0 9 1932
19 3 0 10 1852
19 3 0 11 1736
19 3 0 12 1580
19 3 0 13 1384
19 3 0 14 1152
19 3 0 15 884
19 3 0 16 656
19 3 0 17 292
19 3 1 2 4
19 3 1 17 4
19 4 0 2 776
19 4 0 3 3984
19 4 0 4 9322
19 4 0 5 14920
19 4 0 6 18880
19 4 0 7 21391
19 4 0 8 22324
19 4 0 9 21823
19 4 0 10 20186
19 4 0 11 17730
19 4 0 12 14712
19 4 0 13 11505
19 4 0 14 8470
19 4 0 15 6054
19 4 0 16 3338
19 4 0 17 1583
19 4 1 2 60
19 4 1 3 24
19 4 1 4 28
19 4 1 5 28
19 4 1 6 28
19 4 1 7 28
19 4 1 8 28
19 4 1 9 28
19 4 1 10 28
19 4 1 11 28
19 4 1 12 28
19 4 1 13 28
19 4 1 14 28
19 4 1 15 24
19 4 1 16 24
19 4 1 17 56
19 5 0 2 1056
19 5 0 3 16270
19 5 0 4 52332
19 5 0 5 100020
19 5 0 6 141240
19 5 0 7 167756
19 5 0 8 176540
19 5 0 9 169964
19 5 0 10 151648
19 5 0 11 126168
19 5 0 12 97932
19 5 0 13 70816
19 5 0 14 46188
19 5 0 15 24798
19 5 0 16 7660
19 5 1 2 192
19 5 1 3 644
19 5 1 4 888
19 5 1 5 1016
19 5 1 6 1036
19 5 1 7 1056
19 5 1 8 1056
19 5 1 9 1016
19 5 1 10 956
19 5 1 11 896
19 5 1 12 840
19 5 1 13 784
19 5 1 14 748
19 5 1 15 628
19 5 1 16 612
19 5 2 2 4
19 5 2 3 4
19 5 2 15 4
19 5 2 16 4
20 0 0 1 1
20 0 0 20 1
20 1 0 2 4
20 1 0 3 4
20 1 0 4 4
20 1 0 5 4
20 1 0 6 4
20 1 0 7 4
20 1 0 8 4
20 1 0 9 4
20 1 0 10 4
20 1 0 11 4
20 1 0 12 4
20 1 0 13 4
20 1 0 14 4
20 1 0 15 4
20 1 0 16 4
20 1 0 17 4
20 1 0 18 4
20 1 0 19 4
20 2 0 2 70
20 2 0 3 78
20 2 0 4 108
20 2 0 5 110
20 2 0 6 112
20 2 0 7 114
20 2 0 8 116
20 2 0 9 118
20 2 0 10 114
20 2 0 11 108
20 2 0 12 102
20 2 0 13 96
20 2 0 14 90
20 2 0 15 84
20 2 0 16 78
20 2 0 17 76
20 2 0 18 70
20 2 0 19 68
20 3 0 2 120
20 3 0 3 644
20 3 0 4 1352
20 3 0 5 1720
20 3 0 6 1992
20 3 0 7 2168
20 3 0 8 2252
20 3 0 9 2240
20 3 0 10 2168
20 3 0 11 2060
20 3 0 12 1916
20 3 0 13 1732
20 3 0 14 1508
20 3 0 15 1248
20 3 0 16 952
20 3 0 17 704
20 3 0 18 312
20 3 1 2 4
20 3 1 18 4
20 4 0 2 892
20 4 0 3 4529
20 4 0 4 10789
20 4 0 5 17471
20 4 0 6 22442
20 4 0 7 25787
20 4 0 8 27445
20 4 0 9 27415
20 4 0 10 26084
20 4 0 11 23634
20 4 0 12 20465
20 4 0 13 16824
20 4 0 14 13084
20 4 0 15 9614
20 4 0 16 6867
20 4 0 17 3818
20 4 0 18 1816
20 4 1 2 64
20 4 1 3 24
20 4 1 4 28
20 4 1 5 28
20 4 1 6 28
20 4 1 7 28
20 4 1 8 28
20 4 1 9 28
20 4 1 10 28
20 4 1 11 28
20 4 1 12 28
20 4 1 13 28
20 4 1 14 28
20 4 1 15 28
20 4 1 16 24
20 4 1 17 24
20 4 1 18 60
20 5 0 2 1248
20 5 0 3 19286
20 5 0 4 63904
20 5 0 5 124780
20 5 0 6 179656
20 5 0 7 218744
20 5 0 8 236760
20 5 0 9 235044
20 5 0 10 217440
20 5 0 11 188928
20 5 0 12 154380
20 5 0 13 118252
20 5 0 14 84564
20 5 0 15 54600
20 5 0 16 29146
20 5 0 17 8920
20 5 1 2 208
20 5 1 3 692
20 5 1 4 956
20 5 1 5 1092
20 5 1 6 1112
20 5 1 7 1132
20 5 1 8 1148
20 5 1 9 1128
20 5 1 10 1072
20 5 1 11 1012
20 5 1 12 952
20 5 1 13 896
20 5 1 14 840
20 5 1 15 804
20 5 1 16 676
20 5 1 17 660
20 5 2 2 4
20 5 2 3 4
20 5 2 16 4
20 5 2 17 4
21 0 0 1 1
21 0 0 21 1
21 1 0 2 4
21 1 0 3 4
21 1 0 4 4
21 1 0 5 4
21 1 0 6 4
21 1 0 7 4
21 1 0 8 4
21 1 0 9 4
21 1 0 10 4
21 1 0 11 4
21 1 0 12 4
21 1 0 13 4
21 1 0 14 4
21 1 0 15 4
21 1 0 16 4
21 1 0 17 4
21 1 0 18 4
21 1 0 19 4
21 1 0 20 4
21 2 0 2 74
21 2 0 3 82
21 2 0 4 114
21 2 0 5 116
21 2 0 6 118
21 2 0 7 120
21 2 0 8 122
21 2 0 9 124
21 2 0 10 124
21 2 0 11 118
21 2 0 12 112
21 2 0 13 106
21 2 0 14 100
21 2 0 15 94
21 2 0 16 88
21 2 0 17 82
21 2 0 18 80
21 2 0 19 74
21 2 0 20 72
21 3 0 2 128
21 3 0 3 688
21 3 0 4 1476
21 3 0 5 1884
21 3 0 6 2192
21 3 0 7 2408
21 3 0 8 2528
21 3 0 9 2556
21 3 0 10 2500
21 3 0 11 2404
21 3 0 12 2268
21 3 0 13 2096
21 3 0 14 1884
21 3 0 15 1632
21 3 0 16 1344
21 3 0 17 1020
21 3 0 18 752
21 3 0 19 332
21 3 1 2 4
21 3 1 19 4
21 4 0 2 1016
21 4 0 3 5106
21 4 0 4 12390
21 4 0 5 20243
21 4 0 6 26278
21 4 0 7 30626
21 4 0 8 33064
21 4 0 9 33751
21 4 0 10 32724
21 4 0 11 30489
21 4 0 12 27210
21 4 0 13 23312
21 4 0 14 19032
21 4 0 15 14743
21 4 0 16 10822
21 4 0 17 7728
21 4 0 18 4330
21 4 0 19 2065
21 4 1 2 68
21 4 1 3 24
21 4 1 4 28
21 4 1 5 28
21 4 1 6 28
21 4 1 7 28
21 4 1 8 28
21 4 1 9 28
21 4 1 10 28
21 4 1 11 28
21 4 1 12 28
21 4 1 13 28
21 4 1 14 28
21 4 1 15 28
21 4 1 16 28
21 4 1 17 24
21 4 1 18 24
21 4 1 19 64
21 5 0 2 1456
21 5 0 3 22558
21 5 0 4 76910
21 5 0 5 153010
21 5 0 6 224066
21 5 0 7 278518
21 5 0 8 308830
21 5 0 9 314558
21 5 0 10 300044
21 5 0 11 269780
21 5 0 12 229920
21 5 0 13 185312
21 5 0 14 140460
21 5 0 15 99528
21 5 0 16 63716
21 5 0 17 33846
21 5 0 18 10276
21 5 1 2 224
21 5 1 3 740
21 5 1 4 1020
21 5 1 5 1168
21 5 1 6 1188
21 5 1 7 1208
21 5 1 8 1228
21 5 1 9 1228
21 5 1 10 1188
21 5 1 11 1128
21 5 1 12 1068
21 5 1 13 1008
21 5 1 14 952
21 5 1 15 896
21 5 1 16 860
21 5 1 17 724
21 5 1 18 708
21 5 2 2 4
21 5 2 3 4
21 5 2 17 4
21 5 2 18 4
22 0 0 1 1
22 0 0 22 1
22 1 0 2 4
22 1 0 3 4
22 1 0 4 4
22 1 0 5 4
22 1 0 6 4
22 1 0 7 4
22 1 0 8 4
22 1 0 9 4
22 1 0 10 4
22 1 0 11 4
22 1 0 12 4
22 1 0 13 4
22 1 0 14 4
22 1 0 15 4
22 1 0 16 4
22 1 0 17 4
22 1 0 18 4
22 1 0 19 4
22 1 0 20 4
22 1 0 21 4
22 2 0 2 78
22 2 0 3 86
22 2 0 4 120
22 2 0 5 122
22 2 0 6 124
22 2 0 7 126
22 2 0 8 128
22 2 0 9 130
22 2 0 10 132
22 2 0 11 128
22 2 0 12 122
22 2 0 13 116
22 2 0 14 110
22 2 0 15 104
22 2 0 16 98
22 2 0 17 92
22 2 0 18 86
22 2 0 19 84
22 2 0 20 78
22 2 0 21 76
22 3 0 2 136
22 3 0 3 732
22 3 0 4 1616
22 3 0 5 2060
22 3 0 6 2408
22 3 0 7 2660
22 3 0 8 2820
22 3 0 9 2884
22 3 0 10 2856
22 3 0 11 2764
22 3 0 12 2640
22 3 0 13 2476
22 3 0 14 2276
22 3 0 15 2036
22 3 0 16 1756
22 3 0 17 1440
22 3 0 18 1088
22 3 0 19 800
22 3 0 20 352
22 3 1 2 4
22 3 1 20 4
22 4 0 2 1148
22 4 0 3 5715
22 4 0 4 14080
22 4 0 5 23191
22 4 0 6 30429
22 4 0 7 35857
22 4 0 8 39236
22 4 0 9 40645
22 4 0 10 40203
22 4 0 11 38208
22 4 0 12 35038
22 4 0 13 30914
22 4 0 14 26271
22 4 0 15 21336
22 4 0 16 16482
22 4 0 17 12094
22 4 0 18 8637
22 4 0 19 4874
22 4 0 20 2330
22 4 1 2 72
22 4 1 3 24
22 4 1 4 28
22 4 1 5 28
22 4 1 6 28
22 4 1 7 28
22 4 1 8 28
22 4 1 9 28
22 4 1 10 28
22 4 1 11 28
22 4 1 12 28
22 4 1 13 28
22 4 1 14 28
22 4 1 15 28
22 4 1 16 28
22 4 1 17 28
22 4 1 18 24
22 4 1 19 24
22 4 1 20 68
22 5 0 2 1680
22 5 0 3 26086
22 5 0 4 91384
22 5 0 5 184792
22 5 0 6 274652
22 5 0 7 347508
22 5 0 8 393264
22 5 0 9 409964
22 5 0 10 400812
22 5 0 11 371224
22 5 0 12 326984
22 5 0 13 274624
22 5 0 14 218964
22 5 0 15 164556
22 5 0 16 115708
22 5 0 17 73536
22 5 0 18 38898
22 5 0 19 11728
22 5 1 2 240
22 5 1 3 788
22 5 1 4 1088
22 5 1 5 1244
22 5 1 6 1264
22 5 1 7 1284
22 5 1 8 1304
22 5 1 9 1320
22 5 1 10 1300
22 5 1 11 1244
22 5 1 12 1184
22 5 1 13 1124
22 5 1 14 1064
22 5 1 15 1008
22 5 1 16 952
22 5 1 17 916
22 5 1 18 772
22 5 1 19 756
22 5 2 2 4
22 5 2 3 4
22 5 2 18 4
22 5 2 19 4
23 0 0 1 1
23 0 0 23 1
23 1 0 2 4
23 1 0 3 4
23 1 0 4 4
23 1 0 5 4
23 1 0 6 4
23 1 0 7 4
23 1 0 8 4
23 1 0 9 4
23 1 0 10 4
23 1 0 11 4
23 1 0 12 4
23 1 0 13 4
23 1 0 14 4
23 1 0 15 4
23 1 0 16 4
23 1 0 17 4
23 1 0 18 4
23 1 0 19 4
23 1 0 20 4
23 1 0 21 4
23 1 0 22 4
23 2 0 2 82
23 2 0 3 90
23 2 0 4 126
23 2 0 5 128
23 2 0 6 130
23 2 0 7 132
23 2 0 8 134
23 2 0 9 136
23 2 0 10 138
23 2 0 11 138
23 2 0 12 132
23 2 0 13 126
23 2 0 14 120
23 2 0 15 114
23 2 0 16 108
23 2 0 17 102
23 2 0 18 96
23 2 0 19 90
23 2 0 20 88
23 2 0 21 82
23 2 0 22 80
23 3 0 2 144
23 3 0 3 776
23 3 0 4 1748
23 3 0 5 2232
23 3 0 6 2616
23 3 0 7 2908
23 3 0 8 3104
23 3 0 9 3208
23 3 0 10 3216
23 3 0 11 3144
23 3 0 12 3028
23 3 0 13 2876
23 3 0 14 2684
23 3 0 15 2456
23 3 0 16 2188
23 3 0 17 1880
23 3 0 18 1536
23 3 0 19 1156
23 3 0 20 848
23 3 0 21 372
23 3 1 2 4
23 3 1 21 4
23 4 0 2 1288
23 4 0 3 6356
23 4 0 4 15904
23 4 0 5 26356
23 4 0 6 34832
23 4 0 7 41505
23 4 0 8 45892
23 4 0 9 48202
23 4 0 10 48468
23 4 0 11 46882
23 4 0 12 43852
23 4 0 13 39731
23 4 0 14 34746
23 4 0 15 29342
23 4 0 16 23736
23 4 0 17 18301
23 4 0 18 13430
23 4 0 19 9594
23 4 0 20 5450
23 4 0 21 2611
23 4 1 2 76
23 4 1 3 24
23 4 1 4 28
23 4 1 5 28
23 4 1 6 28
23 4 1 7 28
23 4 1 8 28
23 4 1 9 28
23 4 1 10 28
23 4 1 11 28
23 4 1 12 28
23 4 1 13 28
23 4 1 14 28
23 4 1 15 28
23 4 1 16 28
23 4 1 17 28
23 4 1 18 28
23 4 1 19 24
23 4 1 20 24
23 4 1 21 72
23 5 0 2 1920
23 5 0 3 29870
23 5 0 4 107416
23 5 0 5 220360
23 5 0 6 331712
23 5 0 7 426264
23 5 0 8 490888
23 5 0 9 522100
23 5 0 10 521516
23 5 0 11 495080
23 5 0 12 448580
23 5 0 13 389052
23 5 0 14 323040
23 5 0 15 255336
23 5 0 16 190540
23 5 0 17 133104
23 5 0 18 84060
23 5 0 19 44302
23 5 0 20 13276
23 5 1 2 256
23 5 1 3 836
23 5 1 4 1152
23 5 1 5 1320
23 5 1 6 1340
23 5 1 7 1360
23 5 1 8 1380
23 5 1 9 1400
23 5 1 10 1400
23 5 1 11 1360
23 5 1 12 1300
23 5 1 13 1240
23 5 1 14 1180
23 5 1 15 1120
23 5 1 16 1064
23 5 1 17 1008
23 5 1 18 972
23 5 1 19 820
23 5 1 20 804
23 5 2 2 4
23 5 2 3 4
23 5 2 19 4
23 5 2 20 4
24 0 0 1 1
24 0 0 24 1
24 1 0 2 4
24 1 0 3 4
24 1 0 4 4
24 1 0 5 4
24 1 0 6 4
24 1 0 7 4
24 1 0 8 4
24 1 0 9 4
24 1 0 10 4
24 1 0 11 4
24 1 0 12 4
24 1 0 13 4
24 1 0 14 4
24 1 0 15 4
24 1 0 16 4
24 1 0 17 4
24 1 0 18 4
24 1 0 19 4
24 1 0 20 4
24 1 0 21 4
24 1 0 22 4
24 1 0 23 4
24 2 0 2 86
24 2 0 3 94
24 2 0 4 132
24 2 0 5 134
24 2 0 6 136
24 2 0 7 138
24 2 0 8 140
24 2 0 9 142
24 2 0 10 144
24 2 0 11 146
24 2 0 12 142
24 2 0 13 136
24 2 0 14 130
24 2 0 15 124
24 2 0 16 118
24 2 0 17 112
24 2 0 18 106
24 2 0 19 100
24 2 0 20 94
24 2 0 21 92
24 2 0 22 86
24 2 0 23 84
24 3 0 2 152
24 3 0 3 820
24 3 0 4 1896
24 3 0 5 2416
24 3 0 6 2840
24 3 0 7 3168
24 3 0 8 3404
24 3 0 9 3544
24 3 0 10 3592
24 3 0 11 3544
24 3 0 12 3436
24 3 0 13 3292
24 3 0 14 3112
24 3 0 15 2892
24 3 0 16 2636
24 3 0 17 2340
24 3 0 18 2004
24 3 0 19 1632
24 3 0 20 1224
24 3 0 21 896
24 3 0 22 392
24 3 1 2 4
24 3 1 22 4
24 4 0 2 1436
24 4 0 3 7029
24 4 0 4 17821
24 4 0 5 29705
24 4 0 6 39558
24 4 0 7 47533
24 4 0 8 53113
24 4 0 9 56359
24 4 0 10 57474
24 4 0 11 56435
24 4 0 12 53753
24 4 0 13 49656
24 4 0 14 44568
24 4 0 15 38706
24 4 0 16 32525
24 4 0 17 26232
24 4 0 18 20200
24 4 0 19 14830
24 4 0 20 10599
24 4 0 21 6058
24 4 0 22 2908
24 4 1 2 80
24 4 1 3 24
24 4 1 4 28
24 4 1 5 28
24 4 1 6 28
24 4 1 7 28
24 4 1 8 28
24 4 1 9 28
24 4 1 10 28
24 4 1 11 28
24 4 1 12 28
24 4 1 13 28
24 4 1 14 28
24 4 1 15 28
24 4 1 16 28
24 4 1 17 28
24 4 1 18 28
24 4 1 19 28
24 4 1 20 24
24 4 1 21 24
24 4 1 22 76
24 5 0 2 2176
24 5 0 3 33910
24 5 0 4 125024
24 5 0 5 259740
24 5 0 6 395496
24 5 0 7 515200
24 5 0 8 602320
24 5 0 9 651716
24 5 0 10 663676
24 5 0 11 643196
24 5 0 12 597000
24 5 0 13 532112
24 5 0 14 455984
24 5 0 15 375168
24 5 0 16 294428
24 5 0 17 218412
24 5 0 18 151716
24 5 0 19 95288
24 5 0 20 50058
24 5 0 21 14920
24 5 1 2 272
24 5 1 3 884
24 5 1 4 1220
24 5 1 5 1396
24 5 1 6 1416
24 5 1 7 1436
24 5 1 8 1456
24 5 1 9 1476
24 5 1 10 1492
24 5 1 11 1472
24 5 1 12 1416
24 5 1 13 1356
24 5 1 14 1296
24 5 1 15 1236
24 5 1 16 1176
24 5 1 17 1120
24 5 1 18 1064
24 5 1 19 1028
24 5 1 20 868
24 5 1 21 852
24 5 2 2 4
24 5 2 3 4
24 5 2 20 4
24 5 2 21 4
25 0 0 1 1
25 0 0 25 1
25 1 0 2 4
25 1 0 3 4
25 1 0 4 4
25 1 0 5 4
25 1 0 6 4
25 1 0 7 4
25 1 0 8 4
25 1 0 9 4
25 1 0 10 4
25 1 0 11 4
25 1 0 12 4
25 1 0 13 4
25 1 0 14 4
25 1 0 15 4
25 1 0 16 4
25 1 0 17 4
25 1 0 18 4
25 1 0 19 4
25 1 0 20 4
25 1 0 21 4
25 1 0 22 4
25 1 0 23 4
25 1 0 24 4
25 2 0 2 90
25 2 0 3 98
25 2 0 4 138
25 2 0 5 140
25 2 0 6 142
25 2 0 7 144
25 2 0 8 146
25 2 0 9 148
25 2 0 10 150
25 2 0 11 152
25 2 0 12 152
25 2 0 13 146
25 2 0 14 140
25 2 0 15 134
25 2 0 16 128
25 2 0 17 122
25 2 0 18 116
25 2 0 19 110
25 2 0 20 104
25 2 0 21 98
25 2 0 22 96
25 2 0 23 90
25 2 0 24 88
25 3 0 2 160
25 3 0 3 864
25 3 0 4 2036
25 3 0 5 2596
25 3 0 6 3056
25 3 0 7 3424
25 3 0 8 3696
25 3 0 9 3876
25 3 0 10 3960
25 3 0 11 3952
25 3 0 12 3860
25 3 0 13 3728
25 3 0 14 3556
25 3 0 15 3348
25 3 0 16 3100
25 3 0 17 2816
25 3 0 18 2492
25 3 0 19 2128
25 3 0 20 1728
25 3 0 21 1292
25 3 0 22 944
25 3 0 23 412
25 3 1 2 4
25 3 1 23 4
25 4 0 2 1592
25 4 0 3 7734
25 4 0 4 19872
25 4 0 5 33267
25 4 0 6 44528
25 4 0 7 53948
25 4 0 8 60790
25 4 0 9 65163
25 4 0 10 67168
25 4 0 11 66978
25 4 0 12 64638
25 4 0 13 60800
25 4 0 14 55620
25 4 0 15 49549
25 4 0 16 42794
25 4 0 17 35820
25 4 0 18 28824
25 4 0 19 22179
25 4 0 20 16294
25 4 0 21 11652
25 4 0 22 6698
25 4 0 23 3221
25 4 1 2 84
25 4 1 3 24
25 4 1 4 28
25 4 1 5 28
25 4 1 6 28
25 4 1 7 28
25 4 1 8 28
25 4 1 9 28
25 4 1 10 28
25 4 1 11 28
25 4 1 12 28
25 4 1 13 28
25 4 1 14 28
25 4 1 15 28
25 4 1 16 28
25 4 1 17 28
25 4 1 18 28
25 4 1 19 28
25 4 1 20 28
25 4 1 21 24
25 4 1 22 24
25 4 1 23 80
25 5 0 2 2448
25 5 0 3 38206
25 5 0 4 144314
25 5 0 5 303222
25 5 0 6 466154
25 5 0 7 614702
25 5 0 8 728086
25 5 0 9 799850
25 5 0 10 828410
25 5 0 11 817454
25 5 0 12 774568
25 5 0 13 706568
25 5 0 14 621820
25 5 0 15 527780
25 5 0 16 431008
25 5 0 17 336240
25 5 0 18 248172
25 5 0 19 171544
25 5 0 20 107220
25 5 0 21 56166
25 5 0 22 16660
25 5 1 2 288
25 5 1 3 932
25 5 1 4 1284
25 5 1 5 1472
25 5 1 6 1492
25 5 1 7 1512
25 5 1 8 1532
25 5 1 9 1552
25 5 1 10 1572
25 5 1 11 1572
25 5 1 12 1532
25 5 1 13 1472
25 5 1 14 1412
25 5 1 15 1352
25 5 1 16 1292
25 5 1 17 1232
25 5 1 18 1176
25 5 1 19 1120
25 5 1 20 1084
25 5 1 21 916
25 5 1 22 900
25 5 2 2 4
25 5 2 3 4
25 5 2 21 4
25 5 2 22 4
26 0 0 1 1
26 0 0 26 1
26 1 0 2 4
26 1 0 3 4
26 1 0 4 4
26 1 0 5 4
26 1 0 6 4
26 1 0 7 4
26 1 0 8 4
26 1 0 9 4
26 1 0 10 4
26 1 0 11 4
26 1 0 12 4
26 1 0 13 4
26 1 0 14 4
26 1 0 15 4
26 1 0 16 4
26 1 0 17 4
26 1 0 18 4
26 1 0 19 4
26 1 0 20 4
26 1 0 21 4
26 1 0 22 4
26 1 0 23 4
26 1 0 24 4
26 1 0 25 4
26 2 0 2 94
26 2 0 3 102
26 2 0 4 144
26 2 0 5 146
26 2 0 6 148
26 2 0 7 150
26 2 0 8 152
26 2 0 9 154
26 2 0 10 156
26 2 0 11 158
26 2 0 12 160
26 2 0 13 156
26 2 0 14 150
26 2 0 15 144
26 2 0 16 138
26 2 0 17 132
26 2 0 18 126
26 2 0 19 120
26 2 0 20 114
26 2 0 21 108
26 2 0 22 102
26 2 0 23 100
26 2 0 24 94
26 2 0 25 92
26 3 0 2 168
26 3 0 3 908
26 3 0 4 2192
26 3 0 5 2788
26 3 0 6 3288
26 3 0 7 3692
26 3 0 8 4004
26 3 0 9 4220
26 3 0 10 4344
26 3 0 11 4372
26 3 0 12 4308
26 3 0 13 4180
26 3 0 14 4020
26 3 0 15 3820
26 3 0 16 3584
26 3 0 17 3308
26 3 0 18 2996
26 3 0 19 2644
26 3 0 20 2252
26 3 0 21 1824
26 3 0 22 1360
26 3 0 23 992
26 3 0 24 432
26 3 1 2 4
26 3 1 24 4
26 4 0 2 1756
26 4 0 3 8471
26 4 0 4 22020
26 4 0 5 37021
26 4 0 6 49833
26 4 0 7 60741
26 4 0 8 69022
26 4 0 9 74581
26 4 0 10 77651
26 4 0 11 78285
26 4 0 12 76624
26 4 0 13 73050
26 4 0 14 68023
26 4 0 15 61744
26 4 0 16 54674
26 4 0 17 47010
26 4 0 18 39227
26 4 0 19 31512
26 4 0 20 24238
26 4 0 21 17822
26 4 0 22 12753
26 4 0 23 7370
26 4 0 24 3550
26 4 1 2 88
26 4 1 3 24
26 4 1 4 28
26 4 1 5 28
26 4 1 6 28
26 4 1 7 28
26 4 1 8 28
26 4 1 9 28
26 4 1 10 28
26 4 1 11 28
26 4 1 12 28
26 4 1 13 28
26 4 1 14 28
26 4 1 15 28
26 4 1 16 28
26 4 1 17 28
26 4 1 18 28
26 4 1 19 28
26 4 1 20 28
26 4 1 21 28
26 4 1 22 24
26 4 1 23 24
26 4 1 24 84
26 5 0 2 2736
26 5 0 3 42758
26 5 0 4 165288
26 5 0 5 350776
26 5 0 6 544052
26 5 0 7 725156
26 5 0 8 869116
26 5 0 9 967148
26 5 0 10 1016680
26 5 0 11 1019696
26 5 0 12 983192
26 5 0 13 915224
26 5 0 14 823784
26 5 0 15 717704
26 5 0 16 604440
26 5 0 17 490560
26 5 0 18 380772
26 5 0 19 279820
26 5 0 20 192588
26 5 0 21 119856
26 5 0 22 62626
26 5 0 23 18496
26 5 1 2 304
26 5 1 3 980
26 5 1 4 1352
26 5 1 5 1548
26 5 1 6 1568
26 5 1 7 1588
26 5 1 8 1608
26 5 1 9 1628
26 5 1 10 1648
26 5 1 11 1664
26 5 1 12 1644
26 5 1 13 1588
26 5 1 14 1528
26 5 1 15 1468
26 5 1 16 1408
26 5 1 17 1348
26 5 1 18 1288
26 5 1 19 1232
26 5 1 20 1176
26 5 1 21 1140
26 5 1 22 964
26 5 1 23 948
26 5 2 2 4
26 5 2 3 4
26 5 2 22 4
26 5 2 23 4
27 0 0 1 1
27 0 0 27 1
27 1 0 2 4
27 1 0 3 4
27 1 0 4 4
27 1 0 5 4
27 1 0 6 4
27 1 0 7 4
27 1 0 8 4
27 1 0 9 4
27 1 0 10 4
27 1 0 11 4
27 1 0 12 4
27 1 0 13 4
27 1 0 14 4
27 1 0 15 4
27 1 0 16 4
27 1 0 17 4
27 1 0 18 4
27 1 0 19 4
27 1 0 20 4
27 1 0 21 4
27 1 0 22 4
27 1 0 23 4
27 1 0 24 4
27 1 0 25 4
27 1 0 26 4
27 2 0 2 98
27 2 0 3 106
27 2 0 4 150
27 2 0 5 152
27 2 0 6 154
27 2 0 7 156
27 2 0 8 158
27 2 0 9 160
27 2 0 10 162
27 2 0 11 164
27 2 0 12 166
27 2 0 13 166
27 2 0 14 160
27 2 0 15 154
27 2 0 16 148
27 2 0 17 142
27 2 0 18 136
27 2 0 19 130
27 2 0 20 124
27 2 0 21 118
27 2 0 22 112
27 2 0 23 106
27 2 0 24 104
27 2 0 25 98
27 2 0 26 96
27 3 0 2 176
27 3 0 3 952
27 3 0 4 2340
27 3 0 5 2976
27 3 0 6 3512
27 3 0 7 3956
27 3 0 8 4304
27 3 0 9 4560
27 3 0 10 4720
27 3 0 11 4788
27 3 0 12 4760
27 3 0 13 4652
27 3 0 14 4500
27 3 0 15 4312
27 3 0 16 4084
27 3 0 17 3820
27 3 0 18 3516
27 3 0 19 3176
27 3 0 20 2796
27 3 0 21 2376
27 3 0 22 1920
27 3 0 23 1428
27 3 0 24 1040
27 3 0 25 452
27 3 1 2 4
27 3 1 25 4
27 4 0 2 1928
27 4 0 3 9240
27 4 0 4 24302
27 4 0 5 40984
27 4 0 6 55374
27 4 0 7 67909
27 4 0 8 77674
27 4 0 9 84620
27 4 0 10 88800
27 4 0 11 90467
27 4 0 12 89624
27 4 0 13 86515
27 4 0 14 81654
27 4 0 15 75422
27 4 0 16 68028
27 4 0 17 59943
27 4 0 18 51354
27 4 0 19 42746
27 4 0 20 34296
27 4 0 21 26377
27 4 0 22 19414
27 4 0 23 13902
27 4 0 24 8074
27 4 0 25 3895
27 4 1 2 92
27 4 1 3 24
27 4 1 4 28
27 4 1 5 28
27 4 1 6 28
27 4 1 7 28
27 4 1 8 28
27 4 1 9 28
27 4 1 10 28
27 4 1 11 28
27 4 1 12 28
27 4 1 13 28
27 4 1 14 28
27 4 1 15 28
27 4 1 16 28
27 4 1 17 28
27 4 1 18 28
27 4 1 19 28
27 4 1 20 28
27 4 1 21 28
27 4 1 22 28
27 4 1 23 24
27 4 1 24 24
27 4 1 25 88
27 5 0 2 3040
27 5 0 3 47566
27 5 0 4 188068
27 5 0 5 402748
27 5 0 6 629224
27 5 0 7 846872
27 5 0 8 1025420
27 5 0 9 1154484
27 5 0 10 1229528
27 5 0 11 1251312
27 5 0 12 1225128
27 5 0 13 1160460
27 5 0 14 1065160
27 5 0 15 948648
27 5 0 16 819764
27 5 0 17 685964
27 5 0 18 553824
27 5 0 19 428024
27 5 0 20 313356
27 5 0 21 214848
27 5 0 22 133196
27 5 0 23 69438
27 5 0 24 20428
27 5 1 2 320
27 5 1 3 1028
27 5 1 4 1416
27 5 1 5 1624
27 5 1 6 1644
27 5 1 7 1664
27 5 1 8 1684
27 5 1 9 1704
27 5 1 10 1724
27 5 1 11 1744
27 5 1 12 1744
27 5 1 13 1704
27 5 1 14 1644
27 5 1 15 1584
27 5 1 16 1524
27 5 1 17 1464
27 5 1 18 1404
27 5 1 19 1344
27 5 1 20 1288
27 5 1 21 1232
27 5 1 22 1196
27 5 1 23 1012
27 5 1 24 996
27 5 2 2 4
27 5 2 3 4
27 5 2 23 4
27 5 2 24 4
28 0 0 1 1
28 0 0 28 1
28 1 0 2 4
28 1 0 3 4
28 1 0 4 4
28 1 0 5 4
28 1 0 6 4
28 1 0 7 4
28 1 0 8 4
28 1 0 9 4
28 1 0 10 4
28 1 0 11 4
28 1 0 12 4
28 1 0 13 4
28 1 0 14 4
28 1 0 15 4
28 1 0 16 4
28 1 0 17 4
28 1 0 18 4
28 1 0 19 4
28 1 0 20 4
28 1 0 21 4
28 1 0 22 4
28 1 0 23 4
28 1 0 24 4
28 1 0 25 4
28 1 0 26 4
28 1 0 27 4
28 2 0 2 102
28 2 0 3 110
28 2 0 4 156
28 2 0 5 158
28 2 0 6 160
28 2 0 7 162
28 2 0 8 164
28 2 0 9 166
28 2 0 10 168
28 2 0 11 170
28 2 0 12 172
28 2 0 13 174
28 2 0 14 170
28 2 0 15 164
28 2 0 16 158
28 2 0 17 152
28 2 0 18 146
28 2 0 19 140
28 2 0 20 134
28 2 0 21 128
28 2 0 22 122
28 2 0 23 116
28 2 0 24 110
28 2 0 25 108
28 2 0 26 102
28 2 0 27 100
28 3 0 2 184
28 3 0 3 996
28 3 0 4 2504
28 3 0 5 3176
28 3 0 6 3752
28 3 0 7 4232
28 3 0 8 4620
28 3 0 9 4912
28 3 0 10 5112
28 3 0 11 5216
28 3 0 12 5228
28 3 0 13 5144
28 3 0 14 5000
28 3 0 15 4820
28 3 0 16 4604
28 3 0 17 4348
28 3 0 18 4056
28 3 0 19 3724
28 3 0 20 3356
28 3 0 21 2948
28 3 0 22 2500
28 3 0 23 2016
28 3 0 24 1496
28 3 0 25 1088
28 3 0 26 472
28 3 1 2 4
28 3 1 26 4
28 4 0 2 2108
28 4 0 3 10041
28 4 0 4 26685
28 4 0 5 45147
28 4 0 6 61262
28 4 0 7 75467
28 4 0 8 86871
28 4 0 9 95261
28 4 0 10 100758
28 4 0 11 103463
28 4 0 12 103593
28 4 0 13 101103
28 4 0 14 96632
28 4 0 15 90450
28 4 0 16 82997
28 4 0 17 74472
28 4 0 18 65356
28 4 0 19 55826
28 4 0 20 46377
28 4 0 21 37176
28 4 0 22 28596
28 4 0 23 21070
28 4 0 24 15099
28 4 0 25 8810
28 4 0 26 4256
28 4 1 2 96
28 4 1 3 24
28 4 1 4 28
28 4 1 5 28
28 4 1 6 28
28 4 1 7 28
28 4 1 8 28
28 4 1 9 28
28 4 1 10 28
28 4 1 11 28
28 4 1 12 28
28 4 1 13 28
28 4 1 14 28
28 4 1 15 28
28 4 1 16 28
28 4 1 17 28
28 4 1 18 28
28 4 1 19 28
28 4 1 20 28
28 4 1 21 28
28 4 1 22 28
28 4 1 23 28
28 4 1 24 24
28 4 1 25 24
28 4 1 26 92
28 5 0 2 3360
28 5 0 3 52630
28 5 0 4 212640
28 5 0 5 459052
28 5 0 6 722156
28 5 0 7 980240
28 5 0 8 1198200
28 5 0 9 1362716
28 5 0 10 1468080
28 5 0 11 1513220
28 5 0 12 1502548
28 5 0 13 1444512
28 5 0 14 1348804
28 5 0 15 1224376
28 5 0 16 1081160
28 5 0 17 928000
28 5 0 18 772352
28 5 0 19 620800
28 5 0 20 477996
28 5 0 21 348780
28 5 0 22 238324
28 5 0 23 147240
28 5 0 24 76602
28 5 0 25 22456
28 5 1 2 336
28 5 1 3 1076
28 5 1 4 1484
28 5 1 5 1700
28 5 1 6 1720
28 5 1 7 1740
28 5 1 8 1760
28 5 1 9 1780
28 5 1 10 1800
28 5 1 11 1820
28 5 1 12 1836
28 5 1 13 1816
28 5 1 14 1760
28 5 1 15 1700
28 5 1 16 1640
28 5 1 17 1580
28 5 1 18 1520
28 5 1 19 1460
28 5 1 20 1400
28 5 1 21 1344
28 5 1 22 1288
28 5 1 23 1252
28 5 1 24 1060
28 5 1 25 1044
28 5 2 2 4
28 5 2 3 4
28 5 2 24 4
28 5 2 25 4
29 0 0 1 1
29 0 0 29 1
29 1 0 2 4
29 1 0 3 4
29 1 0 4 4
29 1 0 5 4
29 1 0 6 4
29 1 0 7 4
29 1 0 8 4
29 1 0 9 4
29 1 0 10 4
29 1 0 11 4
29 1 0 12 4
29 1 0 13 4
29 1 0 14 4
29 1 0 15 4
29 1 0 16 4
29 1 0 17 4
29 1 0 18 4
29 1 0 19 4
29 1 0 20 4
29 1 0 21 4
29 1 0 22 4
29 1 0 23 4
29 1 0 24 4
29 1 0 25 4
29 1 0 26 4
29 1 0 27 4
29 1 0 28 4
29 2 0 2 106
29 2 0 3 114
29 2 0 4 162
29 2 0 5 164
29 2 0 6 166
29 2 0 7 168
29 2 0 8 170
29 2 0 9 172
29 2 0 10 174
29 2 0 11 176
29 2 0 12 178
29 2 0 13 180
29 2 0 14 180
29 2 0 15 174
29 2 0 16 168
29 2 0 17 162
29 2 0 18 156
29 2 0 19 150
29 2 0 20 144
29 2 0 21 138
29 2 0 22 132
29 2 0 23 126
29 2 0 24 120
29 2 0 25 114
29 2 0 26 112
29 2 0 27 106
29 2 0 28 104
29 3 0 2 192
29 3 0 3 1040
29 3 0 4 2660
29 3 0 5 3372
29 3 0 6 3984
29 3 0 7 4504
29 3 0 8 4928
29 3 0 9 5260
29 3 0 10 5496
29 3 0 11 5640
29 3 0 12 5688
29 3 0 13 5644
29 3 0 14 5516
29 3 0 15 5348
29 3 0 16 5140
29 3 0 17 4896
29 3 0 18 4612
29 3 0 19 4292
29 3 0 20 3932
29 3 0 21 3536
29 3 0 22 3100
29 3 0 23 2624
29 3 0 24 2112
29 3 0 25 1564
29 3 0 26 1136
29 3 0 27 492
29 3 1 2 4
29 3 1 27 4
29 4 0 2 2296
29 4 0 3 10874
29 4 0 4 29202
29 4 0 5 49515
29 4 0 6 67378
29 4 0 7 83392
29 4 0 8 96466
29 4 0 9 106489
29 4 0 10 113354
29 4 0 11 117310
29 4 0 12 118440
29 4 0 13 116931
29 4 0 14 112836
29 4 0 15 106957
29 4 0 16 99438
29 4 0 17 90748
29 4 0 18 81076
29 4 0 19 70913
29 4 0 20 60426
29 4 0 21 50120
29 4 0 22 40152
29 4 0 23 30895
29 4 0 24 22790
29 4 0 25 16344
29 4 0 26 9578
29 4 0 27 4633
29 4 1 2 100
29 4 1 3 24
29 4 1 4 28
29 4 1 5 28
29 4 1 6 28
29 4 1 7 28
29 4 1 8 28
29 4 1 9 28
29 4 1 10 28
29 4 1 11 28
29 4 1 12 28
29 4 1 13 28
29 4 1 14 28
29 4 1 15 28
29 4 1 16 28
29 4 1 17 28
29 4 1 18 28
29 4 1 19 28
29 4 1 20 28
29 4 1 21 28
29 4 1 22 28
29 4 1 23 28
29 4 1 24 28
29 4 1 25 24
29 4 1 26 24
29 4 1 27 96
29 5 0 2 3696
29 5 0 3 57950
29 5 0 4 239142
29 5 0 5 520090
29 5 0 6 822762
29 5 0 7 1125494
29 5 0 8 1387082
29 5 0 9 1592270
29 5 0 10 1732854
29 5 0 11 1806998
29 5 0 12 1816810
29 5 0 13 1770034
29 5 0 14 1677424
29 5 0 15 1548220
29 5 0 16 1392872
29 5 0 17 1221320
29 5 0 18 1042412
29 5 0 19 863604
29 5 0 20 691488
29 5 0 21 530688
29 5 0 22 386092
29 5 0 23 263016
29 5 0 24 161988
29 5 0 25 84118
29 5 0 26 24580
29 5 1 2 352
29 5 1 3 1124
29 5 1 4 1548
29 5 1 5 1776
29 5 1 6 1796
29 5 1 7 1816
29 5 1 8 1836
29 5 1 9 1856
29 5 1 10 1876
29 5 1 11 1896
29 5 1 12 1916
29 5 1 13 1916
29 5 1 14 1876
29 5 1 15 1816
29 5 1 16 1756
29 5 1 17 1696
29 5 1 18 1636
29 5 1 19 1576
29 5 1 20 1516
29 5 1 21 1456
29 5 1 22 1400
29 5 1 23 1344
29 5 1 24 1308
29 5 1 25 1108
29 5 1 26 1092
29 5 2 2 4
29 5 2 3 4
29 5 2 25 4
29 5 2 26 4
30 0 0 1 1
30 0 0 30 1
30 1 0 2 4
30 1 0 3 4
30 1 0 4 4
30 1 0 5 4
30 1 0 6 4
30 1 0 7 4
30 1 0 8 4
30 1 0 9 4
30 1 0 10 4
30 1 0 11 4
30 1 0 12 4
30 1 0 13 4
30 1 0 14 4
30 1 0 15 4
30 1 0 16 4
30 1 0 17 4
30 1 0 18 4
30 1 0 19 4
30 1 0 20 4
30 1 0 21 4
30 1 0 22 4
30 1 0 23 4
30 1 0 24 4
30 1 0 25 4
30 1 0 26 4
30 1 0 27 4
30 1 0 28 4
30 1 0 29 4
30 2 0 2 110
30 2 0 3 118
30 2 0 4 168
30 2 0 5 170
30 2 0 6 172
30 2 0 7 174
30 2 0 8 176
30 2 0 9 178
30 2 0 10 180
30 2 0 11 182
30 2 0 12 184
30 2 0 13 186
30 2 0 14 188
30 2 0 15 184
30 2 0 16 178
30 2 0 17 172
30 2 0 18 166
30 2 0 19 160
30 2 0 20 154
30 2 0 21 148
30 2 0 22 142
30 2 0 23 136
30 2 0 24 130
30 2 0 25 124
30 2 0 26 118
30 2 0 27 116
30 2 0 28 110
30 2 0 29 108
30 3 0 2 200
30 3 0 3 1084
30 3 0 4 2832
30 3 0 5 3580
30 3 0 6 4232
30 3 0 7 4788
30 3 0 8 5252
30 3 0 9 5620
30 3 0 10 5896
30 3 0 11 6076
30 3 0 12 6164
30 3 0 13 6156
30 3 0 14 6056
30 3 0 15 5892
30 3 0 16 5696
30 3 0 17 5460
30 3 0 18 5188
30 3 0 19 4876
30 3 0 20 4528
30 3 0 21 4140
30 3 0 22 3716
30 3 0 23 3252
30 3 0 24 2748
30 3 0 25 2208
30 3 0 26 1632
30 3 0 27 1184
30 3 0 28 512
30 3 1 2 4
30 3 1 28 4
30 4 0 2 2492
30 4 0 3 11739
30 4 0 4 31824
30 4 0 5 54091
30 4 0 6 73853
30 4 0 7 91719
30 4 0 8 106614
30 4 0 9 118303
30 4 0 10 126749
30 4 0 11 131993
30 4 0 12 134312
30 4 0 13 133729
30 4 0 14 130407
30 4 0 15 124812
30 4 0 16 117490
30 4 0 17 108618
30 4 0 18 98675
30 4 0 19 87840
30 4 0 20 76614
30 4 0 21 65154
30 4 0 22 53975
30 4 0 23 43224
30 4 0 24 33274
30 4 0 25 24574
30 4 0 26 17637
30 4 0 27 10378
30 4 0 28 5026
30 4 1 2 104
30 4 1 3 24
30 4 1 4 28
30 4 1 5 28
30 4 1 6 28
30 4 1 7 28
30 4 1 8 28
30 4 1 9 28
30 4 1 10 28
30 4 1 11 28
30 4 1 12 28
30 4 1 13 28
30 4 1 14 28
30 4 1 15 28
30 4 1 16 28
30 4 1 17 28
30 4 1 18 28
30 4 1 19 28
30 4 1 20 28
30 4 1 21 28
30 4 1 22 28
30 4 1 23 28
30 4 1 24 28
30 4 1 25 28
30 4 1 26 24
30 4 1 27 24
30 4 1 28 100
30 5 0 2 4048
30 5 0 3 63526
30 5 0 4 267544
30 5 0 5 585720
30 5 0 6 931648
30 5 0 7 1283128
30 5 0 8 1593540
30 5 0 9 1844172
30 5 0 10 2025588
30 5 0 11 2133436
30 5 0 12 2169400
30 5 0 13 2139176
30 5 0 14 2053624
30 5 0 15 1923364
30 5 0 16 1758708
30 5 0 17 1570648
30 5 0 18 1369128
30 5 0 19 1163000
30 5 0 20 959720
30 5 0 21 765888
30 5 0 22 586100
30 5 0 23 425292
30 5 0 24 288924
30 5 0 25 177440
30 5 0 26 91986
30 5 0 27 26800
30 5 1 2 368
30 5 1 3 1172
30 5 1 4 1616
30 5 1 5 1852
30 5 1 6 1872
30 5 1 7 1892
30 5 1 8 1912
30 5 1 9 1932
30 5 1 10 1952
30 5 1 11 1972
30 5 1 12 1992
30 5 1 13 2008
30 5 1 14 1988
30 5 1 15 1932
30 5 1 16 1872
30 5 1 17 1812
30 5 1 18 1752
30 5 1 19 1692
30 5 1 20 1632
30 5 1 21 1572
30 5 1 22 1512
30 5 1 23 1456
30 5 1 24 1400
30 5 1 25 1364
30 5 1 26 1156
30 5 1 27 1140
30 5 2 2 4
30 5 2 3 4
30 5 2 26 4
30 5 2 27 4
31 0 0 1 1
31 0 0 31 1
31 1 0 2 4
31 1 0 3 4
31 1 0 4 4
31 1 0 5 4
31 1 0 6 4
31 1 0 7 4
31 1 0 8 4
31 1 0 9 4
31 1 0 10 4
31 1 0 11 4
31 1 0 12 4
31 1 0 13 4
31 1 0 14 4
31 1 0 15 4
31 1 0 16 4
31 1 0 17 4
31 1 0 18 4
31 1 0 19 4
31 1 0 20 4
31 1 0 21 4
31 1 0 22 4
31 1 0 23 4
31 1 0 24 4
31 1 0 25 4
31 1 0 26 4
31 1 0 27 4
31 1 0 28 4
31 1 0 29 4
31 1 0 30 4
31 2 0 2 114
31 2 0 3 122
31 2 0 4 174
31 2 0 5 176
31 2 0 6 178
31 2 0 7 180
31 2 0 8 182
31 2 0 9 184
31 2 0 10 186
31 2 0 11 188
31 2 0 12 190
31 2 0 13 192
31 2 0 14 194
31 2 0 15 194
31 2 0 16 188
31 2 0 17 182
31 2 0 18 176
31 2 0 19 170
31 2 0 20 164
31 2 0 21 158
31 2 0 22 152
31 2 0 23 146
31 2 0 24 140
31 2 0 25 134
31 2 0 26 128
31 2 0 27 122
31 2 0 28 120
31 2 0 29 114
31 2 0 30 112
31 3 0 2 208
31 3 0 3 1128
31 3 0 4 2996
31 3 0 5 3784
31 3 0 6 4472
31 3 0 7 5068
31 3 0 8 5568
31 3 0 9 5976
31 3 0 10 6288
31 3 0 11 6508
31 3 0 12 6632
31 3 0 13 6664
31 3 0 14 6600
31 3 0 15 6456
31 3 0 16 6268
31 3 0 17 6044
31 3 0 18 5780
31 3 0 19 5480
31 3 0 20 5140
31 3 0 21 4764
31 3 0 22 4348
31 3 0 23 3896
31 3 0 24 3404
31 3 0 25 2872
31 3 0 26 2304
31 3 0 27 1700
31 3 0 28 1232
31 3 0 29 532
31 3 1 2 4
31 3 1 29 4
31 4 0 2 2696
31 4 0 3 12636
31 4 0 4 34580
31 4 0 5 58868
31 4 0 6 80548
31 4 0 7 100405
31 4 0 8 117152
31 4 0 9 130674
31 4 0 10 140746
31 4 0 11 147501
31 4 0 12 151032
31 4 0 13 151614
31 4 0 14 149220
31 4 0 15 144146
31 4 0 16 137012
31 4 0 17 128231
31 4 0 18 117990
31 4 0 19 106778
31 4 0 20 94764
31 4 0 21 82459
31 4 0 22 70010
31 4 0 23 57942
31 4 0 24 46392
31 4 0 25 35733
31 4 0 26 26422
31 4 0 27 18978
31 4 0 28 11210
31 4 0 29 5435
31 4 1 2 108
31 4 1 3 24
31 4 1 4 28
31 4 1 5 28
31 4 1 6 28
31 4 1 7 28
31 4 1 8 28
31 4 1 9 28
31 4 1 10 28
31 4 1 11 28
31 4 1 12 28
31 4 1 13 28
31 4 1 14 28
31 4 1 15 28
31 4 1 16 28
31 4 1 17 28
31 4 1 18 28
31 4 1 19 28
31 4 1 20 28
31 4 1 21 28
31 4 1 22 28
31 4 1 23 28
31 4 1 24 28
31 4 1 25 28
31 4 1 26 28
31 4 1 27 24
31 4 1 28 24
31 4 1 29 104
31 5 0 2 4416
31 5 0 3 69358
31 5 0 4 298000
31 5 0 5 656400
31 5 0 6 1048608
31 5 0 7 1453296
31 5 0 8 1816760
31 5 0 9 2118588
31 5 0 10 2345936
31 5 0 11 2493792
31 5 0 12 2561504
31 5 0 13 2553956
31 5 0 14 2480056
31 5 0 15 2352900
31 5 0 16 2182328
31 5 0 17 1980268
31 5 0 18 1757704
31 5 0 19 1524584
31 5 0 20 1289764
31 5 0 21 1060700
31 5 0 22 844000
31 5 0 23 644232
31 5 0 24 466380
31 5 0 25 316048
31 5 0 26 193596
31 5 0 27 100206
31 5 0 28 29116
31 5 1 2 384
31 5 1 3 1220
31 5 1 4 1680
31 5 1 5 1928
31 5 1 6 1948
31 5 1 7 1968
31 5 1 8 1988
31 5 1 9 2008
31 5 1 10 2028
31 5 1 11 2048
31 5 1 12 2068
31 5 1 13 2088
31 5 1 14 2088
31 5 1 15 2048
31 5 1 16 1988
31 5 1 17 1928
31 5 1 18 1868
31 5 1 19 1808
31 5 1 20 1748
31 5 1 21 1688
31 5 1 22 1628
31 5 1 23 1568
31 5 1 24 1512
31 5 1 25 1456
31 5 1 26 1420
31 5 1 27 1204
31 5 1 28 1188
31 5 2 2 4
31 5 2 3 4
31 5 2 27 4
31 5 2 28 4
32 0 0 1 1
32 0 0 32 1
32 1 0 2 4
32 1 0 3 4
32 1 0 4 4
32 1 0 5 4
32 1 0 6 4
32 1 0 7 4
32 1 0 8 4
32 1 0 9 4
32 1 0 10 4
32 1 0 11 4
32 1 0 12 4
32 1 0 13 4
32 1 0 14 4
32 1 0 15 4
32 1 0 16 4
32 1 0 17 4
32 1 0 18 4
32 1 0 19 4
32 1 0 20 4
32 1 0 21 4
32 1 0 22 4
32 1 0 23 4
32 1 0 24 4
32 1 0 25 4
32 1 0 26 4
32 1 0 27 4
32 1 0 28 4
32 1 0 29 4
32 1 0 30 4
32 1 0 31 4
32 2 0 2 118
32 2 0 3 126
32 2 0 4 180
32 2 0 5 182
32 2 0 6 184
32 2 0 7 186
32 2 0 8 188
32 2 0 9 190
32 2 0 10 192
32 2 0 11 194
32 2 0 12 196
32 2 0 13 198
32 2 0 14 200
32 2 0 15 202
32 2 0 16 198
32 2 0 17 192
32 2 0 18 186
32 2 0 19 180
32 2 0 20 174
32 2 0 21 168
32 2 0 22 162
32 2 0 23 156
32 2 0 24 150
32 2 0 25 144
32 2 0 26 138
32 2 0 27 132
32 2 0 28 126
32 2 0 29 124
32 2 0 30 118
32 2 0 31 116
32 3 0 2 216
32 3 0 3 1172
32 3 0 4 3176
32 3 0 5 4000
32 3 0 6 4728
32 3 0 7 5360
32 3 0 8 5900
32 3 0 9 6344
32 3 0 10 6696
32 3 0 11 6952
32 3 0 12 7116
32 3 0 13 7184
32 3 0 14 7160
32 3 0 15 7040
32 3 0 16 6860
32 3 0 17 6644
32 3 0 18 6392
32 3 0 19 6100
32 3 0 20 5772
32 3 0 21 5404
32 3 0 22 5000
32 3 0 23 4556
32 3 0 24 4076
32 3 0 25 3556
32 3 0 26 2996
32 3 0 27 2400
32 3 0 28 1768
32 3 0 29 1280
32 3 0 30 552
32 3 1 2 4
32 3 1 30 4
32 4 0 2 2908
32 4 0 3 13565
32 4 0 4 37445
32 4 0 5 63861
32 4 0 6 87614
32 4 0 7 109505
32 4 0 8 128255
32 4 0 9 143629
32 4 0 10 155528
32 4 0 11 163833
32 4 0 12 168805
32 4 0 13 170527
32 4 0 14 169230
32 4 0 15 164847
32 4 0 16 158145
32 4 0 17 149436
32 4 0 18 139180
32 4 0 19 127554
32 4 0 20 115057
32 4 0 21 101848
32 4 0 22 88448
32 4 0 23 74994
32 4 0 24 62021
32 4 0 25 49656
32 4 0 26 38272
32 4 0 27 28334
32 4 0 28 20367
32 4 0 29 12074
32 4 0 30 5860
32 4 1 2 112
32 4 1 3 24
32 4 1 4 28
32 4 1 5 28
32 4 1 6 28
32 4 1 7 28
32 4 1 8 28
32 4 1 9 28
32 4 1 10 28
32 4 1 11 28
32 4 1 12 28
32 4 1 13 28
32 4 1 14 28
32 4 1 15 28
32 4 1 16 28
32 4 1 17 28
32 4 1 18 28
32 4 1 19 28
32 4 1 20 28
32 4 1 21 28
32 4 1 22 28
32 4 1 23 28
32 4 1 24 28
32 4 1 25 28
32 4 1 26 28
32 4 1 27 28
32 4 1 28 24
32 4 1 29 24
32 4 1 30 108
32 5 0 2 4800
32 5 0 3 75446
32 5 0 4 330464
32 5 0 5 731932
32 5 0 6 1174368
32 5 0 7 1636524
32 5 0 8 2058692
32 5 0 9 2416664
32 5 0 10 2696156
32 5 0 11 2889316
32 5 0 12 2994816
32 5 0 13 3015388
32 5 0 14 2959620
32 5 0 15 2839352
32 5 0 16 2667316
32 5 0 17 2454316
32 5 0 18 2212900
32 5 0 19 1954040
32 5 0 20 1687688
32 5 0 21 1422704
32 5 0 22 1166544
32 5 0 23 925824
32 5 0 24 705084
32 5 0 25 509356
32 5 0 26 344388
32 5 0 27 210456
32 5 0 28 108778
32 5 0 29 31528
32 5 1 2 400
32 5 1 3 1268
32 5 1 4 1748
32 5 1 5 2004
32 5 1 6 2024
32 5 1 7 2044
32 5 1 8 2064
32 5 1 9 2084
32 5 1 10 2104
32 5 1 11 2124
32 5 1 12 2144
32 5 1 13 2164
32 5 1 14 2180
32 5 1 15 2160
32 5 1 16 2104
32 5 1 17 2044
32 5 1 18 1984
32 5 1 19 1924
32 5 1 20 1864
32 5 1 21 1804
32 5 1 22 1744
32 5 1 23 1684
32 5 1 24 1624
32 5 1 25 1568
32 5 1 26 1512
32 5 1 27 1476
32 5 1 28 1252
32 5 1 29 1236
32 5 2 2 4
32 5 2 3 4
32 5 2 28 4
32 5 2 29 4
33 0 0 1 1
33 0 0 33 1
33 1 0 2 4
33 1 0 3 4
33 1 0 4 4
33 1 0 5 4
33 1 0 6 4
33 1 0 7 4
33 1 0 8 4
33 1 0 9 4
33 1 0 10 4
33 1 0 11 4
33 1 0 12 4
33 1 0 13 4
33 1 0 14 4
33 1 0 15 4
33 1 0 16 4
33 1 0 17 4
33 1 0 18 4
33 1 0 19 4
33 1 0 20 4
33 1 0 21 4
33 1 0 22 4
33 1 0 23 4
33 1 0 24 4
33 1 0 25 4
33 1 0 26 4
33 1 0 27 4
33 1 0 28 4
33 1 0 29 4
33 1 0 30 4
33 1 0 31 4
33 1 0 32 4
33 2 0 2 122
33 2 0 3 130
33 2 0 4 186
33 2 0 5 188
33 2 0 6 190
33 2 0 7 192
33 2 0 8 194
33 2 0 9 196
33 2 0 10 198
33 2 0 11 200
33 2 0 12 202
33 2 0 13 204
33 2 0 14 206
33 2 0 15 208
33 2 0 16 208
33 2 0 17 202
33 2 0 18 196
33 2 0 19 190
33 2 0 20 184
33 2 0 21 178
33 2 0 22 172
33 2 0 23 166
33 2 0 24 160
33 2 0 25 154
33 2 0 26 148
33 2 0 27 142
33 2 0 28 136
33 2 0 29 130
33 2 0 30 128
33 2 0 31 122
33 2 0 32 120
33 3 0 2 224
33 3 0 3 1216
33 3 0 4 3348
33 3 0 5 4212
33 3 0 6 4976
33 3 0 7 5648
33 3 0 8 6224
33 3 0 9 6708
33 3 0 10 7096
33 3 0 11 7392
33 3 0 12 7592
33 3 0 13 7700
33 3 0 14 7712
33 3 0 15 7632
33 3 0 16 7468
33 3 0 17 7264
33 3 0 18 7020
33 3 0 19 6740
33 3 0 20 6420
33 3 0 21 6064
33 3 0 22 5668
33 3 0 23 5236
33 3 0 24 4764
33 3 0 25 4256
33 3 0 26 3708
33 3 0 27 3120
33 3 0 28 2496
33 3 0 29 1836
33 3 0 30 1328
33 3 0 31 572
33 3 1 2 4
33 3 1 31 4
33 4 0 2 3128
33 4 0 3 14526
33 4 0 4 40444
33 4 0 5 69051
33 4 0 6 94892
33 4 0 7 118956
33 4 0 8 139740
33 4 0 9 157129
33 4 0 10 170876
33 4 0 11 180956
33 4 0 12 187398
33 4 0 13 190495
33 4 0 14 190308
33 4 0 15 187038
33 4 0 16 180746
33 4 0 17 172384
33 4 0 18 162084
33 4 0 19 150337
33 4 0 20 137310
33 4 0 21 123512
33 4 0 22 109092
33 4 0 23 94581
33 4 0 24 80106
33 4 0 25 66212
33 4 0 26 53016
33 4 0 27 40891
33 4 0 28 30310
33 4 0 29 21804
33 4 0 30 12970
33 4 0 31 6301
33 4 1 2 116
33 4 1 3 24
33 4 1 4 28
33 4 1 5 28
33 4 1 6 28
33 4 1 7 28
33 4 1 8 28
33 4 1 9 28
33 4 1 10 28
33 4 1 11 28
33 4 1 12 28
33 4 1 13 28
33 4 1 14 28
33 4 1 15 28
33 4 1 16 28
33 4 1 17 28
33 4 1 18 28
33 4 1 19 28
33 4 1 20 28
33 4 1 21 28
33 4 1 22 28
33 4 1 23 28
33 4 1 24 28
33 4 1 25 28
33 4 1 26 28
33 4 1 27 28
33 4 1 28 28
33 4 1 29 24
33 4 1 30 24
33 4 1 31 112
33 5 0 2 5200
33 5 0 3 81790
33 5 0 4 365106
33 5 0 5 812830
33 5 0 6 1308602
33 5 0 7 1832958
33 5 0 8 2318070
33 5 0 9 2738210
33 5 0 10 3075322
33 5 0 11 3320522
33 5 0 12 3469790
33 5 0 13 3525650
33 5 0 14 3493842
33 5 0 15 3386222
33 5 0 16 3216652
33 5 0 17 2996868
33 5 0 18 2739328
33 5 0 19 2456604
33 5 0 20 2159656
33 5 0 21 1858440
33 5 0 22 1561820
33 5 0 23 1277252
33 5 0 24 1011360
33 5 0 25 768656
33 5 0 26 554220
33 5 0 27 373944
33 5 0 28 228020
33 5 0 29 117702
33 5 0 30 34036
33 5 1 2 416
33 5 1 3 1316
33 5 1 4 1812
33 5 1 5 2080
33 5 1 6 2100
33 5 1 7 2120
33 5 1 8 2140
33 5 1 9 2160
33 5 1 10 2180
33 5 1 11 2200
33 5 1 12 2220
33 5 1 13 2240
33 5 1 14 2260
33 5 1 15 2260
33 5 1 16 2220
33 5 1 17 2160
33 5 1 18 2100
33 5 1 19 2040
33 5 1 20 1980
33 5 1 21 1920
33 5 1 22 1860
33 5 1 23 1800
33 5 1 24 1740
33 5 1 25 1680
33 5 1 26 1624
33 5 1 27 1568
33 5 1 28 1532
33 5 1 29 1300
33 5 1 30 1284
33 5 2 2 4
33 5 2 3 4
33 5 2 29 4
33 5 2 30 4
34 0 0 1 1
34 0 0 34 1
34 1 0 2 4
34 1 0 3 4
34 1 0 4 4
34 1 0 5 4
34 1 0 6 4
34 1 0 7 4
34 1 0 8 4
34 1 0 9 4
34 1 0 10 4
34 1 0 11 4
34 1 0 12 4
34 1 0 13 4
34 1 0 14 4
34 1 0 15 4
34 1 0 16 4
34 1 0 17 4
34 1 0 18 4
34 1 0 19 4
34 1 0 20 4
34 1 0 21 4
34 1 0 22 4
34 1 0 23 4
34 1 0 24 4
34 1 0 25 4
34 1 0 26 4
34 1 0 27 4
34 1 0 28 4
34 1 0 29 4
34 1 0 30 4
34 1 0 31 4
34 1 0 32 4
34 1 0 33 4
34 2 0 2 126
34 2 0 3 134
34 2 0 4 192
34 2 0 5 194
34 2 0 6 196
34 2 0 7 198
34 2 0 8 200
34 2 0 9 202
34 2 0 10 204
34 2 0 11 206
34 2 0 12 208
34 2 0 13 210
34 2 0 14 212
34 2 0 15 214
34 2 0 16 216
34 2 0 17 212
34 2 0 18 206
34 2 0 19 200
34 2 0 20 194
34 2 0 21 188
34 2 0 22 182
34 2 0 23 176
34 2 0 24 170
34 2 0 25 164
34 2 0 26 158
34 2 0 27 152
34 2 0 28 146
34 2 0 29 140
34 2 0 30 134
34 2 0 31 132
34 2 0 32 126
34 2 0 33 124
34 3 0 2 232
34 3 0 3 1260
34 3 0 4 3536
34 3 0 5 4436
34 3 0 6 5240
34 3 0 7 5948
34 3 0 8 6564
34 3 0 9 7084
34 3 0 10 7512
34 3 0 11 7844
34 3 0 12 8084
34 3 0 13 8228
34 3 0 14 8280
34 3 0 15 8236
34 3 0 16 8100
34 3 0 17 7900
34 3 0 18 7668
34 3 0 19 7396
34 3 0 20 7088
34 3 0 21 6740
34 3 0 22 6356
34 3 0 23 5932
34 3 0 24 5472
34 3 0 25 4972
34 3 0 26 4436
34 3 0 27 3860
34 3 0 28 3244
34 3 0 29 2592
34 3 0 30 1904
34 3 0 31 1376
34 3 0 32 592
34 3 1 2 4
34 3 1 32 4
34 4 0 2 3356
34 4 0 3 15519
34 4 0 4 43556
34 4 0 5 74465
34 4 0 6 102553
34 4 0 7 128833
34 4 0 8 151802
34 4 0 9 171225
34 4 0 10 186999
34 4 0 11 198887
34 4 0 12 207034
34 4 0 13 211521
34 4 0 14 212647
34 4 0 15 210405
34 4 0 16 204980
34 4 0 17 196922
34 4 0 18 186863
34 4 0 19 174956
34 4 0 20 161702
34 4 0 21 147258
34 4 0 22 132143
34 4 0 23 116496
34 4 0 24 100858
34 4 0 25 85346
34 4 0 26 70515
34 4 0 27 56472
34 4 0 28 43590
34 4 0 29 32350
34 4 0 30 23289
34 4 0 31 13898
34 4 0 32 6758
34 4 1 2 120
34 4 1 3 24
34 4 1 4 28
34 4 1 5 28
34 4 1 6 28
34 4 1 7 28
34 4 1 8 28
34 4 1 9 28
34 4 1 10 28
34 4 1 11 28
34 4 1 12 28
34 4 1 13 28
34 4 1 14 28
34 4 1 15 28
34 4 1 16 28
34 4 1 17 28
34 4 1 18 28
34 4 1 19 28
34 4 1 20 28
34 4 1 21 28
34 4 1 22 28
34 4 1 23 28
34 4 1 24 28
34 4 1 25 28
34 4 1 26 28
34 4 1 27 28
34 4 1 28 28
34 4 1 29 28
34 4 1 30 24
34 4 1 31 24
34 4 1 32 116
34 5 0 2 5616
34 5 0 3 88390
34 5 0 4 401864
34 5 0 5 898840
34 5 0 6 1452156
34 5 0 7 2043156
34 5 0 8 2597212
34 5 0 9 3084716
34 5 0 10 3486160
34 5 0 11 3789008
34 5 0 12 3989028
34 5 0 13 4085620
34 5 0 14 4084792
34 5 0 15 3995896
34 5 0 16 3833712
34 5 0 17 3611364
34 5 0 18 3341556
34 5 0 19 3037364
34 5 0 20 2711380
34 5 0 21 2374552
34 5 0 22 2036840
34 5 0 23 1707112
34 5 0 24 1392824
34 5 0 25 1100608
34 5 0 26 834948
34 5 0 27 600972
34 5 0 28 404716
34 5 0 29 246288
34 5 0 30 126978
34 5 0 31 36640
34 5 1 2 432
34 5 1 3 1364
34 5 1 4 1880
34 5 1 5 2156
34 5 1 6 2176
34 5 1 7 2196
34 5 1 8 2216
34 5 1 9 2236
34 5 1 10 2256
34 5 1 11 2276
34 5 1 12 2296
34 5 1 13 2316
34 5 1 14 2336
34 5 1 15 2352
34 5 1 16 2332
34 5 1 17 2276
34 5 1 18 2216
34 5 1 19 2156
34 5 1 20 2096
34 5 1 21 2036
34 5 1 22 1976
34 5 1 23 1916
34 5 1 24 1856
34 5 1 25 1796
34 5 1 26 1736
34 5 1 27 1680
34 5 1 28 1624
34 5 1 29 1588
34 5 1 30 1348
34 5 1 31 1332
34 5 2 2 4
34 5 2 3 4
34 5 2 30 4
34 5 2 31 4
35 0 0 1 1
35 0 0 35 1
35 1 0 2 4
35 1 0 3 4
35 1 0 4 4
35 1 0 5 4
35 1 0 6 4
35 1 0 7 4
35 1 0 8 4
35 1 0 9 4
35 1 0 10 4
35 1 0 11 4
35 1 0 12 4
35 1 0 13 4
35 1 0 14 4
35 1 0 15 4
35 1 0 16 4
35 1 0 17 4
35 1 0 18 4
35 1 0 19 4
35 1 0 20 4
35 1 0 21 4
35 1 0 22 4
35 1 0 23 4
35 1 0 24 4
35 1 0 25 4
35 1 0 26 4
35 1 0 27 4
35 1 0 28 4
35 1 0 29 4
35 1 0 30 4
35 1 0 31 4
35 1 0 32 4
35 1 0 33 4
35 1 0 34 4
35 2 0 2 130
35 2 0 3 138
35 2 0 4 198
35 2 0 5 200
35 2 0 6 202
35 2 0 7 204
35 2 0 8 206
35 2 0 9 208
35 2 0 10 210
35 2 0 11 212
35 2 0 12 214
35 2 0 13 216
35 2 0 14 218
35 2 0 15 220
35 2 0 16 222
35 2 0 17 222
35 2 0 18 216
35 2 0 19 210
35 2 0 20 204
35 2 0 21 198
35 2 0 22 192
35 2 0 23 186
35 2 0 24 180
35 2 0 25 174
35 2 0 26 168
35 2 0 27 162
35 2 0 28 156
35 2 0 29 150
35 2 0 30 144
35 2 0 31 138
35 2 0 32 136
35 2 0 33 130
35 2 0 34 128
35 3 0 2 240
35 3 0 3 1304
35 3 0 4 3716
35 3 0 5 4656
35 3 0 6 5496
35 3 0 7 6244
35 3 0 8 6896
35 3 0 9 7456
35 3 0 10 7920
35 3 0 11 8292
35 3 0 12 8568
35 3 0 13 8752
35 3 0 14 8840
35 3 0 15 8836
35 3 0 16 8736
35 3 0 17 8556
35 3 0 18 8332
35 3 0 19 8072
35 3 0 20 7772
35 3 0 21 7436
35 3 0 22 7060
35 3 0 23 6648
35 3 0 24 6196
35 3 0 25 5708
35 3 0 26 5180
35 3 0 27 4616
35 3 0 28 4012
35 3 0 29 3368
35 3 0 30 2688
35 3 0 31 1972
35 3 0 32 1424
35 3 0 33 612
35 3 1 2 4
35 3 1 33 4
35 4 0 2 3592
35 4 0 3 16544
35 4 0 4 46802
35 4 0 5 80072
35 4 0 6 110418
35 4 0 7 139053
35 4 0 8 164238
35 4 0 9 185858
35 4 0 10 203666
35 4 0 11 217575
35 4 0 12 227454
35 4 0 13 233576
35 4 0 14 236016
35 4 0 15 235071
35 4 0 16 230684
35 4 0 17 223203
35 4 0 18 213354
35 4 0 19 201582
35 4 0 20 188052
35 4 0 21 173275
35 4 0 22 157398
35 4 0 23 140950
35 4 0 24 124060
35 4 0 25 107279
35 4 0 26 90714
35 4 0 27 74930
35 4 0 28 60024
35 4 0 29 46369
35 4 0 30 34454
35 4 0 31 24822
35 4 0 32 14858
35 4 0 33 7231
35 4 1 2 124
35 4 1 3 24
35 4 1 4 28
35 4 1 5 28
35 4 1 6 28
35 4 1 7 28
35 4 1 8 28
35 4 1 9 28
35 4 1 10 28
35 4 1 11 28
35 4 1 12 28
35 4 1 13 28
35 4 1 14 28
35 4 1 15 28
35 4 1 16 28
35 4 1 17 28
35 4 1 18 28
35 4 1 19 28
35 4 1 20 28
35 4 1 21 28
35 4 1 22 28
35 4 1 23 28
35 4 1 24 28
35 4 1 25 28
35 4 1 26 28
35 4 1 27 28
35 4 1 28 28
35 4 1 29 28
35 4 1 30 28
35 4 1 31 24
35 4 1 32 24
35 4 1 33 120
35 5 0 2 6048
35 5 0 3 95246
35 5 0 4 440924
35 5 0 5 990532
35 5 0 6 1604584
35 5 0 7 2267184
35 5 0 8 2894544
35 5 0 9 3455656
35 5 0 10 3926952
35 5 0 11 4294912
35 5 0 12 4551768
35 5 0 13 4696996
35 5 0 14 4733744
35 5 0 15 4671080
35 5 0 16 4521472
35 5 0 17 4301684
35 5 0 18 4023484
35 5 0 19 3701380
35 5 0 20 3348424
35 5 0 21 2977228
35 5 0 22 2598728
35 5 0 23 2222888
35 5 0 24 1858580
35 5 0 25 1513260
35 5 0 26 1193568
35 5 0 27 903960
35 5 0 28 649612
35 5 0 29 436704
35 5 0 30 265260
35 5 0 31 136606
35 5 0 32 39340
35 5 1 2 448
35 5 1 3 1412
35 5 1 4 1944
35 5 1 5 2232
35 5 1 6 2252
35 5 1 7 2272
35 5 1 8 2292
35 5 1 9 2312
35 5 1 10 2332
35 5 1 11 2352
35 5 1 12 2372
35 5 1 13 2392
35 5 1 14 2412
35 5 1 15 2432
35 5 1 16 2432
35 5 1 17 2392
35 5 1 18 2332
35 5 1 19 2272
35 5 1 20 2212
35 5 1 21 2152
35 5 1 22 2092
35 5 1 23 2032
35 5 1 24 1972
35 5 1 25 1912
35 5 1 26 1852
35 5 1 27 1792
35 5 1 28 1736
35 5 1 29 1680
35 5 1 30 1644
35 5 1 31 1396
35 5 1 32 1380
35 5 2 2 4
35 5 2 3 4
35 5 2 31 4
35 5 2 32 4
36 0 0 1 1
36 0 0 36 1
36 1 0 2 4
36 1 0 3 4
36 1 0 4 4
36 1 0 5 4
36 1 0 6 4
36 1 0 7 4
36 1 0 8 4
36 1 0 9 4
36 1 0 10 4
36 1 0 11 4
36 1 0 12 4
36 1 0 13 4
36 1 0 14 4
36 1 0 15 4
36 1 0 16 4
36 1 0 17 4
36 1 0 18 4
36 1 0 19 4
36 1 0 20 4
36 1 0 21 4
36 1 0 22 4
36 1 0 23 4
36 1 0 24 4
36 1 0 25 4
36 1 0 26 4
36 1 0 27 4
36 1 0 28 4
36 1 0 29 4
36 1 0 30 4
36 1 0 31 4
36 1 0 32 4
36 1 0 33 4
36 1 0 34 4
36 1 0 35 4
36 2 0 2 134
36 2 0 3 142
36 2 0 4 204
36 2 0 5 206
36 2 0 6 208
36 2 0 7 210
36 2 0 8 212
36 2 0 9 214
36 2 0 10 216
36 2 0 11 218
36 2 0 12 220
36 2 0 13 222
36 2 0 14 224
36 2 0 15 226
36 2 0 16 228
36 2 0 17 230
36 2 0 18 226
36 2 0 19 220
36 2 0 20 214
36 2 0 21 208
36 2 0 22 202
36 2 0 23 196
36 2 0 24 190
36 2 0 25 184
36 2 0 26 178
36 2 0 27 172
36 2 0 28 166
36 2 0 29 160
36 2 0 30 154
36 2 0 31 148
36 2 0 32 142
36 2 0 33 140
36 2 0 34 134
36 2 0 35 132
36 3 0 2 248
36 3 0 3 1348
36 3 0 4 3912
36 3 0 5 4888
36 3 0 6 5768
36 3 0 7 6552
36 3 0 8 7244
36 3 0 9 7840
36 3 0 10 8344
36 3 0 11 8752
36 3 0 12 9068
36 3 0 13 9288
36 3 0 14 9416
36 3 0 15 9448
36 3 0 16 9388
36 3 0 17 9232
36 3 0 18 9016
36 3 0 19 8764
36 3 0 20 8476
36 3 0 21 8148
36 3 0 22 7784
36 3 0 23 7380
36 3 0 24 6940
36 3 0 25 6460
36 3 0 26 5944
36 3 0 27 5388
36 3 0 28 4796
36 3 0 29 4164
36 3 0 30 3492
36 3 0 31 2784
36 3 0 32 2040
36 3 0 33 1472
36 3 0 34 632
36 3 1 2 4
36 3 1 34 4
36 4 0 2 3836
36 4 0 3 17601
36 4 0 4 50165
36 4 0 5 85911
36 4 0 6 118678
36 4 0 7 149711
36 4 0 8 177263
36 4 0 9 201099
36 4 0 10 221116
36 4 0 11 237055
36 4 0 12 248903
36 4 0 13 256677
36 4 0 14 260682
36 4 0 15 260979
36 4 0 16 257813
36 4 0 17 251095
36 4 0 18 241720
36 4 0 19 230042
36 4 0 20 216541
36 4 0 21 201372
36 4 0 22 185056
36 4 0 23 167730
36 4 0 24 149933
36 4 0 25 131784
36 4 0 26 113844
36 4 0 27 96210
36 4 0 28 79457
36 4 0 29 63672
36 4 0 30 49228
36 4 0 31 36622
36 4 0 32 26403
36 4 0 33 15850
36 4 0 34 7720
36 4 1 2 128
36 4 1 3 24
36 4 1 4 28
36 4 1 5 28
36 4 1 6 28
36 4 1 7 28
36 4 1 8 28
36 4 1 9 28
36 4 1 10 28
36 4 1 11 28
36 4 1 12 28
36 4 1 13 28
36 4 1 14 28
36 4 1 15 28
36 4 1 16 28
36 4 1 17 28
36 4 1 18 28
36 4 1 19 28
36 4 1 20 28
36 4 1 21 28
36 4 1 22 28
36 4 1 23 28
36 4 1 24 28
36 4 1 25 28
36 4 1 26 28
36 4 1 27 28
36 4 1 28 28
36 4 1 29 28
36 4 1 30 28
36 4 1 31 28
36 4 1 32 24
36 4 1 33 24
36 4 1 34 124
36 5 0 2 6496
36 5 0 3 102358
36 5 0 4 482208
36 5 0 5 1087596
36 5 0 6 1766852
36 5 0 7 2505704
36 5 0 8 3212716
36 5 0 9 3852748
36 5 0 10 4401184
36 5 0 11 4840104
36 5 0 12 5161392
36 5 0 13 5361356
36 5 0 14 5443016
36 5 0 15 5412828
36 5 0 16 5283620
36 5 0 17 5070568
36 5 0 18 4789500
36 5 0 19 4453012
36 5 0 20 4076340
36 5 0 21 3672508
36 5 0 22 3254148
36 5 0 23 2832184
36 5 0 24 2416584
36 5 0 25 2016224
36 5 0 26 1638560
36 5 0 27 1290240
36 5 0 28 975692
36 5 0 29 700140
36 5 0 30 469908
36 5 0 31 284936
36 5 0 32 146586
36 5 0 33 42136
36 5 1 2 464
36 5 1 3 1460
36 5 1 4 2012
36 5 1 5 2308
36 5 1 6 2328
36 5 1 7 2348
36 5 1 8 2368
36 5 1 9 2388
36 5 1 10 2408
36 5 1 11 2428
36 5 1 12 2448
36 5 1 13 2468
36 5 1 14 2488
36 5 1 15 2508
36 5 1 16 2524
36 5 1 17 2504
36 5 1 18 2448
36 5 1 19 2388
36 5 1 20 2328
36 5 1 21 2268
36 5 1 22 2208
36 5 1 23 2148
36 5 1 24 2088
36 5 1 25 2028
36 5 1 26 1968
36 5 1 27 1908
36 5 1 28 1848
36 5 1 29 1792
36 5 1 30 1736
36 5 1 31 1700
36 5 1 32 1444
36 5 1 33 1428
36 5 2 2 4
36 5 2 3 4
36 5 2 32 4
36 5 2 33 4
37 0 0 1 1
37 0 0 37 1
37 1 0 2 4
37 1 0 3 4
37 1 0 4 4
37 1 0 5 4
37 1 0 6 4
37 1 0 7 4
37 1 0 8 4
37 1 0 9 4
37 1 0 10 4
37 1 0 11 4
37 1 0 12 4
37 1 0 13 4
37 1 0 14 4
37 1 0 15 4
37 1 0 16 4
37 1 0 17 4
37 1 0 18 4
37 1 0 19 4
37 1 0 20 4
37 1 0 21 4
37 1 0 22 4
37 1 0 23 4
37 1 0 24 4
37 1 0 25 4
37 1 0 26 4
37 1 0 27 4
37 1 0 28 4
37 1 0 29 4
37 1 0 30 4
37 1 0 31 4
37 1 0 32 4
37 1 0 33 4
37 1 0 34 4
37 1 0 35 4
37 1 0 36 4
37 2 0 2 138
37 2 0 3 146
37 2 0 4 210
37 2 0 5 212
37 2 0 6 214
37 2 0 7 216
37 2 0 8 218
37 2 0 9 220
37 2 0 10 222
37 2 0 11 224
37 2 0 12 226
37 2 0 13 228
37 2 0 14 230
37 2 0 15 232
37 2 0 16 234
37 2 0 17 236
37 2 0 18 236
37 2 0 19 230
37 2 0 20 224
37 2 0 21 218
37 2 0 22 212
37 2 0 23 206
37 2 0 24 200
37 2 0 25 194
37 2 0 26 188
37 2 0 27 182
37 2 0 28 176
37 2 0 29 170
37 2 0 30 164
37 2 0 31 158
37 2 0 32 152
37 2 0 33 146
37 2 0 34 144
37 2 0 35 138
37 2 0 36 136
37 3 0 2 256
37 3 0 3 1392
37 3 0 4 4100
37 3 0 5 5116
37 3 0 6 6032
37 3 0 7 6856
37 3 0 8 7584
37 3 0 9 8220
37 3 0 10 8760
37 3 0 11 9208
37 3 0 12 9560
37 3 0 13 9820
37 3 0 14 9984
37 3 0 15 10056
37 3 0 16 10032
37 3 0 17 9916
37 3 0 18 9716
37 3 0 19 9476
37 3 0 20 9196
37 3 0 21 8880
37 3 0 22 8524
37 3 0 23 8132
37 3 0 24 7700
37 3 0 25 7232
37 3 0 26 6724
37 3 0 27 6180
37 3 0 28 5596
37 3 0 29 4976
37 3 0 30 4316
37 3 0 31 3616
37 3 0 32 2880
37 3 0 33 2108
37 3 0 34 1520
37 3 0 35 652
37 3 1 2 4
37 3 1 35 4
37 4 0 2 4088
37 4 0 3 18690
37 4 0 4 53662
37 4 0 5 91939
37 4 0 6 127134
37 4 0 7 160704
37 4 0 8 190654
37 4 0 9 216869
37 4 0 10 239102
37 4 0 11 257262
37 4 0 12 271100
37 4 0 13 280773
37 4 0 14 286350
37 4 0 15 288146
37 4 0 16 286200
37 4 0 17 280727
37 4 0 18 271796
37 4 0 19 260509
37 4 0 20 246986
37 4 0 21 231740
37 4 0 22 214916
37 4 0 23 197045
37 4 0 24 178254
37 4 0 25 159092
37 4 0 26 139668
37 4 0 27 120553
37 4 0 28 101834
37 4 0 29 84096
37 4 0 30 67416
37 4 0 31 52167
37 4 0 32 38854
37 4 0 33 28032
37 4 0 34 16874
37 4 0 35 8225
37 4 1 2 132
37 4 1 3 24
37 4 1 4 28
37 4 1 5 28
37 4 1 6 28
37 4 1 7 28
37 4 1 8 28
37 4 1 9 28
37 4 1 10 28
37 4 1 11 28
37 4 1 12 28
37 4 1 13 28
37 4 1 14 28
37 4 1 15 28
37 4 1 16 28
37 4 1 17 28
37 4 1 18 28
37 4 1 19 28
37 4 1 20 28
37 4 1 21 28
37 4 1 22 28
37 4 1 23 28
37 4 1 24 28
37 4 1 25 28
37 4 1 26 28
37 4 1 27 28
37 4 1 28 28
37 4 1 29 28
37 4 1 30 28
37 4 1 31 28
37 4 1 32 28
37 4 1 33 24
37 4 1 34 24
37 4 1 35 128
37 5 0 2 6960
37 5 0 3 109726
37 5 0 4 525918
37 5 0 5 1190658
37 5 0 6 1938394
37 5 0 7 2758702
37 5 0 8 3549738
37 5 0 9 4275310
37 5 0 10 4906350
37 5 0 11 5424094
37 5 0 12 5816342
37 5 0 13 6079378
37 5 0 14 6212934
37 5 0 15 6223974
37 5 0 16 6121794
37 5 0 17 5922426
37 5 0 18 5642784
37 5 0 19 5297156
37 5 0 20 4899948
37 5 0 21 4466436
37 5 0 22 4009616
37 5 0 23 3542140
37 5 0 24 3074920
37 5 0 25 2617928
37 5 0 26 2180044
37 5 0 27 1768724
37 5 0 28 1390624
37 5 0 29 1050144
37 5 0 30 752556
37 5 0 31 504328
37 5 0 32 305316
37 5 0 33 156918
37 5 0 34 45028
37 5 1 2 480
37 5 1 3 1508
37 5 1 4 2076
37 5 1 5 2384
37 5 1 6 2404
37 5 1 7 2424
37 5 1 8 2444
37 5 1 9 2464
37 5 1 10 2484
37 5 1 11 2504
37 5 1 12 2524
37 5 1 13 2544
37 5 1 14 2564
37 5 1 15 2584
37 5 1 16 2604
37 5 1 17 2604
37 5 1 18 2564
37 5 1 19 2504
37 5 1 20 2444
37 5 1 21 2384
37 5 1 22 2324
37 5 1 23 2264
37 5 1 24 2204
37 5 1 25 2144
37 5 1 26 2084
37 5 1 27 2024
37 5 1 28 1964
37 5 1 29 1904
37 5 1 30 1848
37 5 1 31 1792
37 5 1 32 1756
37 5 1 33 1492
37 5 1 34 1476
37 5 2 2 4
37 5 2 3 4
37 5 2 33 4
37 5 2 34 4
38 0 0 1 1
38 0 0 38 1
38 1 0 2 4
38 1 0 3 4
38 1 0 4 4
38 1 0 5 4
38 1 0 6 4
38 1 0 7 4
38 1 0 8 4
38 1 0 9 4
38 1 0 10 4
38 1 0 11 4
38 1 0 12 4
38 1 0 13 4
38 1 0 14 4
38 1 0 15 4
38 1 0 16 4
38 1 0 17 4
38 1 0 18 4
38 1 0 19 4
38 1 0 20 4
38 1 0 21 4
38 1 0 22 4
38 1 0 23 4
38 1 0 24 4
38 1 0 25 4
38 1 0 26 4
38 1 0 27 4
38 1 0 28 4
38 1 0 29 4
38 1 0 30 4
38 1 0 31 4
38 1 0 32 4
38 1 0 33 4
38 1 0 34 4
38 1 0 35 4
38 1 0 36 4
38 1 0 37 4
38 2 0 2 142
38 2 0 3 150
38 2 0 4 216
38 2 0 5 218
38 2 0 6 220
38 2 0 7 222
38 2 0 8 224
38 2 0 9 226
38 2 0 10 228
38 2 0 11 230
38 2 0 12 232
38 2 0 13 234
38 2 0 14 236
38 2 0 15 238
38 2 0 16 240
38 2 0 17 242
38 2 0 18 244
38 2 0 19 240
38 2 0 20 234
38 2 0 21 228
38 2 0 22 222
38 2 0 23 216
38 2 0 24 210
38 2 0 25 204
38 2 0 26 198
38 2 0 27 192
38 2 0 28 186
38 2 0 29 180
38 2 0 30 174
38 2 0 31 168
38 2 0 32 162
38 2 0 33 156
38 2 0 34 150
38 2 0 35 148
38 2 0 36 142
38 2 0 37 140
38 3 0 2 264
38 3 0 3 1436
38 3 0 4 4304
38 3 0 5 5356
38 3 0 6 6312
38 3 0 7 7172
38 3 0 8 7940
38 3 0 9 8612
38 3 0 10 9192
38 3 0 11 9676
38 3 0 12 10068
38 3 0 13 10364
38 3 0 14 10568
38 3 0 15 10676
38 3 0 16 10692
38 3 0 17 10612
38 3 0 18 10440
38 3 0 19 10204
38 3 0 20 9936
38 3 0 21 9628
38 3 0 22 9284
38 3 0 23 8900
38 3 0 24 8480
38 3 0 25 8020
38 3 0 26 7524
38 3 0 27 6988
38 3 0 28 6416
38 3 0 29 5804
38 3 0 30 5156
38 3 0 31 4468
38 3 0 32 3740
38 3 0 33 2976
38 3 0 34 2176
38 3 0 35 1568
38 3 0 36 672
38 3 1 2 4
38 3 1 36 4
38 4 0 2 4348
38 4 0 3 19811
38 4 0 4 57280
38 4 0 5 98207
38 4 0 6 135997
38 4 0 7 172147
38 4 0 8 204646
38 4 0 9 233259
38 4 0 10 257883
38 4 0 11 278259
38 4 0 12 294312
38 4 0 13 305899
38 4 0 14 313305
38 4 0 15 316593
38 4 0 16 316084
38 4 0 17 311741
38 4 0 18 303771
38 4 0 19 292808
38 4 0 20 279570
38 4 0 21 264186
38 4 0 22 247179
38 4 0 23 228684
38 4 0 24 209242
38 4 0 25 188970
38 4 0 26 168427
38 4 0 27 147712
38 4 0 28 127406
38 4 0 29 107586
38 4 0 30 88847
38 4 0 31 71256
38 4 0 32 55186
38 4 0 33 41150
38 4 0 34 29709
38 4 0 35 17930
38 4 0 36 8746
38 4 1 2 136
38 4 1 3 24
38 4 1 4 28
38 4 1 5 28
38 4 1 6 28
38 4 1 7 28
38 4 1 8 28
38 4 1 9 28
38 4 1 10 28
38 4 1 11 28
38 4 1 12 28
38 4 1 13 28
38 4 1 14 28
38 4 1 15 28
38 4 1 16 28
38 4 1 17 28
38 4 1 18 28
38 4 1 19 28
38 4 1 20 28
38 4 1 21 28
38 4 1 22 28
38 4 1 23 28
38 4 1 24 28
38 4 1 25 28
38 4 1 26 28
38 4 1 27 28
38 4 1 28 28
38 4 1 29 28
38 4 1 30 28
38 4 1 31 28
38 4 1 32 28
38 4 1 33 28
38 4 1 34 24
38 4 1 35 24
38 4 1 36 132
38 5 0 2 7440
38 5 0 3 117350
38 5 0 4 571960
38 5 0 5 1299352
38 5 0 6 2120296
38 5 0 7 3026872
38 5 0 8 3908736
38 5 0 9 4725252
38 5 0 10 5446540
38 5 0 11 6049344
38 5 0 12 6520700
38 5 0 13 6853160
38 5 0 14 7047040
38 5 0 15 7105420
38 5 0 16 7038704
38 5 0 17 6859824
38 5 0 18 6587544
38 5 0 19 6237436
38 5 0 20 5824652
38 5 0 21 5364292
38 5 0 22 4871668
38 5 0 23 4359748
38 5 0 24 3841204
38 5 0 25 3326936
38 5 0 26 2826920
38 5 0 27 2350040
38 5 0 28 1903752
38 5 0 29 1494720
38 5 0 30 1127316
38 5 0 31 806860
38 5 0 32 539964
38 5 0 33 326400
38 5 0 34 167602
38 5 0 35 48016
38 5 1 2 496
38 5 1 3 1556
38 5 1 4 2144
38 5 1 5 2460
38 5 1 6 2480
38 5 1 7 2500
38 5 1 8 2520
38 5 1 9 2540
38 5 1 10 2560
38 5 1 11 2580
38 5 1 12 2600
38 5 1 13 2620
38 5 1 14 2640
38 5 1 15 2660
38 5 1 16 2680
38 5 1 17 2696
38 5 1 18 2676
38 5 1 19 2620
38 5 1 20 2560
38 5 1 21 2500
38 5 1 22 2440
38 5 1 23 2380
38 5 1 24 2320
38 5 1 25 2260
38 5 1 26 2200
38 5 1 27 2140
38 5 1 28 2080
38 5 1 29 2020
38 5 1 30 1960
38 5 1 31 1904
38 5 1 32 1848
38 5 1 33 1812
38 5 1 34 1540
38 5 1 35 1524
38 5 2 2 4
38 5 2 3 4
38 5 2 34 4
38 5 2 35 4
39 0 0 1 1
39 0 0 39 1
39 1 0 2 4
39 1 0 3 4
39 1 0 4 4
39 1 0 5 4
39 1 0 6 4
39 1 0 7 4
39 1 0 8 4
39 1 0 9 4
39 1 0 10 4
39 1 0 11 4
39 1 0 12 4
39 1 0 13 4
39 1 0 14 4
39 1 0 15 4
39 1 0 16 4
39 1 0 17 4
39 1 0 18 4
39 1 0 19 4
39 1 0 20 4
39 1 0 21 4
39 1 0 22 4
39 1 0 23 4
39 1 0 24 4
39 1 0 25 4
39 1 0 26 4
39 1 0 27 4
39 1 0 28 4
39 1 0 29 4
39 1 0 30 4
39 1 0 31 4
39 1 0 32 4
39 1 0 33 4
39 1 0 34 4
39 1 0 35 4
39 1 0 36 4
39 1 0 37 4
39 1 0 38 4
39 2 0 2 146
39 2 0 3 154
39 2 0 4 222
39 2 0 5 224
39 2 0 6 226
39 2 0 7 228
39 2 0 8 230
39 2 0 9 232
39 2 0 10 234
39 2 0 11 236
39 2 0 12 238
39 2 0 13 240
39 2 0 14 242
39 2 0 15 244
39 2 0 16 246
39 2 0 17 248
39 2 0 18 250
39 2 0 19 250
39 2 0 20 244
39 2 0 21 238
39 2 0 22 232
39 2 0 23 226
39 2 0 24 220
39 2 0 25 214
39 2 0 26 208
39 2 0 27 202
39 2 0 28 196
39 2 0 29 190
39 2 0 30 184
39 2 0 31 178
39 2 0 32 172
39 2 0 33 166
39 2 0 34 160
39 2 0 35 154
39 2 0 36 152
39 2 0 37 146
39 2 0 38 144
39 3 0 2 272
39 3 0 3 1480
39 3 0 4 4500
39 3 0 5 5592
39 3 0 6 6584
39 3 0 7 7484
39 3 0 8 8288
39 3 0 9 9000
39 3 0 10 9616
39 3 0 11 10140
39 3 0 12 10568
39 3 0 13 10904
39 3 0 14 11144
39 3 0 15 11292
39 3 0 16 11344
39 3 0 17 11304
39 3 0 18 11168
39 3 0 19 10952
39 3 0 20 10692
39 3 0 21 10396
39 3 0 22 10060
39 3 0 23 9688
39 3 0 24 9276
39 3 0 25 8828
39 3 0 26 8340
39 3 0 27 7816
39 3 0 28 7252
39 3 0 29 6652
39 3 0 30 6012
39 3 0 31 5336
39 3 0 32 4620
39 3 0 33 3864
39 3 0 34 3072
39 3 0 35 2244
39 3 0 36 1616
39 3 0 37 692
39 3 1 2 4
39 3 1 37 4
39 4 0 2 4616
39 4 0 3 20964
39 4 0 4 61032
39 4 0 5 104660
39 4 0 6 145048
39 4 0 7 183917
39 4 0 8 218996
39 4 0 9 250170
39 4 0 10 277192
39 4 0 11 299971
39 4 0 12 318236
39 4 0 13 331986
39 4 0 14 341226
39 4 0 15 346273
39 4 0 16 347180
39 4 0 17 344266
39 4 0 18 337444
39 4 0 19 327114
39 4 0 20 314108
39 4 0 21 298903
39 4 0 22 281642
39 4 0 23 262858
39 4 0 24 242676
39 4 0 25 221647
39 4 0 26 199878
39 4 0 27 177938
39 4 0 28 155916
39 4 0 29 134403
39 4 0 30 113466
39 4 0 31 93710
39 4 0 32 75192
39 4 0 33 58285
39 4 0 34 43510
39 4 0 35 31434
39 4 0 36 19018
39 4 0 37 9283
39 4 1 2 140
39 4 1 3 24
39 4 1 4 28
39 4 1 5 28
39 4 1 6 28
39 4 1 7 28
39 4 1 8 28
39 4 1 9 28
39 4 1 10 28
39 4 1 11 28
39 4 1 12 28
39 4 1 13 28
39 4 1 14 28
39 4 1 15 28
39 4 1 16 28
39 4 1 17 28
39 4 1 18 28
39 4 1 19 28
39 4 1 20 28
39 4 1 21 28
39 4 1 22 28
39 4 1 23 28
39 4 1 24 28
39 4 1 25 28
39 4 1 26 28
39 4 1 27 28
39 4 1 28 28
39 4 1 29 28
39 4 1 30 28
39 4 1 31 28
39 4 1 32 28
39 4 1 33 28
39 4 1 34 28
39 4 1 35 24
39 4 1 36 24
39 4 1 37 136
39 5 0 2 7936
39 5 0 3 125230
39 5 0 4 620552
39 5 0 5 1414360
39 5 0 6 2311872
39 5 0 7 3310192
39 5 0 8 4287268
39 5 0 9 5201592
39 5 0 10 6018740
39 5 0 11 6714700
39 5 0 12 7271836
39 5 0 13 7682868
39 5 0 14 7944080
39 5 0 15 8059380
39 5 0 16 8035648
39 5 0 17 7886212
39 5 0 18 7627024
39 5 0 19 7278580
39 5 0 20 6854520
39 5 0 21 6371988
39 5 0 22 5846044
39 5 0 23 5292036
39 5 0 24 4722904
39 5 0 25 4151340
39 5 0 26 3588232
39 5 0 27 3043560
39 5 0 28 2526212
39 5 0 29 2043644
39 5 0 30 1602528
39 5 0 31 1207208
39 5 0 32 863052
39 5 0 33 576816
39 5 0 34 348188
39 5 0 35 178638
39 5 0 36 51100
39 5 1 2 512
39 5 1 3 1604
39 5 1 4 2208
39 5 1 5 2536
39 5 1 6 2556
39 5 1 7 2576
39 5 1 8 2596
39 5 1 9 2616
39 5 1 10 2636
39 5 1 11 2656
39 5 1 12 2676
39 5 1 13 2696
39 5 1 14 2716
39 5 1 15 2736
39 5 1 16 2756
39 5 1 17 2776
39 5 1 18 2776
39 5 1 19 2736
39 5 1 20 2676
39 5 1 21 2616
39 5 1 22 2556
39 5 1 23 2496
39 5 1 24 2436
39 5 1 25 2376
39 5 1 26 2316
39 5 1 27 2256
39 5 1 28 2196
39 5 1 29 2136
39 5 1 30 2076
39 5 1 31 2016
39 5 1 32 1960
39 5 1 33 1904
39 5 1 34 1868
39 5 1 35 1588
39 5 1 36 1572
39 5 2 2 4
39 5 2 3 4
39 5 2 35 4
39 5 2 36 4
40 0 0 1 1
40 0 0 40 1
40 1 0 2 4
40 1 0 3 4
40 1 0 4 4
40 1 0 5 4
40 1 0 6 4
40 1 0 7 4
40 1 0 8 4
40 1 0 9 4
40 1 0 10 4
40 1 0 11 4
40 1 0 12 4
40 1 0 13 4
40 1 0 14 4
40 1 0 15 4
40 1 0 16 4
40 1 0 17 4
40 1 0 18 4
40 1 0 19 4
40 1 0 20 4
40 1 0 21 4
40 1 0 22 4
40 1 0 23 4
40 1 0 24 4
40 1 0 25 4
40 1 0 26 4
40 1 0 27 4
40 1 0 28 4
40 1 0 29 4
40 1 0 30 4
40 1 0 31 4
40 1 0 32 4
40 1 0 33 4
40 1 0 34 4
40 1 0 35 4
40 1 0 36 4
40 1 0 37 4
40 1 0 38 4
40 1 0 39 4
40 2 0 2 150
40 2 0 3 158
40 2 0 4 228
40 2 0 5 230
40 2 0 6 232
40 2 0 7 234
40 2 0 8 236
40 2 0 9 238
40 2 0 10 240
40 2 0 11 242
40 2 0 12 244
40 2 0 13 246
40 2 0 14 248
40 2 0 15 250
40 2 0 16 252
40 2 0 17 254
40 2 0 18 256
40 2 0 19 258
40 2 0 20 254
40 2 0 21 248
40 2 0 22 242
40 2 0 23 236
40 2 0 24 230
40 2 0 25 224
40 2 0 26 218
40 2 0 27 212
40 2 0 28 206
40 2 0 29 200
40 2 0 30 194
40 2 0 31 188
40 2 0 32 182
40 2 0 33 176
40 2 0 34 170
40 2 0 35 164
40 2 0 36 158
40 2 0 37 156
40 2 0 38 150
40 2 0 39 148
40 3 0 2 280
40 3 0 3 1524
40 3 0 4 4712
40 3 0 5 5840
40 3 0 6 6872
40 3 0 7 7808
40 3 0 8 8652
40 3 0 9 9400
40 3 0 10 10056
40 3 0 11 10616
40 3 0 12 11084
40 3 0 13 11456
40 3 0 14 11736
40 3 0 15 11920
40 3 0 16 12012
40 3 0 17 12008
40 3 0 18 11912
40 3 0 19 11720
40 3 0 20 11468
40 3 0 21 11180
40 3 0 22 10856
40 3 0 23 10492
40 3 0 24 10092
40 3 0 25 9652
40 3 0 26 9176
40 3 0 27 8660
40 3 0 28 8108
40 3 0 29 7516
40 3 0 30 6888
40 3 0 31 6220
40 3 0 32 5516
40 3 0 33 4772
40 3 0 34 3988
40 3 0 35 3168
40 3 0 36 2312
40 3 0 37 1664
40 3 0 38 712
40 3 1 2 4
40 3 1 38 4
40 4 0 2 4892
40 4 0 3 22149
40 4 0 4 64909
40 4 0 5 111361
40 4 0 6 154518
40 4 0 7 196149
40 4 0 8 233959
40 4 0 9 267713
40 4 0 10 297308
40 4 0 11 322485
40 4 0 12 343165
40 4 0 13 359087
40 4 0 14 370420
40 4 0 15 377221
40 4 0 16 379817
40 4 0 17 378247
40 4 0 18 372770
40 4 0 19 363275
40 4 0 20 350785
40 4 0 21 335696
40 4 0 22 318508
40 4 0 23 299354
40 4 0 24 278777
40 4 0 25 256892
40 4 0 26 234260
40 4 0 27 210978
40 4 0 28 187625
40 4 0 29 164280
40 4 0 30 141544
40 4 0 31 119474
40 4 0 32 98685
40 4 0 33 79224
40 4 0 34 61464
40 4 0 35 45934
40 4 0 36 33207
40 4 0 37 20138
40 4 0 38 9836
40 4 1 2 144
40 4 1 3 24
40 4 1 4 28
40 4 1 5 28
40 4 1 6 28
40 4 1 7 28
40 4 1 8 28
40 4 1 9 28
40 4 1 10 28
40 4 1 11 28
40 4 1 12 28
40 4 1 13 28
40 4 1 14 28
40 4 1 15 28
40 4 1 16 28
40 4 1 17 28
40 4 1 18 28
40 4 1 19 28
40 4 1 20 28
40 4 1 21 28
40 4 1 22 28
40 4 1 23 28
40 4 1 24 28
40 4 1 25 28
40 4 1 26 28
40 4 1 27 28
40 4 1 28 28
40 4 1 29 28
40 4 1 30 28
40 4 1 31 28
40 4 1 32 28
40 4 1 33 28
40 4 1 34 28
40 4 1 35 28
40 4 1 36 24
40 4 1 37 24
40 4 1 38 140
40 5 0 2 8448
40 5 0 3 133366
40 5 0 4 671584
40 5 0 5 1535260
40 5 0 6 2514328
40 5 0 7 3609388
40 5 0 8 4688828
40 5 0 9 5706612
40 5 0 10 6627608
40 5 0 11 7423008
40 5 0 12 8074884
40 5 0 13 8571040
40 5 0 14 8908624
40 5 0 15 9087684
40 5 0 16 9115644
40 5 0 17 9002620
40 5 0 18 8765756
40 5 0 19 8423488
40 5 0 20 7994804
40 5 0 21 7494036
40 5 0 22 6939164
40 5 0 23 6345204
40 5 0 24 5727540
40 5 0 25 5099084
40 5 0 26 4472548
40 5 0 27 3858808
40 5 0 28 3267848
40 5 0 29 2708560
40 5 0 30 2188400
40 5 0 31 1714048
40 5 0 32 1289820
40 5 0 33 921132
40 5 0 34 614884
40 5 0 35 370680
40 5 0 36 190026
40 5 0 37 54280
40 5 1 2 528
40 5 1 3 1652
40 5 1 4 2276
40 5 1 5 2612
40 5 1 6 2632
40 5 1 7 2652
40 5 1 8 2672
40 5 1 9 2692
40 5 1 10 2712
40 5 1 11 2732
40 5 1 12 2752
40 5 1 13 2772
40 5 1 14 2792
40 5 1 15 2812
40 5 1 16 2832
40 5 1 17 2852
40 5 1 18 2868
40 5 1 19 2848
40 5 1 20 2792
40 5 1 21 2732
40 5 1 22 2672
40 5 1 23 2612
40 5 1 24 2552
40 5 1 25 2492
40 5 1 26 2432
40 5 1 27 2372
40 5 1 28 2312
40 5 1 29 2252
40 5 1 30 2192
40 5 1 31 2132
40 5 1 32 2072
40 5 1 33 2016
40 5 1 34 1960
40 5 1 35 1924
40 5 1 36 1636
40 5 1 37 1620
40 5 2 2 4
40 5 2 3 4
40 5 2 36 4
40 5 2 37 4
41 0 0 1 1
41 0 0 41 1
41 1 0 2 4
41 1 0 3 4
41 1 0 4 4
41 1 0 5 4
41 1 0 6 4
41 1 0 7 4
41 1 0 8 4
41 1 0 9 4
41 1 0 10 4
41 1 0 11 4
41 1 0 12 4
41 1 0 13 4
41 1 0 14 4
41 1 0 15 4
41 1 0 16 4
41 1 0 17 4
41 1 0 18 4
41 1 0 19 4
41 1 0 20 4
41 1 0 21 4
41 1 0 22 4
41 1 0 23 4
41 1 0 24 4
41 1 0 25 4
41 1 0 26 4
41 1 0 27 4
41 1 0 28 4
41 1 0 29 4
41 1 0 30 4
41 1 0 31 4
41 1 0 32 4
41 1 0 33 4
41 1 0 34 4
41 1 0 35 4
41 1 0 36 4
41 1 0 37 4
41 1 0 38 4
41 1 0 39 4
41 1 0 40 4
41 2 0 2 154
41 2 0 3 162
41 2 0 4 234
41 2 0 5 236
41 2 0 6 238
41 2 0 7 240
41 2 0 8 242
41 2 0 9 244
41 2 0 10 246
41 2 0 11 248
41 2 0 12 250
41 2 0 13 252
41 2 0 14 254
41 2 0 15 256
41 2 0 16 258
41 2 0 17 260
41 2 0 18 262
41 2 0 19 264
41 2 0 20 264
41 2 0 21 258
41 2 0 22 252
41 2 0 23 246
41 2 0 24 240
41 2 0 25 234
41 2 0 26 228
41 2 0 27 222
41 2 0 28 216
41 2 0 29 210
41 2 0 30 204
41 2 0 31 198
41 2 0 32 192
41 2 0 33 186
41 2 0 34 180
41 2 0 35 174
41 2 0 36 168
41 2 0 37 162
41 2 0 38 160
41 2 0 39 154
41 2 0 40 152
41 3 0 2 288
41 3 0 3 1568
41 3 0 4 4916
41 3 0 5 6084
41 3 0 6 7152
41 3 0 7 8128
41 3 0 8 9008
41 3 0 9 9796
41 3 0 10 10488
41 3 0 11 11088
41 3 0 12 11592
41 3 0 13 12004
41 3 0 14 12320
41 3 0 15 12544
41 3 0 16 12672
41 3 0 17 12708
41 3 0 18 12648
41 3 0 19 12496
41 3 0 20 12260
41 3 0 21 11984
41 3 0 22 11668
41 3 0 23 11316
41 3 0 24 10924
41 3 0 25 10496
41 3 0 26 10028
41 3 0 27 9524
41 3 0 28 8980
41 3 0 29 8400
41 3 0 30 7780
41 3 0 31 7124
41 3 0 32 6428
41 3 0 33 5696
41 3 0 34 4924
41 3 0 35 4112
41 3 0 36 3264
41 3 0 37 2380
41 3 0 38 1712
41 3 0 39 732
41 3 1 2 4
41 3 1 39 4
41 4 0 2 5176
41 4 0 3 23366
41 4 0 4 68920
41 4 0 5 118243
41 4 0 6 164168
41 4 0 7 208700
41 4 0 8 249272
41 4 0 9 285769
41 4 0 10 317944
41 4 0 11 345706
41 4 0 12 368784
41 4 0 13 387115
41 4 0 14 400544
41 4 0 15 409368
41 4 0 16 413638
41 4 0 17 413691
41 4 0 18 409544
41 4 0 19 401426
41 4 0 20 389414
41 4 0 21 374760
41 4 0 22 357572
41 4 0 23 338385
41 4 0 24 317322
41 4 0 25 294936
41 4 0 26 271332
41 4 0 27 247081
41 4 0 28 222270
41 4 0 29 197488
41 4 0 30 172804
41 4 0 31 148829
41 4 0 32 125610
41 4 0 33 103772
41 4 0 34 83352
41 4 0 35 64723
41 4 0 36 48422
41 4 0 37 35028
41 4 0 38 21290
41 4 0 39 10405
41 4 1 2 148
41 4 1 3 24
41 4 1 4 28
41 4 1 5 28
41 4 1 6 28
41 4 1 7 28
41 4 1 8 28
41 4 1 9 28
41 4 1 10 28
41 4 1 11 28
41 4 1 12 28
41 4 1 13 28
41 4 1 14 28
41 4 1 15 28
41 4 1 16 28
41 4 1 17 28
41 4 1 18 28
41 4 1 19 28
41 4 1 20 28
41 4 1 21 28
41 4 1 22 28
41 4 1 23 28
41 4 1 24 28
41 4 1 25 28
41 4 1 26 28
41 4 1 27 28
41 4 1 28 28
41 4 1 29 28
41 4 1 30 28
41 4 1 31 28
41 4 1 32 28
41 4 1 33 28
41 4 1 34 28
41 4 1 35 28
41 4 1 36 28
41 4 1 37 24
41 4 1 38 24
41 4 1 39 144
41 5 0 2 8976
41 5 0 3 141758
41 5 0 4 725290
41 5 0 5 1662790
41 5 0 6 2726858
41 5 0 7 3924358
41 5 0 8 5110666
41 5 0 9 6238994
41 5 0 10 7269406
41 5 0 11 8172834
41 5 0 12 8926062
41 5 0 13 9516978
41 5 0 14 9938434
41 5 0 15 10191238
41 5 0 16 10278814
41 5 0 17 10212614
41 5 0 18 10005426
41 5 0 19 9677534
41 5 0 20 9248828
41 5 0 21 8736212
41 5 0 22 8155984
41 5 0 23 7526180
41 5 0 24 6861772
41 5 0 25 6178180
41 5 0 26 5488288
41 5 0 27 4804828
41 5 0 28 4138664
41 5 0 29 3499784
41 5 0 30 2897084
41 5 0 31 2338020
41 5 0 32 1829280
41 5 0 33 1375152
41 5 0 34 981100
41 5 0 35 654168
41 5 0 36 393876
41 5 0 37 201766
41 5 0 38 57556
41 5 1 2 544
41 5 1 3 1700
41 5 1 4 2340
41 5 1 5 2688
41 5 1 6 2708
41 5 1 7 2728
41 5 1 8 2748
41 5 1 9 2768
41 5 1 10 2788
41 5 1 11 2808
41 5 1 12 2828
41 5 1 13 2848
41 5 1 14 2868
41 5 1 15 2888
41 5 1 16 2908
41 5 1 17 2928
41 5 1 18 2948
41 5 1 19 2948
41 5 1 20 2908
41 5 1 21 2848
41 5 1 22 2788
41 5 1 23 2728
41 5 1 24 2668
41 5 1 25 2608
41 5 1 26 2548
41 5 1 27 2488
41 5 1 28 2428
41 5 1 29 2368
41 5 1 30 2308
41 5 1 31 2248
41 5 1 32 2188
41 5 1 33 2128
41 5 1 34 2072
41 5 1 35 2016
41 5 1 36 1980
41 5 1 37 1684
41 5 1 38 1668
41 5 2 2 4
41 5 2 3 4
41 5 2 37 4
41 5 2 38 4
42 0 0 1 1
42 0 0 42 1
42 1 0 2 4
42 1 0 3 4
42 1 0 4 4
42 1 0 5 4
42 1 0 6 4
42 1 0 7 4
42 1 0 8 4
42 1 0 9 4
42 1 0 10 4
42 1 0 11 4
42 1 0 12 4
42 1 0 13 4
42 1 0 14 4
42 1 0 15 4
42 1 0 16 4
42 1 0 17 4
42 1 0 18 4
42 1 0 19 4
42 1 0 20 4
42 1 0 21 4
42 1 0 22 4
42 1 0 23 4
42 1 0 24 4
42 1 0 25 4
42 1 0 26 4
42 1 0 27 4
42 1 0 28 4
42 1 0 29 4
42 1 0 30 4
42 1 0 31 4
42 1 0 32 4
42 1 0 33 4
42 1 0 34 4
42 1 0 35 4
42 1 0 36 4
42 1 0 37 4
42 1 0 38 4
42 1 0 39 4
42 1 0 40 4
42 1 0 41 4
42 2 0 2 158
42 2 0 3 166
42 2 0 4 240
42 2 0 5 242
42 2 0 6 244
42 2 0 7 246
42 2 0 8 248
42 2 0 9 250
42 2 0 10 252
42 2 0 11 254
42 2 0 12 256
42 2 0 13 258
42 2 0 14 260
42 2 0 15 262
42 2 0 16 264
42 2 0 17 266
42 2 0 18 268
42 2 0 19 270
42 2 0 20 272
42 2 0 21 268
42 2 0 22 262
42 2 0 23 256
42 2 0 24 250
42 2 0 25 244
42 2 0 26 238
42 2 0 27 232
42 2 0 28 226
42 2 0 29 220
42 2 0 30 214
42 2 0 31 208
42 2 0 32 202
42 2 0 33 196
42 2 0 34 190
42 2 0 35 184
42 2 0 36 178
42 2 0 37 172
42 2 0 38 166
42 2 0 39 164
42 2 0 40 158
42 2 0 41 156
42 3 0 2 296
42 3 0 3 1612
42 3 0 4 5136
42 3 0 5 6340
42 3 0 6 7448
42 3 0 7 8460
42 3 0 8 9380
42 3 0 9 10204
42 3 0 10 10936
42 3 0 11 11572
42 3 0 12 12116
42 3 0 13 12564
42 3 0 14 12920
42 3 0 15 13180
42 3 0 16 13348
42 3 0 17 13420
42 3 0 18 13400
42 3 0 19 13284
42 3 0 20 13076
42 3 0 21 12804
42 3 0 22 12500
42 3 0 23 12156
42 3 0 24 11776
42 3 0 25 11356
42 3 0 26 10900
42 3 0 27 10404
42 3 0 28 9872
42 3 0 29 9300
42 3 0 30 8692
42 3 0 31 8044
42 3 0 32 7360
42 3 0 33 6636
42 3 0 34 5876
42 3 0 35 5076
42 3 0 36 4236
42 3 0 37 3360
42 3 0 38 2448
42 3 0 39 1760
42 3 0 40 752
42 3 1 2 4
42 3 1 40 4
42 4 0 2 5468
42 4 0 3 24615
42 4 0 4 73060
42 4 0 5 125381
42 4 0 6 174249
42 4 0 7 221725
42 4 0 8 265210
42 4 0 9 304469
42 4 0 10 339399
42 4 0 11 369741
42 4 0 12 395416
42 4 0 13 416141
42 4 0 14 431927
42 4 0 15 442767
42 4 0 16 448990
42 4 0 17 450637
42 4 0 18 448051
42 4 0 19 441165
42 4 0 20 430208
42 4 0 21 415898
42 4 0 22 399039
42 4 0 23 379736
42 4 0 24 358534
42 4 0 25 335546
42 4 0 26 311335
42 4 0 27 285996
42 4 0 28 260110
42 4 0 29 233754
42 4 0 30 207527
42 4 0 31 181488
42 4 0 32 156258
42 4 0 33 131874
42 4 0 34 108971
42 4 0 35 87576
42 4 0 36 68062
42 4 0 37 50974
42 4 0 38 36897
42 4 0 39 22474
42 4 0 40 10990
42 4 1 2 152
42 4 1 3 24
42 4 1 4 28
42 4 1 5 28
42 4 1 6 28
42 4 1 7 28
42 4 1 8 28
42 4 1 9 28
42 4 1 10 28
42 4 1 11 28
42 4 1 12 28
42 4 1 13 28
42 4 1 14 28
42 4 1 15 28
42 4 1 16 28
42 4 1 17 28
42 4 1 18 28
42 4 1 19 28
42 4 1 20 28
42 4 1 21 28
42 4 1 22 28
42 4 1 23 28
42 4 1 24 28
42 4 1 25 28
42 4 1 26 28
42 4 1 27 28
42 4 1 28 28
42 4 1 29 28
42 4 1 30 28
42 4 1 31 28
42 4 1 32 28
42 4 1 33 28
42 4 1 34 28
42 4 1 35 28
42 4 1 36 28
42 4 1 37 28
42 4 1 38 24
42 4 1 39 24
42 4 1 40 148
42 5 0 2 9520
42 5 0 3 150406
42 5 0 4 781544
42 5 0 5 1796472
42 5 0 6 2950788
42 5 0 7 4255932
42 5 0 8 5556608
42 5 0 9 6801248
42 5 0 10 7949612
42 5 0 11 8967364
42 5 0 12 9831308
42 5 0 13 10524096
42 5 0 14 11038992
42 5 0 15 11372588
42 5 0 16 11529704
42 5 0 17 11517044
42 5 0 18 11349460
42 5 0 19 11043400
42 5 0 20 10621688
42 5 0 21 10102268
42 5 0 22 9502804
42 5 0 23 8840364
42 5 0 24 8133036
42 5 0 25 7395748
42 5 0 26 6643956
42 5 0 27 5890516
42 5 0 28 5148180
42 5 0 29 4427800
42 5 0 30 3739368
42 5 0 31 3091784
42 5 0 32 2492504
42 5 0 33 1948224
42 5 0 34 1463204
42 5 0 35 1042956
42 5 0 36 694668
42 5 0 37 417776
42 5 0 38 213858
42 5 0 39 60928
42 5 1 2 560
42 5 1 3 1748
42 5 1 4 2408
42 5 1 5 2764
42 5 1 6 2784
42 5 1 7 2804
42 5 1 8 2824
42 5 1 9 2844
42 5 1 10 2864
42 5 1 11 2884
42 5 1 12 2904
42 5 1 13 2924
42 5 1 14 2944
42 5 1 15 2964
42 5 1 16 2984
42 5 1 17 3004
42 5 1 18 3024
42 5 1 19 3040
42 5 1 20 3020
42 5 1 21 2964
42 5 1 22 2904
42 5 1 23 2844
42 5 1 24 2784
42 5 1 25 2724
42 5 1 26 2664
42 5 1 27 2604
42 5 1 28 2544
42 5 1 29 2484
42 5 1 30 2424
42 5 1 31 2364
42 5 1 32 2304
42 5 1 33 2244
42 5 1 34 2184
42 5 1 35 2128
42 5 1 36 2072
42 5 1 37 2036
42 5 1 38 1732
42 5 1 39 1716
42 5 2 2 4
42 5 2 3 4
42 5 2 38 4
42 5 2 39 4
43 0 0 1 1
43 0 0 43 1
43 1 0 2 4
43 1 0 3 4
43 1 0 4 4
43 1 0 5 4
43 1 0 6 4
43 1 0 7 4
43 1 0 8 4
43 1 0 9 4
43 1 0 10 4
43 1 0 11 4
43 1 0 12 4
43 1 0 13 4
43 1 0 14 4
43 1 0 15 4
43 1 0 16 4
43 1 0 17 4
43 1 0 18 4
43 1 0 19 4
43 1 0 20 4
43 1 0 21 4
43 1 0 22 4
43 1 0 23 4
43 1 0 24 4
43 1 0 25 4
43 1 0 26 4
43 1 0 27 4
43 1 0 28 4
43 1 0 29 4
43 1 0 30 4
43 1 0 31 4
43 1 0 32 4
43 1 0 33 4
43 1 0 34 4
43 1 0 35 4
43 1 0 36 4
43 1 0 37 4
43 1 0 38 4
43 1 0 39 4
43 1 0 40 4
43 1 0 41 4
43 1 0 42 4
43 2 0 2 162
43 2 0 3 170
43 2 0 4 246
43 2 0 5 248
43 2 0 6 250
43 2 0 7 252
43 2 0 8 254
43 2 0 9 256
43 2 0 10 258
43 2 0 11 260
43 2 0 12 262
43 2 0 13 264
43 2 0 14 266
43 2 0 15 268
43 2 0 16 270
43 2 0 17 272
43 2 0 18 274
43 2 0 19 276
43 2 0 20 278
43 2 0 21 278
43 2 0 22 272
43 2 0 23 266
43 2 0 24 260
43 2 0 25 254
43 2 0 26 248
43 2 0 27 242
43 2 0 28 236
43 2 0 29 230
43 2 0 30 224
43 2 0 31 218
43 2 0 32 212
43 2 0 33 206
43 2 0 34 200
43 2 0 35 194
43 2 0 36 188
43 2 0 37 182
43 2 0 38 176
43 2 0 39 170
43 2 0 40 168
43 2 0 41 162
43 2 0 42 160
43 3 0 2 304
43 3 0 3 1656
43 3 0 4 5348
43 3 0 5 6592
43 3 0 6 7736
43 3 0 7 8788
43 3 0 8 9744
43 3 0 9 10608
43 3 0 10 11376
43 3 0 11 12052
43 3 0 12 12632
43 3 0 13 13120
43 3 0 14 13512
43 3 0 15 13812
43 3 0 16 14016
43 3 0 17 14128
43 3 0 18 14144
43 3 0 19 14068
43 3 0 20 13896
43 3 0 21 13644
43 3 0 22 13348
43 3 0 23 13016
43 3 0 24 12644
43 3 0 25 12236
43 3 0 26 11788
43 3 0 27 11304
43 3 0 28 10780
43 3 0 29 10220
43 3 0 30 9620
43 3 0 31 8984
43 3 0 32 8308
43 3 0 33 7596
43 3 0 34 6844
43 3 0 35 6056
43 3 0 36 5228
43 3 0 37 4360
43 3 0 38 3456
43 3 0 39 2516
43 3 0 40 1808
43 3 0 41 772
43 3 1 2 4
43 3 1 41 4
43 4 0 2 5768
43 4 0 3 25896
43 4 0 4 77334
43 4 0 5 132696
43 4 0 6 184502
43 4 0 7 235061
43 4 0 8 281490
43 4 0 9 323674
43 4 0 10 361366
43 4 0 11 394475
43 4 0 12 422730
43 4 0 13 446064
43 4 0 14 464204
43 4 0 15 477331
43 4 0 16 485490
43 4 0 17 489020
43 4 0 18 487952
43 4 0 19 482627
43 4 0 20 472928
43 4 0 21 459307
43 4 0 22 442702
43 4 0 23 423622
43 4 0 24 402188
43 4 0 25 378955
43 4 0 26 354026
43 4 0 27 327974
43 4 0 28 300884
43 4 0 29 273347
43 4 0 30 245430
43 4 0 31 217742
43 4 0 32 190332
43 4 0 33 163831
43 4 0 34 138266
43 4 0 35 114282
43 4 0 36 91896
43 4 0 37 71481
43 4 0 38 53590
43 4 0 39 38814
43 4 0 40 23690
43 4 0 41 11591
43 4 1 2 156
43 4 1 3 24
43 4 1 4 28
43 4 1 5 28
43 4 1 6 28
43 4 1 7 28
43 4 1 8 28
43 4 1 9 28
43 4 1 10 28
43 4 1 11 28
43 4 1 12 28
43 4 1 13 28
43 4 1 14 28
43 4 1 15 28
43 4 1 16 28
43 4 1 17 28
43 4 1 18 28
43 4 1 19 28
43 4 1 20 28
43 4 1 21 28
43 4 1 22 28
43 4 1 23 28
43 4 1 24 28
43 4 1 25 28
43 4 1 26 28
43 4 1 27 28
43 4 1 28 28
43 4 1 29 28
43 4 1 30 28
43 4 1 31 28
43 4 1 32 28
43 4 1 33 28
43 4 1 34 28
43 4 1 35 28
43 4 1 36 28
43 4 1 37 28
43 4 1 38 28
43 4 1 39 24
43 4 1 40 24
43 4 1 41 152
43 5 0 2 10080
43 5 0 3 159310
43 5 0 4 840596
43 5 0 5 1937100
43 5 0 6 3185192
43 5 0 7 4603928
43 5 0 8 6023488
43 5 0 9 7391900
43 5 0 10 8663728
43 5 0 11 9804632
43 5 0 12 10786092
43 5 0 13 11590748
43 5 0 14 12206688
43 5 0 15 12631980
43 5 0 16 12866516
43 5 0 17 12918704
43 5 0 18 12799104
43 5 0 19 12525356
43 5 0 20 12116832
43 5 0 21 11597836
43 5 0 22 10983804
43 5 0 23 10294580
43 5 0 24 9547176
43 5 0 25 8759732
43 5 0 26 7947132
43 5 0 27 7124868
43 5 0 28 6305768
43 5 0 29 5502604
43 5 0 30 4726216
43 5 0 31 3986600
43 5 0 32 3292660
43 5 0 33 2651852
43 5 0 34 2070880
43 5 0 35 1553976
43 5 0 36 1106700
43 5 0 37 736384
43 5 0 38 442380
43 5 0 39 226302
43 5 0 40 64396
43 5 1 2 576
43 5 1 3 1796
43 5 1 4 2472
43 5 1 5 2840
43 5 1 6 2860
43 5 1 7 2880
43 5 1 8 2900
43 5 1 9 2920
43 5 1 10 2940
43 5 1 11 2960
43 5 1 12 2980
43 5 1 13 3000
43 5 1 14 3020
43 5 1 15 3040
43 5 1 16 3060
43 5 1 17 3080
43 5 1 18 3100
43 5 1 19 3120
43 5 1 20 3120
43 5 1 21 3080
43 5 1 22 3020
43 5 1 23 2960
43 5 1 24 2900
43 5 1 25 2840
43 5 1 26 2780
43 5 1 27 2720
43 5 1 28 2660
43 5 1 29 2600
43 5 1 30 2540
43 5 1 31 2480
43 5 1 32 2420
43 5 1 33 2360
43 5 1 34 2300
43 5 1 35 2240
43 5 1 36 2184
43 5 1 37 2128
43 5 1 38 2092
43 5 1 39 1780
43 5 1 40 1764
43 5 2 2 4
43 5 2 3 4
43 5 2 39 4
43 5 2 40 4
44 0 0 1 1
44 0 0 44 1
44 1 0 2 4
44 1 0 3 4
44 1 0 4 4
44 1 0 5 4
44 1 0 6 4
44 1 0 7 4
44 1 0 8 4
44 1 0 9 4
44 1 0 10 4
44 1 0 11 4
44 1 0 12 4
44 1 0 13 4
44 1 0 14 4
44 1 0 15 4
44 1 0 16 4
44 1 0 17 4
44 1 0 18 4
44 1 0 19 4
44 1 0 20 4
44 1 0 21 4
44 1 0 22 4
44 1 0 23 4
44 1 0 24 4
44 1 0 25 4
44 1 0 26 4
44 1 0 27 4
44 1 0 28 4
44 1 0 29 4
44 1 0 30 4
44 1 0 31 4
44 1 0 32 4
44 1 0 33 4
44 1 0 34 4
44 1 0 35 4
44 1 0 36 4
44 1 0 37 4
44 1 0 38 4
44 1 0 39 4
44 1 0 40 4
44 1 0 41 4
44 1 0 42 4
44 1 0 43 4
44 2 0 2 166
44 2 0 3 174
44 2 0 4 252
44 2 0 5 254
44 2 0 6 256
44 2 0 7 258
44 2 0 8 260
44 2 0 9 262
44 2 0 10 264
44 2 0 11 266
44 2 0 12 268
44 2 0 13 270
44 2 0 14 272
44 2 0 15 274
44 2 0 16 276
44 2 0 17 278
44 2 0 18 280
44 2 0 19 282
44 2 0 20 284
44 2 0 21 286
44 2 0 22 282
44 2 0 23 276
44 2 0 24 270
44 2 0 25 264
44 2 0 26 258
44 2 0 27 252
44 2 0 28 246
44 2 0 29 240
44 2 0 30 234
44 2 0 31 228
44 2 0 32 222
44 2 0 33 216
44 2 0 34 210
44 2 0 35 204
44 2 0 36 198
44 2 0 37 192
44 2 0 38 186
44 2 0 39 180
44 2 0 40 174
44 2 0 41 172
44 2 0 42 166
44 2 0 43 164
44 3 0 2 312
44 3 0 3 1700
44 3 0 4 5576
44 3 0 5 6856
44 3 0 6 8040
44 3 0 7 9128
44 3 0 8 10124
44 3 0 9 11024
44 3 0 10 11832
44 3 0 11 12544
44 3 0 12 13164
44 3 0 13 13688
44 3 0 14 14120
44 3 0 15 14456
44 3 0 16 14700
44 3 0 17 14848
44 3 0 18 14904
44 3 0 19 14864
44 3 0 20 14732
44 3 0 21 14504
44 3 0 22 14216
44 3 0 23 13892
44 3 0 24 13532
44 3 0 25 13132
44 3 0 26 12696
44 3 0 27 12220
44 3 0 28 11708
44 3 0 29 11156
44 3 0 30 10568
44 3 0 31 9940
44 3 0 32 9276
44 3 0 33 8572
44 3 0 34 7832
44 3 0 35 7052
44 3 0 36 6236
44 3 0 37 5380
44 3 0 38 4484
44 3 0 39 3552
44 3 0 40 2584
44 3 0 41 1856
44 3 0 42 792
44 3 1 2 4
44 3 1 42 4
44 4 0 2 6076
44 4 0 3 27209
44 4 0 4 81741
44 4 0 5 140275
44 4 0 6 195198
44 4 0 7 248883
44 4 0 8 298407
44 4 0 9 343535
44 4 0 10 384164
44 4 0 11 420035
44 4 0 12 451069
44 4 0 13 476983
44 4 0 14 497726
44 4 0 15 513131
44 4 0 16 523507
44 4 0 17 528893
44 4 0 18 529638
44 4 0 19 525759
44 4 0 20 517529
44 4 0 21 504815
44 4 0 22 488768
44 4 0 23 469826
44 4 0 24 448509
44 4 0 25 424928
44 4 0 26 399648
44 4 0 27 372762
44 4 0 28 344853
44 4 0 29 315996
44 4 0 30 286792
44 4 0 31 257298
44 4 0 32 228133
44 4 0 33 199336
44 4 0 34 171548
44 4 0 35 144786
44 4 0 36 119705
44 4 0 37 96312
44 4 0 38 74980
44 4 0 39 56270
44 4 0 40 40779
44 4 0 41 24938
44 4 0 42 12208
44 4 1 2 160
44 4 1 3 24
44 4 1 4 28
44 4 1 5 28
44 4 1 6 28
44 4 1 7 28
44 4 1 8 28
44 4 1 9 28
44 4 1 10 28
44 4 1 11 28
44 4 1 12 28
44 4 1 13 28
44 4 1 14 28
44 4 1 15 28
44 4 1 16 28
44 4 1 17 28
44 4 1 18 28
44 4 1 19 28
44 4 1 20 28
44 4 1 21 28
44 4 1 22 28
44 4 1 23 28
44 4 1 24 28
44 4 1 25 28
44 4 1 26 28
44 4 1 27 28
44 4 1 28 28
44 4 1 29 28
44 4 1 30 28
44 4 1 31 28
44 4 1 32 28
44 4 1 33 28
44 4 1 34 28
44 4 1 35 28
44 4 1 36 28
44 4 1 37 28
44 4 1 38 28
44 4 1 39 28
44 4 1 40 24
44 4 1 41 24
44 4 1 42 156
44 5 0 2 10656
44 5 0 3 168470
44 5 0 4 902304
44 5 0 5 2084140
44 5 0 6 3431516
44 5 0 7 4969208
44 5 0 8 6515608
44 5 0 9 8013652
44 5 0 10 9417836
44 5 0 11 10688488
44 5 0 12 11797144
44 5 0 13 12720860
44 5 0 14 13448420
44 5 0 15 13972560
44 5 0 16 14295060
44 5 0 17 14419624
44 5 0 18 14358140
44 5 0 19 14124332
44 5 0 20 13739712
44 5 0 21 13225912
44 5 0 22 12605156
44 5 0 23 11893436
44 5 0 24 11111540
44 5 0 25 10276420
44 5 0 26 9406268
44 5 0 27 8515924
44 5 0 28 7620916
44 5 0 29 6734044
44 5 0 30 5868100
44 5 0 31 5033912
44 5 0 32 4241480
44 5 0 33 3499712
44 5 0 34 2816064
44 5 0 35 2197248
44 5 0 36 1647468
44 5 0 37 1172332
44 5 0 38 779316
44 5 0 39 467688
44 5 0 40 239098
44 5 0 41 67960
44 5 1 2 592
44 5 1 3 1844
44 5 1 4 2540
44 5 1 5 2916
44 5 1 6 2936
44 5 1 7 2956
44 5 1 8 2976
44 5 1 9 2996
44 5 1 10 3016
44 5 1 11 3036
44 5 1 12 3056
44 5 1 13 3076
44 5 1 14 3096
44 5 1 15 3116
44 5 1 16 3136
44 5 1 17 3156
44 5 1 18 3176
44 5 1 19 3196
44 5 1 20 3212
44 5 1 21 3192
44 5 1 22 3136
44 5 1 23 3076
44 5 1 24 3016
44 5 1 25 2956
44 5 1 26 2896
44 5 1 27 2836
44 5 1 28 2776
44 5 1 29 2716
44 5 1 30 2656
44 5 1 31 2596
44 5 1 32 2536
44 5 1 33 2476
44 5 1 34 2416
44 5 1 35 2356
44 5 1 36 2296
44 5 1 37 2240
44 5 1 38 2184
44 5 1 39 2148
44 5 1 40 1828
44 5 1 41 1812
44 5 2 2 4
44 5 2 3 4
44 5 2 40 4
44 5 2 41 4
45 0 0 1 1
45 0 0 45 1
45 1 0 2 4
45 1 0 3 4
45 1 0 4 4
45 1 0 5 4
45 1 0 6 4
45 1 0 7 4
45 1 0 8 4
45 1 0 9 4
45 1 0 10 4
45 1 0 11 4
45 1 0 12 4
45 1 0 13 4
45 1 0 14 4
45 1 0 15 4
45 1 0 16 4
45 1 0 17 4
45 1 0 18 4
45 1 0 19 4
45 1 0 20 4
45 1 0 21 4
45 1 0 22 4
45 1 0 23 4
45 1 0 24 4
45 1 0 25 4
45 1 0 26 4
45 1 0 27 4
45 1 0 28 4
45 1 0 29 4
45 1 0 30 4
45 1 0 31 4
45 1 0 32 4
45 1 0 33 4
45 1 0 34 4
45 1 0 35 4
45 1 0 36 4
45 1 0 37 4
45 1 0 38 4
45 1 0 39 4
45 1 0 40 4
45 1 0 41 4
45 1 0 42 4
45 1 0 43 4
45 1 0 44 4
45 2 0 2 170
45 2 0 3 178
45 2 0 4 258
45 2 0 5 260
45 2 0 6 262
45 2 0 7 264
45 2 0 8 266
45 2 0 9 268
45 2 0 10 270
45 2 0 11 272
45 2 0 12 274
45 2 0 13 276
45 2 0 14 278
45 2 0 15 280
45 2 0 16 282
45 2 0 17 284
45 2 0 18 286
45 2 0 19 288
45 2 0 20 290
45 2 0 21 292
45 2 0 22 292
45 2 0 23 286
45 2 0 24 280
45 2 0 25 274
45 2 0 26 268
45 2 0 27 262
45 2 0 28 256
45 2 0 29 250
45 2 0 30 244
45 2 0 31 238
45 2 0 32 232
45 2 0 33 226
45 2 0 34 220
45 2 0 35 214
45 2 0 36 208
45 2 0 37 202
45 2 0 38 196
45 2 0 39 190
45 2 0 40 184
45 2 0 41 178
45 2 0 42 176
45 2 0 43 170
45 2 0 44 168
45 3 0 2 320
45 3 0 3 1744
45 3 0 4 5796
45 3 0 5 7116
45 3 0 6 8336
45 3 0 7 9464
45 3 0 8 10496
45 3 0 9 11436
45 3 0 10 12280
45 3 0 11 13032
45 3 0 12 13688
45 3 0 13 14252
45 3 0 14 14720
45 3 0 15 15096
45 3 0 16 15376
45 3 0 17 15564
45 3 0 18 15656
45 3 0 19 15656
45 3 0 20 15560
45 3 0 21 15372
45 3 0 22 15100
45 3 0 23 14788
45 3 0 24 14436
45 3 0 25 14048
45 3 0 26 13620
45 3 0 27 13156
45 3 0 28 12652
45 3 0 29 12112
45 3 0 30 11532
45 3 0 31 10916
45 3 0 32 10260
45 3 0 33 9568
45 3 0 34 8836
45 3 0 35 8068
45 3 0 36 7260
45 3 0 37 6416
45 3 0 38 5532
45 3 0 39 4608
45 3 0 40 3648
45 3 0 41 2652
45 3 0 42 1904
45 3 0 43 812
45 3 1 2 4
45 3 1 43 4
45 4 0 2 6392
45 4 0 3 28554
45 4 0 4 86282
45 4 0 5 148027
45 4 0 6 206058
45 4 0 7 263008
45 4 0 8 315658
45 4 0 9 363893
45 4 0 10 407466
45 4 0 11 446286
45 4 0 12 480082
45 4 0 13 508787
45 4 0 14 532106
45 4 0 15 550062
45 4 0 16 562636
45 4 0 17 570169
45 4 0 18 572690
45 4 0 19 570558
45 4 0 20 563768
45 4 0 21 552563
45 4 0 22 537028
45 4 0 23 518565
45 4 0 24 497270
45 4 0 25 473700
45 4 0 26 447956
45 4 0 27 420613
45 4 0 28 391754
45 4 0 29 361972
45 4 0 30 331332
45 4 0 31 300445
45 4 0 32 269358
45 4 0 33 238700
45 4 0 34 208500
45 4 0 35 179409
45 4 0 36 151434
45 4 0 37 125240
45 4 0 38 100824
45 4 0 39 78559
45 4 0 40 59014
45 4 0 41 42792
45 4 0 42 26218
45 4 0 43 12841
45 4 1 2 164
45 4 1 3 24
45 4 1 4 28
45 4 1 5 28
45 4 1 6 28
45 4 1 7 28
45 4 1 8 28
45 4 1 9 28
45 4 1 10 28
45 4 1 11 28
45 4 1 12 28
45 4 1 13 28
45 4 1 14 28
45 4 1 15 28
45 4 1 16 28
45 4 1 17 28
45 4 1 18 28
45 4 1 19 28
45 4 1 20 28
45 4 1 21 28
45 4 1 22 28
45 4 1 23 28
45 4 1 24 28
45 4 1 25 28
45 4 1 26 28
45 4 1 27 28
45 4 1 28 28
45 4 1 29 28
45 4 1 30 28
45 4 1 31 28
45 4 1 32 28
45 4 1 33 28
45 4 1 34 28
45 4 1 35 28
45 4 1 36 28
45 4 1 37 28
45 4 1 38 28
45 4 1 39 28
45 4 1 40 28
45 4 1 41 24
45 4 1 42 24
45 4 1 43 160
45 5 0 2 11248
45 5 0 3 177886
45 5 0 4 966934
45 5 0 5 2238442
45 5 0 6 3688714
45 5 0 7 5351582
45 5 0 8 7029350
45 5 0 9 8664730
45 5 0 10 10206930
45 5 0 11 11616362
45 5 0 12 12858926
45 5 0 13 13912310
45 5 0 14 14759098
45 5 0 15 15393490
45 5 0 16 15812354
45 5 0 17 16020990
45 5 0 18 16026434
45 5 0 19 15844690
45 5 0 20 15491986
45 5 0 21 14992910
45 5 0 22 14370264
45 5 0 23 13643644
45 5 0 24 12831164
45 5 0 25 11953684
45 5 0 26 11028096
45 5 0 27 10072644
45 5 0 28 9102124
45 5 0 29 8132100
45 5 0 30 7175344
45 5 0 31 6244668
45 5 0 32 5350888
45 5 0 33 4504008
45 5 0 34 3712940
45 5 0 35 2985140
45 5 0 36 2327328
45 5 0 37 1743680
45 5 0 38 1239852
45 5 0 39 823464
45 5 0 40 493700
45 5 0 41 252246
45 5 0 42 71620
45 5 1 2 608
45 5 1 3 1892
45 5 1 4 2604
45 5 1 5 2992
45 5 1 6 3012
45 5 1 7 3032
45 5 1 8 3052
45 5 1 9 3072
45 5 1 10 3092
45 5 1 11 3112
45 5 1 12 3132
45 5 1 13 3152
45 5 1 14 3172
45 5 1 15 3192
45 5 1 16 3212
45 5 1 17 3232
45 5 1 18 3252
45 5 1 19 3272
45 5 1 20 3292
45 5 1 21 3292
45 5 1 22 3252
45 5 1 23 3192
45 5 1 24 3132
45 5 1 25 3072
45 5 1 26 3012
45 5 1 27 2952
45 5 1 28 2892
45 5 1 29 2832
45 5 1 30 2772
45 5 1 31 2712
45 5 1 32 2652
45 5 1 33 2592
45 5 1 34 2532
45 5 1 35 2472
45 5 1 36 2412
45 5 1 37 2352
45 5 1 38 2296
45 5 1 39 2240
45 5 1 40 2204
45 5 1 41 1876
45 5 1 42 1860
45 5 2 2 4
45 5 2 3 4
45 5 2 41 4
45 5 2 42 4
46 0 0 1 1
46 0 0 46 1
46 1 0 2 4
46 1 0 3 4
46 1 0 4 4
46 1 0 5 4
46 1 0 6 4
46 1 0 7 4
46 1 0 8 4
46 1 0 9 4
46 1 0 10 4
46 1 0 11 4
46 1 0 12 4
46 1 0 13 4
46 1 0 14 4
46 1 0 15 4
46 1 0 16 4
46 1 0 17 4
46 1 0 18 4
46 1 0 19 4
46 1 0 20 4
46 1 0 21 4
46 1 0 22 4
46 1 0 23 4
46 1 0 24 4
46 1 0 25 4
46 1 0 26 4
46 1 0 27 4
46 1 0 28 4
46 1 0 29 4
46 1 0 30 4
46 1 0 31 4
46 1 0 32 4
46 1 0 33 4
46 1 0 34 4
46 1 0 35 4
46 1 0 36 4
46 1 0 37 4
46 1 0 38 4
46 1 0 39 4
46 1 0 40 4
46 1 0 41 4
46 1 0 42 4
46 1 0 43 4
46 1 0 44 4
46 1 0 45 4
46 2 0 2 174
46 2 0 3 182
46 2 0 4 264
46 2 0 5 266
46 2 0 6 268
46 2 0 7 270
46 2 0 8 272
46 2 0 9 274
46 2 0 10 276
46 2 0 11 278
46 2 0 12 280
46 2 0 13 282
46 2 0 14 284
46 2 0 15 286
46 2 0 16 288
46 2 0 17 290
46 2 0 18 292
46 2 0 19 294
46 2 0 20 296
46 2 0 21 298
46 2 0 22 300
46 2 0 23 296
46 2 0 24 290
46 2 0 25 284
46 2 0 26 278
46 2 0 27 272
46 2 0 28 266
46 2 0 29 260
46 2 0 30 254
46 2 0 31 248
46 2 0 32 242
46 2 0 33 236
46 2 0 34 230
46 2 0 35 224
46 2 0 36 218
46 2 0 37 212
46 2 0 38 206
46 2 0 39 200
46 2 0 40 194
46 2 0 41 188
46 2 0 42 182
46 2 0 43 180
46 2 0 44 174
46 2 0 45 172
46 3 0 2 328
46 3 0 3 1788
46 3 0 4 6032
46 3 0 5 7388
46 3 0 6 8648
46 3 0 7 9812
46 3 0 8 10884
46 3 0 9 11860
46 3 0 10 12744
46 3 0 11 13532
46 3 0 12 14228
46 3 0 13 14828
46 3 0 14 15336
46 3 0 15 15748
46 3 0 16 16068
46 3 0 17 16292
46 3 0 18 16424
46 3 0 19 16460
46 3 0 20 16404
46 3 0 21 16252
46 3 0 22 16008
46 3 0 23 15700
46 3 0 24 15360
46 3 0 25 14980
46 3 0 26 14564
46 3 0 27 14108
46 3 0 28 13616
46 3 0 29 13084
46 3 0 30 12516
46 3 0 31 11908
46 3 0 32 11264
46 3 0 33 10580
46 3 0 34 9860
46 3 0 35 9100
46 3 0 36 8304
46 3 0 37 7468
46 3 0 38 6596
46 3 0 39 5684
46 3 0 40 4732
46 3 0 41 3744
46 3 0 42 2720
46 3 0 43 1952
46 3 0 44 832
46 3 1 2 4
46 3 1 44 4
46 4 0 2 6716
46 4 0 3 29931
46 4 0 4 90960
46 4 0 5 156051
46 4 0 6 217373
46 4 0 7 277631
46 4 0 8 333558
46 4 0 9 384919
46 4 0 10 431611
46 4 0 11 473375
46 4 0 12 510132
46 4 0 13 541599
46 4 0 14 567721
46 4 0 15 588213
46 4 0 16 603268
46 4 0 17 612919
46 4 0 18 617517
46 4 0 19 617081
46 4 0 20 611976
46 4 0 21 602105
46 4 0 22 587719
46 4 0 23 569620
46 4 0 24 548698
46 4 0 25 525034
46 4 0 26 499195
46 4 0 27 471272
46 4 0 28 441850
46 4 0 29 411002
46 4 0 30 379331
46 4 0 31 346892
46 4 0 32 314306
46 4 0 33 281610
46 4 0 34 249443
46 4 0 35 217824
46 4 0 36 187414
46 4 0 37 158210
46 4 0 38 130887
46 4 0 39 105432
46 4 0 40 82218
46 4 0 41 61822
46 4 0 42 44853
46 4 0 43 27530
46 4 0 44 13490
46 4 1 2 168
46 4 1 3 24
46 4 1 4 28
46 4 1 5 28
46 4 1 6 28
46 4 1 7 28
46 4 1 8 28
46 4 1 9 28
46 4 1 10 28
46 4 1 11 28
46 4 1 12 28
46 4 1 13 28
46 4 1 14 28
46 4 1 15 28
46 4 1 16 28
46 4 1 17 28
46 4 1 18 28
46 4 1 19 28
46 4 1 20 28
46 4 1 21 28
46 4 1 22 28
46 4 1 23 28
46 4 1 24 28
46 4 1 25 28
46 4 1 26 28
46 4 1 27 28
46 4 1 28 28
46 4 1 29 28
46 4 1 30 28
46 4 1 31 28
46 4 1 32 28
46 4 1 33 28
46 4 1 34 28
46 4 1 35 28
46 4 1 36 28
46 4 1 37 28
46 4 1 38 28
46 4 1 39 28
46 4 1 40 28
46 4 1 41 28
46 4 1 42 24
46 4 1 43 24
46 4 1 44 164
46 5 0 2 11856
46 5 0 3 187558
46 5 0 4 1034328
46 5 0 5 2399416
46 5 0 6 3958352
46 5 0 7 5751944
46 5 0 8 7569384
46 5 0 9 9348208
46 5 0 10 11037660
46 5 0 11 12592516
46 5 0 12 13979320
46 5 0 13 15169508
46 5 0 14 16146632
46 5 0 15 16899056
46 5 0 16 17425356
46 5 0 17 17725732
46 5 0 18 17809588
46 5 0 19 17687176
46 5 0 20 17377860
46 5 0 21 16901552
46 5 0 22 16285188
46 5 0 23 15549020
46 5 0 24 14713300
46 5 0 25 13796988
46 5 0 26 12821012
46 5 0 27 11802204
46 5 0 28 10758860
46 5 0 29 9705732
46 5 0 30 8658420
46 5 0 31 7629668
46 5 0 32 6632308
46 5 0 33 5677144
46 5 0 34 4774184
46 5 0 35 3932344
46 5 0 36 3159080
46 5 0 37 2461120
46 5 0 38 1842612
46 5 0 39 1309260
46 5 0 40 868828
46 5 0 41 520416
46 5 0 42 265746
46 5 0 43 75376
46 5 1 2 624
46 5 1 3 1940
46 5 1 4 2672
46 5 1 5 3068
46 5 1 6 3088
46 5 1 7 3108
46 5 1 8 3128
46 5 1 9 3148
46 5 1 10 3168
46 5 1 11 3188
46 5 1 12 3208
46 5 1 13 3228
46 5 1 14 3248
46 5 1 15 3268
46 5 1 16 3288
46 5 1 17 3308
46 5 1 18 3328
46 5 1 19 3348
46 5 1 20 3368
46 5 1 21 3384
46 5 1 22 3364
46 5 1 23 3308
46 5 1 24 3248
46 5 1 25 3188
46 5 1 26 3128
46 5 1 27 3068
46 5 1 28 3008
46 5 1 29 2948
46 5 1 30 2888
46 5 1 31 2828
46 5 1 32 2768
46 5 1 33 2708
46 5 1 34 2648
46 5 1 35 2588
46 5 1 36 2528
46 5 1 37 2468
46 5 1 38 2408
46 5 1 39 2352
46 5 1 40 2296
46 5 1 41 2260
46 5 1 42 1924
46 5 1 43 1908
46 5 2 2 4
46 5 2 3 4
46 5 2 42 4
46 5 2 43 4
47 0 0 1 1
47 0 0 47 1
47 1 0 2 4
47 1 0 3 4
47 1 0 4 4
47 1 0 5 4
47 1 0 6 4
47 1 0 7 4
47 1 0 8 4
47 1 0 9 4
47 1 0 10 4
47 1 0 11 4
47 1 0 12 4
47 1 0 13 4
47 1 0 14 4
47 1 0 15 4
47 1 0 16 4
47 1 0 17 4
47 1 0 18 4
47 1 0 19 4
47 1 0 20 4
47 1 0 21 4
47 1 0 22 4
47 1 0 23 4
47 1 0 24 4
47 1 0 25 4
47 1 0 26 4
47 1 0 27 4
47 1 0 28 4
47 1 0 29 4
47 1 0 30 4
47 1 0 31 4
47 1 0 32 4
47 1 0 33 4
47 1 0 34 4
47 1 0 35 4
47 1 0 36 4
47 1 0 37 4
47 1 0 38 4
47 1 0 39 4
47 1 0 40 4
47 1 0 41 4
47 1 0 42 4
47 1 0 43 4
47 1 0 44 4
47 1 0 45 4
47 1 0 46 4
47 2 0 2 178
47 2 0 3 186
47 2 0 4 270
47 2 0 5 272
47 2 0 6 274
47 2 0 7 276
47 2 0 8 278
47 2 0 9 280
47 2 0 10 282
47 2 0 11 284
47 2 0 12 286
47 2 0 13 288
47 2 0 14 290
47 2 0 15 292
47 2 0 16 294
47 2 0 17 296
47 2 0 18 298
47 2 0 19 300
47 2 0 20 302
47 2 0 21 304
47 2 0 22 306
47 2 0 23 306
47 2 0 24 300
47 2 0 25 294
47 2 0 26 288
47 2 0 27 282
47 2 0 28 276
47 2 0 29 270
47 2 0 30 264
47 2 0 31 258
47 2 0 32 252
47 2 0 33 246
47 2 0 34 240
47 2 0 35 234
47 2 0 36 228
47 2 0 37 222
47 2 0 38 216
47 2 0 39 210
47 2 0 40 204
47 2 0 41 198
47 2 0 42 192
47 2 0 43 186
47 2 0 44 184
47 2 0 45 178
47 2 0 46 176
47 3 0 2 336
47 3 0 3 1832
47 3 0 4 6260
47 3 0 5 7656
47 3 0 6 8952
47 3 0 7 10156
47 3 0 8 11264
47 3 0 9 12280
47 3 0 10 13200
47 3 0 11 14028
47 3 0 12 14760
47 3 0 13 15400
47 3 0 14 15944
47 3 0 15 16396
47 3 0 16 16752
47 3 0 17 17016
47 3 0 18 17184
47 3 0 19 17260
47 3 0 20 17240
47 3 0 21 17128
47 3 0 22 16920
47 3 0 23 16632
47 3 0 24 16300
47 3 0 25 15932
47 3 0 26 15524
47 3 0 27 15080
47 3 0 28 14596
47 3 0 29 14076
47 3 0 30 13516
47 3 0 31 12920
47 3 0 32 12284
47 3 0 33 11612
47 3 0 34 10900
47 3 0 35 10152
47 3 0 36 9364
47 3 0 37 8540
47 3 0 38 7676
47 3 0 39 6776
47 3 0 40 5836
47 3 0 41 4856
47 3 0 42 3840
47 3 0 43 2788
47 3 0 44 2000
47 3 0 45 852
47 3 1 2 4
47 3 1 45 4
47 4 0 2 7048
47 4 0 3 31340
47 4 0 4 95772
47 4 0 5 164244
47 4 0 6 228844
47 4 0 7 292549
47 4 0 8 351784
47 4 0 9 406434
47 4 0 10 456252
47 4 0 11 501147
47 4 0 12 540848
47 4 0 13 575288
47 4 0 14 604172
47 4 0 15 627461
47 4 0 16 644976
47 4 0 17 657038
47 4 0 18 663674
47 4 0 19 665245
47 4 0 20 661760
47 4 0 21 653582
47 4 0 22 640564
47 4 0 23 623210
47 4 0 24 602564
47 4 0 25 579167
47 4 0 26 553118
47 4 0 27 524994
47 4 0 28 494876
47 4 0 29 463359
47 4 0 30 430506
47 4 0 31 396930
47 4 0 32 362676
47 4 0 33 328375
47 4 0 34 294054
47 4 0 35 260362
47 4 0 36 227308
47 4 0 37 195563
47 4 0 38 165114
47 4 0 39 136646
47 4 0 40 110136
47 4 0 41 85957
47 4 0 42 64694
47 4 0 43 46962
47 4 0 44 28874
47 4 0 45 14155
47 4 1 2 172
47 4 1 3 24
47 4 1 4 28
47 4 1 5 28
47 4 1 6 28
47 4 1 7 28
47 4 1 8 28
47 4 1 9 28
47 4 1 10 28
47 4 1 11 28
47 4 1 12 28
47 4 1 13 28
47 4 1 14 28
47 4 1 15 28
47 4 1 16 28
47 4 1 17 28
47 4 1 18 28
47 4 1 19 28
47 4 1 20 28
47 4 1 21 28
47 4 1 22 28
47 4 1 23 28
47 4 1 24 28
47 4 1 25 28
47 4 1 26 28
47 4 1 27 28
47 4 1 28 28
47 4 1 29 28
47 4 1 30 28
47 4 1 31 28
47 4 1 32 28
47 4 1 33 28
47 4 1 34 28
47 4 1 35 28
47 4 1 36 28
47 4 1 37 28
47 4 1 38 28
47 4 1 39 28
47 4 1 40 28
47 4 1 41 28
47 4 1 42 28
47 4 1 43 24
47 4 1 44 24
47 4 1 45 168
47 5 0 2 12480
47 5 0 3 197486
47 5 0 4 1104768
47 5 0 5 2567968
47 5 0 6 4239264
47 5 0 7 6170024
47 5 0 8 8131784
47 5 0 9 10061976
47 5 0 10 11904296
47 5 0 11 13614100
47 5 0 12 15151708
47 5 0 13 16489556
47 5 0 14 17604952
47 5 0 15 18487224
47 5 0 16 19129404
47 5 0 17 19534252
47 5 0 18 19705196
47 5 0 19 19655216
47 5 0 20 19398476
47 5 0 21 18956992
47 5 0 22 18353504
47 5 0 23 17616176
47 5 0 24 16762176
47 5 0 25 15814124
47 5 0 26 14790908
47 5 0 27 13713524
47 5 0 28 12598744
47 5 0 29 11464916
47 5 0 30 10326748
47 5 0 31 9199876
47 5 0 32 8097016
47 5 0 33 7031020
47 5 0 34 6012680
47 5 0 35 5052008
47 5 0 36 4157924
47 5 0 37 3337884
47 5 0 38 2598624
47 5 0 39 1944264
47 5 0 40 1380556
47 5 0 41 915408
47 5 0 42 547836
47 5 0 43 279598
47 5 0 44 79228
47 5 1 2 640
47 5 1 3 1988
47 5 1 4 2736
47 5 1 5 3144
47 5 1 6 3164
47 5 1 7 3184
47 5 1 8 3204
47 5 1 9 3224
47 5 1 10 3244
47 5 1 11 3264
47 5 1 12 3284
47 5 1 13 3304
47 5 1 14 3324
47 5 1 15 3344
47 5 1 16 3364
47 5 1 17 3384
47 5 1 18 3404
47 5 1 19 3424
47 5 1 20 3444
47 5 1 21 3464
47 5 1 22 3464
47 5 1 23 3424
47 5 1 24 3364
47 5 1 25 3304
47 5 1 26 3244
47 5 1 27 3184
47 5 1 28 3124
47 5 1 29 3064
47 5 1 30 3004
47 5 1 31 2944
47 5 1 32 2884
47 5 1 33 2824
47 5 1 34 2764
47 5 1 35 2704
47 5 1 36 2644
47 5 1 37 2584
47 5 1 38 2524
47 5 1 39 2464
47 5 1 40 2408
47 5 1 41 2352
47 5 1 42 2316
47 5 1 43 1972
47 5 1 44 1956
47 5 2 2 4
47 5 2 3 4
47 5 2 43 4
47 5 2 44 4
48 0 0 1 1
48 0 0 48 1
48 1 0 2 4
48 1 0 3 4
48 1 0 4 4
48 1 0 5 4
48 1 0 6 4
48 1 0 7 4
48 1 0 8 4
48 1 0 9 4
48 1 0 10 4
48 1 0 11 4
48 1 0 12 4
48 1 0 13 4
48 1 0 14 4
48 1 0 15 4
48 1 0 16 4
48 1 0 17 4
48 1 0 18 4
48 1 0 19 4
48 1 0 20 4
48 1 0 21 4
48 1 0 22 4
48 1 0 23 4
48 1 0 24 4
48 1 0 25 4
48 1 0 26 4
48 1 0 27 4
48 1 0 28 4
48 1 0 29 4
48 1 0 30 4
48 1 0 31 4
48 1 0 32 4
48 1 0 33 4
48 1 0 34 4
48 1 0 35 4
48 1 0 36 4
48 1 0 37 4
48 1 0 38 4
48 1 0 39 4
48 1 0 40 4
48 1 0 41 4
48 1 0 42 4
48 1 0 43 4
48 1 0 44 4
48 1 0 45 4
48 1 0 46 4
48 1 0 47 4
48 2 0 2 182
48 2 0 3 190
48 2 0 4 276
48 2 0 5 278
48 2 0 6 280
48 2 0 7 282
48 2 0 8 284
48 2 0 9 286
48 2 0 10 288
48 2 0 11 290
48 2 0 12 292
48 2 0 13 294
48 2 0 14 296
48 2 0 15 298
48 2 0 16 300
48 2 0 17 302
48 2 0 18 304
48 2 0 19 306
48 2 0 20 308
48 2 0 21 310
48 2 0 22 312
48 2 0 23 314
48 2 0 24 310
48 2 0 25 304
48 2 0 26 298
48 2 0 27 292
48 2 0 28 286
48 2 0 29 280
48 2 0 30 274
48 2 0 31 268
48 2 0 32 262
48 2 0 33 256
48 2 0 34 250
48 2 0 35 244
48 2 0 36 238
48 2 0 37 232
48 2 0 38 226
48 2 0 39 220
48 2 0 40 214
48 2 0 41 208
48 2 0 42 202
48 2 0 43 196
48 2 0 44 190
48 2 0 45 188
48 2 0 46 182
48 2 0 47 180
48 3 0 2 344
48 3 0 3 1876
48 3 0 4 6504
48 3 0 5 7936
48 3 0 6 9272
48 3 0 7 10512
48 3 0 8 11660
48 3 0 9 12712
48 3 0 10 13672
48 3 0 11 14536
48 3 0 12 15308
48 3 0 13 15984
48 3 0 14 16568
48 3 0 15 17056
48 3 0 16 17452
48 3 0 17 17752
48 3 0 18 17960
48 3 0 19 18072
48 3 0 20 18092
48 3 0 21 18016
48 3 0 22 17848
48 3 0 23 17584
48 3 0 24 17260
48 3 0 25 16900
48 3 0 26 16504
48 3 0 27 16068
48 3 0 28 15596
48 3 0 29 15084
48 3 0 30 14536
48 3 0 31 13948
48 3 0 32 13324
48 3 0 33 12660
48 3 0 34 11960
48 3 0 35 11220
48 3 0 36 10444
48 3 0 37 9628
48 3 0 38 8776
48 3 0 39 7884
48 3 0 40 6956
48 3 0 41 5988
48 3 0 42 4980
48 3 0 43 3936
48 3 0 44 2856
48 3 0 45 2048
48 3 0 46 872
48 3 1 2 4
48 3 1 46 4
48 4 0 2 7388
48 4 0 3 32781
48 4 0 4 100725
48 4 0 5 172717
48 4 0 6 240782
48 4 0 7 307977
48 4 0 8 370671
48 4 0 9 428629
48 4 0 10 481748
48 4 0 11 529769
48 4 0 12 572613
48 4 0 13 609997
48 4 0 14 641866
48 4 0 15 667913
48 4 0 16 688173
48 4 0 17 702615
48 4 0 18 711592
48 4 0 19 715121
48 4 0 20 713573
48 4 0 21 706943
48 4 0 22 695518
48 4 0 23 679143
48 4 0 24 659097
48 4 0 25 635860
48 4 0 26 609972
48 4 0 27 581522
48 4 0 28 551097
48 4 0 29 518768
48 4 0 30 485140
48 4 0 31 450266
48 4 0 32 414769
48 4 0 33 378684
48 4 0 34 342652
48 4 0 35 306690
48 4 0 36 271457
48 4 0 37 236952
48 4 0 38 203856
48 4 0 39 172146
48 4 0 40 142517
48 4 0 41 114936
48 4 0 42 89776
48 4 0 43 67630
48 4 0 44 49119
48 4 0 45 30250
48 4 0 46 14836
48 4 1 2 176
48 4 1 3 24
48 4 1 4 28
48 4 1 5 28
48 4 1 6 28
48 4 1 7 28
48 4 1 8 28
48 4 1 9 28
48 4 1 10 28
48 4 1 11 28
48 4 1 12 28
48 4 1 13 28
48 4 1 14 28
48 4 1 15 28
48 4 1 16 28
48 4 1 17 28
48 4 1 18 28
48 4 1 19 28
48 4 1 20 28
48 4 1 21 28
48 4 1 22 28
48 4 1 23 28
48 4 1 24 28
48 4 1 25 28
48 4 1 26 28
48 4 1 27 28
48 4 1 28 28
48 4 1 29 28
48 4 1 30 28
48 4 1 31 28
48 4 1 32 28
48 4 1 33 28
48 4 1 34 28
48 4 1 35 28
48 4 1 36 28
48 4 1 37 28
48 4 1 38 28
48 4 1 39 28
48 4 1 40 28
48 4 1 41 28
48 4 1 42 28
48 4 1 43 28
48 4 1 44 24
48 4 1 45 24
48 4 1 46 172
48 5 0 2 13120
48 5 0 3 207670
48 5 0 4 1178080
48 5 0 5 2743452
48 5 0 6 4533136
48 5 0 7 6606820
48 5 0 8 8721552
48 5 0 9 10809336
48 5 0 10 12814308
48 5 0 11 14685716
48 5 0 12 16384836
48 5 0 13 17877808
48 5 0 14 19142912
48 5 0 15 20162992
48 5 0 16 20933216
48 5 0 17 21450228
48 5 0 18 21720384
48 5 0 19 21750976
48 5 0 20 21558432
48 5 0 21 21160008
48 5 0 22 20581648
48 5 0 23 19848128
48 5 0 24 18984960
48 5 0 25 18009732
48 5 0 26 16946116
48 5 0 27 15812924
48 5 0 28 14631220
48 5 0 29 13417716
48 5 0 30 12190812
48 5 0 31 10965172
48 5 0 32 9756468
48 5 0 33 8577388
48 5 0 34 7440804
48 5 0 35 6357496
48 5 0 36 5337480
48 5 0 37 4389680
48 5 0 38 3521552
48 5 0 39 2739840
48 5 0 40 2048636
48 5 0 41 1453740
48 5 0 42 963204
48 5 0 43 575960
48 5 0 44 293802
48 5 0 45 83176
48 5 1 2 656
48 5 1 3 2036
48 5 1 4 2804
48 5 1 5 3220
48 5 1 6 3240
48 5 1 7 3260
48 5 1 8 3280
48 5 1 9 3300
48 5 1 10 3320
48 5 1 11 3340
48 5 1 12 3360
48 5 1 13 3380
48 5 1 14 3400
48 5 1 15 3420
48 5 1 16 3440
48 5 1 17 3460
48 5 1 18 3480
48 5 1 19 3500
48 5 1 20 3520
48 5 1 21 3540
48 5 1 22 3556
48 5 1 23 3536
48 5 1 24 3480
48 5 1 25 3420
48 5 1 26 3360
48 5 1 27 3300
48 5 1 28 3240
48 5 1 29 3180
48 5 1 30 3120
48 5 1 31 3060
48 5 1 32 3000
48 5 1 33 2940
48 5 1 34 2880
48 5 1 35 2820
48 5 1 36 2760
48 5 1 37 2700
48 5 1 38 2640
48 5 1 39 2580
48 5 1 40 2520
48 5 1 41 2464
48 5 1 42 2408
48 5 1 43 2372
48 5 1 44 2020
48 5 1 45 2004
48 5 2 2 4
48 5 2 3 4
48 5 2 44 4
48 5 2 45 4
49 0 0 1 1
49 0 0 49 1
49 1 0 2 4
49 1 0 3 4
49 1 0 4 4
49 1 0 5 4
49 1 0 6 4
49 1 0 7 4
49 1 0 8 4
49 1 0 9 4
49 1 0 10 4
49 1 0 11 4
49 1 0 12 4
49 1 0 13 4
49 1 0 14 4
49 1 0 15 4
49 1 0 16 4
49 1 0 17 4
49 1 0 18 4
49 1 0 19 4
49 1 0 20 4
49 1 0 21 4
49 1 0 22 4
49 1 0 23 4
49 1 0 24 4
49 1 0 25 4
49 1 0 26 4
49 1 0 27 4
49 1 0 28 4
49 1 0 29 4
49 1 0 30 4
49 1 0 31 4
49 1 0 32 4
49 1 0 33 4
49 1 0 34 4
49 1 0 35 4
49 1 0 36 4
49 1 0 37 4
49 1 0 38 4
49 1 0 39 4
49 1 0 40 4
49 1 0 41 4
49 1 0 42 4
49 1 0 43 4
49 1 0 44 4
49 1 0 45 4
49 1 0 46 4
49 1 0 47 4
49 1 0 48 4
49 2 0 2 186
49 2 0 3 194
49 2 0 4 282
49 2 0 5 284
49 2 0 6 286
49 2 0 7 288
49 2 0 8 290
49 2 0 9 292
49 2 0 10 294
49 2 0 11 296
49 2 0 12 298
49 2 0 13 300
49 2 0 14 302
49 2 0 15 304
49 2 0 16 306
49 2 0 17 308
49 2 0 18 310
49 2 0 19 312
49 2 0 20 314
49 2 0 21 316
49 2 0 22 318
49 2 0 23 320
49 2 0 24 320
49 2 0 25 314
49 2 0 26 308
49 2 0 27 302
49 2 0 28 296
49 2 0 29 290
49 2 0 30 284
49 2 0 31 278
49 2 0 32 272
49 2 0 33 266
49 2 0 34 260
49 2 0 35 254
49 2 0 36 248
49 2 0 37 242
49 2 0 38 236
49 2 0 39 230
49 2 0 40 224
49 2 0 41 218
49 2 0 42 212
49 2 0 43 206
49 2 0 44 200
49 2 0 45 194
49 2 0 46 192
49 2 0 47 186
49 2 0 48 184
49 3 0 2 352
49 3 0 3 1920
49 3 0 4 6740
49 3 0 5 8212
49 3 0 6 9584
49 3 0 7 10864
49 3 0 8 12048
49 3 0 9 13140
49 3 0 10 14136
49 3 0 11 15040
49 3 0 12 15848
49 3 0 13 16564
49 3 0 14 17184
49 3 0 15 17712
49 3 0 16 18144
49 3 0 17 18484
49 3 0 18 18728
49 3 0 19 18880
49 3 0 20 18936
49 3 0 21 18900
49 3 0 22 18768
49 3 0 23 18544
49 3 0 24 18236
49 3 0 25 17888
49 3 0 26 17500
49 3 0 27 17076
49 3 0 28 16612
49 3 0 29 16112
49 3 0 30 15572
49 3 0 31 14996
49 3 0 32 14380
49 3 0 33 13728
49 3 0 34 13036
49 3 0 35 12308
49 3 0 36 11540
49 3 0 37 10736
49 3 0 38 9892
49 3 0 39 9012
49 3 0 40 8092
49 3 0 41 7136
49 3 0 42 6140
49 3 0 43 5104
49 3 0 44 4032
49 3 0 45 2924
49 3 0 46 2096
49 3 0 47 892
49 3 1 2 4
49 3 1 47 4
49 4 0 2 7736
49 4 0 3 34254
49 4 0 4 105812
49 4 0 5 181355
49 4 0 6 252868
49 4 0 7 323692
49 4 0 8 389876
49 4 0 9 451305
49 4 0 10 507732
49 4 0 11 559066
49 4 0 12 605036
49 4 0 13 645575
49 4 0 14 680388
49 4 0 15 709432
49 4 0 16 732410
49 4 0 17 749527
49 4 0 18 760804
49 4 0 19 766604
49 4 0 20 766934
49 4 0 21 762175
49 4 0 22 752300
49 4 0 23 737566
49 4 0 24 718066
49 4 0 25 695352
49 4 0 26 669508
49 4 0 27 641113
49 4 0 28 610246
49 4 0 29 577504
49 4 0 30 542948
49 4 0 31 507193
49 4 0 32 470282
49 4 0 33 432848
49 4 0 34 394916
49 4 0 35 357137
49 4 0 36 319518
49 4 0 37 282728
49 4 0 38 246756
49 4 0 39 212293
49 4 0 40 179306
49 4 0 41 148500
49 4 0 42 119832
49 4 0 43 93675
49 4 0 44 70630
49 4 0 45 51324
49 4 0 46 31658
49 4 0 47 15533
49 4 1 2 180
49 4 1 3 24
49 4 1 4 28
49 4 1 5 28
49 4 1 6 28
49 4 1 7 28
49 4 1 8 28
49 4 1 9 28
49 4 1 10 28
49 4 1 11 28
49 4 1 12 28
49 4 1 13 28
49 4 1 14 28
49 4 1 15 28
49 4 1 16 28
49 4 1 17 28
49 4 1 18 28
49 4 1 19 28
49 4 1 20 28
49 4 1 21 28
49 4 1 22 28
49 4 1 23 28
49 4 1 24 28
49 4 1 25 28
49 4 1 26 28
49 4 1 27 28
49 4 1 28 28
49 4 1 29 28
49 4 1 30 28
49 4 1 31 28
49 4 1 32 28
49 4 1 33 28
49 4 1 34 28
49 4 1 35 28
49 4 1 36 28
49 4 1 37 28
49 4 1 38 28
49 4 1 39 28
49 4 1 40 28
49 4 1 41 28
49 4 1 42 28
49 4 1 43 28
49 4 1 44 28
49 4 1 45 24
49 4 1 46 24
49 4 1 47 176
49 5 0 2 13776
49 5 0 3 218110
49 5 0 4 1254562
49 5 0 5 2926830
49 5 0 6 4838682
49 5 0 7 7061982
49 5 0 8 9334346
49 5 0 9 11588022
49 5 0 10 13761206
49 5 0 11 15803982
49 5 0 12 17671366
49 5 0 13 19330518
49 5 0 14 20753110
49 5 0 15 21923662
49 5 0 16 22830338
49 5 0 17 23472746
49 5 0 18 23851350
49 5 0 19 23975998
49 5 0 20 23857274
49 5 0 21 23515810
49 5 0 22 22971198
49 5 0 23 22252394
49 5 0 24 21385060
49 5 0 25 20391536
49 5 0 26 19291688
49 5 0 27 18109276
49 5 0 28 16863036
49 5 0 29 15574100
49 5 0 30 14259120
49 5 0 31 12936548
49 5 0 32 11621004
49 5 0 33 10328196
49 5 0 34 9070784
49 5 0 35 7861660
49 5 0 36 6711592
49 5 0 37 5630600
49 5 0 38 4627612
49 5 0 39 3710084
49 5 0 40 2884768
49 5 0 41 2155728
49 5 0 42 1528812
49 5 0 43 1012216
49 5 0 44 604788
49 5 0 45 308358
49 5 0 46 87220
49 5 1 2 672
49 5 1 3 2084
49 5 1 4 2868
49 5 1 5 3296
49 5 1 6 3316
49 5 1 7 3336
49 5 1 8 3356
49 5 1 9 3376
49 5 1 10 3396
49 5 1 11 3416
49 5 1 12 3436
49 5 1 13 3456
49 5 1 14 3476
49 5 1 15 3496
49 5 1 16 3516
49 5 1 17 3536
49 5 1 18 3556
49 5 1 19 3576
49 5 1 20 3596
49 5 1 21 3616
49 5 1 22 3636
49 5 1 23 3636
49 5 1 24 3596
49 5 1 25 3536
49 5 1 26 3476
49 5 1 27 3416
49 5 1 28 3356
49 5 1 29 3296
49 5 1 30 3236
49 5 1 31 3176
49 5 1 32 3116
49 5 1 33 3056
49 5 1 34 2996
49 5 1 35 2936
49 5 1 36 2876
49 5 1 37 2816
49 5 1 38 2756
49 5 1 39 2696
49 5 1 40 2636
49 5 1 41 2576
49 5 1 42 2520
49 5 1 43 2464
49 5 1 44 2428
49 5 1 45 2068
49 5 1 46 2052
49 5 2 2 4
49 5 2 3 4
49 5 2 45 4
49 5 2 46 4
50 0 0 1 1
50 0 0 50 1
50 1 0 2 4
50 1 0 3 4
50 1 0 4 4
50 1 0 5 4
50 1 0 6 4
50 1 0 7 4
50 1 0 8 4
50 1 0 9 4
50 1 0 10 4
50 1 0 11 4
50 1 0 12 4
50 1 0 13 4
50 1 0 14 4
50 1 0 15 4
50 1 0 16 4
50 1 0 17 4
50 1 0 18 4
50 1 0 19 4
50 1 0 20 4
50 1 0 21 4
50 1 0 22 4
50 1 0 23 4
50 1 0 24 4
50 1 0 25 4
50 1 0 26 4
50 1 0 27 4
50 1 0 28 4
50 1 0 29 4
50 1 0 30 4
50 1 0 31 4
50 1 0 32 4
50 1 0 33 4
50 1 0 34 4
50 1 0 35 4
50 1 0 36 4
50 1 0 37 4
50 1 0 38 4
50 1 0 39 4
50 1 0 40 4
50 1 0 41 4
50 1 0 42 4
50 1 0 43 4
50 1 0 44 4
50 1 0 45 4
50 1 0 46 4
50 1 0 47 4
50 1 0 48 4
50 1 0 49 4
50 2 0 2 190
50 2 0 3 198
50 2 0 4 288
50 2 0 5 290
50 2 0 6 292
50 2 0 7 294
50 2 0 8 296
50 2 0 9 298
50 2 0 10 300
50 2 0 11 302
50 2 0 12 304
50 2 0 13 306
50 2 0 14 308
50 2 0 15 310
50 2 0 16 312
50 2 0 17 314
50 2 0 18 316
50 2 0 19 318
50 2 0 20 320
50 2 0 21 322
50 2 0 22 324
50 2 0 23 326
50 2 0 24 328
50 2 0 25 324
50 2 0 26 318
50 2 0 27 312
50 2 0 28 306
50 2 0 29 300
50 2 0 30 294
50 2 0 31 288
50 2 0 32 282
50 2 0 33 276
50 2 0 34 270
50 2 0 35 264
50 2 0 36 258
50 2 0 37 252
50 2 0 38 246
50 2 0 39 240
50 2 0 40 234
50 2 0 41 228
50 2 0 42 222
50 2 0 43 216
50 2 0 44 210
50 2 0 45 204
50 2 0 46 198
50 2 0 47 196
50 2 0 48 190
50 2 0 49 188
50 3 0 2 360
50 3 0 3 1964
50 3 0 4 6992
50 3 0 5 8500
50 3 0 6 9912
50 3 0 7 11228
50 3 0 8 12452
50 3 0 9 13580
50 3 0 10 14616
50 3 0 11 15556
50 3 0 12 16404
50 3 0 13 17156
50 3 0 14 17816
50 3 0 15 18380
50 3 0 16 18852
50 3 0 17 19228
50 3 0 18 19512
50 3 0 19 19700
50 3 0 20 19796
50 3 0 21 19796
50 3 0 22 19704
50 3 0 23 19516
50 3 0 24 19236
50 3 0 25 18892
50 3 0 26 18516
50 3 0 27 18100
50 3 0 28 17648
50 3 0 29 17156
50 3 0 30 16628
50 3 0 31 16060
50 3 0 32 15456
50 3 0 33 14812
50 3 0 34 14132
50 3 0 35 13412
50 3 0 36 12656
50 3 0 37 11860
50 3 0 38 11028
50 3 0 39 10156
50 3 0 40 9248
50 3 0 41 8300
50 3 0 42 7316
50 3 0 43 6292
50 3 0 44 5228
50 3 0 45 4128
50 3 0 46 2992
50 3 0 47 2144
50 3 0 48 912
50 3 1 2 4
50 3 1 48 4
50 4 0 2 8092
50 4 0 3 35759
50 4 0 4 111044
50 4 0 5 190281
50 4 0 6 265433
50 4 0 7 339929
50 4 0 8 409754
50 4 0 9 474673
50 4 0 10 534583
50 4 0 11 589225
50 4 0 12 638520
50 4 0 13 682185
50 4 0 14 720165
50 4 0 15 752153
50 4 0 16 778122
50 4 0 17 797881
50 4 0 18 811763
50 4 0 19 819783
50 4 0 20 822314
50 4 0 21 819353
50 4 0 22 811287
50 4 0 23 797989
50 4 0 24 779732
50 4 0 25 757402
50 4 0 26 731975
50 4 0 27 703508
50 4 0 28 672590
50 4 0 29 639290
50 4 0 30 604215
50 4 0 31 567416
50 4 0 32 529518
50 4 0 33 490554
50 4 0 34 451167
50 4 0 35 411372
50 4 0 36 371830
50 4 0 37 332538
50 4 0 38 294175
50 4 0 39 256720
50 4 0 40 220874
50 4 0 41 186594
50 4 0 42 154595
50 4 0 43 124824
50 4 0 44 97654
50 4 0 45 73694
50 4 0 46 53577
50 4 0 47 33098
50 4 0 48 16246
50 4 1 2 184
50 4 1 3 24
50 4 1 4 28
50 4 1 5 28
50 4 1 6 28
50 4 1 7 28
50 4 1 8 28
50 4 1 9 28
50 4 1 10 28
50 4 1 11 28
50 4 1 12 28
50 4 1 13 28
50 4 1 14 28
50 4 1 15 28
50 4 1 16 28
50 4 1 17 28
50 4 1 18 28
50 4 1 19 28
50 4 1 20 28
50 4 1 21 28
50 4 1 22 28
50 4 1 23 28
50 4 1 24 28
50 4 1 25 28
50 4 1 26 28
50 4 1 27 28
50 4 1 28 28
50 4 1 29 28
50 4 1 30 28
50 4 1 31 28
50 4 1 32 28
50 4 1 33 28
50 4 1 34 28
50 4 1 35 28
50 4 1 36 28
50 4 1 37 28
50 4 1 38 28
50 4 1 39 28
50 4 1 40 28
50 4 1 41 28
50 4 1 42 28
50 4 1 43 28
50 4 1 44 28
50 4 1 45 28
50 4 1 46 24
50 4 1 47 24
50 4 1 48 180
50 5 0 2 14448
50 5 0 3 228806
50 5 0 4 1334024
50 5 0 5 3117400
50 5 0 6 5157708
50 5 0 7 7536540
50 5 0 8 9975644
50 5 0 9 12401528
50 5 0 10 14753064
50 5 0 11 16974164
50 5 0 12 19020836
50 5 0 13 20853624
50 5 0 14 22445908
50 5 0 15 23774832
50 5 0 16 24830744
50 5 0 17 25606916
50 5 0 18 26106592
50 5 0 19 26333520
50 5 0 20 26301736
50 5 0 21 26024976
50 5 0 22 25527192
50 5 0 23 24831684
50 5 0 24 23969564
50 5 0 25 22963340
50 5 0 26 21835904
50 5 0 27 20608044
50 5 0 28 19303604
50 5 0 29 17941244
50 5 0 30 16542164
50 5 0 31 15122956
50 5 0 32 13702124
50 5 0 33 12294244
50 5 0 34 10915060
50 5 0 35 9577204
50 5 0 36 8293588
50 5 0 37 7074968
50 5 0 38 5931368
50 5 0 39 4871720
50 5 0 40 3903480
50 5 0 41 3033408
50 5 0 42 2265540
50 5 0 43 1605772
50 5 0 44 1062444
50 5 0 45 634320
50 5 0 46 323266
50 5 0 47 91360
50 5 1 2 688
50 5 1 3 2132
50 5 1 4 2936
50 5 1 5 3372
50 5 1 6 3392
50 5 1 7 3412
50 5 1 8 3432
50 5 1 9 3452
50 5 1 10 3472
50 5 1 11 3492
50 5 1 12 3512
50 5 1 13 3532
50 5 1 14 3552
50 5 1 15 3572
50 5 1 16 3592
50 5 1 17 3612
50 5 1 18 3632
50 5 1 19 3652
50 5 1 20 3672
50 5 1 21 3692
50 5 1 22 3712
50 5 1 23 3728
50 5 1 24 3708
50 5 1 25 3652
50 5 1 26 3592
50 5 1 27 3532
50 5 1 28 3472
50 5 1 29 3412
50 5 1 30 3352
50 5 1 31 3292
50 5 1 32 3232
50 5 1 33 3172
50 5 1 34 3112
50 5 1 35 3052
50 5 1 36 2992
50 5 1 37 2932
50 5 1 38 2872
50 5 1 39 2812
50 5 1 40 2752
50 5 1 41 2692
50 5 1 42 2632
50 5 1 43 2576
50 5 1 44 2520
50 5 1 45 2484
50 5 1 46 2116
50 5 1 47 2100
50 5 2 2 4
50 5 2 3 4
50 5 2 46 4
50 5 2 47 4
51 0 0 1 1
51 0 0 51 1
51 1 0 2 4
51 1 0 3 4
51 1 0 4 4
51 1 0 5 4
51 1 0 6 4
51 1 0 7 4
51 1 0 8 4
51 1 0 9 4
51 1 0 10 4
51 1 0 11 4
51 1 0 12 4
51 1 0 13 4
51 1 0 14 4
51 1 0 15 4
51 1 0 16 4
51 1 0 17 4
51 1 0 18 4
51 1 0 19 4
51 1 0 20 4
51 1 0 21 4
51 1 0 22 4
51 1 0 23 4
51 1 0 24 4
51 1 0 25 4
51 1 0 26 4
51 1 0 27 4
51 1 0 28 4
51 1 0 29 4
51 1 0 30 4
51 1 0 31 4
51 1 0 32 4
51 1 0 33 4
51 1 0 34 4
51 1 0 35 4
51 1 0 36 4
51 1 0 37 4
51 1 0 38 4
51 1 0 39 4
51 1 0 40 4
51 1 0 41 4
51 1 0 42 4
51 1 0 43 4
51 1 0 44 4
51 1 0 45 4
51 1 0 46 4
51 1 0 47 4
51 1 0 48 4
51 1 0 49 4
51 1 0 50 4
51 2 0 2 194
51 2 0 3 202
51 2 0 4 294
51 2 0 5 296
51 2 0 6 298
51 2 0 7 300
51 2 0 8 302
51 2 0 9 304
51 2 0 10 306
51 2 0 11 308
51 2 0 12 310
51 2 0 13 312
51 2 0 14 314
51 2 0 15 316
51 2 0 16 318
51 2 0 17 320
51 2 0 18 322
51 2 0 19 324
51 2 0 20 326
51 2 0 21 328
51 2 0 22 330
51 2 0 23 332
51 2 0 24 334
51 2 0 25 334
51 2 0 26 328
51 2 0 27 322
51 2 0 28 316
51 2 0 29 310
51 2 0 30 304
51 2 0 31 298
51 2 0 32 292
51 2 0 33 286
51 2 0 34 280
51 2 0 35 274
51 2 0 36 268
51 2 0 37 262
51 2 0 38 256
51 2 0 39 250
51 2 0 40 244
51 2 0 41 238
51 2 0 42 232
51 2 0 43 226
51 2 0 44 220
51 2 0 45 214
51 2 0 46 208
51 2 0 47 202
51 2 0 48 200
51 2 0 49 194
51 2 0 50 192
51 3 0 2 368
51 3 0 3 2008
51 3 0 4 7236
51 3 0 5 8784
51 3 0 6 10232
51 3 0 7 11588
51 3 0 8 12848
51 3 0 9 14016
51 3 0 10 15088
51 3 0 11 16068
51 3 0 12 16952
51 3 0 13 17744
51 3 0 14 18440
51 3 0 15 19044
51 3 0 16 19552
51 3 0 17 19968
51 3 0 18 20288
51 3 0 19 20516
51 3 0 20 20648
51 3 0 21 20688
51 3 0 22 20632
51 3 0 23 20484
51 3 0 24 20240
51 3 0 25 19916
51 3 0 26 19548
51 3 0 27 19144
51 3 0 28 18700
51 3 0 29 18220
51 3 0 30 17700
51 3 0 31 17144
51 3 0 32 16548
51 3 0 33 15916
51 3 0 34 15244
51 3 0 35 14536
51 3 0 36 13788
51 3 0 37 13004
51 3 0 38 12180
51 3 0 39 11320
51 3 0 40 10420
51 3 0 41 9484
51 3 0 42 8508
51 3 0 43 7496
51 3 0 44 6444
51 3 0 45 5352
51 3 0 46 4224
51 3 0 47 3060
51 3 0 48 2192
51 3 0 49 932
51 3 1 2 4
51 3 1 49 4
51 4 0 2 8456
51 4 0 3 37296
51 4 0 4 116410
51 4 0 5 199368
51 4 0 6 278138
51 4 0 7 356445
51 4 0 8 429942
51 4 0 9 498514
51 4 0 10 561914
51 4 0 11 620051
51 4 0 12 672654
51 4 0 13 719656
51 4 0 14 760762
51 4 0 15 795929
51 4 0 16 824838
51 4 0 17 847536
51 4 0 18 863980
51 4 0 19 874535
51 4 0 20 879206
51 4 0 21 878376
51 4 0 22 872032
51 4 0 23 860559
51 4 0 24 843780
51 4 0 25 822251
51 4 0 26 797122
51 4 0 27 768966
51 4 0 28 737860
51 4 0 29 704403
51 4 0 30 668654
51 4 0 31 631230
51 4 0 32 592172
51 4 0 33 552115
51 4 0 34 511082
51 4 0 35 469726
51 4 0 36 428052
51 4 0 37 386731
51 4 0 38 345750
51 4 0 39 305798
51 4 0 40 266844
51 4 0 41 229599
51 4 0 42 194010
51 4 0 43 160802
51 4 0 44 129912
51 4 0 45 101713
51 4 0 46 76822
51 4 0 47 55878
51 4 0 48 34570
51 4 0 49 16975
51 4 1 2 188
51 4 1 3 24
51 4 1 4 28
51 4 1 5 28
51 4 1 6 28
51 4 1 7 28
51 4 1 8 28
51 4 1 9 28
51 4 1 10 28
51 4 1 11 28
51 4 1 12 28
51 4 1 13 28
51 4 1 14 28
51 4 1 15 28
51 4 1 16 28
51 4 1 17 28
51 4 1 18 28
51 4 1 19 28
51 4 1 20 28
51 4 1 21 28
51 4 1 22 28
51 4 1 23 28
51 4 1 24 28
51 4 1 25 28
51 4 1 26 28
51 4 1 27 28
51 4 1 28 28
51 4 1 29 28
51 4 1 30 28
51 4 1 31 28
51 4 1 32 28
51 4 1 33 28
51 4 1 34 28
51 4 1 35 28
51 4 1 36 28
51 4 1 37 28
51 4 1 38 28
51 4 1 39 28
51 4 1 40 28
51 4 1 41 28
51 4 1 42 28
51 4 1 43 28
51 4 1 44 28
51 4 1 45 28
51 4 1 46 28
51 4 1 47 24
51 4 1 48 24
51 4 1 49 184
51 5 0 2 15136
51 5 0 3 239758
51 5 0 4 1416780
51 5 0 5 3316180
51 5 0 6 5488808
51 5 0 7 8030136
51 5 0 8 10640652
51 5 0 9 13247288
51 5 0 10 15782884
51 5 0 11 18192276
51 5 0 12 20424900
51 5 0 13 22442964
51 5 0 14 24212492
51 5 0 15 25712748
51 5 0 16 26926804
51 5 0 17 27850360
51 5 0 18 28480344
51 5 0 19 28824164
51 5 0 20 28888728
51 5 0 21 28691640
51 5 0 22 28250604
51 5 0 23 27592088
51 5 0 24 26742124
51 5 0 25 25732800
51 5 0 26 24582964
51 5 0 27 23318064
51 5 0 28 21958800
51 5 0 29 20529100
51 5 0 30 19047548
51 5 0 31 17535412
51 5 0 32 16009224
51 5 0 33 14487540
51 5 0 34 12984892
51 5 0 35 11517060
51 5 0 36 10096648
51 5 0 37 8736588
51 5 0 38 7447624
51 5 0 39 6239784
51 5 0 40 5122004
51 5 0 41 4101740
51 5 0 42 3185760
51 5 0 43 2378072
51 5 0 44 1684620
51 5 0 45 1113888
51 5 0 46 664556
51 5 0 47 338526
51 5 0 48 95596
51 5 1 2 704
51 5 1 3 2180
51 5 1 4 3000
51 5 1 5 3448
51 5 1 6 3468
51 5 1 7 3488
51 5 1 8 3508
51 5 1 9 3528
51 5 1 10 3548
51 5 1 11 3568
51 5 1 12 3588
51 5 1 13 3608
51 5 1 14 3628
51 5 1 15 3648
51 5 1 16 3668
51 5 1 17 3688
51 5 1 18 3708
51 5 1 19 3728
51 5 1 20 3748
51 5 1 21 3768
51 5 1 22 3788
51 5 1 23 3808
51 5 1 24 3808
51 5 1 25 3768
51 5 1 26 3708
51 5 1 27 3648
51 5 1 28 3588
51 5 1 29 3528
51 5 1 30 3468
51 5 1 31 3408
51 5 1 32 3348
51 5 1 33 3288
51 5 1 34 3228
51 5 1 35 3168
51 5 1 36 3108
51 5 1 37 3048
51 5 1 38 2988
51 5 1 39 2928
51 5 1 40 2868
51 5 1 41 2808
51 5 1 42 2748
51 5 1 43 2688
51 5 1 44 2632
51 5 1 45 2576
51 5 1 46 2540
51 5 1 47 2164
51 5 1 48 2148
51 5 2 2 4
51 5 2 3 4
51 5 2 47 4
51 5 2 48 4
52 0 0 1 1
52 0 0 52 1
52 1 0 2 4
52 1 0 3 4
52 1 0 4 4
52 1 0 5 4
52 1 0 6 4
52 1 0 7 4
52 1 0 8 4
52 1 0 9 4
52 1 0 10 4
52 1 0 11 4
52 1 0 12 4
52 1 0 13 4
52 1 0 14 4
52 1 0 15 4
52 1 0 16 4
52 1 0 17 4
52 1 0 18 4
52 1 0 19 4
52 1 0 20 4
52 1 0 21 4
52 1 0 22 4
52 1 0 23 4
52 1 0 24 4
52 1 0 25 4
52 1 0 26 4
52 1 0 27 4
52 1 0 28 4
52 1 0 29 4
52 1 0 30 4
52 1 0 31 4
52 1 0 32 4
52 1 0 33 4
52 1 0 34 4
52 1 0 35 4
52 1 0 36 4
52 1 0 37 4
52 1 0 38 4
52 1 0 39 4
52 1 0 40 4
52 1 0 41 4
52 1 0 42 4
52 1 0 43 4
52 1 0 44 4
52 1 0 45 4
52 1 0 46 4
52 1 0 47 4
52 1 0 48 4
52 1 0 49 4
52 1 0 50 4
52 1 0 51 4
52 2 0 2 198
52 2 0 3 206
52 2 0 4 300
52 2 0 5 302
52 2 0 6 304
52 2 0 7 306
52 2 0 8 308
52 2 0 9 310
52 2 0 10 312
52 2 0 11 314
52 2 0 12 316
52 2 0 13 318
52 2 0 14 320
52 2 0 15 322
52 2 0 16 324
52 2 0 17 326
52 2 0 18 328
52 2 0 19 330
52 2 0 20 332
52 2 0 21 334
52 2 0 22 336
52 2 0 23 338
52 2 0 24 340
52 2 0 25 342
52 2 0 26 338
52 2 0 27 332
52 2 0 28 326
52 2 0 29 320
52 2 0 30 314
52 2 0 31 308
52 2 0 32 302
52 2 0 33 296
52 2 0 34 290
52 2 0 35 284
52 2 0 36 278
52 2 0 37 272
52 2 0 38 266
52 2 0 39 260
52 2 0 40 254
52 2 0 41 248
52 2 0 42 242
52 2 0 43 236
52 2 0 44 230
52 2 0 45 224
52 2 0 46 218
52 2 0 47 212
52 2 0 48 206
52 2 0 49 204
52 2 0 50 198
52 2 0 51 196
52 3 0 2 376
52 3 0 3 2052
52 3 0 4 7496
52 3 0 5 9080
52 3 0 6 10568
52 3 0 7 11960
52 3 0 8 13260
52 3 0 9 14464
52 3 0 10 15576
52 3 0 11 16592
52 3 0 12 17516
52 3 0 13 18344
52 3 0 14 19080
52 3 0 15 19720
52 3 0 16 20268
52 3 0 17 20720
52 3 0 18 21080
52 3 0 19 21344
52 3 0 20 21516
52 3 0 21 21592
52 3 0 22 21576
52 3 0 23 21464
52 3 0 24 21260
52 3 0 25 20960
52 3 0 26 20600
52 3 0 27 20204
52 3 0 28 19772
52 3 0 29 19300
52 3 0 30 18792
52 3 0 31 18244
52 3 0 32 17660
52 3 0 33 17036
52 3 0 34 16376
52 3 0 35 15676
52 3 0 36 14940
52 3 0 37 14164
52 3 0 38 13352
52 3 0 39 12500
52 3 0 40 11612
52 3 0 41 10684
52 3 0 42 9720
52 3 0 43 8716
52 3 0 44 7676
52 3 0 45 6596
52 3 0 46 5476
52 3 0 47 4320
52 3 0 48 3128
52 3 0 49 2240
52 3 0 50 952
52 3 1 2 4
52 3 1 50 4
52 4 0 2 8828
52 4 0 3 38865
52 4 0 4 121925
52 4 0 5 208751
52 4 0 6 291334
52 4 0 7 373495
52 4 0 8 450815
52 4 0 9 523059
52 4 0 10 590124
52 4 0 11 651751
52 4 0 12 707861
52 4 0 13 758171
52 4 0 14 802626
52 4 0 15 840919
52 4 0 16 873019
52 4 0 17 898617
52 4 0 18 917930
52 4 0 19 930967
52 4 0 20 938103
52 4 0 21 939333
52 4 0 22 935050
52 4 0 23 925227
52 4 0 24 910165
52 4 0 25 889687
52 4 0 26 865200
52 4 0 27 837226
52 4 0 28 806325
52 4 0 29 772564
52 4 0 30 736552
52 4 0 31 698338
52 4 0 32 658549
52 4 0 33 617216
52 4 0 34 574984
52 4 0 35 531866
52 4 0 36 488525
52 4 0 37 444956
52 4 0 38 401840
52 4 0 39 359154
52 4 0 40 317597
52 4 0 41 277128
52 4 0 42 238468
52 4 0 43 201554
52 4 0 44 167121
52 4 0 45 135096
52 4 0 46 105852
52 4 0 47 80014
52 4 0 48 58227
52 4 0 49 36074
52 4 0 50 17720
52 4 1 2 192
52 4 1 3 24
52 4 1 4 28
52 4 1 5 28
52 4 1 6 28
52 4 1 7 28
52 4 1 8 28
52 4 1 9 28
52 4 1 10 28
52 4 1 11 28
52 4 1 12 28
52 4 1 13 28
52 4 1 14 28
52 4 1 15 28
52 4 1 16 28
52 4 1 17 28
52 4 1 18 28
52 4 1 19 28
52 4 1 20 28
52 4 1 21 28
52 4 1 22 28
52 4 1 23 28
52 4 1 24 28
52 4 1 25 28
52 4 1 26 28
52 4 1 27 28
52 4 1 28 28
52 4 1 29 28
52 4 1 30 28
52 4 1 31 28
52 4 1 32 28
52 4 1 33 28
52 4 1 34 28
52 4 1 35 28
52 4 1 36 28
52 4 1 37 28
52 4 1 38 28
52 4 1 39 28
52 4 1 40 28
52 4 1 41 28
52 4 1 42 28
52 4 1 43 28
52 4 1 44 28
52 4 1 45 28
52 4 1 46 28
52 4 1 47 28
52 4 1 48 24
52 4 1 49 24
52 4 1 50 188
52 5 0 2 15840
52 5 0 3 250966
52 5 0 4 1502624
52 5 0 5 3522412
52 5 0 6 5833908
52 5 0 7 8543832
52 5 0 8 11335216
52 5 0 9 14129168
52 5 0 10 16859308
52 5 0 11 19463996
52 5 0 12 21894248
52 5 0 13 24104988
52 5 0 14 26064336
52 5 0 15 27744192
52 5 0 16 29129632
52 5 0 17 30209080
52 5 0 18 30983196
52 5 0 19 31452088
52 5 0 20 31626756
52 5 0 21 31518028
52 5 0 22 31146924
52 5 0 23 30534168
52 5 0 24 29710212
52 5 0 25 28702900
52 5 0 26 27541096
52 5 0 27 26243932
52 5 0 28 24838016
52 5 0 29 23343956
52 5 0 30 21785764
52 5 0 31 20181948
52 5 0 32 18553844
52 5 0 33 16917924
52 5 0 34 15292796
52 5 0 35 13692948
52 5 0 36 12134196
52 5 0 37 10629116
52 5 0 38 9190660
52 5 0 39 7829560
52 5 0 40 6555848
52 5 0 41 5378464
52 5 0 42 4304864
52 5 0 43 3341824
52 5 0 44 2493324
52 5 0 45 1765356
52 5 0 46 1166548
52 5 0 47 695496
52 5 0 48 354138
52 5 0 49 99928
52 5 1 2 720
52 5 1 3 2228
52 5 1 4 3068
52 5 1 5 3524
52 5 1 6 3544
52 5 1 7 3564
52 5 1 8 3584
52 5 1 9 3604
52 5 1 10 3624
52 5 1 11 3644
52 5 1 12 3664
52 5 1 13 3684
52 5 1 14 3704
52 5 1 15 3724
52 5 1 16 3744
52 5 1 17 3764
52 5 1 18 3784
52 5 1 19 3804
52 5 1 20 3824
52 5 1 21 3844
52 5 1 22 3864
52 5 1 23 3884
52 5 1 24 3900
52 5 1 25 3880
52 5 1 26 3824
52 5 1 27 3764
52 5 1 28 3704
52 5 1 29 3644
52 5 1 30 3584
52 5 1 31 3524
52 5 1 32 3464
52 5 1 33 3404
52 5 1 34 3344
52 5 1 35 3284
52 5 1 36 3224
52 5 1 37 3164
52 5 1 38 3104
52 5 1 39 3044
52 5 1 40 2984
52 5 1 41 2924
52 5 1 42 2864
52 5 1 43 2804
52 5 1 44 2744
52 5 1 45 2688
52 5 1 46 2632
52 5 1 47 2596
52 5 1 48 2212
52 5 1 49 2196
52 5 2 2 4
52 5 2 3 4
52 5 2 48 4
52 5 2 49 4
53 0 0 1 1
53 0 0 53 1
53 1 0 2 4
53 1 0 3 4
53 1 0 4 4
53 1 0 5 4
53 1 0 6 4
53 1 0 7 4
53 1 0 8 4
53 1 0 9 4
53 1 0 10 4
53 1 0 11 4
53 1 0 12 4
53 1 0 13 4
53 1 0 14 4
53 1 0 15 4
53 1 0 16 4
53 1 0 17 4
53 1 0 18 4
53 1 0 19 4
53 1 0 20 4
53 1 0 21 4
53 1 0 22 4
53 1 0 23 4
53 1 0 24 4
53 1 0 25 4
53 1 0 26 4
53 1 0 27 4
53 1 0 28 4
53 1 0 29 4
53 1 0 30 4
53 1 0 31 4
53 1 0 32 4
53 1 0 33 4
53 1 0 34 4
53 1 0 35 4
53 1 0 36 4
53 1 0 37 4
53 1 0 38 4
53 1 0 39 4
53 1 0 40 4
53 1 0 41 4
53 1 0 42 4
53 1 0 43 4
53 1 0 44 4
53 1 0 45 4
53 1 0 46 4
53 1 0 47 4
53 1 0 48 4
53 1 0 49 4
53 1 0 50 4
53 1 0 51 4
53 1 0 52 4
53 2 0 2 202
53 2 0 3 210
53 2 0 4 306
53 2 0 5 308
53 2 0 6 310
53 2 0 7 312
53 2 0 8 314
53 2 0 9 316
53 2 0 10 318
53 2 0 11 320
53 2 0 12 322
53 2 0 13 324
53 2 0 14 326
53 2 0 15 328
53 2 0 16 330
53 2 0 17 332
53 2 0 18 334
53 2 0 19 336
53 2 0 20 338
53 2 0 21 340
53 2 0 22 342
53 2 0 23 344
53 2 0 24 346
53 2 0 25 348
53 2 0 26 348
53 2 0 27 342
53 2 0 28 336
53 2 0 29 330
53 2 0 30 324
53 2 0 31 318
53 2 0 32 312
53 2 0 33 306
53 2 0 34 300
53 2 0 35 294
53 2 0 36 288
53 2 0 37 282
53 2 0 38 276
53 2 0 39 270
53 2 0 40 264
53 2 0 41 258
53 2 0 42 252
53 2 0 43 246
53 2 0 44 240
53 2 0 45 234
53 2 0 46 228
53 2 0 47 222
53 2 0 48 216
53 2 0 49 210
53 2 0 50 208
53 2 0 51 202
53 2 0 52 200
53 3 0 2 384
53 3 0 3 2096
53 3 0 4 7748
53 3 0 5 9372
53 3 0 6 10896
53 3 0 7 12328
53 3 0 8 13664
53 3 0 9 14908
53 3 0 10 16056
53 3 0 11 17112
53 3 0 12 18072
53 3 0 13 18940
53 3 0 14 19712
53 3 0 15 20392
53 3 0 16 20976
53 3 0 17 21468
53 3 0 18 21864
53 3 0 19 22168
53 3 0 20 22376
53 3 0 21 22492
53 3 0 22 22512
53 3 0 23 22440
53 3 0 24 22272
53 3 0 25 22012
53 3 0 26 21668
53 3 0 27 21284
53 3 0 28 20860
53 3 0 29 20400
53 3 0 30 19900
53 3 0 31 19364
53 3 0 32 18788
53 3 0 33 18176
53 3 0 34 17524
53 3 0 35 16836
53 3 0 36 16108
53 3 0 37 15344
53 3 0 38 14540
53 3 0 39 13700
53 3 0 40 12820
53 3 0 41 11904
53 3 0 42 10948
53 3 0 43 9956
53 3 0 44 8924
53 3 0 45 7856
53 3 0 46 6748
53 3 0 47 5600
53 3 0 48 4416
53 3 0 49 3196
53 3 0 50 2288
53 3 0 51 972
53 3 1 2 4
53 3 1 51 4
53 4 0 2 9208
53 4 0 3 40466
53 4 0 4 127574
53 4 0 5 218291
53 4 0 6 304662
53 4 0 7 390816
53 4 0 8 471990
53 4 0 9 548069
53 4 0 10 618806
53 4 0 11 684110
53 4 0 12 743710
53 4 0 13 797539
53 4 0 14 845302
53 4 0 15 886956
53 4 0 16 922182
53 4 0 17 950965
53 4 0 18 973102
53 4 0 19 988938
53 4 0 20 998476
53 4 0 21 1002101
53 4 0 22 999798
53 4 0 23 991970
53 4 0 24 978568
53 4 0 25 959863
53 4 0 26 935956
53 4 0 27 908549
53 4 0 28 877714
53 4 0 29 844052
53 4 0 30 807620
53 4 0 31 769037
53 4 0 32 728342
53 4 0 33 686172
53 4 0 34 642548
53 4 0 35 598125
53 4 0 36 552906
53 4 0 37 507564
53 4 0 38 462084
53 4 0 39 417157
53 4 0 40 372750
53 4 0 41 329572
53 4 0 42 287572
53 4 0 43 247481
53 4 0 44 209226
53 4 0 45 173552
53 4 0 46 140376
53 4 0 47 110071
53 4 0 48 83270
53 4 0 49 60624
53 4 0 50 37610
53 4 0 51 18481
53 4 1 2 196
53 4 1 3 24
53 4 1 4 28
53 4 1 5 28
53 4 1 6 28
53 4 1 7 28
53 4 1 8 28
53 4 1 9 28
53 4 1 10 28
53 4 1 11 28
53 4 1 12 28
53 4 1 13 28
53 4 1 14 28
53 4 1 15 28
53 4 1 16 28
53 4 1 17 28
53 4 1 18 28
53 4 1 19 28
53 4 1 20 28
53 4 1 21 28
53 4 1 22 28
53 4 1 23 28
53 4 1 24 28
53 4 1 25 28
53 4 1 26 28
53 4 1 27 28
53 4 1 28 28
53 4 1 29 28
53 4 1 30 28
53 4 1 31 28
53 4 1 32 28
53 4 1 33 28
53 4 1 34 28
53 4 1 35 28
53 4 1 36 28
53 4 1 37 28
53 4 1 38 28
53 4 1 39 28
53 4 1 40 28
53 4 1 41 28
53 4 1 42 28
53 4 1 43 28
53 4 1 44 28
53 4 1 45 28
53 4 1 46 28
53 4 1 47 28
53 4 1 48 28
53 4 1 49 24
53 4 1 50 24
53 4 1 51 192
53 5 0 2 16560
53 5 0 3 262430
53 5 0 4 1591886
53 5 0 5 3737170
53 5 0 6 6191482
53 5 0 7 9077190
53 5 0 8 12054234
53 5 0 9 15044266
53 5 0 10 17974614
53 5 0 11 20785058
53 5 0 12 23419454
53 5 0 13 25834758
53 5 0 14 27991718
53 5 0 15 29864306
53 5 0 16 31429914
53 5 0 17 32679918
53 5 0 18 33607270
53 5 0 19 34216354
53 5 0 20 34511146
53 5 0 21 34506102
53 5 0 22 34215302
53 5 0 23 33664058
53 5 0 24 32875262
53 5 0 25 31882314
53 5 0 26 30713660
53 5 0 27 29394448
53 5 0 28 27946244
53 5 0 29 26395760
53 5 0 30 24763512
53 5 0 31 23073596
53 5 0 32 21344444
53 5 0 33 19597460
53 5 0 34 17849056
53 5 0 35 16117892
53 5 0 36 14418412
53 5 0 37 12766468
53 5 0 38 11174608
53 5 0 39 9655804
53 5 0 40 8220776
53 5 0 41 6879560
53 5 0 42 5641100
53 5 0 43 4512852
53 5 0 44 3501600
53 5 0 45 2611296
53 5 0 46 1847980
53 5 0 47 1220424
53 5 0 48 727140
53 5 0 49 370102
53 5 0 50 104356
53 5 1 2 736
53 5 1 3 2276
53 5 1 4 3132
53 5 1 5 3600
53 5 1 6 3620
53 5 1 7 3640
53 5 1 8 3660
53 5 1 9 3680
53 5 1 10 3700
53 5 1 11 3720
53 5 1 12 3740
53 5 1 13 3760
53 5 1 14 3780
53 5 1 15 3800
53 5 1 16 3820
53 5 1 17 3840
53 5 1 18 3860
53 5 1 19 3880
53 5 1 20 3900
53 5 1 21 3920
53 5 1 22 3940
53 5 1 23 3960
53 5 1 24 3980
53 5 1 25 3980
53 5 1 26 3940
53 5 1 27 3880
53 5 1 28 3820
53 5 1 29 3760
53 5 1 30 3700
53 5 1 31 3640
53 5 1 32 3580
53 5 1 33 3520
53 5 1 34 3460
53 5 1 35 3400
53 5 1 36 3340
53 5 1 37 3280
53 5 1 38 3220
53 5 1 39 3160
53 5 1 40 3100
53 5 1 41 3040
53 5 1 42 2980
53 5 1 43 2920
53 5 1 44 2860
53 5 1 45 2800
53 5 1 46 2744
53 5 1 47 2688
53 5 1 48 2652
53 5 1 49 2260
53 5 1 50 2244
53 5 2 2 4
53 5 2 3 4
53 5 2 49 4
53 5 2 50 4
54 0 0 1 1
54 0 0 54 1
54 1 0 2 4
54 1 0 3 4
54 1 0 4 4
54 1 0 5 4
54 1 0 6 4
54 1 0 7 4
54 1 0 8 4
54 1 0 9 4
54 1 0 10 4
54 1 0 11 4
54 1 0 12 4
54 1 0 13 4
54 1 0 14 4
54 1 0 15 4
54 1 0 16 4
54 1 0 17 4
54 1 0 18 4
54 1 0 19 4
54 1 0 20 4
54 1 0 21 4
54 1 0 22 4
54 1 0 23 4
54 1 0 24 4
54 1 0 25 4
54 1 0 26 4
54 1 0 27 4
54 1 0 28 4
54 1 0 29 4
54 1 0 30 4
54 1 0 31 4
54 1 0 32 4
54 1 0 33 4
54 1 0 34 4
54 1 0 35 4
54 1 0 36 4
54 1 0 37 4
54 1 0 38 4
54 1 0 39 4
54 1 0 40 4
54 1 0 41 4
54 1 0 42 4
54 1 0 43 4
54 1 0 44 4
54 1 0 45 4
54 1 0 46 4
54 1 0 47 4
54 1 0 48 4
54 1 0 49 4
54 1 0 50 4
54 1 0 51 4
54 1 0 52 4
54 1 0 53 4
54 2 0 2 206
54 2 0 3 214
54 2 0 4 312
54 2 0 5 314
54 2 0 6 316
54 2 0 7 318
54 2 0 8 320
54 2 0 9 322
54 2 0 10 324
54 2 0 11 326
54 2 0 12 328
54 2 0 13 330
54 2 0 14 332
54 2 0 15 334
54 2 0 16 336
54 2 0 17 338
54 2 0 18 340
54 2 0 19 342
54 2 0 20 344
54 2 0 21 346
54 2 0 22 348
54 2 0 23 350
54 2 0 24 352
54 2 0 25 354
54 2 0 26 356
54 2 0 27 352
54 2 0 28 346
54 2 0 29 340
54 2 0 30 334
54 2 0 31 328
54 2 0 32 322
54 2 0 33 316
54 2 0 34 310
54 2 0 35 304
54 2 0 36 298
54 2 0 37 292
54 2 0 38 286
54 2 0 39 280
54 2 0 40 274
54 2 0 41 268
54 2 0 42 262
54 2 0 43 256
54 2 0 44 250
54 2 0 45 244
54 2 0 46 238
54 2 0 47 232
54 2 0 48 226
54 2 0 49 220
54 2 0 50 214
54 2 0 51 212
54 2 0 52 206
54 2 0 53 204
54 3 0 2 392
54 3 0 3 2140
54 3 0 4 8016
54 3 0 5 9676
54 3 0 6 11240
54 3 0 7 12708
54 3 0 8 14084
54 3 0 9 15364
54 3 0 10 16552
54 3 0 11 17644
54 3 0 12 18644
54 3 0 13 19548
54 3 0 14 20360
54 3 0 15 21076
54 3 0 16 21700
54 3 0 17 22228
54 3 0 18 22664
54 3 0 19 23004
54 3 0 20 23252
54 3 0 21 23404
54 3 0 22 23464
54 3 0 23 23428
54 3 0 24 23300
54 3 0 25 23076
54 3 0 26 22760
54 3 0 27 22380
54 3 0 28 21968
54 3 0 29 21516
54 3 0 30 21028
54 3 0 31 20500
54 3 0 32 19936
54 3 0 33 19332
54 3 0 34 18692
54 3 0 35 18012
54 3 0 36 17296
54 3 0 37 16540
54 3 0 38 15748
54 3 0 39 14916
54 3 0 40 14048
54 3 0 41 13140
54 3 0 42 12196
54 3 0 43 11212
54 3 0 44 10192
54 3 0 45 9132
54 3 0 46 8036
54 3 0 47 6900
54 3 0 48 5724
54 3 0 49 4512
54 3 0 50 3264
54 3 0 51 2336
54 3 0 52 992
54 3 1 2 4
54 3 1 52 4
54 4 0 2 9596
54 4 0 3 42099
54 4 0 4 133376
54 4 0 5 228135
54 4 0 6 318493
54 4 0 7 408683
54 4 0 8 493862
54 4 0 9 573795
54 4 0 10 648379
54 4 0 11 717355
54 4 0 12 780644
54 4 0 13 837963
54 4 0 14 889257
54 4 0 15 934219
54 4 0 16 972818
54 4 0 17 1004723
54 4 0 18 1029993
54 4 0 19 1048573
54 4 0 20 1060840
54 4 0 21 1066787
54 4 0 22 1066809
54 4 0 23 1060881
54 4 0 24 1049412
54 4 0 25 1032245
54 4 0 26 1009675
54 4 0 27 982672
54 4 0 28 952298
54 4 0 29 918586
54 4 0 30 882147
54 4 0 31 843028
54 4 0 32 801858
54 4 0 33 758666
54 4 0 34 714099
54 4 0 35 668168
54 4 0 36 621538
54 4 0 37 574202
54 4 0 38 526843
54 4 0 39 479436
54 4 0 40 432682
54 4 0 41 386538
54 4 0 42 341723
54 4 0 43 298176
54 4 0 44 256638
54 4 0 45 217026
54 4 0 46 180095
54 4 0 47 145752
54 4 0 48 114370
54 4 0 49 86590
54 4 0 50 63069
54 4 0 51 39178
54 4 0 52 19258
54 4 1 2 200
54 4 1 3 24
54 4 1 4 28
54 4 1 5 28
54 4 1 6 28
54 4 1 7 28
54 4 1 8 28
54 4 1 9 28
54 4 1 10 28
54 4 1 11 28
54 4 1 12 28
54 4 1 13 28
54 4 1 14 28
54 4 1 15 28
54 4 1 16 28
54 4 1 17 28
54 4 1 18 28
54 4 1 19 28
54 4 1 20 28
54 4 1 21 28
54 4 1 22 28
54 4 1 23 28
54 4 1 24 28
54 4 1 25 28
54 4 1 26 28
54 4 1 27 28
54 4 1 28 28
54 4 1 29 28
54 4 1 30 28
54 4 1 31 28
54 4 1 32 28
54 4 1 33 28
54 4 1 34 28
54 4 1 35 28
54 4 1 36 28
54 4 1 37 28
54 4 1 38 28
54 4 1 39 28
54 4 1 40 28
54 4 1 41 28
54 4 1 42 28
54 4 1 43 28
54 4 1 44 28
54 4 1 45 28
54 4 1 46 28
54 4 1 47 28
54 4 1 48 28
54 4 1 49 28
54 4 1 50 24
54 4 1 51 24
54 4 1 52 196
54 5 0 2 17296
54 5 0 3 274150
54 5 0 4 1684344
54 5 0 5 3959640
54 5 0 6 6563576
54 5 0 7 9631376
54 5 0 8 12803884
54 5 0 9 15996676
54 5 0 10 19138264
54 5 0 11 22161480
54 5 0 12 25012072
54 5 0 13 27639668
54 5 0 14 30007116
54 5 0 15 32080652
54 5 0 16 33840556
54 5 0 17 35269628
54 5 0 18 36364672
54 5 0 19 37122832
54 5 0 20 37551988
54 5 0 21 37659356
54 5 0 22 37463668
54 5 0 23 36982092
54 5 0 24 36243220
54 5 0 25 35273676
54 5 0 26 34108824
54 5 0 27 32773352
54 5 0 28 31292856
54 5 0 29 29689900
54 5 0 30 27991296
54 5 0 31 26217468
54 5 0 32 24392596
54 5 0 33 22535036
54 5 0 34 20666260
54 5 0 35 18802620
54 5 0 36 16962828
54 5 0 37 15161284
54 5 0 38 13413876
54 5 0 39 11733124
54 5 0 40 10132020
54 5 0 41 8621272
54 5 0 42 7210920
54 5 0 43 5909912
54 5 0 44 4725704
54 5 0 45 3665088
54 5 0 46 2731988
54 5 0 47 1932492
54 5 0 48 1275516
54 5 0 49 759488
54 5 0 50 386418
54 5 0 51 108880
54 5 1 2 752
54 5 1 3 2324
54 5 1 4 3200
54 5 1 5 3676
54 5 1 6 3696
54 5 1 7 3716
54 5 1 8 3736
54 5 1 9 3756
54 5 1 10 3776
54 5 1 11 3796
54 5 1 12 3816
54 5 1 13 3836
54 5 1 14 3856
54 5 1 15 3876
54 5 1 16 3896
54 5 1 17 3916
54 5 1 18 3936
54 5 1 19 3956
54 5 1 20 3976
54 5 1 21 3996
54 5 1 22 4016
54 5 1 23 4036
54 5 1 24 4056
54 5 1 25 4072
54 5 1 26 4052
54 5 1 27 3996
54 5 1 28 3936
54 5 1 29 3876
54 5 1 30 3816
54 5 1 31 3756
54 5 1 32 3696
54 5 1 33 3636
54 5 1 34 3576
54 5 1 35 3516
54 5 1 36 3456
54 5 1 37 3396
54 5 1 38 3336
54 5 1 39 3276
54 5 1 40 3216
54 5 1 41 3156
54 5 1 42 3096
54 5 1 43 3036
54 5 1 44 2976
54 5 1 45 2916
54 5 1 46 2856
54 5 1 47 2800
54 5 1 48 2744
54 5 1 49 2708
54 5 1 50 2308
54 5 1 51 2292
54 5 2 2 4
54 5 2 3 4
54 5 2 50 4
54 5 2 51 4
55 0 0 1 1
55 0 0 55 1
55 1 0 2 4
55 1 0 3 4
55 1 0 4 4
55 1 0 5 4
55 1 0 6 4
55 1 0 7 4
55 1 0 8 4
55 1 0 9 4
55 1 0 10 4
55 1 0 11 4
55 1 0 12 4
55 1 0 13 4
55 1 0 14 4
55 1 0 15 4
55 1 0 16 4
55 1 0 17 4
55 1 0 18 4
55 1 0 19 4
55 1 0 20 4
55 1 0 21 4
55 1 0 22 4
55 1 0 23 4
55 1 0 24 4
55 1 0 25 4
55 1 0 26 4
55 1 0 27 4
55 1 0 28 4
55 1 0 29 4
55 1 0 30 4
55 1 0 31 4
55 1 0 32 4
55 1 0 33 4
55 1 0 34 4
55 1 0 35 4
55 1 0 36 4
55 1 0 37 4
55 1 0 38 4
55 1 0 39 4
55 1 0 40 4
55 1 0 41 4
55 1 0 42 4
55 1 0 43 4
55 1 0 44 4
55 1 0 45 4
55 1 0 46 4
55 1 0 47 4
55 1 0 48 4
55 1 0 49 4
55 1 0 50 4
55 1 0 51 4
55 1 0 52 4
55 1 0 53 4
55 1 0 54 4
55 2 0 2 210
55 2 0 3 218
55 2 0 4 318
55 2 0 5 320
55 2 0 6 322
55 2 0 7 324
55 2 0 8 326
55 2 0 9 328
55 2 0 10 330
55 2 0 11 332
55 2 0 12 334
55 2 0 13 336
55 2 0 14 338
55 2 0 15 340
55 2 0 16 342
55 2 0 17 344
55 2 0 18 346
55 2 0 19 348
55 2 0 20 350
55 2 0 21 352
55 2 0 22 354
55 2 0 23 356
55 2 0 24 358
55 2 0 25 360
55 2 0 26 362
55 2 0 27 362
55 2 0 28 356
55 2 0 29 350
55 2 0 30 344
55 2 0 31 338
55 2 0 32 332
55 2 0 33 326
55 2 0 34 320
55 2 0 35 314
55 2 0 36 308
55 2 0 37 302
55 2 0 38 296
55 2 0 39 290
55 2 0 40 284
55 2 0 41 278
55 2 0 42 272
55 2 0 43 266
55 2 0 44 260
55 2 0 45 254
55 2 0 46 248
55 2 0 47 242
55 2 0 48 236
55 2 0 49 230
55 2 0 50 224
55 2 0 51 218
55 2 0 52 216
55 2 0 53 210
55 2 0 54 208
55 3 0 2 400
55 3 0 3 2184
55 3 0 4 8276
55 3 0 5 9976
55 3 0 6 11576
55 3 0 7 13084
55 3 0 8 14496
55 3 0 9 15816
55 3 0 10 17040
55 3 0 11 18172
55 3 0 12 19208
55 3 0 13 20152
55 3 0 14 21000
55 3 0 15 21756
55 3 0 16 22416
55 3 0 17 22984
55 3 0 18 23456
55 3 0 19 23836
55 3 0 20 24120
55 3 0 21 24312
55 3 0 22 24408
55 3 0 23 24412
55 3 0 24 24320
55 3 0 25 24136
55 3 0 26 23856
55 3 0 27 23496
55 3 0 28 23092
55 3 0 29 22652
55 3 0 30 22172
55 3 0 31 21656
55 3 0 32 21100
55 3 0 33 20508
55 3 0 34 19876
55 3 0 35 19208
55 3 0 36 18500
55 3 0 37 17756
55 3 0 38 16972
55 3 0 39 16152
55 3 0 40 15292
55 3 0 41 14396
55 3 0 42 13460
55 3 0 43 12488
55 3 0 44 11476
55 3 0 45 10428
55 3 0 46 9340
55 3 0 47 8216
55 3 0 48 7052
55 3 0 49 5848
55 3 0 50 4608
55 3 0 51 3332
55 3 0 52 2384
55 3 0 53 1012
55 3 1 2 4
55 3 1 53 4
55 4 0 2 9992
55 4 0 3 43764
55 4 0 4 139312
55 4 0 5 238132
55 4 0 6 332448
55 4 0 7 426813
55 4 0 8 516028
55 4 0 9 599978
55 4 0 10 678416
55 4 0 11 751251
55 4 0 12 818212
55 4 0 13 879232
55 4 0 14 934016
55 4 0 15 982521
55 4 0 16 1024428
55 4 0 17 1059718
55 4 0 18 1088070
55 4 0 19 1109713
55 4 0 20 1124644
55 4 0 21 1133250
55 4 0 22 1135514
55 4 0 23 1131841
55 4 0 24 1122196
55 4 0 25 1106986
55 4 0 26 1086004
55 4 0 27 1059858
55 4 0 28 1029804
55 4 0 29 996447
55 4 0 30 959842
55 4 0 31 920610
55 4 0 32 878788
55 4 0 33 835015
55 4 0 34 789310
55 4 0 35 742330
55 4 0 36 694076
55 4 0 37 645223
55 4 0 38 595754
55 4 0 39 546362
55 4 0 40 497012
55 4 0 41 448415
55 4 0 42 400518
55 4 0 43 354050
55 4 0 44 308940
55 4 0 45 265939
55 4 0 46 224954
55 4 0 47 186750
55 4 0 48 151224
55 4 0 49 118749
55 4 0 50 89974
55 4 0 51 65562
55 4 0 52 40778
55 4 0 53 20051
55 4 1 2 204
55 4 1 3 24
55 4 1 4 28
55 4 1 5 28
55 4 1 6 28
55 4 1 7 28
55 4 1 8 28
55 4 1 9 28
55 4 1 10 28
55 4 1 11 28
55 4 1 12 28
55 4 1 13 28
55 4 1 14 28
55 4 1 15 28
55 4 1 16 28
55 4 1 17 28
55 4 1 18 28
55 4 1 19 28
55 4 1 20 28
55 4 1 21 28
55 4 1 22 28
55 4 1 23 28
55 4 1 24 28
55 4 1 25 28
55 4 1 26 28
55 4 1 27 28
55 4 1 28 28
55 4 1 29 28
55 4 1 30 28
55 4 1 31 28
55 4 1 32 28
55 4 1 33 28
55 4 1 34 28
55 4 1 35 28
55 4 1 36 28
55 4 1 37 28
55 4 1 38 28
55 4 1 39 28
55 4 1 40 28
55 4 1 41 28
55 4 1 42 28
55 4 1 43 28
55 4 1 44 28
55 4 1 45 28
55 4 1 46 28
55 4 1 47 28
55 4 1 48 28
55 4 1 49 28
55 4 1 50 28
55 4 1 51 24
55 4 1 52 24
55 4 1 53 200
55 5 0 2 18048
55 5 0 3 286126
55 5 0 4 1780344
55 5 0 5 4190952
55 5 0 6 6948544
55 5 0 7 10205872
55 5 0 8 13578648
55 5 0 9 16983340
55 5 0 10 20341776
55 5 0 11 23588464
55 5 0 12 26661956
55 5 0 13 29513932
55 5 0 14 32099504
55 5 0 15 34387808
55 5 0 16 36350496
55 5 0 17 37973724
55 5 0 18 39246132
55 5 0 19 40168876
55 5 0 20 40742348
55 5 0 21 40978684
55 5 0 22 40888196
55 5 0 23 40493176
55 5 0 24 39814816
55 5 0 25 38884088
55 5 0 26 37730252
55 5 0 27 36389396
55 5 0 28 34881972
55 5 0 29 33236320
55 5 0 30 31474900
55 5 0 31 29624624
55 5 0 32 27705824
55 5 0 33 25742764
55 5 0 34 23753724
55 5 0 35 21760244
55 5 0 36 19778616
55 5 0 37 17827604
55 5 0 38 15921564
55 5 0 39 14076420
55 5 0 40 12304664
55 5 0 41 10619308
55 5 0 42 9031048
55 5 0 43 7549928
55 5 0 44 6184900
55 5 0 45 4943420
55 5 0 46 3832288
55 5 0 47 2855400
55 5 0 48 2018892
55 5 0 49 1331824
55 5 0 50 792540
55 5 0 51 403086
55 5 0 52 113500
55 5 1 2 768
55 5 1 3 2372
55 5 1 4 3264
55 5 1 5 3752
55 5 1 6 3772
55 5 1 7 3792
55 5 1 8 3812
55 5 1 9 3832
55 5 1 10 3852
55 5 1 11 3872
55 5 1 12 3892
55 5 1 13 3912
55 5 1 14 3932
55 5 1 15 3952
55 5 1 16 3972
55 5 1 17 3992
55 5 1 18 4012
55 5 1 19 4032
55 5 1 20 4052
55 5 1 21 4072
55 5 1 22 4092
55 5 1 23 4112
55 5 1 24 4132
55 5 1 25 4152
55 5 1 26 4152
55 5 1 27 4112
55 5 1 28 4052
55 5 1 29 3992
55 5 1 30 3932
55 5 1 31 3872
55 5 1 32 3812
55 5 1 33 3752
55 5 1 34 3692
55 5 1 35 3632
55 5 1 36 3572
55 5 1 37 3512
55 5 1 38 3452
55 5 1 39 3392
55 5 1 40 3332
55 5 1 41 3272
55 5 1 42 3212
55 5 1 43 3152
55 5 1 44 3092
55 5 1 45 3032
55 5 1 46 2972
55 5 1 47 2912
55 5 1 48 2856
55 5 1 49 2800
55 5 1 50 2764
55 5 1 51 2356
55 5 1 52 2340
55 5 2 2 4
55 5 2 3 4
55 5 2 51 4
55 5 2 52 4
56 0 0 1 1
56 0 0 56 1
56 1 0 2 4
56 1 0 3 4
56 1 0 4 4
56 1 0 5 4
56 1 0 6 4
56 1 0 7 4
56 1 0 8 4
56 1 0 9 4
56 1 0 10 4
56 1 0 11 4
56 1 0 12 4
56 1 0 13 4
56 1 0 14 4
56 1 0 15 4
56 1 0 16 4
56 1 0 17 4
56 1 0 18 4
56 1 0 19 4
56 1 0 20 4
56 1 0 21 4
56 1 0 22 4
56 1 0 23 4
56 1 0 24 4
56 1 0 25 4
56 1 0 26 4
56 1 0 27 4
56 1 0 28 4
56 1 0 29 4
56 1 0 30 4
56 1 0 31 4
56 1 0 32 4
56 1 0 33 4
56 1 0 34 4
56 1 0 35 4
56 1 0 36 4
56 1 0 37 4
56 1 0 38 4
56 1 0 39 4
56 1 0 40 4
56 1 0 41 4
56 1 0 42 4
56 1 0 43 4
56 1 0 44 4
56 1 0 45 4
56 1 0 46 4
56 1 0 47 4
56 1 0 48 4
56 1 0 49 4
56 1 0 50 4
56 1 0 51 4
56 1 0 52 4
56 1 0 53 4
56 1 0 54 4
56 1 0 55 4
56 2 0 2 214
56 2 0 3 222
56 2 0 4 324
56 2 0 5 326
56 2 0 6 328
56 2 0 7 330
56 2 0 8 332
56 2 0 9 334
56 2 0 10 336
56 2 0 11 338
56 2 0 12 340
56 2 0 13 342
56 2 0 14 344
56 2 0 15 346
56 2 0 16 348
56 2 0 17 350
56 2 0 18 352
56 2 0 19 354
56 2 0 20 356
56 2 0 21 358
56 2 0 22 360
56 2 0 23 362
56 2 0 24 364
56 2 0 25 366
56 2 0 26 368
56 2 0 27 370
56 2 0 28 366
56 2 0 29 360
56 2 0 30 354
56 2 0 31 348
56 2 0 32 342
56 2 0 33 336
56 2 0 34 330
56 2 0 35 324
56 2 0 36 318
56 2 0 37 312
56 2 0 38 306
56 2 0 39 300
56 2 0 40 294
56 2 0 41 288
56 2 0 42 282
56 2 0 43 276
56 2 0 44 270
56 2 0 45 264
56 2 0 46 258
56 2 0 47 252
56 2 0 48 246
56 2 0 49 240
56 2 0 50 234
56 2 0 51 228
56 2 0 52 222
56 2 0 53 220
56 2 0 54 214
56 2 0 55 212
56 3 0 2 408
56 3 0 3 2228
56 3 0 4 8552
56 3 0 5 10288
56 3 0 6 11928
56 3 0 7 13472
56 3 0 8 14924
56 3 0 9 16280
56 3 0 10 17544
56 3 0 11 18712
56 3 0 12 19788
56 3 0 13 20768
56 3 0 14 21656
56 3 0 15 22448
56 3 0 16 23148
56 3 0 17 23752
56 3 0 18 24264
56 3 0 19 24680
56 3 0 20 25004
56 3 0 21 25232
56 3 0 22 25368
56 3 0 23 25408
56 3 0 24 25356
56 3 0 25 25208
56 3 0 26 24968
56 3 0 27 24632
56 3 0 28 24236
56 3 0 29 23804
56 3 0 30 23336
56 3 0 31 22828
56 3 0 32 22284
56 3 0 33 21700
56 3 0 34 21080
56 3 0 35 20420
56 3 0 36 19724
56 3 0 37 18988
56 3 0 38 18216
56 3 0 39 17404
56 3 0 40 16556
56 3 0 41 15668
56 3 0 42 14744
56 3 0 43 13780
56 3 0 44 12780
56 3 0 45 11740
56 3 0 46 10664
56 3 0 47 9548
56 3 0 48 8396
56 3 0 49 7204
56 3 0 50 5972
56 3 0 51 4704
56 3 0 52 3400
56 3 0 53 2432
56 3 0 54 1032
56 3 1 2 4
56 3 1 54 4
56 4 0 2 10396
56 4 0 3 45461
56 4 0 4 145405
56 4 0 5 248441
56 4 0 6 346918
56 4 0 7 445501
56 4 0 8 538903
56 4 0 9 626889
56 4 0 10 709356
56 4 0 11 786045
56 4 0 12 856877
56 4 0 13 921569
56 4 0 14 980066
56 4 0 15 1032061
56 4 0 16 1077523
56 4 0 17 1116121
56 4 0 18 1147852
56 4 0 19 1172501
56 4 0 20 1190425
56 4 0 21 1201615
56 4 0 22 1206468
56 4 0 23 1204957
56 4 0 24 1197497
56 4 0 25 1184039
56 4 0 26 1164898
56 4 0 27 1139875
56 4 0 28 1110505
56 4 0 29 1077352
56 4 0 30 1040996
56 4 0 31 1001482
56 4 0 32 959441
56 4 0 33 914900
56 4 0 34 868508
56 4 0 35 820274
56 4 0 36 770865
56 4 0 37 720272
56 4 0 38 669180
56 4 0 39 617562
56 4 0 40 566121
56 4 0 41 514812
56 4 0 42 464356
56 4 0 43 414690
56 4 0 44 366553
56 4 0 45 319864
56 4 0 46 275384
56 4 0 47 233010
56 4 0 48 193517
56 4 0 49 156792
56 4 0 50 123208
56 4 0 51 93422
56 4 0 52 68103
56 4 0 53 42410
56 4 0 54 20860
56 4 1 2 208
56 4 1 3 24
56 4 1 4 28
56 4 1 5 28
56 4 1 6 28
56 4 1 7 28
56 4 1 8 28
56 4 1 9 28
56 4 1 10 28
56 4 1 11 28
56 4 1 12 28
56 4 1 13 28
56 4 1 14 28
56 4 1 15 28
56 4 1 16 28
56 4 1 17 28
56 4 1 18 28
56 4 1 19 28
56 4 1 20 28
56 4 1 21 28
56 4 1 22 28
56 4 1 23 28
56 4 1 24 28
56 4 1 25 28
56 4 1 26 28
56 4 1 27 28
56 4 1 28 28
56 4 1 29 28
56 4 1 30 28
56 4 1 31 28
56 4 1 32 28
56 4 1 33 28
56 4 1 34 28
56 4 1 35 28
56 4 1 36 28
56 4 1 37 28
56 4 1 38 28
56 4 1 39 28
56 4 1 40 28
56 4 1 41 28
56 4 1 42 28
56 4 1 43 28
56 4 1 44 28
56 4 1 45 28
56 4 1 46 28
56 4 1 47 28
56 4 1 48 28
56 4 1 49 28
56 4 1 50 28
56 4 1 51 28
56 4 1 52 24
56 4 1 53 24
56 4 1 54 204
56 5 0 2 18816
56 5 0 3 298358
56 5 0 4 1879648
56 5 0 5 4430236
56 5 0 6 7348552
56 5 0 7 10801876
56 5 0 8 14385180
56 5 0 9 18008544
56 5 0 10 21595216
56 5 0 11 25072692
56 5 0 12 28381452
56 5 0 13 31465528
56 5 0 14 34282868
56 5 0 15 36794008
56 5 0 16 38973988
56 5 0 17 40800392
56 5 0 18 42265128
56 5 0 19 43361420
56 5 0 20 44094764
56 5 0 21 44468660
56 5 0 22 44498824
56 5 0 23 44199544
56 5 0 24 43596496
56 5 0 25 42713820
56 5 0 26 41586528
56 5 0 27 40245468
56 5 0 28 38722932
56 5 0 29 37039520
56 5 0 30 35224840
56 5 0 31 33301244
56 5 0 32 31295744
56 5 0 33 29228580
56 5 0 34 27124100
56 5 0 35 25000508
56 5 0 36 22879412
56 5 0 37 20777044
56 5 0 38 18712220
56 5 0 39 16699252
56 5 0 40 14754100
56 5 0 41 12889228
56 5 0 42 11117668
56 5 0 43 9450104
56 5 0 44 7896584
56 5 0 45 6466064
56 5 0 46 5166000
56 5 0 47 4003200
56 5 0 48 2981532
56 5 0 49 2107180
56 5 0 50 1389348
56 5 0 51 826296
56 5 0 52 420106
56 5 0 53 118216
56 5 1 2 784
56 5 1 3 2420
56 5 1 4 3332
56 5 1 5 3828
56 5 1 6 3848
56 5 1 7 3868
56 5 1 8 3888
56 5 1 9 3908
56 5 1 10 3928
56 5 1 11 3948
56 5 1 12 3968
56 5 1 13 3988
56 5 1 14 4008
56 5 1 15 4028
56 5 1 16 4048
56 5 1 17 4068
56 5 1 18 4088
56 5 1 19 4108
56 5 1 20 4128
56 5 1 21 4148
56 5 1 22 4168
56 5 1 23 4188
56 5 1 24 4208
56 5 1 25 4228
56 5 1 26 4244
56 5 1 27 4224
56 5 1 28 4168
56 5 1 29 4108
56 5 1 30 4048
56 5 1 31 3988
56 5 1 32 3928
56 5 1 33 3868
56 5 1 34 3808
56 5 1 35 3748
56 5 1 36 3688
56 5 1 37 3628
56 5 1 38 3568
56 5 1 39 3508
56 5 1 40 3448
56 5 1 41 3388
56 5 1 42 3328
56 5 1 43 3268
56 5 1 44 3208
56 5 1 45 3148
56 5 1 46 3088
56 5 1 47 3028
56 5 1 48 2968
56 5 1 49 2912
56 5 1 50 2856
56 5 1 51 2820
56 5 1 52 2404
56 5 1 53 2388
56 5 2 2 4
56 5 2 3 4
56 5 2 52 4
56 5 2 53 4
57 0 0 1 1
57 0 0 57 1
57 1 0 2 4
57 1 0 3 4
57 1 0 4 4
57 1 0 5 4
57 1 0 6 4
57 1 0 7 4
57 1 0 8 4
57 1 0 9 4
57 1 0 10 4
57 1 0 11 4
57 1 0 12 4
57 1 0 13 4
57 1 0 14 4
57 1 0 15 4
57 1 0 16 4
57 1 0 17 4
57 1 0 18 4
57 1 0 19 4
57 1 0 20 4
57 1 0 21 4
57 1 0 22 4
57 1 0 23 4
57 1 0 24 4
57 1 0 25 4
57 1 0 26 4
57 1 0 27 4
57 1 0 28 4
57 1 0 29 4
57 1 0 30 4
57 1 0 31 4
57 1 0 32 4
57 1 0 33 4
57 1 0 34 4
57 1 0 35 4
57 1 0 36 4
57 1 0 37 4
57 1 0 38 4
57 1 0 39 4
57 1 0 40 4
57 1 0 41 4
57 1 0 42 4
57 1 0 43 4
57 1 0 44 4
57 1 0 45 4
57 1 0 46 4
57 1 0 47 4
57 1 0 48 4
57 1 0 49 4
57 1 0 50 4
57 1 0 51 4
57 1 0 52 4
57 1 0 53 4
57 1 0 54 4
57 1 0 55 4
57 1 0 56 4
57 2 0 2 218
57 2 0 3 226
57 2 0 4 330
57 2 0 5 332
57 2 0 6 334
57 2 0 7 336
57 2 0 8 338
57 2 0 9 340
57 2 0 10 342
57 2 0 11 344
57 2 0 12 346
57 2 0 13 348
57 2 0 14 350
57 2 0 15 352
57 2 0 16 354
57 2 0 17 356
57 2 0 18 358
57 2 0 19 360
57 2 0 20 362
57 2 0 21 364
57 2 0 22 366
57 2 0 23 368
57 2 0 24 370
57 2 0 25 372
57 2 0 26 374
57 2 0 27 376
57 2 0 28 376
57 2 0 29 370
57 2 0 30 364
57 2 0 31 358
57 2 0 32 352
57 2 0 33 346
57 2 0 34 340
57 2 0 35 334
57 2 0 36 328
57 2 0 37 322
57 2 0 38 316
57 2 0 39 310
57 2 0 40 304
57 2 0 41 298
57 2 0 42 292
57 2 0 43 286
57 2 0 44 280
57 2 0 45 274
57 2 0 46 268
57 2 0 47 262
57 2 0 48 256
57 2 0 49 250
57 2 0 50 244
57 2 0 51 238
57 2 0 52 232
57 2 0 53 226
57 2 0 54 224
57 2 0 55 218
57 2 0 56 216
57 3 0 2 416
57 3 0 3 2272
57 3 0 4 8820
57 3 0 5 10596
57 3 0 6 12272
57 3 0 7 13856
57 3 0 8 15344
57 3 0 9 16740
57 3 0 10 18040
57 3 0 11 19248
57 3 0 12 20360
57 3 0 13 21380
57 3 0 14 22304
57 3 0 15 23136
57 3 0 16 23872
57 3 0 17 24516
57 3 0 18 25064
57 3 0 19 25520
57 3 0 20 25880
57 3 0 21 26148
57 3 0 22 26320
57 3 0 23 26400
57 3 0 24 26384
57 3 0 25 26276
57 3 0 26 26072
57 3 0 27 25776
57 3 0 28 25396
57 3 0 29 24976
57 3 0 30 24516
57 3 0 31 24020
57 3 0 32 23484
57 3 0 33 22912
57 3 0 34 22300
57 3 0 35 21652
57 3 0 36 20964
57 3 0 37 20240
57 3 0 38 19476
57 3 0 39 18676
57 3 0 40 17836
57 3 0 41 16960
57 3 0 42 16044
57 3 0 43 15092
57 3 0 44 14100
57 3 0 45 13072
57 3 0 46 12004
57 3 0 47 10900
57 3 0 48 9756
57 3 0 49 8576
57 3 0 50 7356
57 3 0 51 6096
57 3 0 52 4800
57 3 0 53 3468
57 3 0 54 2480
57 3 0 55 1052
57 3 1 2 4
57 3 1 55 4
57 4 0 2 10808
57 4 0 3 47190
57 4 0 4 151632
57 4 0 5 258899
57 4 0 6 361504
57 4 0 7 464444
57 4 0 8 562064
57 4 0 9 654249
57 4 0 10 740752
57 4 0 11 821482
57 4 0 12 896168
57 4 0 13 964743
57 4 0 14 1026912
57 4 0 15 1082632
57 4 0 16 1131584
57 4 0 17 1173749
57 4 0 18 1208784
57 4 0 19 1236760
57 4 0 20 1257610
57 4 0 21 1271723
57 4 0 22 1279080
57 4 0 23 1280088
57 4 0 24 1274710
57 4 0 25 1263371
57 4 0 26 1246000
57 4 0 27 1222882
57 4 0 28 1194126
57 4 0 29 1161584
57 4 0 30 1125316
57 4 0 31 1085945
57 4 0 32 1043506
57 4 0 33 998640
57 4 0 34 951364
57 4 0 35 902337
57 4 0 36 851558
57 4 0 37 799704
57 4 0 38 746756
57 4 0 39 693409
57 4 0 40 639626
57 4 0 41 586120
57 4 0 42 532836
57 4 0 43 480505
57 4 0 44 429054
57 4 0 45 379232
57 4 0 46 330948
57 4 0 47 284973
57 4 0 48 241194
57 4 0 49 200396
57 4 0 50 162456
57 4 0 51 127747
57 4 0 52 96934
57 4 0 53 70692
57 4 0 54 44074
57 4 0 55 21685
57 4 1 2 212
57 4 1 3 24
57 4 1 4 28
57 4 1 5 28
57 4 1 6 28
57 4 1 7 28
57 4 1 8 28
57 4 1 9 28
57 4 1 10 28
57 4 1 11 28
57 4 1 12 28
57 4 1 13 28
57 4 1 14 28
57 4 1 15 28
57 4 1 16 28
57 4 1 17 28
57 4 1 18 28
57 4 1 19 28
57 4 1 20 28
57 4 1 21 28
57 4 1 22 28
57 4 1 23 28
57 4 1 24 28
57 4 1 25 28
57 4 1 26 28
57 4 1 27 28
57 4 1 28 28
57 4 1 29 28
57 4 1 30 28
57 4 1 31 28
57 4 1 32 28
57 4 1 33 28
57 4 1 34 28
57 4 1 35 28
57 4 1 36 28
57 4 1 37 28
57 4 1 38 28
57 4 1 39 28
57 4 1 40 28
57 4 1 41 28
57 4 1 42 28
57 4 1 43 28
57 4 1 44 28
57 4 1 45 28
57 4 1 46 28
57 4 1 47 28
57 4 1 48 28
57 4 1 49 28
57 4 1 50 28
57 4 1 51 28
57 4 1 52 28
57 4 1 53 24
57 4 1 54 24
57 4 1 55 208
57 5 0 2 19600
57 5 0 3 310846
57 5 0 4 1982618
57 5 0 5 4678678
57 5 0 6 7761834
57 5 0 7 11418862
57 5 0 8 15217510
57 5 0 9 19068930
57 5 0 10 22889594
57 5 0 11 26608762
57 5 0 12 30159406
57 5 0 13 33488254
57 5 0 14 36544770
57 5 0 15 39292834
57 5 0 16 41698862
57 5 0 17 43743714
57 5 0 18 45410426
57 5 0 19 46696902
57 5 0 20 47599858
57 5 0 21 48128398
57 5 0 22 48289942
57 5 0 23 48103630
57 5 0 24 47586962
57 5 0 25 46769994
57 5 0 26 45678866
57 5 0 27 44351474
57 5 0 28 42818984
57 5 0 29 41109428
57 5 0 30 39245996
57 5 0 31 37258416
57 5 0 32 35168932
57 5 0 33 33004656
57 5 0 34 30785736
57 5 0 35 28536604
57 5 0 36 26275388
57 5 0 37 24023764
57 5 0 38 21797904
57 5 0 39 19616676
57 5 0 40 17494348
57 5 0 41 15446916
57 5 0 42 13486816
57 5 0 43 11627100
57 5 0 44 9878440
57 5 0 45 8250888
57 5 0 46 6753404
57 5 0 47 5393444
57 5 0 48 4177824
57 5 0 49 3110384
57 5 0 50 2197356
57 5 0 51 1448088
57 5 0 52 860756
57 5 0 53 437478
57 5 0 54 123028
57 5 1 2 800
57 5 1 3 2468
57 5 1 4 3396
57 5 1 5 3904
57 5 1 6 3924
57 5 1 7 3944
57 5 1 8 3964
57 5 1 9 3984
57 5 1 10 4004
57 5 1 11 4024
57 5 1 12 4044
57 5 1 13 4064
57 5 1 14 4084
57 5 1 15 4104
57 5 1 16 4124
57 5 1 17 4144
57 5 1 18 4164
57 5 1 19 4184
57 5 1 20 4204
57 5 1 21 4224
57 5 1 22 4244
57 5 1 23 4264
57 5 1 24 4284
57 5 1 25 4304
57 5 1 26 4324
57 5 1 27 4324
57 5 1 28 4284
57 5 1 29 4224
57 5 1 30 4164
57 5 1 31 4104
57 5 1 32 4044
57 5 1 33 3984
57 5 1 34 3924
57 5 1 35 3864
57 5 1 36 3804
57 5 1 37 3744
57 5 1 38 3684
57 5 1 39 3624
57 5 1 40 3564
57 5 1 41 3504
57 5 1 42 3444
57 5 1 43 3384
57 5 1 44 3324
57 5 1 45 3264
57 5 1 46 3204
57 5 1 47 3144
57 5 1 48 3084
57 5 1 49 3024
57 5 1 50 2968
57 5 1 51 2912
57 5 1 52 2876
57 5 1 53 2452
57 5 1 54 2436
57 5 2 2 4
57 5 2 3 4
57 5 2 53 4
57 5 2 54 4
58 0 0 1 1
58 0 0 58 1
58 1 0 2 4
58 1 0 3 4
58 1 0 4 4
58 1 0 5 4
58 1 0 6 4
58 1 0 7 4
58 1 0 8 4
58 1 0 9 4
58 1 0 10 4
58 1 0 11 4
58 1 0 12 4
58 1 0 13 4
58 1 0 14 4
58 1 0 15 4
58 1 0 16 4
58 1 0 17 4
58 1 0 18 4
58 1 0 19 4
58 1 0 20 4
58 1 0 21 4
58 1 0 22 4
58 1 0 23 4
58 1 0 24 4
58 1 0 25 4
58 1 0 26 4
58 1 0 27 4
58 1 0 28 4
58 1 0 29 4
58 1 0 30 4
58 1 0 31 4
58 1 0 32 4
58 1 0 33 4
58 1 0 34 4
58 1 0 35 4
58 1 0 36 4
58 1 0 37 4
58 1 0 38 4
58 1 0 39 4
58 1 0 40 4
58 1 0 41 4
58 1 0 42 4
58 1 0 43 4
58 1 0 44 4
58 1 0 45 4
58 1 0 46 4
58 1 0 47 4
58 1 0 48 4
58 1 0 49 4
58 1 0 50 4
58 1 0 51 4
58 1 0 52 4
58 1 0 53 4
58 1 0 54 4
58 1 0 55 4
58 1 0 56 4
58 1 0 57 4
58 2 0 2 222
58 2 0 3 230
58 2 0 4 336
58 2 0 5 338
58 2 0 6 340
58 2 0 7 342
58 2 0 8 344
58 2 0 9 346
58 2 0 10 348
58 2 0 11 350
58 2 0 12 352
58 2 0 13 354
58 2 0 14 356
58 2 0 15 358
58 2 0 16 360
58 2 0 17 362
58 2 0 18 364
58 2 0 19 366
58 2 0 20 368
58 2 0 21 370
58 2 0 22 372
58 2 0 23 374
58 2 0 24 376
58 2 0 25 378
58 2 0 26 380
58 2 0 27 382
58 2 0 28 384
58 2 0 29 380
58 2 0 30 374
58 2 0 31 368
58 2 0 32 362
58 2 0 33 356
58 2 0 34 350
58 2 0 35 344
58 2 0 36 338
58 2 0 37 332
58 2 0 38 326
58 2 0 39 320
58 2 0 40 314
58 2 0 41 308
58 2 0 42 302
58 2 0 43 296
58 2 0 44 290
58 2 0 45 284
58 2 0 46 278
58 2 0 47 272
58 2 0 48 266
58 2 0 49 260
58 2 0 50 254
58 2 0 51 248
58 2 0 52 242
58 2 0 53 236
58 2 0 54 230
58 2 0 55 228
58 2 0 56 222
58 2 0 57 220
58 3 0 2 424
58 3 0 3 2316
58 3 0 4 9104
58 3 0 5 10916
58 3 0 6 12632
58 3 0 7 14252
58 3 0 8 15780
58 3 0 9 17212
58 3 0 10 18552
58 3 0 11 19796
58 3 0 12 20948
58 3 0 13 22004
58 3 0 14 22968
58 3 0 15 23836
58 3 0 16 24612
58 3 0 17 25292
58 3 0 18 25880
58 3 0 19 26372
58 3 0 20 26772
58 3 0 21 27076
58 3 0 22 27288
58 3 0 23 27404
58 3 0 24 27428
58 3 0 25 27356
58 3 0 26 27192
58 3 0 27 26932
58 3 0 28 26580
58 3 0 29 26164
58 3 0 30 25716
58 3 0 31 25228
58 3 0 32 24704
58 3 0 33 24140
58 3 0 34 23540
58 3 0 35 22900
58 3 0 36 22224
58 3 0 37 21508
58 3 0 38 20756
58 3 0 39 19964
58 3 0 40 19136
58 3 0 41 18268
58 3 0 42 17364
58 3 0 43 16420
58 3 0 44 15440
58 3 0 45 14420
58 3 0 46 13364
58 3 0 47 12268
58 3 0 48 11136
58 3 0 49 9964
58 3 0 50 8756
58 3 0 51 7508
58 3 0 52 6220
58 3 0 53 4896
58 3 0 54 3536
58 3 0 55 2528
58 3 0 56 1072
58 3 1 2 4
58 3 1 56 4
58 4 0 2 11228
58 4 0 3 48951
58 4 0 4 158020
58 4 0 5 269677
58 4 0 6 376617
58 4 0 7 483957
58 4 0 8 585946
58 4 0 9 682349
58 4 0 10 773063
58 4 0 11 857829
58 4 0 12 936568
58 4 0 13 1008997
58 4 0 14 1075061
58 4 0 15 1134453
58 4 0 16 1187142
58 4 0 17 1232797
58 4 0 18 1271411
58 4 0 19 1302651
58 4 0 20 1326758
58 4 0 21 1343717
58 4 0 22 1353927
58 4 0 23 1357359
58 4 0 24 1354430
58 4 0 25 1345093
58 4 0 26 1329779
58 4 0 27 1308301
58 4 0 28 1280976
58 4 0 29 1248858
58 4 0 30 1213095
58 4 0 31 1173696
58 4 0 32 1131294
58 4 0 33 1085914
58 4 0 34 1038207
58 4 0 35 988180
58 4 0 36 936502
58 4 0 37 883162
58 4 0 38 828847
58 4 0 39 773528
58 4 0 40 717910
58 4 0 41 661946
58 4 0 42 606359
58 4 0 43 551084
58 4 0 44 496862
58 4 0 45 443610
58 4 0 46 392087
58 4 0 47 342192
58 4 0 48 294706
58 4 0 49 249506
58 4 0 50 207387
58 4 0 51 168216
58 4 0 52 132366
58 4 0 53 100510
58 4 0 54 73329
58 4 0 55 45770
58 4 0 56 22526
58 4 1 2 216
58 4 1 3 24
58 4 1 4 28
58 4 1 5 28
58 4 1 6 28
58 4 1 7 28
58 4 1 8 28
58 4 1 9 28
58 4 1 10 28
58 4 1 11 28
58 4 1 12 28
58 4 1 13 28
58 4 1 14 28
58 4 1 15 28
58 4 1 16 28
58 4 1 17 28
58 4 1 18 28
58 4 1 19 28
58 4 1 20 28
58 4 1 21 28
58 4 1 22 28
58 4 1 23 28
58 4 1 24 28
58 4 1 25 28
58 4 1 26 28
58 4 1 27 28
58 4 1 28 28
58 4 1 29 28
58 4 1 30 28
58 4 1 31 28
58 4 1 32 28
58 4 1 33 28
58 4 1 34 28
58 4 1 35 28
58 4 1 36 28
58 4 1 37 28
58 4 1 38 28
58 4 1 39 28
58 4 1 40 28
58 4 1 41 28
58 4 1 42 28
58 4 1 43 28
58 4 1 44 28
58 4 1 45 28
58 4 1 46 28
58 4 1 47 28
58 4 1 48 28
58 4 1 49 28
58 4 1 50 28
58 4 1 51 28
58 4 1 52 28
58 4 1 53 28
58 4 1 54 24
58 4 1 55 24
58 4 1 56 212
58 5 0 2 20400
58 5 0 3 323590
58 5 0 4 2089000
58 5 0 5 4935352
58 5 0 6 8190676
58 5 0 7 12058060
58 5 0 8 16082660
58 5 0 9 20169156
58 5 0 10 24235544
58 5 0 11 28203768
58 5 0 12 32009316
58 5 0 13 35590600
58 5 0 14 38900308
58 5 0 15 41893732
58 5 0 16 44540612
58 5 0 17 46812812
58 5 0 18 48697588
58 5 0 19 50183176
58 5 0 20 51271932
58 5 0 21 51964452
58 5 0 22 52273308
58 5 0 23 52209120
58 5 0 24 51795392
58 5 0 25 51052648
58 5 0 26 50014184
58 5 0 27 48709896
58 5 0 28 47179452
58 5 0 29 45449656
58 5 0 30 43548884
58 5 0 31 41501400
58 5 0 32 39337048
58 5 0 33 37077964
58 5 0 34 34751360
58 5 0 35 32377292
58 5 0 36 29980276
58 5 0 37 27578364
58 5 0 38 25193300
58 5 0 39 22841196
58 5 0 40 20540972
58 5 0 41 18306852
58 5 0 42 16154868
58 5 0 43 14097428
58 5 0 44 12147604
58 5 0 45 10316056
58 5 0 46 8612840
58 5 0 47 7046920
58 5 0 48 5625752
58 5 0 49 4356160
58 5 0 50 3241956
58 5 0 51 2289420
58 5 0 52 1508044
58 5 0 53 895920
58 5 0 54 455202
58 5 0 55 127936
58 5 1 2 816
58 5 1 3 2516
58 5 1 4 3464
58 5 1 5 3980
58 5 1 6 4000
58 5 1 7 4020
58 5 1 8 4040
58 5 1 9 4060
58 5 1 10 4080
58 5 1 11 4100
58 5 1 12 4120
58 5 1 13 4140
58 5 1 14 4160
58 5 1 15 4180
58 5 1 16 4200
58 5 1 17 4220
58 5 1 18 4240
58 5 1 19 4260
58 5 1 20 4280
58 5 1 21 4300
58 5 1 22 4320
58 5 1 23 4340
58 5 1 24 4360
58 5 1 25 4380
58 5 1 26 4400
58 5 1 27 4416
58 5 1 28 4396
58 5 1 29 4340
58 5 1 30 4280
58 5 1 31 4220
58 5 1 32 4160
58 5 1 33 4100
58 5 1 34 4040
58 5 1 35 3980
58 5 1 36 3920
58 5 1 37 3860
58 5 1 38 3800
58 5 1 39 3740
58 5 1 40 3680
58 5 1 41 3620
58 5 1 42 3560
58 5 1 43 3500
58 5 1 44 3440
58 5 1 45 3380
58 5 1 46 3320
58 5 1 47 3260
58 5 1 48 3200
58 5 1 49 3140
58 5 1 50 3080
58 5 1 51 3024
58 5 1 52 2968
58 5 1 53 2932
58 5 1 54 2500
58 5 1 55 2484
58 5 2 2 4
58 5 2 3 4
58 5 2 54 4
58 5 2 55 4
59 0 0 1 1
59 0 0 59 1
59 1 0 2 4
59 1 0 3 4
59 1 0 4 4
59 1 0 5 4
59 1 0 6 4
59 1 0 7 4
59 1 0 8 4
59 1 0 9 4
59 1 0 10 4
59 1 0 11 4
59 1 0 12 4
59 1 0 13 4
59 1 0 14 4
59 1 0 15 4
59 1 0 16 4
59 1 0 17 4
59 1 0 18 4
59 1 0 19 4
59 1 0 20 4
59 1 0 21 4
59 1 0 22 4
59 1 0 23 4
59 1 0 24 4
59 1 0 25 4
59 1 0 26 4
59 1 0 27 4
59 1 0 28 4
59 1 0 29 4
59 1 0 30 4
59 1 0 31 4
59 1 0 32 4
59 1 0 33 4
59 1 0 34 4
59 1 0 35 4
59 1 0 36 4
59 1 0 37 4
59 1 0 38 4
59 1 0 39 4
59 1 0 40 4
59 1 0 41 4
59 1 0 42 4
59 1 0 43 4
59 1 0 44 4
59 1 0 45 4
59 1 0 46 4
59 1 0 47 4
59 1 0 48 4
59 1 0 49 4
59 1 0 50 4
59 1 0 51 4
59 1 0 52 4
59 1 0 53 4
59 1 0 54 4
59 1 0 55 4
59 1 0 56 4
59 1 0 57 4
59 1 0 58 4
59 2 0 2 226
59 2 0 3 234
59 2 0 4 342
59 2 0 5 344
59 2 0 6 346
59 2 0 7 348
59 2 0 8 350
59 2 0 9 352
59 2 0 10 354
59 2 0 11 356
59 2 0 12 358
59 2 0 13 360
59 2 0 14 362
59 2 0 15 364
59 2 0 16 366
59 2 0 17 368
59 2 0 18 370
59 2 0 19 372
59 2 0 20 374
59 2 0 21 376
59 2 0 22 378
59 2 0 23 380
59 2 0 24 382
59 2 0 25 384
59 2 0 26 386
59 2 0 27 388
59 2 0 28 390
59 2 0 29 390
59 2 0 30 384
59 2 0 31 378
59 2 0 32 372
59 2 0 33 366
59 2 0 34 360
59 2 0 35 354
59 2 0 36 348
59 2 0 37 342
59 2 0 38 336
59 2 0 39 330
59 2 0 40 324
59 2 0 41 318
59 2 0 42 312
59 2 0 43 306
59 2 0 44 300
59 2 0 45 294
59 2 0 46 288
59 2 0 47 282
59 2 0 48 276
59 2 0 49 270
59 2 0 50 264
59 2 0 51 258
59 2 0 52 252
59 2 0 53 246
59 2 0 54 240
59 2 0 55 234
59 2 0 56 232
59 2 0 57 226
59 2 0 58 224
59 3 0 2 432
59 3 0 3 2360
59 3 0 4 9380
59 3 0 5 11232
59 3 0 6 12984
59 3 0 7 14644
59 3 0 8 16208
59 3 0 9 17680
59 3 0 10 19056
59 3 0 11 20340
59 3 0 12 21528
59 3 0 13 22624
59 3 0 14 23624
59 3 0 15 24532
59 3 0 16 25344
59 3 0 17 26064
59 3 0 18 26688
59 3 0 19 27220
59 3 0 20 27656
59 3 0 21 28000
59 3 0 22 28248
59 3 0 23 28404
59 3 0 24 28464
59 3 0 25 28432
59 3 0 26 28304
59 3 0 27 28084
59 3 0 28 27768
59 3 0 29 27372
59 3 0 30 26932
59 3 0 31 26456
59 3 0 32 25940
59 3 0 33 25388
59 3 0 34 24796
59 3 0 35 24168
59 3 0 36 23500
59 3 0 37 22796
59 3 0 38 22052
59 3 0 39 21272
59 3 0 40 20452
59 3 0 41 19596
59 3 0 42 18700
59 3 0 43 17768
59 3 0 44 16796
59 3 0 45 15788
59 3 0 46 14740
59 3 0 47 13656
59 3 0 48 12532
59 3 0 49 11372
59 3 0 50 10172
59 3 0 51 8936
59 3 0 52 7660
59 3 0 53 6344
59 3 0 54 4992
59 3 0 55 3604
59 3 0 56 2576
59 3 0 57 1092
59 3 1 2 4
59 3 1 57 4
59 4 0 2 11656
59 4 0 3 50744
59 4 0 4 164542
59 4 0 5 280600
59 4 0 6 391838
59 4 0 7 503717
59 4 0 8 610106
59 4 0 9 710890
59 4 0 10 805822
59 4 0 11 894811
59 4 0 12 977586
59 4 0 13 1054080
59 4 0 14 1123998
59 4 0 15 1187297
59 4 0 16 1243658
59 4 0 17 1293062
59 4 0 18 1335166
59 4 0 19 1369979
59 4 0 20 1397274
59 4 0 21 1417420
59 4 0 22 1430396
59 4 0 23 1436611
59 4 0 24 1436026
59 4 0 25 1429068
59 4 0 26 1415680
59 4 0 27 1396291
59 4 0 28 1370664
59 4 0 29 1339459
59 4 0 30 1304038
59 4 0 31 1265038
59 4 0 32 1222492
59 4 0 33 1177043
59 4 0 34 1128706
59 4 0 35 1078142
59 4 0 36 1025348
59 4 0 37 971003
59 4 0 38 915086
59 4 0 39 858294
59 4 0 40 800588
59 4 0 41 742683
59 4 0 42 684522
59 4 0 43 626838
59 4 0 44 569556
59 4 0 45 513427
59 4 0 46 458358
59 4 0 47 405118
59 4 0 48 353596
59 4 0 49 304583
59 4 0 50 257946
59 4 0 51 214490
59 4 0 52 174072
59 4 0 53 137065
59 4 0 54 104150
59 4 0 55 76014
59 4 0 56 47498
59 4 0 57 23383
59 4 1 2 220
59 4 1 3 24
59 4 1 4 28
59 4 1 5 28
59 4 1 6 28
59 4 1 7 28
59 4 1 8 28
59 4 1 9 28
59 4 1 10 28
59 4 1 11 28
59 4 1 12 28
59 4 1 13 28
59 4 1 14 28
59 4 1 15 28
59 4 1 16 28
59 4 1 17 28
59 4 1 18 28
59 4 1 19 28
59 4 1 20 28
59 4 1 21 28
59 4 1 22 28
59 4 1 23 28
59 4 1 24 28
59 4 1 25 28
59 4 1 26 28
59 4 1 27 28
59 4 1 28 28
59 4 1 29 28
59 4 1 30 28
59 4 1 31 28
59 4 1 32 28
59 4 1 33 28
59 4 1 34 28
59 4 1 35 28
59 4 1 36 28
59 4 1 37 28
59 4 1 38 28
59 4 1 39 28
59 4 1 40 28
59 4 1 41 28
59 4 1 42 28
59 4 1 43 28
59 4 1 44 28
59 4 1 45 28
59 4 1 46 28
59 4 1 47 28
59 4 1 48 28
59 4 1 49 28
59 4 1 50 28
59 4 1 51 28
59 4 1 52 28
59 4 1 53 28
59 4 1 54 28
59 4 1 55 24
59 4 1 56 24
59 4 1 57 216
59 5 0 2 21216
59 5 0 3 336590
59 5 0 4 2199172
59 5 0 5 5201500
59 5 0 6 8633192
59 5 0 7 12718864
59 5 0 8 16974352
59 5 0 9 21305528
59 5 0 10 25623352
59 5 0 11 29852028
59 5 0 12 33918948
59 5 0 13 37765588
59 5 0 14 41336136
59 5 0 15 44589180
59 5 0 16 47485456
59 5 0 17 50001080
59 5 0 18 52113268
59 5 0 19 53815116
59 5 0 20 55100028
59 5 0 21 55973972
59 5 0 22 56440744
59 5 0 23 56517256
59 5 0 24 56217160
59 5 0 25 55567512
59 5 0 26 54592916
59 5 0 27 53328912
59 5 0 28 51807936
59 5 0 29 50070128
59 5 0 30 48137480
59 5 0 31 46041300
59 5 0 32 43805732
59 5 0 33 41460736
59 5 0 34 39028340
59 5 0 35 36535856
59 5 0 36 34003248
59 5 0 37 31455116
59 5 0 38 28909436
59 5 0 39 26388020
59 5 0 40 23906920
59 5 0 41 21485108
59 5 0 42 19136764
59 5 0 43 16877956
59 5 0 44 14721064
59 5 0 45 12679180
59 5 0 46 10762952
59 5 0 47 8982440
59 5 0 48 7346612
59 5 0 49 5862924
59 5 0 50 4538208
59 5 0 51 3376248
59 5 0 52 2383372
59 5 0 53 1569216
59 5 0 54 931788
59 5 0 55 473278
59 5 0 56 132940
59 5 1 2 832
59 5 1 3 2564
59 5 1 4 3528
59 5 1 5 4056
59 5 1 6 4076
59 5 1 7 4096
59 5 1 8 4116
59 5 1 9 4136
59 5 1 10 4156
59 5 1 11 4176
59 5 1 12 4196
59 5 1 13 4216
59 5 1 14 4236
59 5 1 15 4256
59 5 1 16 4276
59 5 1 17 4296
59 5 1 18 4316
59 5 1 19 4336
59 5 1 20 4356
59 5 1 21 4376
59 5 1 22 4396
59 5 1 23 4416
59 5 1 24 4436
59 5 1 25 4456
59 5 1 26 4476
59 5 1 27 4496
59 5 1 28 4496
59 5 1 29 4456
59 5 1 30 4396
59 5 1 31 4336
59 5 1 32 4276
59 5 1 33 4216
59 5 1 34 4156
59 5 1 35 4096
59 5 1 36 4036
59 5 1 37 3976
59 5 1 38 3916
59 5 1 39 3856
59 5 1 40 3796
59 5 1 41 3736
59 5 1 42 3676
59 5 1 43 3616
59 5 1 44 3556
59 5 1 45 3496
59 5 1 46 3436
59 5 1 47 3376
59 5 1 48 3316
59 5 1 49 3256
59 5 1 50 3196
59 5 1 51 3136
59 5 1 52 3080
59 5 1 53 3024
59 5 1 54 2988
59 5 1 55 2548
59 5 1 56 2532
59 5 2 2 4
59 5 2 3 4
59 5 2 55 4
59 5 2 56 4
60 0 0 1 1
60 0 0 60 1
60 1 0 2 4
60 1 0 3 4
60 1 0 4 4
60 1 0 5 4
60 1 0 6 4
60 1 0 7 4
60 1 0 8 4
60 1 0 9 4
60 1 0 10 4
60 1 0 11 4
60 1 0 12 4
60 1 0 13 4
60 1 0 14 4
60 1 0 15 4
60 1 0 16 4
60 1 0 17 4
60 1 0 18 4
60 1 0 19 4
60 1 0 20 4
60 1 0 21 4
60 1 0 22 4
60 1 0 23 4
60 1 0 24 4
60 1 0 25 4
60 1 0 26 4
60 1 0 27 4
60 1 0 28 4
60 1 0 29 4
60 1 0 30 4
60 1 0 31 4
60 1 0 32 4
60 1 0 33 4
60 1 0 34 4
60 1 0 35 4
60 1 0 36 4
60 1 0 37 4
60 1 0 38 4
60 1 0 39 4
60 1 0 40 4
60 1 0 41 4
60 1 0 42 4
60 1 0 43 4
60 1 0 44 4
60 1 0 45 4
60 1 0 46 4
60 1 0 47 4
60 1 0 48 4
60 1 0 49 4
60 1 0 50 4
60 1 0 51 4
60 1 0 52 4
60 1 0 53 4
60 1 0 54 4
60 1 0 55 4
60 1 0 56 4
60 1 0 57 4
60 1 0 58 4
60 1 0 59 4
60 2 0 2 230
60 2 0 3 238
60 2 0 4 348
60 2 0 5 350
60 2 0 6 352
60 2 0 7 354
60 2 0 8 356
60 2 0 9 358
60 2 0 10 360
60 2 0 11 362
60 2 0 12 364
60 2 0 13 366
60 2 0 14 368
60 2 0 15 370
60 2 0 16 372
60 2 0 17 374
60 2 0 18 376
60 2 0 19 378
60 2 0 20 380
60 2 0 21 382
60 2 0 22 384
60 2 0 23 386
60 2 0 24 388
60 2 0 25 390
60 2 0 26 392
60 2 0 27 394
60 2 0 28 396
60 2 0 29 398
60 2 0 30 394
60 2 0 31 388
60 2 0 32 382
60 2 0 33 376
60 2 0 34 370
60 2 0 35 364
60 2 0 36 358
60 2 0 37 352
60 2 0 38 346
60 2 0 39 340
60 2 0 40 334
60 2 0 41 328
60 2 0 42 322
60 2 0 43 316
60 2 0 44 310
60 2 0 45 304
60 2 0 46 298
60 2 0 47 292
60 2 0 48 286
60 2 0 49 280
60 2 0 50 274
60 2 0 51 268
60 2 0 52 262
60 2 0 53 256
60 2 0 54 250
60 2 0 55 244
60 2 0 56 238
60 2 0 57 236
60 2 0 58 230
60 2 0 59 228
60 3 0 2 440
60 3 0 3 2404
60 3 0 4 9672
60 3 0 5 11560
60 3 0 6 13352
60 3 0 7 15048
60 3 0 8 16652
60 3 0 9 18160
60 3 0 10 19576
60 3 0 11 20896
60 3 0 12 22124
60 3 0 13 23256
60 3 0 14 24296
60 3 0 15 25240
60 3 0 16 26092
60 3 0 17 26848
60 3 0 18 27512
60 3 0 19 28080
60 3 0 20 28556
60 3 0 21 28936
60 3 0 22 29224
60 3 0 23 29416
60 3 0 24 29516
60 3 0 25 29520
60 3 0 26 29432
60 3 0 27 29248
60 3 0 28 28972
60 3 0 29 28600
60 3 0 30 28168
60 3 0 31 27700
60 3 0 32 27196
60 3 0 33 26652
60 3 0 34 26072
60 3 0 35 25452
60 3 0 36 24796
60 3 0 37 24100
60 3 0 38 23368
60 3 0 39 22596
60 3 0 40 21788
60 3 0 41 20940
60 3 0 42 20056
60 3 0 43 19132
60 3 0 44 18172
60 3 0 45 17172
60 3 0 46 16136
60 3 0 47 15060
60 3 0 48 13948
60 3 0 49 12796
60 3 0 50 11608
60 3 0 51 10380
60 3 0 52 9116
60 3 0 53 7812
60 3 0 54 6468
60 3 0 55 5088
60 3 0 56 3672
60 3 0 57 2624
60 3 0 58 1112
60 3 1 2 4
60 3 1 58 4
60 4 0 2 12092
60 4 0 3 52569
60 4 0 4 171229
60 4 0 5 291851
60 4 0 6 407598
60 4 0 7 524059
60 4 0 8 634999
60 4 0 9 740183
60 4 0 10 839508
60 4 0 11 932715
60 4 0 12 1019725
60 4 0 13 1100255
60 4 0 14 1174250
60 4 0 15 1241403
60 4 0 16 1301683
60 4 0 17 1354759
60 4 0 18 1400624
60 4 0 19 1438923
60 4 0 20 1469739
60 4 0 21 1492993
60 4 0 22 1509086
60 4 0 23 1517987
60 4 0 24 1520115
60 4 0 25 1515421
60 4 0 26 1504342
60 4 0 27 1486807
60 4 0 28 1463145
60 4 0 29 1433135
60 4 0 30 1398440
60 4 0 31 1359666
60 4 0 32 1317413
60 4 0 33 1271704
60 4 0 34 1223192
60 4 0 35 1171882
60 4 0 36 1118445
60 4 0 37 1062868
60 4 0 38 1005840
60 4 0 39 947330
60 4 0 40 888045
60 4 0 41 827936
60 4 0 42 767728
60 4 0 43 707354
60 4 0 44 647557
60 4 0 45 588252
60 4 0 46 530200
60 4 0 47 473298
60 4 0 48 418325
60 4 0 49 365160
60 4 0 50 314604
60 4 0 51 266514
60 4 0 52 221705
60 4 0 53 180024
60 4 0 54 141844
60 4 0 55 107854
60 4 0 56 78747
60 4 0 57 49258
60 4 0 58 24256
60 4 1 2 224
60 4 1 3 24
60 4 1 4 28
60 4 1 5 28
60 4 1 6 28
60 4 1 7 28
60 4 1 8 28
60 4 1 9 28
60 4 1 10 28
60 4 1 11 28
60 4 1 12 28
60 4 1 13 28
60 4 1 14 28
60 4 1 15 28
60 4 1 16 28
60 4 1 17 28
60 4 1 18 28
60 4 1 19 28
60 4 1 20 28
60 4 1 21 28
60 4 1 22 28
60 4 1 23 28
60 4 1 24 28
60 4 1 25 28
60 4 1 26 28
60 4 1 27 28
60 4 1 28 28
60 4 1 29 28
60 4 1 30 28
60 4 1 31 28
60 4 1 32 28
60 4 1 33 28
60 4 1 34 28
60 4 1 35 28
60 4 1 36 28
60 4 1 37 28
60 4 1 38 28
60 4 1 39 28
60 4 1 40 28
60 4 1 41 28
60 4 1 42 28
60 4 1 43 28
60 4 1 44 28
60 4 1 45 28
60 4 1 46 28
60 4 1 47 28
60 4 1 48 28
60 4 1 49 28
60 4 1 50 28
60 4 1 51 28
60 4 1 52 28
60 4 1 53 28
60 4 1 54 28
60 4 1 55 28
60 4 1 56 24
60 4 1 57 24
60 4 1 58 220
60 5 0 2 22048
60 5 0 3 349846
60 5 0 4 2312864
60 5 0 5 5476140
60 5 0 6 9091788
60 5 0 7 13402608
60 5 0 8 17899940
60 5 0 9 22482932
60 5 0 10 27064472
60 5 0 11 31560976
60 5 0 12 35902664
60 5 0 13 40022652
60 5 0 14 43868356
60 5 0 15 47389404
60 5 0 16 50550740
60 5 0 17 53318460
60 5 0 18 55674576
60 5 0 19 57602292
60 5 0 20 59100032
60 5 0 21 60164772
60 5 0 22 60806800
60 5 0 23 61032952
60 5 0 24 60863712
60 5 0 25 60316764
60 5 0 26 59422516
60 5 0 27 58208448
60 5 0 28 56714196
60 5 0 29 54973560
60 5 0 30 53022312
60 5 0 31 50882456
60 5 0 32 48586676
60 5 0 33 46158992
60 5 0 34 43629480
60 5 0 35 41020060
60 5 0 36 38358144
60 5 0 37 35663604
60 5 0 38 32961124
60 5 0 39 30268604
60 5 0 40 27607924
60 5 0 41 24995076
60 5 0 42 22449084
60 5 0 43 19984084
60 5 0 44 17616180
60 5 0 45 15357724
60 5 0 46 13221828
60 5 0 47 11219128
60 5 0 48 9359688
60 5 0 49 7652480
60 5 0 50 6104960
60 5 0 51 4723968
60 5 0 52 3513260
60 5 0 53 2479212
60 5 0 54 1631604
60 5 0 55 968360
60 5 0 56 491706
60 5 0 57 138040
60 5 1 2 848
60 5 1 3 2612
60 5 1 4 3596
60 5 1 5 4132
60 5 1 6 4152
60 5 1 7 4172
60 5 1 8 4192
60 5 1 9 4212
60 5 1 10 4232
60 5 1 11 4252
60 5 1 12 4272
60 5 1 13 4292
60 5 1 14 4312
60 5 1 15 4332
60 5 1 16 4352
60 5 1 17 4372
60 5 1 18 4392
60 5 1 19 4412
60 5 1 20 4432
60 5 1 21 4452
60 5 1 22 4472
60 5 1 23 4492
60 5 1 24 4512
60 5 1 25 4532
60 5 1 26 4552
60 5 1 27 4572
60 5 1 28 4588
60 5 1 29 4568
60 5 1 30 4512
60 5 1 31 4452
60 5 1 32 4392
60 5 1 33 4332
60 5 1 34 4272
60 5 1 35 4212
60 5 1 36 4152
60 5 1 37 4092
60 5 1 38 4032
60 5 1 39 3972
60 5 1 40 3912
60 5 1 41 3852
60 5 1 42 3792
60 5 1 43 3732
60 5 1 44 3672
60 5 1 45 3612
60 5 1 46 3552
60 5 1 47 3492
60 5 1 48 3432
60 5 1 49 3372
60 5 1 50 3312
60 5 1 51 3252
60 5 1 52 3192
60 5 1 53 3136
60 5 1 54 3080
60 5 1 55 3044
60 5 1 56 2596
60 5 1 57 2580
60 5 2 2 4
60 5 2 3 4
60 5 2 56 4
60 5 2 57 4
61 0 0 1 1
61 0 0 61 1
61 1 0 2 4
61 1 0 3 4
61 1 0 4 4
61 1 0 5 4
61 1 0 6 4
61 1 0 7 4
61 1 0 8 4
61 1 0 9 4
61 1 0 10 4
61 1 0 11 4
61 1 0 12 4
61 1 0 13 4
61 1 0 14 4
61 1 0 15 4
61 1 0 16 4
61 1 0 17 4
61 1 0 18 4
61 1 0 19 4
61 1 0 20 4
61 1 0 21 4
61 1 0 22 4
61 1 0 23 4
61 1 0 24 4
61 1 0 25 4
61 1 0 26 4
61 1 0 27 4
61 1 0 28 4
61 1 0 29 4
61 1 0 30 4
61 1 0 31 4
61 1 0 32 4
61 1 0 33 4
61 1 0 34 4
61 1 0 35 4
61 1 0 36 4
61 1 0 37 4
61 1 0 38 4
61 1 0 39 4
61 1 0 40 4
61 1 0 41 4
61 1 0 42 4
61 1 0 43 4
61 1 0 44 4
61 1 0 45 4
61 1 0 46 4
61 1 0 47 4
61 1 0 48 4
61 1 0 49 4
61 1 0 50 4
61 1 0 51 4
61 1 0 52 4
61 1 0 53 4
61 1 0 54 4
61 1 0 55 4
61 1 0 56 4
61 1 0 57 4
61 1 0 58 4
61 1 0 59 4
61 1 0 60 4
61 2 0 2 234
61 2 0 3 242
61 2 0 4 354
61 2 0 5 356
61 2 0 6 358
61 2 0 7 360
61 2 0 8 362
61 2 0 9 364
61 2 0 10 366
61 2 0 11 368
61 2 0 12 370
61 2 0 13 372
61 2 0 14 374
61 2 0 15 376
61 2 0 16 378
61 2 0 17 380
61 2 0 18 382
61 2 0 19 384
61 2 0 20 386
61 2 0 21 388
61 2 0 22 390
61 2 0 23 392
61 2 0 24 394
61 2 0 25 396
61 2 0 26 398
61 2 0 27 400
61 2 0 28 402
61 2 0 29 404
61 2 0 30 404
61 2 0 31 398
61 2 0 32 392
61 2 0 33 386
61 2 0 34 380
61 2 0 35 374
61 2 0 36 368
61 2 0 37 362
61 2 0 38 356
61 2 0 39 350
61 2 0 40 344
61 2 0 41 338
61 2 0 42 332
61 2 0 43 326
61 2 0 44 320
61 2 0 45 314
61 2 0 46 308
61 2 0 47 302
61 2 0 48 296
61 2 0 49 290
61 2 0 50 284
61 2 0 51 278
61 2 0 52 272
61 2 0 53 266
61 2 0 54 260
61 2 0 55 254
61 2 0 56 248
61 2 0 57 242
61 2 0 58 240
61 2 0 59 234
61 2 0 60 232
61 3 0 2 448
61 3 0 3 2448
61 3 0 4 9956
61 3 0 5 11884
61 3 0 6 13712
61 3 0 7 15448
61 3 0 8 17088
61 3 0 9 18636
61 3 0 10 20088
61 3 0 11 21448
61 3 0 12 22712
61 3 0 13 23884
61 3 0 14 24960
61 3 0 15 25944
61 3 0 16 26832
61 3 0 17 27628
61 3 0 18 28328
61 3 0 19 28936
61 3 0 20 29448
61 3 0 21 29868
61 3 0 22 30192
61 3 0 23 30424
61 3 0 24 30560
61 3 0 25 30604
61 3 0 26 30552
61 3 0 27 30408
61 3 0 28 30168
61 3 0 29 29836
61 3 0 30 29420
61 3 0 31 28964
61 3 0 32 28468
61 3 0 33 27936
61 3 0 34 27364
61 3 0 35 26756
61 3 0 36 26108
61 3 0 37 25424
61 3 0 38 24700
61 3 0 39 23940
61 3 0 40 23140
61 3 0 41 22304
61 3 0 42 21428
61 3 0 43 20516
61 3 0 44 19564
61 3 0 45 18576
61 3 0 46 17548
61 3 0 47 16484
61 3 0 48 15380
61 3 0 49 14240
61 3 0 50 13060
61 3 0 51 11844
61 3 0 52 10588
61 3 0 53 9296
61 3 0 54 7964
61 3 0 55 6592
61 3 0 56 5184
61 3 0 57 3740
61 3 0 58 2672
61 3 0 59 1132
61 3 1 2 4
61 3 1 59 4
61 4 0 2 12536
61 4 0 3 54426
61 4 0 4 178050
61 4 0 5 303243
61 4 0 6 423458
61 4 0 7 544640
61 4 0 8 660162
61 4 0 9 769909
61 4 0 10 873634
61 4 0 11 971246
61 4 0 12 1062474
61 4 0 13 1147251
61 4 0 14 1225282
61 4 0 15 1296524
61 4 0 16 1360658
61 4 0 17 1417665
61 4 0 18 1467202
61 4 0 19 1509274
61 4 0 20 1543536
61 4 0 21 1570241
61 4 0 22 1589362
61 4 0 23 1601310
61 4 0 24 1606044
61 4 0 25 1603993
61 4 0 26 1595098
61 4 0 27 1579806
61 4 0 28 1558024
61 4 0 29 1530051
61 4 0 30 1496004
61 4 0 31 1457885
61 4 0 32 1415742
61 4 0 33 1370220
61 4 0 34 1321332
61 4 0 35 1269741
61 4 0 36 1215442
61 4 0 37 1159116
61 4 0 38 1100740
61 4 0 39 1041013
61 4 0 40 979894
61 4 0 41 918100
61 4 0 42 855572
61 4 0 43 793045
61 4 0 44 730442
61 4 0 45 668516
61 4 0 46 607172
61 4 0 47 547181
61 4 0 48 488430
61 4 0 49 431708
61 4 0 50 376884
61 4 0 51 324769
61 4 0 52 275210
61 4 0 53 229032
61 4 0 54 186072
61 4 0 55 146703
61 4 0 56 111622
61 4 0 57 81528
61 4 0 58 51050
61 4 0 59 25145
61 4 1 2 228
61 4 1 3 24
61 4 1 4 28
61 4 1 5 28
61 4 1 6 28
61 4 1 7 28
61 4 1 8 28
61 4 1 9 28
61 4 1 10 28
61 4 1 11 28
61 4 1 12 28
61 4 1 13 28
61 4 1 14 28
61 4 1 15 28
61 4 1 16 28
61 4 1 17 28
61 4 1 18 28
61 4 1 19 28
61 4 1 20 28
61 4 1 21 28
61 4 1 22 28
61 4 1 23 28
61 4 1 24 28
61 4 1 25 28
61 4 1 26 28
61 4 1 27 28
61 4 1 28 28
61 4 1 29 28
61 4 1 30 28
61 4 1 31 28
61 4 1 32 28
61 4 1 33 28
61 4 1 34 28
61 4 1 35 28
61 4 1 36 28
61 4 1 37 28
61 4 1 38 28
61 4 1 39 28
61 4 1 40 28
61 4 1 41 28
61 4 1 42 28
61 4 1 43 28
61 4 1 44 28
61 4 1 45 28
61 4 1 46 28
61 4 1 47 28
61 4 1 48 28
61 4 1 49 28
61 4 1 50 28
61 4 1 51 28
61 4 1 52 28
61 4 1 53 28
61 4 1 54 28
61 4 1 55 28
61 4 1 56 28
61 4 1 57 24
61 4 1 58 24
61 4 1 59 224
61 5 0 2 22896
61 5 0 3 363358
61 5 0 4 2430470
61 5 0 5 5760570
61 5 0 6 9564458
61 5 0 7 14108606
61 5 0 8 18852730
61 5 0 9 23697518
61 5 0 10 28548430
61 5 0 11 33324398
61 5 0 12 37947510
61 5 0 13 42353966
61 5 0 14 46482318
61 5 0 15 50286318
61 5 0 16 53720962
61 5 0 17 56757118
61 5 0 18 59366818
61 5 0 19 61537862
61 5 0 20 63258722
61 5 0 21 64532938
61 5 0 22 65360546
61 5 0 23 65755438
61 5 0 24 65728426
61 5 0 25 65303386
61 5 0 26 64501174
61 5 0 27 63356666
61 5 0 28 61899174
61 5 0 29 60171154
61 5 0 30 58206440
61 5 0 31 56036000
61 5 0 32 53684584
61 5 0 33 51185012
61 5 0 34 48561180
61 5 0 35 45843280
61 5 0 36 43053124
61 5 0 37 40218224
61 5 0 38 37358360
61 5 0 39 34498300
61 5 0 40 31655868
61 5 0 41 28853012
61 5 0 42 26105664
61 5 0 43 23432900
61 5 0 44 20848812
61 5 0 45 18369540
61 5 0 46 16007408
61 5 0 47 13775548
61 5 0 48 11684584
61 5 0 49 9744584
61 5 0 50 7964524
61 5 0 51 6351860
61 5 0 52 4913440
61 5 0 53 3652992
61 5 0 54 2576940
61 5 0 55 1695208
61 5 0 56 1005636
61 5 0 57 510486
61 5 0 58 143236
61 5 1 2 864
61 5 1 3 2660
61 5 1 4 3660
61 5 1 5 4208
61 5 1 6 4228
61 5 1 7 4248
61 5 1 8 4268
61 5 1 9 4288
61 5 1 10 4308
61 5 1 11 4328
61 5 1 12 4348
61 5 1 13 4368
61 5 1 14 4388
61 5 1 15 4408
61 5 1 16 4428
61 5 1 17 4448
61 5 1 18 4468
61 5 1 19 4488
61 5 1 20 4508
61 5 1 21 4528
61 5 1 22 4548
61 5 1 23 4568
61 5 1 24 4588
61 5 1 25 4608
61 5 1 26 4628
61 5 1 27 4648
61 5 1 28 4668
61 5 1 29 4668
61 5 1 30 4628
61 5 1 31 4568
61 5 1 32 4508
61 5 1 33 4448
61 5 1 34 4388
61 5 1 35 4328
61 5 1 36 4268
61 5 1 37 4208
61 5 1 38 4148
61 5 1 39 4088
61 5 1 40 4028
61 5 1 41 3968
61 5 1 42 3908
61 5 1 43 3848
61 5 1 44 3788
61 5 1 45 3728
61 5 1 46 3668
61 5 1 47 3608
61 5 1 48 3548
61 5 1 49 3488
61 5 1 50 3428
61 5 1 51 3368
61 5 1 52 3308
61 5 1 53 3248
61 5 1 54 3192
61 5 1 55 3136
61 5 1 56 3100
61 5 1 57 2644
61 5 1 58 2628
61 5 2 2 4
61 5 2 3 4
61 5 2 57 4
61 5 2 58 4
62 0 0 1 1
62 0 0 62 1
62 1 0 2 4
62 1 0 3 4
62 1 0 4 4
62 1 0 5 4
62 1 0 6 4
62 1 0 7 4
62 1 0 8 4
62 1 0 9 4
62 1 0 10 4
62 1 0 11 4
62 1 0 12 4
62 1 0 13 4
62 1 0 14 4
62 1 0 15 4
62 1 0 16 4
62 1 0 17 4
62 1 0 18 4
62 1 0 19 4
62 1 0 20 4
62 1 0 21 4
62 1 0 22 4
62 1 0 23 4
62 1 0 24 4
62 1 0 25 4
62 1 0 26 4
62 1 0 27 4
62 1 0 28 4
62 1 0 29 4
62 1 0 30 4
62 1 0 31 4
62 1 0 32 4
62 1 0 33 4
62 1 0 34 4
62 1 0 35 4
62 1 0 36 4
62 1 0 37 4
62 1 0 38 4
62 1 0 39 4
62 1 0 40 4
62 1 0 41 4
62 1 0 42 4
62 1 0 43 4
62 1 0 44 4
62 1 0 45 4
62 1 0 46 4
62 1 0 47 4
62 1 0 48 4
62 1 0 49 4
62 1 0 50 4
62 1 0 51 4
62 1 0 52 4
62 1 0 53 4
62 1 0 54 4
62 1 0 55 4
62 1 0 56 4
62 1 0 57 4
62 1 0 58 4
62 1 0 59 4
62 1 0 60 4
62 1 0 61 4
62 2 0 2 238
62 2 0 3 246
62 2 0 4 360
62 2 0 5 362
62 2 0 6 364
62 2 0 7 366
62 2 0 8 368
62 2 0 9 370
62 2 0 10 372
62 2 0 11 374
62 2 0 12 376
62 2 0 13 378
62 2 0 14 380
62 2 0 15 382
62 2 0 16 384
62 2 0 17 386
62 2 0 18 388
62 2 0 19 390
62 2 0 20 392
62 2 0 21 394
62 2 0 22 396
62 2 0 23 398
62 2 0 24 400
62 2 0 25 402
62 2 0 26 404
62 2 0 27 406
62 2 0 28 408
62 2 0 29 410
62 2 0 30 412
62 2 0 31 408
62 2 0 32 402
62 2 0 33 396
62 2 0 34 390
62 2 0 35 384
62 2 0 36 378
62 2 0 37 372
62 2 0 38 366
62 2 0 39 360
62 2 0 40 354
62 2 0 41 348
62 2 0 42 342
62 2 0 43 336
62 2 0 44 330
62 2 0 45 324
62 2 0 46 318
62 2 0 47 312
62 2 0 48 306
62 2 0 49 300
62 2 0 50 294
62 2 0 51 288
62 2 0 52 282
62 2 0 53 276
62 2 0 54 270
62 2 0 55 264
62 2 0 56 258
62 2 0 57 252
62 2 0 58 246
62 2 0 59 244
62 2 0 60 238
62 2 0 61 236
62 3 0 2 456
62 3 0 3 2492
62 3 0 4 10256
62 3 0 5 12220
62 3 0 6 14088
62 3 0 7 15860
62 3 0 8 17540
62 3 0 9 19124
62 3 0 10 20616
62 3 0 11 22012
62 3 0 12 23316
62 3 0 13 24524
62 3 0 14 25640
62 3 0 15 26660
62 3 0 16 27588
62 3 0 17 28420
62 3 0 18 29160
62 3 0 19 29804
62 3 0 20 30356
62 3 0 21 30812
62 3 0 22 31176
62 3 0 23 31444
62 3 0 24 31620
62 3 0 25 31700
62 3 0 26 31688
62 3 0 27 31580
62 3 0 28 31380
62 3 0 29 31084
62 3 0 30 30696
62 3 0 31 30244
62 3 0 32 29760
62 3 0 33 29236
62 3 0 34 28676
62 3 0 35 28076
62 3 0 36 27440
62 3 0 37 26764
62 3 0 38 26052
62 3 0 39 25300
62 3 0 40 24512
62 3 0 41 23684
62 3 0 42 22820
62 3 0 43 21916
62 3 0 44 20976
62 3 0 45 19996
62 3 0 46 18980
62 3 0 47 17924
62 3 0 48 16832
62 3 0 49 15700
62 3 0 50 14532
62 3 0 51 13324
62 3 0 52 12080
62 3 0 53 10796
62 3 0 54 9476
62 3 0 55 8116
62 3 0 56 6716
62 3 0 57 5280
62 3 0 58 3808
62 3 0 59 2720
62 3 0 60 1152
62 3 1 2 4
62 3 1 60 4
62 4 0 2 12988
62 4 0 3 56315
62 4 0 4 185040
62 4 0 5 314971
62 4 0 6 439869
62 4 0 7 565815
62 4 0 8 686070
62 4 0 9 800399
62 4 0 10 908699
62 4 0 11 1010711
62 4 0 12 1106356
62 4 0 13 1195351
62 4 0 14 1277641
62 4 0 15 1352919
62 4 0 16 1421154
62 4 0 17 1482015
62 4 0 18 1535495
62 4 0 19 1581239
62 4 0 20 1619268
62 4 0 21 1649343
62 4 0 22 1671845
62 4 0 23 1686741
62 4 0 24 1694452
62 4 0 25 1694927
62 4 0 26 1688605
62 4 0 27 1675417
62 4 0 28 1655816
62 4 0 29 1629585
62 4 0 30 1597063
62 4 0 31 1559388
62 4 0 32 1517794
62 4 0 33 1472266
62 4 0 34 1423459
62 4 0 35 1371376
62 4 0 36 1316690
62 4 0 37 1259386
62 4 0 38 1200155
62 4 0 39 1138964
62 4 0 40 1076522
62 4 0 41 1012778
62 4 0 42 948459
62 4 0 43 883496
62 4 0 44 818634
62 4 0 45 753786
62 4 0 46 689715
62 4 0 47 626316
62 4 0 48 564370
62 4 0 49 503754
62 4 0 50 445267
62 4 0 51 388768
62 4 0 52 335078
62 4 0 53 284034
62 4 0 54 236471
62 4 0 55 192216
62 4 0 56 151642
62 4 0 57 115454
62 4 0 58 84357
62 4 0 59 52874
62 4 0 60 26050
62 4 1 2 232
62 4 1 3 24
62 4 1 4 28
62 4 1 5 28
62 4 1 6 28
62 4 1 7 28
62 4 1 8 28
62 4 1 9 28
62 4 1 10 28
62 4 1 11 28
62 4 1 12 28
62 4 1 13 28
62 4 1 14 28
62 4 1 15 28
62 4 1 16 28
62 4 1 17 28
62 4 1 18 28
62 4 1 19 28
62 4 1 20 28
62 4 1 21 28
62 4 1 22 28
62 4 1 23 28
62 4 1 24 28
62 4 1 25 28
62 4 1 26 28
62 4 1 27 28
62 4 1 28 28
62 4 1 29 28
62 4 1 30 28
62 4 1 31 28
62 4 1 32 28
62 4 1 33 28
62 4 1 34 28
62 4 1 35 28
62 4 1 36 28
62 4 1 37 28
62 4 1 38 28
62 4 1 39 28
62 4 1 40 28
62 4 1 41 28
62 4 1 42 28
62 4 1 43 28
62 4 1 44 28
62 4 1 45 28
62 4 1 46 28
62 4 1 47 28
62 4 1 48 28
62 4 1 49 28
62 4 1 50 28
62 4 1 51 28
62 4 1 52 28
62 4 1 53 28
62 4 1 54 28
62 4 1 55 28
62 4 1 56 28
62 4 1 57 28
62 4 1 58 24
62 4 1 59 24
62 4 1 60 228
62 5 0 2 23760
62 5 0 3 377126
62 5 0 4 2551704
62 5 0 5 6053752
62 5 0 6 10053728
62 5 0 7 14838224
62 5 0 8 19840552
62 5 0 9 24954364
62 5 0 10 30087284
62 5 0 11 35150392
62 5 0 12 40068640
62 5 0 13 44769548
62 5 0 14 49195632
62 5 0 15 53290820
62 5 0 16 57014816
62 5 0 17 60328500
62 5 0 18 63208568
62 5 0 19 65632460
62 5 0 20 67594432
62 5 0 21 69087364
62 5 0 22 70118532
62 5 0 23 70691900
62 5 0 24 70824792
62 5 0 25 70531180
62 5 0 26 69839392
62 5 0 27 68773244
62 5 0 28 67370812
62 5 0 29 65665188
62 5 0 30 63700408
62 5 0 31 61505340
62 5 0 32 59111192
62 5 0 33 56543864
62 5 0 34 53836308
62 5 0 35 51012296
62 5 0 36 48102136
62 5 0 37 45127532
62 5 0 38 42116096
62 5 0 39 39087516
62 5 0 40 36066644
62 5 0 41 33071228
62 5 0 42 30123284
62 5 0 43 27238684
62 5 0 44 24436556
62 5 0 45 21730948
62 5 0 46 19138036
62 5 0 47 16670116
62 5 0 48 14340340
62 5 0 49 12159320
62 5 0 50 10137128
62 5 0 51 8282744
62 5 0 52 6603624
62 5 0 53 5106624
62 5 0 54 3795444
62 5 0 55 2676556
62 5 0 56 1760028
62 5 0 57 1043616
62 5 0 58 529618
62 5 0 59 148528
62 5 1 2 880
62 5 1 3 2708
62 5 1 4 3728
62 5 1 5 4284
62 5 1 6 4304
62 5 1 7 4324
62 5 1 8 4344
62 5 1 9 4364
62 5 1 10 4384
62 5 1 11 4404
62 5 1 12 4424
62 5 1 13 4444
62 5 1 14 4464
62 5 1 15 4484
62 5 1 16 4504
62 5 1 17 4524
62 5 1 18 4544
62 5 1 19 4564
62 5 1 20 4584
62 5 1 21 4604
62 5 1 22 4624
62 5 1 23 4644
62 5 1 24 4664
62 5 1 25 4684
62 5 1 26 4704
62 5 1 27 4724
62 5 1 28 4744
62 5 1 29 4760
62 5 1 30 4740
62 5 1 31 4684
62 5 1 32 4624
62 5 1 33 4564
62 5 1 34 4504
62 5 1 35 4444
62 5 1 36 4384
62 5 1 37 4324
62 5 1 38 4264
62 5 1 39 4204
62 5 1 40 4144
62 5 1 41 4084
62 5 1 42 4024
62 5 1 43 3964
62 5 1 44 3904
62 5 1 45 3844
62 5 1 46 3784
62 5 1 47 3724
62 5 1 48 3664
62 5 1 49 3604
62 5 1 50 3544
62 5 1 51 3484
62 5 1 52 3424
62 5 1 53 3364
62 5 1 54 3304
62 5 1 55 3248
62 5 1 56 3192
62 5 1 57 3156
62 5 1 58 2692
62 5 1 59 2676
62 5 2 2 4
62 5 2 3 4
62 5 2 58 4
62 5 2 59 4
63 0 0 1 1
63 0 0 63 1
63 1 0 2 4
63 1 0 3 4
63 1 0 4 4
63 1 0 5 4
63 1 0 6 4
63 1 0 7 4
63 1 0 8 4
63 1 0 9 4
63 1 0 10 4
63 1 0 11 4
63 1 0 12 4
63 1 0 13 4
63 1 0 14 4
63 1 0 15 4
63 1 0 16 4
63 1 0 17 4
63 1 0 18 4
63 1 0 19 4
63 1 0 20 4
63 1 0 21 4
63 1 0 22 4
63 1 0 23 4
63 1 0 24 4
63 1 0 25 4
63 1 0 26 4
63 1 0 27 4
63 1 0 28 4
63 1 0 29 4
63 1 0 30 4
63 1 0 31 4
63 1 0 32 4
63 1 0 33 4
63 1 0 34 4
63 1 0 35 4
63 1 0 36 4
63 1 0 37 4
63 1 0 38 4
63 1 0 39 4
63 1 0 40 4
63 1 0 41 4
63 1 0 42 4
63 1 0 43 4
63 1 0 44 4
63 1 0 45 4
63 1 0 46 4
63 1 0 47 4
63 1 0 48 4
63 1 0 49 4
63 1 0 50 4
63 1 0 51 4
63 1 0 52 4
63 1 0 53 4
63 1 0 54 4
63 1 0 55 4
63 1 0 56 4
63 1 0 57 4
63 1 0 58 4
63 1 0 59 4
63 1 0 60 4
63 1 0 61 4
63 1 0 62 4
63 2 0 2 242
63 2 0 3 250
63 2 0 4 366
63 2 0 5 368
63 2 0 6 370
63 2 0 7 372
63 2 0 8 374
63 2 0 9 376
63 2 0 10 378
63 2 0 11 380
63 2 0 12 382
63 2 0 13 384
63 2 0 14 386
63 2 0 15 388
63 2 0 16 390
63 2 0 17 392
63 2 0 18 394
63 2 0 19 396
63 2 0 20 398
63 2 0 21 400
63 2 0 22 402
63 2 0 23 404
63 2 0 24 406
63 2 0 25 408
63 2 0 26 410
63 2 0 27 412
63 2 0 28 414
63 2 0 29 416
63 2 0 30 418
63 2 0 31 418
63 2 0 32 412
63 2 0 33 406
63 2 0 34 400
63 2 0 35 394
63 2 0 36 388
63 2 0 37 382
63 2 0 38 376
63 2 0 39 370
63 2 0 40 364
63 2 0 41 358
63 2 0 42 352
63 2 0 43 346
63 2 0 44 340
63 2 0 45 334
63 2 0 46 328
63 2 0 47 322
63 2 0 48 316
63 2 0 49 310
63 2 0 50 304
63 2 0 51 298
63 2 0 52 292
63 2 0 53 286
63 2 0 54 280
63 2 0 55 274
63 2 0 56 268
63 2 0 57 262
63 2 0 58 256
63 2 0 59 250
63 2 0 60 248
63 2 0 61 242
63 2 0 62 240
63 3 0 2 464
63 3 0 3 2536
63 3 0 4 10548
63 3 0 5 12552
63 3 0 6 14456
63 3 0 7 16268
63 3 0 8 17984
63 3 0 9 19608
63 3 0 10 21136
63 3 0 11 22572
63 3 0 12 23912
63 3 0 13 25160
63 3 0 14 26312
63 3 0 15 27372
63 3 0 16 28336
63 3 0 17 29208
63 3 0 18 29984
63 3 0 19 30668
63 3 0 20 31256
63 3 0 21 31752
63 3 0 22 32152
63 3 0 23 32460
63 3 0 24 32672
63 3 0 25 32792
63 3 0 26 32816
63 3 0 27 32748
63 3 0 28 32584
63 3 0 29 32328
63 3 0 30 31976
63 3 0 31 31544
63 3 0 32 31068
63 3 0 33 30556
63 3 0 34 30004
63 3 0 35 29416
63 3 0 36 28788
63 3 0 37 28124
63 3 0 38 27420
63 3 0 39 26680
63 3 0 40 25900
63 3 0 41 25084
63 3 0 42 24228
63 3 0 43 23336
63 3 0 44 22404
63 3 0 45 21436
63 3 0 46 20428
63 3 0 47 19384
63 3 0 48 18300
63 3 0 49 17180
63 3 0 50 16020
63 3 0 51 14824
63 3 0 52 13588
63 3 0 53 12316
63 3 0 54 11004
63 3 0 55 9656
63 3 0 56 8268
63 3 0 57 6840
63 3 0 58 5376
63 3 0 59 3876
63 3 0 60 2768
63 3 0 61 1172
63 3 1 2 4
63 3 1 61 4
63 4 0 2 13448
63 4 0 3 58236
63 4 0 4 192164
63 4 0 5 326836
63 4 0 6 456372
63 4 0 7 587221
63 4 0 8 712240
63 4 0 9 831314
63 4 0 10 944196
63 4 0 11 1050795
63 4 0 12 1150840
63 4 0 13 1244264
63 4 0 14 1330772
63 4 0 15 1410321
63 4 0 16 1482592
63 4 0 17 1547566
63 4 0 18 1604900
63 4 0 19 1654599
63 4 0 20 1696296
63 4 0 21 1730086
63 4 0 22 1755878
63 4 0 23 1774085
63 4 0 24 1784664
63 4 0 25 1788046
63 4 0 26 1784170
63 4 0 27 1773485
63 4 0 28 1755912
63 4 0 29 1731902
63 4 0 30 1701188
63 4 0 31 1664482
63 4 0 32 1623252
63 4 0 33 1578167
63 4 0 34 1529238
63 4 0 35 1477130
63 4 0 36 1421836
63 4 0 37 1364039
63 4 0 38 1303714
63 4 0 39 1241562
63 4 0 40 1177540
63 4 0 41 1112367
63 4 0 42 1045982
63 4 0 43 979122
63 4 0 44 911708
63 4 0 45 844495
63 4 0 46 777386
63 4 0 47 711154
63 4 0 48 645684
63 4 0 49 581767
63 4 0 50 519270
63 4 0 51 459002
63 4 0 52 400812
63 4 0 53 345531
63 4 0 54 292986
63 4 0 55 244022
63 4 0 56 198456
63 4 0 57 156661
63 4 0 58 119350
63 4 0 59 87234
63 4 0 60 54730
63 4 0 61 26971
63 4 1 2 236
63 4 1 3 24
63 4 1 4 28
63 4 1 5 28
63 4 1 6 28
63 4 1 7 28
63 4 1 8 28
63 4 1 9 28
63 4 1 10 28
63 4 1 11 28
63 4 1 12 28
63 4 1 13 28
63 4 1 14 28
63 4 1 15 28
63 4 1 16 28
63 4 1 17 28
63 4 1 18 28
63 4 1 19 28
63 4 1 20 28
63 4 1 21 28
63 4 1 22 28
63 4 1 23 28
63 4 1 24 28
63 4 1 25 28
63 4 1 26 28
63 4 1 27 28
63 4 1 28 28
63 4 1 29 28
63 4 1 30 28
63 4 1 31 28
63 4 1 32 28
63 4 1 33 28
63 4 1 34 28
63 4 1 35 28
63 4 1 36 28
63 4 1 37 28
63 4 1 38 28
63 4 1 39 28
63 4 1 40 28
63 4 1 41 28
63 4 1 42 28
63 4 1 43 28
63 4 1 44 28
63 4 1 45 28
63 4 1 46 28
63 4 1 47 28
63 4 1 48 28
63 4 1 49 28
63 4 1 50 28
63 4 1 51 28
63 4 1 52 28
63 4 1 53 28
63 4 1 54 28
63 4 1 55 28
63 4 1 56 28
63 4 1 57 28
63 4 1 58 28
63 4 1 59 24
63 4 1 60 24
63 4 1 61 232
63 5 0 2 24640
63 5 0 3 391150
63 5 0 4 2676976
63 5 0 5 6357040
63 5 0 6 10557472
63 5 0 7 15590768
63 5 0 8 20856260
63 5 0 9 26249320
63 5 0 10 31670052
63 5 0 11 37032140
63 5 0 12 42252092
63 5 0 13 47261156
63 5 0 14 51992236
63 5 0 15 56393828
63 5 0 16 60415692
63 5 0 17 64023400
63 5 0 18 67183236
63 5 0 19 69878360
63 5 0 20 72091500
63 5 0 21 73822352
63 5 0 22 75068048
63 5 0 23 75839336
63 5 0 24 76143336
63 5 0 25 76001800
63 5 0 26 75431668
63 5 0 27 74464812
63 5 0 28 73129184
63 5 0 29 71464968
63 5 0 30 69507700
63 5 0 31 67301636
63 5 0 32 64870256
63 5 0 33 62247888
63 5 0 34 59460296
63 5 0 35 56540564
63 5 0 36 53512340
63 5 0 37 50406048
63 5 0 38 47243284
63 5 0 39 44051760
63 5 0 40 40851072
63 5 0 41 37666156
63 5 0 42 34514684
63 5 0 43 31418740
63 5 0 44 28394136
63 5 0 45 25460052
63 5 0 46 22630492
63 5 0 47 19921668
63 5 0 48 17345848
63 5 0 49 14916204
63 5 0 50 12643336
63 5 0 51 10537320
63 5 0 52 8607140
63 5 0 53 6860252
63 5 0 54 5303520
63 5 0 55 3940616
63 5 0 56 2778060
63 5 0 57 1826064
63 5 0 58 1082300
63 5 0 59 549102
63 5 0 60 153916
63 5 1 2 896
63 5 1 3 2756
63 5 1 4 3792
63 5 1 5 4360
63 5 1 6 4380
63 5 1 7 4400
63 5 1 8 4420
63 5 1 9 4440
63 5 1 10 4460
63 5 1 11 4480
63 5 1 12 4500
63 5 1 13 4520
63 5 1 14 4540
63 5 1 15 4560
63 5 1 16 4580
63 5 1 17 4600
63 5 1 18 4620
63 5 1 19 4640
63 5 1 20 4660
63 5 1 21 4680
63 5 1 22 4700
63 5 1 23 4720
63 5 1 24 4740
63 5 1 25 4760
63 5 1 26 4780
63 5 1 27 4800
63 5 1 28 4820
63 5 1 29 4840
63 5 1 30 4840
63 5 1 31 4800
63 5 1 32 4740
63 5 1 33 4680
63 5 1 34 4620
63 5 1 35 4560
63 5 1 36 4500
63 5 1 37 4440
63 5 1 38 4380
63 5 1 39 4320
63 5 1 40 4260
63 5 1 41 4200
63 5 1 42 4140
63 5 1 43 4080
63 5 1 44 4020
63 5 1 45 3960
63 5 1 46 3900
63 5 1 47 3840
63 5 1 48 3780
63 5 1 49 3720
63 5 1 50 3660
63 5 1 51 3600
63 5 1 52 3540
63 5 1 53 3480
63 5 1 54 3420
63 5 1 55 3360
63 5 1 56 3304
63 5 1 57 3248
63 5 1 58 3212
63 5 1 59 2740
63 5 1 60 2724
63 5 2 2 4
63 5 2 3 4
63 5 2 59 4
63 5 2 60 4
64 0 0 1 1
64 0 0 64 1
64 1 0 2 4
64 1 0 3 4
64 1 0 4 4
64 1 0 5 4
64 1 0 6 4
64 1 0 7 4
64 1 0 8 4
64 1 0 9 4
64 1 0 10 4
64 1 0 11 4
64 1 0 12 4
64 1 0 13 4
64 1 0 14 4
64 1 0 15 4
64 1 0 16 4
64 1 0 17 4
64 1 0 18 4
64 1 0 19 4
64 1 0 20 4
64 1 0 21 4
64 1 0 22 4
64 1 0 23 4
64 1 0 24 4
64 1 0 25 4
64 1 0 26 4
64 1 0 27 4
64 1 0 28 4
64 1 0 29 4
64 1 0 30 4
64 1 0 31 4
64 1 0 32 4
64 1 0 33 4
64 1 0 34 4
64 1 0 35 4
64 1 0 36 4
64 1 0 37 4
64 1 0 38 4
64 1 0 39 4
64 1 0 40 4
64 1 0 41 4
64 1 0 42 4
64 1 0 43 4
64 1 0 44 4
64 1 0 45 4
64 1 0 46 4
64 1 0 47 4
64 1 0 48 4
64 1 0 49 4
64 1 0 50 4
64 1 0 51 4
64 1 0 52 4
64 1 0 53 4
64 1 0 54 4
64 1 0 55 4
64 1 0 56 4
64 1 0 57 4
64 1 0 58 4
64 1 0 59 4
64 1 0 60 4
64 1 0 61 4
64 1 0 62 4
64 1 0 63 4
64 2 0 2 246
64 2 0 3 254
64 2 0 4 372
64 2 0 5 374
64 2 0 6 376
64 2 0 7 378
64 2 0 8 380
64 2 0 9 382
64 2 0 10 384
64 2 0 11 386
64 2 0 12 388
64 2 0 13 390
64 2 0 14 392
64 2 0 15 394
64 2 0 16 396
64 2 0 17 398
64 2 0 18 400
64 2 0 19 402
64 2 0 20 404
64 2 0 21 406
64 2 0 22 408
64 2 0 23 410
64 2 0 24 412
64 2 0 25 414
64 2 0 26 416
64 2 0 27 418
64 2 0 28 420
64 2 0 29 422
64 2 0 30 424
64 2 0 31 426
64 2 0 32 422
64 2 0 33 416
64 2 0 34 410
64 2 0 35 404
64 2 0 36 398
64 2 0 37 392
64 2 0 38 386
64 2 0 39 380
64 2 0 40 374
64 2 0 41 368
64 2 0 42 362
64 2 0 43 356
64 2 0 44 350
64 2 0 45 344
64 2 0 46 338
64 2 0 47 332
64 2 0 48 326
64 2 0 49 320
64 2 0 50 314
64 2 0 51 308
64 2 0 52 302
64 2 0 53 296
64 2 0 54 290
64 2 0 55 284
64 2 0 56 278
64 2 0 57 272
64 2 0 58 266
64 2 0 59 260
64 2 0 60 254
64 2 0 61 252
64 2 0 62 246
64 2 0 63 244
64 3 0 2 472
64 3 0 3 2580
64 3 0 4 10856
64 3 0 5 12896
64 3 0 6 14840
64 3 0 7 16688
64 3 0 8 18444
64 3 0 9 20104
64 3 0 10 21672
64 3 0 11 23144
64 3 0 12 24524
64 3 0 13 25808
64 3 0 14 27000
64 3 0 15 28096
64 3 0 16 29100
64 3 0 17 30008
64 3 0 18 30824
64 3 0 19 31544
64 3 0 20 32172
64 3 0 21 32704
64 3 0 22 33144
64 3 0 23 33488
64 3 0 24 33740
64 3 0 25 33896
64 3 0 26 33960
64 3 0 27 33928
64 3 0 28 33804
64 3 0 29 33584
64 3 0 30 33272
64 3 0 31 32864
64 3 0 32 32396
64 3 0 33 31892
64 3 0 34 31352
64 3 0 35 30772
64 3 0 36 30156
64 3 0 37 29500
64 3 0 38 28808
64 3 0 39 28076
64 3 0 40 27308
64 3 0 41 26500
64 3 0 42 25656
64 3 0 43 24772
64 3 0 44 23852
64 3 0 45 22892
64 3 0 46 21896
64 3 0 47 20860
64 3 0 48 19788
64 3 0 49 18676
64 3 0 50 17528
64 3 0 51 16340
64 3 0 52 15116
64 3 0 53 13852
64 3 0 54 12552
64 3 0 55 11212
64 3 0 56 9836
64 3 0 57 8420
64 3 0 58 6964
64 3 0 59 5472
64 3 0 60 3944
64 3 0 61 2816
64 3 0 62 1192
64 3 1 2 4
64 3 1 62 4
64 4 0 2 13916
64 4 0 3 60189
64 4 0 4 199461
64 4 0 5 339045
64 4 0 6 473438
64 4 0 7 609233
64 4 0 8 739167
64 4 0 9 863005
64 4 0 10 980644
64 4 0 11 1091825
64 4 0 12 1196469
64 4 0 13 1294293
64 4 0 14 1385242
64 4 0 15 1469009
64 4 0 16 1545563
64 4 0 17 1614573
64 4 0 18 1676032
64 4 0 19 1729585
64 4 0 20 1775249
64 4 0 21 1812667
64 4 0 22 1842104
64 4 0 23 1863521
64 4 0 24 1877341
64 4 0 25 1883511
64 4 0 26 1882472
64 4 0 27 1874153
64 4 0 28 1859013
64 4 0 29 1836959
64 4 0 30 1808334
64 4 0 31 1772895
64 4 0 32 1732433
64 4 0 33 1687596
64 4 0 34 1639004
64 4 0 35 1586658
64 4 0 36 1531233
64 4 0 37 1472712
64 4 0 38 1411788
64 4 0 39 1348426
64 4 0 40 1283337
64 4 0 41 1216468
64 4 0 42 1148548
64 4 0 43 1079506
64 4 0 44 1010089
64 4 0 45 940208
64 4 0 46 870628
64 4 0 47 801242
64 4 0 48 732833
64 4 0 49 665276
64 4 0 50 599372
64 4 0 51 534978
64 4 0 52 472913
64 4 0 53 413016
64 4 0 54 356128
64 4 0 55 302066
64 4 0 56 251685
64 4 0 57 204792
64 4 0 58 161760
64 4 0 59 123310
64 4 0 60 90159
64 4 0 61 56618
64 4 0 62 27908
64 4 1 2 240
64 4 1 3 24
64 4 1 4 28
64 4 1 5 28
64 4 1 6 28
64 4 1 7 28
64 4 1 8 28
64 4 1 9 28
64 4 1 10 28
64 4 1 11 28
64 4 1 12 28
64 4 1 13 28
64 4 1 14 28
64 4 1 15 28
64 4 1 16 28
64 4 1 17 28
64 4 1 18 28
64 4 1 19 28
64 4 1 20 28
64 4 1 21 28
64 4 1 22 28
64 4 1 23 28
64 4 1 24 28
64 4 1 25 28
64 4 1 26 28
64 4 1 27 28
64 4 1 28 28
64 4 1 29 28
64 4 1 30 28
64 4 1 31 28
64 4 1 32 28
64 4 1 33 28
64 4 1 34 28
64 4 1 35 28
64 4 1 36 28
64 4 1 37 28
64 4 1 38 28
64 4 1 39 28
64 4 1 40 28
64 4 1 41 28
64 4 1 42 28
64 4 1 43 28
64 4 1 44 28
64 4 1 45 28
64 4 1 46 28
64 4 1 47 28
64 4 1 48 28
64 4 1 49 28
64 4 1 50 28
64 4 1 51 28
64 4 1 52 28
64 4 1 53 28
64 4 1 54 28
64 4 1 55 28
64 4 1 56 28
64 4 1 57 28
64 4 1 58 28
64 4 1 59 28
64 4 1 60 24
64 4 1 61 24
64 4 1 62 236
64 5 0 2 25536
64 5 0 3 405430
64 5 0 4 2805984
64 5 0 5 6669340
64 5 0 6 11078336
64 5 0 7 16367636
64 5 0 8 21908052
64 5 0 9 27587836
64 5 0 10 33309360
64 5 0 11 38978152
64 5 0 12 44514172
64 5 0 13 49839320
64 5 0 14 54890852
64 5 0 15 59607452
64 5 0 16 63943524
64 5 0 17 67854228
64 5 0 18 71311580
64 5 0 19 74287160
64 5 0 20 76770016
64 5 0 21 78748776
64 5 0 22 80227464
64 5 0 23 81206376
64 5 0 24 81700672
64 5 0 25 81720448
64 5 0 26 81291020
64 5 0 27 80433416
64 5 0 28 79182828
64 5 0 29 77570012
64 5 0 30 75639304
64 5 0 31 73427380
64 5 0 32 70973556
64 5 0 33 68301188
64 5 0 34 65446088
64 5 0 35 62433880
64 5 0 36 59297780
64 5 0 37 56061312
64 5 0 38 52755016
64 5 0 39 49400380
64 5 0 40 46025216
64 5 0 41 42649028
64 5 0 42 39296836
64 5 0 43 35986236
64 5 0 44 32739380
64 5 0 45 29572020
64 5 0 46 26503388
64 5 0 47 23547444
64 5 0 48 20720436
64 5 0 49 18034604
64 5 0 50 15503140
64 5 0 51 13136632
64 5 0 52 10945160
64 5 0 53 8937712
64 5 0 54 7121744
64 5 0 55 5504128
64 5 0 56 4088508
64 5 0 57 2881452
64 5 0 58 1893316
64 5 0 59 1121688
64 5 0 60 568938
64 5 0 61 159400
64 5 1 2 912
64 5 1 3 2804
64 5 1 4 3860
64 5 1 5 4436
64 5 1 6 4456
64 5 1 7 4476
64 5 1 8 4496
64 5 1 9 4516
64 5 1 10 4536
64 5 1 11 4556
64 5 1 12 4576
64 5 1 13 4596
64 5 1 14 4616
64 5 1 15 4636
64 5 1 16 4656
64 5 1 17 4676
64 5 1 18 4696
64 5 1 19 4716
64 5 1 20 4736
64 5 1 21 4756
64 5 1 22 4776
64 5 1 23 4796
64 5 1 24 4816
64 5 1 25 4836
64 5 1 26 4856
64 5 1 27 4876
64 5 1 28 4896
64 5 1 29 4916
64 5 1 30 4932
64 5 1 31 4912
64 5 1 32 4856
64 5 1 33 4796
64 5 1 34 4736
64 5 1 35 4676
64 5 1 36 4616
64 5 1 37 4556
64 5 1 38 4496
64 5 1 39 4436
64 5 1 40 4376
64 5 1 41 4316
64 5 1 42 4256
64 5 1 43 4196
64 5 1 44 4136
64 5 1 45 4076
64 5 1 46 4016
64 5 1 47 3956
64 5 1 48 3896
64 5 1 49 3836
64 5 1 50 3776
64 5 1 51 3716
64 5 1 52 3656
64 5 1 53 3596
64 5 1 54 3536
64 5 1 55 3476
64 5 1 56 3416
64 5 1 57 3360
64 5 1 58 3304
64 5 1 59 3268
64 5 1 60 2788
64 5 1 61 2772
64 5 2 2 4
64 5 2 3 4
64 5 2 60 4
64 5 2 61 4
65 0 0 1 1
65 0 0 65 1
65 1 0 2 4
65 1 0 3 4
65 1 0 4 4
65 1 0 5 4
65 1 0 6 4
65 1 0 7 4
65 1 0 8 4
65 1 0 9 4
65 1 0 10 4
65 1 0 11 4
65 1 0 12 4
65 1 0 13 4
65 1 0 14 4
65 1 0 15 4
65 1 0 16 4
65 1 0 17 4
65 1 0 18 4
65 1 0 19 4
65 1 0 20 4
65 1 0 21 4
65 1 0 22 4
65 1 0 23 4
65 1 0 24 4
65 1 0 25 4
65 1 0 26 4
65 1 0 27 4
65 1 0 28 4
65 1 0 29 4
65 1 0 30 4
65 1 0 31 4
65 1 0 32 4
65 1 0 33 4
65 1 0 34 4
65 1 0 35 4
65 1 0 36 4
65 1 0 37 4
65 1 0 38 4
65 1 0 39 4
65 1 0 40 4
65 1 0 41 4
65 1 0 42 4
65 1 0 43 4
65 1 0 44 4
65 1 0 45 4
65 1 0 46 4
65 1 0 47 4
65 1 0 48 4
65 1 0 49 4
65 1 0 50 4
65 1 0 51 4
65 1 0 52 4
65 1 0 53 4
65 1 0 54 4
65 1 0 55 4
65 1 0 56 4
65 1 0 57 4
65 1 0 58 4
65 1 0 59 4
65 1 0 60 4
65 1 0 61 4
65 1 0 62 4
65 1 0 63 4
65 1 0 64 4
65 2 0 2 250
65 2 0 3 258
65 2 0 4 378
65 2 0 5 380
65 2 0 6 382
65 2 0 7 384
65 2 0 8 386
65 2 0 9 388
65 2 0 10 390
65 2 0 11 392
65 2 0 12 394
65 2 0 13 396
65 2 0 14 398
65 2 0 15 400
65 2 0 16 402
65 2 0 17 404
65 2 0 18 406
65 2 0 19 408
65 2 0 20 410
65 2 0 21 412
65 2 0 22 414
65 2 0 23 416
65 2 0 24 418
65 2 0 25 420
65 2 0 26 422
65 2 0 27 424
65 2 0 28 426
65 2 0 29 428
65 2 0 30 430
65 2 0 31 432
65 2 0 32 432
65 2 0 33 426
65 2 0 34 420
65 2 0 35 414
65 2 0 36 408
65 2 0 37 402
65 2 0 38 396
65 2 0 39 390
65 2 0 40 384
65 2 0 41 378
65 2 0 42 372
65 2 0 43 366
65 2 0 44 360
65 2 0 45 354
65 2 0 46 348
65 2 0 47 342
65 2 0 48 336
65 2 0 49 330
65 2 0 50 324
65 2 0 51 318
65 2 0 52 312
65 2 0 53 306
65 2 0 54 300
65 2 0 55 294
65 2 0 56 288
65 2 0 57 282
65 2 0 58 276
65 2 0 59 270
65 2 0 60 264
65 2 0 61 258
65 2 0 62 256
65 2 0 63 250
65 2 0 64 248
65 3 0 2 480
65 3 0 3 2624
65 3 0 4 11156
65 3 0 5 13236
65 3 0 6 15216
65 3 0 7 17104
65 3 0 8 18896
65 3 0 9 20596
65 3 0 10 22200
65 3 0 11 23712
65 3 0 12 25128
65 3 0 13 26452
65 3 0 14 27680
65 3 0 15 28816
65 3 0 16 29856
65 3 0 17 30804
65 3 0 18 31656
65 3 0 19 32416
65 3 0 20 33080
65 3 0 21 33652
65 3 0 22 34128
65 3 0 23 34512
65 3 0 24 34800
65 3 0 25 34996
65 3 0 26 35096
65 3 0 27 35104
65 3 0 28 35016
65 3 0 29 34836
65 3 0 30 34560
65 3 0 31 34192
65 3 0 32 33740
65 3 0 33 33248
65 3 0 34 32716
65 3 0 35 32148
65 3 0 36 31540
65 3 0 37 30896
65 3 0 38 30212
65 3 0 39 29492
65 3 0 40 28732
65 3 0 41 27936
65 3 0 42 27100
65 3 0 43 26228
65 3 0 44 25316
65 3 0 45 24368
65 3 0 46 23380
65 3 0 47 22356
65 3 0 48 21292
65 3 0 49 20192
65 3 0 50 19052
65 3 0 51 17876
65 3 0 52 16660
65 3 0 53 15408
65 3 0 54 14116
65 3 0 55 12788
65 3 0 56 11420
65 3 0 57 10016
65 3 0 58 8572
65 3 0 59 7088
65 3 0 60 5568
65 3 0 61 4012
65 3 0 62 2864
65 3 0 63 1212
65 3 1 2 4
65 3 1 63 4
65 4 0 2 14392
65 4 0 3 62174
65 4 0 4 206892
65 4 0 5 351387
65 4 0 6 490588
65 4 0 7 631468
65 4 0 8 766348
65 4 0 9 895113
65 4 0 10 1017516
65 4 0 11 1133466
65 4 0 12 1242692
65 4 0 13 1345127
65 4 0 14 1440476
65 4 0 15 1528696
65 4 0 16 1609468
65 4 0 17 1682773
65 4 0 18 1748268
65 4 0 19 1805958
65 4 0 20 1855476
65 4 0 21 1896855
65 4 0 22 1929844
65 4 0 23 1954836
65 4 0 24 1971786
65 4 0 25 1981127
65 4 0 26 1982796
65 4 0 27 1977244
65 4 0 28 1964390
65 4 0 29 1944703
65 4 0 30 1918068
65 4 0 31 1884798
65 4 0 32 1845018
65 4 0 33 1800880
65 4 0 34 1752420
65 4 0 35 1700305
65 4 0 36 1644526
65 4 0 37 1585768
65 4 0 38 1524004
65 4 0 39 1459937
65 4 0 40 1393522
65 4 0 41 1325480
65 4 0 42 1255748
65 4 0 43 1185065
65 4 0 44 1113350
65 4 0 45 1041360
65 4 0 46 968996
65 4 0 47 897033
65 4 0 48 825354
65 4 0 49 754752
65 4 0 50 685092
65 4 0 51 617185
65 4 0 52 550878
65 4 0 53 487000
65 4 0 54 425380
65 4 0 55 366869
65 4 0 56 311274
65 4 0 57 259460
65 4 0 58 211224
65 4 0 59 166939
65 4 0 60 127334
65 4 0 61 93132
65 4 0 62 58538
65 4 0 63 28861
65 4 1 2 244
65 4 1 3 24
65 4 1 4 28
65 4 1 5 28
65 4 1 6 28
65 4 1 7 28
65 4 1 8 28
65 4 1 9 28
65 4 1 10 28
65 4 1 11 28
65 4 1 12 28
65 4 1 13 28
65 4 1 14 28
65 4 1 15 28
65 4 1 16 28
65 4 1 17 28
65 4 1 18 28
65 4 1 19 28
65 4 1 20 28
65 4 1 21 28
65 4 1 22 28
65 4 1 23 28
65 4 1 24 28
65 4 1 25 28
65 4 1 26 28
65 4 1 27 28
65 4 1 28 28
65 4 1 29 28
65 4 1 30 28
65 4 1 31 28
65 4 1 32 28
65 4 1 33 28
65 4 1 34 28
65 4 1 35 28
65 4 1 36 28
65 4 1 37 28
65 4 1 38 28
65 4 1 39 28
65 4 1 40 28
65 4 1 41 28
65 4 1 42 28
65 4 1 43 28
65 4 1 44 28
65 4 1 45 28
65 4 1 46 28
65 4 1 47 28
65 4 1 48 28
65 4 1 49 28
65 4 1 50 28
65 4 1 51 28
65 4 1 52 28
65 4 1 53 28
65 4 1 54 28
65 4 1 55 28
65 4 1 56 28
65 4 1 57 28
65 4 1 58 28
65 4 1 59 28
65 4 1 60 28
65 4 1 61 24
65 4 1 62 24
65 4 1 63 240
65 5 0 2 26448
65 5 0 3 419966
65 5 0 4 2939154
65 5 0 5 6992062
65 5 0 6 11614074
65 5 0 7 17168054
65 5 0 8 22988474
65 5 0 9 28965426
65 5 0 10 34993502
65 5 0 11 40981330
65 5 0 12 46839838
65 5 0 13 52495022
65 5 0 14 57874510
65 5 0 15 62921506
65 5 0 16 67580090
65 5 0 17 71811090
65 5 0 18 75574970
65 5 0 19 78849662
65 5 0 20 81612738
65 5 0 21 83858974
65 5 0 22 85581498
65 5 0 23 86788830
65 5 0 24 87484254
65 5 0 25 87686522
65 5 0 26 87409762
65 5 0 27 86682650
65 5 0 28 85529346
65 5 0 29 83989598
65 5 0 30 82095826
65 5 0 31 79895122
65 5 0 32 77423912
65 5 0 33 74716164
65 5 0 34 71798136
65 5 0 35 68705792
65 5 0 36 65464616
65 5 0 37 62107956
65 5 0 38 58659212
65 5 0 39 55149040
65 5 0 40 51598820
65 5 0 41 48036464
65 5 0 42 44481384
65 5 0 43 40958684
65 5 0 44 37485884
65 5 0 45 34085204
65 5 0 46 30772336
65 5 0 47 27566564
65 5 0 48 24481804
65 5 0 49 21534340
65 5 0 50 18736384
65 5 0 51 16101148
65 5 0 52 13639208
65 5 0 53 11360648
65 5 0 54 9274460
65 5 0 55 7388100
65 5 0 56 5708448
65 5 0 57 4239120
65 5 0 58 2986732
65 5 0 59 1961784
65 5 0 60 1161780
65 5 0 61 589126
65 5 0 62 164980
65 5 1 2 928
65 5 1 3 2852
65 5 1 4 3924
65 5 1 5 4512
65 5 1 6 4532
65 5 1 7 4552
65 5 1 8 4572
65 5 1 9 4592
65 5 1 10 4612
65 5 1 11 4632
65 5 1 12 4652
65 5 1 13 4672
65 5 1 14 4692
65 5 1 15 4712
65 5 1 16 4732
65 5 1 17 4752
65 5 1 18 4772
65 5 1 19 4792
65 5 1 20 4812
65 5 1 21 4832
65 5 1 22 4852
65 5 1 23 4872
65 5 1 24 4892
65 5 1 25 4912
65 5 1 26 4932
65 5 1 27 4952
65 5 1 28 4972
65 5 1 29 4992
65 5 1 30 5012
65 5 1 31 5012
65 5 1 32 4972
65 5 1 33 4912
65 5 1 34 4852
65 5 1 35 4792
65 5 1 36 4732
65 5 1 37 4672
65 5 1 38 4612
65 5 1 39 4552
65 5 1 40 4492
65 5 1 41 4432
65 5 1 42 4372
65 5 1 43 4312
65 5 1 44 4252
65 5 1 45 4192
65 5 1 46 4132
65 5 1 47 4072
65 5 1 48 4012
65 5 1 49 3952
65 5 1 50 3892
65 5 1 51 3832
65 5 1 52 3772
65 5 1 53 3712
65 5 1 54 3652
65 5 1 55 3592
65 5 1 56 3532
65 5 1 57 3472
65 5 1 58 3416
65 5 1 59 3360
65 5 1 60 3324
65 5 1 61 2836
65 5 1 62 2820
65 5 2 2 4
65 5 2 3 4
65 5 2 61 4
65 5 2 62 4
66 0 0 1 1
66 0 0 66 1
66 1 0 2 4
66 1 0 3 4
66 1 0 4 4
66 1 0 5 4
66 1 0 6 4
66 1 0 7 4
66 1 0 8 4
66 1 0 9 4
66 1 0 10 4
66 1 0 11 4
66 1 0 12 4
66 1 0 13 4
66 1 0 14 4
66 1 0 15 4
66 1 0 16 4
66 1 0 17 4
66 1 0 18 4
66 1 0 19 4
66 1 0 20 4
66 1 0 21 4
66 1 0 22 4
66 1 0 23 4
66 1 0 24 4
66 1 0 25 4
66 1 0 26 4
66 1 0 27 4
66 1 0 28 4
66 1 0 29 4
66 1 0 30 4
66 1 0 31 4
66 1 0 32 4
66 1 0 33 4
66 1 0 34 4
66 1 0 35 4
66 1 0 36 4
66 1 0 37 4
66 1 0 38 4
66 1 0 39 4
66 1 0 40 4
66 1 0 41 4
66 1 0 42 4
66 1 0 43 4
66 1 0 44 4
66 1 0 45 4
66 1 0 46 4
66 1 0 47 4
66 1 0 48 4
66 1 0 49 4
66 1 0 50 4
66 1 0 51 4
66 1 0 52 4
66 1 0 53 4
66 1 0 54 4
66 1 0 55 4
66 1 0 56 4
66 1 0 57 4
66 1 0 58 4
66 1 0 59 4
66 1 0 60 4
66 1 0 61 4
66 1 0 62 4
66 1 0 63 4
66 1 0 64 4
66 1 0 65 4
66 2 0 2 254
66 2 0 3 262
66 2 0 4 384
66 2 0 5 386
66 2 0 6 388
66 2 0 7 390
66 2 0 8 392
66 2 0 9 394
66 2 0 10 396
66 2 0 11 398
66 2 0 12 400
66 2 0 13 402
66 2 0 14 404
66 2 0 15 406
66 2 0 16 408
66 2 0 17 410
66 2 0 18 412
66 2 0 19 414
66 2 0 20 416
66 2 0 21 418
66 2 0 22 420
66 2 0 23 422
66 2 0 24 424
66 2 0 25 426
66 2 0 26 428
66 2 0 27 430
66 2 0 28 432
66 2 0 29 434
66 2 0 30 436
66 2 0 31 438
66 2 0 32 440
66 2 0 33 436
66 2 0 34 430
66 2 0 35 424
66 2 0 36 418
66 2 0 37 412
66 2 0 38 406
66 2 0 39 400
66 2 0 40 394
66 2 0 41 388
66 2 0 42 382
66 2 0 43 376
66 2 0 44 370
66 2 0 45 364
66 2 0 46 358
66 2 0 47 352
66 2 0 48 346
66 2 0 49 340
66 2 0 50 334
66 2 0 51 328
66 2 0 52 322
66 2 0 53 316
66 2 0 54 310
66 2 0 55 304
66 2 0 56 298
66 2 0 57 292
66 2 0 58 286
66 2 0 59 280
66 2 0 60 274
66 2 0 61 268
66 2 0 62 262
66 2 0 63 260
66 2 0 64 254
66 2 0 65 252
66 3 0 2 488
66 3 0 3 2668
66 3 0 4 11472
66 3 0 5 13588
66 3 0 6 15608
66 3 0 7 17532
66 3 0 8 19364
66 3 0 9 21100
66 3 0 10 22744
66 3 0 11 24292
66 3 0 12 25748
66 3 0 13 27108
66 3 0 14 28376
66 3 0 15 29548
66 3 0 16 30628
66 3 0 17 31612
66 3 0 18 32504
66 3 0 19 33300
66 3 0 20 34004
66 3 0 21 34612
66 3 0 22 35128
66 3 0 23 35548
66 3 0 24 35876
66 3 0 25 36108
66 3 0 26 36248
66 3 0 27 36292
66 3 0 28 36244
66 3 0 29 36100
66 3 0 30 35864
66 3 0 31 35532
66 3 0 32 35108
66 3 0 33 34620
66 3 0 34 34100
66 3 0 35 33540
66 3 0 36 32944
66 3 0 37 32308
66 3 0 38 31636
66 3 0 39 30924
66 3 0 40 30176
66 3 0 41 29388
66 3 0 42 28564
66 3 0 43 27700
66 3 0 44 26800
66 3 0 45 25860
66 3 0 46 24884
66 3 0 47 23868
66 3 0 48 22816
66 3 0 49 21724
66 3 0 50 20596
66 3 0 51 19428
66 3 0 52 18224
66 3 0 53 16980
66 3 0 54 15700
66 3 0 55 14380
66 3 0 56 13024
66 3 0 57 11628
66 3 0 58 10196
66 3 0 59 8724
66 3 0 60 7212
66 3 0 61 5664
66 3 0 62 4080
66 3 0 63 2912
66 3 0 64 1232
66 3 1 2 4
66 3 1 64 4
66 4 0 2 14876
66 4 0 3 64191
66 4 0 4 214500
66 4 0 5 364081
66 4 0 6 508313
66 4 0 7 654321
66 4 0 8 794298
66 4 0 9 928009
66 4 0 10 1055351
66 4 0 11 1176065
66 4 0 12 1290072
66 4 0 13 1397089
66 4 0 14 1497061
66 4 0 15 1589681
66 4 0 16 1674918
66 4 0 17 1752441
66 4 0 18 1822243
66 4 0 19 1883969
66 4 0 20 1937636
66 4 0 21 1982865
66 4 0 22 2019763
66 4 0 23 2048227
66 4 0 24 2068682
66 4 0 25 2081073
66 4 0 26 2085843
66 4 0 27 2082919
66 4 0 28 2072762
66 4 0 29 2055281
66 4 0 30 2030951
66 4 0 31 1999525
66 4 0 32 1961364
66 4 0 33 1917690
66 4 0 34 1869823
66 4 0 35 1817724
66 4 0 36 1762070
66 4 0 37 1702842
66 4 0 38 1640735
66 4 0 39 1575712
66 4 0 40 1508486
66 4 0 41 1439002
66 4 0 42 1367991
66 4 0 43 1295380
66 4 0 44 1221918
66 4 0 45 1147514
66 4 0 46 1072935
66 4 0 47 998072
66 4 0 48 923710
66 4 0 49 849722
66 4 0 50 776911
66 4 0 51 705132
66 4 0 52 635206
66 4 0 53 566970
66 4 0 54 501263
66 4 0 55 437904
66 4 0 56 377754
66 4 0 57 320610
66 4 0 58 267347
66 4 0 59 217752
66 4 0 60 172198
66 4 0 61 131422
66 4 0 62 96153
66 4 0 63 60490
66 4 0 64 29830
66 4 1 2 248
66 4 1 3 24
66 4 1 4 28
66 4 1 5 28
66 4 1 6 28
66 4 1 7 28
66 4 1 8 28
66 4 1 9 28
66 4 1 10 28
66 4 1 11 28
66 4 1 12 28
66 4 1 13 28
66 4 1 14 28
66 4 1 15 28
66 4 1 16 28
66 4 1 17 28
66 4 1 18 28
66 4 1 19 28
66 4 1 20 28
66 4 1 21 28
66 4 1 22 28
66 4 1 23 28
66 4 1 24 28
66 4 1 25 28
66 4 1 26 28
66 4 1 27 28
66 4 1 28 28
66 4 1 29 28
66 4 1 30 28
66 4 1 31 28
66 4 1 32 28
66 4 1 33 28
66 4 1 34 28
66 4 1 35 28
66 4 1 36 28
66 4 1 37 28
66 4 1 38 28
66 4 1 39 28
66 4 1 40 28
66 4 1 41 28
66 4 1 42 28
66 4 1 43 28
66 4 1 44 28
66 4 1 45 28
66 4 1 46 28
66 4 1 47 28
66 4 1 48 28
66 4 1 49 28
66 4 1 50 28
66 4 1 51 28
66 4 1 52 28
66 4 1 53 28
66 4 1 54 28
66 4 1 55 28
66 4 1 56 28
66 4 1 57 28
66 4 1 58 28
66 4 1 59 28
66 4 1 60 28
66 4 1 61 28
66 4 1 62 24
66 4 1 63 24
66 4 1 64 244
66 5 0 2 27376
66 5 0 3 434758
66 5 0 4 3076168
66 5 0 5 7324056
66 5 0 6 12167452
66 5 0 7 17993524
66 5 0 8 24106056
66 5 0 9 30387768
66 5 0 10 36735924
66 5 0 11 43050524
66 5 0 12 49246260
66 5 0 13 55239736
66 5 0 14 60962936
66 5 0 15 66348880
66 5 0 16 71347176
66 5 0 17 75907216
66 5 0 18 79995772
66 5 0 19 83579248
66 5 0 20 86641372
66 5 0 21 89165084
66 5 0 22 91151312
66 5 0 23 92596556
66 5 0 24 93512956
66 5 0 25 93907776
66 5 0 26 93803168
66 5 0 27 93216380
66 5 0 28 92180628
66 5 0 29 90722968
66 5 0 30 88886308
66 5 0 31 86706872
66 5 0 32 84233140
66 5 0 33 81495968
66 5 0 34 78529460
66 5 0 35 75361100
66 5 0 36 72027000
66 5 0 37 68552504
66 5 0 38 64971092
66 5 0 39 61306040
66 5 0 40 57588120
66 5 0 41 53838604
66 5 0 42 50085504
66 5 0 43 46348140
66 5 0 44 42651700
66 5 0 45 39013628
66 5 0 46 35456212
66 5 0 47 31995084
66 5 0 48 28649580
66 5 0 49 25433572
66 5 0 50 22363380
66 5 0 51 19451188
66 5 0 52 16710228
66 5 0 53 14151064
66 5 0 54 11783784
66 5 0 55 9617384
66 5 0 56 7659320
66 5 0 57 5916480
66 5 0 58 4392452
66 5 0 59 3093900
66 5 0 60 2031468
66 5 0 61 1202576
66 5 0 62 609666
66 5 0 63 170656
66 5 1 2 944
66 5 1 3 2900
66 5 1 4 3992
66 5 1 5 4588
66 5 1 6 4608
66 5 1 7 4628
66 5 1 8 4648
66 5 1 9 4668
66 5 1 10 4688
66 5 1 11 4708
66 5 1 12 4728
66 5 1 13 4748
66 5 1 14 4768
66 5 1 15 4788
66 5 1 16 4808
66 5 1 17 4828
66 5 1 18 4848
66 5 1 19 4868
66 5 1 20 4888
66 5 1 21 4908
66 5 1 22 4928
66 5 1 23 4948
66 5 1 24 4968
66 5 1 25 4988
66 5 1 26 5008
66 5 1 27 5028
66 5 1 28 5048
66 5 1 29 5068
66 5 1 30 5088
66 5 1 31 5104
66 5 1 32 5084
66 5 1 33 5028
66 5 1 34 4968
66 5 1 35 4908
66 5 1 36 4848
66 5 1 37 4788
66 5 1 38 4728
66 5 1 39 4668
66 5 1 40 4608
66 5 1 41 4548
66 5 1 42 4488
66 5 1 43 4428
66 5 1 44 4368
66 5 1 45 4308
66 5 1 46 4248
66 5 1 47 4188
66 5 1 48 4128
66 5 1 49 4068
66 5 1 50 4008
66 5 1 51 3948
66 5 1 52 3888
66 5 1 53 3828
66 5 1 54 3768
66 5 1 55 3708
66 5 1 56 3648
66 5 1 57 3588
66 5 1 58 3528
66 5 1 59 3472
66 5 1 60 3416
66 5 1 61 3380
66 5 1 62 2884
66 5 1 63 2868
66 5 2 2 4
66 5 2 3 4
66 5 2 62 4
66 5 2 63 4
67 0 0 1 1
67 0 0 67 1
67 1 0 2 4
67 1 0 3 4
67 1 0 4 4
67 1 0 5 4
67 1 0 6 4
67 1 0 7 4
67 1 0 8 4
67 1 0 9 4
67 1 0 10 4
67 1 0 11 4
67 1 0 12 4
67 1 0 13 4
67 1 0 14 4
67 1 0 15 4
67 1 0 16 4
67 1 0 17 4
67 1 0 18 4
67 1 0 19 4
67 1 0 20 4
67 1 0 21 4
67 1 0 22 4
67 1 0 23 4
67 1 0 24 4
67 1 0 25 4
67 1 0 26 4
67 1 0 27 4
67 1 0 28 4
67 1 0 29 4
67 1 0 30 4
67 1 0 31 4
67 1 0 32 4
67 1 0 33 4
67 1 0 34 4
67 1 0 35 4
67 1 0 36 4
67 1 0 37 4
67 1 0 38 4
67 1 0 39 4
67 1 0 40 4
67 1 0 41 4
67 1 0 42 4
67 1 0 43 4
67 1 0 44 4
67 1 0 45 4
67 1 0 46 4
67 1 0 47 4
67 1 0 48 4
67 1 0 49 4
67 1 0 50 4
67 1 0 51 4
67 1 0 52 4
67 1 0 53 4
67 1 0 54 4
67 1 0 55 4
67 1 0 56 4
67 1 0 57 4
67 1 0 58 4
67 1 0 59 4
67 1 0 60 4
67 1 0 61 4
67 1 0 62 4
67 1 0 63 4
67 1 0 64 4
67 1 0 65 4
67 1 0 66 4
67 2 0 2 258
67 2 0 3 266
67 2 0 4 390
67 2 0 5 392
67 2 0 6 394
67 2 0 7 396
67 2 0 8 398
67 2 0 9 400
67 2 0 10 402
67 2 0 11 404
67 2 0 12 406
67 2 0 13 408
67 2 0 14 410
67 2 0 15 412
67 2 0 16 414
67 2 0 17 416
67 2 0 18 418
67 2 0 19 420
67 2 0 20 422
67 2 0 21 424
67 2 0 22 426
67 2 0 23 428
67 2 0 24 430
67 2 0 25 432
67 2 0 26 434
67 2 0 27 436
67 2 0 28 438
67 2 0 29 440
67 2 0 30 442
67 2 0 31 444
67 2 0 32 446
67 2 0 33 446
67 2 0 34 440
67 2 0 35 434
67 2 0 36 428
67 2 0 37 422
67 2 0 38 416
67 2 0 39 410
67 2 0 40 404
67 2 0 41 398
67 2 0 42 392
67 2 0 43 386
67 2 0 44 380
67 2 0 45 374
67 2 0 46 368
67 2 0 47 362
67 2 0 48 356
67 2 0 49 350
67 2 0 50 344
67 2 0 51 338
67 2 0 52 332
67 2 0 53 326
67 2 0 54 320
67 2 0 55 314
67 2 0 56 308
67 2 0 57 302
67 2 0 58 296
67 2 0 59 290
67 2 0 60 284
67 2 0 61 278
67 2 0 62 272
67 2 0 63 266
67 2 0 64 264
67 2 0 65 258
67 2 0 66 256
67 3 0 2 496
67 3 0 3 2712
67 3 0 4 11780
67 3 0 5 13936
67 3 0 6 15992
67 3 0 7 17956
67 3 0 8 19824
67 3 0 9 21600
67 3 0 10 23280
67 3 0 11 24868
67 3 0 12 26360
67 3 0 13 27760
67 3 0 14 29064
67 3 0 15 30276
67 3 0 16 31392
67 3 0 17 32416
67 3 0 18 33344
67 3 0 19 34180
67 3 0 20 34920
67 3 0 21 35568
67 3 0 22 36120
67 3 0 23 36580
67 3 0 24 36944
67 3 0 25 37216
67 3 0 26 37392
67 3 0 27 37476
67 3 0 28 37464
67 3 0 29 37360
67 3 0 30 37160
67 3 0 31 36868
67 3 0 32 36480
67 3 0 33 36012
67 3 0 34 35500
67 3 0 35 34952
67 3 0 36 34364
67 3 0 37 33740
67 3 0 38 33076
67 3 0 39 32376
67 3 0 40 31636
67 3 0 41 30860
67 3 0 42 30044
67 3 0 43 29192
67 3 0 44 28300
67 3 0 45 27372
67 3 0 46 26404
67 3 0 47 25400
67 3 0 48 24356
67 3 0 49 23276
67 3 0 50 22156
67 3 0 51 21000
67 3 0 52 19804
67 3 0 53 18572
67 3 0 54 17300
67 3 0 55 15992
67 3 0 56 14644
67 3 0 57 13260
67 3 0 58 11836
67 3 0 59 10376
67 3 0 60 8876
67 3 0 61 7336
67 3 0 62 5760
67 3 0 63 4148
67 3 0 64 2960
67 3 0 65 1252
67 3 1 2 4
67 3 1 65 4
67 4 0 2 15368
67 4 0 3 66240
67 4 0 4 222242
67 4 0 5 376904
67 4 0 6 526114
67 4 0 7 677389
67 4 0 8 822494
67 4 0 9 961314
67 4 0 10 1093602
67 4 0 11 1219267
67 4 0 12 1338038
67 4 0 13 1449848
67 4 0 14 1554402
67 4 0 15 1651657
67 4 0 16 1741294
67 4 0 17 1823294
67 4 0 18 1897314
67 4 0 19 1963359
67 4 0 20 2021062
67 4 0 21 2070452
67 4 0 22 2111160
67 4 0 23 2143463
67 4 0 24 2167310
67 4 0 25 2183136
67 4 0 26 2190876
67 4 0 27 2190983
67 4 0 28 2183374
67 4 0 29 2168520
67 4 0 30 2146320
67 4 0 31 2117247
67 4 0 32 2081004
67 4 0 33 2038355
67 4 0 34 1990874
67 4 0 35 1939262
67 4 0 36 1883508
67 4 0 37 1824299
67 4 0 38 1761606
67 4 0 39 1696134
67 4 0 40 1627836
67 4 0 41 1557435
67 4 0 42 1484866
67 4 0 43 1410870
67 4 0 44 1335364
67 4 0 45 1259107
67 4 0 46 1181998
67 4 0 47 1104814
67 4 0 48 1027436
67 4 0 49 950659
67 4 0 50 874346
67 4 0 51 799310
67 4 0 52 725396
67 4 0 53 653435
67 4 0 54 583254
67 4 0 55 515702
67 4 0 56 450588
67 4 0 57 388783
67 4 0 58 330074
67 4 0 59 275346
67 4 0 60 224376
67 4 0 61 177537
67 4 0 62 135574
67 4 0 63 99222
67 4 0 64 62474
67 4 0 65 30815
67 4 1 2 252
67 4 1 3 24
67 4 1 4 28
67 4 1 5 28
67 4 1 6 28
67 4 1 7 28
67 4 1 8 28
67 4 1 9 28
67 4 1 10 28
67 4 1 11 28
67 4 1 12 28
67 4 1 13 28
67 4 1 14 28
67 4 1 15 28
67 4 1 16 28
67 4 1 17 28
67 4 1 18 28
67 4 1 19 28
67 4 1 20 28
67 4 1 21 28
67 4 1 22 28
67 4 1 23 28
67 4 1 24 28
67 4 1 25 28
67 4 1 26 28
67 4 1 27 28
67 4 1 28 28
67 4 1 29 28
67 4 1 30 28
67 4 1 31 28
67 4 1 32 28
67 4 1 33 28
67 4 1 34 28
67 4 1 35 28
67 4 1 36 28
67 4 1 37 28
67 4 1 38 28
67 4 1 39 28
67 4 1 40 28
67 4 1 41 28
67 4 1 42 28
67 4 1 43 28
67 4 1 44 28
67 4 1 45 28
67 4 1 46 28
67 4 1 47 28
67 4 1 48 28
67 4 1 49 28
67 4 1 50 28
67 4 1 51 28
67 4 1 52 28
67 4 1 53 28
67 4 1 54 28
67 4 1 55 28
67 4 1 56 28
67 4 1 57 28
67 4 1 58 28
67 4 1 59 28
67 4 1 60 28
67 4 1 61 28
67 4 1 62 28
67 4 1 63 24
67 4 1 64 24
67 4 1 65 248
67 5 0 2 28320
67 5 0 3 449806
67 5 0 4 3217468
67 5 0 5 7666788
67 5 0 6 12736104
67 5 0 7 18843192
67 5 0 8 25252928
67 5 0 9 31850220
67 5 0 10 38524160
67 5 0 11 45178104
67 5 0 12 51717676
67 5 0 13 58063596
67 5 0 14 64137856
67 5 0 15 69878824
67 5 0 16 75224840
67 5 0 17 80131484
67 5 0 18 84554036
67 5 0 19 88465104
67 5 0 20 91836456
67 5 0 21 94658372
67 5 0 22 96918872
67 5 0 23 98623348
67 5 0 24 99772240
67 5 0 25 100381132
67 5 0 26 100460404
67 5 0 27 100036724
67 5 0 28 99130244
67 5 0 29 97777716
67 5 0 30 96010388
67 5 0 31 93873140
67 5 0 32 91404544
67 5 0 33 88653048
67 5 0 34 85643544
67 5 0 35 82413444
67 5 0 36 78990080
67 5 0 37 75409712
67 5 0 38 71697544
67 5 0 39 67887188
67 5 0 40 64001796
67 5 0 41 60072256
67 5 0 42 56119732
67 5 0 43 52172336
67 5 0 44 48249296
67 5 0 45 44375884
67 5 0 46 40569468
67 5 0 47 36852404
67 5 0 48 33240264
67 5 0 49 29752436
67 5 0 50 26402748
67 5 0 51 23207556
67 5 0 52 20179016
67 5 0 53 17330380
67 5 0 54 14672200
67 5 0 55 12214568
67 5 0 56 9966484
67 5 0 57 7935404
67 5 0 58 6128224
67 5 0 59 4548504
67 5 0 60 3202956
67 5 0 61 2102368
67 5 0 62 1244076
67 5 0 63 630558
67 5 0 64 176428
67 5 1 2 960
67 5 1 3 2948
67 5 1 4 4056
67 5 1 5 4664
67 5 1 6 4684
67 5 1 7 4704
67 5 1 8 4724
67 5 1 9 4744
67 5 1 10 4764
67 5 1 11 4784
67 5 1 12 4804
67 5 1 13 4824
67 5 1 14 4844
67 5 1 15 4864
67 5 1 16 4884
67 5 1 17 4904
67 5 1 18 4924
67 5 1 19 4944
67 5 1 20 4964
67 5 1 21 4984
67 5 1 22 5004
67 5 1 23 5024
67 5 1 24 5044
67 5 1 25 5064
67 5 1 26 5084
67 5 1 27 5104
67 5 1 28 5124
67 5 1 29 5144
67 5 1 30 5164
67 5 1 31 5184
67 5 1 32 5184
67 5 1 33 5144
67 5 1 34 5084
67 5 1 35 5024
67 5 1 36 4964
67 5 1 37 4904
67 5 1 38 4844
67 5 1 39 4784
67 5 1 40 4724
67 5 1 41 4664
67 5 1 42 4604
67 5 1 43 4544
67 5 1 44 4484
67 5 1 45 4424
67 5 1 46 4364
67 5 1 47 4304
67 5 1 48 4244
67 5 1 49 4184
67 5 1 50 4124
67 5 1 51 4064
67 5 1 52 4004
67 5 1 53 3944
67 5 1 54 3884
67 5 1 55 3824
67 5 1 56 3764
67 5 1 57 3704
67 5 1 58 3644
67 5 1 59 3584
67 5 1 60 3528
67 5 1 61 3472
67 5 1 62 3436
67 5 1 63 2932
67 5 1 64 2916
67 5 2 2 4
67 5 2 3 4
67 5 2 63 4
67 5 2 64 4
68 0 0 1 1
68 0 0 68 1
68 1 0 2 4
68 1 0 3 4
68 1 0 4 4
68 1 0 5 4
68 1 0 6 4
68 1 0 7 4
68 1 0 8 4
68 1 0 9 4
68 1 0 10 4
68 1 0 11 4
68 1 0 12 4
68 1 0 13 4
68 1 0 14 4
68 1 0 15 4
68 1 0 16 4
68 1 0 17 4
68 1 0 18 4
68 1 0 19 4
68 1 0 20 4
68 1 0 21 4
68 1 0 22 4
68 1 0 23 4
68 1 0 24 4
68 1 0 25 4
68 1 0 26 4
68 1 0 27 4
68 1 0 28 4
68 1 0 29 4
68 1 0 30 4
68 1 0 31 4
68 1 0 32 4
68 1 0 33 4
68 1 0 34 4
68 1 0 35 4
68 1 0 36 4
68 1 0 37 4
68 1 0 38 4
68 1 0 39 4
68 1 0 40 4
68 1 0 41 4
68 1 0 42 4
68 1 0 43 4
68 1 0 44 4
68 1 0 45 4
68 1 0 46 4
68 1 0 47 4
68 1 0 48 4
68 1 0 49 4
68 1 0 50 4
68 1 0 51 4
68 1 0 52 4
68 1 0 53 4
68 1 0 54 4
68 1 0 55 4
68 1 0 56 4
68 1 0 57 4
68 1 0 58 4
68 1 0 59 4
68 1 0 60 4
68 1 0 61 4
68 1 0 62 4
68 1 0 63 4
68 1 0 64 4
68 1 0 65 4
68 1 0 66 4
68 1 0 67 4
68 2 0 2 262
68 2 0 3 270
68 2 0 4 396
68 2 0 5 398
68 2 0 6 400
68 2 0 7 402
68 2 0 8 404
68 2 0 9 406
68 2 0 10 408
68 2 0 11 410
68 2 0 12 412
68 2 0 13 414
68 2 0 14 416
68 2 0 15 418
68 2 0 16 420
68 2 0 17 422
68 2 0 18 424
68 2 0 19 426
68 2 0 20 428
68 2 0 21 430
68 2 0 22 432
68 2 0 23 434
68 2 0 24 436
68 2 0 25 438
68 2 0 26 440
68 2 0 27 442
68 2 0 28 444
68 2 0 29 446
68 2 0 30 448
68 2 0 31 450
68 2 0 32 452
68 2 0 33 454
68 2 0 34 450
68 2 0 35 444
68 2 0 36 438
68 2 0 37 432
68 2 0 38 426
68 2 0 39 420
68 2 0 40 414
68 2 0 41 408
68 2 0 42 402
68 2 0 43 396
68 2 0 44 390
68 2 0 45 384
68 2 0 46 378
68 2 0 47 372
68 2 0 48 366
68 2 0 49 360
68 2 0 50 354
68 2 0 51 348
68 2 0 52 342
68 2 0 53 336
68 2 0 54 330
68 2 0 55 324
68 2 0 56 318
68 2 0 57 312
68 2 0 58 306
68 2 0 59 300
68 2 0 60 294
68 2 0 61 288
68 2 0 62 282
68 2 0 63 276
68 2 0 64 270
68 2 0 65 268
68 2 0 66 262
68 2 0 67 260
68 3 0 2 504
68 3 0 3 2756
68 3 0 4 12104
68 3 0 5 14296
68 3 0 6 16392
68 3 0 7 18392
68 3 0 8 20300
68 3 0 9 22112
68 3 0 10 23832
68 3 0 11 25456
68 3 0 12 26988
68 3 0 13 28424
68 3 0 14 29768
68 3 0 15 31016
68 3 0 16 32172
68 3 0 17 33232
68 3 0 18 34200
68 3 0 19 35072
68 3 0 20 35852
68 3 0 21 36536
68 3 0 22 37128
68 3 0 23 37624
68 3 0 24 38028
68 3 0 25 38336
68 3 0 26 38552
68 3 0 27 38672
68 3 0 28 38700
68 3 0 29 38632
68 3 0 30 38472
68 3 0 31 38216
68 3 0 32 37868
68 3 0 33 37424
68 3 0 34 36920
68 3 0 35 36380
68 3 0 36 35804
68 3 0 37 35188
68 3 0 38 34536
68 3 0 39 33844
68 3 0 40 33116
68 3 0 41 32348
68 3 0 42 31544
68 3 0 43 30700
68 3 0 44 29820
68 3 0 45 28900
68 3 0 46 27944
68 3 0 47 26948
68 3 0 48 25916
68 3 0 49 24844
68 3 0 50 23736
68 3 0 51 22588
68 3 0 52 21404
68 3 0 53 20180
68 3 0 54 18920
68 3 0 55 17620
68 3 0 56 16284
68 3 0 57 14908
68 3 0 58 13496
68 3 0 59 12044
68 3 0 60 10556
68 3 0 61 9028
68 3 0 62 7460
68 3 0 63 5856
68 3 0 64 4216
68 3 0 65 3008
68 3 0 66 1272
68 3 1 2 4
68 3 1 66 4
68 4 0 2 15868
68 4 0 3 68321
68 4 0 4 230165
68 4 0 5 390087
68 4 0 6 544502
68 4 0 7 701087
68 4 0 8 851471
68 4 0 9 995419
68 4 0 10 1132828
68 4 0 11 1263439
68 4 0 12 1387173
68 4 0 13 1503747
68 4 0 14 1613106
68 4 0 15 1714943
68 4 0 16 1809227
68 4 0 17 1895627
68 4 0 18 1974136
68 4 0 19 2044399
68 4 0 20 2106433
68 4 0 21 2159859
68 4 0 22 2204722
68 4 0 23 2240759
68 4 0 24 2268375
68 4 0 25 2287513
68 4 0 26 2298618
68 4 0 27 2301615
68 4 0 28 2296967
68 4 0 29 2284581
68 4 0 30 2264938
68 4 0 31 2237923
68 4 0 32 2203893
68 4 0 33 2162583
68 4 0 34 2115912
68 4 0 35 2064570
68 4 0 36 2009197
68 4 0 37 1949772
68 4 0 38 1886992
68 4 0 39 1820818
68 4 0 40 1751965
68 4 0 41 1680376
68 4 0 42 1606784
68 4 0 43 1531114
68 4 0 44 1454117
68 4 0 45 1375700
68 4 0 46 1296632
68 4 0 47 1216802
68 4 0 48 1136997
68 4 0 49 1057088
68 4 0 50 977880
68 4 0 51 899226
68 4 0 52 821949
68 4 0 53 745884
68 4 0 54 671872
68 4 0 55 599730
68 4 0 56 530317
68 4 0 57 463432
68 4 0 58 399956
68 4 0 59 339666
68 4 0 60 283457
68 4 0 61 231096
68 4 0 62 182956
68 4 0 63 139790
68 4 0 64 102339
68 4 0 65 64490
68 4 0 66 31816
68 4 1 2 256
68 4 1 3 24
68 4 1 4 28
68 4 1 5 28
68 4 1 6 28
68 4 1 7 28
68 4 1 8 28
68 4 1 9 28
68 4 1 10 28
68 4 1 11 28
68 4 1 12 28
68 4 1 13 28
68 4 1 14 28
68 4 1 15 28
68 4 1 16 28
68 4 1 17 28
68 4 1 18 28
68 4 1 19 28
68 4 1 20 28
68 4 1 21 28
68 4 1 22 28
68 4 1 23 28
68 4 1 24 28
68 4 1 25 28
68 4 1 26 28
68 4 1 27 28
68 4 1 28 28
68 4 1 29 28
68 4 1 30 28
68 4 1 31 28
68 4 1 32 28
68 4 1 33 28
68 4 1 34 28
68 4 1 35 28
68 4 1 36 28
68 4 1 37 28
68 4 1 38 28
68 4 1 39 28
68 4 1 40 28
68 4 1 41 28
68 4 1 42 28
68 4 1 43 28
68 4 1 44 28
68 4 1 45 28
68 4 1 46 28
68 4 1 47 28
68 4 1 48 28
68 4 1 49 28
68 4 1 50 28
68 4 1 51 28
68 4 1 52 28
68 4 1 53 28
68 4 1 54 28
68 4 1 55 28
68 4 1 56 28
68 4 1 57 28
68 4 1 58 28
68 4 1 59 28
68 4 1 60 28
68 4 1 61 28
68 4 1 62 28
68 4 1 63 28
68 4 1 64 24
68 4 1 65 24
68 4 1 66 252
68 5 0 2 29280
68 5 0 3 465110
68 5 0 4 3362720
68 5 0 5 8019052
68 5 0 6 13322916
68 5 0 7 19718592
68 5 0 8 26438096
68 5 0 9 33358652
68 5 0 10 40372260
68 5 0 11 47373584
68 5 0 12 54272048
68 5 0 13 60978660
68 5 0 14 67420504
68 5 0 15 73524900
68 5 0 16 79236216
68 5 0 17 84498628
68 5 0 18 89273592
68 5 0 19 93521748
68 5 0 20 97222236
68 5 0 21 100352056
68 5 0 22 102907340
68 5 0 23 104881336
68 5 0 24 106283024
68 5 0 25 107115960
68 5 0 26 107400224
68 5 0 27 107149108
68 5 0 28 106392836
68 5 0 29 105155704
68 5 0 30 103477752
68 5 0 31 101392960
68 5 0 32 98950416
68 5 0 33 96189608
68 5 0 34 93153472
68 5 0 35 89866640
68 5 0 36 86368116
68 5 0 37 82685076
68 5 0 38 78853928
68 5 0 39 74899736
68 5 0 40 70856244
68 5 0 41 66746480
68 5 0 42 62601448
68 5 0 43 58442204
68 5 0 44 54296960
68 5 0 45 50184852
68 5 0 46 46131236
68 5 0 47 42153404
68 5 0 48 38273780
68 5 0 49 34507876
68 5 0 50 30875132
68 5 0 51 27389332
68 5 0 52 24066868
68 5 0 53 20919868
68 5 0 54 17961604
68 5 0 55 15202616
68 5 0 56 12653000
68 5 0 57 10321760
68 5 0 58 8216352
68 5 0 59 6343680
68 5 0 60 4707276
68 5 0 61 3313900
68 5 0 62 2174484
68 5 0 63 1286280
68 5 0 64 651802
68 5 0 65 182296
68 5 1 2 976
68 5 1 3 2996
68 5 1 4 4124
68 5 1 5 4740
68 5 1 6 4760
68 5 1 7 4780
68 5 1 8 4800
68 5 1 9 4820
68 5 1 10 4840
68 5 1 11 4860
68 5 1 12 4880
68 5 1 13 4900
68 5 1 14 4920
68 5 1 15 4940
68 5 1 16 4960
68 5 1 17 4980
68 5 1 18 5000
68 5 1 19 5020
68 5 1 20 5040
68 5 1 21 5060
68 5 1 22 5080
68 5 1 23 5100
68 5 1 24 5120
68 5 1 25 5140
68 5 1 26 5160
68 5 1 27 5180
68 5 1 28 5200
68 5 1 29 5220
68 5 1 30 5240
68 5 1 31 5260
68 5 1 32 5276
68 5 1 33 5256
68 5 1 34 5200
68 5 1 35 5140
68 5 1 36 5080
68 5 1 37 5020
68 5 1 38 4960
68 5 1 39 4900
68 5 1 40 4840
68 5 1 41 4780
68 5 1 42 4720
68 5 1 43 4660
68 5 1 44 4600
68 5 1 45 4540
68 5 1 46 4480
68 5 1 47 4420
68 5 1 48 4360
68 5 1 49 4300
68 5 1 50 4240
68 5 1 51 4180
68 5 1 52 4120
68 5 1 53 4060
68 5 1 54 4000
68 5 1 55 3940
68 5 1 56 3880
68 5 1 57 3820
68 5 1 58 3760
68 5 1 59 3700
68 5 1 60 3640
68 5 1 61 3584
68 5 1 62 3528
68 5 1 63 3492
68 5 1 64 2980
68 5 1 65 2964
68 5 2 2 4
68 5 2 3 4
68 5 2 64 4
68 5 2 65 4
69 0 0 1 1
69 0 0 69 1
69 1 0 2 4
69 1 0 3 4
69 1 0 4 4
69 1 0 5 4
69 1 0 6 4
69 1 0 7 4
69 1 0 8 4
69 1 0 9 4
69 1 0 10 4
69 1 0 11 4
69 1 0 12 4
69 1 0 13 4
69 1 0 14 4
69 1 0 15 4
69 1 0 16 4
69 1 0 17 4
69 1 0 18 4
69 1 0 19 4
69 1 0 20 4
69 1 0 21 4
69 1 0 22 4
69 1 0 23 4
69 1 0 24 4
69 1 0 25 4
69 1 0 26 4
69 1 0 27 4
69 1 0 28 4
69 1 0 29 4
69 1 0 30 4
69 1 0 31 4
69 1 0 32 4
69 1 0 33 4
69 1 0 34 4
69 1 0 35 4
69 1 0 36 4
69 1 0 37 4
69 1 0 38 4
69 1 0 39 4
69 1 0 40 4
69 1 0 41 4
69 1 0 42 4
69 1 0 43 4
69 1 0 44 4
69 1 0 45 4
69 1 0 46 4
69 1 0 47 4
69 1 0 48 4
69 1 0 49 4
69 1 0 50 4
69 1 0 51 4
69 1 0 52 4
69 1 0 53 4
69 1 0 54 4
69 1 0 55 4
69 1 0 56 4
69 1 0 57 4
69 1 0 58 4
69 1 0 59 4
69 1 0 60 4
69 1 0 61 4
69 1 0 62 4
69 1 0 63 4
69 1 0 64 4
69 1 0 65 4
69 1 0 66 4
69 1 0 67 4
69 1 0 68 4
69 2 0 2 266
69 2 0 3 274
69 2 0 4 402
69 2 0 5 404
69 2 0 6 406
69 2 0 7 408
69 2 0 8 410
69 2 0 9 412
69 2 0 10 414
69 2 0 11 416
69 2 0 12 418
69 2 0 13 420
69 2 0 14 422
69 2 0 15 424
69 2 0 16 426
69 2 0 17 428
69 2 0 18 430
69 2 0 19 432
69 2 0 20 434
69 2 0 21 436
69 2 0 22 438
69 2 0 23 440
69 2 0 24 442
69 2 0 25 444
69 2 0 26 446
69 2 0 27 448
69 2 0 28 450
69 2 0 29 452
69 2 0 30 454
69 2 0 31 456
69 2 0 32 458
69 2 0 33 460
69 2 0 34 460
69 2 0 35 454
69 2 0 36 448
69 2 0 37 442
69 2 0 38 436
69 2 0 39 430
69 2 0 40 424
69 2 0 41 418
69 2 0 42 412
69 2 0 43 406
69 2 0 44 400
69 2 0 45 394
69 2 0 46 388
69 2 0 47 382
69 2 0 48 376
69 2 0 49 370
69 2 0 50 364
69 2 0 51 358
69 2 0 52 352
69 2 0 53 346
69 2 0 54 340
69 2 0 55 334
69 2 0 56 328
69 2 0 57 322
69 2 0 58 316
69 2 0 59 310
69 2 0 60 304
69 2 0 61 298
69 2 0 62 292
69 2 0 63 286
69 2 0 64 280
69 2 0 65 274
69 2 0 66 272
69 2 0 67 266
69 2 0 68 264
69 3 0 2 512
69 3 0 3 2800
69 3 0 4 12420
69 3 0 5 14652
69 3 0 6 16784
69 3 0 7 18824
69 3 0 8 20768
69 3 0 9 22620
69 3 0 10 24376
69 3 0 11 26040
69 3 0 12 27608
69 3 0 13 29084
69 3 0 14 30464
69 3 0 15 31752
69 3 0 16 32944
69 3 0 17 34044
69 3 0 18 35048
69 3 0 19 35960
69 3 0 20 36776
69 3 0 21 37500
69 3 0 22 38128
69 3 0 23 38664
69 3 0 24 39104
69 3 0 25 39452
69 3 0 26 39704
69 3 0 27 39864
69 3 0 28 39928
69 3 0 29 39900
69 3 0 30 39776
69 3 0 31 39560
69 3 0 32 39248
69 3 0 33 38844
69 3 0 34 38356
69 3 0 35 37828
69 3 0 36 37260
69 3 0 37 36656
69 3 0 38 36012
69 3 0 39 35332
69 3 0 40 34612
69 3 0 41 33856
69 3 0 42 33060
69 3 0 43 32228
69 3 0 44 31356
69 3 0 45 30448
69 3 0 46 29500
69 3 0 47 28516
69 3 0 48 27492
69 3 0 49 26432
69 3 0 50 25332
69 3 0 51 24196
69 3 0 52 23020
69 3 0 53 21808
69 3 0 54 20556
69 3 0 55 19268
69 3 0 56 17940
69 3 0 57 16576
69 3 0 58 15172
69 3 0 59 13732
69 3 0 60 12252
69 3 0 61 10736
69 3 0 62 9180
69 3 0 63 7584
69 3 0 64 5952
69 3 0 65 4284
69 3 0 66 3056
69 3 0 67 1292
69 3 1 2 4
69 3 1 67 4
69 4 0 2 16376
69 4 0 3 70434
69 4 0 4 238222
69 4 0 5 403395
69 4 0 6 562958
69 4 0 7 724992
69 4 0 8 880686
69 4 0 9 1029925
69 4 0 10 1172462
69 4 0 11 1308206
69 4 0 12 1436886
69 4 0 13 1558435
69 4 0 14 1672558
69 4 0 15 1779212
69 4 0 16 1878078
69 4 0 17 1969137
69 4 0 18 2052046
69 4 0 19 2126810
69 4 0 20 2193062
69 4 0 21 2250831
69 4 0 22 2299726
69 4 0 23 2339866
69 4 0 24 2371136
69 4 0 25 2393973
69 4 0 26 2408310
69 4 0 27 2414602
69 4 0 28 2412764
69 4 0 29 2403269
69 4 0 30 2386014
69 4 0 31 2361490
69 4 0 32 2329560
69 4 0 33 2290551
69 4 0 34 2244596
69 4 0 35 2193997
69 4 0 36 2138778
69 4 0 37 2079628
69 4 0 38 2016516
69 4 0 39 1950149
69 4 0 40 1880478
69 4 0 41 1808228
69 4 0 42 1733332
69 4 0 43 1656533
69 4 0 44 1577746
69 4 0 45 1497732
69 4 0 46 1416388
69 4 0 47 1334493
69 4 0 48 1251926
69 4 0 49 1169484
69 4 0 50 1087028
69 4 0 51 1005373
69 4 0 52 924362
69 4 0 53 844828
69 4 0 54 766596
69 4 0 55 690517
69 4 0 56 616398
69 4 0 57 545108
69 4 0 58 476436
69 4 0 59 411273
69 4 0 60 349386
69 4 0 61 291680
69 4 0 62 237912
69 4 0 63 188455
69 4 0 64 144070
69 4 0 65 105504
69 4 0 66 66538
69 4 0 67 32833
69 4 1 2 260
69 4 1 3 24
69 4 1 4 28
69 4 1 5 28
69 4 1 6 28
69 4 1 7 28
69 4 1 8 28
69 4 1 9 28
69 4 1 10 28
69 4 1 11 28
69 4 1 12 28
69 4 1 13 28
69 4 1 14 28
69 4 1 15 28
69 4 1 16 28
69 4 1 17 28
69 4 1 18 28
69 4 1 19 28
69 4 1 20 28
69 4 1 21 28
69 4 1 22 28
69 4 1 23 28
69 4 1 24 28
69 4 1 25 28
69 4 1 26 28
69 4 1 27 28
69 4 1 28 28
69 4 1 29 28
69 4 1 30 28
69 4 1 31 28
69 4 1 32 28
69 4 1 33 28
69 4 1 34 28
69 4 1 35 28
69 4 1 36 28
69 4 1 37 28
69 4 1 38 28
69 4 1 39 28
69 4 1 40 28
69 4 1 41 28
69 4 1 42 28
69 4 1 43 28
69 4 1 44 28
69 4 1 45 28
69 4 1 46 28
69 4 1 47 28
69 4 1 48 28
69 4 1 49 28
69 4 1 50 28
69 4 1 51 28
69 4 1 52 28
69 4 1 53 28
69 4 1 54 28
69 4 1 55 28
69 4 1 56 28
69 4 1 57 28
69 4 1 58 28
69 4 1 59 28
69 4 1 60 28
69 4 1 61 28
69 4 1 62 28
69 4 1 63 28
69 4 1 64 28
69 4 1 65 24
69 4 1 66 24
69 4 1 67 256
69 5 0 2 30256
69 5 0 3 480670
69 5 0 4 3512382
69 5 0 5 8382370
69 5 0 6 13925402
69 5 0 7 20618862
69 5 0 8 27653238
69 5 0 9 34908122
69 5 0 10 42267250
69 5 0 11 49628730
69 5 0 12 56892606
69 5 0 13 63974646
69 5 0 14 70791194
69 5 0 15 77275362
69 5 0 16 83360254
69 5 0 17 88996154
69 5 0 18 94132594
69 5 0 19 98737542
69 5 0 20 102776878
69 5 0 21 106235650
69 5 0 22 109096906
69 5 0 23 111362082
69 5 0 24 113027914
69 5 0 25 114107858
69 5 0 26 114608390
69 5 0 27 114553174
69 5 0 28 113959590
69 5 0 29 112861190
69 5 0 30 111285362
69 5 0 31 109276790
69 5 0 32 106870950
69 5 0 33 104119622
69 5 0 34 101061760
69 5 0 35 97734408
69 5 0 36 94165256
69 5 0 37 90393476
69 5 0 38 86446088
69 5 0 39 82359648
69 5 0 40 78159080
69 5 0 41 73878260
69 5 0 42 69540092
69 5 0 43 65175696
69 5 0 44 60806020
69 5 0 45 56459376
69 5 0 46 52154808
69 5 0 47 47917756
69 5 0 48 43765436
69 5 0 49 39720340
69 5 0 50 35797920
69 5 0 51 32017668
69 5 0 52 28393324
69 5 0 53 24941316
69 5 0 54 21673744
69 5 0 55 18603900
69 5 0 56 15742312
69 5 0 57 13099080
69 5 0 58 10683212
69 5 0 59 8502164
69 5 0 60 6562848
69 5 0 61 4868768
69 5 0 62 3426732
69 5 0 63 2247816
69 5 0 64 1329188
69 5 0 65 673398
69 5 0 66 188260
69 5 1 2 992
69 5 1 3 3044
69 5 1 4 4188
69 5 1 5 4816
69 5 1 6 4836
69 5 1 7 4856
69 5 1 8 4876
69 5 1 9 4896
69 5 1 10 4916
69 5 1 11 4936
69 5 1 12 4956
69 5 1 13 4976
69 5 1 14 4996
69 5 1 15 5016
69 5 1 16 5036
69 5 1 17 5056
69 5 1 18 5076
69 5 1 19 5096
69 5 1 20 5116
69 5 1 21 5136
69 5 1 22 5156
69 5 1 23 5176
69 5 1 24 5196
69 5 1 25 5216
69 5 1 26 5236
69 5 1 27 5256
69 5 1 28 5276
69 5 1 29 5296
69 5 1 30 5316
69 5 1 31 5336
69 5 1 32 5356
69 5 1 33 5356
69 5 1 34 5316
69 5 1 35 5256
69 5 1 36 5196
69 5 1 37 5136
69 5 1 38 5076
69 5 1 39 5016
69 5 1 40 4956
69 5 1 41 4896
69 5 1 42 4836
69 5 1 43 4776
69 5 1 44 4716
69 5 1 45 4656
69 5 1 46 4596
69 5 1 47 4536
69 5 1 48 4476
69 5 1 49 4416
69 5 1 50 4356
69 5 1 51 4296
69 5 1 52 4236
69 5 1 53 4176
69 5 1 54 4116
69 5 1 55 4056
69 5 1 56 3996
69 5 1 57 3936
69 5 1 58 3876
69 5 1 59 3816
69 5 1 60 3756
69 5 1 61 3696
69 5 1 62 3640
69 5 1 63 3584
69 5 1 64 3548
69 5 1 65 3028
69 5 1 66 3012
69 5 2 2 4
69 5 2 3 4
69 5 2 65 4
69 5 2 66 4
70 0 0 1 1
70 0 0 70 1
70 1 0 2 4
70 1 0 3 4
70 1 0 4 4
70 1 0 5 4
70 1 0 6 4
70 1 0 7 4
70 1 0 8 4
70 1 0 9 4
70 1 0 10 4
70 1 0 11 4
70 1 0 12 4
70 1 0 13 4
70 1 0 14 4
70 1 0 15 4
70 1 0 16 4
70 1 0 17 4
70 1 0 18 4
70 1 0 19 4
70 1 0 20 4
70 1 0 21 4
70 1 0 22 4
70 1 0 23 4
70 1 0 24 4
70 1 0 25 4
70 1 0 26 4
70 1 0 27 4
70 1 0 28 4
70 1 0 29 4
70 1 0 30 4
70 1 0 31 4
70 1 0 32 4
70 1 0 33 4
70 1 0 34 4
70 1 0 35 4
70 1 0 36 4
70 1 0 37 4
70 1 0 38 4
70 1 0 39 4
70 1 0 40 4
70 1 0 41 4
70 1 0 42 4
70 1 0 43 4
70 1 0 44 4
70 1 0 45 4
70 1 0 46 4
70 1 0 47 4
70 1 0 48 4
70 1 0 49 4
70 1 0 50 4
70 1 0 51 4
70 1 0 52 4
70 1 0 53 4
70 1 0 54 4
70 1 0 55 4
70 1 0 56 4
70 1 0 57 4
70 1 0 58 4
70 1 0 59 4
70 1 0 60 4
70 1 0 61 4
70 1 0 62 4
70 1 0 63 4
70 1 0 64 4
70 1 0 65 4
70 1 0 66 4
70 1 0 67 4
70 1 0 68 4
70 1 0 69 4
70 2 0 2 270
70 2 0 3 278
70 2 0 4 408
70 2 0 5 410
70 2 0 6 412
70 2 0 7 414
70 2 0 8 416
70 2 0 9 418
70 2 0 10 420
70 2 0 11 422
70 2 0 12 424
70 2 0 13 426
70 2 0 14 428
70 2 0 15 430
70 2 0 16 432
70 2 0 17 434
70 2 0 18 436
70 2 0 19 438
70 2 0 20 440
70 2 0 21 442
70 2 0 22 444
70 2 0 23 446
70 2 0 24 448
70 2 0 25 450
70 2 0 26 452
70 2 0 27 454
70 2 0 28 456
70 2 0 29 458
70 2 0 30 460
70 2 0 31 462
70 2 0 32 464
70 2 0 33 466
70 2 0 34 468
70 2 0 35 464
70 2 0 36 458
70 2 0 37 452
70 2 0 38 446
70 2 0 39 440
70 2 0 40 434
70 2 0 41 428
70 2 0 42 422
70 2 0 43 416
70 2 0 44 410
70 2 0 45 404
70 2 0 46 398
70 2 0 47 392
70 2 0 48 386
70 2 0 49 380
70 2 0 50 374
70 2 0 51 368
70 2 0 52 362
70 2 0 53 356
70 2 0 54 350
70 2 0 55 344
70 2 0 56 338
70 2 0 57 332
70 2 0 58 326
70 2 0 59 320
70 2 0 60 314
70 2 0 61 308
70 2 0 62 302
70 2 0 63 296
70 2 0 64 290
70 2 0 65 284
70 2 0 66 278
70 2 0 67 276
70 2 0 68 270
70 2 0 69 268
70 3 0 2 520
70 3 0 3 2844
70 3 0 4 12752
70 3 0 5 15020
70 3 0 6 17192
70 3 0 7 19268
70 3 0 8 21252
70 3 0 9 23140
70 3 0 10 24936
70 3 0 11 26636
70 3 0 12 28244
70 3 0 13 29756
70 3 0 14 31176
70 3 0 15 32500
70 3 0 16 33732
70 3 0 17 34868
70 3 0 18 35912
70 3 0 19 36860
70 3 0 20 37716
70 3 0 21 38476
70 3 0 22 39144
70 3 0 23 39716
70 3 0 24 40196
70 3 0 25 40580
70 3 0 26 40872
70 3 0 27 41068
70 3 0 28 41172
70 3 0 29 41180
70 3 0 30 41096
70 3 0 31 40916
70 3 0 32 40644
70 3 0 33 40276
70 3 0 34 39816
70 3 0 35 39292
70 3 0 36 38736
70 3 0 37 38140
70 3 0 38 37508
70 3 0 39 36836
70 3 0 40 36128
70 3 0 41 35380
70 3 0 42 34596
70 3 0 43 33772
70 3 0 44 32912
70 3 0 45 32012
70 3 0 46 31076
70 3 0 47 30100
70 3 0 48 29088
70 3 0 49 28036
70 3 0 50 26948
70 3 0 51 25820
70 3 0 52 24656
70 3 0 53 23452
70 3 0 54 22212
70 3 0 55 20932
70 3 0 56 19616
70 3 0 57 18260
70 3 0 58 16868
70 3 0 59 15436
70 3 0 60 13968
70 3 0 61 12460
70 3 0 62 10916
70 3 0 63 9332
70 3 0 64 7708
70 3 0 65 6048
70 3 0 66 4352
70 3 0 67 3104
70 3 0 68 1312
70 3 1 2 4
70 3 1 68 4
70 4 0 2 16892
70 4 0 3 72579
70 4 0 4 246464
70 4 0 5 417071
70 4 0 6 582013
70 4 0 7 749539
70 4 0 8 910694
70 4 0 9 1065243
70 4 0 10 1213083
70 4 0 11 1353955
70 4 0 12 1487780
70 4 0 13 1614275
70 4 0 14 1733385
70 4 0 15 1844803
70 4 0 16 1948498
70 4 0 17 2044139
70 4 0 18 2131719
70 4 0 19 2210883
70 4 0 20 2281648
70 4 0 21 2343635
70 4 0 22 2396885
70 4 0 23 2441017
70 4 0 24 2476320
70 4 0 25 2502731
70 4 0 26 2520697
70 4 0 27 2530141
70 4 0 28 2531528
70 4 0 29 2524763
70 4 0 30 2510329
70 4 0 31 2488113
70 4 0 32 2458612
70 4 0 33 2421549
70 4 0 34 2377307
70 4 0 35 2327192
70 4 0 36 2272610
70 4 0 37 2213498
70 4 0 38 2150555
70 4 0 39 2083740
70 4 0 40 2013770
70 4 0 41 1940586
70 4 0 42 1864923
70 4 0 43 1786704
70 4 0 44 1706682
70 4 0 45 1624762
70 4 0 46 1541715
70 4 0 47 1457428
70 4 0 48 1372690
70 4 0 49 1287370
70 4 0 50 1202275
70 4 0 51 1117256
70 4 0 52 1033138
70 4 0 53 949754
70 4 0 54 867947
70 4 0 55 787532
70 4 0 56 709370
70 4 0 57 633258
70 4 0 58 560075
70 4 0 59 489600
70 4 0 60 422734
70 4 0 61 359234
70 4 0 62 300015
70 4 0 63 244824
70 4 0 64 194034
70 4 0 65 148414
70 4 0 66 108717
70 4 0 67 68618
70 4 0 68 33866
70 4 1 2 264
70 4 1 3 24
70 4 1 4 28
70 4 1 5 28
70 4 1 6 28
70 4 1 7 28
70 4 1 8 28
70 4 1 9 28
70 4 1 10 28
70 4 1 11 28
70 4 1 12 28
70 4 1 13 28
70 4 1 14 28
70 4 1 15 28
70 4 1 16 28
70 4 1 17 28
70 4 1 18 28
70 4 1 19 28
70 4 1 20 28
70 4 1 21 28
70 4 1 22 28
70 4 1 23 28
70 4 1 24 28
70 4 1 25 28
70 4 1 26 28
70 4 1 27 28
70 4 1 28 28
70 4 1 29 28
70 4 1 30 28
70 4 1 31 28
70 4 1 32 28
70 4 1 33 28
70 4 1 34 28
70 4 1 35 28
70 4 1 36 28
70 4 1 37 28
70 4 1 38 28
70 4 1 39 28
70 4 1 40 28
70 4 1 41 28
70 4 1 42 28
70 4 1 43 28
70 4 1 44 28
70 4 1 45 28
70 4 1 46 28
70 4 1 47 28
70 4 1 48 28
70 4 1 49 28
70 4 1 50 28
70 4 1 51 28
70 4 1 52 28
70 4 1 53 28
70 4 1 54 28
70 4 1 55 28
70 4 1 56 28
70 4 1 57 28
70 4 1 58 28
70 4 1 59 28
70 4 1 60 28
70 4 1 61 28
70 4 1 62 28
70 4 1 63 28
70 4 1 64 28
70 4 1 65 28
70 4 1 66 24
70 4 1 67 24
70 4 1 68 260
70 5 0 2 31248
70 5 0 3 496486
70 5 0 4 3666104
70 5 0 5 8755480
70 5 0 6 14546568
70 5 0 7 21545568
70 5 0 8 28907728
70 5 0 9 36504872
70 5 0 10 44223748
70 5 0 11 51953468
70 5 0 12 59598464
70 5 0 13 67064124
70 5 0 14 74272272
70 5 0 15 81144984
70 5 0 16 87621328
70 5 0 17 93639760
70 5 0 18 99157056
70 5 0 19 104127996
70 5 0 20 108526484
70 5 0 21 112324396
70 5 0 22 115512544
70 5 0 23 118079160
70 5 0 24 120030952
70 5 0 25 121367596
70 5 0 26 122106164
70 5 0 27 122257168
70 5 0 28 121847640
70 5 0 29 120898040
70 5 0 30 119446548
70 5 0 31 117523384
70 5 0 32 115176352
70 5 0 33 112444756
70 5 0 34 109381572
70 5 0 35 106019580
70 5 0 36 102395856
70 5 0 37 98539392
70 5 0 38 94489524
70 5 0 39 90273116
70 5 0 40 85926872
70 5 0 41 81475576
70 5 0 42 76953236
70 5 0 43 72382632
70 5 0 44 67795000
70 5 0 45 63211180
70 5 0 46 58659584
70 5 0 47 54159164
70 5 0 48 49735444
70 5 0 49 45405564
70 5 0 50 41192084
70 5 0 51 37110396
70 5 0 52 33180044
70 5 0 53 29414724
70 5 0 54 25830900
70 5 0 55 22440644
70 5 0 56 19257268
70 5 0 57 16291288
70 5 0 58 13552808
70 5 0 59 11050840
70 5 0 60 8792840
70 5 0 61 6785728
70 5 0 62 5032980
70 5 0 63 3541452
70 5 0 64 2322364
70 5 0 65 1372800
70 5 0 66 695346
70 5 0 67 194320
70 5 1 2 1008
70 5 1 3 3092
70 5 1 4 4256
70 5 1 5 4892
70 5 1 6 4912
70 5 1 7 4932
70 5 1 8 4952
70 5 1 9 4972
70 5 1 10 4992
70 5 1 11 5012
70 5 1 12 5032
70 5 1 13 5052
70 5 1 14 5072
70 5 1 15 5092
70 5 1 16 5112
70 5 1 17 5132
70 5 1 18 5152
70 5 1 19 5172
70 5 1 20 5192
70 5 1 21 5212
70 5 1 22 5232
70 5 1 23 5252
70 5 1 24 5272
70 5 1 25 5292
70 5 1 26 5312
70 5 1 27 5332
70 5 1 28 5352
70 5 1 29 5372
70 5 1 30 5392
70 5 1 31 5412
70 5 1 32 5432
70 5 1 33 5448
70 5 1 34 5428
70 5 1 35 5372
70 5 1 36 5312
70 5 1 37 5252
70 5 1 38 5192
70 5 1 39 5132
70 5 1 40 5072
70 5 1 41 5012
70 5 1 42 4952
70 5 1 43 4892
70 5 1 44 4832
70 5 1 45 4772
70 5 1 46 4712
70 5 1 47 4652
70 5 1 48 4592
70 5 1 49 4532
70 5 1 50 4472
70 5 1 51 4412
70 5 1 52 4352
70 5 1 53 4292
70 5 1 54 4232
70 5 1 55 4172
70 5 1 56 4112
70 5 1 57 4052
70 5 1 58 3992
70 5 1 59 3932
70 5 1 60 3872
70 5 1 61 3812
70 5 1 62 3752
70 5 1 63 3696
70 5 1 64 3640
70 5 1 65 3604
70 5 1 66 3076
70 5 1 67 3060
70 5 2 2 4
70 5 2 3 4
70 5 2 66 4
70 5 2 67 4
