1 0 0 1 1
2 0 0 2 2
2 2 0 1 1
2 2 0 2 1
3 0 0 3 2
3 1 0 2 2
3 1 0 3 2
3 2 0 2 4
3 2 0 3 4
3 4 0 1 1
3 4 0 3 1
3 4 1 2 4
4 0 0 4 2
4 1 0 3 4
4 1 0 4 4
4 2 0 2 4
4 2 0 3 10
4 2 0 4 10
4 3 0 2 4
4 3 0 3 12
4 3 0 4 4
4 3 1 3 1
4 4 0 2 6
4 4 0 3 4
4 4 0 4 6
4 4 1 3 12
4 5 1 2 4
4 5 1 3 4
4 6 0 1 1
4 6 0 4 1
4 6 1 2 4
4 6 1 3 4
4 6 2 2 4
4 6 2 3 4
5 0 0 5 2
5 1 0 3 2
5 1 0 4 4
5 1 0 5 6
5 2 0 3 10
5 2 0 4 24
5 2 0 5 18
5 3 0 2 6
5 3 0 3 24
5 3 0 4 36
5 3 0 5 18
5 4 0 2 10
5 4 0 3 41
5 4 0 4 40
5 4 0 5 22
5 4 1 3 8
5 4 1 4 24
5 5 0 2 6
5 5 0 3 18
5 5 0 4 18
5 5 0 5 6
5 5 1 3 26
5 5 1 4 26
5 6 0 2 8
5 6 0 3 8
5 6 0 4 4
5 6 0 5 8
5 6 1 2 8
5 6 1 3 32
5 6 1 4 32
5 6 2 3 8
5 6 2 4 8
6 0 0 6 2
6 1 0 4 4
6 1 0 5 4
6 1 0 6 8
6 2 0 3 6
6 2 0 4 20
6 2 0 5 38
6 2 0 6 28
6 3 0 3 32
6 3 0 4 70
6 3 0 5 90
6 3 0 6 44
6 4 0 2 10
6 4 0 3 63
6 4 0 4 139
6 4 0 5 134
6 4 0 6 64
6 4 1 4 16
6 4 1 5 32
6 5 0 2 16
6 5 0 3 102
6 5 0 4 172
6 5 0 5 126
6 5 0 6 40
6 5 1 3 36
6 5 1 4 56
6 5 1 5 72
6 6 0 2 18
6 6 0 3 74
6 6 0 4 104
6 6 0 5 66
6 6 0 6 38
6 6 1 3 86
6 6 1 4 202
6 6 1 5 128
6 6 2 3 2
6 6 2 4 12
6 6 2 5 12
7 0 0 7 2
7 1 0 4 2
7 1 0 5 4
7 1 0 6 4
7 1 0 7 10
7 2 0 3 2
7 2 0 4 16
7 2 0 5 30
7 2 0 6 52
7 2 0 7 40
7 3 0 3 16
7 3 0 4 100
7 3 0 5 148
7 3 0 6 168
7 3 0 7 84
7 4 0 3 82
7 4 0 4 246
7 4 0 5 396
7 4 0 6 352
7 4 0 7 148
7 4 1 4 4
7 4 1 5 24
7 4 1 6 40
7 5 0 2 16
7 5 0 3 174
7 5 0 4 452
7 5 0 5 594
7 5 0 6 440
7 5 0 7 148
7 5 1 3 12
7 5 1 4 84
7 5 1 5 116
7 5 1 6 132
7 6 0 2 30
7 6 0 3 271
7 6 0 4 610
7 6 0 5 681
7 6 0 6 404
7 6 0 7 146
7 6 1 3 102
7 6 1 4 336
7 6 1 5 494
7 6 1 6 332
7 6 2 4 4
7 6 2 5 12
7 6 2 6 16
8 0 0 8 2
8 1 0 5 4
8 1 0 6 4
8 1 0 7 4
8 1 0 8 12
8 2 0 4 12
8 2 0 5 24
8 2 0 6 44
8 2 0 7 66
8 2 0 8 54
8 3 0 3 8
8 3 0 4 84
8 3 0 5 198
8 3 0 6 240
8 3 0 7 270
8 3 0 8 140
8 4 0 3 54
8 4 0 4 350
8 4 0 5 656
8 4 0 6 874
8 4 0 7 728
8 4 0 8 292
8 4 1 5 12
8 4 1 6 32
8 4 1 7 48
8 5 0 3 194
8 5 0 4 898
8 5 0 5 1516
8 5 0 6 1716
8 5 0 7 1204
8 5 0 8 396
8 5 1 4 70
8 5 1 5 146
8 5 1 6 188
8 5 1 7 208
8 6 0 2 26
8 6 0 3 460
8 6 0 4 1552
8 6 0 5 2500
8 6 0 6 2476
8 6 0 7 1468
8 6 0 8 462
8 6 1 3 64
8 6 1 4 380
8 6 1 5 844
8 6 1 6 1032
8 6 1 7 656
8 6 2 4 2
8 6 2 5 4
8 6 2 6 14
8 6 2 7 20
9 0 0 9 2
9 1 0 5 2
9 1 0 6 4
9 1 0 7 4
9 1 0 8 4
9 1 0 9 14
9 2 0 4 4
9 2 0 5 24
9 2 0 6 36
9 2 0 7 58
9 2 0 8 80
9 2 0 9 70
9 3 0 3 2
9 3 0 4 56
9 3 0 5 198
9 3 0 6 308
9 3 0 7 354
9 3 0 8 396
9 3 0 9 214
9 4 0 3 24
9 4 0 4 358
9 4 0 5 927
9 4 0 6 1392
9 4 0 7 1592
9 4 0 8 1296
9 4 0 9 516
9 4 1 5 4
9 4 1 6 20
9 4 1 7 40
9 4 1 8 56
9 5 0 3 154
9 5 0 4 1250
9 5 0 5 2932
9 5 0 6 3906
9 5 0 7 4026
9 5 0 8 2696
9 5 0 9 872
9 5 1 4 24
9 5 1 5 172
9 5 1 6 220
9 5 1 7 276
9 5 1 8 300
9 6 0 3 518
9 6 0 4 2970
9 6 0 5 6086
9 6 0 6 7898
9 6 0 7 7210
9 6 0 8 4164
9 6 0 9 1214
9 6 1 3 16
9 6 1 4 368
9 6 1 5 950
9 6 1 6 1654
9 6 1 7 1796
9 6 1 8 1124
9 6 2 5 4
9 6 2 6 4
9 6 2 7 16
9 6 2 8 24
10 0 0 10 2
10 1 0 6 4
10 1 0 7 4
10 1 0 8 4
10 1 0 9 4
10 1 0 10 16
10 2 0 4 2
10 2 0 5 14
10 2 0 6 38
10 2 0 7 48
10 2 0 8 72
10 2 0 9 94
10 2 0 10 88
10 3 0 4 28
10 3 0 5 172
10 3 0 6 338
10 3 0 7 456
10 3 0 8 492
10 3 0 9 546
10 3 0 10 308
10 4 0 3 10
10 4 0 4 274
10 4 0 5 1053
10 4 0 6 1861
10 4 0 7 2414
10 4 0 8 2584
10 4 0 9 2090
10 4 0 10 842
10 4 1 6 12
10 4 1 7 28
10 4 1 8 48
10 4 1 9 64
10 5 0 3 84
10 5 0 4 1332
10 5 0 5 4418
10 5 0 6 7130
10 5 0 7 8382
10 5 0 8 7980
10 5 0 9 5238
10 5 0 10 1688
10 5 1 4 8
10 5 1 5 126
10 5 1 6 276
10 5 1 7 310
10 5 1 8 380
10 5 1 9 408
10 6 0 3 398
10 6 0 4 4366
10 6 0 5 11892
10 6 0 6 18340
10 6 0 7 20614
10 6 0 8 17596
10 6 0 9 9836
10 6 0 10 2754
10 6 1 4 220
10 6 1 5 1080
10 6 1 6 1950
10 6 1 7 2818
10 6 1 8 2816
10 6 1 9 1760
10 6 2 5 2
10 6 2 6 4
10 6 2 7 4
10 6 2 8 18
10 6 2 9 28
11 0 0 11 2
11 1 0 6 2
11 1 0 7 4
11 1 0 8 4
11 1 0 9 4
11 1 0 10 4
11 1 0 11 18
11 2 0 5 10
11 2 0 6 28
11 2 0 7 52
11 2 0 8 60
11 2 0 9 86
11 2 0 10 108
11 2 0 11 108
11 3 0 4 16
11 3 0 5 104
11 3 0 6 362
11 3 0 7 496
11 3 0 8 620
11 3 0 9 654
11 3 0 10 720
11 3 0 11 424
11 4 0 3 2
11 4 0 4 168
11 4 0 5 992
11 4 0 6 2244
11 4 0 7 3250
11 4 0 8 3832
11 4 0 9 3884
11 4 0 10 3144
11 4 0 11 1294
11 4 1 6 4
11 4 1 7 20
11 4 1 8 36
11 4 1 9 56
11 4 1 10 72
11 5 0 3 34
11 5 0 4 1164
11 5 0 5 5256
11 5 0 6 10738
11 5 0 7 14348
11 5 0 8 15480
11 5 0 9 14098
11 5 0 10 9196
11 5 0 11 2982
11 5 1 5 68
11 5 1 6 272
11 5 1 7 396
11 5 1 8 416
11 5 1 9 500
11 5 1 10 532
11 6 0 3 262
11 6 0 4 4902
11 6 0 5 18965
11 6 0 6 34574
11 6 0 7 44671
11 6 0 8 45828
11 6 0 9 37072
11 6 0 10 20320
11 6 0 11 5586
11 6 1 4 120
11 6 1 5 912
11 6 1 6 2336
11 6 1 7 3412
11 6 1 8 4328
11 6 1 9 4116
11 6 1 10 2588
11 6 2 6 4
11 6 2 7 4
11 6 2 8 4
11 6 2 9 20
11 6 2 10 32
12 0 0 12 2
12 1 0 7 4
12 1 0 8 4
12 1 0 9 4
12 1 0 10 4
12 1 0 11 4
12 1 0 12 20
12 2 0 5 4
12 2 0 6 22
12 2 0 7 44
12 2 0 8 66
12 2 0 9 72
12 2 0 10 100
12 2 0 11 122
12 2 0 12 130
12 3 0 4 4
12 3 0 5 76
12 3 0 6 284
12 3 0 7 574
12 3 0 8 692
12 3 0 9 804
12 3 0 10 840
12 3 0 11 918
12 3 0 12 564
12 4 0 4 96
12 4 0 5 794
12 4 0 6 2386
12 4 0 7 3972
12 4 0 8 5078
12 4 0 9 5662
12 4 0 10 5526
12 4 0 11 4492
12 4 0 12 1898
12 4 1 7 12
12 4 1 8 28
12 4 1 9 44
12 4 1 10 64
12 4 1 11 80
12 5 0 3 12
12 5 0 4 834
12 5 0 5 5244
12 5 0 6 13854
12 5 0 7 21354
12 5 0 8 25552
12 5 0 9 26022
12 5 0 10 22948
12 5 0 11 14980
12 5 0 12 4920
12 5 1 5 24
12 5 1 6 230
12 5 1 7 412
12 5 1 8 532
12 5 1 9 538
12 5 1 10 636
12 5 1 11 672
12 6 0 3 124
12 6 0 4 4634
12 6 0 5 24274
12 6 0 6 55442
12 6 0 7 80712
12 6 0 8 93320
12 6 0 9 89432
12 6 0 10 69928
12 6 0 11 37998
12 6 0 12 10396
12 6 1 4 32
12 6 1 5 724
12 6 1 6 2324
12 6 1 7 4206
12 6 1 8 5376
12 6 1 9 6214
12 6 1 10 5720
12 6 1 11 3632
12 6 2 6 2
12 6 2 7 4
12 6 2 8 4
12 6 2 9 4
12 6 2 10 22
12 6 2 11 36
13 0 0 13 2
13 1 0 7 2
13 1 0 8 4
13 1 0 9 4
13 1 0 10 4
13 1 0 11 4
13 1 0 12 4
13 1 0 13 22
13 2 0 5 2
13 2 0 6 12
13 2 0 7 42
13 2 0 8 56
13 2 0 9 80
13 2 0 10 84
13 2 0 11 114
13 2 0 12 136
13 2 0 13 154
13 3 0 4 2
13 3 0 5 44
13 3 0 6 208
13 3 0 7 556
13 3 0 8 784
13 3 0 9 906
13 3 0 10 1008
13 3 0 11 1050
13 3 0 12 1140
13 3 0 13 730
13 4 0 4 36
13 4 0 5 584
13 4 0 6 2210
13 4 0 7 4585
13 4 0 8 6324
13 4 0 9 7416
13 4 0 10 7932
13 4 0 11 7544
13 4 0 12 6168
13 4 0 13 2682
13 4 1 7 4
13 4 1 8 20
13 4 1 9 36
13 4 1 10 52
13 4 1 11 72
13 4 1 12 88
13 5 0 3 2
13 5 0 4 530
13 5 0 5 4668
13 5 0 6 15374
13 5 0 7 28554
13 5 0 8 37530
13 5 0 9 41670
13 5 0 10 40792
13 5 0 11 35142
13 5 0 12 23044
13 5 0 13 7698
13 5 1 5 8
13 5 1 6 128
13 5 1 7 432
13 5 1 8 568
13 5 1 9 684
13 5 1 10 676
13 5 1 11 788
13 5 1 12 828
13 6 0 3 46
13 6 0 4 3674
13 6 0 5 26588
13 6 0 6 75450
13 6 0 7 128138
13 6 0 8 162200
13 6 0 9 173816
13 6 0 10 158908
13 6 0 11 121372
13 6 0 12 65852
13 6 0 13 18084
13 6 1 4 12
13 6 1 5 448
13 6 1 6 2128
13 6 1 7 4576
13 6 1 8 6694
13 6 1 9 7842
13 6 1 10 8500
13 6 1 11 7652
13 6 1 12 4916
13 6 2 7 4
13 6 2 8 4
13 6 2 9 4
13 6 2 10 4
13 6 2 11 24
13 6 2 12 40
14 0 0 14 2
14 1 0 8 4
14 1 0 9 4
14 1 0 10 4
14 1 0 11 4
14 1 0 12 4
14 1 0 13 4
14 1 0 14 24
14 2 0 6 10
14 2 0 7 22
14 2 0 8 64
14 2 0 9 68
14 2 0 10 94
14 2 0 11 96
14 2 0 12 128
14 2 0 13 150
14 2 0 14 180
14 3 0 5 24
14 3 0 6 144
14 3 0 7 476
14 3 0 8 838
14 3 0 9 1040
14 3 0 10 1144
14 3 0 11 1232
14 3 0 12 1284
14 3 0 13 1386
14 3 0 14 924
14 4 0 4 20
14 4 0 5 382
14 4 0 6 1886
14 4 0 7 4711
14 4 0 8 7417
14 4 0 9 9228
14 4 0 10 10286
14 4 0 11 10670
14 4 0 12 9972
14 4 0 13 8206
14 4 0 14 3676
14 4 1 8 12
14 4 1 9 28
14 4 1 10 44
14 4 1 11 60
14 4 1 12 80
14 4 1 13 96
14 5 0 4 260
14 5 0 5 3820
14 5 0 6 15180
14 5 0 7 34574
14 5 0 8 50656
14 5 0 9 60530
14 5 0 10 63716
14 5 0 11 60618
14 5 0 12 51336
14 5 0 13 33886
14 5 0 14 11544
14 5 1 6 68
14 5 1 7 346
14 5 1 8 620
14 5 1 9 740
14 5 1 10 852
14 5 1 11 830
14 5 1 12 956
14 5 1 13 1000
14 6 0 3 14
14 6 0 4 2562
14 6 0 5 25468
14 6 0 6 90466
14 6 0 7 180658
14 6 0 8 254104
14 6 0 9 293724
14 6 0 10 297668
14 6 0 11 263016
14 6 0 12 197584
14 6 0 13 107518
14 6 0 14 29798
14 6 1 5 252
14 6 1 6 1676
14 6 1 7 4716
14 6 1 8 7570
14 6 1 9 9840
14 6 1 10 10840
14 6 1 11 11210
14 6 1 12 9936
14 6 1 13 6464
14 6 2 7 2
14 6 2 8 4
14 6 2 9 4
14 6 2 10 4
14 6 2 11 4
14 6 2 12 26
14 6 2 13 44
15 0 0 15 2
15 1 0 8 2
15 1 0 9 4
15 1 0 10 4
15 1 0 11 4
15 1 0 12 4
15 1 0 13 4
15 1 0 14 4
15 1 0 15 26
15 2 0 6 4
15 2 0 7 20
15 2 0 8 44
15 2 0 9 78
15 2 0 10 80
15 2 0 11 108
15 2 0 12 108
15 2 0 13 142
15 2 0 14 164
15 2 0 15 208
15 3 0 5 12
15 3 0 6 104
15 3 0 7 340
15 3 0 8 840
15 3 0 9 1108
15 3 0 10 1304
15 3 0 11 1406
15 3 0 12 1476
15 3 0 13 1542
15 3 0 14 1656
15 3 0 15 1148
15 4 0 4 4
15 4 0 5 220
15 4 0 6 1516
15 4 0 7 4370
15 4 0 8 8298
15 4 0 9 11012
15 4 0 10 12812
15 4 0 11 13722
15 4 0 12 13904
15 4 0 13 12844
15 4 0 14 10640
15 4 0 15 4912
15 4 1 8 4
15 4 1 9 20
15 4 1 10 36
15 4 1 11 52
15 4 1 12 68
15 4 1 13 88
15 4 1 14 104
15 5 0 4 140
15 5 0 5 2740
15 5 0 6 14144
15 5 0 7 37202
15 5 0 8 63974
15 5 0 9 81564
15 5 0 10 91380
15 5 0 11 92698
15 5 0 12 86364
15 5 0 13 72230
15 5 0 14 48048
15 5 0 15 16720
15 5 1 6 24
15 5 1 7 232
15 5 1 8 596
15 5 1 9 824
15 5 1 10 928
15 5 1 11 1036
15 5 1 12 1000
15 5 1 13 1140
15 5 1 14 1188
15 6 0 3 2
15 6 0 4 1514
15 6 0 5 22344
15 6 0 6 97092
15 6 0 7 229963
15 6 0 8 363352
15 6 0 9 453201
15 6 0 10 491556
15 6 0 11 477954
15 6 0 12 411864
15 6 0 13 305770
15 6 0 14 167340
15 6 0 15 46970
15 6 1 5 112
15 6 1 6 1292
15 6 1 7 4076
15 6 1 8 8432
15 6 1 9 11342
15 6 1 10 13640
15 6 1 11 14394
15 6 1 12 14368
15 6 1 13 12596
15 6 1 14 8300
15 6 2 8 4
15 6 2 9 4
15 6 2 10 4
15 6 2 11 4
15 6 2 12 4
15 6 2 13 28
15 6 2 14 48
16 0 0 16 2
16 1 0 9 4
16 1 0 10 4
16 1 0 11 4
16 1 0 12 4
16 1 0 13 4
16 1 0 14 4
16 1 0 15 4
16 1 0 16 28
16 2 0 6 2
16 2 0 7 12
16 2 0 8 32
16 2 0 9 68
16 2 0 10 92
16 2 0 11 92
16 2 0 12 122
16 2 0 13 120
16 2 0 14 156
16 2 0 15 178
16 2 0 16 238
16 3 0 5 4
16 3 0 6 64
16 3 0 7 260
16 3 0 8 700
16 3 0 9 1198
16 3 0 10 1436
16 3 0 11 1588
16 3 0 12 1692
16 3 0 13 1740
16 3 0 14 1824
16 3 0 15 1950
16 3 0 16 1404
16 4 0 4 2
16 4 0 5 124
16 4 0 6 1134
16 4 0 7 3848
16 4 0 8 8350
16 4 0 9 12640
16 4 0 10 15294
16 4 0 11 17068
16 4 0 12 17758
16 4 0 13 17662
16 4 0 14 16194
16 4 0 15 13504
16 4 0 16 6424
16 4 1 9 12
16 4 1 10 28
16 4 1 11 44
16 4 1 12 60
16 4 1 13 76
16 4 1 14 96
16 4 1 15 112
16 5 0 4 44
16 5 0 5 1874
16 5 0 6 12132
16 5 0 7 37312
16 5 0 8 74010
16 5 0 9 104508
16 5 0 10 122964
16 5 0 11 131494
16 5 0 12 129680
16 5 0 13 118930
16 5 0 14 98568
16 5 0 15 66116
16 5 0 16 23524
16 5 1 6 8
16 5 1 7 128
16 5 1 8 514
16 5 1 9 824
16 5 1 10 1044
16 5 1 11 1132
16 5 1 12 1236
16 5 1 13 1186
16 5 1 14 1340
16 5 1 15 1392
16 6 0 4 870
16 6 0 5 17424
16 6 0 6 97176
16 6 0 7 265066
16 6 0 8 480672
16 6 0 9 648592
16 6 0 10 748052
16 6 0 11 773878
16 6 0 12 729428
16 6 0 13 616952
16 6 0 14 454216
16 6 0 15 250424
16 6 0 16 71354
16 6 1 5 36
16 6 1 6 848
16 6 1 7 3500
16 6 1 8 8204
16 6 1 9 12966
16 6 1 10 15940
16 6 1 11 18124
16 6 1 12 18528
16 6 1 13 17998
16 6 1 14 15656
16 6 1 15 10448
16 6 2 8 2
16 6 2 9 4
16 6 2 10 4
16 6 2 11 4
16 6 2 12 4
16 6 2 13 4
16 6 2 14 30
16 6 2 15 52
17 0 0 17 2
17 1 0 9 2
17 1 0 10 4
17 1 0 11 4
17 1 0 12 4
17 1 0 13 4
17 1 0 14 4
17 1 0 15 4
17 1 0 16 4
17 1 0 17 30
17 2 0 7 10
17 2 0 8 20
17 2 0 9 60
17 2 0 10 80
17 2 0 11 106
17 2 0 12 104
17 2 0 13 136
17 2 0 14 132
17 2 0 15 170
17 2 0 16 192
17 2 0 17 270
17 3 0 5 2
17 3 0 6 40
17 3 0 7 192
17 3 0 8 528
17 3 0 9 1174
17 3 0 10 1516
17 3 0 11 1770
17 3 0 12 1892
17 3 0 13 2002
17 3 0 14 2024
17 3 0 15 2130
17 3 0 16 2268
17 3 0 17 1694
17 4 0 5 66
17 4 0 6 756
17 4 0 7 3280
17 4 0 8 7754
17 4 0 9 13779
17 4 0 10 17840
17 4 0 11 20414
17 4 0 12 22024
17 4 0 13 22428
17 4 0 14 21972
17 4 0 15 20056
17 4 0 16 16832
17 4 0 17 8248
17 4 1 9 4
17 4 1 10 20
17 4 1 11 36
17 4 1 12 52
17 4 1 13 68
17 4 1 14 84
17 4 1 15 104
17 4 1 16 120
17 5 0 4 24
17 5 0 5 1114
17 5 0 6 9980
17 5 0 7 35004
17 5 0 8 79190
17 5 0 9 126130
17 5 0 10 158230
17 5 0 11 176056
17 5 0 12 182140
17 5 0 13 175770
17 5 0 14 159252
17 5 0 15 131138
17 5 0 16 88720
17 5 0 17 32292
17 5 1 7 68
17 5 1 8 348
17 5 1 9 820
17 5 1 10 1068
17 5 1 11 1280
17 5 1 12 1352
17 5 1 13 1452
17 5 1 14 1388
17 5 1 15 1556
17 5 1 16 1612
17 6 0 4 364
17 6 0 5 12958
17 6 0 6 89222
17 6 0 7 286714
17 6 0 8 582926
17 6 0 9 874642
17 6 0 10 1065746
17 6 0 11 1163320
17 6 0 12 1161292
17 6 0 13 1068576
17 6 0 14 891216
17 6 0 15 652342
17 6 0 16 362692
17 6 0 17 105066
17 6 1 5 12
17 6 1 6 524
17 6 1 7 2776
17 6 1 8 7372
17 6 1 9 13692
17 6 1 10 18442
17 6 1 11 21352
17 6 1 12 23316
17 6 1 13 23266
17 6 1 14 22124
17 6 1 15 19140
17 6 1 16 12932
17 6 2 9 4
17 6 2 10 4
17 6 2 11 4
17 6 2 12 4
17 6 2 13 4
17 6 2 14 4
17 6 2 15 32
17 6 2 16 56
18 0 0 18 2
18 1 0 10 4
18 1 0 11 4
18 1 0 12 4
18 1 0 13 4
18 1 0 14 4
18 1 0 15 4
18 1 0 16 4
18 1 0 17 4
18 1 0 18 32
18 2 0 7 4
18 2 0 8 20
18 2 0 9 30
18 2 0 10 90
18 2 0 11 92
18 2 0 12 120
18 2 0 13 116
18 2 0 14 150
18 2 0 15 144
18 2 0 16 184
18 2 0 17 206
18 2 0 18 304
18 3 0 6 20
18 3 0 7 136
18 3 0 8 416
18 3 0 9 976
18 3 0 10 1630
18 3 0 11 1896
18 3 0 12 2128
18 3 0 13 2216
18 3 0 14 2336
18 3 0 15 2328
18 3 0 16 2460
18 3 0 17 2610
18 3 0 18 2020
18 4 0 5 30
18 4 0 6 506
18 4 0 7 2630
18 4 0 8 6980
18 4 0 9 13697
18 4 0 10 20009
18 4 0 11 23858
18 4 0 12 26362
18 4 0 13 27708
18 4 0 14 27766
18 4 0 15 26862
18 4 0 16 24464
18 4 0 17 20658
18 4 0 18 10422
18 4 1 10 12
18 4 1 11 28
18 4 1 12 44
18 4 1 13 60
18 4 1 14 76
18 4 1 15 92
18 4 1 16 112
18 4 1 17 128
18 5 0 4 4
18 5 0 5 680
18 5 0 6 7416
18 5 0 7 32032
18 5 0 8 78628
18 5 0 9 143402
18 5 0 10 193938
18 5 0 11 227074
18 5 0 12 242576
18 5 0 13 244646
18 5 0 14 232120
18 5 0 15 208302
18 5 0 16 170772
18 5 0 17 116534
18 5 0 18 43400
18 5 1 7 24
18 5 1 8 232
18 5 1 9 686
18 5 1 10 1096
18 5 1 11 1328
18 5 1 12 1532
18 5 1 13 1588
18 5 1 14 1684
18 5 1 15 1606
18 5 1 16 1788
18 5 1 17 1848
18 6 0 4 192
18 6 0 5 8754
18 6 0 6 77474
18 6 0 7 290260
18 6 0 8 662768
18 6 0 9 1101808
18 6 0 10 1444864
18 6 0 11 1648782
18 6 0 12 1726278
18 6 0 13 1676456
18 6 0 14 1513670
18 6 0 15 1249072
18 6 0 16 910756
18 6 0 17 510936
18 6 0 18 150626
18 6 1 6 256
18 6 1 7 2136
18 6 1 8 6284
18 6 1 9 13532
18 6 1 10 20034
18 6 1 11 24912
18 6 1 12 27608
18 6 1 13 29240
18 6 1 14 28632
18 6 1 15 26770
18 6 1 16 23072
18 6 1 17 15776
18 6 2 9 2
18 6 2 10 4
18 6 2 11 4
18 6 2 12 4
18 6 2 13 4
18 6 2 14 4
18 6 2 15 4
18 6 2 16 34
18 6 2 17 60
19 0 0 19 2
19 1 0 10 2
19 1 0 11 4
19 1 0 12 4
19 1 0 13 4
19 1 0 14 4
19 1 0 15 4
19 1 0 16 4
19 1 0 17 4
19 1 0 18 4
19 1 0 19 34
19 2 0 7 2
19 2 0 8 12
19 2 0 9 30
19 2 0 10 60
19 2 0 11 104
19 2 0 12 104
19 2 0 13 134
19 2 0 14 128
19 2 0 15 164
19 2 0 16 156
19 2 0 17 198
19 2 0 18 220
19 2 0 19 340
19 3 0 6 12
19 3 0 7 92
19 3 0 8 320
19 3 0 9 772
19 3 0 10 1550
19 3 0 11 2020
19 3 0 12 2272
19 3 0 13 2510
19 3 0 14 2560
19 3 0 15 2694
19 3 0 16 2652
19 3 0 17 2814
19 3 0 18 2976
19 3 0 19 2384
19 4 0 5 14
19 4 0 6 292
19 4 0 7 2018
19 4 0 8 6112
19 4 0 9 12758
19 4 0 10 21432
19 4 0 11 27140
19 4 0 12 30844
19 4 0 13 33172
19 4 0 14 34148
19 4 0 15 33806
19 4 0 16 32360
19 4 0 17 29452
19 4 0 18 25016
19 4 0 19 12986
19 4 1 10 4
19 4 1 11 20
19 4 1 12 36
19 4 1 13 52
19 4 1 14 68
19 4 1 15 84
19 4 1 16 100
19 4 1 17 120
19 4 1 18 136
19 5 0 4 2
19 5 0 5 342
19 5 0 6 5472
19 5 0 7 27284
19 5 0 8 76132
19 5 0 9 150270
19 5 0 10 229330
19 5 0 11 279976
19 5 0 12 312436
19 5 0 13 324062
19 5 0 14 320376
19 5 0 15 299926
19 5 0 16 267088
19 5 0 17 218346
19 5 0 18 150276
19 5 0 19 57266
19 5 1 7 8
19 5 1 8 128
19 5 1 9 516
19 5 1 10 1040
19 5 1 11 1388
19 5 1 12 1604
19 5 1 13 1800
19 5 1 14 1840
19 5 1 15 1932
19 5 1 16 1840
19 5 1 17 2036
19 5 1 18 2100
19 6 0 4 52
19 6 0 5 5634
19 6 0 6 62690
19 6 0 7 280752
19 6 0 8 710708
19 6 0 9 1304331
19 6 0 10 1860850
19 6 0 11 2233521
19 6 0 12 2432460
19 6 0 13 2466828
19 6 0 14 2344196
19 6 0 15 2084822
19 6 0 16 1706460
19 6 0 17 1241308
19 6 0 18 702872
19 6 0 19 211002
19 6 1 6 116
19 6 1 7 1484
19 6 1 8 5344
19 6 1 9 12000
19 6 1 10 21232
19 6 1 11 27482
19 6 1 12 32356
19 6 1 13 34732
19 6 1 14 35920
19 6 1 15 34650
19 6 1 16 31960
19 6 1 17 27476
19 6 1 18 19004
19 6 2 10 4
19 6 2 11 4
19 6 2 12 4
19 6 2 13 4
19 6 2 14 4
19 6 2 15 4
19 6 2 16 4
19 6 2 17 36
19 6 2 18 64
20 0 0 20 2
20 1 0 11 4
20 1 0 12 4
20 1 0 13 4
20 1 0 14 4
20 1 0 15 4
20 1 0 16 4
20 1 0 17 4
20 1 0 18 4
20 1 0 19 4
20 1 0 20 36
20 2 0 8 10
20 2 0 9 20
20 2 0 10 42
20 2 0 11 92
20 2 0 12 118
20 2 0 13 116
20 2 0 14 148
20 2 0 15 140
20 2 0 16 178
20 2 0 17 168
20 2 0 18 212
20 2 0 19 234
20 2 0 20 378
20 3 0 6 4
20 3 0 7 56
20 3 0 8 244
20 3 0 9 612
20 3 0 10 1328
20 3 0 11 2086
20 3 0 12 2484
20 3 0 13 2668
20 3 0 14 2916
20 3 0 15 2924
20 3 0 16 3076
20 3 0 17 2996
20 3 0 18 3192
20 3 0 19 3366
20 3 0 20 2788
20 4 0 5 4
20 4 0 6 194
20 4 0 7 1406
20 4 0 8 5244
20 4 0 9 11594
20 4 0 10 21170
20 4 0 11 29912
20 4 0 12 35268
20 4 0 13 38782
20 4 0 14 40878
20 4 0 15 41372
20 4 0 16 40582
20 4 0 17 38494
20 4 0 18 35054
20 4 0 19 29940
20 4 0 20 15982
20 4 1 11 12
20 4 1 12 28
20 4 1 13 44
20 4 1 14 60
20 4 1 15 76
20 4 1 16 92
20 4 1 17 108
20 4 1 18 128
20 4 1 19 144
20 5 0 5 180
20 5 0 6 3642
20 5 0 7 22752
20 5 0 8 70276
20 5 0 9 151548
20 5 0 10 253402
20 5 0 11 335998
20 5 0 12 386580
20 5 0 13 416382
20 5 0 14 422132
20 5 0 15 410730
20 5 0 16 380428
20 5 0 17 336654
20 5 0 18 274780
20 5 0 19 190708
20 5 0 20 74352
20 5 1 8 68
20 5 1 9 348
20 5 1 10 918
20 5 1 11 1356
20 5 1 12 1696
20 5 1 13 1896
20 5 1 14 2084
20 5 1 15 2108
20 5 1 16 2196
20 5 1 17 2090
20 5 1 18 2300
20 5 1 19 2368
20 6 0 4 28
20 6 0 5 3372
20 6 0 6 48972
20 6 0 7 255902
20 6 0 8 732796
20 6 0 9 1456930
20 6 0 10 2277070
20 6 0 11 2899962
20 6 0 12 3287740
20 6 0 13 3455404
20 6 0 14 3417386
20 6 0 15 3191550
20 6 0 16 2804038
20 6 0 17 2280888
20 6 0 18 1657144
20 6 0 19 947194
20 6 0 20 289656
20 6 1 6 36
20 6 1 7 948
20 6 1 8 4256
20 6 1 9 10644
20 6 1 10 20560
20 6 1 11 29778
20 6 1 12 36092
20 6 1 13 40804
20 6 1 14 42748
20 6 1 15 43380
20 6 1 16 41344
20 6 1 17 37718
20 6 1 18 32376
20 6 1 19 22640
20 6 2 10 2
20 6 2 11 4
20 6 2 12 4
20 6 2 13 4
20 6 2 14 4
20 6 2 15 4
20 6 2 16 4
20 6 2 17 4
20 6 2 18 38
20 6 2 19 68
21 0 0 21 2
21 1 0 11 2
21 1 0 12 4
21 1 0 13 4
21 1 0 14 4
21 1 0 15 4
21 1 0 16 4
21 1 0 17 4
21 1 0 18 4
21 1 0 19 4
21 1 0 20 4
21 1 0 21 38
21 2 0 8 4
21 2 0 9 20
21 2 0 10 28
21 2 0 11 78
21 2 0 12 104
21 2 0 13 132
21 2 0 14 128
21 2 0 15 162
21 2 0 16 152
21 2 0 17 192
21 2 0 18 180
21 2 0 19 226
21 2 0 20 248
21 2 0 21 418
21 3 0 6 2
21 3 0 7 36
21 3 0 8 176
21 3 0 9 500
21 3 0 10 1044
21 3 0 11 2032
21 3 0 12 2516
21 3 0 13 2942
21 3 0 14 3084
21 3 0 15 3346
21 3 0 16 3308
21 3 0 17 3482
21 3 0 18 3360
21 3 0 19 3594
21 3 0 20 3780
21 3 0 21 3234
21 4 0 5 2
21 4 0 6 96
21 4 0 7 984
21 4 0 8 4224
21 4 0 9 10490
21 4 0 10 19658
21 4 0 11 31741
21 4 0 12 39232
21 4 0 13 44526
21 4 0 14 47700
21 4 0 15 49514
21 4 0 16 49408
21 4 0 17 48128
21 4 0 18 45292
21 4 0 19 41304
21 4 0 20 35464
21 4 0 21 19454
21 4 1 11 4
21 4 1 12 20
21 4 1 13 36
21 4 1 14 52
21 4 1 15 68
21 4 1 16 84
21 4 1 17 100
21 4 1 18 116
21 4 1 19 136
21 4 1 20 152
21 5 0 5 86
21 5 0 6 2456
21 5 0 7 17580
21 5 0 8 63706
21 5 0 9 146518
21 5 0 10 266302
21 5 0 11 385464
21 5 0 12 466698
21 5 0 13 515396
21 5 0 14 540684
21 5 0 15 538448
21 5 0 16 517144
21 5 0 17 474910
21 5 0 18 418080
21 5 0 19 341038
21 5 0 20 238636
21 5 0 21 95166
21 5 1 8 24
21 5 1 9 232
21 5 1 10 688
21 5 1 11 1328
21 5 1 12 1688
21 5 1 13 2020
21 5 1 14 2204
21 5 1 15 2384
21 5 1 16 2392
21 5 1 17 2476
21 5 1 18 2356
21 5 1 19 2580
21 5 1 20 2652
21 6 0 4 4
21 6 0 5 1862
21 6 0 6 36020
21 6 0 7 223942
21 6 0 8 723598
21 6 0 9 1564436
21 6 0 10 2635226
21 6 0 11 3622514
21 6 0 12 4277252
21 6 0 13 4654112
21 6 0 14 4759016
21 6 0 15 4612994
21 6 0 16 4247812
21 6 0 17 3695272
21 6 0 18 2991476
21 6 0 19 2172760
21 6 0 20 1253628
21 6 0 21 390592
21 6 1 6 12
21 6 1 7 528
21 6 1 8 3324
21 6 1 9 9084
21 6 1 10 18704
21 6 1 11 30796
21 6 1 12 39594
21 6 1 13 45836
21 6 1 14 50280
21 6 1 15 51680
21 6 1 16 51644
21 6 1 17 48738
21 6 1 18 44068
21 6 1 19 37796
21 6 1 20 26708
21 6 2 11 4
21 6 2 12 4
21 6 2 13 4
21 6 2 14 4
21 6 2 15 4
21 6 2 16 4
21 6 2 17 4
21 6 2 18 4
21 6 2 19 40
21 6 2 20 72
22 0 0 22 2
22 1 0 12 4
22 1 0 13 4
22 1 0 14 4
22 1 0 15 4
22 1 0 16 4
22 1 0 17 4
22 1 0 18 4
22 1 0 19 4
22 1 0 20 4
22 1 0 21 4
22 1 0 22 40
22 2 0 8 2
22 2 0 9 12
22 2 0 10 30
22 2 0 11 38
22 2 0 12 116
22 2 0 13 116
22 2 0 14 146
22 2 0 15 140
22 2 0 16 176
22 2 0 17 164
22 2 0 18 206
22 2 0 19 192
22 2 0 20 240
22 2 0 21 262
22 2 0 22 460
22 3 0 7 20
22 3 0 8 120
22 3 0 9 384
22 3 0 10 884
22 3 0 11 1684
22 3 0 12 2686
22 3 0 13 3024
22 3 0 14 3424
22 3 0 15 3520
22 3 0 16 3800
22 3 0 17 3712
22 3 0 18 3912
22 3 0 19 3744
22 3 0 20 4020
22 3 0 21 4218
22 3 0 22 3724
22 4 0 6 60
22 4 0 7 624
22 4 0 8 3330
22 4 0 9 9120
22 4 0 10 18276
22 4 0 11 30935
22 4 0 12 42979
22 4 0 13 49692
22 4 0 14 54916
22 4 0 15 57626
22 4 0 16 59114
22 4 0 17 58284
22 4 0 18 56478
22 4 0 19 52782
22 4 0 20 48236
22 4 0 21 41622
22 4 0 22 23448
22 4 1 12 12
22 4 1 13 28
22 4 1 14 44
22 4 1 15 60
22 4 1 16 76
22 4 1 17 92
22 4 1 18 108
22 4 1 19 124
22 4 1 20 144
22 4 1 21 160
22 5 0 5 36
22 5 0 6 1456
22 5 0 7 13548
22 5 0 8 54712
22 5 0 9 139704
22 5 0 10 266872
22 5 0 11 423150
22 5 0 12 543676
22 5 0 13 624314
22 5 0 14 668900
22 5 0 15 687198
22 5 0 16 674716
22 5 0 17 641090
22 5 0 18 584700
22 5 0 19 512482
22 5 0 20 418128
22 5 0 21 294910
22 5 0 22 120264
22 5 1 8 8
22 5 1 9 128
22 5 1 10 516
22 5 1 11 1146
22 5 1 12 1692
22 5 1 13 2036
22 5 1 14 2360
22 5 1 15 2528
22 5 1 16 2700
22 5 1 17 2692
22 5 1 18 2772
22 5 1 19 2638
22 5 1 20 2876
22 5 1 21 2952
22 6 0 4 2
22 6 0 5 1032
22 6 0 6 25834
22 6 0 7 186828
22 6 0 8 689056
22 6 0 9 1620316
22 6 0 10 2920338
22 6 0 11 4321598
22 6 0 12 5385064
22 6 0 13 6056542
22 6 0 14 6384654
22 6 0 15 6387658
22 6 0 16 6091374
22 6 0 17 5544576
22 6 0 18 4784480
22 6 0 19 3859000
22 6 0 20 2804056
22 6 0 21 1632986
22 6 0 22 518406
22 6 1 7 260
22 6 1 8 2364
22 6 1 9 7680
22 6 1 10 16540
22 6 1 11 30156
22 6 1 12 41826
22 6 1 13 50740
22 6 1 14 56744
22 6 1 15 60808
22 6 1 16 61552
22 6 1 17 60736
22 6 1 18 56856
22 6 1 19 51034
22 6 1 20 43760
22 6 1 21 31232
22 6 2 11 2
22 6 2 12 4
22 6 2 13 4
22 6 2 14 4
22 6 2 15 4
22 6 2 16 4
22 6 2 17 4
22 6 2 18 4
22 6 2 19 4
22 6 2 20 42
22 6 2 21 76
23 0 0 23 2
23 1 0 12 2
23 1 0 13 4
23 1 0 14 4
23 1 0 15 4
23 1 0 16 4
23 1 0 17 4
23 1 0 18 4
23 1 0 19 4
23 1 0 20 4
23 1 0 21 4
23 1 0 22 4
23 1 0 23 42
23 2 0 9 10
23 2 0 10 20
23 2 0 11 40
23 2 0 12 76
23 2 0 13 130
23 2 0 14 128
23 2 0 15 160
23 2 0 16 152
23 2 0 17 190
23 2 0 18 176
23 2 0 19 220
23 2 0 20 204
23 2 0 21 254
23 2 0 22 276
23 2 0 23 504
23 3 0 7 12
23 3 0 8 80
23 3 0 9 304
23 3 0 10 704
23 3 0 11 1420
23 3 0 12 2492
23 3 0 13 3196
23 3 0 14 3516
23 3 0 15 3930
23 3 0 16 3976
23 3 0 17 4278
23 3 0 18 4136
23 3 0 19 4366
23 3 0 20 4148
23 3 0 21 4470
23 3 0 22 4680
23 3 0 23 4260
23 4 0 6 24
23 4 0 7 432
23 4 0 8 2380
23 4 0 9 7902
23 4 0 10 16524
23 4 0 11 29180
23 4 0 12 44706
23 4 0 13 54964
23 4 0 14 61372
23 4 0 15 66472
23 4 0 16 68588
23 4 0 17 69712
23 4 0 18 68028
23 4 0 19 65666
23 4 0 20 60992
23 4 0 21 55884
23 4 0 22 48448
23 4 0 23 28012
23 4 1 12 4
23 4 1 13 20
23 4 1 14 36
23 4 1 15 52
23 4 1 16 68
23 4 1 17 84
23 4 1 18 100
23 4 1 19 116
23 4 1 20 132
23 4 1 21 152
23 4 1 22 168
23 5 0 5 16
23 5 0 6 910
23 5 0 7 9722
23 5 0 8 46070
23 5 0 9 128146
23 5 0 10 262962
23 5 0 11 439272
23 5 0 12 617154
23 5 0 13 732266
23 5 0 14 810660
23 5 0 15 849172
23 5 0 16 857816
23 5 0 17 832686
23 5 0 18 784076
23 5 0 19 711170
23 5 0 20 621012
23 5 0 21 507102
23 5 0 22 360424
23 5 0 23 150252
23 5 1 9 68
23 5 1 10 348
23 5 1 11 920
23 5 1 12 1604
23 5 1 13 2072
23 5 1 14 2400
23 5 1 15 2716
23 5 1 16 2868
23 5 1 17 3032
23 5 1 18 3008
23 5 1 19 3084
23 5 1 20 2936
23 5 1 21 3188
23 5 1 22 3268
23 6 0 5 492
23 6 0 6 17226
23 6 0 7 151304
23 6 0 8 629746
23 6 0 9 1629528
23 6 0 10 3126244
23 6 0 11 4930711
23 6 0 12 6555604
23 6 0 13 7642789
23 6 0 14 8298108
23 6 0 15 8534170
23 6 0 16 8388716
23 6 0 17 7892982
23 6 0 18 7115780
23 6 0 19 6099674
23 6 0 20 4905936
23 6 0 21 3568390
23 6 0 22 2097220
23 6 0 23 678338
23 6 1 7 116
23 6 1 8 1588
23 6 1 9 6188
23 6 1 10 14636
23 6 1 11 27304
23 6 1 12 43376
23 6 1 13 54290
23 6 1 14 63180
23 6 1 15 68840
23 6 1 16 72412
23 6 1 17 72388
23 6 1 18 70680
23 6 1 19 65722
23 6 1 20 58640
23 6 1 21 50292
23 6 1 22 36236
23 6 2 12 4
23 6 2 13 4
23 6 2 14 4
23 6 2 15 4
23 6 2 16 4
23 6 2 17 4
23 6 2 18 4
23 6 2 19 4
23 6 2 20 4
23 6 2 21 44
23 6 2 22 80
24 0 0 24 2
24 1 0 13 4
24 1 0 14 4
24 1 0 15 4
24 1 0 16 4
24 1 0 17 4
24 1 0 18 4
24 1 0 19 4
24 1 0 20 4
24 1 0 21 4
24 1 0 22 4
24 1 0 23 4
24 1 0 24 44
24 2 0 9 4
24 2 0 10 20
24 2 0 11 28
24 2 0 12 52
24 2 0 13 116
24 2 0 14 144
24 2 0 15 140
24 2 0 16 174
24 2 0 17 164
24 2 0 18 204
24 2 0 19 188
24 2 0 20 234
24 2 0 21 216
24 2 0 22 268
24 2 0 23 290
24 2 0 24 550
24 3 0 7 4
24 3 0 8 52
24 3 0 9 216
24 3 0 10 588
24 3 0 11 1160
24 3 0 12 2176
24 3 0 13 3230
24 3 0 14 3796
24 3 0 15 4028
24 3 0 16 4460
24 3 0 17 4452
24 3 0 18 4780
24 3 0 19 4580
24 3 0 20 4844
24 3 0 21 4572
24 3 0 22 4944
24 3 0 23 5166
24 3 0 24 4844
24 4 0 6 14
24 4 0 7 252
24 4 0 8 1744
24 4 0 9 6398
24 4 0 10 14978
24 4 0 11 26956
24 4 0 12 43942
24 4 0 13 58948
24 4 0 14 68308
24 4 0 15 74292
24 4 0 16 79228
24 4 0 17 80614
24 4 0 18 81342
24 4 0 19 78668
24 4 0 20 75726
24 4 0 21 69950
24 4 0 22 64282
24 4 0 23 55976
24 4 0 24 33196
24 4 1 13 12
24 4 1 14 28
24 4 1 15 44
24 4 1 16 60
24 4 1 17 76
24 4 1 18 92
24 4 1 19 108
24 4 1 20 124
24 4 1 21 140
24 4 1 22 160
24 4 1 23 176
24 5 0 5 4
24 5 0 6 476
24 5 0 7 7006
24 5 0 8 36756
24 5 0 9 115952
24 5 0 10 251336
24 5 0 11 444888
24 5 0 12 666010
24 5 0 13 842820
24 5 0 14 955156
24 5 0 15 1028586
24 5 0 16 1058396
24 5 0 17 1054466
24 5 0 18 1014152
24 5 0 19 947646
24 5 0 20 855736
24 5 0 21 744858
24 5 0 22 609056
24 5 0 23 436116
24 5 0 24 185788
24 5 1 9 24
24 5 1 10 232
24 5 1 11 688
24 5 1 12 1442
24 5 1 13 2008
24 5 1 14 2468
24 5 1 15 2780
24 5 1 16 3088
24 5 1 17 3224
24 5 1 18 3380
24 5 1 19 3340
24 5 1 20 3412
24 5 1 21 3250
24 5 1 22 3516
24 5 1 23 3600
24 6 0 5 240
24 6 0 6 11522
24 6 0 7 118058
24 6 0 8 556080
24 6 0 9 1588390
24 6 0 10 3255896
24 6 0 11 5420562
24 6 0 12 7678312
24 6 0 13 9382788
24 6 0 14 10479642
24 6 0 15 11069792
24 6 0 16 11161000
24 6 0 17 10812644
24 6 0 18 10061062
24 6 0 19 8997750
24 6 0 20 7670976
24 6 0 21 6156504
24 6 0 22 4484632
24 6 0 23 2659476
24 6 0 24 876326
24 6 1 7 36
24 6 1 8 952
24 6 1 9 4848
24 6 1 10 12492
24 6 1 11 24752
24 6 1 12 42008
24 6 1 13 57294
24 6 1 14 68252
24 6 1 15 76944
24 6 1 16 82148
24 6 1 17 85116
24 6 1 18 84212
24 6 1 19 81500
24 6 1 20 75360
24 6 1 21 66910
24 6 1 22 57416
24 6 1 23 41744
24 6 2 12 2
24 6 2 13 4
24 6 2 14 4
24 6 2 15 4
24 6 2 16 4
24 6 2 17 4
24 6 2 18 4
24 6 2 19 4
24 6 2 20 4
24 6 2 21 4
24 6 2 22 46
24 6 2 23 84
25 0 0 25 2
25 1 0 13 2
25 1 0 14 4
25 1 0 15 4
25 1 0 16 4
25 1 0 17 4
25 1 0 18 4
25 1 0 19 4
25 1 0 20 4
25 1 0 21 4
25 1 0 22 4
25 1 0 23 4
25 1 0 24 4
25 1 0 25 46
25 2 0 9 2
25 2 0 10 12
25 2 0 11 30
25 2 0 12 36
25 2 0 13 96
25 2 0 14 128
25 2 0 15 158
25 2 0 16 152
25 2 0 17 188
25 2 0 18 176
25 2 0 19 218
25 2 0 20 200
25 2 0 21 248
25 2 0 22 228
25 2 0 23 282
25 2 0 24 304
25 2 0 25 598
25 3 0 7 2
25 3 0 8 36
25 3 0 9 156
25 3 0 10 456
25 3 0 11 1004
25 3 0 12 1768
25 3 0 13 3134
25 3 0 14 3772
25 3 0 15 4378
25 3 0 16 4560
25 3 0 17 5014
25 3 0 18 4948
25 3 0 19 5306
25 3 0 20 5044
25 3 0 21 5346
25 3 0 22 5016
25 3 0 23 5442
25 3 0 24 5676
25 3 0 25 5478
25 4 0 6 4
25 4 0 7 166
25 4 0 8 1168
25 4 0 9 5138
25 4 0 10 13000
25 4 0 11 25160
25 4 0 12 40978
25 4 0 13 61617
25 4 0 14 73680
25 4 0 15 83026
25 4 0 16 88480
25 4 0 17 93218
25 4 0 18 93732
25 4 0 19 94038
25 4 0 20 90232
25 4 0 21 86692
25 4 0 22 79684
25 4 0 23 73464
25 4 0 24 64240
25 4 0 25 39052
25 4 1 13 4
25 4 1 14 20
25 4 1 15 36
25 4 1 16 52
25 4 1 17 68
25 4 1 18 84
25 4 1 19 100
25 4 1 20 116
25 4 1 21 132
25 4 1 22 148
25 4 1 23 168
25 4 1 24 184
25 5 0 5 2
25 5 0 6 292
25 5 0 7 4660
25 5 0 8 29172
25 5 0 9 100296
25 5 0 10 237330
25 5 0 11 438038
25 5 0 12 692894
25 5 0 13 939222
25 5 0 14 1105342
25 5 0 15 1214368
25 5 0 16 1280380
25 5 0 17 1298800
25 5 0 18 1279112
25 5 0 19 1220952
25 5 0 20 1133380
25 5 0 21 1019858
25 5 0 22 885244
25 5 0 23 725130
25 5 0 24 522968
25 5 0 25 227584
25 5 1 9 8
25 5 1 10 128
25 5 1 11 516
25 5 1 12 1148
25 5 1 13 1956
25 5 1 14 2428
25 5 1 15 2880
25 5 1 16 3176
25 5 1 17 3476
25 5 1 18 3596
25 5 1 19 3744
25 5 1 20 3688
25 5 1 21 3756
25 5 1 22 3580
25 5 1 23 3860
25 5 1 24 3948
25 6 0 5 108
25 6 0 6 6940
25 6 0 7 89674
25 6 0 8 474368
25 6 0 9 1503444
25 6 0 10 3305110
25 6 0 11 5795834
25 6 0 12 8656334
25 6 0 13 11194324
25 6 0 14 12906366
25 6 0 15 13971326
25 6 0 16 14441812
25 6 0 17 14327020
25 6 0 18 13713008
25 6 0 19 12641700
25 6 0 20 11229244
25 6 0 21 9530672
25 6 0 22 7636712
25 6 0 23 5573218
25 6 0 24 3334148
25 6 0 25 1119062
25 6 1 7 12
25 6 1 8 532
25 6 1 9 3560
25 6 1 10 10568
25 6 1 11 21940
25 6 1 12 38716
25 6 1 13 58528
25 6 1 14 72810
25 6 1 15 83668
25 6 1 16 92056
25 6 1 17 96692
25 6 1 18 98944
25 6 1 19 97048
25 6 1 20 93220
25 6 1 21 85794
25 6 1 22 75868
25 6 1 23 65156
25 6 1 24 47780
25 6 2 13 4
25 6 2 14 4
25 6 2 15 4
25 6 2 16 4
25 6 2 17 4
25 6 2 18 4
25 6 2 19 4
25 6 2 20 4
25 6 2 21 4
25 6 2 22 4
25 6 2 23 48
25 6 2 24 88
26 0 0 26 2
26 1 0 14 4
26 1 0 15 4
26 1 0 16 4
26 1 0 17 4
26 1 0 18 4
26 1 0 19 4
26 1 0 20 4
26 1 0 21 4
26 1 0 22 4
26 1 0 23 4
26 1 0 24 4
26 1 0 25 4
26 1 0 26 48
26 2 0 10 10
26 2 0 11 20
26 2 0 12 40
26 2 0 13 46
26 2 0 14 142
26 2 0 15 140
26 2 0 16 172
26 2 0 17 164
26 2 0 18 202
26 2 0 19 188
26 2 0 20 232
26 2 0 21 212
26 2 0 22 262
26 2 0 23 240
26 2 0 24 296
26 2 0 25 318
26 2 0 26 648
26 3 0 8 20
26 3 0 9 104
26 3 0 10 364
26 3 0 11 800
26 3 0 12 1568
26 3 0 13 2600
26 3 0 14 4010
26 3 0 15 4408
26 3 0 16 4984
26 3 0 17 5112
26 3 0 18 5592
26 3 0 19 5464
26 3 0 20 5856
26 3 0 21 5528
26 3 0 22 5872
26 3 0 23 5480
26 3 0 24 5964
26 3 0 25 6210
26 3 0 26 6164
26 4 0 6 2
26 4 0 7 86
26 4 0 8 854
26 4 0 9 3754
26 4 0 10 11336
26 4 0 11 22602
26 4 0 12 38898
26 4 0 13 59457
26 4 0 14 79577
26 4 0 15 89922
26 4 0 16 99180
26 4 0 17 103964
26 4 0 18 108476
26 4 0 19 107970
26 4 0 20 107834
26 4 0 21 102748
26 4 0 22 98598
26 4 0 23 90222
26 4 0 24 83464
26 4 0 25 73274
26 4 0 26 45634
26 4 1 14 12
26 4 1 15 28
26 4 1 16 44
26 4 1 17 60
26 4 1 18 76
26 4 1 19 92
26 4 1 20 108
26 4 1 21 124
26 4 1 22 140
26 4 1 23 156
26 4 1 24 176
26 4 1 25 192
26 5 0 6 132
26 5 0 7 3092
26 5 0 8 22164
26 5 0 9 85256
26 5 0 10 217600
26 5 0 11 426076
26 5 0 12 699624
26 5 0 13 1008866
26 5 0 14 1249806
26 5 0 15 1410218
26 5 0 16 1513308
26 5 0 17 1568438
26 5 0 18 1572656
26 5 0 19 1533754
26 5 0 20 1454968
26 5 0 21 1342894
26 5 0 22 1205040
26 5 0 23 1043430
26 5 0 24 856508
26 5 0 25 622006
26 5 0 26 276408
26 5 1 10 68
26 5 1 11 348
26 5 1 12 920
26 5 1 13 1726
26 5 1 14 2408
26 5 1 15 2864
26 5 1 16 3308
26 5 1 17 3588
26 5 1 18 3880
26 5 1 19 3984
26 5 1 20 4124
26 5 1 21 4052
26 5 1 22 4116
26 5 1 23 3926
26 5 1 24 4220
26 5 1 25 4312
26 6 0 5 42
26 6 0 6 4414
26 6 0 7 65674
26 6 0 8 395520
26 6 0 9 1377746
26 6 0 10 3276370
26 6 0 11 6052290
26 6 0 12 9459748
26 6 0 13 12919452
26 6 0 14 15519930
26 6 0 15 17235042
26 6 0 16 18204082
26 6 0 17 18488402
26 6 0 18 18097696
26 6 0 19 17146530
26 6 0 20 15683878
26 6 0 21 13851496
26 6 0 22 11713266
26 6 0 23 9374400
26 6 0 24 6856204
26 6 0 25 4136932
26 6 0 26 1414050
26 6 1 8 260
26 6 1 9 2472
26 6 1 10 8556
26 6 1 11 19340
26 6 1 12 35076
26 6 1 13 57168
26 6 1 14 75606
26 6 1 15 89992
26 6 1 16 100568
26 6 1 17 108540
26 6 1 18 112496
26 6 1 19 113920
26 6 1 20 110920
26 6 1 21 105864
26 6 1 22 97048
26 6 1 23 85538
26 6 1 24 73536
26 6 1 25 54368
26 6 2 13 2
26 6 2 14 4
26 6 2 15 4
26 6 2 16 4
26 6 2 17 4
26 6 2 18 4
26 6 2 19 4
26 6 2 20 4
26 6 2 21 4
26 6 2 22 4
26 6 2 23 4
26 6 2 24 50
26 6 2 25 92
27 0 0 27 2
27 1 0 14 2
27 1 0 15 4
27 1 0 16 4
27 1 0 17 4
27 1 0 18 4
27 1 0 19 4
27 1 0 20 4
27 1 0 21 4
27 1 0 22 4
27 1 0 23 4
27 1 0 24 4
27 1 0 25 4
27 1 0 26 4
27 1 0 27 50
27 2 0 10 4
27 2 0 11 20
27 2 0 12 28
27 2 0 13 50
27 2 0 14 92
27 2 0 15 156
27 2 0 16 152
27 2 0 17 186
27 2 0 18 176
27 2 0 19 216
27 2 0 20 200
27 2 0 21 246
27 2 0 22 224
27 2 0 23 276
27 2 0 24 252
27 2 0 25 310
27 2 0 26 332
27 2 0 27 700
27 3 0 8 12
27 3 0 9 76
27 3 0 10 264
27 3 0 11 684
27 3 0 12 1284
27 3 0 13 2288
27 3 0 14 3666
27 3 0 15 4640
27 3 0 16 5016
27 3 0 17 5614
27 3 0 18 5684
27 3 0 19 6194
27 3 0 20 6000
27 3 0 21 6430
27 3 0 22 6032
27 3 0 23 6422
27 3 0 24 5964
27 3 0 25 6510
27 3 0 26 6768
27 3 0 27 6904
27 4 0 7 54
27 4 0 8 536
27 4 0 9 2872
27 4 0 10 9216
27 4 0 11 20572
27 4 0 12 35816
27 4 0 13 56750
27 4 0 14 81232
27 4 0 15 97746
27 4 0 16 107588
27 4 0 17 116804
27 4 0 18 120772
27 4 0 19 125036
27 4 0 20 123356
27 4 0 21 122764
27 4 0 22 116244
27 4 0 23 111478
27 4 0 24 101592
27 4 0 25 94316
27 4 0 26 83112
27 4 0 27 52998
27 4 1 14 4
27 4 1 15 20
27 4 1 16 36
27 4 1 17 52
27 4 1 18 68
27 4 1 19 84
27 4 1 20 100
27 4 1 21 116
27 4 1 22 132
27 4 1 23 148
27 4 1 24 164
27 4 1 25 184
27 4 1 26 200
27 5 0 6 78
27 5 0 7 1938
27 5 0 8 16726
27 5 0 9 69730
27 5 0 10 196430
27 5 0 11 404568
27 5 0 12 696158
27 5 0 13 1042864
27 5 0 14 1381322
27 5 0 15 1604168
27 5 0 16 1759456
27 5 0 17 1854598
27 5 0 18 1895192
27 5 0 19 1882280
27 5 0 20 1820428
27 5 0 21 1718126
27 5 0 22 1577840
27 5 0 23 1412830
27 5 0 24 1220712
27 5 0 25 1004418
27 5 0 26 734300
27 5 0 27 333086
27 5 1 10 24
27 5 1 11 232
27 5 1 12 688
27 5 1 13 1444
27 5 1 14 2288
27 5 1 15 2876
27 5 1 16 3316
27 5 1 17 3752
27 5 1 18 4016
27 5 1 19 4300
27 5 1 20 4388
27 5 1 21 4520
27 5 1 22 4432
27 5 1 23 4492
27 5 1 24 4288
27 5 1 25 4596
27 5 1 26 4692
27 6 0 5 18
27 6 0 6 2376
27 6 0 7 46854
27 6 0 8 320570
27 6 0 9 1227676
27 6 0 10 3169654
27 6 0 11 6186132
27 6 0 12 10100768
27 6 0 13 14420905
27 6 0 14 18224234
27 6 0 15 20789805
27 6 0 16 22461400
27 6 0 17 23265840
27 6 0 18 23287692
27 6 0 19 22542138
27 6 0 20 21173132
27 6 0 21 19239528
27 6 0 22 16908260
27 6 0 23 14255534
27 6 0 24 11399284
27 6 0 25 8357320
27 6 0 26 5084880
27 6 0 27 1769666
27 6 1 8 116
27 6 1 9 1592
27 6 1 10 6788
27 6 1 11 16556
27 6 1 12 31784
27 6 1 13 52600
27 6 1 14 77440
27 6 1 15 94446
27 6 1 16 108788
27 6 1 17 118976
27 6 1 18 126420
27 6 1 19 129584
27 6 1 20 130068
27 6 1 21 125852
27 6 1 22 119456
27 6 1 23 109146
27 6 1 24 95944
27 6 1 25 82580
27 6 1 26 61532
27 6 2 14 4
27 6 2 15 4
27 6 2 16 4
27 6 2 17 4
27 6 2 18 4
27 6 2 19 4
27 6 2 20 4
27 6 2 21 4
27 6 2 22 4
27 6 2 23 4
27 6 2 24 4
27 6 2 25 52
27 6 2 26 96
28 0 0 28 2
28 1 0 15 4
28 1 0 16 4
28 1 0 17 4
28 1 0 18 4
28 1 0 19 4
28 1 0 20 4
28 1 0 21 4
28 1 0 22 4
28 1 0 23 4
28 1 0 24 4
28 1 0 25 4
28 1 0 26 4
28 1 0 27 4
28 1 0 28 52
28 2 0 10 2
28 2 0 11 12
28 2 0 12 30
28 2 0 13 36
28 2 0 14 62
28 2 0 15 140
28 2 0 16 170
28 2 0 17 164
28 2 0 18 200
28 2 0 19 188
28 2 0 20 230
28 2 0 21 212
28 2 0 22 260
28 2 0 23 236
28 2 0 24 290
28 2 0 25 264
28 2 0 26 324
28 2 0 27 346
28 2 0 28 754
28 3 0 8 4
28 3 0 9 52
28 3 0 10 192
28 3 0 11 528
28 3 0 12 1128
28 3 0 13 1916
28 3 0 14 3244
28 3 0 15 4630
28 3 0 16 5376
28 3 0 17 5644
28 3 0 18 6268
28 3 0 19 6276
28 3 0 20 6820
28 3 0 21 6556
28 3 0 22 7028
28 3 0 23 6556
28 3 0 24 6996
28 3 0 25 6468
28 3 0 26 7080
28 3 0 27 7350
28 3 0 28 7700
28 4 0 7 24
28 4 0 8 380
28 4 0 9 1996
28 4 0 10 7520
28 4 0 11 17792
28 4 0 12 33440
28 4 0 13 53022
28 4 0 14 79760
28 4 0 15 102956
28 4 0 16 117684
28 4 0 17 126782
28 4 0 18 135932
28 4 0 19 138932
28 4 0 20 142932
28 4 0 21 139918
28 4 0 22 138862
28 4 0 23 130748
28 4 0 24 125366
28 4 0 25 113822
28 4 0 26 106054
28 4 0 27 93788
28 4 0 28 61202
28 4 1 15 12
28 4 1 16 28
28 4 1 17 44
28 4 1 18 60
28 4 1 19 76
28 4 1 20 92
28 4 1 21 108
28 4 1 22 124
28 4 1 23 140
28 4 1 24 156
28 4 1 25 172
28 4 1 26 192
28 4 1 27 208
28 5 0 6 28
28 5 0 7 1184
28 5 0 8 11998
28 5 0 9 56688
28 5 0 10 171352
28 5 0 11 379852
28 5 0 12 679220
28 5 0 13 1058376
28 5 0 14 1469634
28 5 0 15 1796230
28 5 0 16 2010372
28 5 0 17 2156978
28 5 0 18 2240988
28 5 0 19 2263110
28 5 0 20 2230032
28 5 0 21 2141206
28 5 0 22 2012396
28 5 0 23 1839906
28 5 0 24 1644820
28 5 0 25 1418422
28 5 0 26 1170132
28 5 0 27 860964
28 5 0 28 398504
28 5 1 10 8
28 5 1 11 128
28 5 1 12 516
28 5 1 13 1148
28 5 1 14 2086
28 5 1 15 2780
28 5 1 16 3360
28 5 1 17 3784
28 5 1 18 4212
28 5 1 19 4460
28 5 1 20 4736
28 5 1 21 4808
28 5 1 22 4932
28 5 1 23 4828
28 5 1 24 4884
28 5 1 25 4666
28 5 1 26 4988
28 5 1 27 5088
28 6 0 5 4
28 6 0 6 1446
28 6 0 7 32324
28 6 0 8 255076
28 6 0 9 1066564
28 6 0 10 2990362
28 6 0 11 6197238
28 6 0 12 10564902
28 6 0 13 15687780
28 6 0 14 20764722
28 6 0 15 24600430
28 6 0 16 27143894
28 6 0 17 28692364
28 6 0 18 29249232
28 6 0 19 28921752
28 6 0 20 27733154
28 6 0 21 25855980
28 6 0 22 23363586
28 6 0 23 20445854
28 6 0 24 17196578
28 6 0 25 13743000
28 6 0 26 10102024
28 6 0 27 6196454
28 6 0 28 2195220
28 6 1 8 36
28 6 1 9 956
28 6 1 10 5092
28 6 1 11 13996
28 6 1 12 28156
28 6 1 13 48436
28 6 1 14 75160
28 6 1 15 98086
28 6 1 16 115120
28 6 1 17 129228
28 6 1 18 138916
28 6 1 19 145720
28 6 1 20 147980
28 6 1 21 147412
28 6 1 22 141868
28 6 1 23 134020
28 6 1 24 122112
28 6 1 25 107110
28 6 1 26 92312
28 6 1 27 69296
28 6 2 14 2
28 6 2 15 4
28 6 2 16 4
28 6 2 17 4
28 6 2 18 4
28 6 2 19 4
28 6 2 20 4
28 6 2 21 4
28 6 2 22 4
28 6 2 23 4
28 6 2 24 4
28 6 2 25 4
28 6 2 26 54
28 6 2 27 100
29 0 0 29 2
29 1 0 15 2
29 1 0 16 4
29 1 0 17 4
29 1 0 18 4
29 1 0 19 4
29 1 0 20 4
29 1 0 21 4
29 1 0 22 4
29 1 0 23 4
29 1 0 24 4
29 1 0 25 4
29 1 0 26 4
29 1 0 27 4
29 1 0 28 4
29 1 0 29 54
29 2 0 11 10
29 2 0 12 20
29 2 0 13 40
29 2 0 14 44
29 2 0 15 114
29 2 0 16 152
29 2 0 17 184
29 2 0 18 176
29 2 0 19 214
29 2 0 20 200
29 2 0 21 244
29 2 0 22 224
29 2 0 23 274
29 2 0 24 248
29 2 0 25 304
29 2 0 26 276
29 2 0 27 338
29 2 0 28 360
29 2 0 29 810
29 3 0 8 2
29 3 0 9 36
29 3 0 10 136
29 3 0 11 432
29 3 0 12 904
29 3 0 13 1724
29 3 0 14 2700
29 3 0 15 4480
29 3 0 16 5284
29 3 0 17 6082
29 3 0 18 6292
29 3 0 19 6946
29 3 0 20 6888
29 3 0 21 7470
29 3 0 22 7132
29 3 0 23 7650
29 3 0 24 7100
29 3 0 25 7594
29 3 0 26 6992
29 3 0 27 7674
29 3 0 28 7956
29 3 0 29 8554
29 4 0 7 14
29 4 0 8 220
29 4 0 9 1526
29 4 0 10 5632
29 4 0 11 15640
29 4 0 12 29928
29 4 0 13 50474
29 4 0 14 74774
29 4 0 15 106593
29 4 0 16 124388
29 4 0 17 139192
29 4 0 18 147532
29 4 0 19 156598
29 4 0 20 158472
29 4 0 21 162198
29 4 0 22 157684
29 4 0 23 156162
29 4 0 24 146288
29 4 0 25 140296
29 4 0 26 126940
29 4 0 27 118712
29 4 0 28 105336
29 4 0 29 70306
29 4 1 15 4
29 4 1 16 20
29 4 1 17 36
29 4 1 18 52
29 4 1 19 68
29 4 1 20 84
29 4 1 21 100
29 4 1 22 116
29 4 1 23 132
29 4 1 24 148
29 4 1 25 164
29 4 1 26 180
29 4 1 27 200
29 4 1 28 216
29 5 0 6 16
29 5 0 7 728
29 5 0 8 8524
29 5 0 9 44802
29 5 0 10 146842
29 5 0 11 348334
29 5 0 12 654214
29 5 0 13 1054592
29 5 0 14 1518726
29 5 0 15 1964374
29 5 0 16 2261178
29 5 0 17 2470408
29 5 0 18 2605588
29 5 0 19 2675272
29 5 0 20 2674696
29 5 0 21 2618316
29 5 0 22 2498196
29 5 0 23 2339792
29 5 0 24 2130816
29 5 0 25 1902646
29 5 0 26 1637928
29 5 0 27 1354966
29 5 0 28 1003156
29 5 0 29 473610
29 5 1 11 68
29 5 1 12 348
29 5 1 13 920
29 5 1 14 1728
29 5 1 15 2704
29 5 1 16 3288
29 5 1 17 3860
29 5 1 18 4268
29 5 1 19 4688
29 5 1 20 4920
29 5 1 21 5188
29 5 1 22 5244
29 5 1 23 5360
29 5 1 24 5240
29 5 1 25 5292
29 5 1 26 5060
29 5 1 27 5396
29 5 1 28 5500
29 6 0 5 2
29 6 0 6 684
29 6 0 7 21784
29 6 0 8 196584
29 6 0 9 908878
29 6 0 10 2749536
29 6 0 11 6087132
29 6 0 12 10851006
29 6 0 13 16719396
29 6 0 14 23004270
29 6 0 15 28479132
29 6 0 16 32220748
29 6 0 17 34693650
29 6 0 18 36035056
29 6 0 19 36251336
29 6 0 20 35476636
29 6 0 21 33747304
29 6 0 22 31261528
29 6 0 23 28114046
29 6 0 24 24513204
29 6 0 25 20577880
29 6 0 26 16439148
29 6 0 27 12117556
29 6 0 28 7491580
29 6 0 29 2701020
29 6 1 8 12
29 6 1 9 532
29 6 1 10 3672
29 6 1 11 11432
29 6 1 12 24816
29 6 1 13 43952
29 6 1 14 70016
29 6 1 15 99500
29 6 1 16 120658
29 6 1 17 137568
29 6 1 18 151336
29 6 1 19 160412
29 6 1 20 166464
29 6 1 21 167708
29 6 1 22 165976
29 6 1 23 158992
29 6 1 24 149580
29 6 1 25 135970
29 6 1 26 119060
29 6 1 27 102756
29 6 1 28 77684
29 6 2 15 4
29 6 2 16 4
29 6 2 17 4
29 6 2 18 4
29 6 2 19 4
29 6 2 20 4
29 6 2 21 4
29 6 2 22 4
29 6 2 23 4
29 6 2 24 4
29 6 2 25 4
29 6 2 26 4
29 6 2 27 56
29 6 2 28 104
30 0 0 30 2
30 1 0 16 4
30 1 0 17 4
30 1 0 18 4
30 1 0 19 4
30 1 0 20 4
30 1 0 21 4
30 1 0 22 4
30 1 0 23 4
30 1 0 24 4
30 1 0 25 4
30 1 0 26 4
30 1 0 27 4
30 1 0 28 4
30 1 0 29 4
30 1 0 30 56
30 2 0 11 4
30 2 0 12 20
30 2 0 13 28
30 2 0 14 50
30 2 0 15 54
30 2 0 16 168
30 2 0 17 164
30 2 0 18 198
30 2 0 19 188
30 2 0 20 228
30 2 0 21 212
30 2 0 22 258
30 2 0 23 236
30 2 0 24 288
30 2 0 25 260
30 2 0 26 318
30 2 0 27 288
30 2 0 28 352
30 2 0 29 374
30 2 0 30 868
30 3 0 9 20
30 3 0 10 100
30 3 0 11 312
30 3 0 12 780
30 3 0 13 1412
30 3 0 14 2472
30 3 0 15 3724
30 3 0 16 5602
30 3 0 17 6048
30 3 0 18 6812
30 3 0 19 6960
30 3 0 20 7648
30 3 0 21 7520
30 3 0 22 8144
30 3 0 23 7728
30 3 0 24 8296
30 3 0 25 7664
30 3 0 26 8216
30 3 0 27 7536
30 3 0 28 8292
30 3 0 29 8586
30 3 0 30 9468
30 4 0 7 4
30 4 0 8 152
30 4 0 9 1008
30 4 0 10 4426
30 4 0 11 12742
30 4 0 12 27310
30 4 0 13 46196
30 4 0 14 72000
30 4 0 15 102315
30 4 0 16 133081
30 4 0 17 147748
30 4 0 18 162440
30 4 0 19 169866
30 4 0 20 178836
30 4 0 21 179420
30 4 0 22 182868
30 4 0 23 176682
30 4 0 24 174698
30 4 0 25 162892
30 4 0 26 156302
30 4 0 27 140974
30 4 0 28 132324
30 4 0 29 117790
30 4 0 30 80372
30 4 1 16 12
30 4 1 17 28
30 4 1 18 44
30 4 1 19 60
30 4 1 20 76
30 4 1 21 92
30 4 1 22 108
30 4 1 23 124
30 4 1 24 140
30 4 1 25 156
30 4 1 26 172
30 4 1 27 188
30 4 1 28 208
30 4 1 29 224
30 5 0 6 4
30 5 0 7 408
30 5 0 8 5724
30 5 0 9 35044
30 5 0 10 122644
30 5 0 11 314288
30 5 0 12 619496
30 5 0 13 1037796
30 5 0 14 1541092
30 5 0 15 2079266
30 5 0 16 2506884
30 5 0 17 2787738
30 5 0 18 2988996
30 5 0 19 3108222
30 5 0 20 3160288
30 5 0 21 3132490
30 5 0 22 3049580
30 5 0 23 2893542
30 5 0 24 2702372
30 5 0 25 2452330
30 5 0 26 2187988
30 5 0 27 1880634
30 5 0 28 1560280
30 5 0 29 1162078
30 5 0 30 559416
30 5 1 11 24
30 5 1 12 232
30 5 1 13 688
30 5 1 14 1444
30 5 1 15 2426
30 5 1 16 3244
30 5 1 17 3812
30 5 1 18 4376
30 5 1 19 4768
30 5 1 20 5180
30 5 1 21 5396
30 5 1 22 5656
30 5 1 23 5696
30 5 1 24 5804
30 5 1 25 5668
30 5 1 26 5716
30 5 1 27 5470
30 5 1 28 5820
30 5 1 29 5928
30 6 0 6 412
30 6 0 7 14174
30 6 0 8 149626
30 6 0 9 758470
30 6 0 10 2472264
30 6 0 11 5858554
30 6 0 12 10950308
30 6 0 13 17510496
30 6 0 14 24909884
30 6 0 15 32131884
30 6 0 16 37573878
30 6 0 17 41263998
30 6 0 18 43570264
30 6 0 19 44601814
30 6 0 20 44373730
30 6 0 21 43042426
30 6 0 22 40664954
30 6 0 23 37459562
30 6 0 24 33552014
30 6 0 25 29161888
30 6 0 26 24443356
30 6 0 27 19523336
30 6 0 28 14432992
30 6 0 29 8991702
30 6 0 30 3298438
30 6 1 9 260
30 6 1 10 2476
30 6 1 11 9164
30 6 1 12 21252
30 6 1 13 39756
30 6 1 14 64476
30 6 1 15 97180
30 6 1 16 123986
30 6 1 17 145232
30 6 1 18 161820
30 6 1 19 175136
30 6 1 20 183488
30 6 1 21 188676
30 6 1 22 188792
30 6 1 23 185784
30 6 1 24 177248
30 6 1 25 166160
30 6 1 26 150744
30 6 1 27 131818
30 6 1 28 113936
30 6 1 29 86720
30 6 2 15 2
30 6 2 16 4
30 6 2 17 4
30 6 2 18 4
30 6 2 19 4
30 6 2 20 4
30 6 2 21 4
30 6 2 22 4
30 6 2 23 4
30 6 2 24 4
30 6 2 25 4
30 6 2 26 4
30 6 2 27 4
30 6 2 28 58
30 6 2 29 108
31 0 0 31 2
31 1 0 16 2
31 1 0 17 4
31 1 0 18 4
31 1 0 19 4
31 1 0 20 4
31 1 0 21 4
31 1 0 22 4
31 1 0 23 4
31 1 0 24 4
31 1 0 25 4
31 1 0 26 4
31 1 0 27 4
31 1 0 28 4
31 1 0 29 4
31 1 0 30 4
31 1 0 31 58
31 2 0 11 2
31 2 0 12 12
31 2 0 13 30
31 2 0 14 36
31 2 0 15 60
31 2 0 16 108
31 2 0 17 182
31 2 0 18 176
31 2 0 19 212
31 2 0 20 200
31 2 0 21 242
31 2 0 22 224
31 2 0 23 272
31 2 0 24 248
31 2 0 25 302
31 2 0 26 272
31 2 0 27 332
31 2 0 28 300
31 2 0 29 366
31 2 0 30 388
31 2 0 31 928
31 3 0 9 12
31 3 0 10 76
31 3 0 11 236
31 3 0 12 608
31 3 0 13 1260
31 3 0 14 2072
31 3 0 15 3376
31 3 0 16 5072
31 3 0 17 6352
31 3 0 18 6772
31 3 0 19 7566
31 3 0 20 7648
31 3 0 21 8374
31 3 0 22 8172
31 3 0 23 8842
31 3 0 24 8344
31 3 0 25 8966
31 3 0 26 8248
31 3 0 27 8862
31 3 0 28 8100
31 3 0 29 8934
31 3 0 30 9240
31 3 0 31 10444
31 4 0 7 2
31 4 0 8 80
31 4 0 9 754
31 4 0 10 3208
31 4 0 11 10586
31 4 0 12 23608
31 4 0 13 43242
31 4 0 14 67064
31 4 0 15 98600
31 4 0 16 134162
31 4 0 17 158760
31 4 0 18 172688
31 4 0 19 187462
31 4 0 20 193812
31 4 0 21 202680
31 4 0 22 201804
31 4 0 23 204976
31 4 0 24 196940
31 4 0 25 194504
31 4 0 26 180588
31 4 0 27 173418
31 4 0 28 155952
31 4 0 29 146924
31 4 0 30 131184
31 4 0 31 91464
31 4 1 16 4
31 4 1 17 20
31 4 1 18 36
31 4 1 19 52
31 4 1 20 68
31 4 1 21 84
31 4 1 22 100
31 4 1 23 116
31 4 1 24 132
31 4 1 25 148
31 4 1 26 164
31 4 1 27 180
31 4 1 28 196
31 4 1 29 216
31 4 1 30 232
31 5 0 6 2
31 5 0 7 244
31 5 0 8 3884
31 5 0 9 26554
31 5 0 10 101638
31 5 0 11 276328
31 5 0 12 578814
31 5 0 13 1005892
31 5 0 14 1541974
31 5 0 15 2144140
31 5 0 16 2719578
31 5 0 17 3106156
31 5 0 18 3377512
31 5 0 19 3569300
31 5 0 20 3667852
31 5 0 21 3698918
31 5 0 22 3639068
31 5 0 23 3526316
31 5 0 24 3329424
31 5 0 25 3102238
31 5 0 26 2806244
31 5 0 27 2502570
31 5 0 28 2147980
31 5 0 29 1787478
31 5 0 30 1338976
31 5 0 31 657000
31 5 1 11 8
31 5 1 12 128
31 5 1 13 516
31 5 1 14 1148
31 5 1 15 2088
31 5 1 16 3092
31 5 1 17 3800
31 5 1 18 4352
31 5 1 19 4908
31 5 1 20 5284
31 5 1 21 5688
31 5 1 22 5888
31 5 1 23 6140
31 5 1 24 6164
31 5 1 25 6264
31 5 1 26 6112
31 5 1 27 6156
31 5 1 28 5896
31 5 1 29 6260
31 5 1 30 6372
31 6 0 6 168
31 6 0 7 9054
31 6 0 8 109546
31 6 0 9 622916
31 6 0 10 2177938
31 6 0 11 5521568
31 6 0 12 10868670
31 6 0 13 18041746
31 6 0 14 26512184
31 6 0 15 35343725
31 6 0 16 43019916
31 6 0 17 48268363
31 6 0 18 51860896
31 6 0 19 53903008
31 6 0 20 54509744
31 6 0 21 53722546
31 6 0 22 51713276
31 6 0 23 48570330
31 6 0 24 44523244
31 6 0 25 39741762
31 6 0 26 34446180
31 6 0 27 28839410
31 6 0 28 23033224
31 6 0 29 17079298
31 6 0 30 10719836
31 6 0 31 3999978
31 6 1 9 116
31 6 1 10 1596
31 6 1 11 7040
31 6 1 12 18028
31 6 1 13 35244
31 6 1 14 59408
31 6 1 15 90468
31 6 1 16 126040
31 6 1 17 150562
31 6 1 18 171740
31 6 1 19 187900
31 6 1 20 200652
31 6 1 21 208168
31 6 1 22 212380
31 6 1 23 211256
31 6 1 24 206860
31 6 1 25 196660
31 6 1 26 183784
31 6 1 27 166458
31 6 1 28 145408
31 6 1 29 125876
31 6 1 30 96428
31 6 2 16 4
31 6 2 17 4
31 6 2 18 4
31 6 2 19 4
31 6 2 20 4
31 6 2 21 4
31 6 2 22 4
31 6 2 23 4
31 6 2 24 4
31 6 2 25 4
31 6 2 26 4
31 6 2 27 4
31 6 2 28 4
31 6 2 29 60
31 6 2 30 112
32 0 0 32 2
32 1 0 17 4
32 1 0 18 4
32 1 0 19 4
32 1 0 20 4
32 1 0 21 4
32 1 0 22 4
32 1 0 23 4
32 1 0 24 4
32 1 0 25 4
32 1 0 26 4
32 1 0 27 4
32 1 0 28 4
32 1 0 29 4
32 1 0 30 4
32 1 0 31 4
32 1 0 32 60
32 2 0 12 10
32 2 0 13 20
32 2 0 14 40
32 2 0 15 44
32 2 0 16 72
32 2 0 17 164
32 2 0 18 196
32 2 0 19 188
32 2 0 20 226
32 2 0 21 212
32 2 0 22 256
32 2 0 23 236
32 2 0 24 286
32 2 0 25 260
32 2 0 26 316
32 2 0 27 284
32 2 0 28 346
32 2 0 29 312
32 2 0 30 380
32 2 0 31 402
32 2 0 32 990
32 3 0 9 4
32 3 0 10 52
32 3 0 11 168
32 3 0 12 500
32 3 0 13 1008
32 3 0 14 1884
32 3 0 15 2880
32 3 0 16 4532
32 3 0 17 6286
32 3 0 18 7224
32 3 0 19 7516
32 3 0 20 8344
32 3 0 21 8356
32 3 0 22 9124
32 3 0 23 8844
32 3 0 24 9564
32 3 0 25 8980
32 3 0 26 9660
32 3 0 27 8852
32 3 0 28 9532
32 3 0 29 8684
32 3 0 30 9600
32 3 0 31 9918
32 3 0 32 11484
32 4 0 8 54
32 4 0 9 468
32 4 0 10 2506
32 4 0 11 8070
32 4 0 12 20840
32 4 0 13 38522
32 4 0 14 63862
32 4 0 15 92812
32 4 0 16 131758
32 4 0 17 165188
32 4 0 18 186666
32 4 0 19 199444
32 4 0 20 214292
32 4 0 21 219398
32 4 0 22 228164
32 4 0 23 225652
32 4 0 24 228556
32 4 0 25 218486
32 4 0 26 215614
32 4 0 27 199404
32 4 0 28 191678
32 4 0 29 171902
32 4 0 30 162546
32 4 0 31 145552
32 4 0 32 103648
32 4 1 17 12
32 4 1 18 28
32 4 1 19 44
32 4 1 20 60
32 4 1 21 76
32 4 1 22 92
32 4 1 23 108
32 4 1 24 124
32 4 1 25 140
32 4 1 26 156
32 4 1 27 172
32 4 1 28 188
32 4 1 29 204
32 4 1 30 224
32 4 1 31 240
32 5 0 7 120
32 5 0 8 2464
32 5 0 9 19750
32 5 0 10 82676
32 5 0 11 238800
32 5 0 12 531556
32 5 0 13 962780
32 5 0 14 1524784
32 5 0 15 2176884
32 5 0 16 2866502
32 5 0 17 3411524
32 5 0 18 3778804
32 5 0 19 4035974
32 5 0 20 4214636
32 5 0 21 4287486
32 5 0 22 4294088
32 5 0 23 4197042
32 5 0 24 4051060
32 5 0 25 3808058
32 5 0 26 3541536
32 5 0 27 3194390
32 5 0 28 2848160
32 5 0 29 2441442
32 5 0 30 2038008
32 5 0 31 1535140
32 5 0 32 767508
32 5 1 12 68
32 5 1 13 348
32 5 1 14 920
32 5 1 15 1728
32 5 1 16 2850
32 5 1 17 3672
32 5 1 18 4372
32 5 1 19 4908
32 5 1 20 5456
32 5 1 21 5816
32 5 1 22 6212
32 5 1 23 6396
32 5 1 24 6640
32 5 1 25 6648
32 5 1 26 6740
32 5 1 27 6572
32 5 1 28 6612
32 5 1 29 6338
32 5 1 30 6716
32 5 1 31 6832
32 6 0 6 98
32 6 0 7 5498
32 6 0 8 80232
32 6 0 9 499884
32 6 0 10 1890450
32 6 0 11 5095358
32 6 0 12 10608428
32 6 0 13 18308276
32 6 0 14 27776986
32 6 0 15 38136614
32 6 0 16 48097178
32 6 0 17 55645534
32 6 0 18 60792108
32 6 0 19 64168980
32 6 0 20 65827166
32 6 0 21 65880764
32 6 0 22 64408524
32 6 0 23 61587456
32 6 0 24 57551572
32 6 0 25 52529156
32 6 0 26 46750782
32 6 0 27 40423094
32 6 0 28 33814988
32 6 0 29 27008568
32 6 0 30 20089384
32 6 0 31 12700624
32 6 0 32 4819346
32 6 1 9 36
32 6 1 10 956
32 6 1 11 5208
32 6 1 12 14848
32 6 1 13 31016
32 6 1 14 53872
32 6 1 15 84308
32 6 1 16 122592
32 6 1 17 154774
32 6 1 18 179308
32 6 1 19 200212
32 6 1 20 215832
32 6 1 21 227908
32 6 1 22 234476
32 6 1 23 237600
32 6 1 24 235124
32 6 1 25 229228
32 6 1 26 217252
32 6 1 27 202476
32 6 1 28 183136
32 6 1 29 159854
32 6 1 30 138600
32 6 1 31 106832
32 6 2 16 2
32 6 2 17 4
32 6 2 18 4
32 6 2 19 4
32 6 2 20 4
32 6 2 21 4
32 6 2 22 4
32 6 2 23 4
32 6 2 24 4
32 6 2 25 4
32 6 2 26 4
32 6 2 27 4
32 6 2 28 4
32 6 2 29 4
32 6 2 30 62
32 6 2 31 116
33 0 0 33 2
33 1 0 17 2
33 1 0 18 4
33 1 0 19 4
33 1 0 20 4
33 1 0 21 4
33 1 0 22 4
33 1 0 23 4
33 1 0 24 4
33 1 0 25 4
33 1 0 26 4
33 1 0 27 4
33 1 0 28 4
33 1 0 29 4
33 1 0 30 4
33 1 0 31 4
33 1 0 32 4
33 1 0 33 62
33 2 0 12 4
33 2 0 13 20
33 2 0 14 28
33 2 0 15 50
33 2 0 16 52
33 2 0 17 132
33 2 0 18 176
33 2 0 19 210
33 2 0 20 200
33 2 0 21 240
33 2 0 22 224
33 2 0 23 270
33 2 0 24 248
33 2 0 25 300
33 2 0 26 272
33 2 0 27 330
33 2 0 28 296
33 2 0 29 360
33 2 0 30 324
33 2 0 31 394
33 2 0 32 416
33 2 0 33 1054
33 3 0 9 2
33 3 0 10 36
33 3 0 11 132
33 3 0 12 368
33 3 0 13 884
33 3 0 14 1548
33 3 0 15 2664
33 3 0 16 3840
33 3 0 17 6070
33 3 0 18 7052
33 3 0 19 8054
33 3 0 20 8280
33 3 0 21 9146
33 3 0 22 9084
33 3 0 23 9898
33 3 0 24 9536
33 3 0 25 10310
33 3 0 26 9636
33 3 0 27 10378
33 3 0 28 9476
33 3 0 29 10226
33 3 0 30 9288
33 3 0 31 10290
33 3 0 32 10620
33 3 0 33 12590
33 4 0 8 24
33 4 0 9 344
33 4 0 10 1748
33 4 0 11 6528
33 4 0 12 17120
33 4 0 13 35294
33 4 0 14 58232
33 4 0 15 89592
33 4 0 16 124046
33 4 0 17 169905
33 4 0 18 194612
33 4 0 19 216290
33 4 0 20 228044
33 4 0 21 242964
33 4 0 22 246652
33 4 0 23 255322
33 4 0 24 250992
33 4 0 25 253642
33 4 0 26 241348
33 4 0 27 238062
33 4 0 28 219368
33 4 0 29 211116
33 4 0 30 188852
33 4 0 31 179224
33 4 0 32 160928
33 4 0 33 116992
33 4 1 17 4
33 4 1 18 20
33 4 1 19 36
33 4 1 20 52
33 4 1 21 68
33 4 1 22 84
33 4 1 23 100
33 4 1 24 116
33 4 1 25 132
33 4 1 26 148
33 4 1 27 164
33 4 1 28 180
33 4 1 29 196
33 4 1 30 212
33 4 1 31 232
33 4 1 32 248
33 5 0 7 70
33 5 0 8 1648
33 5 0 9 14254
33 5 0 10 66524
33 5 0 11 202938
33 5 0 12 479962
33 5 0 13 909546
33 5 0 14 1486810
33 5 0 15 2185972
33 5 0 16 2947186
33 5 0 17 3682526
33 5 0 18 4165286
33 5 0 19 4525994
33 5 0 20 4766444
33 5 0 21 4928364
33 5 0 22 4970168
33 5 0 23 4948768
33 5 0 24 4809060
33 5 0 25 4626392
33 5 0 26 4331696
33 5 0 27 4022456
33 5 0 28 3618636
33 5 0 29 3226570
33 5 0 30 2762532
33 5 0 31 2313362
33 5 0 32 1751904
33 5 0 33 892156
33 5 1 12 24
33 5 1 13 232
33 5 1 14 688
33 5 1 15 1444
33 5 1 16 2428
33 5 1 17 3572
33 5 1 18 4268
33 5 1 19 4960
33 5 1 20 5480
33 5 1 21 6020
33 5 1 22 6364
33 5 1 23 6752
33 5 1 24 6920
33 5 1 25 7156
33 5 1 26 7148
33 5 1 27 7232
33 5 1 28 7048
33 5 1 29 7084
33 5 1 30 6796
33 5 1 31 7188
33 5 1 32 7308
33 6 0 6 32
33 6 0 7 3356
33 6 0 8 55936
33 6 0 9 395860
33 6 0 10 1611032
33 6 0 11 4619410
33 6 0 12 10176032
33 6 0 13 18309494
33 6 0 14 28689682
33 6 0 15 40518762
33 6 0 16 52604686
33 6 0 17 63068490
33 6 0 18 70282382
33 6 0 19 75297246
33 6 0 20 78340352
33 6 0 21 79483378
33 6 0 22 78841648
33 6 0 23 76547066
33 6 0 24 72767396
33 6 0 25 67700788
33 6 0 26 61557344
33 6 0 27 54649840
33 6 0 28 47152428
33 6 0 29 39421632
33 6 0 30 31491264
33 6 0 31 23498158
33 6 0 32 14960388
33 6 0 33 5771522
33 6 1 9 12
33 6 1 10 532
33 6 1 11 3676
33 6 1 12 12048
33 6 1 13 26660
33 6 1 14 48696
33 6 1 15 77728
33 6 1 16 115216
33 6 1 17 156284
33 6 1 18 185762
33 6 1 19 210148
33 6 1 20 230672
33 6 1 21 245640
33 6 1 22 256928
33 6 1 23 262436
33 6 1 24 264360
33 6 1 25 260420
33 6 1 26 252912
33 6 1 27 239048
33 6 1 28 222260
33 6 1 29 200802
33 6 1 30 175180
33 6 1 31 152132
33 6 1 32 117956
33 6 2 17 4
33 6 2 18 4
33 6 2 19 4
33 6 2 20 4
33 6 2 21 4
33 6 2 22 4
33 6 2 23 4
33 6 2 24 4
33 6 2 25 4
33 6 2 26 4
33 6 2 27 4
33 6 2 28 4
33 6 2 29 4
33 6 2 30 4
33 6 2 31 64
33 6 2 32 120
34 0 0 34 2
34 1 0 18 4
34 1 0 19 4
34 1 0 20 4
34 1 0 21 4
34 1 0 22 4
34 1 0 23 4
34 1 0 24 4
34 1 0 25 4
34 1 0 26 4
34 1 0 27 4
34 1 0 28 4
34 1 0 29 4
34 1 0 30 4
34 1 0 31 4
34 1 0 32 4
34 1 0 33 4
34 1 0 34 64
34 2 0 12 2
34 2 0 13 12
34 2 0 14 30
34 2 0 15 36
34 2 0 16 60
34 2 0 17 62
34 2 0 18 194
34 2 0 19 188
34 2 0 20 224
34 2 0 21 212
34 2 0 22 254
34 2 0 23 236
34 2 0 24 284
34 2 0 25 260
34 2 0 26 314
34 2 0 27 284
34 2 0 28 344
34 2 0 29 308
34 2 0 30 374
34 2 0 31 336
34 2 0 32 408
34 2 0 33 430
34 2 0 34 1120
34 3 0 10 20
34 3 0 11 100
34 3 0 12 280
34 3 0 13 688
34 3 0 14 1392
34 3 0 15 2232
34 3 0 16 3596
34 3 0 17 5056
34 3 0 18 7462
34 3 0 19 7944
34 3 0 20 8908
34 3 0 21 9064
34 3 0 22 9972
34 3 0 23 9832
34 3 0 24 10696
34 3 0 25 10248
34 3 0 26 11080
34 3 0 27 10312
34 3 0 28 11120
34 3 0 29 10120
34 3 0 30 10944
34 3 0 31 9912
34 3 0 32 11004
34 3 0 33 11346
34 3 0 34 13764
34 4 0 8 14
34 4 0 9 202
34 4 0 10 1338
34 4 0 11 4844
34 4 0 12 14382
34 4 0 13 30468
34 4 0 14 54528
34 4 0 15 83038
34 4 0 16 120706
34 4 0 17 162505
34 4 0 18 206829
34 4 0 19 226430
34 4 0 20 247958
34 4 0 21 258516
34 4 0 22 273512
34 4 0 23 275602
34 4 0 24 284188
34 4 0 25 277852
34 4 0 26 280268
34 4 0 27 265554
34 4 0 28 261882
34 4 0 29 240508
34 4 0 30 231766
34 4 0 31 206830
34 4 0 32 196992
34 4 0 33 177346
34 4 0 34 131566
34 4 1 18 12
34 4 1 19 28
34 4 1 20 44
34 4 1 21 60
34 4 1 22 76
34 4 1 23 92
34 4 1 24 108
34 4 1 25 124
34 4 1 26 140
34 4 1 27 156
34 4 1 28 172
34 4 1 29 188
34 4 1 30 204
34 4 1 31 220
34 4 1 32 240
34 4 1 33 256
34 5 0 7 28
34 5 0 8 984
34 5 0 9 10052
34 5 0 10 52364
34 5 0 11 170728
34 5 0 12 425212
34 5 0 13 847472
34 5 0 14 1435824
34 5 0 15 2166700
34 5 0 16 2999824
34 5 0 17 3856518
34 5 0 18 4554502
34 5 0 19 5003938
34 5 0 20 5354336
34 5 0 21 5572398
34 5 0 22 5713888
34 5 0 23 5718978
34 5 0 24 5665972
34 5 0 25 5477806
34 5 0 26 5254936
34 5 0 27 4902626
34 5 0 28 4547232
34 5 0 29 4080886
34 5 0 30 3639656
34 5 0 31 3112798
34 5 0 32 2615076
34 5 0 33 1990646
34 5 0 34 1032232
34 5 1 12 8
34 5 1 13 128
34 5 1 14 516
34 5 1 15 1148
34 5 1 16 2088
34 5 1 17 3246
34 5 1 18 4200
34 5 1 19 4880
34 5 1 20 5564
34 5 1 21 6068
34 5 1 22 6600
34 5 1 23 6928
34 5 1 24 7308
34 5 1 25 7460
34 5 1 26 7688
34 5 1 27 7664
34 5 1 28 7740
34 5 1 29 7540
34 5 1 30 7572
34 5 1 31 7270
34 5 1 32 7676
34 5 1 33 7800
34 6 0 6 18
34 6 0 7 1890
34 6 0 8 39592
34 6 0 9 305450
34 6 0 10 1357376
34 6 0 11 4116760
34 6 0 12 9595700
34 6 0 13 18046062
34 6 0 14 29234760
34 6 0 15 42456926
34 6 0 16 56567468
34 6 0 17 69984484
34 6 0 18 80188966
34 6 0 19 87223244
34 6 0 20 91972714
34 6 0 21 94533674
34 6 0 22 95017694
34 6 0 23 93524070
34 6 0 24 90258290
34 6 0 25 85359730
34 6 0 26 79114108
34 6 0 27 71691362
34 6 0 28 63513030
34 6 0 29 54696808
34 6 0 30 45713534
34 6 0 31 36525392
34 6 0 32 27342580
34 6 0 33 17527184
34 6 0 34 6872834
34 6 1 10 260
34 6 1 11 2480
34 6 1 12 9424
34 6 1 13 22692
34 6 1 14 43168
34 6 1 15 71520
34 6 1 16 107352
34 6 1 17 152804
34 6 1 18 189534
34 6 1 19 219088
34 6 1 20 243112
34 6 1 21 263144
34 6 1 22 277348
34 6 1 23 287736
34 6 1 24 292072
34 6 1 25 292684
34 6 1 26 287168
34 6 1 27 277936
34 6 1 28 262072
34 6 1 29 243160
34 6 1 30 219480
34 6 1 31 191410
34 6 1 32 166496
34 6 1 33 129824
34 6 2 17 2
34 6 2 18 4
34 6 2 19 4
34 6 2 20 4
34 6 2 21 4
34 6 2 22 4
34 6 2 23 4
34 6 2 24 4
34 6 2 25 4
34 6 2 26 4
34 6 2 27 4
34 6 2 28 4
34 6 2 29 4
34 6 2 30 4
34 6 2 31 4
34 6 2 32 66
34 6 2 33 124
35 0 0 35 2
35 1 0 18 2
35 1 0 19 4
35 1 0 20 4
35 1 0 21 4
35 1 0 22 4
35 1 0 23 4
35 1 0 24 4
35 1 0 25 4
35 1 0 26 4
35 1 0 27 4
35 1 0 28 4
35 1 0 29 4
35 1 0 30 4
35 1 0 31 4
35 1 0 32 4
35 1 0 33 4
35 1 0 34 4
35 1 0 35 66
35 2 0 13 10
35 2 0 14 20
35 2 0 15 40
35 2 0 16 44
35 2 0 17 70
35 2 0 18 124
35 2 0 19 208
35 2 0 20 200
35 2 0 21 238
35 2 0 22 224
35 2 0 23 268
35 2 0 24 248
35 2 0 25 298
35 2 0 26 272
35 2 0 27 328
35 2 0 28 296
35 2 0 29 358
35 2 0 30 320
35 2 0 31 388
35 2 0 32 348
35 2 0 33 422
35 2 0 34 444
35 2 0 35 1188
35 3 0 10 12
35 3 0 11 76
35 3 0 12 208
35 3 0 13 576
35 3 0 14 1120
35 3 0 15 2052
35 3 0 16 3068
35 3 0 17 4684
35 3 0 18 6710
35 3 0 19 8332
35 3 0 20 8784
35 3 0 21 9786
35 3 0 22 9868
35 3 0 23 10822
35 3 0 24 10600
35 3 0 25 11518
35 3 0 26 10980
35 3 0 27 11874
35 3 0 28 11008
35 3 0 29 11886
35 3 0 30 10784
35 3 0 31 11686
35 3 0 32 10556
35 3 0 33 11742
35 3 0 34 12096
35 3 0 35 15008
35 4 0 8 4
35 4 0 9 146
35 4 0 10 892
35 4 0 11 3912
35 4 0 12 11192
35 4 0 13 27110
35 4 0 14 48524
35 4 0 15 79156
35 4 0 16 113332
35 4 0 17 157850
35 4 0 18 206584
35 4 0 19 241350
35 4 0 20 259936
35 4 0 21 281704
35 4 0 22 290888
35 4 0 23 305970
35 4 0 24 306276
35 4 0 25 314796
35 4 0 26 306260
35 4 0 27 308468
35 4 0 28 291132
35 4 0 29 287108
35 4 0 30 262852
35 4 0 31 253662
35 4 0 32 225864
35 4 0 33 215884
35 4 0 34 194840
35 4 0 35 147442
35 4 1 18 4
35 4 1 19 20
35 4 1 20 36
35 4 1 21 52
35 4 1 22 68
35 4 1 23 84
35 4 1 24 100
35 4 1 25 116
35 4 1 26 132
35 4 1 27 148
35 4 1 28 164
35 4 1 29 180
35 4 1 30 196
35 4 1 31 212
35 4 1 32 228
35 4 1 33 248
35 4 1 34 264
35 5 0 7 16
35 5 0 8 644
35 5 0 9 7018
35 5 0 10 40540
35 5 0 11 142274
35 5 0 12 370334
35 5 0 13 779906
35 5 0 14 1366866
35 5 0 15 2128746
35 5 0 16 3010638
35 5 0 17 3970410
35 5 0 18 4873298
35 5 0 19 5493896
35 5 0 20 5927692
35 5 0 21 6267536
35 5 0 22 6457348
35 5 0 23 6574656
35 5 0 24 6537032
35 5 0 25 6448758
35 5 0 26 6206000
35 5 0 27 5939360
35 5 0 28 5523172
35 5 0 29 5118142
35 5 0 30 4583080
35 5 0 31 4089318
35 5 0 32 3493824
35 5 0 33 2944730
35 5 0 34 2252788
35 5 0 35 1189098
35 5 1 13 68
35 5 1 14 348
35 5 1 15 920
35 5 1 16 1728
35 5 1 17 2852
35 5 1 18 4016
35 5 1 19 4844
35 5 1 20 5508
35 5 1 21 6184
35 5 1 22 6672
35 5 1 23 7196
35 5 1 24 7508
35 5 1 25 7880
35 5 1 26 8016
35 5 1 27 8236
35 5 1 28 8196
35 5 1 29 8264
35 5 1 30 8048
35 5 1 31 8076
35 5 1 32 7760
35 5 1 33 8180
35 5 1 34 8308
35 6 0 6 4
35 6 0 7 1128
35 6 0 8 26112
35 6 0 9 233966
35 6 0 10 1120226
35 6 0 11 3626328
35 6 0 12 8886182
35 6 0 13 17542996
35 6 0 14 29397882
35 6 0 15 43932020
35 6 0 16 59995348
35 6 0 17 76156785
35 6 0 18 90106426
35 6 0 19 99797507
35 6 0 20 106640368
35 6 0 21 110997330
35 6 0 22 112913248
35 6 0 23 112581628
35 6 0 24 110064648
35 6 0 25 105667084
35 6 0 26 99475340
35 6 0 27 91891738
35 6 0 28 83018316
35 6 0 29 73417828
35 6 0 30 63121732
35 6 0 31 52747590
35 6 0 32 42157260
35 6 0 33 31661716
35 6 0 34 20430856
35 6 0 35 8141034
35 6 1 10 116
35 6 1 11 1596
35 6 1 12 7160
35 6 1 13 18868
35 6 1 14 38020
35 6 1 15 64884
35 6 1 16 100088
35 6 1 17 143524
35 6 1 18 191788
35 6 1 19 225202
35 6 1 20 254668
35 6 1 21 278224
35 6 1 22 297652
35 6 1 23 310980
35 6 1 24 320356
35 6 1 25 323408
35 6 1 26 322596
35 6 1 27 315392
35 6 1 28 304324
35 6 1 29 286348
35 6 1 30 265200
35 6 1 31 239194
35 6 1 32 208568
35 6 1 33 181716
35 6 1 34 142460
35 6 2 18 4
35 6 2 19 4
35 6 2 20 4
35 6 2 21 4
35 6 2 22 4
35 6 2 23 4
35 6 2 24 4
35 6 2 25 4
35 6 2 26 4
35 6 2 27 4
35 6 2 28 4
35 6 2 29 4
35 6 2 30 4
35 6 2 31 4
35 6 2 32 4
35 6 2 33 68
35 6 2 34 128
36 0 0 36 2
36 1 0 19 4
36 1 0 20 4
36 1 0 21 4
36 1 0 22 4
36 1 0 23 4
36 1 0 24 4
36 1 0 25 4
36 1 0 26 4
36 1 0 27 4
36 1 0 28 4
36 1 0 29 4
36 1 0 30 4
36 1 0 31 4
36 1 0 32 4
36 1 0 33 4
36 1 0 34 4
36 1 0 35 4
36 1 0 36 68
36 2 0 13 4
36 2 0 14 20
36 2 0 15 28
36 2 0 16 50
36 2 0 17 52
36 2 0 18 82
36 2 0 19 188
36 2 0 20 222
36 2 0 21 212
36 2 0 22 252
36 2 0 23 236
36 2 0 24 282
36 2 0 25 260
36 2 0 26 312
36 2 0 27 284
36 2 0 28 342
36 2 0 29 308
36 2 0 30 372
36 2 0 31 332
36 2 0 32 402
36 2 0 33 360
36 2 0 34 436
36 2 0 35 458
36 2 0 36 1258
36 3 0 10 4
36 3 0 11 52
36 3 0 12 164
36 3 0 13 424
36 3 0 14 988
36 3 0 15 1684
36 3 0 16 2860
36 3 0 17 4052
36 3 0 18 6040
36 3 0 19 8198
36 3 0 20 9340
36 3 0 21 9644
36 3 0 22 10688
36 3 0 23 10692
36 3 0 24 11696
36 3 0 25 11388
36 3 0 26 12364
36 3 0 27 11732
36 3 0 28 12692
36 3 0 29 11724
36 3 0 30 12676
36 3 0 31 11468
36 3 0 32 12452
36 3 0 33 11220
36 3 0 34 12504
36 3 0 35 12870
36 3 0 36 16324
36 4 0 8 2
36 4 0 9 80
36 4 0 10 670
36 4 0 11 2796
36 4 0 12 9220
36 4 0 13 22354
36 4 0 14 44530
36 4 0 15 71888
36 4 0 16 109376
36 4 0 17 149378
36 4 0 18 203056
36 4 0 19 248824
36 4 0 20 278604
36 4 0 21 295546
36 4 0 22 317562
36 4 0 23 325188
36 4 0 24 340372
36 4 0 25 338702
36 4 0 26 347180
36 4 0 27 336244
36 4 0 28 338276
36 4 0 29 318110
36 4 0 30 313774
36 4 0 31 286428
36 4 0 32 276838
36 4 0 33 245982
36 4 0 34 235934
36 4 0 35 213444
36 4 0 36 164694
36 4 1 19 12
36 4 1 20 28
36 4 1 21 44
36 4 1 22 60
36 4 1 23 76
36 4 1 24 92
36 4 1 25 108
36 4 1 26 124
36 4 1 27 140
36 4 1 28 156
36 4 1 29 172
36 4 1 30 188
36 4 1 31 204
36 4 1 32 220
36 4 1 33 236
36 4 1 34 256
36 4 1 35 272
36 5 0 7 4
36 5 0 8 356
36 5 0 9 4744
36 5 0 10 30618
36 5 0 11 116732
36 5 0 12 319312
36 5 0 13 705148
36 5 0 14 1290396
36 5 0 15 2063328
36 5 0 16 3003084
36 5 0 17 4029204
36 5 0 18 5102894
36 5 0 19 5947914
36 5 0 20 6532396
36 5 0 21 6944246
36 5 0 22 7269476
36 5 0 23 7424842
36 5 0 24 7514160
36 5 0 25 7427482
36 5 0 26 7300228
36 5 0 27 6996398
36 5 0 28 6682376
36 5 0 29 6195694
36 5 0 30 5737508
36 5 0 31 5127194
36 5 0 32 4577500
36 5 0 33 3907230
36 5 0 34 3303948
36 5 0 35 2539796
36 5 0 36 1364192
36 5 1 13 24
36 5 1 14 232
36 5 1 15 688
36 5 1 16 1444
36 5 1 17 2428
36 5 1 18 3734
36 5 1 19 4684
36 5 1 20 5504
36 5 1 21 6152
36 5 1 22 6820
36 5 1 23 7292
36 5 1 24 7808
36 5 1 25 8104
36 5 1 26 8468
36 5 1 27 8588
36 5 1 28 8800
36 5 1 29 8744
36 5 1 30 8804
36 5 1 31 8572
36 5 1 32 8596
36 5 1 33 8266
36 5 1 34 8700
36 5 1 35 8832
36 6 0 6 2
36 6 0 7 584
36 6 0 8 17844
36 6 0 9 174124
36 6 0 10 916738
36 6 0 11 3143404
36 6 0 12 8116172
36 6 0 13 16794230
36 6 0 14 29204466
36 6 0 15 44891302
36 6 0 16 62870960
36 6 0 17 81622376
36 6 0 18 99347768
36 6 0 19 112835982
36 6 0 20 122269846
36 6 0 21 128755914
36 6 0 22 132557378
36 6 0 23 133649060
36 6 0 24 132332212
36 6 0 25 128604988
36 6 0 26 122903160
36 6 0 27 115229400
36 6 0 28 106138014
36 6 0 29 95628908
36 6 0 30 84445146
36 6 0 31 72495614
36 6 0 32 60583454
36 6 0 33 48435448
36 6 0 34 36496792
36 6 0 35 23703090
36 6 0 36 9595376
36 6 1 10 36
36 6 1 11 956
36 6 1 12 5212
36 6 1 13 15472
36 6 1 14 32792
36 6 1 15 58564
36 6 1 16 92252
36 6 1 17 134944
36 6 1 18 186924
36 6 1 19 229970
36 6 1 20 263376
36 6 1 21 292532
36 6 1 22 315508
36 6 1 23 334220
36 6 1 24 346560
36 6 1 25 354812
36 6 1 26 356468
36 6 1 27 354120
36 6 1 28 345116
36 6 1 29 332100
36 6 1 30 311900
36 6 1 31 288404
36 6 1 32 259968
36 6 1 33 226678
36 6 1 34 197816
36 6 1 35 155888
36 6 2 18 2
36 6 2 19 4
36 6 2 20 4
36 6 2 21 4
36 6 2 22 4
36 6 2 23 4
36 6 2 24 4
36 6 2 25 4
36 6 2 26 4
36 6 2 27 4
36 6 2 28 4
36 6 2 29 4
36 6 2 30 4
36 6 2 31 4
36 6 2 32 4
36 6 2 33 4
36 6 2 34 70
36 6 2 35 132
37 0 0 37 2
37 1 0 19 2
37 1 0 20 4
37 1 0 21 4
37 1 0 22 4
37 1 0 23 4
37 1 0 24 4
37 1 0 25 4
37 1 0 26 4
37 1 0 27 4
37 1 0 28 4
37 1 0 29 4
37 1 0 30 4
37 1 0 31 4
37 1 0 32 4
37 1 0 33 4
37 1 0 34 4
37 1 0 35 4
37 1 0 36 4
37 1 0 37 70
37 2 0 13 2
37 2 0 14 12
37 2 0 15 30
37 2 0 16 36
37 2 0 17 60
37 2 0 18 60
37 2 0 19 150
37 2 0 20 200
37 2 0 21 236
37 2 0 22 224
37 2 0 23 266
37 2 0 24 248
37 2 0 25 296
37 2 0 26 272
37 2 0 27 326
37 2 0 28 296
37 2 0 29 356
37 2 0 30 320
37 2 0 31 386
37 2 0 32 344
37 2 0 33 416
37 2 0 34 372
37 2 0 35 450
37 2 0 36 472
37 2 0 37 1330
37 3 0 10 2
37 3 0 11 36
37 3 0 12 132
37 3 0 13 332
37 3 0 14 776
37 3 0 15 1532
37 3 0 16 2400
37 3 0 17 3824
37 3 0 18 5188
37 3 0 19 7904
37 3 0 20 9076
37 3 0 21 10294
37 3 0 22 10524
37 3 0 23 11614
37 3 0 24 11536
37 3 0 25 12594
37 3 0 26 12196
37 3 0 27 13234
37 3 0 28 12504
37 3 0 29 13534
37 3 0 30 12460
37 3 0 31 13490
37 3 0 32 12172
37 3 0 33 13242
37 3 0 34 11904
37 3 0 35 13290
37 3 0 36 13668
37 3 0 37 17714
37 4 0 9 54
37 4 0 10 428
37 4 0 11 2230
37 4 0 12 7040
37 4 0 13 19070
37 4 0 14 38540
37 4 0 15 67468
37 4 0 16 101068
37 4 0 17 145598
37 4 0 18 191850
37 4 0 19 254769
37 4 0 20 287528
37 4 0 21 317676
37 4 0 22 333288
37 4 0 23 355566
37 4 0 24 361444
37 4 0 25 376752
37 4 0 26 372908
37 4 0 27 381374
37 4 0 28 367832
37 4 0 29 369726
37 4 0 30 346516
37 4 0 31 341914
37 4 0 32 311264
37 4 0 33 301328
37 4 0 34 267212
37 4 0 35 257176
37 4 0 36 233192
37 4 0 37 183398
37 4 1 19 4
37 4 1 20 20
37 4 1 21 36
37 4 1 22 52
37 4 1 23 68
37 4 1 24 84
37 4 1 25 100
37 4 1 26 116
37 4 1 27 132
37 4 1 28 148
37 4 1 29 164
37 4 1 30 180
37 4 1 31 196
37 4 1 32 212
37 4 1 33 228
37 4 1 34 244
37 4 1 35 264
37 4 1 36 280
37 5 0 7 2
37 5 0 8 228
37 5 0 9 3270
37 5 0 10 22756
37 5 0 11 94848
37 5 0 12 272284
37 5 0 13 629452
37 5 0 14 1200092
37 5 0 15 1986062
37 5 0 16 2952402
37 5 0 17 4065820
37 5 0 18 5225558
37 5 0 19 6359600
37 5 0 20 7092626
37 5 0 21 7669168
37 5 0 22 8057436
37 5 0 23 8364082
37 5 0 24 8478464
37 5 0 25 8535936
37 5 0 26 8393516
37 5 0 27 8223528
37 5 0 28 7851792
37 5 0 29 7486740
37 5 0 30 6922588
37 5 0 31 6407696
37 5 0 32 5715240
37 5 0 33 5106190
37 5 0 34 4354672
37 5 0 35 3694398
37 5 0 36 2853180
37 5 0 37 1559030
37 5 1 13 8
37 5 1 14 128
37 5 1 15 516
37 5 1 16 1148
37 5 1 17 2088
37 5 1 18 3248
37 5 1 19 4560
37 5 1 20 5368
37 5 1 21 6180
37 5 1 22 6812
37 5 1 23 7472
37 5 1 24 7928
37 5 1 25 8436
37 5 1 26 8716
37 5 1 27 9072
37 5 1 28 9176
37 5 1 29 9380
37 5 1 30 9308
37 5 1 31 9360
37 5 1 32 9112
37 5 1 33 9132
37 5 1 34 8788
37 5 1 35 9236
37 5 1 36 9372
37 6 0 7 340
37 6 0 8 11076
37 6 0 9 129654
37 6 0 10 732292
37 6 0 11 2700400
37 6 0 12 7303040
37 6 0 13 15856304
37 6 0 14 28637676
37 6 0 15 45367702
37 6 0 16 65100698
37 6 0 17 86459150
37 6 0 18 107580178
37 6 0 19 125888080
37 6 0 20 138585016
37 6 0 21 147800530
37 6 0 22 153775052
37 6 0 23 156845408
37 6 0 24 156916824
37 6 0 25 154432050
37 6 0 26 149291728
37 6 0 27 142101108
37 6 0 28 132741420
37 6 0 29 121961456
37 6 0 30 109617480
37 6 0 31 96679386
37 6 0 32 82889828
37 6 0 33 69283592
37 6 0 34 55410852
37 6 0 35 41891248
37 6 0 36 27377468
37 6 0 37 11256696
37 6 1 10 12
37 6 1 11 532
37 6 1 12 3680
37 6 1 13 12316
37 6 1 14 28068
37 6 1 15 51984
37 6 1 16 84824
37 6 1 17 125880
37 6 1 18 176888
37 6 1 19 231504
37 6 1 20 270734
37 6 1 21 303964
37 6 1 22 332704
37 6 1 23 354988
37 6 1 24 372872
37 6 1 25 384112
37 6 1 26 391128
37 6 1 27 391276
37 6 1 28 387280
37 6 1 29 376364
37 6 1 30 361288
37 6 1 31 338752
37 6 1 32 312796
37 6 1 33 281826
37 6 1 34 245764
37 6 1 35 214820
37 6 1 36 170132
37 6 2 19 4
37 6 2 20 4
37 6 2 21 4
37 6 2 22 4
37 6 2 23 4
37 6 2 24 4
37 6 2 25 4
37 6 2 26 4
37 6 2 27 4
37 6 2 28 4
37 6 2 29 4
37 6 2 30 4
37 6 2 31 4
37 6 2 32 4
37 6 2 33 4
37 6 2 34 4
37 6 2 35 72
37 6 2 36 136
38 0 0 38 2
38 1 0 20 4
38 1 0 21 4
38 1 0 22 4
38 1 0 23 4
38 1 0 24 4
38 1 0 25 4
38 1 0 26 4
38 1 0 27 4
38 1 0 28 4
38 1 0 29 4
38 1 0 30 4
38 1 0 31 4
38 1 0 32 4
38 1 0 33 4
38 1 0 34 4
38 1 0 35 4
38 1 0 36 4
38 1 0 37 4
38 1 0 38 72
38 2 0 14 10
38 2 0 15 20
38 2 0 16 40
38 2 0 17 44
38 2 0 18 70
38 2 0 19 70
38 2 0 20 220
38 2 0 21 212
38 2 0 22 250
38 2 0 23 236
38 2 0 24 280
38 2 0 25 260
38 2 0 26 310
38 2 0 27 284
38 2 0 28 340
38 2 0 29 308
38 2 0 30 370
38 2 0 31 332
38 2 0 32 400
38 2 0 33 356
38 2 0 34 430
38 2 0 35 384
38 2 0 36 464
38 2 0 37 486
38 2 0 38 1404
38 3 0 11 20
38 3 0 12 100
38 3 0 13 248
38 3 0 14 652
38 3 0 15 1232
38 3 0 16 2220
38 3 0 17 3260
38 3 0 18 4940
38 3 0 19 6596
38 3 0 20 9590
38 3 0 21 10096
38 3 0 22 11272
38 3 0 23 11424
38 3 0 24 12564
38 3 0 25 12400
38 3 0 26 13516
38 3 0 27 13024
38 3 0 28 14128
38 3 0 29 13296
38 3 0 30 14400
38 3 0 31 13216
38 3 0 32 14328
38 3 0 33 12896
38 3 0 34 14056
38 3 0 35 12608
38 3 0 36 14100
38 3 0 37 14490
38 3 0 38 19180
38 4 0 9 24
38 4 0 10 322
38 4 0 11 1528
38 4 0 12 5770
38 4 0 13 15026
38 4 0 14 34452
38 4 0 15 59878
38 4 0 16 96314
38 4 0 17 136184
38 4 0 18 188092
38 4 0 19 243087
38 4 0 20 304133
38 4 0 21 329140
38 4 0 22 359096
38 4 0 23 373190
38 4 0 24 395750
38 4 0 25 399684
38 4 0 26 415144
38 4 0 27 408922
38 4 0 28 417412
38 4 0 29 401052
38 4 0 30 402852
38 4 0 31 376378
38 4 0 32 371562
38 4 0 33 337388
38 4 0 34 327166
38 4 0 35 289582
38 4 0 36 279644
38 4 0 37 254118
38 4 0 38 203632
38 4 1 20 12
38 4 1 21 28
38 4 1 22 44
38 4 1 23 60
38 4 1 24 76
38 4 1 25 92
38 4 1 26 108
38 4 1 27 124
38 4 1 28 140
38 4 1 29 156
38 4 1 30 172
38 4 1 31 188
38 4 1 32 204
38 4 1 33 220
38 4 1 34 236
38 4 1 35 252
38 4 1 36 272
38 4 1 37 288
38 5 0 8 112
38 5 0 9 2116
38 5 0 10 16504
38 5 0 11 75444
38 5 0 12 230912
38 5 0 13 551932
38 5 0 14 1107408
38 5 0 15 1883944
38 5 0 16 2889560
38 5 0 17 4048128
38 5 0 18 5328144
38 5 0 19 6606646
38 5 0 20 7676876
38 5 0 21 8349710
38 5 0 22 8913480
38 5 0 23 9271278
38 5 0 24 9555324
38 5 0 25 9621834
38 5 0 26 9643564
38 5 0 27 9438358
38 5 0 28 9221848
38 5 0 29 8775010
38 5 0 30 8355252
38 5 0 31 7706286
38 5 0 32 7131116
38 5 0 33 6349266
38 5 0 34 5677420
38 5 0 35 4837842
38 5 0 36 4117792
38 5 0 37 3194494
38 5 0 38 1775208
38 5 1 14 68
38 5 1 15 348
38 5 1 16 920
38 5 1 17 1728
38 5 1 18 2852
38 5 1 19 4186
38 5 1 20 5276
38 5 1 21 6068
38 5 1 22 6872
38 5 1 23 7488
38 5 1 24 8140
38 5 1 25 8580
38 5 1 26 9080
38 5 1 27 9344
38 5 1 28 9692
38 5 1 29 9780
38 5 1 30 9976
38 5 1 31 9888
38 5 1 32 9932
38 5 1 33 9668
38 5 1 34 9684
38 5 1 35 9326
38 5 1 36 9788
38 5 1 37 9928
38 6 0 7 154
38 6 0 8 7372
38 6 0 9 92932
38 6 0 10 583188
38 6 0 11 2279268
38 6 0 12 6512042
38 6 0 13 14734368
38 6 0 14 27768580
38 6 0 15 45296404
38 6 0 16 66722144
38 6 0 17 90518644
38 6 0 18 115032052
38 6 0 19 137921120
38 6 0 20 155557586
38 6 0 21 167831778
38 6 0 22 176651904
38 6 0 23 181911000
38 6 0 24 184060290
38 6 0 25 182898026
38 6 0 26 179049372
38 6 0 27 172276582
38 6 0 28 163400450
38 6 0 29 152135290
38 6 0 30 139474822
38 6 0 31 125082058
38 6 0 32 110208494
38 6 0 33 94378752
38 6 0 34 78913336
38 6 0 35 63136728
38 6 0 36 47890792
38 6 0 37 31489522
38 6 0 38 13147494
38 6 1 11 260
38 6 1 12 2480
38 6 1 13 9548
38 6 1 14 23520
38 6 1 15 45860
38 6 1 16 76908
38 6 1 17 117244
38 6 1 18 166316
38 6 1 19 226608
38 6 1 20 274878
38 6 1 21 314172
38 6 1 22 346996
38 6 1 23 375208
38 6 1 24 396688
38 6 1 25 413632
38 6 1 26 423660
38 6 1 27 429328
38 6 1 28 427856
38 6 1 29 422100
38 6 1 30 409160
38 6 1 31 391912
38 6 1 32 366928
38 6 1 33 338400
38 6 1 34 304792
38 6 1 35 265850
38 6 1 36 232752
38 6 1 37 185216
38 6 2 19 2
38 6 2 20 4
38 6 2 21 4
38 6 2 22 4
38 6 2 23 4
38 6 2 24 4
38 6 2 25 4
38 6 2 26 4
38 6 2 27 4
38 6 2 28 4
38 6 2 29 4
38 6 2 30 4
38 6 2 31 4
38 6 2 32 4
38 6 2 33 4
38 6 2 34 4
38 6 2 35 4
38 6 2 36 74
38 6 2 37 140
39 0 0 39 2
39 1 0 20 2
39 1 0 21 4
39 1 0 22 4
39 1 0 23 4
39 1 0 24 4
39 1 0 25 4
39 1 0 26 4
39 1 0 27 4
39 1 0 28 4
39 1 0 29 4
39 1 0 30 4
39 1 0 31 4
39 1 0 32 4
39 1 0 33 4
39 1 0 34 4
39 1 0 35 4
39 1 0 36 4
39 1 0 37 4
39 1 0 38 4
39 1 0 39 74
39 2 0 14 4
39 2 0 15 20
39 2 0 16 28
39 2 0 17 50
39 2 0 18 52
39 2 0 19 80
39 2 0 20 140
39 2 0 21 234
39 2 0 22 224
39 2 0 23 264
39 2 0 24 248
39 2 0 25 294
39 2 0 26 272
39 2 0 27 324
39 2 0 28 296
39 2 0 29 354
39 2 0 30 320
39 2 0 31 384
39 2 0 32 344
39 2 0 33 414
39 2 0 34 368
39 2 0 35 444
39 2 0 36 396
39 2 0 37 478
39 2 0 38 500
39 2 0 39 1480
39 3 0 11 12
39 3 0 12 76
39 3 0 13 204
39 3 0 14 488
39 3 0 15 1100
39 3 0 16 1828
39 3 0 17 3064
39 3 0 18 4272
39 3 0 19 6212
39 3 0 20 8580
39 3 0 21 10580
39 3 0 22 11052
39 3 0 23 12274
39 3 0 24 12344
39 3 0 25 13538
39 3 0 26 13284
39 3 0 27 14462
39 3 0 28 13872
39 3 0 29 15046
39 3 0 30 14108
39 3 0 31 15290
39 3 0 32 13992
39 3 0 33 15190
39 3 0 34 13640
39 3 0 35 14894
39 3 0 36 13332
39 3 0 37 14934
39 3 0 38 15336
39 3 0 39 20724
39 4 0 9 14
39 4 0 10 196
39 4 0 11 1206
39 4 0 12 4284
39 4 0 13 12644
39 4 0 14 28632
39 4 0 15 55236
39 4 0 16 87304
39 4 0 17 131498
39 4 0 18 177660
39 4 0 19 237572
39 4 0 20 301658
39 4 0 21 348828
39 4 0 22 372500
39 4 0 23 402898
39 4 0 24 415280
39 4 0 25 438148
39 4 0 26 439936
39 4 0 27 455582
39 4 0 28 446772
39 4 0 29 455328
39 4 0 30 435932
39 4 0 31 437688
39 4 0 32 407724
39 4 0 33 402752
39 4 0 34 364828
39 4 0 35 354386
39 4 0 36 313120
39 4 0 37 303372
39 4 0 38 276256
39 4 0 39 225476
39 4 1 20 4
39 4 1 21 20
39 4 1 22 36
39 4 1 23 52
39 4 1 24 68
39 4 1 25 84
39 4 1 26 100
39 4 1 27 116
39 4 1 28 132
39 4 1 29 148
39 4 1 30 164
39 4 1 31 180
39 4 1 32 196
39 4 1 33 212
39 4 1 34 228
39 4 1 35 244
39 4 1 36 260
39 4 1 37 280
39 4 1 38 296
39 5 0 8 70
39 5 0 9 1432
39 5 0 10 11942
39 5 0 11 59402
39 5 0 12 193012
39 5 0 13 482040
39 5 0 14 1003262
39 5 0 15 1778578
39 5 0 16 2785286
39 5 0 17 4014034
39 5 0 18 5355998
39 5 0 19 6792500
39 5 0 20 8128130
39 5 0 21 9067658
39 5 0 22 9716620
39 5 0 23 10269580
39 5 0 24 10589824
39 5 0 25 10847216
39 5 0 26 10858608
39 5 0 27 10840668
39 5 0 28 10565268
39 5 0 29 10298422
39 5 0 30 9768916
39 5 0 31 9290756
39 5 0 32 8549256
39 5 0 33 7910222
39 5 0 34 7031356
39 5 0 35 6293266
39 5 0 36 5358468
39 5 0 37 4575886
39 5 0 38 3565336
39 5 0 39 2014404
39 5 1 14 24
39 5 1 15 232
39 5 1 16 688
39 5 1 17 1444
39 5 1 18 2428
39 5 1 19 3736
39 5 1 20 5060
39 5 1 21 6008
39 5 1 22 6784
39 5 1 23 7580
39 5 1 24 8180
39 5 1 25 8824
39 5 1 26 9248
39 5 1 27 9740
39 5 1 28 9988
39 5 1 29 10328
39 5 1 30 10400
39 5 1 31 10588
39 5 1 32 10484
39 5 1 33 10520
39 5 1 34 10240
39 5 1 35 10252
39 5 1 36 9880
39 5 1 37 10356
39 5 1 38 10500
39 6 0 7 88
39 6 0 8 4304
39 6 0 9 67114
39 6 0 10 451986
39 6 0 11 1911252
39 6 0 12 5722658
39 6 0 13 13546880
39 6 0 14 26555450
39 6 0 15 44783432
39 6 0 16 67608186
39 6 0 17 93866534
39 6 0 18 121569848
39 6 0 19 148840471
39 6 0 20 172288700
39 6 0 21 188854093
39 6 0 22 200789452
39 6 0 23 209060554
39 6 0 24 213383488
39 6 0 25 214407268
39 6 0 26 211779968
39 6 0 27 206358088
39 6 0 28 197716384
39 6 0 29 186945694
39 6 0 30 173539324
39 6 0 31 158795162
39 6 0 32 142124396
39 6 0 33 125124014
39 6 0 34 107039812
39 6 0 35 89540938
39 6 0 36 71668736
39 6 0 37 54543454
39 6 0 38 36076788
39 6 0 39 15292018
39 6 1 11 116
39 6 1 12 1596
39 6 1 13 7164
39 6 1 14 19500
39 6 1 15 39728
39 6 1 16 69440
39 6 1 17 108056
39 6 1 18 156440
39 6 1 19 214380
39 6 1 20 277248
39 6 1 21 320998
39 6 1 22 360184
39 6 1 23 392496
39 6 1 24 420068
39 6 1 25 440632
39 6 1 26 456524
39 6 1 27 465228
39 6 1 28 469436
39 6 1 29 466232
39 6 1 30 458604
39 6 1 31 443528
39 6 1 32 423996
39 6 1 33 396452
39 6 1 34 365240
39 6 1 35 328890
39 6 1 36 286960
39 6 1 37 251636
39 6 1 38 201164
39 6 2 20 4
39 6 2 21 4
39 6 2 22 4
39 6 2 23 4
39 6 2 24 4
39 6 2 25 4
39 6 2 26 4
39 6 2 27 4
39 6 2 28 4
39 6 2 29 4
39 6 2 30 4
39 6 2 31 4
39 6 2 32 4
39 6 2 33 4
39 6 2 34 4
39 6 2 35 4
39 6 2 36 4
39 6 2 37 76
39 6 2 38 144
40 0 0 40 2
40 1 0 21 4
40 1 0 22 4
40 1 0 23 4
40 1 0 24 4
40 1 0 25 4
40 1 0 26 4
40 1 0 27 4
40 1 0 28 4
40 1 0 29 4
40 1 0 30 4
40 1 0 31 4
40 1 0 32 4
40 1 0 33 4
40 1 0 34 4
40 1 0 35 4
40 1 0 36 4
40 1 0 37 4
40 1 0 38 4
40 1 0 39 4
40 1 0 40 76
40 2 0 14 2
40 2 0 15 12
40 2 0 16 30
40 2 0 17 36
40 2 0 18 60
40 2 0 19 60
40 2 0 20 92
40 2 0 21 212
40 2 0 22 248
40 2 0 23 236
40 2 0 24 278
40 2 0 25 260
40 2 0 26 308
40 2 0 27 284
40 2 0 28 338
40 2 0 29 308
40 2 0 30 368
40 2 0 31 332
40 2 0 32 398
40 2 0 33 356
40 2 0 34 428
40 2 0 35 380
40 2 0 36 458
40 2 0 37 408
40 2 0 38 492
40 2 0 39 514
40 2 0 40 1558
40 3 0 11 4
40 3 0 12 52
40 3 0 13 164
40 3 0 14 384
40 3 0 15 864
40 3 0 16 1672
40 3 0 17 2568
40 3 0 18 4056
40 3 0 19 5432
40 3 0 20 7768
40 3 0 21 10366
40 3 0 22 11724
40 3 0 23 12028
40 3 0 24 13300
40 3 0 25 13284
40 3 0 26 14536
40 3 0 27 14188
40 3 0 28 15432
40 3 0 29 14740
40 3 0 30 15988
40 3 0 31 14940
40 3 0 32 16204
40 3 0 33 14788
40 3 0 34 16076
40 3 0 35 14404
40 3 0 36 15756
40 3 0 37 14076
40 3 0 38 15792
40 3 0 39 16206
40 3 0 40 22348
40 4 0 9 4
40 4 0 10 146
40 4 0 11 792
40 4 0 12 3456
40 4 0 13 9820
40 4 0 14 24640
40 4 0 15 47808
40 4 0 16 82012
40 4 0 17 121034
40 4 0 18 173118
40 4 0 19 225760
40 4 0 20 296722
40 4 0 21 357124
40 4 0 22 396810
40 4 0 23 418252
40 4 0 24 449116
40 4 0 25 459586
40 4 0 26 482794
40 4 0 27 482228
40 4 0 28 498100
40 4 0 29 486486
40 4 0 30 495156
40 4 0 31 472500
40 4 0 32 474268
40 4 0 33 440582
40 4 0 34 435518
40 4 0 35 393612
40 4 0 36 383022
40 4 0 37 337854
40 4 0 38 328394
40 4 0 39 299640
40 4 0 40 249012
40 4 1 21 12
40 4 1 22 28
40 4 1 23 44
40 4 1 24 60
40 4 1 25 76
40 4 1 26 92
40 4 1 27 108
40 4 1 28 124
40 4 1 29 140
40 4 1 30 156
40 4 1 31 172
40 4 1 32 188
40 4 1 33 204
40 4 1 34 220
40 4 1 35 236
40 4 1 36 252
40 4 1 37 268
40 4 1 38 288
40 4 1 39 304
40 5 0 8 28
40 5 0 9 880
40 5 0 10 8400
40 5 0 11 45546
40 5 0 12 160192
40 5 0 13 415452
40 5 0 14 901380
40 5 0 15 1652728
40 5 0 16 2676896
40 5 0 17 3924020
40 5 0 18 5373572
40 5 0 19 6887640
40 5 0 20 8468450
40 5 0 21 9709336
40 5 0 22 10587664
40 5 0 23 11204142
40 5 0 24 11741916
40 5 0 25 12017162
40 5 0 26 12243816
40 5 0 27 12192478
40 5 0 28 12130916
40 5 0 29 11777542
40 5 0 30 11456528
40 5 0 31 10836410
40 5 0 32 10296140
40 5 0 33 9454002
40 5 0 34 8747512
40 5 0 35 7763630
40 5 0 36 6955848
40 5 0 37 5918314
40 5 0 38 5070480
40 5 0 39 3967348
40 5 0 40 2278380
40 5 1 14 8
40 5 1 15 128
40 5 1 16 516
40 5 1 17 1148
40 5 1 18 2088
40 5 1 19 3248
40 5 1 20 4738
40 5 1 21 5816
40 5 1 22 6756
40 5 1 23 7516
40 5 1 24 8304
40 5 1 25 8888
40 5 1 26 9524
40 5 1 27 9932
40 5 1 28 10416
40 5 1 29 10648
40 5 1 30 10980
40 5 1 31 11036
40 5 1 32 11216
40 5 1 33 11096
40 5 1 34 11124
40 5 1 35 10828
40 5 1 36 10836
40 5 1 37 10450
40 5 1 38 10940
40 5 1 39 11088
40 6 0 7 32
40 6 0 8 2838
40 6 0 9 46014
40 6 0 10 351906
40 6 0 11 1570296
40 6 0 12 4994986
40 6 0 13 12288060
40 6 0 14 25112916
40 6 0 15 43751174
40 6 0 16 67889226
40 6 0 17 96282696
40 6 0 18 127318786
40 6 0 19 158603890
40 6 0 20 187933036
40 6 0 21 210347250
40 6 0 22 226388712
40 6 0 23 237762048
40 6 0 24 245272130
40 6 0 25 248418802
40 6 0 26 248098014
40 6 0 27 243755812
40 6 0 28 236537842
40 6 0 29 225773132
40 6 0 30 212886388
40 6 0 31 197086304
40 6 0 32 180043872
40 6 0 33 160850020
40 6 0 34 141521142
40 6 0 35 120953526
40 6 0 36 101237624
40 6 0 37 81064984
40 6 0 38 61899640
40 6 0 39 41178860
40 6 0 40 17716350
40 6 1 11 36
40 6 1 12 956
40 6 1 13 5216
40 6 1 14 15748
40 6 1 15 34168
40 6 1 16 61728
40 6 1 17 99260
40 6 1 18 145872
40 6 1 19 202964
40 6 1 20 270768
40 6 1 21 326234
40 6 1 22 369960
40 6 1 23 408800
40 6 1 24 440488
40 6 1 25 467308
40 6 1 26 486844
40 6 1 27 501572
40 6 1 28 508840
40 6 1 29 511476
40 6 1 30 506428
40 6 1 31 496816
40 6 1 32 479492
40 6 1 33 457564
40 6 1 34 427348
40 6 1 35 393340
40 6 1 36 354144
40 6 1 37 309118
40 6 1 38 271496
40 6 1 39 218000
40 6 2 20 2
40 6 2 21 4
40 6 2 22 4
40 6 2 23 4
40 6 2 24 4
40 6 2 25 4
40 6 2 26 4
40 6 2 27 4
40 6 2 28 4
40 6 2 29 4
40 6 2 30 4
40 6 2 31 4
40 6 2 32 4
40 6 2 33 4
40 6 2 34 4
40 6 2 35 4
40 6 2 36 4
40 6 2 37 4
40 6 2 38 78
40 6 2 39 148
41 0 0 41 2
41 1 0 21 2
41 1 0 22 4
41 1 0 23 4
41 1 0 24 4
41 1 0 25 4
41 1 0 26 4
41 1 0 27 4
41 1 0 28 4
41 1 0 29 4
41 1 0 30 4
41 1 0 31 4
41 1 0 32 4
41 1 0 33 4
41 1 0 34 4
41 1 0 35 4
41 1 0 36 4
41 1 0 37 4
41 1 0 38 4
41 1 0 39 4
41 1 0 40 4
41 1 0 41 78
41 2 0 15 10
41 2 0 16 20
41 2 0 17 40
41 2 0 18 44
41 2 0 19 70
41 2 0 20 68
41 2 0 21 168
41 2 0 22 224
41 2 0 23 262
41 2 0 24 248
41 2 0 25 292
41 2 0 26 272
41 2 0 27 322
41 2 0 28 296
41 2 0 29 352
41 2 0 30 320
41 2 0 31 382
41 2 0 32 344
41 2 0 33 412
41 2 0 34 368
41 2 0 35 442
41 2 0 36 392
41 2 0 37 472
41 2 0 38 420
41 2 0 39 506
41 2 0 40 528
41 2 0 41 1638
41 3 0 11 2
41 3 0 12 36
41 3 0 13 132
41 3 0 14 296
41 3 0 15 736
41 3 0 16 1352
41 3 0 17 2396
41 3 0 18 3460
41 3 0 19 5204
41 3 0 20 6744
41 3 0 21 9982
41 3 0 22 11356
41 3 0 23 12802
41 3 0 24 13024
41 3 0 25 14350
41 3 0 26 14244
41 3 0 27 15558
41 3 0 28 15112
41 3 0 29 16426
41 3 0 30 15628
41 3 0 31 16954
41 3 0 32 15792
41 3 0 33 17142
41 3 0 34 15604
41 3 0 35 16986
41 3 0 36 15188
41 3 0 37 16642
41 3 0 38 14840
41 3 0 39 16674
41 3 0 40 17100
41 3 0 41 24054
41 4 0 9 2
41 4 0 10 80
41 4 0 11 626
41 4 0 12 2488
41 4 0 13 8234
41 4 0 14 19748
41 4 0 15 43052
41 4 0 16 72836
41 4 0 17 115526
41 4 0 18 161452
41 4 0 19 221628
41 4 0 20 281226
41 4 0 21 364345
41 4 0 22 406400
41 4 0 23 446662
41 4 0 24 466424
41 4 0 25 497784
41 4 0 26 506136
41 4 0 27 529722
41 4 0 28 526588
41 4 0 29 542732
41 4 0 30 528092
41 4 0 31 536930
41 4 0 32 510784
41 4 0 33 512626
41 4 0 34 474980
41 4 0 35 469894
41 4 0 36 423768
41 4 0 37 413108
41 4 0 38 363812
41 4 0 39 354744
41 4 0 40 324304
41 4 0 41 274324
41 4 1 21 4
41 4 1 22 20
41 4 1 23 36
41 4 1 24 52
41 4 1 25 68
41 4 1 26 84
41 4 1 27 100
41 4 1 28 116
41 4 1 29 132
41 4 1 30 148
41 4 1 31 164
41 4 1 32 180
41 4 1 33 196
41 4 1 34 212
41 4 1 35 228
41 4 1 36 244
41 4 1 37 260
41 4 1 38 276
41 4 1 39 296
41 4 1 40 312
41 5 0 8 16
41 5 0 9 588
41 5 0 10 5992
41 5 0 11 34756
41 5 0 12 130708
41 5 0 13 357968
41 5 0 14 795976
41 5 0 15 1529392
41 5 0 16 2532260
41 5 0 17 3827100
41 5 0 18 5311114
41 5 0 19 6972374
41 5 0 20 8644458
41 5 0 21 10305094
41 5 0 22 11363030
41 5 0 23 12232500
41 5 0 24 12816628
41 5 0 25 13334980
41 5 0 26 13557416
41 5 0 27 13749226
41 5 0 28 13627172
41 5 0 29 13518020
41 5 0 30 13078512
41 5 0 31 12699488
41 5 0 32 11980428
41 5 0 33 11374336
41 5 0 34 10423064
41 5 0 35 9645528
41 5 0 36 8548244
41 5 0 37 7667330
41 5 0 38 6519180
41 5 0 39 5603418
41 5 0 40 4402216
41 5 0 41 2568984
41 5 1 15 68
41 5 1 16 348
41 5 1 17 920
41 5 1 18 1728
41 5 1 19 2852
41 5 1 20 4188
41 5 1 21 5668
41 5 1 22 6588
41 5 1 23 7520
41 5 1 24 8264
41 5 1 25 9044
41 5 1 26 9612
41 5 1 27 10240
41 5 1 28 10632
41 5 1 29 11108
41 5 1 30 11324
41 5 1 31 11648
41 5 1 32 11688
41 5 1 33 11860
41 5 1 34 11724
41 5 1 35 11744
41 5 1 36 11432
41 5 1 37 11436
41 5 1 38 11036
41 5 1 39 11540
41 5 1 40 11692
41 6 0 7 18
41 6 0 8 1552
41 6 0 9 32268
41 6 0 10 265016
41 6 0 11 1286604
41 6 0 12 4290744
41 6 0 13 11071454
41 6 0 14 23413800
41 6 0 15 42359858
41 6 0 16 67415140
41 6 0 17 97947532
41 6 0 18 131939966
41 6 0 19 167520430
41 6 0 20 201874766
41 6 0 21 231832020
41 6 0 22 252687258
41 6 0 23 268395386
41 6 0 24 279015880
41 6 0 25 285539458
41 6 0 26 287249828
41 6 0 27 285350682
41 6 0 28 279024624
41 6 0 29 269774066
41 6 0 30 256614032
41 6 0 31 241377174
41 6 0 32 222913524
41 6 0 33 203346748
41 6 0 34 181368272
41 6 0 35 159498780
41 6 0 36 136203548
41 6 0 37 114077648
41 6 0 38 91386072
41 6 0 39 70012186
41 6 0 40 46837444
41 6 0 41 20448494
41 6 1 11 12
41 6 1 12 532
41 6 1 13 3680
41 6 1 14 12444
41 6 1 15 28884
41 6 1 16 54592
41 6 1 17 90032
41 6 1 18 135812
41 6 1 19 190980
41 6 1 20 257656
41 6 1 21 327772
41 6 1 22 378130
41 6 1 23 421656
41 6 1 24 460044
41 6 1 25 490996
41 6 1 26 516952
41 6 1 27 535348
41 6 1 28 548800
41 6 1 29 554520
41 6 1 30 555472
41 6 1 31 548468
41 6 1 32 536760
41 6 1 33 517076
41 6 1 34 492640
41 6 1 35 459640
41 6 1 36 422724
41 6 1 37 380578
41 6 1 38 332348
41 6 1 39 292356
41 6 1 40 235748
41 6 2 21 4
41 6 2 22 4
41 6 2 23 4
41 6 2 24 4
41 6 2 25 4
41 6 2 26 4
41 6 2 27 4
41 6 2 28 4
41 6 2 29 4
41 6 2 30 4
41 6 2 31 4
41 6 2 32 4
41 6 2 33 4
41 6 2 34 4
41 6 2 35 4
41 6 2 36 4
41 6 2 37 4
41 6 2 38 4
41 6 2 39 80
41 6 2 40 152
42 0 0 42 2
42 1 0 22 4
42 1 0 23 4
42 1 0 24 4
42 1 0 25 4
42 1 0 26 4
42 1 0 27 4
42 1 0 28 4
42 1 0 29 4
42 1 0 30 4
42 1 0 31 4
42 1 0 32 4
42 1 0 33 4
42 1 0 34 4
42 1 0 35 4
42 1 0 36 4
42 1 0 37 4
42 1 0 38 4
42 1 0 39 4
42 1 0 40 4
42 1 0 41 4
42 1 0 42 80
42 2 0 15 4
42 2 0 16 20
42 2 0 17 28
42 2 0 18 50
42 2 0 19 52
42 2 0 20 80
42 2 0 21 78
42 2 0 22 246
42 2 0 23 236
42 2 0 24 276
42 2 0 25 260
42 2 0 26 306
42 2 0 27 284
42 2 0 28 336
42 2 0 29 308
42 2 0 30 366
42 2 0 31 332
42 2 0 32 396
42 2 0 33 356
42 2 0 34 426
42 2 0 35 380
42 2 0 36 456
42 2 0 37 404
42 2 0 38 486
42 2 0 39 432
42 2 0 40 520
42 2 0 41 542
42 2 0 42 1720
42 3 0 12 20
42 3 0 13 100
42 3 0 14 244
42 3 0 15 552
42 3 0 16 1212
42 3 0 17 1972
42 3 0 18 3268
42 3 0 19 4496
42 3 0 20 6504
42 3 0 21 8344
42 3 0 22 11986
42 3 0 23 12504
42 3 0 24 13904
42 3 0 25 14040
42 3 0 26 15424
42 3 0 27 15224
42 3 0 28 16604
42 3 0 29 16056
42 3 0 30 17444
42 3 0 31 16536
42 3 0 32 17944
42 3 0 33 16664
42 3 0 34 18104
42 3 0 35 16440
42 3 0 36 17920
42 3 0 37 15992
42 3 0 38 17552
42 3 0 39 15624
42 3 0 40 17580
42 3 0 41 18018
42 3 0 42 25844
42 4 0 10 54
42 4 0 11 402
42 4 0 12 1978
42 4 0 13 6220
42 4 0 14 16814
42 4 0 15 35938
42 4 0 16 67338
42 4 0 17 104420
42 4 0 18 155852
42 4 0 19 208630
42 4 0 20 277298
42 4 0 21 347101
42 4 0 22 428245
42 4 0 23 459146
42 4 0 24 499166
42 4 0 25 517044
42 4 0 26 548936
42 4 0 27 554958
42 4 0 28 578966
42 4 0 29 573044
42 4 0 30 589512
42 4 0 31 571618
42 4 0 32 580684
42 4 0 33 550812
42 4 0 34 552796
42 4 0 35 510946
42 4 0 36 505914
42 4 0 37 455324
42 4 0 38 444678
42 4 0 39 391022
42 4 0 40 382456
42 4 0 41 350282
42 4 0 42 301498
42 4 1 22 12
42 4 1 23 28
42 4 1 24 44
42 4 1 25 60
42 4 1 26 76
42 4 1 27 92
42 4 1 28 108
42 4 1 29 124
42 4 1 30 140
42 4 1 31 156
42 4 1 32 172
42 4 1 33 188
42 4 1 34 204
42 4 1 35 220
42 4 1 36 236
42 4 1 37 252
42 4 1 38 268
42 4 1 39 284
42 4 1 40 304
42 4 1 41 320
42 5 0 8 4
42 5 0 9 336
42 5 0 10 4080
42 5 0 11 25780
42 5 0 12 105688
42 5 0 13 303152
42 5 0 14 702200
42 5 0 15 1388680
42 5 0 16 2392216
42 5 0 17 3675324
42 5 0 18 5247132
42 5 0 19 6960608
42 5 0 20 8822920
42 5 0 21 10638942
42 5 0 22 12202010
42 5 0 23 13160982
42 5 0 24 14015052
42 5 0 25 14558634
42 5 0 26 15053308
42 5 0 27 15214746
42 5 0 28 15367592
42 5 0 29 15166454
42 5 0 30 15005736
42 5 0 31 14471546
42 5 0 32 14030668
42 5 0 33 13203942
42 5 0 34 12528320
42 5 0 35 11459018
42 5 0 36 10606856
42 5 0 37 9387390
42 5 0 38 8429920
42 5 0 39 7162902
42 5 0 40 6176588
42 5 0 41 4871670
42 5 0 42 2888152
42 5 1 15 24
42 5 1 16 232
42 5 1 17 688
42 5 1 18 1444
42 5 1 19 2428
42 5 1 20 3736
42 5 1 21 5246
42 5 1 22 6472
42 5 1 23 7376
42 5 1 24 8300
42 5 1 25 9028
42 5 1 26 9800
42 5 1 27 10352
42 5 1 28 10972
42 5 1 29 11348
42 5 1 30 11816
42 5 1 31 12016
42 5 1 32 12332
42 5 1 33 12356
42 5 1 34 12520
42 5 1 35 12368
42 5 1 36 12380
42 5 1 37 12052
42 5 1 38 12052
42 5 1 39 11638
42 5 1 40 12156
42 5 1 41 12312
42 6 0 7 4
42 6 0 8 1008
42 6 0 9 21134
42 6 0 10 201750
42 6 0 11 1030458
42 6 0 12 3669480
42 6 0 13 9838892
42 6 0 14 21651538
42 6 0 15 40489870
42 6 0 16 66418718
42 6 0 17 98582406
42 6 0 18 135688640
42 6 0 19 175119038
42 6 0 20 214837842
42 6 0 21 251427216
42 6 0 22 280057836
42 6 0 23 300081688
42 6 0 24 315229146
42 6 0 25 324826942
42 6 0 26 330122594
42 6 0 27 330116096
42 6 0 28 326389962
42 6 0 29 317791418
42 6 0 30 306258034
42 6 0 31 290411542
42 6 0 32 272577842
42 6 0 33 251162834
42 6 0 34 228834040
42 6 0 35 203792354
42 6 0 36 179159590
42 6 0 37 152876712
42 6 0 38 128138346
42 6 0 39 102695136
42 6 0 40 78936412
42 6 0 41 53096412
42 6 0 42 23518466
42 6 1 12 260
42 6 1 13 2480
42 6 1 14 9552
42 6 1 15 24160
42 6 1 16 47500
42 6 1 17 81328
42 6 1 18 125084
42 6 1 19 179540
42 6 1 20 243936
42 6 1 21 321220
42 6 1 22 382630
42 6 1 23 433036
42 6 1 24 476116
42 6 1 25 513940
42 6 1 26 544044
42 6 1 27 569024
42 6 1 28 586168
42 6 1 29 598232
42 6 1 30 602292
42 6 1 31 601448
42 6 1 32 592376
42 6 1 33 578460
42 6 1 34 556304
42 6 1 35 529248
42 6 1 36 493352
42 6 1 37 453416
42 6 1 38 408216
42 6 1 39 356674
42 6 1 40 314240
42 6 1 41 254432
42 6 2 21 2
42 6 2 22 4
42 6 2 23 4
42 6 2 24 4
42 6 2 25 4
42 6 2 26 4
42 6 2 27 4
42 6 2 28 4
42 6 2 29 4
42 6 2 30 4
42 6 2 31 4
42 6 2 32 4
42 6 2 33 4
42 6 2 34 4
42 6 2 35 4
42 6 2 36 4
42 6 2 37 4
42 6 2 38 4
42 6 2 39 4
42 6 2 40 82
42 6 2 41 156
43 0 0 43 2
43 1 0 22 2
43 1 0 23 4
43 1 0 24 4
43 1 0 25 4
43 1 0 26 4
43 1 0 27 4
43 1 0 28 4
43 1 0 29 4
43 1 0 30 4
43 1 0 31 4
43 1 0 32 4
43 1 0 33 4
43 1 0 34 4
43 1 0 35 4
43 1 0 36 4
43 1 0 37 4
43 1 0 38 4
43 1 0 39 4
43 1 0 40 4
43 1 0 41 4
43 1 0 42 4
43 1 0 43 82
43 2 0 15 2
43 2 0 16 12
43 2 0 17 30
43 2 0 18 36
43 2 0 19 60
43 2 0 20 60
43 2 0 21 90
43 2 0 22 156
43 2 0 23 260
43 2 0 24 248
43 2 0 25 290
43 2 0 26 272
43 2 0 27 320
43 2 0 28 296
43 2 0 29 350
43 2 0 30 320
43 2 0 31 380
43 2 0 32 344
43 2 0 33 410
43 2 0 34 368
43 2 0 35 440
43 2 0 36 392
43 2 0 37 470
43 2 0 38 416
43 2 0 39 500
43 2 0 40 444
43 2 0 41 534
43 2 0 42 556
43 2 0 43 1804
43 3 0 12 12
43 3 0 13 76
43 3 0 14 204
43 3 0 15 444
43 3 0 16 960
43 3 0 17 1820
43 3 0 18 2744
43 3 0 19 4296
43 3 0 20 5684
43 3 0 21 7960
43 3 0 22 10682
43 3 0 23 13096
43 3 0 24 13576
43 3 0 25 15030
43 3 0 26 15076
43 3 0 27 16522
43 3 0 28 16224
43 3 0 29 17674
43 3 0 30 17020
43 3 0 31 18486
43 3 0 32 17464
43 3 0 33 18958
43 3 0 34 17556
43 3 0 35 19090
43 3 0 36 17296
43 3 0 37 18878
43 3 0 38 16816
43 3 0 39 18486
43 3 0 40 16428
43 3 0 41 18510
43 3 0 42 18960
43 3 0 43 27720
43 4 0 10 24
43 4 0 11 316
43 4 0 12 1380
43 4 0 13 5166
43 4 0 14 13340
43 4 0 15 31298
43 4 0 16 58504
43 4 0 17 98394
43 4 0 18 143160
43 4 0 19 203392
43 4 0 20 263040
43 4 0 21 340910
43 4 0 22 422520
43 4 0 23 484442
43 4 0 24 513652
43 4 0 25 554356
43 4 0 26 570140
43 4 0 27 602606
43 4 0 28 606080
43 4 0 29 630560
43 4 0 30 621624
43 4 0 31 638474
43 4 0 32 617092
43 4 0 33 626452
43 4 0 34 592612
43 4 0 35 594812
43 4 0 36 548508
43 4 0 37 543612
43 4 0 38 488308
43 4 0 39 477766
43 4 0 40 419512
43 4 0 41 411564
43 4 0 42 377608
43 4 0 43 330622
43 4 1 22 4
43 4 1 23 20
43 4 1 24 36
43 4 1 25 52
43 4 1 26 68
43 4 1 27 84
43 4 1 28 100
43 4 1 29 116
43 4 1 30 132
43 4 1 31 148
43 4 1 32 164
43 4 1 33 180
43 4 1 34 196
43 4 1 35 212
43 4 1 36 228
43 4 1 37 244
43 4 1 38 260
43 4 1 39 276
43 4 1 40 292
43 4 1 41 312
43 4 1 42 328
43 5 0 8 2
43 5 0 9 220
43 5 0 10 2866
43 5 0 11 19274
43 5 0 12 83830
43 5 0 13 256794
43 5 0 14 611378
43 5 0 15 1255646
43 5 0 16 2222704
43 5 0 17 3528094
43 5 0 18 5102598
43 5 0 19 6946542
43 5 0 20 8874958
43 5 0 21 10925852
43 5 0 22 12813258
43 5 0 23 14171384
43 5 0 24 15096136
43 5 0 25 15940110
43 5 0 26 16434752
43 5 0 27 16901480
43 5 0 28 16993348
43 5 0 29 17103104
43 5 0 30 16814124
43 5 0 31 16597864
43 5 0 32 15960048
43 5 0 33 15453478
43 5 0 34 14509960
43 5 0 35 13761112
43 5 0 36 12564476
43 5 0 37 11634126
43 5 0 38 10283296
43 5 0 39 9245870
43 5 0 40 7851352
43 5 0 41 6791922
43 5 0 42 5377484
43 5 0 43 3237910
43 5 1 15 8
43 5 1 16 128
43 5 1 17 516
43 5 1 18 1148
43 5 1 19 2088
43 5 1 20 3248
43 5 1 21 4740
43 5 1 22 6224
43 5 1 23 7292
43 5 1 24 8180
43 5 1 25 9096
43 5 1 26 9808
43 5 1 27 10572
43 5 1 28 11108
43 5 1 29 11720
43 5 1 30 12080
43 5 1 31 12540
43 5 1 32 12724
43 5 1 33 13032
43 5 1 34 13040
43 5 1 35 13196
43 5 1 36 13028
43 5 1 37 13032
43 5 1 38 12688
43 5 1 39 12684
43 5 1 40 12256
43 5 1 41 12788
43 5 1 42 12948
43 6 0 7 2
43 6 0 8 508
43 6 0 9 14502
43 6 0 10 146924
43 6 0 11 827928
43 6 0 12 3081658
43 6 0 13 8702976
43 6 0 14 19776294
43 6 0 15 38365242
43 6 0 16 64714894
43 6 0 17 98510524
43 6 0 18 138128698
43 6 0 19 181757100
43 6 0 20 226270428
43 6 0 21 269529989
43 6 0 22 306636282
43 6 0 23 333307843
43 6 0 24 352778556
43 6 0 25 367192568
43 6 0 26 375478612
43 6 0 27 379288878
43 6 0 28 377263824
43 6 0 29 371447134
43 6 0 30 360267200
43 6 0 31 346186916
43 6 0 32 327343416
43 6 0 33 306653384
43 6 0 34 281980684
43 6 0 35 256640506
43 6 0 36 228239372
43 6 0 37 200610048
43 6 0 38 171063076
43 6 0 39 143500190
43 6 0 40 115057892
43 6 0 41 88730176
43 6 0 42 60001856
43 6 0 43 26958386
43 6 1 12 116
43 6 1 13 1596
43 6 1 14 7168
43 6 1 15 19784
43 6 1 16 41072
43 6 1 17 72480
43 6 1 18 114876
43 6 1 19 167376
43 6 1 20 231076
43 6 1 21 305600
43 6 1 22 385052
43 6 1 23 440562
43 6 1 24 490836
43 6 1 25 533364
43 6 1 26 570512
43 6 1 27 599656
43 6 1 28 623548
43 6 1 29 639328
43 6 1 30 649892
43 6 1 31 652180
43 6 1 32 649428
43 6 1 33 638176
43 6 1 34 621940
43 6 1 35 597200
43 6 1 36 567412
43 6 1 37 528508
43 6 1 38 485440
43 6 1 39 437082
43 6 1 40 382120
43 6 1 41 337172
43 6 1 42 274076
43 6 2 22 4
43 6 2 23 4
43 6 2 24 4
43 6 2 25 4
43 6 2 26 4
43 6 2 27 4
43 6 2 28 4
43 6 2 29 4
43 6 2 30 4
43 6 2 31 4
43 6 2 32 4
43 6 2 33 4
43 6 2 34 4
43 6 2 35 4
43 6 2 36 4
43 6 2 37 4
43 6 2 38 4
43 6 2 39 4
43 6 2 40 4
43 6 2 41 84
43 6 2 42 160
44 0 0 44 2
44 1 0 23 4
44 1 0 24 4
44 1 0 25 4
44 1 0 26 4
44 1 0 27 4
44 1 0 28 4
44 1 0 29 4
44 1 0 30 4
44 1 0 31 4
44 1 0 32 4
44 1 0 33 4
44 1 0 34 4
44 1 0 35 4
44 1 0 36 4
44 1 0 37 4
44 1 0 38 4
44 1 0 39 4
44 1 0 40 4
44 1 0 41 4
44 1 0 42 4
44 1 0 43 4
44 1 0 44 84
44 2 0 16 10
44 2 0 17 20
44 2 0 18 40
44 2 0 19 44
44 2 0 20 70
44 2 0 21 68
44 2 0 22 102
44 2 0 23 236
44 2 0 24 274
44 2 0 25 260
44 2 0 26 304
44 2 0 27 284
44 2 0 28 334
44 2 0 29 308
44 2 0 30 364
44 2 0 31 332
44 2 0 32 394
44 2 0 33 356
44 2 0 34 424
44 2 0 35 380
44 2 0 36 454
44 2 0 37 404
44 2 0 38 484
44 2 0 39 428
44 2 0 40 514
44 2 0 41 456
44 2 0 42 548
44 2 0 43 570
44 2 0 44 1890
44 3 0 12 4
44 3 0 13 52
44 3 0 14 164
44 3 0 15 344
44 3 0 16 820
44 3 0 17 1472
44 3 0 18 2572
44 3 0 19 3660
44 3 0 20 5472
44 3 0 21 7020
44 3 0 22 9716
44 3 0 23 12790
44 3 0 24 14376
44 3 0 25 14668
44 3 0 26 16180
44 3 0 27 16132
44 3 0 28 17644
44 3 0 29 17244
44 3 0 30 18768
44 3 0 31 18004
44 3 0 32 19552
44 3 0 33 18412
44 3 0 34 19996
44 3 0 35 18468
44 3 0 36 20100
44 3 0 37 18172
44 3 0 38 19860
44 3 0 39 17660
44 3 0 40 19444
44 3 0 41 17252
44 3 0 42 19464
44 3 0 43 19926
44 3 0 44 29684
44 4 0 10 14
44 4 0 11 196
44 4 0 12 1090
44 4 0 13 3780
44 4 0 14 11314
44 4 0 15 25330
44 4 0 16 52880
44 4 0 17 87326
44 4 0 18 136658
44 4 0 19 189028
44 4 0 20 258208
44 4 0 21 324946
44 4 0 22 415904
44 4 0 23 493320
44 4 0 24 544528
44 4 0 25 570838
44 4 0 26 612266
44 4 0 27 625740
44 4 0 28 658828
44 4 0 29 659530
44 4 0 30 684538
44 4 0 31 672356
44 4 0 32 689652
44 4 0 33 664542
44 4 0 34 674268
44 4 0 35 636212
44 4 0 36 638708
44 4 0 37 587694
44 4 0 38 583022
44 4 0 39 522748
44 4 0 40 512406
44 4 0 41 449310
44 4 0 42 442102
44 4 0 43 406316
44 4 0 44 361786
44 4 1 23 12
44 4 1 24 28
44 4 1 25 44
44 4 1 26 60
44 4 1 27 76
44 4 1 28 92
44 4 1 29 108
44 4 1 30 124
44 4 1 31 140
44 4 1 32 156
44 4 1 33 172
44 4 1 34 188
44 4 1 35 204
44 4 1 36 220
44 4 1 37 236
44 4 1 38 252
44 4 1 39 268
44 4 1 40 284
44 4 1 41 300
44 4 1 42 320
44 4 1 43 336
44 5 0 9 112
44 5 0 10 1880
44 5 0 11 13940
44 5 0 12 65838
44 5 0 13 212904
44 5 0 14 533260
44 5 0 15 1115020
44 5 0 16 2062580
44 5 0 17 3332304
44 5 0 18 4966272
44 5 0 19 6830624
44 5 0 20 8939772
44 5 0 21 11067320
44 5 0 22 13297574
44 5 0 23 15043522
44 5 0 24 16304672
44 5 0 25 17183422
44 5 0 26 18012688
44 5 0 27 18449610
44 5 0 28 18884120
44 5 0 29 18897454
44 5 0 30 18959996
44 5 0 31 18574018
44 5 0 32 18298248
44 5 0 33 17547458
44 5 0 34 16971372
44 5 0 35 15901526
44 5 0 36 15075776
44 5 0 37 13742086
44 5 0 38 12730012
44 5 0 39 11238226
44 5 0 40 10117476
44 5 0 41 8586438
44 5 0 42 7451396
44 5 0 43 5921476
44 5 0 44 3620376
44 5 1 16 68
44 5 1 17 348
44 5 1 18 920
44 5 1 19 1728
44 5 1 20 2852
44 5 1 21 4188
44 5 1 22 5862
44 5 1 23 7068
44 5 1 24 8128
44 5 1 25 9000
44 5 1 26 9908
44 5 1 27 10604
44 5 1 28 11360
44 5 1 29 11880
44 5 1 30 12484
44 5 1 31 12828
44 5 1 32 13280
44 5 1 33 13448
44 5 1 34 13748
44 5 1 35 13740
44 5 1 36 13888
44 5 1 37 13704
44 5 1 38 13700
44 5 1 39 13340
44 5 1 40 13332
44 5 1 41 12890
44 5 1 42 13436
44 5 1 43 13600
44 6 0 8 322
44 6 0 9 9104
44 6 0 10 109076
44 6 0 11 647910
44 6 0 12 2583980
44 6 0 13 7582418
44 6 0 14 17974004
44 6 0 15 35875198
44 6 0 16 62605556
44 6 0 17 97409880
44 6 0 18 139682940
44 6 0 19 186804062
44 6 0 20 236715890
44 6 0 21 285772860
44 6 0 22 331647112
44 6 0 23 366835786
44 6 0 24 392560964
44 6 0 25 411184962
44 6 0 26 424599034
44 6 0 27 431261696
44 6 0 28 433312988
44 6 0 29 428945962
44 6 0 30 420760122
44 6 0 31 406669012
44 6 0 32 389763832
44 6 0 33 367592748
44 6 0 34 343774048
44 6 0 35 315518168
44 6 0 36 286905466
44 6 0 37 254830380
44 6 0 38 223960498
44 6 0 39 190855966
44 6 0 40 160246842
44 6 0 41 128542680
44 6 0 42 99453928
44 6 0 43 67602142
44 6 0 44 30802572
44 6 1 12 36
44 6 1 13 956
44 6 1 14 5216
44 6 1 15 15880
44 6 1 16 34972
44 6 1 17 64252
44 6 1 18 104288
44 6 1 19 155680
44 6 1 20 217352
44 6 1 21 290980
44 6 1 22 376684
44 6 1 23 446202
44 6 1 24 501672
44 6 1 25 551560
44 6 1 26 593424
44 6 1 27 629784
44 6 1 28 657856
44 6 1 29 680548
44 6 1 30 694852
44 6 1 31 703804
44 6 1 32 704208
44 6 1 33 699436
44 6 1 34 685892
44 6 1 35 667224
44 6 1 36 639788
44 6 1 37 607156
44 6 1 38 565132
44 6 1 39 518820
44 6 1 40 467200
44 6 1 41 408710
44 6 1 42 361176
44 6 1 43 294704
44 6 2 22 2
44 6 2 23 4
44 6 2 24 4
44 6 2 25 4
44 6 2 26 4
44 6 2 27 4
44 6 2 28 4
44 6 2 29 4
44 6 2 30 4
44 6 2 31 4
44 6 2 32 4
44 6 2 33 4
44 6 2 34 4
44 6 2 35 4
44 6 2 36 4
44 6 2 37 4
44 6 2 38 4
44 6 2 39 4
44 6 2 40 4
44 6 2 41 4
44 6 2 42 86
44 6 2 43 164
45 0 0 45 2
45 1 0 23 2
45 1 0 24 4
45 1 0 25 4
45 1 0 26 4
45 1 0 27 4
45 1 0 28 4
45 1 0 29 4
45 1 0 30 4
45 1 0 31 4
45 1 0 32 4
45 1 0 33 4
45 1 0 34 4
45 1 0 35 4
45 1 0 36 4
45 1 0 37 4
45 1 0 38 4
45 1 0 39 4
45 1 0 40 4
45 1 0 41 4
45 1 0 42 4
45 1 0 43 4
45 1 0 44 4
45 1 0 45 86
45 2 0 16 4
45 2 0 17 20
45 2 0 18 28
45 2 0 19 50
45 2 0 20 52
45 2 0 21 80
45 2 0 22 76
45 2 0 23 186
45 2 0 24 248
45 2 0 25 288
45 2 0 26 272
45 2 0 27 318
45 2 0 28 296
45 2 0 29 348
45 2 0 30 320
45 2 0 31 378
45 2 0 32 344
45 2 0 33 408
45 2 0 34 368
45 2 0 35 438
45 2 0 36 392
45 2 0 37 468
45 2 0 38 416
45 2 0 39 498
45 2 0 40 440
45 2 0 41 528
45 2 0 42 468
45 2 0 43 562
45 2 0 44 584
45 2 0 45 1978
45 3 0 12 2
45 3 0 13 36
45 3 0 14 132
45 3 0 15 292
45 3 0 16 624
45 3 0 17 1332
45 3 0 18 2124
45 3 0 19 3480
45 3 0 20 4728
45 3 0 21 6804
45 3 0 22 8508
45 3 0 23 12304
45 3 0 24 13892
45 3 0 25 15578
45 3 0 26 15780
45 3 0 27 17354
45 3 0 28 17208
45 3 0 29 18790
45 3 0 30 18284
45 3 0 31 19886
45 3 0 32 19008
45 3 0 33 20642
45 3 0 34 19380
45 3 0 35 21058
45 3 0 36 19400
45 3 0 37 21134
45 3 0 38 19068
45 3 0 39 20866
45 3 0 40 18524
45 3 0 41 20426
45 3 0 42 18096
45 3 0 43 20442
45 3 0 44 20916
45 3 0 45 31738
45 4 0 10 4
45 4 0 11 146
45 4 0 12 744
45 4 0 13 3116
45 4 0 14 8772
45 4 0 15 21924
45 4 0 16 44472
45 4 0 17 81106
45 4 0 18 123524
45 4 0 19 182620
45 4 0 20 242440
45 4 0 21 320802
45 4 0 22 395158
45 4 0 23 501881
45 4 0 24 554460
45 4 0 25 606488
45 4 0 26 630732
45 4 0 27 672930
45 4 0 28 683872
45 4 0 29 717636
45 4 0 30 715336
45 4 0 31 740934
45 4 0 32 725268
45 4 0 33 743080
45 4 0 34 713996
45 4 0 35 724166
45 4 0 36 681640
45 4 0 37 684518
45 4 0 38 628532
45 4 0 39 624178
45 4 0 40 558672
45 4 0 41 548632
45 4 0 42 480444
45 4 0 43 474104
45 4 0 44 436440
45 4 0 45 395082
45 4 1 23 4
45 4 1 24 20
45 4 1 25 36
45 4 1 26 52
45 4 1 27 68
45 4 1 28 84
45 4 1 29 100
45 4 1 30 116
45 4 1 31 132
45 4 1 32 148
45 4 1 33 164
45 4 1 34 180
45 4 1 35 196
45 4 1 36 212
45 4 1 37 228
45 4 1 38 244
45 4 1 39 260
45 4 1 40 276
45 4 1 41 292
45 4 1 42 308
45 4 1 43 328
45 4 1 44 344
45 5 0 9 70
45 5 0 10 1308
45 5 0 11 10296
45 5 0 12 50824
45 5 0 13 176778
45 5 0 14 457452
45 5 0 15 993358
45 5 0 16 1877622
45 5 0 17 3150844
45 5 0 18 4754916
45 5 0 19 6724208
45 5 0 20 8867210
45 5 0 21 11227740
45 5 0 22 13537210
45 5 0 23 15873758
45 5 0 24 17340058
45 5 0 25 18591976
45 5 0 26 19427708
45 5 0 27 20237844
45 5 0 28 20607872
45 5 0 29 21005896
45 5 0 30 20931332
45 5 0 31 20942546
45 5 0 32 20450008
45 5 0 33 20110776
45 5 0 34 19237252
45 5 0 35 18587848
45 5 0 36 17381720
45 5 0 37 16475420
45 5 0 38 14994532
45 5 0 39 13897232
45 5 0 40 12254480
45 5 0 41 11047078
45 5 0 42 9370104
45 5 0 43 8157030
45 5 0 44 6505508
45 5 0 45 4037762
45 5 1 16 24
45 5 1 17 232
45 5 1 18 688
45 5 1 19 1444
45 5 1 20 2428
45 5 1 21 3736
45 5 1 22 5248
45 5 1 23 6896
45 5 1 24 7928
45 5 1 25 8980
45 5 1 26 9836
45 5 1 27 10736
45 5 1 28 11416
45 5 1 29 12164
45 5 1 30 12668
45 5 1 31 13264
45 5 1 32 13592
45 5 1 33 14036
45 5 1 34 14188
45 5 1 35 14480
45 5 1 36 14456
45 5 1 37 14596
45 5 1 38 14396
45 5 1 39 14384
45 5 1 40 14008
45 5 1 41 13996
45 5 1 42 13540
45 5 1 43 14100
45 5 1 44 14268
45 6 0 8 144
45 6 0 9 6176
45 6 0 10 76524
45 6 0 11 511680
45 6 0 12 2122952
45 6 0 13 6590440
45 6 0 14 16127724
45 6 0 15 33350464
45 6 0 16 59843276
45 6 0 17 95733410
45 6 0 18 139840924
45 6 0 19 190828392
45 6 0 20 245270586
45 6 0 21 301024802
45 6 0 22 353883466
45 6 0 23 400398590
45 6 0 24 432834316
45 6 0 25 458081220
45 6 0 26 475636452
45 6 0 27 487770012
45 6 0 28 492474472
45 6 0 29 492476994
45 6 0 30 485422236
45 6 0 31 474573548
45 6 0 32 457219976
45 6 0 33 437197906
45 6 0 34 411348016
45 6 0 35 384115392
45 6 0 36 351931068
45 6 0 37 319772856
45 6 0 38 283690424
45 6 0 39 249325206
45 6 0 40 212352020
45 6 0 41 178465208
45 6 0 42 143220508
45 6 0 43 111170764
45 6 0 44 75947964
45 6 0 45 35087636
45 6 1 12 12
45 6 1 13 532
45 6 1 14 3680
45 6 1 15 12448
45 6 1 16 29532
45 6 1 17 56164
45 6 1 18 94316
45 6 1 19 143416
45 6 1 20 204232
45 6 1 21 275652
45 6 1 22 360132
45 6 1 23 447644
45 6 1 24 510590
45 6 1 25 565836
45 6 1 26 615232
45 6 1 27 656320
45 6 1 28 691780
45 6 1 29 718668
45 6 1 30 740048
45 6 1 31 752764
45 6 1 32 759992
45 6 1 33 758400
45 6 1 34 751496
45 6 1 35 735548
45 6 1 36 714336
45 6 1 37 684092
45 6 1 38 648504
45 6 1 39 603248
45 6 1 40 553580
45 6 1 41 498594
45 6 1 42 436468
45 6 1 43 386276
45 6 1 44 316340
45 6 2 23 4
45 6 2 24 4
45 6 2 25 4
45 6 2 26 4
45 6 2 27 4
45 6 2 28 4
45 6 2 29 4
45 6 2 30 4
45 6 2 31 4
45 6 2 32 4
45 6 2 33 4
45 6 2 34 4
45 6 2 35 4
45 6 2 36 4
45 6 2 37 4
45 6 2 38 4
45 6 2 39 4
45 6 2 40 4
45 6 2 41 4
45 6 2 42 4
45 6 2 43 88
45 6 2 44 168
46 0 0 46 2
46 1 0 24 4
46 1 0 25 4
46 1 0 26 4
46 1 0 27 4
46 1 0 28 4
46 1 0 29 4
46 1 0 30 4
46 1 0 31 4
46 1 0 32 4
46 1 0 33 4
46 1 0 34 4
46 1 0 35 4
46 1 0 36 4
46 1 0 37 4
46 1 0 38 4
46 1 0 39 4
46 1 0 40 4
46 1 0 41 4
46 1 0 42 4
46 1 0 43 4
46 1 0 44 4
46 1 0 45 4
46 1 0 46 88
46 2 0 16 2
46 2 0 17 12
46 2 0 18 30
46 2 0 19 36
46 2 0 20 60
46 2 0 21 60
46 2 0 22 90
46 2 0 23 86
46 2 0 24 272
46 2 0 25 260
46 2 0 26 302
46 2 0 27 284
46 2 0 28 332
46 2 0 29 308
46 2 0 30 362
46 2 0 31 332
46 2 0 32 392
46 2 0 33 356
46 2 0 34 422
46 2 0 35 380
46 2 0 36 452
46 2 0 37 404
46 2 0 38 482
46 2 0 39 428
46 2 0 40 512
46 2 0 41 452
46 2 0 42 542
46 2 0 43 480
46 2 0 44 576
46 2 0 45 598
46 2 0 46 2068
46 3 0 13 20
46 3 0 14 100
46 3 0 15 244
46 3 0 16 504
46 3 0 17 1056
46 3 0 18 1968
46 3 0 19 2920
46 3 0 20 4536
46 3 0 21 5940
46 3 0 22 8288
46 3 0 23 10300
46 3 0 24 14650
46 3 0 25 15168
46 3 0 26 16804
46 3 0 27 16912
46 3 0 28 18552
46 3 0 29 18304
46 3 0 30 19960
46 3 0 31 19344
46 3 0 32 21028
46 3 0 33 20032
46 3 0 34 21756
46 3 0 35 20368
46 3 0 36 22144
46 3 0 37 20352
46 3 0 38 22192
46 3 0 39 19984
46 3 0 40 21896
46 3 0 41 19408
46 3 0 42 21432
46 3 0 43 18960
46 3 0 44 21444
46 3 0 45 21930
46 3 0 46 33884
46 4 0 10 2
46 4 0 11 80
46 4 0 12 596
46 4 0 13 2204
46 4 0 14 7354
46 4 0 15 17596
46 4 0 16 39014
46 4 0 17 70536
46 4 0 18 116536
46 4 0 19 167322
46 4 0 20 236222
46 4 0 21 303436
46 4 0 22 391444
46 4 0 23 477527
46 4 0 24 582513
46 4 0 25 619680
46 4 0 26 671404
46 4 0 27 693362
46 4 0 28 736382
46 4 0 29 744564
46 4 0 30 779064
46 4 0 31 773526
46 4 0 32 799782
46 4 0 33 780388
46 4 0 34 798792
46 4 0 35 765482
46 4 0 36 776180
46 4 0 37 728924
46 4 0 38 732276
46 4 0 39 671050
46 4 0 40 667114
46 4 0 41 596108
46 4 0 42 586478
46 4 0 43 512942
46 4 0 44 507604
46 4 0 45 468014
46 4 0 46 430604
46 4 1 24 12
46 4 1 25 28
46 4 1 26 44
46 4 1 27 60
46 4 1 28 76
46 4 1 29 92
46 4 1 30 108
46 4 1 31 124
46 4 1 32 140
46 4 1 33 156
46 4 1 34 172
46 4 1 35 188
46 4 1 36 204
46 4 1 37 220
46 4 1 38 236
46 4 1 39 252
46 4 1 40 268
46 4 1 41 284
46 4 1 42 300
46 4 1 43 316
46 4 1 44 336
46 4 1 45 352
46 5 0 9 28
46 5 0 10 820
46 5 0 11 7244
46 5 0 12 38932
46 5 0 13 143064
46 5 0 14 392952
46 5 0 15 871584
46 5 0 16 1707108
46 5 0 17 2928292
46 5 0 18 4563004
46 5 0 19 6515756
46 5 0 20 8818184
46 5 0 21 11226920
46 5 0 22 13824776
46 5 0 23 16305302
46 5 0 24 18503664
46 5 0 25 19817334
46 5 0 26 21050952
46 5 0 27 21834090
46 5 0 28 22620680
46 5 0 29 22914238
46 5 0 30 23271520
46 5 0 31 23099286
46 5 0 32 23055076
46 5 0 33 22446002
46 5 0 34 22039380
46 5 0 35 21032942
46 5 0 36 20306448
46 5 0 37 18953658
46 5 0 38 17963196
46 5 0 39 16324534
46 5 0 40 15138548
46 5 0 41 13334394
46 5 0 42 12037060
46 5 0 43 10204330
46 5 0 44 8910888
46 5 0 45 7131486
46 5 0 46 4492376
46 5 1 16 8
46 5 1 17 128
46 5 1 18 516
46 5 1 19 1148
46 5 1 20 2088
46 5 1 21 3248
46 5 1 22 4740
46 5 1 23 6426
46 5 1 24 7788
46 5 1 25 8804
46 5 1 26 9848
46 5 1 27 10688
46 5 1 28 11580
46 5 1 29 12244
46 5 1 30 12984
46 5 1 31 13472
46 5 1 32 14060
46 5 1 33 14372
46 5 1 34 14808
46 5 1 35 14944
46 5 1 36 15228
46 5 1 37 15188
46 5 1 38 15320
46 5 1 39 15104
46 5 1 40 15084
46 5 1 41 14692
46 5 1 42 14676
46 5 1 43 14206
46 5 1 44 14780
46 5 1 45 14952
46 6 0 8 88
46 6 0 9 3706
46 6 0 10 55542
46 6 0 11 390414
46 6 0 12 1749442
46 6 0 13 5631976
46 6 0 14 14421678
46 6 0 15 30640716
46 6 0 16 56811720
46 6 0 17 93092302
46 6 0 18 139215828
46 6 0 19 193060300
46 6 0 20 252724138
46 6 0 21 314108540
46 6 0 22 375080272
46 6 0 23 430659452
46 6 0 24 474892202
46 6 0 25 505857934
46 6 0 26 530339978
46 6 0 27 546480028
46 6 0 28 557035110
46 6 0 29 559422734
46 6 0 30 557070412
46 6 0 31 546959192
46 6 0 32 533138786
46 6 0 33 512149338
46 6 0 34 488704320
46 6 0 35 458803126
46 6 0 36 427858338
46 6 0 37 391379898
46 6 0 38 355391282
46 6 0 39 314948586
46 6 0 40 276822414
46 6 0 41 235651232
46 6 0 42 198245492
46 6 0 43 159165096
46 6 0 44 123946480
46 6 0 45 85092398
46 6 0 46 39852582
46 6 1 13 260
46 6 1 14 2480
46 6 1 15 9556
46 6 1 16 24452
46 6 1 17 48812
46 6 1 18 84244
46 6 1 19 131716
46 6 1 20 190308
46 6 1 21 260976
46 6 1 22 342840
46 6 1 23 439252
46 6 1 24 515342
46 6 1 25 578324
46 6 1 26 633084
46 6 1 27 681876
46 6 1 28 722076
46 6 1 29 756524
46 6 1 30 782116
46 6 1 31 802072
46 6 1 32 813088
46 6 1 33 818480
46 6 1 34 814780
46 6 1 35 805632
46 6 1 36 787168
46 6 1 37 763300
46 6 1 38 730136
46 6 1 39 691480
46 6 1 40 642880
46 6 1 41 589744
46 6 1 42 531288
46 6 1 43 465418
46 6 1 44 412496
46 6 1 45 339008
46 6 2 23 2
46 6 2 24 4
46 6 2 25 4
46 6 2 26 4
46 6 2 27 4
46 6 2 28 4
46 6 2 29 4
46 6 2 30 4
46 6 2 31 4
46 6 2 32 4
46 6 2 33 4
46 6 2 34 4
46 6 2 35 4
46 6 2 36 4
46 6 2 37 4
46 6 2 38 4
46 6 2 39 4
46 6 2 40 4
46 6 2 41 4
46 6 2 42 4
46 6 2 43 4
46 6 2 44 90
46 6 2 45 172
47 0 0 47 2
47 1 0 24 2
47 1 0 25 4
47 1 0 26 4
47 1 0 27 4
47 1 0 28 4
47 1 0 29 4
47 1 0 30 4
47 1 0 31 4
47 1 0 32 4
47 1 0 33 4
47 1 0 34 4
47 1 0 35 4
47 1 0 36 4
47 1 0 37 4
47 1 0 38 4
47 1 0 39 4
47 1 0 40 4
47 1 0 41 4
47 1 0 42 4
47 1 0 43 4
47 1 0 44 4
47 1 0 45 4
47 1 0 46 4
47 1 0 47 90
47 2 0 17 10
47 2 0 18 20
47 2 0 19 40
47 2 0 20 44
47 2 0 21 70
47 2 0 22 68
47 2 0 23 100
47 2 0 24 172
47 2 0 25 286
47 2 0 26 272
47 2 0 27 316
47 2 0 28 296
47 2 0 29 346
47 2 0 30 320
47 2 0 31 376
47 2 0 32 344
47 2 0 33 406
47 2 0 34 368
47 2 0 35 436
47 2 0 36 392
47 2 0 37 466
47 2 0 38 416
47 2 0 39 496
47 2 0 40 440
47 2 0 41 526
47 2 0 42 464
47 2 0 43 556
47 2 0 44 492
47 2 0 45 590
47 2 0 46 612
47 2 0 47 2160
47 3 0 13 12
47 3 0 14 76
47 3 0 15 204
47 3 0 16 400
47 3 0 17 912
47 3 0 18 1600
47 3 0 19 2756
47 3 0 20 3868
47 3 0 21 5748
47 3 0 22 7304
47 3 0 23 9928
47 3 0 24 13016
47 3 0 25 15880
47 3 0 26 16356
47 3 0 27 18054
47 3 0 28 18064
47 3 0 29 19774
47 3 0 30 19420
47 3 0 31 21154
47 3 0 32 20424
47 3 0 33 22194
47 3 0 34 21076
47 3 0 35 22894
47 3 0 36 21376
47 3 0 37 23254
47 3 0 38 21324
47 3 0 39 23274
47 3 0 40 20920
47 3 0 41 22950
47 3 0 42 20312
47 3 0 43 22462
47 3 0 44 19844
47 3 0 45 22470
47 3 0 46 22968
47 3 0 47 36124
47 4 0 11 54
47 4 0 12 396
47 4 0 13 1814
47 4 0 14 5568
47 4 0 15 15184
47 4 0 16 31992
47 4 0 17 64186
47 4 0 18 103596
47 4 0 19 160044
47 4 0 20 219148
47 4 0 21 297910
47 4 0 22 372536
47 4 0 23 470984
47 4 0 24 572242
47 4 0 25 651544
47 4 0 26 686624
47 4 0 27 739310
47 4 0 28 758756
47 4 0 29 802656
47 4 0 30 807844
47 4 0 31 843146
47 4 0 32 834128
47 4 0 33 861116
47 4 0 34 837744
47 4 0 35 856822
47 4 0 36 819028
47 4 0 37 830344
47 4 0 38 778092
47 4 0 39 782016
47 4 0 40 715276
47 4 0 41 711864
47 4 0 42 635084
47 4 0 43 625978
47 4 0 44 546832
47 4 0 45 542636
47 4 0 46 501072
47 4 0 47 468448
47 4 1 24 4
47 4 1 25 20
47 4 1 26 36
47 4 1 27 52
47 4 1 28 68
47 4 1 29 84
47 4 1 30 100
47 4 1 31 116
47 4 1 32 132
47 4 1 33 148
47 4 1 34 164
47 4 1 35 180
47 4 1 36 196
47 4 1 37 212
47 4 1 38 228
47 4 1 39 244
47 4 1 40 260
47 4 1 41 276
47 4 1 42 292
47 4 1 43 308
47 4 1 44 324
47 4 1 45 344
47 4 1 46 360
47 5 0 9 16
47 5 0 10 564
47 5 0 11 5280
47 5 0 12 29512
47 5 0 13 116114
47 5 0 14 331466
47 5 0 15 769040
47 5 0 16 1524670
47 5 0 17 2725666
47 5 0 18 4304576
47 5 0 19 6330672
47 5 0 20 8629626
47 5 0 21 11254552
47 5 0 22 13908678
47 5 0 23 16729604
47 5 0 24 19300678
47 5 0 25 21194972
47 5 0 26 22461648
47 5 0 27 23686932
47 5 0 28 24407700
47 5 0 29 25166342
47 5 0 30 25373444
47 5 0 31 25685748
47 5 0 32 25405656
47 5 0 33 25301952
47 5 0 34 24565944
47 5 0 35 24088036
47 5 0 36 22938076
47 5 0 37 22130758
47 5 0 38 20620492
47 5 0 39 19542300
47 5 0 40 17734848
47 5 0 41 16456766
47 5 0 42 14480340
47 5 0 43 13089850
47 5 0 44 11091132
47 5 0 45 9715078
47 5 0 46 7801360
47 5 0 47 4986624
47 5 1 17 68
47 5 1 18 348
47 5 1 19 920
47 5 1 20 1728
47 5 1 21 2852
47 5 1 22 4188
47 5 1 23 5864
47 5 1 24 7508
47 5 1 25 8696
47 5 1 26 9696
47 5 1 27 10732
47 5 1 28 11556
47 5 1 29 12440
47 5 1 30 13088
47 5 1 31 13820
47 5 1 32 14292
47 5 1 33 14872
47 5 1 34 15168
47 5 1 35 15596
47 5 1 36 15716
47 5 1 37 15992
47 5 1 38 15936
47 5 1 39 16060
47 5 1 40 15828
47 5 1 41 15800
47 5 1 42 15392
47 5 1 43 15372
47 5 1 44 14888
47 5 1 45 15476
47 5 1 46 15652
47 6 0 8 32
47 6 0 9 2480
47 6 0 10 37552
47 6 0 11 302380
47 6 0 12 1409386
47 6 0 13 4813392
47 6 0 14 12719362
47 6 0 15 28060980
47 6 0 16 53278826
47 6 0 17 90037142
47 6 0 18 137210854
47 6 0 19 194319180
47 6 0 20 257977030
47 6 0 21 326051420
47 6 0 22 393777392
47 6 0 23 459141071
47 6 0 24 515114340
47 6 0 25 556062093
47 6 0 26 586176328
47 6 0 27 609714014
47 6 0 28 624070948
47 6 0 29 632732130
47 6 0 30 632419836
47 6 0 31 627390258
47 6 0 32 613830240
47 6 0 33 596714016
47 6 0 34 571692512
47 6 0 35 544504368
47 6 0 36 510157456
47 6 0 37 475189226
47 6 0 38 434029948
47 6 0 39 393914074
47 6 0 40 348738028
47 6 0 41 306574394
47 6 0 42 260856996
47 6 0 43 219681250
47 6 0 44 176452920
47 6 0 45 137849626
47 6 0 46 95090956
47 6 0 47 45138906
47 6 1 13 116
47 6 1 14 1596
47 6 1 15 7168
47 6 1 16 19920
47 6 1 17 41864
47 6 1 18 74920
47 6 1 19 119724
47 6 1 20 176944
47 6 1 21 245456
47 6 1 22 326560
47 6 1 23 419816
47 6 1 24 517812
47 6 1 25 586442
47 6 1 26 649272
47 6 1 27 703440
47 6 1 28 751516
47 6 1 29 790716
47 6 1 30 824040
47 6 1 31 848224
47 6 1 32 866644
47 6 1 33 875848
47 6 1 34 879292
47 6 1 35 873372
47 6 1 36 861868
47 6 1 37 840776
47 6 1 38 814140
47 6 1 39 777944
47 6 1 40 736108
47 6 1 41 684052
47 6 1 42 627336
47 6 1 43 565306
47 6 1 44 495584
47 6 1 45 439860
47 6 1 46 362732
47 6 2 24 4
47 6 2 25 4
47 6 2 26 4
47 6 2 27 4
47 6 2 28 4
47 6 2 29 4
47 6 2 30 4
47 6 2 31 4
47 6 2 32 4
47 6 2 33 4
47 6 2 34 4
47 6 2 35 4
47 6 2 36 4
47 6 2 37 4
47 6 2 38 4
47 6 2 39 4
47 6 2 40 4
47 6 2 41 4
47 6 2 42 4
47 6 2 43 4
47 6 2 44 4
47 6 2 45 92
47 6 2 46 176
48 0 0 48 2
48 1 0 25 4
48 1 0 26 4
48 1 0 27 4
48 1 0 28 4
48 1 0 29 4
48 1 0 30 4
48 1 0 31 4
48 1 0 32 4
48 1 0 33 4
48 1 0 34 4
48 1 0 35 4
48 1 0 36 4
48 1 0 37 4
48 1 0 38 4
48 1 0 39 4
48 1 0 40 4
48 1 0 41 4
48 1 0 42 4
48 1 0 43 4
48 1 0 44 4
48 1 0 45 4
48 1 0 46 4
48 1 0 47 4
48 1 0 48 92
48 2 0 17 4
48 2 0 18 20
48 2 0 19 28
48 2 0 20 50
48 2 0 21 52
48 2 0 22 80
48 2 0 23 76
48 2 0 24 112
48 2 0 25 260
48 2 0 26 300
48 2 0 27 284
48 2 0 28 330
48 2 0 29 308
48 2 0 30 360
48 2 0 31 332
48 2 0 32 390
48 2 0 33 356
48 2 0 34 420
48 2 0 35 380
48 2 0 36 450
48 2 0 37 404
48 2 0 38 480
48 2 0 39 428
48 2 0 40 510
48 2 0 41 452
48 2 0 42 540
48 2 0 43 476
48 2 0 44 570
48 2 0 45 504
48 2 0 46 604
48 2 0 47 626
48 2 0 48 2254
48 3 0 13 4
48 3 0 14 52
48 3 0 15 164
48 3 0 16 340
48 3 0 17 696
48 3 0 18 1452
48 3 0 19 2276
48 3 0 20 3692
48 3 0 21 4960
48 3 0 22 7108
48 3 0 23 8816
48 3 0 24 11884
48 3 0 25 15470
48 3 0 26 17296
48 3 0 27 17564
48 3 0 28 19328
48 3 0 29 19236
48 3 0 30 21020
48 3 0 31 20556
48 3 0 32 22372
48 3 0 33 21524
48 3 0 34 23384
48 3 0 35 22140
48 3 0 36 24056
48 3 0 37 22404
48 3 0 38 24388
48 3 0 39 22316
48 3 0 40 24380
48 3 0 41 21876
48 3 0 42 24028
48 3 0 43 21236
48 3 0 44 23516
48 3 0 45 20748
48 3 0 46 23520
48 3 0 47 24030
48 3 0 48 38460
48 4 0 11 24
48 4 0 12 316
48 4 0 13 1248
48 4 0 14 4614
48 4 0 15 11932
48 4 0 16 27932
48 4 0 17 54186
48 4 0 18 96454
48 4 0 19 144460
48 4 0 20 211680
48 4 0 21 278910
48 4 0 22 367714
48 4 0 23 450004
48 4 0 24 563722
48 4 0 25 660576
48 4 0 26 725114
48 4 0 27 756536
48 4 0 28 810240
48 4 0 29 826942
48 4 0 30 871786
48 4 0 31 873740
48 4 0 32 909916
48 4 0 33 897170
48 4 0 34 924970
48 4 0 35 897364
48 4 0 36 917204
48 4 0 37 874662
48 4 0 38 886692
48 4 0 39 829172
48 4 0 40 833772
48 4 0 41 761238
48 4 0 42 758462
48 4 0 43 675628
48 4 0 44 667166
48 4 0 45 582142
48 4 0 46 579234
48 4 0 47 535648
48 4 0 48 508712
48 4 1 25 12
48 4 1 26 28
48 4 1 27 44
48 4 1 28 60
48 4 1 29 76
48 4 1 30 92
48 4 1 31 108
48 4 1 32 124
48 4 1 33 140
48 4 1 34 156
48 4 1 35 172
48 4 1 36 188
48 4 1 37 204
48 4 1 38 220
48 4 1 39 236
48 4 1 40 252
48 4 1 41 268
48 4 1 42 284
48 4 1 43 300
48 4 1 44 316
48 4 1 45 332
48 4 1 46 352
48 4 1 47 368
48 5 0 9 4
48 5 0 10 328
48 5 0 11 3616
48 5 0 12 22172
48 5 0 13 91566
48 5 0 14 279704
48 5 0 15 666060
48 5 0 16 1368680
48 5 0 17 2486888
48 5 0 18 4075596
48 5 0 19 6048916
48 5 0 20 8476288
48 5 0 21 11112380
48 5 0 22 14048448
48 5 0 23 16927772
48 5 0 24 19968302
48 5 0 25 22341216
48 5 0 26 24089656
48 5 0 27 25293322
48 5 0 28 26505496
48 5 0 29 27153706
48 5 0 30 27880020
48 5 0 31 27990262
48 5 0 32 28253380
48 5 0 33 27854818
48 5 0 34 27687584
48 5 0 35 26813814
48 5 0 36 26260764
48 5 0 37 24956238
48 5 0 38 24064408
48 5 0 39 22385410
48 5 0 40 21215972
48 5 0 41 19228266
48 5 0 42 17854736
48 5 0 43 15694726
48 5 0 44 14207920
48 5 0 45 12032562
48 5 0 46 10571752
48 5 0 47 8517124
48 5 0 48 5523012
48 5 1 17 24
48 5 1 18 232
48 5 1 19 688
48 5 1 20 1444
48 5 1 21 2428
48 5 1 22 3736
48 5 1 23 5248
48 5 1 24 7106
48 5 1 25 8440
48 5 1 26 9620
48 5 1 27 10604
48 5 1 28 11632
48 5 1 29 12440
48 5 1 30 13316
48 5 1 31 13948
48 5 1 32 14672
48 5 1 33 15128
48 5 1 34 15700
48 5 1 35 15980
48 5 1 36 16400
48 5 1 37 16504
48 5 1 38 16772
48 5 1 39 16700
48 5 1 40 16816
48 5 1 41 16568
48 5 1 42 16532
48 5 1 43 16108
48 5 1 44 16084
48 5 1 45 15586
48 5 1 46 16188
48 5 1 47 16368
48 6 0 8 18
48 6 0 9 1408
48 6 0 10 26832
48 6 0 11 224046
48 6 0 12 1144442
48 6 0 13 4035968
48 6 0 14 11199404
48 6 0 15 25380728
48 6 0 16 49753132
48 6 0 17 86083498
48 6 0 18 134608126
48 6 0 19 193705086
48 6 0 20 262107756
48 6 0 21 335389464
48 6 0 22 411412094
48 6 0 23 484686074
48 6 0 24 553285980
48 6 0 25 606071306
48 6 0 26 645442756
48 6 0 27 674325696
48 6 0 28 696592796
48 6 0 29 708772770
48 6 0 30 715207122
48 6 0 31 711786736
48 6 0 32 703741102
48 6 0 33 686315698
48 6 0 34 665564278
48 6 0 35 636091124
48 6 0 36 604825510
48 6 0 37 565615900
48 6 0 38 526299868
48 6 0 39 480051328
48 6 0 40 435499340
48 6 0 41 385196036
48 6 0 42 338707502
48 6 0 43 288076150
48 6 0 44 242869444
48 6 0 45 195163256
48 6 0 46 152951560
48 6 0 47 106001640
48 6 0 48 50990698
48 6 1 13 36
48 6 1 14 956
48 6 1 15 5216
48 6 1 16 15884
48 6 1 17 35628
48 6 1 18 65756
48 6 1 19 108436
48 6 1 20 163048
48 6 1 21 230444
48 6 1 22 309304
48 6 1 23 401552
48 6 1 24 507308
48 6 1 25 592486
48 6 1 26 661056
48 6 1 27 723464
48 6 1 28 776928
48 6 1 29 824176
48 6 1 30 862264
48 6 1 31 894352
48 6 1 32 917016
48 6 1 33 933788
48 6 1 34 941068
48 6 1 35 942452
48 6 1 36 934200
48 6 1 37 920228
48 6 1 38 896396
48 6 1 39 866880
48 6 1 40 827540
48 6 1 41 782412
48 6 1 42 726788
48 6 1 43 666380
48 6 1 44 600672
48 6 1 45 526990
48 6 1 46 468392
48 6 1 47 387536
48 6 2 24 2
48 6 2 25 4
48 6 2 26 4
48 6 2 27 4
48 6 2 28 4
48 6 2 29 4
48 6 2 30 4
48 6 2 31 4
48 6 2 32 4
48 6 2 33 4
48 6 2 34 4
48 6 2 35 4
48 6 2 36 4
48 6 2 37 4
48 6 2 38 4
48 6 2 39 4
48 6 2 40 4
48 6 2 41 4
48 6 2 42 4
48 6 2 43 4
48 6 2 44 4
48 6 2 45 4
48 6 2 46 94
48 6 2 47 180
49 0 0 49 2
49 1 0 25 2
49 1 0 26 4
49 1 0 27 4
49 1 0 28 4
49 1 0 29 4
49 1 0 30 4
49 1 0 31 4
49 1 0 32 4
49 1 0 33 4
49 1 0 34 4
49 1 0 35 4
49 1 0 36 4
49 1 0 37 4
49 1 0 38 4
49 1 0 39 4
49 1 0 40 4
49 1 0 41 4
49 1 0 42 4
49 1 0 43 4
49 1 0 44 4
49 1 0 45 4
49 1 0 46 4
49 1 0 47 4
49 1 0 48 4
49 1 0 49 94
49 2 0 17 2
49 2 0 18 12
49 2 0 19 30
49 2 0 20 36
49 2 0 21 60
49 2 0 22 60
49 2 0 23 90
49 2 0 24 84
49 2 0 25 204
49 2 0 26 272
49 2 0 27 314
49 2 0 28 296
49 2 0 29 344
49 2 0 30 320
49 2 0 31 374
49 2 0 32 344
49 2 0 33 404
49 2 0 34 368
49 2 0 35 434
49 2 0 36 392
49 2 0 37 464
49 2 0 38 416
49 2 0 39 494
49 2 0 40 440
49 2 0 41 524
49 2 0 42 464
49 2 0 43 554
49 2 0 44 488
49 2 0 45 584
49 2 0 46 516
49 2 0 47 618
49 2 0 48 640
49 2 0 49 2350
49 3 0 13 2
49 3 0 14 36
49 3 0 15 132
49 3 0 16 292
49 3 0 17 572
49 3 0 18 1160
49 3 0 19 2124
49 3 0 20 3104
49 3 0 21 4784
49 3 0 22 6204
49 3 0 23 8624
49 3 0 24 10480
49 3 0 25 14870
49 3 0 26 16684
49 3 0 27 18622
49 3 0 28 18792
49 3 0 29 20626
49 3 0 30 20428
49 3 0 31 22290
49 3 0 32 21712
49 3 0 33 23614
49 3 0 34 22644
49 3 0 35 24598
49 3 0 36 23224
49 3 0 37 25242
49 3 0 38 23452
49 3 0 39 25546
49 3 0 40 23328
49 3 0 41 25510
49 3 0 42 22852
49 3 0 43 25130
49 3 0 44 22180
49 3 0 45 24594
49 3 0 46 21672
49 3 0 47 24594
49 3 0 48 25116
49 3 0 49 40894
49 4 0 11 14
49 4 0 12 196
49 4 0 13 1038
49 4 0 14 3408
49 4 0 15 10206
49 4 0 16 22796
49 4 0 17 48006
49 4 0 18 84188
49 4 0 19 136744
49 4 0 20 193816
49 4 0 21 271890
49 4 0 22 347072
49 4 0 23 446184
49 4 0 24 536718
49 4 0 25 670593
49 4 0 26 734868
49 4 0 27 800514
49 4 0 28 829444
49 4 0 29 884228
49 4 0 30 897948
49 4 0 31 943806
49 4 0 32 942280
49 4 0 33 979408
49 4 0 34 962680
49 4 0 35 991378
49 4 0 36 959276
49 4 0 37 979972
49 4 0 38 932412
49 4 0 39 945258
49 4 0 40 882192
49 4 0 41 887578
49 4 0 42 808964
49 4 0 43 806942
49 4 0 44 717768
49 4 0 45 710076
49 4 0 46 618900
49 4 0 47 617432
49 4 0 48 571776
49 4 0 49 551496
49 4 1 25 4
49 4 1 26 20
49 4 1 27 36
49 4 1 28 52
49 4 1 29 68
49 4 1 30 84
49 4 1 31 100
49 4 1 32 116
49 4 1 33 132
49 4 1 34 148
49 4 1 35 164
49 4 1 36 180
49 4 1 37 196
49 4 1 38 212
49 4 1 39 228
49 4 1 40 244
49 4 1 41 260
49 4 1 42 276
49 4 1 43 292
49 4 1 44 308
49 4 1 45 324
49 4 1 46 340
49 4 1 47 360
49 4 1 48 376
49 5 0 9 2
49 5 0 10 220
49 5 0 11 2610
49 5 0 12 16596
49 5 0 13 72794
49 5 0 14 231496
49 5 0 15 580246
49 5 0 16 1210570
49 5 0 17 2273218
49 5 0 18 3790044
49 5 0 19 5804508
49 5 0 20 8187376
49 5 0 21 11013188
49 5 0 22 13968390
49 5 0 23 17197092
49 5 0 24 20281718
49 5 0 25 23464222
49 5 0 26 25430154
49 5 0 27 27169986
49 5 0 28 28317740
49 5 0 29 29512268
49 5 0 30 30077312
49 5 0 31 30766948
49 5 0 32 30769500
49 5 0 33 30979260
49 5 0 34 30451184
49 5 0 35 30216426
49 5 0 36 29193628
49 5 0 37 28561628
49 5 0 38 27091048
49 5 0 39 26111072
49 5 0 40 24251636
49 5 0 41 22987496
49 5 0 42 20807616
49 5 0 43 19335352
49 5 0 44 16979996
49 5 0 45 15393786
49 5 0 46 13030708
49 5 0 47 11483106
49 5 0 48 9280816
49 5 0 49 6104148
49 5 1 17 8
49 5 1 18 128
49 5 1 19 516
49 5 1 20 1148
49 5 1 21 2088
49 5 1 22 3248
49 5 1 23 4740
49 5 1 24 6428
49 5 1 25 8244
49 5 1 26 9388
49 5 1 27 10560
49 5 1 28 11528
49 5 1 29 12548
49 5 1 30 13340
49 5 1 31 14208
49 5 1 32 14824
49 5 1 33 15540
49 5 1 34 15980
49 5 1 35 16544
49 5 1 36 16808
49 5 1 37 17220
49 5 1 38 17308
49 5 1 39 17568
49 5 1 40 17480
49 5 1 41 17588
49 5 1 42 17324
49 5 1 43 17280
49 5 1 44 16840
49 5 1 45 16812
49 5 1 46 16300
49 5 1 47 16916
49 5 1 48 17100
49 6 0 8 4
49 6 0 9 928
49 6 0 10 17532
49 6 0 11 170014
49 6 0 12 904544
49 6 0 13 3396738
49 6 0 14 9713356
49 6 0 15 22915652
49 6 0 16 45953284
49 6 0 17 81887972
49 6 0 18 130719872
49 6 0 19 192288340
49 6 0 20 263834656
49 6 0 21 343516678
49 6 0 22 425987054
49 6 0 23 509267448
49 6 0 24 587086362
49 6 0 25 656313998
49 6 0 26 704590262
49 6 0 27 743311160
49 6 0 28 770718904
49 6 0 29 791374788
49 6 0 30 800957396
49 6 0 31 804814438
49 6 0 32 797852040
49 6 0 33 786435122
49 6 0 34 764702836
49 6 0 35 739961526
49 6 0 36 705593056
49 6 0 37 669901426
49 6 0 38 625388912
49 6 0 39 581387602
49 6 0 40 529619012
49 6 0 41 480310020
49 6 0 42 424464064
49 6 0 43 373352232
49 6 0 44 317419020
49 6 0 45 267910496
49 6 0 46 215378224
49 6 0 47 169326502
49 6 0 48 117884996
49 6 0 49 57454746
49 6 1 13 12
49 6 1 14 532
49 6 1 15 3680
49 6 1 16 12452
49 6 1 17 29832
49 6 1 18 57444
49 6 1 19 97108
49 6 1 20 149860
49 6 1 21 214708
49 6 1 22 292708
49 6 1 23 382508
49 6 1 24 486872
49 6 1 25 593760
49 6 1 26 670726
49 6 1 27 739044
49 6 1 28 800924
49 6 1 29 853572
49 6 1 30 899880
49 6 1 31 936744
49 6 1 32 967484
49 6 1 33 988516
49 6 1 34 1003528
49 6 1 35 1008772
49 6 1 36 1007984
49 6 1 37 997288
49 6 1 38 980736
49 6 1 39 954052
49 6 1 40 921544
49 6 1 41 878948
49 6 1 42 830416
49 6 1 43 771112
49 6 1 44 706900
49 6 1 45 637410
49 6 1 46 559660
49 6 1 47 498116
49 6 1 48 413444
49 6 2 25 4
49 6 2 26 4
49 6 2 27 4
49 6 2 28 4
49 6 2 29 4
49 6 2 30 4
49 6 2 31 4
49 6 2 32 4
49 6 2 33 4
49 6 2 34 4
49 6 2 35 4
49 6 2 36 4
49 6 2 37 4
49 6 2 38 4
49 6 2 39 4
49 6 2 40 4
49 6 2 41 4
49 6 2 42 4
49 6 2 43 4
49 6 2 44 4
49 6 2 45 4
49 6 2 46 4
49 6 2 47 96
49 6 2 48 184
50 0 0 50 2
50 1 0 26 4
50 1 0 27 4
50 1 0 28 4
50 1 0 29 4
50 1 0 30 4
50 1 0 31 4
50 1 0 32 4
50 1 0 33 4
50 1 0 34 4
50 1 0 35 4
50 1 0 36 4
50 1 0 37 4
50 1 0 38 4
50 1 0 39 4
50 1 0 40 4
50 1 0 41 4
50 1 0 42 4
50 1 0 43 4
50 1 0 44 4
50 1 0 45 4
50 1 0 46 4
50 1 0 47 4
50 1 0 48 4
50 1 0 49 4
50 1 0 50 96
50 2 0 18 10
50 2 0 19 20
50 2 0 20 40
50 2 0 21 44
50 2 0 22 70
50 2 0 23 68
50 2 0 24 100
50 2 0 25 94
50 2 0 26 298
50 2 0 27 284
50 2 0 28 328
50 2 0 29 308
50 2 0 30 358
50 2 0 31 332
50 2 0 32 388
50 2 0 33 356
50 2 0 34 418
50 2 0 35 380
50 2 0 36 448
50 2 0 37 404
50 2 0 38 478
50 2 0 39 428
50 2 0 40 508
50 2 0 41 452
50 2 0 42 538
50 2 0 43 476
50 2 0 44 568
50 2 0 45 500
50 2 0 46 598
50 2 0 47 528
50 2 0 48 632
50 2 0 49 654
50 2 0 50 2448
50 3 0 14 20
50 3 0 15 100
50 3 0 16 244
50 3 0 17 456
50 3 0 18 1004
50 3 0 19 1728
50 3 0 20 2940
50 3 0 21 4076
50 3 0 22 6024
50 3 0 23 7592
50 3 0 24 10292
50 3 0 25 12464
50 3 0 26 17582
50 3 0 27 18088
50 3 0 28 19972
50 3 0 29 20040
50 3 0 30 21948
50 3 0 31 21640
50 3 0 32 23584
50 3 0 33 22888
50 3 0 34 24880
50 3 0 35 23784
50 3 0 36 25836
50 3 0 37 24328
50 3 0 38 26452
50 3 0 39 24520
50 3 0 40 26728
50 3 0 41 24360
50 3 0 42 26664
50 3 0 43 23848
50 3 0 44 26256
50 3 0 45 23144
50 3 0 46 25696
50 3 0 47 22616
50 3 0 48 25692
50 3 0 49 26226
50 3 0 50 43428
50 4 0 11 4
50 4 0 12 146
50 4 0 13 710
50 4 0 14 2800
50 4 0 15 7828
50 4 0 16 19826
50 4 0 17 39686
50 4 0 18 76864
50 4 0 19 121550
50 4 0 20 185542
50 4 0 21 251596
50 4 0 22 340564
50 4 0 23 423642
50 4 0 24 533590
50 4 0 25 637441
50 4 0 26 770249
50 4 0 27 813898
50 4 0 28 879174
50 4 0 29 905376
50 4 0 30 961308
50 4 0 31 971802
50 4 0 32 1018750
50 4 0 33 1013492
50 4 0 34 1051656
50 4 0 35 1030686
50 4 0 36 1060374
50 4 0 37 1023508
50 4 0 38 1045160
50 4 0 39 992306
50 4 0 40 1006076
50 4 0 41 937180
50 4 0 42 943468
50 4 0 43 858482
50 4 0 44 857338
50 4 0 45 761532
50 4 0 46 754742
50 4 0 47 657134
50 4 0 48 657264
50 4 0 49 609490
50 4 0 50 596902
50 4 1 26 12
50 4 1 27 28
50 4 1 28 44
50 4 1 29 60
50 4 1 30 76
50 4 1 31 92
50 4 1 32 108
50 4 1 33 124
50 4 1 34 140
50 4 1 35 156
50 4 1 36 172
50 4 1 37 188
50 4 1 38 204
50 4 1 39 220
50 4 1 40 236
50 4 1 41 252
50 4 1 42 268
50 4 1 43 284
50 4 1 44 300
50 4 1 45 316
50 4 1 46 332
50 4 1 47 348
50 4 1 48 368
50 4 1 49 384
50 5 0 10 112
50 5 0 11 1736
50 5 0 12 12196
50 5 0 13 56160
50 5 0 14 191532
50 5 0 15 494932
50 5 0 16 1077368
50 5 0 17 2040104
50 5 0 18 3537244
50 5 0 19 5472540
50 5 0 20 7948556
50 5 0 21 10740560
50 5 0 22 13957304
50 5 0 23 17213080
50 5 0 24 20717284
50 5 0 25 24002398
50 5 0 26 26999718
50 5 0 27 28741094
50 5 0 28 30459732
50 5 0 29 31540538
50 5 0 30 32712916
50 5 0 31 33183758
50 5 0 32 33832404
50 5 0 33 33716002
50 5 0 34 33868276
50 5 0 35 33199202
50 5 0 36 32892976
50 5 0 37 31709438
50 5 0 38 30994736
50 5 0 39 29346162
50 5 0 40 28274468
50 5 0 41 26222430
50 5 0 42 24860200
50 5 0 43 22475762
50 5 0 44 20901552
50 5 0 45 18338630
50 5 0 46 16650008
50 5 0 47 14087694
50 5 0 48 12451380
50 5 0 49 10094518
50 5 0 50 6732744
50 5 1 18 68
50 5 1 19 348
50 5 1 20 920
50 5 1 21 1728
50 5 1 22 2852
50 5 1 23 4188
50 5 1 24 5864
50 5 1 25 7726
50 5 1 26 9224
50 5 1 27 10352
50 5 1 28 11516
50 5 1 29 12468
50 5 1 30 13480
50 5 1 31 14256
50 5 1 32 15116
50 5 1 33 15716
50 5 1 34 16424
50 5 1 35 16848
50 5 1 36 17404
50 5 1 37 17652
50 5 1 38 18056
50 5 1 39 18128
50 5 1 40 18380
50 5 1 41 18276
50 5 1 42 18376
50 5 1 43 18096
50 5 1 44 18044
50 5 1 45 17588
50 5 1 46 17556
50 5 1 47 17030
50 5 1 48 17660
50 5 1 49 17848
50 6 0 8 2
50 6 0 9 486
50 6 0 10 12422
50 6 0 11 122084
50 6 0 12 723226
50 6 0 13 2798648
50 6 0 14 8428528
50 6 0 15 20410834
50 6 0 16 42353376
50 6 0 17 76993254
50 6 0 18 126428138
50 6 0 19 189032936
50 6 0 20 264565976
50 6 0 21 348679730
50 6 0 22 439370488
50 6 0 23 530385654
50 6 0 24 620046912
50 6 0 25 701081940
50 6 0 26 766710448
50 6 0 27 812570548
50 6 0 28 850283822
50 6 0 29 875782194
50 6 0 30 894467504
50 6 0 31 901005116
50 6 0 32 901916786
50 6 0 33 890952046
50 6 0 34 875792158
50 6 0 35 849285920
50 6 0 36 820184682
50 6 0 37 780452490
50 6 0 38 739972070
50 6 0 39 689692550
50 6 0 40 640655346
50 6 0 41 582912882
50 6 0 42 528513940
50 6 0 43 466687778
50 6 0 44 410643270
50 6 0 45 348999464
50 6 0 46 294908342
50 6 0 47 237182832
50 6 0 48 187051588
50 6 0 49 130804168
50 6 0 50 64580642
50 6 1 14 260
50 6 1 15 2480
50 6 1 16 9556
50 6 1 17 24592
50 6 1 18 49592
50 6 1 19 86600
50 6 1 20 136384
50 6 1 21 199636
50 6 1 22 275148
50 6 1 23 364180
50 6 1 24 465640
50 6 1 25 583256
50 6 1 26 675658
50 6 1 27 752648
50 6 1 28 820436
50 6 1 29 881676
50 6 1 30 933396
50 6 1 31 978652
50 6 1 32 1014180
50 6 1 33 1043460
50 6 1 34 1062748
50 6 1 35 1075888
50 6 1 36 1078984
50 6 1 37 1075912
50 6 1 38 1062660
50 6 1 39 1043416
50 6 1 40 1013768
50 6 1 41 978156
50 6 1 42 932192
50 6 1 43 880144
50 6 1 44 817048
50 6 1 45 748920
50 6 1 46 675544
50 6 1 47 593618
50 6 1 48 529056
50 6 1 49 440480
50 6 2 25 2
50 6 2 26 4
50 6 2 27 4
50 6 2 28 4
50 6 2 29 4
50 6 2 30 4
50 6 2 31 4
50 6 2 32 4
50 6 2 33 4
50 6 2 34 4
50 6 2 35 4
50 6 2 36 4
50 6 2 37 4
50 6 2 38 4
50 6 2 39 4
50 6 2 40 4
50 6 2 41 4
50 6 2 42 4
50 6 2 43 4
50 6 2 44 4
50 6 2 45 4
50 6 2 46 4
50 6 2 47 4
50 6 2 48 98
50 6 2 49 188
51 0 0 51 2
51 1 0 26 2
51 1 0 27 4
51 1 0 28 4
51 1 0 29 4
51 1 0 30 4
51 1 0 31 4
51 1 0 32 4
51 1 0 33 4
51 1 0 34 4
51 1 0 35 4
51 1 0 36 4
51 1 0 37 4
51 1 0 38 4
51 1 0 39 4
51 1 0 40 4
51 1 0 41 4
51 1 0 42 4
51 1 0 43 4
51 1 0 44 4
51 1 0 45 4
51 1 0 46 4
51 1 0 47 4
51 1 0 48 4
51 1 0 49 4
51 1 0 50 4
51 1 0 51 98
51 2 0 18 4
51 2 0 19 20
51 2 0 20 28
51 2 0 21 50
51 2 0 22 52
51 2 0 23 80
51 2 0 24 76
51 2 0 25 110
51 2 0 26 188
51 2 0 27 312
51 2 0 28 296
51 2 0 29 342
51 2 0 30 320
51 2 0 31 372
51 2 0 32 344
51 2 0 33 402
51 2 0 34 368
51 2 0 35 432
51 2 0 36 392
51 2 0 37 462
51 2 0 38 416
51 2 0 39 492
51 2 0 40 440
51 2 0 41 522
51 2 0 42 464
51 2 0 43 552
51 2 0 44 488
51 2 0 45 582
51 2 0 46 512
51 2 0 47 612
51 2 0 48 540
51 2 0 49 646
51 2 0 50 668
51 2 0 51 2548
51 3 0 14 12
51 3 0 15 76
51 3 0 16 204
51 3 0 17 396
51 3 0 18 776
51 3 0 19 1580
51 3 0 20 2436
51 3 0 21 3912
51 3 0 22 5200
51 3 0 23 7420
51 3 0 24 9132
51 3 0 25 12116
51 3 0 26 15582
51 3 0 27 18932
51 3 0 28 19392
51 3 0 29 21346
51 3 0 30 21308
51 3 0 31 23294
51 3 0 32 22872
51 3 0 33 24902
51 3 0 34 24084
51 3 0 35 26170
51 3 0 36 24944
51 3 0 37 27098
51 3 0 38 25452
51 3 0 39 27686
51 3 0 40 25608
51 3 0 41 27934
51 3 0 42 25412
51 3 0 43 27842
51 3 0 44 24864
51 3 0 45 27406
51 3 0 46 24128
51 3 0 47 26822
51 3 0 48 23580
51 3 0 49 26814
51 3 0 50 27360
51 3 0 51 46064
51 4 0 11 2
51 4 0 12 80
51 4 0 13 590
51 4 0 14 2024
51 4 0 15 6654
51 4 0 16 15888
51 4 0 17 35076
51 4 0 18 65344
51 4 0 19 113648
51 4 0 20 167576
51 4 0 21 243394
51 4 0 22 318260
51 4 0 23 418196
51 4 0 24 509188
51 4 0 25 630850
51 4 0 26 754000
51 4 0 27 853446
51 4 0 28 894568
51 4 0 29 961128
51 4 0 30 984360
51 4 0 31 1041514
51 4 0 32 1048532
51 4 0 33 1096652
51 4 0 34 1087404
51 4 0 35 1126694
51 4 0 36 1101216
51 4 0 37 1131992
51 4 0 38 1090088
51 4 0 39 1112802
51 4 0 40 1054372
51 4 0 41 1069180
51 4 0 42 994164
51 4 0 43 1001476
51 4 0 44 909820
51 4 0 45 909684
51 4 0 46 806948
51 4 0 47 801198
51 4 0 48 696872
51 4 0 49 698764
51 4 0 50 648824
51 4 0 51 645034
51 4 1 26 4
51 4 1 27 20
51 4 1 28 36
51 4 1 29 52
51 4 1 30 68
51 4 1 31 84
51 4 1 32 100
51 4 1 33 116
51 4 1 34 132
51 4 1 35 148
51 4 1 36 164
51 4 1 37 180
51 4 1 38 196
51 4 1 39 212
51 4 1 40 228
51 4 1 41 244
51 4 1 42 260
51 4 1 43 276
51 4 1 44 292
51 4 1 45 308
51 4 1 46 324
51 4 1 47 340
51 4 1 48 356
51 4 1 49 376
51 4 1 50 392
51 5 0 10 70
51 5 0 11 1244
51 5 0 12 9012
51 5 0 13 44034
51 5 0 14 155268
51 5 0 15 425114
51 5 0 16 942300
51 5 0 17 1845022
51 5 0 18 3236128
51 5 0 19 5188430
51 5 0 20 7581788
51 5 0 21 10529588
51 5 0 22 13719974
51 5 0 23 17311306
51 5 0 24 20841470
51 5 0 25 24605718
51 5 0 26 28007694
51 5 0 27 30572352
51 5 0 28 32251168
51 5 0 29 33964768
51 5 0 30 34967388
51 5 0 31 36113152
51 5 0 32 36478320
51 5 0 33 37081710
51 5 0 34 36834648
51 5 0 35 36925360
51 5 0 36 36103356
51 5 0 37 35721776
51 5 0 38 34365332
51 5 0 39 33564240
51 5 0 40 31725272
51 5 0 41 30558358
51 5 0 42 28301088
51 5 0 43 26837456
51 5 0 44 24235604
51 5 0 45 22556318
51 5 0 46 19773144
51 5 0 47 17979190
51 5 0 48 15205680
51 5 0 49 13478858
51 5 0 50 10960356
51 5 0 51 7411618
51 5 1 18 24
51 5 1 19 232
51 5 1 20 688
51 5 1 21 1444
51 5 1 22 2428
51 5 1 23 3736
51 5 1 24 5248
51 5 1 25 7108
51 5 1 26 8912
51 5 1 27 10220
51 5 1 28 11332
51 5 1 29 12488
51 5 1 30 13424
51 5 1 31 14428
51 5 1 32 15188
51 5 1 33 16040
51 5 1 34 16624
51 5 1 35 17324
51 5 1 36 17732
51 5 1 37 18280
51 5 1 38 18512
51 5 1 39 18908
51 5 1 40 18964
51 5 1 41 19208
51 5 1 42 19088
51 5 1 43 19180
51 5 1 44 18884
51 5 1 45 18824
51 5 1 46 18352
51 5 1 47 18316
51 5 1 48 17776
51 5 1 49 18420
51 5 1 50 18612
51 6 0 9 312
51 6 0 10 7828
51 6 0 11 91030
51 6 0 12 558972
51 6 0 13 2325656
51 6 0 14 7191534
51 6 0 15 18180416
51 6 0 16 38582526
51 6 0 17 72201106
51 6 0 18 120942374
51 6 0 19 185222396
51 6 0 20 262824382
51 6 0 21 352704836
51 6 0 22 449192582
51 6 0 23 550368978
51 6 0 24 649036780
51 6 0 25 744000637
51 6 0 26 825223630
51 6 0 27 885674119
51 6 0 28 930281760
51 6 0 29 966819940
51 6 0 30 989950936
51 6 0 31 1006287562
51 6 0 32 1009304652
51 6 0 33 1006885284
51 6 0 34 991430788
51 6 0 35 972139766
51 6 0 36 940366256
51 6 0 37 906519690
51 6 0 38 860929952
51 6 0 39 815283724
51 6 0 40 758748520
51 6 0 41 704311652
51 6 0 42 640117772
51 6 0 43 580283866
51 6 0 44 512017100
51 6 0 45 450719548
51 6 0 46 382934916
51 6 0 47 323970486
51 6 0 48 260665020
51 6 0 49 206206924
51 6 0 50 144824952
51 6 0 51 72420890
51 6 1 14 116
51 6 1 15 1596
51 6 1 16 7168
51 6 1 17 19924
51 6 1 18 42528
51 6 1 19 76356
51 6 1 20 123736
51 6 1 21 184076
51 6 1 22 258256
51 6 1 23 344860
51 6 1 24 445524
51 6 1 25 559640
51 6 1 26 678076
51 6 1 27 761286
51 6 1 28 838104
51 6 1 29 905256
51 6 1 30 965744
51 6 1 31 1016424
51 6 1 32 1060516
51 6 1 33 1094596
51 6 1 34 1122304
51 6 1 35 1139736
51 6 1 36 1150892
51 6 1 37 1151728
51 6 1 38 1146260
51 6 1 39 1130340
51 6 1 40 1108292
51 6 1 41 1075568
51 6 1 42 1036740
51 6 1 43 987296
51 6 1 44 931620
51 6 1 45 864620
51 6 1 46 792464
51 6 1 47 715098
51 6 1 48 628888
51 6 1 49 561236
51 6 1 50 468668
51 6 2 26 4
51 6 2 27 4
51 6 2 28 4
51 6 2 29 4
51 6 2 30 4
51 6 2 31 4
51 6 2 32 4
51 6 2 33 4
51 6 2 34 4
51 6 2 35 4
51 6 2 36 4
51 6 2 37 4
51 6 2 38 4
51 6 2 39 4
51 6 2 40 4
51 6 2 41 4
51 6 2 42 4
51 6 2 43 4
51 6 2 44 4
51 6 2 45 4
51 6 2 46 4
51 6 2 47 4
51 6 2 48 4
51 6 2 49 100
51 6 2 50 192
52 0 0 52 2
52 1 0 27 4
52 1 0 28 4
52 1 0 29 4
52 1 0 30 4
52 1 0 31 4
52 1 0 32 4
52 1 0 33 4
52 1 0 34 4
52 1 0 35 4
52 1 0 36 4
52 1 0 37 4
52 1 0 38 4
52 1 0 39 4
52 1 0 40 4
52 1 0 41 4
52 1 0 42 4
52 1 0 43 4
52 1 0 44 4
52 1 0 45 4
52 1 0 46 4
52 1 0 47 4
52 1 0 48 4
52 1 0 49 4
52 1 0 50 4
52 1 0 51 4
52 1 0 52 100
52 2 0 18 2
52 2 0 19 12
52 2 0 20 30
52 2 0 21 36
52 2 0 22 60
52 2 0 23 60
52 2 0 24 90
52 2 0 25 84
52 2 0 26 122
52 2 0 27 284
52 2 0 28 326
52 2 0 29 308
52 2 0 30 356
52 2 0 31 332
52 2 0 32 386
52 2 0 33 356
52 2 0 34 416
52 2 0 35 380
52 2 0 36 446
52 2 0 37 404
52 2 0 38 476
52 2 0 39 428
52 2 0 40 506
52 2 0 41 452
52 2 0 42 536
52 2 0 43 476
52 2 0 44 566
52 2 0 45 500
52 2 0 46 596
52 2 0 47 524
52 2 0 48 626
52 2 0 49 552
52 2 0 50 660
52 2 0 51 682
52 2 0 52 2650
52 3 0 14 4
52 3 0 15 52
52 3 0 16 164
52 3 0 17 340
52 3 0 18 640
52 3 0 19 1264
52 3 0 20 2280
52 3 0 21 3288
52 3 0 22 5032
52 3 0 23 6468
52 3 0 24 8964
52 3 0 25 10820
52 3 0 26 14272
52 3 0 27 18406
52 3 0 28 20484
52 3 0 29 20716
52 3 0 30 22744
52 3 0 31 22596
52 3 0 32 24664
52 3 0 33 24124
52 3 0 34 26244
52 3 0 35 25300
52 3 0 36 27484
52 3 0 37 26124
52 3 0 38 28384
52 3 0 39 26596
52 3 0 40 28944
52 3 0 41 26716
52 3 0 42 29164
52 3 0 43 26484
52 3 0 44 29044
52 3 0 45 25900
52 3 0 46 28580
52 3 0 47 25132
52 3 0 48 27972
52 3 0 49 24564
52 3 0 50 27960
52 3 0 51 28518
52 3 0 52 48804
52 4 0 12 54
52 4 0 13 396
52 4 0 14 1666
52 4 0 15 4968
52 4 0 16 13700
52 4 0 17 28880
52 4 0 18 58212
52 4 0 19 99356
52 4 0 20 158848
52 4 0 21 222498
52 4 0 22 310202
52 4 0 23 393668
52 4 0 24 504784
52 4 0 25 603974
52 4 0 26 743228
52 4 0 27 862168
52 4 0 28 941880
52 4 0 29 978494
52 4 0 30 1046410
52 4 0 31 1066424
52 4 0 32 1124880
52 4 0 33 1128166
52 4 0 34 1177546
52 4 0 35 1164044
52 4 0 36 1204556
52 4 0 37 1174298
52 4 0 38 1206266
52 4 0 39 1159044
52 4 0 40 1182932
52 4 0 41 1118638
52 4 0 42 1134604
52 4 0 43 1053172
52 4 0 44 1061636
52 4 0 45 963006
52 4 0 46 964014
52 4 0 47 854044
52 4 0 48 849478
52 4 0 49 738142
52 4 0 50 741966
52 4 0 51 689812
52 4 0 52 695998
52 4 1 27 12
52 4 1 28 28
52 4 1 29 44
52 4 1 30 60
52 4 1 31 76
52 4 1 32 92
52 4 1 33 108
52 4 1 34 124
52 4 1 35 140
52 4 1 36 156
52 4 1 37 172
52 4 1 38 188
52 4 1 39 204
52 4 1 40 220
52 4 1 41 236
52 4 1 42 252
52 4 1 43 268
52 4 1 44 284
52 4 1 45 300
52 4 1 46 316
52 4 1 47 332
52 4 1 48 348
52 4 1 49 364
52 4 1 50 384
52 4 1 51 400
52 5 0 10 28
52 5 0 11 792
52 5 0 12 6480
52 5 0 13 33392
52 5 0 14 125838
52 5 0 15 356460
52 5 0 16 829264
52 5 0 17 1641684
52 5 0 18 2971408
52 5 0 19 4828964
52 5 0 20 7278008
52 5 0 21 10148400
52 5 0 22 13567984
52 5 0 23 17141244
52 5 0 24 21091440
52 5 0 25 24871604
52 5 0 26 28901362
52 5 0 27 32039018
52 5 0 28 34392788
52 5 0 29 35987530
52 5 0 30 37691240
52 5 0 31 38603998
52 5 0 32 39718732
52 5 0 33 39966310
52 5 0 34 40520232
52 5 0 35 40130354
52 5 0 36 40155488
52 5 0 37 39168166
52 5 0 38 38707412
52 5 0 39 37165434
52 5 0 40 36274336
52 5 0 41 34232106
52 5 0 42 32966548
52 5 0 43 30490942
52 5 0 44 28922680
52 5 0 45 26090078
52 5 0 46 24302676
52 5 0 47 21286090
52 5 0 48 19383980
52 5 0 49 16386862
52 5 0 50 14567868
52 5 0 51 11880500
52 5 0 52 8143696
52 5 1 18 8
52 5 1 19 128
52 5 1 20 516
52 5 1 21 1148
52 5 1 22 2088
52 5 1 23 3248
52 5 1 24 4740
52 5 1 25 6428
52 5 1 26 8470
52 5 1 27 9932
52 5 1 28 11232
52 5 1 29 12328
52 5 1 30 13476
52 5 1 31 14396
52 5 1 32 15392
52 5 1 33 16136
52 5 1 34 16980
52 5 1 35 17548
52 5 1 36 18240
52 5 1 37 18632
52 5 1 38 19172
52 5 1 39 19388
52 5 1 40 19776
52 5 1 41 19816
52 5 1 42 20052
52 5 1 43 19916
52 5 1 44 20000
52 5 1 45 19688
52 5 1 46 19620
52 5 1 47 19132
52 5 1 48 19092
52 5 1 49 18538
52 5 1 50 19196
52 5 1 51 19392
52 6 0 9 144
52 6 0 10 5498
52 6 0 11 63426
52 6 0 12 439324
52 6 0 13 1885416
52 6 0 14 6154798
52 6 0 15 15953930
52 6 0 16 35114026
52 6 0 17 66981784
52 6 0 18 115263158
52 6 0 19 179694278
52 6 0 20 260318322
52 6 0 21 353561520
52 6 0 22 457816610
52 6 0 23 566213918
52 6 0 24 677149332
52 6 0 25 782383896
52 6 0 26 881277822
52 6 0 27 957580990
52 6 0 28 1015551456
52 6 0 29 1058420726
52 6 0 30 1093393434
52 6 0 31 1113669672
52 6 0 32 1127260738
52 6 0 33 1126253202
52 6 0 34 1120099514
52 6 0 35 1099640080
52 6 0 36 1075813272
52 6 0 37 1038252234
52 6 0 38 999259570
52 6 0 39 947292356
52 6 0 40 896089052
52 6 0 41 832784220
52 6 0 42 772570760
52 6 0 43 701423512
52 6 0 44 635797558
52 6 0 45 560606252
52 6 0 46 493724298
52 6 0 47 419346430
52 6 0 48 355208054
52 6 0 49 285915704
52 6 0 50 226875640
52 6 0 51 160015850
52 6 0 52 81031016
52 6 1 14 36
52 6 1 15 956
52 6 1 16 5216
52 6 1 17 15888
52 6 1 18 35936
52 6 1 19 67004
52 6 1 20 111104
52 6 1 21 169304
52 6 1 22 240628
52 6 1 23 326164
52 6 1 24 424288
52 6 1 25 537316
52 6 1 26 665252
52 6 1 27 767630
52 6 1 28 850764
52 6 1 29 927124
52 6 1 30 993528
52 6 1 31 1053152
52 6 1 32 1102680
52 6 1 33 1145496
52 6 1 34 1178016
52 6 1 35 1204040
52 6 1 36 1219504
52 6 1 37 1228564
52 6 1 38 1227028
52 6 1 39 1219052
52 6 1 40 1200352
52 6 1 41 1175388
52 6 1 42 1139476
52 6 1 43 1097320
52 6 1 44 1044284
52 6 1 45 984868
52 6 1 46 913852
52 6 1 47 837556
52 6 1 48 756096
52 6 1 49 665494
52 6 1 50 594680
52 6 1 51 498032
52 6 2 26 2
52 6 2 27 4
52 6 2 28 4
52 6 2 29 4
52 6 2 30 4
52 6 2 31 4
52 6 2 32 4
52 6 2 33 4
52 6 2 34 4
52 6 2 35 4
52 6 2 36 4
52 6 2 37 4
52 6 2 38 4
52 6 2 39 4
52 6 2 40 4
52 6 2 41 4
52 6 2 42 4
52 6 2 43 4
52 6 2 44 4
52 6 2 45 4
52 6 2 46 4
52 6 2 47 4
52 6 2 48 4
52 6 2 49 4
52 6 2 50 102
52 6 2 51 196
53 0 0 53 2
53 1 0 27 2
53 1 0 28 4
53 1 0 29 4
53 1 0 30 4
53 1 0 31 4
53 1 0 32 4
53 1 0 33 4
53 1 0 34 4
53 1 0 35 4
53 1 0 36 4
53 1 0 37 4
53 1 0 38 4
53 1 0 39 4
53 1 0 40 4
53 1 0 41 4
53 1 0 42 4
53 1 0 43 4
53 1 0 44 4
53 1 0 45 4
53 1 0 46 4
53 1 0 47 4
53 1 0 48 4
53 1 0 49 4
53 1 0 50 4
53 1 0 51 4
53 1 0 52 4
53 1 0 53 102
53 2 0 19 10
53 2 0 20 20
53 2 0 21 40
53 2 0 22 44
53 2 0 23 70
53 2 0 24 68
53 2 0 25 100
53 2 0 26 92
53 2 0 27 222
53 2 0 28 296
53 2 0 29 340
53 2 0 30 320
53 2 0 31 370
53 2 0 32 344
53 2 0 33 400
53 2 0 34 368
53 2 0 35 430
53 2 0 36 392
53 2 0 37 460
53 2 0 38 416
53 2 0 39 490
53 2 0 40 440
53 2 0 41 520
53 2 0 42 464
53 2 0 43 550
53 2 0 44 488
53 2 0 45 580
53 2 0 46 512
53 2 0 47 610
53 2 0 48 536
53 2 0 49 640
53 2 0 50 564
53 2 0 51 674
53 2 0 52 696
53 2 0 53 2754
53 3 0 14 2
53 3 0 15 36
53 3 0 16 132
53 3 0 17 292
53 3 0 18 520
53 3 0 19 1104
53 3 0 20 1864
53 3 0 21 3132
53 3 0 22 4292
53 3 0 23 6308
53 3 0 24 7888
53 3 0 25 10664
53 3 0 26 12660
53 3 0 27 17680
53 3 0 28 19732
53 3 0 29 21934
53 3 0 30 22060
53 3 0 31 24166
53 3 0 32 23904
53 3 0 33 26058
53 3 0 34 25396
53 3 0 35 27610
53 3 0 36 26536
53 3 0 37 28822
53 3 0 38 27324
53 3 0 39 29694
53 3 0 40 27760
53 3 0 41 30226
53 3 0 42 27844
53 3 0 43 30418
53 3 0 44 27576
53 3 0 45 30270
53 3 0 46 26956
53 3 0 47 29778
53 3 0 48 26156
53 3 0 49 29146
53 3 0 50 25568
53 3 0 51 29130
53 3 0 52 29700
53 3 0 53 51650
53 4 0 12 24
53 4 0 13 316
53 4 0 14 1192
53 4 0 15 4210
53 4 0 16 10760
53 4 0 17 25466
53 4 0 18 48644
53 4 0 19 91216
53 4 0 20 141508
53 4 0 21 213466
53 4 0 22 286784
53 4 0 23 386456
53 4 0 24 478332
53 4 0 25 600926
53 4 0 26 708946
53 4 0 27 873625
53 4 0 28 950904
53 4 0 29 1032052
53 4 0 30 1065704
53 4 0 31 1135054
53 4 0 32 1151596
53 4 0 33 1211440
53 4 0 34 1210732
53 4 0 35 1261466
53 4 0 36 1243440
53 4 0 37 1285276
53 4 0 38 1249960
53 4 0 39 1283230
53 4 0 40 1230404
53 4 0 41 1255584
53 4 0 42 1185132
53 4 0 43 1202382
53 4 0 44 1114232
53 4 0 45 1123982
53 4 0 46 1018068
53 4 0 47 1020362
53 4 0 48 902848
53 4 0 49 899616
53 4 0 50 780972
53 4 0 51 786904
53 4 0 52 732488
53 4 0 53 749902
53 4 1 27 4
53 4 1 28 20
53 4 1 29 36
53 4 1 30 52
53 4 1 31 68
53 4 1 32 84
53 4 1 33 100
53 4 1 34 116
53 4 1 35 132
53 4 1 36 148
53 4 1 37 164
53 4 1 38 180
53 4 1 39 196
53 4 1 40 212
53 4 1 41 228
53 4 1 42 244
53 4 1 43 260
53 4 1 44 276
53 4 1 45 292
53 4 1 46 308
53 4 1 47 324
53 4 1 48 340
53 4 1 49 356
53 4 1 50 372
53 4 1 51 392
53 4 1 52 408
53 5 0 10 16
53 5 0 11 556
53 5 0 12 4756
53 5 0 13 25890
53 5 0 14 100124
53 5 0 15 301500
53 5 0 16 715944
53 5 0 17 1474168
53 5 0 18 2679644
53 5 0 19 4519318
53 5 0 20 6860112
53 5 0 21 9845262
53 5 0 22 13190992
53 5 0 23 17073794
53 5 0 24 21004810
53 5 0 25 25290872
53 5 0 26 29298886
53 5 0 27 33517988
53 5 0 28 36085862
53 5 0 29 38432752
53 5 0 30 39956080
53 5 0 31 41645338
53 5 0 32 42456112
53 5 0 33 43535456
53 5 0 34 43653076
53 5 0 35 44153380
53 5 0 36 43608072
53 5 0 37 43563680
53 5 0 38 42398188
53 5 0 39 41854514
53 5 0 40 40113904
53 5 0 41 39129264
53 5 0 42 36870428
53 5 0 43 35502888
53 5 0 44 32795360
53 5 0 45 31119332
53 5 0 46 28042156
53 5 0 47 26143696
53 5 0 48 22880056
53 5 0 49 20867070
53 5 0 50 17633472
53 5 0 51 15720782
53 5 0 52 12857164
53 5 0 53 8932014
53 5 1 19 68
53 5 1 20 348
53 5 1 21 920
53 5 1 22 1728
53 5 1 23 2852
53 5 1 24 4188
53 5 1 25 5864
53 5 1 26 7728
53 5 1 27 9712
53 5 1 28 10968
53 5 1 29 12260
53 5 1 30 13340
53 5 1 31 14480
53 5 1 32 15384
53 5 1 33 16372
53 5 1 34 17100
53 5 1 35 17936
53 5 1 36 18488
53 5 1 37 19172
53 5 1 38 19548
53 5 1 39 20080
53 5 1 40 20280
53 5 1 41 20660
53 5 1 42 20684
53 5 1 43 20912
53 5 1 44 20760
53 5 1 45 20836
53 5 1 46 20508
53 5 1 47 20432
53 5 1 48 19928
53 5 1 49 19884
53 5 1 50 19316
53 5 1 51 19988
53 5 1 52 20188
53 6 0 9 88
53 6 0 10 3324
53 6 0 11 46718
53 6 0 12 331224
53 6 0 13 1548376
53 6 0 14 5170948
53 6 0 15 14030380
53 6 0 16 31555624
53 6 0 17 62096682
53 6 0 18 108644524
53 6 0 19 173851642
53 6 0 20 255412864
53 6 0 21 353481064
53 6 0 22 462517648
53 6 0 23 580875132
53 6 0 24 700440942
53 6 0 25 820157168
53 6 0 26 930664822
53 6 0 27 1030163636
53 6 0 28 1099485660
53 6 0 29 1156605886
53 6 0 30 1197485708
53 6 0 31 1230488130
53 6 0 32 1247392160
53 6 0 33 1257822020
53 6 0 34 1252256484
53 6 0 35 1241947576
53 6 0 36 1215939560
53 6 0 37 1187155826
53 6 0 38 1143259372
53 6 0 39 1098704472
53 6 0 40 1039813048
53 6 0 41 982647154
53 6 0 42 912032784
53 6 0 43 845652652
53 6 0 44 767024972
53 6 0 45 695237824
53 6 0 46 612613800
53 6 0 47 539805106
53 6 0 48 458358724
53 6 0 49 388735848
53 6 0 50 313028820
53 6 0 51 249143944
53 6 0 52 176448124
53 6 0 53 90469680
53 6 1 14 12
53 6 1 15 532
53 6 1 16 3680
53 6 1 17 12452
53 6 1 18 29976
53 6 1 19 58212
53 6 1 20 99380
53 6 1 21 154348
53 6 1 22 223796
53 6 1 23 306532
53 6 1 24 403852
53 6 1 25 514104
53 6 1 26 640516
53 6 1 27 768732
53 6 1 28 861078
53 6 1 29 943936
53 6 1 30 1019732
53 6 1 31 1085276
53 6 1 32 1143924
53 6 1 33 1192188
53 6 1 34 1233616
53 6 1 35 1264464
53 6 1 36 1288692
53 6 1 37 1302076
53 6 1 38 1308928
53 6 1 39 1304908
53 6 1 40 1294312
53 6 1 41 1272720
53 6 1 42 1244728
53 6 1 43 1205516
53 6 1 44 1159920
53 6 1 45 1103180
53 6 1 46 1039912
53 6 1 47 964768
53 6 1 48 884220
53 6 1 49 798562
53 6 1 50 703460
53 6 1 51 629412
53 6 1 52 528596
53 6 2 27 4
53 6 2 28 4
53 6 2 29 4
53 6 2 30 4
53 6 2 31 4
53 6 2 32 4
53 6 2 33 4
53 6 2 34 4
53 6 2 35 4
53 6 2 36 4
53 6 2 37 4
53 6 2 38 4
53 6 2 39 4
53 6 2 40 4
53 6 2 41 4
53 6 2 42 4
53 6 2 43 4
53 6 2 44 4
53 6 2 45 4
53 6 2 46 4
53 6 2 47 4
53 6 2 48 4
53 6 2 49 4
53 6 2 50 4
53 6 2 51 104
53 6 2 52 200
54 0 0 54 2
54 1 0 28 4
54 1 0 29 4
54 1 0 30 4
54 1 0 31 4
54 1 0 32 4
54 1 0 33 4
54 1 0 34 4
54 1 0 35 4
54 1 0 36 4
54 1 0 37 4
54 1 0 38 4
54 1 0 39 4
54 1 0 40 4
54 1 0 41 4
54 1 0 42 4
54 1 0 43 4
54 1 0 44 4
54 1 0 45 4
54 1 0 46 4
54 1 0 47 4
54 1 0 48 4
54 1 0 49 4
54 1 0 50 4
54 1 0 51 4
54 1 0 52 4
54 1 0 53 4
54 1 0 54 104
54 2 0 19 4
54 2 0 20 20
54 2 0 21 28
54 2 0 22 50
54 2 0 23 52
54 2 0 24 80
54 2 0 25 76
54 2 0 26 110
54 2 0 27 102
54 2 0 28 324
54 2 0 29 308
54 2 0 30 354
54 2 0 31 332
54 2 0 32 384
54 2 0 33 356
54 2 0 34 414
54 2 0 35 380
54 2 0 36 444
54 2 0 37 404
54 2 0 38 474
54 2 0 39 428
54 2 0 40 504
54 2 0 41 452
54 2 0 42 534
54 2 0 43 476
54 2 0 44 564
54 2 0 45 500
54 2 0 46 594
54 2 0 47 524
54 2 0 48 624
54 2 0 49 548
54 2 0 50 654
54 2 0 51 576
54 2 0 52 688
54 2 0 53 710
54 2 0 54 2860
54 3 0 15 20
54 3 0 16 100
54 3 0 17 244
54 3 0 18 452
54 3 0 19 856
54 3 0 20 1708
54 3 0 21 2596
54 3 0 22 4132
54 3 0 23 5440
54 3 0 24 7732
54 3 0 25 9452
54 3 0 26 12516
54 3 0 27 14836
54 3 0 28 20782
54 3 0 29 21264
54 3 0 30 23408
54 3 0 31 23424
54 3 0 32 25612
54 3 0 33 25232
54 3 0 34 27476
54 3 0 35 26688
54 3 0 36 29000
54 3 0 37 27792
54 3 0 38 30184
54 3 0 39 28544
54 3 0 40 31028
54 3 0 41 28944
54 3 0 42 31532
54 3 0 43 28992
54 3 0 44 31696
54 3 0 45 28688
54 3 0 46 31520
54 3 0 47 28032
54 3 0 48 31000
54 3 0 49 27200
54 3 0 50 30344
54 3 0 51 26592
54 3 0 52 30324
54 3 0 53 30906
54 3 0 54 54604
54 4 0 12 14
54 4 0 13 196
54 4 0 14 1000
54 4 0 15 3060
54 4 0 16 9198
54 4 0 17 20604
54 4 0 18 43294
54 4 0 19 77822
54 4 0 20 132578
54 4 0 21 192712
54 4 0 22 277528
54 4 0 23 360302
54 4 0 24 471998
54 4 0 25 572228
54 4 0 26 706892
54 4 0 27 829883
54 4 0 28 994689
54 4 0 29 1045084
54 4 0 30 1125788
54 4 0 31 1156226
54 4 0 32 1227094
54 4 0 33 1239904
54 4 0 34 1301228
54 4 0 35 1296258
54 4 0 36 1348446
54 4 0 37 1325620
54 4 0 38 1368888
54 4 0 39 1328230
54 4 0 40 1362918
54 4 0 41 1304196
54 4 0 42 1330792
54 4 0 43 1253882
54 4 0 44 1272548
54 4 0 45 1177372
54 4 0 46 1188548
54 4 0 47 1075034
54 4 0 48 1078762
54 4 0 49 953388
54 4 0 50 951646
54 4 0 51 825390
54 4 0 52 833612
54 4 0 53 776886
54 4 0 54 806856
54 4 1 28 12
54 4 1 29 28
54 4 1 30 44
54 4 1 31 60
54 4 1 32 76
54 4 1 33 92
54 4 1 34 108
54 4 1 35 124
54 4 1 36 140
54 4 1 37 156
54 4 1 38 172
54 4 1 39 188
54 4 1 40 204
54 4 1 41 220
54 4 1 42 236
54 4 1 43 252
54 4 1 44 268
54 4 1 45 284
54 4 1 46 300
54 4 1 47 316
54 4 1 48 332
54 4 1 49 348
54 4 1 50 364
54 4 1 51 380
54 4 1 52 400
54 4 1 53 416
54 5 0 10 4
54 5 0 11 328
54 5 0 12 3340
54 5 0 13 19256
54 5 0 14 79828
54 5 0 15 248132
54 5 0 16 622020
54 5 0 17 1298380
54 5 0 18 2438060
54 5 0 19 4144040
54 5 0 20 6513168
54 5 0 21 9381736
54 5 0 22 12917040
54 5 0 23 16729512
54 5 0 24 21062828
54 5 0 25 25327416
54 5 0 26 29929496
54 5 0 27 34169814
54 5 0 28 38151096
54 5 0 29 40400950
54 5 0 30 42723664
54 5 0 31 44162994
54 5 0 32 45833296
54 5 0 33 46529510
54 5 0 34 47569168
54 5 0 35 47544002
54 5 0 36 47986608
54 5 0 37 47272790
54 5 0 38 47155000
54 5 0 39 45798014
54 5 0 40 45167756
54 5 0 41 43214938
54 5 0 42 42133308
54 5 0 43 39644038
54 5 0 44 38171272
54 5 0 45 35217746
54 5 0 46 33430916
54 5 0 47 30094846
54 5 0 48 28082492
54 5 0 49 24557666
54 5 0 50 22431196
54 5 0 51 18947778
54 5 0 52 16940016
54 5 0 53 13892606
54 5 0 54 9779720
54 5 1 19 24
54 5 1 20 232
54 5 1 21 688
54 5 1 22 1444
54 5 1 23 2428
54 5 1 24 3736
54 5 1 25 5248
54 5 1 26 7108
54 5 1 27 9146
54 5 1 28 10780
54 5 1 29 12020
54 5 1 30 13304
54 5 1 31 14368
54 5 1 32 15500
54 5 1 33 16388
54 5 1 34 17368
54 5 1 35 18080
54 5 1 36 18908
54 5 1 37 19444
54 5 1 38 20120
54 5 1 39 20480
54 5 1 40 21004
54 5 1 41 21188
54 5 1 42 21560
54 5 1 43 21568
54 5 1 44 21788
54 5 1 45 21620
54 5 1 46 21688
54 5 1 47 21344
54 5 1 48 21260
54 5 1 49 20740
54 5 1 50 20692
54 5 1 51 20110
54 5 1 52 20796
54 5 1 53 21000
54 6 0 9 32
54 6 0 10 2312
54 6 0 11 31656
54 6 0 12 255836
54 6 0 13 1233090
54 6 0 14 4373480
54 6 0 15 12136060
54 6 0 16 28370366
54 6 0 17 56903104
54 6 0 18 102251462
54 6 0 19 166400224
54 6 0 20 250045390
54 6 0 21 350176850
54 6 0 22 466175132
54 6 0 23 590828244
54 6 0 24 722743602
54 6 0 25 852523344
54 6 0 26 979860810
54 6 0 27 1094079748
54 6 0 28 1188241736
54 6 0 29 1253806210
54 6 0 30 1309633810
54 6 0 31 1347990408
54 6 0 32 1378597814
54 6 0 33 1391581418
54 6 0 34 1398415662
54 6 0 35 1387728780
54 6 0 36 1372826142
54 6 0 37 1340696734
54 6 0 38 1306518456
54 6 0 39 1255710360
54 6 0 40 1205161730
54 6 0 41 1138771850
54 6 0 42 1075223620
54 6 0 43 996733126
54 6 0 44 923783106
54 6 0 45 837122106
54 6 0 46 758792574
54 6 0 47 668202698
54 6 0 48 589113966
54 6 0 49 500100224
54 6 0 50 424672400
54 6 0 51 342101368
54 6 0 52 273101176
54 6 0 53 194195850
54 6 0 54 100798790
54 6 1 15 260
54 6 1 16 2480
54 6 1 17 9556
54 6 1 18 24596
54 6 1 19 50264
54 6 1 20 87968
54 6 1 21 140260
54 6 1 22 206532
54 6 1 23 287656
54 6 1 24 382232
54 6 1 25 491764
54 6 1 26 614888
54 6 1 27 755876
54 6 1 28 866190
54 6 1 29 958544
54 6 1 30 1040832
54 6 1 31 1115952
54 6 1 32 1180524
54 6 1 33 1238084
54 6 1 34 1284972
54 6 1 35 1324900
54 6 1 36 1353964
54 6 1 37 1376284
54 6 1 38 1387476
54 6 1 39 1392008
54 6 1 40 1385392
54 6 1 41 1372064
54 6 1 42 1347468
54 6 1 43 1316336
54 6 1 44 1273712
54 6 1 45 1224564
54 6 1 46 1164008
54 6 1 47 1096776
54 6 1 48 1017392
54 6 1 49 932480
54 6 1 50 842520
54 6 1 51 742810
54 6 1 52 665456
54 6 1 53 560384
54 6 2 27 2
54 6 2 28 4
54 6 2 29 4
54 6 2 30 4
54 6 2 31 4
54 6 2 32 4
54 6 2 33 4
54 6 2 34 4
54 6 2 35 4
54 6 2 36 4
54 6 2 37 4
54 6 2 38 4
54 6 2 39 4
54 6 2 40 4
54 6 2 41 4
54 6 2 42 4
54 6 2 43 4
54 6 2 44 4
54 6 2 45 4
54 6 2 46 4
54 6 2 47 4
54 6 2 48 4
54 6 2 49 4
54 6 2 50 4
54 6 2 51 4
54 6 2 52 106
54 6 2 53 204
55 0 0 55 2
55 1 0 28 2
55 1 0 29 4
55 1 0 30 4
55 1 0 31 4
55 1 0 32 4
55 1 0 33 4
55 1 0 34 4
55 1 0 35 4
55 1 0 36 4
55 1 0 37 4
55 1 0 38 4
55 1 0 39 4
55 1 0 40 4
55 1 0 41 4
55 1 0 42 4
55 1 0 43 4
55 1 0 44 4
55 1 0 45 4
55 1 0 46 4
55 1 0 47 4
55 1 0 48 4
55 1 0 49 4
55 1 0 50 4
55 1 0 51 4
55 1 0 52 4
55 1 0 53 4
55 1 0 54 4
55 1 0 55 106
55 2 0 19 2
55 2 0 20 12
55 2 0 21 30
55 2 0 22 36
55 2 0 23 60
55 2 0 24 60
55 2 0 25 90
55 2 0 26 84
55 2 0 27 120
55 2 0 28 204
55 2 0 29 338
55 2 0 30 320
55 2 0 31 368
55 2 0 32 344
55 2 0 33 398
55 2 0 34 368
55 2 0 35 428
55 2 0 36 392
55 2 0 37 458
55 2 0 38 416
55 2 0 39 488
55 2 0 40 440
55 2 0 41 518
55 2 0 42 464
55 2 0 43 548
55 2 0 44 488
55 2 0 45 578
55 2 0 46 512
55 2 0 47 608
55 2 0 48 536
55 2 0 49 638
55 2 0 50 560
55 2 0 51 668
55 2 0 52 588
55 2 0 53 702
55 2 0 54 724
55 2 0 55 2968
55 3 0 15 12
55 3 0 16 76
55 3 0 17 204
55 3 0 18 396
55 3 0 19 716
55 3 0 20 1376
55 3 0 21 2444
55 3 0 22 3480
55 3 0 23 5288
55 3 0 24 6740
55 3 0 25 9312
55 3 0 26 11168
55 3 0 27 14524
55 3 0 28 18380
55 3 0 29 22252
55 3 0 30 22684
55 3 0 31 24906
55 3 0 32 24808
55 3 0 33 27082
55 3 0 34 26580
55 3 0 35 28918
55 3 0 36 28000
55 3 0 37 30414
55 3 0 38 29068
55 3 0 39 31570
55 3 0 40 29784
55 3 0 41 32386
55 3 0 42 30148
55 3 0 43 32862
55 3 0 44 30160
55 3 0 45 32998
55 3 0 46 29820
55 3 0 47 32794
55 3 0 48 29128
55 3 0 49 32246
55 3 0 50 28264
55 3 0 51 31566
55 3 0 52 27636
55 3 0 53 31542
55 3 0 54 32136
55 3 0 55 57668
55 4 0 12 4
55 4 0 13 146
55 4 0 14 704
55 4 0 15 2604
55 4 0 16 7080
55 4 0 17 18042
55 4 0 18 36100
55 4 0 19 69914
55 4 0 20 116320
55 4 0 21 183214
55 4 0 22 253744
55 4 0 23 351520
55 4 0 24 443560
55 4 0 25 567370
55 4 0 26 675972
55 4 0 27 823668
55 4 0 28 970930
55 4 0 29 1093380
55 4 0 30 1140772
55 4 0 31 1223122
55 4 0 32 1250088
55 4 0 33 1322564
55 4 0 34 1331376
55 4 0 35 1394278
55 4 0 36 1384772
55 4 0 37 1438520
55 4 0 38 1410612
55 4 0 39 1455426
55 4 0 40 1409136
55 4 0 41 1445364
55 4 0 42 1380448
55 4 0 43 1408590
55 4 0 44 1324916
55 4 0 45 1345136
55 4 0 46 1242620
55 4 0 47 1255368
55 4 0 48 1133932
55 4 0 49 1139248
55 4 0 50 1005692
55 4 0 51 1005602
55 4 0 52 871424
55 4 0 53 882124
55 4 0 54 823040
55 4 0 55 866972
55 4 1 28 4
55 4 1 29 20
55 4 1 30 36
55 4 1 31 52
55 4 1 32 68
55 4 1 33 84
55 4 1 34 100
55 4 1 35 116
55 4 1 36 132
55 4 1 37 148
55 4 1 38 164
55 4 1 39 180
55 4 1 40 196
55 4 1 41 212
55 4 1 42 228
55 4 1 43 244
55 4 1 44 260
55 4 1 45 276
55 4 1 46 292
55 4 1 47 308
55 4 1 48 324
55 4 1 49 340
55 4 1 50 356
55 4 1 51 372
55 4 1 52 388
55 4 1 53 408
55 4 1 54 424
55 5 0 10 2
55 5 0 11 220
55 5 0 12 2446
55 5 0 13 14756
55 5 0 14 62670
55 5 0 15 206458
55 5 0 16 529672
55 5 0 17 1154636
55 5 0 18 2182974
55 5 0 19 3822638
55 5 0 20 6067926
55 5 0 21 9009710
55 5 0 22 12425888
55 5 0 23 16510428
55 5 0 24 20771958
55 5 0 25 25533658
55 5 0 26 30099826
55 5 0 27 35001864
55 5 0 28 39394746
55 5 0 29 42780342
55 5 0 30 44949344
55 5 0 31 47271940
55 5 0 32 48614484
55 5 0 33 50261392
55 5 0 34 50830008
55 5 0 35 51825756
55 5 0 36 51644508
55 5 0 37 52025414
55 5 0 38 51129532
55 5 0 39 50934556
55 5 0 40 49372272
55 5 0 41 48651856
55 5 0 42 46472768
55 5 0 43 45290796
55 5 0 44 42556772
55 5 0 45 40975638
55 5 0 46 37761540
55 5 0 47 35860980
55 5 0 48 32251192
55 5 0 49 30122222
55 5 0 50 26321580
55 5 0 51 24079138
55 5 0 52 20332084
55 5 0 53 18228030
55 5 0 54 14989128
55 5 0 55 10690076
55 5 1 19 8
55 5 1 20 128
55 5 1 21 516
55 5 1 22 1148
55 5 1 23 2088
55 5 1 24 3248
55 5 1 25 4740
55 5 1 26 6428
55 5 1 27 8472
55 5 1 28 10436
55 5 1 29 11864
55 5 1 30 13088
55 5 1 31 14364
55 5 1 32 15412
55 5 1 33 16536
55 5 1 34 17408
55 5 1 35 18380
55 5 1 36 19076
55 5 1 37 19896
55 5 1 38 20416
55 5 1 39 21084
55 5 1 40 21428
55 5 1 41 21944
55 5 1 42 22112
55 5 1 43 22476
55 5 1 44 22468
55 5 1 45 22680
55 5 1 46 22496
55 5 1 47 22556
55 5 1 48 22196
55 5 1 49 22104
55 5 1 50 21568
55 5 1 51 21516
55 5 1 52 20920
55 5 1 53 21620
55 5 1 54 21828
55 6 0 9 18
55 6 0 10 1324
55 6 0 11 23148
55 6 0 12 188008
55 6 0 13 999204
55 6 0 14 3623834
55 6 0 15 10545224
55 6 0 16 25163174
55 6 0 17 52163602
55 6 0 18 95253314
55 6 0 19 158894406
55 6 0 20 242434606
55 6 0 21 346253150
55 6 0 22 465714710
55 6 0 23 599701964
55 6 0 24 739474310
55 6 0 25 884121200
55 6 0 26 1022886696
55 6 0 27 1156493267
55 6 0 28 1270612160
55 6 0 29 1356986793
55 6 0 30 1420780264
55 6 0 31 1475185070
55 6 0 32 1510458528
55 6 0 33 1538226286
55 6 0 34 1546709768
55 6 0 35 1549495238
55 6 0 36 1533092980
55 6 0 37 1513140510
55 6 0 38 1474287020
55 6 0 39 1434260122
55 6 0 40 1375935104
55 6 0 41 1318945916
55 6 0 42 1244455104
55 6 0 43 1174090584
55 6 0 44 1087129984
55 6 0 45 1007193750
55 6 0 46 911919996
55 6 0 47 826654874
55 6 0 48 727540332
55 6 0 49 641807334
55 6 0 50 544703108
55 6 0 51 463140026
55 6 0 52 373233456
55 6 0 53 298839862
55 6 0 54 213335972
55 6 0 55 112083618
55 6 1 15 116
55 6 1 16 1596
55 6 1 17 7168
55 6 1 18 19928
55 6 1 19 42844
55 6 1 20 77572
55 6 1 21 126280
55 6 1 22 190144
55 6 1 23 268148
55 6 1 24 361376
55 6 1 25 468220
55 6 1 26 590580
55 6 1 27 727620
55 6 1 28 868492
55 6 1 29 967706
55 6 1 30 1059864
55 6 1 31 1141476
55 6 1 32 1215808
55 6 1 33 1279296
55 6 1 34 1335656
55 6 1 35 1381056
55 6 1 36 1419372
55 6 1 37 1446540
55 6 1 38 1466840
55 6 1 39 1475728
55 6 1 40 1477828
55 6 1 41 1468504
55 6 1 42 1452332
55 6 1 43 1424620
55 6 1 44 1390236
55 6 1 45 1344088
55 6 1 46 1291276
55 6 1 47 1226792
55 6 1 48 1155484
55 6 1 49 1071748
55 6 1 50 982360
55 6 1 51 887994
55 6 1 52 783568
55 6 1 53 702836
55 6 1 54 593420
55 6 2 28 4
55 6 2 29 4
55 6 2 30 4
55 6 2 31 4
55 6 2 32 4
55 6 2 33 4
55 6 2 34 4
55 6 2 35 4
55 6 2 36 4
55 6 2 37 4
55 6 2 38 4
55 6 2 39 4
55 6 2 40 4
55 6 2 41 4
55 6 2 42 4
55 6 2 43 4
55 6 2 44 4
55 6 2 45 4
55 6 2 46 4
55 6 2 47 4
55 6 2 48 4
55 6 2 49 4
55 6 2 50 4
55 6 2 51 4
55 6 2 52 4
55 6 2 53 108
55 6 2 54 208
56 0 0 56 2
56 1 0 29 4
56 1 0 30 4
56 1 0 31 4
56 1 0 32 4
56 1 0 33 4
56 1 0 34 4
56 1 0 35 4
56 1 0 36 4
56 1 0 37 4
56 1 0 38 4
56 1 0 39 4
56 1 0 40 4
56 1 0 41 4
56 1 0 42 4
56 1 0 43 4
56 1 0 44 4
56 1 0 45 4
56 1 0 46 4
56 1 0 47 4
56 1 0 48 4
56 1 0 49 4
56 1 0 50 4
56 1 0 51 4
56 1 0 52 4
56 1 0 53 4
56 1 0 54 4
56 1 0 55 4
56 1 0 56 108
56 2 0 20 10
56 2 0 21 20
56 2 0 22 40
56 2 0 23 44
56 2 0 24 70
56 2 0 25 68
56 2 0 26 100
56 2 0 27 92
56 2 0 28 132
56 2 0 29 308
56 2 0 30 352
56 2 0 31 332
56 2 0 32 382
56 2 0 33 356
56 2 0 34 412
56 2 0 35 380
56 2 0 36 442
56 2 0 37 404
56 2 0 38 472
56 2 0 39 428
56 2 0 40 502
56 2 0 41 452
56 2 0 42 532
56 2 0 43 476
56 2 0 44 562
56 2 0 45 500
56 2 0 46 592
56 2 0 47 524
56 2 0 48 622
56 2 0 49 548
56 2 0 50 652
56 2 0 51 572
56 2 0 52 682
56 2 0 53 600
56 2 0 54 716
56 2 0 55 738
56 2 0 56 3078
56 3 0 15 4
56 3 0 16 52
56 3 0 17 164
56 3 0 18 340
56 3 0 19 584
56 3 0 20 1204
56 3 0 21 2000
56 3 0 22 3324
56 3 0 23 4508
56 3 0 24 6592
56 3 0 25 8184
56 3 0 26 11040
56 3 0 27 13032
56 3 0 28 16880
56 3 0 29 21598
56 3 0 30 23940
56 3 0 31 24124
56 3 0 32 26428
56 3 0 33 26212
56 3 0 34 28576
56 3 0 35 27948
56 3 0 36 30384
56 3 0 37 29332
56 3 0 38 31852
56 3 0 39 30364
56 3 0 40 32980
56 3 0 41 31044
56 3 0 42 33768
56 3 0 43 31372
56 3 0 44 34216
56 3 0 45 31348
56 3 0 46 34324
56 3 0 47 30972
56 3 0 48 34092
56 3 0 49 30244
56 3 0 50 33516
56 3 0 51 29348
56 3 0 52 32812
56 3 0 53 28700
56 3 0 54 32784
56 3 0 55 33390
56 3 0 56 60844
56 4 0 12 2
56 4 0 13 80
56 4 0 14 590
56 4 0 15 1860
56 4 0 16 6006
56 4 0 17 14324
56 4 0 18 32030
56 4 0 19 58786
56 4 0 20 107124
56 4 0 21 163282
56 4 0 22 243658
56 4 0 23 324496
56 4 0 24 435292
56 4 0 25 536370
56 4 0 26 672538
56 4 0 27 789828
56 4 0 28 957586
56 4 0 29 1101328
56 4 0 30 1198054
56 4 0 31 1240004
56 4 0 32 1324088
56 4 0 33 1347318
56 4 0 34 1421498
56 4 0 35 1426040
56 4 0 36 1490624
56 4 0 37 1476302
56 4 0 38 1531722
56 4 0 39 1498444
56 4 0 40 1544924
56 4 0 41 1492706
56 4 0 42 1530602
56 4 0 43 1459188
56 4 0 44 1489012
56 4 0 45 1398262
56 4 0 46 1420180
56 4 0 47 1310004
56 4 0 48 1324476
56 4 0 49 1194790
56 4 0 50 1201854
56 4 0 51 1059788
56 4 0 52 1061518
56 4 0 53 919102
56 4 0 54 932474
56 4 0 55 870984
56 4 0 56 930364
56 4 1 29 12
56 4 1 30 28
56 4 1 31 44
56 4 1 32 60
56 4 1 33 76
56 4 1 34 92
56 4 1 35 108
56 4 1 36 124
56 4 1 37 140
56 4 1 38 156
56 4 1 39 172
56 4 1 40 188
56 4 1 41 204
56 4 1 42 220
56 4 1 43 236
56 4 1 44 252
56 4 1 45 268
56 4 1 46 284
56 4 1 47 300
56 4 1 48 316
56 4 1 49 332
56 4 1 50 348
56 4 1 51 364
56 4 1 52 380
56 4 1 53 396
56 4 1 54 416
56 4 1 55 432
56 5 0 11 112
56 5 0 12 1668
56 5 0 13 10780
56 5 0 14 49304
56 5 0 15 166718
56 5 0 16 453708
56 5 0 17 1005356
56 5 0 18 1973116
56 5 0 19 3460828
56 5 0 20 5693480
56 5 0 21 8492292
56 5 0 22 12052404
56 5 0 23 16017052
56 5 0 24 20645536
56 5 0 25 25333936
56 5 0 26 30504116
56 5 0 27 35343464
56 5 0 28 40563434
56 5 0 29 44616880
56 5 0 30 47706964
56 5 0 31 49766662
56 5 0 32 52084292
56 5 0 33 53316798
56 5 0 34 54935948
56 5 0 35 55363458
56 5 0 36 56311152
56 5 0 37 55960050
56 5 0 38 56275340
56 5 0 39 55183358
56 5 0 40 54907500
56 5 0 41 53125626
56 5 0 42 52311576
56 5 0 43 49891662
56 5 0 44 48606100
56 5 0 45 45612502
56 5 0 46 43919968
56 5 0 47 40430218
56 5 0 48 38413116
56 5 0 49 34514274
56 5 0 50 32266088
56 5 0 51 28174494
56 5 0 52 25813720
56 5 0 53 21788730
56 5 0 54 19587328
56 5 0 55 16149076
56 5 0 56 11666460
56 5 1 20 68
56 5 1 21 348
56 5 1 22 920
56 5 1 23 1728
56 5 1 24 2852
56 5 1 25 4188
56 5 1 26 5864
56 5 1 27 7728
56 5 1 28 9954
56 5 1 29 11544
56 5 1 30 12964
56 5 1 31 14172
56 5 1 32 15440
56 5 1 33 16472
56 5 1 34 17588
56 5 1 35 18444
56 5 1 36 19408
56 5 1 37 20088
56 5 1 38 20900
56 5 1 39 21404
56 5 1 40 22064
56 5 1 41 22392
56 5 1 42 22900
56 5 1 43 23052
56 5 1 44 23408
56 5 1 45 23384
56 5 1 46 23588
56 5 1 47 23388
56 5 1 48 23440
56 5 1 49 23064
56 5 1 50 22964
56 5 1 51 22412
56 5 1 52 22356
56 5 1 53 21746
56 5 1 54 22460
56 5 1 55 22672
56 6 0 9 4
56 6 0 10 902
56 6 0 11 15240
56 6 0 12 143104
56 6 0 13 779734
56 6 0 14 3033664
56 6 0 15 8995134
56 6 0 16 22363594
56 6 0 17 47223198
56 6 0 18 88735490
56 6 0 19 150096806
56 6 0 20 234649554
56 6 0 21 339191956
56 6 0 22 464490418
56 6 0 23 603499322
56 6 0 24 755229594
56 6 0 25 909330168
56 6 0 26 1065680328
56 6 0 27 1212016190
56 6 0 28 1350333118
56 6 0 29 1457258802
56 6 0 30 1539896790
56 6 0 31 1601303128
56 6 0 32 1653826404
56 6 0 33 1685423814
56 6 0 34 1709887414
56 6 0 35 1713258880
56 6 0 36 1711523696
56 6 0 37 1688780626
56 6 0 38 1663304658
56 6 0 39 1617093792
56 6 0 40 1570747770
56 6 0 41 1504270770
56 6 0 42 1440378894
56 6 0 43 1357155716
56 6 0 44 1279526778
56 6 0 45 1183473964
56 6 0 46 1096122116
56 6 0 47 991628896
56 6 0 48 899023000
56 6 0 49 790798564
56 6 0 50 698046182
56 6 0 51 592303350
56 6 0 52 504264880
56 6 0 53 406528344
56 6 0 54 326455768
56 6 0 55 233948356
56 6 0 56 124392918
56 6 1 15 36
56 6 1 16 956
56 6 1 17 5216
56 6 1 18 15888
56 6 1 19 36084
56 6 1 20 67760
56 6 1 21 113292
56 6 1 22 173612
56 6 1 23 249476
56 6 1 24 339640
56 6 1 25 445400
56 6 1 26 564940
56 6 1 27 700884
56 6 1 28 853060
56 6 1 29 974286
56 6 1 30 1073408
56 6 1 31 1165068
56 6 1 32 1245892
56 6 1 33 1319324
56 6 1 34 1381616
56 6 1 35 1436664
56 6 1 36 1480464
56 6 1 37 1517056
56 6 1 38 1542216
56 6 1 39 1560384
56 6 1 40 1566856
56 6 1 41 1566412
56 6 1 42 1554268
56 6 1 43 1535140
56 6 1 44 1504200
56 6 1 45 1466452
56 6 1 46 1416668
56 6 1 47 1360080
56 6 1 48 1291556
56 6 1 49 1216060
56 6 1 50 1127860
56 6 1 51 1033884
56 6 1 52 935008
56 6 1 53 825758
56 6 1 54 741576
56 6 1 55 627728
56 6 2 28 2
56 6 2 29 4
56 6 2 30 4
56 6 2 31 4
56 6 2 32 4
56 6 2 33 4
56 6 2 34 4
56 6 2 35 4
56 6 2 36 4
56 6 2 37 4
56 6 2 38 4
56 6 2 39 4
56 6 2 40 4
56 6 2 41 4
56 6 2 42 4
56 6 2 43 4
56 6 2 44 4
56 6 2 45 4
56 6 2 46 4
56 6 2 47 4
56 6 2 48 4
56 6 2 49 4
56 6 2 50 4
56 6 2 51 4
56 6 2 52 4
56 6 2 53 4
56 6 2 54 110
56 6 2 55 212
57 0 0 57 2
57 1 0 29 2
57 1 0 30 4
57 1 0 31 4
57 1 0 32 4
57 1 0 33 4
57 1 0 34 4
57 1 0 35 4
57 1 0 36 4
57 1 0 37 4
57 1 0 38 4
57 1 0 39 4
57 1 0 40 4
57 1 0 41 4
57 1 0 42 4
57 1 0 43 4
57 1 0 44 4
57 1 0 45 4
57 1 0 46 4
57 1 0 47 4
57 1 0 48 4
57 1 0 49 4
57 1 0 50 4
57 1 0 51 4
57 1 0 52 4
57 1 0 53 4
57 1 0 54 4
57 1 0 55 4
57 1 0 56 4
57 1 0 57 110
57 2 0 20 4
57 2 0 21 20
57 2 0 22 28
57 2 0 23 50
57 2 0 24 52
57 2 0 25 80
57 2 0 26 76
57 2 0 27 110
57 2 0 28 100
57 2 0 29 240
57 2 0 30 320
57 2 0 31 366
57 2 0 32 344
57 2 0 33 396
57 2 0 34 368
57 2 0 35 426
57 2 0 36 392
57 2 0 37 456
57 2 0 38 416
57 2 0 39 486
57 2 0 40 440
57 2 0 41 516
57 2 0 42 464
57 2 0 43 546
57 2 0 44 488
57 2 0 45 576
57 2 0 46 512
57 2 0 47 606
57 2 0 48 536
57 2 0 49 636
57 2 0 50 560
57 2 0 51 666
57 2 0 52 584
57 2 0 53 696
57 2 0 54 612
57 2 0 55 730
57 2 0 56 752
57 2 0 57 3190
57 3 0 15 2
57 3 0 16 36
57 3 0 17 132
57 3 0 18 292
57 3 0 19 516
57 3 0 20 944
57 3 0 21 1844
57 3 0 22 2764
57 3 0 23 4360
57 3 0 24 5688
57 3 0 25 8052
57 3 0 26 9780
57 3 0 27 12924
57 3 0 28 15048
57 3 0 29 20734
57 3 0 30 23036
57 3 0 31 25514
57 3 0 32 25584
57 3 0 33 27974
57 3 0 34 27636
57 3 0 35 30094
57 3 0 36 29336
57 3 0 37 31874
57 3 0 38 30684
57 3 0 39 33314
57 3 0 40 31680
57 3 0 41 34414
57 3 0 42 32324
57 3 0 43 35174
57 3 0 44 32616
57 3 0 45 35594
57 3 0 46 32556
57 3 0 47 35674
57 3 0 48 32144
57 3 0 49 35414
57 3 0 50 31380
57 3 0 51 34810
57 3 0 52 30452
57 3 0 53 34082
57 3 0 54 29784
57 3 0 55 34050
57 3 0 56 34668
57 3 0 57 64134
57 4 0 13 54
57 4 0 14 396
57 4 0 15 1606
57 4 0 16 4532
57 4 0 17 12464
57 4 0 18 26320
57 4 0 19 52836
57 4 0 20 91936
57 4 0 21 153582
57 4 0 22 220196
57 4 0 23 314512
57 4 0 24 405468
57 4 0 25 529382
57 4 0 26 639292
57 4 0 27 788148
57 4 0 28 914810
57 4 0 29 1114241
57 4 0 30 1205800
57 4 0 31 1304326
57 4 0 32 1342808
57 4 0 33 1428720
57 4 0 34 1447944
57 4 0 35 1523930
57 4 0 36 1523924
57 4 0 37 1590300
57 4 0 38 1570876
57 4 0 39 1628086
57 4 0 40 1589144
57 4 0 41 1637416
57 4 0 42 1578968
57 4 0 43 1618666
57 4 0 44 1540444
57 4 0 45 1572092
57 4 0 46 1473948
57 4 0 47 1497714
57 4 0 48 1379552
57 4 0 49 1395906
57 4 0 50 1257636
57 4 0 51 1266614
57 4 0 52 1115704
57 4 0 53 1119428
57 4 0 54 968452
57 4 0 55 984696
57 4 0 56 920752
57 4 0 57 997148
57 4 1 29 4
57 4 1 30 20
57 4 1 31 36
57 4 1 32 52
57 4 1 33 68
57 4 1 34 84
57 4 1 35 100
57 4 1 36 116
57 4 1 37 132
57 4 1 38 148
57 4 1 39 164
57 4 1 40 180
57 4 1 41 196
57 4 1 42 212
57 4 1 43 228
57 4 1 44 244
57 4 1 45 260
57 4 1 46 276
57 4 1 47 292
57 4 1 48 308
57 4 1 49 324
57 4 1 50 340
57 4 1 51 356
57 4 1 52 372
57 4 1 53 388
57 4 1 54 404
57 4 1 55 424
57 4 1 56 440
57 5 0 11 70
57 5 0 12 1212
57 5 0 13 8196
57 5 0 14 38272
57 5 0 15 136740
57 5 0 16 380692
57 5 0 17 884376
57 5 0 18 1751342
57 5 0 19 3167632
57 5 0 20 5233550
57 5 0 21 8075310
57 5 0 22 11475084
57 5 0 23 15667958
57 5 0 24 20170380
57 5 0 25 25328660
57 5 0 26 30411582
57 5 0 27 35962962
57 5 0 28 41051510
57 5 0 29 46523090
57 5 0 30 49802966
57 5 0 31 52889048
57 5 0 32 54859320
57 5 0 33 57167476
57 5 0 34 58276220
57 5 0 35 59863330
57 5 0 36 60135748
57 5 0 37 61031332
57 5 0 38 60496120
57 5 0 39 60741972
57 5 0 40 59439364
57 5 0 41 59079028
57 5 0 42 57062776
57 5 0 43 56151722
57 5 0 44 53475924
57 5 0 45 52083636
57 5 0 46 48815136
57 5 0 47 47008288
57 5 0 48 43227292
57 5 0 49 41090960
57 5 0 50 36887208
57 5 0 51 34517336
57 5 0 52 30119140
57 5 0 53 27637810
57 5 0 54 23320092
57 5 0 55 21020458
57 5 0 56 17374840
57 5 0 57 12712368
57 5 1 20 24
57 5 1 21 232
57 5 1 22 688
57 5 1 23 1444
57 5 1 24 2428
57 5 1 25 3736
57 5 1 26 5248
57 5 1 27 7108
57 5 1 28 9148
57 5 1 29 11300
57 5 1 30 12668
57 5 1 31 14080
57 5 1 32 15272
57 5 1 33 16532
57 5 1 34 17548
57 5 1 35 18656
57 5 1 36 19496
57 5 1 37 20452
57 5 1 38 21116
57 5 1 39 21920
57 5 1 40 22408
57 5 1 41 23060
57 5 1 42 23372
57 5 1 43 23872
57 5 1 44 24008
57 5 1 45 24356
57 5 1 46 24316
57 5 1 47 24512
57 5 1 48 24296
57 5 1 49 24340
57 5 1 50 23948
57 5 1 51 23840
57 5 1 52 23272
57 5 1 53 23212
57 5 1 54 22588
57 5 1 55 23316
57 5 1 56 23532
57 6 0 9 2
57 6 0 10 476
57 6 0 11 11066
57 6 0 12 102636
57 6 0 13 622958
57 6 0 14 2479132
57 6 0 15 7732304
57 6 0 16 19586800
57 6 0 17 42821726
57 6 0 18 81762776
57 6 0 19 141748834
57 6 0 20 224760872
57 6 0 21 331896720
57 6 0 22 459112232
57 6 0 23 606472126
57 6 0 24 764849024
57 6 0 25 933750946
57 6 0 26 1101081742
57 6 0 27 1267832322
57 6 0 28 1420126966
57 6 0 29 1559047624
57 6 0 30 1655622742
57 6 0 31 1737184214
57 6 0 32 1795966548
57 6 0 33 1846135366
57 6 0 34 1873430100
57 6 0 35 1894105188
57 6 0 36 1891719816
57 6 0 37 1884973412
57 6 0 38 1855231956
57 6 0 39 1823741298
57 6 0 40 1769508424
57 6 0 41 1716356386
57 6 0 42 1641061828
57 6 0 43 1569789874
57 6 0 44 1477173200
57 6 0 45 1391817586
57 6 0 46 1286021584
57 6 0 47 1190811694
57 6 0 48 1076464276
57 6 0 49 976100492
57 6 0 50 858153776
57 6 0 51 757996052
57 6 0 52 643040764
57 6 0 53 548177008
57 6 0 54 442092488
57 6 0 55 356047954
57 6 0 56 256115844
57 6 0 57 137799046
57 6 1 15 12
57 6 1 16 532
57 6 1 17 3680
57 6 1 18 12452
57 6 1 19 29980
57 6 1 20 58892
57 6 1 21 100680
57 6 1 22 158088
57 6 1 23 230456
57 6 1 24 318748
57 6 1 25 421500
57 6 1 26 540220
57 6 1 27 673080
57 6 1 28 823676
57 6 1 29 975100
57 6 1 30 1084302
57 6 1 31 1183124
57 6 1 32 1274180
57 6 1 33 1354104
57 6 1 34 1426524
57 6 1 35 1487508
57 6 1 36 1541132
57 6 1 37 1583220
57 6 1 38 1617976
57 6 1 39 1641016
57 6 1 40 1656940
57 6 1 41 1660884
57 6 1 42 1657784
57 6 1 43 1642708
57 6 1 44 1620512
57 6 1 45 1586232
57 6 1 46 1545008
57 6 1 47 1491476
57 6 1 48 1431000
57 6 1 49 1358324
57 6 1 50 1278528
57 6 1 51 1185752
57 6 1 52 1087076
57 6 1 53 983586
57 6 1 54 869404
57 6 1 55 781700
57 6 1 56 663332
57 6 2 29 4
57 6 2 30 4
57 6 2 31 4
57 6 2 32 4
57 6 2 33 4
57 6 2 34 4
57 6 2 35 4
57 6 2 36 4
57 6 2 37 4
57 6 2 38 4
57 6 2 39 4
57 6 2 40 4
57 6 2 41 4
57 6 2 42 4
57 6 2 43 4
57 6 2 44 4
57 6 2 45 4
57 6 2 46 4
57 6 2 47 4
57 6 2 48 4
57 6 2 49 4
57 6 2 50 4
57 6 2 51 4
57 6 2 52 4
57 6 2 53 4
57 6 2 54 4
57 6 2 55 112
57 6 2 56 216
58 0 0 58 2
58 1 0 30 4
58 1 0 31 4
58 1 0 32 4
58 1 0 33 4
58 1 0 34 4
58 1 0 35 4
58 1 0 36 4
58 1 0 37 4
58 1 0 38 4
58 1 0 39 4
58 1 0 40 4
58 1 0 41 4
58 1 0 42 4
58 1 0 43 4
58 1 0 44 4
58 1 0 45 4
58 1 0 46 4
58 1 0 47 4
58 1 0 48 4
58 1 0 49 4
58 1 0 50 4
58 1 0 51 4
58 1 0 52 4
58 1 0 53 4
58 1 0 54 4
58 1 0 55 4
58 1 0 56 4
58 1 0 57 4
58 1 0 58 112
58 2 0 20 2
58 2 0 21 12
58 2 0 22 30
58 2 0 23 36
58 2 0 24 60
58 2 0 25 60
58 2 0 26 90
58 2 0 27 84
58 2 0 28 120
58 2 0 29 110
58 2 0 30 350
58 2 0 31 332
58 2 0 32 380
58 2 0 33 356
58 2 0 34 410
58 2 0 35 380
58 2 0 36 440
58 2 0 37 404
58 2 0 38 470
58 2 0 39 428
58 2 0 40 500
58 2 0 41 452
58 2 0 42 530
58 2 0 43 476
58 2 0 44 560
58 2 0 45 500
58 2 0 46 590
58 2 0 47 524
58 2 0 48 620
58 2 0 49 548
58 2 0 50 650
58 2 0 51 572
58 2 0 52 680
58 2 0 53 596
58 2 0 54 710
58 2 0 55 624
58 2 0 56 744
58 2 0 57 766
58 2 0 58 3304
58 3 0 16 20
58 3 0 17 100
58 3 0 18 244
58 3 0 19 452
58 3 0 20 792
58 3 0 21 1488
58 3 0 22 2608
58 3 0 23 3672
58 3 0 24 5544
58 3 0 25 7012
58 3 0 26 9660
58 3 0 27 11520
58 3 0 28 14960
58 3 0 29 17416
58 3 0 30 24250
58 3 0 31 24696
58 3 0 32 27112
58 3 0 33 27064
58 3 0 34 29544
58 3 0 35 29080
58 3 0 36 31636
58 3 0 37 30744
58 3 0 38 33388
58 3 0 39 32056
58 3 0 40 34800
58 3 0 41 33016
58 3 0 42 35872
58 3 0 43 33624
58 3 0 44 36604
58 3 0 45 33880
58 3 0 46 36996
58 3 0 47 33784
58 3 0 48 37048
58 3 0 49 33336
58 3 0 50 36760
58 3 0 51 32536
58 3 0 52 36128
58 3 0 53 31576
58 3 0 54 35376
58 3 0 55 30888
58 3 0 56 35340
58 3 0 57 35970
58 3 0 58 67540
58 4 0 13 24
58 4 0 14 316
58 4 0 15 1150
58 4 0 16 3830
58 4 0 17 9688
58 4 0 18 23182
58 4 0 19 44376
58 4 0 20 82974
58 4 0 21 134952
58 4 0 22 209668
58 4 0 23 287302
58 4 0 24 395638
58 4 0 25 496480
58 4 0 26 633584
58 4 0 27 752270
58 4 0 28 914470
58 4 0 29 1057817
58 4 0 30 1259197
58 4 0 31 1316470
58 4 0 32 1414466
58 4 0 33 1449212
58 4 0 34 1537052
58 4 0 35 1551994
58 4 0 36 1629894
58 4 0 37 1625056
58 4 0 38 1693340
58 4 0 39 1668522
58 4 0 40 1727646
58 4 0 41 1682740
58 4 0 42 1732936
58 4 0 43 1667950
58 4 0 44 1709590
58 4 0 45 1624244
58 4 0 46 1657864
58 4 0 47 1552002
58 4 0 48 1577772
58 4 0 49 1451292
58 4 0 50 1469692
58 4 0 51 1322498
58 4 0 52 1333562
58 4 0 53 1173468
58 4 0 54 1179366
58 4 0 55 1019502
58 4 0 56 1038824
58 4 0 57 972378
58 4 0 58 1067442
58 4 1 30 12
58 4 1 31 28
58 4 1 32 44
58 4 1 33 60
58 4 1 34 76
58 4 1 35 92
58 4 1 36 108
58 4 1 37 124
58 4 1 38 140
58 4 1 39 156
58 4 1 40 172
58 4 1 41 188
58 4 1 42 204
58 4 1 43 220
58 4 1 44 236
58 4 1 45 252
58 4 1 46 268
58 4 1 47 284
58 4 1 48 300
58 4 1 49 316
58 4 1 50 332
58 4 1 51 348
58 4 1 52 364
58 4 1 53 380
58 4 1 54 396
58 4 1 55 412
58 4 1 56 432
58 4 1 57 448
58 5 0 11 28
58 5 0 12 784
58 5 0 13 5896
58 5 0 14 29612
58 5 0 15 108780
58 5 0 16 321212
58 5 0 17 760260
58 5 0 18 1569084
58 5 0 19 2850112
58 5 0 20 4845972
58 5 0 21 7530828
58 5 0 22 11028076
58 5 0 23 15052488
58 5 0 24 19880656
58 5 0 25 24905688
58 5 0 26 30575776
58 5 0 27 36023440
58 5 0 28 41933808
58 5 0 29 47288870
58 5 0 30 52465850
58 5 0 31 55308710
58 5 0 32 58367392
58 5 0 33 60234034
58 5 0 34 62528292
58 5 0 35 63499070
58 5 0 36 65049948
58 5 0 37 65152802
58 5 0 38 65992316
58 5 0 39 65258246
58 5 0 40 65430940
58 5 0 41 63902682
58 5 0 42 63454380
58 5 0 43 61188458
58 5 0 44 60177144
58 5 0 45 57229894
58 5 0 46 55727864
58 5 0 47 52168618
58 5 0 48 50244668
58 5 0 49 46156310
58 5 0 50 43898192
58 5 0 51 39373146
58 5 0 52 36879256
58 5 0 53 32158286
58 5 0 54 29554320
58 5 0 55 24928582
58 5 0 56 22530012
58 5 0 57 18668854
58 5 0 58 13831416
58 5 1 20 8
58 5 1 21 128
58 5 1 22 516
58 5 1 23 1148
58 5 1 24 2088
58 5 1 25 3248
58 5 1 26 4740
58 5 1 27 6428
58 5 1 28 8472
58 5 1 29 10686
58 5 1 30 12456
58 5 1 31 13808
58 5 1 32 15212
58 5 1 33 16388
58 5 1 34 17640
58 5 1 35 18640
58 5 1 36 19740
58 5 1 37 20564
58 5 1 38 21512
58 5 1 39 22160
58 5 1 40 22956
58 5 1 41 23428
58 5 1 42 24072
58 5 1 43 24368
58 5 1 44 24860
58 5 1 45 24980
58 5 1 46 25320
58 5 1 47 25264
58 5 1 48 25452
58 5 1 49 25220
58 5 1 50 25256
58 5 1 51 24848
58 5 1 52 24732
58 5 1 53 24148
58 5 1 54 24084
58 5 1 55 23446
58 5 1 56 24188
58 5 1 57 24408
58 6 0 10 312
58 6 0 11 7066
58 6 0 12 77292
58 6 0 13 475578
58 6 0 14 2052338
58 6 0 15 6512782
58 6 0 16 17221090
58 6 0 17 38306326
58 6 0 18 75403630
58 6 0 19 132509246
58 6 0 20 214990414
58 6 0 21 321656644
58 6 0 22 453368082
58 6 0 23 604154352
58 6 0 24 773706308
58 6 0 25 950951206
58 6 0 26 1136161268
58 6 0 27 1315413474
58 6 0 28 1491093182
58 6 0 29 1647583864
58 6 0 30 1778956186
58 6 0 31 1869928724
58 6 0 32 1949866760
58 6 0 33 2005379918
58 6 0 34 2052700380
58 6 0 35 2075031352
58 6 0 36 2091413774
58 6 0 37 2082593074
58 6 0 38 2070326244
58 6 0 39 2032895948
58 6 0 40 1994881930
58 6 0 41 1931930334
58 6 0 42 1871469050
58 6 0 43 1786660096
58 6 0 44 1707515466
58 6 0 45 1604813722
58 6 0 46 1511255098
58 6 0 47 1395035318
58 6 0 48 1291511986
58 6 0 49 1166646866
58 6 0 50 1058096208
58 6 0 51 929786914
58 6 0 52 821827110
58 6 0 53 697059048
58 6 0 54 595010402
58 6 0 55 480035584
58 6 0 56 387718828
58 6 0 57 279924308
58 6 0 58 152378082
58 6 1 16 260
58 6 1 17 2480
58 6 1 18 9556
58 6 1 19 24600
58 6 1 20 50588
58 6 1 21 89152
58 6 1 22 142680
58 6 1 23 212412
58 6 1 24 297256
58 6 1 25 398404
58 6 1 26 514172
58 6 1 27 646280
58 6 1 28 793228
58 6 1 29 959724
58 6 1 30 1089474
58 6 1 31 1198672
58 6 1 32 1296884
58 6 1 33 1387224
58 6 1 34 1466136
58 6 1 35 1537432
58 6 1 36 1596996
58 6 1 37 1649084
58 6 1 38 1689348
58 6 1 39 1722156
58 6 1 40 1742964
58 6 1 41 1756532
58 6 1 42 1757836
58 6 1 43 1751968
58 6 1 44 1733848
58 6 1 45 1708472
58 6 1 46 1670740
58 6 1 47 1625928
58 6 1 48 1568536
58 6 1 49 1504060
58 6 1 50 1427120
58 6 1 51 1342912
58 6 1 52 1245448
58 6 1 53 1141960
58 6 1 54 1033752
58 6 1 55 914530
58 6 1 56 823232
58 6 1 57 700256
58 6 2 29 2
58 6 2 30 4
58 6 2 31 4
58 6 2 32 4
58 6 2 33 4
58 6 2 34 4
58 6 2 35 4
58 6 2 36 4
58 6 2 37 4
58 6 2 38 4
58 6 2 39 4
58 6 2 40 4
58 6 2 41 4
58 6 2 42 4
58 6 2 43 4
58 6 2 44 4
58 6 2 45 4
58 6 2 46 4
58 6 2 47 4
58 6 2 48 4
58 6 2 49 4
58 6 2 50 4
58 6 2 51 4
58 6 2 52 4
58 6 2 53 4
58 6 2 54 4
58 6 2 55 4
58 6 2 56 114
58 6 2 57 220
59 0 0 59 2
59 1 0 30 2
59 1 0 31 4
59 1 0 32 4
59 1 0 33 4
59 1 0 34 4
59 1 0 35 4
59 1 0 36 4
59 1 0 37 4
59 1 0 38 4
59 1 0 39 4
59 1 0 40 4
59 1 0 41 4
59 1 0 42 4
59 1 0 43 4
59 1 0 44 4
59 1 0 45 4
59 1 0 46 4
59 1 0 47 4
59 1 0 48 4
59 1 0 49 4
59 1 0 50 4
59 1 0 51 4
59 1 0 52 4
59 1 0 53 4
59 1 0 54 4
59 1 0 55 4
59 1 0 56 4
59 1 0 57 4
59 1 0 58 4
59 1 0 59 114
59 2 0 21 10
59 2 0 22 20
59 2 0 23 40
59 2 0 24 44
59 2 0 25 70
59 2 0 26 68
59 2 0 27 100
59 2 0 28 92
59 2 0 29 130
59 2 0 30 220
59 2 0 31 364
59 2 0 32 344
59 2 0 33 394
59 2 0 34 368
59 2 0 35 424
59 2 0 36 392
59 2 0 37 454
59 2 0 38 416
59 2 0 39 484
59 2 0 40 440
59 2 0 41 514
59 2 0 42 464
59 2 0 43 544
59 2 0 44 488
59 2 0 45 574
59 2 0 46 512
59 2 0 47 604
59 2 0 48 536
59 2 0 49 634
59 2 0 50 560
59 2 0 51 664
59 2 0 52 584
59 2 0 53 694
59 2 0 54 608
59 2 0 55 724
59 2 0 56 636
59 2 0 57 758
59 2 0 58 780
59 2 0 59 3420
59 3 0 16 12
59 3 0 17 76
59 3 0 18 204
59 3 0 19 396
59 3 0 20 656
59 3 0 21 1312
59 3 0 22 2144
59 3 0 23 3524
59 3 0 24 4732
59 3 0 25 6884
59 3 0 26 8488
59 3 0 27 11424
59 3 0 28 13412
59 3 0 29 17152
59 3 0 30 21410
59 3 0 31 25840
59 3 0 32 26232
59 3 0 33 28734
59 3 0 34 28564
59 3 0 35 31138
59 3 0 36 30544
59 3 0 37 33202
59 3 0 38 32172
59 3 0 39 34926
59 3 0 40 33448
59 3 0 41 36310
59 3 0 42 34372
59 3 0 43 37354
59 3 0 44 34944
59 3 0 45 38058
59 3 0 46 35164
59 3 0 47 38422
59 3 0 48 35032
59 3 0 49 38446
59 3 0 50 34548
59 3 0 51 38130
59 3 0 52 33712
59 3 0 53 37470
59 3 0 54 32720
59 3 0 55 36694
59 3 0 56 32012
59 3 0 57 36654
59 3 0 58 37296
59 3 0 59 71064
59 4 0 13 14
59 4 0 14 196
59 4 0 15 994
59 4 0 16 2848
59 4 0 17 8402
59 4 0 18 18740
59 4 0 19 39788
59 4 0 20 70408
59 4 0 21 124886
59 4 0 22 187252
59 4 0 23 276512
59 4 0 24 365108
59 4 0 25 487566
59 4 0 26 598088
59 4 0 27 748488
59 4 0 28 875968
59 4 0 29 1052558
59 4 0 30 1226088
59 4 0 31 1374714
59 4 0 32 1428468
59 4 0 33 1528508
59 4 0 34 1559244
59 4 0 35 1649118
59 4 0 36 1659496
59 4 0 37 1739424
59 4 0 38 1729464
59 4 0 39 1799778
59 4 0 40 1769268
59 4 0 41 1830436
59 4 0 42 1779260
59 4 0 43 1831518
59 4 0 44 1759680
59 4 0 45 1803408
59 4 0 46 1710616
59 4 0 47 1746362
59 4 0 48 1632452
59 4 0 49 1660388
59 4 0 50 1525252
59 4 0 51 1545868
59 4 0 52 1389404
59 4 0 53 1402732
59 4 0 54 1233108
59 4 0 55 1241366
59 4 0 56 1072280
59 4 0 57 1094892
59 4 0 58 1025896
59 4 0 59 1141366
59 4 1 30 4
59 4 1 31 20
59 4 1 32 36
59 4 1 33 52
59 4 1 34 68
59 4 1 35 84
59 4 1 36 100
59 4 1 37 116
59 4 1 38 132
59 4 1 39 148
59 4 1 40 164
59 4 1 41 180
59 4 1 42 196
59 4 1 43 212
59 4 1 44 228
59 4 1 45 244
59 4 1 46 260
59 4 1 47 276
59 4 1 48 292
59 4 1 49 308
59 4 1 50 324
59 4 1 51 340
59 4 1 52 356
59 4 1 53 372
59 4 1 54 388
59 4 1 55 404
59 4 1 56 420
59 4 1 57 440
59 4 1 58 456
59 5 0 11 16
59 5 0 12 556
59 5 0 13 4460
59 5 0 14 22738
59 5 0 15 88314
59 5 0 16 265330
59 5 0 17 661314
59 5 0 18 1378838
59 5 0 19 2593746
59 5 0 20 4405852
59 5 0 21 7083934
59 5 0 22 10396350
59 5 0 23 14598908
59 5 0 24 19247352
59 5 0 25 24704178
59 5 0 26 30226970
59 5 0 27 36381002
59 5 0 28 42155666
59 5 0 29 48408952
59 5 0 30 53964166
59 5 0 31 58343180
59 5 0 32 61083816
59 5 0 33 64148954
59 5 0 34 65897556
59 5 0 35 68173584
59 5 0 36 68991704
59 5 0 37 70502256
59 5 0 38 70420580
59 5 0 39 71200168
59 5 0 40 70251992
59 5 0 41 70347918
59 5 0 42 68578480
59 5 0 43 68038840
59 5 0 44 65507444
59 5 0 45 64392736
59 5 0 46 61157948
59 5 0 47 59543288
59 5 0 48 55676928
59 5 0 49 53633222
59 5 0 50 49220856
59 5 0 51 46838536
59 5 0 52 41975276
59 5 0 53 39355182
59 5 0 54 34294736
59 5 0 55 31566206
59 5 0 56 26616648
59 5 0 57 24118626
59 5 0 58 20033596
59 5 0 59 15027342
59 5 1 21 68
59 5 1 22 348
59 5 1 23 920
59 5 1 24 1728
59 5 1 25 2852
59 5 1 26 4188
59 5 1 27 5864
59 5 1 28 7728
59 5 1 29 9956
59 5 1 30 12080
59 5 1 31 13628
59 5 1 32 14964
59 5 1 33 16360
59 5 1 34 17520
59 5 1 35 18764
59 5 1 36 19748
59 5 1 37 20840
59 5 1 38 21648
59 5 1 39 22588
59 5 1 40 23220
59 5 1 41 24008
59 5 1 42 24464
59 5 1 43 25100
59 5 1 44 25380
59 5 1 45 25864
59 5 1 46 25968
59 5 1 47 26300
59 5 1 48 26228
59 5 1 49 26408
59 5 1 50 26160
59 5 1 51 26188
59 5 1 52 25764
59 5 1 53 25640
59 5 1 54 25040
59 5 1 55 24972
59 5 1 56 24320
59 5 1 57 25076
59 5 1 58 25300
59 6 0 10 144
59 6 0 11 5092
59 6 0 12 54196
59 6 0 13 374748
59 6 0 14 1650836
59 6 0 15 5548650
59 6 0 16 14898646
59 6 0 17 34383468
59 6 0 18 68725178
59 6 0 19 124005596
59 6 0 20 203533170
59 6 0 21 311510824
59 6 0 22 443598022
59 6 0 23 601412948
59 6 0 24 776033498
59 6 0 25 967536054
59 6 0 26 1162794118
59 6 0 27 1363139950
59 6 0 28 1552705480
59 6 0 29 1735670141
59 6 0 30 1891700882
59 6 0 31 2011795487
59 6 0 32 2100338856
59 6 0 33 2178593124
59 6 0 34 2230163504
59 6 0 35 2274120794
59 6 0 36 2290791712
59 6 0 37 2302357568
59 6 0 38 2286388632
59 6 0 39 2268073586
59 6 0 40 2222230364
59 6 0 41 2177166896
59 6 0 42 2104767028
59 6 0 43 2036476990
59 6 0 44 1941424784
59 6 0 45 1853899734
59 6 0 46 1740390144
59 6 0 47 1638138164
59 6 0 48 1510783640
59 6 0 49 1398478560
59 6 0 50 1262402700
59 6 0 51 1145224378
59 6 0 52 1005883532
59 6 0 53 889714200
59 6 0 54 754505828
59 6 0 55 644903054
59 6 0 56 520470612
59 6 0 57 421574200
59 6 0 58 305462704
59 6 0 59 168209954
59 6 1 16 116
59 6 1 17 1596
59 6 1 18 7168
59 6 1 19 19928
59 6 1 20 42996
59 6 1 21 78316
59 6 1 22 128384
59 6 1 23 194272
59 6 1 24 276756
59 6 1 25 374504
59 6 1 26 488936
59 6 1 27 618148
59 6 1 28 764276
59 6 1 29 926404
59 6 1 30 1091672
59 6 1 31 1208234
59 6 1 32 1317216
59 6 1 33 1414712
59 6 1 34 1504224
59 6 1 35 1582012
59 6 1 36 1652072
59 6 1 37 1710104
59 6 1 38 1760544
59 6 1 39 1798872
59 6 1 40 1829620
59 6 1 41 1848084
59 6 1 42 1859184
59 6 1 43 1857736
59 6 1 44 1848988
59 6 1 45 1827712
59 6 1 46 1799044
59 6 1 47 1757748
59 6 1 48 1709236
59 6 1 49 1647872
59 6 1 50 1579284
59 6 1 51 1497968
59 6 1 52 1409236
59 6 1 53 1306972
59 6 1 54 1198560
59 6 1 55 1085530
59 6 1 56 961160
59 6 1 57 866196
59 6 1 58 738524
59 6 2 30 4
59 6 2 31 4
59 6 2 32 4
59 6 2 33 4
59 6 2 34 4
59 6 2 35 4
59 6 2 36 4
59 6 2 37 4
59 6 2 38 4
59 6 2 39 4
59 6 2 40 4
59 6 2 41 4
59 6 2 42 4
59 6 2 43 4
59 6 2 44 4
59 6 2 45 4
59 6 2 46 4
59 6 2 47 4
59 6 2 48 4
59 6 2 49 4
59 6 2 50 4
59 6 2 51 4
59 6 2 52 4
59 6 2 53 4
59 6 2 54 4
59 6 2 55 4
59 6 2 56 4
59 6 2 57 116
59 6 2 58 224
60 0 0 60 2
60 1 0 31 4
60 1 0 32 4
60 1 0 33 4
60 1 0 34 4
60 1 0 35 4
60 1 0 36 4
60 1 0 37 4
60 1 0 38 4
60 1 0 39 4
60 1 0 40 4
60 1 0 41 4
60 1 0 42 4
60 1 0 43 4
60 1 0 44 4
60 1 0 45 4
60 1 0 46 4
60 1 0 47 4
60 1 0 48 4
60 1 0 49 4
60 1 0 50 4
60 1 0 51 4
60 1 0 52 4
60 1 0 53 4
60 1 0 54 4
60 1 0 55 4
60 1 0 56 4
60 1 0 57 4
60 1 0 58 4
60 1 0 59 4
60 1 0 60 116
60 2 0 21 4
60 2 0 22 20
60 2 0 23 28
60 2 0 24 50
60 2 0 25 52
60 2 0 26 80
60 2 0 27 76
60 2 0 28 110
60 2 0 29 100
60 2 0 30 142
60 2 0 31 332
60 2 0 32 378
60 2 0 33 356
60 2 0 34 408
60 2 0 35 380
60 2 0 36 438
60 2 0 37 404
60 2 0 38 468
60 2 0 39 428
60 2 0 40 498
60 2 0 41 452
60 2 0 42 528
60 2 0 43 476
60 2 0 44 558
60 2 0 45 500
60 2 0 46 588
60 2 0 47 524
60 2 0 48 618
60 2 0 49 548
60 2 0 50 648
60 2 0 51 572
60 2 0 52 678
60 2 0 53 596
60 2 0 54 708
60 2 0 55 620
60 2 0 56 738
60 2 0 57 648
60 2 0 58 772
60 2 0 59 794
60 2 0 60 3538
60 3 0 16 4
60 3 0 17 52
60 3 0 18 164
60 3 0 19 340
60 3 0 20 580
60 3 0 21 1032
60 3 0 22 1980
60 3 0 23 2932
60 3 0 24 4588
60 3 0 25 5936
60 3 0 26 8372
60 3 0 27 10108
60 3 0 28 13336
60 3 0 29 15452
60 3 0 30 19708
60 3 0 31 25046
60 3 0 32 27664
60 3 0 33 27788
60 3 0 34 30380
60 3 0 35 30084
60 3 0 36 32756
60 3 0 37 32028
60 3 0 38 34792
60 3 0 39 33620
60 3 0 40 36488
60 3 0 41 34860
60 3 0 42 37844
60 3 0 43 35748
60 3 0 44 38860
60 3 0 45 36284
60 3 0 46 39536
60 3 0 47 36468
60 3 0 48 39872
60 3 0 49 36300
60 3 0 50 39868
60 3 0 51 35780
60 3 0 52 39524
60 3 0 53 34908
60 3 0 54 38836
60 3 0 55 33884
60 3 0 56 38036
60 3 0 57 33156
60 3 0 58 37992
60 3 0 59 38646
60 3 0 60 74708
60 4 0 13 4
60 4 0 14 146
60 4 0 15 704
60 4 0 16 2424
60 4 0 17 6384
60 4 0 18 16398
60 4 0 19 32944
60 4 0 20 63608
60 4 0 21 107550
60 4 0 22 176458
60 4 0 23 249852
60 4 0 24 354116
60 4 0 25 453442
60 4 0 26 590098
60 4 0 27 710056
60 4 0 28 874028
60 4 0 29 1010650
60 4 0 30 1209916
60 4 0 31 1381204
60 4 0 32 1497008
60 4 0 33 1544298
60 4 0 34 1646486
60 4 0 35 1672932
60 4 0 36 1764952
60 4 0 37 1770478
60 4 0 38 1852554
60 4 0 39 1837176
60 4 0 40 1909648
60 4 0 41 1873142
60 4 0 42 1936490
60 4 0 43 1878732
60 4 0 44 1933196
60 4 0 45 1854186
60 4 0 46 1900154
60 4 0 47 1799588
60 4 0 48 1837620
60 4 0 49 1715326
60 4 0 50 1745596
60 4 0 51 1601460
60 4 0 52 1624468
60 4 0 53 1458382
60 4 0 54 1474158
60 4 0 55 1294652
60 4 0 56 1305462
60 4 0 57 1126814
60 4 0 58 1152934
60 4 0 59 1081340
60 4 0 60 1219042
60 4 1 31 12
60 4 1 32 28
60 4 1 33 44
60 4 1 34 60
60 4 1 35 76
60 4 1 36 92
60 4 1 37 108
60 4 1 38 124
60 4 1 39 140
60 4 1 40 156
60 4 1 41 172
60 4 1 42 188
60 4 1 43 204
60 4 1 44 220
60 4 1 45 236
60 4 1 46 252
60 4 1 47 268
60 4 1 48 284
60 4 1 49 300
60 4 1 50 316
60 4 1 51 332
60 4 1 52 348
60 4 1 53 364
60 4 1 54 380
60 4 1 55 396
60 4 1 56 412
60 4 1 57 428
60 4 1 58 448
60 4 1 59 464
60 5 0 11 4
60 5 0 12 328
60 5 0 13 3156
60 5 0 14 17316
60 5 0 15 69368
60 5 0 16 220578
60 5 0 17 560708
60 5 0 18 1223412
60 5 0 19 2314992
60 5 0 20 4051588
60 5 0 21 6526176
60 5 0 22 9900360
60 5 0 23 13892984
60 5 0 24 18819084
60 5 0 25 24083512
60 5 0 26 30158608
60 5 0 27 36150144
60 5 0 28 42764236
60 5 0 29 48833688
60 5 0 30 55464326
60 5 0 31 60596794
60 5 0 32 64572808
60 5 0 33 67174190
60 5 0 34 70241012
60 5 0 35 71856674
60 5 0 36 74110240
60 5 0 37 74760514
60 5 0 38 76226752
60 5 0 39 75945078
60 5 0 40 76660996
60 5 0 41 75482958
60 5 0 42 75498624
60 5 0 43 73471962
60 5 0 44 72837736
60 5 0 45 70024542
60 5 0 46 68803436
60 5 0 47 65264498
60 5 0 48 63534456
60 5 0 49 59344082
60 5 0 50 57178108
60 5 0 51 52424550
60 5 0 52 49915760
60 5 0 53 44696822
60 5 0 54 41948492
60 5 0 55 36531330
60 5 0 56 33676468
60 5 0 57 28386774
60 5 0 58 25788980
60 5 0 59 21471588
60 5 0 60 16304008
60 5 1 21 24
60 5 1 22 232
60 5 1 23 688
60 5 1 24 1444
60 5 1 25 2428
60 5 1 26 3736
60 5 1 27 5248
60 5 1 28 7108
60 5 1 29 9148
60 5 1 30 11558
60 5 1 31 13276
60 5 1 32 14816
60 5 1 33 16136
60 5 1 34 17524
60 5 1 35 18668
60 5 1 36 19904
60 5 1 37 20872
60 5 1 38 21956
60 5 1 39 22748
60 5 1 40 23680
60 5 1 41 24296
60 5 1 42 25076
60 5 1 43 25516
60 5 1 44 26144
60 5 1 45 26408
60 5 1 46 26884
60 5 1 47 26972
60 5 1 48 27296
60 5 1 49 27208
60 5 1 50 27380
60 5 1 51 27116
60 5 1 52 27136
60 5 1 53 26696
60 5 1 54 26564
60 5 1 55 25948
60 5 1 56 25876
60 5 1 57 25210
60 5 1 58 25980
60 5 1 59 26208
60 6 0 10 88
60 6 0 11 3132
60 6 0 12 40526
60 6 0 13 279778
60 6 0 14 1350062
60 6 0 15 4617984
60 6 0 16 12969080
60 6 0 17 30406814
60 6 0 18 62760922
60 6 0 19 114782036
60 6 0 20 192775542
60 6 0 21 298596394
60 6 0 22 433907126
60 6 0 23 593345002
60 6 0 24 777966484
60 6 0 25 976283148
60 6 0 26 1189177848
60 6 0 27 1401280906
60 6 0 28 1615396708
60 6 0 29 1813494768
60 6 0 30 2002049304
60 6 0 31 2147991862
60 6 0 32 2262653734
60 6 0 33 2347991842
60 6 0 34 2424031216
60 6 0 35 2470948488
60 6 0 36 2511006934
60 6 0 37 2521285542
60 6 0 38 2527491250
60 6 0 39 2503625992
60 6 0 40 2478716422
60 6 0 41 2423701794
60 6 0 42 2371045434
60 6 0 43 2288434144
60 6 0 44 2211779636
60 6 0 45 2105722538
60 6 0 46 2009294250
60 6 0 47 1884222068
60 6 0 48 1772772448
60 6 0 49 1633541068
60 6 0 50 1511973104
60 6 0 51 1363963160
60 6 0 52 1237704658
60 6 0 53 1086633836
60 6 0 54 961836898
60 6 0 55 815532702
60 6 0 56 697997010
60 6 0 57 563513880
60 6 0 58 457723336
60 6 0 59 332823126
60 6 0 60 185378564
60 6 1 16 36
60 6 1 17 956
60 6 1 18 5216
60 6 1 19 15888
60 6 1 20 36088
60 6 1 21 68448
60 6 1 22 114524
60 6 1 23 177216
60 6 1 24 255900
60 6 1 25 351564
60 6 1 26 462644
60 6 1 27 590788
60 6 1 28 733872
60 6 1 29 894800
60 6 1 30 1073384
60 6 1 31 1215066
60 6 1 32 1331516
60 6 1 33 1439964
60 6 1 34 1536632
60 6 1 35 1625204
60 6 1 36 1701756
60 6 1 37 1770468
60 6 1 38 1826856
60 6 1 39 1875536
60 6 1 40 1911816
60 6 1 41 1940392
60 6 1 42 1956400
60 6 1 43 1964920
60 6 1 44 1960608
60 6 1 45 1948868
60 6 1 46 1924324
60 6 1 47 1892252
60 6 1 48 1847280
60 6 1 49 1794956
60 6 1 50 1729508
60 6 1 51 1656696
60 6 1 52 1570892
60 6 1 53 1477524
60 6 1 54 1370348
60 6 1 55 1256900
60 6 1 56 1138944
60 6 1 57 1009318
60 6 1 58 910616
60 6 1 59 778160
60 6 2 30 2
60 6 2 31 4
60 6 2 32 4
60 6 2 33 4
60 6 2 34 4
60 6 2 35 4
60 6 2 36 4
60 6 2 37 4
60 6 2 38 4
60 6 2 39 4
60 6 2 40 4
60 6 2 41 4
60 6 2 42 4
60 6 2 43 4
60 6 2 44 4
60 6 2 45 4
60 6 2 46 4
60 6 2 47 4
60 6 2 48 4
60 6 2 49 4
60 6 2 50 4
60 6 2 51 4
60 6 2 52 4
60 6 2 53 4
60 6 2 54 4
60 6 2 55 4
60 6 2 56 4
60 6 2 57 4
60 6 2 58 118
60 6 2 59 228
61 0 0 61 2
61 1 0 31 2
61 1 0 32 4
61 1 0 33 4
61 1 0 34 4
61 1 0 35 4
61 1 0 36 4
61 1 0 37 4
61 1 0 38 4
61 1 0 39 4
61 1 0 40 4
61 1 0 41 4
61 1 0 42 4
61 1 0 43 4
61 1 0 44 4
61 1 0 45 4
61 1 0 46 4
61 1 0 47 4
61 1 0 48 4
61 1 0 49 4
61 1 0 50 4
61 1 0 51 4
61 1 0 52 4
61 1 0 53 4
61 1 0 54 4
61 1 0 55 4
61 1 0 56 4
61 1 0 57 4
61 1 0 58 4
61 1 0 59 4
61 1 0 60 4
61 1 0 61 118
61 2 0 21 2
61 2 0 22 12
61 2 0 23 30
61 2 0 24 36
61 2 0 25 60
61 2 0 26 60
61 2 0 27 90
61 2 0 28 84
61 2 0 29 120
61 2 0 30 108
61 2 0 31 258
61 2 0 32 344
61 2 0 33 392
61 2 0 34 368
61 2 0 35 422
61 2 0 36 392
61 2 0 37 452
61 2 0 38 416
61 2 0 39 482
61 2 0 40 440
61 2 0 41 512
61 2 0 42 464
61 2 0 43 542
61 2 0 44 488
61 2 0 45 572
61 2 0 46 512
61 2 0 47 602
61 2 0 48 536
61 2 0 49 632
61 2 0 50 560
61 2 0 51 662
61 2 0 52 584
61 2 0 53 692
61 2 0 54 608
61 2 0 55 722
61 2 0 56 632
61 2 0 57 752
61 2 0 58 660
61 2 0 59 786
61 2 0 60 808
61 2 0 61 3658
61 3 0 16 2
61 3 0 17 36
61 3 0 18 132
61 3 0 19 292
61 3 0 20 516
61 3 0 21 876
61 3 0 22 1608
61 3 0 23 2780
61 3 0 24 3872
61 3 0 25 5808
61 3 0 26 7292
61 3 0 27 10016
61 3 0 28 11880
61 3 0 29 15404
61 3 0 30 17644
61 3 0 31 24032
61 3 0 32 26596
61 3 0 33 29362
61 3 0 34 29364
61 3 0 35 32050
61 3 0 36 31624
61 3 0 37 34398
61 3 0 38 33532
61 3 0 39 36406
61 3 0 40 35088
61 3 0 41 38074
61 3 0 42 36292
61 3 0 43 39402
61 3 0 44 37144
61 3 0 45 40390
61 3 0 46 37644
61 3 0 47 41038
61 3 0 48 37792
61 3 0 49 41346
61 3 0 50 37588
61 3 0 51 41314
61 3 0 52 37032
61 3 0 53 40942
61 3 0 54 36124
61 3 0 55 40226
61 3 0 56 35068
61 3 0 57 39402
61 3 0 58 34320
61 3 0 59 39354
61 3 0 60 40020
61 3 0 61 78474
61 4 0 13 2
61 4 0 14 80
61 4 0 15 590
61 4 0 16 1796
61 4 0 17 5538
61 4 0 18 13024
61 4 0 19 29378
61 4 0 20 53972
61 4 0 21 97726
61 4 0 22 155604
61 4 0 23 238556
61 4 0 24 323616
61 4 0 25 443006
61 4 0 26 552852
61 4 0 27 703820
61 4 0 28 832992
61 4 0 29 1010898
61 4 0 30 1157398
61 4 0 31 1395657
61 4 0 32 1502700
61 4 0 33 1620712
61 4 0 34 1663988
61 4 0 35 1768434
61 4 0 36 1790304
61 4 0 37 1884588
61 4 0 38 1884968
61 4 0 39 1969318
61 4 0 40 1948220
61 4 0 41 2022984
61 4 0 42 1980172
61 4 0 43 2045842
61 4 0 44 1981184
61 4 0 45 2038004
61 4 0 46 1951496
61 4 0 47 1999862
61 4 0 48 1891188
61 4 0 49 1931672
61 4 0 50 1800652
61 4 0 51 1833430
61 4 0 52 1679944
61 4 0 53 1705526
61 4 0 54 1529460
61 4 0 55 1547874
61 4 0 56 1358128
61 4 0 57 1371688
61 4 0 58 1183132
61 4 0 59 1212984
61 4 0 60 1138744
61 4 0 61 1300594
61 4 1 31 4
61 4 1 32 20
61 4 1 33 36
61 4 1 34 52
61 4 1 35 68
61 4 1 36 84
61 4 1 37 100
61 4 1 38 116
61 4 1 39 132
61 4 1 40 148
61 4 1 41 164
61 4 1 42 180
61 4 1 43 196
61 4 1 44 212
61 4 1 45 228
61 4 1 46 244
61 4 1 47 260
61 4 1 48 276
61 4 1 49 292
61 4 1 50 308
61 4 1 51 324
61 4 1 52 340
61 4 1 53 356
61 4 1 54 372
61 4 1 55 388
61 4 1 56 404
61 4 1 57 420
61 4 1 58 436
61 4 1 59 456
61 4 1 60 472
61 5 0 11 2
61 5 0 12 220
61 5 0 13 2374
61 5 0 14 13208
61 5 0 15 55772
61 5 0 16 179756
61 5 0 17 481954
61 5 0 18 1063440
61 5 0 19 2091054
61 5 0 20 3664050
61 5 0 21 6066060
61 5 0 22 9244064
61 5 0 23 13361082
61 5 0 24 18058688
61 5 0 25 23709886
61 5 0 26 29572508
61 5 0 27 36246072
61 5 0 28 42666690
61 5 0 29 49709480
61 5 0 30 56048350
61 5 0 31 63010890
61 5 0 32 67119110
61 5 0 33 71095700
61 5 0 34 73586764
61 5 0 35 76650888
61 5 0 36 78118212
61 5 0 37 80345192
61 5 0 38 80811928
61 5 0 39 82229978
61 5 0 40 81732328
61 5 0 41 82380952
61 5 0 42 80956780
61 5 0 43 80888820
61 5 0 44 78588368
61 5 0 45 77856440
61 5 0 46 74744596
61 5 0 47 73414226
61 5 0 48 69553992
61 5 0 49 67705960
61 5 0 50 63174132
61 5 0 51 60883528
61 5 0 52 55771048
61 5 0 53 53133676
61 5 0 54 47541044
61 5 0 55 44662608
61 5 0 56 38870944
61 5 0 57 35888150
61 5 0 58 30241480
61 5 0 59 27543798
61 5 0 60 22985396
61 5 0 61 17665402
61 5 1 21 8
61 5 1 22 128
61 5 1 23 516
61 5 1 24 1148
61 5 1 25 2088
61 5 1 26 3248
61 5 1 27 4740
61 5 1 28 6428
61 5 1 29 8472
61 5 1 30 10688
61 5 1 31 13008
61 5 1 32 14488
61 5 1 33 16020
61 5 1 34 17324
61 5 1 35 18704
61 5 1 36 19832
61 5 1 37 21060
61 5 1 38 22012
61 5 1 39 23088
61 5 1 40 23864
61 5 1 41 24788
61 5 1 42 25388
61 5 1 43 26160
61 5 1 44 26584
61 5 1 45 27204
61 5 1 46 27452
61 5 1 47 27920
61 5 1 48 27992
61 5 1 49 28308
61 5 1 50 28204
61 5 1 51 28368
61 5 1 52 28088
61 5 1 53 28100
61 5 1 54 27644
61 5 1 55 27504
61 5 1 56 26872
61 5 1 57 26796
61 5 1 58 26116
61 5 1 59 26900
61 5 1 60 27132
61 6 0 10 32
61 6 0 11 2224
61 6 0 12 27760
61 6 0 13 218004
61 6 0 14 1067136
61 6 0 15 3900680
61 6 0 16 11092392
61 6 0 17 27033778
61 6 0 18 56594976
61 6 0 19 106452802
61 6 0 20 180808820
61 6 0 21 286121616
61 6 0 22 420449116
61 6 0 23 585340990
61 6 0 24 773167600
61 6 0 25 984775222
61 6 0 26 1206252792
61 6 0 27 1439622998
61 6 0 28 1667066266
61 6 0 29 1893288438
61 6 0 30 2097964974
61 6 0 31 2287181898
61 6 0 32 2418301132
61 6 0 33 2531642656
61 6 0 34 2613581000
61 6 0 35 2686860672
61 6 0 36 2728377012
61 6 0 37 2763980158
61 6 0 38 2767097468
61 6 0 39 2767379838
61 6 0 40 2734834224
61 6 0 41 2702765380
61 6 0 42 2637785700
61 6 0 43 2576975732
61 6 0 44 2483355496
61 6 0 45 2397784674
61 6 0 46 2279927484
61 6 0 47 2174058148
61 6 0 48 2036635880
61 6 0 49 1915470482
61 6 0 50 1763588208
61 6 0 51 1632263480
61 6 0 52 1471565020
61 6 0 53 1335762184
61 6 0 54 1172232728
61 6 0 55 1038379566
61 6 0 56 880295284
61 6 0 57 754438424
61 6 0 58 609285068
61 6 0 59 496279012
61 6 0 60 362100860
61 6 0 61 203971916
61 6 1 16 12
61 6 1 17 532
61 6 1 18 3680
61 6 1 19 12452
61 6 1 20 29984
61 6 1 21 59224
61 6 1 22 101832
61 6 1 23 160384
61 6 1 24 236148
61 6 1 25 328056
61 6 1 26 437328
61 6 1 27 562168
61 6 1 28 704452
61 6 1 29 862048
61 6 1 30 1038892
61 6 1 31 1215520
61 6 1 32 1343010
61 6 1 33 1459132
61 6 1 34 1566940
61 6 1 35 1662668
61 6 1 36 1750188
61 6 1 37 1825392
61 6 1 38 1892644
61 6 1 39 1947276
61 6 1 40 1994084
61 6 1 41 2028204
61 6 1 42 2054496
61 6 1 43 2067936
61 6 1 44 2073764
61 6 1 45 2066476
61 6 1 46 2051632
61 6 1 47 2023708
61 6 1 48 1988120
61 6 1 49 1939360
61 6 1 50 1883112
61 6 1 51 1813468
61 6 1 52 1736320
61 6 1 53 1645916
61 6 1 54 1547800
61 6 1 55 1435600
61 6 1 56 1317004
61 6 1 57 1194018
61 6 1 58 1059028
61 6 1 59 956516
61 6 1 60 819188
61 6 2 31 4
61 6 2 32 4
61 6 2 33 4
61 6 2 34 4
61 6 2 35 4
61 6 2 36 4
61 6 2 37 4
61 6 2 38 4
61 6 2 39 4
61 6 2 40 4
61 6 2 41 4
61 6 2 42 4
61 6 2 43 4
61 6 2 44 4
61 6 2 45 4
61 6 2 46 4
61 6 2 47 4
61 6 2 48 4
61 6 2 49 4
61 6 2 50 4
61 6 2 51 4
61 6 2 52 4
61 6 2 53 4
61 6 2 54 4
61 6 2 55 4
61 6 2 56 4
61 6 2 57 4
61 6 2 58 4
61 6 2 59 120
61 6 2 60 232
62 0 0 62 2
62 1 0 32 4
62 1 0 33 4
62 1 0 34 4
62 1 0 35 4
62 1 0 36 4
62 1 0 37 4
62 1 0 38 4
62 1 0 39 4
62 1 0 40 4
62 1 0 41 4
62 1 0 42 4
62 1 0 43 4
62 1 0 44 4
62 1 0 45 4
62 1 0 46 4
62 1 0 47 4
62 1 0 48 4
62 1 0 49 4
62 1 0 50 4
62 1 0 51 4
62 1 0 52 4
62 1 0 53 4
62 1 0 54 4
62 1 0 55 4
62 1 0 56 4
62 1 0 57 4
62 1 0 58 4
62 1 0 59 4
62 1 0 60 4
62 1 0 61 4
62 1 0 62 120
62 2 0 22 10
62 2 0 23 20
62 2 0 24 40
62 2 0 25 44
62 2 0 26 70
62 2 0 27 68
62 2 0 28 100
62 2 0 29 92
62 2 0 30 130
62 2 0 31 118
62 2 0 32 376
62 2 0 33 356
62 2 0 34 406
62 2 0 35 380
62 2 0 36 436
62 2 0 37 404
62 2 0 38 466
62 2 0 39 428
62 2 0 40 496
62 2 0 41 452
62 2 0 42 526
62 2 0 43 476
62 2 0 44 556
62 2 0 45 500
62 2 0 46 586
62 2 0 47 524
62 2 0 48 616
62 2 0 49 548
62 2 0 50 646
62 2 0 51 572
62 2 0 52 676
62 2 0 53 596
62 2 0 54 706
62 2 0 55 620
62 2 0 56 736
62 2 0 57 644
62 2 0 58 766
62 2 0 59 672
62 2 0 60 800
62 2 0 61 822
62 2 0 62 3780
62 3 0 17 20
62 3 0 18 100
62 3 0 19 244
62 3 0 20 452
62 3 0 21 728
62 3 0 22 1420
62 3 0 23 2288
62 3 0 24 3724
62 3 0 25 4956
62 3 0 26 7176
62 3 0 27 8792
62 3 0 28 11808
62 3 0 29 13796
62 3 0 30 17624
62 3 0 31 20204
62 3 0 32 27986
62 3 0 33 28384
62 3 0 34 31084
62 3 0 35 30960
62 3 0 36 33744
62 3 0 37 33184
62 3 0 38 36064
62 3 0 39 35056
62 3 0 40 38044
62 3 0 41 36576
62 3 0 42 39684
62 3 0 43 37744
62 3 0 44 40984
62 3 0 45 38560
62 3 0 46 41944
62 3 0 47 39024
62 3 0 48 42564
62 3 0 49 39136
62 3 0 50 42844
62 3 0 51 38896
62 3 0 52 42784
62 3 0 53 38304
62 3 0 54 42384
62 3 0 55 37360
62 3 0 56 41640
62 3 0 57 36272
62 3 0 58 40792
62 3 0 59 35504
62 3 0 60 40740
62 3 0 61 41418
62 3 0 62 82364
62 4 0 14 54
62 4 0 15 396
62 4 0 16 1560
62 4 0 17 4120
62 4 0 18 11328
62 4 0 19 23940
62 4 0 20 48646
62 4 0 21 83354
62 4 0 22 144360
62 4 0 23 213226
62 4 0 24 311762
62 4 0 25 408396
62 4 0 26 542992
62 4 0 27 663110
62 4 0 28 828478
62 4 0 29 966808
62 4 0 30 1159368
62 4 0 31 1324335
62 4 0 32 1567085
62 4 0 33 1631196
62 4 0 34 1748588
62 4 0 35 1787566
62 4 0 36 1894386
62 4 0 37 1911388
62 4 0 38 2008060
62 4 0 39 2002994
62 4 0 40 2089750
62 4 0 41 2062624
62 4 0 42 2139820
62 4 0 43 2090386
62 4 0 44 2158526
62 4 0 45 2086644
62 4 0 46 2145976
62 4 0 47 2051638
62 4 0 48 2102566
62 4 0 49 1985444
62 4 0 50 2028552
62 4 0 51 1888458
62 4 0 52 1923924
62 4 0 53 1760732
62 4 0 54 1789076
62 4 0 55 1602666
62 4 0 56 1623914
62 4 0 57 1423564
62 4 0 58 1440078
62 4 0 59 1241262
62 4 0 60 1275076
62 4 0 61 1198142
62 4 0 62 1386148
62 4 1 32 12
62 4 1 33 28
62 4 1 34 44
62 4 1 35 60
62 4 1 36 76
62 4 1 37 92
62 4 1 38 108
62 4 1 39 124
62 4 1 40 140
62 4 1 41 156
62 4 1 42 172
62 4 1 43 188
62 4 1 44 204
62 4 1 45 220
62 4 1 46 236
62 4 1 47 252
62 4 1 48 268
62 4 1 49 284
62 4 1 50 300
62 4 1 51 316
62 4 1 52 332
62 4 1 53 348
62 4 1 54 364
62 4 1 55 380
62 4 1 56 396
62 4 1 57 412
62 4 1 58 428
62 4 1 59 444
62 4 1 60 464
62 4 1 61 480
62 5 0 12 112
62 5 0 13 1632
62 5 0 14 9912
62 5 0 15 43156
62 5 0 16 147760
62 5 0 17 402712
62 5 0 18 933688
62 5 0 19 1849180
62 5 0 20 3352224
62 5 0 21 5533524
62 5 0 22 8715000
62 5 0 23 12600668
62 5 0 24 17517516
62 5 0 25 22921772
62 5 0 26 29295384
62 5 0 27 35734232
62 5 0 28 42983060
62 5 0 29 49797432
62 5 0 30 57244688
62 5 0 31 63887142
62 5 0 32 70495552
62 5 0 33 74017854
62 5 0 34 77963952
62 5 0 35 80328794
62 5 0 36 83385948
62 5 0 37 84689030
62 5 0 38 86885416
62 5 0 39 87152410
62 5 0 40 88518520
62 5 0 41 87788398
62 5 0 42 88366232
62 5 0 43 86679130
62 5 0 44 86524312
62 5 0 45 83932974
62 5 0 46 83100368
62 5 0 47 79672486
62 5 0 48 78230132
62 5 0 49 74030914
62 5 0 50 72062436
62 5 0 51 67171166
62 5 0 52 64753728
62 5 0 53 59264042
62 5 0 54 56496140
62 5 0 55 50511238
62 5 0 56 47500996
62 5 0 57 41316490
62 5 0 58 38204340
62 5 0 59 32183322
62 5 0 60 29385848
62 5 0 61 24577630
62 5 0 62 19115640
62 5 1 22 68
62 5 1 23 348
62 5 1 24 920
62 5 1 25 1728
62 5 1 26 2852
62 5 1 27 4188
62 5 1 28 5864
62 5 1 29 7728
62 5 1 30 9956
62 5 1 31 12346
62 5 1 32 14252
62 5 1 33 15716
62 5 1 34 17240
62 5 1 35 18528
62 5 1 36 19900
62 5 1 37 21012
62 5 1 38 22232
62 5 1 39 23168
62 5 1 40 24236
62 5 1 41 24996
62 5 1 42 25912
62 5 1 43 26496
62 5 1 44 27260
62 5 1 45 27668
62 5 1 46 28280
62 5 1 47 28512
62 5 1 48 28972
62 5 1 49 29028
62 5 1 50 29336
62 5 1 51 29216
62 5 1 52 29372
62 5 1 53 29076
62 5 1 54 29080
62 5 1 55 28608
62 5 1 56 28460
62 5 1 57 27812
62 5 1 58 27732
62 5 1 59 27038
62 5 1 60 27836
62 5 1 61 28072
62 6 0 10 18
62 6 0 11 1294
62 6 0 12 20644
62 6 0 13 159308
62 6 0 14 861776
62 6 0 15 3203646
62 6 0 16 9574220
62 6 0 17 23644478
62 6 0 18 51200364
62 6 0 19 97565946
62 6 0 20 169858668
62 6 0 21 271379408
62 6 0 22 407424772
62 6 0 23 572189974
62 6 0 24 768448008
62 6 0 25 984998774
62 6 0 26 1223411100
62 6 0 27 1467173244
62 6 0 28 1719795474
62 6 0 29 1960872424
62 6 0 30 2197390466
62 6 0 31 2406733984
62 6 0 32 2585661790
62 6 0 33 2708704046
62 6 0 34 2820050120
62 6 0 35 2897819648
62 6 0 36 2967772908
62 6 0 37 3003102222
62 6 0 38 3033672910
62 6 0 39 3028822424
62 6 0 40 3022598742
62 6 0 41 2980552010
62 6 0 42 2940740786
62 6 0 43 2864966460
62 6 0 44 2795424982
62 6 0 45 2689963118
62 6 0 46 2594908100
62 6 0 47 2464421272
62 6 0 48 2348558178
62 6 0 49 2197964794
62 6 0 50 2066551720
62 6 0 51 1901211798
62 6 0 52 1759623778
62 6 0 53 1585450490
62 6 0 54 1439627626
62 6 0 55 1262879850
62 6 0 56 1119531406
62 6 0 57 948953248
62 6 0 58 814377612
62 6 0 59 657907272
62 6 0 60 537357568
62 6 0 61 393394438
62 6 0 62 224082246
62 6 1 17 260
62 6 1 18 2480
62 6 1 19 9556
62 6 1 20 24600
62 6 1 21 50744
62 6 1 22 89884
62 6 1 23 144700
62 6 1 24 216360
62 6 1 25 305624
62 6 1 26 411184
62 6 1 27 534492
62 6 1 28 673520
62 6 1 29 830372
62 6 1 30 1003272
62 6 1 31 1197336
62 6 1 32 1348170
62 6 1 33 1475644
62 6 1 34 1591112
62 6 1 35 1698168
62 6 1 36 1792844
62 6 1 37 1879200
62 6 1 38 1952944
62 6 1 39 2018624
62 6 1 40 2071388
62 6 1 41 2116212
62 6 1 42 2148060
62 6 1 43 2171956
62 6 1 44 2182716
62 6 1 45 2185740
62 6 1 46 2175364
62 6 1 47 2157304
62 6 1 48 2125888
62 6 1 49 2086672
62 6 1 50 2034012
62 6 1 51 1973728
62 6 1 52 1899776
62 6 1 53 1818180
62 6 1 54 1723064
62 6 1 55 1620088
62 6 1 56 1502752
62 6 1 57 1378896
62 6 1 58 1250776
62 6 1 59 1110314
62 6 1 60 1003920
62 6 1 61 861632
62 6 2 31 2
62 6 2 32 4
62 6 2 33 4
62 6 2 34 4
62 6 2 35 4
62 6 2 36 4
62 6 2 37 4
62 6 2 38 4
62 6 2 39 4
62 6 2 40 4
62 6 2 41 4
62 6 2 42 4
62 6 2 43 4
62 6 2 44 4
62 6 2 45 4
62 6 2 46 4
62 6 2 47 4
62 6 2 48 4
62 6 2 49 4
62 6 2 50 4
62 6 2 51 4
62 6 2 52 4
62 6 2 53 4
62 6 2 54 4
62 6 2 55 4
62 6 2 56 4
62 6 2 57 4
62 6 2 58 4
62 6 2 59 4
62 6 2 60 122
62 6 2 61 236
63 0 0 63 2
63 1 0 32 2
63 1 0 33 4
63 1 0 34 4
63 1 0 35 4
63 1 0 36 4
63 1 0 37 4
63 1 0 38 4
63 1 0 39 4
63 1 0 40 4
63 1 0 41 4
63 1 0 42 4
63 1 0 43 4
63 1 0 44 4
63 1 0 45 4
63 1 0 46 4
63 1 0 47 4
63 1 0 48 4
63 1 0 49 4
63 1 0 50 4
63 1 0 51 4
63 1 0 52 4
63 1 0 53 4
63 1 0 54 4
63 1 0 55 4
63 1 0 56 4
63 1 0 57 4
63 1 0 58 4
63 1 0 59 4
63 1 0 60 4
63 1 0 61 4
63 1 0 62 4
63 1 0 63 122
63 2 0 22 4
63 2 0 23 20
63 2 0 24 28
63 2 0 25 50
63 2 0 26 52
63 2 0 27 80
63 2 0 28 76
63 2 0 29 110
63 2 0 30 100
63 2 0 31 140
63 2 0 32 236
63 2 0 33 390
63 2 0 34 368
63 2 0 35 420
63 2 0 36 392
63 2 0 37 450
63 2 0 38 416
63 2 0 39 480
63 2 0 40 440
63 2 0 41 510
63 2 0 42 464
63 2 0 43 540
63 2 0 44 488
63 2 0 45 570
63 2 0 46 512
63 2 0 47 600
63 2 0 48 536
63 2 0 49 630
63 2 0 50 560
63 2 0 51 660
63 2 0 52 584
63 2 0 53 690
63 2 0 54 608
63 2 0 55 720
63 2 0 56 632
63 2 0 57 750
63 2 0 58 656
63 2 0 59 780
63 2 0 60 684
63 2 0 61 814
63 2 0 62 836
63 2 0 63 3904
63 3 0 17 12
63 3 0 18 76
63 3 0 19 204
63 3 0 20 396
63 3 0 21 652
63 3 0 22 1128
63 3 0 23 2124
63 3 0 24 3108
63 3 0 25 4824
63 3 0 26 6192
63 3 0 27 8700
63 3 0 28 10444
63 3 0 29 13756
63 3 0 30 15864
63 3 0 31 20000
63 3 0 32 24672
63 3 0 33 29696
63 3 0 34 30036
63 3 0 35 32830
63 3 0 36 32576
63 3 0 37 35462
63 3 0 38 34764
63 3 0 39 37754
63 3 0 40 36600
63 3 0 41 39706
63 3 0 42 38084
63 3 0 43 41318
63 3 0 44 39216
63 3 0 45 42590
63 3 0 46 39996
63 3 0 47 43522
63 3 0 48 40424
63 3 0 49 44114
63 3 0 50 40500
63 3 0 51 44366
63 3 0 52 40224
63 3 0 53 44278
63 3 0 54 39596
63 3 0 55 43850
63 3 0 56 38616
63 3 0 57 43078
63 3 0 58 37496
63 3 0 59 42206
63 3 0 60 36708
63 3 0 61 42150
63 3 0 62 42840
63 3 0 63 86380
63 4 0 14 24
63 4 0 15 316
63 4 0 16 1144
63 4 0 17 3602
63 4 0 18 8844
63 4 0 19 21238
63 4 0 20 40760
63 4 0 21 75924
63 4 0 22 124976
63 4 0 23 201604
63 4 0 24 282088
63 4 0 25 396734
63 4 0 26 504732
63 4 0 27 654652
63 4 0 28 784820
63 4 0 29 964710
63 4 0 30 1112216
63 4 0 31 1320560
63 4 0 32 1522666
63 4 0 33 1700760
63 4 0 34 1760792
63 4 0 35 1880670
63 4 0 36 1915060
63 4 0 37 2024376
63 4 0 38 2036212
63 4 0 39 2135402
63 4 0 40 2124584
63 4 0 41 2213884
63 4 0 42 2180416
63 4 0 43 2260190
63 4 0 44 2203812
63 4 0 45 2274576
63 4 0 46 2195140
63 4 0 47 2257146
63 4 0 48 2154640
63 4 0 49 2208300
63 4 0 50 2082384
63 4 0 51 2128294
63 4 0 52 1978772
63 4 0 53 2017112
63 4 0 54 1843852
63 4 0 55 1875152
63 4 0 56 1678028
63 4 0 57 1702312
63 4 0 58 1490988
63 4 0 59 1510666
63 4 0 60 1301232
63 4 0 61 1339244
63 4 0 62 1259568
63 4 0 63 1475832
63 4 1 32 4
63 4 1 33 20
63 4 1 34 36
63 4 1 35 52
63 4 1 36 68
63 4 1 37 84
63 4 1 38 100
63 4 1 39 116
63 4 1 40 132
63 4 1 41 148
63 4 1 42 164
63 4 1 43 180
63 4 1 44 196
63 4 1 45 212
63 4 1 46 228
63 4 1 47 244
63 4 1 48 260
63 4 1 49 276
63 4 1 50 292
63 4 1 51 308
63 4 1 52 324
63 4 1 53 340
63 4 1 54 356
63 4 1 55 372
63 4 1 56 388
63 4 1 57 404
63 4 1 58 420
63 4 1 59 436
63 4 1 60 452
63 4 1 61 472
63 4 1 62 488
63 5 0 12 70
63 5 0 13 1204
63 5 0 14 7552
63 5 0 15 34336
63 5 0 16 119196
63 5 0 17 341942
63 5 0 18 802546
63 5 0 19 1656344
63 5 0 20 3009972
63 5 0 21 5113738
63 5 0 22 8047306
63 5 0 23 12017150
63 5 0 24 16665422
63 5 0 25 22400956
63 5 0 26 28501508
63 5 0 27 35585400
63 5 0 28 42568302
63 5 0 29 50358884
63 5 0 30 57523566
63 5 0 31 65359792
63 5 0 32 72265170
63 5 0 33 77828488
63 5 0 34 81223700
63 5 0 35 85185064
63 5 0 36 87407572
63 5 0 37 90453602
63 5 0 38 91576024
63 5 0 39 93737932
63 5 0 40 93788460
63 5 0 41 95099008
63 5 0 42 94119392
63 5 0 43 94623076
63 5 0 44 92655716
63 5 0 45 92410950
63 5 0 46 89511092
63 5 0 47 88574980
63 5 0 48 84813128
63 5 0 49 83256224
63 5 0 50 78699784
63 5 0 51 76608564
63 5 0 52 71339308
63 5 0 53 68792998
63 5 0 54 62907260
63 5 0 55 60007052
63 5 0 56 53610736
63 5 0 57 50467166
63 5 0 58 43870916
63 5 0 59 40628170
63 5 0 60 34214892
63 5 0 61 31317942
63 5 0 62 26250944
63 5 0 63 20658968
63 5 1 22 24
63 5 1 23 232
63 5 1 24 688
63 5 1 25 1444
63 5 1 26 2428
63 5 1 27 3736
63 5 1 28 5248
63 5 1 29 7108
63 5 1 30 9148
63 5 1 31 11560
63 5 1 32 13844
63 5 1 33 15512
63 5 1 34 16960
63 5 1 35 18476
63 5 1 36 19748
63 5 1 37 21112
63 5 1 38 22208
63 5 1 39 23420
63 5 1 40 24340
63 5 1 41 25400
63 5 1 42 26144
63 5 1 43 27052
63 5 1 44 27620
63 5 1 45 28376
63 5 1 46 28768
63 5 1 47 29372
63 5 1 48 29588
63 5 1 49 30040
63 5 1 50 30080
63 5 1 51 30380
63 5 1 52 30244
63 5 1 53 30392
63 5 1 54 30080
63 5 1 55 30076
63 5 1 56 29588
63 5 1 57 29432
63 5 1 58 28768
63 5 1 59 28684
63 5 1 60 27976
63 5 1 61 28788
63 5 1 62 29028
63 6 0 10 4
63 6 0 11 892
63 6 0 12 13800
63 6 0 13 123136
63 6 0 14 668768
63 6 0 15 2679832
63 6 0 16 8104822
63 6 0 17 20835032
63 6 0 18 45700466
63 6 0 19 89690232
63 6 0 20 157903186
63 6 0 21 257769128
63 6 0 22 390860842
63 6 0 23 559622884
63 6 0 24 757011738
63 6 0 25 985458412
63 6 0 26 1230602654
63 6 0 27 1495237926
63 6 0 28 1760019694
63 6 0 29 2030334296
63 6 0 30 2283012992
63 6 0 31 2527875491
63 6 0 32 2736353896
63 6 0 33 2899438893
63 6 0 34 3019230440
63 6 0 35 3128631898
63 6 0 36 3201432848
63 6 0 37 3267471174
63 6 0 38 3295788312
63 6 0 39 3320728774
63 6 0 40 3307065696
63 6 0 41 3293733818
63 6 0 42 3241327688
63 6 0 43 3193172718
63 6 0 44 3105737412
63 6 0 45 3026869434
63 6 0 46 2908697308
63 6 0 47 2803574274
63 6 0 48 2659593120
63 6 0 49 2533168760
63 6 0 50 2368548896
63 6 0 51 2226342592
63 6 0 52 2046704752
63 6 0 53 1894334370
63 6 0 54 1705867260
63 6 0 55 1549537242
63 6 0 56 1358779628
63 6 0 57 1205486514
63 6 0 58 1021670372
63 6 0 59 877969106
63 6 0 60 709507048
63 6 0 61 581078962
63 6 0 62 426805692
63 6 0 63 245806154
63 6 1 17 116
63 6 1 18 1596
63 6 1 19 7168
63 6 1 20 19928
63 6 1 21 43000
63 6 1 22 79012
63 6 1 23 129548
63 6 1 24 197740
63 6 1 25 282944
63 6 1 26 386136
63 6 1 27 505776
63 6 1 28 643548
63 6 1 29 797192
63 6 1 30 969260
63 6 1 31 1158604
63 6 1 32 1350148
63 6 1 33 1485534
63 6 1 34 1612772
63 6 1 35 1727480
63 6 1 36 1833672
63 6 1 37 1927184
63 6 1 38 2012264
63 6 1 39 2084436
63 6 1 40 2148432
63 6 1 41 2199216
63 6 1 42 2241944
63 6 1 43 2271408
63 6 1 44 2292796
63 6 1 45 2300764
63 6 1 46 2300872
63 6 1 47 2287296
63 6 1 48 2265908
63 6 1 49 2230888
63 6 1 50 2187932
63 6 1 51 2131260
63 6 1 52 2066828
63 6 1 53 1988456
63 6 1 54 1902300
63 6 1 55 1802360
63 6 1 56 1694412
63 6 1 57 1571828
63 6 1 58 1442600
63 6 1 59 1309242
63 6 1 60 1163200
63 6 1 61 1052852
63 6 1 62 905516
63 6 2 32 4
63 6 2 33 4
63 6 2 34 4
63 6 2 35 4
63 6 2 36 4
63 6 2 37 4
63 6 2 38 4
63 6 2 39 4
63 6 2 40 4
63 6 2 41 4
63 6 2 42 4
63 6 2 43 4
63 6 2 44 4
63 6 2 45 4
63 6 2 46 4
63 6 2 47 4
63 6 2 48 4
63 6 2 49 4
63 6 2 50 4
63 6 2 51 4
63 6 2 52 4
63 6 2 53 4
63 6 2 54 4
63 6 2 55 4
63 6 2 56 4
63 6 2 57 4
63 6 2 58 4
63 6 2 59 4
63 6 2 60 4
63 6 2 61 124
63 6 2 62 240
64 0 0 64 2
64 1 0 33 4
64 1 0 34 4
64 1 0 35 4
64 1 0 36 4
64 1 0 37 4
64 1 0 38 4
64 1 0 39 4
64 1 0 40 4
64 1 0 41 4
64 1 0 42 4
64 1 0 43 4
64 1 0 44 4
64 1 0 45 4
64 1 0 46 4
64 1 0 47 4
64 1 0 48 4
64 1 0 49 4
64 1 0 50 4
64 1 0 51 4
64 1 0 52 4
64 1 0 53 4
64 1 0 54 4
64 1 0 55 4
64 1 0 56 4
64 1 0 57 4
64 1 0 58 4
64 1 0 59 4
64 1 0 60 4
64 1 0 61 4
64 1 0 62 4
64 1 0 63 4
64 1 0 64 124
64 2 0 22 2
64 2 0 23 12
64 2 0 24 30
64 2 0 25 36
64 2 0 26 60
64 2 0 27 60
64 2 0 28 90
64 2 0 29 84
64 2 0 30 120
64 2 0 31 108
64 2 0 32 152
64 2 0 33 356
64 2 0 34 404
64 2 0 35 380
64 2 0 36 434
64 2 0 37 404
64 2 0 38 464
64 2 0 39 428
64 2 0 40 494
64 2 0 41 452
64 2 0 42 524
64 2 0 43 476
64 2 0 44 554
64 2 0 45 500
64 2 0 46 584
64 2 0 47 524
64 2 0 48 614
64 2 0 49 548
64 2 0 50 644
64 2 0 51 572
64 2 0 52 674
64 2 0 53 596
64 2 0 54 704
64 2 0 55 620
64 2 0 56 734
64 2 0 57 644
64 2 0 58 764
64 2 0 59 668
64 2 0 60 794
64 2 0 61 696
64 2 0 62 828
64 2 0 63 850
64 2 0 64 4030
64 3 0 17 4
64 3 0 18 52
64 3 0 19 164
64 3 0 20 340
64 3 0 21 580
64 3 0 22 960
64 3 0 23 1728
64 3 0 24 2952
64 3 0 25 4072
64 3 0 26 6072
64 3 0 27 7572
64 3 0 28 10372
64 3 0 29 12240
64 3 0 30 15852
64 3 0 31 18080
64 3 0 32 22756
64 3 0 33 28750
64 3 0 34 31656
64 3 0 35 31708
64 3 0 36 34600
64 3 0 37 34212
64 3 0 38 37204
64 3 0 39 36364
64 3 0 40 39468
64 3 0 41 38164
64 3 0 42 41392
64 3 0 43 39612
64 3 0 44 42976
64 3 0 45 40708
64 3 0 46 44220
64 3 0 47 41452
64 3 0 48 45124
64 3 0 49 41844
64 3 0 50 45688
64 3 0 51 41884
64 3 0 52 45912
64 3 0 53 41572
64 3 0 54 45796
64 3 0 55 40908
64 3 0 56 45340
64 3 0 57 39892
64 3 0 58 44540
64 3 0 59 38740
64 3 0 60 43644
64 3 0 61 37932
64 3 0 62 43584
64 3 0 63 44286
64 3 0 64 90524
64 4 0 14 14
64 4 0 15 196
64 4 0 16 994
64 4 0 17 2652
64 4 0 18 7658
64 4 0 19 17016
64 4 0 20 36524
64 4 0 21 64776
64 4 0 22 114020
64 4 0 23 178056
64 4 0 24 269688
64 4 0 25 362438
64 4 0 26 493294
64 4 0 27 612404
64 4 0 28 777740
64 4 0 29 917698
64 4 0 30 1112418
64 4 0 31 1269480
64 4 0 32 1503254
64 4 0 33 1705088
64 4 0 34 1842054
64 4 0 35 1894508
64 4 0 36 2016992
64 4 0 37 2046498
64 4 0 38 2158438
64 4 0 39 2164804
64 4 0 40 2266648
64 4 0 41 2249766
64 4 0 42 2341754
64 4 0 43 2301624
64 4 0 44 2384128
64 4 0 45 2320478
64 4 0 46 2394026
64 4 0 47 2306700
64 4 0 48 2371548
64 4 0 49 2260530
64 4 0 50 2317098
64 4 0 51 2182036
64 4 0 52 2230932
64 4 0 53 2071622
64 4 0 54 2113028
64 4 0 55 1929332
64 4 0 56 1963788
64 4 0 57 1755574
64 4 0 58 1783102
64 4 0 59 1560428
64 4 0 60 1583486
64 4 0 61 1363070
64 4 0 62 1405522
64 4 0 63 1323056
64 4 0 64 1569776
64 4 1 33 12
64 4 1 34 28
64 4 1 35 44
64 4 1 36 60
64 4 1 37 76
64 4 1 38 92
64 4 1 39 108
64 4 1 40 124
64 4 1 41 140
64 4 1 42 156
64 4 1 43 172
64 4 1 44 188
64 4 1 45 204
64 4 1 46 220
64 4 1 47 236
64 4 1 48 252
64 4 1 49 268
64 4 1 50 284
64 4 1 51 300
64 4 1 52 316
64 4 1 53 332
64 4 1 54 348
64 4 1 55 364
64 4 1 56 380
64 4 1 57 396
64 4 1 58 412
64 4 1 59 428
64 4 1 60 444
64 4 1 61 460
64 4 1 62 480
64 4 1 63 496
64 5 0 12 28
64 5 0 13 784
64 5 0 14 5580
64 5 0 15 26220
64 5 0 16 97008
64 5 0 17 281670
64 5 0 18 696764
64 5 0 19 1450412
64 5 0 20 2734652
64 5 0 21 4642736
64 5 0 22 7504612
64 5 0 23 11232836
64 5 0 24 16040512
64 5 0 25 21480532
64 5 0 26 28039540
64 5 0 27 34821672
64 5 0 28 42600280
64 5 0 29 50091300
64 5 0 30 58395988
64 5 0 31 65875148
64 5 0 32 74155566
64 5 0 33 80548280
64 5 0 34 85574184
64 5 0 35 88794858
64 5 0 36 92766880
64 5 0 37 94830426
64 5 0 38 97861304
64 5 0 39 98786126
64 5 0 40 100909804
64 5 0 41 100726614
64 5 0 42 101978116
64 5 0 43 100731450
64 5 0 44 101157768
64 5 0 45 98892282
64 5 0 46 98554628
64 5 0 47 95328070
64 5 0 48 94285780
64 5 0 49 90171474
64 5 0 50 88497616
64 5 0 51 83565158
64 5 0 52 81349068
64 5 0 53 75682718
64 5 0 54 73005672
64 5 0 55 66704466
64 5 0 56 63670356
64 5 0 57 56842906
64 5 0 58 53564672
64 5 0 59 46537206
64 5 0 60 43162816
64 5 0 61 36338818
64 5 0 62 33342936
64 5 0 63 28008036
64 5 0 64 22299764
64 5 1 22 8
64 5 1 23 128
64 5 1 24 516
64 5 1 25 1148
64 5 1 26 2088
64 5 1 27 3248
64 5 1 28 4740
64 5 1 29 6428
64 5 1 30 8472
64 5 1 31 10688
64 5 1 32 13282
64 5 1 33 15128
64 5 1 34 16788
64 5 1 35 18220
64 5 1 36 19728
64 5 1 37 20984
64 5 1 38 22340
64 5 1 39 23420
64 5 1 40 24624
64 5 1 41 25528
64 5 1 42 26580
64 5 1 43 27308
64 5 1 44 28208
64 5 1 45 28760
64 5 1 46 29508
64 5 1 47 29884
64 5 1 48 30480
64 5 1 49 30680
64 5 1 50 31124
64 5 1 51 31148
64 5 1 52 31440
64 5 1 53 31288
64 5 1 54 31428
64 5 1 55 31100
64 5 1 56 31088
64 5 1 57 30584
64 5 1 58 30420
64 5 1 59 29740
64 5 1 60 29652
64 5 1 61 28930
64 5 1 62 29756
64 5 1 63 30000
64 6 0 10 2
64 6 0 11 476
64 6 0 12 10220
64 6 0 13 88176
64 6 0 14 533542
64 6 0 15 2168884
64 6 0 16 6942828
64 6 0 17 18030288
64 6 0 18 40982496
64 6 0 19 81409794
64 6 0 20 147127690
64 6 0 21 242447684
64 6 0 22 375117844
64 6 0 23 542207742
64 6 0 24 746224796
64 6 0 25 977447024
64 6 0 26 1238344352
64 6 0 27 1511572646
64 6 0 28 1801514636
64 6 0 29 2085721544
64 6 0 30 2371990716
64 6 0 31 2634089762
64 6 0 32 2885536574
64 6 0 33 3080338758
64 6 0 34 3235746564
64 6 0 35 3351315164
64 6 0 36 3458165438
64 6 0 37 3525157450
64 6 0 38 3586670608
64 6 0 39 3607110568
64 6 0 40 3625802528
64 6 0 41 3602442966
64 6 0 42 3581381422
64 6 0 43 3517719296
64 6 0 44 3460601060
64 6 0 45 3360600898
64 6 0 46 3271794450
64 6 0 47 3140006672
64 6 0 48 3024215974
64 6 0 49 2865839858
64 6 0 50 2728272038
64 6 0 51 2548735188
64 6 0 52 2395176558
64 6 0 53 2200366204
64 6 0 54 2036681964
64 6 0 55 1833068544
64 6 0 56 1665732932
64 6 0 57 1460141316
64 6 0 58 1296443934
64 6 0 59 1098614582
64 6 0 60 945371708
64 6 0 61 764214456
64 6 0 62 627566824
64 6 0 63 462439808
64 6 0 64 269244738
64 6 1 17 36
64 6 1 18 956
64 6 1 19 5216
64 6 1 20 15888
64 6 1 21 36092
64 6 1 22 68788
64 6 1 23 115644
64 6 1 24 179388
64 6 1 25 261404
64 6 1 26 360580
64 6 1 27 478128
64 6 1 28 612276
64 6 1 29 764940
64 6 1 30 933628
64 6 1 31 1121716
64 6 1 32 1328836
64 6 1 33 1492498
64 6 1 34 1627756
64 6 1 35 1754424
64 6 1 36 1868260
64 6 1 37 1973476
64 6 1 38 2065712
64 6 1 39 2149404
64 6 1 40 2219892
64 6 1 41 2282092
64 6 1 42 2330784
64 6 1 43 2371304
64 6 1 44 2398272
64 6 1 45 2417040
64 6 1 46 2422104
64 6 1 47 2419184
64 6 1 48 2402296
64 6 1 49 2377468
64 6 1 50 2338732
64 6 1 51 2291924
64 6 1 52 2231128
64 6 1 53 2162436
64 6 1 54 2079532
64 6 1 55 1988704
64 6 1 56 1883828
64 6 1 57 1770796
64 6 1 58 1642852
64 6 1 59 1508140
64 6 1 60 1369440
64 6 1 61 1217710
64 6 1 62 1103336
64 6 1 63 950864
64 6 2 32 2
64 6 2 33 4
64 6 2 34 4
64 6 2 35 4
64 6 2 36 4
64 6 2 37 4
64 6 2 38 4
64 6 2 39 4
64 6 2 40 4
64 6 2 41 4
64 6 2 42 4
64 6 2 43 4
64 6 2 44 4
64 6 2 45 4
64 6 2 46 4
64 6 2 47 4
64 6 2 48 4
64 6 2 49 4
64 6 2 50 4
64 6 2 51 4
64 6 2 52 4
64 6 2 53 4
64 6 2 54 4
64 6 2 55 4
64 6 2 56 4
64 6 2 57 4
64 6 2 58 4
64 6 2 59 4
64 6 2 60 4
64 6 2 61 4
64 6 2 62 126
64 6 2 63 244
65 0 0 65 2
65 1 0 33 2
65 1 0 34 4
65 1 0 35 4
65 1 0 36 4
65 1 0 37 4
65 1 0 38 4
65 1 0 39 4
65 1 0 40 4
65 1 0 41 4
65 1 0 42 4
65 1 0 43 4
65 1 0 44 4
65 1 0 45 4
65 1 0 46 4
65 1 0 47 4
65 1 0 48 4
65 1 0 49 4
65 1 0 50 4
65 1 0 51 4
65 1 0 52 4
65 1 0 53 4
65 1 0 54 4
65 1 0 55 4
65 1 0 56 4
65 1 0 57 4
65 1 0 58 4
65 1 0 59 4
65 1 0 60 4
65 1 0 61 4
65 1 0 62 4
65 1 0 63 4
65 1 0 64 4
65 1 0 65 126
65 2 0 23 10
65 2 0 24 20
65 2 0 25 40
65 2 0 26 44
65 2 0 27 70
65 2 0 28 68
65 2 0 29 100
65 2 0 30 92
65 2 0 31 130
65 2 0 32 116
65 2 0 33 276
65 2 0 34 368
65 2 0 35 418
65 2 0 36 392
65 2 0 37 448
65 2 0 38 416
65 2 0 39 478
65 2 0 40 440
65 2 0 41 508
65 2 0 42 464
65 2 0 43 538
65 2 0 44 488
65 2 0 45 568
65 2 0 46 512
65 2 0 47 598
65 2 0 48 536
65 2 0 49 628
65 2 0 50 560
65 2 0 51 658
65 2 0 52 584
65 2 0 53 688
65 2 0 54 608
65 2 0 55 718
65 2 0 56 632
65 2 0 57 748
65 2 0 58 656
65 2 0 59 778
65 2 0 60 680
65 2 0 61 808
65 2 0 62 708
65 2 0 63 842
65 2 0 64 864
65 2 0 65 4158
65 3 0 17 2
65 3 0 18 36
65 3 0 19 132
65 3 0 20 292
65 3 0 21 516
65 3 0 22 808
65 3 0 23 1536
65 3 0 24 2440
65 3 0 25 3932
65 3 0 26 5188
65 3 0 27 7476
65 3 0 28 9104
65 3 0 29 12200
65 3 0 30 14188
65 3 0 31 18104
65 3 0 32 20448
65 3 0 33 27574
65 3 0 34 30412
65 3 0 35 33478
65 3 0 36 33400
65 3 0 37 36394
65 3 0 38 35868
65 3 0 39 38970
65 3 0 40 37984
65 3 0 41 41206
65 3 0 42 39748
65 3 0 43 43102
65 3 0 44 41160
65 3 0 45 44658
65 3 0 46 42220
65 3 0 47 45874
65 3 0 48 42928
65 3 0 49 46750
65 3 0 50 43284
65 3 0 51 47286
65 3 0 52 43288
65 3 0 53 47482
65 3 0 54 42940
65 3 0 55 47338
65 3 0 56 42240
65 3 0 57 46854
65 3 0 58 41188
65 3 0 59 46026
65 3 0 60 40004
65 3 0 61 45106
65 3 0 62 39176
65 3 0 63 45042
65 3 0 64 45756
65 3 0 65 94798
65 4 0 14 4
65 4 0 15 146
65 4 0 16 704
65 4 0 17 2356
65 4 0 18 5884
65 4 0 19 15034
65 4 0 20 30196
65 4 0 21 58886
65 4 0 22 97972
65 4 0 23 165916
65 4 0 24 241564
65 4 0 25 349870
65 4 0 26 454824
65 4 0 27 602012
65 4 0 28 732008
65 4 0 29 912890
65 4 0 30 1062400
65 4 0 31 1272344
65 4 0 32 1439750
65 4 0 33 1721001
65 4 0 34 1844900
65 4 0 35 1984522
65 4 0 36 2032372
65 4 0 37 2157588
65 4 0 38 2181908
65 4 0 39 2296606
65 4 0 40 2297192
65 4 0 41 2401832
65 4 0 42 2378568
65 4 0 43 2473394
65 4 0 44 2426276
65 4 0 45 2511668
65 4 0 46 2440412
65 4 0 47 2516910
65 4 0 48 2421352
65 4 0 49 2489216
65 4 0 50 2369336
65 4 0 51 2428994
65 4 0 52 2284428
65 4 0 53 2336500
65 4 0 54 2167036
65 4 0 55 2211706
65 4 0 56 2017200
65 4 0 57 2055018
65 4 0 58 1835332
65 4 0 59 1866318
65 4 0 60 1631912
65 4 0 61 1658572
65 4 0 62 1426804
65 4 0 63 1473944
65 4 0 64 1388640
65 4 0 65 1668112
65 4 1 33 4
65 4 1 34 20
65 4 1 35 36
65 4 1 36 52
65 4 1 37 68
65 4 1 38 84
65 4 1 39 100
65 4 1 40 116
65 4 1 41 132
65 4 1 42 148
65 4 1 43 164
65 4 1 44 180
65 4 1 45 196
65 4 1 46 212
65 4 1 47 228
65 4 1 48 244
65 4 1 49 260
65 4 1 50 276
65 4 1 51 292
65 4 1 52 308
65 4 1 53 324
65 4 1 54 340
65 4 1 55 356
65 4 1 56 372
65 4 1 57 388
65 4 1 58 404
65 4 1 59 420
65 4 1 60 436
65 4 1 61 452
65 4 1 62 468
65 4 1 63 488
65 4 1 64 504
65 5 0 12 16
65 5 0 13 556
65 5 0 14 4256
65 5 0 15 20698
65 5 0 16 77480
65 5 0 17 236750
65 5 0 18 591876
65 5 0 19 1287558
65 5 0 20 2436158
65 5 0 21 4270938
65 5 0 22 6869728
65 5 0 23 10614924
65 5 0 24 15134016
65 5 0 25 20840672
65 5 0 26 27072692
65 5 0 27 34451080
65 5 0 28 41889696
65 5 0 29 50337624
65 5 0 30 58289698
65 5 0 31 67073264
65 5 0 32 74840574
65 5 0 33 83554602
65 5 0 34 88619806
65 5 0 35 93652622
65 5 0 36 96738776
65 5 0 37 100717288
65 5 0 38 102604720
65 5 0 39 105616552
65 5 0 40 106326304
65 5 0 41 108408140
65 5 0 42 107973444
65 5 0 43 109162562
65 5 0 44 107630748
65 5 0 45 107976636
65 5 0 46 105394608
65 5 0 47 104961284
65 5 0 48 101389292
65 5 0 49 100238316
65 5 0 50 95752512
65 5 0 51 93959466
65 5 0 52 88631628
65 5 0 53 86288716
65 5 0 54 80205592
65 5 0 55 77396128
65 5 0 56 70659460
65 5 0 57 67490040
65 5 0 58 60211152
65 5 0 59 56797112
65 5 0 60 49318380
65 5 0 61 45811498
65 5 0 62 38557764
65 5 0 63 35463730
65 5 0 64 29851648
65 5 0 65 24042540
65 5 1 23 68
65 5 1 24 348
65 5 1 25 920
65 5 1 26 1728
65 5 1 27 2852
65 5 1 28 4188
65 5 1 29 5864
65 5 1 30 7728
65 5 1 31 9956
65 5 1 32 12348
65 5 1 33 14836
65 5 1 34 16428
65 5 1 35 18080
65 5 1 36 19496
65 5 1 37 20996
65 5 1 38 22236
65 5 1 39 23584
65 5 1 40 24648
65 5 1 41 25844
65 5 1 42 26732
65 5 1 43 27776
65 5 1 44 28488
65 5 1 45 29380
65 5 1 46 29916
65 5 1 47 30656
65 5 1 48 31016
65 5 1 49 31604
65 5 1 50 31788
65 5 1 51 32224
65 5 1 52 32232
65 5 1 53 32516
65 5 1 54 32348
65 5 1 55 32480
65 5 1 56 32136
65 5 1 57 32116
65 5 1 58 31596
65 5 1 59 31424
65 5 1 60 30728
65 5 1 61 30636
65 5 1 62 29900
65 5 1 63 30740
65 5 1 64 30988
65 6 0 11 312
65 6 0 12 6636
65 6 0 13 67792
65 6 0 14 406524
65 6 0 15 1795738
65 6 0 16 5815536
65 6 0 17 15763846
65 6 0 18 36222720
65 6 0 19 74206856
65 6 0 20 135565020
65 6 0 21 228596922
65 6 0 22 356461844
65 6 0 23 525794724
65 6 0 24 728950728
65 6 0 25 970261064
65 6 0 26 1235711584
65 6 0 27 1528899644
65 6 0 28 1829266064
65 6 0 29 2143210620
65 6 0 30 2444880770
65 6 0 31 2745045508
65 6 0 32 3014245930
65 6 0 33 3266524594
65 6 0 34 3440703714
65 6 0 35 3594531988
65 6 0 36 3705761184
65 6 0 37 3809440824
65 6 0 38 3869742136
65 6 0 39 3926098290
65 6 0 40 3937755412
65 6 0 41 3949560198
65 6 0 42 3915580356
65 6 0 43 3886148464
65 6 0 44 3810294616
65 6 0 45 3743575556
65 6 0 46 3630068308
65 6 0 47 3530694558
65 6 0 48 3384348168
65 6 0 49 3257274450
65 6 0 50 3083565972
65 6 0 51 2934257934
65 6 0 52 2738877632
65 6 0 53 2573394162
65 6 0 54 2362501552
65 6 0 55 2186959658
65 6 0 56 1967313124
65 6 0 57 1788462292
65 6 0 58 1567179040
65 6 0 59 1392607712
65 6 0 60 1179957996
65 6 0 61 1016748544
65 6 0 62 822163104
65 6 0 63 676948510
65 6 0 64 500405380
65 6 0 65 294503730
65 6 1 17 12
65 6 1 18 532
65 6 1 19 3680
65 6 1 20 12452
65 6 1 21 29984
65 6 1 22 59384
65 6 1 23 102552
65 6 1 24 162320
65 6 1 25 239916
65 6 1 26 336184
65 6 1 27 449760
65 6 1 28 582092
65 6 1 29 731176
65 6 1 30 899160
65 6 1 31 1083548
65 6 1 32 1288820
65 6 1 33 1492604
65 6 1 34 1639726
65 6 1 35 1774632
65 6 1 36 1900624
65 6 1 37 2013476
65 6 1 38 2117604
65 6 1 39 2208452
65 6 1 40 2290644
65 6 1 41 2359336
65 6 1 42 2419628
65 6 1 43 2466116
65 6 1 44 2504316
65 6 1 45 2528676
65 6 1 46 2544712
65 6 1 47 2546760
65 6 1 48 2540700
65 6 1 49 2520388
65 6 1 50 2492008
65 6 1 51 2449444
65 6 1 52 2398672
65 6 1 53 2333640
65 6 1 54 2260576
65 6 1 55 2173028
65 6 1 56 2077416
65 6 1 57 1967492
65 6 1 58 1849264
65 6 1 59 1715848
65 6 1 60 1575540
65 6 1 61 1431394
65 6 1 62 1273868
65 6 1 63 1155396
65 6 1 64 997700
65 6 2 33 4
65 6 2 34 4
65 6 2 35 4
65 6 2 36 4
65 6 2 37 4
65 6 2 38 4
65 6 2 39 4
65 6 2 40 4
65 6 2 41 4
65 6 2 42 4
65 6 2 43 4
65 6 2 44 4
65 6 2 45 4
65 6 2 46 4
65 6 2 47 4
65 6 2 48 4
65 6 2 49 4
65 6 2 50 4
65 6 2 51 4
65 6 2 52 4
65 6 2 53 4
65 6 2 54 4
65 6 2 55 4
65 6 2 56 4
65 6 2 57 4
65 6 2 58 4
65 6 2 59 4
65 6 2 60 4
65 6 2 61 4
65 6 2 62 4
65 6 2 63 128
65 6 2 64 248
66 0 0 66 2
66 1 0 34 4
66 1 0 35 4
66 1 0 36 4
66 1 0 37 4
66 1 0 38 4
66 1 0 39 4
66 1 0 40 4
66 1 0 41 4
66 1 0 42 4
66 1 0 43 4
66 1 0 44 4
66 1 0 45 4
66 1 0 46 4
66 1 0 47 4
66 1 0 48 4
66 1 0 49 4
66 1 0 50 4
66 1 0 51 4
66 1 0 52 4
66 1 0 53 4
66 1 0 54 4
66 1 0 55 4
66 1 0 56 4
66 1 0 57 4
66 1 0 58 4
66 1 0 59 4
66 1 0 60 4
66 1 0 61 4
66 1 0 62 4
66 1 0 63 4
66 1 0 64 4
66 1 0 65 4
66 1 0 66 128
66 2 0 23 4
66 2 0 24 20
66 2 0 25 28
66 2 0 26 50
66 2 0 27 52
66 2 0 28 80
66 2 0 29 76
66 2 0 30 110
66 2 0 31 100
66 2 0 32 140
66 2 0 33 126
66 2 0 34 402
66 2 0 35 380
66 2 0 36 432
66 2 0 37 404
66 2 0 38 462
66 2 0 39 428
66 2 0 40 492
66 2 0 41 452
66 2 0 42 522
66 2 0 43 476
66 2 0 44 552
66 2 0 45 500
66 2 0 46 582
66 2 0 47 524
66 2 0 48 612
66 2 0 49 548
66 2 0 50 642
66 2 0 51 572
66 2 0 52 672
66 2 0 53 596
66 2 0 54 702
66 2 0 55 620
66 2 0 56 732
66 2 0 57 644
66 2 0 58 762
66 2 0 59 668
66 2 0 60 792
66 2 0 61 692
66 2 0 62 822
66 2 0 63 720
66 2 0 64 856
66 2 0 65 878
66 2 0 66 4288
66 3 0 18 20
66 3 0 19 100
66 3 0 20 244
66 3 0 21 452
66 3 0 22 724
66 3 0 23 1224
66 3 0 24 2268
66 3 0 25 3284
66 3 0 26 5060
66 3 0 27 6448
66 3 0 28 9028
66 3 0 29 10780
66 3 0 30 14176
66 3 0 31 16280
66 3 0 32 20508
66 3 0 33 23200
66 3 0 34 31990
66 3 0 35 32328
66 3 0 36 35324
66 3 0 37 35112
66 3 0 38 38212
66 3 0 39 37544
66 3 0 40 40760
66 3 0 41 39624
66 3 0 42 42968
66 3 0 43 41352
66 3 0 44 44836
66 3 0 45 42728
66 3 0 46 46364
66 3 0 47 43752
66 3 0 48 47552
66 3 0 49 44424
66 3 0 50 48400
66 3 0 51 44744
66 3 0 52 48908
66 3 0 53 44712
66 3 0 54 49076
66 3 0 55 44328
66 3 0 56 48904
66 3 0 57 43592
66 3 0 58 48392
66 3 0 59 42504
66 3 0 60 47536
66 3 0 61 41288
66 3 0 62 46592
66 3 0 63 40440
66 3 0 64 46524
66 3 0 65 47250
66 3 0 66 99204
66 4 0 14 2
66 4 0 15 80
66 4 0 16 590
66 4 0 17 1746
66 4 0 18 5094
66 4 0 19 11824
66 4 0 20 26902
66 4 0 21 49656
66 4 0 22 89614
66 4 0 23 144054
66 4 0 24 228814
66 4 0 25 316620
66 4 0 26 442128
66 4 0 27 559034
66 4 0 28 722650
66 4 0 29 863268
66 4 0 30 1059800
66 4 0 31 1218806
66 4 0 32 1444758
66 4 0 33 1632477
66 4 0 34 1921573
66 4 0 35 1992562
66 4 0 36 2131466
66 4 0 37 2174412
66 4 0 38 2302492
66 4 0 39 2321318
66 4 0 40 2438914
66 4 0 41 2433404
66 4 0 42 2540988
66 4 0 43 2511018
66 4 0 44 2608838
66 4 0 45 2554400
66 4 0 46 2642844
66 4 0 47 2563642
66 4 0 48 2643262
66 4 0 49 2539124
66 4 0 50 2610184
66 4 0 51 2481086
66 4 0 52 2544022
66 4 0 53 2389588
66 4 0 54 2445032
66 4 0 55 2265042
66 4 0 56 2313180
66 4 0 57 2107484
66 4 0 58 2148876
66 4 0 59 1917330
66 4 0 60 1951994
66 4 0 61 1705468
66 4 0 62 1735958
66 4 0 63 1492462
66 4 0 64 1544544
66 4 0 65 1456354
66 4 0 66 1770974
66 4 1 34 12
66 4 1 35 28
66 4 1 36 44
66 4 1 37 60
66 4 1 38 76
66 4 1 39 92
66 4 1 40 108
66 4 1 41 124
66 4 1 42 140
66 4 1 43 156
66 4 1 44 172
66 4 1 45 188
66 4 1 46 204
66 4 1 47 220
66 4 1 48 236
66 4 1 49 252
66 4 1 50 268
66 4 1 51 284
66 4 1 52 300
66 4 1 53 316
66 4 1 54 332
66 4 1 55 348
66 4 1 56 364
66 4 1 57 380
66 4 1 58 396
66 4 1 59 412
66 4 1 60 428
66 4 1 61 444
66 4 1 62 460
66 4 1 63 476
66 4 1 64 496
66 4 1 65 512
66 5 0 12 4
66 5 0 13 328
66 5 0 14 3080
66 5 0 15 15636
66 5 0 16 62244
66 5 0 17 192932
66 5 0 18 507860
66 5 0 19 1115628
66 5 0 20 2196192
66 5 0 21 3852400
66 5 0 22 6373288
66 5 0 23 9820900
66 5 0 24 14454436
66 5 0 25 19824832
66 5 0 26 26453644
66 5 0 27 33469580
66 5 0 28 41659692
66 5 0 29 49725880
66 5 0 30 58814788
66 5 0 31 67187080
66 5 0 32 76423632
66 5 0 33 84534478
66 5 0 34 92833750
66 5 0 35 97130086
66 5 0 36 102129308
66 5 0 37 105063250
66 5 0 38 109044220
66 5 0 39 110737854
66 5 0 40 113726888
66 5 0 41 114203562
66 5 0 42 116240092
66 5 0 43 115535558
66 5 0 44 116659108
66 5 0 45 114823498
66 5 0 46 115086052
66 5 0 47 112168510
66 5 0 48 111636900
66 5 0 49 107700178
66 5 0 50 106438180
66 5 0 51 101561266
66 5 0 52 99646976
66 5 0 53 93903822
66 5 0 54 91432320
66 5 0 55 84912162
66 5 0 56 81968788
66 5 0 57 74776078
66 5 0 58 71470136
66 5 0 59 63718914
66 5 0 60 60168128
66 5 0 61 52217494
66 5 0 62 48577480
66 5 0 63 40874430
66 5 0 64 37683268
66 5 0 65 31784566
66 5 0 66 25891944
66 5 1 23 24
66 5 1 24 232
66 5 1 25 688
66 5 1 26 1444
66 5 1 27 2428
66 5 1 28 3736
66 5 1 29 5248
66 5 1 30 7108
66 5 1 31 9148
66 5 1 32 11560
66 5 1 33 14126
66 5 1 34 16168
66 5 1 35 17744
66 5 1 36 19388
66 5 1 37 20788
66 5 1 38 22280
66 5 1 39 23504
66 5 1 40 24844
66 5 1 41 25892
66 5 1 42 27080
66 5 1 43 27952
66 5 1 44 28988
66 5 1 45 29684
66 5 1 46 30568
66 5 1 47 31088
66 5 1 48 31820
66 5 1 49 32164
66 5 1 50 32744
66 5 1 51 32912
66 5 1 52 33340
66 5 1 53 33332
66 5 1 54 33608
66 5 1 55 33424
66 5 1 56 33548
66 5 1 57 33188
66 5 1 58 33160
66 5 1 59 32624
66 5 1 60 32444
66 5 1 61 31732
66 5 1 62 31636
66 5 1 63 30886
66 5 1 64 31740
66 5 1 65 31992
66 6 0 11 144
66 6 0 12 4876
66 6 0 13 47552
66 6 0 14 321056
66 6 0 15 1430420
66 6 0 16 4940404
66 6 0 17 13511986
66 6 0 18 32218216
66 6 0 19 66723226
66 6 0 20 125299796
66 6 0 21 213277662
66 6 0 22 339406206
66 6 0 23 504796158
66 6 0 24 712920220
66 6 0 25 954631176
66 6 0 26 1234213374
66 6 0 27 1533804780
66 6 0 28 1858752812
66 6 0 29 2184953234
66 6 0 30 2521276918
66 6 0 31 2838262514
66 6 0 32 3150147866
66 6 0 33 3424463176
66 6 0 34 3663131330
66 6 0 35 3825994472
66 6 0 36 3977410306
66 6 0 37 4083393962
66 6 0 38 4183260830
66 6 0 39 4235947464
66 6 0 40 4286493296
66 6 0 41 4288420446
66 6 0 42 4292679112
66 6 0 43 4247114472
66 6 0 44 4208652462
66 6 0 45 4119631218
66 6 0 46 4042655864
66 6 0 47 3914660124
66 6 0 48 3804073506
66 6 0 49 3642187150
66 6 0 50 3503199478
66 6 0 51 3313183648
66 6 0 52 3151524202
66 6 0 53 2939337194
66 6 0 54 2761343086
66 6 0 55 2533422502
66 6 0 56 2345466994
66 6 0 57 2108865394
66 6 0 58 1917978668
66 6 0 59 1680111842
66 6 0 60 1494186950
66 6 0 61 1265876968
66 6 0 62 1092267118
66 6 0 63 883490192
66 6 0 64 729355156
66 6 0 65 540814464
66 6 0 66 321693634
66 6 1 18 260
66 6 1 19 2480
66 6 1 20 9556
66 6 1 21 24600
66 6 1 22 50748
66 6 1 23 90588
66 6 1 24 145796
66 6 1 25 219692
66 6 1 26 311576
66 6 1 27 422524
66 6 1 28 550928
66 6 1 29 698472
66 6 1 30 862920
66 6 1 31 1046652
66 6 1 32 1247556
66 6 1 33 1471372
66 6 1 34 1644890
66 6 1 35 1791980
66 6 1 36 1926192
66 6 1 37 2051396
66 6 1 38 2163152
66 6 1 39 2266080
66 6 1 40 2355428
66 6 1 41 2436008
66 6 1 42 2502792
66 6 1 43 2561064
66 6 1 44 2605236
66 6 1 45 2641004
66 6 1 46 2662644
66 6 1 47 2675836
66 6 1 48 2674756
66 6 1 49 2665444
66 6 1 50 2641596
66 6 1 51 2609552
66 6 1 52 2563048
66 6 1 53 2508200
66 6 1 54 2438820
66 6 1 55 2361272
66 6 1 56 2268968
66 6 1 57 2168460
66 6 1 58 2053376
66 6 1 59 1929840
66 6 1 60 1790840
66 6 1 61 1644824
66 6 1 62 1495128
66 6 1 63 1331698
66 6 1 64 1209056
66 6 1 65 1046048
66 6 2 33 2
66 6 2 34 4
66 6 2 35 4
66 6 2 36 4
66 6 2 37 4
66 6 2 38 4
66 6 2 39 4
66 6 2 40 4
66 6 2 41 4
66 6 2 42 4
66 6 2 43 4
66 6 2 44 4
66 6 2 45 4
66 6 2 46 4
66 6 2 47 4
66 6 2 48 4
66 6 2 49 4
66 6 2 50 4
66 6 2 51 4
66 6 2 52 4
66 6 2 53 4
66 6 2 54 4
66 6 2 55 4
66 6 2 56 4
66 6 2 57 4
66 6 2 58 4
66 6 2 59 4
66 6 2 60 4
66 6 2 61 4
66 6 2 62 4
66 6 2 63 4
66 6 2 64 130
66 6 2 65 252
67 0 0 67 2
67 1 0 34 2
67 1 0 35 4
67 1 0 36 4
67 1 0 37 4
67 1 0 38 4
67 1 0 39 4
67 1 0 40 4
67 1 0 41 4
67 1 0 42 4
67 1 0 43 4
67 1 0 44 4
67 1 0 45 4
67 1 0 46 4
67 1 0 47 4
67 1 0 48 4
67 1 0 49 4
67 1 0 50 4
67 1 0 51 4
67 1 0 52 4
67 1 0 53 4
67 1 0 54 4
67 1 0 55 4
67 1 0 56 4
67 1 0 57 4
67 1 0 58 4
67 1 0 59 4
67 1 0 60 4
67 1 0 61 4
67 1 0 62 4
67 1 0 63 4
67 1 0 64 4
67 1 0 65 4
67 1 0 66 4
67 1 0 67 130
67 2 0 23 2
67 2 0 24 12
67 2 0 25 30
67 2 0 26 36
67 2 0 27 60
67 2 0 28 60
67 2 0 29 90
67 2 0 30 84
67 2 0 31 120
67 2 0 32 108
67 2 0 33 150
67 2 0 34 252
67 2 0 35 416
67 2 0 36 392
67 2 0 37 446
67 2 0 38 416
67 2 0 39 476
67 2 0 40 440
67 2 0 41 506
67 2 0 42 464
67 2 0 43 536
67 2 0 44 488
67 2 0 45 566
67 2 0 46 512
67 2 0 47 596
67 2 0 48 536
67 2 0 49 626
67 2 0 50 560
67 2 0 51 656
67 2 0 52 584
67 2 0 53 686
67 2 0 54 608
67 2 0 55 716
67 2 0 56 632
67 2 0 57 746
67 2 0 58 656
67 2 0 59 776
67 2 0 60 680
67 2 0 61 806
67 2 0 62 704
67 2 0 63 836
67 2 0 64 732
67 2 0 65 870
67 2 0 66 892
67 2 0 67 4420
67 3 0 18 12
67 3 0 19 76
67 3 0 20 204
67 3 0 21 396
67 3 0 22 652
67 3 0 23 1052
67 3 0 24 1856
67 3 0 25 3132
67 3 0 26 4280
67 3 0 27 6344
67 3 0 28 7860
67 3 0 29 10736
67 3 0 30 12608
67 3 0 31 16308
67 3 0 32 18524
67 3 0 33 23068
67 3 0 34 28166
67 3 0 35 33820
67 3 0 36 34096
67 3 0 37 37194
67 3 0 38 36844
67 3 0 39 40054
67 3 0 40 39240
67 3 0 41 42574
67 3 0 42 41284
67 3 0 43 44754
67 3 0 44 42976
67 3 0 45 46594
67 3 0 46 44316
67 3 0 47 48094
67 3 0 48 45304
67 3 0 49 49254
67 3 0 50 45940
67 3 0 51 50074
67 3 0 52 46224
67 3 0 53 50554
67 3 0 54 46156
67 3 0 55 50694
67 3 0 56 45736
67 3 0 57 50494
67 3 0 58 44964
67 3 0 59 49954
67 3 0 60 43840
67 3 0 61 49070
67 3 0 62 42592
67 3 0 63 48102
67 3 0 64 41724
67 3 0 65 48030
67 3 0 66 48768
67 3 0 67 103744
67 4 0 15 54
67 4 0 16 396
67 4 0 17 1554
67 4 0 18 3876
67 4 0 19 10436
67 4 0 20 21916
67 4 0 21 44922
67 4 0 22 77116
67 4 0 23 132186
67 4 0 24 202720
67 4 0 25 303490
67 4 0 26 404176
67 4 0 27 547028
67 4 0 28 675656
67 4 0 29 855834
67 4 0 30 1006836
67 4 0 31 1219156
67 4 0 32 1387676
67 4 0 33 1630850
67 4 0 34 1863800
67 4 0 35 2074734
67 4 0 36 2141048
67 4 0 37 2282920
67 4 0 38 2320656
67 4 0 39 2451738
67 4 0 40 2464756
67 4 0 41 2585396
67 4 0 42 2573468
67 4 0 43 2684150
67 4 0 44 2647144
67 4 0 45 2748120
67 4 0 46 2686024
67 4 0 47 2777690
67 4 0 48 2690196
67 4 0 49 2773116
67 4 0 50 2660044
67 4 0 51 2734486
67 4 0 52 2595808
67 4 0 53 2662216
67 4 0 54 2497544
67 4 0 55 2556562
67 4 0 56 2365668
67 4 0 57 2417484
67 4 0 58 2200212
67 4 0 59 2245396
67 4 0 60 2001596
67 4 0 61 2040164
67 4 0 62 1781124
67 4 0 63 1815678
67 4 0 64 1560072
67 4 0 65 1617356
67 4 0 66 1526232
67 4 0 67 1878498
67 4 1 34 4
67 4 1 35 20
67 4 1 36 36
67 4 1 37 52
67 4 1 38 68
67 4 1 39 84
67 4 1 40 100
67 4 1 41 116
67 4 1 42 132
67 4 1 43 148
67 4 1 44 164
67 4 1 45 180
67 4 1 46 196
67 4 1 47 212
67 4 1 48 228
67 4 1 49 244
67 4 1 50 260
67 4 1 51 276
67 4 1 52 292
67 4 1 53 308
67 4 1 54 324
67 4 1 55 340
67 4 1 56 356
67 4 1 57 372
67 4 1 58 388
67 4 1 59 404
67 4 1 60 420
67 4 1 61 436
67 4 1 62 452
67 4 1 63 468
67 4 1 64 484
67 4 1 65 504
67 4 1 66 520
67 5 0 12 2
67 5 0 13 220
67 5 0 14 2334
67 5 0 15 12288
67 5 0 16 49240
67 5 0 17 160878
67 5 0 18 426272
67 5 0 19 981482
67 5 0 20 1939616
67 5 0 21 3522266
67 5 0 22 5811096
67 5 0 23 9188662
67 5 0 24 13527328
67 5 0 25 19097994
67 5 0 26 25349542
67 5 0 27 32904488
67 5 0 28 40686808
67 5 0 29 49670924
67 5 0 30 58325114
67 5 0 31 68015926
67 5 0 32 76759330
67 5 0 33 86434546
67 5 0 34 94889422
67 5 0 35 101845660
67 5 0 36 105986708
67 5 0 37 111012284
67 5 0 38 113776112
67 5 0 39 117755652
67 5 0 40 119237264
67 5 0 41 122199898
67 5 0 42 122424940
67 5 0 43 124412856
67 5 0 44 123419600
67 5 0 45 124474560
67 5 0 46 122315948
67 5 0 47 122492432
67 5 0 48 119219840
67 5 0 49 118587502
67 5 0 50 114266184
67 5 0 51 112891008
67 5 0 52 107602796
67 5 0 53 105565392
67 5 0 54 99386404
67 5 0 55 96784736
67 5 0 56 89806696
67 5 0 57 86728118
67 5 0 58 79058192
67 5 0 59 75614720
67 5 0 60 67369668
67 5 0 61 63681406
67 5 0 62 55237640
67 5 0 63 51464070
67 5 0 64 43291552
67 5 0 65 40004538
67 5 0 66 33809620
67 5 0 67 27852762
67 5 1 23 8
67 5 1 24 128
67 5 1 25 516
67 5 1 26 1148
67 5 1 27 2088
67 5 1 28 3248
67 5 1 29 4740
67 5 1 30 6428
67 5 1 31 8472
67 5 1 32 10688
67 5 1 33 13284
67 5 1 34 15728
67 5 1 35 17516
67 5 1 36 19076
67 5 1 37 20712
67 5 1 38 22096
67 5 1 39 23580
67 5 1 40 24788
67 5 1 41 26120
67 5 1 42 27152
67 5 1 43 28332
67 5 1 44 29188
67 5 1 45 30216
67 5 1 46 30896
67 5 1 47 31772
67 5 1 48 32276
67 5 1 49 33000
67 5 1 50 33328
67 5 1 51 33900
67 5 1 52 34052
67 5 1 53 34472
67 5 1 54 34448
67 5 1 55 34716
67 5 1 56 34516
67 5 1 57 34632
67 5 1 58 34256
67 5 1 59 34220
67 5 1 60 33668
67 5 1 61 33480
67 5 1 62 32752
67 5 1 63 32652
67 5 1 64 31888
67 5 1 65 32756
67 5 1 66 33012
67 6 0 11 88
67 6 0 12 3040
67 6 0 13 36418
67 6 0 14 240388
67 6 0 15 1172216
67 6 0 16 4089368
67 6 0 17 11735350
67 6 0 18 28207318
67 6 0 19 60343090
67 6 0 20 114442110
67 6 0 21 199610122
67 6 0 22 320109486
67 6 0 23 485232312
67 6 0 24 690787198
67 6 0 25 940519862
67 6 0 26 1222145890
67 6 0 27 1540329994
67 6 0 28 1873527358
67 6 0 29 2229266152
67 6 0 30 2579575234
67 6 0 31 2936290066
67 6 0 32 3266091288
67 6 0 33 3587427097
67 6 0 34 3860457526
67 6 0 35 4077425147
67 6 0 36 4236037116
67 6 0 37 4385252588
67 6 0 38 4485051576
67 6 0 39 4580440974
67 6 0 40 4624545912
67 6 0 41 4668606752
67 6 0 42 4659814496
67 6 0 43 4655847954
67 6 0 44 4597692448
67 6 0 45 4549521596
67 6 0 46 4446316504
67 6 0 47 4358411610
67 6 0 48 4214905964
67 6 0 49 4092444316
67 6 0 50 3913997412
67 6 0 51 3762449414
67 6 0 52 3555112816
67 6 0 53 3380476482
67 6 0 54 3150481888
67 6 0 55 2959378204
67 6 0 56 2713447112
67 6 0 57 2512510012
67 6 0 58 2257995404
67 6 0 59 2054541210
67 6 0 60 1799163724
67 6 0 61 1601395860
67 6 0 62 1356552132
67 6 0 63 1172099366
67 6 0 64 948336556
67 6 0 65 784921732
67 6 0 66 583782632
67 6 0 67 350929866
67 6 1 18 116
67 6 1 19 1596
67 6 1 20 7168
67 6 1 21 19928
67 6 1 22 43004
67 6 1 23 79360
67 6 1 24 130636
67 6 1 25 199788
67 6 1 26 288260
67 6 1 27 394860
67 6 1 28 520916
67 6 1 29 664576
67 6 1 30 827760
67 6 1 31 1008000
67 6 1 32 1208144
67 6 1 33 1426752
67 6 1 34 1646584
67 6 1 35 1802218
67 6 1 36 1949048
67 6 1 37 2082460
67 6 1 38 2206764
67 6 1 39 2317312
67 6 1 40 2418928
67 6 1 41 2506664
67 6 1 42 2585520
67 6 1 43 2650284
67 6 1 44 2706424
67 6 1 45 2748168
67 6 1 46 2781392
67 6 1 47 2800200
67 6 1 48 2810436
67 6 1 49 2806116
67 6 1 50 2793440
67 6 1 51 2765944
67 6 1 52 2730124
67 6 1 53 2679568
67 6 1 54 2620532
67 6 1 55 2546692
67 6 1 56 2464548
67 6 1 57 2367376
67 6 1 58 2261860
67 6 1 59 2141504
67 6 1 60 2012548
67 6 1 61 1867852
67 6 1 62 1716016
67 6 1 63 1560666
67 6 1 64 1391224
67 6 1 65 1264340
67 6 1 66 1095932
67 6 2 34 4
67 6 2 35 4
67 6 2 36 4
67 6 2 37 4
67 6 2 38 4
67 6 2 39 4
67 6 2 40 4
67 6 2 41 4
67 6 2 42 4
67 6 2 43 4
67 6 2 44 4
67 6 2 45 4
67 6 2 46 4
67 6 2 47 4
67 6 2 48 4
67 6 2 49 4
67 6 2 50 4
67 6 2 51 4
67 6 2 52 4
67 6 2 53 4
67 6 2 54 4
67 6 2 55 4
67 6 2 56 4
67 6 2 57 4
67 6 2 58 4
67 6 2 59 4
67 6 2 60 4
67 6 2 61 4
67 6 2 62 4
67 6 2 63 4
67 6 2 64 4
67 6 2 65 132
67 6 2 66 256
68 0 0 68 2
68 1 0 35 4
68 1 0 36 4
68 1 0 37 4
68 1 0 38 4
68 1 0 39 4
68 1 0 40 4
68 1 0 41 4
68 1 0 42 4
68 1 0 43 4
68 1 0 44 4
68 1 0 45 4
68 1 0 46 4
68 1 0 47 4
68 1 0 48 4
68 1 0 49 4
68 1 0 50 4
68 1 0 51 4
68 1 0 52 4
68 1 0 53 4
68 1 0 54 4
68 1 0 55 4
68 1 0 56 4
68 1 0 57 4
68 1 0 58 4
68 1 0 59 4
68 1 0 60 4
68 1 0 61 4
68 1 0 62 4
68 1 0 63 4
68 1 0 64 4
68 1 0 65 4
68 1 0 66 4
68 1 0 67 4
68 1 0 68 132
68 2 0 24 10
68 2 0 25 20
68 2 0 26 40
68 2 0 27 44
68 2 0 28 70
68 2 0 29 68
68 2 0 30 100
68 2 0 31 92
68 2 0 32 130
68 2 0 33 116
68 2 0 34 162
68 2 0 35 380
68 2 0 36 430
68 2 0 37 404
68 2 0 38 460
68 2 0 39 428
68 2 0 40 490
68 2 0 41 452
68 2 0 42 520
68 2 0 43 476
68 2 0 44 550
68 2 0 45 500
68 2 0 46 580
68 2 0 47 524
68 2 0 48 610
68 2 0 49 548
68 2 0 50 640
68 2 0 51 572
68 2 0 52 670
68 2 0 53 596
68 2 0 54 700
68 2 0 55 620
68 2 0 56 730
68 2 0 57 644
68 2 0 58 760
68 2 0 59 668
68 2 0 60 790
68 2 0 61 692
68 2 0 62 820
68 2 0 63 716
68 2 0 64 850
68 2 0 65 744
68 2 0 66 884
68 2 0 67 906
68 2 0 68 4554
68 3 0 18 4
68 3 0 19 52
68 3 0 20 164
68 3 0 21 340
68 3 0 22 580
68 3 0 23 888
68 3 0 24 1652
68 3 0 25 2592
68 3 0 26 4140
68 3 0 27 5420
68 3 0 28 7776
68 3 0 29 9416
68 3 0 30 12592
68 3 0 31 14580
68 3 0 32 18588
68 3 0 33 20916
68 3 0 34 26024
68 3 0 35 32710
68 3 0 36 35916
68 3 0 37 35884
68 3 0 38 39088
68 3 0 39 38596
68 3 0 40 41920
68 3 0 41 40956
68 3 0 42 44412
68 3 0 43 42964
68 3 0 44 46564
68 3 0 45 44620
68 3 0 46 48376
68 3 0 47 45924
68 3 0 48 49848
68 3 0 49 46876
68 3 0 50 50980
68 3 0 51 47476
68 3 0 52 51772
68 3 0 53 47724
68 3 0 54 52224
68 3 0 55 47620
68 3 0 56 52336
68 3 0 57 47164
68 3 0 58 52108
68 3 0 59 46356
68 3 0 60 51540
68 3 0 61 45196
68 3 0 62 50628
68 3 0 63 43916
68 3 0 64 49636
68 3 0 65 43028
68 3 0 66 49560
68 3 0 67 50310
68 3 0 68 108420
68 4 0 15 24
68 4 0 16 316
68 4 0 17 1144
68 4 0 18 3390
68 4 0 19 8052
68 4 0 20 19434
68 4 0 21 37384
68 4 0 22 70382
68 4 0 23 114094
68 4 0 24 189320
68 4 0 25 272058
68 4 0 26 390574
68 4 0 27 504044
68 4 0 28 664340
68 4 0 29 804422
68 4 0 30 1001270
68 4 0 31 1162380
68 4 0 32 1390828
68 4 0 33 1569274
68 4 0 34 1840780
68 4 0 35 2076212
68 4 0 36 2236404
68 4 0 37 2293942
68 4 0 38 2438918
68 4 0 39 2471132
68 4 0 40 2605360
68 4 0 41 2612250
68 4 0 42 2736086
68 4 0 43 2717412
68 4 0 44 2831352
68 4 0 45 2786974
68 4 0 46 2891274
68 4 0 47 2821176
68 4 0 48 2916240
68 4 0 49 2820102
68 4 0 50 2906506
68 4 0 51 2784140
68 4 0 52 2862156
68 4 0 53 2713530
68 4 0 54 2783610
68 4 0 55 2608324
68 4 0 56 2671124
68 4 0 57 2468942
68 4 0 58 2524652
68 4 0 59 2295412
68 4 0 60 2344612
68 4 0 61 2088158
68 4 0 62 2130862
68 4 0 63 1858908
68 4 0 64 1897766
68 4 0 65 1629662
68 4 0 66 1692414
68 4 0 67 1598308
68 4 0 68 1990822
68 4 1 35 12
68 4 1 36 28
68 4 1 37 44
68 4 1 38 60
68 4 1 39 76
68 4 1 40 92
68 4 1 41 108
68 4 1 42 124
68 4 1 43 140
68 4 1 44 156
68 4 1 45 172
68 4 1 46 188
68 4 1 47 204
68 4 1 48 220
68 4 1 49 236
68 4 1 50 252
68 4 1 51 268
68 4 1 52 284
68 4 1 53 300
68 4 1 54 316
68 4 1 55 332
68 4 1 56 348
68 4 1 57 364
68 4 1 58 380
68 4 1 59 396
68 4 1 60 412
68 4 1 61 428
68 4 1 62 444
68 4 1 63 460
68 4 1 64 476
68 4 1 65 492
68 4 1 66 512
68 4 1 67 528
68 5 0 13 112
68 5 0 14 1624
68 5 0 15 9208
68 5 0 16 39060
68 5 0 17 129840
68 5 0 18 361762
68 5 0 19 840848
68 5 0 20 1734476
68 5 0 21 3153660
68 5 0 22 5368164
68 5 0 23 8436128
68 5 0 24 12808932
68 5 0 25 18027868
68 5 0 26 24605004
68 5 0 27 31740528
68 5 0 28 40221192
68 5 0 29 48748300
68 5 0 30 58505732
68 5 0 31 67704996
68 5 0 32 77966508
68 5 0 33 87041756
68 5 0 34 97236374
68 5 0 35 105083474
68 5 0 36 111336516
68 5 0 37 115262394
68 5 0 38 120309960
68 5 0 39 122885230
68 5 0 40 126859604
68 5 0 41 128110422
68 5 0 42 131043212
68 5 0 43 130997514
68 5 0 44 132933672
68 5 0 45 131632250
68 5 0 46 132615768
68 5 0 47 130114382
68 5 0 48 130202236
68 5 0 49 126554486
68 5 0 50 125819160
68 5 0 51 121092802
68 5 0 52 119602480
68 5 0 53 113882198
68 5 0 54 111720004
68 5 0 55 105084074
68 5 0 56 102350864
68 5 0 57 94893498
68 5 0 58 91678628
68 5 0 59 83509710
68 5 0 60 79927912
68 5 0 61 71166926
68 5 0 62 67340676
68 5 0 63 58381946
68 5 0 64 54474620
68 5 0 65 45811902
68 5 0 66 42430572
68 5 0 67 35929684
68 5 0 68 29929920
68 5 1 24 68
68 5 1 25 348
68 5 1 26 920
68 5 1 27 1728
68 5 1 28 2852
68 5 1 29 4188
68 5 1 30 5864
68 5 1 31 7728
68 5 1 32 9956
68 5 1 33 12348
68 5 1 34 15126
68 5 1 35 17100
68 5 1 36 18880
68 5 1 37 20424
68 5 1 38 22052
68 5 1 39 23420
68 5 1 40 24896
68 5 1 41 26088
68 5 1 42 27412
68 5 1 43 28428
68 5 1 44 29600
68 5 1 45 30440
68 5 1 46 31460
68 5 1 47 32124
68 5 1 48 32992
68 5 1 49 33480
68 5 1 50 34196
68 5 1 51 34508
68 5 1 52 35072
68 5 1 53 35208
68 5 1 54 35620
68 5 1 55 35580
68 5 1 56 35840
68 5 1 57 35624
68 5 1 58 35732
68 5 1 59 35340
68 5 1 60 35296
68 5 1 61 34728
68 5 1 62 34532
68 5 1 63 33788
68 5 1 64 33684
68 5 1 65 32906
68 5 1 66 33788
68 5 1 67 34048
68 6 0 11 32
68 6 0 12 2190
68 6 0 13 25040
68 6 0 14 188354
68 6 0 15 918394
68 6 0 16 3442696
68 6 0 17 9967100
68 6 0 18 24901650
68 6 0 19 53766128
68 6 0 20 104960994
68 6 0 21 184726106
68 6 0 22 302754124
68 6 0 23 461858242
68 6 0 24 670314832
68 6 0 25 918236340
68 6 0 26 1211929360
68 6 0 27 1533961066
68 6 0 28 1890655446
68 6 0 29 2256524184
68 6 0 30 2641738722
68 6 0 31 3014086706
68 6 0 32 3389049186
68 6 0 33 3729049504
68 6 0 34 4058106068
68 6 0 35 4313102310
68 6 0 36 4519474138
68 6 0 37 4672624010
68 6 0 38 4818954186
68 6 0 39 4911584764
68 6 0 40 5001809572
68 6 0 41 5036321922
68 6 0 42 5073201888
68 6 0 43 5052657656
68 6 0 44 5039766818
68 6 0 45 4967971990
68 6 0 46 4909394762
68 6 0 47 4790947752
68 6 0 48 4691422442
68 6 0 49 4531344626
68 6 0 50 4396329338
68 6 0 51 4200261232
68 6 0 52 4035491248
68 6 0 53 3809781194
68 6 0 54 3621528354
68 6 0 55 3372686820
68 6 0 56 3167861636
68 6 0 57 2902899836
68 6 0 58 2688401304
68 6 0 59 2414978904
68 6 0 60 2198414926
68 6 0 61 1924563692
68 6 0 62 1714453818
68 6 0 63 1452168446
68 6 0 64 1256421710
68 6 0 65 1016846712
68 6 0 66 843787096
68 6 0 67 629429026
68 6 0 68 382332896
68 6 1 18 36
68 6 1 19 956
68 6 1 20 5216
68 6 1 21 15888
68 6 1 22 36092
68 6 1 23 68952
68 6 1 24 116352
68 6 1 25 181240
68 6 1 26 264992
68 6 1 27 368468
68 6 1 28 490212
68 6 1 29 631804
68 6 1 30 791148
68 6 1 31 970400
68 6 1 32 1166860
68 6 1 33 1384244
68 6 1 34 1621944
68 6 1 35 1809250
68 6 1 36 1964740
68 6 1 37 2110960
68 6 1 38 2243460
68 6 1 39 2366752
68 6 1 40 2475980
68 6 1 41 2576172
68 6 1 42 2662184
68 6 1 43 2739204
68 6 1 44 2801836
68 6 1 45 2855732
68 6 1 46 2894936
68 6 1 47 2925504
68 6 1 48 2941368
68 6 1 49 2948536
68 6 1 50 2940864
68 6 1 51 2924712
68 6 1 52 2893456
68 6 1 53 2853748
68 6 1 54 2799028
68 6 1 55 2735692
68 6 1 56 2657280
68 6 1 57 2570428
68 6 1 58 2468276
68 6 1 59 2357640
68 6 1 60 2231900
68 6 1 61 2097412
68 6 1 62 1946908
68 6 1 63 1789140
68 6 1 64 1628032
68 6 1 65 1452470
68 6 1 66 1321272
68 6 1 67 1147376
68 6 2 34 2
68 6 2 35 4
68 6 2 36 4
68 6 2 37 4
68 6 2 38 4
68 6 2 39 4
68 6 2 40 4
68 6 2 41 4
68 6 2 42 4
68 6 2 43 4
68 6 2 44 4
68 6 2 45 4
68 6 2 46 4
68 6 2 47 4
68 6 2 48 4
68 6 2 49 4
68 6 2 50 4
68 6 2 51 4
68 6 2 52 4
68 6 2 53 4
68 6 2 54 4
68 6 2 55 4
68 6 2 56 4
68 6 2 57 4
68 6 2 58 4
68 6 2 59 4
68 6 2 60 4
68 6 2 61 4
68 6 2 62 4
68 6 2 63 4
68 6 2 64 4
68 6 2 65 4
68 6 2 66 134
68 6 2 67 260
69 0 0 69 2
69 1 0 35 2
69 1 0 36 4
69 1 0 37 4
69 1 0 38 4
69 1 0 39 4
69 1 0 40 4
69 1 0 41 4
69 1 0 42 4
69 1 0 43 4
69 1 0 44 4
69 1 0 45 4
69 1 0 46 4
69 1 0 47 4
69 1 0 48 4
69 1 0 49 4
69 1 0 50 4
69 1 0 51 4
69 1 0 52 4
69 1 0 53 4
69 1 0 54 4
69 1 0 55 4
69 1 0 56 4
69 1 0 57 4
69 1 0 58 4
69 1 0 59 4
69 1 0 60 4
69 1 0 61 4
69 1 0 62 4
69 1 0 63 4
69 1 0 64 4
69 1 0 65 4
69 1 0 66 4
69 1 0 67 4
69 1 0 68 4
69 1 0 69 134
69 2 0 24 4
69 2 0 25 20
69 2 0 26 28
69 2 0 27 50
69 2 0 28 52
69 2 0 29 80
69 2 0 30 76
69 2 0 31 110
69 2 0 32 100
69 2 0 33 140
69 2 0 34 124
69 2 0 35 294
69 2 0 36 392
69 2 0 37 444
69 2 0 38 416
69 2 0 39 474
69 2 0 40 440
69 2 0 41 504
69 2 0 42 464
69 2 0 43 534
69 2 0 44 488
69 2 0 45 564
69 2 0 46 512
69 2 0 47 594
69 2 0 48 536
69 2 0 49 624
69 2 0 50 560
69 2 0 51 654
69 2 0 52 584
69 2 0 53 684
69 2 0 54 608
69 2 0 55 714
69 2 0 56 632
69 2 0 57 744
69 2 0 58 656
69 2 0 59 774
69 2 0 60 680
69 2 0 61 804
69 2 0 62 704
69 2 0 63 834
69 2 0 64 728
69 2 0 65 864
69 2 0 66 756
69 2 0 67 898
69 2 0 68 920
69 2 0 69 4690
69 3 0 18 2
69 3 0 19 36
69 3 0 20 132
69 3 0 21 292
69 3 0 22 516
69 3 0 23 804
69 3 0 24 1328
69 3 0 25 2420
69 3 0 26 3468
69 3 0 27 5304
69 3 0 28 6712
69 3 0 29 9364
69 3 0 30 11124
69 3 0 31 14604
69 3 0 32 16704
69 3 0 33 21024
69 3 0 34 23460
69 3 0 35 31360
69 3 0 36 34484
69 3 0 37 37862
69 3 0 38 37692
69 3 0 39 41006
69 3 0 40 40368
69 3 0 41 43810
69 3 0 42 42692
69 3 0 43 46274
69 3 0 44 44664
69 3 0 45 48398
69 3 0 46 46284
69 3 0 47 50182
69 3 0 48 47552
69 3 0 49 51626
69 3 0 50 48468
69 3 0 51 52730
69 3 0 52 49032
69 3 0 53 53494
69 3 0 54 49244
69 3 0 55 53918
69 3 0 56 49104
69 3 0 57 54002
69 3 0 58 48612
69 3 0 59 53746
69 3 0 60 47768
69 3 0 61 53150
69 3 0 62 46572
69 3 0 63 52210
69 3 0 64 45260
69 3 0 65 51194
69 3 0 66 44352
69 3 0 67 51114
69 3 0 68 51876
69 3 0 69 113234
69 4 0 15 14
69 4 0 16 196
69 4 0 17 994
69 4 0 18 2580
69 4 0 19 7126
69 4 0 20 15588
69 4 0 21 33680
69 4 0 22 59928
69 4 0 23 105044
69 4 0 24 165168
69 4 0 25 258466
69 4 0 26 353924
69 4 0 27 490780
69 4 0 28 616804
69 4 0 29 794682
69 4 0 30 945976
69 4 0 31 1159640
69 4 0 32 1330604
69 4 0 33 1575606
69 4 0 34 1764818
69 4 0 35 2093553
69 4 0 36 2235632
69 4 0 37 2398964
69 4 0 38 2451272
69 4 0 39 2599494
69 4 0 40 2625868
69 4 0 41 2763392
69 4 0 42 2763828
69 4 0 43 2891018
69 4 0 44 2865264
69 4 0 45 2982628
69 4 0 46 2930536
69 4 0 47 3038334
69 4 0 48 2959884
69 4 0 49 3058528
69 4 0 50 2953388
69 4 0 51 3043466
69 4 0 52 2911440
69 4 0 53 2993228
69 4 0 54 2834280
69 4 0 55 2908238
69 4 0 56 2721956
69 4 0 57 2788752
69 4 0 58 2574892
69 4 0 59 2634718
69 4 0 60 2393112
69 4 0 61 2446558
69 4 0 62 2177044
69 4 0 63 2224122
69 4 0 64 1938848
69 4 0 65 1982256
69 4 0 66 1701260
69 4 0 67 1769752
69 4 0 68 1672616
69 4 0 69 2108086
69 4 1 35 4
69 4 1 36 20
69 4 1 37 36
69 4 1 38 52
69 4 1 39 68
69 4 1 40 84
69 4 1 41 100
69 4 1 42 116
69 4 1 43 132
69 4 1 44 148
69 4 1 45 164
69 4 1 46 180
69 4 1 47 196
69 4 1 48 212
69 4 1 49 228
69 4 1 50 244
69 4 1 51 260
69 4 1 52 276
69 4 1 53 292
69 4 1 54 308
69 4 1 55 324
69 4 1 56 340
69 4 1 57 356
69 4 1 58 372
69 4 1 59 388
69 4 1 60 404
69 4 1 61 420
69 4 1 62 436
69 4 1 63 452
69 4 1 64 468
69 4 1 65 484
69 4 1 66 500
69 4 1 67 520
69 4 1 68 536
69 5 0 13 70
69 5 0 14 1204
69 5 0 15 7216
69 5 0 16 30704
69 5 0 17 107350
69 5 0 18 300580
69 5 0 19 732892
69 5 0 20 1517912
69 5 0 21 2864372
69 5 0 22 4866010
69 5 0 23 7857738
69 5 0 24 11876422
69 5 0 25 17242920
69 5 0 26 23404596
69 5 0 27 31011588
69 5 0 28 39020732
69 5 0 29 48417662
69 5 0 30 57657008
69 5 0 31 68156838
69 5 0 32 77846638
69 5 0 33 88639964
69 5 0 34 98020194
69 5 0 35 108775808
69 5 0 36 114933022
69 5 0 37 121201068
69 5 0 38 124965108
69 5 0 39 130030790
69 5 0 40 132398508
69 5 0 41 136364140
69 5 0 42 137364836
69 5 0 43 140264504
69 5 0 44 139928396
69 5 0 45 141809824
69 5 0 46 140180224
69 5 0 47 141089626
69 5 0 48 138225120
69 5 0 49 138221968
69 5 0 50 134178372
69 5 0 51 133337988
69 5 0 52 128185560
69 5 0 53 126578320
69 5 0 54 120404604
69 5 0 55 118116146
69 5 0 56 111001568
69 5 0 57 108135648
69 5 0 58 100176908
69 5 0 59 96824872
69 5 0 60 88134576
69 5 0 61 84413876
69 5 0 62 75114236
69 5 0 63 71149712
69 5 0 64 61653576
69 5 0 65 57612526
69 5 0 66 48438288
69 5 0 67 44964446
69 5 0 68 38147676
69 5 0 69 32128486
69 5 1 24 24
69 5 1 25 232
69 5 1 26 688
69 5 1 27 1444
69 5 1 28 2428
69 5 1 29 3736
69 5 1 30 5248
69 5 1 31 7108
69 5 1 32 9148
69 5 1 33 11560
69 5 1 34 14128
69 5 1 35 16784
69 5 1 36 18488
69 5 1 37 20260
69 5 1 38 21788
69 5 1 39 23408
69 5 1 40 24760
69 5 1 41 26228
69 5 1 42 27404
69 5 1 43 28720
69 5 1 44 29720
69 5 1 45 30884
69 5 1 46 31708
69 5 1 47 32720
69 5 1 48 33368
69 5 1 49 34228
69 5 1 50 34700
69 5 1 51 35408
69 5 1 52 35704
69 5 1 53 36260
69 5 1 54 36380
69 5 1 55 36784
69 5 1 56 36728
69 5 1 57 36980
69 5 1 58 36748
69 5 1 59 36848
69 5 1 60 36440
69 5 1 61 36388
69 5 1 62 35804
69 5 1 63 35600
69 5 1 64 34840
69 5 1 65 34732
69 5 1 66 33940
69 5 1 67 34836
69 5 1 68 35100
69 6 0 11 18
69 6 0 12 1284
69 6 0 13 19120
69 6 0 14 138700
69 6 0 15 745416
69 6 0 16 2813340
69 6 0 17 8599812
69 6 0 18 21610448
69 6 0 19 48270920
69 6 0 20 95049076
69 6 0 21 171636422
69 6 0 22 283449388
69 6 0 23 440803820
69 6 0 24 644100008
69 6 0 25 898144754
69 6 0 26 1191213192
69 6 0 27 1529972302
69 6 0 28 1892340780
69 6 0 29 2287009132
69 6 0 30 2684138868
69 6 0 31 3097096298
69 6 0 32 3489013890
69 6 0 33 3879735712
69 6 0 34 4227230858
69 6 0 35 4557473984
69 6 0 36 4784461044
69 6 0 37 4988981642
69 6 0 38 5136675856
69 6 0 39 5279423998
69 6 0 40 5363856968
69 6 0 41 5448207792
69 6 0 42 5472071944
69 6 0 43 5501054092
69 6 0 44 5467681332
69 6 0 45 5445147262
69 6 0 46 5358621420
69 6 0 47 5288921626
69 6 0 48 5154132160
69 6 0 49 5042278084
69 6 0 50 4864524132
69 6 0 51 4716260304
69 6 0 52 4501469416
69 6 0 53 4322800658
69 6 0 54 4077624332
69 6 0 55 3875101392
69 6 0 56 3606334232
69 6 0 57 3387162802
69 6 0 58 3102111568
69 6 0 59 2873460068
69 6 0 60 2580097388
69 6 0 61 2349870736
69 6 0 62 2056545800
69 6 0 63 1833585418
69 6 0 64 1552915236
69 6 0 65 1345415112
69 6 0 66 1089168900
69 6 0 67 906094048
69 6 0 68 677876412
69 6 0 69 416028392
69 6 1 18 12
69 6 1 19 532
69 6 1 20 3680
69 6 1 21 12452
69 6 1 22 29984
69 6 1 23 59388
69 6 1 24 103264
69 6 1 25 163348
69 6 1 26 243112
69 6 1 27 341900
69 6 1 28 460808
69 6 1 29 598124
69 6 1 30 755680
69 6 1 31 931136
69 6 1 32 1126884
69 6 1 33 1340236
69 6 1 34 1576072
69 6 1 35 1808876
69 6 1 36 1977122
69 6 1 37 2132236
69 6 1 38 2277740
69 6 1 39 2409216
69 6 1 40 2531384
69 6 1 41 2639180
69 6 1 42 2737836
69 6 1 43 2822012
69 6 1 44 2897084
69 6 1 45 2957472
69 6 1 46 3009012
69 6 1 47 3045564
69 6 1 48 3073364
69 6 1 49 3086172
69 6 1 50 3090160
69 6 1 51 3079024
69 6 1 52 3059284
69 6 1 53 3024156
69 6 1 54 2980448
69 6 1 55 2921452
69 6 1 56 2853704
69 6 1 57 2770608
69 6 1 58 2678936
69 6 1 59 2571692
69 6 1 60 2455824
69 6 1 61 2324588
69 6 1 62 2184456
69 6 1 63 2028032
69 6 1 64 1864220
69 6 1 65 1697250
69 6 1 66 1515460
69 6 1 67 1379876
69 6 1 68 1200404
69 6 2 35 4
69 6 2 36 4
69 6 2 37 4
69 6 2 38 4
69 6 2 39 4
69 6 2 40 4
69 6 2 41 4
69 6 2 42 4
69 6 2 43 4
69 6 2 44 4
69 6 2 45 4
69 6 2 46 4
69 6 2 47 4
69 6 2 48 4
69 6 2 49 4
69 6 2 50 4
69 6 2 51 4
69 6 2 52 4
69 6 2 53 4
69 6 2 54 4
69 6 2 55 4
69 6 2 56 4
69 6 2 57 4
69 6 2 58 4
69 6 2 59 4
69 6 2 60 4
69 6 2 61 4
69 6 2 62 4
69 6 2 63 4
69 6 2 64 4
69 6 2 65 4
69 6 2 66 4
69 6 2 67 136
69 6 2 68 264
70 0 0 70 2
70 1 0 36 4
70 1 0 37 4
70 1 0 38 4
70 1 0 39 4
70 1 0 40 4
70 1 0 41 4
70 1 0 42 4
70 1 0 43 4
70 1 0 44 4
70 1 0 45 4
70 1 0 46 4
70 1 0 47 4
70 1 0 48 4
70 1 0 49 4
70 1 0 50 4
70 1 0 51 4
70 1 0 52 4
70 1 0 53 4
70 1 0 54 4
70 1 0 55 4
70 1 0 56 4
70 1 0 57 4
70 1 0 58 4
70 1 0 59 4
70 1 0 60 4
70 1 0 61 4
70 1 0 62 4
70 1 0 63 4
70 1 0 64 4
70 1 0 65 4
70 1 0 66 4
70 1 0 67 4
70 1 0 68 4
70 1 0 69 4
70 1 0 70 136
70 2 0 24 2
70 2 0 25 12
70 2 0 26 30
70 2 0 27 36
70 2 0 28 60
70 2 0 29 60
70 2 0 30 90
70 2 0 31 84
70 2 0 32 120
70 2 0 33 108
70 2 0 34 150
70 2 0 35 134
70 2 0 36 428
70 2 0 37 404
70 2 0 38 458
70 2 0 39 428
70 2 0 40 488
70 2 0 41 452
70 2 0 42 518
70 2 0 43 476
70 2 0 44 548
70 2 0 45 500
70 2 0 46 578
70 2 0 47 524
70 2 0 48 608
70 2 0 49 548
70 2 0 50 638
70 2 0 51 572
70 2 0 52 668
70 2 0 53 596
70 2 0 54 698
70 2 0 55 620
70 2 0 56 728
70 2 0 57 644
70 2 0 58 758
70 2 0 59 668
70 2 0 60 788
70 2 0 61 692
70 2 0 62 818
70 2 0 63 716
70 2 0 64 848
70 2 0 65 740
70 2 0 66 878
70 2 0 67 768
70 2 0 68 912
70 2 0 69 934
70 2 0 70 4828
70 3 0 19 20
70 3 0 20 100
70 3 0 21 244
70 3 0 22 452
70 3 0 23 724
70 3 0 24 1144
70 3 0 25 1984
70 3 0 26 3312
70 3 0 27 4488
70 3 0 28 6616
70 3 0 29 8148
70 3 0 30 11100
70 3 0 31 12976
70 3 0 32 16764
70 3 0 33 18972
70 3 0 34 23612
70 3 0 35 26404
70 3 0 36 36262
70 3 0 37 36528
70 3 0 38 39832
70 3 0 39 39520
70 3 0 40 42948
70 3 0 41 42160
70 3 0 42 45724
70 3 0 43 44448
70 3 0 44 48160
70 3 0 45 46384
70 3 0 46 50256
70 3 0 47 47968
70 3 0 48 52012
70 3 0 49 49200
70 3 0 50 53428
70 3 0 51 50080
70 3 0 52 54504
70 3 0 53 50608
70 3 0 54 55240
70 3 0 55 50784
70 3 0 56 55636
70 3 0 57 50608
70 3 0 58 55692
70 3 0 59 50080
70 3 0 60 55408
70 3 0 61 49200
70 3 0 62 54784
70 3 0 63 47968
70 3 0 64 53816
70 3 0 65 46624
70 3 0 66 52776
70 3 0 67 45696
70 3 0 68 52692
70 3 0 69 53466
70 3 0 70 118188
70 4 0 15 4
70 4 0 16 146
70 4 0 17 704
70 4 0 18 2302
70 4 0 19 5408
70 4 0 20 13770
70 4 0 21 27624
70 4 0 22 54446
70 4 0 23 90804
70 4 0 24 152050
70 4 0 25 229372
70 4 0 26 339664
70 4 0 27 448574
70 4 0 28 603890
70 4 0 29 742196
70 4 0 30 937768
70 4 0 31 1099994
70 4 0 32 1330594
70 4 0 33 1511356
70 4 0 34 1773760
70 4 0 35 1985191
70 4 0 36 2326041
70 4 0 37 2403800
70 4 0 38 2566304
70 4 0 39 2613066
70 4 0 40 2764682
70 4 0 41 2784892
70 4 0 42 2925868
70 4 0 43 2919518
70 4 0 44 3050226
70 4 0 45 3017052
70 4 0 46 3138012
70 4 0 47 3077858
70 4 0 48 3189334
70 4 0 49 3102176
70 4 0 50 3204588
70 4 0 51 3090082
70 4 0 52 3184030
70 4 0 53 3041972
70 4 0 54 3127736
70 4 0 55 2958086
70 4 0 56 3036134
70 4 0 57 2838468
70 4 0 58 2909480
70 4 0 59 2683546
70 4 0 60 2747716
70 4 0 61 2493340
70 4 0 62 2551268
70 4 0 63 2268282
70 4 0 64 2319978
70 4 0 65 2020972
70 4 0 66 2069182
70 4 0 67 1774894
70 4 0 68 1849404
70 4 0 69 1749190
70 4 0 70 2230432
70 4 1 36 12
70 4 1 37 28
70 4 1 38 44
70 4 1 39 60
70 4 1 40 76
70 4 1 41 92
70 4 1 42 108
70 4 1 43 124
70 4 1 44 140
70 4 1 45 156
70 4 1 46 172
70 4 1 47 188
70 4 1 48 204
70 4 1 49 220
70 4 1 50 236
70 4 1 51 252
70 4 1 52 268
70 4 1 53 284
70 4 1 54 300
70 4 1 55 316
70 4 1 56 332
70 4 1 57 348
70 4 1 58 364
70 4 1 59 380
70 4 1 60 396
70 4 1 61 412
70 4 1 62 428
70 4 1 63 444
70 4 1 64 460
70 4 1 65 476
70 4 1 66 492
70 4 1 67 508
70 4 1 68 528
70 4 1 69 544
70 5 0 13 28
70 5 0 14 784
70 5 0 15 5356
70 5 0 16 24080
70 5 0 17 85596
70 5 0 18 253080
70 5 0 19 620576
70 5 0 20 1345708
70 5 0 21 2544088
70 5 0 22 4470164
70 5 0 23 7188104
70 5 0 24 11142620
70 5 0 25 16155720
70 5 0 26 22566216
70 5 0 27 29705520
70 5 0 28 38350004
70 5 0 29 47217852
70 5 0 30 57518348
70 5 0 31 67433992
70 5 0 32 78642816
70 5 0 33 88776864
70 5 0 34 100074804
70 5 0 35 109841366
70 5 0 36 120123052
70 5 0 37 125289398
70 5 0 38 131520536
70 5 0 39 135103186
70 5 0 40 140183272
70 5 0 41 142323886
70 5 0 42 146277368
70 5 0 43 147008050
70 5 0 44 149871492
70 5 0 45 149224734
70 5 0 46 151048640
70 5 0 47 149070274
70 5 0 48 149903072
70 5 0 49 146654518
70 5 0 50 146558176
70 5 0 51 142097458
70 5 0 52 141150144
70 5 0 53 135550022
70 5 0 54 133824296
70 5 0 55 127175182
70 5 0 56 124759196
70 5 0 57 117143658
70 5 0 58 114144076
70 5 0 59 105661302
70 5 0 60 102171448
70 5 0 61 92936770
70 5 0 62 89076820
70 5 0 63 79215182
70 5 0 64 75112332
70 5 0 65 65055730
70 5 0 66 60881228
70 5 0 67 51173554
70 5 0 68 47609280
70 5 0 69 40466558
70 5 0 70 34453672
70 5 1 24 8
70 5 1 25 128
70 5 1 26 516
70 5 1 27 1148
70 5 1 28 2088
70 5 1 29 3248
70 5 1 30 4740
70 5 1 31 6428
70 5 1 32 8472
70 5 1 33 10688
70 5 1 34 13284
70 5 1 35 16026
70 5 1 36 18204
70 5 1 37 19892
70 5 1 38 21656
70 5 1 39 23168
70 5 1 40 24780
70 5 1 41 26116
70 5 1 42 27576
70 5 1 43 28736
70 5 1 44 30044
70 5 1 45 31028
70 5 1 46 32184
70 5 1 47 32992
70 5 1 48 33996
70 5 1 49 34628
70 5 1 50 35480
70 5 1 51 35936
70 5 1 52 36636
70 5 1 53 36916
70 5 1 54 37464
70 5 1 55 37568
70 5 1 56 37964
70 5 1 57 37892
70 5 1 58 38136
70 5 1 59 37888
70 5 1 60 37980
70 5 1 61 37556
70 5 1 62 37496
70 5 1 63 36896
70 5 1 64 36684
70 5 1 65 35908
70 5 1 66 35796
70 5 1 67 34990
70 5 1 68 35900
70 5 1 69 36168
70 6 0 11 4
70 6 0 12 892
70 6 0 13 12870
70 6 0 14 108048
70 6 0 15 574402
70 6 0 16 2346334
70 6 0 17 7229472
70 6 0 18 18958330
70 6 0 19 42635656
70 6 0 20 86534452
70 6 0 21 157564054
70 6 0 22 266276364
70 6 0 23 416703300
70 6 0 24 620002318
70 6 0 25 870349674
70 6 0 26 1173105554
70 6 0 27 1512889794
70 6 0 28 1897159258
70 6 0 29 2299353450
70 6 0 30 2731070508
70 6 0 31 3157679732
70 6 0 32 3596316864
70 6 0 33 4005172100
70 6 0 34 4409090128
70 6 0 35 4762116024
70 6 0 36 5074810874
70 6 0 37 5286313902
70 6 0 38 5487956156
70 6 0 39 5629138492
70 6 0 40 5767584522
70 6 0 41 5842744378
70 6 0 42 5920489708
70 6 0 43 5932604480
70 6 0 44 5952950964
70 6 0 45 5905628286
70 6 0 46 5872712362
70 6 0 47 5770319720
70 6 0 48 5688762678
70 6 0 49 5536486890
70 6 0 50 5411578390
70 6 0 51 5215001772
70 6 0 52 5052778382
70 6 0 53 4818121342
70 6 0 54 4624862064
70 6 0 55 4359085656
70 6 0 56 4141625218
70 6 0 57 3851813546
70 6 0 58 3617658476
70 6 0 59 3311419686
70 6 0 60 3068012162
70 6 0 61 2753638138
70 6 0 62 2509185526
70 6 0 63 2195349194
70 6 0 64 1959020526
70 6 0 65 1658986240
70 6 0 66 1439265128
70 6 0 67 1165455128
70 6 0 68 971989384
70 6 0 69 729251234
70 6 0 70 452147366
70 6 1 19 260
70 6 1 20 2480
70 6 1 21 9556
70 6 1 22 24600
70 6 1 23 50752
70 6 1 24 90944
70 6 1 25 146852
70 6 1 26 221616
70 6 1 27 316704
70 6 1 28 430956
70 6 1 29 565724
70 6 1 30 719040
70 6 1 31 892988
70 6 1 32 1084984
70 6 1 33 1297656
70 6 1 34 1528740
70 6 1 35 1784444
70 6 1 36 1982154
70 6 1 37 2150356
70 6 1 38 2304736
70 6 1 39 2449412
70 6 1 40 2579752
70 6 1 41 2700684
70 6 1 42 2806936
70 6 1 43 2903944
70 6 1 44 2986172
70 6 1 45 3059184
70 6 1 46 3117216
70 6 1 47 3166288
70 6 1 48 3200076
70 6 1 49 3224996
70 6 1 50 3234636
70 6 1 51 3235332
70 6 1 52 3220620
70 6 1 53 3197180
70 6 1 54 3158068
70 6 1 55 3110248
70 6 1 56 3046864
70 6 1 57 2974592
70 6 1 58 2886700
70 6 1 59 2790096
70 6 1 60 2677648
70 6 1 61 2556436
70 6 1 62 2419592
70 6 1 63 2273704
70 6 1 64 2111248
70 6 1 65 1941280
70 6 1 66 1768344
70 6 1 67 1580218
70 6 1 68 1440176
70 6 1 69 1255040
70 6 2 35 2
70 6 2 36 4
70 6 2 37 4
70 6 2 38 4
70 6 2 39 4
70 6 2 40 4
70 6 2 41 4
70 6 2 42 4
70 6 2 43 4
70 6 2 44 4
70 6 2 45 4
70 6 2 46 4
70 6 2 47 4
70 6 2 48 4
70 6 2 49 4
70 6 2 50 4
70 6 2 51 4
70 6 2 52 4
70 6 2 53 4
70 6 2 54 4
70 6 2 55 4
70 6 2 56 4
70 6 2 57 4
70 6 2 58 4
70 6 2 59 4
70 6 2 60 4
70 6 2 61 4
70 6 2 62 4
70 6 2 63 4
70 6 2 64 4
70 6 2 65 4
70 6 2 66 4
70 6 2 67 4
70 6 2 68 138
70 6 2 69 268
71 0 0 71 2
71 1 0 36 2
71 1 0 37 4
71 1 0 38 4
71 1 0 39 4
71 1 0 40 4
71 1 0 41 4
71 1 0 42 4
71 1 0 43 4
71 1 0 44 4
71 1 0 45 4
71 1 0 46 4
71 1 0 47 4
71 1 0 48 4
71 1 0 49 4
71 1 0 50 4
71 1 0 51 4
71 1 0 52 4
71 1 0 53 4
71 1 0 54 4
71 1 0 55 4
71 1 0 56 4
71 1 0 57 4
71 1 0 58 4
71 1 0 59 4
71 1 0 60 4
71 1 0 61 4
71 1 0 62 4
71 1 0 63 4
71 1 0 64 4
71 1 0 65 4
71 1 0 66 4
71 1 0 67 4
71 1 0 68 4
71 1 0 69 4
71 1 0 70 4
71 1 0 71 138
71 2 0 25 10
71 2 0 26 20
71 2 0 27 40
71 2 0 28 44
71 2 0 29 70
71 2 0 30 68
71 2 0 31 100
71 2 0 32 92
71 2 0 33 130
71 2 0 34 116
71 2 0 35 160
71 2 0 36 268
71 2 0 37 442
71 2 0 38 416
71 2 0 39 472
71 2 0 40 440
71 2 0 41 502
71 2 0 42 464
71 2 0 43 532
71 2 0 44 488
71 2 0 45 562
71 2 0 46 512
71 2 0 47 592
71 2 0 48 536
71 2 0 49 622
71 2 0 50 560
71 2 0 51 652
71 2 0 52 584
71 2 0 53 682
71 2 0 54 608
71 2 0 55 712
71 2 0 56 632
71 2 0 57 742
71 2 0 58 656
71 2 0 59 772
71 2 0 60 680
71 2 0 61 802
71 2 0 62 704
71 2 0 63 832
71 2 0 64 728
71 2 0 65 862
71 2 0 66 752
71 2 0 67 892
71 2 0 68 780
71 2 0 69 926
71 2 0 70 948
71 2 0 71 4968
71 3 0 19 12
71 3 0 20 76
71 3 0 21 204
71 3 0 22 396
71 3 0 23 652
71 3 0 24 976
71 3 0 25 1776
71 3 0 26 2752
71 3 0 27 4356
71 3 0 28 5660
71 3 0 29 8084
71 3 0 30 9736
71 3 0 31 12992
71 3 0 32 14980
71 3 0 33 19080
71 3 0 34 21392
71 3 0 35 26356
71 3 0 36 31892
71 3 0 37 38212
71 3 0 38 38412
71 3 0 39 41826
71 3 0 40 41368
71 3 0 41 44914
71 3 0 42 43972
71 3 0 43 47662
71 3 0 44 46224
71 3 0 45 50070
71 3 0 46 48124
71 3 0 47 52138
71 3 0 48 49672
71 3 0 49 53866
71 3 0 50 50868
71 3 0 51 55254
71 3 0 52 51712
71 3 0 53 56302
71 3 0 54 52204
71 3 0 55 57010
71 3 0 56 52344
71 3 0 57 57378
71 3 0 58 52132
71 3 0 59 57406
71 3 0 60 51568
71 3 0 61 57094
71 3 0 62 50652
71 3 0 63 56442
71 3 0 64 49384
71 3 0 65 55446
71 3 0 66 48008
71 3 0 67 54382
71 3 0 68 47060
71 3 0 69 54294
71 3 0 70 55080
71 3 0 71 123284
71 4 0 15 2
71 4 0 16 80
71 4 0 17 590
71 4 0 18 1740
71 4 0 19 4834
71 4 0 20 10884
71 4 0 21 24798
71 4 0 22 45820
71 4 0 23 83480
71 4 0 24 132064
71 4 0 25 215002
71 4 0 26 305148
71 4 0 27 434300
71 4 0 28 556596
71 4 0 29 730514
71 4 0 30 880856
71 4 0 31 1094272
71 4 0 32 1267176
71 4 0 33 1514866
71 4 0 34 1705444
71 4 0 35 1986548
71 4 0 36 2252530
71 4 0 37 2500020
71 4 0 38 2572468
71 4 0 39 2738458
71 4 0 40 2779352
71 4 0 41 2934516
71 4 0 42 2948232
71 4 0 43 3092822
71 4 0 44 3079348
71 4 0 45 3213744
71 4 0 46 3172804
71 4 0 47 3297538
71 4 0 48 3228968
71 4 0 49 3344308
71 4 0 50 3248080
71 4 0 51 3354454
71 4 0 52 3230212
71 4 0 53 3328232
71 4 0 54 3175764
71 4 0 55 3265714
71 4 0 56 3084976
71 4 0 57 3167332
71 4 0 58 2957888
71 4 0 59 3033342
71 4 0 60 2794932
71 4 0 61 2863680
71 4 0 62 2596124
71 4 0 63 2658776
71 4 0 64 2361900
71 4 0 65 2418464
71 4 0 66 2105308
71 4 0 67 2158578
71 4 0 68 1850592
71 4 0 69 1931404
71 4 0 70 1828064
71 4 0 71 2358004
71 4 1 36 4
71 4 1 37 20
71 4 1 38 36
71 4 1 39 52
71 4 1 40 68
71 4 1 41 84
71 4 1 42 100
71 4 1 43 116
71 4 1 44 132
71 4 1 45 148
71 4 1 46 164
71 4 1 47 180
71 4 1 48 196
71 4 1 49 212
71 4 1 50 228
71 4 1 51 244
71 4 1 52 260
71 4 1 53 276
71 4 1 54 292
71 4 1 55 308
71 4 1 56 324
71 4 1 57 340
71 4 1 58 356
71 4 1 59 372
71 4 1 60 388
71 4 1 61 404
71 4 1 62 420
71 4 1 63 436
71 4 1 64 452
71 4 1 65 468
71 4 1 66 484
71 4 1 67 500
71 4 1 68 516
71 4 1 69 536
71 4 1 70 552
71 5 0 13 16
71 5 0 14 556
71 5 0 15 4176
71 5 0 16 18886
71 5 0 17 70132
71 5 0 18 208574
71 5 0 19 535894
71 5 0 20 1166876
71 5 0 21 2294408
71 5 0 22 4025402
71 5 0 23 6670714
71 5 0 24 10260794
71 5 0 25 15329106
71 5 0 26 21315212
71 5 0 27 28843684
71 5 0 28 36961350
71 5 0 29 46641714
71 5 0 30 56343344
71 5 0 31 67524168
71 5 0 32 78069062
71 5 0 33 89942310
71 5 0 34 100465894
71 5 0 35 112255892
71 5 0 36 122469334
71 5 0 37 131053538
71 5 0 38 136032664
71 5 0 39 142303504
71 5 0 40 145685000
71 5 0 41 150775948
71 5 0 42 152669340
71 5 0 43 156607440
71 5 0 44 157047644
71 5 0 45 159871938
71 5 0 46 158893712
71 5 0 47 160657492
71 5 0 48 158309188
71 5 0 49 159063088
71 5 0 50 155408968
71 5 0 51 155217452
71 5 0 52 150317740
71 5 0 53 149261830
71 5 0 54 143191788
71 5 0 55 141346220
71 5 0 56 134199136
71 5 0 57 131654576
71 5 0 58 123515152
71 5 0 59 120381180
71 5 0 60 111351092
71 5 0 61 107722998
71 5 0 62 97920308
71 5 0 63 93920996
71 5 0 64 83473384
71 5 0 65 79232398
71 5 0 66 68591644
71 5 0 67 64284210
71 5 0 68 54020580
71 5 0 69 50368238
71 5 0 70 42889336
71 5 0 71 36910836
71 5 1 25 68
71 5 1 26 348
71 5 1 27 920
71 5 1 28 1728
71 5 1 29 2852
71 5 1 30 4188
71 5 1 31 5864
71 5 1 32 7728
71 5 1 33 9956
71 5 1 34 12348
71 5 1 35 15128
71 5 1 36 17732
71 5 1 37 19640
71 5 1 38 21312
71 5 1 39 23068
71 5 1 40 24564
71 5 1 41 26168
71 5 1 42 27488
71 5 1 43 28940
71 5 1 44 30084
71 5 1 45 31384
71 5 1 46 32352
71 5 1 47 33500
71 5 1 48 34292
71 5 1 49 35288
71 5 1 50 35904
71 5 1 51 36748
71 5 1 52 37188
71 5 1 53 37880
71 5 1 54 38144
71 5 1 55 38684
71 5 1 56 38772
71 5 1 57 39160
71 5 1 58 39072
71 5 1 59 39308
71 5 1 60 39044
71 5 1 61 39128
71 5 1 62 38688
71 5 1 63 38620
71 5 1 64 38004
71 5 1 65 37784
71 5 1 66 36992
71 5 1 67 36876
71 5 1 68 36056
71 5 1 69 36980
71 5 1 70 37252
71 6 0 11 2
71 6 0 12 476
71 6 0 13 9766
71 6 0 14 78224
71 6 0 15 462626
71 6 0 16 1891440
71 6 0 17 6192138
71 6 0 18 16321014
71 6 0 19 38018274
71 6 0 20 77725774
71 6 0 21 145370146
71 6 0 22 247463062
71 6 0 23 395301734
71 6 0 24 591104210
71 6 0 25 845189764
71 6 0 26 1144894774
71 6 0 27 1499014248
71 6 0 28 1886056994
71 6 0 29 2315786932
71 6 0 30 2756811698
71 6 0 31 3224178952
71 6 0 32 3678031158
71 6 0 33 4139890810
71 6 0 34 4562672628
71 6 0 35 4977189379
71 6 0 36 5328538804
71 6 0 37 5612150453
71 6 0 38 5818195464
71 6 0 39 6017392258
71 6 0 40 6150971244
71 6 0 41 6284371910
71 6 0 42 6349135976
71 6 0 43 6419522354
71 6 0 44 6418740128
71 6 0 45 6429692370
71 6 0 46 6367252680
71 6 0 47 6323196766
71 6 0 48 6203756576
71 6 0 49 6109589286
71 6 0 50 5938639112
71 6 0 51 5799933398
71 6 0 52 5583344148
71 6 0 53 5406434230
71 6 0 54 5150725004
71 6 0 55 4942168682
71 6 0 56 4654616512
71 6 0 57 4421537556
71 6 0 58 4109521408
71 6 0 59 3859732840
71 6 0 60 3531168096
71 6 0 61 3272390158
71 6 0 62 2935894268
71 6 0 63 2676642202
71 6 0 64 2341218156
71 6 0 65 2090994334
71 6 0 66 1770579652
71 6 0 67 1538161962
71 6 0 68 1245861216
71 6 0 69 1041623950
71 6 0 70 783683668
71 6 0 71 490826322
71 6 1 19 116
71 6 1 20 1596
71 6 1 21 7168
71 6 1 22 19928
71 6 1 23 43004
71 6 1 24 79528
71 6 1 25 131332
71 6 1 26 201556
71 6 1 27 291668
71 6 1 28 402508
71 6 1 29 532652
71 6 1 30 683708
71 6 1 31 853452
71 6 1 32 1044220
71 6 1 33 1253184
71 6 1 34 1483460
71 6 1 35 1733512
71 6 1 36 1983592
71 6 1 37 2160802
71 6 1 38 2328724
71 6 1 39 2482264
71 6 1 40 2626000
71 6 1 41 2755092
71 6 1 42 2874676
71 6 1 43 2979272
71 6 1 44 3074520
71 6 1 45 3154688
71 6 1 46 3225528
71 6 1 47 3281092
71 6 1 48 3327584
71 6 1 49 3358496
71 6 1 50 3380424
71 6 1 51 3386784
71 6 1 52 3384076
71 6 1 53 3365676
71 6 1 54 3338424
71 6 1 55 3295216
71 6 1 56 3243172
71 6 1 57 3175288
71 6 1 58 3098380
71 6 1 59 3005580
71 6 1 60 2903932
71 6 1 61 2786168
71 6 1 62 2659500
71 6 1 63 2516936
71 6 1 64 2365180
71 6 1 65 2196580
71 6 1 66 2020344
71 6 1 67 1841338
71 6 1 68 1646768
71 6 1 69 1502196
71 6 1 70 1311308
71 6 2 36 4
71 6 2 37 4
71 6 2 38 4
71 6 2 39 4
71 6 2 40 4
71 6 2 41 4
71 6 2 42 4
71 6 2 43 4
71 6 2 44 4
71 6 2 45 4
71 6 2 46 4
71 6 2 47 4
71 6 2 48 4
71 6 2 49 4
71 6 2 50 4
71 6 2 51 4
71 6 2 52 4
71 6 2 53 4
71 6 2 54 4
71 6 2 55 4
71 6 2 56 4
71 6 2 57 4
71 6 2 58 4
71 6 2 59 4
71 6 2 60 4
71 6 2 61 4
71 6 2 62 4
71 6 2 63 4
71 6 2 64 4
71 6 2 65 4
71 6 2 66 4
71 6 2 67 4
71 6 2 68 4
71 6 2 69 140
71 6 2 70 272
72 0 0 72 2
72 1 0 37 4
72 1 0 38 4
72 1 0 39 4
72 1 0 40 4
72 1 0 41 4
72 1 0 42 4
72 1 0 43 4
72 1 0 44 4
72 1 0 45 4
72 1 0 46 4
72 1 0 47 4
72 1 0 48 4
72 1 0 49 4
72 1 0 50 4
72 1 0 51 4
72 1 0 52 4
72 1 0 53 4
72 1 0 54 4
72 1 0 55 4
72 1 0 56 4
72 1 0 57 4
72 1 0 58 4
72 1 0 59 4
72 1 0 60 4
72 1 0 61 4
72 1 0 62 4
72 1 0 63 4
72 1 0 64 4
72 1 0 65 4
72 1 0 66 4
72 1 0 67 4
72 1 0 68 4
72 1 0 69 4
72 1 0 70 4
72 1 0 71 4
72 1 0 72 140
72 2 0 25 4
72 2 0 26 20
72 2 0 27 28
72 2 0 28 50
72 2 0 29 52
72 2 0 30 80
72 2 0 31 76
72 2 0 32 110
72 2 0 33 100
72 2 0 34 140
72 2 0 35 124
72 2 0 36 172
72 2 0 37 404
72 2 0 38 456
72 2 0 39 428
72 2 0 40 486
72 2 0 41 452
72 2 0 42 516
72 2 0 43 476
72 2 0 44 546
72 2 0 45 500
72 2 0 46 576
72 2 0 47 524
72 2 0 48 606
72 2 0 49 548
72 2 0 50 636
72 2 0 51 572
72 2 0 52 666
72 2 0 53 596
72 2 0 54 696
72 2 0 55 620
72 2 0 56 726
72 2 0 57 644
72 2 0 58 756
72 2 0 59 668
72 2 0 60 786
72 2 0 61 692
72 2 0 62 816
72 2 0 63 716
72 2 0 64 846
72 2 0 65 740
72 2 0 66 876
72 2 0 67 764
72 2 0 68 906
72 2 0 69 792
72 2 0 70 940
72 2 0 71 962
72 2 0 72 5110
72 3 0 19 4
72 3 0 20 52
72 3 0 21 164
72 3 0 22 340
72 3 0 23 580
72 3 0 24 884
72 3 0 25 1432
72 3 0 26 2572
72 3 0 27 3652
72 3 0 28 5548
72 3 0 29 6976
72 3 0 30 9700
72 3 0 31 11468
72 3 0 32 15032
72 3 0 33 17128
72 3 0 34 21544
72 3 0 35 23960
72 3 0 36 29512
72 3 0 37 36926
72 3 0 38 40444
72 3 0 39 40316
72 3 0 40 43844
72 3 0 41 43236
72 3 0 42 46904
72 3 0 43 45804
72 3 0 44 49624
72 3 0 45 48020
72 3 0 46 52004
72 3 0 47 49884
72 3 0 48 54044
72 3 0 49 51396
72 3 0 50 55744
72 3 0 51 52556
72 3 0 52 57104
72 3 0 53 53364
72 3 0 54 58124
72 3 0 55 53820
72 3 0 56 58804
72 3 0 57 53924
72 3 0 58 59144
72 3 0 59 53676
72 3 0 60 59144
72 3 0 61 53076
72 3 0 62 58804
72 3 0 63 52124
72 3 0 64 58124
72 3 0 65 50820
72 3 0 66 57100
72 3 0 67 49412
72 3 0 68 56012
72 3 0 69 48444
72 3 0 70 55920
72 3 0 71 56718
72 3 0 72 128524
72 4 0 16 54
72 4 0 17 396
72 4 0 18 1554
72 4 0 19 3648
72 4 0 20 9596
72 4 0 21 20032
72 4 0 22 41434
72 4 0 23 71432
72 4 0 24 122032
72 4 0 25 188066
72 4 0 26 290338
72 4 0 27 393720
72 4 0 28 542328
72 4 0 29 677738
72 4 0 30 870374
72 4 0 31 1032468
72 4 0 32 1263852
72 4 0 33 1447142
72 4 0 34 1712294
72 4 0 35 1913132
72 4 0 36 2225614
72 4 0 37 2497708
72 4 0 38 2683446
72 4 0 39 2745832
72 4 0 40 2915460
72 4 0 41 2950158
72 4 0 42 3109030
72 4 0 43 3115916
72 4 0 44 3264288
72 4 0 45 3243346
72 4 0 46 3381606
72 4 0 47 3332548
72 4 0 48 3461240
72 4 0 49 3383894
72 4 0 50 3503290
72 4 0 51 3397624
72 4 0 52 3508160
72 4 0 53 3373806
72 4 0 54 3476106
72 4 0 55 3312844
72 4 0 56 3407196
72 4 0 57 3214978
72 4 0 58 3301866
72 4 0 59 3080244
72 4 0 60 3160372
72 4 0 61 2909078
72 4 0 62 2982644
72 4 0 63 2701492
72 4 0 64 2769116
72 4 0 65 2457926
72 4 0 66 2519614
72 4 0 67 2191884
72 4 0 68 2250478
72 4 0 69 1928382
72 4 0 70 2015786
72 4 0 71 1909272
72 4 0 72 2490948
72 4 1 37 12
72 4 1 38 28
72 4 1 39 44
72 4 1 40 60
72 4 1 41 76
72 4 1 42 92
72 4 1 43 108
72 4 1 44 124
72 4 1 45 140
72 4 1 46 156
72 4 1 47 172
72 4 1 48 188
72 4 1 49 204
72 4 1 50 220
72 4 1 51 236
72 4 1 52 252
72 4 1 53 268
72 4 1 54 284
72 4 1 55 300
72 4 1 56 316
72 4 1 57 332
72 4 1 58 348
72 4 1 59 364
72 4 1 60 380
72 4 1 61 396
72 4 1 62 412
72 4 1 63 428
72 4 1 64 444
72 4 1 65 460
72 4 1 66 476
72 4 1 67 492
72 4 1 68 508
72 4 1 69 524
72 4 1 70 544
72 4 1 71 560
72 5 0 13 4
72 5 0 14 328
72 5 0 15 3036
72 5 0 16 14664
72 5 0 17 55324
72 5 0 18 174244
72 5 0 19 448870
72 5 0 20 1025152
72 5 0 21 2020840
72 5 0 22 3675068
72 5 0 23 6068768
72 5 0 24 9589020
72 5 0 25 14238820
72 5 0 26 20414176
72 5 0 27 27440840
72 5 0 28 36115668
72 5 0 29 45203892
72 5 0 30 55914832
72 5 0 31 66421612
72 5 0 32 78457040
72 5 0 33 89581184
72 5 0 34 102084296
72 5 0 35 112954912
72 5 0 36 125348326
72 5 0 37 134855360
72 5 0 38 142535080
72 5 0 39 147252454
72 5 0 40 153558948
72 5 0 41 156718958
72 5 0 42 161817404
72 5 0 43 163442882
72 5 0 44 167362552
72 5 0 45 167491234
72 5 0 46 170273648
72 5 0 47 168942550
72 5 0 48 170643796
72 5 0 49 167903790
72 5 0 50 168576700
72 5 0 51 164494898
72 5 0 52 164206432
72 5 0 53 158845250
72 5 0 54 157679292
72 5 0 55 151116494
72 5 0 56 149149948
72 5 0 57 141481706
72 5 0 58 138807752
72 5 0 59 130120894
72 5 0 60 126852036
72 5 0 61 117250726
72 5 0 62 113484208
72 5 0 63 103089242
72 5 0 64 98950700
72 5 0 65 87892498
72 5 0 66 83513816
72 5 0 67 72264590
72 5 0 68 67825000
72 5 0 69 56982282
72 5 0 70 53244528
72 5 0 71 45419060
72 5 0 72 39505484
72 5 1 25 24
72 5 1 26 232
72 5 1 27 688
72 5 1 28 1444
72 5 1 29 2428
72 5 1 30 3736
72 5 1 31 5248
72 5 1 32 7108
72 5 1 33 9148
72 5 1 34 11560
72 5 1 35 14128
72 5 1 36 17090
72 5 1 37 19192
72 5 1 38 21092
72 5 1 39 22748
72 5 1 40 24496
72 5 1 41 25976
72 5 1 42 27572
72 5 1 43 28876
72 5 1 44 30320
72 5 1 45 31448
72 5 1 46 32740
72 5 1 47 33692
72 5 1 48 34832
72 5 1 49 35608
72 5 1 50 36596
72 5 1 51 37196
72 5 1 52 38032
72 5 1 53 38456
72 5 1 54 39140
72 5 1 55 39388
72 5 1 56 39920
72 5 1 57 39992
72 5 1 58 40372
72 5 1 59 40268
72 5 1 60 40496
72 5 1 61 40216
72 5 1 62 40292
72 5 1 63 39836
72 5 1 64 39760
72 5 1 65 39128
72 5 1 66 38900
72 5 1 67 38092
72 5 1 68 37972
72 5 1 69 37138
72 5 1 70 38076
72 5 1 71 38352
72 6 0 12 312
72 6 0 13 6396
72 6 0 14 60696
72 6 0 15 350782
72 6 0 16 1562808
72 6 0 17 5147702
72 6 0 18 14235162
72 6 0 19 33302280
72 6 0 20 70278000
72 6 0 21 132405266
72 6 0 22 230920626
72 6 0 23 371174040
72 6 0 24 565318442
72 6 0 25 812747442
72 6 0 26 1119997364
72 6 0 27 1472172126
72 6 0 28 1878955172
72 6 0 29 2313255228
72 6 0 30 2787965772
72 6 0 31 3266408550
72 6 0 32 3767673032
72 6 0 33 4246173548
72 6 0 34 4728673562
72 6 0 35 5162297234
72 6 0 36 5585834508
72 6 0 37 5913948346
72 6 0 38 6183239532
72 6 0 39 6382326352
72 6 0 40 6578311558
72 6 0 41 6703146970
72 6 0 42 6830736022
72 6 0 43 6883933580
72 6 0 44 6946185778
72 6 0 45 6931311626
72 6 0 46 6932090496
72 6 0 47 6853320120
72 6 0 48 6797346748
72 6 0 49 6659632422
72 6 0 50 6552083750
72 6 0 51 6361226048
72 6 0 52 6207963384
72 6 0 53 5970127218
72 6 0 54 5777788050
72 6 0 55 5499797056
72 6 0 56 5275222578
72 6 0 57 4964676210
72 6 0 58 4715284286
72 6 0 59 4379861732
72 6 0 60 4113777538
72 6 0 61 3761707276
72 6 0 62 3486933396
72 6 0 63 3127164768
72 6 0 64 2852529744
72 6 0 65 2494402148
72 6 0 66 2229747414
72 6 0 67 1887898166
72 6 0 68 1642300520
72 6 0 69 1330546840
72 6 0 70 1115152696
72 6 0 71 841307676
72 6 0 72 532207406
72 6 1 19 36
72 6 1 20 956
72 6 1 21 5216
72 6 1 22 15888
72 6 1 23 36092
72 6 1 24 68956
72 6 1 25 117072
72 6 1 26 182200
72 6 1 27 268052
72 6 1 28 373948
72 6 1 29 500968
72 6 1 30 647432
72 6 1 31 815204
72 6 1 32 1001804
72 6 1 33 1209820
72 6 1 34 1436180
72 6 1 35 1684912
72 6 1 36 1955376
72 6 1 37 2167934
72 6 1 38 2344980
72 6 1 39 2512256
72 6 1 40 2664844
72 6 1 41 2807528
72 6 1 42 2935260
72 6 1 43 3053384
72 6 1 44 3156212
72 6 1 45 3249588
72 6 1 46 3327584
72 6 1 47 3396140
72 6 1 48 3449124
72 6 1 49 3492924
72 6 1 50 3520848
72 6 1 51 3539672
72 6 1 52 3542640
72 6 1 53 3536416
72 6 1 54 3514216
72 6 1 55 3483040
72 6 1 56 3435624
72 6 1 57 3379244
72 6 1 58 3306748
72 6 1 59 3225092
72 6 1 60 3127272
72 6 1 61 3020468
72 6 1 62 2897276
72 6 1 63 2765040
72 6 1 64 2616644
72 6 1 65 2458908
72 6 1 66 2284052
72 6 1 67 2101436
72 6 1 68 1916256
72 6 1 69 1715134
72 6 1 70 1565960
72 6 1 71 1369232
72 6 2 36 2
72 6 2 37 4
72 6 2 38 4
72 6 2 39 4
72 6 2 40 4
72 6 2 41 4
72 6 2 42 4
72 6 2 43 4
72 6 2 44 4
72 6 2 45 4
72 6 2 46 4
72 6 2 47 4
72 6 2 48 4
72 6 2 49 4
72 6 2 50 4
72 6 2 51 4
72 6 2 52 4
72 6 2 53 4
72 6 2 54 4
72 6 2 55 4
72 6 2 56 4
72 6 2 57 4
72 6 2 58 4
72 6 2 59 4
72 6 2 60 4
72 6 2 61 4
72 6 2 62 4
72 6 2 63 4
72 6 2 64 4
72 6 2 65 4
72 6 2 66 4
72 6 2 67 4
72 6 2 68 4
72 6 2 69 4
72 6 2 70 142
72 6 2 71 276
73 0 0 73 2
73 1 0 37 2
73 1 0 38 4
73 1 0 39 4
73 1 0 40 4
73 1 0 41 4
73 1 0 42 4
73 1 0 43 4
73 1 0 44 4
73 1 0 45 4
73 1 0 46 4
73 1 0 47 4
73 1 0 48 4
73 1 0 49 4
73 1 0 50 4
73 1 0 51 4
73 1 0 52 4
73 1 0 53 4
73 1 0 54 4
73 1 0 55 4
73 1 0 56 4
73 1 0 57 4
73 1 0 58 4
73 1 0 59 4
73 1 0 60 4
73 1 0 61 4
73 1 0 62 4
73 1 0 63 4
73 1 0 64 4
73 1 0 65 4
73 1 0 66 4
73 1 0 67 4
73 1 0 68 4
73 1 0 69 4
73 1 0 70 4
73 1 0 71 4
73 1 0 72 4
73 1 0 73 142
73 2 0 25 2
73 2 0 26 12
73 2 0 27 30
73 2 0 28 36
73 2 0 29 60
73 2 0 30 60
73 2 0 31 90
73 2 0 32 84
73 2 0 33 120
73 2 0 34 108
73 2 0 35 150
73 2 0 36 132
73 2 0 37 312
73 2 0 38 416
73 2 0 39 470
73 2 0 40 440
73 2 0 41 500
73 2 0 42 464
73 2 0 43 530
73 2 0 44 488
73 2 0 45 560
73 2 0 46 512
73 2 0 47 590
73 2 0 48 536
73 2 0 49 620
73 2 0 50 560
73 2 0 51 650
73 2 0 52 584
73 2 0 53 680
73 2 0 54 608
73 2 0 55 710
73 2 0 56 632
73 2 0 57 740
73 2 0 58 656
73 2 0 59 770
73 2 0 60 680
73 2 0 61 800
73 2 0 62 704
73 2 0 63 830
73 2 0 64 728
73 2 0 65 860
73 2 0 66 752
73 2 0 67 890
73 2 0 68 776
73 2 0 69 920
73 2 0 70 804
73 2 0 71 954
73 2 0 72 976
73 2 0 73 5254
73 3 0 19 2
73 3 0 20 36
73 3 0 21 132
73 3 0 22 292
73 3 0 23 516
73 3 0 24 804
73 3 0 25 1244
73 3 0 26 2120
73 3 0 27 3500
73 3 0 28 4704
73 3 0 29 6896
73 3 0 30 8444
73 3 0 31 11472
73 3 0 32 13352
73 3 0 33 17228
73 3 0 34 19428
73 3 0 35 24164
73 3 0 36 26680
73 3 0 37 35390
73 3 0 38 38812
73 3 0 39 42514
73 3 0 40 42240
73 3 0 41 45886
73 3 0 42 45124
73 3 0 43 48918
73 3 0 44 47656
73 3 0 45 51610
73 3 0 46 49836
73 3 0 47 53962
73 3 0 48 51664
73 3 0 49 55974
73 3 0 50 53140
73 3 0 51 57646
73 3 0 52 54264
73 3 0 53 58978
73 3 0 54 55036
73 3 0 55 59970
73 3 0 56 55456
73 3 0 57 60622
73 3 0 58 55524
73 3 0 59 60934
73 3 0 60 55240
73 3 0 61 60906
73 3 0 62 54604
73 3 0 63 60538
73 3 0 64 53616
73 3 0 65 59830
73 3 0 66 52276
73 3 0 67 58778
73 3 0 68 50836
73 3 0 69 57666
73 3 0 70 49848
73 3 0 71 57570
73 3 0 72 58380
73 3 0 73 133910
73 4 0 16 24
73 4 0 17 316
73 4 0 18 1144
73 4 0 19 3314
73 4 0 20 7488
73 4 0 21 17942
73 4 0 22 34444
73 4 0 23 65410
73 4 0 24 106220
73 4 0 25 174014
73 4 0 26 258404
73 4 0 27 378704
73 4 0 28 496128
73 4 0 29 664354
73 4 0 30 812628
73 4 0 31 1024136
73 4 0 32 1197724
73 4 0 33 1447238
73 4 0 34 1640644
73 4 0 35 1923716
73 4 0 36 2135706
73 4 0 37 2516529
73 4 0 38 2678024
73 4 0 39 2867430
73 4 0 40 2923920
73 4 0 41 3097344
73 4 0 42 3125512
73 4 0 43 3288258
73 4 0 44 3287972
73 4 0 45 3440300
73 4 0 46 3411540
73 4 0 47 3553846
73 4 0 48 3496312
73 4 0 49 3629152
73 4 0 50 3542664
73 4 0 51 3666314
73 4 0 52 3550836
73 4 0 53 3665740
73 4 0 54 3520892
73 4 0 55 3627686
73 4 0 56 3453240
73 4 0 57 3552216
73 4 0 58 3348120
73 4 0 59 3439770
73 4 0 60 3205564
73 4 0 61 3290604
73 4 0 62 3026012
73 4 0 63 3104642
73 4 0 64 2809472
73 4 0 65 2882322
73 4 0 66 2556388
73 4 0 67 2623462
73 4 0 68 2280728
73 4 0 69 2344916
73 4 0 70 2008292
73 4 0 71 2102584
73 4 0 72 1992848
73 4 0 73 2629412
73 4 1 37 4
73 4 1 38 20
73 4 1 39 36
73 4 1 40 52
73 4 1 41 68
73 4 1 42 84
73 4 1 43 100
73 4 1 44 116
73 4 1 45 132
73 4 1 46 148
73 4 1 47 164
73 4 1 48 180
73 4 1 49 196
73 4 1 50 212
73 4 1 51 228
73 4 1 52 244
73 4 1 53 260
73 4 1 54 276
73 4 1 55 292
73 4 1 56 308
73 4 1 57 324
73 4 1 58 340
73 4 1 59 356
73 4 1 60 372
73 4 1 61 388
73 4 1 62 404
73 4 1 63 420
73 4 1 64 436
73 4 1 65 452
73 4 1 66 468
73 4 1 67 484
73 4 1 68 500
73 4 1 69 516
73 4 1 70 532
73 4 1 71 552
73 4 1 72 568
73 5 0 13 2
73 5 0 14 220
73 5 0 15 2326
73 5 0 16 11524
73 5 0 17 44984
73 5 0 18 142384
73 5 0 19 384724
73 5 0 20 880440
73 5 0 21 1809152
73 5 0 22 3286490
73 5 0 23 5603796
73 5 0 24 8802762
73 5 0 25 13397610
73 5 0 26 19149876
73 5 0 27 26480816
73 5 0 28 34583780
73 5 0 29 44411184
73 5 0 30 54452316
73 5 0 31 66178942
73 5 0 32 77450776
73 5 0 33 90304456
73 5 0 34 101945758
73 5 0 35 115036390
73 5 0 36 126227082
73 5 0 37 139338598
73 5 0 38 146727346
73 5 0 39 154432564
73 5 0 40 158957248
73 5 0 41 165295888
73 5 0 42 168213504
73 5 0 43 173316270
73 5 0 44 174652560
73 5 0 45 178550944
73 5 0 46 178346472
73 5 0 47 181084472
73 5 0 48 179378504
73 5 0 49 181015012
73 5 0 50 177860940
73 5 0 51 178450978
73 5 0 52 173918772
73 5 0 53 173531796
73 5 0 54 167686056
73 5 0 55 166408820
73 5 0 56 159329812
73 5 0 57 157241380
73 5 0 58 149028168
73 5 0 59 146224234
73 5 0 60 136965764
73 5 0 61 133561764
73 5 0 62 123364688
73 5 0 63 119459808
73 5 0 64 108447660
73 5 0 65 104170272
73 5 0 66 92476216
73 5 0 67 87960536
73 5 0 68 76077876
73 5 0 69 71507170
73 5 0 70 60061612
73 5 0 71 56241402
73 5 0 72 48058824
73 5 0 73 42243272
73 5 1 25 8
73 5 1 26 128
73 5 1 27 516
73 5 1 28 1148
73 5 1 29 2088
73 5 1 30 3248
73 5 1 31 4740
73 5 1 32 6428
73 5 1 33 8472
73 5 1 34 10688
73 5 1 35 13284
73 5 1 36 16028
73 5 1 37 18852
73 5 1 38 20668
73 5 1 39 22560
73 5 1 40 24200
73 5 1 41 25940
73 5 1 42 27404
73 5 1 43 28992
73 5 1 44 30280
73 5 1 45 31716
73 5 1 46 32828
73 5 1 47 34112
73 5 1 48 35048
73 5 1 49 36180
73 5 1 50 36940
73 5 1 51 37920
73 5 1 52 38504
73 5 1 53 39332
73 5 1 54 39740
73 5 1 55 40416
73 5 1 56 40648
73 5 1 57 41172
73 5 1 58 41228
73 5 1 59 41600
73 5 1 60 41480
73 5 1 61 41700
73 5 1 62 41404
73 5 1 63 41472
73 5 1 64 41000
73 5 1 65 40916
73 5 1 66 40268
73 5 1 67 40032
73 5 1 68 39208
73 5 1 69 39084
73 5 1 70 38236
73 5 1 71 39188
73 5 1 72 39468
73 6 0 12 144
73 6 0 13 4780
73 6 0 14 43228
73 6 0 15 280864
73 6 0 16 1242352
73 6 0 17 4375080
73 6 0 18 12153420
73 6 0 19 29520066
73 6 0 20 62630700
73 6 0 21 121341988
73 6 0 22 213044484
73 6 0 23 349943746
73 6 0 24 535632060
73 6 0 25 783461062
73 6 0 26 1085572372
73 6 0 27 1449408120
73 6 0 28 1855798084
73 6 0 29 2315753390
73 6 0 30 2796785964
73 6 0 31 3315517484
73 6 0 32 3829451776
73 6 0 33 4362411692
73 6 0 34 4862532854
73 6 0 35 5362722448
73 6 0 36 5804080954
73 6 0 37 6229425128
73 6 0 38 6520269090
73 6 0 39 6787441274
73 6 0 40 6979753092
73 6 0 41 7171750122
73 6 0 42 7286652104
73 6 0 43 7407640480
73 6 0 44 7448051888
73 6 0 45 7501373096
73 6 0 46 7471163896
73 6 0 47 7460969902
73 6 0 48 7364607700
73 6 0 49 7295920262
73 6 0 50 7138658484
73 6 0 51 7016939356
73 6 0 52 6804895016
73 6 0 53 6636298916
73 6 0 54 6375936340
73 6 0 55 6167409642
73 6 0 56 5865862856
73 6 0 57 5624534722
73 6 0 58 5289732068
73 6 0 59 5023319498
73 6 0 60 4663245744
73 6 0 61 4380191730
73 6 0 62 4003394320
73 6 0 63 3711988038
73 6 0 64 3327754548
73 6 0 65 3037143260
73 6 0 66 2655155856
73 6 0 67 2375525772
73 6 0 68 2011149020
73 6 0 69 1751880464
73 6 0 70 1419675576
73 6 0 71 1192734730
73 6 0 72 902261060
73 6 0 73 576438558
73 6 1 19 12
73 6 1 20 532
73 6 1 21 3680
73 6 1 22 12452
73 6 1 23 29984
73 6 1 24 59392
73 6 1 25 103628
73 6 1 26 164372
73 6 1 27 244912
73 6 1 28 346840
73 6 1 29 468948
73 6 1 30 612576
73 6 1 31 775788
73 6 1 32 960704
73 6 1 33 1164588
73 6 1 34 1390280
73 6 1 35 1634724
73 6 1 36 1903172
73 6 1 37 2167008
73 6 1 38 2357810
73 6 1 39 2534452
73 6 1 40 2700976
73 6 1 41 2852500
73 6 1 42 2994020
73 6 1 43 3120280
73 6 1 44 3236832
73 6 1 45 3337780
73 6 1 46 3429172
73 6 1 47 3504884
73 6 1 48 3571044
73 6 1 49 3621336
73 6 1 50 3662332
73 6 1 51 3687156
73 6 1 52 3702764
73 6 1 53 3702228
73 6 1 54 3692376
73 6 1 55 3666264
73 6 1 56 3631052
73 6 1 57 3579316
73 6 1 58 3518488
73 6 1 59 3441268
73 6 1 60 3354752
73 6 1 61 3251800
73 6 1 62 3139728
73 6 1 63 3010996
73 6 1 64 2873080
73 6 1 65 2718740
73 6 1 66 2554912
73 6 1 67 2373688
73 6 1 68 2184580
73 6 1 69 1993122
73 6 1 70 1785340
73 6 1 71 1631492
73 6 1 72 1428836
73 6 2 37 4
73 6 2 38 4
73 6 2 39 4
73 6 2 40 4
73 6 2 41 4
73 6 2 42 4
73 6 2 43 4
73 6 2 44 4
73 6 2 45 4
73 6 2 46 4
73 6 2 47 4
73 6 2 48 4
73 6 2 49 4
73 6 2 50 4
73 6 2 51 4
73 6 2 52 4
73 6 2 53 4
73 6 2 54 4
73 6 2 55 4
73 6 2 56 4
73 6 2 57 4
73 6 2 58 4
73 6 2 59 4
73 6 2 60 4
73 6 2 61 4
73 6 2 62 4
73 6 2 63 4
73 6 2 64 4
73 6 2 65 4
73 6 2 66 4
73 6 2 67 4
73 6 2 68 4
73 6 2 69 4
73 6 2 70 4
73 6 2 71 144
73 6 2 72 280
74 0 0 74 2
74 1 0 38 4
74 1 0 39 4
74 1 0 40 4
74 1 0 41 4
74 1 0 42 4
74 1 0 43 4
74 1 0 44 4
74 1 0 45 4
74 1 0 46 4
74 1 0 47 4
74 1 0 48 4
74 1 0 49 4
74 1 0 50 4
74 1 0 51 4
74 1 0 52 4
74 1 0 53 4
74 1 0 54 4
74 1 0 55 4
74 1 0 56 4
74 1 0 57 4
74 1 0 58 4
74 1 0 59 4
74 1 0 60 4
74 1 0 61 4
74 1 0 62 4
74 1 0 63 4
74 1 0 64 4
74 1 0 65 4
74 1 0 66 4
74 1 0 67 4
74 1 0 68 4
74 1 0 69 4
74 1 0 70 4
74 1 0 71 4
74 1 0 72 4
74 1 0 73 4
74 1 0 74 144
74 2 0 26 10
74 2 0 27 20
74 2 0 28 40
74 2 0 29 44
74 2 0 30 70
74 2 0 31 68
74 2 0 32 100
74 2 0 33 92
74 2 0 34 130
74 2 0 35 116
74 2 0 36 160
74 2 0 37 142
74 2 0 38 454
74 2 0 39 428
74 2 0 40 484
74 2 0 41 452
74 2 0 42 514
74 2 0 43 476
74 2 0 44 544
74 2 0 45 500
74 2 0 46 574
74 2 0 47 524
74 2 0 48 604
74 2 0 49 548
74 2 0 50 634
74 2 0 51 572
74 2 0 52 664
74 2 0 53 596
74 2 0 54 694
74 2 0 55 620
74 2 0 56 724
74 2 0 57 644
74 2 0 58 754
74 2 0 59 668
74 2 0 60 784
74 2 0 61 692
74 2 0 62 814
74 2 0 63 716
74 2 0 64 844
74 2 0 65 740
74 2 0 66 874
74 2 0 67 764
74 2 0 68 904
74 2 0 69 788
74 2 0 70 934
74 2 0 71 816
74 2 0 72 968
74 2 0 73 990
74 2 0 74 5400
74 3 0 20 20
74 3 0 21 100
74 3 0 22 244
74 3 0 23 452
74 3 0 24 724
74 3 0 25 1064
74 3 0 26 1900
74 3 0 27 2912
74 3 0 28 4572
74 3 0 29 5900
74 3 0 30 8392
74 3 0 31 10056
74 3 0 32 13392
74 3 0 33 15380
74 3 0 34 19572
74 3 0 35 21872
74 3 0 36 26936
74 3 0 37 29816
74 3 0 38 40802
74 3 0 39 40984
74 3 0 40 44608
74 3 0 41 44184
74 3 0 42 47952
74 3 0 43 47032
74 3 0 44 50956
74 3 0 45 49528
74 3 0 46 53620
74 3 0 47 51672
74 3 0 48 55944
74 3 0 49 53464
74 3 0 50 57928
74 3 0 51 54904
74 3 0 52 59572
74 3 0 53 55992
74 3 0 54 60876
74 3 0 55 56728
74 3 0 56 61840
74 3 0 57 57112
74 3 0 58 62464
74 3 0 59 57144
74 3 0 60 62748
74 3 0 61 56824
74 3 0 62 62692
74 3 0 63 56152
74 3 0 64 62296
74 3 0 65 55128
74 3 0 66 61560
74 3 0 67 53752
74 3 0 68 60480
74 3 0 69 52280
74 3 0 70 59344
74 3 0 71 51272
74 3 0 72 59244
74 3 0 73 60066
74 3 0 74 139444
74 4 0 16 14
74 4 0 17 196
74 4 0 18 994
74 4 0 19 2522
74 4 0 20 6618
74 4 0 21 14260
74 4 0 22 31012
74 4 0 23 55360
74 4 0 24 97978
74 4 0 25 151690
74 4 0 26 242724
74 4 0 27 340518
74 4 0 28 480778
74 4 0 29 612144
74 4 0 30 800108
74 4 0 31 960958
74 4 0 32 1191466
74 4 0 33 1376252
74 4 0 34 1644032
74 4 0 35 1847498
74 4 0 36 2149402
74 4 0 37 2385585
74 4 0 38 2783801
74 4 0 39 2868034
74 4 0 40 3056498
74 4 0 41 3106760
74 4 0 42 3284144
74 4 0 43 3305442
74 4 0 44 3472234
74 4 0 45 3464428
74 4 0 46 3620892
74 4 0 47 3583958
74 4 0 48 3730498
74 4 0 49 3664124
74 4 0 50 3801308
74 4 0 51 3705306
74 4 0 52 3833414
74 4 0 53 3707744
74 4 0 54 3827228
74 4 0 55 3671498
74 4 0 56 3783006
74 4 0 57 3596980
74 4 0 58 3700808
74 4 0 59 3484430
74 4 0 60 3581078
74 4 0 61 3333876
74 4 0 62 3424072
74 4 0 63 3145762
74 4 0 64 3229708
74 4 0 65 2920092
74 4 0 66 2998428
74 4 0 67 2657314
74 4 0 68 2730042
74 4 0 69 2371868
74 4 0 70 2441926
74 4 0 71 2090350
74 4 0 72 2191832
74 4 0 73 2078826
74 4 0 74 2773546
74 4 1 38 12
74 4 1 39 28
74 4 1 40 44
74 4 1 41 60
74 4 1 42 76
74 4 1 43 92
74 4 1 44 108
74 4 1 45 124
74 4 1 46 140
74 4 1 47 156
74 4 1 48 172
74 4 1 49 188
74 4 1 50 204
74 4 1 51 220
74 4 1 52 236
74 4 1 53 252
74 4 1 54 268
74 4 1 55 284
74 4 1 56 300
74 4 1 57 316
74 4 1 58 332
74 4 1 59 348
74 4 1 60 364
74 4 1 61 380
74 4 1 62 396
74 4 1 63 412
74 4 1 64 428
74 4 1 65 444
74 4 1 66 460
74 4 1 67 476
74 4 1 68 492
74 4 1 69 508
74 4 1 70 524
74 4 1 71 540
74 4 1 72 560
74 4 1 73 576
74 5 0 14 112
74 5 0 15 1624
74 5 0 16 8852
74 5 0 17 35188
74 5 0 18 117696
74 5 0 19 319668
74 5 0 20 766424
74 5 0 21 1579316
74 5 0 22 2980592
74 5 0 23 5067572
74 5 0 24 8197564
74 5 0 25 12367860
74 5 0 26 18204016
74 5 0 27 25027880
74 5 0 28 33596916
74 5 0 29 42779972
74 5 0 30 53762444
74 5 0 31 64734548
74 5 0 32 77459176
74 5 0 33 89453008
74 5 0 34 103086560
74 5 0 35 115193328
74 5 0 36 128843316
74 5 0 37 140466542
74 5 0 38 153048718
74 5 0 39 159180166
74 5 0 40 166845420
74 5 0 41 171155922
74 5 0 42 177523388
74 5 0 43 180177118
74 5 0 44 185281220
74 5 0 45 186306458
74 5 0 46 190180900
74 5 0 47 189621046
74 5 0 48 192312304
74 5 0 49 190208866
74 5 0 50 191778644
74 5 0 51 188187534
74 5 0 52 188693036
74 5 0 53 183687090
74 5 0 54 183200268
74 5 0 55 176846262
74 5 0 56 175456748
74 5 0 57 167837450
74 5 0 58 165626460
74 5 0 59 156843834
74 5 0 60 153909576
74 5 0 61 144054678
74 5 0 62 140515528
74 5 0 63 129697498
74 5 0 64 125654572
74 5 0 65 113999686
74 5 0 66 109584096
74 5 0 67 97228266
74 5 0 68 92576552
74 5 0 69 80034846
74 5 0 70 75334336
74 5 0 71 63261558
74 5 0 72 59362156
74 5 0 73 50811766
74 5 0 74 45130008
74 5 1 26 68
74 5 1 27 348
74 5 1 28 920
74 5 1 29 1728
74 5 1 30 2852
74 5 1 31 4188
74 5 1 32 5864
74 5 1 33 7728
74 5 1 34 9956
74 5 1 35 12348
74 5 1 36 15128
74 5 1 37 18046
74 5 1 38 20360
74 5 1 39 22160
74 5 1 40 24044
74 5 1 41 25668
74 5 1 42 27400
74 5 1 43 28848
74 5 1 44 30428
74 5 1 45 31700
74 5 1 46 33128
74 5 1 47 34224
74 5 1 48 35500
74 5 1 49 36420
74 5 1 50 37544
74 5 1 51 38288
74 5 1 52 39260
74 5 1 53 39828
74 5 1 54 40648
74 5 1 55 41040
74 5 1 56 41708
74 5 1 57 41924
74 5 1 58 42440
74 5 1 59 42480
74 5 1 60 42844
74 5 1 61 42708
74 5 1 62 42920
74 5 1 63 42608
74 5 1 64 42668
74 5 1 65 42180
74 5 1 66 42088
74 5 1 67 41424
74 5 1 68 41180
74 5 1 69 40340
74 5 1 70 40212
74 5 1 71 39350
74 5 1 72 40316
74 5 1 73 40600
74 6 0 12 88
74 6 0 13 3002
74 6 0 14 33482
74 6 0 15 209630
74 6 0 16 1017496
74 6 0 17 3594128
74 6 0 18 10531868
74 6 0 19 25665406
74 6 0 20 56270324
74 6 0 21 109677284
74 6 0 22 197511124
74 6 0 23 326368640
74 6 0 24 509411272
74 6 0 25 748005194
74 6 0 26 1054921450
74 6 0 27 1414121904
74 6 0 28 1837551800
74 6 0 29 2298822288
74 6 0 30 2812002836
74 6 0 31 3338778376
74 6 0 32 3900170890
74 6 0 33 4447287706
74 6 0 34 5009401282
74 6 0 35 5527983930
74 6 0 36 6042889532
74 6 0 37 6490165244
74 6 0 38 6893367600
74 6 0 39 7163444496
74 6 0 40 7427233386
74 6 0 41 7611550130
74 6 0 42 7798758526
74 6 0 43 7902486700
74 6 0 44 8016062722
74 6 0 45 8042418522
74 6 0 46 8085990546
74 6 0 47 8039154088
74 6 0 48 8017167576
74 6 0 49 7901904046
74 6 0 50 7819686996
74 6 0 51 7641556824
74 6 0 52 7504860430
74 6 0 53 7270303474
74 6 0 54 7085580908
74 6 0 55 6801366316
74 6 0 56 6575878458
74 6 0 57 6249456510
74 6 0 58 5990625042
74 6 0 59 5630259456
74 6 0 60 5346105546
74 6 0 61 4960092026
74 6 0 62 4659382146
74 6 0 63 4256592982
74 6 0 64 3947907122
74 6 0 65 3537974482
74 6 0 66 3230784040
74 6 0 67 2823739234
74 6 0 68 2528580902
74 6 0 69 2140544040
74 6 0 70 1867106266
74 6 0 71 1513414944
74 6 0 72 1274533372
74 6 0 73 966685516
74 6 0 74 623673666
74 6 1 20 260
74 6 1 21 2480
74 6 1 22 9556
74 6 1 23 24600
74 6 1 24 50752
74 6 1 25 91116
74 6 1 26 147536
74 6 1 27 223300
74 6 1 28 319932
74 6 1 29 438364
74 6 1 30 577112
74 6 1 31 737776
74 6 1 32 918164
74 6 1 33 1120652
74 6 1 34 1342248
74 6 1 35 1586044
74 6 1 36 1849436
74 6 1 37 2139072
74 6 1 38 2362638
74 6 1 39 2553384
74 6 1 40 2729248
74 6 1 41 2894908
74 6 1 42 3045256
74 6 1 43 3185500
74 6 1 44 3310176
74 6 1 45 3425044
74 6 1 46 3524000
74 6 1 47 3613296
74 6 1 48 3686612
74 6 1 49 3750264
74 6 1 50 3797752
74 6 1 51 3835832
74 6 1 52 3857444
74 6 1 53 3869724
74 6 1 54 3865572
74 6 1 55 3851980
74 6 1 56 3821844
74 6 1 57 3782484
74 6 1 58 3726316
74 6 1 59 3660928
74 6 1 60 3578872
74 6 1 61 3487384
74 6 1 62 3379188
74 6 1 63 3261736
74 6 1 64 3127352
74 6 1 65 2983644
74 6 1 66 2823248
74 6 1 67 2653216
74 6 1 68 2465512
74 6 1 69 2269800
74 6 1 70 2071960
74 6 1 71 1857410
74 6 1 72 1698816
74 6 1 73 1490144
74 6 2 37 2
74 6 2 38 4
74 6 2 39 4
74 6 2 40 4
74 6 2 41 4
74 6 2 42 4
74 6 2 43 4
74 6 2 44 4
74 6 2 45 4
74 6 2 46 4
74 6 2 47 4
74 6 2 48 4
74 6 2 49 4
74 6 2 50 4
74 6 2 51 4
74 6 2 52 4
74 6 2 53 4
74 6 2 54 4
74 6 2 55 4
74 6 2 56 4
74 6 2 57 4
74 6 2 58 4
74 6 2 59 4
74 6 2 60 4
74 6 2 61 4
74 6 2 62 4
74 6 2 63 4
74 6 2 64 4
74 6 2 65 4
74 6 2 66 4
74 6 2 67 4
74 6 2 68 4
74 6 2 69 4
74 6 2 70 4
74 6 2 71 4
74 6 2 72 146
74 6 2 73 284
75 0 0 75 2
75 1 0 38 2
75 1 0 39 4
75 1 0 40 4
75 1 0 41 4
75 1 0 42 4
75 1 0 43 4
75 1 0 44 4
75 1 0 45 4
75 1 0 46 4
75 1 0 47 4
75 1 0 48 4
75 1 0 49 4
75 1 0 50 4
75 1 0 51 4
75 1 0 52 4
75 1 0 53 4
75 1 0 54 4
75 1 0 55 4
75 1 0 56 4
75 1 0 57 4
75 1 0 58 4
75 1 0 59 4
75 1 0 60 4
75 1 0 61 4
75 1 0 62 4
75 1 0 63 4
75 1 0 64 4
75 1 0 65 4
75 1 0 66 4
75 1 0 67 4
75 1 0 68 4
75 1 0 69 4
75 1 0 70 4
75 1 0 71 4
75 1 0 72 4
75 1 0 73 4
75 1 0 74 4
75 1 0 75 146
75 2 0 26 4
75 2 0 27 20
75 2 0 28 28
75 2 0 29 50
75 2 0 30 52
75 2 0 31 80
75 2 0 32 76
75 2 0 33 110
75 2 0 34 100
75 2 0 35 140
75 2 0 36 124
75 2 0 37 170
75 2 0 38 284
75 2 0 39 468
75 2 0 40 440
75 2 0 41 498
75 2 0 42 464
75 2 0 43 528
75 2 0 44 488
75 2 0 45 558
75 2 0 46 512
75 2 0 47 588
75 2 0 48 536
75 2 0 49 618
75 2 0 50 560
75 2 0 51 648
75 2 0 52 584
75 2 0 53 678
75 2 0 54 608
75 2 0 55 708
75 2 0 56 632
75 2 0 57 738
75 2 0 58 656
75 2 0 59 768
75 2 0 60 680
75 2 0 61 798
75 2 0 62 704
75 2 0 63 828
75 2 0 64 728
75 2 0 65 858
75 2 0 66 752
75 2 0 67 888
75 2 0 68 776
75 2 0 69 918
75 2 0 70 800
75 2 0 71 948
75 2 0 72 828
75 2 0 73 982
75 2 0 74 1004
75 2 0 75 5548
75 3 0 20 12
75 3 0 21 76
75 3 0 22 204
75 3 0 23 396
75 3 0 24 652
75 3 0 25 972
75 3 0 26 1544
75 3 0 27 2732
75 3 0 28 3844
75 3 0 29 5800
75 3 0 30 7248
75 3 0 31 10044
75 3 0 32 11820
75 3 0 33 15468
75 3 0 34 17560
75 3 0 35 22072
75 3 0 36 24468
75 3 0 37 29864
75 3 0 38 35850
75 3 0 39 42872
75 3 0 40 42984
75 3 0 41 46726
75 3 0 42 46148
75 3 0 43 50042
75 3 0 44 48960
75 3 0 45 53018
75 3 0 46 51420
75 3 0 47 55654
75 3 0 48 53528
75 3 0 49 57950
75 3 0 50 55284
75 3 0 51 59906
75 3 0 52 56688
75 3 0 53 61522
75 3 0 54 57740
75 3 0 55 62798
75 3 0 56 58440
75 3 0 57 63734
75 3 0 58 58788
75 3 0 59 64330
75 3 0 60 58784
75 3 0 61 64586
75 3 0 62 58428
75 3 0 63 64502
75 3 0 64 57720
75 3 0 65 64078
75 3 0 66 56660
75 3 0 67 63314
75 3 0 68 55248
75 3 0 69 62206
75 3 0 70 53744
75 3 0 71 61046
75 3 0 72 52716
75 3 0 73 60942
75 3 0 74 61776
75 3 0 75 145128
75 4 0 16 4
75 4 0 17 146
75 4 0 18 704
75 4 0 19 2296
75 4 0 20 5132
75 4 0 21 12782
75 4 0 22 25440
75 4 0 23 50498
75 4 0 24 84528
75 4 0 25 140940
75 4 0 26 213192
75 4 0 27 324888
75 4 0 28 436448
75 4 0 29 597330
75 4 0 30 742388
75 4 0 31 950248
75 4 0 32 1123412
75 4 0 33 1373086
75 4 0 34 1568800
75 4 0 35 1855016
75 4 0 36 2068560
75 4 0 37 2390678
75 4 0 38 2692064
75 4 0 39 2979930
75 4 0 40 3058172
75 4 0 41 3250684
75 4 0 42 3294380
75 4 0 43 3475894
75 4 0 44 3489976
75 4 0 45 3660992
75 4 0 46 3645312
75 4 0 47 3806098
75 4 0 48 3760628
75 4 0 49 3911596
75 4 0 50 3836012
75 4 0 51 3977742
75 4 0 52 3871848
75 4 0 53 4004624
75 4 0 54 3868376
75 4 0 55 3992658
75 4 0 56 3825652
75 4 0 57 3942100
75 4 0 58 3744092
75 4 0 59 3853006
75 4 0 60 3623936
75 4 0 61 3725824
75 4 0 62 3465208
75 4 0 63 3560810
75 4 0 64 3268356
75 4 0 65 3357876
75 4 0 66 3033380
75 4 0 67 3117468
75 4 0 68 2760732
75 4 0 69 2839388
75 4 0 70 2465332
75 4 0 71 2541542
75 4 0 72 2174584
75 4 0 73 2283564
75 4 0 74 2167240
75 4 0 75 2923502
75 4 1 38 4
75 4 1 39 20
75 4 1 40 36
75 4 1 41 52
75 4 1 42 68
75 4 1 43 84
75 4 1 44 100
75 4 1 45 116
75 4 1 46 132
75 4 1 47 148
75 4 1 48 164
75 4 1 49 180
75 4 1 50 196
75 4 1 51 212
75 4 1 52 228
75 4 1 53 244
75 4 1 54 260
75 4 1 55 276
75 4 1 56 292
75 4 1 57 308
75 4 1 58 324
75 4 1 59 340
75 4 1 60 356
75 4 1 61 372
75 4 1 62 388
75 4 1 63 404
75 4 1 64 420
75 4 1 65 436
75 4 1 66 452
75 4 1 67 468
75 4 1 68 484
75 4 1 69 500
75 4 1 70 516
75 4 1 71 532
75 4 1 72 548
75 4 1 73 568
75 4 1 74 584
75 5 0 14 70
75 5 0 15 1204
75 5 0 16 6972
75 5 0 17 28464
75 5 0 18 95362
75 5 0 19 272274
75 5 0 20 652058
75 5 0 21 1403562
75 5 0 22 2645814
75 5 0 23 4653662
75 5 0 24 7488866
75 5 0 25 11597166
75 5 0 26 16941296
75 5 0 27 24003206
75 5 0 28 31968040
75 5 0 29 41803904
75 5 0 30 52056214
75 5 0 31 64186892
75 5 0 32 76057516
75 5 0 33 89751470
75 5 0 34 102412686
75 5 0 35 116776134
75 5 0 36 129288098
75 5 0 37 143487236
75 5 0 38 155686290
75 5 0 39 166153432
75 5 0 40 172061532
75 5 0 41 179782774
75 5 0 42 183857388
75 5 0 43 190250556
75 5 0 44 192618316
75 5 0 45 197720972
75 5 0 46 198412696
75 5 0 47 202260748
75 5 0 48 201322680
75 5 0 49 203965082
75 5 0 50 201440964
75 5 0 51 202942240
75 5 0 52 198890504
75 5 0 53 199310032
75 5 0 54 193806388
75 5 0 55 193218616
75 5 0 56 186332008
75 5 0 57 184829454
75 5 0 58 176645152
75 5 0 59 174311176
75 5 0 60 164934052
75 5 0 61 161869376
75 5 0 62 151392588
75 5 0 63 147718536
75 5 0 64 136253712
75 5 0 65 132073318
75 5 0 66 119749480
75 5 0 67 115196600
75 5 0 68 102152412
75 5 0 69 97365902
75 5 0 70 84138880
75 5 0 71 79310158
75 5 0 72 66585144
75 5 0 73 62610130
75 5 0 74 53681068
75 5 0 75 48171654
75 5 1 26 24
75 5 1 27 232
75 5 1 28 688
75 5 1 29 1444
75 5 1 30 2428
75 5 1 31 3736
75 5 1 32 5248
75 5 1 33 7108
75 5 1 34 9148
75 5 1 35 11560
75 5 1 36 14128
75 5 1 37 17092
75 5 1 38 19856
75 5 1 39 21884
75 5 1 40 23668
75 5 1 41 25544
75 5 1 42 27152
75 5 1 43 28876
75 5 1 44 30308
75 5 1 45 31880
75 5 1 46 33136
75 5 1 47 34556
75 5 1 48 35636
75 5 1 49 36904
75 5 1 50 37808
75 5 1 51 38924
75 5 1 52 39652
75 5 1 53 40616
75 5 1 54 41168
75 5 1 55 41980
75 5 1 56 42356
75 5 1 57 43016
75 5 1 58 43216
75 5 1 59 43724
75 5 1 60 43748
75 5 1 61 44104
75 5 1 62 43952
75 5 1 63 44156
75 5 1 64 43828
75 5 1 65 43880
75 5 1 66 43376
75 5 1 67 43276
75 5 1 68 42596
75 5 1 69 42344
75 5 1 70 41488
75 5 1 71 41356
75 5 1 72 40480
75 5 1 73 41460
75 5 1 74 41748
75 6 0 12 32
75 6 0 13 2180
75 6 0 14 23432
75 6 0 15 167144
75 6 0 16 797784
75 6 0 17 3030842
75 6 0 18 8908716
75 6 0 19 22635040
75 6 0 20 49770026
75 6 0 21 99890956
75 6 0 22 180915282
75 6 0 23 305831006
75 6 0 24 479695922
75 6 0 25 716820530
75 6 0 26 1015265622
75 6 0 27 1383724512
75 6 0 28 1803453574
75 6 0 29 2287930712
75 6 0 30 2804084078
75 6 0 31 3370025696
75 6 0 32 3941034650
75 6 0 33 4543219694
75 6 0 34 5120719894
75 6 0 35 5709020860
75 6 0 36 6242499192
75 6 0 37 6769190303
75 6 0 38 7214494646
75 6 0 39 7579435919
75 6 0 40 7842612068
75 6 0 41 8103742176
75 6 0 42 8278806272
75 6 0 43 8460401910
75 6 0 44 8551664476
75 6 0 45 8656994056
75 6 0 46 8667974072
75 6 0 47 8700957542
75 6 0 48 8636151624
75 6 0 49 8601532988
75 6 0 50 8466009360
75 6 0 51 8369428426
75 6 0 52 8169060384
75 6 0 53 8016562392
75 6 0 54 7758119064
75 6 0 55 7556460674
75 6 0 56 7247021436
75 6 0 57 7003783656
75 6 0 58 6651120916
75 6 0 59 6374022478
75 6 0 60 5986741840
75 6 0 61 5684113102
75 6 0 62 5270826560
75 6 0 63 4951763140
75 6 0 64 4521673720
75 6 0 65 4195050616
75 6 0 66 3758141452
75 6 0 67 3433759610
75 6 0 68 3000417548
75 6 0 69 2689169840
75 6 0 70 2276299684
75 6 0 71 1988187262
75 6 0 72 1611936452
75 6 0 73 1360716208
75 6 0 74 1034726688
75 6 0 75 674072722
75 6 1 20 116
75 6 1 21 1596
75 6 1 22 7168
75 6 1 23 19928
75 6 1 24 43004
75 6 1 25 79532
75 6 1 26 132060
75 6 1 27 202448
75 6 1 28 294592
75 6 1 29 407752
75 6 1 30 543116
75 6 1 31 698932
75 6 1 32 877060
75 6 1 33 1075052
75 6 1 34 1295540
75 6 1 35 1535276
75 6 1 36 1797872
75 6 1 37 2081496
75 6 1 38 2363688
75 6 1 39 2563966
75 6 1 40 2754412
75 6 1 41 2929392
75 6 1 42 3094076
75 6 1 43 3243136
75 6 1 44 3381992
75 6 1 45 3504972
75 6 1 46 3618044
75 6 1 47 3714896
75 6 1 48 3801984
75 6 1 49 3872792
75 6 1 50 3933824
75 6 1 51 3978396
75 6 1 52 4013448
75 6 1 53 4031736
75 6 1 54 4040576
75 6 1 55 4032696
75 6 1 56 4015252
75 6 1 57 3980980
75 6 1 58 3937360
75 6 1 59 3876648
75 6 1 60 3806588
75 6 1 61 3719584
75 6 1 62 3623012
75 6 1 63 3509460
75 6 1 64 3386516
75 6 1 65 3246368
75 6 1 66 3096756
75 6 1 67 2930192
75 6 1 68 2753844
75 6 1 69 2559548
75 6 1 70 2357120
75 6 1 71 2152794
75 6 1 72 1931368
75 6 1 73 1767956
75 6 1 74 1553180
75 6 2 38 4
75 6 2 39 4
75 6 2 40 4
75 6 2 41 4
75 6 2 42 4
75 6 2 43 4
75 6 2 44 4
75 6 2 45 4
75 6 2 46 4
75 6 2 47 4
75 6 2 48 4
75 6 2 49 4
75 6 2 50 4
75 6 2 51 4
75 6 2 52 4
75 6 2 53 4
75 6 2 54 4
75 6 2 55 4
75 6 2 56 4
75 6 2 57 4
75 6 2 58 4
75 6 2 59 4
75 6 2 60 4
75 6 2 61 4
75 6 2 62 4
75 6 2 63 4
75 6 2 64 4
75 6 2 65 4
75 6 2 66 4
75 6 2 67 4
75 6 2 68 4
75 6 2 69 4
75 6 2 70 4
75 6 2 71 4
75 6 2 72 4
75 6 2 73 148
75 6 2 74 288
76 0 0 76 2
76 1 0 39 4
76 1 0 40 4
76 1 0 41 4
76 1 0 42 4
76 1 0 43 4
76 1 0 44 4
76 1 0 45 4
76 1 0 46 4
76 1 0 47 4
76 1 0 48 4
76 1 0 49 4
76 1 0 50 4
76 1 0 51 4
76 1 0 52 4
76 1 0 53 4
76 1 0 54 4
76 1 0 55 4
76 1 0 56 4
76 1 0 57 4
76 1 0 58 4
76 1 0 59 4
76 1 0 60 4
76 1 0 61 4
76 1 0 62 4
76 1 0 63 4
76 1 0 64 4
76 1 0 65 4
76 1 0 66 4
76 1 0 67 4
76 1 0 68 4
76 1 0 69 4
76 1 0 70 4
76 1 0 71 4
76 1 0 72 4
76 1 0 73 4
76 1 0 74 4
76 1 0 75 4
76 1 0 76 148
76 2 0 26 2
76 2 0 27 12
76 2 0 28 30
76 2 0 29 36
76 2 0 30 60
76 2 0 31 60
76 2 0 32 90
76 2 0 33 84
76 2 0 34 120
76 2 0 35 108
76 2 0 36 150
76 2 0 37 132
76 2 0 38 182
76 2 0 39 428
76 2 0 40 482
76 2 0 41 452
76 2 0 42 512
76 2 0 43 476
76 2 0 44 542
76 2 0 45 500
76 2 0 46 572
76 2 0 47 524
76 2 0 48 602
76 2 0 49 548
76 2 0 50 632
76 2 0 51 572
76 2 0 52 662
76 2 0 53 596
76 2 0 54 692
76 2 0 55 620
76 2 0 56 722
76 2 0 57 644
76 2 0 58 752
76 2 0 59 668
76 2 0 60 782
76 2 0 61 692
76 2 0 62 812
76 2 0 63 716
76 2 0 64 842
76 2 0 65 740
76 2 0 66 872
76 2 0 67 764
76 2 0 68 902
76 2 0 69 788
76 2 0 70 932
76 2 0 71 812
76 2 0 72 962
76 2 0 73 840
76 2 0 74 996
76 2 0 75 1018
76 2 0 76 5698
76 3 0 20 4
76 3 0 21 52
76 3 0 22 164
76 3 0 23 340
76 3 0 24 580
76 3 0 25 884
76 3 0 26 1344
76 3 0 27 2256
76 3 0 28 3688
76 3 0 29 4920
76 3 0 30 7176
76 3 0 31 8740
76 3 0 32 11844
76 3 0 33 13728
76 3 0 34 17692
76 3 0 35 19884
76 3 0 36 24720
76 3 0 37 27212
76 3 0 38 33220
76 3 0 39 41398
76 3 0 40 45240
76 3 0 41 45004
76 3 0 42 48868
76 3 0 43 48132
76 3 0 44 52156
76 3 0 45 50908
76 3 0 46 55104
76 3 0 47 53332
76 3 0 48 57712
76 3 0 49 55404
76 3 0 50 59980
76 3 0 51 57124
76 3 0 52 61908
76 3 0 53 58492
76 3 0 54 63496
76 3 0 55 59508
76 3 0 56 64744
76 3 0 57 60172
76 3 0 58 65652
76 3 0 59 60484
76 3 0 60 66220
76 3 0 61 60444
76 3 0 62 66448
76 3 0 63 60052
76 3 0 64 66336
76 3 0 65 59308
76 3 0 66 65884
76 3 0 67 58212
76 3 0 68 65092
76 3 0 69 56764
76 3 0 70 63956
76 3 0 71 55228
76 3 0 72 62772
76 3 0 73 54180
76 3 0 74 62664
76 3 0 75 63510
76 3 0 76 150964
76 4 0 16 2
76 4 0 17 80
76 4 0 18 590
76 4 0 19 1740
76 4 0 20 4590
76 4 0 21 9996
76 4 0 22 22834
76 4 0 23 42220
76 4 0 24 77656
76 4 0 25 123164
76 4 0 26 197812
76 4 0 27 289576
76 4 0 28 420316
76 4 0 29 546458
76 4 0 30 728102
76 4 0 31 886560
76 4 0 32 1114448
76 4 0 33 1299626
76 4 0 34 1568606
76 4 0 35 1774940
76 4 0 36 2079996
76 4 0 37 2304094
76 4 0 38 2660776
76 4 0 39 2972884
76 4 0 40 3186492
76 4 0 41 3253294
76 4 0 42 3450022
76 4 0 43 3486808
76 4 0 44 3672628
76 4 0 45 3679142
76 4 0 46 3854566
76 4 0 47 3830652
76 4 0 48 3995952
76 4 0 49 3941578
76 4 0 50 4097174
76 4 0 51 4012004
76 4 0 52 4158488
76 4 0 53 4042318
76 4 0 54 4179978
76 4 0 55 4032760
76 4 0 56 4162064
76 4 0 57 3983382
76 4 0 58 4105002
76 4 0 59 3894604
76 4 0 60 4008844
76 4 0 61 3766666
76 4 0 62 3874042
76 4 0 63 3599588
76 4 0 64 3700852
76 4 0 65 3393822
76 4 0 66 3489180
76 4 0 67 3149364
76 4 0 68 3239476
76 4 0 69 2866670
76 4 0 70 2951534
76 4 0 71 2561148
76 4 0 72 2643798
76 4 0 73 2261022
76 4 0 74 2377814
76 4 0 75 2258124
76 4 0 76 3079434
76 4 1 39 12
76 4 1 40 28
76 4 1 41 44
76 4 1 42 60
76 4 1 43 76
76 4 1 44 92
76 4 1 45 108
76 4 1 46 124
76 4 1 47 140
76 4 1 48 156
76 4 1 49 172
76 4 1 50 188
76 4 1 51 204
76 4 1 52 220
76 4 1 53 236
76 4 1 54 252
76 4 1 55 268
76 4 1 56 284
76 4 1 57 300
76 4 1 58 316
76 4 1 59 332
76 4 1 60 348
76 4 1 61 364
76 4 1 62 380
76 4 1 63 396
76 4 1 64 412
76 4 1 65 428
76 4 1 66 444
76 4 1 67 460
76 4 1 68 476
76 4 1 69 492
76 4 1 70 508
76 4 1 71 524
76 4 1 72 540
76 4 1 73 556
76 4 1 74 576
76 4 1 75 592
76 5 0 14 28
76 5 0 15 784
76 5 0 16 5272
76 5 0 17 22136
76 5 0 18 78020
76 5 0 19 224484
76 5 0 20 562914
76 5 0 21 1213860
76 5 0 22 2383324
76 5 0 23 4180744
76 5 0 24 6941464
76 5 0 25 10676520
76 5 0 26 15978700
76 5 0 27 22541096
76 5 0 28 30877912
76 5 0 29 40024444
76 5 0 30 51137616
76 5 0 31 62444452
76 5 0 32 75713056
76 5 0 33 88446456
76 5 0 34 103079056
76 5 0 35 116350496
76 5 0 36 131406140
76 5 0 37 144277752
76 5 0 38 159173498
76 5 0 39 170566634
76 5 0 40 179887428
76 5 0 41 185480582
76 5 0 42 193254168
76 5 0 43 197070594
76 5 0 44 203486544
76 5 0 45 205545650
76 5 0 46 210644288
76 5 0 47 210979430
76 5 0 48 214798860
76 5 0 49 213459134
76 5 0 50 216050788
76 5 0 51 213082162
76 5 0 52 214513392
76 5 0 53 209976818
76 5 0 54 210309168
76 5 0 55 204283238
76 5 0 56 203593652
76 5 0 57 196149470
76 5 0 58 194533360
76 5 0 59 185758698
76 5 0 60 183301560
76 5 0 61 173304206
76 5 0 62 170109276
76 5 0 63 158984482
76 5 0 64 155176040
76 5 0 65 143037922
76 5 0 66 138720908
76 5 0 67 125701238
76 5 0 68 121012256
76 5 0 69 107252454
76 5 0 70 102332668
76 5 0 71 88393394
76 5 0 72 83438340
76 5 0 73 70035430
76 5 0 74 65988708
76 5 0 75 56669956
76 5 0 76 51374328
76 5 1 26 8
76 5 1 27 128
76 5 1 28 516
76 5 1 29 1148
76 5 1 30 2088
76 5 1 31 3248
76 5 1 32 4740
76 5 1 33 6428
76 5 1 34 8472
76 5 1 35 10688
76 5 1 36 13284
76 5 1 37 16028
76 5 1 38 19174
76 5 1 39 21404
76 5 1 40 23424
76 5 1 41 25192
76 5 1 42 27060
76 5 1 43 28652
76 5 1 44 30368
76 5 1 45 31784
76 5 1 46 33348
76 5 1 47 34588
76 5 1 48 36000
76 5 1 49 37064
76 5 1 50 38324
76 5 1 51 39212
76 5 1 52 40320
76 5 1 53 41032
76 5 1 54 41988
76 5 1 55 42524
76 5 1 56 43328
76 5 1 57 43688
76 5 1 58 44340
76 5 1 59 44524
76 5 1 60 45024
76 5 1 61 45032
76 5 1 62 45380
76 5 1 63 45212
76 5 1 64 45408
76 5 1 65 45064
76 5 1 66 45108
76 5 1 67 44588
76 5 1 68 44480
76 5 1 69 43784
76 5 1 70 43524
76 5 1 71 42652
76 5 1 72 42516
76 5 1 73 41626
76 5 1 74 42620
76 5 1 75 42912
76 6 0 12 18
76 6 0 13 1284
76 6 0 14 18106
76 6 0 15 122776
76 6 0 16 648596
76 6 0 17 2458774
76 6 0 18 7666944
76 6 0 19 19536222
76 6 0 20 44457958
76 6 0 21 89626478
76 6 0 22 166685074
76 6 0 23 283305290
76 6 0 24 453628016
76 6 0 25 680505780
76 6 0 26 979901244
76 6 0 27 1341476670
76 6 0 28 1775229422
76 6 0 29 2257459424
76 6 0 30 2803642168
76 6 0 31 3374204866
76 6 0 32 3991993182
76 6 0 33 4605295240
76 6 0 34 5246042900
76 6 0 35 5850756546
76 6 0 36 6462192714
76 6 0 37 7006981356
76 6 0 38 7544179970
76 6 0 39 7960148370
76 6 0 40 8306074972
76 6 0 41 8560501562
76 6 0 42 8818123878
76 6 0 43 8982624728
76 6 0 44 9157760032
76 6 0 45 9235212858
76 6 0 46 9331439714
76 6 0 47 9325672140
76 6 0 48 9347206728
76 6 0 49 9263038242
76 6 0 50 9214928144
76 6 0 51 9057735464
76 6 0 52 8945937870
76 6 0 53 8721913030
76 6 0 54 8552771810
76 6 0 55 8269019656
76 6 0 56 8049599982
76 6 0 57 7713515522
76 6 0 58 7451724154
76 6 0 59 7071407808
76 6 0 60 6775265036
76 6 0 61 6359670826
76 6 0 62 6037821210
76 6 0 63 5595882772
76 6 0 64 5257756744
76 6 0 65 4799013740
76 6 0 66 4453785472
76 6 0 67 3988578392
76 6 0 68 3646383786
76 6 0 69 3185461420
76 6 0 70 2857555218
76 6 0 71 2418637086
76 6 0 72 2115337706
76 6 0 73 1715415640
76 6 0 74 1451455144
76 6 0 75 1106534222
76 6 0 76 727801980
76 6 1 20 36
76 6 1 21 956
76 6 1 22 5216
76 6 1 23 15888
76 6 1 24 36092
76 6 1 25 68960
76 6 1 26 117444
76 6 1 27 183192
76 6 1 28 269728
76 6 1 29 378700
76 6 1 30 508816
76 6 1 31 661540
76 6 1 32 834852
76 6 1 33 1030872
76 6 1 34 1246896
76 6 1 35 1485812
76 6 1 36 1744116
76 6 1 37 2026388
76 6 1 38 2331744
76 6 1 39 2571062
76 6 1 40 2771160
76 6 1 41 2960924
76 6 1 42 3134908
76 6 1 43 3298504
76 6 1 44 3446164
76 6 1 45 3583520
76 6 1 46 3704692
76 6 1 47 3815856
76 6 1 48 3910492
76 6 1 49 3995260
76 6 1 50 4063448
76 6 1 51 4121748
76 6 1 52 4163292
76 6 1 53 4195204
76 6 1 54 4210056
76 6 1 55 4215344
76 6 1 56 4203624
76 6 1 57 4182216
76 6 1 58 4143696
76 6 1 59 4095704
76 6 1 60 4030336
76 6 1 61 3955492
76 6 1 62 3863428
76 6 1 63 3761660
76 6 1 64 3642640
76 6 1 65 3514092
76 6 1 66 3368068
76 6 1 67 3212440
76 6 1 68 3039596
76 6 1 69 2856820
76 6 1 70 2655820
76 6 1 71 2446564
76 6 1 72 2235648
76 6 1 73 2007238
76 6 1 74 1838936
76 6 1 75 1617968
76 6 2 38 2
76 6 2 39 4
76 6 2 40 4
76 6 2 41 4
76 6 2 42 4
76 6 2 43 4
76 6 2 44 4
76 6 2 45 4
76 6 2 46 4
76 6 2 47 4
76 6 2 48 4
76 6 2 49 4
76 6 2 50 4
76 6 2 51 4
76 6 2 52 4
76 6 2 53 4
76 6 2 54 4
76 6 2 55 4
76 6 2 56 4
76 6 2 57 4
76 6 2 58 4
76 6 2 59 4
76 6 2 60 4
76 6 2 61 4
76 6 2 62 4
76 6 2 63 4
76 6 2 64 4
76 6 2 65 4
76 6 2 66 4
76 6 2 67 4
76 6 2 68 4
76 6 2 69 4
76 6 2 70 4
76 6 2 71 4
76 6 2 72 4
76 6 2 73 4
76 6 2 74 150
76 6 2 75 292
77 0 0 77 2
77 1 0 39 2
77 1 0 40 4
77 1 0 41 4
77 1 0 42 4
77 1 0 43 4
77 1 0 44 4
77 1 0 45 4
77 1 0 46 4
77 1 0 47 4
77 1 0 48 4
77 1 0 49 4
77 1 0 50 4
77 1 0 51 4
77 1 0 52 4
77 1 0 53 4
77 1 0 54 4
77 1 0 55 4
77 1 0 56 4
77 1 0 57 4
77 1 0 58 4
77 1 0 59 4
77 1 0 60 4
77 1 0 61 4
77 1 0 62 4
77 1 0 63 4
77 1 0 64 4
77 1 0 65 4
77 1 0 66 4
77 1 0 67 4
77 1 0 68 4
77 1 0 69 4
77 1 0 70 4
77 1 0 71 4
77 1 0 72 4
77 1 0 73 4
77 1 0 74 4
77 1 0 75 4
77 1 0 76 4
77 1 0 77 150
77 2 0 27 10
77 2 0 28 20
77 2 0 29 40
77 2 0 30 44
77 2 0 31 70
77 2 0 32 68
77 2 0 33 100
77 2 0 34 92
77 2 0 35 130
77 2 0 36 116
77 2 0 37 160
77 2 0 38 140
77 2 0 39 330
77 2 0 40 440
77 2 0 41 496
77 2 0 42 464
77 2 0 43 526
77 2 0 44 488
77 2 0 45 556
77 2 0 46 512
77 2 0 47 586
77 2 0 48 536
77 2 0 49 616
77 2 0 50 560
77 2 0 51 646
77 2 0 52 584
77 2 0 53 676
77 2 0 54 608
77 2 0 55 706
77 2 0 56 632
77 2 0 57 736
77 2 0 58 656
77 2 0 59 766
77 2 0 60 680
77 2 0 61 796
77 2 0 62 704
77 2 0 63 826
77 2 0 64 728
77 2 0 65 856
77 2 0 66 752
77 2 0 67 886
77 2 0 68 776
77 2 0 69 916
77 2 0 70 800
77 2 0 71 946
77 2 0 72 824
77 2 0 73 976
77 2 0 74 852
77 2 0 75 1010
77 2 0 76 1032
77 2 0 77 5850
77 3 0 20 2
77 3 0 21 36
77 3 0 22 132
77 3 0 23 292
77 3 0 24 516
77 3 0 25 804
77 3 0 26 1160
77 3 0 27 2032
77 3 0 28 3080
77 3 0 29 4796
77 3 0 30 6148
77 3 0 31 8708
77 3 0 32 10384
77 3 0 33 13800
77 3 0 34 15788
77 3 0 35 20072
77 3 0 36 22360
77 3 0 37 27524
77 3 0 38 30108
77 3 0 39 39664
77 3 0 40 43396
77 3 0 41 47434
77 3 0 42 47044
77 3 0 43 51034
77 3 0 44 50136
77 3 0 45 54294
77 3 0 46 52876
77 3 0 47 57214
77 3 0 48 55264
77 3 0 49 59794
77 3 0 50 57300
77 3 0 51 62034
77 3 0 52 58984
77 3 0 53 63934
77 3 0 54 60316
77 3 0 55 65494
77 3 0 56 61296
77 3 0 57 66714
77 3 0 58 61924
77 3 0 59 67594
77 3 0 60 62200
77 3 0 61 68134
77 3 0 62 62124
77 3 0 63 68334
77 3 0 64 61696
77 3 0 65 68194
77 3 0 66 60916
77 3 0 67 67714
77 3 0 68 59784
77 3 0 69 66894
77 3 0 70 58300
77 3 0 71 65730
77 3 0 72 56732
77 3 0 73 64522
77 3 0 74 55664
77 3 0 75 64410
77 3 0 76 65268
77 3 0 77 156954
77 4 0 17 54
77 4 0 18 396
77 4 0 19 1554
77 4 0 20 3568
77 4 0 21 9000
77 4 0 22 18476
77 4 0 23 38398
77 4 0 24 66332
77 4 0 25 114274
77 4 0 26 173388
77 4 0 27 272896
77 4 0 28 378676
77 4 0 29 530522
77 4 0 30 671176
77 4 0 31 873744
77 4 0 32 1045336
77 4 0 33 1293422
77 4 0 34 1490340
77 4 0 35 1778804
77 4 0 36 1995472
77 4 0 37 2319858
77 4 0 38 2555454
77 4 0 39 2993041
77 4 0 40 3175388
77 4 0 41 3393232
77 4 0 42 3453428
77 4 0 43 3654546
77 4 0 44 3684072
77 4 0 45 3874380
77 4 0 46 3872968
77 4 0 47 4052990
77 4 0 48 4020476
77 4 0 49 4190488
77 4 0 50 4126836
77 4 0 51 4287266
77 4 0 52 4192128
77 4 0 53 4343580
77 4 0 54 4216744
77 4 0 55 4359510
77 4 0 56 4200924
77 4 0 57 4335480
77 4 0 58 4144716
77 4 0 59 4271746
77 4 0 60 4048544
77 4 0 61 4168356
77 4 0 62 3912648
77 4 0 63 4025766
77 4 0 64 3737044
77 4 0 65 3844232
77 4 0 66 3522188
77 4 0 67 3623654
77 4 0 68 3268072
77 4 0 69 3364486
77 4 0 70 2975156
77 4 0 71 3066514
77 4 0 72 2659344
77 4 0 73 2748728
77 4 0 74 2349692
77 4 0 75 2474616
77 4 0 76 2351512
77 4 0 77 3241498
77 4 1 39 4
77 4 1 40 20
77 4 1 41 36
77 4 1 42 52
77 4 1 43 68
77 4 1 44 84
77 4 1 45 100
77 4 1 46 116
77 4 1 47 132
77 4 1 48 148
77 4 1 49 164
77 4 1 50 180
77 4 1 51 196
77 4 1 52 212
77 4 1 53 228
77 4 1 54 244
77 4 1 55 260
77 4 1 56 276
77 4 1 57 292
77 4 1 58 308
77 4 1 59 324
77 4 1 60 340
77 4 1 61 356
77 4 1 62 372
77 4 1 63 388
77 4 1 64 404
77 4 1 65 420
77 4 1 66 436
77 4 1 67 452
77 4 1 68 468
77 4 1 69 484
77 4 1 70 500
77 4 1 71 516
77 4 1 72 532
77 4 1 73 548
77 4 1 74 564
77 4 1 75 584
77 4 1 76 600
77 5 0 14 16
77 5 0 15 556
77 5 0 16 4128
77 5 0 17 17862
77 5 0 18 62824
77 5 0 19 189780
77 5 0 20 475236
77 5 0 21 1070790
77 5 0 22 2099292
77 5 0 23 3817590
77 5 0 24 6306822
77 5 0 25 9979648
77 5 0 26 14789980
77 5 0 27 21467190
77 5 0 28 29202852
77 5 0 29 38902386
77 5 0 30 49232236
77 5 0 31 61623358
77 5 0 32 73959588
77 5 0 33 88345842
77 5 0 34 101894304
77 5 0 35 117423844
77 5 0 36 131235774
77 5 0 37 146938028
77 5 0 38 160142670
77 5 0 39 175947646
77 5 0 40 184721514
77 5 0 41 194080712
77 5 0 42 199446312
77 5 0 43 207269188
77 5 0 44 210804524
77 5 0 45 217240548
77 5 0 46 218967708
77 5 0 47 224059974
77 5 0 48 224014852
77 5 0 49 227803652
77 5 0 50 226038204
77 5 0 51 228577448
77 5 0 52 225139860
77 5 0 53 226499736
77 5 0 54 221453480
77 5 0 55 221697690
77 5 0 56 215124248
77 5 0 57 214332232
77 5 0 58 206304860
77 5 0 59 204574932
77 5 0 60 195183904
77 5 0 61 192603688
77 5 0 62 181959716
77 5 0 63 178634962
77 5 0 64 166835384
77 5 0 65 162893336
77 5 0 66 150054756
77 5 0 67 145602248
77 5 0 68 131859192
77 5 0 69 127035580
77 5 0 70 112532228
77 5 0 71 107480976
77 5 0 72 92801840
77 5 0 73 87722630
77 5 0 74 73615512
77 5 0 75 69501318
77 5 0 76 59781700
77 5 0 77 54744306
77 5 1 27 68
77 5 1 28 348
77 5 1 29 920
77 5 1 30 1728
77 5 1 31 2852
77 5 1 32 4188
77 5 1 33 5864
77 5 1 34 7728
77 5 1 35 9956
77 5 1 36 12348
77 5 1 37 15128
77 5 1 38 18048
77 5 1 39 21040
77 5 1 40 22968
77 5 1 41 24980
77 5 1 42 26732
77 5 1 43 28592
77 5 1 44 30168
77 5 1 45 31876
77 5 1 46 33276
77 5 1 47 34832
77 5 1 48 36056
77 5 1 49 37460
77 5 1 50 38508
77 5 1 51 39760
77 5 1 52 40632
77 5 1 53 41732
77 5 1 54 42428
77 5 1 55 43376
77 5 1 56 43896
77 5 1 57 44692
77 5 1 58 45036
77 5 1 59 45680
77 5 1 60 45848
77 5 1 61 46340
77 5 1 62 46332
77 5 1 63 46672
77 5 1 64 46488
77 5 1 65 46676
77 5 1 66 46316
77 5 1 67 46352
77 5 1 68 45816
77 5 1 69 45700
77 5 1 70 44988
77 5 1 71 44720
77 5 1 72 43832
77 5 1 73 43692
77 5 1 74 42788
77 5 1 75 43796
77 5 1 76 44092
77 6 0 12 4
77 6 0 13 892
77 6 0 14 12392
77 6 0 15 97644
77 6 0 16 501780
77 6 0 17 2057718
77 6 0 18 6421504
77 6 0 19 17139996
77 6 0 20 39049640
77 6 0 21 81161488
77 6 0 22 151613360
77 6 0 23 263912556
77 6 0 24 424521244
77 6 0 25 648809804
77 6 0 26 936919964
77 6 0 27 1304567458
77 6 0 28 1731717916
77 6 0 29 2234127330
77 6 0 30 2779587460
77 6 0 31 3387562036
77 6 0 32 4011496792
77 6 0 33 4679707230
77 6 0 34 5332808420
77 6 0 35 6009407866
77 6 0 36 6637697226
77 6 0 37 7268823776
77 6 0 38 7821397526
77 6 0 39 8361385744
77 6 0 40 8728645080
77 6 0 41 9072192840
77 6 0 42 9318293404
77 6 0 43 9571550092
77 6 0 44 9724123156
77 6 0 45 9891927322
77 6 0 46 9954173024
77 6 0 47 10040418906
77 6 0 48 10016479384
77 6 0 49 10025684032
77 6 0 50 9920708040
77 6 0 51 9858227640
77 6 0 52 9677905844
77 6 0 53 9550020542
77 6 0 54 9300869596
77 6 0 55 9114226454
77 6 0 56 8803693392
77 6 0 57 8565671108
77 6 0 58 8201471972
77 6 0 59 7920308684
77 6 0 60 7510877800
77 6 0 61 7194899842
77 6 0 62 6749546204
77 6 0 63 6407717340
77 6 0 64 5935701576
77 6 0 65 5577792722
77 6 0 66 5088997040
77 6 0 67 4724485680
77 6 0 68 4229614332
77 6 0 69 3868976728
77 6 0 70 3379146872
77 6 0 71 3034005318
77 6 0 72 2567782100
77 6 0 73 2248776824
77 6 0 74 1824032124
77 6 0 75 1546926460
77 6 0 76 1182261820
77 6 0 77 785034116
77 6 1 20 12
77 6 1 21 532
77 6 1 22 3680
77 6 1 23 12452
77 6 1 24 29984
77 6 1 25 59392
77 6 1 26 103804
77 6 1 27 165044
77 6 1 28 246512
77 6 1 29 349888
77 6 1 30 476116
77 6 1 31 623616
77 6 1 32 794128
77 6 1 33 985364
77 6 1 34 1199704
77 6 1 35 1434188
77 6 1 36 1691960
77 6 1 37 1969536
77 6 1 38 2272792
77 6 1 39 2569612
77 6 1 40 2784298
77 6 1 41 2983968
77 6 1 42 3172944
77 6 1 43 3345820
77 6 1 44 3508216
77 6 1 45 3654364
77 6 1 46 3790108
77 6 1 47 3909360
77 6 1 48 4018504
77 6 1 49 4110812
77 6 1 50 4193148
77 6 1 51 4258604
77 6 1 52 4314060
77 6 1 53 4352464
77 6 1 54 4381124
77 6 1 55 4392428
77 6 1 56 4394052
77 6 1 57 4378380
77 6 1 58 4352896
77 6 1 59 4310016
77 6 1 60 4257540
77 6 1 61 4187404
77 6 1 62 4107664
77 6 1 63 4010428
77 6 1 64 3903352
77 6 1 65 3778752
77 6 1 66 3644488
77 6 1 67 3492476
77 6 1 68 3330720
77 6 1 69 3151484
77 6 1 70 2962168
77 6 1 71 2754352
77 6 1 72 2538156
77 6 1 73 2320546
77 6 1 74 2085044
77 6 1 75 1911780
77 6 1 76 1684532
77 6 2 39 4
77 6 2 40 4
77 6 2 41 4
77 6 2 42 4
77 6 2 43 4
77 6 2 44 4
77 6 2 45 4
77 6 2 46 4
77 6 2 47 4
77 6 2 48 4
77 6 2 49 4
77 6 2 50 4
77 6 2 51 4
77 6 2 52 4
77 6 2 53 4
77 6 2 54 4
77 6 2 55 4
77 6 2 56 4
77 6 2 57 4
77 6 2 58 4
77 6 2 59 4
77 6 2 60 4
77 6 2 61 4
77 6 2 62 4
77 6 2 63 4
77 6 2 64 4
77 6 2 65 4
77 6 2 66 4
77 6 2 67 4
77 6 2 68 4
77 6 2 69 4
77 6 2 70 4
77 6 2 71 4
77 6 2 72 4
77 6 2 73 4
77 6 2 74 4
77 6 2 75 152
77 6 2 76 296
78 0 0 78 2
78 1 0 40 4
78 1 0 41 4
78 1 0 42 4
78 1 0 43 4
78 1 0 44 4
78 1 0 45 4
78 1 0 46 4
78 1 0 47 4
78 1 0 48 4
78 1 0 49 4
78 1 0 50 4
78 1 0 51 4
78 1 0 52 4
78 1 0 53 4
78 1 0 54 4
78 1 0 55 4
78 1 0 56 4
78 1 0 57 4
78 1 0 58 4
78 1 0 59 4
78 1 0 60 4
78 1 0 61 4
78 1 0 62 4
78 1 0 63 4
78 1 0 64 4
78 1 0 65 4
78 1 0 66 4
78 1 0 67 4
78 1 0 68 4
78 1 0 69 4
78 1 0 70 4
78 1 0 71 4
78 1 0 72 4
78 1 0 73 4
78 1 0 74 4
78 1 0 75 4
78 1 0 76 4
78 1 0 77 4
78 1 0 78 152
78 2 0 27 4
78 2 0 28 20
78 2 0 29 28
78 2 0 30 50
78 2 0 31 52
78 2 0 32 80
78 2 0 33 76
78 2 0 34 110
78 2 0 35 100
78 2 0 36 140
78 2 0 37 124
78 2 0 38 170
78 2 0 39 150
78 2 0 40 480
78 2 0 41 452
78 2 0 42 510
78 2 0 43 476
78 2 0 44 540
78 2 0 45 500
78 2 0 46 570
78 2 0 47 524
78 2 0 48 600
78 2 0 49 548
78 2 0 50 630
78 2 0 51 572
78 2 0 52 660
78 2 0 53 596
78 2 0 54 690
78 2 0 55 620
78 2 0 56 720
78 2 0 57 644
78 2 0 58 750
78 2 0 59 668
78 2 0 60 780
78 2 0 61 692
78 2 0 62 810
78 2 0 63 716
78 2 0 64 840
78 2 0 65 740
78 2 0 66 870
78 2 0 67 764
78 2 0 68 900
78 2 0 69 788
78 2 0 70 930
78 2 0 71 812
78 2 0 72 960
78 2 0 73 836
78 2 0 74 990
78 2 0 75 864
78 2 0 76 1024
78 2 0 77 1046
78 2 0 78 6004
78 3 0 21 20
78 3 0 22 100
78 3 0 23 244
78 3 0 24 452
78 3 0 25 724
78 3 0 26 1060
78 3 0 27 1656
78 3 0 28 2892
78 3 0 29 4036
78 3 0 30 6052
78 3 0 31 7520
78 3 0 32 10388
78 3 0 33 12172
78 3 0 34 15904
78 3 0 35 17992
78 3 0 36 22600
78 3 0 37 24980
78 3 0 38 30480
78 3 0 39 33436
78 3 0 40 45610
78 3 0 41 45696
78 3 0 42 49652
78 3 0 43 49104
78 3 0 44 53224
78 3 0 45 52160
78 3 0 46 56456
78 3 0 47 54864
78 3 0 48 59348
78 3 0 49 57216
78 3 0 50 61900
78 3 0 51 59216
78 3 0 52 64112
78 3 0 53 60864
78 3 0 54 65984
78 3 0 55 62160
78 3 0 56 67516
78 3 0 57 63104
78 3 0 58 68708
78 3 0 59 63696
78 3 0 60 69560
78 3 0 61 63936
78 3 0 62 70072
78 3 0 63 63824
78 3 0 64 70244
78 3 0 65 63360
78 3 0 66 70076
78 3 0 67 62544
78 3 0 68 69568
78 3 0 69 61376
78 3 0 70 68720
78 3 0 71 59856
78 3 0 72 67528
78 3 0 73 58256
78 3 0 74 66296
78 3 0 75 57168
78 3 0 76 66180
78 3 0 77 67050
78 3 0 78 163100
78 4 0 17 24
78 4 0 18 316
78 4 0 19 1144
78 4 0 20 3252
78 4 0 21 6948
78 4 0 22 16550
78 4 0 23 31680
78 4 0 24 60714
78 4 0 25 98996
78 4 0 26 161562
78 4 0 27 240290
78 4 0 28 361786
78 4 0 29 481820
78 4 0 30 655436
78 4 0 31 810310
78 4 0 32 1033938
78 4 0 33 1218360
78 4 0 34 1486788
78 4 0 35 1695134
78 4 0 36 2003234
78 4 0 37 2230180
78 4 0 38 2574872
78 4 0 39 2836699
78 4 0 40 3298057
78 4 0 41 3388580
78 4 0 42 3605360
78 4 0 43 3658602
78 4 0 44 3864290
78 4 0 45 3886200
78 4 0 46 4081184
78 4 0 47 4071482
78 4 0 48 4256298
78 4 0 49 4214812
78 4 0 50 4389740
78 4 0 51 4316430
78 4 0 52 4481906
78 4 0 53 4376412
78 4 0 54 4533052
78 4 0 55 4395154
78 4 0 56 4543254
78 4 0 57 4372896
78 4 0 58 4512940
78 4 0 59 4309682
78 4 0 60 4442366
78 4 0 61 4205940
78 4 0 62 4331576
78 4 0 63 4061910
78 4 0 64 4181030
78 4 0 65 3877604
78 4 0 66 3990984
78 4 0 67 3653482
78 4 0 68 3761332
78 4 0 69 3389532
78 4 0 70 3492532
78 4 0 71 3086218
78 4 0 72 3184362
78 4 0 73 2759948
78 4 0 74 2856366
78 4 0 75 2440622
78 4 0 76 2574004
78 4 0 77 2447438
78 4 0 78 3409852
78 4 1 40 12
78 4 1 41 28
78 4 1 42 44
78 4 1 43 60
78 4 1 44 76
78 4 1 45 92
78 4 1 46 108
78 4 1 47 124
78 4 1 48 140
78 4 1 49 156
78 4 1 50 172
78 4 1 51 188
78 4 1 52 204
78 4 1 53 220
78 4 1 54 236
78 4 1 55 252
78 4 1 56 268
78 4 1 57 284
78 4 1 58 300
78 4 1 59 316
78 4 1 60 332
78 4 1 61 348
78 4 1 62 364
78 4 1 63 380
78 4 1 64 396
78 4 1 65 412
78 4 1 66 428
78 4 1 67 444
78 4 1 68 460
78 4 1 69 476
78 4 1 70 492
78 4 1 71 508
78 4 1 72 524
78 4 1 73 540
78 4 1 74 556
78 4 1 75 572
78 4 1 76 592
78 4 1 77 608
78 5 0 14 4
78 5 0 15 328
78 5 0 16 3028
78 5 0 17 13840
78 5 0 18 50908
78 5 0 19 154932
78 5 0 20 407884
78 5 0 21 917308
78 5 0 22 1877632
78 5 0 23 3405740
78 5 0 24 5816508
78 5 0 25 9145028
78 5 0 26 13906328
78 5 0 27 20011948
78 5 0 28 28042132
78 5 0 29 37025524
78 5 0 30 48121428
78 5 0 31 59626780
78 5 0 32 73293588
78 5 0 33 86630108
78 5 0 34 102111416
78 5 0 35 116424696
78 5 0 36 132807900
78 5 0 37 147103264
78 5 0 38 163423360
78 5 0 39 177110118
78 5 0 40 192336668
78 5 0 41 199537366
78 5 0 42 208853612
78 5 0 43 213968138
78 5 0 44 221837464
78 5 0 45 225068198
78 5 0 46 231521808
78 5 0 47 232893114
78 5 0 48 237976880
78 5 0 49 237527190
78 5 0 50 241283584
78 5 0 51 239067722
78 5 0 52 241553132
78 5 0 53 237621494
78 5 0 54 238908952
78 5 0 55 233327530
78 5 0 56 233482888
78 5 0 57 226336062
78 5 0 58 225441256
78 5 0 59 216804426
78 5 0 60 214960680
78 5 0 61 204926622
78 5 0 62 202223680
78 5 0 63 190906038
78 5 0 64 187452164
78 5 0 65 174950354
78 5 0 66 170875764
78 5 0 67 157308878
78 5 0 68 152722288
78 5 0 69 138227610
78 5 0 70 133271132
78 5 0 71 117995606
78 5 0 72 112814996
78 5 0 73 97367706
78 5 0 74 92166820
78 5 0 75 77328522
78 5 0 76 73151432
78 5 0 77 63019614
78 5 0 78 58288024
78 5 1 27 24
78 5 1 28 232
78 5 1 29 688
78 5 1 30 1444
78 5 1 31 2428
78 5 1 32 3736
78 5 1 33 5248
78 5 1 34 7108
78 5 1 35 9148
78 5 1 36 11560
78 5 1 37 14128
78 5 1 38 17092
78 5 1 39 20186
78 5 1 40 22636
78 5 1 41 24548
78 5 1 42 26552
78 5 1 43 28288
78 5 1 44 30140
78 5 1 45 31700
78 5 1 46 33400
78 5 1 47 34784
78 5 1 48 36332
78 5 1 49 37540
78 5 1 50 38936
78 5 1 51 39968
78 5 1 52 41212
78 5 1 53 42068
78 5 1 54 43160
78 5 1 55 43840
78 5 1 56 44780
78 5 1 57 45284
78 5 1 58 46072
78 5 1 59 46400
78 5 1 60 47036
78 5 1 61 47188
78 5 1 62 47672
78 5 1 63 47648
78 5 1 64 47980
78 5 1 65 47780
78 5 1 66 47960
78 5 1 67 47584
78 5 1 68 47612
78 5 1 69 47060
78 5 1 70 46936
78 5 1 71 46208
78 5 1 72 45932
78 5 1 73 45028
78 5 1 74 44884
78 5 1 75 43966
78 5 1 76 44988
78 5 1 77 45288
78 6 0 12 2
78 6 0 13 476
78 6 0 14 9502
78 6 0 15 70672
78 6 0 16 405464
78 6 0 17 1647984
78 6 0 18 5486812
78 6 0 19 14673586
78 6 0 20 34713636
78 6 0 21 72308880
78 6 0 22 138868196
78 6 0 23 242847350
78 6 0 24 399204410
78 6 0 25 612435496
78 6 0 26 899420624
78 6 0 27 1256456280
78 6 0 28 1694905974
78 6 0 29 2191446878
78 6 0 30 2764177658
78 6 0 31 3372965210
78 6 0 32 4042362428
78 6 0 33 4718147282
78 6 0 34 5434946188
78 6 0 35 6124960088
78 6 0 36 6834352266
78 6 0 37 7482487796
78 6 0 38 8129900872
78 6 0 39 8688740416
78 6 0 40 9201305716
78 6 0 41 9541206706
78 6 0 42 9880822822
78 6 0 43 10117198868
78 6 0 44 10365207838
78 6 0 45 10504433706
78 6 0 46 10664012936
78 6 0 47 10709599948
78 6 0 48 10784964874
78 6 0 49 10741375562
78 6 0 50 10737348720
78 6 0 51 10610067520
78 6 0 52 10532318716
78 6 0 53 10327355694
78 6 0 54 10182493606
78 6 0 55 9906695928
78 6 0 56 9701675350
78 6 0 57 9362838730
78 6 0 58 9105356890
78 6 0 59 8711523804
78 6 0 60 8410155846
78 6 0 61 7970100430
78 6 0 62 7633483196
78 6 0 63 7156875992
78 6 0 64 6794297442
78 6 0 65 6290731418
78 6 0 66 5912308624
78 6 0 67 5392014454
78 6 0 68 5007532322
78 6 0 69 4481584442
78 6 0 70 4101864994
78 6 0 71 3581755370
78 6 0 72 3218794126
78 6 0 73 2723965344
78 6 0 74 2388728868
78 6 0 75 1937969640
78 6 0 76 1647310864
78 6 0 77 1262067294
78 6 0 78 845948390
78 6 1 21 260
78 6 1 22 2480
78 6 1 23 9556
78 6 1 24 24600
78 6 1 25 50752
78 6 1 26 91120
78 6 1 27 148272
78 6 1 28 224124
78 6 1 29 322720
78 6 1 30 443372
78 6 1 31 587284
78 6 1 32 752596
78 6 1 33 941324
78 6 1 34 1150912
78 6 1 35 1384000
78 6 1 36 1637372
78 6 1 37 1914428
78 6 1 38 2212164
78 6 1 39 2537932
78 6 1 40 2788954
78 6 1 41 3003568
78 6 1 42 3202420
78 6 1 43 3390496
78 6 1 44 3562152
78 6 1 45 3723236
78 6 1 46 3867760
78 6 1 47 4001780
78 6 1 48 4119000
78 6 1 49 4226012
78 6 1 50 4315880
78 6 1 51 4395672
78 6 1 52 4458284
78 6 1 53 4510784
78 6 1 54 4545936
78 6 1 55 4571232
78 6 1 56 4578876
78 6 1 57 4576724
78 6 1 58 4556988
78 6 1 59 4527316
78 6 1 60 4479964
78 6 1 61 4422892
78 6 1 62 4347876
78 6 1 63 4263128
78 6 1 64 4160608
78 6 1 65 4048112
78 6 1 66 3917820
78 6 1 67 3777728
78 6 1 68 3619616
78 6 1 69 3451620
78 6 1 70 3265880
78 6 1 71 3069912
78 6 1 72 2855168
78 6 1 73 2631920
78 6 1 74 2407512
78 6 1 75 2164810
78 6 1 76 1986512
78 6 1 77 1752896
78 6 2 39 2
78 6 2 40 4
78 6 2 41 4
78 6 2 42 4
78 6 2 43 4
78 6 2 44 4
78 6 2 45 4
78 6 2 46 4
78 6 2 47 4
78 6 2 48 4
78 6 2 49 4
78 6 2 50 4
78 6 2 51 4
78 6 2 52 4
78 6 2 53 4
78 6 2 54 4
78 6 2 55 4
78 6 2 56 4
78 6 2 57 4
78 6 2 58 4
78 6 2 59 4
78 6 2 60 4
78 6 2 61 4
78 6 2 62 4
78 6 2 63 4
78 6 2 64 4
78 6 2 65 4
78 6 2 66 4
78 6 2 67 4
78 6 2 68 4
78 6 2 69 4
78 6 2 70 4
78 6 2 71 4
78 6 2 72 4
78 6 2 73 4
78 6 2 74 4
78 6 2 75 4
78 6 2 76 154
78 6 2 77 300
