orchestrate maxn=35 fold=true cores=80 unit_mult=8 merge_mult=1 ram=1073741824 counter=u128 kernel=kink run_dir=runs/ns_a35/dalby rev=b8f13d41
event=kink_round H=17 col=0 round=seed frontier_in=1 map_wall_s=0.004 map_cpu_s=0.001 merge_wall_s=0.000 merge_cpu_s=0.000 map_units=1 merge_ranges=0 map_eff_cores=0.27 merge_eff_cores=0.00
event=kink_round H=12 col=0 round=seed frontier_in=1 map_wall_s=0.004 map_cpu_s=0.001 merge_wall_s=0.000 merge_cpu_s=0.000 map_units=1 merge_ranges=0 map_eff_cores=0.26 merge_eff_cores=0.00
event=kink_round H=16 col=0 round=seed frontier_in=1 map_wall_s=0.004 map_cpu_s=0.001 merge_wall_s=0.000 merge_cpu_s=0.000 map_units=1 merge_ranges=0 map_eff_cores=0.26 merge_eff_cores=0.00
event=kink_round H=7 col=0 round=seed frontier_in=1 map_wall_s=0.003 map_cpu_s=0.000 merge_wall_s=0.000 merge_cpu_s=0.000 map_units=1 merge_ranges=0 map_eff_cores=0.00 merge_eff_cores=0.00
event=kink_round H=19 col=0 round=seed frontier_in=1 map_wall_s=0.004 map_cpu_s=0.001 merge_wall_s=0.000 merge_cpu_s=0.000 map_units=1 merge_ranges=0 map_eff_cores=0.24 merge_eff_cores=0.00
event=kink_round H=9 col=0 round=seed frontier_in=1 map_wall_s=0.004 map_cpu_s=0.001 merge_wall_s=0.000 merge_cpu_s=0.000 map_units=1 merge_ranges=0 map_eff_cores=0.28 merge_eff_cores=0.00
event=kink_round H=18 col=0 round=seed frontier_in=1 map_wall_s=0.004 map_cpu_s=0.001 merge_wall_s=0.000 merge_cpu_s=0.000 map_units=1 merge_ranges=0 map_eff_cores=0.24 merge_eff_cores=0.00
event=kink_round H=13 col=0 round=seed frontier_in=1 map_wall_s=0.004 map_cpu_s=0.001 merge_wall_s=0.000 merge_cpu_s=0.000 map_units=1 merge_ranges=0 map_eff_cores=0.24 merge_eff_cores=0.00
event=kink_round H=8 col=0 round=seed frontier_in=1 map_wall_s=0.003 map_cpu_s=0.001 merge_wall_s=0.000 merge_cpu_s=0.000 map_units=1 merge_ranges=0 map_eff_cores=0.30 merge_eff_cores=0.00
event=kink_round H=11 col=0 round=seed frontier_in=1 map_wall_s=0.003 map_cpu_s=0.000 merge_wall_s=0.000 merge_cpu_s=0.000 map_units=1 merge_ranges=0 map_eff_cores=0.00 merge_eff_cores=0.00
event=kink_round H=15 col=0 round=seed frontier_in=1 map_wall_s=0.005 map_cpu_s=0.000 merge_wall_s=0.000 merge_cpu_s=0.000 map_units=1 merge_ranges=0 map_eff_cores=0.00 merge_eff_cores=0.00
event=kink_round H=6 col=0 round=seed frontier_in=1 map_wall_s=0.003 map_cpu_s=0.000 merge_wall_s=0.000 merge_cpu_s=0.000 map_units=1 merge_ranges=0 map_eff_cores=0.00 merge_eff_cores=0.00
event=kink_round H=4 col=0 round=seed frontier_in=1 map_wall_s=0.003 map_cpu_s=0.000 merge_wall_s=0.000 merge_cpu_s=0.000 map_units=1 merge_ranges=0 map_eff_cores=0.00 merge_eff_cores=0.00
event=kink_round H=14 col=0 round=seed frontier_in=1 map_wall_s=0.004 map_cpu_s=0.001 merge_wall_s=0.000 merge_cpu_s=0.000 map_units=1 merge_ranges=0 map_eff_cores=0.25 merge_eff_cores=0.00
event=kink_round H=10 col=0 round=seed frontier_in=1 map_wall_s=0.005 map_cpu_s=0.000 merge_wall_s=0.000 merge_cpu_s=0.000 map_units=1 merge_ranges=0 map_eff_cores=0.00 merge_eff_cores=0.00
event=kink_round H=5 col=0 round=seed frontier_in=1 map_wall_s=0.002 map_cpu_s=0.000 merge_wall_s=0.000 merge_cpu_s=0.000 map_units=1 merge_ranges=0 map_eff_cores=0.00 merge_eff_cores=0.00
event=kink_round H=3 col=0 round=seed frontier_in=1 map_wall_s=0.002 map_cpu_s=0.000 merge_wall_s=0.000 merge_cpu_s=0.000 map_units=1 merge_ranges=0 map_eff_cores=0.00 merge_eff_cores=0.00
event=kink_round H=17 col=0 round=stage0 frontier_in=1 map_wall_s=0.002 map_cpu_s=0.001 merge_wall_s=0.003 merge_cpu_s=0.000 map_units=1 merge_ranges=1 map_eff_cores=0.41 merge_eff_cores=0.00
event=kink_round H=16 col=0 round=stage0 frontier_in=1 map_wall_s=0.002 map_cpu_s=0.000 merge_wall_s=0.003 merge_cpu_s=0.001 map_units=1 merge_ranges=1 map_eff_cores=0.00 merge_eff_cores=0.34
event=kink_round H=18 col=0 round=stage0 frontier_in=1 map_wall_s=0.002 map_cpu_s=0.000 merge_wall_s=0.003 merge_cpu_s=0.000 map_units=1 merge_ranges=1 map_eff_cores=0.00 merge_eff_cores=0.00
event=kink_round H=12 col=0 round=stage0 frontier_in=1 map_wall_s=0.002 map_cpu_s=0.000 merge_wall_s=0.003 merge_cpu_s=0.001 map_units=1 merge_ranges=1 map_eff_cores=0.00 merge_eff_cores=0.32
event=kink_round H=14 col=0 round=stage0 frontier_in=1 map_wall_s=0.003 map_cpu_s=0.001 merge_wall_s=0.003 merge_cpu_s=0.000 map_units=1 merge_ranges=1 map_eff_cores=0.39 merge_eff_cores=0.00
event=kink_round H=7 col=0 round=stage0 frontier_in=1 map_wall_s=0.003 map_cpu_s=0.001 merge_wall_s=0.003 merge_cpu_s=0.001 map_units=1 merge_ranges=1 map_eff_cores=0.32 merge_eff_cores=0.36
event=kink_round H=13 col=0 round=stage0 frontier_in=1 map_wall_s=0.003 map_cpu_s=0.001 merge_wall_s=0.003 merge_cpu_s=0.001 map_units=1 merge_ranges=1 map_eff_cores=0.33 merge_eff_cores=0.37
event=kink_round H=8 col=0 round=stage0 frontier_in=1 map_wall_s=0.002 map_cpu_s=0.001 merge_wall_s=0.003 merge_cpu_s=0.000 map_units=1 merge_ranges=1 map_eff_cores=0.41 merge_eff_cores=0.00
event=kink_round H=3 col=0 round=stage0 frontier_in=1 map_wall_s=0.002 map_cpu_s=0.000 merge_wall_s=0.002 merge_cpu_s=0.000 map_units=1 merge_ranges=1 map_eff_cores=0.00 merge_eff_cores=0.00
event=kink_round H=19 col=0 round=stage0 frontier_in=1 map_wall_s=0.003 map_cpu_s=0.001 merge_wall_s=0.003 merge_cpu_s=0.001 map_units=1 merge_ranges=1 map_eff_cores=0.34 merge_eff_cores=0.29
event=kink_round H=11 col=0 round=stage0 frontier_in=1 map_wall_s=0.003 map_cpu_s=0.001 merge_wall_s=0.003 merge_cpu_s=0.000 map_units=1 merge_ranges=1 map_eff_cores=0.30 merge_eff_cores=0.00
event=kink_round H=15 col=0 round=stage0 frontier_in=1 map_wall_s=0.003 map_cpu_s=0.001 merge_wall_s=0.003 merge_cpu_s=0.000 map_units=1 merge_ranges=1 map_eff_cores=0.29 merge_eff_cores=0.00
event=kink_round H=4 col=0 round=stage0 frontier_in=1 map_wall_s=0.003 map_cpu_s=0.001 merge_wall_s=0.003 merge_cpu_s=0.000 map_units=1 merge_ranges=1 map_eff_cores=0.31 merge_eff_cores=0.00
event=kink_round H=6 col=0 round=stage0 frontier_in=1 map_wall_s=0.003 map_cpu_s=0.001 merge_wall_s=0.003 merge_cpu_s=0.001 map_units=1 merge_ranges=1 map_eff_cores=0.31 merge_eff_cores=0.32
event=kink_round H=10 col=0 round=stage0 frontier_in=1 map_wall_s=0.003 map_cpu_s=0.000 merge_wall_s=0.004 merge_cpu_s=0.000 map_units=1 merge_ranges=1 map_eff_cores=0.00 merge_eff_cores=0.00
event=kink_round H=9 col=0 round=stage0 frontier_in=1 map_wall_s=0.003 map_cpu_s=0.001 merge_wall_s=0.004 merge_cpu_s=0.001 map_units=1 merge_ranges=1 map_eff_cores=0.34 merge_eff_cores=0.22
event=kink_round H=5 col=0 round=stage0 frontier_in=1 map_wall_s=0.003 map_cpu_s=0.000 merge_wall_s=0.004 merge_cpu_s=0.000 map_units=1 merge_ranges=1 map_eff_cores=0.00 merge_eff_cores=0.00
event=kink_round H=16 col=0 round=stage1 frontier_in=2 map_wall_s=0.004 map_cpu_s=0.000 merge_wall_s=0.033 merge_cpu_s=0.000 map_units=1 merge_ranges=1 map_eff_cores=0.00 merge_eff_cores=0.00
event=kink_round H=13 col=0 round=stage1 frontier_in=2 map_wall_s=0.002 map_cpu_s=0.000 merge_wall_s=0.034 merge_cpu_s=0.000 map_units=1 merge_ranges=1 map_eff_cores=0.00 merge_eff_cores=0.00
event=kink_round H=12 col=0 round=stage1 frontier_in=2 map_wall_s=0.003 map_cpu_s=0.000 merge_wall_s=0.035 merge_cpu_s=0.000 map_units=1 merge_ranges=1 map_eff_cores=0.00 merge_eff_cores=0.00
event=kink_round H=4 col=0 round=stage1 frontier_in=2 map_wall_s=0.003 map_cpu_s=0.000 merge_wall_s=0.003 merge_cpu_s=0.001 map_units=1 merge_ranges=1 map_eff_cores=0.00 merge_eff_cores=0.37
event=kink_round H=7 col=0 round=stage1 frontier_in=2 map_wall_s=0.035 map_cpu_s=0.001 merge_wall_s=0.004 merge_cpu_s=0.000 map_units=1 merge_ranges=1 map_eff_cores=0.03 merge_eff_cores=0.00
event=kink_round H=18 col=0 round=stage1 frontier_in=2 map_wall_s=0.002 map_cpu_s=0.000 merge_wall_s=0.037 merge_cpu_s=0.001 map_units=1 merge_ranges=1 map_eff_cores=0.00 merge_eff_cores=0.03
event=kink_round H=17 col=0 round=stage1 frontier_in=2 map_wall_s=0.003 map_cpu_s=0.000 merge_wall_s=0.037 merge_cpu_s=0.001 map_units=1 merge_ranges=1 map_eff_cores=0.00 merge_eff_cores=0.03
event=kink_round H=19 col=0 round=stage1 frontier_in=2 map_wall_s=0.035 map_cpu_s=0.000 merge_wall_s=0.003 merge_cpu_s=0.000 map_units=1 merge_ranges=1 map_eff_cores=0.00 merge_eff_cores=0.00
event=kink_round H=8 col=0 round=stage1 frontier_in=2 map_wall_s=0.003 map_cpu_s=0.000 merge_wall_s=0.003 merge_cpu_s=0.001 map_units=1 merge_ranges=1 map_eff_cores=0.00 merge_eff_cores=0.30
event=kink_round H=5 col=0 round=stage1 frontier_in=2 map_wall_s=0.003 map_cpu_s=0.000 merge_wall_s=0.003 merge_cpu_s=0.001 map_units=1 merge_ranges=1 map_eff_cores=0.00 merge_eff_cores=0.31
event=kink_round H=3 col=0 round=stage1 frontier_in=2 map_wall_s=0.037 map_cpu_s=0.000 merge_wall_s=0.003 merge_cpu_s=0.001 map_units=1 merge_ranges=1 map_eff_cores=0.00 merge_eff_cores=0.32
event=kink_round H=9 col=0 round=stage1 frontier_in=2 map_wall_s=0.005 map_cpu_s=0.001 merge_wall_s=0.003 merge_cpu_s=0.000 map_units=1 merge_ranges=1 map_eff_cores=0.22 merge_eff_cores=0.00
event=kink_round H=12 col=0 round=stage2 frontier_in=4 map_wall_s=0.001 map_cpu_s=0.001 merge_wall_s=0.003 merge_cpu_s=0.000 map_units=1 merge_ranges=1 map_eff_cores=0.78 merge_eff_cores=0.00
event=kink_round H=10 col=0 round=stage1 frontier_in=2 map_wall_s=0.006 map_cpu_s=0.001 merge_wall_s=0.003 merge_cpu_s=0.000 map_units=1 merge_ranges=1 map_eff_cores=0.17 merge_eff_cores=0.00
event=kink_round H=13 col=0 round=stage2 frontier_in=4 map_wall_s=0.003 map_cpu_s=0.000 merge_wall_s=0.003 merge_cpu_s=0.000 map_units=1 merge_ranges=1 map_eff_cores=0.00 merge_eff_cores=0.00
event=kink_round H=16 col=0 round=stage2 frontier_in=4 map_wall_s=0.003 map_cpu_s=0.001 merge_wall_s=0.003 merge_cpu_s=0.000 map_units=1 merge_ranges=1 map_eff_cores=0.39 merge_eff_cores=0.00
event=kink_round H=6 col=0 round=stage1 frontier_in=2 map_wall_s=0.006 map_cpu_s=0.001 merge_wall_s=0.003 merge_cpu_s=0.000 map_units=1 merge_ranges=1 map_eff_cores=0.18 merge_eff_cores=0.00
event=kink_round H=11 col=0 round=stage1 frontier_in=2 map_wall_s=0.037 map_cpu_s=0.001 merge_wall_s=0.005 merge_cpu_s=0.000 map_units=1 merge_ranges=1 map_eff_cores=0.03 merge_eff_cores=0.00
event=kink_round H=15 col=0 round=stage1 frontier_in=2 map_wall_s=0.006 map_cpu_s=0.001 merge_wall_s=0.004 merge_cpu_s=0.000 map_units=1 merge_ranges=1 map_eff_cores=0.16 merge_eff_cores=0.00
event=kink_round H=14 col=0 round=stage1 frontier_in=2 map_wall_s=0.037 map_cpu_s=0.001 merge_wall_s=0.005 merge_cpu_s=0.000 map_units=1 merge_ranges=1 map_eff_cores=0.03 merge_eff_cores=0.00
event=kink_round H=17 col=0 round=stage2 frontier_in=4 map_wall_s=0.001 map_cpu_s=0.000 merge_wall_s=0.003 merge_cpu_s=0.000 map_units=1 merge_ranges=1 map_eff_cores=0.00 merge_eff_cores=0.00
event=kink_round H=12 col=0 round=stage3 frontier_in=8 map_wall_s=0.001 map_cpu_s=0.000 merge_wall_s=0.001 merge_cpu_s=0.000 map_units=1 merge_ranges=1 map_eff_cores=0.00 merge_eff_cores=0.00
event=kink_round H=18 col=0 round=stage2 frontier_in=4 map_wall_s=0.002 map_cpu_s=0.001 merge_wall_s=0.003 merge_cpu_s=0.000 map_units=1 merge_ranges=1 map_eff_cores=0.44 merge_eff_cores=0.00
event=kink_round H=19 col=0 round=stage2 frontier_in=4 map_wall_s=0.002 map_cpu_s=0.001 merge_wall_s=0.003 merge_cpu_s=0.000 map_units=1 merge_ranges=1 map_eff_cores=0.42 merge_eff_cores=0.00
event=kink_round H=13 col=0 round=stage3 frontier_in=8 map_wall_s=0.001 map_cpu_s=0.001 merge_wall_s=0.001 merge_cpu_s=0.000 map_units=1 merge_ranges=1 map_eff_cores=0.73 merge_eff_cores=0.00
event=kink_round H=7 col=0 round=stage2 frontier_in=4 map_wall_s=0.003 map_cpu_s=0.000 merge_wall_s=0.003 merge_cpu_s=0.000 map_units=1 merge_ranges=1 map_eff_cores=0.00 merge_eff_cores=0.00
event=kink_round H=3 col=0 round=stage2 frontier_in=4 map_wall_s=0.001 map_cpu_s=0.000 merge_wall_s=0.003 merge_cpu_s=0.001 map_units=1 merge_ranges=1 map_eff_cores=0.00 merge_eff_cores=0.34
event=kink_round H=9 col=0 round=stage2 frontier_in=4 map_wall_s=0.001 map_cpu_s=0.000 merge_wall_s=0.003 merge_cpu_s=0.000 map_units=1 merge_ranges=1 map_eff_cores=0.00 merge_eff_cores=0.00
event=kink_round H=8 col=0 round=stage2 frontier_in=4 map_wall_s=0.001 map_cpu_s=0.000 merge_wall_s=0.005 merge_cpu_s=0.000 map_units=1 merge_ranges=1 map_eff_cores=0.00 merge_eff_cores=0.00
event=kink_round H=11 col=0 round=stage2 frontier_in=4 map_wall_s=0.001 map_cpu_s=0.000 merge_wall_s=0.002 merge_cpu_s=0.001 map_units=1 merge_ranges=1 map_eff_cores=0.00 merge_eff_cores=0.50
event=kink_round H=10 col=0 round=stage2 frontier_in=4 map_wall_s=0.001 map_cpu_s=0.000 merge_wall_s=0.003 merge_cpu_s=0.000 map_units=1 merge_ranges=1 map_eff_cores=0.00 merge_eff_cores=0.00
event=kink_round H=16 col=0 round=stage3 frontier_in=8 map_wall_s=0.001 map_cpu_s=0.000 merge_wall_s=0.003 merge_cpu_s=0.000 map_units=1 merge_ranges=1 map_eff_cores=0.00 merge_eff_cores=0.00
event=kink_round H=5 col=0 round=stage2 frontier_in=4 map_wall_s=0.002 map_cpu_s=0.001 merge_wall_s=0.005 merge_cpu_s=0.000 map_units=1 merge_ranges=1 map_eff_cores=0.55 merge_eff_cores=0.00
event=kink_round H=4 col=0 round=stage2 frontier_in=4 map_wall_s=0.002 map_cpu_s=0.001 merge_wall_s=0.005 merge_cpu_s=0.000 map_units=1 merge_ranges=1 map_eff_cores=0.55 merge_eff_cores=0.00
event=kink_round H=16 col=0 round=stage4 frontier_in=16 map_wall_s=0.001 map_cpu_s=0.000 merge_wall_s=0.001 merge_cpu_s=0.000 map_units=1 merge_ranges=1 map_eff_cores=0.00 merge_eff_cores=0.00
event=kink_round H=11 col=0 round=stage3 frontier_in=8 map_wall_s=0.001 map_cpu_s=0.001 merge_wall_s=0.001 merge_cpu_s=0.001 map_units=1 merge_ranges=1 map_eff_cores=1.07 merge_eff_cores=0.92
event=kink_round H=3 col=0 round=finalize frontier_in=8 map_wall_s=0.002 map_cpu_s=0.000 merge_wall_s=0.001 merge_cpu_s=0.000 map_units=1 merge_ranges=1 map_eff_cores=0.00 merge_eff_cores=0.00
event=kink_round H=19 col=0 round=stage3 frontier_in=8 map_wall_s=0.003 map_cpu_s=0.001 merge_wall_s=0.001 merge_cpu_s=0.000 map_units=1 merge_ranges=1 map_eff_cores=0.34 merge_eff_cores=0.00
event=kink_round H=6 col=0 round=stage2 frontier_in=4 map_wall_s=0.003 map_cpu_s=0.001 merge_wall_s=0.003 merge_cpu_s=0.000 map_units=1 merge_ranges=1 map_eff_cores=0.33 merge_eff_cores=0.00
event=kink_round H=14 col=0 round=stage2 frontier_in=4 map_wall_s=0.003 map_cpu_s=0.000 merge_wall_s=0.003 merge_cpu_s=0.000 map_units=1 merge_ranges=1 map_eff_cores=0.00 merge_eff_cores=0.00
event=kink_round H=12 col=0 round=stage4 frontier_in=16 map_wall_s=0.002 map_cpu_s=0.000 merge_wall_s=0.002 merge_cpu_s=0.000 map_units=1 merge_ranges=1 map_eff_cores=0.00 merge_eff_cores=0.00
event=kink_round H=5 col=0 round=stage3 frontier_in=8 map_wall_s=0.001 map_cpu_s=0.000 merge_wall_s=0.002 merge_cpu_s=0.000 map_units=1 merge_ranges=1 map_eff_cores=0.00 merge_eff_cores=0.00
event=kink_round H=15 col=0 round=stage2 frontier_in=4 map_wall_s=0.003 map_cpu_s=0.000 merge_wall_s=0.003 merge_cpu_s=0.000 map_units=1 merge_ranges=1 map_eff_cores=0.00 merge_eff_cores=0.00
event=kink_round H=8 col=0 round=stage3 frontier_in=8 map_wall_s=0.002 map_cpu_s=0.001 merge_wall_s=0.001 merge_cpu_s=0.000 map_units=1 merge_ranges=1 map_eff_cores=0.43 merge_eff_cores=0.00
event=column H=3 col=0 frontier_in=1 frontier_out=5 wall_s=0.06 cum_wall_s=0.1 cpu_s=0.0 rss_max_mb=48.5 map_wall_s=0.04 map_cpu_s=0.0 merge_wall_s=0.01 merge_cpu_s=0.0 map_units=5 merge_ranges=4 eff_cores=0.04
event=kink_round H=17 col=0 round=stage3 frontier_in=8 map_wall_s=0.002 map_cpu_s=0.000 merge_wall_s=0.003 merge_cpu_s=0.000 map_units=1 merge_ranges=1 map_eff_cores=0.00 merge_eff_cores=0.00
event=kink_round H=18 col=0 round=stage3 frontier_in=8 map_wall_s=0.002 map_cpu_s=0.000 merge_wall_s=0.002 merge_cpu_s=0.000 map_units=1 merge_ranges=1 map_eff_cores=0.00 merge_eff_cores=0.00
event=kink_round H=7 col=0 round=stage3 frontier_in=8 map_wall_s=0.003 map_cpu_s=0.001 merge_wall_s=0.002 merge_cpu_s=0.000 map_units=1 merge_ranges=1 map_eff_cores=0.35 merge_eff_cores=0.00
event=kink_round H=13 col=0 round=stage4 frontier_in=16 map_wall_s=0.002 map_cpu_s=0.000 merge_wall_s=0.003 merge_cpu_s=0.000 map_units=1 merge_ranges=1 map_eff_cores=0.00 merge_eff_cores=0.00
event=kink_round H=9 col=0 round=stage3 frontier_in=8 map_wall_s=0.003 map_cpu_s=0.001 merge_wall_s=0.002 merge_cpu_s=0.000 map_units=1 merge_ranges=1 map_eff_cores=0.39 merge_eff_cores=0.00
event=kink_round H=10 col=0 round=stage3 frontier_in=8 map_wall_s=0.002 map_cpu_s=0.001 merge_wall_s=0.003 merge_cpu_s=0.000 map_units=1 merge_ranges=1 map_eff_cores=0.60 merge_eff_cores=0.00
event=kink_round H=17 col=0 round=stage4 frontier_in=16 map_wall_s=0.001 map_cpu_s=0.000 merge_wall_s=0.001 merge_cpu_s=0.000 map_units=1 merge_ranges=1 map_eff_cores=0.00 merge_eff_cores=0.00
event=kink_round H=10 col=0 round=stage4 frontier_in=16 map_wall_s=0.001 map_cpu_s=0.000 merge_wall_s=0.031 merge_cpu_s=0.001 map_units=1 merge_ranges=1 map_eff_cores=0.00 merge_eff_cores=0.03
event=kink_round H=3 col=1 round=seed frontier_in=5 map_wall_s=0.002 map_cpu_s=0.000 merge_wall_s=0.000 merge_cpu_s=0.000 map_units=1 merge_ranges=0 map_eff_cores=0.00 merge_eff_cores=0.00
event=kink_round H=9 col=0 round=stage4 frontier_in=16 map_wall_s=0.000 map_cpu_s=0.000 merge_wall_s=0.032 merge_cpu_s=0.001 map_units=1 merge_ranges=1 map_eff_cores=0.00 merge_eff_cores=0.03
event=kink_round H=16 col=0 round=stage5 frontier_in=32 map_wall_s=0.002 map_cpu_s=0.000 merge_wall_s=0.033 merge_cpu_s=0.001 map_units=1 merge_ranges=1 map_eff_cores=0.00 merge_eff_cores=0.03
event=kink_round H=18 col=0 round=stage4 frontier_in=16 map_wall_s=0.001 map_cpu_s=0.000 merge_wall_s=0.033 merge_cpu_s=0.000 map_units=1 merge_ranges=1 map_eff_cores=0.00 merge_eff_cores=0.00
event=kink_round H=4 col=0 round=stage3 frontier_in=8 map_wall_s=0.002 map_cpu_s=0.001 merge_wall_s=0.036 merge_cpu_s=0.001 map_units=1 merge_ranges=1 map_eff_cores=0.55 merge_eff_cores=0.03
event=kink_round H=14 col=0 round=stage3 frontier_in=8 map_wall_s=0.002 map_cpu_s=0.000 merge_wall_s=0.033 merge_cpu_s=0.001 map_units=1 merge_ranges=1 map_eff_cores=0.00 merge_eff_cores=0.03
event=kink_round H=6 col=0 round=stage3 frontier_in=8 map_wall_s=0.001 map_cpu_s=0.000 merge_wall_s=0.035 merge_cpu_s=0.000 map_units=1 merge_ranges=1 map_eff_cores=0.00 merge_eff_cores=0.00
event=kink_round H=5 col=0 round=stage4 frontier_in=16 map_wall_s=0.001 map_cpu_s=0.000 merge_wall_s=0.035 merge_cpu_s=0.001 map_units=1 merge_ranges=1 map_eff_cores=0.00 merge_eff_cores=0.03
event=kink_round H=13 col=0 round=stage5 frontier_in=32 map_wall_s=0.001 map_cpu_s=0.000 merge_wall_s=0.034 merge_cpu_s=0.001 map_units=1 merge_ranges=1 map_eff_cores=0.00 merge_eff_cores=0.03
event=kink_round H=19 col=0 round=stage4 frontier_in=16 map_wall_s=0.035 map_cpu_s=0.001 merge_wall_s=0.001 merge_cpu_s=0.000 map_units=1 merge_ranges=1 map_eff_cores=0.03 merge_eff_cores=0.00
event=kink_round H=3 col=1 round=stage0 frontier_in=5 map_wall_s=0.001 map_cpu_s=0.001 merge_wall_s=0.002 merge_cpu_s=0.001 map_units=1 merge_ranges=1 map_eff_cores=1.20 merge_eff_cores=0.43
event=kink_round H=8 col=0 round=stage4 frontier_in=16 map_wall_s=0.002 map_cpu_s=0.000 merge_wall_s=0.004 merge_cpu_s=0.001 map_units=1 merge_ranges=1 map_eff_cores=0.00 merge_eff_cores=0.28
event=kink_round H=10 col=0 round=stage5 frontier_in=32 map_wall_s=0.001 map_cpu_s=0.001 merge_wall_s=0.004 merge_cpu_s=0.000 map_units=1 merge_ranges=1 map_eff_cores=1.21 merge_eff_cores=0.00
event=kink_round H=7 col=0 round=stage4 frontier_in=16 map_wall_s=0.002 map_cpu_s=0.001 merge_wall_s=0.005 merge_cpu_s=0.000 map_units=1 merge_ranges=1 map_eff_cores=0.50 merge_eff_cores=0.00
event=kink_round H=17 col=0 round=stage5 frontier_in=32 map_wall_s=0.002 map_cpu_s=0.001 merge_wall_s=0.005 merge_cpu_s=0.000 map_units=1 merge_ranges=1 map_eff_cores=0.49 merge_eff_cores=0.00
event=kink_round H=14 col=0 round=stage4 frontier_in=16 map_wall_s=0.001 map_cpu_s=0.000 merge_wall_s=0.002 merge_cpu_s=0.000 map_units=1 merge_ranges=1 map_eff_cores=0.00 merge_eff_cores=0.00
event=kink_round H=11 col=0 round=stage4 frontier_in=16 map_wall_s=0.036 map_cpu_s=0.001 merge_wall_s=0.004 merge_cpu_s=0.001 map_units=1 merge_ranges=1 map_eff_cores=0.03 merge_eff_cores=0.22
event=kink_round H=12 col=0 round=stage5 frontier_in=32 map_wall_s=0.001 map_cpu_s=0.001 merge_wall_s=0.006 merge_cpu_s=0.000 map_units=1 merge_ranges=1 map_eff_cores=0.77 merge_eff_cores=0.00
event=kink_round H=9 col=0 round=stage5 frontier_in=32 map_wall_s=0.004 map_cpu_s=0.001 merge_wall_s=0.001 merge_cpu_s=0.000 map_units=1 merge_ranges=1 map_eff_cores=0.28 merge_eff_cores=0.00
event=kink_round H=15 col=0 round=stage3 frontier_in=8 map_wall_s=0.001 map_cpu_s=0.001 merge_wall_s=0.007 merge_cpu_s=0.000 map_units=1 merge_ranges=1 map_eff_cores=0.73 merge_eff_cores=0.00
event=kink_round H=8 col=0 round=stage5 frontier_in=32 map_wall_s=0.002 map_cpu_s=0.000 merge_wall_s=0.001 merge_cpu_s=0.001 map_units=1 merge_ranges=1 map_eff_cores=0.00 merge_eff_cores=0.84
event=kink_round H=3 col=1 round=stage1 frontier_in=10 map_wall_s=0.001 map_cpu_s=0.001 merge_wall_s=0.003 merge_cpu_s=0.000 map_units=1 merge_ranges=1 map_eff_cores=0.92 merge_eff_cores=0.00
event=kink_round H=13 col=0 round=stage6 frontier_in=64 map_wall_s=0.004 map_cpu_s=0.000 merge_wall_s=0.001 merge_cpu_s=0.000 map_units=1 merge_ranges=1 map_eff_cores=0.00 merge_eff_cores=0.00
event=kink_round H=6 col=0 round=stage4 frontier_in=16 map_wall_s=0.001 map_cpu_s=0.001 merge_wall_s=0.004 merge_cpu_s=0.000 map_units=1 merge_ranges=1 map_eff_cores=0.83 merge_eff_cores=0.00
event=kink_round H=4 col=0 round=finalize frontier_in=16 map_wall_s=0.003 map_cpu_s=0.001 merge_wall_s=0.003 merge_cpu_s=0.001 map_units=1 merge_ranges=1 map_eff_cores=0.31 merge_eff_cores=0.34
event=column H=4 col=0 frontier_in=1 frontier_out=9 wall_s=0.10 cum_wall_s=0.2 cpu_s=0.0 rss_max_mb=50.5 map_wall_s=0.02 map_cpu_s=0.0 merge_wall_s=0.05 merge_cpu_s=0.0 map_units=6 merge_ranges=5 eff_cores=0.07
event=kink_round H=19 col=0 round=stage5 frontier_in=32 map_wall_s=0.002 map_cpu_s=0.000 merge_wall_s=0.003 merge_cpu_s=0.000 map_units=1 merge_ranges=1 map_eff_cores=0.00 merge_eff_cores=0.00
event=kink_round H=9 col=0 round=stage6 frontier_in=64 map_wall_s=0.001 map_cpu_s=0.001 merge_wall_s=0.002 merge_cpu_s=0.001 map_units=1 merge_ranges=1 map_eff_cores=1.03 merge_eff_cores=0.41
event=kink_round H=16 col=0 round=stage6 frontier_in=64 map_wall_s=0.003 map_cpu_s=0.001 merge_wall_s=0.007 merge_cpu_s=0.001 map_units=1 merge_ranges=1 map_eff_cores=0.36 merge_eff_cores=0.14
event=kink_round H=11 col=0 round=stage5 frontier_in=32 map_wall_s=0.003 map_cpu_s=0.001 merge_wall_s=0.001 merge_cpu_s=0.001 map_units=1 merge_ranges=1 map_eff_cores=0.29 merge_eff_cores=0.96
event=kink_round H=8 col=0 round=stage6 frontier_in=64 map_wall_s=0.001 map_cpu_s=0.001 merge_wall_s=0.002 merge_cpu_s=0.000 map_units=1 merge_ranges=1 map_eff_cores=1.07 merge_eff_cores=0.00
event=kink_round H=4 col=1 round=seed frontier_in=9 map_wall_s=0.001 map_cpu_s=0.000 merge_wall_s=0.000 merge_cpu_s=0.000 map_units=1 merge_ranges=0 map_eff_cores=0.00 merge_eff_cores=0.00
event=kink_round H=5 col=0 round=finalize frontier_in=32 map_wall_s=0.001 map_cpu_s=0.001 merge_wall_s=0.008 merge_cpu_s=0.000 map_units=1 merge_ranges=1 map_eff_cores=0.85 merge_eff_cores=0.00
event=column H=5 col=0 frontier_in=1 frontier_out=19 wall_s=0.10 cum_wall_s=0.3 cpu_s=0.0 rss_max_mb=50.5 map_wall_s=0.01 map_cpu_s=0.0 merge_wall_s=0.06 merge_cpu_s=0.0 map_units=7 merge_ranges=6 eff_cores=0.04
event=kink_round H=10 col=0 round=stage6 frontier_in=64 map_wall_s=0.003 map_cpu_s=0.001 merge_wall_s=0.004 merge_cpu_s=0.000 map_units=1 merge_ranges=1 map_eff_cores=0.37 merge_eff_cores=0.00
event=kink_round H=18 col=0 round=stage5 frontier_in=32 map_wall_s=0.002 map_cpu_s=0.001 merge_wall_s=0.006 merge_cpu_s=0.001 map_units=1 merge_ranges=1 map_eff_cores=0.50 merge_eff_cores=0.17
event=kink_round H=15 col=0 round=stage4 frontier_in=16 map_wall_s=0.002 map_cpu_s=0.001 merge_wall_s=0.001 merge_cpu_s=0.000 map_units=1 merge_ranges=1 map_eff_cores=0.43 merge_eff_cores=0.00
event=kink_round H=9 col=0 round=stage7 frontier_in=128 map_wall_s=0.002 map_cpu_s=0.001 merge_wall_s=0.001 merge_cpu_s=0.001 map_units=1 merge_ranges=1 map_eff_cores=0.46 merge_eff_cores=0.97
event=kink_round H=17 col=0 round=stage6 frontier_in=64 map_wall_s=0.002 map_cpu_s=0.001 merge_wall_s=0.003 merge_cpu_s=0.000 map_units=1 merge_ranges=1 map_eff_cores=0.40 merge_eff_cores=0.00
event=kink_round H=12 col=0 round=stage6 frontier_in=64 map_wall_s=0.001 map_cpu_s=0.001 merge_wall_s=0.006 merge_cpu_s=0.001 map_units=1 merge_ranges=1 map_eff_cores=0.74 merge_eff_cores=0.18
event=kink_round H=6 col=0 round=stage5 frontier_in=32 map_wall_s=0.001 map_cpu_s=0.001 merge_wall_s=0.004 merge_cpu_s=0.000 map_units=1 merge_ranges=1 map_eff_cores=1.20 merge_eff_cores=0.00
event=kink_round H=4 col=1 round=stage0 frontier_in=9 map_wall_s=0.002 map_cpu_s=0.000 merge_wall_s=0.001 merge_cpu_s=0.000 map_units=1 merge_ranges=1 map_eff_cores=0.00 merge_eff_cores=0.00
event=kink_round H=5 col=1 round=seed frontier_in=19 map_wall_s=0.001 map_cpu_s=0.000 merge_wall_s=0.000 merge_cpu_s=0.000 map_units=1 merge_ranges=0 map_eff_cores=0.00 merge_eff_cores=0.00
event=kink_round H=14 col=0 round=stage5 frontier_in=32 map_wall_s=0.005 map_cpu_s=0.001 merge_wall_s=0.003 merge_cpu_s=0.000 map_units=1 merge_ranges=1 map_eff_cores=0.18 merge_eff_cores=0.00
event=kink_round H=3 col=1 round=stage2 frontier_in=15 map_wall_s=0.002 map_cpu_s=0.000 merge_wall_s=0.005 merge_cpu_s=0.001 map_units=1 merge_ranges=1 map_eff_cores=0.00 merge_eff_cores=0.19
event=kink_round H=7 col=0 round=stage5 frontier_in=32 map_wall_s=0.006 map_cpu_s=0.000 merge_wall_s=0.004 merge_cpu_s=0.001 map_units=1 merge_ranges=1 map_eff_cores=0.00 merge_eff_cores=0.23
event=kink_round H=19 col=0 round=stage6 frontier_in=64 map_wall_s=0.004 map_cpu_s=0.000 merge_wall_s=0.003 merge_cpu_s=0.000 map_units=1 merge_ranges=1 map_eff_cores=0.00 merge_eff_cores=0.00
event=kink_round H=10 col=0 round=stage7 frontier_in=128 map_wall_s=0.003 map_cpu_s=0.001 merge_wall_s=0.002 merge_cpu_s=0.001 map_units=1 merge_ranges=1 map_eff_cores=0.40 merge_eff_cores=0.44
event=kink_round H=15 col=0 round=stage5 frontier_in=32 map_wall_s=0.002 map_cpu_s=0.001 merge_wall_s=0.002 merge_cpu_s=0.000 map_units=1 merge_ranges=1 map_eff_cores=0.48 merge_eff_cores=0.00
event=kink_round H=13 col=0 round=stage7 frontier_in=128 map_wall_s=0.004 map_cpu_s=0.001 merge_wall_s=0.005 merge_cpu_s=0.001 map_units=1 merge_ranges=1 map_eff_cores=0.23 merge_eff_cores=0.22
event=kink_round H=8 col=0 round=stage7 frontier_in=128 map_wall_s=0.002 map_cpu_s=0.001 merge_wall_s=0.004 merge_cpu_s=0.000 map_units=1 merge_ranges=1 map_eff_cores=0.50 merge_eff_cores=0.00
event=kink_round H=11 col=0 round=stage6 frontier_in=64 map_wall_s=0.001 map_cpu_s=0.001 merge_wall_s=0.004 merge_cpu_s=0.001 map_units=1 merge_ranges=1 map_eff_cores=0.89 merge_eff_cores=0.24
event=kink_round H=17 col=0 round=stage7 frontier_in=128 map_wall_s=0.002 map_cpu_s=0.001 merge_wall_s=0.003 merge_cpu_s=0.001 map_units=1 merge_ranges=1 map_eff_cores=0.66 merge_eff_cores=0.35
event=kink_round H=16 col=0 round=stage7 frontier_in=128 map_wall_s=0.002 map_cpu_s=0.001 merge_wall_s=0.004 merge_cpu_s=0.001 map_units=1 merge_ranges=1 map_eff_cores=0.60 merge_eff_cores=0.24
event=kink_round H=5 col=1 round=stage0 frontier_in=19 map_wall_s=0.002 map_cpu_s=0.001 merge_wall_s=0.002 merge_cpu_s=0.000 map_units=1 merge_ranges=1 map_eff_cores=0.42 merge_eff_cores=0.00
event=kink_round H=14 col=0 round=stage6 frontier_in=64 map_wall_s=0.002 map_cpu_s=0.000 merge_wall_s=0.001 merge_cpu_s=0.001 map_units=1 merge_ranges=1 map_eff_cores=0.00 merge_eff_cores=0.83
event=kink_round H=12 col=0 round=stage7 frontier_in=128 map_wall_s=0.001 map_cpu_s=0.001 merge_wall_s=0.004 merge_cpu_s=0.001 map_units=1 merge_ranges=1 map_eff_cores=0.97 merge_eff_cores=0.27
event=kink_round H=18 col=0 round=stage6 frontier_in=64 map_wall_s=0.002 map_cpu_s=0.001 merge_wall_s=0.005 merge_cpu_s=0.001 map_units=1 merge_ranges=1 map_eff_cores=0.64 merge_eff_cores=0.20
event=kink_round H=9 col=0 round=stage8 frontier_in=256 map_wall_s=0.002 map_cpu_s=0.001 merge_wall_s=0.005 merge_cpu_s=0.000 map_units=1 merge_ranges=1 map_eff_cores=0.46 merge_eff_cores=0.00
event=kink_round H=19 col=0 round=stage7 frontier_in=128 map_wall_s=0.002 map_cpu_s=0.000 merge_wall_s=0.002 merge_cpu_s=0.000 map_units=1 merge_ranges=1 map_eff_cores=0.00 merge_eff_cores=0.00
event=kink_round H=6 col=0 round=finalize frontier_in=64 map_wall_s=0.002 map_cpu_s=0.000 merge_wall_s=0.005 merge_cpu_s=0.000 map_units=1 merge_ranges=1 map_eff_cores=0.00 merge_eff_cores=0.00
event=column H=6 col=0 frontier_in=1 frontier_out=35 wall_s=0.11 cum_wall_s=0.4 cpu_s=0.0 rss_max_mb=56.6 map_wall_s=0.02 map_cpu_s=0.0 merge_wall_s=0.06 merge_cpu_s=0.0 map_units=8 merge_ranges=7 eff_cores=0.05
event=kink_round H=3 col=1 round=finalize frontier_in=21 map_wall_s=0.003 map_cpu_s=0.000 merge_wall_s=0.003 merge_cpu_s=0.000 map_units=1 merge_ranges=1 map_eff_cores=0.00 merge_eff_cores=0.00
event=kink_round H=10 col=0 round=stage8 frontier_in=256 map_wall_s=0.002 map_cpu_s=0.001 merge_wall_s=0.002 merge_cpu_s=0.001 map_units=1 merge_ranges=1 map_eff_cores=0.40 merge_eff_cores=0.50
event=column H=3 col=1 frontier_in=5 frontier_out=10 wall_s=0.05 cum_wall_s=0.4 cpu_s=0.0 rss_max_mb=56.6 map_wall_s=0.01 map_cpu_s=0.0 merge_wall_s=0.01 merge_cpu_s=0.0 map_units=5 merge_ranges=4 eff_cores=0.07
event=kink_round H=15 col=0 round=stage6 frontier_in=64 map_wall_s=0.002 map_cpu_s=0.000 merge_wall_s=0.001 merge_cpu_s=0.000 map_units=1 merge_ranges=1 map_eff_cores=0.00 merge_eff_cores=0.00
event=kink_round H=7 col=0 round=stage6 frontier_in=64 map_wall_s=0.002 map_cpu_s=0.000 merge_wall_s=0.004 merge_cpu_s=0.000 map_units=1 merge_ranges=1 map_eff_cores=0.00 merge_eff_cores=0.00
event=kink_round H=4 col=1 round=stage1 frontier_in=18 map_wall_s=0.002 map_cpu_s=0.000 merge_wall_s=0.006 merge_cpu_s=0.000 map_units=1 merge_ranges=1 map_eff_cores=0.00 merge_eff_cores=0.00
event=kink_round H=11 col=0 round=stage7 frontier_in=128 map_wall_s=0.003 map_cpu_s=0.001 merge_wall_s=0.002 merge_cpu_s=0.001 map_units=1 merge_ranges=1 map_eff_cores=0.30 merge_eff_cores=0.50
event=kink_round H=8 col=0 round=finalize frontier_in=256 map_wall_s=0.003 map_cpu_s=0.001 merge_wall_s=0.002 merge_cpu_s=0.001 map_units=1 merge_ranges=1 map_eff_cores=0.37 merge_eff_cores=0.41
event=column H=8 col=0 frontier_in=1 frontier_out=135 wall_s=0.12 cum_wall_s=0.5 cpu_s=0.0 rss_max_mb=56.6 map_wall_s=0.02 map_cpu_s=0.0 merge_wall_s=0.03 merge_cpu_s=0.0 map_units=10 merge_ranges=9 eff_cores=0.09
event=kink_round H=6 col=1 round=seed frontier_in=35 map_wall_s=0.002 map_cpu_s=0.000 merge_wall_s=0.000 merge_cpu_s=0.000 map_units=1 merge_ranges=0 map_eff_cores=0.00 merge_eff_cores=0.00
event=kink_round H=13 col=0 round=stage8 frontier_in=256 map_wall_s=0.003 map_cpu_s=0.001 merge_wall_s=0.003 merge_cpu_s=0.001 map_units=1 merge_ranges=1 map_eff_cores=0.36 merge_eff_cores=0.36
event=kink_round H=18 col=0 round=stage7 frontier_in=128 map_wall_s=0.001 map_cpu_s=0.001 merge_wall_s=0.003 merge_cpu_s=0.001 map_units=1 merge_ranges=1 map_eff_cores=0.96 merge_eff_cores=0.38
event=kink_round H=16 col=0 round=stage8 frontier_in=256 map_wall_s=0.003 map_cpu_s=0.001 merge_wall_s=0.003 merge_cpu_s=0.001 map_units=1 merge_ranges=1 map_eff_cores=0.39 merge_eff_cores=0.31
event=kink_round H=9 col=0 round=finalize frontier_in=512 map_wall_s=0.002 map_cpu_s=0.001 merge_wall_s=0.001 merge_cpu_s=0.000 map_units=1 merge_ranges=1 map_eff_cores=0.52 merge_eff_cores=0.00
event=column H=9 col=0 frontier_in=1 frontier_out=271 wall_s=0.12 cum_wall_s=0.7 cpu_s=0.0 rss_max_mb=50.5 map_wall_s=0.03 map_cpu_s=0.0 merge_wall_s=0.05 merge_cpu_s=0.0 map_units=11 merge_ranges=10 eff_cores=0.11
event=kink_round H=5 col=1 round=stage1 frontier_in=38 map_wall_s=0.003 map_cpu_s=0.001 merge_wall_s=0.003 merge_cpu_s=0.000 map_units=1 merge_ranges=1 map_eff_cores=0.30 merge_eff_cores=0.00
event=kink_round H=7 col=0 round=finalize frontier_in=128 map_wall_s=0.001 map_cpu_s=0.001 merge_wall_s=0.002 merge_cpu_s=0.000 map_units=1 merge_ranges=1 map_eff_cores=0.90 merge_eff_cores=0.00
event=column H=7 col=0 frontier_in=1 frontier_out=71 wall_s=0.12 cum_wall_s=0.8 cpu_s=0.0 rss_max_mb=54.6 map_wall_s=0.06 map_cpu_s=0.0 merge_wall_s=0.03 merge_cpu_s=0.0 map_units=9 merge_ranges=8 eff_cores=0.06
event=kink_round H=17 col=0 round=stage8 frontier_in=256 map_wall_s=0.003 map_cpu_s=0.001 merge_wall_s=0.005 merge_cpu_s=0.001 map_units=1 merge_ranges=1 map_eff_cores=0.37 merge_eff_cores=0.21
event=kink_round H=9 col=1 round=seed frontier_in=271 map_wall_s=0.001 map_cpu_s=0.001 merge_wall_s=0.000 merge_cpu_s=0.000 map_units=1 merge_ranges=0 map_eff_cores=1.06 merge_eff_cores=0.00
event=kink_round H=14 col=0 round=stage7 frontier_in=128 map_wall_s=0.001 map_cpu_s=0.001 merge_wall_s=0.004 merge_cpu_s=0.001 map_units=1 merge_ranges=1 map_eff_cores=0.84 merge_eff_cores=0.26
event=kink_round H=19 col=0 round=stage8 frontier_in=256 map_wall_s=0.002 map_cpu_s=0.001 merge_wall_s=0.004 merge_cpu_s=0.001 map_units=1 merge_ranges=1 map_eff_cores=0.66 merge_eff_cores=0.26
event=kink_round H=7 col=1 round=seed frontier_in=71 map_wall_s=0.001 map_cpu_s=0.000 merge_wall_s=0.000 merge_cpu_s=0.000 map_units=1 merge_ranges=0 map_eff_cores=0.00 merge_eff_cores=0.00
event=kink_round H=11 col=0 round=stage8 frontier_in=256 map_wall_s=0.002 map_cpu_s=0.001 merge_wall_s=0.001 merge_cpu_s=0.001 map_units=1 merge_ranges=1 map_eff_cores=0.43 merge_eff_cores=0.94
event=kink_round H=15 col=0 round=stage7 frontier_in=128 map_wall_s=0.001 map_cpu_s=0.001 merge_wall_s=0.003 merge_cpu_s=0.001 map_units=1 merge_ranges=1 map_eff_cores=0.96 merge_eff_cores=0.29
event=kink_round H=8 col=1 round=seed frontier_in=135 map_wall_s=0.002 map_cpu_s=0.000 merge_wall_s=0.000 merge_cpu_s=0.000 map_units=1 merge_ranges=0 map_eff_cores=0.00 merge_eff_cores=0.00
event=kink_round H=3 col=2 round=seed frontier_in=10 map_wall_s=0.003 map_cpu_s=0.000 merge_wall_s=0.000 merge_cpu_s=0.000 map_units=1 merge_ranges=0 map_eff_cores=0.00 merge_eff_cores=0.00
event=kink_round H=12 col=0 round=stage8 frontier_in=256 map_wall_s=0.003 map_cpu_s=0.001 merge_wall_s=0.004 merge_cpu_s=0.001 map_units=1 merge_ranges=1 map_eff_cores=0.32 merge_eff_cores=0.25
event=kink_round H=4 col=1 round=stage2 frontier_in=28 map_wall_s=0.003 map_cpu_s=0.001 merge_wall_s=0.003 merge_cpu_s=0.000 map_units=1 merge_ranges=1 map_eff_cores=0.37 merge_eff_cores=0.00
event=kink_round H=18 col=0 round=stage8 frontier_in=256 map_wall_s=0.001 map_cpu_s=0.001 merge_wall_s=0.002 merge_cpu_s=0.001 map_units=1 merge_ranges=1 map_eff_cores=0.73 merge_eff_cores=0.47
event=kink_round H=10 col=0 round=stage9 frontier_in=512 map_wall_s=0.001 map_cpu_s=0.001 merge_wall_s=0.004 merge_cpu_s=0.002 map_units=1 merge_ranges=1 map_eff_cores=0.89 merge_eff_cores=0.47
event=kink_round H=16 col=0 round=stage9 frontier_in=512 map_wall_s=0.002 map_cpu_s=0.001 merge_wall_s=0.002 merge_cpu_s=0.001 map_units=1 merge_ranges=1 map_eff_cores=0.47 merge_eff_cores=0.46
event=kink_round H=5 col=1 round=stage2 frontier_in=60 map_wall_s=0.002 map_cpu_s=0.001 merge_wall_s=0.002 merge_cpu_s=0.000 map_units=1 merge_ranges=1 map_eff_cores=0.42 merge_eff_cores=0.00
event=kink_round H=14 col=0 round=stage8 frontier_in=256 map_wall_s=0.001 map_cpu_s=0.001 merge_wall_s=0.002 merge_cpu_s=0.001 map_units=1 merge_ranges=1 map_eff_cores=0.83 merge_eff_cores=0.47
event=kink_round H=7 col=1 round=stage0 frontier_in=71 map_wall_s=0.003 map_cpu_s=0.000 merge_wall_s=0.001 merge_cpu_s=0.001 map_units=1 merge_ranges=1 map_eff_cores=0.00 merge_eff_cores=0.86
event=kink_round H=8 col=1 round=stage0 frontier_in=135 map_wall_s=0.002 map_cpu_s=0.001 merge_wall_s=0.002 merge_cpu_s=0.000 map_units=1 merge_ranges=1 map_eff_cores=0.45 merge_eff_cores=0.00
event=kink_round H=17 col=0 round=stage9 frontier_in=512 map_wall_s=0.001 map_cpu_s=0.001 merge_wall_s=0.003 merge_cpu_s=0.001 map_units=1 merge_ranges=1 map_eff_cores=0.71 merge_eff_cores=0.29
event=kink_round H=4 col=1 round=stage3 frontier_in=35 map_wall_s=0.001 map_cpu_s=0.000 merge_wall_s=0.002 merge_cpu_s=0.000 map_units=1 merge_ranges=1 map_eff_cores=0.00 merge_eff_cores=0.00
event=kink_round H=6 col=1 round=stage0 frontier_in=35 map_wall_s=0.003 map_cpu_s=0.000 merge_wall_s=0.004 merge_cpu_s=0.001 map_units=1 merge_ranges=1 map_eff_cores=0.00 merge_eff_cores=0.27
event=kink_round H=11 col=0 round=stage9 frontier_in=512 map_wall_s=0.003 map_cpu_s=0.001 merge_wall_s=0.003 merge_cpu_s=0.001 map_units=1 merge_ranges=1 map_eff_cores=0.39 merge_eff_cores=0.31
event=kink_round H=9 col=1 round=stage0 frontier_in=271 map_wall_s=0.004 map_cpu_s=0.001 merge_wall_s=0.003 merge_cpu_s=0.001 map_units=1 merge_ranges=1 map_eff_cores=0.22 merge_eff_cores=0.35
event=kink_round H=3 col=2 round=stage0 frontier_in=10 map_wall_s=0.004 map_cpu_s=0.001 merge_wall_s=0.003 merge_cpu_s=0.000 map_units=1 merge_ranges=1 map_eff_cores=0.23 merge_eff_cores=0.00
event=kink_round H=12 col=0 round=stage9 frontier_in=512 map_wall_s=0.002 map_cpu_s=0.001 merge_wall_s=0.003 merge_cpu_s=0.001 map_units=1 merge_ranges=1 map_eff_cores=0.41 merge_eff_cores=0.29
event=kink_round H=19 col=0 round=stage9 frontier_in=512 map_wall_s=0.004 map_cpu_s=0.001 merge_wall_s=0.003 merge_cpu_s=0.001 map_units=1 merge_ranges=1 map_eff_cores=0.23 merge_eff_cores=0.35
event=kink_round H=15 col=0 round=stage8 frontier_in=256 map_wall_s=0.002 map_cpu_s=0.001 merge_wall_s=0.005 merge_cpu_s=0.001 map_units=1 merge_ranges=1 map_eff_cores=0.42 merge_eff_cores=0.22
event=kink_round H=5 col=1 round=stage3 frontier_in=76 map_wall_s=0.002 map_cpu_s=0.001 merge_wall_s=0.002 merge_cpu_s=0.001 map_units=1 merge_ranges=1 map_eff_cores=0.47 merge_eff_cores=0.43
event=kink_round H=13 col=0 round=stage9 frontier_in=512 map_wall_s=0.004 map_cpu_s=0.002 merge_wall_s=0.004 merge_cpu_s=0.001 map_units=1 merge_ranges=1 map_eff_cores=0.54 merge_eff_cores=0.22
event=kink_round H=18 col=0 round=stage9 frontier_in=512 map_wall_s=0.003 map_cpu_s=0.001 merge_wall_s=0.003 merge_cpu_s=0.001 map_units=1 merge_ranges=1 map_eff_cores=0.39 merge_eff_cores=0.32
event=kink_round H=7 col=1 round=stage1 frontier_in=142 map_wall_s=0.001 map_cpu_s=0.001 merge_wall_s=0.003 merge_cpu_s=0.000 map_units=1 merge_ranges=1 map_eff_cores=1.30 merge_eff_cores=0.00
event=kink_round H=8 col=1 round=stage1 frontier_in=270 map_wall_s=0.001 map_cpu_s=0.001 merge_wall_s=0.003 merge_cpu_s=0.001 map_units=1 merge_ranges=1 map_eff_cores=0.82 merge_eff_cores=0.32
event=kink_round H=6 col=1 round=stage1 frontier_in=70 map_wall_s=0.003 map_cpu_s=0.001 merge_wall_s=0.001 merge_cpu_s=0.000 map_units=1 merge_ranges=1 map_eff_cores=0.36 merge_eff_cores=0.00
event=kink_round H=10 col=0 round=finalize frontier_in=1024 map_wall_s=0.004 map_cpu_s=0.001 merge_wall_s=0.003 merge_cpu_s=0.001 map_units=1 merge_ranges=1 map_eff_cores=0.28 merge_eff_cores=0.32
event=column H=10 col=0 frontier_in=1 frontier_out=527 wall_s=0.13 cum_wall_s=0.9 cpu_s=0.0 rss_max_mb=54.6 map_wall_s=0.03 map_cpu_s=0.0 merge_wall_s=0.06 merge_cpu_s=0.0 map_units=12 merge_ranges=11 eff_cores=0.11
event=kink_round H=15 col=0 round=stage9 frontier_in=512 map_wall_s=0.001 map_cpu_s=0.001 merge_wall_s=0.001 merge_cpu_s=0.001 map_units=1 merge_ranges=1 map_eff_cores=0.74 merge_eff_cores=0.78
event=kink_round H=4 col=1 round=finalize frontier_in=52 map_wall_s=0.003 map_cpu_s=0.001 merge_wall_s=0.002 merge_cpu_s=0.001 map_units=1 merge_ranges=1 map_eff_cores=0.29 merge_eff_cores=0.43
event=column H=4 col=1 frontier_in=9 frontier_out=22 wall_s=0.03 cum_wall_s=0.9 cpu_s=0.0 rss_max_mb=60.6 map_wall_s=0.01 map_cpu_s=0.0 merge_wall_s=0.01 merge_cpu_s=0.0 map_units=6 merge_ranges=5 eff_cores=0.11
event=kink_round H=3 col=2 round=stage1 frontier_in=17 map_wall_s=0.001 map_cpu_s=0.000 merge_wall_s=0.002 merge_cpu_s=0.001 map_units=1 merge_ranges=1 map_eff_cores=0.00 merge_eff_cores=0.62
event=kink_round H=10 col=1 round=seed frontier_in=527 map_wall_s=0.002 map_cpu_s=0.001 merge_wall_s=0.000 merge_cpu_s=0.000 map_units=1 merge_ranges=0 map_eff_cores=0.59 merge_eff_cores=0.00
event=kink_round H=14 col=0 round=stage9 frontier_in=512 map_wall_s=0.004 map_cpu_s=0.002 merge_wall_s=0.003 merge_cpu_s=0.002 map_units=1 merge_ranges=1 map_eff_cores=0.51 merge_eff_cores=0.65
event=kink_round H=16 col=0 round=stage10 frontier_in=1024 map_wall_s=0.006 map_cpu_s=0.002 merge_wall_s=0.004 merge_cpu_s=0.003 map_units=1 merge_ranges=1 map_eff_cores=0.36 merge_eff_cores=0.86
event=kink_round H=9 col=1 round=stage1 frontier_in=542 map_wall_s=0.002 map_cpu_s=0.002 merge_wall_s=0.003 merge_cpu_s=0.001 map_units=1 merge_ranges=1 map_eff_cores=0.92 merge_eff_cores=0.39
event=kink_round H=4 col=2 round=seed frontier_in=22 map_wall_s=0.001 map_cpu_s=0.001 merge_wall_s=0.000 merge_cpu_s=0.000 map_units=1 merge_ranges=0 map_eff_cores=1.14 merge_eff_cores=0.00
event=kink_round H=11 col=0 round=stage10 frontier_in=1024 map_wall_s=0.002 map_cpu_s=0.001 merge_wall_s=0.004 merge_cpu_s=0.002 map_units=1 merge_ranges=1 map_eff_cores=0.46 merge_eff_cores=0.49
event=kink_round H=5 col=1 round=stage4 frontier_in=98 map_wall_s=0.004 map_cpu_s=0.001 merge_wall_s=0.003 merge_cpu_s=0.000 map_units=1 merge_ranges=1 map_eff_cores=0.27 merge_eff_cores=0.00
event=kink_round H=12 col=0 round=stage10 frontier_in=1024 map_wall_s=0.003 map_cpu_s=0.002 merge_wall_s=0.004 merge_cpu_s=0.002 map_units=1 merge_ranges=1 map_eff_cores=0.69 merge_eff_cores=0.48
event=kink_round H=7 col=1 round=stage2 frontier_in=230 map_wall_s=0.002 map_cpu_s=0.001 merge_wall_s=0.003 merge_cpu_s=0.001 map_units=1 merge_ranges=1 map_eff_cores=0.52 merge_eff_cores=0.32
event=kink_round H=3 col=2 round=stage2 frontier_in=23 map_wall_s=0.001 map_cpu_s=0.000 merge_wall_s=0.002 merge_cpu_s=0.000 map_units=1 merge_ranges=1 map_eff_cores=0.00 merge_eff_cores=0.00
event=kink_round H=13 col=0 round=stage10 frontier_in=1024 map_wall_s=0.004 map_cpu_s=0.003 merge_wall_s=0.004 merge_cpu_s=0.002 map_units=1 merge_ranges=1 map_eff_cores=0.80 merge_eff_cores=0.54
event=kink_round H=19 col=0 round=stage10 frontier_in=1024 map_wall_s=0.003 map_cpu_s=0.002 merge_wall_s=0.006 merge_cpu_s=0.002 map_units=1 merge_ranges=1 map_eff_cores=0.78 merge_eff_cores=0.35
event=kink_round H=17 col=0 round=stage10 frontier_in=1024 map_wall_s=0.004 map_cpu_s=0.003 merge_wall_s=0.008 merge_cpu_s=0.003 map_units=1 merge_ranges=1 map_eff_cores=0.84 merge_eff_cores=0.40
event=kink_round H=6 col=1 round=stage2 frontier_in=113 map_wall_s=0.002 map_cpu_s=0.001 merge_wall_s=0.005 merge_cpu_s=0.000 map_units=1 merge_ranges=1 map_eff_cores=0.59 merge_eff_cores=0.00
event=kink_round H=8 col=1 round=stage2 frontier_in=442 map_wall_s=0.003 map_cpu_s=0.002 merge_wall_s=0.006 merge_cpu_s=0.001 map_units=1 merge_ranges=1 map_eff_cores=0.74 merge_eff_cores=0.18
event=kink_round H=3 col=2 round=finalize frontier_in=27 map_wall_s=0.001 map_cpu_s=0.000 merge_wall_s=0.001 merge_cpu_s=0.000 map_units=1 merge_ranges=1 map_eff_cores=0.00 merge_eff_cores=0.00
event=column H=3 col=2 frontier_in=10 frontier_out=10 wall_s=0.02 cum_wall_s=0.9 cpu_s=0.0 rss_max_mb=48.5 map_wall_s=0.01 map_cpu_s=0.0 merge_wall_s=0.01 merge_cpu_s=0.0 map_units=5 merge_ranges=4 eff_cores=0.10
event=kink_round H=4 col=2 round=stage0 frontier_in=22 map_wall_s=0.004 map_cpu_s=0.000 merge_wall_s=0.002 merge_cpu_s=0.001 map_units=1 merge_ranges=1 map_eff_cores=0.00 merge_eff_cores=0.65
event=kink_round H=14 col=0 round=stage10 frontier_in=1024 map_wall_s=0.003 map_cpu_s=0.003 merge_wall_s=0.003 merge_cpu_s=0.001 map_units=1 merge_ranges=1 map_eff_cores=0.88 merge_eff_cores=0.37
event=kink_round H=9 col=1 round=stage2 frontier_in=888 map_wall_s=0.003 map_cpu_s=0.003 merge_wall_s=0.003 merge_cpu_s=0.001 map_units=1 merge_ranges=1 map_eff_cores=0.98 merge_eff_cores=0.39
event=kink_round H=10 col=1 round=stage0 frontier_in=527 map_wall_s=0.005 map_cpu_s=0.002 merge_wall_s=0.002 merge_cpu_s=0.001 map_units=1 merge_ranges=1 map_eff_cores=0.44 merge_eff_cores=0.49
event=kink_round H=15 col=0 round=stage10 frontier_in=1024 map_wall_s=0.004 map_cpu_s=0.002 merge_wall_s=0.004 merge_cpu_s=0.002 map_units=1 merge_ranges=1 map_eff_cores=0.54 merge_eff_cores=0.51
event=kink_round H=5 col=1 round=finalize frontier_in=128 map_wall_s=0.001 map_cpu_s=0.000 merge_wall_s=0.005 merge_cpu_s=0.001 map_units=1 merge_ranges=1 map_eff_cores=0.00 merge_eff_cores=0.19
event=column H=5 col=1 frontier_in=19 frontier_out=56 wall_s=0.03 cum_wall_s=1.0 cpu_s=0.0 rss_max_mb=64.6 map_wall_s=0.02 map_cpu_s=0.0 merge_wall_s=0.02 merge_cpu_s=0.0 map_units=7 merge_ranges=6 eff_cores=0.21
event=kink_round H=18 col=0 round=stage10 frontier_in=1024 map_wall_s=0.008 map_cpu_s=0.004 merge_wall_s=0.005 merge_cpu_s=0.002 map_units=1 merge_ranges=1 map_eff_cores=0.49 merge_eff_cores=0.42
event=kink_round H=7 col=1 round=stage3 frontier_in=300 map_wall_s=0.002 map_cpu_s=0.001 merge_wall_s=0.004 merge_cpu_s=0.000 map_units=1 merge_ranges=1 map_eff_cores=0.42 merge_eff_cores=0.00
event=kink_round H=3 col=3 round=seed frontier_in=10 map_wall_s=0.003 map_cpu_s=0.000 merge_wall_s=0.000 merge_cpu_s=0.000 map_units=1 merge_ranges=0 map_eff_cores=0.00 merge_eff_cores=0.00
event=kink_round H=6 col=1 round=stage3 frontier_in=146 map_wall_s=0.001 map_cpu_s=0.001 merge_wall_s=0.004 merge_cpu_s=0.000 map_units=1 merge_ranges=1 map_eff_cores=0.70 merge_eff_cores=0.00
event=kink_round H=5 col=2 round=seed frontier_in=56 map_wall_s=0.001 map_cpu_s=0.001 merge_wall_s=0.000 merge_cpu_s=0.000 map_units=1 merge_ranges=0 map_eff_cores=0.68 merge_eff_cores=0.00
event=kink_round H=11 col=0 round=finalize frontier_in=2048 map_wall_s=0.008 map_cpu_s=0.003 merge_wall_s=0.002 merge_cpu_s=0.001 map_units=1 merge_ranges=1 map_eff_cores=0.35 merge_eff_cores=0.56
event=kink_round H=8 col=1 round=stage3 frontier_in=582 map_wall_s=0.003 map_cpu_s=0.002 merge_wall_s=0.002 merge_cpu_s=0.001 map_units=1 merge_ranges=1 map_eff_cores=0.57 merge_eff_cores=0.57
event=column H=11 col=0 frontier_in=1 frontier_out=1055 wall_s=0.14 cum_wall_s=1.1 cpu_s=0.0 rss_max_mb=50.5 map_wall_s=0.10 map_cpu_s=0.0 merge_wall_s=0.03 merge_cpu_s=0.0 map_units=13 merge_ranges=12 eff_cores=0.17
event=kink_round H=3 col=3 round=stage0 frontier_in=10 map_wall_s=0.001 map_cpu_s=0.000 merge_wall_s=0.001 merge_cpu_s=0.000 map_units=1 merge_ranges=1 map_eff_cores=0.00 merge_eff_cores=0.00
event=kink_round H=6 col=1 round=stage4 frontier_in=181 map_wall_s=0.001 map_cpu_s=0.001 merge_wall_s=0.002 merge_cpu_s=0.001 map_units=1 merge_ranges=1 map_eff_cores=1.03 merge_eff_cores=0.62
event=kink_round H=12 col=0 round=stage11 frontier_in=2048 map_wall_s=0.007 map_cpu_s=0.003 merge_wall_s=0.004 merge_cpu_s=0.003 map_units=1 merge_ranges=1 map_eff_cores=0.44 merge_eff_cores=0.81
event=kink_round H=5 col=2 round=stage0 frontier_in=56 map_wall_s=0.001 map_cpu_s=0.001 merge_wall_s=0.002 merge_cpu_s=0.001 map_units=1 merge_ranges=1 map_eff_cores=0.98 merge_eff_cores=0.64
event=kink_round H=11 col=1 round=seed frontier_in=1055 map_wall_s=0.002 map_cpu_s=0.002 merge_wall_s=0.000 merge_cpu_s=0.000 map_units=1 merge_ranges=0 map_eff_cores=1.05 merge_eff_cores=0.00
event=kink_round H=7 col=1 round=stage4 frontier_in=373 map_wall_s=0.002 map_cpu_s=0.002 merge_wall_s=0.002 merge_cpu_s=0.001 map_units=1 merge_ranges=1 map_eff_cores=0.82 merge_eff_cores=0.53
event=kink_round H=4 col=2 round=stage1 frontier_in=36 map_wall_s=0.006 map_cpu_s=0.001 merge_wall_s=0.001 merge_cpu_s=0.000 map_units=1 merge_ranges=1 map_eff_cores=0.16 merge_eff_cores=0.00
event=kink_round H=19 col=0 round=stage11 frontier_in=2048 map_wall_s=0.006 map_cpu_s=0.006 merge_wall_s=0.004 merge_cpu_s=0.003 map_units=1 merge_ranges=1 map_eff_cores=0.95 merge_eff_cores=0.82
event=kink_round H=3 col=3 round=stage1 frontier_in=17 map_wall_s=0.002 map_cpu_s=0.000 merge_wall_s=0.001 merge_cpu_s=0.000 map_units=1 merge_ranges=1 map_eff_cores=0.00 merge_eff_cores=0.00
event=kink_round H=16 col=0 round=stage11 frontier_in=2048 map_wall_s=0.007 map_cpu_s=0.005 merge_wall_s=0.005 merge_cpu_s=0.003 map_units=1 merge_ranges=1 map_eff_cores=0.75 merge_eff_cores=0.59
event=kink_round H=13 col=0 round=stage11 frontier_in=2048 map_wall_s=0.005 map_cpu_s=0.004 merge_wall_s=0.005 merge_cpu_s=0.004 map_units=1 merge_ranges=1 map_eff_cores=0.74 merge_eff_cores=0.75
event=kink_round H=10 col=1 round=stage1 frontier_in=1054 map_wall_s=0.003 map_cpu_s=0.003 merge_wall_s=0.002 merge_cpu_s=0.001 map_units=1 merge_ranges=1 map_eff_cores=0.86 merge_eff_cores=0.50
event=kink_round H=9 col=1 round=stage3 frontier_in=1172 map_wall_s=0.004 map_cpu_s=0.003 merge_wall_s=0.002 merge_cpu_s=0.002 map_units=1 merge_ranges=1 map_eff_cores=0.83 merge_eff_cores=0.92
event=kink_round H=17 col=0 round=stage11 frontier_in=2048 map_wall_s=0.005 map_cpu_s=0.004 merge_wall_s=0.005 merge_cpu_s=0.002 map_units=1 merge_ranges=1 map_eff_cores=0.84 merge_eff_cores=0.39
event=kink_round H=8 col=1 round=stage4 frontier_in=728 map_wall_s=0.004 map_cpu_s=0.003 merge_wall_s=0.002 merge_cpu_s=0.002 map_units=1 merge_ranges=1 map_eff_cores=0.80 merge_eff_cores=0.87
event=kink_round H=5 col=2 round=stage1 frontier_in=92 map_wall_s=0.001 map_cpu_s=0.001 merge_wall_s=0.002 merge_cpu_s=0.001 map_units=1 merge_ranges=1 map_eff_cores=0.67 merge_eff_cores=0.43
event=kink_round H=4 col=2 round=stage2 frontier_in=56 map_wall_s=0.001 map_cpu_s=0.000 merge_wall_s=0.002 merge_cpu_s=0.001 map_units=1 merge_ranges=1 map_eff_cores=0.00 merge_eff_cores=0.50
event=kink_round H=3 col=3 round=stage2 frontier_in=23 map_wall_s=0.001 map_cpu_s=0.001 merge_wall_s=0.002 merge_cpu_s=0.001 map_units=1 merge_ranges=1 map_eff_cores=1.15 merge_eff_cores=0.44
event=kink_round H=7 col=1 round=stage5 frontier_in=461 map_wall_s=0.002 map_cpu_s=0.002 merge_wall_s=0.002 merge_cpu_s=0.001 map_units=1 merge_ranges=1 map_eff_cores=0.98 merge_eff_cores=0.52
event=kink_round H=14 col=0 round=stage11 frontier_in=2048 map_wall_s=0.005 map_cpu_s=0.005 merge_wall_s=0.004 merge_cpu_s=0.002 map_units=1 merge_ranges=1 map_eff_cores=0.96 merge_eff_cores=0.55
event=kink_round H=15 col=0 round=stage11 frontier_in=2048 map_wall_s=0.006 map_cpu_s=0.005 merge_wall_s=0.002 merge_cpu_s=0.002 map_units=1 merge_ranges=1 map_eff_cores=0.79 merge_eff_cores=0.80
event=kink_round H=6 col=1 round=stage5 frontier_in=238 map_wall_s=0.002 map_cpu_s=0.001 merge_wall_s=0.002 merge_cpu_s=0.001 map_units=1 merge_ranges=1 map_eff_cores=0.59 merge_eff_cores=0.43
event=kink_round H=4 col=2 round=stage3 frontier_in=59 map_wall_s=0.001 map_cpu_s=0.001 merge_wall_s=0.001 merge_cpu_s=0.000 map_units=1 merge_ranges=1 map_eff_cores=1.21 merge_eff_cores=0.00
event=kink_round H=11 col=1 round=stage0 frontier_in=1055 map_wall_s=0.003 map_cpu_s=0.002 merge_wall_s=0.004 merge_cpu_s=0.002 map_units=1 merge_ranges=1 map_eff_cores=0.73 merge_eff_cores=0.48
event=kink_round H=18 col=0 round=stage11 frontier_in=2048 map_wall_s=0.007 map_cpu_s=0.005 merge_wall_s=0.004 merge_cpu_s=0.003 map_units=1 merge_ranges=1 map_eff_cores=0.73 merge_eff_cores=0.70
event=kink_round H=3 col=3 round=finalize frontier_in=27 map_wall_s=0.001 map_cpu_s=0.000 merge_wall_s=0.002 merge_cpu_s=0.000 map_units=1 merge_ranges=1 map_eff_cores=0.00 merge_eff_cores=0.00
event=column H=3 col=3 frontier_in=10 frontier_out=10 wall_s=0.01 cum_wall_s=1.1 cpu_s=0.0 rss_max_mb=50.5 map_wall_s=0.01 map_cpu_s=0.0 merge_wall_s=0.01 merge_cpu_s=0.0 map_units=5 merge_ranges=4 eff_cores=0.13
event=kink_round H=5 col=2 round=stage2 frontier_in=145 map_wall_s=0.001 map_cpu_s=0.001 merge_wall_s=0.003 merge_cpu_s=0.000 map_units=1 merge_ranges=1 map_eff_cores=0.81 merge_eff_cores=0.00
event=kink_round H=4 col=2 round=finalize frontier_in=70 map_wall_s=0.001 map_cpu_s=0.001 merge_wall_s=0.001 merge_cpu_s=0.000 map_units=1 merge_ranges=1 map_eff_cores=1.02 merge_eff_cores=0.00
event=column H=4 col=2 frontier_in=22 frontier_out=22 wall_s=0.02 cum_wall_s=1.2 cpu_s=0.0 rss_max_mb=56.6 map_wall_s=0.01 map_cpu_s=0.0 merge_wall_s=0.01 merge_cpu_s=0.0 map_units=6 merge_ranges=5 eff_cores=0.27
event=kink_round H=12 col=0 round=finalize frontier_in=4096 map_wall_s=0.004 map_cpu_s=0.006 merge_wall_s=0.005 merge_cpu_s=0.003 map_units=2 merge_ranges=2 map_eff_cores=1.37 merge_eff_cores=0.66
event=kink_round H=3 col=4 round=seed frontier_in=10 map_wall_s=0.001 map_cpu_s=0.001 merge_wall_s=0.000 merge_cpu_s=0.000 map_units=1 merge_ranges=0 map_eff_cores=0.90 merge_eff_cores=0.00
event=kink_round H=4 col=3 round=seed frontier_in=22 map_wall_s=0.001 map_cpu_s=0.001 merge_wall_s=0.000 merge_cpu_s=0.000 map_units=1 merge_ranges=0 map_eff_cores=0.92 merge_eff_cores=0.00
event=column H=12 col=0 frontier_in=1 frontier_out=2079 wall_s=0.15 cum_wall_s=1.3 cpu_s=0.0 rss_max_mb=58.6 map_wall_s=0.04 map_cpu_s=0.0 merge_wall_s=0.08 merge_cpu_s=0.0 map_units=15 merge_ranges=14 eff_cores=0.20
event=kink_round H=9 col=1 round=stage4 frontier_in=1472 map_wall_s=0.006 map_cpu_s=0.005 merge_wall_s=0.003 merge_cpu_s=0.001 map_units=1 merge_ranges=1 map_eff_cores=0.90 merge_eff_cores=0.29
event=kink_round H=7 col=1 round=stage6 frontier_in=578 map_wall_s=0.003 map_cpu_s=0.003 merge_wall_s=0.004 merge_cpu_s=0.001 map_units=1 merge_ranges=1 map_eff_cores=1.06 merge_eff_cores=0.28
event=kink_round H=10 col=1 round=stage2 frontier_in=1736 map_wall_s=0.007 map_cpu_s=0.006 merge_wall_s=0.003 merge_cpu_s=0.002 map_units=1 merge_ranges=1 map_eff_cores=0.89 merge_eff_cores=0.65
event=kink_round H=3 col=4 round=stage0 frontier_in=10 map_wall_s=0.001 map_cpu_s=0.001 merge_wall_s=0.002 merge_cpu_s=0.000 map_units=1 merge_ranges=1 map_eff_cores=0.82 merge_eff_cores=0.00
event=kink_round H=6 col=1 round=finalize frontier_in=311 map_wall_s=0.006 map_cpu_s=0.001 merge_wall_s=0.002 merge_cpu_s=0.001 map_units=1 merge_ranges=1 map_eff_cores=0.18 merge_eff_cores=0.56
event=kink_round H=13 col=0 round=stage12 frontier_in=4096 map_wall_s=0.004 map_cpu_s=0.006 merge_wall_s=0.007 merge_cpu_s=0.009 map_units=2 merge_ranges=2 map_eff_cores=1.53 merge_eff_cores=1.26
event=column H=6 col=1 frontier_in=35 frontier_out=126 wall_s=0.04 cum_wall_s=1.4 cpu_s=0.0 rss_max_mb=64.6 map_wall_s=0.02 map_cpu_s=0.0 merge_wall_s=0.02 merge_cpu_s=0.0 map_units=8 merge_ranges=7 eff_cores=0.24
event=kink_round H=8 col=1 round=stage5 frontier_in=889 map_wall_s=0.004 map_cpu_s=0.003 merge_wall_s=0.004 merge_cpu_s=0.002 map_units=1 merge_ranges=1 map_eff_cores=0.67 merge_eff_cores=0.47
event=kink_round H=5 col=2 round=stage3 frontier_in=164 map_wall_s=0.001 map_cpu_s=0.001 merge_wall_s=0.003 merge_cpu_s=0.001 map_units=1 merge_ranges=1 map_eff_cores=0.67 merge_eff_cores=0.31
event=kink_round H=12 col=1 round=seed frontier_in=2079 map_wall_s=0.003 map_cpu_s=0.004 merge_wall_s=0.000 merge_cpu_s=0.000 map_units=2 merge_ranges=0 map_eff_cores=1.50 merge_eff_cores=0.00
event=kink_round H=19 col=0 round=stage12 frontier_in=4096 map_wall_s=0.007 map_cpu_s=0.009 merge_wall_s=0.006 merge_cpu_s=0.007 map_units=2 merge_ranges=2 map_eff_cores=1.22 merge_eff_cores=1.12
event=kink_round H=16 col=0 round=stage12 frontier_in=4096 map_wall_s=0.007 map_cpu_s=0.010 merge_wall_s=0.008 merge_cpu_s=0.007 map_units=2 merge_ranges=2 map_eff_cores=1.49 merge_eff_cores=0.92
event=kink_round H=3 col=4 round=stage1 frontier_in=17 map_wall_s=0.002 map_cpu_s=0.000 merge_wall_s=0.001 merge_cpu_s=0.000 map_units=1 merge_ranges=1 map_eff_cores=0.00 merge_eff_cores=0.00
event=kink_round H=7 col=1 round=finalize frontier_in=744 map_wall_s=0.003 map_cpu_s=0.001 merge_wall_s=0.001 merge_cpu_s=0.001 map_units=1 merge_ranges=1 map_eff_cores=0.39 merge_eff_cores=1.11
event=column H=7 col=1 frontier_in=71 frontier_out=307 wall_s=0.04 cum_wall_s=1.4 cpu_s=0.0 rss_max_mb=72.8 map_wall_s=0.02 map_cpu_s=0.0 merge_wall_s=0.02 merge_cpu_s=0.0 map_units=9 merge_ranges=8 eff_cores=0.41
event=kink_round H=17 col=0 round=stage12 frontier_in=4096 map_wall_s=0.008 map_cpu_s=0.010 merge_wall_s=0.006 merge_cpu_s=0.008 map_units=2 merge_ranges=2 map_eff_cores=1.29 merge_eff_cores=1.41
event=kink_round H=4 col=3 round=stage0 frontier_in=22 map_wall_s=0.002 map_cpu_s=0.001 merge_wall_s=0.003 merge_cpu_s=0.000 map_units=1 merge_ranges=1 map_eff_cores=0.44 merge_eff_cores=0.00
event=kink_round H=11 col=1 round=stage1 frontier_in=2110 map_wall_s=0.005 map_cpu_s=0.007 merge_wall_s=0.004 merge_cpu_s=0.003 map_units=2 merge_ranges=2 map_eff_cores=1.34 merge_eff_cores=0.82
event=kink_round H=15 col=0 round=stage12 frontier_in=4096 map_wall_s=0.006 map_cpu_s=0.008 merge_wall_s=0.006 merge_cpu_s=0.006 map_units=2 merge_ranges=2 map_eff_cores=1.38 merge_eff_cores=1.09
event=kink_round H=5 col=2 round=stage4 frontier_in=179 map_wall_s=0.001 map_cpu_s=0.001 merge_wall_s=0.002 merge_cpu_s=0.001 map_units=1 merge_ranges=1 map_eff_cores=0.77 merge_eff_cores=0.41
event=kink_round H=7 col=2 round=seed frontier_in=307 map_wall_s=0.002 map_cpu_s=0.001 merge_wall_s=0.000 merge_cpu_s=0.000 map_units=1 merge_ranges=0 map_eff_cores=0.61 merge_eff_cores=0.00
event=kink_round H=6 col=2 round=seed frontier_in=126 map_wall_s=0.004 map_cpu_s=0.001 merge_wall_s=0.000 merge_cpu_s=0.000 map_units=1 merge_ranges=0 map_eff_cores=0.24 merge_eff_cores=0.00
event=kink_round H=3 col=4 round=stage2 frontier_in=23 map_wall_s=0.001 map_cpu_s=0.001 merge_wall_s=0.001 merge_cpu_s=0.000 map_units=1 merge_ranges=1 map_eff_cores=0.82 merge_eff_cores=0.00
event=kink_round H=14 col=0 round=stage12 frontier_in=4096 map_wall_s=0.007 map_cpu_s=0.008 merge_wall_s=0.007 merge_cpu_s=0.006 map_units=2 merge_ranges=2 map_eff_cores=1.07 merge_eff_cores=0.85
event=kink_round H=10 col=1 round=stage3 frontier_in=2300 map_wall_s=0.003 map_cpu_s=0.004 merge_wall_s=0.006 merge_cpu_s=0.003 map_units=2 merge_ranges=2 map_eff_cores=1.24 merge_eff_cores=0.53
event=kink_round H=9 col=1 round=stage5 frontier_in=1798 map_wall_s=0.006 map_cpu_s=0.006 merge_wall_s=0.003 merge_cpu_s=0.002 map_units=1 merge_ranges=1 map_eff_cores=1.00 merge_eff_cores=0.58
event=kink_round H=4 col=3 round=stage1 frontier_in=36 map_wall_s=0.001 map_cpu_s=0.001 merge_wall_s=0.005 merge_cpu_s=0.001 map_units=1 merge_ranges=1 map_eff_cores=1.13 merge_eff_cores=0.19
event=kink_round H=3 col=4 round=finalize frontier_in=27 map_wall_s=0.003 map_cpu_s=0.000 merge_wall_s=0.001 merge_cpu_s=0.000 map_units=1 merge_ranges=1 map_eff_cores=0.00 merge_eff_cores=0.00
event=column H=3 col=4 frontier_in=10 frontier_out=10 wall_s=0.02 cum_wall_s=1.4 cpu_s=0.0 rss_max_mb=64.6 map_wall_s=0.01 map_cpu_s=0.0 merge_wall_s=0.01 merge_cpu_s=0.0 map_units=5 merge_ranges=4 eff_cores=0.19
event=kink_round H=12 col=1 round=stage0 frontier_in=2079 map_wall_s=0.004 map_cpu_s=0.005 merge_wall_s=0.007 merge_cpu_s=0.004 map_units=2 merge_ranges=2 map_eff_cores=1.18 merge_eff_cores=0.58
event=kink_round H=18 col=0 round=stage12 frontier_in=4096 map_wall_s=0.006 map_cpu_s=0.009 merge_wall_s=0.012 merge_cpu_s=0.009 map_units=2 merge_ranges=2 map_eff_cores=1.45 merge_eff_cores=0.77
event=kink_round H=5 col=2 round=finalize frontier_in=180 map_wall_s=0.001 map_cpu_s=0.001 merge_wall_s=0.008 merge_cpu_s=0.001 map_units=1 merge_ranges=1 map_eff_cores=1.27 merge_eff_cores=0.13
event=column H=5 col=2 frontier_in=56 frontier_out=57 wall_s=0.03 cum_wall_s=1.4 cpu_s=0.0 rss_max_mb=72.8 map_wall_s=0.01 map_cpu_s=0.0 merge_wall_s=0.02 merge_cpu_s=0.0 map_units=7 merge_ranges=6 eff_cores=0.39
event=kink_round H=3 col=5 round=seed frontier_in=10 map_wall_s=0.001 map_cpu_s=0.000 merge_wall_s=0.000 merge_cpu_s=0.000 map_units=1 merge_ranges=0 map_eff_cores=0.00 merge_eff_cores=0.00
event=kink_round H=5 col=3 round=seed frontier_in=57 map_wall_s=0.001 map_cpu_s=0.001 merge_wall_s=0.000 merge_cpu_s=0.000 map_units=1 merge_ranges=0 map_eff_cores=1.09 merge_eff_cores=0.00
event=kink_round H=7 col=2 round=stage0 frontier_in=307 map_wall_s=0.005 map_cpu_s=0.002 merge_wall_s=0.006 merge_cpu_s=0.001 map_units=1 merge_ranges=1 map_eff_cores=0.43 merge_eff_cores=0.16
event=kink_round H=6 col=2 round=stage0 frontier_in=126 map_wall_s=0.005 map_cpu_s=0.001 merge_wall_s=0.005 merge_cpu_s=0.001 map_units=1 merge_ranges=1 map_eff_cores=0.19 merge_eff_cores=0.18
event=kink_round H=11 col=1 round=stage2 frontier_in=3476 map_wall_s=0.004 map_cpu_s=0.007 merge_wall_s=0.007 merge_cpu_s=0.005 map_units=2 merge_ranges=2 map_eff_cores=1.61 merge_eff_cores=0.69
event=kink_round H=4 col=3 round=stage2 frontier_in=56 map_wall_s=0.004 map_cpu_s=0.001 merge_wall_s=0.003 merge_cpu_s=0.001 map_units=1 merge_ranges=1 map_eff_cores=0.26 merge_eff_cores=0.30
event=kink_round H=8 col=1 round=stage6 frontier_in=1114 map_wall_s=0.010 map_cpu_s=0.005 merge_wall_s=0.006 merge_cpu_s=0.003 map_units=1 merge_ranges=1 map_eff_cores=0.48 merge_eff_cores=0.50
event=kink_round H=4 col=3 round=stage3 frontier_in=59 map_wall_s=0.001 map_cpu_s=0.000 merge_wall_s=0.001 merge_cpu_s=0.000 map_units=1 merge_ranges=1 map_eff_cores=0.00 merge_eff_cores=0.00
event=kink_round H=13 col=0 round=finalize frontier_in=8192 map_wall_s=0.006 map_cpu_s=0.014 merge_wall_s=0.013 merge_cpu_s=0.008 map_units=4 merge_ranges=4 map_eff_cores=2.44 merge_eff_cores=0.60
event=column H=13 col=0 frontier_in=1 frontier_out=4159 wall_s=0.18 cum_wall_s=1.6 cpu_s=0.1 rss_max_mb=64.6 map_wall_s=0.05 map_cpu_s=0.0 merge_wall_s=0.12 merge_cpu_s=0.0 map_units=19 merge_ranges=18 eff_cores=0.35
event=kink_round H=10 col=1 round=stage4 frontier_in=2897 map_wall_s=0.009 map_cpu_s=0.010 merge_wall_s=0.003 merge_cpu_s=0.004 map_units=2 merge_ranges=2 map_eff_cores=1.12 merge_eff_cores=1.16
event=kink_round H=7 col=2 round=stage1 frontier_in=495 map_wall_s=0.002 map_cpu_s=0.001 merge_wall_s=0.003 merge_cpu_s=0.002 map_units=1 merge_ranges=1 map_eff_cores=0.54 merge_eff_cores=0.69
event=kink_round H=4 col=3 round=finalize frontier_in=70 map_wall_s=0.001 map_cpu_s=0.001 merge_wall_s=0.001 merge_cpu_s=0.000 map_units=1 merge_ranges=1 map_eff_cores=0.85 merge_eff_cores=0.00
event=column H=4 col=3 frontier_in=22 frontier_out=22 wall_s=0.02 cum_wall_s=1.6 cpu_s=0.0 rss_max_mb=58.6 map_wall_s=0.01 map_cpu_s=0.0 merge_wall_s=0.01 merge_cpu_s=0.0 map_units=6 merge_ranges=5 eff_cores=0.28
event=kink_round H=9 col=1 round=stage6 frontier_in=2190 map_wall_s=0.008 map_cpu_s=0.008 merge_wall_s=0.006 merge_cpu_s=0.006 map_units=2 merge_ranges=2 map_eff_cores=1.06 merge_eff_cores=0.95
event=kink_round H=5 col=3 round=stage0 frontier_in=57 map_wall_s=0.003 map_cpu_s=0.001 merge_wall_s=0.003 merge_cpu_s=0.001 map_units=1 merge_ranges=1 map_eff_cores=0.30 merge_eff_cores=0.29
event=kink_round H=14 col=0 round=stage13 frontier_in=8192 map_wall_s=0.009 map_cpu_s=0.017 merge_wall_s=0.007 merge_cpu_s=0.013 map_units=4 merge_ranges=4 map_eff_cores=1.96 merge_eff_cores=1.79
event=kink_round H=4 col=4 round=seed frontier_in=22 map_wall_s=0.001 map_cpu_s=0.001 merge_wall_s=0.000 merge_cpu_s=0.000 map_units=1 merge_ranges=0 map_eff_cores=0.92 merge_eff_cores=0.00
event=kink_round H=13 col=1 round=seed frontier_in=4159 map_wall_s=0.003 map_cpu_s=0.006 merge_wall_s=0.000 merge_cpu_s=0.000 map_units=3 merge_ranges=0 map_eff_cores=1.78 merge_eff_cores=0.00
event=kink_round H=15 col=0 round=stage13 frontier_in=8192 map_wall_s=0.007 map_cpu_s=0.023 merge_wall_s=0.013 merge_cpu_s=0.017 map_units=4 merge_ranges=4 map_eff_cores=3.27 merge_eff_cores=1.36
event=kink_round H=17 col=0 round=stage13 frontier_in=8192 map_wall_s=0.007 map_cpu_s=0.020 merge_wall_s=0.013 merge_cpu_s=0.015 map_units=4 merge_ranges=4 map_eff_cores=2.77 merge_eff_cores=1.12
event=kink_round H=19 col=0 round=stage13 frontier_in=8192 map_wall_s=0.010 map_cpu_s=0.022 merge_wall_s=0.012 merge_cpu_s=0.014 map_units=4 merge_ranges=4 map_eff_cores=2.24 merge_eff_cores=1.14
event=kink_round H=3 col=5 round=stage0 frontier_in=10 map_wall_s=0.003 map_cpu_s=0.001 merge_wall_s=0.007 merge_cpu_s=0.000 map_units=1 merge_ranges=1 map_eff_cores=0.30 merge_eff_cores=0.00
event=kink_round H=16 col=0 round=stage13 frontier_in=8192 map_wall_s=0.009 map_cpu_s=0.020 merge_wall_s=0.011 merge_cpu_s=0.014 map_units=4 merge_ranges=4 map_eff_cores=2.27 merge_eff_cores=1.28
event=kink_round H=5 col=3 round=stage1 frontier_in=94 map_wall_s=0.002 map_cpu_s=0.001 merge_wall_s=0.001 merge_cpu_s=0.001 map_units=1 merge_ranges=1 map_eff_cores=0.65 merge_eff_cores=0.82
event=kink_round H=3 col=5 round=stage1 frontier_in=17 map_wall_s=0.001 map_cpu_s=0.000 merge_wall_s=0.000 merge_cpu_s=0.000 map_units=1 merge_ranges=1 map_eff_cores=0.00 merge_eff_cores=0.00
event=kink_round H=3 col=5 round=stage2 frontier_in=23 map_wall_s=0.001 map_cpu_s=0.000 merge_wall_s=0.001 merge_cpu_s=0.000 map_units=1 merge_ranges=1 map_eff_cores=0.00 merge_eff_cores=0.00
event=kink_round H=4 col=4 round=stage0 frontier_in=22 map_wall_s=0.001 map_cpu_s=0.001 merge_wall_s=0.007 merge_cpu_s=0.000 map_units=1 merge_ranges=1 map_eff_cores=1.09 merge_eff_cores=0.00
event=kink_round H=6 col=2 round=stage1 frontier_in=203 map_wall_s=0.010 map_cpu_s=0.001 merge_wall_s=0.006 merge_cpu_s=0.001 map_units=1 merge_ranges=1 map_eff_cores=0.10 merge_eff_cores=0.16
event=kink_round H=3 col=5 round=finalize frontier_in=27 map_wall_s=0.002 map_cpu_s=0.001 merge_wall_s=0.005 merge_cpu_s=0.000 map_units=1 merge_ranges=1 map_eff_cores=0.55 merge_eff_cores=0.00
event=kink_round H=8 col=1 round=stage7 frontier_in=1399 map_wall_s=0.006 map_cpu_s=0.003 merge_wall_s=0.011 merge_cpu_s=0.004 map_units=1 merge_ranges=1 map_eff_cores=0.53 merge_eff_cores=0.36
event=kink_round H=4 col=4 round=stage1 frontier_in=36 map_wall_s=0.002 map_cpu_s=0.001 merge_wall_s=0.005 merge_cpu_s=0.001 map_units=1 merge_ranges=1 map_eff_cores=0.63 merge_eff_cores=0.20
event=column H=3 col=5 frontier_in=10 frontier_out=10 wall_s=0.03 cum_wall_s=1.7 cpu_s=0.0 rss_max_mb=50.5 map_wall_s=0.01 map_cpu_s=0.0 merge_wall_s=0.01 merge_cpu_s=0.0 map_units=5 merge_ranges=4 eff_cores=0.08
event=kink_round H=12 col=1 round=stage1 frontier_in=4158 map_wall_s=0.007 map_cpu_s=0.012 merge_wall_s=0.016 merge_cpu_s=0.008 map_units=3 merge_ranges=3 map_eff_cores=1.72 merge_eff_cores=0.50
event=kink_round H=5 col=3 round=stage2 frontier_in=146 map_wall_s=0.001 map_cpu_s=0.001 merge_wall_s=0.012 merge_cpu_s=0.001 map_units=1 merge_ranges=1 map_eff_cores=0.70 merge_eff_cores=0.08
event=kink_round H=18 col=0 round=stage13 frontier_in=8192 map_wall_s=0.008 map_cpu_s=0.021 merge_wall_s=0.016 merge_cpu_s=0.017 map_units=4 merge_ranges=4 map_eff_cores=2.67 merge_eff_cores=1.07
event=kink_round H=7 col=2 round=stage2 frontier_in=807 map_wall_s=0.002 map_cpu_s=0.002 merge_wall_s=0.016 merge_cpu_s=0.001 map_units=1 merge_ranges=1 map_eff_cores=0.85 merge_eff_cores=0.06
event=kink_round H=5 col=3 round=stage3 frontier_in=166 map_wall_s=0.001 map_cpu_s=0.001 merge_wall_s=0.002 merge_cpu_s=0.001 map_units=1 merge_ranges=1 map_eff_cores=0.69 merge_eff_cores=0.62
event=kink_round H=11 col=1 round=stage3 frontier_in=4608 map_wall_s=0.014 map_cpu_s=0.014 merge_wall_s=0.014 merge_cpu_s=0.009 map_units=3 merge_ranges=3 map_eff_cores=1.03 merge_eff_cores=0.62
event=kink_round H=10 col=1 round=stage5 frontier_in=3546 map_wall_s=0.008 map_cpu_s=0.013 merge_wall_s=0.014 merge_cpu_s=0.006 map_units=2 merge_ranges=2 map_eff_cores=1.67 merge_eff_cores=0.43
event=kink_round H=9 col=1 round=stage7 frontier_in=2691 map_wall_s=0.012 map_cpu_s=0.011 merge_wall_s=0.011 merge_cpu_s=0.004 map_units=2 merge_ranges=2 map_eff_cores=0.90 merge_eff_cores=0.38
event=kink_round H=3 col=6 round=seed frontier_in=10 map_wall_s=0.008 map_cpu_s=0.000 merge_wall_s=0.000 merge_cpu_s=0.000 map_units=1 merge_ranges=0 map_eff_cores=0.00 merge_eff_cores=0.00
event=kink_round H=8 col=1 round=finalize frontier_in=1800 map_wall_s=0.007 map_cpu_s=0.005 merge_wall_s=0.008 merge_cpu_s=0.002 map_units=1 merge_ranges=1 map_eff_cores=0.71 merge_eff_cores=0.26
event=kink_round H=6 col=2 round=stage2 frontier_in=330 map_wall_s=0.001 map_cpu_s=0.001 merge_wall_s=0.010 merge_cpu_s=0.002 map_units=1 merge_ranges=1 map_eff_cores=0.74 merge_eff_cores=0.20
event=column H=8 col=1 frontier_in=135 frontier_out=715 wall_s=0.09 cum_wall_s=1.8 cpu_s=0.0 rss_max_mb=64.6 map_wall_s=0.04 map_cpu_s=0.0 merge_wall_s=0.04 merge_cpu_s=0.0 map_units=10 merge_ranges=9 eff_cores=0.45
event=kink_round H=13 col=1 round=stage0 frontier_in=4159 map_wall_s=0.009 map_cpu_s=0.013 merge_wall_s=0.019 merge_cpu_s=0.009 map_units=3 merge_ranges=3 map_eff_cores=1.51 merge_eff_cores=0.47
event=kink_round H=3 col=6 round=stage0 frontier_in=10 map_wall_s=0.005 map_cpu_s=0.001 merge_wall_s=0.001 merge_cpu_s=0.000 map_units=1 merge_ranges=1 map_eff_cores=0.21 merge_eff_cores=0.00
event=kink_round H=4 col=4 round=stage2 frontier_in=56 map_wall_s=0.001 map_cpu_s=0.001 merge_wall_s=0.003 merge_cpu_s=0.000 map_units=1 merge_ranges=1 map_eff_cores=1.16 merge_eff_cores=0.00
event=kink_round H=8 col=2 round=seed frontier_in=715 map_wall_s=0.003 map_cpu_s=0.002 merge_wall_s=0.000 merge_cpu_s=0.000 map_units=1 merge_ranges=0 map_eff_cores=0.70 merge_eff_cores=0.00
event=kink_round H=6 col=2 round=stage3 frontier_in=394 map_wall_s=0.002 map_cpu_s=0.001 merge_wall_s=0.002 merge_cpu_s=0.002 map_units=1 merge_ranges=1 map_eff_cores=0.65 merge_eff_cores=0.83
event=kink_round H=7 col=2 round=stage3 frontier_in=975 map_wall_s=0.004 map_cpu_s=0.004 merge_wall_s=0.008 merge_cpu_s=0.003 map_units=1 merge_ranges=1 map_eff_cores=0.89 merge_eff_cores=0.36
event=kink_round H=3 col=6 round=stage1 frontier_in=17 map_wall_s=0.004 map_cpu_s=0.001 merge_wall_s=0.002 merge_cpu_s=0.001 map_units=1 merge_ranges=1 map_eff_cores=0.24 merge_eff_cores=0.60
event=kink_round H=5 col=3 round=stage4 frontier_in=179 map_wall_s=0.007 map_cpu_s=0.001 merge_wall_s=0.002 merge_cpu_s=0.001 map_units=1 merge_ranges=1 map_eff_cores=0.13 merge_eff_cores=0.55
event=kink_round H=17 col=0 round=stage14 frontier_in=16384 map_wall_s=0.012 map_cpu_s=0.046 merge_wall_s=0.023 merge_cpu_s=0.041 map_units=8 merge_ranges=8 map_eff_cores=3.78 merge_eff_cores=1.82
event=kink_round H=15 col=0 round=stage14 frontier_in=16384 map_wall_s=0.012 map_cpu_s=0.046 merge_wall_s=0.024 merge_cpu_s=0.033 map_units=8 merge_ranges=8 map_eff_cores=3.85 merge_eff_cores=1.39
event=kink_round H=14 col=0 round=finalize frontier_in=16384 map_wall_s=0.011 map_cpu_s=0.040 merge_wall_s=0.024 merge_cpu_s=0.020 map_units=8 merge_ranges=8 map_eff_cores=3.61 merge_eff_cores=0.82
event=kink_round H=16 col=0 round=stage14 frontier_in=16384 map_wall_s=0.009 map_cpu_s=0.041 merge_wall_s=0.020 merge_cpu_s=0.038 map_units=8 merge_ranges=8 map_eff_cores=4.40 merge_eff_cores=1.89
event=column H=14 col=0 frontier_in=1 frontier_out=8255 wall_s=0.22 cum_wall_s=2.0 cpu_s=0.1 rss_max_mb=64.6 map_wall_s=0.10 map_cpu_s=0.1 merge_wall_s=0.10 merge_cpu_s=0.0 map_units=27 merge_ranges=26 eff_cores=0.59
event=kink_round H=19 col=0 round=stage14 frontier_in=16384 map_wall_s=0.015 map_cpu_s=0.043 merge_wall_s=0.021 merge_cpu_s=0.034 map_units=8 merge_ranges=8 map_eff_cores=2.84 merge_eff_cores=1.64
event=kink_round H=4 col=4 round=stage3 frontier_in=59 map_wall_s=0.002 map_cpu_s=0.002 merge_wall_s=0.006 merge_cpu_s=0.001 map_units=1 merge_ranges=1 map_eff_cores=1.02 merge_eff_cores=0.16
event=kink_round H=3 col=6 round=stage2 frontier_in=23 map_wall_s=0.001 map_cpu_s=0.001 merge_wall_s=0.001 merge_cpu_s=0.000 map_units=1 merge_ranges=1 map_eff_cores=0.81 merge_eff_cores=0.00
event=kink_round H=5 col=3 round=finalize frontier_in=180 map_wall_s=0.001 map_cpu_s=0.001 merge_wall_s=0.003 merge_cpu_s=0.001 map_units=1 merge_ranges=1 map_eff_cores=0.78 merge_eff_cores=0.30
event=column H=5 col=3 frontier_in=57 frontier_out=57 wall_s=0.05 cum_wall_s=2.0 cpu_s=0.0 rss_max_mb=64.6 map_wall_s=0.02 map_cpu_s=0.0 merge_wall_s=0.02 merge_cpu_s=0.0 map_units=7 merge_ranges=6 eff_cores=0.26
event=kink_round H=3 col=6 round=finalize frontier_in=27 map_wall_s=0.001 map_cpu_s=0.000 merge_wall_s=0.005 merge_cpu_s=0.000 map_units=1 merge_ranges=1 map_eff_cores=0.00 merge_eff_cores=0.00
event=column H=3 col=6 frontier_in=10 frontier_out=10 wall_s=0.03 cum_wall_s=2.1 cpu_s=0.0 rss_max_mb=54.6 map_wall_s=0.02 map_cpu_s=0.0 merge_wall_s=0.01 merge_cpu_s=0.0 map_units=5 merge_ranges=4 eff_cores=0.14
event=kink_round H=8 col=2 round=stage0 frontier_in=715 map_wall_s=0.005 map_cpu_s=0.004 merge_wall_s=0.011 merge_cpu_s=0.002 map_units=1 merge_ranges=1 map_eff_cores=0.74 merge_eff_cores=0.18
event=kink_round H=5 col=4 round=seed frontier_in=57 map_wall_s=0.007 map_cpu_s=0.002 merge_wall_s=0.000 merge_cpu_s=0.000 map_units=1 merge_ranges=0 map_eff_cores=0.29 merge_eff_cores=0.00
event=kink_round H=6 col=2 round=stage4 frontier_in=413 map_wall_s=0.006 map_cpu_s=0.002 merge_wall_s=0.011 merge_cpu_s=0.002 map_units=1 merge_ranges=1 map_eff_cores=0.31 merge_eff_cores=0.19
event=kink_round H=7 col=2 round=stage4 frontier_in=1051 map_wall_s=0.004 map_cpu_s=0.004 merge_wall_s=0.010 merge_cpu_s=0.004 map_units=1 merge_ranges=1 map_eff_cores=1.02 merge_eff_cores=0.39
event=kink_round H=18 col=0 round=stage14 frontier_in=16384 map_wall_s=0.012 map_cpu_s=0.049 merge_wall_s=0.022 merge_cpu_s=0.044 map_units=8 merge_ranges=8 map_eff_cores=4.01 merge_eff_cores=1.97
event=kink_round H=9 col=1 round=stage8 frontier_in=3360 map_wall_s=0.011 map_cpu_s=0.007 merge_wall_s=0.018 merge_cpu_s=0.007 map_units=2 merge_ranges=2 map_eff_cores=0.64 merge_eff_cores=0.38
event=kink_round H=3 col=7 round=seed frontier_in=10 map_wall_s=0.007 map_cpu_s=0.001 merge_wall_s=0.000 merge_cpu_s=0.000 map_units=1 merge_ranges=0 map_eff_cores=0.15 merge_eff_cores=0.00
event=kink_round H=12 col=1 round=stage2 frontier_in=6868 map_wall_s=0.014 map_cpu_s=0.018 merge_wall_s=0.024 merge_cpu_s=0.011 map_units=4 merge_ranges=4 map_eff_cores=1.29 merge_eff_cores=0.45
event=kink_round H=11 col=1 round=stage4 frontier_in=5810 map_wall_s=0.015 map_cpu_s=0.018 merge_wall_s=0.018 merge_cpu_s=0.013 map_units=3 merge_ranges=3 map_eff_cores=1.23 merge_eff_cores=0.72
event=kink_round H=10 col=1 round=stage6 frontier_in=4307 map_wall_s=0.011 map_cpu_s=0.018 merge_wall_s=0.026 merge_cpu_s=0.013 map_units=3 merge_ranges=3 map_eff_cores=1.64 merge_eff_cores=0.50
event=kink_round H=4 col=4 round=finalize frontier_in=70 map_wall_s=0.003 map_cpu_s=0.003 merge_wall_s=0.014 merge_cpu_s=0.001 map_units=1 merge_ranges=1 map_eff_cores=0.96 merge_eff_cores=0.07
event=kink_round H=14 col=1 round=seed frontier_in=8255 map_wall_s=0.013 map_cpu_s=0.016 merge_wall_s=0.000 merge_cpu_s=0.000 map_units=5 merge_ranges=0 map_eff_cores=1.20 merge_eff_cores=0.00
event=column H=4 col=4 frontier_in=22 frontier_out=22 wall_s=0.06 cum_wall_s=2.1 cpu_s=0.0 rss_max_mb=64.6 map_wall_s=0.01 map_cpu_s=0.0 merge_wall_s=0.03 merge_cpu_s=0.0 map_units=6 merge_ranges=5 eff_cores=0.19
event=kink_round H=13 col=1 round=stage1 frontier_in=8318 map_wall_s=0.012 map_cpu_s=0.027 merge_wall_s=0.022 merge_cpu_s=0.026 map_units=5 merge_ranges=5 map_eff_cores=2.25 merge_eff_cores=1.17
event=kink_round H=5 col=4 round=stage0 frontier_in=57 map_wall_s=0.001 map_cpu_s=0.001 merge_wall_s=0.014 merge_cpu_s=0.000 map_units=1 merge_ranges=1 map_eff_cores=0.72 merge_eff_cores=0.00
event=kink_round H=4 col=5 round=seed frontier_in=22 map_wall_s=0.001 map_cpu_s=0.000 merge_wall_s=0.000 merge_cpu_s=0.000 map_units=1 merge_ranges=0 map_eff_cores=0.00 merge_eff_cores=0.00
event=kink_round H=7 col=2 round=stage5 frontier_in=1093 map_wall_s=0.007 map_cpu_s=0.006 merge_wall_s=0.015 merge_cpu_s=0.006 map_units=1 merge_ranges=1 map_eff_cores=0.84 merge_eff_cores=0.41
event=kink_round H=6 col=2 round=stage5 frontier_in=458 map_wall_s=0.011 map_cpu_s=0.002 merge_wall_s=0.015 merge_cpu_s=0.002 map_units=1 merge_ranges=1 map_eff_cores=0.18 merge_eff_cores=0.14
event=kink_round H=9 col=1 round=finalize frontier_in=4326 map_wall_s=0.013 map_cpu_s=0.019 merge_wall_s=0.013 merge_cpu_s=0.009 map_units=3 merge_ranges=3 map_eff_cores=1.51 merge_eff_cores=0.71
event=kink_round H=8 col=2 round=stage1 frontier_in=1142 map_wall_s=0.012 map_cpu_s=0.005 merge_wall_s=0.010 merge_cpu_s=0.003 map_units=1 merge_ranges=1 map_eff_cores=0.40 merge_eff_cores=0.29
event=kink_round H=3 col=7 round=stage0 frontier_in=10 map_wall_s=0.011 map_cpu_s=0.002 merge_wall_s=0.017 merge_cpu_s=0.001 map_units=1 merge_ranges=1 map_eff_cores=0.19 merge_eff_cores=0.06
event=kink_round H=6 col=2 round=finalize frontier_in=447 map_wall_s=0.003 map_cpu_s=0.002 merge_wall_s=0.008 merge_cpu_s=0.001 map_units=1 merge_ranges=1 map_eff_cores=0.76 merge_eff_cores=0.13
event=kink_round H=3 col=7 round=stage1 frontier_in=17 map_wall_s=0.003 map_cpu_s=0.001 merge_wall_s=0.002 merge_cpu_s=0.001 map_units=1 merge_ranges=1 map_eff_cores=0.38 merge_eff_cores=0.58
event=kink_round H=15 col=0 round=finalize frontier_in=32768 map_wall_s=0.014 map_cpu_s=0.096 merge_wall_s=0.034 merge_cpu_s=0.076 map_units=16 merge_ranges=16 map_eff_cores=6.83 merge_eff_cores=2.22
event=kink_round H=4 col=5 round=stage0 frontier_in=22 map_wall_s=0.012 map_cpu_s=0.001 merge_wall_s=0.010 merge_cpu_s=0.001 map_units=1 merge_ranges=1 map_eff_cores=0.09 merge_eff_cores=0.10
event=column H=9 col=1 frontier_in=271 frontier_out=1729 wall_s=0.15 cum_wall_s=2.3 cpu_s=0.1 rss_max_mb=79.0 map_wall_s=0.07 map_cpu_s=0.1 merge_wall_s=0.07 merge_cpu_s=0.0 map_units=16 merge_ranges=15 eff_cores=0.67
event=kink_round H=7 col=2 round=stage6 frontier_in=1169 map_wall_s=0.006 map_cpu_s=0.003 merge_wall_s=0.010 merge_cpu_s=0.005 map_units=1 merge_ranges=1 map_eff_cores=0.49 merge_eff_cores=0.52
event=kink_round H=14 col=1 round=stage0 frontier_in=8255 map_wall_s=0.013 map_cpu_s=0.024 merge_wall_s=0.013 merge_cpu_s=0.021 map_units=5 merge_ranges=5 map_eff_cores=1.85 merge_eff_cores=1.56
event=kink_round H=16 col=0 round=stage15 frontier_in=32768 map_wall_s=0.015 map_cpu_s=0.109 merge_wall_s=0.034 merge_cpu_s=0.102 map_units=16 merge_ranges=16 map_eff_cores=7.38 merge_eff_cores=3.01
event=kink_round H=3 col=7 round=stage2 frontier_in=23 map_wall_s=0.001 map_cpu_s=0.001 merge_wall_s=0.004 merge_cpu_s=0.001 map_units=1 merge_ranges=1 map_eff_cores=1.20 merge_eff_cores=0.27
event=kink_round H=5 col=4 round=stage1 frontier_in=94 map_wall_s=0.004 map_cpu_s=0.001 merge_wall_s=0.015 merge_cpu_s=0.001 map_units=1 merge_ranges=1 map_eff_cores=0.24 merge_eff_cores=0.07
event=column H=6 col=2 frontier_in=126 frontier_out=131 wall_s=0.11 cum_wall_s=2.4 cpu_s=0.0 rss_max_mb=56.6 map_wall_s=0.04 map_cpu_s=0.0 merge_wall_s=0.06 merge_cpu_s=0.0 map_units=8 merge_ranges=7 eff_cores=0.20
event=kink_round H=11 col=1 round=stage5 frontier_in=7124 map_wall_s=0.018 map_cpu_s=0.025 merge_wall_s=0.014 merge_cpu_s=0.019 map_units=4 merge_ranges=4 map_eff_cores=1.39 merge_eff_cores=1.40
event=kink_round H=13 col=1 round=stage2 frontier_in=13740 map_wall_s=0.012 map_cpu_s=0.048 merge_wall_s=0.017 merge_cpu_s=0.030 map_units=7 merge_ranges=7 map_eff_cores=3.98 merge_eff_cores=1.79
event=column H=15 col=0 frontier_in=1 frontier_out=16511 wall_s=0.27 cum_wall_s=2.7 cpu_s=0.3 rss_max_mb=74.8 map_wall_s=0.08 map_cpu_s=0.2 merge_wall_s=0.11 merge_cpu_s=0.1 map_units=43 merge_ranges=42 eff_cores=1.20
event=kink_round H=4 col=5 round=stage1 frontier_in=36 map_wall_s=0.004 map_cpu_s=0.001 merge_wall_s=0.003 merge_cpu_s=0.001 map_units=1 merge_ranges=1 map_eff_cores=0.23 merge_eff_cores=0.35
event=kink_round H=6 col=3 round=seed frontier_in=131 map_wall_s=0.003 map_cpu_s=0.001 merge_wall_s=0.000 merge_cpu_s=0.000 map_units=1 merge_ranges=0 map_eff_cores=0.37 merge_eff_cores=0.00
event=kink_round H=17 col=0 round=stage15 frontier_in=32768 map_wall_s=0.019 map_cpu_s=0.114 merge_wall_s=0.037 merge_cpu_s=0.104 map_units=16 merge_ranges=16 map_eff_cores=6.05 merge_eff_cores=2.78
event=kink_round H=12 col=1 round=stage3 frontier_in=9120 map_wall_s=0.023 map_cpu_s=0.028 merge_wall_s=0.016 merge_cpu_s=0.020 map_units=5 merge_ranges=5 map_eff_cores=1.22 merge_eff_cores=1.27
event=kink_round H=8 col=2 round=stage2 frontier_in=1882 map_wall_s=0.009 map_cpu_s=0.009 merge_wall_s=0.006 merge_cpu_s=0.006 map_units=1 merge_ranges=1 map_eff_cores=1.01 merge_eff_cores=0.94
event=kink_round H=3 col=7 round=finalize frontier_in=27 map_wall_s=0.001 map_cpu_s=0.000 merge_wall_s=0.004 merge_cpu_s=0.001 map_units=1 merge_ranges=1 map_eff_cores=0.00 merge_eff_cores=0.27
event=kink_round H=9 col=2 round=seed frontier_in=1729 map_wall_s=0.008 map_cpu_s=0.005 merge_wall_s=0.000 merge_cpu_s=0.000 map_units=1 merge_ranges=0 map_eff_cores=0.64 merge_eff_cores=0.00
event=column H=3 col=7 frontier_in=10 frontier_out=10 wall_s=0.05 cum_wall_s=2.7 cpu_s=0.0 rss_max_mb=62.6 map_wall_s=0.02 map_cpu_s=0.0 merge_wall_s=0.03 merge_cpu_s=0.0 map_units=5 merge_ranges=4 eff_cores=0.19
event=kink_round H=7 col=2 round=finalize frontier_in=1127 map_wall_s=0.005 map_cpu_s=0.004 merge_wall_s=0.002 merge_cpu_s=0.001 map_units=1 merge_ranges=1 map_eff_cores=0.76 merge_eff_cores=0.47
event=column H=7 col=2 frontier_in=307 frontier_out=334 wall_s=0.12 cum_wall_s=2.8 cpu_s=0.1 rss_max_mb=64.6 map_wall_s=0.04 map_cpu_s=0.0 merge_wall_s=0.07 merge_cpu_s=0.0 map_units=9 merge_ranges=8 eff_cores=0.43
event=kink_round H=5 col=4 round=stage2 frontier_in=146 map_wall_s=0.002 map_cpu_s=0.001 merge_wall_s=0.004 merge_cpu_s=0.001 map_units=1 merge_ranges=1 map_eff_cores=0.54 merge_eff_cores=0.24
event=kink_round H=3 col=8 round=seed frontier_in=10 map_wall_s=0.003 map_cpu_s=0.001 merge_wall_s=0.000 merge_cpu_s=0.000 map_units=1 merge_ranges=0 map_eff_cores=0.39 merge_eff_cores=0.00
event=kink_round H=6 col=3 round=stage0 frontier_in=131 map_wall_s=0.002 map_cpu_s=0.001 merge_wall_s=0.003 merge_cpu_s=0.001 map_units=1 merge_ranges=1 map_eff_cores=0.59 merge_eff_cores=0.32
event=kink_round H=7 col=3 round=seed frontier_in=334 map_wall_s=0.002 map_cpu_s=0.002 merge_wall_s=0.000 merge_cpu_s=0.000 map_units=1 merge_ranges=0 map_eff_cores=0.92 merge_eff_cores=0.00
event=kink_round H=4 col=5 round=stage2 frontier_in=56 map_wall_s=0.001 map_cpu_s=0.001 merge_wall_s=0.005 merge_cpu_s=0.001 map_units=1 merge_ranges=1 map_eff_cores=0.68 merge_eff_cores=0.21
event=kink_round H=15 col=1 round=seed frontier_in=16511 map_wall_s=0.011 map_cpu_s=0.031 merge_wall_s=0.000 merge_cpu_s=0.000 map_units=9 merge_ranges=0 map_eff_cores=2.80 merge_eff_cores=0.00
event=kink_round H=6 col=3 round=stage1 frontier_in=212 map_wall_s=0.002 map_cpu_s=0.002 merge_wall_s=0.006 merge_cpu_s=0.005 map_units=1 merge_ranges=1 map_eff_cores=0.89 merge_eff_cores=0.78
event=kink_round H=10 col=1 round=stage7 frontier_in=5284 map_wall_s=0.016 map_cpu_s=0.020 merge_wall_s=0.020 merge_cpu_s=0.013 map_units=3 merge_ranges=3 map_eff_cores=1.23 merge_eff_cores=0.66
event=kink_round H=9 col=2 round=stage0 frontier_in=1729 map_wall_s=0.008 map_cpu_s=0.006 merge_wall_s=0.009 merge_cpu_s=0.008 map_units=1 merge_ranges=1 map_eff_cores=0.78 merge_eff_cores=0.89
event=kink_round H=8 col=2 round=stage3 frontier_in=2295 map_wall_s=0.007 map_cpu_s=0.010 merge_wall_s=0.010 merge_cpu_s=0.007 map_units=2 merge_ranges=2 map_eff_cores=1.50 merge_eff_cores=0.69
event=kink_round H=19 col=0 round=stage15 frontier_in=32768 map_wall_s=0.025 map_cpu_s=0.117 merge_wall_s=0.036 merge_cpu_s=0.098 map_units=16 merge_ranges=16 map_eff_cores=4.77 merge_eff_cores=2.73
event=kink_round H=3 col=8 round=stage0 frontier_in=10 map_wall_s=0.001 map_cpu_s=0.001 merge_wall_s=0.015 merge_cpu_s=0.001 map_units=1 merge_ranges=1 map_eff_cores=1.07 merge_eff_cores=0.07
event=kink_round H=18 col=0 round=stage15 frontier_in=32768 map_wall_s=0.017 map_cpu_s=0.097 merge_wall_s=0.036 merge_cpu_s=0.095 map_units=16 merge_ranges=16 map_eff_cores=5.78 merge_eff_cores=2.63
event=kink_round H=7 col=3 round=stage0 frontier_in=334 map_wall_s=0.014 map_cpu_s=0.005 merge_wall_s=0.014 merge_cpu_s=0.004 map_units=1 merge_ranges=1 map_eff_cores=0.36 merge_eff_cores=0.29
event=kink_round H=4 col=5 round=stage3 frontier_in=59 map_wall_s=0.013 map_cpu_s=0.001 merge_wall_s=0.013 merge_cpu_s=0.001 map_units=1 merge_ranges=1 map_eff_cores=0.07 merge_eff_cores=0.08
event=kink_round H=11 col=1 round=stage6 frontier_in=8649 map_wall_s=0.009 map_cpu_s=0.032 merge_wall_s=0.025 merge_cpu_s=0.029 map_units=5 merge_ranges=5 map_eff_cores=3.56 merge_eff_cores=1.18
event=kink_round H=5 col=4 round=stage3 frontier_in=166 map_wall_s=0.007 map_cpu_s=0.004 merge_wall_s=0.026 merge_cpu_s=0.001 map_units=1 merge_ranges=1 map_eff_cores=0.56 merge_eff_cores=0.04
event=kink_round H=6 col=3 round=stage2 frontier_in=341 map_wall_s=0.016 map_cpu_s=0.002 merge_wall_s=0.012 merge_cpu_s=0.003 map_units=1 merge_ranges=1 map_eff_cores=0.12 merge_eff_cores=0.26
event=kink_round H=3 col=8 round=stage1 frontier_in=17 map_wall_s=0.019 map_cpu_s=0.001 merge_wall_s=0.007 merge_cpu_s=0.001 map_units=1 merge_ranges=1 map_eff_cores=0.05 merge_eff_cores=0.14
event=kink_round H=8 col=2 round=stage4 frontier_in=2516 map_wall_s=0.015 map_cpu_s=0.013 merge_wall_s=0.016 merge_cpu_s=0.009 map_units=2 merge_ranges=2 map_eff_cores=0.84 merge_eff_cores=0.58
event=kink_round H=13 col=1 round=stage3 frontier_in=18248 map_wall_s=0.017 map_cpu_s=0.071 merge_wall_s=0.035 merge_cpu_s=0.040 map_units=9 merge_ranges=9 map_eff_cores=4.27 merge_eff_cores=1.13
event=kink_round H=7 col=3 round=stage1 frontier_in=542 map_wall_s=0.011 map_cpu_s=0.004 merge_wall_s=0.011 merge_cpu_s=0.004 map_units=1 merge_ranges=1 map_eff_cores=0.37 merge_eff_cores=0.37
event=kink_round H=9 col=2 round=stage1 frontier_in=2762 map_wall_s=0.019 map_cpu_s=0.014 merge_wall_s=0.018 merge_cpu_s=0.012 map_units=2 merge_ranges=2 map_eff_cores=0.73 merge_eff_cores=0.65
event=kink_round H=5 col=4 round=stage4 frontier_in=179 map_wall_s=0.009 map_cpu_s=0.002 merge_wall_s=0.011 merge_cpu_s=0.001 map_units=1 merge_ranges=1 map_eff_cores=0.23 merge_eff_cores=0.09
event=kink_round H=14 col=1 round=stage1 frontier_in=16510 map_wall_s=0.020 map_cpu_s=0.062 merge_wall_s=0.038 merge_cpu_s=0.047 map_units=9 merge_ranges=9 map_eff_cores=3.07 merge_eff_cores=1.24
event=kink_round H=6 col=3 round=stage3 frontier_in=403 map_wall_s=0.011 map_cpu_s=0.004 merge_wall_s=0.013 merge_cpu_s=0.003 map_units=1 merge_ranges=1 map_eff_cores=0.35 merge_eff_cores=0.23
event=kink_round H=5 col=4 round=finalize frontier_in=180 map_wall_s=0.003 map_cpu_s=0.003 merge_wall_s=0.008 merge_cpu_s=0.001 map_units=1 merge_ranges=1 map_eff_cores=0.97 merge_eff_cores=0.13
event=column H=5 col=4 frontier_in=57 frontier_out=57 wall_s=0.12 cum_wall_s=2.9 cpu_s=0.0 rss_max_mb=58.6 map_wall_s=0.03 map_cpu_s=0.0 merge_wall_s=0.08 merge_cpu_s=0.0 map_units=7 merge_ranges=6 eff_cores=0.16
event=kink_round H=15 col=1 round=stage0 frontier_in=16511 map_wall_s=0.029 map_cpu_s=0.046 merge_wall_s=0.031 merge_cpu_s=0.053 map_units=9 merge_ranges=9 map_eff_cores=1.61 merge_eff_cores=1.74
event=kink_round H=12 col=1 round=stage4 frontier_in=11510 map_wall_s=0.021 map_cpu_s=0.048 merge_wall_s=0.050 merge_cpu_s=0.026 map_units=6 merge_ranges=6 map_eff_cores=2.28 merge_eff_cores=0.52
event=kink_round H=4 col=5 round=finalize frontier_in=70 map_wall_s=0.031 map_cpu_s=0.001 merge_wall_s=0.008 merge_cpu_s=0.001 map_units=1 merge_ranges=1 map_eff_cores=0.03 merge_eff_cores=0.12
event=column H=4 col=5 frontier_in=22 frontier_out=22 wall_s=0.10 cum_wall_s=3.0 cpu_s=0.0 rss_max_mb=60.6 map_wall_s=0.06 map_cpu_s=0.0 merge_wall_s=0.04 merge_cpu_s=0.0 map_units=6 merge_ranges=5 eff_cores=0.10
event=kink_round H=3 col=8 round=stage2 frontier_in=23 map_wall_s=0.018 map_cpu_s=0.001 merge_wall_s=0.002 merge_cpu_s=0.001 map_units=1 merge_ranges=1 map_eff_cores=0.05 merge_eff_cores=0.54
event=kink_round H=4 col=6 round=seed frontier_in=22 map_wall_s=0.001 map_cpu_s=0.001 merge_wall_s=0.000 merge_cpu_s=0.000 map_units=1 merge_ranges=0 map_eff_cores=1.08 merge_eff_cores=0.00
event=kink_round H=5 col=5 round=seed frontier_in=57 map_wall_s=0.001 map_cpu_s=0.001 merge_wall_s=0.000 merge_cpu_s=0.000 map_units=1 merge_ranges=0 map_eff_cores=0.87 merge_eff_cores=0.00
event=kink_round H=9 col=2 round=stage2 frontier_in=4556 map_wall_s=0.017 map_cpu_s=0.023 merge_wall_s=0.008 merge_cpu_s=0.017 map_units=3 merge_ranges=3 map_eff_cores=1.35 merge_eff_cores=2.03
event=kink_round H=3 col=8 round=finalize frontier_in=27 map_wall_s=0.001 map_cpu_s=0.001 merge_wall_s=0.006 merge_cpu_s=0.001 map_units=1 merge_ranges=1 map_eff_cores=0.82 merge_eff_cores=0.16
event=column H=3 col=8 frontier_in=10 frontier_out=10 wall_s=0.08 cum_wall_s=3.1 cpu_s=0.0 rss_max_mb=50.5 map_wall_s=0.04 map_cpu_s=0.0 merge_wall_s=0.03 merge_cpu_s=0.0 map_units=5 merge_ranges=4 eff_cores=0.11
event=kink_round H=4 col=6 round=stage0 frontier_in=22 map_wall_s=0.006 map_cpu_s=0.001 merge_wall_s=0.001 merge_cpu_s=0.000 map_units=1 merge_ranges=1 map_eff_cores=0.16 merge_eff_cores=0.00
event=kink_round H=3 col=9 round=seed frontier_in=10 map_wall_s=0.001 map_cpu_s=0.001 merge_wall_s=0.000 merge_cpu_s=0.000 map_units=1 merge_ranges=0 map_eff_cores=1.14 merge_eff_cores=0.00
event=kink_round H=7 col=3 round=stage2 frontier_in=872 map_wall_s=0.004 map_cpu_s=0.004 merge_wall_s=0.017 merge_cpu_s=0.005 map_units=1 merge_ranges=1 map_eff_cores=0.95 merge_eff_cores=0.29
event=kink_round H=5 col=5 round=stage0 frontier_in=57 map_wall_s=0.002 map_cpu_s=0.002 merge_wall_s=0.013 merge_cpu_s=0.002 map_units=1 merge_ranges=1 map_eff_cores=0.80 merge_eff_cores=0.15
event=kink_round H=3 col=9 round=stage0 frontier_in=10 map_wall_s=0.003 map_cpu_s=0.003 merge_wall_s=0.006 merge_cpu_s=0.001 map_units=1 merge_ranges=1 map_eff_cores=1.05 merge_eff_cores=0.17
event=kink_round H=11 col=1 round=stage7 frontier_in=10473 map_wall_s=0.033 map_cpu_s=0.045 merge_wall_s=0.020 merge_cpu_s=0.028 map_units=6 merge_ranges=6 map_eff_cores=1.37 merge_eff_cores=1.41
event=kink_round H=4 col=6 round=stage1 frontier_in=36 map_wall_s=0.004 map_cpu_s=0.003 merge_wall_s=0.008 merge_cpu_s=0.001 map_units=1 merge_ranges=1 map_eff_cores=0.74 merge_eff_cores=0.13
event=kink_round H=3 col=9 round=stage1 frontier_in=17 map_wall_s=0.003 map_cpu_s=0.001 merge_wall_s=0.002 merge_cpu_s=0.001 map_units=1 merge_ranges=1 map_eff_cores=0.39 merge_eff_cores=0.51
event=kink_round H=10 col=1 round=stage8 frontier_in=6503 map_wall_s=0.027 map_cpu_s=0.029 merge_wall_s=0.032 merge_cpu_s=0.018 map_units=4 merge_ranges=4 map_eff_cores=1.07 merge_eff_cores=0.56
event=kink_round H=6 col=3 round=stage4 frontier_in=423 map_wall_s=0.019 map_cpu_s=0.003 merge_wall_s=0.004 merge_cpu_s=0.001 map_units=1 merge_ranges=1 map_eff_cores=0.16 merge_eff_cores=0.25
event=kink_round H=8 col=2 round=stage5 frontier_in=2631 map_wall_s=0.017 map_cpu_s=0.015 merge_wall_s=0.015 merge_cpu_s=0.009 map_units=2 merge_ranges=2 map_eff_cores=0.88 merge_eff_cores=0.58
event=kink_round H=4 col=6 round=stage2 frontier_in=56 map_wall_s=0.002 map_cpu_s=0.001 merge_wall_s=0.001 merge_cpu_s=0.001 map_units=1 merge_ranges=1 map_eff_cores=0.45 merge_eff_cores=0.83
event=kink_round H=5 col=5 round=stage1 frontier_in=94 map_wall_s=0.001 map_cpu_s=0.001 merge_wall_s=0.011 merge_cpu_s=0.001 map_units=1 merge_ranges=1 map_eff_cores=0.73 merge_eff_cores=0.09
event=kink_round H=6 col=3 round=stage5 frontier_in=458 map_wall_s=0.003 map_cpu_s=0.003 merge_wall_s=0.003 merge_cpu_s=0.003 map_units=1 merge_ranges=1 map_eff_cores=0.94 merge_eff_cores=0.97
event=kink_round H=16 col=0 round=finalize frontier_in=65536 map_wall_s=0.021 map_cpu_s=0.248 merge_wall_s=0.082 merge_cpu_s=0.182 map_units=32 merge_ranges=32 map_eff_cores=11.71 merge_eff_cores=2.22
event=kink_round H=7 col=3 round=stage3 frontier_in=1034 map_wall_s=0.009 map_cpu_s=0.006 merge_wall_s=0.009 merge_cpu_s=0.003 map_units=1 merge_ranges=1 map_eff_cores=0.64 merge_eff_cores=0.35
event=kink_round H=4 col=6 round=stage3 frontier_in=59 map_wall_s=0.002 map_cpu_s=0.001 merge_wall_s=0.007 merge_cpu_s=0.001 map_units=1 merge_ranges=1 map_eff_cores=0.48 merge_eff_cores=0.15
event=kink_round H=14 col=1 round=stage2 frontier_in=27308 map_wall_s=0.019 map_cpu_s=0.091 merge_wall_s=0.026 merge_cpu_s=0.077 map_units=14 merge_ranges=14 map_eff_cores=4.86 merge_eff_cores=2.92
event=kink_round H=6 col=3 round=finalize frontier_in=447 map_wall_s=0.002 map_cpu_s=0.002 merge_wall_s=0.002 merge_cpu_s=0.001 map_units=1 merge_ranges=1 map_eff_cores=0.81 merge_eff_cores=0.64
event=column H=6 col=3 frontier_in=131 frontier_out=131 wall_s=0.11 cum_wall_s=3.2 cpu_s=0.0 rss_max_mb=60.6 map_wall_s=0.06 map_cpu_s=0.0 merge_wall_s=0.04 merge_cpu_s=0.0 map_units=8 merge_ranges=7 eff_cores=0.31
event=kink_round H=9 col=2 round=stage3 frontier_in=5566 map_wall_s=0.010 map_cpu_s=0.028 merge_wall_s=0.019 merge_cpu_s=0.017 map_units=3 merge_ranges=3 map_eff_cores=2.72 merge_eff_cores=0.91
event=kink_round H=13 col=1 round=stage4 frontier_in=23036 map_wall_s=0.013 map_cpu_s=0.089 merge_wall_s=0.017 merge_cpu_s=0.055 map_units=12 merge_ranges=12 map_eff_cores=6.88 merge_eff_cores=3.17
event=kink_round H=4 col=6 round=finalize frontier_in=70 map_wall_s=0.002 map_cpu_s=0.001 merge_wall_s=0.003 merge_cpu_s=0.001 map_units=1 merge_ranges=1 map_eff_cores=0.64 merge_eff_cores=0.29
event=kink_round H=6 col=4 round=seed frontier_in=131 map_wall_s=0.002 map_cpu_s=0.001 merge_wall_s=0.000 merge_cpu_s=0.000 map_units=1 merge_ranges=0 map_eff_cores=0.55 merge_eff_cores=0.00
event=column H=4 col=6 frontier_in=22 frontier_out=22 wall_s=0.04 cum_wall_s=3.3 cpu_s=0.0 rss_max_mb=74.8 map_wall_s=0.02 map_cpu_s=0.0 merge_wall_s=0.02 merge_cpu_s=0.0 map_units=6 merge_ranges=5 eff_cores=0.31
event=kink_round H=3 col=9 round=stage2 frontier_in=23 map_wall_s=0.001 map_cpu_s=0.001 merge_wall_s=0.016 merge_cpu_s=0.001 map_units=1 merge_ranges=1 map_eff_cores=0.90 merge_eff_cores=0.06
event=kink_round H=12 col=1 round=stage5 frontier_in=14128 map_wall_s=0.022 map_cpu_s=0.053 merge_wall_s=0.019 merge_cpu_s=0.031 map_units=7 merge_ranges=7 map_eff_cores=2.42 merge_eff_cores=1.65
event=kink_round H=5 col=5 round=stage2 frontier_in=146 map_wall_s=0.002 map_cpu_s=0.002 merge_wall_s=0.008 merge_cpu_s=0.001 map_units=1 merge_ranges=1 map_eff_cores=0.83 merge_eff_cores=0.13
event=column H=16 col=0 frontier_in=1 frontier_out=32895 wall_s=0.39 cum_wall_s=3.7 cpu_s=0.8 rss_max_mb=79.0 map_wall_s=0.10 map_cpu_s=0.4 merge_wall_s=0.26 merge_cpu_s=0.4 map_units=75 merge_ranges=74 eff_cores=2.05
event=kink_round H=4 col=7 round=seed frontier_in=22 map_wall_s=0.002 map_cpu_s=0.000 merge_wall_s=0.000 merge_cpu_s=0.000 map_units=1 merge_ranges=0 map_eff_cores=0.00 merge_eff_cores=0.00
event=kink_round H=8 col=2 round=stage6 frontier_in=2793 map_wall_s=0.009 map_cpu_s=0.011 merge_wall_s=0.009 merge_cpu_s=0.008 map_units=2 merge_ranges=2 map_eff_cores=1.25 merge_eff_cores=0.90
event=kink_round H=4 col=7 round=stage0 frontier_in=22 map_wall_s=0.002 map_cpu_s=0.001 merge_wall_s=0.001 merge_cpu_s=0.001 map_units=1 merge_ranges=1 map_eff_cores=0.63 merge_eff_cores=0.88
event=kink_round H=7 col=3 round=stage4 frontier_in=1112 map_wall_s=0.008 map_cpu_s=0.007 merge_wall_s=0.005 merge_cpu_s=0.005 map_units=1 merge_ranges=1 map_eff_cores=0.91 merge_eff_cores=0.97
event=kink_round H=4 col=7 round=stage1 frontier_in=36 map_wall_s=0.001 map_cpu_s=0.001 merge_wall_s=0.001 merge_cpu_s=0.001 map_units=1 merge_ranges=1 map_eff_cores=1.05 merge_eff_cores=1.09
event=kink_round H=6 col=4 round=stage0 frontier_in=131 map_wall_s=0.002 map_cpu_s=0.002 merge_wall_s=0.009 merge_cpu_s=0.001 map_units=1 merge_ranges=1 map_eff_cores=0.93 merge_eff_cores=0.11
event=kink_round H=5 col=5 round=stage3 frontier_in=166 map_wall_s=0.009 map_cpu_s=0.002 merge_wall_s=0.002 merge_cpu_s=0.001 map_units=1 merge_ranges=1 map_eff_cores=0.21 merge_eff_cores=0.46
event=kink_round H=3 col=9 round=finalize frontier_in=27 map_wall_s=0.006 map_cpu_s=0.001 merge_wall_s=0.006 merge_cpu_s=0.001 map_units=1 merge_ranges=1 map_eff_cores=0.16 merge_eff_cores=0.16
event=column H=3 col=9 frontier_in=10 frontier_out=10 wall_s=0.04 cum_wall_s=3.7 cpu_s=0.0 rss_max_mb=64.6 map_wall_s=0.01 map_cpu_s=0.0 merge_wall_s=0.03 merge_cpu_s=0.0 map_units=5 merge_ranges=4 eff_cores=0.25
event=kink_round H=4 col=7 round=stage2 frontier_in=56 map_wall_s=0.007 map_cpu_s=0.001 merge_wall_s=0.001 merge_cpu_s=0.000 map_units=1 merge_ranges=1 map_eff_cores=0.13 merge_eff_cores=0.00
event=kink_round H=5 col=5 round=stage4 frontier_in=179 map_wall_s=0.001 map_cpu_s=0.001 merge_wall_s=0.002 merge_cpu_s=0.001 map_units=1 merge_ranges=1 map_eff_cores=0.69 merge_eff_cores=0.50
event=kink_round H=7 col=3 round=stage5 frontier_in=1130 map_wall_s=0.008 map_cpu_s=0.008 merge_wall_s=0.005 merge_cpu_s=0.004 map_units=1 merge_ranges=1 map_eff_cores=0.97 merge_eff_cores=0.89
event=kink_round H=3 col=10 round=seed frontier_in=10 map_wall_s=0.005 map_cpu_s=0.000 merge_wall_s=0.000 merge_cpu_s=0.000 map_units=1 merge_ranges=0 map_eff_cores=0.00 merge_eff_cores=0.00
event=kink_round H=11 col=1 round=stage8 frontier_in=12748 map_wall_s=0.015 map_cpu_s=0.054 merge_wall_s=0.021 merge_cpu_s=0.041 map_units=7 merge_ranges=7 map_eff_cores=3.61 merge_eff_cores=1.93
event=kink_round H=6 col=4 round=stage1 frontier_in=212 map_wall_s=0.003 map_cpu_s=0.003 merge_wall_s=0.007 merge_cpu_s=0.002 map_units=1 merge_ranges=1 map_eff_cores=1.07 merge_eff_cores=0.29
event=kink_round H=3 col=10 round=stage0 frontier_in=10 map_wall_s=0.001 map_cpu_s=0.000 merge_wall_s=0.001 merge_cpu_s=0.001 map_units=1 merge_ranges=1 map_eff_cores=0.00 merge_eff_cores=0.90
event=kink_round H=16 col=1 round=seed frontier_in=32895 map_wall_s=0.020 map_cpu_s=0.080 merge_wall_s=0.000 merge_cpu_s=0.000 map_units=17 merge_ranges=0 map_eff_cores=4.05 merge_eff_cores=0.00
event=kink_round H=5 col=5 round=finalize frontier_in=180 map_wall_s=0.002 map_cpu_s=0.001 merge_wall_s=0.003 merge_cpu_s=0.001 map_units=1 merge_ranges=1 map_eff_cores=0.57 merge_eff_cores=0.33
event=kink_round H=3 col=10 round=stage1 frontier_in=17 map_wall_s=0.001 map_cpu_s=0.001 merge_wall_s=0.002 merge_cpu_s=0.001 map_units=1 merge_ranges=1 map_eff_cores=0.96 merge_eff_cores=0.59
event=column H=5 col=5 frontier_in=57 frontier_out=57 wall_s=0.06 cum_wall_s=3.8 cpu_s=0.0 rss_max_mb=56.6 map_wall_s=0.02 map_cpu_s=0.0 merge_wall_s=0.04 merge_cpu_s=0.0 map_units=7 merge_ranges=6 eff_cores=0.27
event=kink_round H=4 col=7 round=stage3 frontier_in=59 map_wall_s=0.008 map_cpu_s=0.001 merge_wall_s=0.001 merge_cpu_s=0.001 map_units=1 merge_ranges=1 map_eff_cores=0.13 merge_eff_cores=0.80
event=kink_round H=10 col=1 round=stage9 frontier_in=8120 map_wall_s=0.011 map_cpu_s=0.032 merge_wall_s=0.024 merge_cpu_s=0.027 map_units=4 merge_ranges=4 map_eff_cores=3.04 merge_eff_cores=1.12
event=kink_round H=15 col=1 round=stage1 frontier_in=33022 map_wall_s=0.017 map_cpu_s=0.104 merge_wall_s=0.024 merge_cpu_s=0.101 map_units=17 merge_ranges=17 map_eff_cores=6.02 merge_eff_cores=4.24
event=kink_round H=19 col=0 round=stage16 frontier_in=65536 map_wall_s=0.034 map_cpu_s=0.218 merge_wall_s=0.083 merge_cpu_s=0.246 map_units=32 merge_ranges=32 map_eff_cores=6.41 merge_eff_cores=2.96
event=kink_round H=5 col=6 round=seed frontier_in=57 map_wall_s=0.004 map_cpu_s=0.001 merge_wall_s=0.000 merge_cpu_s=0.000 map_units=1 merge_ranges=0 map_eff_cores=0.23 merge_eff_cores=0.00
event=kink_round H=8 col=2 round=stage7 frontier_in=2984 map_wall_s=0.012 map_cpu_s=0.015 merge_wall_s=0.008 merge_cpu_s=0.010 map_units=2 merge_ranges=2 map_eff_cores=1.27 merge_eff_cores=1.27
event=kink_round H=18 col=0 round=stage16 frontier_in=65536 map_wall_s=0.028 map_cpu_s=0.212 merge_wall_s=0.073 merge_cpu_s=0.238 map_units=32 merge_ranges=32 map_eff_cores=7.60 merge_eff_cores=3.26
event=kink_round H=7 col=3 round=stage6 frontier_in=1170 map_wall_s=0.005 map_cpu_s=0.004 merge_wall_s=0.012 merge_cpu_s=0.006 map_units=1 merge_ranges=1 map_eff_cores=0.82 merge_eff_cores=0.50
event=kink_round H=4 col=7 round=finalize frontier_in=70 map_wall_s=0.001 map_cpu_s=0.001 merge_wall_s=0.012 merge_cpu_s=0.001 map_units=1 merge_ranges=1 map_eff_cores=0.96 merge_eff_cores=0.08
event=column H=4 col=7 frontier_in=22 frontier_out=22 wall_s=0.04 cum_wall_s=3.8 cpu_s=0.0 rss_max_mb=50.5 map_wall_s=0.02 map_cpu_s=0.0 merge_wall_s=0.02 merge_cpu_s=0.0 map_units=6 merge_ranges=5 eff_cores=0.23
event=kink_round H=17 col=0 round=stage16 frontier_in=65536 map_wall_s=0.035 map_cpu_s=0.262 merge_wall_s=0.103 merge_cpu_s=0.245 map_units=32 merge_ranges=32 map_eff_cores=7.38 merge_eff_cores=2.39
event=kink_round H=9 col=2 round=stage4 frontier_in=6131 map_wall_s=0.024 map_cpu_s=0.026 merge_wall_s=0.026 merge_cpu_s=0.017 map_units=3 merge_ranges=3 map_eff_cores=1.10 merge_eff_cores=0.66
event=kink_round H=5 col=6 round=stage0 frontier_in=57 map_wall_s=0.007 map_cpu_s=0.003 merge_wall_s=0.023 merge_cpu_s=0.002 map_units=1 merge_ranges=1 map_eff_cores=0.45 merge_eff_cores=0.09
event=kink_round H=10 col=1 round=finalize frontier_in=10453 map_wall_s=0.019 map_cpu_s=0.043 merge_wall_s=0.017 merge_cpu_s=0.029 map_units=6 merge_ranges=6 map_eff_cores=2.27 merge_eff_cores=1.67
event=kink_round H=5 col=6 round=stage1 frontier_in=94 map_wall_s=0.001 map_cpu_s=0.001 merge_wall_s=0.002 merge_cpu_s=0.001 map_units=1 merge_ranges=1 map_eff_cores=0.85 merge_eff_cores=0.45
event=column H=10 col=1 frontier_in=527 frontier_out=4107 wall_s=0.32 cum_wall_s=4.1 cpu_s=0.3 rss_max_mb=64.6 map_wall_s=0.12 map_cpu_s=0.2 merge_wall_s=0.15 merge_cpu_s=0.1 map_units=30 merge_ranges=29 eff_cores=0.93
event=kink_round H=7 col=3 round=finalize frontier_in=1129 map_wall_s=0.009 map_cpu_s=0.004 merge_wall_s=0.002 merge_cpu_s=0.001 map_units=1 merge_ranges=1 map_eff_cores=0.46 merge_eff_cores=0.50
event=column H=7 col=3 frontier_in=334 frontier_out=335 wall_s=0.18 cum_wall_s=4.3 cpu_s=0.1 rss_max_mb=64.6 map_wall_s=0.07 map_cpu_s=0.0 merge_wall_s=0.07 merge_cpu_s=0.0 map_units=9 merge_ranges=8 eff_cores=0.43
event=kink_round H=4 col=8 round=seed frontier_in=22 map_wall_s=0.025 map_cpu_s=0.002 merge_wall_s=0.000 merge_cpu_s=0.000 map_units=1 merge_ranges=0 map_eff_cores=0.08 merge_eff_cores=0.00
event=kink_round H=6 col=4 round=stage2 frontier_in=341 map_wall_s=0.037 map_cpu_s=0.004 merge_wall_s=0.008 merge_cpu_s=0.003 map_units=1 merge_ranges=1 map_eff_cores=0.11 merge_eff_cores=0.36
event=kink_round H=4 col=8 round=stage0 frontier_in=22 map_wall_s=0.001 map_cpu_s=0.001 merge_wall_s=0.001 merge_cpu_s=0.000 map_units=1 merge_ranges=1 map_eff_cores=1.15 merge_eff_cores=0.00
event=kink_round H=5 col=6 round=stage2 frontier_in=146 map_wall_s=0.003 map_cpu_s=0.002 merge_wall_s=0.002 merge_cpu_s=0.001 map_units=1 merge_ranges=1 map_eff_cores=0.77 merge_eff_cores=0.46
event=kink_round H=7 col=4 round=seed frontier_in=335 map_wall_s=0.007 map_cpu_s=0.001 merge_wall_s=0.000 merge_cpu_s=0.000 map_units=1 merge_ranges=0 map_eff_cores=0.14 merge_eff_cores=0.00
event=kink_round H=10 col=2 round=seed frontier_in=4107 map_wall_s=0.010 map_cpu_s=0.010 merge_wall_s=0.000 merge_cpu_s=0.000 map_units=3 merge_ranges=0 map_eff_cores=0.99 merge_eff_cores=0.00
event=kink_round H=4 col=8 round=stage1 frontier_in=36 map_wall_s=0.001 map_cpu_s=0.001 merge_wall_s=0.017 merge_cpu_s=0.001 map_units=1 merge_ranges=1 map_eff_cores=0.81 merge_eff_cores=0.06
event=kink_round H=6 col=4 round=stage3 frontier_in=403 map_wall_s=0.008 map_cpu_s=0.004 merge_wall_s=0.013 merge_cpu_s=0.002 map_units=1 merge_ranges=1 map_eff_cores=0.49 merge_eff_cores=0.16
event=kink_round H=7 col=4 round=stage0 frontier_in=335 map_wall_s=0.004 map_cpu_s=0.003 merge_wall_s=0.030 merge_cpu_s=0.003 map_units=1 merge_ranges=1 map_eff_cores=0.81 merge_eff_cores=0.10
event=kink_round H=4 col=8 round=stage2 frontier_in=56 map_wall_s=0.001 map_cpu_s=0.001 merge_wall_s=0.019 merge_cpu_s=0.001 map_units=1 merge_ranges=1 map_eff_cores=0.90 merge_eff_cores=0.05
event=kink_round H=8 col=2 round=finalize frontier_in=2876 map_wall_s=0.032 map_cpu_s=0.012 merge_wall_s=0.048 merge_cpu_s=0.003 map_units=2 merge_ranges=2 map_eff_cores=0.38 merge_eff_cores=0.06
event=kink_round H=3 col=10 round=stage2 frontier_in=23 map_wall_s=0.044 map_cpu_s=0.002 merge_wall_s=0.031 merge_cpu_s=0.001 map_units=1 merge_ranges=1 map_eff_cores=0.05 merge_eff_cores=0.03
event=column H=8 col=2 frontier_in=715 frontier_out=819 wall_s=0.29 cum_wall_s=4.6 cpu_s=0.2 rss_max_mb=74.8 map_wall_s=0.12 map_cpu_s=0.1 merge_wall_s=0.13 merge_cpu_s=0.1 map_units=16 merge_ranges=15 eff_cores=0.53
event=kink_round H=5 col=6 round=stage3 frontier_in=166 map_wall_s=0.012 map_cpu_s=0.003 merge_wall_s=0.033 merge_cpu_s=0.001 map_units=1 merge_ranges=1 map_eff_cores=0.25 merge_eff_cores=0.03
event=kink_round H=6 col=4 round=stage4 frontier_in=423 map_wall_s=0.005 map_cpu_s=0.004 merge_wall_s=0.021 merge_cpu_s=0.005 map_units=1 merge_ranges=1 map_eff_cores=0.88 merge_eff_cores=0.23
event=kink_round H=13 col=1 round=stage5 frontier_in=28288 map_wall_s=0.020 map_cpu_s=0.100 merge_wall_s=0.094 merge_cpu_s=0.075 map_units=14 merge_ranges=14 map_eff_cores=5.01 merge_eff_cores=0.80
event=kink_round H=12 col=1 round=stage6 frontier_in=17164 map_wall_s=0.034 map_cpu_s=0.079 merge_wall_s=0.059 merge_cpu_s=0.050 map_units=9 merge_ranges=9 map_eff_cores=2.35 merge_eff_cores=0.85
event=kink_round H=8 col=3 round=seed frontier_in=819 map_wall_s=0.004 map_cpu_s=0.004 merge_wall_s=0.000 merge_cpu_s=0.000 map_units=1 merge_ranges=0 map_eff_cores=0.92 merge_eff_cores=0.00
event=kink_round H=14 col=1 round=stage3 frontier_in=36296 map_wall_s=0.031 map_cpu_s=0.119 merge_wall_s=0.087 merge_cpu_s=0.106 map_units=18 merge_ranges=18 map_eff_cores=3.84 merge_eff_cores=1.22
event=kink_round H=11 col=1 round=stage9 frontier_in=15655 map_wall_s=0.032 map_cpu_s=0.071 merge_wall_s=0.079 merge_cpu_s=0.056 map_units=8 merge_ranges=8 map_eff_cores=2.21 merge_eff_cores=0.71
event=kink_round H=3 col=10 round=finalize frontier_in=27 map_wall_s=0.001 map_cpu_s=0.001 merge_wall_s=0.025 merge_cpu_s=0.002 map_units=1 merge_ranges=1 map_eff_cores=1.18 merge_eff_cores=0.08
event=kink_round H=5 col=6 round=stage4 frontier_in=179 map_wall_s=0.002 map_cpu_s=0.001 merge_wall_s=0.023 merge_cpu_s=0.002 map_units=1 merge_ranges=1 map_eff_cores=0.53 merge_eff_cores=0.09
event=kink_round H=10 col=2 round=stage0 frontier_in=4107 map_wall_s=0.033 map_cpu_s=0.022 merge_wall_s=0.032 merge_cpu_s=0.020 map_units=3 merge_ranges=3 map_eff_cores=0.66 merge_eff_cores=0.62
event=kink_round H=6 col=4 round=stage5 frontier_in=458 map_wall_s=0.019 map_cpu_s=0.005 merge_wall_s=0.011 merge_cpu_s=0.002 map_units=1 merge_ranges=1 map_eff_cores=0.27 merge_eff_cores=0.17
event=column H=3 col=10 frontier_in=10 frontier_out=10 wall_s=0.13 cum_wall_s=4.7 cpu_s=0.0 rss_max_mb=50.5 map_wall_s=0.05 map_cpu_s=0.0 merge_wall_s=0.06 merge_cpu_s=0.0 map_units=5 merge_ranges=4 eff_cores=0.07
event=kink_round H=4 col=8 round=stage3 frontier_in=59 map_wall_s=0.019 map_cpu_s=0.001 merge_wall_s=0.019 merge_cpu_s=0.002 map_units=1 merge_ranges=1 map_eff_cores=0.05 merge_eff_cores=0.10
event=kink_round H=16 col=1 round=stage0 frontier_in=32895 map_wall_s=0.030 map_cpu_s=0.134 merge_wall_s=0.091 merge_cpu_s=0.107 map_units=17 merge_ranges=17 map_eff_cores=4.41 merge_eff_cores=1.17
event=kink_round H=9 col=2 round=stage5 frontier_in=6468 map_wall_s=0.029 map_cpu_s=0.033 merge_wall_s=0.061 merge_cpu_s=0.024 map_units=4 merge_ranges=4 map_eff_cores=1.12 merge_eff_cores=0.39
event=kink_round H=3 col=11 round=seed frontier_in=10 map_wall_s=0.007 map_cpu_s=0.001 merge_wall_s=0.000 merge_cpu_s=0.000 map_units=1 merge_ranges=0 map_eff_cores=0.15 merge_eff_cores=0.00
event=kink_round H=6 col=4 round=finalize frontier_in=447 map_wall_s=0.003 map_cpu_s=0.003 merge_wall_s=0.006 merge_cpu_s=0.001 map_units=1 merge_ranges=1 map_eff_cores=0.99 merge_eff_cores=0.16
event=column H=6 col=4 frontier_in=131 frontier_out=131 wall_s=0.16 cum_wall_s=4.9 cpu_s=0.0 rss_max_mb=74.8 map_wall_s=0.08 map_cpu_s=0.0 merge_wall_s=0.08 merge_cpu_s=0.0 map_units=8 merge_ranges=7 eff_cores=0.27
event=kink_round H=4 col=8 round=finalize frontier_in=70 map_wall_s=0.002 map_cpu_s=0.001 merge_wall_s=0.008 merge_cpu_s=0.001 map_units=1 merge_ranges=1 map_eff_cores=0.62 merge_eff_cores=0.12
event=kink_round H=5 col=6 round=finalize frontier_in=180 map_wall_s=0.002 map_cpu_s=0.001 merge_wall_s=0.015 merge_cpu_s=0.002 map_units=1 merge_ranges=1 map_eff_cores=0.59 merge_eff_cores=0.13
event=column H=4 col=8 frontier_in=22 frontier_out=22 wall_s=0.12 cum_wall_s=5.0 cpu_s=0.0 rss_max_mb=54.6 map_wall_s=0.05 map_cpu_s=0.0 merge_wall_s=0.07 merge_cpu_s=0.0 map_units=6 merge_ranges=5 eff_cores=0.10
event=column H=5 col=6 frontier_in=57 frontier_out=57 wall_s=0.13 cum_wall_s=5.1 cpu_s=0.0 rss_max_mb=54.6 map_wall_s=0.03 map_cpu_s=0.0 merge_wall_s=0.10 merge_cpu_s=0.0 map_units=7 merge_ranges=6 eff_cores=0.16
event=kink_round H=7 col=4 round=stage1 frontier_in=544 map_wall_s=0.009 map_cpu_s=0.005 merge_wall_s=0.037 merge_cpu_s=0.006 map_units=1 merge_ranges=1 map_eff_cores=0.54 merge_eff_cores=0.16
event=kink_round H=4 col=9 round=seed frontier_in=22 map_wall_s=0.003 map_cpu_s=0.001 merge_wall_s=0.000 merge_cpu_s=0.000 map_units=1 merge_ranges=0 map_eff_cores=0.35 merge_eff_cores=0.00
event=kink_round H=5 col=7 round=seed frontier_in=57 map_wall_s=0.012 map_cpu_s=0.002 merge_wall_s=0.000 merge_cpu_s=0.000 map_units=1 merge_ranges=0 map_eff_cores=0.16 merge_eff_cores=0.00
event=kink_round H=4 col=9 round=stage0 frontier_in=22 map_wall_s=0.026 map_cpu_s=0.003 merge_wall_s=0.003 merge_cpu_s=0.002 map_units=1 merge_ranges=1 map_eff_cores=0.12 merge_eff_cores=0.61
event=kink_round H=8 col=3 round=stage0 frontier_in=819 map_wall_s=0.034 map_cpu_s=0.006 merge_wall_s=0.040 merge_cpu_s=0.006 map_units=1 merge_ranges=1 map_eff_cores=0.17 merge_eff_cores=0.15
event=kink_round H=6 col=5 round=seed frontier_in=131 map_wall_s=0.031 map_cpu_s=0.002 merge_wall_s=0.000 merge_cpu_s=0.000 map_units=1 merge_ranges=0 map_eff_cores=0.06 merge_eff_cores=0.00
event=kink_round H=3 col=11 round=stage0 frontier_in=10 map_wall_s=0.027 map_cpu_s=0.001 merge_wall_s=0.021 merge_cpu_s=0.001 map_units=1 merge_ranges=1 map_eff_cores=0.04 merge_eff_cores=0.05
event=kink_round H=15 col=1 round=stage2 frontier_in=54620 map_wall_s=0.038 map_cpu_s=0.204 merge_wall_s=0.138 merge_cpu_s=0.147 map_units=27 merge_ranges=27 map_eff_cores=5.30 merge_eff_cores=1.06
event=kink_round H=4 col=9 round=stage1 frontier_in=36 map_wall_s=0.007 map_cpu_s=0.001 merge_wall_s=0.009 merge_cpu_s=0.002 map_units=1 merge_ranges=1 map_eff_cores=0.15 merge_eff_cores=0.22
event=kink_round H=5 col=7 round=stage0 frontier_in=57 map_wall_s=0.027 map_cpu_s=0.002 merge_wall_s=0.008 merge_cpu_s=0.001 map_units=1 merge_ranges=1 map_eff_cores=0.07 merge_eff_cores=0.12
event=kink_round H=7 col=4 round=stage2 frontier_in=873 map_wall_s=0.016 map_cpu_s=0.007 merge_wall_s=0.013 merge_cpu_s=0.006 map_units=1 merge_ranges=1 map_eff_cores=0.43 merge_eff_cores=0.45
event=kink_round H=4 col=9 round=stage2 frontier_in=56 map_wall_s=0.002 map_cpu_s=0.001 merge_wall_s=0.005 merge_cpu_s=0.002 map_units=1 merge_ranges=1 map_eff_cores=0.65 merge_eff_cores=0.39
event=kink_round H=9 col=2 round=stage6 frontier_in=6817 map_wall_s=0.030 map_cpu_s=0.037 merge_wall_s=0.032 merge_cpu_s=0.026 map_units=4 merge_ranges=4 map_eff_cores=1.23 merge_eff_cores=0.82
event=kink_round H=4 col=9 round=stage3 frontier_in=59 map_wall_s=0.003 map_cpu_s=0.001 merge_wall_s=0.002 merge_cpu_s=0.000 map_units=1 merge_ranges=1 map_eff_cores=0.35 merge_eff_cores=0.00
event=kink_round H=8 col=3 round=stage1 frontier_in=1317 map_wall_s=0.013 map_cpu_s=0.008 merge_wall_s=0.005 merge_cpu_s=0.004 map_units=1 merge_ranges=1 map_eff_cores=0.63 merge_eff_cores=0.83
event=kink_round H=10 col=2 round=stage1 frontier_in=6533 map_wall_s=0.019 map_cpu_s=0.022 merge_wall_s=0.059 merge_cpu_s=0.028 map_units=4 merge_ranges=4 map_eff_cores=1.17 merge_eff_cores=0.47
event=kink_round H=5 col=7 round=stage1 frontier_in=94 map_wall_s=0.003 map_cpu_s=0.002 merge_wall_s=0.020 merge_cpu_s=0.003 map_units=1 merge_ranges=1 map_eff_cores=0.68 merge_eff_cores=0.15
event=kink_round H=6 col=5 round=stage0 frontier_in=131 map_wall_s=0.008 map_cpu_s=0.002 merge_wall_s=0.023 merge_cpu_s=0.002 map_units=1 merge_ranges=1 map_eff_cores=0.25 merge_eff_cores=0.09
event=kink_round H=13 col=1 round=stage6 frontier_in=34392 map_wall_s=0.044 map_cpu_s=0.131 merge_wall_s=0.038 merge_cpu_s=0.118 map_units=17 merge_ranges=17 map_eff_cores=3.00 merge_eff_cores=3.15
event=kink_round H=14 col=1 round=stage4 frontier_in=45836 map_wall_s=0.040 map_cpu_s=0.214 merge_wall_s=0.031 merge_cpu_s=0.152 map_units=23 merge_ranges=23 map_eff_cores=5.33 merge_eff_cores=4.86
event=kink_round H=5 col=7 round=stage2 frontier_in=146 map_wall_s=0.002 map_cpu_s=0.002 merge_wall_s=0.002 merge_cpu_s=0.002 map_units=1 merge_ranges=1 map_eff_cores=0.85 merge_eff_cores=1.03
event=kink_round H=4 col=9 round=finalize frontier_in=70 map_wall_s=0.015 map_cpu_s=0.001 merge_wall_s=0.001 merge_cpu_s=0.001 map_units=1 merge_ranges=1 map_eff_cores=0.07 merge_eff_cores=0.78
event=column H=4 col=9 frontier_in=22 frontier_out=22 wall_s=0.08 cum_wall_s=5.2 cpu_s=0.0 rss_max_mb=48.5 map_wall_s=0.05 map_cpu_s=0.0 merge_wall_s=0.02 merge_cpu_s=0.0 map_units=6 merge_ranges=5 eff_cores=0.20
event=kink_round H=3 col=11 round=stage1 frontier_in=17 map_wall_s=0.003 map_cpu_s=0.001 merge_wall_s=0.024 merge_cpu_s=0.001 map_units=1 merge_ranges=1 map_eff_cores=0.36 merge_eff_cores=0.04
event=kink_round H=12 col=1 round=stage7 frontier_in=20783 map_wall_s=0.033 map_cpu_s=0.080 merge_wall_s=0.054 merge_cpu_s=0.066 map_units=11 merge_ranges=11 map_eff_cores=2.42 merge_eff_cores=1.22
event=kink_round H=19 col=0 round=stage17 frontier_in=131072 map_wall_s=0.057 map_cpu_s=0.513 merge_wall_s=0.151 merge_cpu_s=0.615 map_units=64 merge_ranges=64 map_eff_cores=9.07 merge_eff_cores=4.08
event=kink_round H=7 col=4 round=stage3 frontier_in=1036 map_wall_s=0.015 map_cpu_s=0.007 merge_wall_s=0.013 merge_cpu_s=0.006 map_units=1 merge_ranges=1 map_eff_cores=0.45 merge_eff_cores=0.45
event=kink_round H=11 col=1 round=stage10 frontier_in=19555 map_wall_s=0.020 map_cpu_s=0.076 merge_wall_s=0.046 merge_cpu_s=0.069 map_units=10 merge_ranges=10 map_eff_cores=3.88 merge_eff_cores=1.50
event=kink_round H=4 col=10 round=seed frontier_in=22 map_wall_s=0.013 map_cpu_s=0.001 merge_wall_s=0.000 merge_cpu_s=0.000 map_units=1 merge_ranges=0 map_eff_cores=0.08 merge_eff_cores=0.00
event=kink_round H=8 col=3 round=stage2 frontier_in=2141 map_wall_s=0.009 map_cpu_s=0.014 merge_wall_s=0.024 merge_cpu_s=0.011 map_units=2 merge_ranges=2 map_eff_cores=1.56 merge_eff_cores=0.47
event=kink_round H=5 col=7 round=stage3 frontier_in=166 map_wall_s=0.014 map_cpu_s=0.002 merge_wall_s=0.005 merge_cpu_s=0.002 map_units=1 merge_ranges=1 map_eff_cores=0.15 merge_eff_cores=0.37
event=kink_round H=6 col=5 round=stage1 frontier_in=212 map_wall_s=0.013 map_cpu_s=0.002 merge_wall_s=0.011 merge_cpu_s=0.002 map_units=1 merge_ranges=1 map_eff_cores=0.16 merge_eff_cores=0.19
event=kink_round H=9 col=2 round=stage7 frontier_in=7175 map_wall_s=0.018 map_cpu_s=0.045 merge_wall_s=0.020 merge_cpu_s=0.031 map_units=4 merge_ranges=4 map_eff_cores=2.53 merge_eff_cores=1.56
event=kink_round H=10 col=2 round=stage2 frontier_in=10827 map_wall_s=0.017 map_cpu_s=0.052 merge_wall_s=0.017 merge_cpu_s=0.042 map_units=6 merge_ranges=6 map_eff_cores=2.98 merge_eff_cores=2.43
event=kink_round H=17 col=0 round=finalize frontier_in=131072 map_wall_s=0.044 map_cpu_s=0.449 merge_wall_s=0.140 merge_cpu_s=0.445 map_units=64 merge_ranges=64 map_eff_cores=10.31 merge_eff_cores=3.17
event=kink_round H=7 col=4 round=stage4 frontier_in=1113 map_wall_s=0.013 map_cpu_s=0.009 merge_wall_s=0.007 merge_cpu_s=0.006 map_units=1 merge_ranges=1 map_eff_cores=0.67 merge_eff_cores=0.85
event=kink_round H=3 col=11 round=stage2 frontier_in=23 map_wall_s=0.017 map_cpu_s=0.001 merge_wall_s=0.011 merge_cpu_s=0.001 map_units=1 merge_ranges=1 map_eff_cores=0.06 merge_eff_cores=0.09
event=kink_round H=5 col=7 round=stage4 frontier_in=179 map_wall_s=0.005 map_cpu_s=0.003 merge_wall_s=0.018 merge_cpu_s=0.001 map_units=1 merge_ranges=1 map_eff_cores=0.57 merge_eff_cores=0.06
event=kink_round H=6 col=5 round=stage2 frontier_in=341 map_wall_s=0.006 map_cpu_s=0.004 merge_wall_s=0.022 merge_cpu_s=0.003 map_units=1 merge_ranges=1 map_eff_cores=0.72 merge_eff_cores=0.13
event=kink_round H=16 col=1 round=stage1 frontier_in=65790 map_wall_s=0.046 map_cpu_s=0.267 merge_wall_s=0.076 merge_cpu_s=0.216 map_units=33 merge_ranges=33 map_eff_cores=5.84 merge_eff_cores=2.84
event=kink_round H=4 col=10 round=stage0 frontier_in=22 map_wall_s=0.013 map_cpu_s=0.001 merge_wall_s=0.025 merge_cpu_s=0.001 map_units=1 merge_ranges=1 map_eff_cores=0.08 merge_eff_cores=0.04
event=kink_round H=7 col=4 round=stage5 frontier_in=1130 map_wall_s=0.010 map_cpu_s=0.009 merge_wall_s=0.020 merge_cpu_s=0.006 map_units=1 merge_ranges=1 map_eff_cores=0.93 merge_eff_cores=0.30
event=kink_round H=8 col=3 round=stage3 frontier_in=2557 map_wall_s=0.019 map_cpu_s=0.014 merge_wall_s=0.044 merge_cpu_s=0.012 map_units=2 merge_ranges=2 map_eff_cores=0.73 merge_eff_cores=0.27
event=kink_round H=6 col=5 round=stage3 frontier_in=403 map_wall_s=0.010 map_cpu_s=0.004 merge_wall_s=0.019 merge_cpu_s=0.003 map_units=1 merge_ranges=1 map_eff_cores=0.39 merge_eff_cores=0.16
event=kink_round H=4 col=10 round=stage1 frontier_in=36 map_wall_s=0.025 map_cpu_s=0.001 merge_wall_s=0.012 merge_cpu_s=0.002 map_units=1 merge_ranges=1 map_eff_cores=0.04 merge_eff_cores=0.16
event=kink_round H=15 col=1 round=stage3 frontier_in=72600 map_wall_s=0.021 map_cpu_s=0.339 merge_wall_s=0.089 merge_cpu_s=0.243 map_units=36 merge_ranges=36 map_eff_cores=16.52 merge_eff_cores=2.74
event=kink_round H=3 col=11 round=finalize frontier_in=27 map_wall_s=0.038 map_cpu_s=0.001 merge_wall_s=0.012 merge_cpu_s=0.000 map_units=1 merge_ranges=1 map_eff_cores=0.03 merge_eff_cores=0.00
event=kink_round H=4 col=10 round=stage2 frontier_in=56 map_wall_s=0.002 map_cpu_s=0.001 merge_wall_s=0.002 merge_cpu_s=0.001 map_units=1 merge_ranges=1 map_eff_cores=0.59 merge_eff_cores=0.50
event=column H=3 col=11 frontier_in=10 frontier_out=10 wall_s=0.18 cum_wall_s=5.4 cpu_s=0.0 rss_max_mb=62.6 map_wall_s=0.09 map_cpu_s=0.0 merge_wall_s=0.07 merge_cpu_s=0.0 map_units=5 merge_ranges=4 eff_cores=0.04
event=kink_round H=9 col=2 round=stage8 frontier_in=7638 map_wall_s=0.037 map_cpu_s=0.041 merge_wall_s=0.034 merge_cpu_s=0.032 map_units=4 merge_ranges=4 map_eff_cores=1.10 merge_eff_cores=0.93
event=kink_round H=10 col=2 round=stage3 frontier_in=13248 map_wall_s=0.032 map_cpu_s=0.066 merge_wall_s=0.040 merge_cpu_s=0.051 map_units=7 merge_ranges=7 map_eff_cores=2.08 merge_eff_cores=1.28
event=kink_round H=4 col=10 round=stage3 frontier_in=59 map_wall_s=0.002 map_cpu_s=0.001 merge_wall_s=0.002 merge_cpu_s=0.001 map_units=1 merge_ranges=1 map_eff_cores=0.66 merge_eff_cores=0.44
event=kink_round H=3 col=12 round=seed frontier_in=10 map_wall_s=0.004 map_cpu_s=0.001 merge_wall_s=0.000 merge_cpu_s=0.000 map_units=1 merge_ranges=0 map_eff_cores=0.25 merge_eff_cores=0.00
event=kink_round H=18 col=0 round=stage17 frontier_in=131072 map_wall_s=0.044 map_cpu_s=0.605 merge_wall_s=0.172 merge_cpu_s=0.599 map_units=64 merge_ranges=64 map_eff_cores=13.60 merge_eff_cores=3.49
event=kink_round H=6 col=5 round=stage4 frontier_in=423 map_wall_s=0.009 map_cpu_s=0.004 merge_wall_s=0.004 merge_cpu_s=0.003 map_units=1 merge_ranges=1 map_eff_cores=0.43 merge_eff_cores=0.75
event=kink_round H=11 col=1 round=finalize frontier_in=25187 map_wall_s=0.030 map_cpu_s=0.089 merge_wall_s=0.042 merge_cpu_s=0.067 map_units=13 merge_ranges=13 map_eff_cores=3.00 merge_eff_cores=1.61
event=kink_round H=13 col=1 round=stage7 frontier_in=41624 map_wall_s=0.020 map_cpu_s=0.208 merge_wall_s=0.078 merge_cpu_s=0.132 map_units=21 merge_ranges=21 map_eff_cores=10.49 merge_eff_cores=1.68
event=kink_round H=4 col=10 round=finalize frontier_in=70 map_wall_s=0.001 map_cpu_s=0.001 merge_wall_s=0.001 merge_cpu_s=0.001 map_units=1 merge_ranges=1 map_eff_cores=0.71 merge_eff_cores=0.70
event=column H=4 col=10 frontier_in=22 frontier_out=22 wall_s=0.10 cum_wall_s=5.5 cpu_s=0.0 rss_max_mb=50.5 map_wall_s=0.05 map_cpu_s=0.0 merge_wall_s=0.04 merge_cpu_s=0.0 map_units=6 merge_ranges=5 eff_cores=0.12
event=kink_round H=3 col=12 round=stage0 frontier_in=10 map_wall_s=0.001 map_cpu_s=0.001 merge_wall_s=0.001 merge_cpu_s=0.001 map_units=1 merge_ranges=1 map_eff_cores=0.90 merge_eff_cores=0.68
event=kink_round H=5 col=7 round=finalize frontier_in=180 map_wall_s=0.044 map_cpu_s=0.002 merge_wall_s=0.014 merge_cpu_s=0.001 map_units=1 merge_ranges=1 map_eff_cores=0.05 merge_eff_cores=0.07
event=column H=5 col=7 frontier_in=57 frontier_out=57 wall_s=0.18 cum_wall_s=5.7 cpu_s=0.0 rss_max_mb=56.6 map_wall_s=0.11 map_cpu_s=0.0 merge_wall_s=0.07 merge_cpu_s=0.0 map_units=7 merge_ranges=6 eff_cores=0.14
event=column H=17 col=0 frontier_in=1 frontier_out=65791 wall_s=0.72 cum_wall_s=6.4 cpu_s=1.8 rss_max_mb=79.0 map_wall_s=0.16 map_cpu_s=0.9 merge_wall_s=0.40 merge_cpu_s=0.9 map_units=139 merge_ranges=138 eff_cores=2.47
event=kink_round H=7 col=4 round=stage6 frontier_in=1170 map_wall_s=0.033 map_cpu_s=0.010 merge_wall_s=0.013 merge_cpu_s=0.007 map_units=1 merge_ranges=1 map_eff_cores=0.30 merge_eff_cores=0.55
event=kink_round H=12 col=1 round=stage8 frontier_in=25266 map_wall_s=0.038 map_cpu_s=0.100 merge_wall_s=0.063 merge_cpu_s=0.078 map_units=13 merge_ranges=13 map_eff_cores=2.63 merge_eff_cores=1.24
event=column H=11 col=1 frontier_in=1055 frontier_out=9918 wall_s=0.59 cum_wall_s=7.0 cpu_s=0.8 rss_max_mb=79.0 map_wall_s=0.20 map_cpu_s=0.4 merge_wall_s=0.29 merge_cpu_s=0.3 map_units=65 merge_ranges=64 eff_cores=1.33
event=kink_round H=4 col=11 round=seed frontier_in=22 map_wall_s=0.012 map_cpu_s=0.004 merge_wall_s=0.000 merge_cpu_s=0.000 map_units=1 merge_ranges=0 map_eff_cores=0.33 merge_eff_cores=0.00
event=kink_round H=3 col=12 round=stage1 frontier_in=17 map_wall_s=0.001 map_cpu_s=0.001 merge_wall_s=0.020 merge_cpu_s=0.001 map_units=1 merge_ranges=1 map_eff_cores=0.94 merge_eff_cores=0.05
event=kink_round H=8 col=3 round=stage4 frontier_in=2780 map_wall_s=0.015 map_cpu_s=0.016 merge_wall_s=0.027 merge_cpu_s=0.011 map_units=2 merge_ranges=2 map_eff_cores=1.08 merge_eff_cores=0.41
event=kink_round H=6 col=5 round=stage5 frontier_in=458 map_wall_s=0.004 map_cpu_s=0.004 merge_wall_s=0.030 merge_cpu_s=0.004 map_units=1 merge_ranges=1 map_eff_cores=0.91 merge_eff_cores=0.13
event=kink_round H=5 col=8 round=seed frontier_in=57 map_wall_s=0.029 map_cpu_s=0.001 merge_wall_s=0.000 merge_cpu_s=0.000 map_units=1 merge_ranges=0 map_eff_cores=0.03 merge_eff_cores=0.00
event=kink_round H=7 col=4 round=finalize frontier_in=1129 map_wall_s=0.027 map_cpu_s=0.008 merge_wall_s=0.053 merge_cpu_s=0.005 map_units=1 merge_ranges=1 map_eff_cores=0.30 merge_eff_cores=0.09
event=column H=7 col=4 frontier_in=335 frontier_out=335 wall_s=0.35 cum_wall_s=7.3 cpu_s=0.1 rss_max_mb=79.0 map_wall_s=0.13 map_cpu_s=0.1 merge_wall_s=0.19 merge_cpu_s=0.0 map_units=9 merge_ranges=8 eff_cores=0.30
event=kink_round H=14 col=1 round=stage5 frontier_in=56304 map_wall_s=0.048 map_cpu_s=0.201 merge_wall_s=0.120 merge_cpu_s=0.160 map_units=28 merge_ranges=28 map_eff_cores=4.18 merge_eff_cores=1.33
event=kink_round H=11 col=2 round=seed frontier_in=9918 map_wall_s=0.069 map_cpu_s=0.044 merge_wall_s=0.000 merge_cpu_s=0.000 map_units=5 merge_ranges=0 map_eff_cores=0.64 merge_eff_cores=0.00
event=kink_round H=17 col=1 round=seed frontier_in=65791 map_wall_s=0.071 map_cpu_s=0.209 merge_wall_s=0.000 merge_cpu_s=0.000 map_units=33 merge_ranges=0 map_eff_cores=2.93 merge_eff_cores=0.00
event=kink_round H=4 col=11 round=stage0 frontier_in=22 map_wall_s=0.035 map_cpu_s=0.001 merge_wall_s=0.069 merge_cpu_s=0.002 map_units=1 merge_ranges=1 map_eff_cores=0.03 merge_eff_cores=0.03
event=kink_round H=7 col=5 round=seed frontier_in=335 map_wall_s=0.039 map_cpu_s=0.005 merge_wall_s=0.000 merge_cpu_s=0.000 map_units=1 merge_ranges=0 map_eff_cores=0.13 merge_eff_cores=0.00
event=kink_round H=3 col=12 round=stage2 frontier_in=23 map_wall_s=0.025 map_cpu_s=0.001 merge_wall_s=0.086 merge_cpu_s=0.001 map_units=1 merge_ranges=1 map_eff_cores=0.04 merge_eff_cores=0.01
event=kink_round H=8 col=3 round=stage5 frontier_in=2852 map_wall_s=0.049 map_cpu_s=0.018 merge_wall_s=0.039 merge_cpu_s=0.013 map_units=2 merge_ranges=2 map_eff_cores=0.37 merge_eff_cores=0.33
event=kink_round H=6 col=5 round=finalize frontier_in=447 map_wall_s=0.058 map_cpu_s=0.004 merge_wall_s=0.053 merge_cpu_s=0.004 map_units=1 merge_ranges=1 map_eff_cores=0.07 merge_eff_cores=0.08
event=kink_round H=5 col=8 round=stage0 frontier_in=57 map_wall_s=0.061 map_cpu_s=0.002 merge_wall_s=0.035 merge_cpu_s=0.001 map_units=1 merge_ranges=1 map_eff_cores=0.03 merge_eff_cores=0.03
event=kink_round H=9 col=2 round=finalize frontier_in=7403 map_wall_s=0.043 map_cpu_s=0.037 merge_wall_s=0.101 merge_cpu_s=0.017 map_units=4 merge_ranges=4 map_eff_cores=0.86 merge_eff_cores=0.17
event=column H=9 col=2 frontier_in=1729 frontier_out=2113 wall_s=0.60 cum_wall_s=7.9 cpu_s=0.5 rss_max_mb=74.8 map_wall_s=0.24 map_cpu_s=0.3 merge_wall_s=0.33 merge_cpu_s=0.2 map_units=33 merge_ranges=32 eff_cores=0.83
event=kink_round H=3 col=12 round=finalize frontier_in=27 map_wall_s=0.012 map_cpu_s=0.001 merge_wall_s=0.001 merge_cpu_s=0.000 map_units=1 merge_ranges=1 map_eff_cores=0.08 merge_eff_cores=0.00
event=column H=6 col=5 frontier_in=131 frontier_out=131 wall_s=0.32 cum_wall_s=8.2 cpu_s=0.0 rss_max_mb=74.8 map_wall_s=0.14 map_cpu_s=0.0 merge_wall_s=0.16 merge_cpu_s=0.0 map_units=8 merge_ranges=7 eff_cores=0.15
event=column H=3 col=12 frontier_in=10 frontier_out=10 wall_s=0.16 cum_wall_s=8.4 cpu_s=0.0 rss_max_mb=56.6 map_wall_s=0.04 map_cpu_s=0.0 merge_wall_s=0.11 merge_cpu_s=0.0 map_units=5 merge_ranges=4 eff_cores=0.05
event=kink_round H=3 col=13 round=seed frontier_in=10 map_wall_s=0.001 map_cpu_s=0.000 merge_wall_s=0.000 merge_cpu_s=0.000 map_units=1 merge_ranges=0 map_eff_cores=0.00 merge_eff_cores=0.00
event=kink_round H=6 col=6 round=seed frontier_in=131 map_wall_s=0.002 map_cpu_s=0.001 merge_wall_s=0.000 merge_cpu_s=0.000 map_units=1 merge_ranges=0 map_eff_cores=0.50 merge_eff_cores=0.00
event=kink_round H=5 col=8 round=stage1 frontier_in=94 map_wall_s=0.002 map_cpu_s=0.002 merge_wall_s=0.013 merge_cpu_s=0.002 map_units=1 merge_ranges=1 map_eff_cores=1.01 merge_eff_cores=0.16
event=kink_round H=9 col=3 round=seed frontier_in=2113 map_wall_s=0.010 map_cpu_s=0.016 merge_wall_s=0.000 merge_cpu_s=0.000 map_units=2 merge_ranges=0 map_eff_cores=1.57 merge_eff_cores=0.00
event=kink_round H=4 col=11 round=stage1 frontier_in=36 map_wall_s=0.016 map_cpu_s=0.002 merge_wall_s=0.015 merge_cpu_s=0.002 map_units=1 merge_ranges=1 map_eff_cores=0.13 merge_eff_cores=0.14
event=kink_round H=7 col=5 round=stage0 frontier_in=335 map_wall_s=0.023 map_cpu_s=0.003 merge_wall_s=0.022 merge_cpu_s=0.003 map_units=1 merge_ranges=1 map_eff_cores=0.13 merge_eff_cores=0.13
event=kink_round H=12 col=1 round=stage9 frontier_in=30787 map_wall_s=0.066 map_cpu_s=0.127 merge_wall_s=0.101 merge_cpu_s=0.117 map_units=16 merge_ranges=16 map_eff_cores=1.92 merge_eff_cores=1.16
event=kink_round H=10 col=2 round=stage4 frontier_in=14644 map_wall_s=0.056 map_cpu_s=0.080 merge_wall_s=0.086 merge_cpu_s=0.065 map_units=8 merge_ranges=8 map_eff_cores=1.42 merge_eff_cores=0.75
event=kink_round H=5 col=8 round=stage2 frontier_in=146 map_wall_s=0.022 map_cpu_s=0.002 merge_wall_s=0.003 merge_cpu_s=0.002 map_units=1 merge_ranges=1 map_eff_cores=0.09 merge_eff_cores=0.70
event=kink_round H=8 col=3 round=stage6 frontier_in=2920 map_wall_s=0.029 map_cpu_s=0.023 merge_wall_s=0.017 merge_cpu_s=0.011 map_units=2 merge_ranges=2 map_eff_cores=0.78 merge_eff_cores=0.64
event=kink_round H=11 col=2 round=stage0 frontier_in=9918 map_wall_s=0.048 map_cpu_s=0.053 merge_wall_s=0.049 merge_cpu_s=0.053 map_units=5 merge_ranges=5 map_eff_cores=1.11 merge_eff_cores=1.09
event=kink_round H=4 col=11 round=stage2 frontier_in=56 map_wall_s=0.028 map_cpu_s=0.001 merge_wall_s=0.002 merge_cpu_s=0.001 map_units=1 merge_ranges=1 map_eff_cores=0.04 merge_eff_cores=0.64
event=kink_round H=3 col=13 round=stage0 frontier_in=10 map_wall_s=0.013 map_cpu_s=0.001 merge_wall_s=0.030 merge_cpu_s=0.001 map_units=1 merge_ranges=1 map_eff_cores=0.08 merge_eff_cores=0.03
event=kink_round H=5 col=8 round=stage3 frontier_in=166 map_wall_s=0.007 map_cpu_s=0.002 merge_wall_s=0.005 merge_cpu_s=0.002 map_units=1 merge_ranges=1 map_eff_cores=0.30 merge_eff_cores=0.44
event=kink_round H=6 col=6 round=stage0 frontier_in=131 map_wall_s=0.014 map_cpu_s=0.002 merge_wall_s=0.030 merge_cpu_s=0.002 map_units=1 merge_ranges=1 map_eff_cores=0.14 merge_eff_cores=0.07
event=kink_round H=15 col=1 round=stage4 frontier_in=91688 map_wall_s=0.059 map_cpu_s=0.402 merge_wall_s=0.136 merge_cpu_s=0.322 map_units=45 merge_ranges=45 map_eff_cores=6.85 merge_eff_cores=2.36
event=kink_round H=3 col=13 round=stage1 frontier_in=17 map_wall_s=0.002 map_cpu_s=0.001 merge_wall_s=0.001 merge_cpu_s=0.000 map_units=1 merge_ranges=1 map_eff_cores=0.65 merge_eff_cores=0.00
event=kink_round H=9 col=3 round=stage0 frontier_in=2113 map_wall_s=0.033 map_cpu_s=0.016 merge_wall_s=0.007 merge_cpu_s=0.010 map_units=2 merge_ranges=2 map_eff_cores=0.49 merge_eff_cores=1.40
event=kink_round H=7 col=5 round=stage1 frontier_in=544 map_wall_s=0.007 map_cpu_s=0.005 merge_wall_s=0.012 merge_cpu_s=0.007 map_units=1 merge_ranges=1 map_eff_cores=0.75 merge_eff_cores=0.60
event=kink_round H=4 col=11 round=stage3 frontier_in=59 map_wall_s=0.002 map_cpu_s=0.001 merge_wall_s=0.002 merge_cpu_s=0.001 map_units=1 merge_ranges=1 map_eff_cores=0.52 merge_eff_cores=0.63
event=kink_round H=13 col=1 round=stage8 frontier_in=50296 map_wall_s=0.074 map_cpu_s=0.281 merge_wall_s=0.056 merge_cpu_s=0.222 map_units=25 merge_ranges=25 map_eff_cores=3.81 merge_eff_cores=3.95
event=kink_round H=5 col=8 round=stage4 frontier_in=179 map_wall_s=0.003 map_cpu_s=0.002 merge_wall_s=0.007 merge_cpu_s=0.001 map_units=1 merge_ranges=1 map_eff_cores=0.71 merge_eff_cores=0.15
event=kink_round H=6 col=6 round=stage1 frontier_in=212 map_wall_s=0.004 map_cpu_s=0.003 merge_wall_s=0.009 merge_cpu_s=0.004 map_units=1 merge_ranges=1 map_eff_cores=0.84 merge_eff_cores=0.43
event=kink_round H=4 col=11 round=finalize frontier_in=70 map_wall_s=0.006 map_cpu_s=0.001 merge_wall_s=0.002 merge_cpu_s=0.001 map_units=1 merge_ranges=1 map_eff_cores=0.17 merge_eff_cores=0.57
event=column H=4 col=11 frontier_in=22 frontier_out=22 wall_s=0.21 cum_wall_s=8.6 cpu_s=0.0 rss_max_mb=50.5 map_wall_s=0.10 map_cpu_s=0.0 merge_wall_s=0.09 merge_cpu_s=0.0 map_units=6 merge_ranges=5 eff_cores=0.08
event=kink_round H=4 col=12 round=seed frontier_in=22 map_wall_s=0.001 map_cpu_s=0.001 merge_wall_s=0.000 merge_cpu_s=0.000 map_units=1 merge_ranges=0 map_eff_cores=1.04 merge_eff_cores=0.00
event=kink_round H=5 col=8 round=finalize frontier_in=180 map_wall_s=0.002 map_cpu_s=0.002 merge_wall_s=0.009 merge_cpu_s=0.001 map_units=1 merge_ranges=1 map_eff_cores=0.82 merge_eff_cores=0.11
event=column H=5 col=8 frontier_in=57 frontier_out=57 wall_s=0.20 cum_wall_s=8.8 cpu_s=0.0 rss_max_mb=50.5 map_wall_s=0.13 map_cpu_s=0.0 merge_wall_s=0.07 merge_cpu_s=0.0 map_units=7 merge_ranges=6 eff_cores=0.11
event=kink_round H=3 col=13 round=stage2 frontier_in=23 map_wall_s=0.001 map_cpu_s=0.001 merge_wall_s=0.017 merge_cpu_s=0.001 map_units=1 merge_ranges=1 map_eff_cores=0.98 merge_eff_cores=0.06
event=kink_round H=16 col=1 round=stage2 frontier_in=108892 map_wall_s=0.035 map_cpu_s=0.520 merge_wall_s=0.186 merge_cpu_s=0.393 map_units=54 merge_ranges=54 map_eff_cores=14.92 merge_eff_cores=2.12
event=kink_round H=17 col=1 round=stage0 frontier_in=65791 map_wall_s=0.048 map_cpu_s=0.273 merge_wall_s=0.067 merge_cpu_s=0.205 map_units=33 merge_ranges=33 map_eff_cores=5.68 merge_eff_cores=3.08
event=kink_round H=4 col=12 round=stage0 frontier_in=22 map_wall_s=0.001 map_cpu_s=0.000 merge_wall_s=0.009 merge_cpu_s=0.001 map_units=1 merge_ranges=1 map_eff_cores=0.00 merge_eff_cores=0.11
event=kink_round H=8 col=3 round=stage7 frontier_in=2997 map_wall_s=0.014 map_cpu_s=0.021 merge_wall_s=0.015 merge_cpu_s=0.017 map_units=2 merge_ranges=2 map_eff_cores=1.47 merge_eff_cores=1.10
event=kink_round H=5 col=9 round=seed frontier_in=57 map_wall_s=0.007 map_cpu_s=0.002 merge_wall_s=0.000 merge_cpu_s=0.000 map_units=1 merge_ranges=0 map_eff_cores=0.28 merge_eff_cores=0.00
event=kink_round H=3 col=13 round=finalize frontier_in=27 map_wall_s=0.006 map_cpu_s=0.001 merge_wall_s=0.001 merge_cpu_s=0.001 map_units=1 merge_ranges=1 map_eff_cores=0.16 merge_eff_cores=0.77
event=kink_round H=4 col=12 round=stage1 frontier_in=36 map_wall_s=0.001 map_cpu_s=0.001 merge_wall_s=0.002 merge_cpu_s=0.001 map_units=1 merge_ranges=1 map_eff_cores=0.81 merge_eff_cores=0.59
event=column H=3 col=13 frontier_in=10 frontier_out=10 wall_s=0.08 cum_wall_s=8.9 cpu_s=0.0 rss_max_mb=58.6 map_wall_s=0.02 map_cpu_s=0.0 merge_wall_s=0.05 merge_cpu_s=0.0 map_units=5 merge_ranges=4 eff_cores=0.09
event=kink_round H=5 col=9 round=stage0 frontier_in=57 map_wall_s=0.001 map_cpu_s=0.001 merge_wall_s=0.002 merge_cpu_s=0.001 map_units=1 merge_ranges=1 map_eff_cores=0.67 merge_eff_cores=0.59
event=kink_round H=3 col=14 round=seed frontier_in=10 map_wall_s=0.001 map_cpu_s=0.001 merge_wall_s=0.000 merge_cpu_s=0.000 map_units=1 merge_ranges=0 map_eff_cores=0.92 merge_eff_cores=0.00
event=kink_round H=7 col=5 round=stage2 frontier_in=873 map_wall_s=0.012 map_cpu_s=0.007 merge_wall_s=0.018 merge_cpu_s=0.008 map_units=1 merge_ranges=1 map_eff_cores=0.60 merge_eff_cores=0.45
event=kink_round H=10 col=2 round=stage5 frontier_in=15558 map_wall_s=0.015 map_cpu_s=0.073 merge_wall_s=0.028 merge_cpu_s=0.069 map_units=8 merge_ranges=8 map_eff_cores=4.76 merge_eff_cores=2.43
event=kink_round H=3 col=14 round=stage0 frontier_in=10 map_wall_s=0.001 map_cpu_s=0.001 merge_wall_s=0.001 merge_cpu_s=0.001 map_units=1 merge_ranges=1 map_eff_cores=0.75 merge_eff_cores=0.86
event=kink_round H=11 col=2 round=stage1 frontier_in=15777 map_wall_s=0.014 map_cpu_s=0.091 merge_wall_s=0.023 merge_cpu_s=0.078 map_units=8 merge_ranges=8 map_eff_cores=6.45 merge_eff_cores=3.33
event=kink_round H=5 col=9 round=stage1 frontier_in=94 map_wall_s=0.002 map_cpu_s=0.001 merge_wall_s=0.002 merge_cpu_s=0.001 map_units=1 merge_ranges=1 map_eff_cores=0.55 merge_eff_cores=0.54
event=kink_round H=6 col=6 round=stage2 frontier_in=341 map_wall_s=0.005 map_cpu_s=0.005 merge_wall_s=0.012 merge_cpu_s=0.003 map_units=1 merge_ranges=1 map_eff_cores=0.94 merge_eff_cores=0.26
event=kink_round H=4 col=12 round=stage2 frontier_in=56 map_wall_s=0.001 map_cpu_s=0.001 merge_wall_s=0.005 merge_cpu_s=0.001 map_units=1 merge_ranges=1 map_eff_cores=0.69 merge_eff_cores=0.22
event=kink_round H=9 col=3 round=stage1 frontier_in=3401 map_wall_s=0.016 map_cpu_s=0.024 merge_wall_s=0.022 merge_cpu_s=0.019 map_units=2 merge_ranges=2 map_eff_cores=1.48 merge_eff_cores=0.86
event=kink_round H=3 col=14 round=stage1 frontier_in=17 map_wall_s=0.003 map_cpu_s=0.001 merge_wall_s=0.008 merge_cpu_s=0.001 map_units=1 merge_ranges=1 map_eff_cores=0.35 merge_eff_cores=0.12
event=kink_round H=14 col=1 round=stage6 frontier_in=68481 map_wall_s=0.046 map_cpu_s=0.323 merge_wall_s=0.105 merge_cpu_s=0.267 map_units=34 merge_ranges=34 map_eff_cores=7.03 merge_eff_cores=2.54
event=kink_round H=5 col=9 round=stage2 frontier_in=146 map_wall_s=0.002 map_cpu_s=0.002 merge_wall_s=0.021 merge_cpu_s=0.003 map_units=1 merge_ranges=1 map_eff_cores=0.92 merge_eff_cores=0.14
event=kink_round H=4 col=12 round=stage3 frontier_in=59 map_wall_s=0.001 map_cpu_s=0.001 merge_wall_s=0.021 merge_cpu_s=0.002 map_units=1 merge_ranges=1 map_eff_cores=0.73 merge_eff_cores=0.10
event=kink_round H=3 col=14 round=stage2 frontier_in=23 map_wall_s=0.007 map_cpu_s=0.001 merge_wall_s=0.008 merge_cpu_s=0.000 map_units=1 merge_ranges=1 map_eff_cores=0.15 merge_eff_cores=0.00
event=kink_round H=8 col=3 round=finalize frontier_in=2895 map_wall_s=0.008 map_cpu_s=0.016 merge_wall_s=0.024 merge_cpu_s=0.006 map_units=2 merge_ranges=2 map_eff_cores=1.90 merge_eff_cores=0.25
event=kink_round H=7 col=5 round=stage3 frontier_in=1036 map_wall_s=0.017 map_cpu_s=0.011 merge_wall_s=0.016 merge_cpu_s=0.007 map_units=1 merge_ranges=1 map_eff_cores=0.66 merge_eff_cores=0.44
event=kink_round H=4 col=12 round=finalize frontier_in=70 map_wall_s=0.001 map_cpu_s=0.000 merge_wall_s=0.002 merge_cpu_s=0.001 map_units=1 merge_ranges=1 map_eff_cores=0.00 merge_eff_cores=0.45
event=column H=4 col=12 frontier_in=22 frontier_out=22 wall_s=0.05 cum_wall_s=8.9 cpu_s=0.0 rss_max_mb=58.6 map_wall_s=0.01 map_cpu_s=0.0 merge_wall_s=0.04 merge_cpu_s=0.0 map_units=6 merge_ranges=5 eff_cores=0.20
event=kink_round H=19 col=0 round=stage18 frontier_in=262144 map_wall_s=0.069 map_cpu_s=1.232 merge_wall_s=0.270 merge_cpu_s=1.238 map_units=128 merge_ranges=80 map_eff_cores=17.86 merge_eff_cores=4.59
event=kink_round H=6 col=6 round=stage3 frontier_in=403 map_wall_s=0.006 map_cpu_s=0.005 merge_wall_s=0.025 merge_cpu_s=0.003 map_units=1 merge_ranges=1 map_eff_cores=0.89 merge_eff_cores=0.12
event=column H=8 col=3 frontier_in=819 frontier_out=825 wall_s=0.49 cum_wall_s=9.4 cpu_s=0.2 rss_max_mb=79.0 map_wall_s=0.20 map_cpu_s=0.1 merge_wall_s=0.24 merge_cpu_s=0.1 map_units=17 merge_ranges=16 eff_cores=0.48
event=kink_round H=5 col=9 round=stage3 frontier_in=166 map_wall_s=0.002 map_cpu_s=0.002 merge_wall_s=0.002 merge_cpu_s=0.002 map_units=1 merge_ranges=1 map_eff_cores=0.82 merge_eff_cores=0.90
event=kink_round H=12 col=1 round=stage10 frontier_in=37812 map_wall_s=0.026 map_cpu_s=0.209 merge_wall_s=0.063 merge_cpu_s=0.147 map_units=19 merge_ranges=19 map_eff_cores=8.08 merge_eff_cores=2.35
event=kink_round H=5 col=9 round=stage4 frontier_in=179 map_wall_s=0.002 map_cpu_s=0.002 merge_wall_s=0.017 merge_cpu_s=0.004 map_units=1 merge_ranges=1 map_eff_cores=0.82 merge_eff_cores=0.24
event=kink_round H=9 col=3 round=stage2 frontier_in=5528 map_wall_s=0.018 map_cpu_s=0.034 merge_wall_s=0.022 merge_cpu_s=0.030 map_units=3 merge_ranges=3 map_eff_cores=1.92 merge_eff_cores=1.37
event=kink_round H=8 col=4 round=seed frontier_in=825 map_wall_s=0.023 map_cpu_s=0.005 merge_wall_s=0.000 merge_cpu_s=0.000 map_units=1 merge_ranges=0 map_eff_cores=0.22 merge_eff_cores=0.00
event=kink_round H=4 col=13 round=seed frontier_in=22 map_wall_s=0.021 map_cpu_s=0.001 merge_wall_s=0.000 merge_cpu_s=0.000 map_units=1 merge_ranges=0 map_eff_cores=0.05 merge_eff_cores=0.00
event=kink_round H=3 col=14 round=finalize frontier_in=27 map_wall_s=0.007 map_cpu_s=0.000 merge_wall_s=0.039 merge_cpu_s=0.001 map_units=1 merge_ranges=1 map_eff_cores=0.00 merge_eff_cores=0.03
event=column H=3 col=14 frontier_in=10 frontier_out=10 wall_s=0.08 cum_wall_s=9.5 cpu_s=0.0 rss_max_mb=54.6 map_wall_s=0.02 map_cpu_s=0.0 merge_wall_s=0.06 merge_cpu_s=0.0 map_units=5 merge_ranges=4 eff_cores=0.09
event=kink_round H=10 col=2 round=stage6 frontier_in=16362 map_wall_s=0.022 map_cpu_s=0.089 merge_wall_s=0.056 merge_cpu_s=0.065 map_units=8 merge_ranges=8 map_eff_cores=4.14 merge_eff_cores=1.16
event=kink_round H=3 col=15 round=seed frontier_in=10 map_wall_s=0.001 map_cpu_s=0.000 merge_wall_s=0.000 merge_cpu_s=0.000 map_units=1 merge_ranges=0 map_eff_cores=0.00 merge_eff_cores=0.00
event=kink_round H=6 col=6 round=stage4 frontier_in=423 map_wall_s=0.023 map_cpu_s=0.003 merge_wall_s=0.028 merge_cpu_s=0.002 map_units=1 merge_ranges=1 map_eff_cores=0.13 merge_eff_cores=0.07
event=kink_round H=11 col=2 round=stage2 frontier_in=26151 map_wall_s=0.026 map_cpu_s=0.131 merge_wall_s=0.058 merge_cpu_s=0.121 map_units=13 merge_ranges=13 map_eff_cores=5.08 merge_eff_cores=2.07
event=kink_round H=5 col=9 round=finalize frontier_in=180 map_wall_s=0.025 map_cpu_s=0.001 merge_wall_s=0.009 merge_cpu_s=0.002 map_units=1 merge_ranges=1 map_eff_cores=0.04 merge_eff_cores=0.22
event=column H=5 col=9 frontier_in=57 frontier_out=57 wall_s=0.10 cum_wall_s=9.6 cpu_s=0.0 rss_max_mb=62.6 map_wall_s=0.04 map_cpu_s=0.0 merge_wall_s=0.05 merge_cpu_s=0.0 map_units=7 merge_ranges=6 eff_cores=0.24
event=kink_round H=7 col=5 round=stage4 frontier_in=1113 map_wall_s=0.022 map_cpu_s=0.012 merge_wall_s=0.046 merge_cpu_s=0.009 map_units=1 merge_ranges=1 map_eff_cores=0.55 merge_eff_cores=0.20
event=kink_round H=18 col=0 round=finalize frontier_in=262144 map_wall_s=0.127 map_cpu_s=1.079 merge_wall_s=0.197 merge_cpu_s=0.939 map_units=128 merge_ranges=80 map_eff_cores=8.51 merge_eff_cores=4.78
event=kink_round H=13 col=1 round=stage9 frontier_in=60951 map_wall_s=0.023 map_cpu_s=0.305 merge_wall_s=0.113 merge_cpu_s=0.239 map_units=30 merge_ranges=30 map_eff_cores=13.20 merge_eff_cores=2.12
event=kink_round H=4 col=13 round=stage0 frontier_in=22 map_wall_s=0.015 map_cpu_s=0.001 merge_wall_s=0.040 merge_cpu_s=0.001 map_units=1 merge_ranges=1 map_eff_cores=0.07 merge_eff_cores=0.02
event=kink_round H=4 col=13 round=stage1 frontier_in=36 map_wall_s=0.001 map_cpu_s=0.001 merge_wall_s=0.006 merge_cpu_s=0.001 map_units=1 merge_ranges=1 map_eff_cores=0.91 merge_eff_cores=0.18
event=kink_round H=3 col=15 round=stage0 frontier_in=10 map_wall_s=0.008 map_cpu_s=0.001 merge_wall_s=0.043 merge_cpu_s=0.001 map_units=1 merge_ranges=1 map_eff_cores=0.13 merge_eff_cores=0.02
event=kink_round H=6 col=6 round=stage5 frontier_in=458 map_wall_s=0.039 map_cpu_s=0.006 merge_wall_s=0.008 merge_cpu_s=0.004 map_units=1 merge_ranges=1 map_eff_cores=0.15 merge_eff_cores=0.48
event=kink_round H=5 col=10 round=seed frontier_in=57 map_wall_s=0.045 map_cpu_s=0.001 merge_wall_s=0.000 merge_cpu_s=0.000 map_units=1 merge_ranges=0 map_eff_cores=0.02 merge_eff_cores=0.00
event=kink_round H=8 col=4 round=stage0 frontier_in=825 map_wall_s=0.030 map_cpu_s=0.008 merge_wall_s=0.047 merge_cpu_s=0.004 map_units=1 merge_ranges=1 map_eff_cores=0.27 merge_eff_cores=0.09
event=kink_round H=4 col=13 round=stage2 frontier_in=56 map_wall_s=0.002 map_cpu_s=0.002 merge_wall_s=0.002 merge_cpu_s=0.001 map_units=1 merge_ranges=1 map_eff_cores=0.87 merge_eff_cores=0.40
event=kink_round H=3 col=15 round=stage1 frontier_in=17 map_wall_s=0.003 map_cpu_s=0.001 merge_wall_s=0.003 merge_cpu_s=0.001 map_units=1 merge_ranges=1 map_eff_cores=0.38 merge_eff_cores=0.31
event=kink_round H=4 col=13 round=stage3 frontier_in=59 map_wall_s=0.002 map_cpu_s=0.001 merge_wall_s=0.002 merge_cpu_s=0.001 map_units=1 merge_ranges=1 map_eff_cores=0.51 merge_eff_cores=0.46
event=kink_round H=7 col=5 round=stage5 frontier_in=1130 map_wall_s=0.015 map_cpu_s=0.012 merge_wall_s=0.011 merge_cpu_s=0.007 map_units=1 merge_ranges=1 map_eff_cores=0.81 merge_eff_cores=0.66
event=kink_round H=5 col=10 round=stage0 frontier_in=57 map_wall_s=0.002 map_cpu_s=0.001 merge_wall_s=0.008 merge_cpu_s=0.001 map_units=1 merge_ranges=1 map_eff_cores=0.47 merge_eff_cores=0.12
event=kink_round H=9 col=3 round=stage3 frontier_in=6599 map_wall_s=0.032 map_cpu_s=0.049 merge_wall_s=0.046 merge_cpu_s=0.029 map_units=4 merge_ranges=4 map_eff_cores=1.51 merge_eff_cores=0.63
event=kink_round H=6 col=6 round=finalize frontier_in=447 map_wall_s=0.003 map_cpu_s=0.002 merge_wall_s=0.009 merge_cpu_s=0.002 map_units=1 merge_ranges=1 map_eff_cores=0.63 merge_eff_cores=0.22
event=column H=6 col=6 frontier_in=131 frontier_out=131 wall_s=0.23 cum_wall_s=9.8 cpu_s=0.0 rss_max_mb=54.6 map_wall_s=0.10 map_cpu_s=0.0 merge_wall_s=0.12 merge_cpu_s=0.0 map_units=8 merge_ranges=7 eff_cores=0.21
event=kink_round H=3 col=15 round=stage2 frontier_in=23 map_wall_s=0.001 map_cpu_s=0.001 merge_wall_s=0.002 merge_cpu_s=0.000 map_units=1 merge_ranges=1 map_eff_cores=0.73 merge_eff_cores=0.00
event=kink_round H=4 col=13 round=finalize frontier_in=70 map_wall_s=0.001 map_cpu_s=0.001 merge_wall_s=0.002 merge_cpu_s=0.000 map_units=1 merge_ranges=1 map_eff_cores=1.18 merge_eff_cores=0.00
event=column H=4 col=13 frontier_in=22 frontier_out=22 wall_s=0.11 cum_wall_s=9.9 cpu_s=0.0 rss_max_mb=54.6 map_wall_s=0.04 map_cpu_s=0.0 merge_wall_s=0.05 merge_cpu_s=0.0 map_units=6 merge_ranges=5 eff_cores=0.10
event=kink_round H=6 col=7 round=seed frontier_in=131 map_wall_s=0.002 map_cpu_s=0.002 merge_wall_s=0.000 merge_cpu_s=0.000 map_units=1 merge_ranges=0 map_eff_cores=0.91 merge_eff_cores=0.00
event=kink_round H=8 col=4 round=stage1 frontier_in=1328 map_wall_s=0.008 map_cpu_s=0.007 merge_wall_s=0.011 merge_cpu_s=0.009 map_units=1 merge_ranges=1 map_eff_cores=0.91 merge_eff_cores=0.80
event=kink_round H=15 col=1 round=stage5 frontier_in=112640 map_wall_s=0.041 map_cpu_s=0.496 merge_wall_s=0.110 merge_cpu_s=0.402 map_units=55 merge_ranges=55 map_eff_cores=12.09 merge_eff_cores=3.64
event=kink_round H=4 col=14 round=seed frontier_in=22 map_wall_s=0.009 map_cpu_s=0.001 merge_wall_s=0.000 merge_cpu_s=0.000 map_units=1 merge_ranges=0 map_eff_cores=0.11 merge_eff_cores=0.00
event=kink_round H=5 col=10 round=stage1 frontier_in=94 map_wall_s=0.003 map_cpu_s=0.001 merge_wall_s=0.014 merge_cpu_s=0.002 map_units=1 merge_ranges=1 map_eff_cores=0.35 merge_eff_cores=0.15
event=kink_round H=6 col=7 round=stage0 frontier_in=131 map_wall_s=0.006 map_cpu_s=0.005 merge_wall_s=0.018 merge_cpu_s=0.002 map_units=1 merge_ranges=1 map_eff_cores=0.89 merge_eff_cores=0.11
event=kink_round H=12 col=1 round=stage11 frontier_in=47231 map_wall_s=0.049 map_cpu_s=0.208 merge_wall_s=0.047 merge_cpu_s=0.201 map_units=24 merge_ranges=24 map_eff_cores=4.20 merge_eff_cores=4.30
event=kink_round H=3 col=15 round=finalize frontier_in=27 map_wall_s=0.005 map_cpu_s=0.001 merge_wall_s=0.045 merge_cpu_s=0.001 map_units=1 merge_ranges=1 map_eff_cores=0.19 merge_eff_cores=0.02
event=column H=3 col=15 frontier_in=10 frontier_out=10 wall_s=0.12 cum_wall_s=10.1 cpu_s=0.0 rss_max_mb=64.6 map_wall_s=0.02 map_cpu_s=0.0 merge_wall_s=0.09 merge_cpu_s=0.0 map_units=5 merge_ranges=4 eff_cores=0.06
event=kink_round H=4 col=14 round=stage0 frontier_in=22 map_wall_s=0.021 map_cpu_s=0.001 merge_wall_s=0.021 merge_cpu_s=0.001 map_units=1 merge_ranges=1 map_eff_cores=0.05 merge_eff_cores=0.05
event=column H=18 col=0 frontier_in=1 frontier_out=131327 wall_s=1.16 cum_wall_s=11.2 cpu_s=4.0 rss_max_mb=79.0 map_wall_s=0.28 map_cpu_s=2.1 merge_wall_s=0.63 merge_cpu_s=2.0 map_units=267 merge_ranges=218 eff_cores=3.50
event=kink_round H=10 col=2 round=stage7 frontier_in=17500 map_wall_s=0.014 map_cpu_s=0.090 merge_wall_s=0.068 merge_cpu_s=0.079 map_units=9 merge_ranges=9 map_eff_cores=6.57 merge_eff_cores=1.17
event=kink_round H=7 col=5 round=stage6 frontier_in=1170 map_wall_s=0.027 map_cpu_s=0.011 merge_wall_s=0.037 merge_cpu_s=0.006 map_units=1 merge_ranges=1 map_eff_cores=0.41 merge_eff_cores=0.16
event=kink_round H=16 col=1 round=stage3 frontier_in=144792 map_wall_s=0.042 map_cpu_s=0.776 merge_wall_s=0.144 merge_cpu_s=0.555 map_units=71 merge_ranges=71 map_eff_cores=18.39 merge_eff_cores=3.87
event=kink_round H=8 col=4 round=stage2 frontier_in=2153 map_wall_s=0.026 map_cpu_s=0.014 merge_wall_s=0.045 merge_cpu_s=0.016 map_units=2 merge_ranges=2 map_eff_cores=0.53 merge_eff_cores=0.35
event=kink_round H=5 col=10 round=stage2 frontier_in=146 map_wall_s=0.019 map_cpu_s=0.002 merge_wall_s=0.050 merge_cpu_s=0.002 map_units=1 merge_ranges=1 map_eff_cores=0.11 merge_eff_cores=0.04
event=kink_round H=3 col=16 round=seed frontier_in=10 map_wall_s=0.032 map_cpu_s=0.000 merge_wall_s=0.000 merge_cpu_s=0.000 map_units=1 merge_ranges=0 map_eff_cores=0.00 merge_eff_cores=0.00
event=kink_round H=6 col=7 round=stage1 frontier_in=212 map_wall_s=0.025 map_cpu_s=0.003 merge_wall_s=0.034 merge_cpu_s=0.002 map_units=1 merge_ranges=1 map_eff_cores=0.12 merge_eff_cores=0.06
event=kink_round H=18 col=1 round=seed frontier_in=131327 map_wall_s=0.072 map_cpu_s=0.391 merge_wall_s=0.000 merge_cpu_s=0.000 map_units=65 merge_ranges=0 map_eff_cores=5.43 merge_eff_cores=0.00
event=kink_round H=9 col=3 round=stage4 frontier_in=7184 map_wall_s=0.039 map_cpu_s=0.039 merge_wall_s=0.094 merge_cpu_s=0.031 map_units=4 merge_ranges=4 map_eff_cores=1.01 merge_eff_cores=0.33
event=kink_round H=4 col=14 round=stage1 frontier_in=36 map_wall_s=0.045 map_cpu_s=0.001 merge_wall_s=0.055 merge_cpu_s=0.003 map_units=1 merge_ranges=1 map_eff_cores=0.02 merge_eff_cores=0.05
event=kink_round H=5 col=10 round=stage3 frontier_in=166 map_wall_s=0.051 map_cpu_s=0.007 merge_wall_s=0.019 merge_cpu_s=0.004 map_units=1 merge_ranges=1 map_eff_cores=0.14 merge_eff_cores=0.21
event=kink_round H=17 col=1 round=stage1 frontier_in=131582 map_wall_s=0.037 map_cpu_s=0.542 merge_wall_s=0.222 merge_cpu_s=0.504 map_units=65 merge_ranges=65 map_eff_cores=14.62 merge_eff_cores=2.27
event=kink_round H=7 col=5 round=finalize frontier_in=1129 map_wall_s=0.039 map_cpu_s=0.007 merge_wall_s=0.062 merge_cpu_s=0.004 map_units=1 merge_ranges=1 map_eff_cores=0.18 merge_eff_cores=0.06
event=column H=7 col=5 frontier_in=335 frontier_out=335 wall_s=0.46 cum_wall_s=11.7 cpu_s=0.1 rss_max_mb=64.6 map_wall_s=0.20 map_cpu_s=0.1 merge_wall_s=0.22 merge_cpu_s=0.1 map_units=9 merge_ranges=8 eff_cores=0.27
event=kink_round H=7 col=6 round=seed frontier_in=335 map_wall_s=0.008 map_cpu_s=0.002 merge_wall_s=0.000 merge_cpu_s=0.000 map_units=1 merge_ranges=0 map_eff_cores=0.24 merge_eff_cores=0.00
event=kink_round H=3 col=16 round=stage0 frontier_in=10 map_wall_s=0.074 map_cpu_s=0.002 merge_wall_s=0.022 merge_cpu_s=0.001 map_units=1 merge_ranges=1 map_eff_cores=0.03 merge_eff_cores=0.05
event=kink_round H=6 col=7 round=stage2 frontier_in=341 map_wall_s=0.051 map_cpu_s=0.004 merge_wall_s=0.036 merge_cpu_s=0.005 map_units=1 merge_ranges=1 map_eff_cores=0.08 merge_eff_cores=0.14
event=kink_round H=4 col=14 round=stage2 frontier_in=56 map_wall_s=0.026 map_cpu_s=0.002 merge_wall_s=0.001 merge_cpu_s=0.001 map_units=1 merge_ranges=1 map_eff_cores=0.08 merge_eff_cores=0.73
event=kink_round H=3 col=16 round=stage1 frontier_in=17 map_wall_s=0.001 map_cpu_s=0.001 merge_wall_s=0.002 merge_cpu_s=0.001 map_units=1 merge_ranges=1 map_eff_cores=0.83 merge_eff_cores=0.61
event=kink_round H=8 col=4 round=stage3 frontier_in=2568 map_wall_s=0.045 map_cpu_s=0.030 merge_wall_s=0.060 merge_cpu_s=0.016 map_units=2 merge_ranges=2 map_eff_cores=0.66 merge_eff_cores=0.26
event=kink_round H=13 col=1 round=stage10 frontier_in=74214 map_wall_s=0.061 map_cpu_s=0.320 merge_wall_s=0.119 merge_cpu_s=0.332 map_units=37 merge_ranges=37 map_eff_cores=5.28 merge_eff_cores=2.79
event=kink_round H=5 col=10 round=stage4 frontier_in=179 map_wall_s=0.031 map_cpu_s=0.002 merge_wall_s=0.005 merge_cpu_s=0.002 map_units=1 merge_ranges=1 map_eff_cores=0.06 merge_eff_cores=0.37
event=kink_round H=11 col=2 round=stage3 frontier_in=32019 map_wall_s=0.019 map_cpu_s=0.162 merge_wall_s=0.190 merge_cpu_s=0.132 map_units=16 merge_ranges=16 map_eff_cores=8.40 merge_eff_cores=0.69
event=kink_round H=12 col=1 round=finalize frontier_in=60828 map_wall_s=0.067 map_cpu_s=0.224 merge_wall_s=0.093 merge_cpu_s=0.225 map_units=30 merge_ranges=30 map_eff_cores=3.34 merge_eff_cores=2.41
event=kink_round H=4 col=14 round=stage3 frontier_in=59 map_wall_s=0.002 map_cpu_s=0.002 merge_wall_s=0.010 merge_cpu_s=0.001 map_units=1 merge_ranges=1 map_eff_cores=1.03 merge_eff_cores=0.10
event=kink_round H=10 col=2 round=stage8 frontier_in=18479 map_wall_s=0.069 map_cpu_s=0.134 merge_wall_s=0.045 merge_cpu_s=0.080 map_units=10 merge_ranges=10 map_eff_cores=1.95 merge_eff_cores=1.78
event=kink_round H=7 col=6 round=stage0 frontier_in=335 map_wall_s=0.005 map_cpu_s=0.005 merge_wall_s=0.009 merge_cpu_s=0.005 map_units=1 merge_ranges=1 map_eff_cores=0.92 merge_eff_cores=0.53
event=kink_round H=14 col=1 round=stage7 frontier_in=82898 map_wall_s=0.065 map_cpu_s=0.368 merge_wall_s=0.197 merge_cpu_s=0.340 map_units=41 merge_ranges=41 map_eff_cores=5.64 merge_eff_cores=1.72
event=kink_round H=6 col=7 round=stage3 frontier_in=403 map_wall_s=0.008 map_cpu_s=0.005 merge_wall_s=0.022 merge_cpu_s=0.002 map_units=1 merge_ranges=1 map_eff_cores=0.59 merge_eff_cores=0.09
event=column H=12 col=1 frontier_in=2079 frontier_out=23778 wall_s=1.16 cum_wall_s=12.8 cpu_s=2.2 rss_max_mb=79.0 map_wall_s=0.41 map_cpu_s=1.2 merge_wall_s=0.61 merge_cpu_s=1.0 map_units=151 merge_ranges=149 eff_cores=1.89
event=kink_round H=3 col=16 round=stage2 frontier_in=23 map_wall_s=0.010 map_cpu_s=0.001 merge_wall_s=0.031 merge_cpu_s=0.001 map_units=1 merge_ranges=1 map_eff_cores=0.10 merge_eff_cores=0.03
event=kink_round H=15 col=1 round=stage6 frontier_in=137026 map_wall_s=0.057 map_cpu_s=0.613 merge_wall_s=0.152 merge_cpu_s=0.624 map_units=67 merge_ranges=67 map_eff_cores=10.76 merge_eff_cores=4.09
event=kink_round H=4 col=14 round=finalize frontier_in=70 map_wall_s=0.054 map_cpu_s=0.002 merge_wall_s=0.033 merge_cpu_s=0.001 map_units=1 merge_ranges=1 map_eff_cores=0.04 merge_eff_cores=0.03
event=kink_round H=5 col=10 round=finalize frontier_in=180 map_wall_s=0.040 map_cpu_s=0.001 merge_wall_s=0.054 merge_cpu_s=0.001 map_units=1 merge_ranges=1 map_eff_cores=0.02 merge_eff_cores=0.02
event=kink_round H=12 col=2 round=seed frontier_in=23778 map_wall_s=0.074 map_cpu_s=0.091 merge_wall_s=0.000 merge_cpu_s=0.000 map_units=12 merge_ranges=0 map_eff_cores=1.22 merge_eff_cores=0.00
event=kink_round H=7 col=6 round=stage1 frontier_in=544 map_wall_s=0.045 map_cpu_s=0.003 merge_wall_s=0.055 merge_cpu_s=0.007 map_units=1 merge_ranges=1 map_eff_cores=0.07 merge_eff_cores=0.13
event=column H=4 col=14 frontier_in=22 frontier_out=22 wall_s=0.30 cum_wall_s=13.1 cpu_s=0.0 rss_max_mb=74.8 map_wall_s=0.16 map_cpu_s=0.0 merge_wall_s=0.12 merge_cpu_s=0.0 map_units=6 merge_ranges=5 eff_cores=0.05
event=column H=5 col=10 frontier_in=57 frontier_out=57 wall_s=0.36 cum_wall_s=13.5 cpu_s=0.0 rss_max_mb=58.6 map_wall_s=0.19 map_cpu_s=0.0 merge_wall_s=0.15 merge_cpu_s=0.0 map_units=7 merge_ranges=6 eff_cores=0.07
event=kink_round H=3 col=16 round=finalize frontier_in=27 map_wall_s=0.059 map_cpu_s=0.001 merge_wall_s=0.028 merge_cpu_s=0.001 map_units=1 merge_ranges=1 map_eff_cores=0.02 merge_eff_cores=0.04
event=kink_round H=8 col=4 round=stage4 frontier_in=2795 map_wall_s=0.036 map_cpu_s=0.020 merge_wall_s=0.093 merge_cpu_s=0.010 map_units=2 merge_ranges=2 map_eff_cores=0.55 merge_eff_cores=0.11
event=column H=3 col=16 frontier_in=10 frontier_out=10 wall_s=0.26 cum_wall_s=13.8 cpu_s=0.0 rss_max_mb=50.5 map_wall_s=0.18 map_cpu_s=0.0 merge_wall_s=0.08 merge_cpu_s=0.0 map_units=5 merge_ranges=4 eff_cores=0.03
event=kink_round H=6 col=7 round=stage4 frontier_in=423 map_wall_s=0.062 map_cpu_s=0.003 merge_wall_s=0.044 merge_cpu_s=0.004 map_units=1 merge_ranges=1 map_eff_cores=0.05 merge_eff_cores=0.09
event=kink_round H=4 col=15 round=seed frontier_in=22 map_wall_s=0.006 map_cpu_s=0.001 merge_wall_s=0.000 merge_cpu_s=0.000 map_units=1 merge_ranges=0 map_eff_cores=0.16 merge_eff_cores=0.00
event=kink_round H=9 col=3 round=stage5 frontier_in=7422 map_wall_s=0.054 map_cpu_s=0.055 merge_wall_s=0.120 merge_cpu_s=0.025 map_units=4 merge_ranges=4 map_eff_cores=1.01 merge_eff_cores=0.21
event=kink_round H=5 col=11 round=seed frontier_in=57 map_wall_s=0.016 map_cpu_s=0.001 merge_wall_s=0.000 merge_cpu_s=0.000 map_units=1 merge_ranges=0 map_eff_cores=0.06 merge_eff_cores=0.00
event=kink_round H=3 col=17 round=seed frontier_in=10 map_wall_s=0.031 map_cpu_s=0.001 merge_wall_s=0.000 merge_cpu_s=0.000 map_units=1 merge_ranges=0 map_eff_cores=0.03 merge_eff_cores=0.00
event=kink_round H=6 col=7 round=stage5 frontier_in=458 map_wall_s=0.007 map_cpu_s=0.005 merge_wall_s=0.036 merge_cpu_s=0.004 map_units=1 merge_ranges=1 map_eff_cores=0.74 merge_eff_cores=0.11
event=kink_round H=3 col=17 round=stage0 frontier_in=10 map_wall_s=0.008 map_cpu_s=0.001 merge_wall_s=0.001 merge_cpu_s=0.000 map_units=1 merge_ranges=1 map_eff_cores=0.12 merge_eff_cores=0.00
event=kink_round H=4 col=15 round=stage0 frontier_in=22 map_wall_s=0.017 map_cpu_s=0.001 merge_wall_s=0.031 merge_cpu_s=0.001 map_units=1 merge_ranges=1 map_eff_cores=0.06 merge_eff_cores=0.03
event=kink_round H=3 col=17 round=stage1 frontier_in=17 map_wall_s=0.001 map_cpu_s=0.001 merge_wall_s=0.001 merge_cpu_s=0.000 map_units=1 merge_ranges=1 map_eff_cores=1.23 merge_eff_cores=0.00
event=kink_round H=11 col=2 round=stage4 frontier_in=35408 map_wall_s=0.086 map_cpu_s=0.155 merge_wall_s=0.087 merge_cpu_s=0.116 map_units=18 merge_ranges=18 map_eff_cores=1.80 merge_eff_cores=1.33
event=kink_round H=6 col=7 round=finalize frontier_in=447 map_wall_s=0.004 map_cpu_s=0.003 merge_wall_s=0.004 merge_cpu_s=0.001 map_units=1 merge_ranges=1 map_eff_cores=0.81 merge_eff_cores=0.24
event=kink_round H=3 col=17 round=stage2 frontier_in=23 map_wall_s=0.001 map_cpu_s=0.001 merge_wall_s=0.004 merge_cpu_s=0.001 map_units=1 merge_ranges=1 map_eff_cores=0.89 merge_eff_cores=0.23
event=column H=6 col=7 frontier_in=131 frontier_out=131 wall_s=0.38 cum_wall_s=14.1 cpu_s=0.1 rss_max_mb=74.8 map_wall_s=0.16 map_cpu_s=0.0 merge_wall_s=0.20 merge_cpu_s=0.0 map_units=8 merge_ranges=7 eff_cores=0.13
event=kink_round H=10 col=2 round=stage9 frontier_in=19701 map_wall_s=0.081 map_cpu_s=0.112 merge_wall_s=0.094 merge_cpu_s=0.063 map_units=10 merge_ranges=10 map_eff_cores=1.39 merge_eff_cores=0.67
event=kink_round H=5 col=11 round=stage0 frontier_in=57 map_wall_s=0.045 map_cpu_s=0.003 merge_wall_s=0.003 merge_cpu_s=0.001 map_units=1 merge_ranges=1 map_eff_cores=0.07 merge_eff_cores=0.39
event=kink_round H=4 col=15 round=stage1 frontier_in=36 map_wall_s=0.001 map_cpu_s=0.001 merge_wall_s=0.008 merge_cpu_s=0.001 map_units=1 merge_ranges=1 map_eff_cores=0.88 merge_eff_cores=0.13
event=kink_round H=6 col=8 round=seed frontier_in=131 map_wall_s=0.002 map_cpu_s=0.002 merge_wall_s=0.000 merge_cpu_s=0.000 map_units=1 merge_ranges=0 map_eff_cores=1.01 merge_eff_cores=0.00
event=kink_round H=3 col=17 round=finalize frontier_in=27 map_wall_s=0.003 map_cpu_s=0.001 merge_wall_s=0.001 merge_cpu_s=0.001 map_units=1 merge_ranges=1 map_eff_cores=0.35 merge_eff_cores=0.75
event=column H=3 col=17 frontier_in=10 frontier_out=10 wall_s=0.06 cum_wall_s=14.2 cpu_s=0.0 rss_max_mb=56.6 map_wall_s=0.04 map_cpu_s=0.0 merge_wall_s=0.01 merge_cpu_s=0.0 map_units=5 merge_ranges=4 eff_cores=0.12
event=kink_round H=4 col=15 round=stage2 frontier_in=56 map_wall_s=0.002 map_cpu_s=0.001 merge_wall_s=0.002 merge_cpu_s=0.001 map_units=1 merge_ranges=1 map_eff_cores=0.65 merge_eff_cores=0.63
event=kink_round H=3 col=18 round=seed frontier_in=10 map_wall_s=0.001 map_cpu_s=0.001 merge_wall_s=0.000 merge_cpu_s=0.000 map_units=1 merge_ranges=0 map_eff_cores=0.90 merge_eff_cores=0.00
event=kink_round H=7 col=6 round=stage2 frontier_in=873 map_wall_s=0.020 map_cpu_s=0.006 merge_wall_s=0.049 merge_cpu_s=0.008 map_units=1 merge_ranges=1 map_eff_cores=0.30 merge_eff_cores=0.16
event=kink_round H=18 col=1 round=stage0 frontier_in=131327 map_wall_s=0.051 map_cpu_s=0.661 merge_wall_s=0.200 merge_cpu_s=0.488 map_units=65 merge_ranges=65 map_eff_cores=12.87 merge_eff_cores=2.43
event=kink_round H=12 col=2 round=stage0 frontier_in=23778 map_wall_s=0.041 map_cpu_s=0.104 merge_wall_s=0.056 merge_cpu_s=0.113 map_units=12 merge_ranges=12 map_eff_cores=2.52 merge_eff_cores=2.04
event=kink_round H=6 col=8 round=stage0 frontier_in=131 map_wall_s=0.003 map_cpu_s=0.002 merge_wall_s=0.017 merge_cpu_s=0.002 map_units=1 merge_ranges=1 map_eff_cores=0.73 merge_eff_cores=0.12
event=kink_round H=5 col=11 round=stage1 frontier_in=94 map_wall_s=0.002 map_cpu_s=0.002 merge_wall_s=0.019 merge_cpu_s=0.001 map_units=1 merge_ranges=1 map_eff_cores=0.98 merge_eff_cores=0.05
event=kink_round H=3 col=18 round=stage0 frontier_in=10 map_wall_s=0.007 map_cpu_s=0.001 merge_wall_s=0.022 merge_cpu_s=0.001 map_units=1 merge_ranges=1 map_eff_cores=0.14 merge_eff_cores=0.04
event=kink_round H=4 col=15 round=stage3 frontier_in=59 map_wall_s=0.001 map_cpu_s=0.001 merge_wall_s=0.030 merge_cpu_s=0.001 map_units=1 merge_ranges=1 map_eff_cores=0.75 merge_eff_cores=0.03
event=kink_round H=8 col=4 round=stage5 frontier_in=2858 map_wall_s=0.052 map_cpu_s=0.020 merge_wall_s=0.032 merge_cpu_s=0.013 map_units=2 merge_ranges=2 map_eff_cores=0.39 merge_eff_cores=0.40
event=kink_round H=9 col=3 round=stage6 frontier_in=7544 map_wall_s=0.020 map_cpu_s=0.042 merge_wall_s=0.036 merge_cpu_s=0.032 map_units=4 merge_ranges=4 map_eff_cores=2.06 merge_eff_cores=0.88
event=kink_round H=4 col=15 round=finalize frontier_in=70 map_wall_s=0.005 map_cpu_s=0.001 merge_wall_s=0.003 merge_cpu_s=0.002 map_units=1 merge_ranges=1 map_eff_cores=0.19 merge_eff_cores=0.62
event=kink_round H=5 col=11 round=stage2 frontier_in=146 map_wall_s=0.003 map_cpu_s=0.002 merge_wall_s=0.005 merge_cpu_s=0.002 map_units=1 merge_ranges=1 map_eff_cores=0.60 merge_eff_cores=0.40
event=column H=4 col=15 frontier_in=22 frontier_out=22 wall_s=0.11 cum_wall_s=14.3 cpu_s=0.0 rss_max_mb=58.6 map_wall_s=0.03 map_cpu_s=0.0 merge_wall_s=0.07 merge_cpu_s=0.0 map_units=6 merge_ranges=5 eff_cores=0.11
event=kink_round H=3 col=18 round=stage1 frontier_in=17 map_wall_s=0.006 map_cpu_s=0.001 merge_wall_s=0.005 merge_cpu_s=0.001 map_units=1 merge_ranges=1 map_eff_cores=0.18 merge_eff_cores=0.18
event=kink_round H=7 col=6 round=stage3 frontier_in=1036 map_wall_s=0.026 map_cpu_s=0.011 merge_wall_s=0.016 merge_cpu_s=0.008 map_units=1 merge_ranges=1 map_eff_cores=0.43 merge_eff_cores=0.49
event=kink_round H=14 col=1 round=stage8 frontier_in=100225 map_wall_s=0.086 map_cpu_s=0.455 merge_wall_s=0.120 merge_cpu_s=0.400 map_units=49 merge_ranges=49 map_eff_cores=5.27 merge_eff_cores=3.33
event=kink_round H=4 col=16 round=seed frontier_in=22 map_wall_s=0.002 map_cpu_s=0.001 merge_wall_s=0.000 merge_cpu_s=0.000 map_units=1 merge_ranges=0 map_eff_cores=0.61 merge_eff_cores=0.00
event=kink_round H=3 col=18 round=stage2 frontier_in=23 map_wall_s=0.002 map_cpu_s=0.001 merge_wall_s=0.002 merge_cpu_s=0.000 map_units=1 merge_ranges=1 map_eff_cores=0.65 merge_eff_cores=0.00
event=kink_round H=5 col=11 round=stage3 frontier_in=166 map_wall_s=0.003 map_cpu_s=0.002 merge_wall_s=0.002 merge_cpu_s=0.002 map_units=1 merge_ranges=1 map_eff_cores=0.63 merge_eff_cores=0.87
event=kink_round H=13 col=1 round=stage11 frontier_in=91167 map_wall_s=0.090 map_cpu_s=0.471 merge_wall_s=0.142 merge_cpu_s=0.385 map_units=45 merge_ranges=45 map_eff_cores=5.23 merge_eff_cores=2.72
event=kink_round H=6 col=8 round=stage1 frontier_in=212 map_wall_s=0.005 map_cpu_s=0.003 merge_wall_s=0.020 merge_cpu_s=0.003 map_units=1 merge_ranges=1 map_eff_cores=0.56 merge_eff_cores=0.15
event=kink_round H=3 col=18 round=finalize frontier_in=27 map_wall_s=0.015 map_cpu_s=0.001 merge_wall_s=0.018 merge_cpu_s=0.001 map_units=1 merge_ranges=1 map_eff_cores=0.07 merge_eff_cores=0.06
event=column H=3 col=18 frontier_in=10 frontier_out=10 wall_s=0.08 cum_wall_s=14.4 cpu_s=0.0 rss_max_mb=54.6 map_wall_s=0.03 map_cpu_s=0.0 merge_wall_s=0.05 merge_cpu_s=0.0 map_units=5 merge_ranges=4 eff_cores=0.10
event=kink_round H=4 col=16 round=stage0 frontier_in=22 map_wall_s=0.015 map_cpu_s=0.001 merge_wall_s=0.027 merge_cpu_s=0.001 map_units=1 merge_ranges=1 map_eff_cores=0.07 merge_eff_cores=0.04
event=kink_round H=8 col=4 round=stage6 frontier_in=2920 map_wall_s=0.015 map_cpu_s=0.027 merge_wall_s=0.040 merge_cpu_s=0.018 map_units=2 merge_ranges=2 map_eff_cores=1.78 merge_eff_cores=0.45
event=kink_round H=3 col=19 round=seed frontier_in=10 map_wall_s=0.014 map_cpu_s=0.001 merge_wall_s=0.000 merge_cpu_s=0.000 map_units=1 merge_ranges=0 map_eff_cores=0.07 merge_eff_cores=0.00
event=kink_round H=7 col=6 round=stage4 frontier_in=1113 map_wall_s=0.014 map_cpu_s=0.013 merge_wall_s=0.044 merge_cpu_s=0.009 map_units=1 merge_ranges=1 map_eff_cores=0.96 merge_eff_cores=0.20
event=kink_round H=5 col=11 round=stage4 frontier_in=179 map_wall_s=0.016 map_cpu_s=0.002 merge_wall_s=0.042 merge_cpu_s=0.001 map_units=1 merge_ranges=1 map_eff_cores=0.12 merge_eff_cores=0.02
event=kink_round H=4 col=16 round=stage1 frontier_in=36 map_wall_s=0.017 map_cpu_s=0.001 merge_wall_s=0.002 merge_cpu_s=0.001 map_units=1 merge_ranges=1 map_eff_cores=0.06 merge_eff_cores=0.62
event=kink_round H=6 col=8 round=stage2 frontier_in=341 map_wall_s=0.023 map_cpu_s=0.004 merge_wall_s=0.026 merge_cpu_s=0.003 map_units=1 merge_ranges=1 map_eff_cores=0.17 merge_eff_cores=0.12
event=kink_round H=9 col=3 round=stage7 frontier_in=7594 map_wall_s=0.031 map_cpu_s=0.053 merge_wall_s=0.037 merge_cpu_s=0.034 map_units=4 merge_ranges=4 map_eff_cores=1.70 merge_eff_cores=0.91
event=kink_round H=10 col=2 round=finalize frontier_in=19162 map_wall_s=0.028 map_cpu_s=0.087 merge_wall_s=0.071 merge_cpu_s=0.044 map_units=10 merge_ranges=10 map_eff_cores=3.10 merge_eff_cores=0.62
event=kink_round H=3 col=19 round=stage0 frontier_in=10 map_wall_s=0.010 map_cpu_s=0.000 merge_wall_s=0.007 merge_cpu_s=0.001 map_units=1 merge_ranges=1 map_eff_cores=0.00 merge_eff_cores=0.15
event=kink_round H=3 col=19 round=stage1 frontier_in=17 map_wall_s=0.001 map_cpu_s=0.001 merge_wall_s=0.001 merge_cpu_s=0.001 map_units=1 merge_ranges=1 map_eff_cores=0.73 merge_eff_cores=0.69
event=kink_round H=4 col=16 round=stage2 frontier_in=56 map_wall_s=0.001 map_cpu_s=0.001 merge_wall_s=0.007 merge_cpu_s=0.001 map_units=1 merge_ranges=1 map_eff_cores=0.81 merge_eff_cores=0.15
event=column H=10 col=2 frontier_in=4107 frontier_out=5379 wall_s=1.14 cum_wall_s=15.5 cpu_s=1.4 rss_max_mb=79.0 map_wall_s=0.40 map_cpu_s=0.8 merge_wall_s=0.60 merge_cpu_s=0.6 map_units=86 merge_ranges=83 eff_cores=1.26
event=kink_round H=11 col=2 round=stage5 frontier_in=37682 map_wall_s=0.036 map_cpu_s=0.205 merge_wall_s=0.079 merge_cpu_s=0.160 map_units=19 merge_ranges=19 map_eff_cores=5.69 merge_eff_cores=2.02
event=kink_round H=12 col=2 round=stage1 frontier_in=37756 map_wall_s=0.038 map_cpu_s=0.220 merge_wall_s=0.038 merge_cpu_s=0.196 map_units=19 merge_ranges=19 map_eff_cores=5.86 merge_eff_cores=5.15
event=kink_round H=5 col=11 round=finalize frontier_in=180 map_wall_s=0.003 map_cpu_s=0.002 merge_wall_s=0.006 merge_cpu_s=0.001 map_units=1 merge_ranges=1 map_eff_cores=0.75 merge_eff_cores=0.18
event=kink_round H=16 col=1 round=stage4 frontier_in=182888 map_wall_s=0.127 map_cpu_s=0.734 merge_wall_s=0.185 merge_cpu_s=0.683 map_units=90 merge_ranges=80 map_eff_cores=5.77 merge_eff_cores=3.70
event=column H=5 col=11 frontier_in=57 frontier_out=57 wall_s=0.19 cum_wall_s=15.7 cpu_s=0.0 rss_max_mb=74.8 map_wall_s=0.09 map_cpu_s=0.0 merge_wall_s=0.08 merge_cpu_s=0.0 map_units=7 merge_ranges=6 eff_cores=0.12
event=kink_round H=6 col=8 round=stage3 frontier_in=403 map_wall_s=0.005 map_cpu_s=0.005 merge_wall_s=0.004 merge_cpu_s=0.003 map_units=1 merge_ranges=1 map_eff_cores=1.00 merge_eff_cores=0.80
event=kink_round H=17 col=1 round=stage2 frontier_in=217788 map_wall_s=0.125 map_cpu_s=0.856 merge_wall_s=0.188 merge_cpu_s=0.792 map_units=107 merge_ranges=80 map_eff_cores=6.84 merge_eff_cores=4.21
event=kink_round H=3 col=19 round=stage2 frontier_in=23 map_wall_s=0.001 map_cpu_s=0.001 merge_wall_s=0.009 merge_cpu_s=0.001 map_units=1 merge_ranges=1 map_eff_cores=0.93 merge_eff_cores=0.11
event=kink_round H=7 col=6 round=stage5 frontier_in=1130 map_wall_s=0.013 map_cpu_s=0.012 merge_wall_s=0.015 merge_cpu_s=0.009 map_units=1 merge_ranges=1 map_eff_cores=0.93 merge_eff_cores=0.59
event=kink_round H=5 col=12 round=seed frontier_in=57 map_wall_s=0.018 map_cpu_s=0.001 merge_wall_s=0.000 merge_cpu_s=0.000 map_units=1 merge_ranges=0 map_eff_cores=0.06 merge_eff_cores=0.00
event=kink_round H=4 col=16 round=stage3 frontier_in=59 map_wall_s=0.005 map_cpu_s=0.001 merge_wall_s=0.033 merge_cpu_s=0.001 map_units=1 merge_ranges=1 map_eff_cores=0.20 merge_eff_cores=0.03
event=kink_round H=3 col=19 round=finalize frontier_in=27 map_wall_s=0.013 map_cpu_s=0.001 merge_wall_s=0.020 merge_cpu_s=0.001 map_units=1 merge_ranges=1 map_eff_cores=0.08 merge_eff_cores=0.05
event=column H=3 col=19 frontier_in=10 frontier_out=10 wall_s=0.08 cum_wall_s=15.8 cpu_s=0.0 rss_max_mb=56.6 map_wall_s=0.04 map_cpu_s=0.0 merge_wall_s=0.04 merge_cpu_s=0.0 map_units=5 merge_ranges=4 eff_cores=0.10
event=kink_round H=10 col=3 round=seed frontier_in=5379 map_wall_s=0.026 map_cpu_s=0.026 merge_wall_s=0.000 merge_cpu_s=0.000 map_units=3 merge_ranges=0 map_eff_cores=1.01 merge_eff_cores=0.00
event=kink_round H=3 col=20 round=seed frontier_in=10 map_wall_s=0.028 map_cpu_s=0.002 merge_wall_s=0.000 merge_cpu_s=0.000 map_units=1 merge_ranges=0 map_eff_cores=0.07 merge_eff_cores=0.00
event=kink_round H=7 col=6 round=stage6 frontier_in=1170 map_wall_s=0.024 map_cpu_s=0.010 merge_wall_s=0.024 merge_cpu_s=0.005 map_units=1 merge_ranges=1 map_eff_cores=0.41 merge_eff_cores=0.21
event=kink_round H=4 col=16 round=finalize frontier_in=70 map_wall_s=0.032 map_cpu_s=0.002 merge_wall_s=0.006 merge_cpu_s=0.002 map_units=1 merge_ranges=1 map_eff_cores=0.06 merge_eff_cores=0.32
event=kink_round H=8 col=4 round=stage7 frontier_in=2997 map_wall_s=0.023 map_cpu_s=0.025 merge_wall_s=0.064 merge_cpu_s=0.013 map_units=2 merge_ranges=2 map_eff_cores=1.07 merge_eff_cores=0.20
event=kink_round H=6 col=8 round=stage4 frontier_in=423 map_wall_s=0.036 map_cpu_s=0.003 merge_wall_s=0.040 merge_cpu_s=0.004 map_units=1 merge_ranges=1 map_eff_cores=0.08 merge_eff_cores=0.10
event=kink_round H=5 col=12 round=stage0 frontier_in=57 map_wall_s=0.039 map_cpu_s=0.001 merge_wall_s=0.022 merge_cpu_s=0.001 map_units=1 merge_ranges=1 map_eff_cores=0.03 merge_eff_cores=0.05
event=column H=4 col=16 frontier_in=22 frontier_out=22 wall_s=0.16 cum_wall_s=16.0 cpu_s=0.0 rss_max_mb=56.6 map_wall_s=0.07 map_cpu_s=0.0 merge_wall_s=0.08 merge_cpu_s=0.0 map_units=6 merge_ranges=5 eff_cores=0.08
event=kink_round H=3 col=20 round=stage0 frontier_in=10 map_wall_s=0.013 map_cpu_s=0.001 merge_wall_s=0.004 merge_cpu_s=0.000 map_units=1 merge_ranges=1 map_eff_cores=0.08 merge_eff_cores=0.00
event=kink_round H=7 col=6 round=finalize frontier_in=1129 map_wall_s=0.009 map_cpu_s=0.003 merge_wall_s=0.002 merge_cpu_s=0.002 map_units=1 merge_ranges=1 map_eff_cores=0.32 merge_eff_cores=0.82
event=column H=7 col=6 frontier_in=335 frontier_out=335 wall_s=0.41 cum_wall_s=16.4 cpu_s=0.1 rss_max_mb=72.8 map_wall_s=0.16 map_cpu_s=0.1 merge_wall_s=0.22 merge_cpu_s=0.1 map_units=9 merge_ranges=8 eff_cores=0.29
event=kink_round H=9 col=3 round=stage8 frontier_in=7731 map_wall_s=0.024 map_cpu_s=0.051 merge_wall_s=0.071 merge_cpu_s=0.027 map_units=4 merge_ranges=4 map_eff_cores=2.14 merge_eff_cores=0.38
event=kink_round H=6 col=8 round=stage5 frontier_in=458 map_wall_s=0.005 map_cpu_s=0.003 merge_wall_s=0.005 merge_cpu_s=0.004 map_units=1 merge_ranges=1 map_eff_cores=0.62 merge_eff_cores=0.87
event=kink_round H=5 col=12 round=stage1 frontier_in=94 map_wall_s=0.007 map_cpu_s=0.003 merge_wall_s=0.002 merge_cpu_s=0.001 map_units=1 merge_ranges=1 map_eff_cores=0.42 merge_eff_cores=0.61
event=kink_round H=7 col=7 round=seed frontier_in=335 map_wall_s=0.005 map_cpu_s=0.004 merge_wall_s=0.000 merge_cpu_s=0.000 map_units=1 merge_ranges=0 map_eff_cores=0.81 merge_eff_cores=0.00
event=kink_round H=4 col=17 round=seed frontier_in=22 map_wall_s=0.003 map_cpu_s=0.000 merge_wall_s=0.000 merge_cpu_s=0.000 map_units=1 merge_ranges=0 map_eff_cores=0.00 merge_eff_cores=0.00
event=kink_round H=5 col=12 round=stage2 frontier_in=146 map_wall_s=0.003 map_cpu_s=0.003 merge_wall_s=0.005 merge_cpu_s=0.001 map_units=1 merge_ranges=1 map_eff_cores=0.96 merge_eff_cores=0.22
event=kink_round H=8 col=4 round=finalize frontier_in=2895 map_wall_s=0.014 map_cpu_s=0.019 merge_wall_s=0.011 merge_cpu_s=0.007 map_units=2 merge_ranges=2 map_eff_cores=1.40 merge_eff_cores=0.64
event=kink_round H=7 col=7 round=stage0 frontier_in=335 map_wall_s=0.003 map_cpu_s=0.002 merge_wall_s=0.006 merge_cpu_s=0.003 map_units=1 merge_ranges=1 map_eff_cores=0.70 merge_eff_cores=0.54
event=column H=8 col=4 frontier_in=825 frontier_out=825 wall_s=0.71 cum_wall_s=17.1 cpu_s=0.3 rss_max_mb=74.8 map_wall_s=0.27 map_cpu_s=0.2 merge_wall_s=0.40 merge_cpu_s=0.1 map_units=17 merge_ranges=16 eff_cores=0.39
event=kink_round H=6 col=8 round=finalize frontier_in=447 map_wall_s=0.003 map_cpu_s=0.002 merge_wall_s=0.009 merge_cpu_s=0.002 map_units=1 merge_ranges=1 map_eff_cores=0.74 merge_eff_cores=0.23
event=column H=6 col=8 frontier_in=131 frontier_out=131 wall_s=0.22 cum_wall_s=17.3 cpu_s=0.0 rss_max_mb=58.6 map_wall_s=0.08 map_cpu_s=0.0 merge_wall_s=0.12 merge_cpu_s=0.0 map_units=8 merge_ranges=7 eff_cores=0.20
event=kink_round H=10 col=3 round=stage0 frontier_in=5379 map_wall_s=0.027 map_cpu_s=0.031 merge_wall_s=0.022 merge_cpu_s=0.031 map_units=3 merge_ranges=3 map_eff_cores=1.16 merge_eff_cores=1.43
event=kink_round H=3 col=20 round=stage1 frontier_in=17 map_wall_s=0.003 map_cpu_s=0.001 merge_wall_s=0.007 merge_cpu_s=0.000 map_units=1 merge_ranges=1 map_eff_cores=0.39 merge_eff_cores=0.00
event=kink_round H=5 col=12 round=stage3 frontier_in=166 map_wall_s=0.001 map_cpu_s=0.001 merge_wall_s=0.004 merge_cpu_s=0.001 map_units=1 merge_ranges=1 map_eff_cores=0.72 merge_eff_cores=0.27
event=kink_round H=19 col=0 round=finalize frontier_in=524288 map_wall_s=0.170 map_cpu_s=2.036 merge_wall_s=0.437 merge_cpu_s=1.915 map_units=256 merge_ranges=80 map_eff_cores=11.95 merge_eff_cores=4.39
event=kink_round H=8 col=5 round=seed frontier_in=825 map_wall_s=0.006 map_cpu_s=0.003 merge_wall_s=0.000 merge_cpu_s=0.000 map_units=1 merge_ranges=0 map_eff_cores=0.54 merge_eff_cores=0.00
event=kink_round H=4 col=17 round=stage0 frontier_in=22 map_wall_s=0.005 map_cpu_s=0.001 merge_wall_s=0.005 merge_cpu_s=0.001 map_units=1 merge_ranges=1 map_eff_cores=0.22 merge_eff_cores=0.19
event=kink_round H=3 col=20 round=stage2 frontier_in=23 map_wall_s=0.001 map_cpu_s=0.001 merge_wall_s=0.003 merge_cpu_s=0.001 map_units=1 merge_ranges=1 map_eff_cores=1.12 merge_eff_cores=0.30
event=kink_round H=6 col=9 round=seed frontier_in=131 map_wall_s=0.007 map_cpu_s=0.001 merge_wall_s=0.000 merge_cpu_s=0.000 map_units=1 merge_ranges=0 map_eff_cores=0.15 merge_eff_cores=0.00
event=kink_round H=4 col=17 round=stage1 frontier_in=36 map_wall_s=0.002 map_cpu_s=0.001 merge_wall_s=0.001 merge_cpu_s=0.001 map_units=1 merge_ranges=1 map_eff_cores=0.64 merge_eff_cores=0.93
event=kink_round H=3 col=20 round=finalize frontier_in=27 map_wall_s=0.004 map_cpu_s=0.000 merge_wall_s=0.001 merge_cpu_s=0.001 map_units=1 merge_ranges=1 map_eff_cores=0.00 merge_eff_cores=0.77
event=column H=3 col=20 frontier_in=10 frontier_out=10 wall_s=0.07 cum_wall_s=17.4 cpu_s=0.0 rss_max_mb=50.5 map_wall_s=0.05 map_cpu_s=0.0 merge_wall_s=0.02 merge_cpu_s=0.0 map_units=5 merge_ranges=4 eff_cores=0.09
event=kink_round H=5 col=12 round=stage4 frontier_in=179 map_wall_s=0.004 map_cpu_s=0.001 merge_wall_s=0.002 merge_cpu_s=0.002 map_units=1 merge_ranges=1 map_eff_cores=0.25 merge_eff_cores=0.82
event=kink_round H=9 col=3 round=finalize frontier_in=7527 map_wall_s=0.012 map_cpu_s=0.035 merge_wall_s=0.013 merge_cpu_s=0.012 map_units=4 merge_ranges=4 map_eff_cores=2.88 merge_eff_cores=0.91
event=kink_round H=4 col=17 round=stage2 frontier_in=56 map_wall_s=0.003 map_cpu_s=0.001 merge_wall_s=0.003 merge_cpu_s=0.001 map_units=1 merge_ranges=1 map_eff_cores=0.39 merge_eff_cores=0.36
event=kink_round H=15 col=1 round=stage7 frontier_in=165924 map_wall_s=0.043 map_cpu_s=0.915 merge_wall_s=0.195 merge_cpu_s=0.686 map_units=82 merge_ranges=80 map_eff_cores=21.38 merge_eff_cores=3.52
event=kink_round H=7 col=7 round=stage1 frontier_in=544 map_wall_s=0.011 map_cpu_s=0.007 merge_wall_s=0.006 merge_cpu_s=0.004 map_units=1 merge_ranges=1 map_eff_cores=0.63 merge_eff_cores=0.67
event=kink_round H=13 col=1 round=stage12 frontier_in=113906 map_wall_s=0.035 map_cpu_s=0.729 merge_wall_s=0.087 merge_cpu_s=0.496 map_units=56 merge_ranges=56 map_eff_cores=21.12 merge_eff_cores=5.73
event=kink_round H=5 col=12 round=finalize frontier_in=180 map_wall_s=0.002 map_cpu_s=0.002 merge_wall_s=0.001 merge_cpu_s=0.001 map_units=1 merge_ranges=1 map_eff_cores=0.93 merge_eff_cores=0.79
event=column H=5 col=12 frontier_in=57 frontier_out=57 wall_s=0.12 cum_wall_s=17.5 cpu_s=0.0 rss_max_mb=64.6 map_wall_s=0.07 map_cpu_s=0.0 merge_wall_s=0.04 merge_cpu_s=0.0 map_units=7 merge_ranges=6 eff_cores=0.16
event=column H=9 col=3 frontier_in=2113 frontier_out=2152 wall_s=0.85 cum_wall_s=18.3 cpu_s=0.7 rss_max_mb=74.8 map_wall_s=0.29 map_cpu_s=0.4 merge_wall_s=0.47 merge_cpu_s=0.2 map_units=37 merge_ranges=35 eff_cores=0.78
event=kink_round H=6 col=9 round=stage0 frontier_in=131 map_wall_s=0.005 map_cpu_s=0.002 merge_wall_s=0.005 merge_cpu_s=0.002 map_units=1 merge_ranges=1 map_eff_cores=0.40 merge_eff_cores=0.40
event=kink_round H=4 col=17 round=stage3 frontier_in=59 map_wall_s=0.002 map_cpu_s=0.001 merge_wall_s=0.001 merge_cpu_s=0.001 map_units=1 merge_ranges=1 map_eff_cores=0.45 merge_eff_cores=0.84
event=kink_round H=3 col=21 round=seed frontier_in=10 map_wall_s=0.006 map_cpu_s=0.001 merge_wall_s=0.000 merge_cpu_s=0.000 map_units=1 merge_ranges=0 map_eff_cores=0.18 merge_eff_cores=0.00
event=kink_round H=5 col=13 round=seed frontier_in=57 map_wall_s=0.003 map_cpu_s=0.001 merge_wall_s=0.000 merge_cpu_s=0.000 map_units=1 merge_ranges=0 map_eff_cores=0.33 merge_eff_cores=0.00
event=kink_round H=8 col=5 round=stage0 frontier_in=825 map_wall_s=0.007 map_cpu_s=0.007 merge_wall_s=0.013 merge_cpu_s=0.010 map_units=1 merge_ranges=1 map_eff_cores=0.99 merge_eff_cores=0.77
event=kink_round H=12 col=2 round=stage2 frontier_in=62708 map_wall_s=0.050 map_cpu_s=0.258 merge_wall_s=0.043 merge_cpu_s=0.247 map_units=31 merge_ranges=31 map_eff_cores=5.14 merge_eff_cores=5.75
event=kink_round H=11 col=2 round=stage6 frontier_in=39831 map_wall_s=0.025 map_cpu_s=0.188 merge_wall_s=0.031 merge_cpu_s=0.145 map_units=20 merge_ranges=20 map_eff_cores=7.42 merge_eff_cores=4.66
event=kink_round H=3 col=21 round=stage0 frontier_in=10 map_wall_s=0.002 map_cpu_s=0.001 merge_wall_s=0.012 merge_cpu_s=0.001 map_units=1 merge_ranges=1 map_eff_cores=0.59 merge_eff_cores=0.09
event=kink_round H=9 col=4 round=seed frontier_in=2152 map_wall_s=0.015 map_cpu_s=0.017 merge_wall_s=0.000 merge_cpu_s=0.000 map_units=2 merge_ranges=0 map_eff_cores=1.10 merge_eff_cores=0.00
event=kink_round H=14 col=1 round=stage9 frontier_in=121360 map_wall_s=0.058 map_cpu_s=0.613 merge_wall_s=0.088 merge_cpu_s=0.419 map_units=60 merge_ranges=60 map_eff_cores=10.56 merge_eff_cores=4.76
event=kink_round H=6 col=9 round=stage1 frontier_in=212 map_wall_s=0.003 map_cpu_s=0.003 merge_wall_s=0.020 merge_cpu_s=0.003 map_units=1 merge_ranges=1 map_eff_cores=0.87 merge_eff_cores=0.15
event=kink_round H=4 col=17 round=finalize frontier_in=70 map_wall_s=0.003 map_cpu_s=0.001 merge_wall_s=0.029 merge_cpu_s=0.001 map_units=1 merge_ranges=1 map_eff_cores=0.32 merge_eff_cores=0.03
event=kink_round H=7 col=7 round=stage2 frontier_in=873 map_wall_s=0.013 map_cpu_s=0.008 merge_wall_s=0.022 merge_cpu_s=0.004 map_units=1 merge_ranges=1 map_eff_cores=0.63 merge_eff_cores=0.18
event=kink_round H=5 col=13 round=stage0 frontier_in=57 map_wall_s=0.003 map_cpu_s=0.001 merge_wall_s=0.035 merge_cpu_s=0.001 map_units=1 merge_ranges=1 map_eff_cores=0.33 merge_eff_cores=0.03
event=column H=4 col=17 frontier_in=22 frontier_out=22 wall_s=0.07 cum_wall_s=18.4 cpu_s=0.0 rss_max_mb=50.5 map_wall_s=0.02 map_cpu_s=0.0 merge_wall_s=0.04 merge_cpu_s=0.0 map_units=6 merge_ranges=5 eff_cores=0.15
event=kink_round H=10 col=3 round=stage1 frontier_in=8624 map_wall_s=0.021 map_cpu_s=0.066 merge_wall_s=0.062 merge_cpu_s=0.060 map_units=5 merge_ranges=5 map_eff_cores=3.08 merge_eff_cores=0.96
event=kink_round H=9 col=4 round=stage0 frontier_in=2152 map_wall_s=0.026 map_cpu_s=0.013 merge_wall_s=0.040 merge_cpu_s=0.016 map_units=2 merge_ranges=2 map_eff_cores=0.50 merge_eff_cores=0.40
event=kink_round H=8 col=5 round=stage1 frontier_in=1328 map_wall_s=0.040 map_cpu_s=0.017 merge_wall_s=0.043 merge_cpu_s=0.012 map_units=1 merge_ranges=1 map_eff_cores=0.43 merge_eff_cores=0.28
event=kink_round H=6 col=9 round=stage2 frontier_in=341 map_wall_s=0.041 map_cpu_s=0.003 merge_wall_s=0.046 merge_cpu_s=0.003 map_units=1 merge_ranges=1 map_eff_cores=0.07 merge_eff_cores=0.06
event=kink_round H=4 col=18 round=seed frontier_in=22 map_wall_s=0.060 map_cpu_s=0.001 merge_wall_s=0.000 merge_cpu_s=0.000 map_units=1 merge_ranges=0 map_eff_cores=0.02 merge_eff_cores=0.00
event=kink_round H=3 col=21 round=stage1 frontier_in=17 map_wall_s=0.030 map_cpu_s=0.001 merge_wall_s=0.059 merge_cpu_s=0.001 map_units=1 merge_ranges=1 map_eff_cores=0.03 merge_eff_cores=0.02
event=kink_round H=7 col=7 round=stage3 frontier_in=1036 map_wall_s=0.035 map_cpu_s=0.007 merge_wall_s=0.054 merge_cpu_s=0.004 map_units=1 merge_ranges=1 map_eff_cores=0.20 merge_eff_cores=0.07
event=kink_round H=5 col=13 round=stage1 frontier_in=94 map_wall_s=0.039 map_cpu_s=0.001 merge_wall_s=0.050 merge_cpu_s=0.001 map_units=1 merge_ranges=1 map_eff_cores=0.03 merge_eff_cores=0.02
event=column H=19 col=0 frontier_in=1 frontier_out=262655 wall_s=1.87 cum_wall_s=20.3 cpu_s=8.4 rss_max_mb=79.0 map_wall_s=0.49 map_cpu_s=4.2 merge_wall_s=1.05 merge_cpu_s=4.2 map_units=523 merge_ranges=298 eff_cores=4.49
event=kink_round H=4 col=18 round=stage0 frontier_in=22 map_wall_s=0.043 map_cpu_s=0.001 merge_wall_s=0.033 merge_cpu_s=0.001 map_units=1 merge_ranges=1 map_eff_cores=0.02 merge_eff_cores=0.03
event=kink_round H=8 col=5 round=stage2 frontier_in=2153 map_wall_s=0.062 map_cpu_s=0.012 merge_wall_s=0.046 merge_cpu_s=0.017 map_units=2 merge_ranges=2 map_eff_cores=0.19 merge_eff_cores=0.37
event=kink_round H=6 col=9 round=stage3 frontier_in=403 map_wall_s=0.053 map_cpu_s=0.002 merge_wall_s=0.033 merge_cpu_s=0.003 map_units=1 merge_ranges=1 map_eff_cores=0.04 merge_eff_cores=0.09
event=kink_round H=7 col=7 round=stage4 frontier_in=1113 map_wall_s=0.045 map_cpu_s=0.005 merge_wall_s=0.055 merge_cpu_s=0.006 map_units=1 merge_ranges=1 map_eff_cores=0.11 merge_eff_cores=0.11
event=kink_round H=9 col=4 round=stage1 frontier_in=3470 map_wall_s=0.054 map_cpu_s=0.029 merge_wall_s=0.088 merge_cpu_s=0.017 map_units=2 merge_ranges=2 map_eff_cores=0.54 merge_eff_cores=0.19
event=kink_round H=3 col=21 round=stage2 frontier_in=23 map_wall_s=0.055 map_cpu_s=0.001 merge_wall_s=0.042 merge_cpu_s=0.001 map_units=1 merge_ranges=1 map_eff_cores=0.02 merge_eff_cores=0.02
event=kink_round H=10 col=3 round=stage2 frontier_in=14071 map_wall_s=0.042 map_cpu_s=0.074 merge_wall_s=0.102 merge_cpu_s=0.058 map_units=7 merge_ranges=7 map_eff_cores=1.75 merge_eff_cores=0.57
event=kink_round H=5 col=13 round=stage2 frontier_in=146 map_wall_s=0.036 map_cpu_s=0.001 merge_wall_s=0.049 merge_cpu_s=0.002 map_units=1 merge_ranges=1 map_eff_cores=0.03 merge_eff_cores=0.04
event=kink_round H=6 col=9 round=stage4 frontier_in=423 map_wall_s=0.032 map_cpu_s=0.005 merge_wall_s=0.004 merge_cpu_s=0.004 map_units=1 merge_ranges=1 map_eff_cores=0.16 merge_eff_cores=0.91
event=kink_round H=3 col=21 round=finalize frontier_in=27 map_wall_s=0.001 map_cpu_s=0.001 merge_wall_s=0.008 merge_cpu_s=0.002 map_units=1 merge_ranges=1 map_eff_cores=0.75 merge_eff_cores=0.25
event=column H=3 col=21 frontier_in=10 frontier_out=10 wall_s=0.24 cum_wall_s=20.5 cpu_s=0.0 rss_max_mb=60.6 map_wall_s=0.09 map_cpu_s=0.0 merge_wall_s=0.12 merge_cpu_s=0.0 map_units=5 merge_ranges=4 eff_cores=0.04
event=kink_round H=18 col=1 round=stage1 frontier_in=262654 map_wall_s=0.067 map_cpu_s=1.025 merge_wall_s=0.361 merge_cpu_s=0.970 map_units=129 merge_ranges=80 map_eff_cores=15.36 merge_eff_cores=2.69
event=kink_round H=4 col=18 round=stage1 frontier_in=36 map_wall_s=0.040 map_cpu_s=0.001 merge_wall_s=0.005 merge_cpu_s=0.001 map_units=1 merge_ranges=1 map_eff_cores=0.02 merge_eff_cores=0.20
event=kink_round H=3 col=22 round=seed frontier_in=10 map_wall_s=0.004 map_cpu_s=0.001 merge_wall_s=0.000 merge_cpu_s=0.000 map_units=1 merge_ranges=0 map_eff_cores=0.25 merge_eff_cores=0.00
event=kink_round H=4 col=18 round=stage2 frontier_in=56 map_wall_s=0.001 map_cpu_s=0.001 merge_wall_s=0.002 merge_cpu_s=0.001 map_units=1 merge_ranges=1 map_eff_cores=0.79 merge_eff_cores=0.49
event=kink_round H=3 col=22 round=stage0 frontier_in=10 map_wall_s=0.001 map_cpu_s=0.001 merge_wall_s=0.001 merge_cpu_s=0.001 map_units=1 merge_ranges=1 map_eff_cores=0.96 merge_eff_cores=0.89
event=kink_round H=8 col=5 round=stage3 frontier_in=2568 map_wall_s=0.031 map_cpu_s=0.016 merge_wall_s=0.013 merge_cpu_s=0.015 map_units=2 merge_ranges=2 map_eff_cores=0.51 merge_eff_cores=1.17
event=kink_round H=5 col=13 round=stage3 frontier_in=166 map_wall_s=0.002 map_cpu_s=0.002 merge_wall_s=0.005 merge_cpu_s=0.001 map_units=1 merge_ranges=1 map_eff_cores=0.96 merge_eff_cores=0.19
event=kink_round H=19 col=1 round=seed frontier_in=262655 map_wall_s=0.077 map_cpu_s=0.655 merge_wall_s=0.000 merge_cpu_s=0.000 map_units=129 merge_ranges=0 map_eff_cores=8.47 merge_eff_cores=0.00
event=kink_round H=12 col=2 round=stage3 frontier_in=76829 map_wall_s=0.062 map_cpu_s=0.354 merge_wall_s=0.158 merge_cpu_s=0.334 map_units=38 merge_ranges=38 map_eff_cores=5.67 merge_eff_cores=2.11
event=kink_round H=3 col=22 round=stage1 frontier_in=17 map_wall_s=0.001 map_cpu_s=0.001 merge_wall_s=0.002 merge_cpu_s=0.001 map_units=1 merge_ranges=1 map_eff_cores=0.74 merge_eff_cores=0.41
event=kink_round H=11 col=2 round=stage7 frontier_in=42305 map_wall_s=0.071 map_cpu_s=0.166 merge_wall_s=0.121 merge_cpu_s=0.143 map_units=21 merge_ranges=21 map_eff_cores=2.32 merge_eff_cores=1.18
event=kink_round H=4 col=18 round=stage3 frontier_in=59 map_wall_s=0.004 map_cpu_s=0.001 merge_wall_s=0.001 merge_cpu_s=0.001 map_units=1 merge_ranges=1 map_eff_cores=0.27 merge_eff_cores=0.88
event=kink_round H=5 col=13 round=stage4 frontier_in=179 map_wall_s=0.002 map_cpu_s=0.001 merge_wall_s=0.002 merge_cpu_s=0.002 map_units=1 merge_ranges=1 map_eff_cores=0.51 merge_eff_cores=0.95
event=kink_round H=6 col=9 round=stage5 frontier_in=458 map_wall_s=0.005 map_cpu_s=0.005 merge_wall_s=0.006 merge_cpu_s=0.002 map_units=1 merge_ranges=1 map_eff_cores=1.05 merge_eff_cores=0.32
event=kink_round H=4 col=18 round=finalize frontier_in=70 map_wall_s=0.001 map_cpu_s=0.001 merge_wall_s=0.002 merge_cpu_s=0.000 map_units=1 merge_ranges=1 map_eff_cores=0.68 merge_eff_cores=0.00
event=column H=4 col=18 frontier_in=22 frontier_out=22 wall_s=0.20 cum_wall_s=20.7 cpu_s=0.0 rss_max_mb=74.8 map_wall_s=0.15 map_cpu_s=0.0 merge_wall_s=0.04 merge_cpu_s=0.0 map_units=6 merge_ranges=5 eff_cores=0.05
event=kink_round H=7 col=7 round=stage5 frontier_in=1130 map_wall_s=0.012 map_cpu_s=0.012 merge_wall_s=0.008 merge_cpu_s=0.005 map_units=1 merge_ranges=1 map_eff_cores=1.00 merge_eff_cores=0.60
event=kink_round H=4 col=19 round=seed frontier_in=22 map_wall_s=0.001 map_cpu_s=0.001 merge_wall_s=0.000 merge_cpu_s=0.000 map_units=1 merge_ranges=0 map_eff_cores=1.03 merge_eff_cores=0.00
event=kink_round H=3 col=22 round=stage2 frontier_in=23 map_wall_s=0.002 map_cpu_s=0.001 merge_wall_s=0.001 merge_cpu_s=0.001 map_units=1 merge_ranges=1 map_eff_cores=0.44 merge_eff_cores=1.03
event=kink_round H=13 col=1 round=finalize frontier_in=146732 map_wall_s=0.067 map_cpu_s=0.517 merge_wall_s=0.144 merge_cpu_s=0.487 map_units=72 merge_ranges=72 map_eff_cores=7.70 merge_eff_cores=3.38
event=kink_round H=15 col=1 round=stage8 frontier_in=200537 map_wall_s=0.103 map_cpu_s=0.861 merge_wall_s=0.121 merge_cpu_s=0.698 map_units=98 merge_ranges=80 map_eff_cores=8.40 merge_eff_cores=5.78
event=kink_round H=6 col=9 round=finalize frontier_in=447 map_wall_s=0.012 map_cpu_s=0.002 merge_wall_s=0.013 merge_cpu_s=0.002 map_units=1 merge_ranges=1 map_eff_cores=0.16 merge_eff_cores=0.15
event=column H=6 col=9 frontier_in=131 frontier_out=131 wall_s=0.29 cum_wall_s=21.0 cpu_s=0.0 rss_max_mb=79.0 map_wall_s=0.16 map_cpu_s=0.0 merge_wall_s=0.13 merge_cpu_s=0.0 map_units=8 merge_ranges=7 eff_cores=0.14
event=kink_round H=7 col=7 round=stage6 frontier_in=1170 map_wall_s=0.007 map_cpu_s=0.005 merge_wall_s=0.018 merge_cpu_s=0.005 map_units=1 merge_ranges=1 map_eff_cores=0.72 merge_eff_cores=0.27
event=kink_round H=5 col=13 round=finalize frontier_in=180 map_wall_s=0.002 map_cpu_s=0.001 merge_wall_s=0.031 merge_cpu_s=0.001 map_units=1 merge_ranges=1 map_eff_cores=0.51 merge_eff_cores=0.03
event=kink_round H=3 col=22 round=finalize frontier_in=27 map_wall_s=0.005 map_cpu_s=0.000 merge_wall_s=0.014 merge_cpu_s=0.001 map_units=1 merge_ranges=1 map_eff_cores=0.00 merge_eff_cores=0.07
event=kink_round H=4 col=19 round=stage0 frontier_in=22 map_wall_s=0.026 map_cpu_s=0.001 merge_wall_s=0.006 merge_cpu_s=0.001 map_units=1 merge_ranges=1 map_eff_cores=0.04 merge_eff_cores=0.16
event=column H=5 col=13 frontier_in=57 frontier_out=57 wall_s=0.29 cum_wall_s=21.3 cpu_s=0.0 rss_max_mb=54.6 map_wall_s=0.09 map_cpu_s=0.0 merge_wall_s=0.17 merge_cpu_s=0.0 map_units=7 merge_ranges=6 eff_cores=0.06
event=column H=3 col=22 frontier_in=10 frontier_out=10 wall_s=0.05 cum_wall_s=21.3 cpu_s=0.0 rss_max_mb=79.0 map_wall_s=0.01 map_cpu_s=0.0 merge_wall_s=0.02 merge_cpu_s=0.0 map_units=5 merge_ranges=4 eff_cores=0.16
event=kink_round H=3 col=23 round=seed frontier_in=10 map_wall_s=0.001 map_cpu_s=0.000 merge_wall_s=0.000 merge_cpu_s=0.000 map_units=1 merge_ranges=0 map_eff_cores=0.00 merge_eff_cores=0.00
event=kink_round H=4 col=19 round=stage1 frontier_in=36 map_wall_s=0.001 map_cpu_s=0.001 merge_wall_s=0.004 merge_cpu_s=0.000 map_units=1 merge_ranges=1 map_eff_cores=0.69 merge_eff_cores=0.00
event=kink_round H=9 col=4 round=stage2 frontier_in=5617 map_wall_s=0.022 map_cpu_s=0.044 merge_wall_s=0.032 merge_cpu_s=0.025 map_units=3 merge_ranges=3 map_eff_cores=2.02 merge_eff_cores=0.79
event=kink_round H=8 col=5 round=stage4 frontier_in=2795 map_wall_s=0.016 map_cpu_s=0.024 merge_wall_s=0.032 merge_cpu_s=0.016 map_units=2 merge_ranges=2 map_eff_cores=1.48 merge_eff_cores=0.50
event=kink_round H=5 col=14 round=seed frontier_in=57 map_wall_s=0.001 map_cpu_s=0.001 merge_wall_s=0.000 merge_cpu_s=0.000 map_units=1 merge_ranges=0 map_eff_cores=0.94 merge_eff_cores=0.00
event=kink_round H=6 col=10 round=seed frontier_in=131 map_wall_s=0.006 map_cpu_s=0.001 merge_wall_s=0.000 merge_cpu_s=0.000 map_units=1 merge_ranges=0 map_eff_cores=0.16 merge_eff_cores=0.00
event=kink_round H=4 col=19 round=stage2 frontier_in=56 map_wall_s=0.004 map_cpu_s=0.001 merge_wall_s=0.001 merge_cpu_s=0.001 map_units=1 merge_ranges=1 map_eff_cores=0.23 merge_eff_cores=0.90
event=kink_round H=7 col=7 round=finalize frontier_in=1129 map_wall_s=0.015 map_cpu_s=0.005 merge_wall_s=0.006 merge_cpu_s=0.003 map_units=1 merge_ranges=1 map_eff_cores=0.34 merge_eff_cores=0.49
event=kink_round H=3 col=23 round=stage0 frontier_in=10 map_wall_s=0.005 map_cpu_s=0.001 merge_wall_s=0.006 merge_cpu_s=0.001 map_units=1 merge_ranges=1 map_eff_cores=0.20 merge_eff_cores=0.18
event=column H=7 col=7 frontier_in=335 frontier_out=335 wall_s=0.33 cum_wall_s=21.7 cpu_s=0.1 rss_max_mb=74.8 map_wall_s=0.15 map_cpu_s=0.1 merge_wall_s=0.18 merge_cpu_s=0.0 map_units=9 merge_ranges=8 eff_cores=0.27
event=kink_round H=5 col=14 round=stage0 frontier_in=57 map_wall_s=0.005 map_cpu_s=0.001 merge_wall_s=0.005 merge_cpu_s=0.001 map_units=1 merge_ranges=1 map_eff_cores=0.21 merge_eff_cores=0.19
event=kink_round H=3 col=23 round=stage1 frontier_in=17 map_wall_s=0.001 map_cpu_s=0.000 merge_wall_s=0.003 merge_cpu_s=0.000 map_units=1 merge_ranges=1 map_eff_cores=0.00 merge_eff_cores=0.00
event=kink_round H=4 col=19 round=stage3 frontier_in=59 map_wall_s=0.001 map_cpu_s=0.001 merge_wall_s=0.006 merge_cpu_s=0.001 map_units=1 merge_ranges=1 map_eff_cores=0.72 merge_eff_cores=0.17
event=kink_round H=6 col=10 round=stage0 frontier_in=131 map_wall_s=0.005 map_cpu_s=0.001 merge_wall_s=0.006 merge_cpu_s=0.001 map_units=1 merge_ranges=1 map_eff_cores=0.20 merge_eff_cores=0.17
event=kink_round H=7 col=8 round=seed frontier_in=335 map_wall_s=0.006 map_cpu_s=0.002 merge_wall_s=0.000 merge_cpu_s=0.000 map_units=1 merge_ranges=0 map_eff_cores=0.32 merge_eff_cores=0.00
event=kink_round H=10 col=3 round=stage3 frontier_in=16787 map_wall_s=0.029 map_cpu_s=0.106 merge_wall_s=0.039 merge_cpu_s=0.078 map_units=9 merge_ranges=9 map_eff_cores=3.69 merge_eff_cores=1.98
event=kink_round H=4 col=19 round=finalize frontier_in=70 map_wall_s=0.003 map_cpu_s=0.001 merge_wall_s=0.013 merge_cpu_s=0.001 map_units=1 merge_ranges=1 map_eff_cores=0.29 merge_eff_cores=0.08
event=kink_round H=6 col=10 round=stage1 frontier_in=212 map_wall_s=0.005 map_cpu_s=0.003 merge_wall_s=0.020 merge_cpu_s=0.001 map_units=1 merge_ranges=1 map_eff_cores=0.59 merge_eff_cores=0.05
event=kink_round H=3 col=23 round=stage2 frontier_in=23 map_wall_s=0.007 map_cpu_s=0.001 merge_wall_s=0.021 merge_cpu_s=0.001 map_units=1 merge_ranges=1 map_eff_cores=0.15 merge_eff_cores=0.05
event=kink_round H=5 col=14 round=stage1 frontier_in=94 map_wall_s=0.006 map_cpu_s=0.001 merge_wall_s=0.024 merge_cpu_s=0.002 map_units=1 merge_ranges=1 map_eff_cores=0.17 merge_eff_cores=0.08
event=column H=4 col=19 frontier_in=22 frontier_out=22 wall_s=0.09 cum_wall_s=21.8 cpu_s=0.0 rss_max_mb=74.8 map_wall_s=0.04 map_cpu_s=0.0 merge_wall_s=0.03 merge_cpu_s=0.0 map_units=6 merge_ranges=5 eff_cores=0.12
event=kink_round H=7 col=8 round=stage0 frontier_in=335 map_wall_s=0.005 map_cpu_s=0.004 merge_wall_s=0.035 merge_cpu_s=0.004 map_units=1 merge_ranges=1 map_eff_cores=0.84 merge_eff_cores=0.11
event=column H=13 col=1 frontier_in=4159 frontier_out=57408 wall_s=1.89 cum_wall_s=23.7 cpu_s=6.0 rss_max_mb=79.0 map_wall_s=0.50 map_cpu_s=3.3 merge_wall_s=0.98 merge_cpu_s=2.6 map_units=356 merge_ranges=353 eff_cores=3.15
event=kink_round H=16 col=1 round=stage5 frontier_in=224704 map_wall_s=0.082 map_cpu_s=0.941 merge_wall_s=0.273 merge_cpu_s=0.714 map_units=110 merge_ranges=80 map_eff_cores=11.51 merge_eff_cores=2.62
event=kink_round H=14 col=1 round=stage10 frontier_in=147165 map_wall_s=0.079 map_cpu_s=0.599 merge_wall_s=0.206 merge_cpu_s=0.558 map_units=72 merge_ranges=72 map_eff_cores=7.58 merge_eff_cores=2.71
event=kink_round H=4 col=20 round=seed frontier_in=22 map_wall_s=0.042 map_cpu_s=0.002 merge_wall_s=0.000 merge_cpu_s=0.000 map_units=1 merge_ranges=0 map_eff_cores=0.05 merge_eff_cores=0.00
event=kink_round H=8 col=5 round=stage5 frontier_in=2858 map_wall_s=0.016 map_cpu_s=0.024 merge_wall_s=0.068 merge_cpu_s=0.015 map_units=2 merge_ranges=2 map_eff_cores=1.51 merge_eff_cores=0.22
event=kink_round H=6 col=10 round=stage2 frontier_in=341 map_wall_s=0.029 map_cpu_s=0.004 merge_wall_s=0.029 merge_cpu_s=0.003 map_units=1 merge_ranges=1 map_eff_cores=0.14 merge_eff_cores=0.10
event=kink_round H=5 col=14 round=stage2 frontier_in=146 map_wall_s=0.041 map_cpu_s=0.002 merge_wall_s=0.018 merge_cpu_s=0.001 map_units=1 merge_ranges=1 map_eff_cores=0.05 merge_eff_cores=0.06
event=kink_round H=6 col=10 round=stage3 frontier_in=403 map_wall_s=0.002 map_cpu_s=0.002 merge_wall_s=0.002 merge_cpu_s=0.002 map_units=1 merge_ranges=1 map_eff_cores=1.03 merge_eff_cores=0.96
event=kink_round H=4 col=20 round=stage0 frontier_in=22 map_wall_s=0.014 map_cpu_s=0.001 merge_wall_s=0.002 merge_cpu_s=0.001 map_units=1 merge_ranges=1 map_eff_cores=0.07 merge_eff_cores=0.66
event=kink_round H=7 col=8 round=stage1 frontier_in=544 map_wall_s=0.022 map_cpu_s=0.008 merge_wall_s=0.028 merge_cpu_s=0.005 map_units=1 merge_ranges=1 map_eff_cores=0.36 merge_eff_cores=0.18
event=kink_round H=3 col=23 round=finalize frontier_in=27 map_wall_s=0.025 map_cpu_s=0.001 merge_wall_s=0.027 merge_cpu_s=0.001 map_units=1 merge_ranges=1 map_eff_cores=0.04 merge_eff_cores=0.04
event=column H=3 col=23 frontier_in=10 frontier_out=10 wall_s=0.11 cum_wall_s=23.8 cpu_s=0.0 rss_max_mb=74.8 map_wall_s=0.04 map_cpu_s=0.0 merge_wall_s=0.06 merge_cpu_s=0.0 map_units=5 merge_ranges=4 eff_cores=0.05
event=kink_round H=9 col=4 round=stage3 frontier_in=6680 map_wall_s=0.019 map_cpu_s=0.056 merge_wall_s=0.085 merge_cpu_s=0.032 map_units=4 merge_ranges=4 map_eff_cores=3.00 merge_eff_cores=0.38
event=kink_round H=5 col=14 round=stage3 frontier_in=166 map_wall_s=0.001 map_cpu_s=0.001 merge_wall_s=0.005 merge_cpu_s=0.001 map_units=1 merge_ranges=1 map_eff_cores=0.71 merge_eff_cores=0.21
event=kink_round H=13 col=2 round=seed frontier_in=57408 map_wall_s=0.039 map_cpu_s=0.230 merge_wall_s=0.000 merge_cpu_s=0.000 map_units=29 merge_ranges=0 map_eff_cores=5.94 merge_eff_cores=0.00
event=kink_round H=6 col=10 round=stage4 frontier_in=423 map_wall_s=0.003 map_cpu_s=0.003 merge_wall_s=0.004 merge_cpu_s=0.004 map_units=1 merge_ranges=1 map_eff_cores=0.92 merge_eff_cores=1.01
event=kink_round H=3 col=24 round=seed frontier_in=10 map_wall_s=0.003 map_cpu_s=0.001 merge_wall_s=0.000 merge_cpu_s=0.000 map_units=1 merge_ranges=0 map_eff_cores=0.31 merge_eff_cores=0.00
event=kink_round H=4 col=20 round=stage1 frontier_in=36 map_wall_s=0.006 map_cpu_s=0.001 merge_wall_s=0.001 merge_cpu_s=0.001 map_units=1 merge_ranges=1 map_eff_cores=0.16 merge_eff_cores=0.83
event=kink_round H=4 col=20 round=stage2 frontier_in=56 map_wall_s=0.001 map_cpu_s=0.001 merge_wall_s=0.001 merge_cpu_s=0.000 map_units=1 merge_ranges=1 map_eff_cores=0.70 merge_eff_cores=0.00
event=kink_round H=3 col=24 round=stage0 frontier_in=10 map_wall_s=0.001 map_cpu_s=0.001 merge_wall_s=0.003 merge_cpu_s=0.000 map_units=1 merge_ranges=1 map_eff_cores=0.81 merge_eff_cores=0.00
event=kink_round H=17 col=1 round=stage3 frontier_in=289592 map_wall_s=0.103 map_cpu_s=1.184 merge_wall_s=0.304 merge_cpu_s=0.779 map_units=142 merge_ranges=80 map_eff_cores=11.53 merge_eff_cores=2.57
event=kink_round H=5 col=14 round=stage4 frontier_in=179 map_wall_s=0.003 map_cpu_s=0.002 merge_wall_s=0.002 merge_cpu_s=0.002 map_units=1 merge_ranges=1 map_eff_cores=0.79 merge_eff_cores=0.91
event=kink_round H=6 col=10 round=stage5 frontier_in=458 map_wall_s=0.003 map_cpu_s=0.003 merge_wall_s=0.004 merge_cpu_s=0.002 map_units=1 merge_ranges=1 map_eff_cores=1.04 merge_eff_cores=0.55
event=kink_round H=11 col=2 round=stage8 frontier_in=45231 map_wall_s=0.027 map_cpu_s=0.238 merge_wall_s=0.103 merge_cpu_s=0.156 map_units=23 merge_ranges=23 map_eff_cores=8.85 merge_eff_cores=1.52
event=kink_round H=4 col=20 round=stage3 frontier_in=59 map_wall_s=0.001 map_cpu_s=0.001 merge_wall_s=0.016 merge_cpu_s=0.001 map_units=1 merge_ranges=1 map_eff_cores=0.95 merge_eff_cores=0.06
event=kink_round H=12 col=2 round=stage4 frontier_in=85005 map_wall_s=0.045 map_cpu_s=0.466 merge_wall_s=0.081 merge_cpu_s=0.306 map_units=42 merge_ranges=42 map_eff_cores=10.31 merge_eff_cores=3.78
event=kink_round H=5 col=14 round=finalize frontier_in=180 map_wall_s=0.002 map_cpu_s=0.002 merge_wall_s=0.024 merge_cpu_s=0.001 map_units=1 merge_ranges=1 map_eff_cores=1.10 merge_eff_cores=0.04
event=column H=5 col=14 frontier_in=57 frontier_out=57 wall_s=0.14 cum_wall_s=23.9 cpu_s=0.0 rss_max_mb=74.8 map_wall_s=0.06 map_cpu_s=0.0 merge_wall_s=0.08 merge_cpu_s=0.0 map_units=7 merge_ranges=6 eff_cores=0.13
event=kink_round H=7 col=8 round=stage2 frontier_in=873 map_wall_s=0.008 map_cpu_s=0.008 merge_wall_s=0.026 merge_cpu_s=0.008 map_units=1 merge_ranges=1 map_eff_cores=0.95 merge_eff_cores=0.31
event=kink_round H=10 col=3 round=stage4 frontier_in=18319 map_wall_s=0.055 map_cpu_s=0.086 merge_wall_s=0.061 merge_cpu_s=0.095 map_units=9 merge_ranges=9 map_eff_cores=1.55 merge_eff_cores=1.55
event=kink_round H=6 col=10 round=finalize frontier_in=447 map_wall_s=0.009 map_cpu_s=0.003 merge_wall_s=0.026 merge_cpu_s=0.001 map_units=1 merge_ranges=1 map_eff_cores=0.32 merge_eff_cores=0.04
event=column H=6 col=10 frontier_in=131 frontier_out=131 wall_s=0.16 cum_wall_s=24.1 cpu_s=0.0 rss_max_mb=56.6 map_wall_s=0.06 map_cpu_s=0.0 merge_wall_s=0.09 merge_cpu_s=0.0 map_units=8 merge_ranges=7 eff_cores=0.22
event=kink_round H=8 col=5 round=stage6 frontier_in=2920 map_wall_s=0.014 map_cpu_s=0.026 merge_wall_s=0.032 merge_cpu_s=0.017 map_units=2 merge_ranges=2 map_eff_cores=1.90 merge_eff_cores=0.53
event=kink_round H=6 col=11 round=seed frontier_in=131 map_wall_s=0.019 map_cpu_s=0.002 merge_wall_s=0.000 merge_cpu_s=0.000 map_units=1 merge_ranges=0 map_eff_cores=0.11 merge_eff_cores=0.00
event=kink_round H=3 col=24 round=stage1 frontier_in=17 map_wall_s=0.021 map_cpu_s=0.001 merge_wall_s=0.042 merge_cpu_s=0.001 map_units=1 merge_ranges=1 map_eff_cores=0.05 merge_eff_cores=0.02
event=kink_round H=5 col=15 round=seed frontier_in=57 map_wall_s=0.022 map_cpu_s=0.001 merge_wall_s=0.000 merge_cpu_s=0.000 map_units=1 merge_ranges=0 map_eff_cores=0.04 merge_eff_cores=0.00
event=kink_round H=9 col=4 round=stage4 frontier_in=7281 map_wall_s=0.031 map_cpu_s=0.062 merge_wall_s=0.042 merge_cpu_s=0.024 map_units=4 merge_ranges=4 map_eff_cores=2.03 merge_eff_cores=0.57
event=kink_round H=4 col=20 round=finalize frontier_in=70 map_wall_s=0.031 map_cpu_s=0.001 merge_wall_s=0.028 merge_cpu_s=0.001 map_units=1 merge_ranges=1 map_eff_cores=0.03 merge_eff_cores=0.04
event=column H=4 col=20 frontier_in=22 frontier_out=22 wall_s=0.14 cum_wall_s=24.2 cpu_s=0.0 rss_max_mb=50.5 map_wall_s=0.10 map_cpu_s=0.0 merge_wall_s=0.05 merge_cpu_s=0.0 map_units=6 merge_ranges=5 eff_cores=0.08
event=kink_round H=6 col=11 round=stage0 frontier_in=131 map_wall_s=0.014 map_cpu_s=0.001 merge_wall_s=0.011 merge_cpu_s=0.002 map_units=1 merge_ranges=1 map_eff_cores=0.07 merge_eff_cores=0.19
event=kink_round H=4 col=21 round=seed frontier_in=22 map_wall_s=0.007 map_cpu_s=0.001 merge_wall_s=0.000 merge_cpu_s=0.000 map_units=1 merge_ranges=0 map_eff_cores=0.14 merge_eff_cores=0.00
event=kink_round H=5 col=15 round=stage0 frontier_in=57 map_wall_s=0.010 map_cpu_s=0.001 merge_wall_s=0.021 merge_cpu_s=0.001 map_units=1 merge_ranges=1 map_eff_cores=0.10 merge_eff_cores=0.05
event=kink_round H=3 col=24 round=stage2 frontier_in=23 map_wall_s=0.015 map_cpu_s=0.001 merge_wall_s=0.019 merge_cpu_s=0.001 map_units=1 merge_ranges=1 map_eff_cores=0.07 merge_eff_cores=0.05
event=kink_round H=4 col=21 round=stage0 frontier_in=22 map_wall_s=0.005 map_cpu_s=0.001 merge_wall_s=0.019 merge_cpu_s=0.001 map_units=1 merge_ranges=1 map_eff_cores=0.18 merge_eff_cores=0.05
event=kink_round H=19 col=1 round=stage0 frontier_in=262655 map_wall_s=0.053 map_cpu_s=1.370 merge_wall_s=0.215 merge_cpu_s=0.968 map_units=129 merge_ranges=80 map_eff_cores=25.74 merge_eff_cores=4.51
event=kink_round H=8 col=5 round=stage7 frontier_in=2997 map_wall_s=0.041 map_cpu_s=0.020 merge_wall_s=0.034 merge_cpu_s=0.018 map_units=2 merge_ranges=2 map_eff_cores=0.49 merge_eff_cores=0.53
event=kink_round H=7 col=8 round=stage3 frontier_in=1036 map_wall_s=0.037 map_cpu_s=0.006 merge_wall_s=0.050 merge_cpu_s=0.004 map_units=1 merge_ranges=1 map_eff_cores=0.16 merge_eff_cores=0.08
event=kink_round H=6 col=11 round=stage1 frontier_in=212 map_wall_s=0.014 map_cpu_s=0.003 merge_wall_s=0.049 merge_cpu_s=0.002 map_units=1 merge_ranges=1 map_eff_cores=0.21 merge_eff_cores=0.04
event=kink_round H=5 col=15 round=stage1 frontier_in=94 map_wall_s=0.028 map_cpu_s=0.002 merge_wall_s=0.057 merge_cpu_s=0.002 map_units=1 merge_ranges=1 map_eff_cores=0.07 merge_eff_cores=0.04
event=kink_round H=3 col=24 round=finalize frontier_in=27 map_wall_s=0.026 map_cpu_s=0.000 merge_wall_s=0.084 merge_cpu_s=0.001 map_units=1 merge_ranges=1 map_eff_cores=0.00 merge_eff_cores=0.01
event=kink_round H=6 col=11 round=stage2 frontier_in=341 map_wall_s=0.043 map_cpu_s=0.002 merge_wall_s=0.010 merge_cpu_s=0.002 map_units=1 merge_ranges=1 map_eff_cores=0.05 merge_eff_cores=0.20
event=column H=3 col=24 frontier_in=10 frontier_out=10 wall_s=0.22 cum_wall_s=24.4 cpu_s=0.0 rss_max_mb=74.8 map_wall_s=0.07 map_cpu_s=0.0 merge_wall_s=0.15 merge_cpu_s=0.0 map_units=5 merge_ranges=4 eff_cores=0.03
event=kink_round H=4 col=21 round=stage1 frontier_in=36 map_wall_s=0.056 map_cpu_s=0.002 merge_wall_s=0.051 merge_cpu_s=0.001 map_units=1 merge_ranges=1 map_eff_cores=0.04 merge_eff_cores=0.02
event=kink_round H=7 col=8 round=stage4 frontier_in=1113 map_wall_s=0.047 map_cpu_s=0.008 merge_wall_s=0.053 merge_cpu_s=0.005 map_units=1 merge_ranges=1 map_eff_cores=0.17 merge_eff_cores=0.10
event=kink_round H=8 col=5 round=finalize frontier_in=2895 map_wall_s=0.058 map_cpu_s=0.013 merge_wall_s=0.044 merge_cpu_s=0.005 map_units=2 merge_ranges=2 map_eff_cores=0.23 merge_eff_cores=0.11
event=column H=8 col=5 frontier_in=825 frontier_out=825 wall_s=0.64 cum_wall_s=25.1 cpu_s=0.3 rss_max_mb=74.8 map_wall_s=0.29 map_cpu_s=0.2 merge_wall_s=0.32 merge_cpu_s=0.1 map_units=17 merge_ranges=16 eff_cores=0.45
event=kink_round H=3 col=25 round=seed frontier_in=10 map_wall_s=0.002 map_cpu_s=0.000 merge_wall_s=0.000 merge_cpu_s=0.000 map_units=1 merge_ranges=0 map_eff_cores=0.00 merge_eff_cores=0.00
event=kink_round H=8 col=6 round=seed frontier_in=825 map_wall_s=0.004 map_cpu_s=0.004 merge_wall_s=0.000 merge_cpu_s=0.000 map_units=1 merge_ranges=0 map_eff_cores=0.89 merge_eff_cores=0.00
event=kink_round H=6 col=11 round=stage3 frontier_in=403 map_wall_s=0.003 map_cpu_s=0.003 merge_wall_s=0.010 merge_cpu_s=0.002 map_units=1 merge_ranges=1 map_eff_cores=1.08 merge_eff_cores=0.21
event=kink_round H=5 col=15 round=stage2 frontier_in=146 map_wall_s=0.046 map_cpu_s=0.002 merge_wall_s=0.006 merge_cpu_s=0.001 map_units=1 merge_ranges=1 map_eff_cores=0.04 merge_eff_cores=0.16
event=kink_round H=9 col=4 round=stage5 frontier_in=7500 map_wall_s=0.033 map_cpu_s=0.041 merge_wall_s=0.104 merge_cpu_s=0.030 map_units=4 merge_ranges=4 map_eff_cores=1.25 merge_eff_cores=0.29
event=kink_round H=13 col=2 round=stage0 frontier_in=57408 map_wall_s=0.039 map_cpu_s=0.298 merge_wall_s=0.201 merge_cpu_s=0.268 map_units=29 merge_ranges=29 map_eff_cores=7.64 merge_eff_cores=1.34
event=kink_round H=4 col=21 round=stage2 frontier_in=56 map_wall_s=0.001 map_cpu_s=0.001 merge_wall_s=0.019 merge_cpu_s=0.001 map_units=1 merge_ranges=1 map_eff_cores=0.75 merge_eff_cores=0.05
event=kink_round H=3 col=25 round=stage0 frontier_in=10 map_wall_s=0.009 map_cpu_s=0.001 merge_wall_s=0.010 merge_cpu_s=0.001 map_units=1 merge_ranges=1 map_eff_cores=0.11 merge_eff_cores=0.10
event=kink_round H=8 col=6 round=stage0 frontier_in=825 map_wall_s=0.011 map_cpu_s=0.010 merge_wall_s=0.009 merge_cpu_s=0.006 map_units=1 merge_ranges=1 map_eff_cores=0.94 merge_eff_cores=0.66
event=kink_round H=11 col=2 round=stage9 frontier_in=47800 map_wall_s=0.047 map_cpu_s=0.219 merge_wall_s=0.140 merge_cpu_s=0.164 map_units=24 merge_ranges=24 map_eff_cores=4.65 merge_eff_cores=1.17
event=kink_round H=6 col=11 round=stage4 frontier_in=423 map_wall_s=0.005 map_cpu_s=0.004 merge_wall_s=0.007 merge_cpu_s=0.001 map_units=1 merge_ranges=1 map_eff_cores=0.85 merge_eff_cores=0.14
event=kink_round H=7 col=8 round=stage5 frontier_in=1130 map_wall_s=0.011 map_cpu_s=0.007 merge_wall_s=0.018 merge_cpu_s=0.004 map_units=1 merge_ranges=1 map_eff_cores=0.64 merge_eff_cores=0.22
event=kink_round H=3 col=25 round=stage1 frontier_in=17 map_wall_s=0.001 map_cpu_s=0.001 merge_wall_s=0.003 merge_cpu_s=0.000 map_units=1 merge_ranges=1 map_eff_cores=0.93 merge_eff_cores=0.00
event=kink_round H=4 col=21 round=stage3 frontier_in=59 map_wall_s=0.001 map_cpu_s=0.001 merge_wall_s=0.005 merge_cpu_s=0.001 map_units=1 merge_ranges=1 map_eff_cores=0.85 merge_eff_cores=0.21
event=kink_round H=5 col=15 round=stage3 frontier_in=166 map_wall_s=0.005 map_cpu_s=0.002 merge_wall_s=0.012 merge_cpu_s=0.001 map_units=1 merge_ranges=1 map_eff_cores=0.37 merge_eff_cores=0.08
event=kink_round H=10 col=3 round=stage5 frontier_in=19043 map_wall_s=0.037 map_cpu_s=0.100 merge_wall_s=0.141 merge_cpu_s=0.072 map_units=10 merge_ranges=10 map_eff_cores=2.74 merge_eff_cores=0.51
event=kink_round H=4 col=21 round=finalize frontier_in=70 map_wall_s=0.008 map_cpu_s=0.001 merge_wall_s=0.016 merge_cpu_s=0.001 map_units=1 merge_ranges=1 map_eff_cores=0.13 merge_eff_cores=0.06
event=column H=4 col=21 frontier_in=22 frontier_out=22 wall_s=0.20 cum_wall_s=25.3 cpu_s=0.0 rss_max_mb=56.6 map_wall_s=0.08 map_cpu_s=0.0 merge_wall_s=0.11 merge_cpu_s=0.0 map_units=6 merge_ranges=5 eff_cores=0.06
event=kink_round H=4 col=22 round=seed frontier_in=22 map_wall_s=0.001 map_cpu_s=0.001 merge_wall_s=0.000 merge_cpu_s=0.000 map_units=1 merge_ranges=0 map_eff_cores=0.70 merge_eff_cores=0.00
event=kink_round H=3 col=25 round=stage2 frontier_in=23 map_wall_s=0.002 map_cpu_s=0.001 merge_wall_s=0.029 merge_cpu_s=0.001 map_units=1 merge_ranges=1 map_eff_cores=0.63 merge_eff_cores=0.03
event=kink_round H=6 col=11 round=stage5 frontier_in=458 map_wall_s=0.008 map_cpu_s=0.002 merge_wall_s=0.023 merge_cpu_s=0.002 map_units=1 merge_ranges=1 map_eff_cores=0.24 merge_eff_cores=0.09
event=kink_round H=5 col=15 round=stage4 frontier_in=179 map_wall_s=0.015 map_cpu_s=0.002 merge_wall_s=0.015 merge_cpu_s=0.001 map_units=1 merge_ranges=1 map_eff_cores=0.13 merge_eff_cores=0.07
event=kink_round H=6 col=11 round=finalize frontier_in=447 map_wall_s=0.003 map_cpu_s=0.002 merge_wall_s=0.007 merge_cpu_s=0.001 map_units=1 merge_ranges=1 map_eff_cores=0.77 merge_eff_cores=0.14
event=column H=6 col=11 frontier_in=131 frontier_out=131 wall_s=0.25 cum_wall_s=25.5 cpu_s=0.0 rss_max_mb=48.5 map_wall_s=0.11 map_cpu_s=0.0 merge_wall_s=0.12 merge_cpu_s=0.0 map_units=8 merge_ranges=7 eff_cores=0.12
event=kink_round H=4 col=22 round=stage0 frontier_in=22 map_wall_s=0.015 map_cpu_s=0.001 merge_wall_s=0.001 merge_cpu_s=0.000 map_units=1 merge_ranges=1 map_eff_cores=0.07 merge_eff_cores=0.00
event=kink_round H=3 col=25 round=finalize frontier_in=27 map_wall_s=0.007 map_cpu_s=0.001 merge_wall_s=0.001 merge_cpu_s=0.001 map_units=1 merge_ranges=1 map_eff_cores=0.14 merge_eff_cores=0.89
event=column H=3 col=25 frontier_in=10 frontier_out=10 wall_s=0.07 cum_wall_s=25.6 cpu_s=0.0 rss_max_mb=50.5 map_wall_s=0.02 map_cpu_s=0.0 merge_wall_s=0.04 merge_cpu_s=0.0 map_units=5 merge_ranges=4 eff_cores=0.10
event=kink_round H=5 col=15 round=finalize frontier_in=180 map_wall_s=0.002 map_cpu_s=0.001 merge_wall_s=0.005 merge_cpu_s=0.001 map_units=1 merge_ranges=1 map_eff_cores=0.53 merge_eff_cores=0.20
event=column H=5 col=15 frontier_in=57 frontier_out=57 wall_s=0.25 cum_wall_s=25.8 cpu_s=0.0 rss_max_mb=60.6 map_wall_s=0.13 map_cpu_s=0.0 merge_wall_s=0.12 merge_cpu_s=0.0 map_units=7 merge_ranges=6 eff_cores=0.07
event=kink_round H=7 col=8 round=stage6 frontier_in=1170 map_wall_s=0.011 map_cpu_s=0.010 merge_wall_s=0.035 merge_cpu_s=0.005 map_units=1 merge_ranges=1 map_eff_cores=0.92 merge_eff_cores=0.14
event=kink_round H=8 col=6 round=stage1 frontier_in=1328 map_wall_s=0.011 map_cpu_s=0.009 merge_wall_s=0.036 merge_cpu_s=0.016 map_units=1 merge_ranges=1 map_eff_cores=0.79 merge_eff_cores=0.44
event=kink_round H=5 col=16 round=seed frontier_in=57 map_wall_s=0.004 map_cpu_s=0.001 merge_wall_s=0.000 merge_cpu_s=0.000 map_units=1 merge_ranges=0 map_eff_cores=0.26 merge_eff_cores=0.00
event=kink_round H=3 col=26 round=seed frontier_in=10 map_wall_s=0.002 map_cpu_s=0.000 merge_wall_s=0.000 merge_cpu_s=0.000 map_units=1 merge_ranges=0 map_eff_cores=0.00 merge_eff_cores=0.00
event=kink_round H=6 col=12 round=seed frontier_in=131 map_wall_s=0.004 map_cpu_s=0.001 merge_wall_s=0.000 merge_cpu_s=0.000 map_units=1 merge_ranges=0 map_eff_cores=0.24 merge_eff_cores=0.00
event=kink_round H=4 col=22 round=stage1 frontier_in=36 map_wall_s=0.004 map_cpu_s=0.001 merge_wall_s=0.004 merge_cpu_s=0.001 map_units=1 merge_ranges=1 map_eff_cores=0.23 merge_eff_cores=0.24
event=kink_round H=9 col=4 round=stage6 frontier_in=7569 map_wall_s=0.025 map_cpu_s=0.059 merge_wall_s=0.026 merge_cpu_s=0.042 map_units=4 merge_ranges=4 map_eff_cores=2.33 merge_eff_cores=1.60
event=kink_round H=3 col=26 round=stage0 frontier_in=10 map_wall_s=0.004 map_cpu_s=0.000 merge_wall_s=0.001 merge_cpu_s=0.000 map_units=1 merge_ranges=1 map_eff_cores=0.00 merge_eff_cores=0.00
event=kink_round H=6 col=12 round=stage0 frontier_in=131 map_wall_s=0.003 map_cpu_s=0.002 merge_wall_s=0.005 merge_cpu_s=0.001 map_units=1 merge_ranges=1 map_eff_cores=0.76 merge_eff_cores=0.22
event=kink_round H=12 col=2 round=stage5 frontier_in=90560 map_wall_s=0.045 map_cpu_s=0.458 merge_wall_s=0.176 merge_cpu_s=0.334 map_units=45 merge_ranges=45 map_eff_cores=10.08 merge_eff_cores=1.90
event=kink_round H=7 col=8 round=finalize frontier_in=1129 map_wall_s=0.004 map_cpu_s=0.003 merge_wall_s=0.018 merge_cpu_s=0.002 map_units=1 merge_ranges=1 map_eff_cores=0.83 merge_eff_cores=0.11
event=column H=7 col=8 frontier_in=335 frontier_out=335 wall_s=0.42 cum_wall_s=26.3 cpu_s=0.1 rss_max_mb=64.6 map_wall_s=0.15 map_cpu_s=0.1 merge_wall_s=0.26 merge_cpu_s=0.0 map_units=9 merge_ranges=8 eff_cores=0.22
event=kink_round H=6 col=12 round=stage1 frontier_in=212 map_wall_s=0.006 map_cpu_s=0.004 merge_wall_s=0.008 merge_cpu_s=0.002 map_units=1 merge_ranges=1 map_eff_cores=0.70 merge_eff_cores=0.26
event=kink_round H=3 col=26 round=stage1 frontier_in=17 map_wall_s=0.014 map_cpu_s=0.001 merge_wall_s=0.001 merge_cpu_s=0.001 map_units=1 merge_ranges=1 map_eff_cores=0.07 merge_eff_cores=0.87
event=kink_round H=5 col=16 round=stage0 frontier_in=57 map_wall_s=0.008 map_cpu_s=0.001 merge_wall_s=0.018 merge_cpu_s=0.001 map_units=1 merge_ranges=1 map_eff_cores=0.12 merge_eff_cores=0.06
event=kink_round H=4 col=22 round=stage2 frontier_in=56 map_wall_s=0.003 map_cpu_s=0.001 merge_wall_s=0.022 merge_cpu_s=0.001 map_units=1 merge_ranges=1 map_eff_cores=0.29 merge_eff_cores=0.04
event=kink_round H=7 col=9 round=seed frontier_in=335 map_wall_s=0.010 map_cpu_s=0.002 merge_wall_s=0.000 merge_cpu_s=0.000 map_units=1 merge_ranges=0 map_eff_cores=0.21 merge_eff_cores=0.00
event=kink_round H=3 col=26 round=stage2 frontier_in=23 map_wall_s=0.001 map_cpu_s=0.001 merge_wall_s=0.006 merge_cpu_s=0.001 map_units=1 merge_ranges=1 map_eff_cores=0.86 merge_eff_cores=0.16
event=kink_round H=5 col=16 round=stage1 frontier_in=94 map_wall_s=0.001 map_cpu_s=0.001 merge_wall_s=0.003 merge_cpu_s=0.001 map_units=1 merge_ranges=1 map_eff_cores=0.79 merge_eff_cores=0.40
event=kink_round H=6 col=12 round=stage2 frontier_in=341 map_wall_s=0.003 map_cpu_s=0.002 merge_wall_s=0.006 merge_cpu_s=0.003 map_units=1 merge_ranges=1 map_eff_cores=0.70 merge_eff_cores=0.47
event=kink_round H=3 col=26 round=finalize frontier_in=27 map_wall_s=0.001 map_cpu_s=0.000 merge_wall_s=0.002 merge_cpu_s=0.000 map_units=1 merge_ranges=1 map_eff_cores=0.00 merge_eff_cores=0.00
event=column H=3 col=26 frontier_in=10 frontier_out=10 wall_s=0.04 cum_wall_s=26.3 cpu_s=0.0 rss_max_mb=50.5 map_wall_s=0.02 map_cpu_s=0.0 merge_wall_s=0.01 merge_cpu_s=0.0 map_units=5 merge_ranges=4 eff_cores=0.11
event=kink_round H=15 col=1 round=stage9 frontier_in=242137 map_wall_s=0.082 map_cpu_s=1.116 merge_wall_s=0.249 merge_cpu_s=0.868 map_units=119 merge_ranges=80 map_eff_cores=13.57 merge_eff_cores=3.49
event=kink_round H=3 col=27 round=seed frontier_in=10 map_wall_s=0.001 map_cpu_s=0.000 merge_wall_s=0.000 merge_cpu_s=0.000 map_units=1 merge_ranges=0 map_eff_cores=0.00 merge_eff_cores=0.00
event=kink_round H=4 col=22 round=stage3 frontier_in=59 map_wall_s=0.001 map_cpu_s=0.001 merge_wall_s=0.006 merge_cpu_s=0.001 map_units=1 merge_ranges=1 map_eff_cores=0.95 merge_eff_cores=0.17
event=kink_round H=8 col=6 round=stage2 frontier_in=2153 map_wall_s=0.024 map_cpu_s=0.024 merge_wall_s=0.018 merge_cpu_s=0.018 map_units=2 merge_ranges=2 map_eff_cores=0.98 merge_eff_cores=1.02
event=kink_round H=10 col=3 round=stage6 frontier_in=19371 map_wall_s=0.027 map_cpu_s=0.129 merge_wall_s=0.019 merge_cpu_s=0.092 map_units=10 merge_ranges=10 map_eff_cores=4.73 merge_eff_cores=4.78
event=kink_round H=7 col=9 round=stage0 frontier_in=335 map_wall_s=0.003 map_cpu_s=0.003 merge_wall_s=0.012 merge_cpu_s=0.005 map_units=1 merge_ranges=1 map_eff_cores=1.05 merge_eff_cores=0.41
event=kink_round H=3 col=27 round=stage0 frontier_in=10 map_wall_s=0.001 map_cpu_s=0.000 merge_wall_s=0.014 merge_cpu_s=0.000 map_units=1 merge_ranges=1 map_eff_cores=0.00 merge_eff_cores=0.00
event=kink_round H=4 col=22 round=finalize frontier_in=70 map_wall_s=0.012 map_cpu_s=0.002 merge_wall_s=0.003 merge_cpu_s=0.001 map_units=1 merge_ranges=1 map_eff_cores=0.17 merge_eff_cores=0.34
event=column H=4 col=22 frontier_in=22 frontier_out=22 wall_s=0.08 cum_wall_s=26.4 cpu_s=0.0 rss_max_mb=54.6 map_wall_s=0.04 map_cpu_s=0.0 merge_wall_s=0.04 merge_cpu_s=0.0 map_units=6 merge_ranges=5 eff_cores=0.14
event=kink_round H=14 col=1 round=stage11 frontier_in=179206 map_wall_s=0.121 map_cpu_s=0.820 merge_wall_s=0.133 merge_cpu_s=0.779 map_units=88 merge_ranges=80 map_eff_cores=6.78 merge_eff_cores=5.87
event=kink_round H=5 col=16 round=stage2 frontier_in=146 map_wall_s=0.006 map_cpu_s=0.002 merge_wall_s=0.020 merge_cpu_s=0.003 map_units=1 merge_ranges=1 map_eff_cores=0.36 merge_eff_cores=0.15
event=kink_round H=4 col=23 round=seed frontier_in=22 map_wall_s=0.011 map_cpu_s=0.001 merge_wall_s=0.000 merge_cpu_s=0.000 map_units=1 merge_ranges=0 map_eff_cores=0.09 merge_eff_cores=0.00
event=kink_round H=6 col=12 round=stage3 frontier_in=403 map_wall_s=0.007 map_cpu_s=0.002 merge_wall_s=0.031 merge_cpu_s=0.002 map_units=1 merge_ranges=1 map_eff_cores=0.29 merge_eff_cores=0.06
event=kink_round H=3 col=27 round=stage1 frontier_in=17 map_wall_s=0.002 map_cpu_s=0.001 merge_wall_s=0.023 merge_cpu_s=0.001 map_units=1 merge_ranges=1 map_eff_cores=0.49 merge_eff_cores=0.04
event=kink_round H=7 col=9 round=stage1 frontier_in=544 map_wall_s=0.013 map_cpu_s=0.007 merge_wall_s=0.035 merge_cpu_s=0.003 map_units=1 merge_ranges=1 map_eff_cores=0.55 merge_eff_cores=0.09
event=kink_round H=3 col=27 round=stage2 frontier_in=23 map_wall_s=0.005 map_cpu_s=0.001 merge_wall_s=0.001 merge_cpu_s=0.000 map_units=1 merge_ranges=1 map_eff_cores=0.20 merge_eff_cores=0.00
event=kink_round H=9 col=4 round=stage7 frontier_in=7596 map_wall_s=0.022 map_cpu_s=0.061 merge_wall_s=0.064 merge_cpu_s=0.030 map_units=4 merge_ranges=4 map_eff_cores=2.80 merge_eff_cores=0.47
event=kink_round H=5 col=16 round=stage3 frontier_in=166 map_wall_s=0.003 map_cpu_s=0.002 merge_wall_s=0.033 merge_cpu_s=0.002 map_units=1 merge_ranges=1 map_eff_cores=0.61 merge_eff_cores=0.06
event=kink_round H=6 col=12 round=stage4 frontier_in=423 map_wall_s=0.014 map_cpu_s=0.002 merge_wall_s=0.013 merge_cpu_s=0.003 map_units=1 merge_ranges=1 map_eff_cores=0.14 merge_eff_cores=0.23
event=kink_round H=4 col=23 round=stage0 frontier_in=22 map_wall_s=0.017 map_cpu_s=0.001 merge_wall_s=0.023 merge_cpu_s=0.001 map_units=1 merge_ranges=1 map_eff_cores=0.06 merge_eff_cores=0.04
event=kink_round H=3 col=27 round=finalize frontier_in=27 map_wall_s=0.002 map_cpu_s=0.001 merge_wall_s=0.009 merge_cpu_s=0.001 map_units=1 merge_ranges=1 map_eff_cores=0.60 merge_eff_cores=0.11
event=column H=3 col=27 frontier_in=10 frontier_out=10 wall_s=0.07 cum_wall_s=26.4 cpu_s=0.0 rss_max_mb=54.6 map_wall_s=0.01 map_cpu_s=0.0 merge_wall_s=0.05 merge_cpu_s=0.0 map_units=5 merge_ranges=4 eff_cores=0.07
event=kink_round H=8 col=6 round=stage3 frontier_in=2568 map_wall_s=0.026 map_cpu_s=0.020 merge_wall_s=0.043 merge_cpu_s=0.022 map_units=2 merge_ranges=2 map_eff_cores=0.76 merge_eff_cores=0.52
event=kink_round H=4 col=23 round=stage1 frontier_in=36 map_wall_s=0.001 map_cpu_s=0.000 merge_wall_s=0.001 merge_cpu_s=0.001 map_units=1 merge_ranges=1 map_eff_cores=0.00 merge_eff_cores=0.81
event=kink_round H=3 col=28 round=seed frontier_in=10 map_wall_s=0.001 map_cpu_s=0.001 merge_wall_s=0.000 merge_cpu_s=0.000 map_units=1 merge_ranges=0 map_eff_cores=0.83 merge_eff_cores=0.00
event=kink_round H=11 col=2 round=stage10 frontier_in=51107 map_wall_s=0.030 map_cpu_s=0.292 merge_wall_s=0.082 merge_cpu_s=0.200 map_units=25 merge_ranges=25 map_eff_cores=9.60 merge_eff_cores=2.43
event=kink_round H=4 col=23 round=stage2 frontier_in=56 map_wall_s=0.002 map_cpu_s=0.002 merge_wall_s=0.002 merge_cpu_s=0.001 map_units=1 merge_ranges=1 map_eff_cores=1.13 merge_eff_cores=0.42
event=kink_round H=5 col=16 round=stage4 frontier_in=179 map_wall_s=0.007 map_cpu_s=0.002 merge_wall_s=0.006 merge_cpu_s=0.001 map_units=1 merge_ranges=1 map_eff_cores=0.31 merge_eff_cores=0.17
event=kink_round H=7 col=9 round=stage2 frontier_in=873 map_wall_s=0.005 map_cpu_s=0.005 merge_wall_s=0.009 merge_cpu_s=0.007 map_units=1 merge_ranges=1 map_eff_cores=0.97 merge_eff_cores=0.78
event=kink_round H=6 col=12 round=stage5 frontier_in=458 map_wall_s=0.004 map_cpu_s=0.004 merge_wall_s=0.008 merge_cpu_s=0.004 map_units=1 merge_ranges=1 map_eff_cores=0.91 merge_eff_cores=0.52
event=kink_round H=3 col=28 round=stage0 frontier_in=10 map_wall_s=0.003 map_cpu_s=0.000 merge_wall_s=0.007 merge_cpu_s=0.001 map_units=1 merge_ranges=1 map_eff_cores=0.00 merge_eff_cores=0.14
event=kink_round H=4 col=23 round=stage3 frontier_in=59 map_wall_s=0.001 map_cpu_s=0.001 merge_wall_s=0.009 merge_cpu_s=0.001 map_units=1 merge_ranges=1 map_eff_cores=0.74 merge_eff_cores=0.11
event=kink_round H=3 col=28 round=stage1 frontier_in=17 map_wall_s=0.006 map_cpu_s=0.001 merge_wall_s=0.001 merge_cpu_s=0.001 map_units=1 merge_ranges=1 map_eff_cores=0.16 merge_eff_cores=0.71
event=kink_round H=5 col=16 round=finalize frontier_in=180 map_wall_s=0.012 map_cpu_s=0.001 merge_wall_s=0.002 merge_cpu_s=0.001 map_units=1 merge_ranges=1 map_eff_cores=0.08 merge_eff_cores=0.58
event=column H=5 col=16 frontier_in=57 frontier_out=57 wall_s=0.13 cum_wall_s=26.6 cpu_s=0.0 rss_max_mb=79.0 map_wall_s=0.04 map_cpu_s=0.0 merge_wall_s=0.08 merge_cpu_s=0.0 map_units=7 merge_ranges=6 eff_cores=0.14
event=kink_round H=6 col=12 round=finalize frontier_in=447 map_wall_s=0.003 map_cpu_s=0.003 merge_wall_s=0.002 merge_cpu_s=0.002 map_units=1 merge_ranges=1 map_eff_cores=1.00 merge_eff_cores=0.91
event=column H=6 col=12 frontier_in=131 frontier_out=131 wall_s=0.13 cum_wall_s=26.7 cpu_s=0.0 rss_max_mb=56.6 map_wall_s=0.04 map_cpu_s=0.0 merge_wall_s=0.07 merge_cpu_s=0.0 map_units=8 merge_ranges=7 eff_cores=0.27
event=kink_round H=5 col=17 round=seed frontier_in=57 map_wall_s=0.002 map_cpu_s=0.001 merge_wall_s=0.000 merge_cpu_s=0.000 map_units=1 merge_ranges=0 map_eff_cores=0.55 merge_eff_cores=0.00
event=kink_round H=6 col=13 round=seed frontier_in=131 map_wall_s=0.002 map_cpu_s=0.001 merge_wall_s=0.000 merge_cpu_s=0.000 map_units=1 merge_ranges=0 map_eff_cores=0.56 merge_eff_cores=0.00
event=kink_round H=10 col=3 round=stage7 frontier_in=19806 map_wall_s=0.034 map_cpu_s=0.138 merge_wall_s=0.028 merge_cpu_s=0.112 map_units=10 merge_ranges=10 map_eff_cores=4.00 merge_eff_cores=3.95
event=kink_round H=7 col=9 round=stage3 frontier_in=1036 map_wall_s=0.015 map_cpu_s=0.010 merge_wall_s=0.008 merge_cpu_s=0.008 map_units=1 merge_ranges=1 map_eff_cores=0.65 merge_eff_cores=0.96
event=kink_round H=13 col=2 round=stage1 frontier_in=91156 map_wall_s=0.030 map_cpu_s=0.480 merge_wall_s=0.135 merge_cpu_s=0.519 map_units=45 merge_ranges=45 map_eff_cores=16.09 merge_eff_cores=3.83
event=kink_round H=18 col=1 round=stage2 frontier_in=434876 map_wall_s=0.100 map_cpu_s=1.574 merge_wall_s=0.446 merge_cpu_s=1.186 map_units=213 merge_ranges=80 map_eff_cores=15.77 merge_eff_cores=2.66
event=kink_round H=3 col=28 round=stage2 frontier_in=23 map_wall_s=0.001 map_cpu_s=0.001 merge_wall_s=0.018 merge_cpu_s=0.000 map_units=1 merge_ranges=1 map_eff_cores=0.91 merge_eff_cores=0.00
event=kink_round H=5 col=17 round=stage0 frontier_in=57 map_wall_s=0.009 map_cpu_s=0.001 merge_wall_s=0.013 merge_cpu_s=0.000 map_units=1 merge_ranges=1 map_eff_cores=0.11 merge_eff_cores=0.00
event=kink_round H=9 col=4 round=stage8 frontier_in=7732 map_wall_s=0.022 map_cpu_s=0.051 merge_wall_s=0.028 merge_cpu_s=0.040 map_units=4 merge_ranges=4 map_eff_cores=2.36 merge_eff_cores=1.42
event=kink_round H=16 col=1 round=stage6 frontier_in=273382 map_wall_s=0.075 map_cpu_s=1.055 merge_wall_s=0.336 merge_cpu_s=0.867 map_units=134 merge_ranges=80 map_eff_cores=14.03 merge_eff_cores=2.58
event=kink_round H=8 col=6 round=stage4 frontier_in=2795 map_wall_s=0.030 map_cpu_s=0.025 merge_wall_s=0.020 merge_cpu_s=0.011 map_units=2 merge_ranges=2 map_eff_cores=0.84 merge_eff_cores=0.56
event=kink_round H=7 col=9 round=stage4 frontier_in=1113 map_wall_s=0.021 map_cpu_s=0.005 merge_wall_s=0.038 merge_cpu_s=0.008 map_units=1 merge_ranges=1 map_eff_cores=0.24 merge_eff_cores=0.21
event=kink_round H=4 col=23 round=finalize frontier_in=70 map_wall_s=0.024 map_cpu_s=0.001 merge_wall_s=0.047 merge_cpu_s=0.001 map_units=1 merge_ranges=1 map_eff_cores=0.04 merge_eff_cores=0.02
event=column H=4 col=23 frontier_in=22 frontier_out=22 wall_s=0.15 cum_wall_s=26.9 cpu_s=0.0 rss_max_mb=74.8 map_wall_s=0.06 map_cpu_s=0.0 merge_wall_s=0.08 merge_cpu_s=0.0 map_units=6 merge_ranges=5 eff_cores=0.07
event=kink_round H=6 col=13 round=stage0 frontier_in=131 map_wall_s=0.024 map_cpu_s=0.001 merge_wall_s=0.059 merge_cpu_s=0.001 map_units=1 merge_ranges=1 map_eff_cores=0.04 merge_eff_cores=0.02
event=kink_round H=17 col=1 round=stage4 frontier_in=365792 map_wall_s=0.137 map_cpu_s=1.368 merge_wall_s=0.316 merge_cpu_s=1.149 map_units=179 merge_ranges=80 map_eff_cores=9.99 merge_eff_cores=3.64
event=kink_round H=5 col=17 round=stage1 frontier_in=94 map_wall_s=0.042 map_cpu_s=0.001 merge_wall_s=0.065 merge_cpu_s=0.001 map_units=1 merge_ranges=1 map_eff_cores=0.02 merge_eff_cores=0.02
event=kink_round H=8 col=6 round=stage5 frontier_in=2858 map_wall_s=0.047 map_cpu_s=0.025 merge_wall_s=0.057 merge_cpu_s=0.011 map_units=2 merge_ranges=2 map_eff_cores=0.53 merge_eff_cores=0.19
event=kink_round H=3 col=28 round=finalize frontier_in=27 map_wall_s=0.042 map_cpu_s=0.001 merge_wall_s=0.074 merge_cpu_s=0.001 map_units=1 merge_ranges=1 map_eff_cores=0.02 merge_eff_cores=0.01
event=kink_round H=6 col=13 round=stage1 frontier_in=212 map_wall_s=0.038 map_cpu_s=0.002 merge_wall_s=0.017 merge_cpu_s=0.001 map_units=1 merge_ranges=1 map_eff_cores=0.05 merge_eff_cores=0.06
event=column H=3 col=28 frontier_in=10 frontier_out=10 wall_s=0.17 cum_wall_s=27.0 cpu_s=0.0 rss_max_mb=74.8 map_wall_s=0.05 map_cpu_s=0.0 merge_wall_s=0.10 merge_cpu_s=0.0 map_units=5 merge_ranges=4 eff_cores=0.04
event=kink_round H=4 col=24 round=seed frontier_in=22 map_wall_s=0.074 map_cpu_s=0.001 merge_wall_s=0.000 merge_cpu_s=0.000 map_units=1 merge_ranges=0 map_eff_cores=0.01 merge_eff_cores=0.00
event=kink_round H=9 col=4 round=finalize frontier_in=7529 map_wall_s=0.050 map_cpu_s=0.032 merge_wall_s=0.068 merge_cpu_s=0.013 map_units=4 merge_ranges=4 map_eff_cores=0.64 merge_eff_cores=0.19
event=kink_round H=12 col=2 round=stage6 frontier_in=95982 map_wall_s=0.037 map_cpu_s=0.605 merge_wall_s=0.170 merge_cpu_s=0.505 map_units=47 merge_ranges=47 map_eff_cores=16.24 merge_eff_cores=2.97
event=kink_round H=10 col=3 round=stage8 frontier_in=19890 map_wall_s=0.055 map_cpu_s=0.103 merge_wall_s=0.090 merge_cpu_s=0.098 map_units=10 merge_ranges=10 map_eff_cores=1.86 merge_eff_cores=1.09
event=column H=9 col=4 frontier_in=2152 frontier_out=2153 wall_s=1.00 cum_wall_s=28.0 cpu_s=0.7 rss_max_mb=72.8 map_wall_s=0.32 map_cpu_s=0.5 merge_wall_s=0.58 merge_cpu_s=0.3 map_units=37 merge_ranges=35 eff_cores=0.74
event=kink_round H=11 col=2 round=finalize frontier_in=49839 map_wall_s=0.047 map_cpu_s=0.212 merge_wall_s=0.122 merge_cpu_s=0.112 map_units=25 merge_ranges=25 map_eff_cores=4.48 merge_eff_cores=0.92
event=kink_round H=7 col=9 round=stage5 frontier_in=1130 map_wall_s=0.070 map_cpu_s=0.011 merge_wall_s=0.056 merge_cpu_s=0.005 map_units=1 merge_ranges=1 map_eff_cores=0.16 merge_eff_cores=0.09
event=kink_round H=3 col=29 round=seed frontier_in=10 map_wall_s=0.069 map_cpu_s=0.001 merge_wall_s=0.000 merge_cpu_s=0.000 map_units=1 merge_ranges=0 map_eff_cores=0.01 merge_eff_cores=0.00
event=kink_round H=5 col=17 round=stage2 frontier_in=146 map_wall_s=0.037 map_cpu_s=0.001 merge_wall_s=0.056 merge_cpu_s=0.001 map_units=1 merge_ranges=1 map_eff_cores=0.03 merge_eff_cores=0.02
event=kink_round H=9 col=5 round=seed frontier_in=2153 map_wall_s=0.057 map_cpu_s=0.013 merge_wall_s=0.000 merge_cpu_s=0.000 map_units=2 merge_ranges=0 map_eff_cores=0.23 merge_eff_cores=0.00
event=kink_round H=6 col=13 round=stage2 frontier_in=341 map_wall_s=0.035 map_cpu_s=0.001 merge_wall_s=0.058 merge_cpu_s=0.004 map_units=1 merge_ranges=1 map_eff_cores=0.03 merge_eff_cores=0.07
event=kink_round H=4 col=24 round=stage0 frontier_in=22 map_wall_s=0.051 map_cpu_s=0.001 merge_wall_s=0.041 merge_cpu_s=0.001 map_units=1 merge_ranges=1 map_eff_cores=0.02 merge_eff_cores=0.02
event=kink_round H=13 col=2 round=stage2 frontier_in=151403 map_wall_s=0.078 map_cpu_s=0.726 merge_wall_s=0.155 merge_cpu_s=0.716 map_units=74 merge_ranges=74 map_eff_cores=9.30 merge_eff_cores=4.62
event=kink_round H=3 col=29 round=stage0 frontier_in=10 map_wall_s=0.036 map_cpu_s=0.001 merge_wall_s=0.028 merge_cpu_s=0.000 map_units=1 merge_ranges=1 map_eff_cores=0.03 merge_eff_cores=0.00
event=kink_round H=5 col=17 round=stage3 frontier_in=166 map_wall_s=0.025 map_cpu_s=0.002 merge_wall_s=0.032 merge_cpu_s=0.001 map_units=1 merge_ranges=1 map_eff_cores=0.08 merge_eff_cores=0.03
event=kink_round H=6 col=13 round=stage3 frontier_in=403 map_wall_s=0.016 map_cpu_s=0.004 merge_wall_s=0.023 merge_cpu_s=0.001 map_units=1 merge_ranges=1 map_eff_cores=0.25 merge_eff_cores=0.04
event=kink_round H=8 col=6 round=stage6 frontier_in=2920 map_wall_s=0.070 map_cpu_s=0.025 merge_wall_s=0.065 merge_cpu_s=0.014 map_units=2 merge_ranges=2 map_eff_cores=0.36 merge_eff_cores=0.22
event=kink_round H=4 col=24 round=stage1 frontier_in=36 map_wall_s=0.024 map_cpu_s=0.001 merge_wall_s=0.023 merge_cpu_s=0.001 map_units=1 merge_ranges=1 map_eff_cores=0.04 merge_eff_cores=0.04
event=kink_round H=9 col=5 round=stage0 frontier_in=2153 map_wall_s=0.027 map_cpu_s=0.018 merge_wall_s=0.036 merge_cpu_s=0.013 map_units=2 merge_ranges=2 map_eff_cores=0.66 merge_eff_cores=0.37
event=kink_round H=7 col=9 round=stage6 frontier_in=1170 map_wall_s=0.037 map_cpu_s=0.007 merge_wall_s=0.061 merge_cpu_s=0.008 map_units=1 merge_ranges=1 map_eff_cores=0.19 merge_eff_cores=0.13
event=column H=11 col=2 frontier_in=9918 frontier_out=13993 wall_s=2.10 cum_wall_s=30.1 cpu_s=3.7 rss_max_mb=79.0 map_wall_s=0.55 map_cpu_s=2.2 merge_wall_s=1.09 merge_cpu_s=1.6 map_units=222 merge_ranges=217 eff_cores=1.78
event=kink_round H=5 col=17 round=stage4 frontier_in=179 map_wall_s=0.024 map_cpu_s=0.002 merge_wall_s=0.005 merge_cpu_s=0.001 map_units=1 merge_ranges=1 map_eff_cores=0.08 merge_eff_cores=0.21
event=kink_round H=19 col=1 round=stage1 frontier_in=525310 map_wall_s=0.079 map_cpu_s=2.223 merge_wall_s=0.349 merge_cpu_s=1.711 map_units=257 merge_ranges=80 map_eff_cores=28.10 merge_eff_cores=4.90
event=kink_round H=10 col=3 round=stage9 frontier_in=20210 map_wall_s=0.064 map_cpu_s=0.107 merge_wall_s=0.098 merge_cpu_s=0.091 map_units=10 merge_ranges=10 map_eff_cores=1.68 merge_eff_cores=0.93
event=kink_round H=3 col=29 round=stage1 frontier_in=17 map_wall_s=0.023 map_cpu_s=0.000 merge_wall_s=0.032 merge_cpu_s=0.001 map_units=1 merge_ranges=1 map_eff_cores=0.00 merge_eff_cores=0.03
event=kink_round H=6 col=13 round=stage4 frontier_in=423 map_wall_s=0.025 map_cpu_s=0.003 merge_wall_s=0.028 merge_cpu_s=0.003 map_units=1 merge_ranges=1 map_eff_cores=0.12 merge_eff_cores=0.11
event=kink_round H=4 col=24 round=stage2 frontier_in=56 map_wall_s=0.025 map_cpu_s=0.001 merge_wall_s=0.024 merge_cpu_s=0.001 map_units=1 merge_ranges=1 map_eff_cores=0.04 merge_eff_cores=0.04
event=kink_round H=7 col=9 round=finalize frontier_in=1129 map_wall_s=0.016 map_cpu_s=0.004 merge_wall_s=0.039 merge_cpu_s=0.002 map_units=1 merge_ranges=1 map_eff_cores=0.25 merge_eff_cores=0.05
event=kink_round H=5 col=17 round=finalize frontier_in=180 map_wall_s=0.024 map_cpu_s=0.001 merge_wall_s=0.023 merge_cpu_s=0.000 map_units=1 merge_ranges=1 map_eff_cores=0.04 merge_eff_cores=0.00
event=column H=5 col=17 frontier_in=57 frontier_out=57 wall_s=0.36 cum_wall_s=30.5 cpu_s=0.0 rss_max_mb=74.8 map_wall_s=0.16 map_cpu_s=0.0 merge_wall_s=0.19 merge_cpu_s=0.0 map_units=7 merge_ranges=6 eff_cores=0.04
event=column H=7 col=9 frontier_in=335 frontier_out=335 wall_s=0.47 cum_wall_s=31.0 cpu_s=0.1 rss_max_mb=56.6 map_wall_s=0.19 map_cpu_s=0.1 merge_wall_s=0.26 merge_cpu_s=0.0 map_units=9 merge_ranges=8 eff_cores=0.21
event=kink_round H=6 col=13 round=stage5 frontier_in=458 map_wall_s=0.009 map_cpu_s=0.003 merge_wall_s=0.009 merge_cpu_s=0.003 map_units=1 merge_ranges=1 map_eff_cores=0.32 merge_eff_cores=0.34
event=kink_round H=5 col=18 round=seed frontier_in=57 map_wall_s=0.010 map_cpu_s=0.001 merge_wall_s=0.000 merge_cpu_s=0.000 map_units=1 merge_ranges=0 map_eff_cores=0.10 merge_eff_cores=0.00
event=kink_round H=7 col=10 round=seed frontier_in=335 map_wall_s=0.005 map_cpu_s=0.001 merge_wall_s=0.000 merge_cpu_s=0.000 map_units=1 merge_ranges=0 map_eff_cores=0.22 merge_eff_cores=0.00
event=kink_round H=4 col=24 round=stage3 frontier_in=59 map_wall_s=0.017 map_cpu_s=0.001 merge_wall_s=0.014 merge_cpu_s=0.001 map_units=1 merge_ranges=1 map_eff_cores=0.06 merge_eff_cores=0.07
event=kink_round H=3 col=29 round=stage2 frontier_in=23 map_wall_s=0.014 map_cpu_s=0.000 merge_wall_s=0.019 merge_cpu_s=0.001 map_units=1 merge_ranges=1 map_eff_cores=0.00 merge_eff_cores=0.05
event=kink_round H=8 col=6 round=stage7 frontier_in=2997 map_wall_s=0.043 map_cpu_s=0.013 merge_wall_s=0.038 merge_cpu_s=0.015 map_units=2 merge_ranges=2 map_eff_cores=0.30 merge_eff_cores=0.40
event=kink_round H=6 col=13 round=finalize frontier_in=447 map_wall_s=0.002 map_cpu_s=0.001 merge_wall_s=0.002 merge_cpu_s=0.001 map_units=1 merge_ranges=1 map_eff_cores=0.48 merge_eff_cores=0.65
event=kink_round H=4 col=24 round=finalize frontier_in=70 map_wall_s=0.001 map_cpu_s=0.000 merge_wall_s=0.001 merge_cpu_s=0.000 map_units=1 merge_ranges=1 map_eff_cores=0.00 merge_eff_cores=0.00
event=column H=6 col=13 frontier_in=131 frontier_out=131 wall_s=0.37 cum_wall_s=31.3 cpu_s=0.0 rss_max_mb=64.6 map_wall_s=0.15 map_cpu_s=0.0 merge_wall_s=0.20 merge_cpu_s=0.0 map_units=8 merge_ranges=7 eff_cores=0.08
event=column H=4 col=24 frontier_in=22 frontier_out=22 wall_s=0.30 cum_wall_s=31.6 cpu_s=0.0 rss_max_mb=74.8 map_wall_s=0.19 map_cpu_s=0.0 merge_wall_s=0.10 merge_cpu_s=0.0 map_units=6 merge_ranges=5 eff_cores=0.03
event=kink_round H=5 col=18 round=stage0 frontier_in=57 map_wall_s=0.003 map_cpu_s=0.001 merge_wall_s=0.001 merge_cpu_s=0.000 map_units=1 merge_ranges=1 map_eff_cores=0.32 merge_eff_cores=0.00
event=kink_round H=6 col=14 round=seed frontier_in=131 map_wall_s=0.002 map_cpu_s=0.001 merge_wall_s=0.000 merge_cpu_s=0.000 map_units=1 merge_ranges=0 map_eff_cores=0.61 merge_eff_cores=0.00
event=kink_round H=3 col=29 round=finalize frontier_in=27 map_wall_s=0.002 map_cpu_s=0.000 merge_wall_s=0.004 merge_cpu_s=0.000 map_units=1 merge_ranges=1 map_eff_cores=0.00 merge_eff_cores=0.00
event=column H=3 col=29 frontier_in=10 frontier_out=10 wall_s=0.23 cum_wall_s=31.9 cpu_s=0.0 rss_max_mb=72.8 map_wall_s=0.14 map_cpu_s=0.0 merge_wall_s=0.08 merge_cpu_s=0.0 map_units=5 merge_ranges=4 eff_cores=0.02
event=kink_round H=9 col=5 round=stage1 frontier_in=3472 map_wall_s=0.034 map_cpu_s=0.038 merge_wall_s=0.040 merge_cpu_s=0.029 map_units=2 merge_ranges=2 map_eff_cores=1.12 merge_eff_cores=0.73
event=kink_round H=3 col=30 round=seed frontier_in=10 map_wall_s=0.001 map_cpu_s=0.001 merge_wall_s=0.000 merge_cpu_s=0.000 map_units=1 merge_ranges=0 map_eff_cores=1.01 merge_eff_cores=0.00
event=kink_round H=5 col=18 round=stage1 frontier_in=94 map_wall_s=0.001 map_cpu_s=0.001 merge_wall_s=0.003 merge_cpu_s=0.001 map_units=1 merge_ranges=1 map_eff_cores=0.70 merge_eff_cores=0.32
event=kink_round H=7 col=10 round=stage0 frontier_in=335 map_wall_s=0.005 map_cpu_s=0.004 merge_wall_s=0.006 merge_cpu_s=0.002 map_units=1 merge_ranges=1 map_eff_cores=0.82 merge_eff_cores=0.35
event=kink_round H=4 col=25 round=seed frontier_in=22 map_wall_s=0.005 map_cpu_s=0.001 merge_wall_s=0.000 merge_cpu_s=0.000 map_units=1 merge_ranges=0 map_eff_cores=0.21 merge_eff_cores=0.00
event=kink_round H=6 col=14 round=stage0 frontier_in=131 map_wall_s=0.004 map_cpu_s=0.002 merge_wall_s=0.003 merge_cpu_s=0.002 map_units=1 merge_ranges=1 map_eff_cores=0.51 merge_eff_cores=0.63
event=kink_round H=3 col=30 round=stage0 frontier_in=10 map_wall_s=0.001 map_cpu_s=0.001 merge_wall_s=0.005 merge_cpu_s=0.000 map_units=1 merge_ranges=1 map_eff_cores=1.27 merge_eff_cores=0.00
event=kink_round H=11 col=3 round=seed frontier_in=13993 map_wall_s=0.019 map_cpu_s=0.064 merge_wall_s=0.000 merge_cpu_s=0.000 map_units=7 merge_ranges=0 map_eff_cores=3.30 merge_eff_cores=0.00
event=kink_round H=10 col=3 round=finalize frontier_in=19790 map_wall_s=0.025 map_cpu_s=0.081 merge_wall_s=0.021 merge_cpu_s=0.050 map_units=10 merge_ranges=10 map_eff_cores=3.25 merge_eff_cores=2.42
event=column H=10 col=3 frontier_in=5379 frontier_out=5560 wall_s=1.32 cum_wall_s=33.2 cpu_s=1.9 rss_max_mb=79.0 map_wall_s=0.44 map_cpu_s=1.0 merge_wall_s=0.68 merge_cpu_s=0.8 map_units=96 merge_ranges=93 eff_cores=1.43
event=kink_round H=5 col=18 round=stage2 frontier_in=146 map_wall_s=0.002 map_cpu_s=0.001 merge_wall_s=0.015 merge_cpu_s=0.002 map_units=1 merge_ranges=1 map_eff_cores=0.43 merge_eff_cores=0.13
event=kink_round H=12 col=2 round=stage7 frontier_in=101890 map_wall_s=0.060 map_cpu_s=0.570 merge_wall_s=0.130 merge_cpu_s=0.384 map_units=50 merge_ranges=50 map_eff_cores=9.46 merge_eff_cores=2.95
event=kink_round H=14 col=1 round=stage12 frontier_in=220145 map_wall_s=0.117 map_cpu_s=1.131 merge_wall_s=0.257 merge_cpu_s=0.837 map_units=108 merge_ranges=80 map_eff_cores=9.63 merge_eff_cores=3.25
event=kink_round H=4 col=25 round=stage0 frontier_in=22 map_wall_s=0.002 map_cpu_s=0.001 merge_wall_s=0.033 merge_cpu_s=0.000 map_units=1 merge_ranges=1 map_eff_cores=0.65 merge_eff_cores=0.00
event=kink_round H=3 col=30 round=stage1 frontier_in=17 map_wall_s=0.016 map_cpu_s=0.000 merge_wall_s=0.022 merge_cpu_s=0.001 map_units=1 merge_ranges=1 map_eff_cores=0.00 merge_eff_cores=0.05
event=kink_round H=5 col=18 round=stage3 frontier_in=166 map_wall_s=0.024 map_cpu_s=0.001 merge_wall_s=0.004 merge_cpu_s=0.001 map_units=1 merge_ranges=1 map_eff_cores=0.04 merge_eff_cores=0.26
event=kink_round H=7 col=10 round=stage1 frontier_in=544 map_wall_s=0.021 map_cpu_s=0.003 merge_wall_s=0.021 merge_cpu_s=0.002 map_units=1 merge_ranges=1 map_eff_cores=0.14 merge_eff_cores=0.09
event=kink_round H=6 col=14 round=stage1 frontier_in=212 map_wall_s=0.019 map_cpu_s=0.003 merge_wall_s=0.027 merge_cpu_s=0.002 map_units=1 merge_ranges=1 map_eff_cores=0.15 merge_eff_cores=0.07
event=kink_round H=4 col=25 round=stage1 frontier_in=36 map_wall_s=0.005 map_cpu_s=0.000 merge_wall_s=0.001 merge_cpu_s=0.000 map_units=1 merge_ranges=1 map_eff_cores=0.00 merge_eff_cores=0.00
event=kink_round H=10 col=4 round=seed frontier_in=5560 map_wall_s=0.037 map_cpu_s=0.021 merge_wall_s=0.000 merge_cpu_s=0.000 map_units=3 merge_ranges=0 map_eff_cores=0.57 merge_eff_cores=0.00
event=kink_round H=6 col=14 round=stage2 frontier_in=341 map_wall_s=0.003 map_cpu_s=0.003 merge_wall_s=0.002 merge_cpu_s=0.001 map_units=1 merge_ranges=1 map_eff_cores=0.90 merge_eff_cores=0.61
event=kink_round H=8 col=6 round=finalize frontier_in=2895 map_wall_s=0.014 map_cpu_s=0.014 merge_wall_s=0.045 merge_cpu_s=0.006 map_units=2 merge_ranges=2 map_eff_cores=0.97 merge_eff_cores=0.13
event=kink_round H=3 col=30 round=stage2 frontier_in=23 map_wall_s=0.003 map_cpu_s=0.000 merge_wall_s=0.012 merge_cpu_s=0.000 map_units=1 merge_ranges=1 map_eff_cores=0.00 merge_eff_cores=0.00
event=kink_round H=4 col=25 round=stage2 frontier_in=56 map_wall_s=0.003 map_cpu_s=0.001 merge_wall_s=0.002 merge_cpu_s=0.001 map_units=1 merge_ranges=1 map_eff_cores=0.40 merge_eff_cores=0.66
event=kink_round H=3 col=30 round=finalize frontier_in=27 map_wall_s=0.001 map_cpu_s=0.000 merge_wall_s=0.001 merge_cpu_s=0.000 map_units=1 merge_ranges=1 map_eff_cores=0.00 merge_eff_cores=0.00
event=column H=3 col=30 frontier_in=10 frontier_out=10 wall_s=0.06 cum_wall_s=33.2 cpu_s=0.0 rss_max_mb=54.6 map_wall_s=0.02 map_cpu_s=0.0 merge_wall_s=0.04 merge_cpu_s=0.0 map_units=5 merge_ranges=4 eff_cores=0.05
event=column H=8 col=6 frontier_in=825 frontier_out=825 wall_s=0.64 cum_wall_s=33.9 cpu_s=0.3 rss_max_mb=74.8 map_wall_s=0.28 map_cpu_s=0.2 merge_wall_s=0.33 merge_cpu_s=0.1 map_units=17 merge_ranges=16 eff_cores=0.45
event=kink_round H=5 col=18 round=stage4 frontier_in=179 map_wall_s=0.008 map_cpu_s=0.001 merge_wall_s=0.002 merge_cpu_s=0.001 map_units=1 merge_ranges=1 map_eff_cores=0.12 merge_eff_cores=0.56
event=kink_round H=3 col=31 round=seed frontier_in=10 map_wall_s=0.006 map_cpu_s=0.001 merge_wall_s=0.000 merge_cpu_s=0.000 map_units=1 merge_ranges=0 map_eff_cores=0.18 merge_eff_cores=0.00
event=kink_round H=9 col=5 round=stage2 frontier_in=5618 map_wall_s=0.019 map_cpu_s=0.032 merge_wall_s=0.044 merge_cpu_s=0.026 map_units=3 merge_ranges=3 map_eff_cores=1.66 merge_eff_cores=0.59
event=kink_round H=6 col=14 round=stage3 frontier_in=403 map_wall_s=0.002 map_cpu_s=0.002 merge_wall_s=0.004 merge_cpu_s=0.003 map_units=1 merge_ranges=1 map_eff_cores=0.94 merge_eff_cores=0.69
event=kink_round H=4 col=25 round=stage3 frontier_in=59 map_wall_s=0.006 map_cpu_s=0.001 merge_wall_s=0.001 merge_cpu_s=0.001 map_units=1 merge_ranges=1 map_eff_cores=0.17 merge_eff_cores=0.91
event=kink_round H=15 col=1 round=stage10 frontier_in=292826 map_wall_s=0.124 map_cpu_s=1.387 merge_wall_s=0.314 merge_cpu_s=1.088 map_units=143 merge_ranges=80 map_eff_cores=11.20 merge_eff_cores=3.47
event=kink_round H=5 col=18 round=finalize frontier_in=180 map_wall_s=0.001 map_cpu_s=0.001 merge_wall_s=0.004 merge_cpu_s=0.000 map_units=1 merge_ranges=1 map_eff_cores=0.74 merge_eff_cores=0.00
event=kink_round H=3 col=31 round=stage0 frontier_in=10 map_wall_s=0.001 map_cpu_s=0.001 merge_wall_s=0.002 merge_cpu_s=0.001 map_units=1 merge_ranges=1 map_eff_cores=1.06 merge_eff_cores=0.57
event=kink_round H=4 col=25 round=finalize frontier_in=70 map_wall_s=0.001 map_cpu_s=0.001 merge_wall_s=0.001 merge_cpu_s=0.000 map_units=1 merge_ranges=1 map_eff_cores=0.94 merge_eff_cores=0.00
event=column H=4 col=25 frontier_in=22 frontier_out=22 wall_s=0.07 cum_wall_s=33.9 cpu_s=0.0 rss_max_mb=62.6 map_wall_s=0.02 map_cpu_s=0.0 merge_wall_s=0.04 merge_cpu_s=0.0 map_units=6 merge_ranges=5 eff_cores=0.10
event=kink_round H=8 col=7 round=seed frontier_in=825 map_wall_s=0.008 map_cpu_s=0.007 merge_wall_s=0.000 merge_cpu_s=0.000 map_units=1 merge_ranges=0 map_eff_cores=0.84 merge_eff_cores=0.00
event=column H=5 col=18 frontier_in=57 frontier_out=57 wall_s=0.09 cum_wall_s=34.0 cpu_s=0.0 rss_max_mb=64.6 map_wall_s=0.05 map_cpu_s=0.0 merge_wall_s=0.03 merge_cpu_s=0.0 map_units=7 merge_ranges=6 eff_cores=0.13
event=kink_round H=7 col=10 round=stage2 frontier_in=873 map_wall_s=0.011 map_cpu_s=0.008 merge_wall_s=0.009 merge_cpu_s=0.003 map_units=1 merge_ranges=1 map_eff_cores=0.70 merge_eff_cores=0.35
event=kink_round H=11 col=3 round=stage0 frontier_in=13993 map_wall_s=0.044 map_cpu_s=0.057 merge_wall_s=0.029 merge_cpu_s=0.069 map_units=7 merge_ranges=7 map_eff_cores=1.31 merge_eff_cores=2.38
event=kink_round H=4 col=26 round=seed frontier_in=22 map_wall_s=0.032 map_cpu_s=0.000 merge_wall_s=0.000 merge_cpu_s=0.000 map_units=1 merge_ranges=0 map_eff_cores=0.00 merge_eff_cores=0.00
event=kink_round H=5 col=19 round=seed frontier_in=57 map_wall_s=0.029 map_cpu_s=0.001 merge_wall_s=0.000 merge_cpu_s=0.000 map_units=1 merge_ranges=0 map_eff_cores=0.03 merge_eff_cores=0.00
event=kink_round H=6 col=14 round=stage4 frontier_in=423 map_wall_s=0.008 map_cpu_s=0.004 merge_wall_s=0.047 merge_cpu_s=0.004 map_units=1 merge_ranges=1 map_eff_cores=0.51 merge_eff_cores=0.09
event=kink_round H=8 col=7 round=stage0 frontier_in=825 map_wall_s=0.039 map_cpu_s=0.004 merge_wall_s=0.019 merge_cpu_s=0.005 map_units=1 merge_ranges=1 map_eff_cores=0.10 merge_eff_cores=0.26
event=kink_round H=9 col=5 round=stage3 frontier_in=6682 map_wall_s=0.026 map_cpu_s=0.054 merge_wall_s=0.038 merge_cpu_s=0.027 map_units=4 merge_ranges=4 map_eff_cores=2.08 merge_eff_cores=0.71
event=kink_round H=3 col=31 round=stage1 frontier_in=17 map_wall_s=0.039 map_cpu_s=0.001 merge_wall_s=0.022 merge_cpu_s=0.000 map_units=1 merge_ranges=1 map_eff_cores=0.03 merge_eff_cores=0.00
event=kink_round H=4 col=26 round=stage0 frontier_in=22 map_wall_s=0.017 map_cpu_s=0.000 merge_wall_s=0.016 merge_cpu_s=0.001 map_units=1 merge_ranges=1 map_eff_cores=0.00 merge_eff_cores=0.06
event=kink_round H=10 col=4 round=stage0 frontier_in=5560 map_wall_s=0.019 map_cpu_s=0.039 merge_wall_s=0.077 merge_cpu_s=0.028 map_units=3 merge_ranges=3 map_eff_cores=2.10 merge_eff_cores=0.36
event=kink_round H=6 col=14 round=stage5 frontier_in=458 map_wall_s=0.011 map_cpu_s=0.005 merge_wall_s=0.024 merge_cpu_s=0.002 map_units=1 merge_ranges=1 map_eff_cores=0.46 merge_eff_cores=0.08
event=kink_round H=5 col=19 round=stage0 frontier_in=57 map_wall_s=0.022 map_cpu_s=0.001 merge_wall_s=0.033 merge_cpu_s=0.001 map_units=1 merge_ranges=1 map_eff_cores=0.05 merge_eff_cores=0.03
event=kink_round H=7 col=10 round=stage3 frontier_in=1036 map_wall_s=0.049 map_cpu_s=0.008 merge_wall_s=0.047 merge_cpu_s=0.006 map_units=1 merge_ranges=1 map_eff_cores=0.16 merge_eff_cores=0.13
event=kink_round H=4 col=26 round=stage1 frontier_in=36 map_wall_s=0.006 map_cpu_s=0.001 merge_wall_s=0.049 merge_cpu_s=0.001 map_units=1 merge_ranges=1 map_eff_cores=0.17 merge_eff_cores=0.02
event=kink_round H=3 col=31 round=stage2 frontier_in=23 map_wall_s=0.021 map_cpu_s=0.001 merge_wall_s=0.040 merge_cpu_s=0.001 map_units=1 merge_ranges=1 map_eff_cores=0.05 merge_eff_cores=0.03
event=kink_round H=6 col=14 round=finalize frontier_in=447 map_wall_s=0.018 map_cpu_s=0.003 merge_wall_s=0.011 merge_cpu_s=0.001 map_units=1 merge_ranges=1 map_eff_cores=0.16 merge_eff_cores=0.09
event=column H=6 col=14 frontier_in=131 frontier_out=131 wall_s=0.20 cum_wall_s=34.2 cpu_s=0.0 rss_max_mb=58.6 map_wall_s=0.07 map_cpu_s=0.0 merge_wall_s=0.12 merge_cpu_s=0.0 map_units=8 merge_ranges=7 eff_cores=0.19
event=kink_round H=5 col=19 round=stage1 frontier_in=94 map_wall_s=0.012 map_cpu_s=0.001 merge_wall_s=0.030 merge_cpu_s=0.001 map_units=1 merge_ranges=1 map_eff_cores=0.09 merge_eff_cores=0.03
event=kink_round H=8 col=7 round=stage1 frontier_in=1328 map_wall_s=0.040 map_cpu_s=0.012 merge_wall_s=0.027 merge_cpu_s=0.012 map_units=1 merge_ranges=1 map_eff_cores=0.30 merge_eff_cores=0.45
event=kink_round H=5 col=19 round=stage2 frontier_in=146 map_wall_s=0.019 map_cpu_s=0.002 merge_wall_s=0.008 merge_cpu_s=0.001 map_units=1 merge_ranges=1 map_eff_cores=0.10 merge_eff_cores=0.13
event=kink_round H=6 col=15 round=seed frontier_in=131 map_wall_s=0.041 map_cpu_s=0.002 merge_wall_s=0.000 merge_cpu_s=0.000 map_units=1 merge_ranges=0 map_eff_cores=0.05 merge_eff_cores=0.00
event=kink_round H=7 col=10 round=stage4 frontier_in=1113 map_wall_s=0.041 map_cpu_s=0.011 merge_wall_s=0.024 merge_cpu_s=0.007 map_units=1 merge_ranges=1 map_eff_cores=0.27 merge_eff_cores=0.29
event=kink_round H=4 col=26 round=stage2 frontier_in=56 map_wall_s=0.003 map_cpu_s=0.001 merge_wall_s=0.045 merge_cpu_s=0.001 map_units=1 merge_ranges=1 map_eff_cores=0.35 merge_eff_cores=0.02
event=kink_round H=3 col=31 round=finalize frontier_in=27 map_wall_s=0.032 map_cpu_s=0.001 merge_wall_s=0.012 merge_cpu_s=0.001 map_units=1 merge_ranges=1 map_eff_cores=0.03 merge_eff_cores=0.08
event=column H=3 col=31 frontier_in=10 frontier_out=10 wall_s=0.19 cum_wall_s=34.4 cpu_s=0.0 rss_max_mb=50.5 map_wall_s=0.10 map_cpu_s=0.0 merge_wall_s=0.08 merge_cpu_s=0.0 map_units=5 merge_ranges=4 eff_cores=0.04
event=kink_round H=9 col=5 round=stage4 frontier_in=7282 map_wall_s=0.054 map_cpu_s=0.046 merge_wall_s=0.048 merge_cpu_s=0.042 map_units=4 merge_ranges=4 map_eff_cores=0.85 merge_eff_cores=0.87
event=kink_round H=11 col=3 round=stage1 frontier_in=22442 map_wall_s=0.034 map_cpu_s=0.132 merge_wall_s=0.088 merge_cpu_s=0.137 map_units=11 merge_ranges=11 map_eff_cores=3.90 merge_eff_cores=1.56
event=kink_round H=3 col=32 round=seed frontier_in=10 map_wall_s=0.007 map_cpu_s=0.000 merge_wall_s=0.000 merge_cpu_s=0.000 map_units=1 merge_ranges=0 map_eff_cores=0.00 merge_eff_cores=0.00
event=kink_round H=10 col=4 round=stage1 frontier_in=8934 map_wall_s=0.051 map_cpu_s=0.065 merge_wall_s=0.046 merge_cpu_s=0.073 map_units=5 merge_ranges=5 map_eff_cores=1.26 merge_eff_cores=1.60
event=kink_round H=5 col=19 round=stage3 frontier_in=166 map_wall_s=0.006 map_cpu_s=0.001 merge_wall_s=0.017 merge_cpu_s=0.001 map_units=1 merge_ranges=1 map_eff_cores=0.16 merge_eff_cores=0.06
event=kink_round H=4 col=26 round=stage3 frontier_in=59 map_wall_s=0.005 map_cpu_s=0.001 merge_wall_s=0.020 merge_cpu_s=0.002 map_units=1 merge_ranges=1 map_eff_cores=0.18 merge_eff_cores=0.10
event=kink_round H=6 col=15 round=stage0 frontier_in=131 map_wall_s=0.020 map_cpu_s=0.002 merge_wall_s=0.016 merge_cpu_s=0.001 map_units=1 merge_ranges=1 map_eff_cores=0.10 merge_eff_cores=0.06
event=kink_round H=8 col=7 round=stage2 frontier_in=2153 map_wall_s=0.039 map_cpu_s=0.015 merge_wall_s=0.054 merge_cpu_s=0.015 map_units=2 merge_ranges=2 map_eff_cores=0.39 merge_eff_cores=0.28
event=kink_round H=12 col=2 round=stage8 frontier_in=109271 map_wall_s=0.061 map_cpu_s=0.598 merge_wall_s=0.177 merge_cpu_s=0.503 map_units=54 merge_ranges=54 map_eff_cores=9.75 merge_eff_cores=2.84
event=kink_round H=7 col=10 round=stage5 frontier_in=1130 map_wall_s=0.020 map_cpu_s=0.010 merge_wall_s=0.051 merge_cpu_s=0.007 map_units=1 merge_ranges=1 map_eff_cores=0.49 merge_eff_cores=0.14
event=kink_round H=16 col=1 round=stage7 frontier_in=331090 map_wall_s=0.116 map_cpu_s=1.355 merge_wall_s=0.418 merge_cpu_s=0.897 map_units=162 merge_ranges=80 map_eff_cores=11.70 merge_eff_cores=2.15
event=kink_round H=18 col=1 round=stage3 frontier_in=578360 map_wall_s=0.201 map_cpu_s=2.060 merge_wall_s=0.482 merge_cpu_s=1.516 map_units=283 merge_ranges=80 map_eff_cores=10.23 merge_eff_cores=3.15
event=kink_round H=3 col=32 round=stage0 frontier_in=10 map_wall_s=0.026 map_cpu_s=0.001 merge_wall_s=0.072 merge_cpu_s=0.001 map_units=1 merge_ranges=1 map_eff_cores=0.04 merge_eff_cores=0.01
event=kink_round H=4 col=26 round=finalize frontier_in=70 map_wall_s=0.016 map_cpu_s=0.000 merge_wall_s=0.064 merge_cpu_s=0.001 map_units=1 merge_ranges=1 map_eff_cores=0.00 merge_eff_cores=0.02
event=column H=4 col=26 frontier_in=22 frontier_out=22 wall_s=0.28 cum_wall_s=34.7 cpu_s=0.0 rss_max_mb=48.5 map_wall_s=0.08 map_cpu_s=0.0 merge_wall_s=0.19 merge_cpu_s=0.0 map_units=6 merge_ranges=5 eff_cores=0.03
event=kink_round H=5 col=19 round=stage4 frontier_in=179 map_wall_s=0.022 map_cpu_s=0.001 merge_wall_s=0.075 merge_cpu_s=0.001 map_units=1 merge_ranges=1 map_eff_cores=0.04 merge_eff_cores=0.01
event=kink_round H=4 col=27 round=seed frontier_in=22 map_wall_s=0.008 map_cpu_s=0.000 merge_wall_s=0.000 merge_cpu_s=0.000 map_units=1 merge_ranges=0 map_eff_cores=0.00 merge_eff_cores=0.00
event=kink_round H=6 col=15 round=stage1 frontier_in=212 map_wall_s=0.041 map_cpu_s=0.002 merge_wall_s=0.050 merge_cpu_s=0.001 map_units=1 merge_ranges=1 map_eff_cores=0.05 merge_eff_cores=0.02
event=kink_round H=4 col=27 round=stage0 frontier_in=22 map_wall_s=0.001 map_cpu_s=0.000 merge_wall_s=0.007 merge_cpu_s=0.000 map_units=1 merge_ranges=1 map_eff_cores=0.00 merge_eff_cores=0.00
event=kink_round H=3 col=32 round=stage1 frontier_in=17 map_wall_s=0.005 map_cpu_s=0.000 merge_wall_s=0.004 merge_cpu_s=0.000 map_units=1 merge_ranges=1 map_eff_cores=0.00 merge_eff_cores=0.00
event=kink_round H=13 col=2 round=stage3 frontier_in=185517 map_wall_s=0.057 map_cpu_s=0.974 merge_wall_s=0.306 merge_cpu_s=0.815 map_units=91 merge_ranges=80 map_eff_cores=17.08 merge_eff_cores=2.66
event=kink_round H=5 col=19 round=finalize frontier_in=180 map_wall_s=0.001 map_cpu_s=0.001 merge_wall_s=0.010 merge_cpu_s=0.001 map_units=1 merge_ranges=1 map_eff_cores=0.82 merge_eff_cores=0.10
event=kink_round H=4 col=27 round=stage1 frontier_in=36 map_wall_s=0.001 map_cpu_s=0.001 merge_wall_s=0.001 merge_cpu_s=0.001 map_units=1 merge_ranges=1 map_eff_cores=0.99 merge_eff_cores=0.72
event=column H=5 col=19 frontier_in=57 frontier_out=57 wall_s=0.29 cum_wall_s=35.0 cpu_s=0.0 rss_max_mb=64.6 map_wall_s=0.11 map_cpu_s=0.0 merge_wall_s=0.17 merge_cpu_s=0.0 map_units=7 merge_ranges=6 eff_cores=0.05
event=kink_round H=6 col=15 round=stage2 frontier_in=341 map_wall_s=0.004 map_cpu_s=0.002 merge_wall_s=0.002 merge_cpu_s=0.001 map_units=1 merge_ranges=1 map_eff_cores=0.50 merge_eff_cores=0.65
event=kink_round H=9 col=5 round=stage5 frontier_in=7502 map_wall_s=0.050 map_cpu_s=0.066 merge_wall_s=0.069 merge_cpu_s=0.026 map_units=4 merge_ranges=4 map_eff_cores=1.31 merge_eff_cores=0.38
event=kink_round H=7 col=10 round=stage6 frontier_in=1170 map_wall_s=0.048 map_cpu_s=0.007 merge_wall_s=0.004 merge_cpu_s=0.004 map_units=1 merge_ranges=1 map_eff_cores=0.14 merge_eff_cores=0.97
event=kink_round H=4 col=27 round=stage2 frontier_in=56 map_wall_s=0.002 map_cpu_s=0.001 merge_wall_s=0.001 merge_cpu_s=0.000 map_units=1 merge_ranges=1 map_eff_cores=0.56 merge_eff_cores=0.00
event=kink_round H=3 col=32 round=stage2 frontier_in=23 map_wall_s=0.002 map_cpu_s=0.000 merge_wall_s=0.002 merge_cpu_s=0.000 map_units=1 merge_ranges=1 map_eff_cores=0.00 merge_eff_cores=0.00
event=kink_round H=10 col=4 round=stage2 frontier_in=14505 map_wall_s=0.039 map_cpu_s=0.106 merge_wall_s=0.077 merge_cpu_s=0.066 map_units=8 merge_ranges=8 map_eff_cores=2.69 merge_eff_cores=0.86
event=kink_round H=5 col=20 round=seed frontier_in=57 map_wall_s=0.009 map_cpu_s=0.001 merge_wall_s=0.000 merge_cpu_s=0.000 map_units=1 merge_ranges=0 map_eff_cores=0.11 merge_eff_cores=0.00
event=kink_round H=17 col=1 round=stage5 frontier_in=449440 map_wall_s=0.094 map_cpu_s=1.620 merge_wall_s=0.392 merge_cpu_s=1.301 map_units=220 merge_ranges=80 map_eff_cores=17.27 merge_eff_cores=3.32
event=kink_round H=4 col=27 round=stage3 frontier_in=59 map_wall_s=0.001 map_cpu_s=0.000 merge_wall_s=0.011 merge_cpu_s=0.000 map_units=1 merge_ranges=1 map_eff_cores=0.00 merge_eff_cores=0.00
event=kink_round H=3 col=32 round=finalize frontier_in=27 map_wall_s=0.009 map_cpu_s=0.000 merge_wall_s=0.014 merge_cpu_s=0.001 map_units=1 merge_ranges=1 map_eff_cores=0.00 merge_eff_cores=0.07
event=column H=3 col=32 frontier_in=10 frontier_out=10 wall_s=0.15 cum_wall_s=35.1 cpu_s=0.0 rss_max_mb=56.6 map_wall_s=0.05 map_cpu_s=0.0 merge_wall_s=0.09 merge_cpu_s=0.0 map_units=5 merge_ranges=4 eff_cores=0.02
event=kink_round H=6 col=15 round=stage3 frontier_in=403 map_wall_s=0.003 map_cpu_s=0.003 merge_wall_s=0.024 merge_cpu_s=0.002 map_units=1 merge_ranges=1 map_eff_cores=0.97 merge_eff_cores=0.08
event=kink_round H=7 col=10 round=finalize frontier_in=1129 map_wall_s=0.014 map_cpu_s=0.008 merge_wall_s=0.018 merge_cpu_s=0.001 map_units=1 merge_ranges=1 map_eff_cores=0.58 merge_eff_cores=0.06
event=column H=7 col=10 frontier_in=335 frontier_out=335 wall_s=0.42 cum_wall_s=35.6 cpu_s=0.1 rss_max_mb=58.6 map_wall_s=0.21 map_cpu_s=0.1 merge_wall_s=0.18 merge_cpu_s=0.0 map_units=9 merge_ranges=8 eff_cores=0.22
event=kink_round H=3 col=33 round=seed frontier_in=10 map_wall_s=0.010 map_cpu_s=0.000 merge_wall_s=0.000 merge_cpu_s=0.000 map_units=1 merge_ranges=0 map_eff_cores=0.00 merge_eff_cores=0.00
event=kink_round H=5 col=20 round=stage0 frontier_in=57 map_wall_s=0.019 map_cpu_s=0.001 merge_wall_s=0.007 merge_cpu_s=0.001 map_units=1 merge_ranges=1 map_eff_cores=0.05 merge_eff_cores=0.14
event=kink_round H=4 col=27 round=finalize frontier_in=70 map_wall_s=0.015 map_cpu_s=0.001 merge_wall_s=0.013 merge_cpu_s=0.001 map_units=1 merge_ranges=1 map_eff_cores=0.07 merge_eff_cores=0.08
event=column H=4 col=27 frontier_in=22 frontier_out=22 wall_s=0.06 cum_wall_s=35.6 cpu_s=0.0 rss_max_mb=54.6 map_wall_s=0.03 map_cpu_s=0.0 merge_wall_s=0.03 merge_cpu_s=0.0 map_units=6 merge_ranges=5 eff_cores=0.08
event=kink_round H=3 col=33 round=stage0 frontier_in=10 map_wall_s=0.007 map_cpu_s=0.001 merge_wall_s=0.001 merge_cpu_s=0.000 map_units=1 merge_ranges=1 map_eff_cores=0.15 merge_eff_cores=0.00
event=kink_round H=4 col=28 round=seed frontier_in=22 map_wall_s=0.001 map_cpu_s=0.000 merge_wall_s=0.000 merge_cpu_s=0.000 map_units=1 merge_ranges=0 map_eff_cores=0.00 merge_eff_cores=0.00
event=kink_round H=6 col=15 round=stage4 frontier_in=423 map_wall_s=0.007 map_cpu_s=0.002 merge_wall_s=0.007 merge_cpu_s=0.001 map_units=1 merge_ranges=1 map_eff_cores=0.27 merge_eff_cores=0.14
event=kink_round H=8 col=7 round=stage3 frontier_in=2568 map_wall_s=0.070 map_cpu_s=0.022 merge_wall_s=0.046 merge_cpu_s=0.015 map_units=2 merge_ranges=2 map_eff_cores=0.32 merge_eff_cores=0.33
event=kink_round H=7 col=11 round=seed frontier_in=335 map_wall_s=0.016 map_cpu_s=0.003 merge_wall_s=0.000 merge_cpu_s=0.000 map_units=1 merge_ranges=0 map_eff_cores=0.19 merge_eff_cores=0.00
event=kink_round H=4 col=28 round=stage0 frontier_in=22 map_wall_s=0.001 map_cpu_s=0.000 merge_wall_s=0.007 merge_cpu_s=0.000 map_units=1 merge_ranges=1 map_eff_cores=0.00 merge_eff_cores=0.00
event=kink_round H=3 col=33 round=stage1 frontier_in=16 map_wall_s=0.001 map_cpu_s=0.000 merge_wall_s=0.008 merge_cpu_s=0.000 map_units=1 merge_ranges=1 map_eff_cores=0.00 merge_eff_cores=0.00
event=kink_round H=5 col=20 round=stage1 frontier_in=94 map_wall_s=0.003 map_cpu_s=0.002 merge_wall_s=0.004 merge_cpu_s=0.001 map_units=1 merge_ranges=1 map_eff_cores=0.80 merge_eff_cores=0.25
event=kink_round H=6 col=15 round=stage5 frontier_in=458 map_wall_s=0.004 map_cpu_s=0.003 merge_wall_s=0.004 merge_cpu_s=0.002 map_units=1 merge_ranges=1 map_eff_cores=0.79 merge_eff_cores=0.45
event=kink_round H=3 col=33 round=stage2 frontier_in=22 map_wall_s=0.001 map_cpu_s=0.000 merge_wall_s=0.001 merge_cpu_s=0.000 map_units=1 merge_ranges=1 map_eff_cores=0.00 merge_eff_cores=0.00
event=kink_round H=5 col=20 round=stage2 frontier_in=146 map_wall_s=0.001 map_cpu_s=0.001 merge_wall_s=0.002 merge_cpu_s=0.001 map_units=1 merge_ranges=1 map_eff_cores=1.01 merge_eff_cores=0.49
event=kink_round H=11 col=3 round=stage2 frontier_in=36608 map_wall_s=0.078 map_cpu_s=0.186 merge_wall_s=0.070 merge_cpu_s=0.128 map_units=18 merge_ranges=18 map_eff_cores=2.38 merge_eff_cores=1.84
event=kink_round H=4 col=28 round=stage1 frontier_in=36 map_wall_s=0.001 map_cpu_s=0.000 merge_wall_s=0.004 merge_cpu_s=0.000 map_units=1 merge_ranges=1 map_eff_cores=0.00 merge_eff_cores=0.00
event=kink_round H=4 col=28 round=stage2 frontier_in=56 map_wall_s=0.002 map_cpu_s=0.001 merge_wall_s=0.003 merge_cpu_s=0.002 map_units=1 merge_ranges=1 map_eff_cores=0.46 merge_eff_cores=0.64
event=kink_round H=6 col=15 round=finalize frontier_in=447 map_wall_s=0.003 map_cpu_s=0.002 merge_wall_s=0.006 merge_cpu_s=0.001 map_units=1 merge_ranges=1 map_eff_cores=0.66 merge_eff_cores=0.16
event=column H=6 col=15 frontier_in=131 frontier_out=131 wall_s=0.23 cum_wall_s=35.9 cpu_s=0.0 rss_max_mb=54.6 map_wall_s=0.12 map_cpu_s=0.0 merge_wall_s=0.11 merge_cpu_s=0.0 map_units=8 merge_ranges=7 eff_cores=0.12
event=kink_round H=3 col=33 round=finalize frontier_in=24 map_wall_s=0.004 map_cpu_s=0.001 merge_wall_s=0.005 merge_cpu_s=0.000 map_units=1 merge_ranges=1 map_eff_cores=0.28 merge_eff_cores=0.00
event=column H=3 col=33 frontier_in=10 frontier_out=5 wall_s=0.04 cum_wall_s=35.9 cpu_s=0.0 rss_max_mb=50.5 map_wall_s=0.02 map_cpu_s=0.0 merge_wall_s=0.02 merge_cpu_s=0.0 map_units=5 merge_ranges=4 eff_cores=0.05
event=kink_round H=6 col=16 round=seed frontier_in=131 map_wall_s=0.002 map_cpu_s=0.001 merge_wall_s=0.000 merge_cpu_s=0.000 map_units=1 merge_ranges=0 map_eff_cores=0.50 merge_eff_cores=0.00
event=kink_round H=3 col=34 round=seed frontier_in=5 map_wall_s=0.005 map_cpu_s=0.000 merge_wall_s=0.000 merge_cpu_s=0.000 map_units=1 merge_ranges=0 map_eff_cores=0.00 merge_eff_cores=0.00
event=kink_round H=7 col=11 round=stage0 frontier_in=335 map_wall_s=0.005 map_cpu_s=0.004 merge_wall_s=0.014 merge_cpu_s=0.004 map_units=1 merge_ranges=1 map_eff_cores=0.81 merge_eff_cores=0.29
event=kink_round H=6 col=16 round=stage0 frontier_in=131 map_wall_s=0.003 map_cpu_s=0.001 merge_wall_s=0.001 merge_cpu_s=0.001 map_units=1 merge_ranges=1 map_eff_cores=0.30 merge_eff_cores=0.73
event=kink_round H=5 col=20 round=stage3 frontier_in=166 map_wall_s=0.002 map_cpu_s=0.002 merge_wall_s=0.013 merge_cpu_s=0.001 map_units=1 merge_ranges=1 map_eff_cores=0.99 merge_eff_cores=0.07
event=kink_round H=4 col=28 round=stage3 frontier_in=59 map_wall_s=0.009 map_cpu_s=0.001 merge_wall_s=0.004 merge_cpu_s=0.000 map_units=1 merge_ranges=1 map_eff_cores=0.12 merge_eff_cores=0.00
event=kink_round H=6 col=16 round=stage1 frontier_in=212 map_wall_s=0.002 map_cpu_s=0.001 merge_wall_s=0.004 merge_cpu_s=0.001 map_units=1 merge_ranges=1 map_eff_cores=0.62 merge_eff_cores=0.23
event=kink_round H=8 col=7 round=stage4 frontier_in=2795 map_wall_s=0.012 map_cpu_s=0.017 merge_wall_s=0.021 merge_cpu_s=0.014 map_units=2 merge_ranges=2 map_eff_cores=1.42 merge_eff_cores=0.67
event=kink_round H=3 col=34 round=stage0 frontier_in=5 map_wall_s=0.004 map_cpu_s=0.000 merge_wall_s=0.016 merge_cpu_s=0.000 map_units=1 merge_ranges=1 map_eff_cores=0.00 merge_eff_cores=0.00
event=kink_round H=7 col=11 round=stage1 frontier_in=544 map_wall_s=0.014 map_cpu_s=0.006 merge_wall_s=0.020 merge_cpu_s=0.006 map_units=1 merge_ranges=1 map_eff_cores=0.43 merge_eff_cores=0.31
event=kink_round H=9 col=5 round=stage6 frontier_in=7569 map_wall_s=0.034 map_cpu_s=0.053 merge_wall_s=0.065 merge_cpu_s=0.032 map_units=4 merge_ranges=4 map_eff_cores=1.54 merge_eff_cores=0.49
event=kink_round H=5 col=20 round=stage4 frontier_in=179 map_wall_s=0.004 map_cpu_s=0.001 merge_wall_s=0.031 merge_cpu_s=0.001 map_units=1 merge_ranges=1 map_eff_cores=0.26 merge_eff_cores=0.03
event=kink_round H=4 col=28 round=finalize frontier_in=70 map_wall_s=0.019 map_cpu_s=0.001 merge_wall_s=0.013 merge_cpu_s=0.000 map_units=1 merge_ranges=1 map_eff_cores=0.05 merge_eff_cores=0.00
event=column H=4 col=28 frontier_in=22 frontier_out=22 wall_s=0.07 cum_wall_s=36.0 cpu_s=0.0 rss_max_mb=64.6 map_wall_s=0.03 map_cpu_s=0.0 merge_wall_s=0.03 merge_cpu_s=0.0 map_units=6 merge_ranges=5 eff_cores=0.07
event=kink_round H=3 col=34 round=stage1 frontier_in=7 map_wall_s=0.025 map_cpu_s=0.001 merge_wall_s=0.001 merge_cpu_s=0.000 map_units=1 merge_ranges=1 map_eff_cores=0.04 merge_eff_cores=0.00
event=kink_round H=6 col=16 round=stage2 frontier_in=341 map_wall_s=0.026 map_cpu_s=0.004 merge_wall_s=0.015 merge_cpu_s=0.003 map_units=1 merge_ranges=1 map_eff_cores=0.15 merge_eff_cores=0.20
event=kink_round H=6 col=16 round=stage3 frontier_in=403 map_wall_s=0.003 map_cpu_s=0.003 merge_wall_s=0.002 merge_cpu_s=0.002 map_units=1 merge_ranges=1 map_eff_cores=0.99 merge_eff_cores=0.84
event=kink_round H=7 col=11 round=stage2 frontier_in=873 map_wall_s=0.012 map_cpu_s=0.005 merge_wall_s=0.011 merge_cpu_s=0.003 map_units=1 merge_ranges=1 map_eff_cores=0.43 merge_eff_cores=0.27
event=kink_round H=10 col=4 round=stage3 frontier_in=17207 map_wall_s=0.019 map_cpu_s=0.102 merge_wall_s=0.078 merge_cpu_s=0.082 map_units=9 merge_ranges=9 map_eff_cores=5.44 merge_eff_cores=1.04
event=kink_round H=4 col=29 round=seed frontier_in=22 map_wall_s=0.011 map_cpu_s=0.001 merge_wall_s=0.000 merge_cpu_s=0.000 map_units=1 merge_ranges=0 map_eff_cores=0.09 merge_eff_cores=0.00
event=kink_round H=5 col=20 round=finalize frontier_in=180 map_wall_s=0.020 map_cpu_s=0.002 merge_wall_s=0.018 merge_cpu_s=0.001 map_units=1 merge_ranges=1 map_eff_cores=0.10 merge_eff_cores=0.06
event=column H=5 col=20 frontier_in=57 frontier_out=57 wall_s=0.14 cum_wall_s=36.1 cpu_s=0.0 rss_max_mb=54.6 map_wall_s=0.06 map_cpu_s=0.0 merge_wall_s=0.08 merge_cpu_s=0.0 map_units=7 merge_ranges=6 eff_cores=0.11
event=kink_round H=7 col=11 round=stage3 frontier_in=1036 map_wall_s=0.007 map_cpu_s=0.006 merge_wall_s=0.014 merge_cpu_s=0.004 map_units=1 merge_ranges=1 map_eff_cores=0.81 merge_eff_cores=0.29
event=kink_round H=6 col=16 round=stage4 frontier_in=423 map_wall_s=0.013 map_cpu_s=0.004 merge_wall_s=0.017 merge_cpu_s=0.001 map_units=1 merge_ranges=1 map_eff_cores=0.32 merge_eff_cores=0.06
event=kink_round H=8 col=7 round=stage5 frontier_in=2858 map_wall_s=0.017 map_cpu_s=0.021 merge_wall_s=0.053 merge_cpu_s=0.010 map_units=2 merge_ranges=2 map_eff_cores=1.21 merge_eff_cores=0.19
event=kink_round H=5 col=21 round=seed frontier_in=57 map_wall_s=0.027 map_cpu_s=0.001 merge_wall_s=0.000 merge_cpu_s=0.000 map_units=1 merge_ranges=0 map_eff_cores=0.04 merge_eff_cores=0.00
event=kink_round H=14 col=1 round=stage13 frontier_in=275044 map_wall_s=0.077 map_cpu_s=1.657 merge_wall_s=0.276 merge_cpu_s=0.981 map_units=135 merge_ranges=80 map_eff_cores=21.60 merge_eff_cores=3.55
event=kink_round H=4 col=29 round=stage0 frontier_in=22 map_wall_s=0.005 map_cpu_s=0.001 merge_wall_s=0.049 merge_cpu_s=0.000 map_units=1 merge_ranges=1 map_eff_cores=0.20 merge_eff_cores=0.00
event=kink_round H=9 col=5 round=stage7 frontier_in=7596 map_wall_s=0.027 map_cpu_s=0.049 merge_wall_s=0.059 merge_cpu_s=0.031 map_units=4 merge_ranges=4 map_eff_cores=1.81 merge_eff_cores=0.53
event=kink_round H=3 col=34 round=stage2 frontier_in=9 map_wall_s=0.027 map_cpu_s=0.001 merge_wall_s=0.039 merge_cpu_s=0.000 map_units=1 merge_ranges=1 map_eff_cores=0.04 merge_eff_cores=0.00
event=kink_round H=6 col=16 round=stage5 frontier_in=458 map_wall_s=0.023 map_cpu_s=0.001 merge_wall_s=0.055 merge_cpu_s=0.002 map_units=1 merge_ranges=1 map_eff_cores=0.04 merge_eff_cores=0.04
event=kink_round H=7 col=11 round=stage4 frontier_in=1113 map_wall_s=0.035 map_cpu_s=0.008 merge_wall_s=0.050 merge_cpu_s=0.003 map_units=1 merge_ranges=1 map_eff_cores=0.23 merge_eff_cores=0.06
event=kink_round H=5 col=21 round=stage0 frontier_in=57 map_wall_s=0.036 map_cpu_s=0.001 merge_wall_s=0.029 merge_cpu_s=0.001 map_units=1 merge_ranges=1 map_eff_cores=0.03 merge_eff_cores=0.03
event=kink_round H=12 col=2 round=stage9 frontier_in=117190 map_wall_s=0.031 map_cpu_s=0.603 merge_wall_s=0.195 merge_cpu_s=0.526 map_units=58 merge_ranges=58 map_eff_cores=19.57 merge_eff_cores=2.70
event=kink_round H=8 col=7 round=stage6 frontier_in=2920 map_wall_s=0.043 map_cpu_s=0.019 merge_wall_s=0.052 merge_cpu_s=0.015 map_units=2 merge_ranges=2 map_eff_cores=0.44 merge_eff_cores=0.29
event=kink_round H=4 col=29 round=stage1 frontier_in=36 map_wall_s=0.036 map_cpu_s=0.001 merge_wall_s=0.027 merge_cpu_s=0.001 map_units=1 merge_ranges=1 map_eff_cores=0.03 merge_eff_cores=0.04
event=kink_round H=11 col=3 round=stage3 frontier_in=43658 map_wall_s=0.035 map_cpu_s=0.272 merge_wall_s=0.141 merge_cpu_s=0.186 map_units=22 merge_ranges=22 map_eff_cores=7.88 merge_eff_cores=1.32
event=kink_round H=3 col=34 round=finalize frontier_in=9 map_wall_s=0.041 map_cpu_s=0.001 merge_wall_s=0.038 merge_cpu_s=0.001 map_units=1 merge_ranges=1 map_eff_cores=0.02 merge_eff_cores=0.03
event=column H=3 col=34 frontier_in=5 frontier_out=2 wall_s=0.21 cum_wall_s=36.3 cpu_s=0.0 rss_max_mb=79.0 map_wall_s=0.10 map_cpu_s=0.0 merge_wall_s=0.09 merge_cpu_s=0.0 map_units=5 merge_ranges=4 eff_cores=0.02
event=kink_round H=5 col=21 round=stage1 frontier_in=94 map_wall_s=0.028 map_cpu_s=0.001 merge_wall_s=0.041 merge_cpu_s=0.001 map_units=1 merge_ranges=1 map_eff_cores=0.04 merge_eff_cores=0.02
event=kink_round H=3 col=35 round=seed frontier_in=2 map_wall_s=0.034 map_cpu_s=0.000 merge_wall_s=0.000 merge_cpu_s=0.000 map_units=1 merge_ranges=0 map_eff_cores=0.00 merge_eff_cores=0.00
event=kink_round H=6 col=16 round=finalize frontier_in=447 map_wall_s=0.044 map_cpu_s=0.002 merge_wall_s=0.047 merge_cpu_s=0.001 map_units=1 merge_ranges=1 map_eff_cores=0.05 merge_eff_cores=0.02
event=kink_round H=10 col=4 round=stage4 frontier_in=18788 map_wall_s=0.059 map_cpu_s=0.127 merge_wall_s=0.083 merge_cpu_s=0.091 map_units=10 merge_ranges=10 map_eff_cores=2.14 merge_eff_cores=1.10
event=kink_round H=9 col=5 round=stage8 frontier_in=7732 map_wall_s=0.057 map_cpu_s=0.049 merge_wall_s=0.077 merge_cpu_s=0.052 map_units=4 merge_ranges=4 map_eff_cores=0.87 merge_eff_cores=0.68
event=kink_round H=7 col=11 round=stage5 frontier_in=1130 map_wall_s=0.033 map_cpu_s=0.006 merge_wall_s=0.064 merge_cpu_s=0.007 map_units=1 merge_ranges=1 map_eff_cores=0.18 merge_eff_cores=0.11
event=column H=6 col=16 frontier_in=131 frontier_out=131 wall_s=0.27 cum_wall_s=36.6 cpu_s=0.0 rss_max_mb=64.6 map_wall_s=0.12 map_cpu_s=0.0 merge_wall_s=0.14 merge_cpu_s=0.0 map_units=8 merge_ranges=7 eff_cores=0.10
event=kink_round H=4 col=29 round=stage2 frontier_in=56 map_wall_s=0.032 map_cpu_s=0.002 merge_wall_s=0.054 merge_cpu_s=0.001 map_units=1 merge_ranges=1 map_eff_cores=0.06 merge_eff_cores=0.02
event=kink_round H=3 col=35 round=stage0 frontier_in=2 map_wall_s=0.023 map_cpu_s=0.001 merge_wall_s=0.023 merge_cpu_s=0.000 map_units=1 merge_ranges=1 map_eff_cores=0.04 merge_eff_cores=0.00
event=kink_round H=8 col=7 round=stage7 frontier_in=2997 map_wall_s=0.048 map_cpu_s=0.017 merge_wall_s=0.056 merge_cpu_s=0.015 map_units=2 merge_ranges=2 map_eff_cores=0.35 merge_eff_cores=0.27
event=kink_round H=5 col=21 round=stage2 frontier_in=146 map_wall_s=0.026 map_cpu_s=0.001 merge_wall_s=0.026 merge_cpu_s=0.003 map_units=1 merge_ranges=1 map_eff_cores=0.04 merge_eff_cores=0.12
event=kink_round H=6 col=17 round=seed frontier_in=131 map_wall_s=0.024 map_cpu_s=0.001 merge_wall_s=0.000 merge_cpu_s=0.000 map_units=1 merge_ranges=0 map_eff_cores=0.04 merge_eff_cores=0.00
event=kink_round H=7 col=11 round=stage6 frontier_in=1170 map_wall_s=0.028 map_cpu_s=0.008 merge_wall_s=0.029 merge_cpu_s=0.004 map_units=1 merge_ranges=1 map_eff_cores=0.29 merge_eff_cores=0.14
event=kink_round H=4 col=29 round=stage3 frontier_in=59 map_wall_s=0.034 map_cpu_s=0.001 merge_wall_s=0.021 merge_cpu_s=0.000 map_units=1 merge_ranges=1 map_eff_cores=0.03 merge_eff_cores=0.00
event=kink_round H=15 col=1 round=stage11 frontier_in=355007 map_wall_s=0.125 map_cpu_s=1.847 merge_wall_s=0.411 merge_cpu_s=1.221 map_units=174 merge_ranges=80 map_eff_cores=14.74 merge_eff_cores=2.97
event=kink_round H=9 col=5 round=finalize frontier_in=7529 map_wall_s=0.033 map_cpu_s=0.041 merge_wall_s=0.048 merge_cpu_s=0.019 map_units=4 merge_ranges=4 map_eff_cores=1.26 merge_eff_cores=0.39
event=column H=9 col=5 frontier_in=2153 frontier_out=2153 wall_s=0.99 cum_wall_s=37.6 cpu_s=0.8 rss_max_mb=74.8 map_wall_s=0.42 map_cpu_s=0.5 merge_wall_s=0.52 merge_cpu_s=0.3 map_units=37 merge_ranges=35 eff_cores=0.77
event=kink_round H=10 col=4 round=stage5 frontier_in=19495 map_wall_s=0.046 map_cpu_s=0.137 merge_wall_s=0.043 merge_cpu_s=0.087 map_units=10 merge_ranges=10 map_eff_cores=2.98 merge_eff_cores=2.01
event=kink_round H=5 col=21 round=stage3 frontier_in=166 map_wall_s=0.052 map_cpu_s=0.001 merge_wall_s=0.019 merge_cpu_s=0.001 map_units=1 merge_ranges=1 map_eff_cores=0.02 merge_eff_cores=0.05
event=kink_round H=6 col=17 round=stage0 frontier_in=131 map_wall_s=0.017 map_cpu_s=0.001 merge_wall_s=0.041 merge_cpu_s=0.001 map_units=1 merge_ranges=1 map_eff_cores=0.06 merge_eff_cores=0.02
event=kink_round H=3 col=35 round=stage1 frontier_in=2 map_wall_s=0.054 map_cpu_s=0.001 merge_wall_s=0.032 merge_cpu_s=0.001 map_units=1 merge_ranges=1 map_eff_cores=0.02 merge_eff_cores=0.03
event=kink_round H=11 col=3 round=stage4 frontier_in=47620 map_wall_s=0.058 map_cpu_s=0.266 merge_wall_s=0.098 merge_cpu_s=0.191 map_units=24 merge_ranges=24 map_eff_cores=4.59 merge_eff_cores=1.96
event=kink_round H=4 col=29 round=finalize frontier_in=70 map_wall_s=0.027 map_cpu_s=0.001 merge_wall_s=0.019 merge_cpu_s=0.000 map_units=1 merge_ranges=1 map_eff_cores=0.04 merge_eff_cores=0.00
event=column H=4 col=29 frontier_in=22 frontier_out=22 wall_s=0.33 cum_wall_s=37.9 cpu_s=0.0 rss_max_mb=54.6 map_wall_s=0.14 map_cpu_s=0.0 merge_wall_s=0.17 merge_cpu_s=0.0 map_units=6 merge_ranges=5 eff_cores=0.03
event=kink_round H=8 col=7 round=finalize frontier_in=2895 map_wall_s=0.065 map_cpu_s=0.015 merge_wall_s=0.038 merge_cpu_s=0.005 map_units=2 merge_ranges=2 map_eff_cores=0.23 merge_eff_cores=0.13
event=column H=8 col=7 frontier_in=825 frontier_out=825 wall_s=0.77 cum_wall_s=38.7 cpu_s=0.3 rss_max_mb=74.8 map_wall_s=0.38 map_cpu_s=0.1 merge_wall_s=0.36 merge_cpu_s=0.1 map_units=17 merge_ranges=16 eff_cores=0.33
event=kink_round H=9 col=6 round=seed frontier_in=2153 map_wall_s=0.050 map_cpu_s=0.010 merge_wall_s=0.000 merge_cpu_s=0.000 map_units=2 merge_ranges=0 map_eff_cores=0.20 merge_eff_cores=0.00
event=kink_round H=7 col=11 round=finalize frontier_in=1129 map_wall_s=0.030 map_cpu_s=0.004 merge_wall_s=0.029 merge_cpu_s=0.002 map_units=1 merge_ranges=1 map_eff_cores=0.13 merge_eff_cores=0.07
event=kink_round H=3 col=35 round=stage2 frontier_in=2 map_wall_s=0.005 map_cpu_s=0.001 merge_wall_s=0.013 merge_cpu_s=0.000 map_units=1 merge_ranges=1 map_eff_cores=0.21 merge_eff_cores=0.00
event=column H=7 col=11 frontier_in=335 frontier_out=335 wall_s=0.44 cum_wall_s=39.1 cpu_s=0.1 rss_max_mb=56.6 map_wall_s=0.18 map_cpu_s=0.1 merge_wall_s=0.23 merge_cpu_s=0.0 map_units=9 merge_ranges=8 eff_cores=0.19
event=kink_round H=8 col=8 round=seed frontier_in=825 map_wall_s=0.016 map_cpu_s=0.004 merge_wall_s=0.000 merge_cpu_s=0.000 map_units=1 merge_ranges=0 map_eff_cores=0.25 merge_eff_cores=0.00
event=kink_round H=4 col=30 round=seed frontier_in=22 map_wall_s=0.015 map_cpu_s=0.001 merge_wall_s=0.000 merge_cpu_s=0.000 map_units=1 merge_ranges=0 map_eff_cores=0.07 merge_eff_cores=0.00
event=kink_round H=6 col=17 round=stage1 frontier_in=212 map_wall_s=0.019 map_cpu_s=0.001 merge_wall_s=0.044 merge_cpu_s=0.003 map_units=1 merge_ranges=1 map_eff_cores=0.05 merge_eff_cores=0.07
event=kink_round H=5 col=21 round=stage4 frontier_in=179 map_wall_s=0.023 map_cpu_s=0.001 merge_wall_s=0.044 merge_cpu_s=0.002 map_units=1 merge_ranges=1 map_eff_cores=0.04 merge_eff_cores=0.05
event=kink_round H=3 col=35 round=finalize frontier_in=1 map_wall_s=0.037 map_cpu_s=0.001 merge_wall_s=0.000 merge_cpu_s=0.000 map_units=0 merge_ranges=0 map_eff_cores=0.03 merge_eff_cores=0.00
event=column H=3 col=35 frontier_in=2 frontier_out=0 wall_s=0.23 cum_wall_s=39.3 cpu_s=0.0 rss_max_mb=46.5 map_wall_s=0.15 map_cpu_s=0.0 merge_wall_s=0.07 merge_cpu_s=0.0 map_units=4 merge_ranges=3 eff_cores=0.02
event=kink_round H=7 col=12 round=seed frontier_in=335 map_wall_s=0.031 map_cpu_s=0.002 merge_wall_s=0.000 merge_cpu_s=0.000 map_units=1 merge_ranges=0 map_eff_cores=0.07 merge_eff_cores=0.00
event=kink_round H=8 col=8 round=stage0 frontier_in=825 map_wall_s=0.011 map_cpu_s=0.004 merge_wall_s=0.045 merge_cpu_s=0.005 map_units=1 merge_ranges=1 map_eff_cores=0.37 merge_eff_cores=0.11
event=kink_round H=6 col=17 round=stage2 frontier_in=341 map_wall_s=0.013 map_cpu_s=0.003 merge_wall_s=0.023 merge_cpu_s=0.002 map_units=1 merge_ranges=1 map_eff_cores=0.23 merge_eff_cores=0.09
event=kink_round H=5 col=21 round=finalize frontier_in=180 map_wall_s=0.005 map_cpu_s=0.001 merge_wall_s=0.037 merge_cpu_s=0.001 map_units=1 merge_ranges=1 map_eff_cores=0.21 merge_eff_cores=0.03
event=column H=5 col=21 frontier_in=57 frontier_out=57 wall_s=0.40 cum_wall_s=39.7 cpu_s=0.0 rss_max_mb=62.6 map_wall_s=0.20 map_cpu_s=0.0 merge_wall_s=0.20 merge_cpu_s=0.0 map_units=7 merge_ranges=6 eff_cores=0.04
event=kink_round H=9 col=6 round=stage0 frontier_in=2153 map_wall_s=0.018 map_cpu_s=0.012 merge_wall_s=0.065 merge_cpu_s=0.015 map_units=2 merge_ranges=2 map_eff_cores=0.65 merge_eff_cores=0.23
event=kink_round H=4 col=30 round=stage0 frontier_in=22 map_wall_s=0.038 map_cpu_s=0.002 merge_wall_s=0.032 merge_cpu_s=0.001 map_units=1 merge_ranges=1 map_eff_cores=0.05 merge_eff_cores=0.03
event=kink_round H=5 col=22 round=seed frontier_in=57 map_wall_s=0.015 map_cpu_s=0.000 merge_wall_s=0.000 merge_cpu_s=0.000 map_units=1 merge_ranges=0 map_eff_cores=0.00 merge_eff_cores=0.00
event=kink_round H=7 col=12 round=stage0 frontier_in=335 map_wall_s=0.019 map_cpu_s=0.003 merge_wall_s=0.035 merge_cpu_s=0.003 map_units=1 merge_ranges=1 map_eff_cores=0.15 merge_eff_cores=0.08
event=kink_round H=6 col=17 round=stage3 frontier_in=403 map_wall_s=0.033 map_cpu_s=0.003 merge_wall_s=0.006 merge_cpu_s=0.002 map_units=1 merge_ranges=1 map_eff_cores=0.09 merge_eff_cores=0.36
event=kink_round H=4 col=30 round=stage1 frontier_in=36 map_wall_s=0.014 map_cpu_s=0.001 merge_wall_s=0.005 merge_cpu_s=0.000 map_units=1 merge_ranges=1 map_eff_cores=0.07 merge_eff_cores=0.00
event=kink_round H=4 col=30 round=stage2 frontier_in=56 map_wall_s=0.001 map_cpu_s=0.001 merge_wall_s=0.001 merge_cpu_s=0.000 map_units=1 merge_ranges=1 map_eff_cores=0.96 merge_eff_cores=0.00
event=kink_round H=10 col=4 round=stage6 frontier_in=19668 map_wall_s=0.066 map_cpu_s=0.134 merge_wall_s=0.089 merge_cpu_s=0.102 map_units=10 merge_ranges=10 map_eff_cores=2.03 merge_eff_cores=1.15
event=kink_round H=6 col=17 round=stage4 frontier_in=423 map_wall_s=0.003 map_cpu_s=0.003 merge_wall_s=0.002 merge_cpu_s=0.001 map_units=1 merge_ranges=1 map_eff_cores=1.03 merge_eff_cores=0.55
event=kink_round H=7 col=12 round=stage1 frontier_in=544 map_wall_s=0.005 map_cpu_s=0.002 merge_wall_s=0.003 merge_cpu_s=0.003 map_units=1 merge_ranges=1 map_eff_cores=0.39 merge_eff_cores=0.87
event=kink_round H=5 col=22 round=stage0 frontier_in=57 map_wall_s=0.014 map_cpu_s=0.001 merge_wall_s=0.004 merge_cpu_s=0.001 map_units=1 merge_ranges=1 map_eff_cores=0.07 merge_eff_cores=0.25
event=kink_round H=4 col=30 round=stage3 frontier_in=59 map_wall_s=0.001 map_cpu_s=0.000 merge_wall_s=0.004 merge_cpu_s=0.001 map_units=1 merge_ranges=1 map_eff_cores=0.00 merge_eff_cores=0.25
event=kink_round H=6 col=17 round=stage5 frontier_in=458 map_wall_s=0.003 map_cpu_s=0.002 merge_wall_s=0.003 merge_cpu_s=0.002 map_units=1 merge_ranges=1 map_eff_cores=0.79 merge_eff_cores=0.70
event=kink_round H=5 col=22 round=stage1 frontier_in=94 map_wall_s=0.001 map_cpu_s=0.001 merge_wall_s=0.003 merge_cpu_s=0.001 map_units=1 merge_ranges=1 map_eff_cores=0.79 merge_eff_cores=0.38
event=kink_round H=16 col=1 round=stage8 frontier_in=400176 map_wall_s=0.062 map_cpu_s=1.712 merge_wall_s=0.453 merge_cpu_s=1.135 map_units=196 merge_ranges=80 map_eff_cores=27.41 merge_eff_cores=2.50
event=kink_round H=4 col=30 round=finalize frontier_in=70 map_wall_s=0.001 map_cpu_s=0.001 merge_wall_s=0.004 merge_cpu_s=0.001 map_units=1 merge_ranges=1 map_eff_cores=1.37 merge_eff_cores=0.24
event=column H=4 col=30 frontier_in=22 frontier_out=22 wall_s=0.12 cum_wall_s=39.9 cpu_s=0.0 rss_max_mb=50.5 map_wall_s=0.07 map_cpu_s=0.0 merge_wall_s=0.05 merge_cpu_s=0.0 map_units=6 merge_ranges=5 eff_cores=0.08
event=kink_round H=8 col=8 round=stage1 frontier_in=1328 map_wall_s=0.046 map_cpu_s=0.008 merge_wall_s=0.008 merge_cpu_s=0.006 map_units=1 merge_ranges=1 map_eff_cores=0.17 merge_eff_cores=0.79
event=kink_round H=6 col=17 round=finalize frontier_in=447 map_wall_s=0.002 map_cpu_s=0.002 merge_wall_s=0.004 merge_cpu_s=0.001 map_units=1 merge_ranges=1 map_eff_cores=0.88 merge_eff_cores=0.28
event=column H=6 col=17 frontier_in=131 frontier_out=131 wall_s=0.24 cum_wall_s=40.1 cpu_s=0.0 rss_max_mb=50.5 map_wall_s=0.11 map_cpu_s=0.0 merge_wall_s=0.12 merge_cpu_s=0.0 map_units=8 merge_ranges=7 eff_cores=0.12
event=kink_round H=7 col=12 round=stage2 frontier_in=873 map_wall_s=0.006 map_cpu_s=0.006 merge_wall_s=0.007 merge_cpu_s=0.006 map_units=1 merge_ranges=1 map_eff_cores=1.02 merge_eff_cores=0.90
event=kink_round H=6 col=18 round=seed frontier_in=131 map_wall_s=0.003 map_cpu_s=0.001 merge_wall_s=0.000 merge_cpu_s=0.000 map_units=1 merge_ranges=0 map_eff_cores=0.36 merge_eff_cores=0.00
event=kink_round H=5 col=22 round=stage2 frontier_in=146 map_wall_s=0.001 map_cpu_s=0.001 merge_wall_s=0.009 merge_cpu_s=0.001 map_units=1 merge_ranges=1 map_eff_cores=0.89 merge_eff_cores=0.12
event=kink_round H=12 col=2 round=stage10 frontier_in=124118 map_wall_s=0.079 map_cpu_s=0.604 merge_wall_s=0.136 merge_cpu_s=0.534 map_units=61 merge_ranges=61 map_eff_cores=7.68 merge_eff_cores=3.94
event=kink_round H=4 col=31 round=seed frontier_in=22 map_wall_s=0.017 map_cpu_s=0.001 merge_wall_s=0.000 merge_cpu_s=0.000 map_units=1 merge_ranges=0 map_eff_cores=0.06 merge_eff_cores=0.00
event=kink_round H=19 col=1 round=stage2 frontier_in=869756 map_wall_s=0.188 map_cpu_s=3.331 merge_wall_s=0.742 merge_cpu_s=2.333 map_units=425 merge_ranges=80 map_eff_cores=17.75 merge_eff_cores=3.14
event=kink_round H=5 col=22 round=stage3 frontier_in=166 map_wall_s=0.020 map_cpu_s=0.001 merge_wall_s=0.002 merge_cpu_s=0.001 map_units=1 merge_ranges=1 map_eff_cores=0.05 merge_eff_cores=0.48
event=kink_round H=4 col=31 round=stage0 frontier_in=22 map_wall_s=0.006 map_cpu_s=0.000 merge_wall_s=0.008 merge_cpu_s=0.000 map_units=1 merge_ranges=1 map_eff_cores=0.00 merge_eff_cores=0.00
event=kink_round H=6 col=18 round=stage0 frontier_in=131 map_wall_s=0.017 map_cpu_s=0.001 merge_wall_s=0.011 merge_cpu_s=0.001 map_units=1 merge_ranges=1 map_eff_cores=0.06 merge_eff_cores=0.09
event=kink_round H=7 col=12 round=stage3 frontier_in=1036 map_wall_s=0.026 map_cpu_s=0.009 merge_wall_s=0.005 merge_cpu_s=0.004 map_units=1 merge_ranges=1 map_eff_cores=0.34 merge_eff_cores=0.81
event=kink_round H=5 col=22 round=stage4 frontier_in=179 map_wall_s=0.004 map_cpu_s=0.002 merge_wall_s=0.003 merge_cpu_s=0.001 map_units=1 merge_ranges=1 map_eff_cores=0.55 merge_eff_cores=0.32
event=kink_round H=5 col=22 round=finalize frontier_in=180 map_wall_s=0.001 map_cpu_s=0.001 merge_wall_s=0.002 merge_cpu_s=0.001 map_units=1 merge_ranges=1 map_eff_cores=0.77 merge_eff_cores=0.65
event=column H=5 col=22 frontier_in=57 frontier_out=57 wall_s=0.08 cum_wall_s=40.2 cpu_s=0.0 rss_max_mb=79.0 map_wall_s=0.06 map_cpu_s=0.0 merge_wall_s=0.02 merge_cpu_s=0.0 map_units=7 merge_ranges=6 eff_cores=0.16
event=kink_round H=6 col=18 round=stage1 frontier_in=212 map_wall_s=0.003 map_cpu_s=0.002 merge_wall_s=0.003 merge_cpu_s=0.001 map_units=1 merge_ranges=1 map_eff_cores=0.63 merge_eff_cores=0.36
event=kink_round H=4 col=31 round=stage1 frontier_in=36 map_wall_s=0.004 map_cpu_s=0.001 merge_wall_s=0.002 merge_cpu_s=0.000 map_units=1 merge_ranges=1 map_eff_cores=0.25 merge_eff_cores=0.00
event=kink_round H=5 col=23 round=seed frontier_in=57 map_wall_s=0.001 map_cpu_s=0.000 merge_wall_s=0.000 merge_cpu_s=0.000 map_units=1 merge_ranges=0 map_eff_cores=0.00 merge_eff_cores=0.00
event=kink_round H=8 col=8 round=stage2 frontier_in=2153 map_wall_s=0.028 map_cpu_s=0.013 merge_wall_s=0.006 merge_cpu_s=0.008 map_units=2 merge_ranges=2 map_eff_cores=0.46 merge_eff_cores=1.29
event=kink_round H=4 col=31 round=stage2 frontier_in=56 map_wall_s=0.001 map_cpu_s=0.001 merge_wall_s=0.001 merge_cpu_s=0.000 map_units=1 merge_ranges=1 map_eff_cores=0.96 merge_eff_cores=0.00
event=kink_round H=9 col=6 round=stage1 frontier_in=3472 map_wall_s=0.039 map_cpu_s=0.031 merge_wall_s=0.035 merge_cpu_s=0.021 map_units=2 merge_ranges=2 map_eff_cores=0.80 merge_eff_cores=0.60
event=kink_round H=5 col=23 round=stage0 frontier_in=57 map_wall_s=0.001 map_cpu_s=0.001 merge_wall_s=0.001 merge_cpu_s=0.001 map_units=1 merge_ranges=1 map_eff_cores=1.13 merge_eff_cores=0.74
event=kink_round H=6 col=18 round=stage2 frontier_in=341 map_wall_s=0.003 map_cpu_s=0.002 merge_wall_s=0.002 merge_cpu_s=0.001 map_units=1 merge_ranges=1 map_eff_cores=0.71 merge_eff_cores=0.41
event=kink_round H=11 col=3 round=stage5 frontier_in=49514 map_wall_s=0.037 map_cpu_s=0.257 merge_wall_s=0.049 merge_cpu_s=0.220 map_units=25 merge_ranges=25 map_eff_cores=7.01 merge_eff_cores=4.53
event=kink_round H=7 col=12 round=stage4 frontier_in=1113 map_wall_s=0.007 map_cpu_s=0.004 merge_wall_s=0.004 merge_cpu_s=0.003 map_units=1 merge_ranges=1 map_eff_cores=0.61 merge_eff_cores=0.69
event=kink_round H=4 col=31 round=stage3 frontier_in=59 map_wall_s=0.002 map_cpu_s=0.001 merge_wall_s=0.003 merge_cpu_s=0.000 map_units=1 merge_ranges=1 map_eff_cores=0.54 merge_eff_cores=0.00
event=kink_round H=10 col=4 round=stage7 frontier_in=19901 map_wall_s=0.032 map_cpu_s=0.130 merge_wall_s=0.022 merge_cpu_s=0.090 map_units=10 merge_ranges=10 map_eff_cores=4.03 merge_eff_cores=4.10
event=kink_round H=13 col=2 round=stage4 frontier_in=205300 map_wall_s=0.095 map_cpu_s=1.119 merge_wall_s=0.384 merge_cpu_s=0.952 map_units=101 merge_ranges=80 map_eff_cores=11.73 merge_eff_cores=2.48
event=kink_round H=5 col=23 round=stage1 frontier_in=94 map_wall_s=0.003 map_cpu_s=0.001 merge_wall_s=0.002 merge_cpu_s=0.001 map_units=1 merge_ranges=1 map_eff_cores=0.35 merge_eff_cores=0.40
event=kink_round H=6 col=18 round=stage3 frontier_in=403 map_wall_s=0.002 map_cpu_s=0.001 merge_wall_s=0.002 merge_cpu_s=0.001 map_units=1 merge_ranges=1 map_eff_cores=0.49 merge_eff_cores=0.52
event=kink_round H=4 col=31 round=finalize frontier_in=70 map_wall_s=0.001 map_cpu_s=0.001 merge_wall_s=0.001 merge_cpu_s=0.000 map_units=1 merge_ranges=1 map_eff_cores=0.99 merge_eff_cores=0.00
event=column H=4 col=31 frontier_in=22 frontier_out=22 wall_s=0.05 cum_wall_s=40.2 cpu_s=0.0 rss_max_mb=50.5 map_wall_s=0.03 map_cpu_s=0.0 merge_wall_s=0.01 merge_cpu_s=0.0 map_units=6 merge_ranges=5 eff_cores=0.11
event=kink_round H=4 col=32 round=seed frontier_in=22 map_wall_s=0.005 map_cpu_s=0.000 merge_wall_s=0.000 merge_cpu_s=0.000 map_units=1 merge_ranges=0 map_eff_cores=0.00 merge_eff_cores=0.00
event=kink_round H=4 col=32 round=stage0 frontier_in=22 map_wall_s=0.001 map_cpu_s=0.001 merge_wall_s=0.004 merge_cpu_s=0.001 map_units=1 merge_ranges=1 map_eff_cores=0.71 merge_eff_cores=0.26
event=kink_round H=5 col=23 round=stage2 frontier_in=146 map_wall_s=0.003 map_cpu_s=0.001 merge_wall_s=0.009 merge_cpu_s=0.001 map_units=1 merge_ranges=1 map_eff_cores=0.34 merge_eff_cores=0.11
event=kink_round H=7 col=12 round=stage5 frontier_in=1130 map_wall_s=0.008 map_cpu_s=0.006 merge_wall_s=0.007 merge_cpu_s=0.006 map_units=1 merge_ranges=1 map_eff_cores=0.74 merge_eff_cores=0.83
event=kink_round H=6 col=18 round=stage4 frontier_in=423 map_wall_s=0.011 map_cpu_s=0.003 merge_wall_s=0.002 merge_cpu_s=0.002 map_units=1 merge_ranges=1 map_eff_cores=0.27 merge_eff_cores=0.83
event=kink_round H=8 col=8 round=stage3 frontier_in=2568 map_wall_s=0.017 map_cpu_s=0.016 merge_wall_s=0.014 merge_cpu_s=0.008 map_units=2 merge_ranges=2 map_eff_cores=0.96 merge_eff_cores=0.55
event=kink_round H=6 col=18 round=stage5 frontier_in=458 map_wall_s=0.002 map_cpu_s=0.002 merge_wall_s=0.003 merge_cpu_s=0.002 map_units=1 merge_ranges=1 map_eff_cores=0.96 merge_eff_cores=0.64
event=kink_round H=4 col=32 round=stage1 frontier_in=35 map_wall_s=0.012 map_cpu_s=0.001 merge_wall_s=0.002 merge_cpu_s=0.000 map_units=1 merge_ranges=1 map_eff_cores=0.08 merge_eff_cores=0.00
event=kink_round H=5 col=23 round=stage3 frontier_in=166 map_wall_s=0.015 map_cpu_s=0.001 merge_wall_s=0.002 merge_cpu_s=0.001 map_units=1 merge_ranges=1 map_eff_cores=0.06 merge_eff_cores=0.57
event=kink_round H=7 col=12 round=stage6 frontier_in=1170 map_wall_s=0.010 map_cpu_s=0.010 merge_wall_s=0.010 merge_cpu_s=0.005 map_units=1 merge_ranges=1 map_eff_cores=1.00 merge_eff_cores=0.49
event=kink_round H=14 col=1 round=finalize frontier_in=354293 map_wall_s=0.099 map_cpu_s=1.348 merge_wall_s=0.164 merge_cpu_s=1.206 map_units=173 merge_ranges=80 map_eff_cores=13.59 merge_eff_cores=7.34
event=kink_round H=6 col=18 round=finalize frontier_in=447 map_wall_s=0.002 map_cpu_s=0.001 merge_wall_s=0.009 merge_cpu_s=0.001 map_units=1 merge_ranges=1 map_eff_cores=0.61 merge_eff_cores=0.11
event=column H=6 col=18 frontier_in=131 frontier_out=131 wall_s=0.09 cum_wall_s=40.3 cpu_s=0.0 rss_max_mb=54.6 map_wall_s=0.04 map_cpu_s=0.0 merge_wall_s=0.03 merge_cpu_s=0.0 map_units=8 merge_ranges=7 eff_cores=0.26
event=kink_round H=6 col=19 round=seed frontier_in=131 map_wall_s=0.010 map_cpu_s=0.002 merge_wall_s=0.000 merge_cpu_s=0.000 map_units=1 merge_ranges=0 map_eff_cores=0.20 merge_eff_cores=0.00
event=kink_round H=5 col=23 round=stage4 frontier_in=179 map_wall_s=0.005 map_cpu_s=0.001 merge_wall_s=0.034 merge_cpu_s=0.001 map_units=1 merge_ranges=1 map_eff_cores=0.22 merge_eff_cores=0.03
event=kink_round H=4 col=32 round=stage2 frontier_in=54 map_wall_s=0.005 map_cpu_s=0.001 merge_wall_s=0.035 merge_cpu_s=0.000 map_units=1 merge_ranges=1 map_eff_cores=0.22 merge_eff_cores=0.00
event=kink_round H=9 col=6 round=stage2 frontier_in=5618 map_wall_s=0.030 map_cpu_s=0.048 merge_wall_s=0.056 merge_cpu_s=0.036 map_units=3 merge_ranges=3 map_eff_cores=1.59 merge_eff_cores=0.64
event=kink_round H=8 col=8 round=stage4 frontier_in=2795 map_wall_s=0.017 map_cpu_s=0.018 merge_wall_s=0.044 merge_cpu_s=0.010 map_units=2 merge_ranges=2 map_eff_cores=1.05 merge_eff_cores=0.23
event=kink_round H=7 col=12 round=finalize frontier_in=1129 map_wall_s=0.039 map_cpu_s=0.005 merge_wall_s=0.068 merge_cpu_s=0.002 map_units=1 merge_ranges=1 map_eff_cores=0.13 merge_eff_cores=0.03
event=kink_round H=6 col=19 round=stage0 frontier_in=131 map_wall_s=0.057 map_cpu_s=0.001 merge_wall_s=0.041 merge_cpu_s=0.001 map_units=1 merge_ranges=1 map_eff_cores=0.02 merge_eff_cores=0.02
event=column H=7 col=12 frontier_in=335 frontier_out=335 wall_s=0.31 cum_wall_s=40.6 cpu_s=0.1 rss_max_mb=58.6 map_wall_s=0.15 map_cpu_s=0.0 merge_wall_s=0.14 merge_cpu_s=0.0 map_units=9 merge_ranges=8 eff_cores=0.26
event=kink_round H=4 col=32 round=stage3 frontier_in=57 map_wall_s=0.053 map_cpu_s=0.001 merge_wall_s=0.030 merge_cpu_s=0.002 map_units=1 merge_ranges=1 map_eff_cores=0.02 merge_eff_cores=0.07
event=kink_round H=5 col=23 round=finalize frontier_in=180 map_wall_s=0.060 map_cpu_s=0.001 merge_wall_s=0.025 merge_cpu_s=0.001 map_units=1 merge_ranges=1 map_eff_cores=0.02 merge_eff_cores=0.04
event=column H=5 col=23 frontier_in=57 frontier_out=57 wall_s=0.17 cum_wall_s=40.8 cpu_s=0.0 rss_max_mb=50.5 map_wall_s=0.09 map_cpu_s=0.0 merge_wall_s=0.07 merge_cpu_s=0.0 map_units=7 merge_ranges=6 eff_cores=0.07
event=kink_round H=10 col=4 round=stage8 frontier_in=19909 map_wall_s=0.037 map_cpu_s=0.144 merge_wall_s=0.106 merge_cpu_s=0.095 map_units=10 merge_ranges=10 map_eff_cores=3.93 merge_eff_cores=0.90
event=kink_round H=7 col=13 round=seed frontier_in=335 map_wall_s=0.016 map_cpu_s=0.003 merge_wall_s=0.000 merge_cpu_s=0.000 map_units=1 merge_ranges=0 map_eff_cores=0.18 merge_eff_cores=0.00
event=kink_round H=5 col=24 round=seed frontier_in=57 map_wall_s=0.012 map_cpu_s=0.001 merge_wall_s=0.000 merge_cpu_s=0.000 map_units=1 merge_ranges=0 map_eff_cores=0.08 merge_eff_cores=0.00
event=kink_round H=6 col=19 round=stage1 frontier_in=212 map_wall_s=0.006 map_cpu_s=0.002 merge_wall_s=0.020 merge_cpu_s=0.001 map_units=1 merge_ranges=1 map_eff_cores=0.32 merge_eff_cores=0.05
event=kink_round H=8 col=8 round=stage5 frontier_in=2858 map_wall_s=0.067 map_cpu_s=0.015 merge_wall_s=0.029 merge_cpu_s=0.016 map_units=2 merge_ranges=2 map_eff_cores=0.22 merge_eff_cores=0.56
event=kink_round H=4 col=32 round=finalize frontier_in=65 map_wall_s=0.012 map_cpu_s=0.001 merge_wall_s=0.015 merge_cpu_s=0.001 map_units=1 merge_ranges=1 map_eff_cores=0.08 merge_eff_cores=0.06
event=column H=4 col=32 frontier_in=22 frontier_out=13 wall_s=0.19 cum_wall_s=41.0 cpu_s=0.0 rss_max_mb=54.6 map_wall_s=0.09 map_cpu_s=0.0 merge_wall_s=0.09 merge_cpu_s=0.0 map_units=6 merge_ranges=5 eff_cores=0.05
event=kink_round H=11 col=3 round=stage6 frontier_in=50626 map_wall_s=0.027 map_cpu_s=0.337 merge_wall_s=0.149 merge_cpu_s=0.228 map_units=25 merge_ranges=25 map_eff_cores=12.57 merge_eff_cores=1.53
event=kink_round H=9 col=6 round=stage3 frontier_in=6682 map_wall_s=0.056 map_cpu_s=0.050 merge_wall_s=0.046 merge_cpu_s=0.050 map_units=4 merge_ranges=4 map_eff_cores=0.89 merge_eff_cores=1.08
event=kink_round H=5 col=24 round=stage0 frontier_in=57 map_wall_s=0.010 map_cpu_s=0.001 merge_wall_s=0.035 merge_cpu_s=0.001 map_units=1 merge_ranges=1 map_eff_cores=0.10 merge_eff_cores=0.03
event=kink_round H=7 col=13 round=stage0 frontier_in=335 map_wall_s=0.012 map_cpu_s=0.003 merge_wall_s=0.040 merge_cpu_s=0.003 map_units=1 merge_ranges=1 map_eff_cores=0.25 merge_eff_cores=0.08
event=kink_round H=4 col=33 round=seed frontier_in=13 map_wall_s=0.054 map_cpu_s=0.001 merge_wall_s=0.000 merge_cpu_s=0.000 map_units=1 merge_ranges=0 map_eff_cores=0.02 merge_eff_cores=0.00
event=kink_round H=17 col=1 round=stage6 frontier_in=546828 map_wall_s=0.167 map_cpu_s=2.239 merge_wall_s=0.507 merge_cpu_s=1.506 map_units=268 merge_ranges=80 map_eff_cores=13.40 merge_eff_cores=2.97
event=kink_round H=6 col=19 round=stage2 frontier_in=341 map_wall_s=0.029 map_cpu_s=0.002 merge_wall_s=0.037 merge_cpu_s=0.001 map_units=1 merge_ranges=1 map_eff_cores=0.07 merge_eff_cores=0.03
event=column H=14 col=1 frontier_in=8255 frontier_out=138190 wall_s=3.97 cum_wall_s=44.9 cpu_s=14.4 rss_max_mb=79.0 map_wall_s=0.93 map_cpu_s=8.0 merge_wall_s=1.86 merge_cpu_s=6.4 map_units=862 merge_ranges=673 eff_cores=3.62
event=kink_round H=12 col=2 round=stage11 frontier_in=132950 map_wall_s=0.039 map_cpu_s=0.769 merge_wall_s=0.247 merge_cpu_s=0.555 map_units=65 merge_ranges=65 map_eff_cores=19.50 merge_eff_cores=2.25
event=kink_round H=7 col=13 round=stage1 frontier_in=544 map_wall_s=0.030 map_cpu_s=0.003 merge_wall_s=0.032 merge_cpu_s=0.006 map_units=1 merge_ranges=1 map_eff_cores=0.10 merge_eff_cores=0.19
event=kink_round H=5 col=24 round=stage1 frontier_in=94 map_wall_s=0.054 map_cpu_s=0.001 merge_wall_s=0.022 merge_cpu_s=0.001 map_units=1 merge_ranges=1 map_eff_cores=0.02 merge_eff_cores=0.05
event=kink_round H=9 col=6 round=stage4 frontier_in=7282 map_wall_s=0.042 map_cpu_s=0.045 merge_wall_s=0.045 merge_cpu_s=0.034 map_units=4 merge_ranges=4 map_eff_cores=1.08 merge_eff_cores=0.75
event=kink_round H=8 col=8 round=stage6 frontier_in=2920 map_wall_s=0.045 map_cpu_s=0.018 merge_wall_s=0.046 merge_cpu_s=0.011 map_units=2 merge_ranges=2 map_eff_cores=0.40 merge_eff_cores=0.24
event=kink_round H=6 col=19 round=stage3 frontier_in=403 map_wall_s=0.030 map_cpu_s=0.002 merge_wall_s=0.013 merge_cpu_s=0.003 map_units=1 merge_ranges=1 map_eff_cores=0.07 merge_eff_cores=0.22
event=kink_round H=4 col=33 round=stage0 frontier_in=13 map_wall_s=0.023 map_cpu_s=0.001 merge_wall_s=0.036 merge_cpu_s=0.001 map_units=1 merge_ranges=1 map_eff_cores=0.04 merge_eff_cores=0.03
event=kink_round H=7 col=13 round=stage2 frontier_in=873 map_wall_s=0.005 map_cpu_s=0.004 merge_wall_s=0.010 merge_cpu_s=0.005 map_units=1 merge_ranges=1 map_eff_cores=0.81 merge_eff_cores=0.50
event=kink_round H=6 col=19 round=stage4 frontier_in=423 map_wall_s=0.002 map_cpu_s=0.002 merge_wall_s=0.023 merge_cpu_s=0.002 map_units=1 merge_ranges=1 map_eff_cores=1.14 merge_eff_cores=0.09
event=kink_round H=5 col=24 round=stage2 frontier_in=146 map_wall_s=0.008 map_cpu_s=0.001 merge_wall_s=0.029 merge_cpu_s=0.001 map_units=1 merge_ranges=1 map_eff_cores=0.13 merge_eff_cores=0.03
event=kink_round H=10 col=4 round=stage9 frontier_in=20222 map_wall_s=0.070 map_cpu_s=0.132 merge_wall_s=0.060 merge_cpu_s=0.114 map_units=10 merge_ranges=10 map_eff_cores=1.89 merge_eff_cores=1.89
event=kink_round H=4 col=33 round=stage1 frontier_in=20 map_wall_s=0.003 map_cpu_s=0.001 merge_wall_s=0.054 merge_cpu_s=0.000 map_units=1 merge_ranges=1 map_eff_cores=0.37 merge_eff_cores=0.00
event=kink_round H=18 col=1 round=stage4 frontier_in=730592 map_wall_s=0.200 map_cpu_s=2.831 merge_wall_s=0.681 merge_cpu_s=2.039 map_units=357 merge_ranges=80 map_eff_cores=14.13 merge_eff_cores=2.99
event=kink_round H=8 col=8 round=stage7 frontier_in=2997 map_wall_s=0.019 map_cpu_s=0.022 merge_wall_s=0.050 merge_cpu_s=0.013 map_units=2 merge_ranges=2 map_eff_cores=1.14 merge_eff_cores=0.26
event=kink_round H=6 col=19 round=stage5 frontier_in=458 map_wall_s=0.015 map_cpu_s=0.003 merge_wall_s=0.036 merge_cpu_s=0.001 map_units=1 merge_ranges=1 map_eff_cores=0.20 merge_eff_cores=0.03
event=kink_round H=11 col=3 round=stage7 frontier_in=51477 map_wall_s=0.055 map_cpu_s=0.316 merge_wall_s=0.083 merge_cpu_s=0.269 map_units=26 merge_ranges=26 map_eff_cores=5.79 merge_eff_cores=3.23
event=kink_round H=14 col=2 round=seed frontier_in=138190 map_wall_s=0.083 map_cpu_s=0.525 merge_wall_s=0.000 merge_cpu_s=0.000 map_units=68 merge_ranges=0 map_eff_cores=6.32 merge_eff_cores=0.00
event=kink_round H=15 col=1 round=stage12 frontier_in=432349 map_wall_s=0.103 map_cpu_s=2.048 merge_wall_s=0.462 merge_cpu_s=1.596 map_units=212 merge_ranges=80 map_eff_cores=19.91 merge_eff_cores=3.45
event=kink_round H=5 col=24 round=stage3 frontier_in=166 map_wall_s=0.037 map_cpu_s=0.001 merge_wall_s=0.040 merge_cpu_s=0.001 map_units=1 merge_ranges=1 map_eff_cores=0.03 merge_eff_cores=0.03
event=kink_round H=7 col=13 round=stage3 frontier_in=1036 map_wall_s=0.068 map_cpu_s=0.004 merge_wall_s=0.038 merge_cpu_s=0.003 map_units=1 merge_ranges=1 map_eff_cores=0.06 merge_eff_cores=0.08
event=kink_round H=9 col=6 round=stage5 frontier_in=7502 map_wall_s=0.056 map_cpu_s=0.041 merge_wall_s=0.062 merge_cpu_s=0.029 map_units=4 merge_ranges=4 map_eff_cores=0.73 merge_eff_cores=0.47
event=kink_round H=6 col=19 round=finalize frontier_in=447 map_wall_s=0.034 map_cpu_s=0.001 merge_wall_s=0.038 merge_cpu_s=0.001 map_units=1 merge_ranges=1 map_eff_cores=0.03 merge_eff_cores=0.03
event=column H=6 col=19 frontier_in=131 frontier_out=131 wall_s=0.41 cum_wall_s=45.4 cpu_s=0.0 rss_max_mb=58.6 map_wall_s=0.18 map_cpu_s=0.0 merge_wall_s=0.21 merge_cpu_s=0.0 map_units=8 merge_ranges=7 eff_cores=0.06
event=kink_round H=4 col=33 round=stage2 frontier_in=31 map_wall_s=0.047 map_cpu_s=0.000 merge_wall_s=0.062 merge_cpu_s=0.001 map_units=1 merge_ranges=1 map_eff_cores=0.00 merge_eff_cores=0.02
event=kink_round H=13 col=2 round=stage5 frontier_in=218746 map_wall_s=0.088 map_cpu_s=1.266 merge_wall_s=0.172 merge_cpu_s=0.936 map_units=107 merge_ranges=80 map_eff_cores=14.43 merge_eff_cores=5.43
event=kink_round H=8 col=8 round=finalize frontier_in=2895 map_wall_s=0.040 map_cpu_s=0.009 merge_wall_s=0.064 merge_cpu_s=0.004 map_units=2 merge_ranges=2 map_eff_cores=0.23 merge_eff_cores=0.06
event=kink_round H=10 col=4 round=finalize frontier_in=19812 map_wall_s=0.055 map_cpu_s=0.079 merge_wall_s=0.079 merge_cpu_s=0.046 map_units=10 merge_ranges=10 map_eff_cores=1.42 merge_eff_cores=0.58
event=column H=8 col=8 frontier_in=825 frontier_out=825 wall_s=0.67 cum_wall_s=46.0 cpu_s=0.2 rss_max_mb=58.6 map_wall_s=0.31 map_cpu_s=0.1 merge_wall_s=0.31 merge_cpu_s=0.1 map_units=17 merge_ranges=16 eff_cores=0.31
event=kink_round H=5 col=24 round=stage4 frontier_in=179 map_wall_s=0.063 map_cpu_s=0.001 merge_wall_s=0.044 merge_cpu_s=0.001 map_units=1 merge_ranges=1 map_eff_cores=0.02 merge_eff_cores=0.02
event=kink_round H=6 col=20 round=seed frontier_in=131 map_wall_s=0.058 map_cpu_s=0.001 merge_wall_s=0.000 merge_cpu_s=0.000 map_units=1 merge_ranges=0 map_eff_cores=0.02 merge_eff_cores=0.00
event=kink_round H=7 col=13 round=stage4 frontier_in=1113 map_wall_s=0.055 map_cpu_s=0.005 merge_wall_s=0.047 merge_cpu_s=0.003 map_units=1 merge_ranges=1 map_eff_cores=0.09 merge_eff_cores=0.06
event=kink_round H=9 col=6 round=stage6 frontier_in=7569 map_wall_s=0.043 map_cpu_s=0.036 merge_wall_s=0.058 merge_cpu_s=0.027 map_units=4 merge_ranges=4 map_eff_cores=0.83 merge_eff_cores=0.46
event=kink_round H=8 col=9 round=seed frontier_in=825 map_wall_s=0.042 map_cpu_s=0.003 merge_wall_s=0.000 merge_cpu_s=0.000 map_units=1 merge_ranges=0 map_eff_cores=0.07 merge_eff_cores=0.00
event=kink_round H=16 col=1 round=stage9 frontier_in=483441 map_wall_s=0.150 map_cpu_s=2.262 merge_wall_s=0.360 merge_cpu_s=1.584 map_units=237 merge_ranges=80 map_eff_cores=15.13 merge_eff_cores=4.40
event=column H=10 col=4 frontier_in=5560 frontier_out=5567 wall_s=1.53 cum_wall_s=47.5 cpu_s=2.1 rss_max_mb=79.0 map_wall_s=0.53 map_cpu_s=1.2 merge_wall_s=0.76 merge_cpu_s=0.9 map_units=98 merge_ranges=95 eff_cores=1.37
event=kink_round H=4 col=33 round=stage3 frontier_in=35 map_wall_s=0.042 map_cpu_s=0.001 merge_wall_s=0.049 merge_cpu_s=0.000 map_units=1 merge_ranges=1 map_eff_cores=0.02 merge_eff_cores=0.00
event=kink_round H=10 col=5 round=seed frontier_in=5567 map_wall_s=0.053 map_cpu_s=0.027 merge_wall_s=0.000 merge_cpu_s=0.000 map_units=3 merge_ranges=0 map_eff_cores=0.51 merge_eff_cores=0.00
event=kink_round H=5 col=24 round=finalize frontier_in=180 map_wall_s=0.052 map_cpu_s=0.001 merge_wall_s=0.028 merge_cpu_s=0.001 map_units=1 merge_ranges=1 map_eff_cores=0.02 merge_eff_cores=0.04
event=column H=5 col=24 frontier_in=57 frontier_out=57 wall_s=0.44 cum_wall_s=48.0 cpu_s=0.0 rss_max_mb=56.6 map_wall_s=0.24 map_cpu_s=0.0 merge_wall_s=0.20 merge_cpu_s=0.0 map_units=7 merge_ranges=6 eff_cores=0.03
event=kink_round H=6 col=20 round=stage0 frontier_in=131 map_wall_s=0.039 map_cpu_s=0.001 merge_wall_s=0.041 merge_cpu_s=0.001 map_units=1 merge_ranges=1 map_eff_cores=0.03 merge_eff_cores=0.02
event=kink_round H=8 col=9 round=stage0 frontier_in=825 map_wall_s=0.047 map_cpu_s=0.007 merge_wall_s=0.027 merge_cpu_s=0.004 map_units=1 merge_ranges=1 map_eff_cores=0.15 merge_eff_cores=0.15
event=kink_round H=7 col=13 round=stage5 frontier_in=1130 map_wall_s=0.042 map_cpu_s=0.006 merge_wall_s=0.047 merge_cpu_s=0.006 map_units=1 merge_ranges=1 map_eff_cores=0.14 merge_eff_cores=0.13
event=kink_round H=11 col=3 round=stage8 frontier_in=52418 map_wall_s=0.091 map_cpu_s=0.264 merge_wall_s=0.132 merge_cpu_s=0.219 map_units=26 merge_ranges=26 map_eff_cores=2.91 merge_eff_cores=1.66
event=kink_round H=12 col=2 round=finalize frontier_in=129881 map_wall_s=0.065 map_cpu_s=0.500 merge_wall_s=0.203 merge_cpu_s=0.411 map_units=64 merge_ranges=64 map_eff_cores=7.65 merge_eff_cores=2.02
event=kink_round H=9 col=6 round=stage7 frontier_in=7596 map_wall_s=0.064 map_cpu_s=0.036 merge_wall_s=0.059 merge_cpu_s=0.031 map_units=4 merge_ranges=4 map_eff_cores=0.56 merge_eff_cores=0.53
event=kink_round H=5 col=25 round=seed frontier_in=57 map_wall_s=0.077 map_cpu_s=0.001 merge_wall_s=0.000 merge_cpu_s=0.000 map_units=1 merge_ranges=0 map_eff_cores=0.01 merge_eff_cores=0.00
event=kink_round H=6 col=20 round=stage1 frontier_in=212 map_wall_s=0.053 map_cpu_s=0.001 merge_wall_s=0.020 merge_cpu_s=0.001 map_units=1 merge_ranges=1 map_eff_cores=0.02 merge_eff_cores=0.05
event=kink_round H=8 col=9 round=stage1 frontier_in=1328 map_wall_s=0.058 map_cpu_s=0.006 merge_wall_s=0.024 merge_cpu_s=0.006 map_units=1 merge_ranges=1 map_eff_cores=0.10 merge_eff_cores=0.25
event=kink_round H=4 col=33 round=finalize frontier_in=38 map_wall_s=0.054 map_cpu_s=0.001 merge_wall_s=0.086 merge_cpu_s=0.001 map_units=1 merge_ranges=1 map_eff_cores=0.02 merge_eff_cores=0.01
event=column H=4 col=33 frontier_in=13 frontier_out=6 wall_s=0.52 cum_wall_s=48.5 cpu_s=0.0 rss_max_mb=64.6 map_wall_s=0.22 map_cpu_s=0.0 merge_wall_s=0.29 merge_cpu_s=0.0 map_units=6 merge_ranges=5 eff_cores=0.02
event=kink_round H=10 col=5 round=stage0 frontier_in=5567 map_wall_s=0.060 map_cpu_s=0.041 merge_wall_s=0.059 merge_cpu_s=0.027 map_units=3 merge_ranges=3 map_eff_cores=0.69 merge_eff_cores=0.46
event=kink_round H=6 col=20 round=stage2 frontier_in=341 map_wall_s=0.032 map_cpu_s=0.002 merge_wall_s=0.002 merge_cpu_s=0.002 map_units=1 merge_ranges=1 map_eff_cores=0.06 merge_eff_cores=0.84
event=kink_round H=5 col=25 round=stage0 frontier_in=57 map_wall_s=0.036 map_cpu_s=0.001 merge_wall_s=0.008 merge_cpu_s=0.001 map_units=1 merge_ranges=1 map_eff_cores=0.03 merge_eff_cores=0.12
event=kink_round H=7 col=13 round=stage6 frontier_in=1170 map_wall_s=0.070 map_cpu_s=0.007 merge_wall_s=0.039 merge_cpu_s=0.005 map_units=1 merge_ranges=1 map_eff_cores=0.10 merge_eff_cores=0.13
event=column H=12 col=2 frontier_in=23778 frontier_out=36226 wall_s=3.34 cum_wall_s=51.9 cpu_s=11.1 rss_max_mb=79.0 map_wall_s=0.73 map_cpu_s=6.2 merge_wall_s=1.81 merge_cpu_s=4.9 map_units=598 merge_ranges=586 eff_cores=3.33
event=kink_round H=6 col=20 round=stage3 frontier_in=403 map_wall_s=0.002 map_cpu_s=0.002 merge_wall_s=0.006 merge_cpu_s=0.001 map_units=1 merge_ranges=1 map_eff_cores=0.95 merge_eff_cores=0.16
event=kink_round H=4 col=34 round=seed frontier_in=6 map_wall_s=0.012 map_cpu_s=0.001 merge_wall_s=0.000 merge_cpu_s=0.000 map_units=1 merge_ranges=0 map_eff_cores=0.08 merge_eff_cores=0.00
event=kink_round H=9 col=6 round=stage8 frontier_in=7732 map_wall_s=0.040 map_cpu_s=0.039 merge_wall_s=0.050 merge_cpu_s=0.034 map_units=4 merge_ranges=4 map_eff_cores=0.97 merge_eff_cores=0.69
event=kink_round H=8 col=9 round=stage2 frontier_in=2153 map_wall_s=0.031 map_cpu_s=0.014 merge_wall_s=0.029 merge_cpu_s=0.010 map_units=2 merge_ranges=2 map_eff_cores=0.45 merge_eff_cores=0.35
event=kink_round H=5 col=25 round=stage1 frontier_in=94 map_wall_s=0.013 map_cpu_s=0.001 merge_wall_s=0.033 merge_cpu_s=0.001 map_units=1 merge_ranges=1 map_eff_cores=0.08 merge_eff_cores=0.03
event=kink_round H=14 col=2 round=stage0 frontier_in=138190 map_wall_s=0.074 map_cpu_s=0.670 merge_wall_s=0.321 merge_cpu_s=0.706 map_units=68 merge_ranges=68 map_eff_cores=9.01 merge_eff_cores=2.20
event=kink_round H=4 col=34 round=stage0 frontier_in=6 map_wall_s=0.032 map_cpu_s=0.001 merge_wall_s=0.041 merge_cpu_s=0.000 map_units=1 merge_ranges=1 map_eff_cores=0.03 merge_eff_cores=0.00
event=kink_round H=7 col=13 round=finalize frontier_in=1129 map_wall_s=0.035 map_cpu_s=0.004 merge_wall_s=0.042 merge_cpu_s=0.002 map_units=1 merge_ranges=1 map_eff_cores=0.12 merge_eff_cores=0.05
event=column H=7 col=13 frontier_in=335 frontier_out=335 wall_s=0.64 cum_wall_s=52.5 cpu_s=0.1 rss_max_mb=79.0 map_wall_s=0.33 map_cpu_s=0.0 merge_wall_s=0.30 merge_cpu_s=0.0 map_units=9 merge_ranges=8 eff_cores=0.11
event=kink_round H=6 col=20 round=stage4 frontier_in=423 map_wall_s=0.032 map_cpu_s=0.002 merge_wall_s=0.045 merge_cpu_s=0.001 map_units=1 merge_ranges=1 map_eff_cores=0.06 merge_eff_cores=0.02
event=kink_round H=5 col=25 round=stage2 frontier_in=146 map_wall_s=0.037 map_cpu_s=0.001 merge_wall_s=0.019 merge_cpu_s=0.001 map_units=1 merge_ranges=1 map_eff_cores=0.03 merge_eff_cores=0.05
event=kink_round H=7 col=14 round=seed frontier_in=335 map_wall_s=0.022 map_cpu_s=0.002 merge_wall_s=0.000 merge_cpu_s=0.000 map_units=1 merge_ranges=0 map_eff_cores=0.09 merge_eff_cores=0.00
event=kink_round H=8 col=9 round=stage3 frontier_in=2568 map_wall_s=0.049 map_cpu_s=0.016 merge_wall_s=0.034 merge_cpu_s=0.008 map_units=2 merge_ranges=2 map_eff_cores=0.33 merge_eff_cores=0.24
event=kink_round H=5 col=25 round=stage3 frontier_in=166 map_wall_s=0.008 map_cpu_s=0.001 merge_wall_s=0.002 merge_cpu_s=0.001 map_units=1 merge_ranges=1 map_eff_cores=0.13 merge_eff_cores=0.48
event=kink_round H=12 col=3 round=seed frontier_in=36226 map_wall_s=0.056 map_cpu_s=0.138 merge_wall_s=0.000 merge_cpu_s=0.000 map_units=18 merge_ranges=0 map_eff_cores=2.47 merge_eff_cores=0.00
event=kink_round H=7 col=14 round=stage0 frontier_in=335 map_wall_s=0.008 map_cpu_s=0.002 merge_wall_s=0.009 merge_cpu_s=0.002 map_units=1 merge_ranges=1 map_eff_cores=0.24 merge_eff_cores=0.21
event=kink_round H=4 col=34 round=stage1 frontier_in=9 map_wall_s=0.032 map_cpu_s=0.001 merge_wall_s=0.018 merge_cpu_s=0.001 map_units=1 merge_ranges=1 map_eff_cores=0.03 merge_eff_cores=0.06
event=kink_round H=6 col=20 round=stage5 frontier_in=458 map_wall_s=0.021 map_cpu_s=0.003 merge_wall_s=0.026 merge_cpu_s=0.002 map_units=1 merge_ranges=1 map_eff_cores=0.14 merge_eff_cores=0.08
event=kink_round H=10 col=5 round=stage1 frontier_in=8947 map_wall_s=0.051 map_cpu_s=0.046 merge_wall_s=0.053 merge_cpu_s=0.046 map_units=5 merge_ranges=5 map_eff_cores=0.90 merge_eff_cores=0.86
event=kink_round H=11 col=3 round=stage9 frontier_in=52500 map_wall_s=0.043 map_cpu_s=0.302 merge_wall_s=0.098 merge_cpu_s=0.176 map_units=26 merge_ranges=26 map_eff_cores=7.04 merge_eff_cores=1.79
event=kink_round H=9 col=6 round=finalize frontier_in=7529 map_wall_s=0.034 map_cpu_s=0.025 merge_wall_s=0.050 merge_cpu_s=0.012 map_units=4 merge_ranges=4 map_eff_cores=0.74 merge_eff_cores=0.24
event=column H=9 col=6 frontier_in=2153 frontier_out=2153 wall_s=1.09 cum_wall_s=53.6 cpu_s=0.7 rss_max_mb=79.0 map_wall_s=0.47 map_cpu_s=0.4 merge_wall_s=0.53 merge_cpu_s=0.3 map_units=37 merge_ranges=35 eff_cores=0.61
event=kink_round H=5 col=25 round=stage4 frontier_in=179 map_wall_s=0.007 map_cpu_s=0.003 merge_wall_s=0.023 merge_cpu_s=0.001 map_units=1 merge_ranges=1 map_eff_cores=0.41 merge_eff_cores=0.04
event=kink_round H=6 col=20 round=finalize frontier_in=447 map_wall_s=0.021 map_cpu_s=0.001 merge_wall_s=0.022 merge_cpu_s=0.001 map_units=1 merge_ranges=1 map_eff_cores=0.05 merge_eff_cores=0.05
event=kink_round H=8 col=9 round=stage4 frontier_in=2795 map_wall_s=0.024 map_cpu_s=0.014 merge_wall_s=0.040 merge_cpu_s=0.009 map_units=2 merge_ranges=2 map_eff_cores=0.59 merge_eff_cores=0.23
event=kink_round H=9 col=7 round=seed frontier_in=2153 map_wall_s=0.033 map_cpu_s=0.014 merge_wall_s=0.000 merge_cpu_s=0.000 map_units=2 merge_ranges=0 map_eff_cores=0.42 merge_eff_cores=0.00
event=kink_round H=4 col=34 round=stage2 frontier_in=12 map_wall_s=0.034 map_cpu_s=0.000 merge_wall_s=0.017 merge_cpu_s=0.000 map_units=1 merge_ranges=1 map_eff_cores=0.00 merge_eff_cores=0.00
event=column H=6 col=20 frontier_in=131 frontier_out=131 wall_s=0.44 cum_wall_s=54.0 cpu_s=0.0 rss_max_mb=54.6 map_wall_s=0.26 map_cpu_s=0.0 merge_wall_s=0.16 merge_cpu_s=0.0 map_units=8 merge_ranges=7 eff_cores=0.05
event=kink_round H=7 col=14 round=stage1 frontier_in=544 map_wall_s=0.039 map_cpu_s=0.003 merge_wall_s=0.006 merge_cpu_s=0.002 map_units=1 merge_ranges=1 map_eff_cores=0.08 merge_eff_cores=0.32
event=kink_round H=4 col=34 round=stage3 frontier_in=13 map_wall_s=0.003 map_cpu_s=0.001 merge_wall_s=0.001 merge_cpu_s=0.000 map_units=1 merge_ranges=1 map_eff_cores=0.33 merge_eff_cores=0.00
event=kink_round H=5 col=25 round=finalize frontier_in=180 map_wall_s=0.039 map_cpu_s=0.001 merge_wall_s=0.003 merge_cpu_s=0.000 map_units=1 merge_ranges=1 map_eff_cores=0.03 merge_eff_cores=0.00
event=column H=5 col=25 frontier_in=57 frontier_out=57 wall_s=0.31 cum_wall_s=54.3 cpu_s=0.0 rss_max_mb=54.6 map_wall_s=0.22 map_cpu_s=0.0 merge_wall_s=0.09 merge_cpu_s=0.0 map_units=7 merge_ranges=6 eff_cores=0.05
event=kink_round H=6 col=21 round=seed frontier_in=131 map_wall_s=0.002 map_cpu_s=0.001 merge_wall_s=0.000 merge_cpu_s=0.000 map_units=1 merge_ranges=0 map_eff_cores=0.46 merge_eff_cores=0.00
event=kink_round H=5 col=26 round=seed frontier_in=57 map_wall_s=0.002 map_cpu_s=0.000 merge_wall_s=0.000 merge_cpu_s=0.000 map_units=1 merge_ranges=0 map_eff_cores=0.00 merge_eff_cores=0.00
event=kink_round H=4 col=34 round=finalize frontier_in=10 map_wall_s=0.002 map_cpu_s=0.000 merge_wall_s=0.002 merge_cpu_s=0.001 map_units=1 merge_ranges=1 map_eff_cores=0.00 merge_eff_cores=0.56
event=column H=4 col=34 frontier_in=6 frontier_out=2 wall_s=0.20 cum_wall_s=54.5 cpu_s=0.0 rss_max_mb=50.5 map_wall_s=0.12 map_cpu_s=0.0 merge_wall_s=0.08 merge_cpu_s=0.0 map_units=6 merge_ranges=5 eff_cores=0.03
event=kink_round H=4 col=35 round=seed frontier_in=2 map_wall_s=0.009 map_cpu_s=0.000 merge_wall_s=0.000 merge_cpu_s=0.000 map_units=1 merge_ranges=0 map_eff_cores=0.00 merge_eff_cores=0.00
event=kink_round H=10 col=5 round=stage2 frontier_in=14518 map_wall_s=0.048 map_cpu_s=0.074 merge_wall_s=0.020 merge_cpu_s=0.064 map_units=8 merge_ranges=8 map_eff_cores=1.55 merge_eff_cores=3.22
event=kink_round H=6 col=21 round=stage0 frontier_in=131 map_wall_s=0.001 map_cpu_s=0.001 merge_wall_s=0.017 merge_cpu_s=0.001 map_units=1 merge_ranges=1 map_eff_cores=0.87 merge_eff_cores=0.06
event=kink_round H=8 col=9 round=stage5 frontier_in=2858 map_wall_s=0.009 map_cpu_s=0.011 merge_wall_s=0.020 merge_cpu_s=0.011 map_units=2 merge_ranges=2 map_eff_cores=1.18 merge_eff_cores=0.55
event=kink_round H=12 col=3 round=stage0 frontier_in=36226 map_wall_s=0.040 map_cpu_s=0.178 merge_wall_s=0.049 merge_cpu_s=0.171 map_units=18 merge_ranges=18 map_eff_cores=4.48 merge_eff_cores=3.51
event=kink_round H=9 col=7 round=stage0 frontier_in=2153 map_wall_s=0.006 map_cpu_s=0.010 merge_wall_s=0.020 merge_cpu_s=0.013 map_units=2 merge_ranges=2 map_eff_cores=1.71 merge_eff_cores=0.66
event=kink_round H=7 col=14 round=stage2 frontier_in=873 map_wall_s=0.006 map_cpu_s=0.006 merge_wall_s=0.019 merge_cpu_s=0.005 map_units=1 merge_ranges=1 map_eff_cores=0.96 merge_eff_cores=0.26
event=kink_round H=13 col=2 round=stage6 frontier_in=231984 map_wall_s=0.075 map_cpu_s=1.215 merge_wall_s=0.209 merge_cpu_s=0.763 map_units=114 merge_ranges=80 map_eff_cores=16.25 merge_eff_cores=3.66
event=kink_round H=5 col=26 round=stage0 frontier_in=57 map_wall_s=0.009 map_cpu_s=0.001 merge_wall_s=0.042 merge_cpu_s=0.000 map_units=1 merge_ranges=1 map_eff_cores=0.12 merge_eff_cores=0.00
event=kink_round H=6 col=21 round=stage1 frontier_in=212 map_wall_s=0.025 map_cpu_s=0.001 merge_wall_s=0.015 merge_cpu_s=0.001 map_units=1 merge_ranges=1 map_eff_cores=0.04 merge_eff_cores=0.07
event=kink_round H=4 col=35 round=stage0 frontier_in=2 map_wall_s=0.031 map_cpu_s=0.000 merge_wall_s=0.018 merge_cpu_s=0.000 map_units=1 merge_ranges=1 map_eff_cores=0.00 merge_eff_cores=0.00
event=kink_round H=7 col=14 round=stage3 frontier_in=1036 map_wall_s=0.019 map_cpu_s=0.004 merge_wall_s=0.021 merge_cpu_s=0.003 map_units=1 merge_ranges=1 map_eff_cores=0.21 merge_eff_cores=0.14
event=kink_round H=6 col=21 round=stage2 frontier_in=341 map_wall_s=0.003 map_cpu_s=0.002 merge_wall_s=0.004 merge_cpu_s=0.001 map_units=1 merge_ranges=1 map_eff_cores=0.74 merge_eff_cores=0.25
event=kink_round H=4 col=35 round=stage1 frontier_in=2 map_wall_s=0.006 map_cpu_s=0.001 merge_wall_s=0.002 merge_cpu_s=0.001 map_units=1 merge_ranges=1 map_eff_cores=0.18 merge_eff_cores=0.41
event=kink_round H=5 col=26 round=stage1 frontier_in=94 map_wall_s=0.016 map_cpu_s=0.001 merge_wall_s=0.002 merge_cpu_s=0.001 map_units=1 merge_ranges=1 map_eff_cores=0.06 merge_eff_cores=0.66
event=kink_round H=4 col=35 round=stage2 frontier_in=2 map_wall_s=0.001 map_cpu_s=0.000 merge_wall_s=0.001 merge_cpu_s=0.000 map_units=1 merge_ranges=1 map_eff_cores=0.00 merge_eff_cores=0.00
event=kink_round H=8 col=9 round=stage6 frontier_in=2920 map_wall_s=0.031 map_cpu_s=0.015 merge_wall_s=0.006 merge_cpu_s=0.009 map_units=2 merge_ranges=2 map_eff_cores=0.49 merge_eff_cores=1.46
event=kink_round H=4 col=35 round=stage3 frontier_in=2 map_wall_s=0.001 map_cpu_s=0.000 merge_wall_s=0.001 merge_cpu_s=0.000 map_units=1 merge_ranges=1 map_eff_cores=0.00 merge_eff_cores=0.00
event=kink_round H=6 col=21 round=stage3 frontier_in=403 map_wall_s=0.001 map_cpu_s=0.001 merge_wall_s=0.004 merge_cpu_s=0.001 map_units=1 merge_ranges=1 map_eff_cores=0.67 merge_eff_cores=0.26
event=kink_round H=5 col=26 round=stage2 frontier_in=146 map_wall_s=0.002 map_cpu_s=0.001 merge_wall_s=0.001 merge_cpu_s=0.000 map_units=1 merge_ranges=1 map_eff_cores=0.61 merge_eff_cores=0.00
event=kink_round H=4 col=35 round=finalize frontier_in=1 map_wall_s=0.004 map_cpu_s=0.000 merge_wall_s=0.000 merge_cpu_s=0.000 map_units=0 merge_ranges=0 map_eff_cores=0.00 merge_eff_cores=0.00
event=kink_round H=7 col=14 round=stage4 frontier_in=1113 map_wall_s=0.004 map_cpu_s=0.004 merge_wall_s=0.008 merge_cpu_s=0.002 map_units=1 merge_ranges=1 map_eff_cores=0.98 merge_eff_cores=0.26
event=column H=4 col=35 frontier_in=2 frontier_out=0 wall_s=0.07 cum_wall_s=54.6 cpu_s=0.0 rss_max_mb=79.0 map_wall_s=0.05 map_cpu_s=0.0 merge_wall_s=0.02 merge_cpu_s=0.0 map_units=5 merge_ranges=4 eff_cores=0.03
event=kink_round H=10 col=5 round=stage3 frontier_in=17220 map_wall_s=0.034 map_cpu_s=0.085 merge_wall_s=0.021 merge_cpu_s=0.059 map_units=9 merge_ranges=9 map_eff_cores=2.48 merge_eff_cores=2.83
event=kink_round H=9 col=7 round=stage1 frontier_in=3472 map_wall_s=0.032 map_cpu_s=0.021 merge_wall_s=0.019 merge_cpu_s=0.016 map_units=2 merge_ranges=2 map_eff_cores=0.65 merge_eff_cores=0.82
event=kink_round H=5 col=26 round=stage3 frontier_in=166 map_wall_s=0.003 map_cpu_s=0.001 merge_wall_s=0.005 merge_cpu_s=0.001 map_units=1 merge_ranges=1 map_eff_cores=0.36 merge_eff_cores=0.20
event=kink_round H=6 col=21 round=stage4 frontier_in=423 map_wall_s=0.008 map_cpu_s=0.002 merge_wall_s=0.003 merge_cpu_s=0.001 map_units=1 merge_ranges=1 map_eff_cores=0.26 merge_eff_cores=0.35
event=kink_round H=5 col=26 round=stage4 frontier_in=179 map_wall_s=0.001 map_cpu_s=0.001 merge_wall_s=0.001 merge_cpu_s=0.000 map_units=1 merge_ranges=1 map_eff_cores=1.20 merge_eff_cores=0.00
event=kink_round H=5 col=26 round=finalize frontier_in=180 map_wall_s=0.001 map_cpu_s=0.000 merge_wall_s=0.006 merge_cpu_s=0.000 map_units=1 merge_ranges=1 map_eff_cores=0.00 merge_eff_cores=0.00
event=column H=5 col=26 frontier_in=57 frontier_out=57 wall_s=0.10 cum_wall_s=54.7 cpu_s=0.0 rss_max_mb=56.6 map_wall_s=0.03 map_cpu_s=0.0 merge_wall_s=0.06 merge_cpu_s=0.0 map_units=7 merge_ranges=6 eff_cores=0.07
event=kink_round H=8 col=9 round=stage7 frontier_in=2997 map_wall_s=0.011 map_cpu_s=0.016 merge_wall_s=0.017 merge_cpu_s=0.009 map_units=2 merge_ranges=2 map_eff_cores=1.49 merge_eff_cores=0.52
event=kink_round H=7 col=14 round=stage5 frontier_in=1130 map_wall_s=0.013 map_cpu_s=0.006 merge_wall_s=0.014 merge_cpu_s=0.003 map_units=1 merge_ranges=1 map_eff_cores=0.45 merge_eff_cores=0.22
event=kink_round H=5 col=27 round=seed frontier_in=57 map_wall_s=0.016 map_cpu_s=0.001 merge_wall_s=0.000 merge_cpu_s=0.000 map_units=1 merge_ranges=0 map_eff_cores=0.06 merge_eff_cores=0.00
event=kink_round H=17 col=1 round=stage7 frontier_in=662308 map_wall_s=0.242 map_cpu_s=2.382 merge_wall_s=0.435 merge_cpu_s=1.717 map_units=324 merge_ranges=80 map_eff_cores=9.86 merge_eff_cores=3.94
event=kink_round H=6 col=21 round=stage5 frontier_in=458 map_wall_s=0.011 map_cpu_s=0.002 merge_wall_s=0.023 merge_cpu_s=0.001 map_units=1 merge_ranges=1 map_eff_cores=0.18 merge_eff_cores=0.04
event=kink_round H=5 col=27 round=stage0 frontier_in=57 map_wall_s=0.004 map_cpu_s=0.001 merge_wall_s=0.001 merge_cpu_s=0.000 map_units=1 merge_ranges=1 map_eff_cores=0.28 merge_eff_cores=0.00
event=kink_round H=11 col=3 round=stage10 frontier_in=53344 map_wall_s=0.044 map_cpu_s=0.276 merge_wall_s=0.048 merge_cpu_s=0.215 map_units=27 merge_ranges=27 map_eff_cores=6.26 merge_eff_cores=4.45
event=kink_round H=7 col=14 round=stage6 frontier_in=1170 map_wall_s=0.010 map_cpu_s=0.008 merge_wall_s=0.008 merge_cpu_s=0.004 map_units=1 merge_ranges=1 map_eff_cores=0.84 merge_eff_cores=0.48
event=kink_round H=5 col=27 round=stage1 frontier_in=94 map_wall_s=0.001 map_cpu_s=0.001 merge_wall_s=0.001 merge_cpu_s=0.001 map_units=1 merge_ranges=1 map_eff_cores=0.93 merge_eff_cores=1.00
event=kink_round H=12 col=3 round=stage1 frontier_in=58008 map_wall_s=0.041 map_cpu_s=0.283 merge_wall_s=0.045 merge_cpu_s=0.288 map_units=29 merge_ranges=29 map_eff_cores=6.87 merge_eff_cores=6.36
event=kink_round H=8 col=9 round=finalize frontier_in=2895 map_wall_s=0.011 map_cpu_s=0.012 merge_wall_s=0.011 merge_cpu_s=0.004 map_units=2 merge_ranges=2 map_eff_cores=1.08 merge_eff_cores=0.37
event=kink_round H=6 col=21 round=finalize frontier_in=447 map_wall_s=0.002 map_cpu_s=0.002 merge_wall_s=0.001 merge_cpu_s=0.001 map_units=1 merge_ranges=1 map_eff_cores=1.03 merge_eff_cores=1.07
event=column H=8 col=9 frontier_in=825 frontier_out=825 wall_s=0.54 cum_wall_s=55.2 cpu_s=0.2 rss_max_mb=64.6 map_wall_s=0.31 map_cpu_s=0.1 merge_wall_s=0.21 merge_cpu_s=0.1 map_units=17 merge_ranges=16 eff_cores=0.34
event=column H=6 col=21 frontier_in=131 frontier_out=131 wall_s=0.13 cum_wall_s=55.4 cpu_s=0.0 rss_max_mb=74.8 map_wall_s=0.05 map_cpu_s=0.0 merge_wall_s=0.07 merge_cpu_s=0.0 map_units=8 merge_ranges=7 eff_cores=0.15
event=kink_round H=14 col=2 round=stage1 frontier_in=219259 map_wall_s=0.060 map_cpu_s=0.995 merge_wall_s=0.125 merge_cpu_s=1.009 map_units=108 merge_ranges=80 map_eff_cores=16.50 merge_eff_cores=8.09
event=kink_round H=6 col=22 round=seed frontier_in=131 map_wall_s=0.001 map_cpu_s=0.000 merge_wall_s=0.000 merge_cpu_s=0.000 map_units=1 merge_ranges=0 map_eff_cores=0.00 merge_eff_cores=0.00
event=kink_round H=5 col=27 round=stage2 frontier_in=146 map_wall_s=0.001 map_cpu_s=0.001 merge_wall_s=0.001 merge_cpu_s=0.001 map_units=1 merge_ranges=1 map_eff_cores=0.69 merge_eff_cores=0.99
event=kink_round H=6 col=22 round=stage0 frontier_in=131 map_wall_s=0.001 map_cpu_s=0.001 merge_wall_s=0.001 merge_cpu_s=0.001 map_units=1 merge_ranges=1 map_eff_cores=1.30 merge_eff_cores=1.00
event=kink_round H=5 col=27 round=stage3 frontier_in=166 map_wall_s=0.001 map_cpu_s=0.001 merge_wall_s=0.001 merge_cpu_s=0.001 map_units=1 merge_ranges=1 map_eff_cores=0.83 merge_eff_cores=1.21
event=kink_round H=8 col=10 round=seed frontier_in=825 map_wall_s=0.005 map_cpu_s=0.003 merge_wall_s=0.000 merge_cpu_s=0.000 map_units=1 merge_ranges=0 map_eff_cores=0.64 merge_eff_cores=0.00
event=kink_round H=7 col=14 round=finalize frontier_in=1129 map_wall_s=0.005 map_cpu_s=0.005 merge_wall_s=0.003 merge_cpu_s=0.001 map_units=1 merge_ranges=1 map_eff_cores=0.99 merge_eff_cores=0.33
event=kink_round H=5 col=27 round=stage4 frontier_in=179 map_wall_s=0.003 map_cpu_s=0.001 merge_wall_s=0.007 merge_cpu_s=0.000 map_units=1 merge_ranges=1 map_eff_cores=0.32 merge_eff_cores=0.00
event=column H=7 col=14 frontier_in=335 frontier_out=335 wall_s=0.25 cum_wall_s=55.6 cpu_s=0.1 rss_max_mb=79.0 map_wall_s=0.13 map_cpu_s=0.0 merge_wall_s=0.09 merge_cpu_s=0.0 map_units=9 merge_ranges=8 eff_cores=0.25
event=kink_round H=10 col=5 round=stage4 frontier_in=18804 map_wall_s=0.022 map_cpu_s=0.097 merge_wall_s=0.033 merge_cpu_s=0.075 map_units=10 merge_ranges=10 map_eff_cores=4.47 merge_eff_cores=2.26
event=kink_round H=15 col=1 round=stage13 frontier_in=531186 map_wall_s=0.234 map_cpu_s=2.416 merge_wall_s=0.336 merge_cpu_s=1.806 map_units=260 merge_ranges=80 map_eff_cores=10.35 merge_eff_cores=5.38
event=kink_round H=6 col=22 round=stage1 frontier_in=212 map_wall_s=0.001 map_cpu_s=0.001 merge_wall_s=0.015 merge_cpu_s=0.002 map_units=1 merge_ranges=1 map_eff_cores=0.78 merge_eff_cores=0.13
event=kink_round H=7 col=15 round=seed frontier_in=335 map_wall_s=0.014 map_cpu_s=0.003 merge_wall_s=0.000 merge_cpu_s=0.000 map_units=1 merge_ranges=0 map_eff_cores=0.22 merge_eff_cores=0.00
event=kink_round H=8 col=10 round=stage0 frontier_in=825 map_wall_s=0.007 map_cpu_s=0.005 merge_wall_s=0.027 merge_cpu_s=0.004 map_units=1 merge_ranges=1 map_eff_cores=0.75 merge_eff_cores=0.15
event=kink_round H=9 col=7 round=stage2 frontier_in=5618 map_wall_s=0.033 map_cpu_s=0.034 merge_wall_s=0.046 merge_cpu_s=0.023 map_units=3 merge_ranges=3 map_eff_cores=1.02 merge_eff_cores=0.50
event=kink_round H=6 col=22 round=stage2 frontier_in=341 map_wall_s=0.010 map_cpu_s=0.002 merge_wall_s=0.027 merge_cpu_s=0.002 map_units=1 merge_ranges=1 map_eff_cores=0.20 merge_eff_cores=0.07
event=kink_round H=7 col=15 round=stage0 frontier_in=335 map_wall_s=0.019 map_cpu_s=0.002 merge_wall_s=0.006 merge_cpu_s=0.001 map_units=1 merge_ranges=1 map_eff_cores=0.10 merge_eff_cores=0.16
event=kink_round H=19 col=1 round=stage3 frontier_in=1156728 map_wall_s=0.261 map_cpu_s=4.383 merge_wall_s=0.787 merge_cpu_s=2.867 map_units=565 merge_ranges=80 map_eff_cores=16.79 merge_eff_cores=3.64
event=kink_round H=5 col=27 round=finalize frontier_in=180 map_wall_s=0.011 map_cpu_s=0.001 merge_wall_s=0.041 merge_cpu_s=0.001 map_units=1 merge_ranges=1 map_eff_cores=0.09 merge_eff_cores=0.02
event=column H=5 col=27 frontier_in=57 frontier_out=57 wall_s=0.09 cum_wall_s=55.7 cpu_s=0.0 rss_max_mb=54.6 map_wall_s=0.04 map_cpu_s=0.0 merge_wall_s=0.05 merge_cpu_s=0.0 map_units=7 merge_ranges=6 eff_cores=0.12
event=kink_round H=6 col=22 round=stage3 frontier_in=403 map_wall_s=0.009 map_cpu_s=0.001 merge_wall_s=0.008 merge_cpu_s=0.001 map_units=1 merge_ranges=1 map_eff_cores=0.11 merge_eff_cores=0.13
event=kink_round H=5 col=28 round=seed frontier_in=57 map_wall_s=0.009 map_cpu_s=0.000 merge_wall_s=0.000 merge_cpu_s=0.000 map_units=1 merge_ranges=0 map_eff_cores=0.00 merge_eff_cores=0.00
event=kink_round H=8 col=10 round=stage1 frontier_in=1328 map_wall_s=0.029 map_cpu_s=0.008 merge_wall_s=0.014 merge_cpu_s=0.005 map_units=1 merge_ranges=1 map_eff_cores=0.27 merge_eff_cores=0.37
event=kink_round H=7 col=15 round=stage1 frontier_in=544 map_wall_s=0.014 map_cpu_s=0.003 merge_wall_s=0.027 merge_cpu_s=0.005 map_units=1 merge_ranges=1 map_eff_cores=0.21 merge_eff_cores=0.19
event=kink_round H=5 col=28 round=stage0 frontier_in=57 map_wall_s=0.011 map_cpu_s=0.001 merge_wall_s=0.008 merge_cpu_s=0.001 map_units=1 merge_ranges=1 map_eff_cores=0.09 merge_eff_cores=0.12
event=kink_round H=5 col=28 round=stage1 frontier_in=94 map_wall_s=0.001 map_cpu_s=0.000 merge_wall_s=0.001 merge_cpu_s=0.000 map_units=1 merge_ranges=1 map_eff_cores=0.00 merge_eff_cores=0.00
event=kink_round H=6 col=22 round=stage4 frontier_in=423 map_wall_s=0.017 map_cpu_s=0.001 merge_wall_s=0.003 merge_cpu_s=0.002 map_units=1 merge_ranges=1 map_eff_cores=0.06 merge_eff_cores=0.70
event=kink_round H=11 col=3 round=finalize frontier_in=52518 map_wall_s=0.045 map_cpu_s=0.223 merge_wall_s=0.052 merge_cpu_s=0.125 map_units=26 merge_ranges=26 map_eff_cores=4.98 merge_eff_cores=2.39
event=kink_round H=5 col=28 round=stage2 frontier_in=146 map_wall_s=0.001 map_cpu_s=0.001 merge_wall_s=0.002 merge_cpu_s=0.001 map_units=1 merge_ranges=1 map_eff_cores=1.15 merge_eff_cores=0.59
event=kink_round H=10 col=5 round=stage5 frontier_in=19508 map_wall_s=0.039 map_cpu_s=0.107 merge_wall_s=0.044 merge_cpu_s=0.089 map_units=10 merge_ranges=10 map_eff_cores=2.75 merge_eff_cores=2.02
event=kink_round H=6 col=22 round=stage5 frontier_in=458 map_wall_s=0.002 map_cpu_s=0.001 merge_wall_s=0.001 merge_cpu_s=0.001 map_units=1 merge_ranges=1 map_eff_cores=0.56 merge_eff_cores=0.73
event=kink_round H=7 col=15 round=stage2 frontier_in=873 map_wall_s=0.004 map_cpu_s=0.004 merge_wall_s=0.003 merge_cpu_s=0.003 map_units=1 merge_ranges=1 map_eff_cores=0.91 merge_eff_cores=0.97
event=kink_round H=5 col=28 round=stage3 frontier_in=166 map_wall_s=0.001 map_cpu_s=0.001 merge_wall_s=0.002 merge_cpu_s=0.001 map_units=1 merge_ranges=1 map_eff_cores=1.11 merge_eff_cores=0.62
event=kink_round H=9 col=7 round=stage3 frontier_in=6682 map_wall_s=0.033 map_cpu_s=0.038 merge_wall_s=0.014 merge_cpu_s=0.034 map_units=4 merge_ranges=4 map_eff_cores=1.14 merge_eff_cores=2.40
event=column H=11 col=3 frontier_in=13993 frontier_out=14772 wall_s=2.16 cum_wall_s=57.9 cpu_s=5.1 rss_max_mb=79.0 map_wall_s=0.61 map_cpu_s=3.0 merge_wall_s=1.04 merge_cpu_s=2.2 map_units=270 merge_ranges=263 eff_cores=2.37
event=kink_round H=8 col=10 round=stage2 frontier_in=2153 map_wall_s=0.020 map_cpu_s=0.013 merge_wall_s=0.016 merge_cpu_s=0.008 map_units=2 merge_ranges=2 map_eff_cores=0.65 merge_eff_cores=0.49
event=kink_round H=6 col=22 round=finalize frontier_in=447 map_wall_s=0.002 map_cpu_s=0.001 merge_wall_s=0.026 merge_cpu_s=0.001 map_units=1 merge_ranges=1 map_eff_cores=0.53 merge_eff_cores=0.04
event=column H=6 col=22 frontier_in=131 frontier_out=131 wall_s=0.14 cum_wall_s=58.0 cpu_s=0.0 rss_max_mb=58.6 map_wall_s=0.04 map_cpu_s=0.0 merge_wall_s=0.08 merge_cpu_s=0.0 map_units=8 merge_ranges=7 eff_cores=0.13
event=kink_round H=5 col=28 round=stage4 frontier_in=179 map_wall_s=0.006 map_cpu_s=0.001 merge_wall_s=0.045 merge_cpu_s=0.001 map_units=1 merge_ranges=1 map_eff_cores=0.18 merge_eff_cores=0.02
event=kink_round H=7 col=15 round=stage3 frontier_in=1036 map_wall_s=0.014 map_cpu_s=0.005 merge_wall_s=0.039 merge_cpu_s=0.002 map_units=1 merge_ranges=1 map_eff_cores=0.35 merge_eff_cores=0.05
event=kink_round H=6 col=23 round=seed frontier_in=131 map_wall_s=0.009 map_cpu_s=0.002 merge_wall_s=0.000 merge_cpu_s=0.000 map_units=1 merge_ranges=0 map_eff_cores=0.22 merge_eff_cores=0.00
event=kink_round H=9 col=7 round=stage4 frontier_in=7282 map_wall_s=0.038 map_cpu_s=0.033 merge_wall_s=0.020 merge_cpu_s=0.024 map_units=4 merge_ranges=4 map_eff_cores=0.88 merge_eff_cores=1.20
event=kink_round H=18 col=1 round=stage5 frontier_in=897696 map_wall_s=0.281 map_cpu_s=3.113 merge_wall_s=0.480 merge_cpu_s=2.026 map_units=439 merge_ranges=80 map_eff_cores=11.07 merge_eff_cores=4.22
event=kink_round H=8 col=10 round=stage3 frontier_in=2568 map_wall_s=0.028 map_cpu_s=0.011 merge_wall_s=0.042 merge_cpu_s=0.010 map_units=2 merge_ranges=2 map_eff_cores=0.39 merge_eff_cores=0.24
event=kink_round H=10 col=5 round=stage6 frontier_in=19682 map_wall_s=0.033 map_cpu_s=0.100 merge_wall_s=0.072 merge_cpu_s=0.076 map_units=10 merge_ranges=10 map_eff_cores=3.03 merge_eff_cores=1.06
event=kink_round H=6 col=23 round=stage0 frontier_in=131 map_wall_s=0.029 map_cpu_s=0.001 merge_wall_s=0.032 merge_cpu_s=0.001 map_units=1 merge_ranges=1 map_eff_cores=0.03 merge_eff_cores=0.03
event=kink_round H=5 col=28 round=finalize frontier_in=180 map_wall_s=0.039 map_cpu_s=0.001 merge_wall_s=0.029 merge_cpu_s=0.001 map_units=1 merge_ranges=1 map_eff_cores=0.03 merge_eff_cores=0.03
event=kink_round H=12 col=3 round=stage2 frontier_in=94759 map_wall_s=0.064 map_cpu_s=0.503 merge_wall_s=0.153 merge_cpu_s=0.436 map_units=47 merge_ranges=47 map_eff_cores=7.91 merge_eff_cores=2.84
event=column H=5 col=28 frontier_in=57 frontier_out=57 wall_s=0.15 cum_wall_s=58.2 cpu_s=0.0 rss_max_mb=64.6 map_wall_s=0.07 map_cpu_s=0.0 merge_wall_s=0.09 merge_cpu_s=0.0 map_units=7 merge_ranges=6 eff_cores=0.06
event=kink_round H=7 col=15 round=stage4 frontier_in=1113 map_wall_s=0.022 map_cpu_s=0.004 merge_wall_s=0.051 merge_cpu_s=0.004 map_units=1 merge_ranges=1 map_eff_cores=0.18 merge_eff_cores=0.08
event=kink_round H=11 col=4 round=seed frontier_in=14772 map_wall_s=0.054 map_cpu_s=0.071 merge_wall_s=0.000 merge_cpu_s=0.000 map_units=8 merge_ranges=0 map_eff_cores=1.31 merge_eff_cores=0.00
event=kink_round H=9 col=7 round=stage5 frontier_in=7502 map_wall_s=0.032 map_cpu_s=0.035 merge_wall_s=0.062 merge_cpu_s=0.030 map_units=4 merge_ranges=4 map_eff_cores=1.10 merge_eff_cores=0.49
event=kink_round H=13 col=2 round=stage7 frontier_in=246859 map_wall_s=0.037 map_cpu_s=1.246 merge_wall_s=0.264 merge_cpu_s=0.916 map_units=121 merge_ranges=80 map_eff_cores=33.45 merge_eff_cores=3.47
event=kink_round H=5 col=29 round=seed frontier_in=57 map_wall_s=0.042 map_cpu_s=0.001 merge_wall_s=0.000 merge_cpu_s=0.000 map_units=1 merge_ranges=0 map_eff_cores=0.02 merge_eff_cores=0.00
event=kink_round H=6 col=23 round=stage1 frontier_in=212 map_wall_s=0.031 map_cpu_s=0.002 merge_wall_s=0.042 merge_cpu_s=0.002 map_units=1 merge_ranges=1 map_eff_cores=0.06 merge_eff_cores=0.05
event=kink_round H=8 col=10 round=stage4 frontier_in=2795 map_wall_s=0.044 map_cpu_s=0.014 merge_wall_s=0.040 merge_cpu_s=0.009 map_units=2 merge_ranges=2 map_eff_cores=0.32 merge_eff_cores=0.23
event=kink_round H=7 col=15 round=stage5 frontier_in=1130 map_wall_s=0.035 map_cpu_s=0.005 merge_wall_s=0.043 merge_cpu_s=0.003 map_units=1 merge_ranges=1 map_eff_cores=0.14 merge_eff_cores=0.07
event=kink_round H=5 col=29 round=stage0 frontier_in=57 map_wall_s=0.044 map_cpu_s=0.001 merge_wall_s=0.052 merge_cpu_s=0.001 map_units=1 merge_ranges=1 map_eff_cores=0.02 merge_eff_cores=0.02
event=kink_round H=10 col=5 round=stage7 frontier_in=19901 map_wall_s=0.056 map_cpu_s=0.119 merge_wall_s=0.076 merge_cpu_s=0.082 map_units=10 merge_ranges=10 map_eff_cores=2.14 merge_eff_cores=1.08
event=kink_round H=11 col=4 round=stage0 frontier_in=14772 map_wall_s=0.051 map_cpu_s=0.092 merge_wall_s=0.057 merge_cpu_s=0.090 map_units=8 merge_ranges=8 map_eff_cores=1.79 merge_eff_cores=1.59
event=kink_round H=16 col=1 round=stage10 frontier_in=584370 map_wall_s=0.115 map_cpu_s=2.097 merge_wall_s=0.498 merge_cpu_s=1.607 map_units=286 merge_ranges=80 map_eff_cores=18.25 merge_eff_cores=3.23
event=kink_round H=8 col=10 round=stage5 frontier_in=2858 map_wall_s=0.030 map_cpu_s=0.011 merge_wall_s=0.054 merge_cpu_s=0.012 map_units=2 merge_ranges=2 map_eff_cores=0.37 merge_eff_cores=0.22
event=kink_round H=6 col=23 round=stage2 frontier_in=341 map_wall_s=0.038 map_cpu_s=0.002 merge_wall_s=0.050 merge_cpu_s=0.001 map_units=1 merge_ranges=1 map_eff_cores=0.05 merge_eff_cores=0.02
event=kink_round H=9 col=7 round=stage6 frontier_in=7569 map_wall_s=0.046 map_cpu_s=0.041 merge_wall_s=0.098 merge_cpu_s=0.030 map_units=4 merge_ranges=4 map_eff_cores=0.89 merge_eff_cores=0.30
event=kink_round H=12 col=3 round=stage3 frontier_in=112940 map_wall_s=0.066 map_cpu_s=0.640 merge_wall_s=0.109 merge_cpu_s=0.472 map_units=56 merge_ranges=56 map_eff_cores=9.75 merge_eff_cores=4.32
event=kink_round H=14 col=2 round=stage2 frontier_in=364480 map_wall_s=0.078 map_cpu_s=1.629 merge_wall_s=0.335 merge_cpu_s=1.330 map_units=178 merge_ranges=80 map_eff_cores=20.96 merge_eff_cores=3.97
event=kink_round H=7 col=15 round=stage6 frontier_in=1170 map_wall_s=0.046 map_cpu_s=0.004 merge_wall_s=0.072 merge_cpu_s=0.003 map_units=1 merge_ranges=1 map_eff_cores=0.09 merge_eff_cores=0.04
event=kink_round H=6 col=23 round=stage3 frontier_in=403 map_wall_s=0.048 map_cpu_s=0.001 merge_wall_s=0.032 merge_cpu_s=0.001 map_units=1 merge_ranges=1 map_eff_cores=0.02 merge_eff_cores=0.03
event=kink_round H=8 col=10 round=stage6 frontier_in=2920 map_wall_s=0.054 map_cpu_s=0.012 merge_wall_s=0.046 merge_cpu_s=0.008 map_units=2 merge_ranges=2 map_eff_cores=0.22 merge_eff_cores=0.17
event=kink_round H=5 col=29 round=stage1 frontier_in=94 map_wall_s=0.054 map_cpu_s=0.000 merge_wall_s=0.067 merge_cpu_s=0.001 map_units=1 merge_ranges=1 map_eff_cores=0.00 merge_eff_cores=0.01
event=kink_round H=10 col=5 round=stage8 frontier_in=19909 map_wall_s=0.072 map_cpu_s=0.088 merge_wall_s=0.046 merge_cpu_s=0.070 map_units=10 merge_ranges=10 map_eff_cores=1.22 merge_eff_cores=1.52
event=kink_round H=7 col=15 round=finalize frontier_in=1129 map_wall_s=0.026 map_cpu_s=0.002 merge_wall_s=0.064 merge_cpu_s=0.001 map_units=1 merge_ranges=1 map_eff_cores=0.08 merge_eff_cores=0.02
event=column H=7 col=15 frontier_in=335 frontier_out=335 wall_s=0.51 cum_wall_s=58.7 cpu_s=0.1 rss_max_mb=72.8 map_wall_s=0.19 map_cpu_s=0.0 merge_wall_s=0.30 merge_cpu_s=0.0 map_units=9 merge_ranges=8 eff_cores=0.11
event=kink_round H=9 col=7 round=stage7 frontier_in=7596 map_wall_s=0.059 map_cpu_s=0.033 merge_wall_s=0.079 merge_cpu_s=0.024 map_units=4 merge_ranges=4 map_eff_cores=0.56 merge_eff_cores=0.30
event=kink_round H=7 col=16 round=seed frontier_in=335 map_wall_s=0.036 map_cpu_s=0.002 merge_wall_s=0.000 merge_cpu_s=0.000 map_units=1 merge_ranges=0 map_eff_cores=0.06 merge_eff_cores=0.00
event=kink_round H=6 col=23 round=stage4 frontier_in=423 map_wall_s=0.041 map_cpu_s=0.002 merge_wall_s=0.068 merge_cpu_s=0.002 map_units=1 merge_ranges=1 map_eff_cores=0.05 merge_eff_cores=0.03
event=kink_round H=11 col=4 round=stage1 frontier_in=23758 map_wall_s=0.079 map_cpu_s=0.130 merge_wall_s=0.115 merge_cpu_s=0.125 map_units=12 merge_ranges=12 map_eff_cores=1.65 merge_eff_cores=1.09
event=kink_round H=5 col=29 round=stage2 frontier_in=146 map_wall_s=0.052 map_cpu_s=0.001 merge_wall_s=0.054 merge_cpu_s=0.000 map_units=1 merge_ranges=1 map_eff_cores=0.02 merge_eff_cores=0.00
event=kink_round H=8 col=10 round=stage7 frontier_in=2997 map_wall_s=0.061 map_cpu_s=0.013 merge_wall_s=0.048 merge_cpu_s=0.010 map_units=2 merge_ranges=2 map_eff_cores=0.21 merge_eff_cores=0.21
event=kink_round H=7 col=16 round=stage0 frontier_in=335 map_wall_s=0.044 map_cpu_s=0.002 merge_wall_s=0.055 merge_cpu_s=0.002 map_units=1 merge_ranges=1 map_eff_cores=0.05 merge_eff_cores=0.04
event=kink_round H=6 col=23 round=stage5 frontier_in=458 map_wall_s=0.045 map_cpu_s=0.002 merge_wall_s=0.075 merge_cpu_s=0.001 map_units=1 merge_ranges=1 map_eff_cores=0.04 merge_eff_cores=0.01
event=kink_round H=10 col=5 round=stage9 frontier_in=20222 map_wall_s=0.080 map_cpu_s=0.099 merge_wall_s=0.105 merge_cpu_s=0.072 map_units=10 merge_ranges=10 map_eff_cores=1.24 merge_eff_cores=0.69
event=kink_round H=12 col=3 round=stage4 frontier_in=123156 map_wall_s=0.079 map_cpu_s=0.640 merge_wall_s=0.143 merge_cpu_s=0.556 map_units=61 merge_ranges=61 map_eff_cores=8.07 merge_eff_cores=3.89
event=kink_round H=5 col=29 round=stage3 frontier_in=166 map_wall_s=0.050 map_cpu_s=0.001 merge_wall_s=0.080 merge_cpu_s=0.001 map_units=1 merge_ranges=1 map_eff_cores=0.02 merge_eff_cores=0.01
event=kink_round H=9 col=7 round=stage8 frontier_in=7732 map_wall_s=0.069 map_cpu_s=0.050 merge_wall_s=0.100 merge_cpu_s=0.022 map_units=4 merge_ranges=4 map_eff_cores=0.73 merge_eff_cores=0.22
event=kink_round H=8 col=10 round=finalize frontier_in=2895 map_wall_s=0.080 map_cpu_s=0.010 merge_wall_s=0.063 merge_cpu_s=0.007 map_units=2 merge_ranges=2 map_eff_cores=0.12 merge_eff_cores=0.11
event=column H=8 col=10 frontier_in=825 frontier_out=825 wall_s=0.75 cum_wall_s=59.4 cpu_s=0.2 rss_max_mb=74.8 map_wall_s=0.36 map_cpu_s=0.1 merge_wall_s=0.35 merge_cpu_s=0.1 map_units=17 merge_ranges=16 eff_cores=0.23
event=kink_round H=13 col=2 round=stage8 frontier_in=264037 map_wall_s=0.139 map_cpu_s=1.217 merge_wall_s=0.239 merge_cpu_s=0.872 map_units=129 merge_ranges=80 map_eff_cores=8.73 merge_eff_cores=3.65
event=kink_round H=7 col=16 round=stage1 frontier_in=544 map_wall_s=0.084 map_cpu_s=0.003 merge_wall_s=0.030 merge_cpu_s=0.002 map_units=1 merge_ranges=1 map_eff_cores=0.04 merge_eff_cores=0.07
event=kink_round H=8 col=11 round=seed frontier_in=825 map_wall_s=0.031 map_cpu_s=0.003 merge_wall_s=0.000 merge_cpu_s=0.000 map_units=1 merge_ranges=0 map_eff_cores=0.10 merge_eff_cores=0.00
event=kink_round H=6 col=23 round=finalize frontier_in=447 map_wall_s=0.056 map_cpu_s=0.002 merge_wall_s=0.047 merge_cpu_s=0.001 map_units=1 merge_ranges=1 map_eff_cores=0.04 merge_eff_cores=0.02
event=column H=6 col=23 frontier_in=131 frontier_out=131 wall_s=0.65 cum_wall_s=60.1 cpu_s=0.0 rss_max_mb=74.8 map_wall_s=0.30 map_cpu_s=0.0 merge_wall_s=0.35 merge_cpu_s=0.0 map_units=8 merge_ranges=7 eff_cores=0.04
event=kink_round H=10 col=5 round=finalize frontier_in=19812 map_wall_s=0.070 map_cpu_s=0.071 merge_wall_s=0.037 merge_cpu_s=0.039 map_units=10 merge_ranges=10 map_eff_cores=1.01 merge_eff_cores=1.07
event=column H=10 col=5 frontier_in=5567 frontier_out=5567 wall_s=1.29 cum_wall_s=61.3 cpu_s=1.7 rss_max_mb=79.0 map_wall_s=0.62 map_cpu_s=1.0 merge_wall_s=0.57 merge_cpu_s=0.7 map_units=98 merge_ranges=95 eff_cores=1.28
event=kink_round H=5 col=29 round=stage4 frontier_in=179 map_wall_s=0.026 map_cpu_s=0.001 merge_wall_s=0.069 merge_cpu_s=0.001 map_units=1 merge_ranges=1 map_eff_cores=0.04 merge_eff_cores=0.01
event=kink_round H=7 col=16 round=stage2 frontier_in=873 map_wall_s=0.010 map_cpu_s=0.004 merge_wall_s=0.027 merge_cpu_s=0.002 map_units=1 merge_ranges=1 map_eff_cores=0.40 merge_eff_cores=0.07
event=kink_round H=15 col=1 round=stage14 frontier_in=663722 map_wall_s=0.196 map_cpu_s=3.005 merge_wall_s=0.482 merge_cpu_s=2.141 map_units=325 merge_ranges=80 map_eff_cores=15.36 merge_eff_cores=4.45
event=kink_round H=17 col=1 round=stage8 frontier_in=800608 map_wall_s=0.187 map_cpu_s=2.925 merge_wall_s=0.541 merge_cpu_s=2.045 map_units=391 merge_ranges=80 map_eff_cores=15.63 merge_eff_cores=3.78
event=kink_round H=6 col=24 round=seed frontier_in=131 map_wall_s=0.039 map_cpu_s=0.000 merge_wall_s=0.000 merge_cpu_s=0.000 map_units=1 merge_ranges=0 map_eff_cores=0.00 merge_eff_cores=0.00
event=kink_round H=11 col=4 round=stage2 frontier_in=38524 map_wall_s=0.095 map_cpu_s=0.204 merge_wall_s=0.173 merge_cpu_s=0.169 map_units=19 merge_ranges=19 map_eff_cores=2.14 merge_eff_cores=0.98
event=kink_round H=5 col=29 round=finalize frontier_in=180 map_wall_s=0.036 map_cpu_s=0.001 merge_wall_s=0.003 merge_cpu_s=0.000 map_units=1 merge_ranges=1 map_eff_cores=0.03 merge_eff_cores=0.00
event=column H=5 col=29 frontier_in=57 frontier_out=57 wall_s=0.63 cum_wall_s=62.0 cpu_s=0.0 rss_max_mb=58.6 map_wall_s=0.30 map_cpu_s=0.0 merge_wall_s=0.32 merge_cpu_s=0.0 map_units=7 merge_ranges=6 eff_cores=0.02
event=kink_round H=8 col=11 round=stage0 frontier_in=825 map_wall_s=0.036 map_cpu_s=0.004 merge_wall_s=0.040 merge_cpu_s=0.003 map_units=1 merge_ranges=1 map_eff_cores=0.11 merge_eff_cores=0.07
event=kink_round H=9 col=7 round=finalize frontier_in=7529 map_wall_s=0.077 map_cpu_s=0.025 merge_wall_s=0.051 merge_cpu_s=0.012 map_units=4 merge_ranges=4 map_eff_cores=0.32 merge_eff_cores=0.24
event=kink_round H=10 col=6 round=seed frontier_in=5567 map_wall_s=0.058 map_cpu_s=0.021 merge_wall_s=0.000 merge_cpu_s=0.000 map_units=3 merge_ranges=0 map_eff_cores=0.36 merge_eff_cores=0.00
event=kink_round H=6 col=24 round=stage0 frontier_in=131 map_wall_s=0.016 map_cpu_s=0.001 merge_wall_s=0.016 merge_cpu_s=0.001 map_units=1 merge_ranges=1 map_eff_cores=0.06 merge_eff_cores=0.06
event=kink_round H=5 col=30 round=seed frontier_in=57 map_wall_s=0.011 map_cpu_s=0.001 merge_wall_s=0.000 merge_cpu_s=0.000 map_units=1 merge_ranges=0 map_eff_cores=0.09 merge_eff_cores=0.00
event=column H=9 col=7 frontier_in=2153 frontier_out=2153 wall_s=1.04 cum_wall_s=63.0 cpu_s=0.6 rss_max_mb=79.0 map_wall_s=0.46 map_cpu_s=0.3 merge_wall_s=0.51 merge_cpu_s=0.2 map_units=37 merge_ranges=35 eff_cores=0.54
event=kink_round H=7 col=16 round=stage3 frontier_in=1036 map_wall_s=0.048 map_cpu_s=0.004 merge_wall_s=0.028 merge_cpu_s=0.003 map_units=1 merge_ranges=1 map_eff_cores=0.08 merge_eff_cores=0.11
event=kink_round H=12 col=3 round=stage5 frontier_in=128212 map_wall_s=0.083 map_cpu_s=0.679 merge_wall_s=0.106 merge_cpu_s=0.462 map_units=63 merge_ranges=63 map_eff_cores=8.14 merge_eff_cores=4.37
event=kink_round H=8 col=11 round=stage1 frontier_in=1328 map_wall_s=0.013 map_cpu_s=0.007 merge_wall_s=0.062 merge_cpu_s=0.006 map_units=1 merge_ranges=1 map_eff_cores=0.55 merge_eff_cores=0.10
event=kink_round H=5 col=30 round=stage0 frontier_in=57 map_wall_s=0.035 map_cpu_s=0.000 merge_wall_s=0.028 merge_cpu_s=0.002 map_units=1 merge_ranges=1 map_eff_cores=0.00 merge_eff_cores=0.07
event=kink_round H=6 col=24 round=stage1 frontier_in=212 map_wall_s=0.036 map_cpu_s=0.001 merge_wall_s=0.027 merge_cpu_s=0.003 map_units=1 merge_ranges=1 map_eff_cores=0.03 merge_eff_cores=0.11
event=kink_round H=9 col=8 round=seed frontier_in=2153 map_wall_s=0.059 map_cpu_s=0.011 merge_wall_s=0.000 merge_cpu_s=0.000 map_units=2 merge_ranges=0 map_eff_cores=0.19 merge_eff_cores=0.00
event=kink_round H=10 col=6 round=stage0 frontier_in=5567 map_wall_s=0.020 map_cpu_s=0.034 merge_wall_s=0.061 merge_cpu_s=0.027 map_units=3 merge_ranges=3 map_eff_cores=1.68 merge_eff_cores=0.44
event=kink_round H=7 col=16 round=stage4 frontier_in=1113 map_wall_s=0.043 map_cpu_s=0.004 merge_wall_s=0.022 merge_cpu_s=0.003 map_units=1 merge_ranges=1 map_eff_cores=0.09 merge_eff_cores=0.14
event=kink_round H=6 col=24 round=stage2 frontier_in=341 map_wall_s=0.025 map_cpu_s=0.003 merge_wall_s=0.035 merge_cpu_s=0.001 map_units=1 merge_ranges=1 map_eff_cores=0.12 merge_eff_cores=0.03
event=kink_round H=5 col=30 round=stage1 frontier_in=94 map_wall_s=0.025 map_cpu_s=0.002 merge_wall_s=0.051 merge_cpu_s=0.001 map_units=1 merge_ranges=1 map_eff_cores=0.08 merge_eff_cores=0.02
event=kink_round H=11 col=4 round=stage3 frontier_in=45601 map_wall_s=0.026 map_cpu_s=0.242 merge_wall_s=0.131 merge_cpu_s=0.188 map_units=23 merge_ranges=23 map_eff_cores=9.19 merge_eff_cores=1.43
event=kink_round H=14 col=2 round=stage3 frontier_in=446733 map_wall_s=0.215 map_cpu_s=1.805 merge_wall_s=0.222 merge_cpu_s=1.392 map_units=219 merge_ranges=80 map_eff_cores=8.39 merge_eff_cores=6.26
event=kink_round H=8 col=11 round=stage2 frontier_in=2153 map_wall_s=0.028 map_cpu_s=0.011 merge_wall_s=0.061 merge_cpu_s=0.007 map_units=2 merge_ranges=2 map_eff_cores=0.39 merge_eff_cores=0.11
event=kink_round H=16 col=1 round=stage11 frontier_in=706965 map_wall_s=0.320 map_cpu_s=2.645 merge_wall_s=0.254 merge_cpu_s=1.831 map_units=346 merge_ranges=80 map_eff_cores=8.26 merge_eff_cores=7.20
event=kink_round H=9 col=8 round=stage0 frontier_in=2153 map_wall_s=0.036 map_cpu_s=0.013 merge_wall_s=0.055 merge_cpu_s=0.009 map_units=2 merge_ranges=2 map_eff_cores=0.36 merge_eff_cores=0.16
event=kink_round H=7 col=16 round=stage5 frontier_in=1130 map_wall_s=0.038 map_cpu_s=0.003 merge_wall_s=0.044 merge_cpu_s=0.002 map_units=1 merge_ranges=1 map_eff_cores=0.08 merge_eff_cores=0.05
event=kink_round H=10 col=6 round=stage1 frontier_in=8947 map_wall_s=0.059 map_cpu_s=0.068 merge_wall_s=0.070 merge_cpu_s=0.048 map_units=5 merge_ranges=5 map_eff_cores=1.15 merge_eff_cores=0.69
event=kink_round H=6 col=24 round=stage3 frontier_in=403 map_wall_s=0.039 map_cpu_s=0.001 merge_wall_s=0.051 merge_cpu_s=0.001 map_units=1 merge_ranges=1 map_eff_cores=0.03 merge_eff_cores=0.02
event=kink_round H=5 col=30 round=stage2 frontier_in=146 map_wall_s=0.031 map_cpu_s=0.001 merge_wall_s=0.059 merge_cpu_s=0.001 map_units=1 merge_ranges=1 map_eff_cores=0.03 merge_eff_cores=0.02
event=kink_round H=8 col=11 round=stage3 frontier_in=2568 map_wall_s=0.047 map_cpu_s=0.014 merge_wall_s=0.044 merge_cpu_s=0.011 map_units=2 merge_ranges=2 map_eff_cores=0.30 merge_eff_cores=0.25
event=kink_round H=9 col=8 round=stage1 frontier_in=3472 map_wall_s=0.040 map_cpu_s=0.018 merge_wall_s=0.039 merge_cpu_s=0.016 map_units=2 merge_ranges=2 map_eff_cores=0.45 merge_eff_cores=0.41
event=kink_round H=19 col=1 round=stage4 frontier_in=1461200 map_wall_s=0.423 map_cpu_s=4.321 merge_wall_s=0.545 merge_cpu_s=2.750 map_units=640 merge_ranges=80 map_eff_cores=10.22 merge_eff_cores=5.04
event=kink_round H=7 col=16 round=stage6 frontier_in=1170 map_wall_s=0.040 map_cpu_s=0.004 merge_wall_s=0.044 merge_cpu_s=0.005 map_units=1 merge_ranges=1 map_eff_cores=0.10 merge_eff_cores=0.11
event=kink_round H=6 col=24 round=stage4 frontier_in=423 map_wall_s=0.023 map_cpu_s=0.001 merge_wall_s=0.032 merge_cpu_s=0.001 map_units=1 merge_ranges=1 map_eff_cores=0.04 merge_eff_cores=0.03
event=kink_round H=5 col=30 round=stage3 frontier_in=165 map_wall_s=0.027 map_cpu_s=0.001 merge_wall_s=0.043 merge_cpu_s=0.001 map_units=1 merge_ranges=1 map_eff_cores=0.04 merge_eff_cores=0.02
event=kink_round H=7 col=16 round=finalize frontier_in=1129 map_wall_s=0.021 map_cpu_s=0.003 merge_wall_s=0.030 merge_cpu_s=0.001 map_units=1 merge_ranges=1 map_eff_cores=0.15 merge_eff_cores=0.03
event=column H=7 col=16 frontier_in=335 frontier_out=335 wall_s=0.67 cum_wall_s=63.7 cpu_s=0.0 rss_max_mb=54.6 map_wall_s=0.36 map_cpu_s=0.0 merge_wall_s=0.28 merge_cpu_s=0.0 map_units=9 merge_ranges=8 eff_cores=0.07
event=kink_round H=8 col=11 round=stage4 frontier_in=2795 map_wall_s=0.052 map_cpu_s=0.014 merge_wall_s=0.044 merge_cpu_s=0.012 map_units=2 merge_ranges=2 map_eff_cores=0.27 merge_eff_cores=0.27
event=kink_round H=11 col=4 round=stage4 frontier_in=49725 map_wall_s=0.060 map_cpu_s=0.255 merge_wall_s=0.102 merge_cpu_s=0.227 map_units=25 merge_ranges=25 map_eff_cores=4.22 merge_eff_cores=2.24
event=kink_round H=6 col=24 round=stage5 frontier_in=458 map_wall_s=0.026 map_cpu_s=0.002 merge_wall_s=0.052 merge_cpu_s=0.001 map_units=1 merge_ranges=1 map_eff_cores=0.08 merge_eff_cores=0.02
event=kink_round H=9 col=8 round=stage2 frontier_in=5618 map_wall_s=0.042 map_cpu_s=0.028 merge_wall_s=0.064 merge_cpu_s=0.018 map_units=3 merge_ranges=3 map_eff_cores=0.66 merge_eff_cores=0.28
event=kink_round H=12 col=3 round=stage6 frontier_in=131425 map_wall_s=0.080 map_cpu_s=0.786 merge_wall_s=0.232 merge_cpu_s=0.509 map_units=65 merge_ranges=65 map_eff_cores=9.84 merge_eff_cores=2.19
event=kink_round H=10 col=6 round=stage2 frontier_in=14518 map_wall_s=0.075 map_cpu_s=0.077 merge_wall_s=0.064 merge_cpu_s=0.054 map_units=8 merge_ranges=8 map_eff_cores=1.03 merge_eff_cores=0.84
event=kink_round H=13 col=2 round=stage9 frontier_in=283667 map_wall_s=0.097 map_cpu_s=1.395 merge_wall_s=0.305 merge_cpu_s=0.867 map_units=139 merge_ranges=80 map_eff_cores=14.33 merge_eff_cores=2.85
event=kink_round H=5 col=30 round=stage4 frontier_in=179 map_wall_s=0.040 map_cpu_s=0.001 merge_wall_s=0.042 merge_cpu_s=0.000 map_units=1 merge_ranges=1 map_eff_cores=0.02 merge_eff_cores=0.00
event=kink_round H=7 col=17 round=seed frontier_in=335 map_wall_s=0.043 map_cpu_s=0.001 merge_wall_s=0.000 merge_cpu_s=0.000 map_units=1 merge_ranges=0 map_eff_cores=0.02 merge_eff_cores=0.00
event=kink_round H=6 col=24 round=finalize frontier_in=447 map_wall_s=0.032 map_cpu_s=0.001 merge_wall_s=0.044 merge_cpu_s=0.001 map_units=1 merge_ranges=1 map_eff_cores=0.03 merge_eff_cores=0.02
event=column H=6 col=24 frontier_in=131 frontier_out=131 wall_s=0.51 cum_wall_s=64.2 cpu_s=0.0 rss_max_mb=79.0 map_wall_s=0.24 map_cpu_s=0.0 merge_wall_s=0.26 merge_cpu_s=0.0 map_units=8 merge_ranges=7 eff_cores=0.04
event=kink_round H=8 col=11 round=stage5 frontier_in=2858 map_wall_s=0.050 map_cpu_s=0.012 merge_wall_s=0.073 merge_cpu_s=0.008 map_units=2 merge_ranges=2 map_eff_cores=0.24 merge_eff_cores=0.11
event=kink_round H=9 col=8 round=stage3 frontier_in=6682 map_wall_s=0.040 map_cpu_s=0.029 merge_wall_s=0.080 merge_cpu_s=0.024 map_units=4 merge_ranges=4 map_eff_cores=0.73 merge_eff_cores=0.30
event=kink_round H=6 col=25 round=seed frontier_in=131 map_wall_s=0.063 map_cpu_s=0.001 merge_wall_s=0.000 merge_cpu_s=0.000 map_units=1 merge_ranges=0 map_eff_cores=0.02 merge_eff_cores=0.00
event=kink_round H=5 col=30 round=finalize frontier_in=180 map_wall_s=0.050 map_cpu_s=0.001 merge_wall_s=0.068 merge_cpu_s=0.001 map_units=1 merge_ranges=1 map_eff_cores=0.02 merge_eff_cores=0.01
event=column H=5 col=30 frontier_in=57 frontier_out=57 wall_s=0.54 cum_wall_s=64.7 cpu_s=0.0 rss_max_mb=54.6 map_wall_s=0.22 map_cpu_s=0.0 merge_wall_s=0.29 merge_cpu_s=0.0 map_units=7 merge_ranges=6 eff_cores=0.02
event=kink_round H=7 col=17 round=stage0 frontier_in=335 map_wall_s=0.051 map_cpu_s=0.002 merge_wall_s=0.085 merge_cpu_s=0.002 map_units=1 merge_ranges=1 map_eff_cores=0.04 merge_eff_cores=0.02
event=kink_round H=5 col=31 round=seed frontier_in=57 map_wall_s=0.053 map_cpu_s=0.000 merge_wall_s=0.000 merge_cpu_s=0.000 map_units=1 merge_ranges=0 map_eff_cores=0.00 merge_eff_cores=0.00
event=kink_round H=8 col=11 round=stage6 frontier_in=2920 map_wall_s=0.074 map_cpu_s=0.019 merge_wall_s=0.061 merge_cpu_s=0.009 map_units=2 merge_ranges=2 map_eff_cores=0.26 merge_eff_cores=0.15
event=kink_round H=10 col=6 round=stage3 frontier_in=17220 map_wall_s=0.064 map_cpu_s=0.077 merge_wall_s=0.165 merge_cpu_s=0.059 map_units=9 merge_ranges=9 map_eff_cores=1.21 merge_eff_cores=0.36
event=kink_round H=5 col=31 round=stage0 frontier_in=57 map_wall_s=0.027 map_cpu_s=0.000 merge_wall_s=0.023 merge_cpu_s=0.001 map_units=1 merge_ranges=1 map_eff_cores=0.00 merge_eff_cores=0.04
event=kink_round H=9 col=8 round=stage4 frontier_in=7282 map_wall_s=0.081 map_cpu_s=0.037 merge_wall_s=0.061 merge_cpu_s=0.026 map_units=4 merge_ranges=4 map_eff_cores=0.46 merge_eff_cores=0.43
event=kink_round H=7 col=17 round=stage1 frontier_in=544 map_wall_s=0.056 map_cpu_s=0.003 merge_wall_s=0.050 merge_cpu_s=0.002 map_units=1 merge_ranges=1 map_eff_cores=0.05 merge_eff_cores=0.04
event=kink_round H=6 col=25 round=stage0 frontier_in=131 map_wall_s=0.096 map_cpu_s=0.002 merge_wall_s=0.066 merge_cpu_s=0.001 map_units=1 merge_ranges=1 map_eff_cores=0.02 merge_eff_cores=0.02
event=kink_round H=11 col=4 round=stage5 frontier_in=51608 map_wall_s=0.077 map_cpu_s=0.272 merge_wall_s=0.218 merge_cpu_s=0.212 map_units=26 merge_ranges=26 map_eff_cores=3.55 merge_eff_cores=0.97
event=kink_round H=15 col=1 round=finalize frontier_in=855048 map_wall_s=0.256 map_cpu_s=2.763 merge_wall_s=0.401 merge_cpu_s=2.362 map_units=418 merge_ranges=80 map_eff_cores=10.80 merge_eff_cores=5.88
event=kink_round H=5 col=31 round=stage1 frontier_in=92 map_wall_s=0.046 map_cpu_s=0.001 merge_wall_s=0.017 merge_cpu_s=0.000 map_units=1 merge_ranges=1 map_eff_cores=0.02 merge_eff_cores=0.00
event=kink_round H=6 col=25 round=stage1 frontier_in=212 map_wall_s=0.020 map_cpu_s=0.002 merge_wall_s=0.006 merge_cpu_s=0.001 map_units=1 merge_ranges=1 map_eff_cores=0.10 merge_eff_cores=0.17
event=kink_round H=12 col=3 round=stage7 frontier_in=133957 map_wall_s=0.094 map_cpu_s=0.717 merge_wall_s=0.230 merge_cpu_s=0.597 map_units=66 merge_ranges=66 map_eff_cores=7.62 merge_eff_cores=2.60
event=kink_round H=7 col=17 round=stage2 frontier_in=873 map_wall_s=0.050 map_cpu_s=0.004 merge_wall_s=0.034 merge_cpu_s=0.004 map_units=1 merge_ranges=1 map_eff_cores=0.08 merge_eff_cores=0.12
event=kink_round H=8 col=11 round=stage7 frontier_in=2997 map_wall_s=0.040 map_cpu_s=0.013 merge_wall_s=0.083 merge_cpu_s=0.011 map_units=2 merge_ranges=2 map_eff_cores=0.33 merge_eff_cores=0.13
event=kink_round H=18 col=1 round=stage6 frontier_in=1092252 map_wall_s=0.389 map_cpu_s=3.396 merge_wall_s=0.802 merge_cpu_s=2.161 map_units=534 merge_ranges=80 map_eff_cores=8.74 merge_eff_cores=2.69
event=kink_round H=6 col=25 round=stage2 frontier_in=341 map_wall_s=0.005 map_cpu_s=0.002 merge_wall_s=0.056 merge_cpu_s=0.001 map_units=1 merge_ranges=1 map_eff_cores=0.38 merge_eff_cores=0.02
event=kink_round H=9 col=8 round=stage5 frontier_in=7502 map_wall_s=0.032 map_cpu_s=0.035 merge_wall_s=0.067 merge_cpu_s=0.023 map_units=4 merge_ranges=4 map_eff_cores=1.10 merge_eff_cores=0.34
event=kink_round H=7 col=17 round=stage3 frontier_in=1036 map_wall_s=0.042 map_cpu_s=0.004 merge_wall_s=0.007 merge_cpu_s=0.002 map_units=1 merge_ranges=1 map_eff_cores=0.10 merge_eff_cores=0.29
event=kink_round H=5 col=31 round=stage2 frontier_in=143 map_wall_s=0.054 map_cpu_s=0.001 merge_wall_s=0.001 merge_cpu_s=0.000 map_units=1 merge_ranges=1 map_eff_cores=0.02 merge_eff_cores=0.00
event=kink_round H=10 col=6 round=stage4 frontier_in=18804 map_wall_s=0.080 map_cpu_s=0.091 merge_wall_s=0.063 merge_cpu_s=0.069 map_units=10 merge_ranges=10 map_eff_cores=1.13 merge_eff_cores=1.09
event=kink_round H=8 col=11 round=finalize frontier_in=2895 map_wall_s=0.041 map_cpu_s=0.010 merge_wall_s=0.004 merge_cpu_s=0.003 map_units=2 merge_ranges=2 map_eff_cores=0.24 merge_eff_cores=0.81
event=column H=8 col=11 frontier_in=825 frontier_out=825 wall_s=0.91 cum_wall_s=65.7 cpu_s=0.2 rss_max_mb=64.6 map_wall_s=0.41 map_cpu_s=0.1 merge_wall_s=0.47 merge_cpu_s=0.1 map_units=17 merge_ranges=16 eff_cores=0.20
event=kink_round H=5 col=31 round=stage3 frontier_in=161 map_wall_s=0.001 map_cpu_s=0.001 merge_wall_s=0.005 merge_cpu_s=0.001 map_units=1 merge_ranges=1 map_eff_cores=1.29 merge_eff_cores=0.22
event=kink_round H=6 col=25 round=stage3 frontier_in=403 map_wall_s=0.016 map_cpu_s=0.001 merge_wall_s=0.001 merge_cpu_s=0.001 map_units=1 merge_ranges=1 map_eff_cores=0.06 merge_eff_cores=0.71
event=kink_round H=5 col=31 round=stage4 frontier_in=176 map_wall_s=0.001 map_cpu_s=0.001 merge_wall_s=0.001 merge_cpu_s=0.000 map_units=1 merge_ranges=1 map_eff_cores=1.12 merge_eff_cores=0.00
event=kink_round H=7 col=17 round=stage4 frontier_in=1113 map_wall_s=0.005 map_cpu_s=0.004 merge_wall_s=0.004 merge_cpu_s=0.003 map_units=1 merge_ranges=1 map_eff_cores=0.86 merge_eff_cores=0.79
event=kink_round H=8 col=12 round=seed frontier_in=825 map_wall_s=0.003 map_cpu_s=0.003 merge_wall_s=0.000 merge_cpu_s=0.000 map_units=1 merge_ranges=0 map_eff_cores=0.87 merge_eff_cores=0.00
event=kink_round H=5 col=31 round=finalize frontier_in=171 map_wall_s=0.001 map_cpu_s=0.001 merge_wall_s=0.001 merge_cpu_s=0.000 map_units=1 merge_ranges=1 map_eff_cores=1.01 merge_eff_cores=0.00
event=column H=5 col=31 frontier_in=57 frontier_out=37 wall_s=0.26 cum_wall_s=65.9 cpu_s=0.0 rss_max_mb=74.8 map_wall_s=0.18 map_cpu_s=0.0 merge_wall_s=0.05 merge_cpu_s=0.0 map_units=7 merge_ranges=6 eff_cores=0.03
event=kink_round H=6 col=25 round=stage4 frontier_in=423 map_wall_s=0.002 map_cpu_s=0.001 merge_wall_s=0.002 merge_cpu_s=0.001 map_units=1 merge_ranges=1 map_eff_cores=0.63 merge_eff_cores=0.56
event=kink_round H=5 col=32 round=seed frontier_in=37 map_wall_s=0.000 map_cpu_s=0.000 merge_wall_s=0.000 merge_cpu_s=0.000 map_units=1 merge_ranges=0 map_eff_cores=0.00 merge_eff_cores=0.00
event=kink_round H=7 col=17 round=stage5 frontier_in=1130 map_wall_s=0.004 map_cpu_s=0.004 merge_wall_s=0.003 merge_cpu_s=0.002 map_units=1 merge_ranges=1 map_eff_cores=1.01 merge_eff_cores=0.70
event=kink_round H=6 col=25 round=stage5 frontier_in=458 map_wall_s=0.002 map_cpu_s=0.001 merge_wall_s=0.003 merge_cpu_s=0.001 map_units=1 merge_ranges=1 map_eff_cores=0.42 merge_eff_cores=0.31
event=kink_round H=5 col=32 round=stage0 frontier_in=37 map_wall_s=0.002 map_cpu_s=0.001 merge_wall_s=0.004 merge_cpu_s=0.001 map_units=1 merge_ranges=1 map_eff_cores=0.43 merge_eff_cores=0.24
event=kink_round H=5 col=32 round=stage1 frontier_in=59 map_wall_s=0.001 map_cpu_s=0.000 merge_wall_s=0.002 merge_cpu_s=0.001 map_units=1 merge_ranges=1 map_eff_cores=0.00 merge_eff_cores=0.49
event=kink_round H=6 col=25 round=finalize frontier_in=447 map_wall_s=0.001 map_cpu_s=0.001 merge_wall_s=0.004 merge_cpu_s=0.001 map_units=1 merge_ranges=1 map_eff_cores=0.71 merge_eff_cores=0.27
event=kink_round H=7 col=17 round=stage6 frontier_in=1170 map_wall_s=0.004 map_cpu_s=0.003 merge_wall_s=0.004 merge_cpu_s=0.003 map_units=1 merge_ranges=1 map_eff_cores=0.73 merge_eff_cores=0.75
event=kink_round H=8 col=12 round=stage0 frontier_in=825 map_wall_s=0.006 map_cpu_s=0.006 merge_wall_s=0.008 merge_cpu_s=0.005 map_units=1 merge_ranges=1 map_eff_cores=1.04 merge_eff_cores=0.60
event=column H=6 col=25 frontier_in=131 frontier_out=131 wall_s=0.36 cum_wall_s=66.3 cpu_s=0.0 rss_max_mb=74.8 map_wall_s=0.21 map_cpu_s=0.0 merge_wall_s=0.14 merge_cpu_s=0.0 map_units=8 merge_ranges=7 eff_cores=0.05
event=kink_round H=9 col=8 round=stage6 frontier_in=7569 map_wall_s=0.012 map_cpu_s=0.035 merge_wall_s=0.009 merge_cpu_s=0.023 map_units=4 merge_ranges=4 map_eff_cores=3.04 merge_eff_cores=2.57
event=kink_round H=6 col=26 round=seed frontier_in=131 map_wall_s=0.002 map_cpu_s=0.001 merge_wall_s=0.000 merge_cpu_s=0.000 map_units=1 merge_ranges=0 map_eff_cores=0.60 merge_eff_cores=0.00
event=kink_round H=5 col=32 round=stage2 frontier_in=97 map_wall_s=0.002 map_cpu_s=0.001 merge_wall_s=0.002 merge_cpu_s=0.000 map_units=1 merge_ranges=1 map_eff_cores=0.60 merge_eff_cores=0.00
event=kink_round H=6 col=26 round=stage0 frontier_in=131 map_wall_s=0.002 map_cpu_s=0.001 merge_wall_s=0.005 merge_cpu_s=0.001 map_units=1 merge_ranges=1 map_eff_cores=0.57 merge_eff_cores=0.18
event=kink_round H=5 col=32 round=stage3 frontier_in=114 map_wall_s=0.001 map_cpu_s=0.001 merge_wall_s=0.013 merge_cpu_s=0.001 map_units=1 merge_ranges=1 map_eff_cores=0.88 merge_eff_cores=0.07
event=column H=15 col=1 frontier_in=16511 frontier_out=333623 wall_s=6.39 cum_wall_s=72.7 cpu_s=33.0 rss_max_mb=79.0 map_wall_s=1.54 map_cpu_s=18.6 merge_wall_s=3.65 merge_cpu_s=14.4 map_units=2096 merge_ranges=976 eff_cores=5.15
event=kink_round H=11 col=4 round=stage6 frontier_in=52312 map_wall_s=0.025 map_cpu_s=0.268 merge_wall_s=0.053 merge_cpu_s=0.224 map_units=26 merge_ranges=26 map_eff_cores=10.68 merge_eff_cores=4.20
event=kink_round H=13 col=2 round=stage10 frontier_in=304747 map_wall_s=0.188 map_cpu_s=1.434 merge_wall_s=0.244 merge_cpu_s=1.074 map_units=149 merge_ranges=80 map_eff_cores=7.65 merge_eff_cores=4.40
event=kink_round H=10 col=6 round=stage5 frontier_in=19508 map_wall_s=0.022 map_cpu_s=0.109 merge_wall_s=0.066 merge_cpu_s=0.058 map_units=10 merge_ranges=10 map_eff_cores=4.92 merge_eff_cores=0.87
event=kink_round H=14 col=2 round=stage4 frontier_in=494465 map_wall_s=0.147 map_cpu_s=2.171 merge_wall_s=0.492 merge_cpu_s=1.455 map_units=242 merge_ranges=80 map_eff_cores=14.73 merge_eff_cores=2.96
event=kink_round H=7 col=17 round=finalize frontier_in=1129 map_wall_s=0.010 map_cpu_s=0.005 merge_wall_s=0.065 merge_cpu_s=0.001 map_units=1 merge_ranges=1 map_eff_cores=0.51 merge_eff_cores=0.02
event=column H=7 col=17 frontier_in=335 frontier_out=335 wall_s=0.53 cum_wall_s=73.2 cpu_s=0.0 rss_max_mb=62.6 map_wall_s=0.26 map_cpu_s=0.0 merge_wall_s=0.25 merge_cpu_s=0.0 map_units=9 merge_ranges=8 eff_cores=0.09
event=kink_round H=8 col=12 round=stage1 frontier_in=1328 map_wall_s=0.010 map_cpu_s=0.006 merge_wall_s=0.066 merge_cpu_s=0.007 map_units=1 merge_ranges=1 map_eff_cores=0.59 merge_eff_cores=0.11
event=kink_round H=9 col=8 round=stage7 frontier_in=7596 map_wall_s=0.021 map_cpu_s=0.036 merge_wall_s=0.078 merge_cpu_s=0.023 map_units=4 merge_ranges=4 map_eff_cores=1.70 merge_eff_cores=0.30
event=kink_round H=6 col=26 round=stage1 frontier_in=212 map_wall_s=0.063 map_cpu_s=0.001 merge_wall_s=0.033 merge_cpu_s=0.002 map_units=1 merge_ranges=1 map_eff_cores=0.02 merge_eff_cores=0.06
event=kink_round H=5 col=32 round=stage4 frontier_in=126 map_wall_s=0.050 map_cpu_s=0.001 merge_wall_s=0.046 merge_cpu_s=0.001 map_units=1 merge_ranges=1 map_eff_cores=0.02 merge_eff_cores=0.02
event=kink_round H=17 col=1 round=stage9 frontier_in=966986 map_wall_s=0.305 map_cpu_s=3.340 merge_wall_s=0.623 merge_cpu_s=2.292 map_units=473 merge_ranges=80 map_eff_cores=10.97 merge_eff_cores=3.68
event=kink_round H=7 col=18 round=seed frontier_in=335 map_wall_s=0.053 map_cpu_s=0.002 merge_wall_s=0.000 merge_cpu_s=0.000 map_units=1 merge_ranges=0 map_eff_cores=0.04 merge_eff_cores=0.00
event=kink_round H=8 col=12 round=stage2 frontier_in=2153 map_wall_s=0.027 map_cpu_s=0.010 merge_wall_s=0.055 merge_cpu_s=0.008 map_units=2 merge_ranges=2 map_eff_cores=0.37 merge_eff_cores=0.15
event=kink_round H=6 col=26 round=stage2 frontier_in=341 map_wall_s=0.049 map_cpu_s=0.001 merge_wall_s=0.031 merge_cpu_s=0.001 map_units=1 merge_ranges=1 map_eff_cores=0.02 merge_eff_cores=0.03
event=kink_round H=15 col=2 round=seed frontier_in=333623 map_wall_s=0.150 map_cpu_s=1.057 merge_wall_s=0.000 merge_cpu_s=0.000 map_units=163 merge_ranges=0 map_eff_cores=7.06 merge_eff_cores=0.00
event=kink_round H=5 col=32 round=finalize frontier_in=124 map_wall_s=0.044 map_cpu_s=0.000 merge_wall_s=0.036 merge_cpu_s=0.000 map_units=1 merge_ranges=1 map_eff_cores=0.00 merge_eff_cores=0.00
event=column H=5 col=32 frontier_in=37 frontier_out=19 wall_s=0.21 cum_wall_s=73.4 cpu_s=0.0 rss_max_mb=72.8 map_wall_s=0.10 map_cpu_s=0.0 merge_wall_s=0.10 merge_cpu_s=0.0 map_units=7 merge_ranges=6 eff_cores=0.04
event=kink_round H=10 col=6 round=stage6 frontier_in=19682 map_wall_s=0.041 map_cpu_s=0.091 merge_wall_s=0.091 merge_cpu_s=0.071 map_units=10 merge_ranges=10 map_eff_cores=2.23 merge_eff_cores=0.78
event=kink_round H=7 col=18 round=stage0 frontier_in=335 map_wall_s=0.039 map_cpu_s=0.001 merge_wall_s=0.052 merge_cpu_s=0.001 map_units=1 merge_ranges=1 map_eff_cores=0.03 merge_eff_cores=0.02
event=kink_round H=5 col=33 round=seed frontier_in=19 map_wall_s=0.043 map_cpu_s=0.001 merge_wall_s=0.000 merge_cpu_s=0.000 map_units=1 merge_ranges=0 map_eff_cores=0.02 merge_eff_cores=0.00
event=kink_round H=9 col=8 round=stage8 frontier_in=7732 map_wall_s=0.078 map_cpu_s=0.033 merge_wall_s=0.064 merge_cpu_s=0.023 map_units=4 merge_ranges=4 map_eff_cores=0.42 merge_eff_cores=0.36
event=kink_round H=6 col=26 round=stage3 frontier_in=403 map_wall_s=0.036 map_cpu_s=0.001 merge_wall_s=0.047 merge_cpu_s=0.001 map_units=1 merge_ranges=1 map_eff_cores=0.03 merge_eff_cores=0.02
event=kink_round H=8 col=12 round=stage3 frontier_in=2568 map_wall_s=0.042 map_cpu_s=0.011 merge_wall_s=0.070 merge_cpu_s=0.012 map_units=2 merge_ranges=2 map_eff_cores=0.26 merge_eff_cores=0.17
event=kink_round H=11 col=4 round=stage7 frontier_in=52502 map_wall_s=0.083 map_cpu_s=0.278 merge_wall_s=0.139 merge_cpu_s=0.199 map_units=26 merge_ranges=26 map_eff_cores=3.34 merge_eff_cores=1.43
event=kink_round H=12 col=3 round=stage8 frontier_in=136951 map_wall_s=0.084 map_cpu_s=0.768 merge_wall_s=0.202 merge_cpu_s=0.545 map_units=67 merge_ranges=67 map_eff_cores=9.13 merge_eff_cores=2.70
event=kink_round H=16 col=1 round=stage12 frontier_in=857144 map_wall_s=0.350 map_cpu_s=3.228 merge_wall_s=0.421 merge_cpu_s=2.388 map_units=419 merge_ranges=80 map_eff_cores=9.23 merge_eff_cores=5.67
event=kink_round H=7 col=18 round=stage1 frontier_in=544 map_wall_s=0.035 map_cpu_s=0.003 merge_wall_s=0.066 merge_cpu_s=0.002 map_units=1 merge_ranges=1 map_eff_cores=0.09 merge_eff_cores=0.03
event=kink_round H=9 col=8 round=finalize frontier_in=7529 map_wall_s=0.040 map_cpu_s=0.027 merge_wall_s=0.073 merge_cpu_s=0.011 map_units=4 merge_ranges=4 map_eff_cores=0.67 merge_eff_cores=0.15
event=kink_round H=8 col=12 round=stage4 frontier_in=2795 map_wall_s=0.057 map_cpu_s=0.011 merge_wall_s=0.041 merge_cpu_s=0.010 map_units=2 merge_ranges=2 map_eff_cores=0.19 merge_eff_cores=0.25
event=kink_round H=6 col=26 round=stage4 frontier_in=423 map_wall_s=0.062 map_cpu_s=0.002 merge_wall_s=0.037 merge_cpu_s=0.002 map_units=1 merge_ranges=1 map_eff_cores=0.03 merge_eff_cores=0.05
event=column H=9 col=8 frontier_in=2153 frontier_out=2153 wall_s=1.17 cum_wall_s=74.6 cpu_s=0.5 rss_max_mb=74.8 map_wall_s=0.48 map_cpu_s=0.3 merge_wall_s=0.59 merge_cpu_s=0.2 map_units=37 merge_ranges=35 eff_cores=0.43
event=kink_round H=10 col=6 round=stage7 frontier_in=19901 map_wall_s=0.066 map_cpu_s=0.090 merge_wall_s=0.093 merge_cpu_s=0.064 map_units=10 merge_ranges=10 map_eff_cores=1.37 merge_eff_cores=0.69
event=kink_round H=5 col=33 round=stage0 frontier_in=19 map_wall_s=0.043 map_cpu_s=0.001 merge_wall_s=0.091 merge_cpu_s=0.001 map_units=1 merge_ranges=1 map_eff_cores=0.02 merge_eff_cores=0.01
event=kink_round H=7 col=18 round=stage2 frontier_in=873 map_wall_s=0.024 map_cpu_s=0.003 merge_wall_s=0.052 merge_cpu_s=0.002 map_units=1 merge_ranges=1 map_eff_cores=0.13 merge_eff_cores=0.04
event=kink_round H=9 col=9 round=seed frontier_in=2153 map_wall_s=0.049 map_cpu_s=0.007 merge_wall_s=0.000 merge_cpu_s=0.000 map_units=2 merge_ranges=0 map_eff_cores=0.14 merge_eff_cores=0.00
event=kink_round H=5 col=33 round=stage1 frontier_in=30 map_wall_s=0.039 map_cpu_s=0.001 merge_wall_s=0.073 merge_cpu_s=0.000 map_units=1 merge_ranges=1 map_eff_cores=0.03 merge_eff_cores=0.00
event=kink_round H=13 col=2 round=stage11 frontier_in=323446 map_wall_s=0.146 map_cpu_s=1.517 merge_wall_s=0.272 merge_cpu_s=1.079 map_units=158 merge_ranges=80 map_eff_cores=10.38 merge_eff_cores=3.97
event=kink_round H=6 col=26 round=stage5 frontier_in=458 map_wall_s=0.054 map_cpu_s=0.003 merge_wall_s=0.089 merge_cpu_s=0.001 map_units=1 merge_ranges=1 map_eff_cores=0.06 merge_eff_cores=0.01
event=kink_round H=8 col=12 round=stage5 frontier_in=2858 map_wall_s=0.055 map_cpu_s=0.012 merge_wall_s=0.100 merge_cpu_s=0.008 map_units=2 merge_ranges=2 map_eff_cores=0.22 merge_eff_cores=0.08
event=kink_round H=11 col=4 round=stage8 frontier_in=52798 map_wall_s=0.066 map_cpu_s=0.264 merge_wall_s=0.180 merge_cpu_s=0.204 map_units=26 merge_ranges=26 map_eff_cores=3.98 merge_eff_cores=1.13
event=kink_round H=7 col=18 round=stage3 frontier_in=1036 map_wall_s=0.075 map_cpu_s=0.003 merge_wall_s=0.057 merge_cpu_s=0.002 map_units=1 merge_ranges=1 map_eff_cores=0.04 merge_eff_cores=0.04
event=kink_round H=15 col=2 round=stage0 frontier_in=333623 map_wall_s=0.164 map_cpu_s=2.042 merge_wall_s=0.218 merge_cpu_s=1.346 map_units=163 merge_ranges=80 map_eff_cores=12.45 merge_eff_cores=6.16
event=kink_round H=10 col=6 round=stage8 frontier_in=19909 map_wall_s=0.099 map_cpu_s=0.087 merge_wall_s=0.087 merge_cpu_s=0.065 map_units=10 merge_ranges=10 map_eff_cores=0.88 merge_eff_cores=0.74
event=kink_round H=9 col=9 round=stage0 frontier_in=2153 map_wall_s=0.088 map_cpu_s=0.011 merge_wall_s=0.070 merge_cpu_s=0.010 map_units=2 merge_ranges=2 map_eff_cores=0.13 merge_eff_cores=0.14
event=kink_round H=5 col=33 round=stage2 frontier_in=46 map_wall_s=0.062 map_cpu_s=0.000 merge_wall_s=0.047 merge_cpu_s=0.001 map_units=1 merge_ranges=1 map_eff_cores=0.00 merge_eff_cores=0.02
event=kink_round H=6 col=26 round=finalize frontier_in=447 map_wall_s=0.062 map_cpu_s=0.001 merge_wall_s=0.052 merge_cpu_s=0.001 map_units=1 merge_ranges=1 map_eff_cores=0.02 merge_eff_cores=0.02
event=column H=6 col=26 frontier_in=131 frontier_out=131 wall_s=0.63 cum_wall_s=75.2 cpu_s=0.0 rss_max_mb=54.6 map_wall_s=0.33 map_cpu_s=0.0 merge_wall_s=0.29 merge_cpu_s=0.0 map_units=8 merge_ranges=7 eff_cores=0.03
event=kink_round H=8 col=12 round=stage6 frontier_in=2920 map_wall_s=0.067 map_cpu_s=0.012 merge_wall_s=0.065 merge_cpu_s=0.010 map_units=2 merge_ranges=2 map_eff_cores=0.18 merge_eff_cores=0.15
event=kink_round H=7 col=18 round=stage4 frontier_in=1113 map_wall_s=0.053 map_cpu_s=0.003 merge_wall_s=0.052 merge_cpu_s=0.003 map_units=1 merge_ranges=1 map_eff_cores=0.06 merge_eff_cores=0.06
event=kink_round H=6 col=27 round=seed frontier_in=131 map_wall_s=0.032 map_cpu_s=0.000 merge_wall_s=0.000 merge_cpu_s=0.000 map_units=1 merge_ranges=0 map_eff_cores=0.00 merge_eff_cores=0.00
event=kink_round H=5 col=33 round=stage3 frontier_in=58 map_wall_s=0.050 map_cpu_s=0.001 merge_wall_s=0.054 merge_cpu_s=0.000 map_units=1 merge_ranges=1 map_eff_cores=0.02 merge_eff_cores=0.00
event=kink_round H=9 col=9 round=stage1 frontier_in=3472 map_wall_s=0.066 map_cpu_s=0.018 merge_wall_s=0.079 merge_cpu_s=0.022 map_units=2 merge_ranges=2 map_eff_cores=0.27 merge_eff_cores=0.28
event=kink_round H=7 col=18 round=stage5 frontier_in=1130 map_wall_s=0.034 map_cpu_s=0.003 merge_wall_s=0.026 merge_cpu_s=0.003 map_units=1 merge_ranges=1 map_eff_cores=0.09 merge_eff_cores=0.12
event=kink_round H=10 col=6 round=stage9 frontier_in=20222 map_wall_s=0.074 map_cpu_s=0.104 merge_wall_s=0.087 merge_cpu_s=0.085 map_units=10 merge_ranges=10 map_eff_cores=1.41 merge_eff_cores=0.98
event=kink_round H=14 col=2 round=stage5 frontier_in=526886 map_wall_s=0.201 map_cpu_s=2.298 merge_wall_s=0.367 merge_cpu_s=1.626 map_units=258 merge_ranges=80 map_eff_cores=11.44 merge_eff_cores=4.44
event=kink_round H=11 col=4 round=stage9 frontier_in=52648 map_wall_s=0.061 map_cpu_s=0.298 merge_wall_s=0.127 merge_cpu_s=0.193 map_units=26 merge_ranges=26 map_eff_cores=4.86 merge_eff_cores=1.52
event=kink_round H=8 col=12 round=stage7 frontier_in=2997 map_wall_s=0.055 map_cpu_s=0.017 merge_wall_s=0.037 merge_cpu_s=0.008 map_units=2 merge_ranges=2 map_eff_cores=0.31 merge_eff_cores=0.22
event=kink_round H=6 col=27 round=stage0 frontier_in=131 map_wall_s=0.044 map_cpu_s=0.001 merge_wall_s=0.052 merge_cpu_s=0.001 map_units=1 merge_ranges=1 map_eff_cores=0.02 merge_eff_cores=0.02
event=kink_round H=5 col=33 round=stage4 frontier_in=62 map_wall_s=0.005 map_cpu_s=0.000 merge_wall_s=0.028 merge_cpu_s=0.001 map_units=1 merge_ranges=1 map_eff_cores=0.00 merge_eff_cores=0.04
event=kink_round H=6 col=27 round=stage1 frontier_in=212 map_wall_s=0.001 map_cpu_s=0.001 merge_wall_s=0.003 merge_cpu_s=0.001 map_units=1 merge_ranges=1 map_eff_cores=1.17 merge_eff_cores=0.40
event=kink_round H=7 col=18 round=stage6 frontier_in=1170 map_wall_s=0.021 map_cpu_s=0.003 merge_wall_s=0.008 merge_cpu_s=0.005 map_units=1 merge_ranges=1 map_eff_cores=0.14 merge_eff_cores=0.64
event=kink_round H=5 col=33 round=finalize frontier_in=53 map_wall_s=0.001 map_cpu_s=0.000 merge_wall_s=0.001 merge_cpu_s=0.000 map_units=1 merge_ranges=1 map_eff_cores=0.00 merge_eff_cores=0.00
event=column H=5 col=33 frontier_in=19 frontier_out=8 wall_s=0.56 cum_wall_s=75.8 cpu_s=0.0 rss_max_mb=74.8 map_wall_s=0.24 map_cpu_s=0.0 merge_wall_s=0.29 merge_cpu_s=0.0 map_units=7 merge_ranges=6 eff_cores=0.01
event=kink_round H=6 col=27 round=stage2 frontier_in=341 map_wall_s=0.002 map_cpu_s=0.001 merge_wall_s=0.001 merge_cpu_s=0.001 map_units=1 merge_ranges=1 map_eff_cores=0.59 merge_eff_cores=0.86
event=kink_round H=8 col=12 round=finalize frontier_in=2895 map_wall_s=0.004 map_cpu_s=0.008 merge_wall_s=0.005 merge_cpu_s=0.004 map_units=2 merge_ranges=2 map_eff_cores=1.78 merge_eff_cores=0.73
event=kink_round H=5 col=34 round=seed frontier_in=8 map_wall_s=0.001 map_cpu_s=0.000 merge_wall_s=0.000 merge_cpu_s=0.000 map_units=1 merge_ranges=0 map_eff_cores=0.00 merge_eff_cores=0.00
event=column H=8 col=12 frontier_in=825 frontier_out=825 wall_s=0.78 cum_wall_s=76.5 cpu_s=0.2 rss_max_mb=54.6 map_wall_s=0.33 map_cpu_s=0.1 merge_wall_s=0.45 merge_cpu_s=0.1 map_units=17 merge_ranges=16 eff_cores=0.21
event=kink_round H=9 col=9 round=stage2 frontier_in=5618 map_wall_s=0.027 map_cpu_s=0.023 merge_wall_s=0.012 merge_cpu_s=0.020 map_units=3 merge_ranges=3 map_eff_cores=0.86 merge_eff_cores=1.63
event=kink_round H=8 col=13 round=seed frontier_in=825 map_wall_s=0.017 map_cpu_s=0.003 merge_wall_s=0.000 merge_cpu_s=0.000 map_units=1 merge_ranges=0 map_eff_cores=0.17 merge_eff_cores=0.00
event=kink_round H=7 col=18 round=finalize frontier_in=1129 map_wall_s=0.002 map_cpu_s=0.002 merge_wall_s=0.021 merge_cpu_s=0.003 map_units=1 merge_ranges=1 map_eff_cores=0.80 merge_eff_cores=0.14
event=column H=7 col=18 frontier_in=335 frontier_out=335 wall_s=0.71 cum_wall_s=77.3 cpu_s=0.0 rss_max_mb=60.6 map_wall_s=0.34 map_cpu_s=0.0 merge_wall_s=0.33 merge_cpu_s=0.0 map_units=9 merge_ranges=8 eff_cores=0.06
event=kink_round H=12 col=3 round=stage9 frontier_in=139565 map_wall_s=0.118 map_cpu_s=0.771 merge_wall_s=0.258 merge_cpu_s=0.564 map_units=69 merge_ranges=69 map_eff_cores=6.51 merge_eff_cores=2.19
event=kink_round H=19 col=1 round=stage5 frontier_in=1795424 map_wall_s=0.386 map_cpu_s=4.918 merge_wall_s=0.814 merge_cpu_s=3.283 map_units=640 merge_ranges=80 map_eff_cores=12.74 merge_eff_cores=4.03
event=kink_round H=6 col=27 round=stage3 frontier_in=403 map_wall_s=0.002 map_cpu_s=0.001 merge_wall_s=0.035 merge_cpu_s=0.001 map_units=1 merge_ranges=1 map_eff_cores=0.62 merge_eff_cores=0.03
event=kink_round H=10 col=6 round=finalize frontier_in=19812 map_wall_s=0.020 map_cpu_s=0.073 merge_wall_s=0.055 merge_cpu_s=0.039 map_units=10 merge_ranges=10 map_eff_cores=3.57 merge_eff_cores=0.71
event=column H=10 col=6 frontier_in=5567 frontier_out=5567 wall_s=1.70 cum_wall_s=79.0 cpu_s=1.6 rss_max_mb=79.0 map_wall_s=0.68 map_cpu_s=0.9 merge_wall_s=0.90 merge_cpu_s=0.6 map_units=98 merge_ranges=95 eff_cores=0.92
event=kink_round H=13 col=2 round=stage12 frontier_in=346835 map_wall_s=0.155 map_cpu_s=1.722 merge_wall_s=0.121 merge_cpu_s=1.206 map_units=170 merge_ranges=80 map_eff_cores=11.13 merge_eff_cores=10.00
event=kink_round H=18 col=1 round=stage7 frontier_in=1322972 map_wall_s=0.444 map_cpu_s=4.228 merge_wall_s=0.386 merge_cpu_s=2.670 map_units=640 merge_ranges=80 map_eff_cores=9.51 merge_eff_cores=6.92
event=kink_round H=7 col=19 round=seed frontier_in=335 map_wall_s=0.082 map_cpu_s=0.001 merge_wall_s=0.000 merge_cpu_s=0.000 map_units=1 merge_ranges=0 map_eff_cores=0.01 merge_eff_cores=0.00
event=kink_round H=5 col=34 round=stage0 frontier_in=8 map_wall_s=0.020 map_cpu_s=0.002 merge_wall_s=0.084 merge_cpu_s=0.000 map_units=1 merge_ranges=1 map_eff_cores=0.10 merge_eff_cores=0.00
event=kink_round H=6 col=27 round=stage4 frontier_in=423 map_wall_s=0.077 map_cpu_s=0.002 merge_wall_s=0.051 merge_cpu_s=0.001 map_units=1 merge_ranges=1 map_eff_cores=0.03 merge_eff_cores=0.02
event=kink_round H=8 col=13 round=stage0 frontier_in=825 map_wall_s=0.089 map_cpu_s=0.004 merge_wall_s=0.058 merge_cpu_s=0.003 map_units=1 merge_ranges=1 map_eff_cores=0.04 merge_eff_cores=0.05
event=kink_round H=10 col=7 round=seed frontier_in=5567 map_wall_s=0.077 map_cpu_s=0.025 merge_wall_s=0.000 merge_cpu_s=0.000 map_units=3 merge_ranges=0 map_eff_cores=0.33 merge_eff_cores=0.00
event=kink_round H=9 col=9 round=stage3 frontier_in=6682 map_wall_s=0.054 map_cpu_s=0.029 merge_wall_s=0.106 merge_cpu_s=0.026 map_units=4 merge_ranges=4 map_eff_cores=0.54 merge_eff_cores=0.24
event=kink_round H=11 col=4 round=stage10 frontier_in=53452 map_wall_s=0.073 map_cpu_s=0.254 merge_wall_s=0.134 merge_cpu_s=0.191 map_units=27 merge_ranges=27 map_eff_cores=3.46 merge_eff_cores=1.42
event=kink_round H=7 col=19 round=stage0 frontier_in=335 map_wall_s=0.050 map_cpu_s=0.002 merge_wall_s=0.069 merge_cpu_s=0.001 map_units=1 merge_ranges=1 map_eff_cores=0.04 merge_eff_cores=0.01
event=kink_round H=5 col=34 round=stage1 frontier_in=12 map_wall_s=0.055 map_cpu_s=0.000 merge_wall_s=0.062 merge_cpu_s=0.000 map_units=1 merge_ranges=1 map_eff_cores=0.00 merge_eff_cores=0.00
event=kink_round H=17 col=1 round=stage10 frontier_in=1167306 map_wall_s=0.449 map_cpu_s=4.110 merge_wall_s=0.301 merge_cpu_s=3.035 map_units=570 merge_ranges=80 map_eff_cores=9.14 merge_eff_cores=10.10
event=kink_round H=10 col=7 round=stage0 frontier_in=5567 map_wall_s=0.088 map_cpu_s=0.029 merge_wall_s=0.061 merge_cpu_s=0.024 map_units=3 merge_ranges=3 map_eff_cores=0.33 merge_eff_cores=0.39
event=kink_round H=6 col=27 round=stage5 frontier_in=458 map_wall_s=0.076 map_cpu_s=0.001 merge_wall_s=0.076 merge_cpu_s=0.001 map_units=1 merge_ranges=1 map_eff_cores=0.01 merge_eff_cores=0.01
event=kink_round H=8 col=13 round=stage1 frontier_in=1328 map_wall_s=0.077 map_cpu_s=0.005 merge_wall_s=0.091 merge_cpu_s=0.006 map_units=1 merge_ranges=1 map_eff_cores=0.07 merge_eff_cores=0.07
event=kink_round H=7 col=19 round=stage1 frontier_in=544 map_wall_s=0.061 map_cpu_s=0.002 merge_wall_s=0.053 merge_cpu_s=0.003 map_units=1 merge_ranges=1 map_eff_cores=0.03 merge_eff_cores=0.06
event=kink_round H=5 col=34 round=stage2 frontier_in=16 map_wall_s=0.062 map_cpu_s=0.000 merge_wall_s=0.056 merge_cpu_s=0.000 map_units=1 merge_ranges=1 map_eff_cores=0.00 merge_eff_cores=0.00
event=kink_round H=9 col=9 round=stage4 frontier_in=7282 map_wall_s=0.098 map_cpu_s=0.030 merge_wall_s=0.072 merge_cpu_s=0.021 map_units=4 merge_ranges=4 map_eff_cores=0.31 merge_eff_cores=0.29
event=kink_round H=12 col=3 round=stage10 frontier_in=139773 map_wall_s=0.097 map_cpu_s=0.835 merge_wall_s=0.217 merge_cpu_s=0.584 map_units=69 merge_ranges=69 map_eff_cores=8.60 merge_eff_cores=2.69
event=kink_round H=11 col=4 round=finalize frontier_in=52681 map_wall_s=0.090 map_cpu_s=0.195 merge_wall_s=0.070 merge_cpu_s=0.137 map_units=26 merge_ranges=26 map_eff_cores=2.16 merge_eff_cores=1.95
event=column H=11 col=4 frontier_in=14772 frontier_out=14825 wall_s=2.63 cum_wall_s=81.6 cpu_s=5.0 rss_max_mb=79.0 map_wall_s=0.84 map_cpu_s=2.8 merge_wall_s=1.50 merge_cpu_s=2.2 map_units=278 merge_ranges=270 eff_cores=1.90
event=kink_round H=16 col=1 round=stage13 frontier_in=1043895 map_wall_s=0.360 map_cpu_s=3.935 merge_wall_s=0.431 merge_cpu_s=2.790 map_units=510 merge_ranges=80 map_eff_cores=10.92 merge_eff_cores=6.47
event=kink_round H=13 col=2 round=finalize frontier_in=339147 map_wall_s=0.204 map_cpu_s=1.298 merge_wall_s=0.134 merge_cpu_s=1.129 map_units=166 merge_ranges=80 map_eff_cores=6.36 merge_eff_cores=8.41
event=kink_round H=6 col=27 round=finalize frontier_in=447 map_wall_s=0.052 map_cpu_s=0.001 merge_wall_s=0.088 merge_cpu_s=0.000 map_units=1 merge_ranges=1 map_eff_cores=0.02 merge_eff_cores=0.00
event=column H=6 col=27 frontier_in=131 frontier_out=131 wall_s=0.59 cum_wall_s=82.2 cpu_s=0.0 rss_max_mb=58.6 map_wall_s=0.29 map_cpu_s=0.0 merge_wall_s=0.31 merge_cpu_s=0.0 map_units=8 merge_ranges=7 eff_cores=0.02
event=kink_round H=7 col=19 round=stage2 frontier_in=873 map_wall_s=0.075 map_cpu_s=0.003 merge_wall_s=0.089 merge_cpu_s=0.002 map_units=1 merge_ranges=1 map_eff_cores=0.04 merge_eff_cores=0.02
event=kink_round H=11 col=5 round=seed frontier_in=14825 map_wall_s=0.109 map_cpu_s=0.066 merge_wall_s=0.000 merge_cpu_s=0.000 map_units=8 merge_ranges=0 map_eff_cores=0.61 merge_eff_cores=0.00
event=kink_round H=5 col=34 round=stage3 frontier_in=19 map_wall_s=0.075 map_cpu_s=0.000 merge_wall_s=0.103 merge_cpu_s=0.001 map_units=1 merge_ranges=1 map_eff_cores=0.00 merge_eff_cores=0.01
event=kink_round H=8 col=13 round=stage2 frontier_in=2153 map_wall_s=0.085 map_cpu_s=0.008 merge_wall_s=0.098 merge_cpu_s=0.008 map_units=2 merge_ranges=2 map_eff_cores=0.09 merge_eff_cores=0.08
event=kink_round H=9 col=9 round=stage5 frontier_in=7502 map_wall_s=0.094 map_cpu_s=0.037 merge_wall_s=0.090 merge_cpu_s=0.022 map_units=4 merge_ranges=4 map_eff_cores=0.40 merge_eff_cores=0.24
event=kink_round H=6 col=28 round=seed frontier_in=131 map_wall_s=0.071 map_cpu_s=0.001 merge_wall_s=0.000 merge_cpu_s=0.000 map_units=1 merge_ranges=0 map_eff_cores=0.01 merge_eff_cores=0.00
event=column H=13 col=2 frontier_in=57408 frontier_out=94599 wall_s=5.86 cum_wall_s=88.0 cpu_s=28.2 rss_max_mb=79.0 map_wall_s=1.47 map_cpu_s=16.1 merge_wall_s=3.14 merge_cpu_s=12.1 map_units=1622 merge_ranges=1028 eff_cores=4.82
event=kink_round H=10 col=7 round=stage1 frontier_in=8947 map_wall_s=0.100 map_cpu_s=0.043 merge_wall_s=0.124 merge_cpu_s=0.043 map_units=5 merge_ranges=5 map_eff_cores=0.43 merge_eff_cores=0.35
event=kink_round H=15 col=2 round=stage1 frontier_in=529343 map_wall_s=0.311 map_cpu_s=2.419 merge_wall_s=0.275 merge_cpu_s=2.112 map_units=259 merge_ranges=80 map_eff_cores=7.79 merge_eff_cores=7.69
event=kink_round H=7 col=19 round=stage3 frontier_in=1036 map_wall_s=0.056 map_cpu_s=0.003 merge_wall_s=0.079 merge_cpu_s=0.002 map_units=1 merge_ranges=1 map_eff_cores=0.05 merge_eff_cores=0.03
event=kink_round H=5 col=34 round=stage4 frontier_in=19 map_wall_s=0.070 map_cpu_s=0.001 merge_wall_s=0.047 merge_cpu_s=0.001 map_units=1 merge_ranges=1 map_eff_cores=0.01 merge_eff_cores=0.02
event=kink_round H=6 col=28 round=stage0 frontier_in=131 map_wall_s=0.060 map_cpu_s=0.001 merge_wall_s=0.060 merge_cpu_s=0.001 map_units=1 merge_ranges=1 map_eff_cores=0.02 merge_eff_cores=0.02
event=kink_round H=8 col=13 round=stage3 frontier_in=2568 map_wall_s=0.066 map_cpu_s=0.012 merge_wall_s=0.062 merge_cpu_s=0.008 map_units=2 merge_ranges=2 map_eff_cores=0.18 merge_eff_cores=0.13
event=kink_round H=13 col=3 round=seed frontier_in=94599 map_wall_s=0.080 map_cpu_s=0.407 merge_wall_s=0.000 merge_cpu_s=0.000 map_units=47 merge_ranges=0 map_eff_cores=5.11 merge_eff_cores=0.00
event=kink_round H=14 col=2 round=stage6 frontier_in=558969 map_wall_s=0.304 map_cpu_s=2.504 merge_wall_s=0.324 merge_cpu_s=1.677 map_units=273 merge_ranges=80 map_eff_cores=8.23 merge_eff_cores=5.18
event=kink_round H=11 col=5 round=stage0 frontier_in=14825 map_wall_s=0.063 map_cpu_s=0.084 merge_wall_s=0.109 merge_cpu_s=0.085 map_units=8 merge_ranges=8 map_eff_cores=1.33 merge_eff_cores=0.78
event=kink_round H=9 col=9 round=stage6 frontier_in=7569 map_wall_s=0.085 map_cpu_s=0.033 merge_wall_s=0.082 merge_cpu_s=0.024 map_units=4 merge_ranges=4 map_eff_cores=0.39 merge_eff_cores=0.29
event=kink_round H=10 col=7 round=stage2 frontier_in=14518 map_wall_s=0.082 map_cpu_s=0.067 merge_wall_s=0.073 merge_cpu_s=0.059 map_units=8 merge_ranges=8 map_eff_cores=0.82 merge_eff_cores=0.81
event=kink_round H=12 col=3 round=stage11 frontier_in=141992 map_wall_s=0.123 map_cpu_s=0.827 merge_wall_s=0.210 merge_cpu_s=0.594 map_units=70 merge_ranges=70 map_eff_cores=6.73 merge_eff_cores=2.83
event=kink_round H=5 col=34 round=finalize frontier_in=12 map_wall_s=0.053 map_cpu_s=0.000 merge_wall_s=0.037 merge_cpu_s=0.001 map_units=1 merge_ranges=1 map_eff_cores=0.00 merge_eff_cores=0.03
event=column H=5 col=34 frontier_in=8 frontier_out=3 wall_s=0.73 cum_wall_s=88.8 cpu_s=0.0 rss_max_mb=58.6 map_wall_s=0.34 map_cpu_s=0.0 merge_wall_s=0.39 merge_cpu_s=0.0 map_units=7 merge_ranges=6 eff_cores=0.01
event=kink_round H=6 col=28 round=stage1 frontier_in=212 map_wall_s=0.045 map_cpu_s=0.001 merge_wall_s=0.044 merge_cpu_s=0.001 map_units=1 merge_ranges=1 map_eff_cores=0.02 merge_eff_cores=0.02
event=kink_round H=5 col=35 round=seed frontier_in=3 map_wall_s=0.021 map_cpu_s=0.001 merge_wall_s=0.000 merge_cpu_s=0.000 map_units=1 merge_ranges=0 map_eff_cores=0.05 merge_eff_cores=0.00
event=kink_round H=7 col=19 round=stage4 frontier_in=1113 map_wall_s=0.060 map_cpu_s=0.004 merge_wall_s=0.054 merge_cpu_s=0.003 map_units=1 merge_ranges=1 map_eff_cores=0.07 merge_eff_cores=0.06
event=kink_round H=8 col=13 round=stage4 frontier_in=2795 map_wall_s=0.062 map_cpu_s=0.013 merge_wall_s=0.072 merge_cpu_s=0.008 map_units=2 merge_ranges=2 map_eff_cores=0.21 merge_eff_cores=0.11
event=kink_round H=9 col=9 round=stage7 frontier_in=7596 map_wall_s=0.048 map_cpu_s=0.034 merge_wall_s=0.091 merge_cpu_s=0.021 map_units=4 merge_ranges=4 map_eff_cores=0.71 merge_eff_cores=0.23
event=kink_round H=13 col=3 round=stage0 frontier_in=94599 map_wall_s=0.071 map_cpu_s=0.499 merge_wall_s=0.120 merge_cpu_s=0.406 map_units=47 merge_ranges=47 map_eff_cores=7.07 merge_eff_cores=3.39
event=kink_round H=10 col=7 round=stage3 frontier_in=17220 map_wall_s=0.054 map_cpu_s=0.082 merge_wall_s=0.133 merge_cpu_s=0.054 map_units=9 merge_ranges=9 map_eff_cores=1.53 merge_eff_cores=0.40
event=kink_round H=11 col=5 round=stage1 frontier_in=23853 map_wall_s=0.059 map_cpu_s=0.142 merge_wall_s=0.158 merge_cpu_s=0.115 map_units=12 merge_ranges=12 map_eff_cores=2.41 merge_eff_cores=0.73
event=kink_round H=5 col=35 round=stage0 frontier_in=3 map_wall_s=0.079 map_cpu_s=0.000 merge_wall_s=0.112 merge_cpu_s=0.003 map_units=1 merge_ranges=1 map_eff_cores=0.00 merge_eff_cores=0.03
event=kink_round H=6 col=28 round=stage2 frontier_in=341 map_wall_s=0.087 map_cpu_s=0.001 merge_wall_s=0.107 merge_cpu_s=0.003 map_units=1 merge_ranges=1 map_eff_cores=0.01 merge_eff_cores=0.03
event=kink_round H=7 col=19 round=stage5 frontier_in=1130 map_wall_s=0.091 map_cpu_s=0.003 merge_wall_s=0.112 merge_cpu_s=0.004 map_units=1 merge_ranges=1 map_eff_cores=0.03 merge_eff_cores=0.04
event=kink_round H=8 col=13 round=stage5 frontier_in=2858 map_wall_s=0.139 map_cpu_s=0.011 merge_wall_s=0.073 merge_cpu_s=0.009 map_units=2 merge_ranges=2 map_eff_cores=0.08 merge_eff_cores=0.12
event=kink_round H=9 col=9 round=stage8 frontier_in=7732 map_wall_s=0.121 map_cpu_s=0.037 merge_wall_s=0.082 merge_cpu_s=0.027 map_units=4 merge_ranges=4 map_eff_cores=0.31 merge_eff_cores=0.33
event=kink_round H=12 col=3 round=finalize frontier_in=140376 map_wall_s=0.155 map_cpu_s=0.627 merge_wall_s=0.122 merge_cpu_s=0.533 map_units=69 merge_ranges=69 map_eff_cores=4.05 merge_eff_cores=4.36
event=kink_round H=6 col=28 round=stage3 frontier_in=402 map_wall_s=0.072 map_cpu_s=0.001 merge_wall_s=0.053 merge_cpu_s=0.001 map_units=1 merge_ranges=1 map_eff_cores=0.01 merge_eff_cores=0.02
event=kink_round H=5 col=35 round=stage1 frontier_in=3 map_wall_s=0.072 map_cpu_s=0.000 merge_wall_s=0.047 merge_cpu_s=0.001 map_units=1 merge_ranges=1 map_eff_cores=0.00 merge_eff_cores=0.02
event=kink_round H=10 col=7 round=stage4 frontier_in=18804 map_wall_s=0.075 map_cpu_s=0.096 merge_wall_s=0.092 merge_cpu_s=0.067 map_units=10 merge_ranges=10 map_eff_cores=1.28 merge_eff_cores=0.73
event=kink_round H=7 col=19 round=stage6 frontier_in=1170 map_wall_s=0.073 map_cpu_s=0.004 merge_wall_s=0.045 merge_cpu_s=0.003 map_units=1 merge_ranges=1 map_eff_cores=0.05 merge_eff_cores=0.07
event=column H=12 col=3 frontier_in=36226 frontier_out=39212 wall_s=3.78 cum_wall_s=92.5 cpu_s=14.7 rss_max_mb=79.0 map_wall_s=1.18 map_cpu_s=8.4 merge_wall_s=2.08 merge_cpu_s=6.3 map_units=767 merge_ranges=749 eff_cores=3.89
event=kink_round H=8 col=13 round=stage6 frontier_in=2920 map_wall_s=0.067 map_cpu_s=0.014 merge_wall_s=0.032 merge_cpu_s=0.007 map_units=2 merge_ranges=2 map_eff_cores=0.21 merge_eff_cores=0.22
event=kink_round H=11 col=5 round=stage2 frontier_in=38639 map_wall_s=0.093 map_cpu_s=0.222 merge_wall_s=0.068 merge_cpu_s=0.167 map_units=19 merge_ranges=19 map_eff_cores=2.38 merge_eff_cores=2.47
event=kink_round H=19 col=1 round=stage6 frontier_in=2184568 map_wall_s=0.602 map_cpu_s=5.524 merge_wall_s=0.408 merge_cpu_s=3.540 map_units=640 merge_ranges=80 map_eff_cores=9.17 merge_eff_cores=8.68
event=kink_round H=13 col=3 round=stage1 frontier_in=151498 map_wall_s=0.117 map_cpu_s=0.901 merge_wall_s=0.139 merge_cpu_s=0.749 map_units=74 merge_ranges=74 map_eff_cores=7.72 merge_eff_cores=5.41
event=kink_round H=18 col=1 round=stage8 frontier_in=1599333 map_wall_s=0.593 map_cpu_s=4.770 merge_wall_s=0.396 merge_cpu_s=3.107 map_units=640 merge_ranges=80 map_eff_cores=8.05 merge_eff_cores=7.85
event=kink_round H=5 col=35 round=stage2 frontier_in=3 map_wall_s=0.017 map_cpu_s=0.000 merge_wall_s=0.064 merge_cpu_s=0.000 map_units=1 merge_ranges=1 map_eff_cores=0.00 merge_eff_cores=0.00
event=kink_round H=6 col=28 round=stage4 frontier_in=423 map_wall_s=0.021 map_cpu_s=0.002 merge_wall_s=0.064 merge_cpu_s=0.001 map_units=1 merge_ranges=1 map_eff_cores=0.10 merge_eff_cores=0.02
event=kink_round H=9 col=9 round=finalize frontier_in=7529 map_wall_s=0.037 map_cpu_s=0.028 merge_wall_s=0.069 merge_cpu_s=0.008 map_units=4 merge_ranges=4 map_eff_cores=0.75 merge_eff_cores=0.12
event=column H=9 col=9 frontier_in=2153 frontier_out=2153 wall_s=1.55 cum_wall_s=94.1 cpu_s=0.5 rss_max_mb=74.8 map_wall_s=0.77 map_cpu_s=0.3 merge_wall_s=0.75 merge_cpu_s=0.2 map_units=37 merge_ranges=35 eff_cores=0.32
event=kink_round H=7 col=19 round=finalize frontier_in=1129 map_wall_s=0.032 map_cpu_s=0.003 merge_wall_s=0.099 merge_cpu_s=0.001 map_units=1 merge_ranges=1 map_eff_cores=0.09 merge_eff_cores=0.01
event=column H=7 col=19 frontier_in=335 frontier_out=335 wall_s=1.19 cum_wall_s=95.3 cpu_s=0.0 rss_max_mb=74.8 map_wall_s=0.58 map_cpu_s=0.0 merge_wall_s=0.60 merge_cpu_s=0.0 map_units=9 merge_ranges=8 eff_cores=0.04
event=kink_round H=12 col=4 round=seed frontier_in=39212 map_wall_s=0.118 map_cpu_s=0.185 merge_wall_s=0.000 merge_cpu_s=0.000 map_units=20 merge_ranges=0 map_eff_cores=1.57 merge_eff_cores=0.00
event=kink_round H=8 col=13 round=stage7 frontier_in=2997 map_wall_s=0.069 map_cpu_s=0.010 merge_wall_s=0.111 merge_cpu_s=0.008 map_units=2 merge_ranges=2 map_eff_cores=0.14 merge_eff_cores=0.07
event=kink_round H=9 col=10 round=seed frontier_in=2153 map_wall_s=0.115 map_cpu_s=0.008 merge_wall_s=0.000 merge_cpu_s=0.000 map_units=2 merge_ranges=0 map_eff_cores=0.07 merge_eff_cores=0.00
event=kink_round H=10 col=7 round=stage5 frontier_in=19508 map_wall_s=0.078 map_cpu_s=0.084 merge_wall_s=0.125 merge_cpu_s=0.062 map_units=10 merge_ranges=10 map_eff_cores=1.07 merge_eff_cores=0.50
event=kink_round H=17 col=1 round=stage11 frontier_in=1410299 map_wall_s=0.656 map_cpu_s=5.089 merge_wall_s=0.243 merge_cpu_s=3.316 map_units=640 merge_ranges=80 map_eff_cores=7.76 merge_eff_cores=13.65
event=kink_round H=7 col=20 round=seed frontier_in=335 map_wall_s=0.091 map_cpu_s=0.001 merge_wall_s=0.000 merge_cpu_s=0.000 map_units=1 merge_ranges=0 map_eff_cores=0.01 merge_eff_cores=0.00
event=kink_round H=6 col=28 round=stage5 frontier_in=458 map_wall_s=0.113 map_cpu_s=0.001 merge_wall_s=0.047 merge_cpu_s=0.001 map_units=1 merge_ranges=1 map_eff_cores=0.01 merge_eff_cores=0.02
event=kink_round H=5 col=35 round=stage3 frontier_in=3 map_wall_s=0.113 map_cpu_s=0.000 merge_wall_s=0.062 merge_cpu_s=0.001 map_units=1 merge_ranges=1 map_eff_cores=0.00 merge_eff_cores=0.02
event=kink_round H=11 col=5 round=stage3 frontier_in=45708 map_wall_s=0.133 map_cpu_s=0.218 merge_wall_s=0.110 merge_cpu_s=0.182 map_units=23 merge_ranges=23 map_eff_cores=1.64 merge_eff_cores=1.66
event=kink_round H=8 col=13 round=finalize frontier_in=2895 map_wall_s=0.047 map_cpu_s=0.011 merge_wall_s=0.074 merge_cpu_s=0.004 map_units=2 merge_ranges=2 map_eff_cores=0.23 merge_eff_cores=0.05
event=column H=8 col=13 frontier_in=825 frontier_out=825 wall_s=1.40 cum_wall_s=96.7 cpu_s=0.2 rss_max_mb=72.8 map_wall_s=0.72 map_cpu_s=0.1 merge_wall_s=0.67 merge_cpu_s=0.1 map_units=17 merge_ranges=16 eff_cores=0.11
event=kink_round H=9 col=10 round=stage0 frontier_in=2153 map_wall_s=0.047 map_cpu_s=0.010 merge_wall_s=0.074 merge_cpu_s=0.010 map_units=2 merge_ranges=2 map_eff_cores=0.21 merge_eff_cores=0.14
event=kink_round H=14 col=2 round=stage7 frontier_in=595462 map_wall_s=0.331 map_cpu_s=2.880 merge_wall_s=0.289 merge_cpu_s=1.769 map_units=291 merge_ranges=80 map_eff_cores=8.71 merge_eff_cores=6.12
event=kink_round H=16 col=1 round=stage14 frontier_in=1282516 map_wall_s=0.601 map_cpu_s=5.320 merge_wall_s=0.366 merge_cpu_s=3.573 map_units=627 merge_ranges=80 map_eff_cores=8.86 merge_eff_cores=9.77
event=kink_round H=12 col=4 round=stage0 frontier_in=39212 map_wall_s=0.100 map_cpu_s=0.241 merge_wall_s=0.094 merge_cpu_s=0.206 map_units=20 merge_ranges=20 map_eff_cores=2.40 merge_eff_cores=2.18
event=kink_round H=7 col=20 round=stage0 frontier_in=335 map_wall_s=0.076 map_cpu_s=0.001 merge_wall_s=0.064 merge_cpu_s=0.001 map_units=1 merge_ranges=1 map_eff_cores=0.01 merge_eff_cores=0.02
event=kink_round H=5 col=35 round=stage4 frontier_in=2 map_wall_s=0.069 map_cpu_s=0.002 merge_wall_s=0.065 merge_cpu_s=0.001 map_units=1 merge_ranges=1 map_eff_cores=0.03 merge_eff_cores=0.02
event=kink_round H=6 col=28 round=finalize frontier_in=447 map_wall_s=0.079 map_cpu_s=0.002 merge_wall_s=0.071 merge_cpu_s=0.001 map_units=1 merge_ranges=1 map_eff_cores=0.03 merge_eff_cores=0.01
event=column H=6 col=28 frontier_in=131 frontier_out=131 wall_s=1.00 cum_wall_s=97.7 cpu_s=0.0 rss_max_mb=64.6 map_wall_s=0.55 map_cpu_s=0.0 merge_wall_s=0.45 merge_cpu_s=0.0 map_units=8 merge_ranges=7 eff_cores=0.02
event=kink_round H=8 col=14 round=seed frontier_in=825 map_wall_s=0.060 map_cpu_s=0.004 merge_wall_s=0.000 merge_cpu_s=0.000 map_units=1 merge_ranges=0 map_eff_cores=0.07 merge_eff_cores=0.00
event=kink_round H=10 col=7 round=stage6 frontier_in=19682 map_wall_s=0.091 map_cpu_s=0.087 merge_wall_s=0.092 merge_cpu_s=0.068 map_units=10 merge_ranges=10 map_eff_cores=0.96 merge_eff_cores=0.74
event=kink_round H=13 col=3 round=stage2 frontier_in=247446 map_wall_s=0.203 map_cpu_s=1.318 merge_wall_s=0.168 merge_cpu_s=1.014 map_units=121 merge_ranges=80 map_eff_cores=6.49 merge_eff_cores=6.04
event=kink_round H=5 col=35 round=finalize frontier_in=1 map_wall_s=0.057 map_cpu_s=0.002 merge_wall_s=0.000 merge_cpu_s=0.000 map_units=0 merge_ranges=0 map_eff_cores=0.04 merge_eff_cores=0.00
event=column H=5 col=35 frontier_in=3 frontier_out=0 wall_s=0.79 cum_wall_s=98.5 cpu_s=0.0 rss_max_mb=60.6 map_wall_s=0.43 map_cpu_s=0.0 merge_wall_s=0.35 merge_cpu_s=0.0 map_units=6 merge_ranges=5 eff_cores=0.01
event=kink_round H=6 col=29 round=seed frontier_in=131 map_wall_s=0.059 map_cpu_s=0.001 merge_wall_s=0.000 merge_cpu_s=0.000 map_units=1 merge_ranges=0 map_eff_cores=0.02 merge_eff_cores=0.00
event=kink_round H=7 col=20 round=stage1 frontier_in=544 map_wall_s=0.038 map_cpu_s=0.002 merge_wall_s=0.057 merge_cpu_s=0.002 map_units=1 merge_ranges=1 map_eff_cores=0.05 merge_eff_cores=0.03
event=kink_round H=11 col=5 round=stage4 frontier_in=49854 map_wall_s=0.086 map_cpu_s=0.246 merge_wall_s=0.104 merge_cpu_s=0.194 map_units=25 merge_ranges=25 map_eff_cores=2.87 merge_eff_cores=1.86
event=kink_round H=9 col=10 round=stage1 frontier_in=3472 map_wall_s=0.069 map_cpu_s=0.017 merge_wall_s=0.074 merge_cpu_s=0.015 map_units=2 merge_ranges=2 map_eff_cores=0.25 merge_eff_cores=0.20
event=kink_round H=8 col=14 round=stage0 frontier_in=825 map_wall_s=0.062 map_cpu_s=0.004 merge_wall_s=0.085 merge_cpu_s=0.004 map_units=1 merge_ranges=1 map_eff_cores=0.06 merge_eff_cores=0.05
event=kink_round H=6 col=29 round=stage0 frontier_in=131 map_wall_s=0.052 map_cpu_s=0.001 merge_wall_s=0.106 merge_cpu_s=0.001 map_units=1 merge_ranges=1 map_eff_cores=0.02 merge_eff_cores=0.01
event=kink_round H=10 col=7 round=stage7 frontier_in=19901 map_wall_s=0.071 map_cpu_s=0.091 merge_wall_s=0.166 merge_cpu_s=0.056 map_units=10 merge_ranges=10 map_eff_cores=1.29 merge_eff_cores=0.34
event=kink_round H=12 col=4 round=stage1 frontier_in=62990 map_wall_s=0.072 map_cpu_s=0.389 merge_wall_s=0.204 merge_cpu_s=0.334 map_units=31 merge_ranges=31 map_eff_cores=5.37 merge_eff_cores=1.64
event=kink_round H=7 col=20 round=stage2 frontier_in=873 map_wall_s=0.102 map_cpu_s=0.003 merge_wall_s=0.089 merge_cpu_s=0.002 map_units=1 merge_ranges=1 map_eff_cores=0.03 merge_eff_cores=0.02
event=kink_round H=9 col=10 round=stage2 frontier_in=5618 map_wall_s=0.102 map_cpu_s=0.025 merge_wall_s=0.112 merge_cpu_s=0.018 map_units=3 merge_ranges=3 map_eff_cores=0.25 merge_eff_cores=0.16
event=kink_round H=15 col=2 round=stage2 frontier_in=879945 map_wall_s=0.512 map_cpu_s=3.881 merge_wall_s=0.496 merge_cpu_s=2.751 map_units=430 merge_ranges=80 map_eff_cores=7.59 merge_eff_cores=5.55
event=kink_round H=8 col=14 round=stage1 frontier_in=1328 map_wall_s=0.092 map_cpu_s=0.007 merge_wall_s=0.093 merge_cpu_s=0.005 map_units=1 merge_ranges=1 map_eff_cores=0.08 merge_eff_cores=0.05
event=kink_round H=11 col=5 round=stage5 frontier_in=51726 map_wall_s=0.115 map_cpu_s=0.262 merge_wall_s=0.134 merge_cpu_s=0.178 map_units=26 merge_ranges=26 map_eff_cores=2.29 merge_eff_cores=1.33
event=kink_round H=6 col=29 round=stage1 frontier_in=211 map_wall_s=0.083 map_cpu_s=0.001 merge_wall_s=0.076 merge_cpu_s=0.001 map_units=1 merge_ranges=1 map_eff_cores=0.01 merge_eff_cores=0.01
event=kink_round H=7 col=20 round=stage3 frontier_in=1036 map_wall_s=0.075 map_cpu_s=0.005 merge_wall_s=0.091 merge_cpu_s=0.002 map_units=1 merge_ranges=1 map_eff_cores=0.07 merge_eff_cores=0.02
event=kink_round H=10 col=7 round=stage8 frontier_in=19909 map_wall_s=0.100 map_cpu_s=0.092 merge_wall_s=0.145 merge_cpu_s=0.060 map_units=10 merge_ranges=10 map_eff_cores=0.92 merge_eff_cores=0.41
event=kink_round H=8 col=14 round=stage2 frontier_in=2153 map_wall_s=0.069 map_cpu_s=0.008 merge_wall_s=0.117 merge_cpu_s=0.008 map_units=2 merge_ranges=2 map_eff_cores=0.12 merge_eff_cores=0.07
event=kink_round H=9 col=10 round=stage3 frontier_in=6682 map_wall_s=0.082 map_cpu_s=0.034 merge_wall_s=0.145 merge_cpu_s=0.023 map_units=4 merge_ranges=4 map_eff_cores=0.41 merge_eff_cores=0.16
event=kink_round H=12 col=4 round=stage2 frontier_in=102205 map_wall_s=0.097 map_cpu_s=0.636 merge_wall_s=0.168 merge_cpu_s=0.481 map_units=50 merge_ranges=50 map_eff_cores=6.56 merge_eff_cores=2.87
event=kink_round H=13 col=3 round=stage3 frontier_in=294845 map_wall_s=0.202 map_cpu_s=1.911 merge_wall_s=0.237 merge_cpu_s=1.119 map_units=144 merge_ranges=80 map_eff_cores=9.48 merge_eff_cores=4.72
event=kink_round H=6 col=29 round=stage2 frontier_in=340 map_wall_s=0.102 map_cpu_s=0.001 merge_wall_s=0.124 merge_cpu_s=0.001 map_units=1 merge_ranges=1 map_eff_cores=0.01 merge_eff_cores=0.01
event=kink_round H=14 col=2 round=stage8 frontier_in=636782 map_wall_s=0.331 map_cpu_s=3.006 merge_wall_s=0.308 merge_cpu_s=1.983 map_units=311 merge_ranges=80 map_eff_cores=9.07 merge_eff_cores=6.43
event=kink_round H=7 col=20 round=stage4 frontier_in=1113 map_wall_s=0.102 map_cpu_s=0.003 merge_wall_s=0.152 merge_cpu_s=0.002 map_units=1 merge_ranges=1 map_eff_cores=0.03 merge_eff_cores=0.01
event=kink_round H=11 col=5 round=stage6 frontier_in=52426 map_wall_s=0.141 map_cpu_s=0.223 merge_wall_s=0.194 merge_cpu_s=0.184 map_units=26 merge_ranges=26 map_eff_cores=1.58 merge_eff_cores=0.95
event=kink_round H=6 col=29 round=stage3 frontier_in=400 map_wall_s=0.103 map_cpu_s=0.003 merge_wall_s=0.065 merge_cpu_s=0.001 map_units=1 merge_ranges=1 map_eff_cores=0.03 merge_eff_cores=0.02
event=kink_round H=8 col=14 round=stage3 frontier_in=2568 map_wall_s=0.171 map_cpu_s=0.011 merge_wall_s=0.105 merge_cpu_s=0.008 map_units=2 merge_ranges=2 map_eff_cores=0.06 merge_eff_cores=0.08
event=kink_round H=9 col=10 round=stage4 frontier_in=7282 map_wall_s=0.153 map_cpu_s=0.032 merge_wall_s=0.111 merge_cpu_s=0.023 map_units=4 merge_ranges=4 map_eff_cores=0.21 merge_eff_cores=0.21
event=kink_round H=10 col=7 round=stage9 frontier_in=20222 map_wall_s=0.167 map_cpu_s=0.090 merge_wall_s=0.134 merge_cpu_s=0.067 map_units=10 merge_ranges=10 map_eff_cores=0.54 merge_eff_cores=0.50
event=kink_round H=12 col=4 round=stage3 frontier_in=120707 map_wall_s=0.138 map_cpu_s=0.756 merge_wall_s=0.115 merge_cpu_s=0.497 map_units=59 merge_ranges=59 map_eff_cores=5.47 merge_eff_cores=4.32
event=kink_round H=7 col=20 round=stage5 frontier_in=1130 map_wall_s=0.069 map_cpu_s=0.005 merge_wall_s=0.116 merge_cpu_s=0.002 map_units=1 merge_ranges=1 map_eff_cores=0.07 merge_eff_cores=0.02
event=kink_round H=19 col=1 round=stage7 frontier_in=2646072 map_wall_s=0.746 map_cpu_s=6.752 merge_wall_s=0.453 merge_cpu_s=4.036 map_units=640 merge_ranges=80 map_eff_cores=9.06 merge_eff_cores=8.91
event=kink_round H=6 col=29 round=stage4 frontier_in=421 map_wall_s=0.125 map_cpu_s=0.001 merge_wall_s=0.056 merge_cpu_s=0.001 map_units=1 merge_ranges=1 map_eff_cores=0.01 merge_eff_cores=0.02
event=kink_round H=8 col=14 round=stage4 frontier_in=2795 map_wall_s=0.112 map_cpu_s=0.011 merge_wall_s=0.064 merge_cpu_s=0.007 map_units=2 merge_ranges=2 map_eff_cores=0.10 merge_eff_cores=0.11
event=kink_round H=7 col=20 round=stage6 frontier_in=1170 map_wall_s=0.051 map_cpu_s=0.004 merge_wall_s=0.051 merge_cpu_s=0.002 map_units=1 merge_ranges=1 map_eff_cores=0.08 merge_eff_cores=0.04
event=kink_round H=9 col=10 round=stage5 frontier_in=7502 map_wall_s=0.109 map_cpu_s=0.029 merge_wall_s=0.077 merge_cpu_s=0.020 map_units=4 merge_ranges=4 map_eff_cores=0.27 merge_eff_cores=0.26
event=kink_round H=10 col=7 round=finalize frontier_in=19812 map_wall_s=0.098 map_cpu_s=0.073 merge_wall_s=0.069 merge_cpu_s=0.031 map_units=10 merge_ranges=10 map_eff_cores=0.75 merge_eff_cores=0.45
event=column H=10 col=7 frontier_in=5567 frontier_out=5567 wall_s=2.36 cum_wall_s=100.8 cpu_s=1.4 rss_max_mb=79.0 map_wall_s=1.08 map_cpu_s=0.9 merge_wall_s=1.22 merge_cpu_s=0.6 map_units=98 merge_ranges=95 eff_cores=0.61
event=kink_round H=6 col=29 round=stage5 frontier_in=458 map_wall_s=0.096 map_cpu_s=0.001 merge_wall_s=0.048 merge_cpu_s=0.004 map_units=1 merge_ranges=1 map_eff_cores=0.01 merge_eff_cores=0.08
event=kink_round H=10 col=8 round=seed frontier_in=5567 map_wall_s=0.119 map_cpu_s=0.027 merge_wall_s=0.000 merge_cpu_s=0.000 map_units=3 merge_ranges=0 map_eff_cores=0.23 merge_eff_cores=0.00
event=kink_round H=7 col=20 round=finalize frontier_in=1129 map_wall_s=0.098 map_cpu_s=0.002 merge_wall_s=0.040 merge_cpu_s=0.001 map_units=1 merge_ranges=1 map_eff_cores=0.02 merge_eff_cores=0.03
event=column H=7 col=20 frontier_in=335 frontier_out=335 wall_s=1.38 cum_wall_s=102.2 cpu_s=0.0 rss_max_mb=54.6 map_wall_s=0.70 map_cpu_s=0.0 merge_wall_s=0.66 merge_cpu_s=0.0 map_units=9 merge_ranges=8 eff_cores=0.03
event=kink_round H=11 col=5 round=stage7 frontier_in=52569 map_wall_s=0.148 map_cpu_s=0.289 merge_wall_s=0.224 merge_cpu_s=0.181 map_units=26 merge_ranges=26 map_eff_cores=1.95 merge_eff_cores=0.81
event=kink_round H=6 col=29 round=finalize frontier_in=445 map_wall_s=0.013 map_cpu_s=0.001 merge_wall_s=0.006 merge_cpu_s=0.001 map_units=1 merge_ranges=1 map_eff_cores=0.08 merge_eff_cores=0.16
event=column H=6 col=29 frontier_in=131 frontier_out=130 wall_s=1.13 cum_wall_s=103.3 cpu_s=0.0 rss_max_mb=79.0 map_wall_s=0.63 map_cpu_s=0.0 merge_wall_s=0.48 merge_cpu_s=0.0 map_units=8 merge_ranges=7 eff_cores=0.02
event=kink_round H=8 col=14 round=stage5 frontier_in=2858 map_wall_s=0.103 map_cpu_s=0.010 merge_wall_s=0.060 merge_cpu_s=0.008 map_units=2 merge_ranges=2 map_eff_cores=0.10 merge_eff_cores=0.13
event=kink_round H=6 col=30 round=seed frontier_in=130 map_wall_s=0.006 map_cpu_s=0.001 merge_wall_s=0.000 merge_cpu_s=0.000 map_units=1 merge_ranges=0 map_eff_cores=0.17 merge_eff_cores=0.00
event=kink_round H=18 col=1 round=stage9 frontier_in=1931698 map_wall_s=0.738 map_cpu_s=5.842 merge_wall_s=0.693 merge_cpu_s=3.617 map_units=640 merge_ranges=80 map_eff_cores=7.92 merge_eff_cores=5.22
event=kink_round H=7 col=21 round=seed frontier_in=335 map_wall_s=0.027 map_cpu_s=0.001 merge_wall_s=0.000 merge_cpu_s=0.000 map_units=1 merge_ranges=0 map_eff_cores=0.04 merge_eff_cores=0.00
event=kink_round H=12 col=4 round=stage4 frontier_in=131502 map_wall_s=0.091 map_cpu_s=0.828 merge_wall_s=0.202 merge_cpu_s=0.530 map_units=65 merge_ranges=65 map_eff_cores=9.08 merge_eff_cores=2.62
event=kink_round H=9 col=10 round=stage6 frontier_in=7569 map_wall_s=0.104 map_cpu_s=0.032 merge_wall_s=0.073 merge_cpu_s=0.021 map_units=4 merge_ranges=4 map_eff_cores=0.31 merge_eff_cores=0.29
event=kink_round H=6 col=30 round=stage0 frontier_in=130 map_wall_s=0.048 map_cpu_s=0.001 merge_wall_s=0.020 merge_cpu_s=0.001 map_units=1 merge_ranges=1 map_eff_cores=0.02 merge_eff_cores=0.05
event=kink_round H=10 col=8 round=stage0 frontier_in=5567 map_wall_s=0.039 map_cpu_s=0.028 merge_wall_s=0.058 merge_cpu_s=0.025 map_units=3 merge_ranges=3 map_eff_cores=0.71 merge_eff_cores=0.43
event=kink_round H=13 col=3 round=stage4 frontier_in=321447 map_wall_s=0.240 map_cpu_s=1.966 merge_wall_s=0.350 merge_cpu_s=1.265 map_units=157 merge_ranges=80 map_eff_cores=8.18 merge_eff_cores=3.62
event=kink_round H=8 col=14 round=stage6 frontier_in=2920 map_wall_s=0.056 map_cpu_s=0.010 merge_wall_s=0.039 merge_cpu_s=0.007 map_units=2 merge_ranges=2 map_eff_cores=0.18 merge_eff_cores=0.18
event=kink_round H=7 col=21 round=stage0 frontier_in=335 map_wall_s=0.040 map_cpu_s=0.002 merge_wall_s=0.084 merge_cpu_s=0.001 map_units=1 merge_ranges=1 map_eff_cores=0.05 merge_eff_cores=0.01
event=kink_round H=9 col=10 round=stage7 frontier_in=7596 map_wall_s=0.045 map_cpu_s=0.032 merge_wall_s=0.077 merge_cpu_s=0.020 map_units=4 merge_ranges=4 map_eff_cores=0.71 merge_eff_cores=0.26
event=kink_round H=6 col=30 round=stage1 frontier_in=208 map_wall_s=0.080 map_cpu_s=0.001 merge_wall_s=0.041 merge_cpu_s=0.001 map_units=1 merge_ranges=1 map_eff_cores=0.01 merge_eff_cores=0.02
event=kink_round H=11 col=5 round=stage8 frontier_in=52799 map_wall_s=0.099 map_cpu_s=0.278 merge_wall_s=0.092 merge_cpu_s=0.182 map_units=26 merge_ranges=26 map_eff_cores=2.82 merge_eff_cores=1.98
event=kink_round H=14 col=2 round=stage9 frontier_in=685159 map_wall_s=0.450 map_cpu_s=3.275 merge_wall_s=0.239 merge_cpu_s=2.153 map_units=335 merge_ranges=80 map_eff_cores=7.27 merge_eff_cores=9.00
event=kink_round H=17 col=1 round=stage12 frontier_in=1706068 map_wall_s=0.803 map_cpu_s=5.956 merge_wall_s=0.663 merge_cpu_s=3.814 map_units=640 merge_ranges=80 map_eff_cores=7.42 merge_eff_cores=5.75
event=kink_round H=8 col=14 round=stage7 frontier_in=2997 map_wall_s=0.081 map_cpu_s=0.009 merge_wall_s=0.066 merge_cpu_s=0.006 map_units=2 merge_ranges=2 map_eff_cores=0.11 merge_eff_cores=0.09
event=kink_round H=7 col=21 round=stage1 frontier_in=544 map_wall_s=0.044 map_cpu_s=0.002 merge_wall_s=0.054 merge_cpu_s=0.002 map_units=1 merge_ranges=1 map_eff_cores=0.05 merge_eff_cores=0.04
event=kink_round H=10 col=8 round=stage1 frontier_in=8947 map_wall_s=0.095 map_cpu_s=0.050 merge_wall_s=0.076 merge_cpu_s=0.042 map_units=5 merge_ranges=5 map_eff_cores=0.53 merge_eff_cores=0.55
event=kink_round H=6 col=30 round=stage2 frontier_in=334 map_wall_s=0.062 map_cpu_s=0.002 merge_wall_s=0.044 merge_cpu_s=0.001 map_units=1 merge_ranges=1 map_eff_cores=0.03 merge_eff_cores=0.02
event=kink_round H=9 col=10 round=stage8 frontier_in=7732 map_wall_s=0.071 map_cpu_s=0.037 merge_wall_s=0.055 merge_cpu_s=0.026 map_units=4 merge_ranges=4 map_eff_cores=0.52 merge_eff_cores=0.47
event=kink_round H=7 col=21 round=stage2 frontier_in=873 map_wall_s=0.055 map_cpu_s=0.004 merge_wall_s=0.030 merge_cpu_s=0.003 map_units=1 merge_ranges=1 map_eff_cores=0.07 merge_eff_cores=0.10
event=kink_round H=12 col=4 round=stage5 frontier_in=136650 map_wall_s=0.104 map_cpu_s=0.782 merge_wall_s=0.175 merge_cpu_s=0.588 map_units=67 merge_ranges=67 map_eff_cores=7.54 merge_eff_cores=3.37
event=kink_round H=8 col=14 round=finalize frontier_in=2895 map_wall_s=0.053 map_cpu_s=0.010 merge_wall_s=0.041 merge_cpu_s=0.005 map_units=2 merge_ranges=2 map_eff_cores=0.19 merge_eff_cores=0.12
event=column H=8 col=14 frontier_in=825 frontier_out=825 wall_s=1.55 cum_wall_s=104.9 cpu_s=0.1 rss_max_mb=56.6 map_wall_s=0.86 map_cpu_s=0.1 merge_wall_s=0.67 merge_cpu_s=0.1 map_units=17 merge_ranges=16 eff_cores=0.09
event=kink_round H=6 col=30 round=stage3 frontier_in=394 map_wall_s=0.029 map_cpu_s=0.001 merge_wall_s=0.023 merge_cpu_s=0.001 map_units=1 merge_ranges=1 map_eff_cores=0.04 merge_eff_cores=0.04
event=kink_round H=10 col=8 round=stage2 frontier_in=14518 map_wall_s=0.055 map_cpu_s=0.077 merge_wall_s=0.056 merge_cpu_s=0.051 map_units=8 merge_ranges=8 map_eff_cores=1.41 merge_eff_cores=0.91
event=kink_round H=11 col=5 round=stage9 frontier_in=52650 map_wall_s=0.072 map_cpu_s=0.316 merge_wall_s=0.102 merge_cpu_s=0.187 map_units=26 merge_ranges=26 map_eff_cores=4.37 merge_eff_cores=1.84
event=kink_round H=8 col=15 round=seed frontier_in=825 map_wall_s=0.059 map_cpu_s=0.003 merge_wall_s=0.000 merge_cpu_s=0.000 map_units=1 merge_ranges=0 map_eff_cores=0.05 merge_eff_cores=0.00
event=kink_round H=9 col=10 round=finalize frontier_in=7529 map_wall_s=0.053 map_cpu_s=0.025 merge_wall_s=0.057 merge_cpu_s=0.008 map_units=4 merge_ranges=4 map_eff_cores=0.47 merge_eff_cores=0.14
event=column H=9 col=10 frontier_in=2153 frontier_out=2153 wall_s=1.85 cum_wall_s=106.7 cpu_s=0.5 rss_max_mb=79.0 map_wall_s=0.95 map_cpu_s=0.3 merge_wall_s=0.85 merge_cpu_s=0.2 map_units=37 merge_ranges=35 eff_cores=0.25
event=kink_round H=7 col=21 round=stage3 frontier_in=1036 map_wall_s=0.023 map_cpu_s=0.003 merge_wall_s=0.072 merge_cpu_s=0.002 map_units=1 merge_ranges=1 map_eff_cores=0.13 merge_eff_cores=0.03
event=kink_round H=6 col=30 round=stage4 frontier_in=411 map_wall_s=0.044 map_cpu_s=0.001 merge_wall_s=0.052 merge_cpu_s=0.001 map_units=1 merge_ranges=1 map_eff_cores=0.02 merge_eff_cores=0.02
event=kink_round H=9 col=11 round=seed frontier_in=2153 map_wall_s=0.039 map_cpu_s=0.008 merge_wall_s=0.000 merge_cpu_s=0.000 map_units=2 merge_ranges=0 map_eff_cores=0.21 merge_eff_cores=0.00
event=kink_round H=8 col=15 round=stage0 frontier_in=825 map_wall_s=0.030 map_cpu_s=0.004 merge_wall_s=0.105 merge_cpu_s=0.003 map_units=1 merge_ranges=1 map_eff_cores=0.13 merge_eff_cores=0.03
event=kink_round H=10 col=8 round=stage3 frontier_in=17220 map_wall_s=0.066 map_cpu_s=0.119 merge_wall_s=0.123 merge_cpu_s=0.051 map_units=9 merge_ranges=9 map_eff_cores=1.79 merge_eff_cores=0.42
event=kink_round H=13 col=3 round=stage5 frontier_in=334602 map_wall_s=0.175 map_cpu_s=2.049 merge_wall_s=0.227 merge_cpu_s=1.302 map_units=164 merge_ranges=80 map_eff_cores=11.72 merge_eff_cores=5.73
event=kink_round H=16 col=1 round=stage15 frontier_in=1602489 map_wall_s=0.855 map_cpu_s=6.318 merge_wall_s=0.799 merge_cpu_s=4.130 map_units=640 merge_ranges=80 map_eff_cores=7.39 merge_eff_cores=5.17
event=kink_round H=7 col=21 round=stage4 frontier_in=1113 map_wall_s=0.101 map_cpu_s=0.005 merge_wall_s=0.071 merge_cpu_s=0.002 map_units=1 merge_ranges=1 map_eff_cores=0.05 merge_eff_cores=0.03
event=kink_round H=15 col=2 round=stage3 frontier_in=1078545 map_wall_s=0.766 map_cpu_s=4.689 merge_wall_s=0.560 merge_cpu_s=3.238 map_units=527 merge_ranges=80 map_eff_cores=6.12 merge_eff_cores=5.79
event=kink_round H=6 col=30 round=stage5 frontier_in=449 map_wall_s=0.098 map_cpu_s=0.001 merge_wall_s=0.067 merge_cpu_s=0.004 map_units=1 merge_ranges=1 map_eff_cores=0.01 merge_eff_cores=0.06
event=kink_round H=11 col=5 round=stage10 frontier_in=53453 map_wall_s=0.126 map_cpu_s=0.261 merge_wall_s=0.088 merge_cpu_s=0.185 map_units=27 merge_ranges=27 map_eff_cores=2.08 merge_eff_cores=2.10
event=kink_round H=8 col=15 round=stage1 frontier_in=1328 map_wall_s=0.069 map_cpu_s=0.009 merge_wall_s=0.053 merge_cpu_s=0.004 map_units=1 merge_ranges=1 map_eff_cores=0.13 merge_eff_cores=0.08
event=kink_round H=9 col=11 round=stage0 frontier_in=2153 map_wall_s=0.116 map_cpu_s=0.010 merge_wall_s=0.109 merge_cpu_s=0.010 map_units=2 merge_ranges=2 map_eff_cores=0.09 merge_eff_cores=0.09
event=kink_round H=6 col=30 round=finalize frontier_in=425 map_wall_s=0.051 map_cpu_s=0.001 merge_wall_s=0.046 merge_cpu_s=0.002 map_units=1 merge_ranges=1 map_eff_cores=0.02 merge_eff_cores=0.04
event=column H=6 col=30 frontier_in=130 frontier_out=93 wall_s=0.71 cum_wall_s=107.4 cpu_s=0.0 rss_max_mb=74.8 map_wall_s=0.42 map_cpu_s=0.0 merge_wall_s=0.29 merge_cpu_s=0.0 map_units=8 merge_ranges=7 eff_cores=0.03
event=kink_round H=7 col=21 round=stage5 frontier_in=1130 map_wall_s=0.055 map_cpu_s=0.004 merge_wall_s=0.065 merge_cpu_s=0.003 map_units=1 merge_ranges=1 map_eff_cores=0.07 merge_eff_cores=0.05
event=kink_round H=10 col=8 round=stage4 frontier_in=18804 map_wall_s=0.073 map_cpu_s=0.113 merge_wall_s=0.099 merge_cpu_s=0.063 map_units=10 merge_ranges=10 map_eff_cores=1.54 merge_eff_cores=0.64
event=kink_round H=12 col=4 round=stage6 frontier_in=138883 map_wall_s=0.129 map_cpu_s=0.890 merge_wall_s=0.124 merge_cpu_s=0.575 map_units=68 merge_ranges=68 map_eff_cores=6.89 merge_eff_cores=4.65
event=kink_round H=6 col=31 round=seed frontier_in=93 map_wall_s=0.037 map_cpu_s=0.000 merge_wall_s=0.000 merge_cpu_s=0.000 map_units=1 merge_ranges=0 map_eff_cores=0.00 merge_eff_cores=0.00
event=kink_round H=8 col=15 round=stage2 frontier_in=2153 map_wall_s=0.050 map_cpu_s=0.011 merge_wall_s=0.046 merge_cpu_s=0.011 map_units=2 merge_ranges=2 map_eff_cores=0.22 merge_eff_cores=0.24
event=kink_round H=9 col=11 round=stage1 frontier_in=3472 map_wall_s=0.054 map_cpu_s=0.019 merge_wall_s=0.069 merge_cpu_s=0.015 map_units=2 merge_ranges=2 map_eff_cores=0.35 merge_eff_cores=0.22
event=kink_round H=19 col=1 round=stage8 frontier_in=3198922 map_wall_s=0.473 map_cpu_s=8.123 merge_wall_s=0.467 merge_cpu_s=4.794 map_units=640 merge_ranges=80 map_eff_cores=17.17 merge_eff_cores=10.27
event=kink_round H=11 col=5 round=finalize frontier_in=52683 map_wall_s=0.064 map_cpu_s=0.204 merge_wall_s=0.115 merge_cpu_s=0.117 map_units=26 merge_ranges=26 map_eff_cores=3.16 merge_eff_cores=1.02
event=column H=11 col=5 frontier_in=14825 frontier_out=14826 wall_s=3.07 cum_wall_s=110.5 cpu_s=4.8 rss_max_mb=79.0 map_wall_s=1.31 map_cpu_s=2.8 merge_wall_s=1.50 merge_cpu_s=2.0 map_units=278 merge_ranges=270 eff_cores=1.55
event=kink_round H=7 col=21 round=stage6 frontier_in=1170 map_wall_s=0.064 map_cpu_s=0.003 merge_wall_s=0.125 merge_cpu_s=0.002 map_units=1 merge_ranges=1 map_eff_cores=0.05 merge_eff_cores=0.02
event=kink_round H=6 col=31 round=stage0 frontier_in=93 map_wall_s=0.089 map_cpu_s=0.000 merge_wall_s=0.073 merge_cpu_s=0.000 map_units=1 merge_ranges=1 map_eff_cores=0.00 merge_eff_cores=0.00
event=kink_round H=10 col=8 round=stage5 frontier_in=19508 map_wall_s=0.069 map_cpu_s=0.090 merge_wall_s=0.163 merge_cpu_s=0.055 map_units=10 merge_ranges=10 map_eff_cores=1.30 merge_eff_cores=0.34
event=kink_round H=8 col=15 round=stage3 frontier_in=2568 map_wall_s=0.104 map_cpu_s=0.008 merge_wall_s=0.099 merge_cpu_s=0.006 map_units=2 merge_ranges=2 map_eff_cores=0.08 merge_eff_cores=0.06
event=kink_round H=11 col=6 round=seed frontier_in=14826 map_wall_s=0.090 map_cpu_s=0.064 merge_wall_s=0.000 merge_cpu_s=0.000 map_units=8 merge_ranges=0 map_eff_cores=0.71 merge_eff_cores=0.00
event=kink_round H=13 col=3 round=stage6 frontier_in=343107 map_wall_s=0.229 map_cpu_s=2.367 merge_wall_s=0.184 merge_cpu_s=1.329 map_units=168 merge_ranges=80 map_eff_cores=10.34 merge_eff_cores=7.21
event=kink_round H=9 col=11 round=stage2 frontier_in=5618 map_wall_s=0.144 map_cpu_s=0.021 merge_wall_s=0.103 merge_cpu_s=0.017 map_units=3 merge_ranges=3 map_eff_cores=0.15 merge_eff_cores=0.16
event=kink_round H=6 col=31 round=stage1 frontier_in=149 map_wall_s=0.100 map_cpu_s=0.001 merge_wall_s=0.052 merge_cpu_s=0.001 map_units=1 merge_ranges=1 map_eff_cores=0.01 merge_eff_cores=0.02
event=kink_round H=7 col=21 round=finalize frontier_in=1129 map_wall_s=0.104 map_cpu_s=0.002 merge_wall_s=0.070 merge_cpu_s=0.002 map_units=1 merge_ranges=1 map_eff_cores=0.02 merge_eff_cores=0.03
event=column H=7 col=21 frontier_in=335 frontier_out=335 wall_s=1.09 cum_wall_s=111.6 cpu_s=0.0 rss_max_mb=74.8 map_wall_s=0.51 map_cpu_s=0.0 merge_wall_s=0.57 merge_cpu_s=0.0 map_units=9 merge_ranges=8 eff_cores=0.04
event=kink_round H=12 col=4 round=stage7 frontier_in=139593 map_wall_s=0.143 map_cpu_s=0.845 merge_wall_s=0.205 merge_cpu_s=0.596 map_units=69 merge_ranges=69 map_eff_cores=5.91 merge_eff_cores=2.90
event=kink_round H=7 col=22 round=seed frontier_in=335 map_wall_s=0.033 map_cpu_s=0.001 merge_wall_s=0.000 merge_cpu_s=0.000 map_units=1 merge_ranges=0 map_eff_cores=0.03 merge_eff_cores=0.00
event=kink_round H=8 col=15 round=stage4 frontier_in=2795 map_wall_s=0.092 map_cpu_s=0.010 merge_wall_s=0.062 merge_cpu_s=0.008 map_units=2 merge_ranges=2 map_eff_cores=0.11 merge_eff_cores=0.13
event=kink_round H=11 col=6 round=stage0 frontier_in=14826 map_wall_s=0.107 map_cpu_s=0.083 merge_wall_s=0.056 merge_cpu_s=0.070 map_units=8 merge_ranges=8 map_eff_cores=0.78 merge_eff_cores=1.25
event=kink_round H=6 col=31 round=stage2 frontier_in=249 map_wall_s=0.041 map_cpu_s=0.001 merge_wall_s=0.038 merge_cpu_s=0.001 map_units=1 merge_ranges=1 map_eff_cores=0.02 merge_eff_cores=0.03
event=kink_round H=10 col=8 round=stage6 frontier_in=19682 map_wall_s=0.099 map_cpu_s=0.095 merge_wall_s=0.098 merge_cpu_s=0.065 map_units=10 merge_ranges=10 map_eff_cores=0.96 merge_eff_cores=0.66
event=kink_round H=18 col=1 round=stage10 frontier_in=2332707 map_wall_s=0.585 map_cpu_s=7.135 merge_wall_s=0.534 merge_cpu_s=4.260 map_units=640 merge_ranges=80 map_eff_cores=12.20 merge_eff_cores=7.98
event=kink_round H=9 col=11 round=stage3 frontier_in=6682 map_wall_s=0.049 map_cpu_s=0.032 merge_wall_s=0.133 merge_cpu_s=0.018 map_units=4 merge_ranges=4 map_eff_cores=0.65 merge_eff_cores=0.14
event=kink_round H=14 col=2 round=stage10 frontier_in=737935 map_wall_s=0.377 map_cpu_s=3.946 merge_wall_s=0.381 merge_cpu_s=2.349 map_units=361 merge_ranges=80 map_eff_cores=10.46 merge_eff_cores=6.17
event=kink_round H=7 col=22 round=stage0 frontier_in=335 map_wall_s=0.115 map_cpu_s=0.001 merge_wall_s=0.100 merge_cpu_s=0.002 map_units=1 merge_ranges=1 map_eff_cores=0.01 merge_eff_cores=0.02
event=kink_round H=6 col=31 round=stage3 frontier_in=309 map_wall_s=0.123 map_cpu_s=0.001 merge_wall_s=0.075 merge_cpu_s=0.001 map_units=1 merge_ranges=1 map_eff_cores=0.01 merge_eff_cores=0.01
event=kink_round H=8 col=15 round=stage5 frontier_in=2858 map_wall_s=0.126 map_cpu_s=0.009 merge_wall_s=0.122 merge_cpu_s=0.009 map_units=2 merge_ranges=2 map_eff_cores=0.07 merge_eff_cores=0.07
event=kink_round H=11 col=6 round=stage1 frontier_in=23855 map_wall_s=0.151 map_cpu_s=0.134 merge_wall_s=0.101 merge_cpu_s=0.122 map_units=12 merge_ranges=12 map_eff_cores=0.89 merge_eff_cores=1.21
event=kink_round H=10 col=8 round=stage7 frontier_in=19901 map_wall_s=0.137 map_cpu_s=0.089 merge_wall_s=0.096 merge_cpu_s=0.072 map_units=10 merge_ranges=10 map_eff_cores=0.65 merge_eff_cores=0.75
event=kink_round H=9 col=11 round=stage4 frontier_in=7282 map_wall_s=0.088 map_cpu_s=0.029 merge_wall_s=0.111 merge_cpu_s=0.023 map_units=4 merge_ranges=4 map_eff_cores=0.33 merge_eff_cores=0.21
event=kink_round H=7 col=22 round=stage1 frontier_in=544 map_wall_s=0.069 map_cpu_s=0.003 merge_wall_s=0.096 merge_cpu_s=0.003 map_units=1 merge_ranges=1 map_eff_cores=0.04 merge_eff_cores=0.03
event=kink_round H=6 col=31 round=stage4 frontier_in=329 map_wall_s=0.069 map_cpu_s=0.001 merge_wall_s=0.121 merge_cpu_s=0.001 map_units=1 merge_ranges=1 map_eff_cores=0.01 merge_eff_cores=0.01
event=kink_round H=12 col=4 round=stage8 frontier_in=140411 map_wall_s=0.153 map_cpu_s=0.944 merge_wall_s=0.187 merge_cpu_s=0.596 map_units=69 merge_ranges=69 map_eff_cores=6.17 merge_eff_cores=3.18
event=kink_round H=8 col=15 round=stage6 frontier_in=2920 map_wall_s=0.085 map_cpu_s=0.008 merge_wall_s=0.134 merge_cpu_s=0.007 map_units=2 merge_ranges=2 map_eff_cores=0.09 merge_eff_cores=0.05
event=kink_round H=11 col=6 round=stage2 frontier_in=38640 map_wall_s=0.115 map_cpu_s=0.205 merge_wall_s=0.122 merge_cpu_s=0.161 map_units=19 merge_ranges=19 map_eff_cores=1.79 merge_eff_cores=1.32
event=kink_round H=10 col=8 round=stage8 frontier_in=19909 map_wall_s=0.131 map_cpu_s=0.089 merge_wall_s=0.080 merge_cpu_s=0.067 map_units=10 merge_ranges=10 map_eff_cores=0.68 merge_eff_cores=0.84
event=kink_round H=9 col=11 round=stage5 frontier_in=7502 map_wall_s=0.099 map_cpu_s=0.035 merge_wall_s=0.086 merge_cpu_s=0.020 map_units=4 merge_ranges=4 map_eff_cores=0.36 merge_eff_cores=0.23
event=kink_round H=13 col=3 round=stage7 frontier_in=350656 map_wall_s=0.293 map_cpu_s=2.077 merge_wall_s=0.292 merge_cpu_s=1.463 map_units=172 merge_ranges=80 map_eff_cores=7.08 merge_eff_cores=5.01
event=kink_round H=6 col=31 round=stage5 frontier_in=351 map_wall_s=0.062 map_cpu_s=0.001 merge_wall_s=0.107 merge_cpu_s=0.001 map_units=1 merge_ranges=1 map_eff_cores=0.02 merge_eff_cores=0.01
event=kink_round H=7 col=22 round=stage2 frontier_in=873 map_wall_s=0.085 map_cpu_s=0.003 merge_wall_s=0.110 merge_cpu_s=0.002 map_units=1 merge_ranges=1 map_eff_cores=0.04 merge_eff_cores=0.02
event=kink_round H=17 col=1 round=stage13 frontier_in=2068613 map_wall_s=0.715 map_cpu_s=7.250 merge_wall_s=0.703 merge_cpu_s=4.534 map_units=640 merge_ranges=80 map_eff_cores=10.14 merge_eff_cores=6.45
event=kink_round H=8 col=15 round=stage7 frontier_in=2997 map_wall_s=0.114 map_cpu_s=0.010 merge_wall_s=0.154 merge_cpu_s=0.009 map_units=2 merge_ranges=2 map_eff_cores=0.09 merge_eff_cores=0.06
event=kink_round H=6 col=31 round=finalize frontier_in=330 map_wall_s=0.139 map_cpu_s=0.001 merge_wall_s=0.059 merge_cpu_s=0.000 map_units=1 merge_ranges=1 map_eff_cores=0.01 merge_eff_cores=0.00
event=column H=6 col=31 frontier_in=93 frontier_out=48 wall_s=1.19 cum_wall_s=112.8 cpu_s=0.0 rss_max_mb=64.6 map_wall_s=0.66 map_cpu_s=0.0 merge_wall_s=0.53 merge_cpu_s=0.0 map_units=8 merge_ranges=7 eff_cores=0.01
event=kink_round H=9 col=11 round=stage6 frontier_in=7569 map_wall_s=0.172 map_cpu_s=0.037 merge_wall_s=0.079 merge_cpu_s=0.020 map_units=4 merge_ranges=4 map_eff_cores=0.21 merge_eff_cores=0.25
event=kink_round H=7 col=22 round=stage3 frontier_in=1036 map_wall_s=0.145 map_cpu_s=0.004 merge_wall_s=0.068 merge_cpu_s=0.002 map_units=1 merge_ranges=1 map_eff_cores=0.03 merge_eff_cores=0.03
event=kink_round H=10 col=8 round=stage9 frontier_in=20222 map_wall_s=0.165 map_cpu_s=0.086 merge_wall_s=0.081 merge_cpu_s=0.062 map_units=10 merge_ranges=10 map_eff_cores=0.52 merge_eff_cores=0.76
event=kink_round H=6 col=32 round=seed frontier_in=48 map_wall_s=0.047 map_cpu_s=0.000 merge_wall_s=0.000 merge_cpu_s=0.000 map_units=1 merge_ranges=0 map_eff_cores=0.00 merge_eff_cores=0.00
event=kink_round H=11 col=6 round=stage3 frontier_in=45710 map_wall_s=0.174 map_cpu_s=0.254 merge_wall_s=0.114 merge_cpu_s=0.182 map_units=23 merge_ranges=23 map_eff_cores=1.46 merge_eff_cores=1.60
event=kink_round H=8 col=15 round=finalize frontier_in=2895 map_wall_s=0.057 map_cpu_s=0.008 merge_wall_s=0.079 merge_cpu_s=0.003 map_units=2 merge_ranges=2 map_eff_cores=0.14 merge_eff_cores=0.04
event=kink_round H=15 col=2 round=stage4 frontier_in=1193823 map_wall_s=0.790 map_cpu_s=5.314 merge_wall_s=0.457 merge_cpu_s=3.653 map_units=583 merge_ranges=80 map_eff_cores=6.72 merge_eff_cores=8.00
event=kink_round H=12 col=4 round=stage9 frontier_in=141082 map_wall_s=0.220 map_cpu_s=0.812 merge_wall_s=0.207 merge_cpu_s=0.607 map_units=69 merge_ranges=69 map_eff_cores=3.70 merge_eff_cores=2.93
event=column H=8 col=15 frontier_in=825 frontier_out=825 wall_s=1.69 cum_wall_s=114.5 cpu_s=0.1 rss_max_mb=79.0 map_wall_s=0.78 map_cpu_s=0.1 merge_wall_s=0.85 merge_cpu_s=0.1 map_units=17 merge_ranges=16 eff_cores=0.08
event=kink_round H=16 col=1 round=finalize frontier_in=2064390 map_wall_s=0.829 map_cpu_s=6.089 merge_wall_s=0.520 merge_cpu_s=4.329 map_units=640 merge_ranges=80 map_eff_cores=7.34 merge_eff_cores=8.33
event=kink_round H=14 col=2 round=stage11 frontier_in=794147 map_wall_s=0.549 map_cpu_s=4.122 merge_wall_s=0.188 merge_cpu_s=2.552 map_units=388 merge_ranges=80 map_eff_cores=7.51 merge_eff_cores=13.54
event=kink_round H=6 col=32 round=stage0 frontier_in=48 map_wall_s=0.045 map_cpu_s=0.002 merge_wall_s=0.148 merge_cpu_s=0.001 map_units=1 merge_ranges=1 map_eff_cores=0.04 merge_eff_cores=0.01
event=kink_round H=7 col=22 round=stage4 frontier_in=1113 map_wall_s=0.083 map_cpu_s=0.003 merge_wall_s=0.146 merge_cpu_s=0.002 map_units=1 merge_ranges=1 map_eff_cores=0.04 merge_eff_cores=0.01
event=kink_round H=10 col=8 round=finalize frontier_in=19812 map_wall_s=0.059 map_cpu_s=0.079 merge_wall_s=0.170 merge_cpu_s=0.033 map_units=10 merge_ranges=10 map_eff_cores=1.34 merge_eff_cores=0.19
event=kink_round H=9 col=11 round=stage7 frontier_in=7596 map_wall_s=0.089 map_cpu_s=0.028 merge_wall_s=0.160 merge_cpu_s=0.020 map_units=4 merge_ranges=4 map_eff_cores=0.31 merge_eff_cores=0.13
event=column H=10 col=8 frontier_in=5567 frontier_out=5567 wall_s=2.31 cum_wall_s=116.8 cpu_s=1.5 rss_max_mb=79.0 map_wall_s=1.11 map_cpu_s=0.9 merge_wall_s=1.10 merge_cpu_s=0.6 map_units=98 merge_ranges=95 eff_cores=0.66
event=column H=16 col=1 frontier_in=32895 frontier_out=804455 wall_s=11.79 cum_wall_s=128.6 cpu_s=67.3 rss_max_mb=79.0 map_wall_s=4.22 map_cpu_s=39.5 merge_wall_s=5.81 merge_cpu_s=27.8 map_units=4589 merge_ranges=1215 eff_cores=5.71
event=kink_round H=8 col=16 round=seed frontier_in=825 map_wall_s=0.151 map_cpu_s=0.002 merge_wall_s=0.000 merge_cpu_s=0.000 map_units=1 merge_ranges=0 map_eff_cores=0.01 merge_eff_cores=0.00
event=kink_round H=10 col=9 round=seed frontier_in=5567 map_wall_s=0.079 map_cpu_s=0.023 merge_wall_s=0.000 merge_cpu_s=0.000 map_units=3 merge_ranges=0 map_eff_cores=0.29 merge_eff_cores=0.00
event=kink_round H=7 col=22 round=stage5 frontier_in=1130 map_wall_s=0.081 map_cpu_s=0.004 merge_wall_s=0.056 merge_cpu_s=0.002 map_units=1 merge_ranges=1 map_eff_cores=0.05 merge_eff_cores=0.04
event=kink_round H=6 col=32 round=stage1 frontier_in=80 map_wall_s=0.083 map_cpu_s=0.001 merge_wall_s=0.065 merge_cpu_s=0.001 map_units=1 merge_ranges=1 map_eff_cores=0.01 merge_eff_cores=0.02
event=kink_round H=8 col=16 round=stage0 frontier_in=825 map_wall_s=0.057 map_cpu_s=0.004 merge_wall_s=0.080 merge_cpu_s=0.004 map_units=1 merge_ranges=1 map_eff_cores=0.07 merge_eff_cores=0.05
event=kink_round H=11 col=6 round=stage4 frontier_in=49855 map_wall_s=0.163 map_cpu_s=0.267 merge_wall_s=0.146 merge_cpu_s=0.199 map_units=25 merge_ranges=25 map_eff_cores=1.63 merge_eff_cores=1.37
event=kink_round H=9 col=11 round=stage8 frontier_in=7732 map_wall_s=0.080 map_cpu_s=0.031 merge_wall_s=0.088 merge_cpu_s=0.022 map_units=4 merge_ranges=4 map_eff_cores=0.39 merge_eff_cores=0.25
event=kink_round H=13 col=3 round=stage8 frontier_in=358350 map_wall_s=0.273 map_cpu_s=2.290 merge_wall_s=0.321 merge_cpu_s=1.423 map_units=175 merge_ranges=80 map_eff_cores=8.38 merge_eff_cores=4.43
event=kink_round H=12 col=4 round=stage10 frontier_in=140604 map_wall_s=0.154 map_cpu_s=0.904 merge_wall_s=0.133 merge_cpu_s=0.573 map_units=69 merge_ranges=69 map_eff_cores=5.87 merge_eff_cores=4.31
event=kink_round H=10 col=9 round=stage0 frontier_in=5567 map_wall_s=0.076 map_cpu_s=0.031 merge_wall_s=0.146 merge_cpu_s=0.027 map_units=3 merge_ranges=3 map_eff_cores=0.41 merge_eff_cores=0.18
event=kink_round H=7 col=22 round=stage6 frontier_in=1170 map_wall_s=0.066 map_cpu_s=0.003 merge_wall_s=0.136 merge_cpu_s=0.003 map_units=1 merge_ranges=1 map_eff_cores=0.05 merge_eff_cores=0.02
event=kink_round H=6 col=32 round=stage2 frontier_in=133 map_wall_s=0.119 map_cpu_s=0.001 merge_wall_s=0.101 merge_cpu_s=0.001 map_units=1 merge_ranges=1 map_eff_cores=0.01 merge_eff_cores=0.01
event=kink_round H=19 col=1 round=stage9 frontier_in=3863908 map_wall_s=0.918 map_cpu_s=9.872 merge_wall_s=0.624 merge_cpu_s=5.743 map_units=640 merge_ranges=80 map_eff_cores=10.76 merge_eff_cores=9.21
event=kink_round H=8 col=16 round=stage1 frontier_in=1328 map_wall_s=0.130 map_cpu_s=0.005 merge_wall_s=0.099 merge_cpu_s=0.007 map_units=1 merge_ranges=1 map_eff_cores=0.04 merge_eff_cores=0.07
event=kink_round H=9 col=11 round=finalize frontier_in=7529 map_wall_s=0.137 map_cpu_s=0.027 merge_wall_s=0.096 merge_cpu_s=0.017 map_units=4 merge_ranges=4 map_eff_cores=0.20 merge_eff_cores=0.18
event=column H=9 col=11 frontier_in=2153 frontier_out=2153 wall_s=2.16 cum_wall_s=130.7 cpu_s=0.5 rss_max_mb=74.8 map_wall_s=1.07 map_cpu_s=0.3 merge_wall_s=1.03 merge_cpu_s=0.2 map_units=37 merge_ranges=35 eff_cores=0.21
event=kink_round H=11 col=6 round=stage5 frontier_in=51728 map_wall_s=0.142 map_cpu_s=0.262 merge_wall_s=0.093 merge_cpu_s=0.185 map_units=26 merge_ranges=26 map_eff_cores=1.85 merge_eff_cores=2.00
event=kink_round H=7 col=22 round=finalize frontier_in=1129 map_wall_s=0.081 map_cpu_s=0.004 merge_wall_s=0.079 merge_cpu_s=0.001 map_units=1 merge_ranges=1 map_eff_cores=0.05 merge_eff_cores=0.01
event=column H=7 col=22 frontier_in=335 frontier_out=335 wall_s=1.56 cum_wall_s=132.3 cpu_s=0.0 rss_max_mb=74.8 map_wall_s=0.76 map_cpu_s=0.0 merge_wall_s=0.79 merge_cpu_s=0.0 map_units=9 merge_ranges=8 eff_cores=0.03
event=kink_round H=16 col=2 round=seed frontier_in=804455 map_wall_s=0.469 map_cpu_s=2.806 merge_wall_s=0.000 merge_cpu_s=0.000 map_units=393 merge_ranges=0 map_eff_cores=5.98 merge_eff_cores=0.00
event=kink_round H=9 col=12 round=seed frontier_in=2153 map_wall_s=0.081 map_cpu_s=0.010 merge_wall_s=0.000 merge_cpu_s=0.000 map_units=2 merge_ranges=0 map_eff_cores=0.12 merge_eff_cores=0.00
event=kink_round H=6 col=32 round=stage3 frontier_in=184 map_wall_s=0.072 map_cpu_s=0.001 merge_wall_s=0.070 merge_cpu_s=0.001 map_units=1 merge_ranges=1 map_eff_cores=0.01 merge_eff_cores=0.01
event=kink_round H=10 col=9 round=stage1 frontier_in=8947 map_wall_s=0.100 map_cpu_s=0.052 merge_wall_s=0.119 merge_cpu_s=0.044 map_units=5 merge_ranges=5 map_eff_cores=0.52 merge_eff_cores=0.37
event=kink_round H=7 col=23 round=seed frontier_in=335 map_wall_s=0.049 map_cpu_s=0.001 merge_wall_s=0.000 merge_cpu_s=0.000 map_units=1 merge_ranges=0 map_eff_cores=0.02 merge_eff_cores=0.00
event=kink_round H=12 col=4 round=stage11 frontier_in=142674 map_wall_s=0.137 map_cpu_s=0.964 merge_wall_s=0.189 merge_cpu_s=0.588 map_units=70 merge_ranges=70 map_eff_cores=7.05 merge_eff_cores=3.11
event=kink_round H=8 col=16 round=stage2 frontier_in=2153 map_wall_s=0.084 map_cpu_s=0.008 merge_wall_s=0.090 merge_cpu_s=0.016 map_units=2 merge_ranges=2 map_eff_cores=0.10 merge_eff_cores=0.18
event=kink_round H=6 col=32 round=stage4 frontier_in=191 map_wall_s=0.034 map_cpu_s=0.001 merge_wall_s=0.078 merge_cpu_s=0.000 map_units=1 merge_ranges=1 map_eff_cores=0.03 merge_eff_cores=0.00
event=kink_round H=11 col=6 round=stage6 frontier_in=52427 map_wall_s=0.080 map_cpu_s=0.331 merge_wall_s=0.092 merge_cpu_s=0.187 map_units=26 merge_ranges=26 map_eff_cores=4.13 merge_eff_cores=2.04
event=kink_round H=9 col=12 round=stage0 frontier_in=2153 map_wall_s=0.056 map_cpu_s=0.011 merge_wall_s=0.079 merge_cpu_s=0.008 map_units=2 merge_ranges=2 map_eff_cores=0.20 merge_eff_cores=0.10
event=kink_round H=18 col=1 round=stage11 frontier_in=2817556 map_wall_s=0.933 map_cpu_s=8.432 merge_wall_s=0.592 merge_cpu_s=5.010 map_units=640 merge_ranges=80 map_eff_cores=9.03 merge_eff_cores=8.46
event=kink_round H=13 col=3 round=stage9 frontier_in=366535 map_wall_s=0.306 map_cpu_s=2.418 merge_wall_s=0.179 merge_cpu_s=1.481 map_units=179 merge_ranges=80 map_eff_cores=7.91 merge_eff_cores=8.27
event=kink_round H=7 col=23 round=stage0 frontier_in=335 map_wall_s=0.060 map_cpu_s=0.003 merge_wall_s=0.133 merge_cpu_s=0.001 map_units=1 merge_ranges=1 map_eff_cores=0.05 merge_eff_cores=0.01
event=kink_round H=10 col=9 round=stage2 frontier_in=14518 map_wall_s=0.076 map_cpu_s=0.079 merge_wall_s=0.147 merge_cpu_s=0.042 map_units=8 merge_ranges=8 map_eff_cores=1.04 merge_eff_cores=0.28
event=kink_round H=8 col=16 round=stage3 frontier_in=2568 map_wall_s=0.069 map_cpu_s=0.008 merge_wall_s=0.187 merge_cpu_s=0.006 map_units=2 merge_ranges=2 map_eff_cores=0.12 merge_eff_cores=0.03
event=kink_round H=14 col=2 round=stage12 frontier_in=843999 map_wall_s=0.540 map_cpu_s=4.568 merge_wall_s=0.293 merge_cpu_s=2.784 map_units=413 merge_ranges=80 map_eff_cores=8.45 merge_eff_cores=9.51
event=kink_round H=12 col=4 round=finalize frontier_in=141323 map_wall_s=0.095 map_cpu_s=0.659 merge_wall_s=0.224 merge_cpu_s=0.486 map_units=70 merge_ranges=70 map_eff_cores=6.96 merge_eff_cores=2.17
event=column H=12 col=4 frontier_in=39212 frontier_out=39498 wall_s=4.57 cum_wall_s=136.9 cpu_s=16.5 rss_max_mb=79.0 map_wall_s=1.75 map_cpu_s=9.8 merge_wall_s=2.23 merge_cpu_s=6.7 map_units=796 merge_ranges=776 eff_cores=3.61
event=kink_round H=6 col=32 round=stage5 frontier_in=206 map_wall_s=0.192 map_cpu_s=0.000 merge_wall_s=0.181 merge_cpu_s=0.001 map_units=1 merge_ranges=1 map_eff_cores=0.00 merge_eff_cores=0.01
event=kink_round H=9 col=12 round=stage1 frontier_in=3472 map_wall_s=0.203 map_cpu_s=0.014 merge_wall_s=0.173 merge_cpu_s=0.014 map_units=2 merge_ranges=2 map_eff_cores=0.07 merge_eff_cores=0.08
event=kink_round H=7 col=23 round=stage1 frontier_in=544 map_wall_s=0.155 map_cpu_s=0.001 merge_wall_s=0.133 merge_cpu_s=0.002 map_units=1 merge_ranges=1 map_eff_cores=0.01 merge_eff_cores=0.01
event=kink_round H=11 col=6 round=stage7 frontier_in=52569 map_wall_s=0.210 map_cpu_s=0.227 merge_wall_s=0.189 merge_cpu_s=0.177 map_units=26 merge_ranges=26 map_eff_cores=1.08 merge_eff_cores=0.94
event=kink_round H=10 col=9 round=stage3 frontier_in=17220 map_wall_s=0.167 map_cpu_s=0.083 merge_wall_s=0.165 merge_cpu_s=0.058 map_units=9 merge_ranges=9 map_eff_cores=0.50 merge_eff_cores=0.35
event=kink_round H=8 col=16 round=stage4 frontier_in=2795 map_wall_s=0.173 map_cpu_s=0.011 merge_wall_s=0.109 merge_cpu_s=0.010 map_units=2 merge_ranges=2 map_eff_cores=0.06 merge_eff_cores=0.09
event=kink_round H=12 col=5 round=seed frontier_in=39498 map_wall_s=0.171 map_cpu_s=0.291 merge_wall_s=0.000 merge_cpu_s=0.000 map_units=20 merge_ranges=0 map_eff_cores=1.70 merge_eff_cores=0.00
event=kink_round H=17 col=1 round=stage14 frontier_in=2519478 map_wall_s=0.854 map_cpu_s=8.631 merge_wall_s=0.561 merge_cpu_s=5.290 map_units=640 merge_ranges=80 map_eff_cores=10.10 merge_eff_cores=9.43
event=kink_round H=6 col=32 round=finalize frontier_in=174 map_wall_s=0.102 map_cpu_s=0.001 merge_wall_s=0.078 merge_cpu_s=0.001 map_units=1 merge_ranges=1 map_eff_cores=0.01 merge_eff_cores=0.01
event=column H=6 col=32 frontier_in=48 frontier_out=22 wall_s=1.44 cum_wall_s=138.3 cpu_s=0.0 rss_max_mb=74.8 map_wall_s=0.69 map_cpu_s=0.0 merge_wall_s=0.72 merge_cpu_s=0.0 map_units=8 merge_ranges=7 eff_cores=0.01
event=kink_round H=7 col=23 round=stage2 frontier_in=873 map_wall_s=0.087 map_cpu_s=0.003 merge_wall_s=0.097 merge_cpu_s=0.002 map_units=1 merge_ranges=1 map_eff_cores=0.03 merge_eff_cores=0.02
event=kink_round H=9 col=12 round=stage2 frontier_in=5618 map_wall_s=0.116 map_cpu_s=0.027 merge_wall_s=0.099 merge_cpu_s=0.023 map_units=3 merge_ranges=3 map_eff_cores=0.23 merge_eff_cores=0.23
event=kink_round H=6 col=33 round=seed frontier_in=22 map_wall_s=0.060 map_cpu_s=0.000 merge_wall_s=0.000 merge_cpu_s=0.000 map_units=1 merge_ranges=0 map_eff_cores=0.00 merge_eff_cores=0.00
event=kink_round H=11 col=6 round=stage8 frontier_in=52799 map_wall_s=0.117 map_cpu_s=0.377 merge_wall_s=0.100 merge_cpu_s=0.195 map_units=26 merge_ranges=26 map_eff_cores=3.23 merge_eff_cores=1.94
event=kink_round H=15 col=2 round=stage5 frontier_in=1272195 map_wall_s=0.847 map_cpu_s=6.036 merge_wall_s=0.502 merge_cpu_s=3.853 map_units=622 merge_ranges=80 map_eff_cores=7.13 merge_eff_cores=7.67
event=kink_round H=8 col=16 round=stage5 frontier_in=2858 map_wall_s=0.092 map_cpu_s=0.010 merge_wall_s=0.088 merge_cpu_s=0.006 map_units=2 merge_ranges=2 map_eff_cores=0.11 merge_eff_cores=0.07
event=kink_round H=10 col=9 round=stage4 frontier_in=18804 map_wall_s=0.098 map_cpu_s=0.097 merge_wall_s=0.099 merge_cpu_s=0.052 map_units=10 merge_ranges=10 map_eff_cores=0.99 merge_eff_cores=0.52
event=kink_round H=12 col=5 round=stage0 frontier_in=39498 map_wall_s=0.103 map_cpu_s=0.281 merge_wall_s=0.107 merge_cpu_s=0.196 map_units=20 merge_ranges=20 map_eff_cores=2.73 merge_eff_cores=1.83
event=kink_round H=13 col=3 round=stage10 frontier_in=373684 map_wall_s=0.426 map_cpu_s=2.361 merge_wall_s=0.197 merge_cpu_s=1.513 map_units=183 merge_ranges=80 map_eff_cores=5.54 merge_eff_cores=7.69
event=kink_round H=7 col=23 round=stage3 frontier_in=1036 map_wall_s=0.082 map_cpu_s=0.002 merge_wall_s=0.110 merge_cpu_s=0.002 map_units=1 merge_ranges=1 map_eff_cores=0.02 merge_eff_cores=0.02
event=kink_round H=6 col=33 round=stage0 frontier_in=22 map_wall_s=0.081 map_cpu_s=0.001 merge_wall_s=0.125 merge_cpu_s=0.001 map_units=1 merge_ranges=1 map_eff_cores=0.01 merge_eff_cores=0.01
event=kink_round H=9 col=12 round=stage3 frontier_in=6682 map_wall_s=0.091 map_cpu_s=0.028 merge_wall_s=0.143 merge_cpu_s=0.024 map_units=4 merge_ranges=4 map_eff_cores=0.31 merge_eff_cores=0.17
event=kink_round H=8 col=16 round=stage6 frontier_in=2920 map_wall_s=0.128 map_cpu_s=0.010 merge_wall_s=0.097 merge_cpu_s=0.008 map_units=2 merge_ranges=2 map_eff_cores=0.08 merge_eff_cores=0.08
event=kink_round H=11 col=6 round=stage9 frontier_in=52650 map_wall_s=0.156 map_cpu_s=0.261 merge_wall_s=0.134 merge_cpu_s=0.205 map_units=26 merge_ranges=26 map_eff_cores=1.68 merge_eff_cores=1.53
event=kink_round H=10 col=9 round=stage5 frontier_in=19508 map_wall_s=0.144 map_cpu_s=0.099 merge_wall_s=0.138 merge_cpu_s=0.059 map_units=10 merge_ranges=10 map_eff_cores=0.69 merge_eff_cores=0.43
event=kink_round H=7 col=23 round=stage4 frontier_in=1113 map_wall_s=0.104 map_cpu_s=0.007 merge_wall_s=0.122 merge_cpu_s=0.002 map_units=1 merge_ranges=1 map_eff_cores=0.07 merge_eff_cores=0.02
event=kink_round H=16 col=2 round=stage0 frontier_in=804455 map_wall_s=0.704 map_cpu_s=9.454 merge_wall_s=0.419 merge_cpu_s=3.271 map_units=393 merge_ranges=80 map_eff_cores=13.44 merge_eff_cores=7.81
event=kink_round H=6 col=33 round=stage1 frontier_in=36 map_wall_s=0.091 map_cpu_s=0.001 merge_wall_s=0.108 merge_cpu_s=0.000 map_units=1 merge_ranges=1 map_eff_cores=0.01 merge_eff_cores=0.00
event=kink_round H=12 col=5 round=stage1 frontier_in=63487 map_wall_s=0.159 map_cpu_s=0.410 merge_wall_s=0.155 merge_cpu_s=0.338 map_units=31 merge_ranges=31 map_eff_cores=2.58 merge_eff_cores=2.19
event=kink_round H=9 col=12 round=stage4 frontier_in=7282 map_wall_s=0.129 map_cpu_s=0.038 merge_wall_s=0.106 merge_cpu_s=0.025 map_units=4 merge_ranges=4 map_eff_cores=0.30 merge_eff_cores=0.24
event=kink_round H=8 col=16 round=stage7 frontier_in=2997 map_wall_s=0.109 map_cpu_s=0.011 merge_wall_s=0.085 merge_cpu_s=0.008 map_units=2 merge_ranges=2 map_eff_cores=0.10 merge_eff_cores=0.09
event=kink_round H=6 col=33 round=stage2 frontier_in=55 map_wall_s=0.068 map_cpu_s=0.000 merge_wall_s=0.116 merge_cpu_s=0.002 map_units=1 merge_ranges=1 map_eff_cores=0.00 merge_eff_cores=0.02
event=kink_round H=7 col=23 round=stage5 frontier_in=1130 map_wall_s=0.087 map_cpu_s=0.006 merge_wall_s=0.117 merge_cpu_s=0.002 map_units=1 merge_ranges=1 map_eff_cores=0.07 merge_eff_cores=0.02
event=kink_round H=10 col=9 round=stage6 frontier_in=19682 map_wall_s=0.111 map_cpu_s=0.106 merge_wall_s=0.140 merge_cpu_s=0.057 map_units=10 merge_ranges=10 map_eff_cores=0.95 merge_eff_cores=0.41
event=kink_round H=11 col=6 round=stage10 frontier_in=53453 map_wall_s=0.134 map_cpu_s=0.337 merge_wall_s=0.158 merge_cpu_s=0.170 map_units=27 merge_ranges=27 map_eff_cores=2.52 merge_eff_cores=1.07
event=kink_round H=12 col=5 round=stage2 frontier_in=102866 map_wall_s=0.092 map_cpu_s=0.730 merge_wall_s=0.144 merge_cpu_s=0.466 map_units=51 merge_ranges=51 map_eff_cores=7.93 merge_eff_cores=3.23
event=kink_round H=14 col=2 round=stage13 frontier_in=905714 map_wall_s=0.714 map_cpu_s=5.002 merge_wall_s=0.294 merge_cpu_s=3.009 map_units=443 merge_ranges=80 map_eff_cores=7.01 merge_eff_cores=10.24
event=kink_round H=9 col=12 round=stage5 frontier_in=7502 map_wall_s=0.112 map_cpu_s=0.028 merge_wall_s=0.191 merge_cpu_s=0.019 map_units=4 merge_ranges=4 map_eff_cores=0.25 merge_eff_cores=0.10
event=kink_round H=8 col=16 round=finalize frontier_in=2895 map_wall_s=0.119 map_cpu_s=0.009 merge_wall_s=0.179 merge_cpu_s=0.003 map_units=2 merge_ranges=2 map_eff_cores=0.08 merge_eff_cores=0.02
event=column H=8 col=16 frontier_in=825 frontier_out=825 wall_s=2.14 cum_wall_s=140.5 cpu_s=0.1 rss_max_mb=74.8 map_wall_s=1.11 map_cpu_s=0.1 merge_wall_s=1.02 merge_cpu_s=0.1 map_units=17 merge_ranges=16 eff_cores=0.07
event=kink_round H=13 col=3 round=stage11 frontier_in=374402 map_wall_s=0.316 map_cpu_s=2.680 merge_wall_s=0.312 merge_cpu_s=1.445 map_units=183 merge_ranges=80 map_eff_cores=8.48 merge_eff_cores=4.62
event=kink_round H=6 col=33 round=stage3 frontier_in=76 map_wall_s=0.173 map_cpu_s=0.001 merge_wall_s=0.147 merge_cpu_s=0.001 map_units=1 merge_ranges=1 map_eff_cores=0.01 merge_eff_cores=0.01
event=kink_round H=7 col=23 round=stage6 frontier_in=1170 map_wall_s=0.174 map_cpu_s=0.003 merge_wall_s=0.149 merge_cpu_s=0.002 map_units=1 merge_ranges=1 map_eff_cores=0.02 merge_eff_cores=0.01
event=kink_round H=8 col=17 round=seed frontier_in=825 map_wall_s=0.165 map_cpu_s=0.005 merge_wall_s=0.000 merge_cpu_s=0.000 map_units=1 merge_ranges=0 map_eff_cores=0.03 merge_eff_cores=0.00
event=kink_round H=10 col=9 round=stage7 frontier_in=19901 map_wall_s=0.197 map_cpu_s=0.095 merge_wall_s=0.191 merge_cpu_s=0.069 map_units=10 merge_ranges=10 map_eff_cores=0.48 merge_eff_cores=0.36
event=kink_round H=11 col=6 round=finalize frontier_in=52683 map_wall_s=0.183 map_cpu_s=0.231 merge_wall_s=0.181 merge_cpu_s=0.113 map_units=26 merge_ranges=26 map_eff_cores=1.26 merge_eff_cores=0.62
event=column H=11 col=6 frontier_in=14826 frontier_out=14826 wall_s=3.53 cum_wall_s=144.0 cpu_s=5.0 rss_max_mb=79.0 map_wall_s=1.82 map_cpu_s=3.0 merge_wall_s=1.48 merge_cpu_s=2.0 map_units=278 merge_ranges=270 eff_cores=1.42
event=kink_round H=9 col=12 round=stage6 frontier_in=7569 map_wall_s=0.172 map_cpu_s=0.031 merge_wall_s=0.103 merge_cpu_s=0.024 map_units=4 merge_ranges=4 map_eff_cores=0.18 merge_eff_cores=0.23
event=kink_round H=6 col=33 round=stage4 frontier_in=86 map_wall_s=0.079 map_cpu_s=0.001 merge_wall_s=0.086 merge_cpu_s=0.000 map_units=1 merge_ranges=1 map_eff_cores=0.01 merge_eff_cores=0.00
event=kink_round H=7 col=23 round=finalize frontier_in=1129 map_wall_s=0.084 map_cpu_s=0.002 merge_wall_s=0.078 merge_cpu_s=0.001 map_units=1 merge_ranges=1 map_eff_cores=0.02 merge_eff_cores=0.01
event=column H=7 col=23 frontier_in=335 frontier_out=335 wall_s=1.83 cum_wall_s=145.8 cpu_s=0.0 rss_max_mb=60.6 map_wall_s=0.88 map_cpu_s=0.0 merge_wall_s=0.94 merge_cpu_s=0.0 map_units=9 merge_ranges=8 eff_cores=0.02
event=kink_round H=11 col=7 round=seed frontier_in=14826 map_wall_s=0.086 map_cpu_s=0.082 merge_wall_s=0.000 merge_cpu_s=0.000 map_units=8 merge_ranges=0 map_eff_cores=0.95 merge_eff_cores=0.00
event=kink_round H=12 col=5 round=stage3 frontier_in=121337 map_wall_s=0.251 map_cpu_s=0.670 merge_wall_s=0.185 merge_cpu_s=0.531 map_units=60 merge_ranges=60 map_eff_cores=2.67 merge_eff_cores=2.87
event=kink_round H=8 col=17 round=stage0 frontier_in=825 map_wall_s=0.092 map_cpu_s=0.003 merge_wall_s=0.068 merge_cpu_s=0.003 map_units=1 merge_ranges=1 map_eff_cores=0.03 merge_eff_cores=0.04
event=kink_round H=7 col=24 round=seed frontier_in=335 map_wall_s=0.060 map_cpu_s=0.002 merge_wall_s=0.000 merge_cpu_s=0.000 map_units=1 merge_ranges=0 map_eff_cores=0.03 merge_eff_cores=0.00
event=kink_round H=19 col=1 round=stage10 frontier_in=4665453 map_wall_s=1.114 map_cpu_s=13.027 merge_wall_s=0.729 merge_cpu_s=7.150 map_units=640 merge_ranges=80 map_eff_cores=11.69 merge_eff_cores=9.81
event=kink_round H=6 col=33 round=stage5 frontier_in=85 map_wall_s=0.058 map_cpu_s=0.003 merge_wall_s=0.026 merge_cpu_s=0.001 map_units=1 merge_ranges=1 map_eff_cores=0.05 merge_eff_cores=0.04
event=kink_round H=10 col=9 round=stage8 frontier_in=19909 map_wall_s=0.101 map_cpu_s=0.108 merge_wall_s=0.062 merge_cpu_s=0.062 map_units=10 merge_ranges=10 map_eff_cores=1.06 merge_eff_cores=1.01
event=kink_round H=8 col=17 round=stage1 frontier_in=1328 map_wall_s=0.045 map_cpu_s=0.005 merge_wall_s=0.032 merge_cpu_s=0.005 map_units=1 merge_ranges=1 map_eff_cores=0.11 merge_eff_cores=0.15
event=kink_round H=9 col=12 round=stage7 frontier_in=7596 map_wall_s=0.082 map_cpu_s=0.034 merge_wall_s=0.053 merge_cpu_s=0.026 map_units=4 merge_ranges=4 map_eff_cores=0.42 merge_eff_cores=0.49
event=kink_round H=7 col=24 round=stage0 frontier_in=335 map_wall_s=0.025 map_cpu_s=0.003 merge_wall_s=0.044 merge_cpu_s=0.001 map_units=1 merge_ranges=1 map_eff_cores=0.12 merge_eff_cores=0.02
event=kink_round H=11 col=7 round=stage0 frontier_in=14826 map_wall_s=0.055 map_cpu_s=0.085 merge_wall_s=0.052 merge_cpu_s=0.073 map_units=8 merge_ranges=8 map_eff_cores=1.56 merge_eff_cores=1.40
event=kink_round H=6 col=33 round=finalize frontier_in=59 map_wall_s=0.029 map_cpu_s=0.000 merge_wall_s=0.047 merge_cpu_s=0.001 map_units=1 merge_ranges=1 map_eff_cores=0.00 merge_eff_cores=0.02
event=column H=6 col=33 frontier_in=22 frontier_out=9 wall_s=1.30 cum_wall_s=147.1 cpu_s=0.0 rss_max_mb=74.8 map_wall_s=0.64 map_cpu_s=0.0 merge_wall_s=0.66 merge_cpu_s=0.0 map_units=8 merge_ranges=7 eff_cores=0.01
event=kink_round H=18 col=1 round=stage12 frontier_in=3404775 map_wall_s=1.082 map_cpu_s=10.836 merge_wall_s=0.667 merge_cpu_s=6.043 map_units=640 merge_ranges=80 map_eff_cores=10.01 merge_eff_cores=9.06
event=kink_round H=13 col=3 round=stage12 frontier_in=380404 map_wall_s=0.285 map_cpu_s=2.677 merge_wall_s=0.143 merge_cpu_s=1.568 map_units=186 merge_ranges=80 map_eff_cores=9.39 merge_eff_cores=10.95
event=kink_round H=6 col=34 round=seed frontier_in=9 map_wall_s=0.172 map_cpu_s=0.000 merge_wall_s=0.000 merge_cpu_s=0.000 map_units=1 merge_ranges=0 map_eff_cores=0.00 merge_eff_cores=0.00
event=kink_round H=8 col=17 round=stage2 frontier_in=2153 map_wall_s=0.060 map_cpu_s=0.008 merge_wall_s=0.177 merge_cpu_s=0.006 map_units=2 merge_ranges=2 map_eff_cores=0.13 merge_eff_cores=0.03
event=kink_round H=9 col=12 round=stage8 frontier_in=7732 map_wall_s=0.058 map_cpu_s=0.029 merge_wall_s=0.188 merge_cpu_s=0.018 map_units=4 merge_ranges=4 map_eff_cores=0.50 merge_eff_cores=0.10
event=kink_round H=10 col=9 round=stage9 frontier_in=20222 map_wall_s=0.071 map_cpu_s=0.089 merge_wall_s=0.194 merge_cpu_s=0.061 map_units=10 merge_ranges=10 map_eff_cores=1.25 merge_eff_cores=0.32
event=kink_round H=12 col=5 round=stage4 frontier_in=132224 map_wall_s=0.058 map_cpu_s=0.806 merge_wall_s=0.265 merge_cpu_s=0.521 map_units=65 merge_ranges=65 map_eff_cores=13.94 merge_eff_cores=1.97
event=kink_round H=7 col=24 round=stage1 frontier_in=544 map_wall_s=0.180 map_cpu_s=0.002 merge_wall_s=0.131 merge_cpu_s=0.002 map_units=1 merge_ranges=1 map_eff_cores=0.01 merge_eff_cores=0.02
event=kink_round H=11 col=7 round=stage1 frontier_in=23855 map_wall_s=0.205 map_cpu_s=0.117 merge_wall_s=0.164 merge_cpu_s=0.128 map_units=12 merge_ranges=12 map_eff_cores=0.57 merge_eff_cores=0.78
event=kink_round H=6 col=34 round=stage0 frontier_in=9 map_wall_s=0.129 map_cpu_s=0.000 merge_wall_s=0.063 merge_cpu_s=0.001 map_units=1 merge_ranges=1 map_eff_cores=0.00 merge_eff_cores=0.02
event=kink_round H=8 col=17 round=stage3 frontier_in=2568 map_wall_s=0.123 map_cpu_s=0.011 merge_wall_s=0.081 merge_cpu_s=0.010 map_units=2 merge_ranges=2 map_eff_cores=0.09 merge_eff_cores=0.12
event=kink_round H=9 col=12 round=finalize frontier_in=7529 map_wall_s=0.113 map_cpu_s=0.024 merge_wall_s=0.082 merge_cpu_s=0.018 map_units=4 merge_ranges=4 map_eff_cores=0.21 merge_eff_cores=0.22
event=column H=9 col=12 frontier_in=2153 frontier_out=2153 wall_s=2.45 cum_wall_s=149.6 cpu_s=0.5 rss_max_mb=74.8 map_wall_s=1.21 map_cpu_s=0.3 merge_wall_s=1.22 merge_cpu_s=0.2 map_units=37 merge_ranges=35 eff_cores=0.19
event=kink_round H=7 col=24 round=stage2 frontier_in=873 map_wall_s=0.080 map_cpu_s=0.003 merge_wall_s=0.060 merge_cpu_s=0.005 map_units=1 merge_ranges=1 map_eff_cores=0.04 merge_eff_cores=0.08
event=kink_round H=10 col=9 round=finalize frontier_in=19812 map_wall_s=0.108 map_cpu_s=0.072 merge_wall_s=0.104 merge_cpu_s=0.031 map_units=10 merge_ranges=10 map_eff_cores=0.67 merge_eff_cores=0.30
event=column H=10 col=9 frontier_in=5567 frontier_out=5567 wall_s=2.90 cum_wall_s=152.5 cpu_s=1.5 rss_max_mb=74.8 map_wall_s=1.33 map_cpu_s=0.9 merge_wall_s=1.50 merge_cpu_s=0.6 map_units=98 merge_ranges=95 eff_cores=0.52
event=kink_round H=14 col=2 round=finalize frontier_in=886116 map_wall_s=0.484 map_cpu_s=4.123 merge_wall_s=0.432 merge_cpu_s=2.984 map_units=433 merge_ranges=80 map_eff_cores=8.51 merge_eff_cores=6.91
event=kink_round H=15 col=2 round=stage6 frontier_in=1349713 map_wall_s=1.045 map_cpu_s=6.991 merge_wall_s=0.562 merge_cpu_s=3.948 map_units=640 merge_ranges=80 map_eff_cores=6.69 merge_eff_cores=7.03
event=column H=14 col=2 frontier_in=138190 frontier_out=246587 wall_s=10.89 cum_wall_s=163.3 cpu_s=72.3 rss_max_mb=79.0 map_wall_s=4.94 map_cpu_s=43.5 merge_wall_s=4.61 merge_cpu_s=28.8 map_units=4389 merge_ranges=1188 eff_cores=6.64
event=kink_round H=17 col=1 round=stage15 frontier_in=3095559 map_wall_s=1.120 map_cpu_s=11.387 merge_wall_s=0.590 merge_cpu_s=6.543 map_units=640 merge_ranges=80 map_eff_cores=10.17 merge_eff_cores=11.09
event=kink_round H=9 col=13 round=seed frontier_in=2153 map_wall_s=0.144 map_cpu_s=0.008 merge_wall_s=0.000 merge_cpu_s=0.000 map_units=2 merge_ranges=0 map_eff_cores=0.06 merge_eff_cores=0.00
event=kink_round H=12 col=5 round=stage5 frontier_in=137370 map_wall_s=0.109 map_cpu_s=0.955 merge_wall_s=0.184 merge_cpu_s=0.560 map_units=68 merge_ranges=68 map_eff_cores=8.78 merge_eff_cores=3.05
event=kink_round H=11 col=7 round=stage2 frontier_in=38640 map_wall_s=0.082 map_cpu_s=0.243 merge_wall_s=0.155 merge_cpu_s=0.154 map_units=19 merge_ranges=19 map_eff_cores=2.98 merge_eff_cores=1.00
event=kink_round H=6 col=34 round=stage1 frontier_in=13 map_wall_s=0.128 map_cpu_s=0.000 merge_wall_s=0.100 merge_cpu_s=0.000 map_units=1 merge_ranges=1 map_eff_cores=0.00 merge_eff_cores=0.00
event=kink_round H=10 col=10 round=seed frontier_in=5567 map_wall_s=0.171 map_cpu_s=0.019 merge_wall_s=0.000 merge_cpu_s=0.000 map_units=3 merge_ranges=0 map_eff_cores=0.11 merge_eff_cores=0.00
event=kink_round H=7 col=24 round=stage3 frontier_in=1036 map_wall_s=0.122 map_cpu_s=0.003 merge_wall_s=0.076 merge_cpu_s=0.002 map_units=1 merge_ranges=1 map_eff_cores=0.02 merge_eff_cores=0.03
event=kink_round H=8 col=17 round=stage4 frontier_in=2795 map_wall_s=0.138 map_cpu_s=0.011 merge_wall_s=0.098 merge_cpu_s=0.008 map_units=2 merge_ranges=2 map_eff_cores=0.08 merge_eff_cores=0.08
event=kink_round H=13 col=3 round=finalize frontier_in=377300 map_wall_s=0.344 map_cpu_s=2.157 merge_wall_s=0.279 merge_cpu_s=1.375 map_units=185 merge_ranges=80 map_eff_cores=6.27 merge_eff_cores=4.94
event=kink_round H=9 col=13 round=stage0 frontier_in=2153 map_wall_s=0.086 map_cpu_s=0.011 merge_wall_s=0.092 merge_cpu_s=0.010 map_units=2 merge_ranges=2 map_eff_cores=0.13 merge_eff_cores=0.11
event=kink_round H=14 col=3 round=seed frontier_in=246587 map_wall_s=0.221 map_cpu_s=1.164 merge_wall_s=0.000 merge_cpu_s=0.000 map_units=121 merge_ranges=0 map_eff_cores=5.27 merge_eff_cores=0.00
event=kink_round H=6 col=34 round=stage2 frontier_in=17 map_wall_s=0.091 map_cpu_s=0.000 merge_wall_s=0.096 merge_cpu_s=0.001 map_units=1 merge_ranges=1 map_eff_cores=0.00 merge_eff_cores=0.01
event=column H=13 col=3 frontier_in=94599 frontier_out=105446 wall_s=7.45 cum_wall_s=170.8 cpu_s=45.5 rss_max_mb=79.0 map_wall_s=3.56 map_cpu_s=28.1 merge_wall_s=3.15 merge_cpu_s=17.5 map_units=2185 merge_ranges=1081 eff_cores=6.11
event=kink_round H=7 col=24 round=stage4 frontier_in=1113 map_wall_s=0.091 map_cpu_s=0.003 merge_wall_s=0.100 merge_cpu_s=0.003 map_units=1 merge_ranges=1 map_eff_cores=0.03 merge_eff_cores=0.03
event=kink_round H=8 col=17 round=stage5 frontier_in=2858 map_wall_s=0.090 map_cpu_s=0.011 merge_wall_s=0.106 merge_cpu_s=0.007 map_units=2 merge_ranges=2 map_eff_cores=0.12 merge_eff_cores=0.07
event=kink_round H=10 col=10 round=stage0 frontier_in=5567 map_wall_s=0.106 map_cpu_s=0.032 merge_wall_s=0.115 merge_cpu_s=0.022 map_units=3 merge_ranges=3 map_eff_cores=0.30 merge_eff_cores=0.19
event=kink_round H=11 col=7 round=stage3 frontier_in=45710 map_wall_s=0.109 map_cpu_s=0.271 merge_wall_s=0.141 merge_cpu_s=0.165 map_units=23 merge_ranges=23 map_eff_cores=2.49 merge_eff_cores=1.17
event=kink_round H=16 col=2 round=stage1 frontier_in=1275982 map_wall_s=1.021 map_cpu_s=6.266 merge_wall_s=0.543 merge_cpu_s=4.994 map_units=624 merge_ranges=80 map_eff_cores=6.14 merge_eff_cores=9.20
event=kink_round H=12 col=5 round=stage6 frontier_in=139577 map_wall_s=0.130 map_cpu_s=1.118 merge_wall_s=0.176 merge_cpu_s=0.580 map_units=69 merge_ranges=69 map_eff_cores=8.57 merge_eff_cores=3.29
event=kink_round H=9 col=13 round=stage1 frontier_in=3472 map_wall_s=0.107 map_cpu_s=0.016 merge_wall_s=0.139 merge_cpu_s=0.016 map_units=2 merge_ranges=2 map_eff_cores=0.15 merge_eff_cores=0.12
event=kink_round H=13 col=4 round=seed frontier_in=105446 map_wall_s=0.147 map_cpu_s=0.619 merge_wall_s=0.000 merge_cpu_s=0.000 map_units=52 merge_ranges=0 map_eff_cores=4.22 merge_eff_cores=0.00
event=kink_round H=6 col=34 round=stage3 frontier_in=21 map_wall_s=0.128 map_cpu_s=0.001 merge_wall_s=0.106 merge_cpu_s=0.002 map_units=1 merge_ranges=1 map_eff_cores=0.01 merge_eff_cores=0.02
event=kink_round H=7 col=24 round=stage5 frontier_in=1130 map_wall_s=0.110 map_cpu_s=0.004 merge_wall_s=0.106 merge_cpu_s=0.002 map_units=1 merge_ranges=1 map_eff_cores=0.04 merge_eff_cores=0.02
event=kink_round H=8 col=17 round=stage6 frontier_in=2920 map_wall_s=0.129 map_cpu_s=0.011 merge_wall_s=0.125 merge_cpu_s=0.008 map_units=2 merge_ranges=2 map_eff_cores=0.08 merge_eff_cores=0.06
event=kink_round H=10 col=10 round=stage1 frontier_in=8947 map_wall_s=0.147 map_cpu_s=0.046 merge_wall_s=0.132 merge_cpu_s=0.039 map_units=5 merge_ranges=5 map_eff_cores=0.31 merge_eff_cores=0.30
event=kink_round H=11 col=7 round=stage4 frontier_in=49855 map_wall_s=0.134 map_cpu_s=0.320 merge_wall_s=0.149 merge_cpu_s=0.181 map_units=25 merge_ranges=25 map_eff_cores=2.39 merge_eff_cores=1.21
event=kink_round H=9 col=13 round=stage2 frontier_in=5618 map_wall_s=0.113 map_cpu_s=0.032 merge_wall_s=0.136 merge_cpu_s=0.024 map_units=3 merge_ranges=3 map_eff_cores=0.28 merge_eff_cores=0.18
event=kink_round H=6 col=34 round=stage4 frontier_in=23 map_wall_s=0.126 map_cpu_s=0.001 merge_wall_s=0.116 merge_cpu_s=0.000 map_units=1 merge_ranges=1 map_eff_cores=0.01 merge_eff_cores=0.00
event=kink_round H=7 col=24 round=stage6 frontier_in=1170 map_wall_s=0.152 map_cpu_s=0.002 merge_wall_s=0.099 merge_cpu_s=0.003 map_units=1 merge_ranges=1 map_eff_cores=0.01 merge_eff_cores=0.03
event=kink_round H=14 col=3 round=stage0 frontier_in=246587 map_wall_s=0.274 map_cpu_s=2.005 merge_wall_s=0.290 merge_cpu_s=1.343 map_units=121 merge_ranges=80 map_eff_cores=7.31 merge_eff_cores=4.62
event=kink_round H=8 col=17 round=stage7 frontier_in=2997 map_wall_s=0.130 map_cpu_s=0.018 merge_wall_s=0.090 merge_cpu_s=0.007 map_units=2 merge_ranges=2 map_eff_cores=0.14 merge_eff_cores=0.08
event=kink_round H=10 col=10 round=stage2 frontier_in=14518 map_wall_s=0.150 map_cpu_s=0.059 merge_wall_s=0.078 merge_cpu_s=0.041 map_units=8 merge_ranges=8 map_eff_cores=0.39 merge_eff_cores=0.52
event=kink_round H=12 col=5 round=stage7 frontier_in=140134 map_wall_s=0.139 map_cpu_s=0.981 merge_wall_s=0.258 merge_cpu_s=0.594 map_units=69 merge_ranges=69 map_eff_cores=7.05 merge_eff_cores=2.30
event=kink_round H=13 col=4 round=stage0 frontier_in=105446 map_wall_s=0.141 map_cpu_s=0.752 merge_wall_s=0.240 merge_cpu_s=0.607 map_units=52 merge_ranges=52 map_eff_cores=5.34 merge_eff_cores=2.53
event=kink_round H=9 col=13 round=stage3 frontier_in=6682 map_wall_s=0.078 map_cpu_s=0.028 merge_wall_s=0.068 merge_cpu_s=0.019 map_units=4 merge_ranges=4 map_eff_cores=0.36 merge_eff_cores=0.28
event=kink_round H=11 col=7 round=stage5 frontier_in=51728 map_wall_s=0.128 map_cpu_s=0.299 merge_wall_s=0.092 merge_cpu_s=0.175 map_units=26 merge_ranges=26 map_eff_cores=2.34 merge_eff_cores=1.90
event=kink_round H=6 col=34 round=stage5 frontier_in=22 map_wall_s=0.056 map_cpu_s=0.000 merge_wall_s=0.140 merge_cpu_s=0.000 map_units=1 merge_ranges=1 map_eff_cores=0.00 merge_eff_cores=0.00
event=kink_round H=7 col=24 round=finalize frontier_in=1129 map_wall_s=0.054 map_cpu_s=0.002 merge_wall_s=0.262 merge_cpu_s=0.001 map_units=1 merge_ranges=1 map_eff_cores=0.04 merge_eff_cores=0.00
event=column H=7 col=24 frontier_in=335 frontier_out=335 wall_s=1.75 cum_wall_s=172.6 cpu_s=0.0 rss_max_mb=64.6 map_wall_s=0.87 map_cpu_s=0.0 merge_wall_s=0.88 merge_cpu_s=0.0 map_units=9 merge_ranges=8 eff_cores=0.02
event=kink_round H=8 col=17 round=finalize frontier_in=2895 map_wall_s=0.063 map_cpu_s=0.008 merge_wall_s=0.269 merge_cpu_s=0.004 map_units=2 merge_ranges=2 map_eff_cores=0.13 merge_eff_cores=0.01
event=column H=8 col=17 frontier_in=825 frontier_out=825 wall_s=2.09 cum_wall_s=174.6 cpu_s=0.1 rss_max_mb=74.8 map_wall_s=1.03 map_cpu_s=0.1 merge_wall_s=1.05 merge_cpu_s=0.1 map_units=17 merge_ranges=16 eff_cores=0.07
event=kink_round H=7 col=25 round=seed frontier_in=335 map_wall_s=0.101 map_cpu_s=0.001 merge_wall_s=0.000 merge_cpu_s=0.000 map_units=1 merge_ranges=0 map_eff_cores=0.01 merge_eff_cores=0.00
event=kink_round H=8 col=18 round=seed frontier_in=825 map_wall_s=0.100 map_cpu_s=0.006 merge_wall_s=0.000 merge_cpu_s=0.000 map_units=1 merge_ranges=0 map_eff_cores=0.06 merge_eff_cores=0.00
event=kink_round H=10 col=10 round=stage3 frontier_in=17220 map_wall_s=0.278 map_cpu_s=0.082 merge_wall_s=0.121 merge_cpu_s=0.055 map_units=9 merge_ranges=9 map_eff_cores=0.30 merge_eff_cores=0.45
event=kink_round H=9 col=13 round=stage4 frontier_in=7282 map_wall_s=0.275 map_cpu_s=0.029 merge_wall_s=0.106 merge_cpu_s=0.024 map_units=4 merge_ranges=4 map_eff_cores=0.11 merge_eff_cores=0.23
event=kink_round H=6 col=34 round=finalize frontier_in=13 map_wall_s=0.247 map_cpu_s=0.003 merge_wall_s=0.056 merge_cpu_s=0.002 map_units=1 merge_ranges=1 map_eff_cores=0.01 merge_eff_cores=0.04
event=column H=6 col=34 frontier_in=9 frontier_out=3 wall_s=1.76 cum_wall_s=176.4 cpu_s=0.0 rss_max_mb=56.6 map_wall_s=1.08 map_cpu_s=0.0 merge_wall_s=0.68 merge_cpu_s=0.0 map_units=8 merge_ranges=7 eff_cores=0.01
event=kink_round H=11 col=7 round=stage6 frontier_in=52427 map_wall_s=0.302 map_cpu_s=0.250 merge_wall_s=0.110 merge_cpu_s=0.190 map_units=26 merge_ranges=26 map_eff_cores=0.83 merge_eff_cores=1.72
event=kink_round H=12 col=5 round=stage8 frontier_in=140687 map_wall_s=0.324 map_cpu_s=0.929 merge_wall_s=0.119 merge_cpu_s=0.566 map_units=69 merge_ranges=69 map_eff_cores=2.87 merge_eff_cores=4.77
event=kink_round H=7 col=25 round=stage0 frontier_in=335 map_wall_s=0.057 map_cpu_s=0.002 merge_wall_s=0.117 merge_cpu_s=0.001 map_units=1 merge_ranges=1 map_eff_cores=0.04 merge_eff_cores=0.01
event=kink_round H=6 col=35 round=seed frontier_in=3 map_wall_s=0.136 map_cpu_s=0.000 merge_wall_s=0.000 merge_cpu_s=0.000 map_units=1 merge_ranges=0 map_eff_cores=0.00 merge_eff_cores=0.00
event=kink_round H=18 col=1 round=stage13 frontier_in=4118990 map_wall_s=1.094 map_cpu_s=14.237 merge_wall_s=0.660 merge_cpu_s=7.331 map_units=640 merge_ranges=80 map_eff_cores=13.02 merge_eff_cores=11.11
event=kink_round H=8 col=18 round=stage0 frontier_in=825 map_wall_s=0.052 map_cpu_s=0.004 merge_wall_s=0.117 merge_cpu_s=0.003 map_units=1 merge_ranges=1 map_eff_cores=0.08 merge_eff_cores=0.03
event=kink_round H=9 col=13 round=stage5 frontier_in=7502 map_wall_s=0.135 map_cpu_s=0.027 merge_wall_s=0.063 merge_cpu_s=0.018 map_units=4 merge_ranges=4 map_eff_cores=0.20 merge_eff_cores=0.29
event=kink_round H=10 col=10 round=stage4 frontier_in=18804 map_wall_s=0.152 map_cpu_s=0.072 merge_wall_s=0.056 merge_cpu_s=0.055 map_units=10 merge_ranges=10 map_eff_cores=0.47 merge_eff_cores=0.99
event=kink_round H=13 col=4 round=stage1 frontier_in=169474 map_wall_s=0.378 map_cpu_s=1.110 merge_wall_s=0.228 merge_cpu_s=0.992 map_units=83 merge_ranges=80 map_eff_cores=2.94 merge_eff_cores=4.35
event=kink_round H=7 col=25 round=stage1 frontier_in=544 map_wall_s=0.062 map_cpu_s=0.002 merge_wall_s=0.047 merge_cpu_s=0.001 map_units=1 merge_ranges=1 map_eff_cores=0.03 merge_eff_cores=0.02
event=kink_round H=6 col=35 round=stage0 frontier_in=3 map_wall_s=0.038 map_cpu_s=0.000 merge_wall_s=0.050 merge_cpu_s=0.001 map_units=1 merge_ranges=1 map_eff_cores=0.00 merge_eff_cores=0.02
event=kink_round H=8 col=18 round=stage1 frontier_in=1328 map_wall_s=0.035 map_cpu_s=0.005 merge_wall_s=0.047 merge_cpu_s=0.004 map_units=1 merge_ranges=1 map_eff_cores=0.14 merge_eff_cores=0.08
event=kink_round H=11 col=7 round=stage7 frontier_in=52569 map_wall_s=0.129 map_cpu_s=0.278 merge_wall_s=0.073 merge_cpu_s=0.171 map_units=26 merge_ranges=26 map_eff_cores=2.16 merge_eff_cores=2.34
event=kink_round H=19 col=1 round=stage11 frontier_in=5631597 map_wall_s=1.180 map_cpu_s=16.971 merge_wall_s=0.860 merge_cpu_s=8.493 map_units=640 merge_ranges=80 map_eff_cores=14.38 merge_eff_cores=9.88
event=kink_round H=14 col=3 round=stage1 frontier_in=394661 map_wall_s=0.508 map_cpu_s=2.638 merge_wall_s=0.224 merge_cpu_s=2.069 map_units=193 merge_ranges=80 map_eff_cores=5.19 merge_eff_cores=9.22
event=kink_round H=9 col=13 round=stage6 frontier_in=7569 map_wall_s=0.051 map_cpu_s=0.027 merge_wall_s=0.137 merge_cpu_s=0.016 map_units=4 merge_ranges=4 map_eff_cores=0.53 merge_eff_cores=0.12
event=kink_round H=15 col=2 round=stage7 frontier_in=1438130 map_wall_s=1.123 map_cpu_s=8.145 merge_wall_s=0.479 merge_cpu_s=4.241 map_units=640 merge_ranges=80 map_eff_cores=7.25 merge_eff_cores=8.85
event=kink_round H=12 col=5 round=stage9 frontier_in=141099 map_wall_s=0.108 map_cpu_s=0.943 merge_wall_s=0.219 merge_cpu_s=0.540 map_units=69 merge_ranges=69 map_eff_cores=8.76 merge_eff_cores=2.47
event=kink_round H=6 col=35 round=stage1 frontier_in=3 map_wall_s=0.131 map_cpu_s=0.000 merge_wall_s=0.132 merge_cpu_s=0.001 map_units=1 merge_ranges=1 map_eff_cores=0.00 merge_eff_cores=0.01
event=kink_round H=7 col=25 round=stage2 frontier_in=873 map_wall_s=0.128 map_cpu_s=0.002 merge_wall_s=0.138 merge_cpu_s=0.002 map_units=1 merge_ranges=1 map_eff_cores=0.02 merge_eff_cores=0.01
event=kink_round H=8 col=18 round=stage2 frontier_in=2153 map_wall_s=0.138 map_cpu_s=0.006 merge_wall_s=0.148 merge_cpu_s=0.007 map_units=2 merge_ranges=2 map_eff_cores=0.04 merge_eff_cores=0.05
event=kink_round H=10 col=10 round=stage5 frontier_in=19508 map_wall_s=0.165 map_cpu_s=0.073 merge_wall_s=0.153 merge_cpu_s=0.060 map_units=10 merge_ranges=10 map_eff_cores=0.44 merge_eff_cores=0.39
event=kink_round H=11 col=7 round=stage8 frontier_in=52799 map_wall_s=0.134 map_cpu_s=0.246 merge_wall_s=0.162 merge_cpu_s=0.181 map_units=26 merge_ranges=26 map_eff_cores=1.84 merge_eff_cores=1.12
event=kink_round H=9 col=13 round=stage7 frontier_in=7596 map_wall_s=0.143 map_cpu_s=0.030 merge_wall_s=0.074 merge_cpu_s=0.020 map_units=4 merge_ranges=4 map_eff_cores=0.21 merge_eff_cores=0.27
event=kink_round H=7 col=25 round=stage3 frontier_in=1036 map_wall_s=0.063 map_cpu_s=0.002 merge_wall_s=0.086 merge_cpu_s=0.001 map_units=1 merge_ranges=1 map_eff_cores=0.03 merge_eff_cores=0.01
event=kink_round H=6 col=35 round=stage2 frontier_in=3 map_wall_s=0.068 map_cpu_s=0.001 merge_wall_s=0.083 merge_cpu_s=0.000 map_units=1 merge_ranges=1 map_eff_cores=0.01 merge_eff_cores=0.00
event=kink_round H=8 col=18 round=stage3 frontier_in=2568 map_wall_s=0.068 map_cpu_s=0.016 merge_wall_s=0.093 merge_cpu_s=0.006 map_units=2 merge_ranges=2 map_eff_cores=0.23 merge_eff_cores=0.06
event=kink_round H=12 col=5 round=stage10 frontier_in=140628 map_wall_s=0.129 map_cpu_s=0.947 merge_wall_s=0.149 merge_cpu_s=0.574 map_units=69 merge_ranges=69 map_eff_cores=7.33 merge_eff_cores=3.85
event=kink_round H=13 col=4 round=stage2 frontier_in=274755 map_wall_s=0.288 map_cpu_s=1.752 merge_wall_s=0.196 merge_cpu_s=1.325 map_units=135 merge_ranges=80 map_eff_cores=6.09 merge_eff_cores=6.75
event=kink_round H=10 col=10 round=stage6 frontier_in=19682 map_wall_s=0.092 map_cpu_s=0.101 merge_wall_s=0.154 merge_cpu_s=0.067 map_units=10 merge_ranges=10 map_eff_cores=1.10 merge_eff_cores=0.43
event=kink_round H=17 col=1 round=stage16 frontier_in=3868040 map_wall_s=1.216 map_cpu_s=14.488 merge_wall_s=0.683 merge_cpu_s=8.063 map_units=640 merge_ranges=80 map_eff_cores=11.92 merge_eff_cores=11.80
event=kink_round H=11 col=7 round=stage9 frontier_in=52650 map_wall_s=0.095 map_cpu_s=0.245 merge_wall_s=0.163 merge_cpu_s=0.193 map_units=26 merge_ranges=26 map_eff_cores=2.59 merge_eff_cores=1.18
event=kink_round H=9 col=13 round=stage8 frontier_in=7732 map_wall_s=0.139 map_cpu_s=0.034 merge_wall_s=0.093 merge_cpu_s=0.020 map_units=4 merge_ranges=4 map_eff_cores=0.24 merge_eff_cores=0.21
event=kink_round H=6 col=35 round=stage3 frontier_in=3 map_wall_s=0.130 map_cpu_s=0.001 merge_wall_s=0.088 merge_cpu_s=0.002 map_units=1 merge_ranges=1 map_eff_cores=0.01 merge_eff_cores=0.02
event=kink_round H=7 col=25 round=stage4 frontier_in=1113 map_wall_s=0.124 map_cpu_s=0.003 merge_wall_s=0.095 merge_cpu_s=0.002 map_units=1 merge_ranges=1 map_eff_cores=0.02 merge_eff_cores=0.02
event=kink_round H=16 col=2 round=stage2 frontier_in=2121856 map_wall_s=1.026 map_cpu_s=9.341 merge_wall_s=0.614 merge_cpu_s=5.720 map_units=640 merge_ranges=80 map_eff_cores=9.10 merge_eff_cores=9.31
event=kink_round H=8 col=18 round=stage4 frontier_in=2795 map_wall_s=0.098 map_cpu_s=0.008 merge_wall_s=0.120 merge_cpu_s=0.009 map_units=2 merge_ranges=2 map_eff_cores=0.08 merge_eff_cores=0.07
event=kink_round H=10 col=10 round=stage7 frontier_in=19901 map_wall_s=0.116 map_cpu_s=0.091 merge_wall_s=0.105 merge_cpu_s=0.065 map_units=10 merge_ranges=10 map_eff_cores=0.78 merge_eff_cores=0.62
event=kink_round H=6 col=35 round=stage4 frontier_in=3 map_wall_s=0.102 map_cpu_s=0.001 merge_wall_s=0.142 merge_cpu_s=0.000 map_units=1 merge_ranges=1 map_eff_cores=0.01 merge_eff_cores=0.00
event=kink_round H=9 col=13 round=finalize frontier_in=7529 map_wall_s=0.110 map_cpu_s=0.036 merge_wall_s=0.156 merge_cpu_s=0.009 map_units=4 merge_ranges=4 map_eff_cores=0.33 merge_eff_cores=0.06
event=kink_round H=7 col=25 round=stage5 frontier_in=1130 map_wall_s=0.106 map_cpu_s=0.005 merge_wall_s=0.141 merge_cpu_s=0.001 map_units=1 merge_ranges=1 map_eff_cores=0.05 merge_eff_cores=0.01
event=column H=9 col=13 frontier_in=2153 frontier_out=2153 wall_s=2.47 cum_wall_s=178.9 cpu_s=0.5 rss_max_mb=74.8 map_wall_s=1.38 map_cpu_s=0.3 merge_wall_s=1.07 merge_cpu_s=0.2 map_units=37 merge_ranges=35 eff_cores=0.18
event=kink_round H=12 col=5 round=stage11 frontier_in=142690 map_wall_s=0.138 map_cpu_s=0.961 merge_wall_s=0.210 merge_cpu_s=0.575 map_units=70 merge_ranges=70 map_eff_cores=6.95 merge_eff_cores=2.74
event=kink_round H=8 col=18 round=stage5 frontier_in=2858 map_wall_s=0.102 map_cpu_s=0.011 merge_wall_s=0.148 merge_cpu_s=0.007 map_units=2 merge_ranges=2 map_eff_cores=0.11 merge_eff_cores=0.05
event=kink_round H=11 col=7 round=stage10 frontier_in=53453 map_wall_s=0.133 map_cpu_s=0.296 merge_wall_s=0.191 merge_cpu_s=0.201 map_units=27 merge_ranges=27 map_eff_cores=2.22 merge_eff_cores=1.05
event=kink_round H=9 col=14 round=seed frontier_in=2153 map_wall_s=0.126 map_cpu_s=0.006 merge_wall_s=0.000 merge_cpu_s=0.000 map_units=2 merge_ranges=0 map_eff_cores=0.05 merge_eff_cores=0.00
event=kink_round H=13 col=4 round=stage3 frontier_in=323992 map_wall_s=0.292 map_cpu_s=2.265 merge_wall_s=0.260 merge_cpu_s=1.470 map_units=159 merge_ranges=80 map_eff_cores=7.76 merge_eff_cores=5.65
event=kink_round H=10 col=10 round=stage8 frontier_in=19909 map_wall_s=0.167 map_cpu_s=0.106 merge_wall_s=0.169 merge_cpu_s=0.075 map_units=10 merge_ranges=10 map_eff_cores=0.63 merge_eff_cores=0.44
event=kink_round H=14 col=3 round=stage2 frontier_in=644961 map_wall_s=0.482 map_cpu_s=4.329 merge_wall_s=0.462 merge_cpu_s=2.698 map_units=315 merge_ranges=80 map_eff_cores=8.98 merge_eff_cores=5.84
event=kink_round H=6 col=35 round=stage5 frontier_in=2 map_wall_s=0.126 map_cpu_s=0.000 merge_wall_s=0.158 merge_cpu_s=0.002 map_units=1 merge_ranges=1 map_eff_cores=0.00 merge_eff_cores=0.01
event=kink_round H=7 col=25 round=stage6 frontier_in=1170 map_wall_s=0.128 map_cpu_s=0.002 merge_wall_s=0.152 merge_cpu_s=0.002 map_units=1 merge_ranges=1 map_eff_cores=0.02 merge_eff_cores=0.01
event=kink_round H=8 col=18 round=stage6 frontier_in=2920 map_wall_s=0.142 map_cpu_s=0.011 merge_wall_s=0.136 merge_cpu_s=0.007 map_units=2 merge_ranges=2 map_eff_cores=0.08 merge_eff_cores=0.05
event=kink_round H=6 col=35 round=finalize frontier_in=1 map_wall_s=0.124 map_cpu_s=0.001 merge_wall_s=0.000 merge_cpu_s=0.000 map_units=0 merge_ranges=0 map_eff_cores=0.01 merge_eff_cores=0.00
event=column H=6 col=35 frontier_in=3 frontier_out=0 wall_s=1.51 cum_wall_s=180.4 cpu_s=0.0 rss_max_mb=79.0 map_wall_s=0.85 map_cpu_s=0.0 merge_wall_s=0.65 merge_cpu_s=0.0 map_units=7 merge_ranges=6 eff_cores=0.01
event=kink_round H=9 col=14 round=stage0 frontier_in=2153 map_wall_s=0.162 map_cpu_s=0.011 merge_wall_s=0.143 merge_cpu_s=0.008 map_units=2 merge_ranges=2 map_eff_cores=0.07 merge_eff_cores=0.06
event=kink_round H=11 col=7 round=finalize frontier_in=52683 map_wall_s=0.187 map_cpu_s=0.263 merge_wall_s=0.175 merge_cpu_s=0.115 map_units=26 merge_ranges=26 map_eff_cores=1.41 merge_eff_cores=0.66
event=kink_round H=12 col=5 round=finalize frontier_in=141350 map_wall_s=0.195 map_cpu_s=0.859 merge_wall_s=0.231 merge_cpu_s=0.518 map_units=70 merge_ranges=70 map_eff_cores=4.41 merge_eff_cores=2.25
event=column H=11 col=7 frontier_in=14826 frontier_out=14826 wall_s=3.58 cum_wall_s=184.0 cpu_s=4.9 rss_max_mb=79.0 map_wall_s=1.78 map_cpu_s=3.0 merge_wall_s=1.63 merge_cpu_s=1.9 map_units=278 merge_ranges=270 eff_cores=1.37
event=column H=12 col=5 frontier_in=39498 frontier_out=39506 wall_s=4.91 cum_wall_s=188.9 cpu_s=17.4 rss_max_mb=79.0 map_wall_s=2.11 map_cpu_s=10.9 merge_wall_s=2.40 merge_cpu_s=6.6 map_units=800 merge_ranges=780 eff_cores=3.55
event=kink_round H=7 col=25 round=finalize frontier_in=1129 map_wall_s=0.125 map_cpu_s=0.003 merge_wall_s=0.109 merge_cpu_s=0.001 map_units=1 merge_ranges=1 map_eff_cores=0.02 merge_eff_cores=0.01
event=column H=7 col=25 frontier_in=335 frontier_out=335 wall_s=1.78 cum_wall_s=190.6 cpu_s=0.0 rss_max_mb=64.6 map_wall_s=0.89 map_cpu_s=0.0 merge_wall_s=0.88 merge_cpu_s=0.0 map_units=9 merge_ranges=8 eff_cores=0.02
event=kink_round H=10 col=10 round=stage9 frontier_in=20222 map_wall_s=0.144 map_cpu_s=0.120 merge_wall_s=0.153 merge_cpu_s=0.073 map_units=10 merge_ranges=10 map_eff_cores=0.83 merge_eff_cores=0.48
event=heartbeat H=17 col=1 elapsed_s=17 processed=128000 rate_per_s=7390 steals=0
event=kink_round H=8 col=18 round=stage7 frontier_in=2997 map_wall_s=0.137 map_cpu_s=0.012 merge_wall_s=0.132 merge_cpu_s=0.008 map_units=2 merge_ranges=2 map_eff_cores=0.09 merge_eff_cores=0.06
event=kink_round H=11 col=8 round=seed frontier_in=14826 map_wall_s=0.235 map_cpu_s=0.064 merge_wall_s=0.000 merge_cpu_s=0.000 map_units=8 merge_ranges=0 map_eff_cores=0.27 merge_eff_cores=0.00
event=kink_round H=7 col=26 round=seed frontier_in=335 map_wall_s=0.231 map_cpu_s=0.001 merge_wall_s=0.000 merge_cpu_s=0.000 map_units=1 merge_ranges=0 map_eff_cores=0.00 merge_eff_cores=0.00
event=kink_round H=9 col=14 round=stage1 frontier_in=3472 map_wall_s=0.114 map_cpu_s=0.017 merge_wall_s=0.304 merge_cpu_s=0.013 map_units=2 merge_ranges=2 map_eff_cores=0.15 merge_eff_cores=0.04
event=kink_round H=12 col=6 round=seed frontier_in=39506 map_wall_s=0.325 map_cpu_s=0.208 merge_wall_s=0.000 merge_cpu_s=0.000 map_units=20 merge_ranges=0 map_eff_cores=0.64 merge_eff_cores=0.00
event=kink_round H=8 col=18 round=finalize frontier_in=2895 map_wall_s=0.283 map_cpu_s=0.007 merge_wall_s=0.072 merge_cpu_s=0.004 map_units=2 merge_ranges=2 map_eff_cores=0.02 merge_eff_cores=0.06
event=column H=8 col=18 frontier_in=825 frontier_out=825 wall_s=2.19 cum_wall_s=192.8 cpu_s=0.1 rss_max_mb=72.8 map_wall_s=1.16 map_cpu_s=0.1 merge_wall_s=1.01 merge_cpu_s=0.1 map_units=17 merge_ranges=16 eff_cores=0.06
event=kink_round H=10 col=10 round=finalize frontier_in=19812 map_wall_s=0.312 map_cpu_s=0.081 merge_wall_s=0.088 merge_cpu_s=0.028 map_units=10 merge_ranges=10 map_eff_cores=0.26 merge_eff_cores=0.32
event=column H=10 col=10 frontier_in=5567 frontier_out=5567 wall_s=3.41 cum_wall_s=196.2 cpu_s=1.5 rss_max_mb=79.0 map_wall_s=2.00 map_cpu_s=0.9 merge_wall_s=1.32 merge_cpu_s=0.6 map_units=98 merge_ranges=95 eff_cores=0.43
event=heartbeat H=18 col=1 elapsed_s=17 processed=7168 rate_per_s=414 steals=0
event=kink_round H=7 col=26 round=stage0 frontier_in=335 map_wall_s=0.165 map_cpu_s=0.002 merge_wall_s=0.080 merge_cpu_s=0.001 map_units=1 merge_ranges=1 map_eff_cores=0.01 merge_eff_cores=0.01
event=kink_round H=11 col=8 round=stage0 frontier_in=14826 map_wall_s=0.183 map_cpu_s=0.084 merge_wall_s=0.108 merge_cpu_s=0.067 map_units=8 merge_ranges=8 map_eff_cores=0.46 merge_eff_cores=0.62
event=kink_round H=8 col=19 round=seed frontier_in=825 map_wall_s=0.077 map_cpu_s=0.006 merge_wall_s=0.000 merge_cpu_s=0.000 map_units=1 merge_ranges=0 map_eff_cores=0.08 merge_eff_cores=0.00
event=kink_round H=9 col=14 round=stage2 frontier_in=5618 map_wall_s=0.085 map_cpu_s=0.026 merge_wall_s=0.098 merge_cpu_s=0.020 map_units=3 merge_ranges=3 map_eff_cores=0.31 merge_eff_cores=0.20
event=kink_round H=10 col=11 round=seed frontier_in=5567 map_wall_s=0.066 map_cpu_s=0.024 merge_wall_s=0.000 merge_cpu_s=0.000 map_units=3 merge_ranges=0 map_eff_cores=0.36 merge_eff_cores=0.00
event=kink_round H=13 col=4 round=stage4 frontier_in=352690 map_wall_s=0.563 map_cpu_s=2.490 merge_wall_s=0.197 merge_cpu_s=1.523 map_units=173 merge_ranges=80 map_eff_cores=4.42 merge_eff_cores=7.74
event=kink_round H=12 col=6 round=stage0 frontier_in=39506 map_wall_s=0.102 map_cpu_s=0.235 merge_wall_s=0.113 merge_cpu_s=0.213 map_units=20 merge_ranges=20 map_eff_cores=2.30 merge_eff_cores=1.89
event=kink_round H=15 col=2 round=stage8 frontier_in=1539615 map_wall_s=1.072 map_cpu_s=8.786 merge_wall_s=0.628 merge_cpu_s=4.548 map_units=640 merge_ranges=80 map_eff_cores=8.20 merge_eff_cores=7.24
event=kink_round H=18 col=1 round=stage14 frontier_in=4994335 map_wall_s=1.206 map_cpu_s=16.261 merge_wall_s=0.771 merge_cpu_s=8.763 map_units=640 merge_ranges=80 map_eff_cores=13.48 merge_eff_cores=11.36
event=kink_round H=7 col=26 round=stage1 frontier_in=544 map_wall_s=0.053 map_cpu_s=0.001 merge_wall_s=0.193 merge_cpu_s=0.002 map_units=1 merge_ranges=1 map_eff_cores=0.02 merge_eff_cores=0.01
event=kink_round H=8 col=19 round=stage0 frontier_in=825 map_wall_s=0.190 map_cpu_s=0.003 merge_wall_s=0.145 merge_cpu_s=0.004 map_units=1 merge_ranges=1 map_eff_cores=0.02 merge_eff_cores=0.03
event=kink_round H=9 col=14 round=stage3 frontier_in=6682 map_wall_s=0.198 map_cpu_s=0.025 merge_wall_s=0.147 merge_cpu_s=0.023 map_units=4 merge_ranges=4 map_eff_cores=0.13 merge_eff_cores=0.16
event=kink_round H=10 col=11 round=stage0 frontier_in=5567 map_wall_s=0.197 map_cpu_s=0.026 merge_wall_s=0.145 merge_cpu_s=0.026 map_units=3 merge_ranges=3 map_eff_cores=0.13 merge_eff_cores=0.18
event=kink_round H=11 col=8 round=stage1 frontier_in=23855 map_wall_s=0.208 map_cpu_s=0.122 merge_wall_s=0.166 merge_cpu_s=0.117 map_units=12 merge_ranges=12 map_eff_cores=0.59 merge_eff_cores=0.71
event=kink_round H=12 col=6 round=stage1 frontier_in=63502 map_wall_s=0.202 map_cpu_s=0.354 merge_wall_s=0.145 merge_cpu_s=0.319 map_units=32 merge_ranges=32 map_eff_cores=1.76 merge_eff_cores=2.20
event=kink_round H=7 col=26 round=stage2 frontier_in=873 map_wall_s=0.128 map_cpu_s=0.002 merge_wall_s=0.120 merge_cpu_s=0.001 map_units=1 merge_ranges=1 map_eff_cores=0.02 merge_eff_cores=0.01
event=kink_round H=14 col=3 round=stage3 frontier_in=768281 map_wall_s=0.727 map_cpu_s=4.749 merge_wall_s=0.419 merge_cpu_s=3.082 map_units=376 merge_ranges=80 map_eff_cores=6.53 merge_eff_cores=7.36
event=kink_round H=8 col=19 round=stage1 frontier_in=1328 map_wall_s=0.131 map_cpu_s=0.004 merge_wall_s=0.170 merge_cpu_s=0.004 map_units=1 merge_ranges=1 map_eff_cores=0.03 merge_eff_cores=0.02
event=kink_round H=9 col=14 round=stage4 frontier_in=7282 map_wall_s=0.136 map_cpu_s=0.027 merge_wall_s=0.182 merge_cpu_s=0.017 map_units=4 merge_ranges=4 map_eff_cores=0.20 merge_eff_cores=0.09
event=kink_round H=10 col=11 round=stage1 frontier_in=8947 map_wall_s=0.139 map_cpu_s=0.043 merge_wall_s=0.180 merge_cpu_s=0.038 map_units=5 merge_ranges=5 map_eff_cores=0.31 merge_eff_cores=0.21
event=heartbeat H=19 col=1 elapsed_s=17 processed=959488 rate_per_s=55396 steals=0
event=kink_round H=19 col=1 round=stage12 frontier_in=6800784 map_wall_s=1.529 map_cpu_s=21.378 merge_wall_s=0.806 merge_cpu_s=10.488 map_units=640 merge_ranges=80 map_eff_cores=13.98 merge_eff_cores=13.02
event=kink_round H=16 col=2 round=stage3 frontier_in=2601069 map_wall_s=1.314 map_cpu_s=11.375 merge_wall_s=0.481 merge_cpu_s=6.124 map_units=640 merge_ranges=80 map_eff_cores=8.66 merge_eff_cores=12.74
event=kink_round H=11 col=8 round=stage2 frontier_in=38640 map_wall_s=0.148 map_cpu_s=0.202 merge_wall_s=0.200 merge_cpu_s=0.136 map_units=19 merge_ranges=19 map_eff_cores=1.37 merge_eff_cores=0.68
event=kink_round H=7 col=26 round=stage3 frontier_in=1036 map_wall_s=0.173 map_cpu_s=0.002 merge_wall_s=0.144 merge_cpu_s=0.002 map_units=1 merge_ranges=1 map_eff_cores=0.01 merge_eff_cores=0.01
event=kink_round H=12 col=6 round=stage2 frontier_in=102880 map_wall_s=0.174 map_cpu_s=0.671 merge_wall_s=0.221 merge_cpu_s=0.475 map_units=51 merge_ranges=51 map_eff_cores=3.86 merge_eff_cores=2.15
event=kink_round H=8 col=19 round=stage2 frontier_in=2153 map_wall_s=0.130 map_cpu_s=0.006 merge_wall_s=0.090 merge_cpu_s=0.006 map_units=2 merge_ranges=2 map_eff_cores=0.05 merge_eff_cores=0.07
event=kink_round H=13 col=4 round=stage5 frontier_in=366355 map_wall_s=0.423 map_cpu_s=2.376 merge_wall_s=0.359 merge_cpu_s=1.571 map_units=179 merge_ranges=80 map_eff_cores=5.61 merge_eff_cores=4.38
event=kink_round H=9 col=14 round=stage5 frontier_in=7502 map_wall_s=0.122 map_cpu_s=0.033 merge_wall_s=0.098 merge_cpu_s=0.023 map_units=4 merge_ranges=4 map_eff_cores=0.27 merge_eff_cores=0.23
event=kink_round H=10 col=11 round=stage2 frontier_in=14518 map_wall_s=0.122 map_cpu_s=0.066 merge_wall_s=0.104 merge_cpu_s=0.056 map_units=8 merge_ranges=8 map_eff_cores=0.54 merge_eff_cores=0.54
event=kink_round H=7 col=26 round=stage4 frontier_in=1113 map_wall_s=0.080 map_cpu_s=0.003 merge_wall_s=0.072 merge_cpu_s=0.002 map_units=1 merge_ranges=1 map_eff_cores=0.04 merge_eff_cores=0.03
event=kink_round H=8 col=19 round=stage3 frontier_in=2568 map_wall_s=0.070 map_cpu_s=0.008 merge_wall_s=0.064 merge_cpu_s=0.009 map_units=2 merge_ranges=2 map_eff_cores=0.11 merge_eff_cores=0.14
event=kink_round H=11 col=8 round=stage3 frontier_in=45710 map_wall_s=0.113 map_cpu_s=0.332 merge_wall_s=0.147 merge_cpu_s=0.168 map_units=23 merge_ranges=23 map_eff_cores=2.94 merge_eff_cores=1.15
event=kink_round H=7 col=26 round=stage5 frontier_in=1130 map_wall_s=0.060 map_cpu_s=0.002 merge_wall_s=0.112 merge_cpu_s=0.002 map_units=1 merge_ranges=1 map_eff_cores=0.03 merge_eff_cores=0.02
event=kink_round H=10 col=11 round=stage3 frontier_in=17220 map_wall_s=0.076 map_cpu_s=0.084 merge_wall_s=0.126 merge_cpu_s=0.058 map_units=9 merge_ranges=9 map_eff_cores=1.10 merge_eff_cores=0.46
event=kink_round H=9 col=14 round=stage6 frontier_in=7569 map_wall_s=0.081 map_cpu_s=0.035 merge_wall_s=0.134 merge_cpu_s=0.023 map_units=4 merge_ranges=4 map_eff_cores=0.43 merge_eff_cores=0.17
event=kink_round H=17 col=1 round=finalize frontier_in=4983174 map_wall_s=1.429 map_cpu_s=15.566 merge_wall_s=0.779 merge_cpu_s=7.265 map_units=640 merge_ranges=80 map_eff_cores=10.89 merge_eff_cores=9.33
event=kink_round H=12 col=6 round=stage3 frontier_in=121352 map_wall_s=0.101 map_cpu_s=0.804 merge_wall_s=0.216 merge_cpu_s=0.520 map_units=60 merge_ranges=60 map_eff_cores=7.97 merge_eff_cores=2.41
event=kink_round H=8 col=19 round=stage4 frontier_in=2795 map_wall_s=0.105 map_cpu_s=0.010 merge_wall_s=0.162 merge_cpu_s=0.007 map_units=2 merge_ranges=2 map_eff_cores=0.09 merge_eff_cores=0.04
event=kink_round H=11 col=8 round=stage4 frontier_in=49855 map_wall_s=0.131 map_cpu_s=0.264 merge_wall_s=0.178 merge_cpu_s=0.182 map_units=25 merge_ranges=25 map_eff_cores=2.02 merge_eff_cores=1.02
event=kink_round H=7 col=26 round=stage6 frontier_in=1170 map_wall_s=0.157 map_cpu_s=0.003 merge_wall_s=0.110 merge_cpu_s=0.002 map_units=1 merge_ranges=1 map_eff_cores=0.02 merge_eff_cores=0.02
event=kink_round H=9 col=14 round=stage7 frontier_in=7596 map_wall_s=0.149 map_cpu_s=0.034 merge_wall_s=0.124 merge_cpu_s=0.032 map_units=4 merge_ranges=4 map_eff_cores=0.23 merge_eff_cores=0.26
event=kink_round H=10 col=11 round=stage4 frontier_in=18804 map_wall_s=0.147 map_cpu_s=0.099 merge_wall_s=0.130 merge_cpu_s=0.082 map_units=10 merge_ranges=10 map_eff_cores=0.67 merge_eff_cores=0.63
event=column H=17 col=1 frontier_in=65791 frontier_out=1942129 wall_s=19.25 cum_wall_s=215.5 cpu_s=143.6 rss_max_mb=79.0 map_wall_s=8.76 map_cpu_s=89.4 merge_wall_s=8.12 merge_cpu_s=54.2 map_units=7285 merge_ranges=1378 eff_cores=7.46
event=kink_round H=13 col=4 round=stage6 frontier_in=372417 map_wall_s=0.361 map_cpu_s=2.860 merge_wall_s=0.251 merge_cpu_s=1.528 map_units=182 merge_ranges=80 map_eff_cores=7.92 merge_eff_cores=6.09
event=kink_round H=8 col=19 round=stage5 frontier_in=2858 map_wall_s=0.107 map_cpu_s=0.012 merge_wall_s=0.252 merge_cpu_s=0.004 map_units=2 merge_ranges=2 map_eff_cores=0.11 merge_eff_cores=0.02
event=kink_round H=12 col=6 round=stage4 frontier_in=132241 map_wall_s=0.137 map_cpu_s=0.986 merge_wall_s=0.303 merge_cpu_s=0.556 map_units=65 merge_ranges=65 map_eff_cores=7.20 merge_eff_cores=1.83
event=kink_round H=7 col=26 round=finalize frontier_in=1129 map_wall_s=0.175 map_cpu_s=0.002 merge_wall_s=0.181 merge_cpu_s=0.001 map_units=1 merge_ranges=1 map_eff_cores=0.01 merge_eff_cores=0.01
event=column H=7 col=26 frontier_in=335 frontier_out=335 wall_s=2.24 cum_wall_s=217.7 cpu_s=0.0 rss_max_mb=64.6 map_wall_s=1.22 map_cpu_s=0.0 merge_wall_s=1.01 merge_cpu_s=0.0 map_units=9 merge_ranges=8 eff_cores=0.01
event=kink_round H=14 col=3 round=stage4 frontier_in=837418 map_wall_s=0.694 map_cpu_s=5.844 merge_wall_s=0.468 merge_cpu_s=3.406 map_units=409 merge_ranges=80 map_eff_cores=8.43 merge_eff_cores=7.28
event=kink_round H=9 col=14 round=stage8 frontier_in=7732 map_wall_s=0.253 map_cpu_s=0.025 merge_wall_s=0.126 merge_cpu_s=0.022 map_units=4 merge_ranges=4 map_eff_cores=0.10 merge_eff_cores=0.17
event=kink_round H=11 col=8 round=stage5 frontier_in=51728 map_wall_s=0.202 map_cpu_s=0.232 merge_wall_s=0.212 merge_cpu_s=0.185 map_units=26 merge_ranges=26 map_eff_cores=1.15 merge_eff_cores=0.87
event=kink_round H=10 col=11 round=stage5 frontier_in=19508 map_wall_s=0.267 map_cpu_s=0.097 merge_wall_s=0.125 merge_cpu_s=0.059 map_units=10 merge_ranges=10 map_eff_cores=0.36 merge_eff_cores=0.47
event=kink_round H=7 col=27 round=seed frontier_in=335 map_wall_s=0.111 map_cpu_s=0.001 merge_wall_s=0.000 merge_cpu_s=0.000 map_units=1 merge_ranges=0 map_eff_cores=0.01 merge_eff_cores=0.00
event=kink_round H=8 col=19 round=stage6 frontier_in=2920 map_wall_s=0.138 map_cpu_s=0.010 merge_wall_s=0.115 merge_cpu_s=0.006 map_units=2 merge_ranges=2 map_eff_cores=0.07 merge_eff_cores=0.05
event=kink_round H=15 col=2 round=stage9 frontier_in=1654684 map_wall_s=1.113 map_cpu_s=8.255 merge_wall_s=0.702 merge_cpu_s=4.986 map_units=640 merge_ranges=80 map_eff_cores=7.42 merge_eff_cores=7.11
event=kink_round H=9 col=14 round=finalize frontier_in=7529 map_wall_s=0.113 map_cpu_s=0.025 merge_wall_s=0.269 merge_cpu_s=0.008 map_units=4 merge_ranges=4 map_eff_cores=0.22 merge_eff_cores=0.03
event=column H=9 col=14 frontier_in=2153 frontier_out=2153 wall_s=3.18 cum_wall_s=220.9 cpu_s=0.5 rss_max_mb=74.8 map_wall_s=1.54 map_cpu_s=0.3 merge_wall_s=1.63 merge_cpu_s=0.2 map_units=37 merge_ranges=35 eff_cores=0.14
event=kink_round H=12 col=6 round=stage5 frontier_in=137385 map_wall_s=0.128 map_cpu_s=0.915 merge_wall_s=0.320 merge_cpu_s=0.533 map_units=68 merge_ranges=68 map_eff_cores=7.14 merge_eff_cores=1.67
event=kink_round H=7 col=27 round=stage0 frontier_in=335 map_wall_s=0.081 map_cpu_s=0.001 merge_wall_s=0.251 merge_cpu_s=0.001 map_units=1 merge_ranges=1 map_eff_cores=0.01 merge_eff_cores=0.00
event=kink_round H=10 col=11 round=stage6 frontier_in=19682 map_wall_s=0.100 map_cpu_s=0.129 merge_wall_s=0.258 merge_cpu_s=0.057 map_units=10 merge_ranges=10 map_eff_cores=1.29 merge_eff_cores=0.22
event=kink_round H=11 col=8 round=stage6 frontier_in=52427 map_wall_s=0.110 map_cpu_s=0.305 merge_wall_s=0.276 merge_cpu_s=0.159 map_units=26 merge_ranges=26 map_eff_cores=2.77 merge_eff_cores=0.58
event=kink_round H=9 col=15 round=seed frontier_in=2153 map_wall_s=0.110 map_cpu_s=0.010 merge_wall_s=0.000 merge_cpu_s=0.000 map_units=2 merge_ranges=0 map_eff_cores=0.09 merge_eff_cores=0.00
event=kink_round H=8 col=19 round=stage7 frontier_in=2997 map_wall_s=0.268 map_cpu_s=0.009 merge_wall_s=0.120 merge_cpu_s=0.006 map_units=2 merge_ranges=2 map_eff_cores=0.03 merge_eff_cores=0.05
event=kink_round H=7 col=27 round=stage1 frontier_in=544 map_wall_s=0.130 map_cpu_s=0.001 merge_wall_s=0.116 merge_cpu_s=0.002 map_units=1 merge_ranges=1 map_eff_cores=0.01 merge_eff_cores=0.02
event=kink_round H=10 col=11 round=stage7 frontier_in=19901 map_wall_s=0.143 map_cpu_s=0.070 merge_wall_s=0.126 merge_cpu_s=0.056 map_units=10 merge_ranges=10 map_eff_cores=0.49 merge_eff_cores=0.45
event=kink_round H=11 col=8 round=stage7 frontier_in=52569 map_wall_s=0.134 map_cpu_s=0.274 merge_wall_s=0.115 merge_cpu_s=0.171 map_units=26 merge_ranges=26 map_eff_cores=2.05 merge_eff_cores=1.49
event=kink_round H=13 col=4 round=stage7 frontier_in=375097 map_wall_s=0.570 map_cpu_s=2.708 merge_wall_s=0.313 merge_cpu_s=1.540 map_units=184 merge_ranges=80 map_eff_cores=4.75 merge_eff_cores=4.92
event=kink_round H=12 col=6 round=stage6 frontier_in=139597 map_wall_s=0.153 map_cpu_s=0.892 merge_wall_s=0.140 merge_cpu_s=0.551 map_units=69 merge_ranges=69 map_eff_cores=5.84 merge_eff_cores=3.93
event=kink_round H=8 col=19 round=finalize frontier_in=2895 map_wall_s=0.135 map_cpu_s=0.011 merge_wall_s=0.192 merge_cpu_s=0.003 map_units=2 merge_ranges=2 map_eff_cores=0.08 merge_eff_cores=0.02
event=column H=8 col=19 frontier_in=825 frontier_out=825 wall_s=2.67 cum_wall_s=223.6 cpu_s=0.1 rss_max_mb=64.6 map_wall_s=1.35 map_cpu_s=0.1 merge_wall_s=1.31 merge_cpu_s=0.0 map_units=17 merge_ranges=16 eff_cores=0.05
event=kink_round H=9 col=15 round=stage0 frontier_in=2153 map_wall_s=0.142 map_cpu_s=0.014 merge_wall_s=0.197 merge_cpu_s=0.009 map_units=2 merge_ranges=2 map_eff_cores=0.10 merge_eff_cores=0.05
event=kink_round H=18 col=1 round=stage15 frontier_in=6082842 map_wall_s=1.443 map_cpu_s=21.661 merge_wall_s=0.903 merge_cpu_s=11.034 map_units=640 merge_ranges=80 map_eff_cores=15.01 merge_eff_cores=12.21
event=kink_round H=8 col=20 round=seed frontier_in=825 map_wall_s=0.094 map_cpu_s=0.002 merge_wall_s=0.000 merge_cpu_s=0.000 map_units=1 merge_ranges=0 map_eff_cores=0.02 merge_eff_cores=0.00
event=kink_round H=7 col=27 round=stage2 frontier_in=873 map_wall_s=0.187 map_cpu_s=0.002 merge_wall_s=0.091 merge_cpu_s=0.002 map_units=1 merge_ranges=1 map_eff_cores=0.01 merge_eff_cores=0.02
event=kink_round H=10 col=11 round=stage8 frontier_in=19909 map_wall_s=0.192 map_cpu_s=0.094 merge_wall_s=0.092 merge_cpu_s=0.064 map_units=10 merge_ranges=10 map_eff_cores=0.49 merge_eff_cores=0.70
event=kink_round H=9 col=15 round=stage1 frontier_in=3472 map_wall_s=0.098 map_cpu_s=0.021 merge_wall_s=0.080 merge_cpu_s=0.011 map_units=2 merge_ranges=2 map_eff_cores=0.21 merge_eff_cores=0.14
event=kink_round H=11 col=8 round=stage8 frontier_in=52799 map_wall_s=0.189 map_cpu_s=0.286 merge_wall_s=0.140 merge_cpu_s=0.176 map_units=26 merge_ranges=26 map_eff_cores=1.52 merge_eff_cores=1.26
event=kink_round H=17 col=2 round=seed frontier_in=1942129 map_wall_s=1.318 map_cpu_s=6.752 merge_wall_s=0.000 merge_cpu_s=0.000 map_units=640 merge_ranges=0 map_eff_cores=5.12 merge_eff_cores=0.00
event=kink_round H=7 col=27 round=stage3 frontier_in=1033 map_wall_s=0.077 map_cpu_s=0.003 merge_wall_s=0.039 merge_cpu_s=0.002 map_units=1 merge_ranges=1 map_eff_cores=0.04 merge_eff_cores=0.05
event=kink_round H=8 col=20 round=stage0 frontier_in=825 map_wall_s=0.076 map_cpu_s=0.002 merge_wall_s=0.063 merge_cpu_s=0.004 map_units=1 merge_ranges=1 map_eff_cores=0.03 merge_eff_cores=0.06
event=kink_round H=12 col=6 round=stage7 frontier_in=140142 map_wall_s=0.186 map_cpu_s=0.881 merge_wall_s=0.186 merge_cpu_s=0.526 map_units=69 merge_ranges=69 map_eff_cores=4.74 merge_eff_cores=2.83
event=kink_round H=16 col=2 round=stage4 frontier_in=2879312 map_wall_s=1.364 map_cpu_s=13.381 merge_wall_s=0.698 merge_cpu_s=6.686 map_units=640 merge_ranges=80 map_eff_cores=9.81 merge_eff_cores=9.58
event=kink_round H=9 col=15 round=stage2 frontier_in=5618 map_wall_s=0.035 map_cpu_s=0.017 merge_wall_s=0.188 merge_cpu_s=0.013 map_units=3 merge_ranges=3 map_eff_cores=0.48 merge_eff_cores=0.07
event=kink_round H=10 col=11 round=stage9 frontier_in=20222 map_wall_s=0.068 map_cpu_s=0.081 merge_wall_s=0.239 merge_cpu_s=0.052 map_units=10 merge_ranges=10 map_eff_cores=1.19 merge_eff_cores=0.22
event=kink_round H=8 col=20 round=stage1 frontier_in=1328 map_wall_s=0.176 map_cpu_s=0.004 merge_wall_s=0.245 merge_cpu_s=0.004 map_units=1 merge_ranges=1 map_eff_cores=0.02 merge_eff_cores=0.02
event=kink_round H=7 col=27 round=stage4 frontier_in=1110 map_wall_s=0.231 map_cpu_s=0.002 merge_wall_s=0.186 merge_cpu_s=0.001 map_units=1 merge_ranges=1 map_eff_cores=0.01 merge_eff_cores=0.01
event=kink_round H=13 col=4 round=stage8 frontier_in=376627 map_wall_s=0.338 map_cpu_s=2.373 merge_wall_s=0.426 merge_cpu_s=1.500 map_units=184 merge_ranges=80 map_eff_cores=7.01 merge_eff_cores=3.52
event=kink_round H=11 col=8 round=stage9 frontier_in=52650 map_wall_s=0.250 map_cpu_s=0.228 merge_wall_s=0.196 merge_cpu_s=0.157 map_units=26 merge_ranges=26 map_eff_cores=0.91 merge_eff_cores=0.80
event=kink_round H=14 col=3 round=stage5 frontier_in=871693 map_wall_s=0.984 map_cpu_s=5.752 merge_wall_s=0.521 merge_cpu_s=3.391 map_units=426 merge_ranges=80 map_eff_cores=5.84 merge_eff_cores=6.51
event=kink_round H=9 col=15 round=stage3 frontier_in=6682 map_wall_s=0.243 map_cpu_s=0.031 merge_wall_s=0.150 merge_cpu_s=0.028 map_units=4 merge_ranges=4 map_eff_cores=0.13 merge_eff_cores=0.19
event=kink_round H=12 col=6 round=stage8 frontier_in=140687 map_wall_s=0.310 map_cpu_s=0.760 merge_wall_s=0.203 merge_cpu_s=0.586 map_units=69 merge_ranges=69 map_eff_cores=2.45 merge_eff_cores=2.88
event=kink_round H=10 col=11 round=finalize frontier_in=19812 map_wall_s=0.187 map_cpu_s=0.066 merge_wall_s=0.142 merge_cpu_s=0.030 map_units=10 merge_ranges=10 map_eff_cores=0.35 merge_eff_cores=0.21
event=column H=10 col=11 frontier_in=5567 frontier_out=5567 wall_s=3.47 cum_wall_s=227.0 cpu_s=1.5 rss_max_mb=79.0 map_wall_s=1.70 map_cpu_s=0.9 merge_wall_s=1.67 merge_cpu_s=0.6 map_units=98 merge_ranges=95 eff_cores=0.42
event=kink_round H=7 col=27 round=stage5 frontier_in=1128 map_wall_s=0.134 map_cpu_s=0.003 merge_wall_s=0.105 merge_cpu_s=0.001 map_units=1 merge_ranges=1 map_eff_cores=0.02 merge_eff_cores=0.01
event=kink_round H=8 col=20 round=stage2 frontier_in=2153 map_wall_s=0.138 map_cpu_s=0.014 merge_wall_s=0.115 merge_cpu_s=0.006 map_units=2 merge_ranges=2 map_eff_cores=0.10 merge_eff_cores=0.05
event=kink_round H=10 col=12 round=seed frontier_in=5567 map_wall_s=0.120 map_cpu_s=0.034 merge_wall_s=0.000 merge_cpu_s=0.000 map_units=3 merge_ranges=0 map_eff_cores=0.28 merge_eff_cores=0.00
event=kink_round H=11 col=8 round=stage10 frontier_in=53453 map_wall_s=0.128 map_cpu_s=0.213 merge_wall_s=0.163 merge_cpu_s=0.178 map_units=27 merge_ranges=27 map_eff_cores=1.67 merge_eff_cores=1.09
event=kink_round H=19 col=1 round=stage13 frontier_in=8218135 map_wall_s=1.685 map_cpu_s=27.047 merge_wall_s=0.953 merge_cpu_s=12.810 map_units=640 merge_ranges=80 map_eff_cores=16.05 merge_eff_cores=13.44
event=kink_round H=9 col=15 round=stage4 frontier_in=7282 map_wall_s=0.111 map_cpu_s=0.035 merge_wall_s=0.247 merge_cpu_s=0.020 map_units=4 merge_ranges=4 map_eff_cores=0.32 merge_eff_cores=0.08
event=kink_round H=7 col=27 round=stage6 frontier_in=1170 map_wall_s=0.235 map_cpu_s=0.005 merge_wall_s=0.125 merge_cpu_s=0.001 map_units=1 merge_ranges=1 map_eff_cores=0.02 merge_eff_cores=0.01
event=kink_round H=12 col=6 round=stage9 frontier_in=141099 map_wall_s=0.159 map_cpu_s=0.952 merge_wall_s=0.285 merge_cpu_s=0.562 map_units=69 merge_ranges=69 map_eff_cores=5.99 merge_eff_cores=1.97
event=kink_round H=8 col=20 round=stage3 frontier_in=2568 map_wall_s=0.252 map_cpu_s=0.011 merge_wall_s=0.149 merge_cpu_s=0.004 map_units=2 merge_ranges=2 map_eff_cores=0.04 merge_eff_cores=0.03
event=kink_round H=10 col=12 round=stage0 frontier_in=5567 map_wall_s=0.212 map_cpu_s=0.028 merge_wall_s=0.163 merge_cpu_s=0.024 map_units=3 merge_ranges=3 map_eff_cores=0.13 merge_eff_cores=0.15
event=kink_round H=11 col=8 round=finalize frontier_in=52683 map_wall_s=0.245 map_cpu_s=0.285 merge_wall_s=0.148 merge_cpu_s=0.119 map_units=26 merge_ranges=26 map_eff_cores=1.16 merge_eff_cores=0.80
event=column H=11 col=8 frontier_in=14826 frontier_out=14826 wall_s=4.54 cum_wall_s=231.6 cpu_s=4.7 rss_max_mb=79.0 map_wall_s=2.28 map_cpu_s=2.9 merge_wall_s=2.05 merge_cpu_s=1.8 map_units=278 merge_ranges=270 eff_cores=1.04
event=kink_round H=15 col=2 round=stage10 frontier_in=1783967 map_wall_s=1.363 map_cpu_s=9.074 merge_wall_s=0.619 merge_cpu_s=5.181 map_units=640 merge_ranges=80 map_eff_cores=6.66 merge_eff_cores=8.37
event=kink_round H=9 col=15 round=stage5 frontier_in=7502 map_wall_s=0.142 map_cpu_s=0.027 merge_wall_s=0.168 merge_cpu_s=0.018 map_units=4 merge_ranges=4 map_eff_cores=0.19 merge_eff_cores=0.11
event=kink_round H=7 col=27 round=finalize frontier_in=1129 map_wall_s=0.112 map_cpu_s=0.003 merge_wall_s=0.146 merge_cpu_s=0.001 map_units=1 merge_ranges=1 map_eff_cores=0.03 merge_eff_cores=0.01
event=column H=7 col=27 frontier_in=335 frontier_out=335 wall_s=2.39 cum_wall_s=234.0 cpu_s=0.0 rss_max_mb=74.8 map_wall_s=1.30 map_cpu_s=0.0 merge_wall_s=1.06 merge_cpu_s=0.0 map_units=9 merge_ranges=8 eff_cores=0.01
event=kink_round H=13 col=4 round=stage9 frontier_in=378279 map_wall_s=0.555 map_cpu_s=2.488 merge_wall_s=0.280 merge_cpu_s=1.586 map_units=185 merge_ranges=80 map_eff_cores=4.49 merge_eff_cores=5.67
event=kink_round H=11 col=9 round=seed frontier_in=14826 map_wall_s=0.149 map_cpu_s=0.103 merge_wall_s=0.000 merge_cpu_s=0.000 map_units=8 merge_ranges=0 map_eff_cores=0.69 merge_eff_cores=0.00
event=kink_round H=8 col=20 round=stage4 frontier_in=2795 map_wall_s=0.158 map_cpu_s=0.009 merge_wall_s=0.114 merge_cpu_s=0.006 map_units=2 merge_ranges=2 map_eff_cores=0.06 merge_eff_cores=0.05
event=kink_round H=10 col=12 round=stage1 frontier_in=8947 map_wall_s=0.153 map_cpu_s=0.050 merge_wall_s=0.181 merge_cpu_s=0.042 map_units=5 merge_ranges=5 map_eff_cores=0.33 merge_eff_cores=0.23
event=kink_round H=7 col=28 round=seed frontier_in=335 map_wall_s=0.164 map_cpu_s=0.001 merge_wall_s=0.000 merge_cpu_s=0.000 map_units=1 merge_ranges=0 map_eff_cores=0.01 merge_eff_cores=0.00
event=kink_round H=12 col=6 round=stage10 frontier_in=140628 map_wall_s=0.179 map_cpu_s=0.801 merge_wall_s=0.266 merge_cpu_s=0.614 map_units=69 merge_ranges=69 map_eff_cores=4.48 merge_eff_cores=2.31
event=kink_round H=9 col=15 round=stage6 frontier_in=7569 map_wall_s=0.191 map_cpu_s=0.024 merge_wall_s=0.201 merge_cpu_s=0.019 map_units=4 merge_ranges=4 map_eff_cores=0.13 merge_eff_cores=0.09
event=kink_round H=8 col=20 round=stage5 frontier_in=2858 map_wall_s=0.184 map_cpu_s=0.014 merge_wall_s=0.192 merge_cpu_s=0.006 map_units=2 merge_ranges=2 map_eff_cores=0.08 merge_eff_cores=0.03
event=kink_round H=11 col=9 round=stage0 frontier_in=14826 map_wall_s=0.179 map_cpu_s=0.118 merge_wall_s=0.229 merge_cpu_s=0.078 map_units=8 merge_ranges=8 map_eff_cores=0.66 merge_eff_cores=0.34
event=kink_round H=7 col=28 round=stage0 frontier_in=335 map_wall_s=0.201 map_cpu_s=0.002 merge_wall_s=0.192 merge_cpu_s=0.001 map_units=1 merge_ranges=1 map_eff_cores=0.01 merge_eff_cores=0.01
event=kink_round H=10 col=12 round=stage2 frontier_in=14518 map_wall_s=0.208 map_cpu_s=0.063 merge_wall_s=0.227 merge_cpu_s=0.053 map_units=8 merge_ranges=8 map_eff_cores=0.30 merge_eff_cores=0.23
event=kink_round H=9 col=15 round=stage7 frontier_in=7596 map_wall_s=0.200 map_cpu_s=0.032 merge_wall_s=0.154 merge_cpu_s=0.020 map_units=4 merge_ranges=4 map_eff_cores=0.16 merge_eff_cores=0.13
event=kink_round H=12 col=6 round=stage11 frontier_in=142690 map_wall_s=0.230 map_cpu_s=0.995 merge_wall_s=0.245 merge_cpu_s=0.523 map_units=70 merge_ranges=70 map_eff_cores=4.33 merge_eff_cores=2.13
event=kink_round H=14 col=3 round=stage6 frontier_in=894390 map_wall_s=1.075 map_cpu_s=6.246 merge_wall_s=0.449 merge_cpu_s=3.637 map_units=437 merge_ranges=80 map_eff_cores=5.81 merge_eff_cores=8.09
event=kink_round H=8 col=20 round=stage6 frontier_in=2920 map_wall_s=0.198 map_cpu_s=0.007 merge_wall_s=0.303 merge_cpu_s=0.004 map_units=2 merge_ranges=2 map_eff_cores=0.04 merge_eff_cores=0.01
event=kink_round H=11 col=9 round=stage1 frontier_in=23855 map_wall_s=0.197 map_cpu_s=0.102 merge_wall_s=0.310 merge_cpu_s=0.095 map_units=12 merge_ranges=12 map_eff_cores=0.52 merge_eff_cores=0.31
event=kink_round H=7 col=28 round=stage1 frontier_in=541 map_wall_s=0.147 map_cpu_s=0.002 merge_wall_s=0.283 merge_cpu_s=0.001 map_units=1 merge_ranges=1 map_eff_cores=0.01 merge_eff_cores=0.00
event=kink_round H=10 col=12 round=stage3 frontier_in=17220 map_wall_s=0.146 map_cpu_s=0.088 merge_wall_s=0.270 merge_cpu_s=0.052 map_units=9 merge_ranges=9 map_eff_cores=0.60 merge_eff_cores=0.19
event=kink_round H=13 col=4 round=stage10 frontier_in=379818 map_wall_s=0.608 map_cpu_s=2.809 merge_wall_s=0.383 merge_cpu_s=1.555 map_units=186 merge_ranges=80 map_eff_cores=4.62 merge_eff_cores=4.06
event=kink_round H=17 col=2 round=stage0 frontier_in=1942129 map_wall_s=1.815 map_cpu_s=27.753 merge_wall_s=0.683 merge_cpu_s=7.305 map_units=640 merge_ranges=80 map_eff_cores=15.29 merge_eff_cores=10.69
event=kink_round H=16 col=2 round=stage5 frontier_in=3068397 map_wall_s=1.597 map_cpu_s=13.921 merge_wall_s=0.708 merge_cpu_s=7.407 map_units=640 merge_ranges=80 map_eff_cores=8.72 merge_eff_cores=10.46
event=heartbeat H=15 col=2 elapsed_s=17 processed=2031616 rate_per_s=117292 steals=0
event=kink_round H=9 col=15 round=stage8 frontier_in=7732 map_wall_s=0.286 map_cpu_s=0.026 merge_wall_s=0.369 merge_cpu_s=0.017 map_units=4 merge_ranges=4 map_eff_cores=0.09 merge_eff_cores=0.05
event=kink_round H=7 col=28 round=stage2 frontier_in=868 map_wall_s=0.343 map_cpu_s=0.001 merge_wall_s=0.122 merge_cpu_s=0.001 map_units=1 merge_ranges=1 map_eff_cores=0.00 merge_eff_cores=0.01
event=kink_round H=8 col=20 round=stage7 frontier_in=2997 map_wall_s=0.357 map_cpu_s=0.008 merge_wall_s=0.153 merge_cpu_s=0.008 map_units=2 merge_ranges=2 map_eff_cores=0.02 merge_eff_cores=0.05
event=kink_round H=12 col=6 round=finalize frontier_in=141350 map_wall_s=0.319 map_cpu_s=0.815 merge_wall_s=0.389 merge_cpu_s=0.557 map_units=70 merge_ranges=70 map_eff_cores=2.56 merge_eff_cores=1.43
event=kink_round H=10 col=12 round=stage4 frontier_in=18804 map_wall_s=0.373 map_cpu_s=0.103 merge_wall_s=0.148 merge_cpu_s=0.053 map_units=10 merge_ranges=10 map_eff_cores=0.28 merge_eff_cores=0.36
event=column H=12 col=6 frontier_in=39506 frontier_out=39506 wall_s=6.14 cum_wall_s=240.1 cpu_s=16.8 rss_max_mb=79.0 map_wall_s=2.70 map_cpu_s=10.3 merge_wall_s=3.03 merge_cpu_s=6.5 map_units=801 merge_ranges=781 eff_cores=2.74
event=kink_round H=11 col=9 round=stage2 frontier_in=38640 map_wall_s=0.384 map_cpu_s=0.195 merge_wall_s=0.168 merge_cpu_s=0.145 map_units=19 merge_ranges=19 map_eff_cores=0.51 merge_eff_cores=0.86
event=kink_round H=9 col=15 round=finalize frontier_in=7529 map_wall_s=0.115 map_cpu_s=0.024 merge_wall_s=0.108 merge_cpu_s=0.010 map_units=4 merge_ranges=4 map_eff_cores=0.21 merge_eff_cores=0.09
event=column H=9 col=15 frontier_in=2153 frontier_out=2153 wall_s=3.56 cum_wall_s=243.7 cpu_s=0.4 rss_max_mb=74.8 map_wall_s=1.67 map_cpu_s=0.3 merge_wall_s=1.86 merge_cpu_s=0.2 map_units=37 merge_ranges=35 eff_cores=0.12
event=kink_round H=7 col=28 round=stage3 frontier_in=1026 map_wall_s=0.088 map_cpu_s=0.002 merge_wall_s=0.107 merge_cpu_s=0.002 map_units=1 merge_ranges=1 map_eff_cores=0.02 merge_eff_cores=0.02
event=kink_round H=8 col=20 round=finalize frontier_in=2895 map_wall_s=0.096 map_cpu_s=0.011 merge_wall_s=0.106 merge_cpu_s=0.006 map_units=2 merge_ranges=2 map_eff_cores=0.11 merge_eff_cores=0.06
event=column H=8 col=20 frontier_in=825 frontier_out=825 wall_s=3.19 cum_wall_s=246.9 cpu_s=0.1 rss_max_mb=74.8 map_wall_s=1.73 map_cpu_s=0.1 merge_wall_s=1.44 merge_cpu_s=0.0 map_units=17 merge_ranges=16 eff_cores=0.04
event=kink_round H=12 col=7 round=seed frontier_in=39506 map_wall_s=0.138 map_cpu_s=0.297 merge_wall_s=0.000 merge_cpu_s=0.000 map_units=20 merge_ranges=0 map_eff_cores=2.15 merge_eff_cores=0.00
event=kink_round H=9 col=16 round=seed frontier_in=2153 map_wall_s=0.125 map_cpu_s=0.010 merge_wall_s=0.000 merge_cpu_s=0.000 map_units=2 merge_ranges=0 map_eff_cores=0.08 merge_eff_cores=0.00
event=kink_round H=10 col=12 round=stage5 frontier_in=19508 map_wall_s=0.116 map_cpu_s=0.099 merge_wall_s=0.138 merge_cpu_s=0.060 map_units=10 merge_ranges=10 map_eff_cores=0.86 merge_eff_cores=0.44
event=kink_round H=8 col=21 round=seed frontier_in=825 map_wall_s=0.135 map_cpu_s=0.002 merge_wall_s=0.000 merge_cpu_s=0.000 map_units=1 merge_ranges=0 map_eff_cores=0.01 merge_eff_cores=0.00
event=kink_round H=11 col=9 round=stage3 frontier_in=45710 map_wall_s=0.127 map_cpu_s=0.288 merge_wall_s=0.181 merge_cpu_s=0.140 map_units=23 merge_ranges=23 map_eff_cores=2.27 merge_eff_cores=0.77
event=kink_round H=7 col=28 round=stage4 frontier_in=1102 map_wall_s=0.112 map_cpu_s=0.003 merge_wall_s=0.138 merge_cpu_s=0.002 map_units=1 merge_ranges=1 map_eff_cores=0.03 merge_eff_cores=0.01
event=kink_round H=9 col=16 round=stage0 frontier_in=2153 map_wall_s=0.143 map_cpu_s=0.012 merge_wall_s=0.073 merge_cpu_s=0.012 map_units=2 merge_ranges=2 map_eff_cores=0.08 merge_eff_cores=0.16
event=kink_round H=13 col=4 round=stage11 frontier_in=378523 map_wall_s=0.502 map_cpu_s=2.978 merge_wall_s=0.327 merge_cpu_s=1.556 map_units=185 merge_ranges=80 map_eff_cores=5.93 merge_eff_cores=4.76
event=kink_round H=8 col=21 round=stage0 frontier_in=825 map_wall_s=0.091 map_cpu_s=0.003 merge_wall_s=0.072 merge_cpu_s=0.003 map_units=1 merge_ranges=1 map_eff_cores=0.03 merge_eff_cores=0.04
event=kink_round H=10 col=12 round=stage6 frontier_in=19682 map_wall_s=0.119 map_cpu_s=0.099 merge_wall_s=0.087 merge_cpu_s=0.061 map_units=10 merge_ranges=10 map_eff_cores=0.83 merge_eff_cores=0.70
event=kink_round H=12 col=7 round=stage0 frontier_in=39506 map_wall_s=0.183 map_cpu_s=0.249 merge_wall_s=0.124 merge_cpu_s=0.206 map_units=20 merge_ranges=20 map_eff_cores=1.36 merge_eff_cores=1.66
event=kink_round H=7 col=28 round=stage5 frontier_in=1123 map_wall_s=0.062 map_cpu_s=0.003 merge_wall_s=0.120 merge_cpu_s=0.001 map_units=1 merge_ranges=1 map_eff_cores=0.05 merge_eff_cores=0.01
event=kink_round H=11 col=9 round=stage4 frontier_in=49855 map_wall_s=0.081 map_cpu_s=0.326 merge_wall_s=0.151 merge_cpu_s=0.147 map_units=25 merge_ranges=25 map_eff_cores=4.04 merge_eff_cores=0.97
event=kink_round H=18 col=1 round=stage16 frontier_in=7473633 map_wall_s=1.897 map_cpu_s=27.149 merge_wall_s=1.440 merge_cpu_s=14.142 map_units=640 merge_ranges=80 map_eff_cores=14.31 merge_eff_cores=9.82
event=kink_round H=15 col=2 round=stage11 frontier_in=1924251 map_wall_s=1.777 map_cpu_s=10.731 merge_wall_s=0.467 merge_cpu_s=5.603 map_units=640 merge_ranges=80 map_eff_cores=6.04 merge_eff_cores=12.01
event=kink_round H=14 col=3 round=stage7 frontier_in=915326 map_wall_s=1.033 map_cpu_s=6.577 merge_wall_s=0.394 merge_cpu_s=3.616 map_units=447 merge_ranges=80 map_eff_cores=6.37 merge_eff_cores=9.18
event=kink_round H=9 col=16 round=stage1 frontier_in=3472 map_wall_s=0.136 map_cpu_s=0.012 merge_wall_s=0.350 merge_cpu_s=0.010 map_units=2 merge_ranges=2 map_eff_cores=0.09 merge_eff_cores=0.03
event=kink_round H=8 col=21 round=stage1 frontier_in=1328 map_wall_s=0.128 map_cpu_s=0.004 merge_wall_s=0.333 merge_cpu_s=0.003 map_units=1 merge_ranges=1 map_eff_cores=0.03 merge_eff_cores=0.01
event=kink_round H=10 col=12 round=stage7 frontier_in=19901 map_wall_s=0.147 map_cpu_s=0.087 merge_wall_s=0.358 merge_cpu_s=0.059 map_units=10 merge_ranges=10 map_eff_cores=0.59 merge_eff_cores=0.17
event=kink_round H=12 col=7 round=stage1 frontier_in=63502 map_wall_s=0.213 map_cpu_s=0.329 merge_wall_s=0.359 merge_cpu_s=0.303 map_units=32 merge_ranges=32 map_eff_cores=1.54 merge_eff_cores=0.84
event=kink_round H=7 col=28 round=stage6 frontier_in=1168 map_wall_s=0.345 map_cpu_s=0.002 merge_wall_s=0.184 merge_cpu_s=0.001 map_units=1 merge_ranges=1 map_eff_cores=0.01 merge_eff_cores=0.01
event=kink_round H=11 col=9 round=stage5 frontier_in=51728 map_wall_s=0.355 map_cpu_s=0.230 merge_wall_s=0.217 merge_cpu_s=0.184 map_units=26 merge_ranges=26 map_eff_cores=0.65 merge_eff_cores=0.85
event=kink_round H=8 col=21 round=stage2 frontier_in=2153 map_wall_s=0.182 map_cpu_s=0.007 merge_wall_s=0.168 merge_cpu_s=0.005 map_units=2 merge_ranges=2 map_eff_cores=0.04 merge_eff_cores=0.03
event=kink_round H=9 col=16 round=stage2 frontier_in=5618 map_wall_s=0.188 map_cpu_s=0.027 merge_wall_s=0.165 merge_cpu_s=0.014 map_units=3 merge_ranges=3 map_eff_cores=0.14 merge_eff_cores=0.08
event=kink_round H=10 col=12 round=stage8 frontier_in=19909 map_wall_s=0.196 map_cpu_s=0.124 merge_wall_s=0.179 merge_cpu_s=0.055 map_units=10 merge_ranges=10 map_eff_cores=0.63 merge_eff_cores=0.31
event=kink_round H=7 col=28 round=finalize frontier_in=1122 map_wall_s=0.152 map_cpu_s=0.002 merge_wall_s=0.147 merge_cpu_s=0.000 map_units=1 merge_ranges=1 map_eff_cores=0.01 merge_eff_cores=0.00
event=column H=7 col=28 frontier_in=335 frontier_out=331 wall_s=2.91 cum_wall_s=249.8 cpu_s=0.0 rss_max_mb=56.6 map_wall_s=1.61 map_cpu_s=0.0 merge_wall_s=1.29 merge_cpu_s=0.0 map_units=9 merge_ranges=8 eff_cores=0.01
event=kink_round H=12 col=7 round=stage2 frontier_in=102880 map_wall_s=0.179 map_cpu_s=0.559 merge_wall_s=0.258 merge_cpu_s=0.523 map_units=51 merge_ranges=51 map_eff_cores=3.12 merge_eff_cores=2.03
event=kink_round H=7 col=29 round=seed frontier_in=331 map_wall_s=0.137 map_cpu_s=0.001 merge_wall_s=0.000 merge_cpu_s=0.000 map_units=1 merge_ranges=0 map_eff_cores=0.01 merge_eff_cores=0.00
event=kink_round H=13 col=4 round=stage12 frontier_in=383968 map_wall_s=0.697 map_cpu_s=2.403 merge_wall_s=0.352 merge_cpu_s=1.568 map_units=188 merge_ranges=80 map_eff_cores=3.45 merge_eff_cores=4.46
event=kink_round H=11 col=9 round=stage6 frontier_in=52427 map_wall_s=0.190 map_cpu_s=0.312 merge_wall_s=0.191 merge_cpu_s=0.192 map_units=26 merge_ranges=26 map_eff_cores=1.64 merge_eff_cores=1.00
event=kink_round H=8 col=21 round=stage3 frontier_in=2568 map_wall_s=0.149 map_cpu_s=0.010 merge_wall_s=0.139 merge_cpu_s=0.008 map_units=2 merge_ranges=2 map_eff_cores=0.07 merge_eff_cores=0.06
event=kink_round H=9 col=16 round=stage3 frontier_in=6682 map_wall_s=0.178 map_cpu_s=0.041 merge_wall_s=0.120 merge_cpu_s=0.016 map_units=4 merge_ranges=4 map_eff_cores=0.23 merge_eff_cores=0.13
event=kink_round H=19 col=1 round=stage14 frontier_in=9942375 map_wall_s=2.021 map_cpu_s=32.288 merge_wall_s=1.392 merge_cpu_s=16.170 map_units=640 merge_ranges=80 map_eff_cores=15.98 merge_eff_cores=11.62
event=kink_round H=10 col=12 round=stage9 frontier_in=20222 map_wall_s=0.170 map_cpu_s=0.098 merge_wall_s=0.238 merge_cpu_s=0.050 map_units=10 merge_ranges=10 map_eff_cores=0.58 merge_eff_cores=0.21
event=kink_round H=7 col=29 round=stage0 frontier_in=331 map_wall_s=0.226 map_cpu_s=0.001 merge_wall_s=0.140 merge_cpu_s=0.001 map_units=1 merge_ranges=1 map_eff_cores=0.00 merge_eff_cores=0.01
event=kink_round H=8 col=21 round=stage4 frontier_in=2795 map_wall_s=0.239 map_cpu_s=0.008 merge_wall_s=0.136 merge_cpu_s=0.006 map_units=2 merge_ranges=2 map_eff_cores=0.03 merge_eff_cores=0.04
event=kink_round H=9 col=16 round=stage4 frontier_in=7282 map_wall_s=0.258 map_cpu_s=0.024 merge_wall_s=0.117 merge_cpu_s=0.017 map_units=4 merge_ranges=4 map_eff_cores=0.09 merge_eff_cores=0.15
event=kink_round H=11 col=9 round=stage7 frontier_in=52569 map_wall_s=0.261 map_cpu_s=0.244 merge_wall_s=0.134 merge_cpu_s=0.185 map_units=26 merge_ranges=26 map_eff_cores=0.94 merge_eff_cores=1.38
event=kink_round H=12 col=7 round=stage3 frontier_in=121352 map_wall_s=0.281 map_cpu_s=0.702 merge_wall_s=0.285 merge_cpu_s=0.454 map_units=60 merge_ranges=60 map_eff_cores=2.50 merge_eff_cores=1.59
event=kink_round H=10 col=12 round=finalize frontier_in=19812 map_wall_s=0.131 map_cpu_s=0.097 merge_wall_s=0.224 merge_cpu_s=0.037 map_units=10 merge_ranges=10 map_eff_cores=0.74 merge_eff_cores=0.17
event=column H=10 col=12 frontier_in=5567 frontier_out=5567 wall_s=4.36 cum_wall_s=254.1 cpu_s=1.5 rss_max_mb=79.0 map_wall_s=2.09 map_cpu_s=1.0 merge_wall_s=2.21 merge_cpu_s=0.5 map_units=98 merge_ranges=95 eff_cores=0.35
event=kink_round H=7 col=29 round=stage1 frontier_in=530 map_wall_s=0.211 map_cpu_s=0.002 merge_wall_s=0.138 merge_cpu_s=0.001 map_units=1 merge_ranges=1 map_eff_cores=0.01 merge_eff_cores=0.01
event=kink_round H=9 col=16 round=stage5 frontier_in=7502 map_wall_s=0.195 map_cpu_s=0.028 merge_wall_s=0.116 merge_cpu_s=0.019 map_units=4 merge_ranges=4 map_eff_cores=0.14 merge_eff_cores=0.16
event=kink_round H=8 col=21 round=stage5 frontier_in=2858 map_wall_s=0.203 map_cpu_s=0.009 merge_wall_s=0.124 merge_cpu_s=0.006 map_units=2 merge_ranges=2 map_eff_cores=0.04 merge_eff_cores=0.05
event=kink_round H=10 col=13 round=seed frontier_in=5567 map_wall_s=0.119 map_cpu_s=0.026 merge_wall_s=0.000 merge_cpu_s=0.000 map_units=3 merge_ranges=0 map_eff_cores=0.22 merge_eff_cores=0.00
event=kink_round H=17 col=2 round=stage1 frontier_in=3080498 map_wall_s=1.423 map_cpu_s=14.489 merge_wall_s=0.923 merge_cpu_s=9.655 map_units=640 merge_ranges=80 map_eff_cores=10.18 merge_eff_cores=10.46
event=kink_round H=11 col=9 round=stage8 frontier_in=52799 map_wall_s=0.205 map_cpu_s=0.322 merge_wall_s=0.150 merge_cpu_s=0.188 map_units=26 merge_ranges=26 map_eff_cores=1.57 merge_eff_cores=1.25
event=kink_round H=14 col=3 round=stage8 frontier_in=937011 map_wall_s=1.159 map_cpu_s=6.857 merge_wall_s=0.455 merge_cpu_s=3.912 map_units=458 merge_ranges=80 map_eff_cores=5.92 merge_eff_cores=8.60
event=kink_round H=7 col=29 round=stage2 frontier_in=850 map_wall_s=0.174 map_cpu_s=0.003 merge_wall_s=0.158 merge_cpu_s=0.002 map_units=1 merge_ranges=1 map_eff_cores=0.02 merge_eff_cores=0.01
event=kink_round H=8 col=21 round=stage6 frontier_in=2920 map_wall_s=0.180 map_cpu_s=0.010 merge_wall_s=0.156 merge_cpu_s=0.007 map_units=2 merge_ranges=2 map_eff_cores=0.06 merge_eff_cores=0.04
event=kink_round H=9 col=16 round=stage6 frontier_in=7569 map_wall_s=0.182 map_cpu_s=0.062 merge_wall_s=0.159 merge_cpu_s=0.021 map_units=4 merge_ranges=4 map_eff_cores=0.34 merge_eff_cores=0.13
event=kink_round H=12 col=7 round=stage4 frontier_in=132241 map_wall_s=0.160 map_cpu_s=0.830 merge_wall_s=0.295 merge_cpu_s=0.567 map_units=65 merge_ranges=65 map_eff_cores=5.19 merge_eff_cores=1.92
event=kink_round H=10 col=13 round=stage0 frontier_in=5567 map_wall_s=0.195 map_cpu_s=0.028 merge_wall_s=0.159 merge_cpu_s=0.025 map_units=3 merge_ranges=3 map_eff_cores=0.14 merge_eff_cores=0.16
event=kink_round H=16 col=2 round=stage6 frontier_in=3255374 map_wall_s=1.669 map_cpu_s=14.641 merge_wall_s=0.836 merge_cpu_s=7.874 map_units=640 merge_ranges=80 map_eff_cores=8.77 merge_eff_cores=9.41
event=kink_round H=13 col=4 round=finalize frontier_in=381967 map_wall_s=0.631 map_cpu_s=2.152 merge_wall_s=0.370 merge_cpu_s=1.443 map_units=187 merge_ranges=80 map_eff_cores=3.41 merge_eff_cores=3.90
event=kink_round H=11 col=9 round=stage9 frontier_in=52650 map_wall_s=0.188 map_cpu_s=0.256 merge_wall_s=0.121 merge_cpu_s=0.242 map_units=26 merge_ranges=26 map_eff_cores=1.36 merge_eff_cores=2.00
event=column H=13 col=4 frontier_in=105446 frontier_out=106843 wall_s=11.39 cum_wall_s=265.5 cpu_s=51.9 rss_max_mb=79.0 map_wall_s=6.49 map_cpu_s=32.1 merge_wall_s=4.18 merge_cpu_s=19.8 map_units=2314 merge_ranges=1092 eff_cores=4.56
event=kink_round H=7 col=29 round=stage3 frontier_in=1009 map_wall_s=0.047 map_cpu_s=0.003 merge_wall_s=0.118 merge_cpu_s=0.001 map_units=1 merge_ranges=1 map_eff_cores=0.06 merge_eff_cores=0.01
event=kink_round H=8 col=21 round=stage7 frontier_in=2997 map_wall_s=0.038 map_cpu_s=0.013 merge_wall_s=0.118 merge_cpu_s=0.004 map_units=2 merge_ranges=2 map_eff_cores=0.34 merge_eff_cores=0.03
event=kink_round H=13 col=5 round=seed frontier_in=106843 map_wall_s=0.192 map_cpu_s=0.714 merge_wall_s=0.000 merge_cpu_s=0.000 map_units=53 merge_ranges=0 map_eff_cores=3.71 merge_eff_cores=0.00
event=kink_round H=10 col=13 round=stage1 frontier_in=8947 map_wall_s=0.144 map_cpu_s=0.040 merge_wall_s=0.124 merge_cpu_s=0.040 map_units=5 merge_ranges=5 map_eff_cores=0.28 merge_eff_cores=0.32
event=kink_round H=9 col=16 round=stage7 frontier_in=7596 map_wall_s=0.145 map_cpu_s=0.022 merge_wall_s=0.146 merge_cpu_s=0.021 map_units=4 merge_ranges=4 map_eff_cores=0.15 merge_eff_cores=0.14
event=kink_round H=11 col=9 round=stage10 frontier_in=53453 map_wall_s=0.163 map_cpu_s=0.273 merge_wall_s=0.103 merge_cpu_s=0.190 map_units=27 merge_ranges=27 map_eff_cores=1.67 merge_eff_cores=1.85
event=kink_round H=12 col=7 round=stage5 frontier_in=137385 map_wall_s=0.168 map_cpu_s=0.914 merge_wall_s=0.201 merge_cpu_s=0.581 map_units=68 merge_ranges=68 map_eff_cores=5.44 merge_eff_cores=2.89
event=kink_round H=15 col=2 round=stage12 frontier_in=2073695 map_wall_s=1.570 map_cpu_s=11.650 merge_wall_s=0.595 merge_cpu_s=6.151 map_units=640 merge_ranges=80 map_eff_cores=7.42 merge_eff_cores=10.34
event=kink_round H=7 col=29 round=stage4 frontier_in=1082 map_wall_s=0.134 map_cpu_s=0.003 merge_wall_s=0.361 merge_cpu_s=0.001 map_units=1 merge_ranges=1 map_eff_cores=0.02 merge_eff_cores=0.00
event=kink_round H=8 col=21 round=finalize frontier_in=2895 map_wall_s=0.129 map_cpu_s=0.007 merge_wall_s=0.364 merge_cpu_s=0.002 map_units=2 merge_ranges=2 map_eff_cores=0.05 merge_eff_cores=0.01
event=column H=8 col=21 frontier_in=825 frontier_out=825 wall_s=3.09 cum_wall_s=268.6 cpu_s=0.1 rss_max_mb=72.8 map_wall_s=1.47 map_cpu_s=0.1 merge_wall_s=1.61 merge_cpu_s=0.0 map_units=17 merge_ranges=16 eff_cores=0.04
event=kink_round H=8 col=22 round=seed frontier_in=825 map_wall_s=0.233 map_cpu_s=0.002 merge_wall_s=0.000 merge_cpu_s=0.000 map_units=1 merge_ranges=0 map_eff_cores=0.01 merge_eff_cores=0.00
event=kink_round H=9 col=16 round=stage8 frontier_in=7732 map_wall_s=0.382 map_cpu_s=0.028 merge_wall_s=0.230 merge_cpu_s=0.018 map_units=4 merge_ranges=4 map_eff_cores=0.07 merge_eff_cores=0.08
event=kink_round H=10 col=13 round=stage2 frontier_in=14518 map_wall_s=0.394 map_cpu_s=0.060 merge_wall_s=0.222 merge_cpu_s=0.044 map_units=8 merge_ranges=8 map_eff_cores=0.15 merge_eff_cores=0.20
event=kink_round H=11 col=9 round=finalize frontier_in=52683 map_wall_s=0.397 map_cpu_s=0.276 merge_wall_s=0.209 merge_cpu_s=0.132 map_units=26 merge_ranges=26 map_eff_cores=0.69 merge_eff_cores=0.63
event=kink_round H=13 col=5 round=stage0 frontier_in=106843 map_wall_s=0.408 map_cpu_s=0.679 merge_wall_s=0.271 merge_cpu_s=0.579 map_units=53 merge_ranges=53 map_eff_cores=1.67 merge_eff_cores=2.13
event=column H=11 col=9 frontier_in=14826 frontier_out=14826 wall_s=5.21 cum_wall_s=273.8 cpu_s=5.0 rss_max_mb=79.0 map_wall_s=2.88 map_cpu_s=3.0 merge_wall_s=2.16 merge_cpu_s=1.9 map_units=278 merge_ranges=270 eff_cores=0.95
event=kink_round H=7 col=29 round=stage5 frontier_in=1097 map_wall_s=0.235 map_cpu_s=0.002 merge_wall_s=0.209 merge_cpu_s=0.002 map_units=1 merge_ranges=1 map_eff_cores=0.01 merge_eff_cores=0.01
event=kink_round H=12 col=7 round=stage6 frontier_in=139597 map_wall_s=0.398 map_cpu_s=0.838 merge_wall_s=0.297 merge_cpu_s=0.605 map_units=69 merge_ranges=69 map_eff_cores=2.10 merge_eff_cores=2.03
event=kink_round H=11 col=10 round=seed frontier_in=14826 map_wall_s=0.204 map_cpu_s=0.069 merge_wall_s=0.000 merge_cpu_s=0.000 map_units=8 merge_ranges=0 map_eff_cores=0.34 merge_eff_cores=0.00
event=kink_round H=8 col=22 round=stage0 frontier_in=825 map_wall_s=0.209 map_cpu_s=0.003 merge_wall_s=0.202 merge_cpu_s=0.003 map_units=1 merge_ranges=1 map_eff_cores=0.01 merge_eff_cores=0.01
event=kink_round H=9 col=16 round=finalize frontier_in=7529 map_wall_s=0.214 map_cpu_s=0.035 merge_wall_s=0.213 merge_cpu_s=0.012 map_units=4 merge_ranges=4 map_eff_cores=0.16 merge_eff_cores=0.06
event=column H=9 col=16 frontier_in=2153 frontier_out=2153 wall_s=3.85 cum_wall_s=277.7 cpu_s=0.5 rss_max_mb=74.8 map_wall_s=2.15 map_cpu_s=0.3 merge_wall_s=1.69 merge_cpu_s=0.2 map_units=37 merge_ranges=35 eff_cores=0.12
event=kink_round H=10 col=13 round=stage3 frontier_in=17220 map_wall_s=0.226 map_cpu_s=0.090 merge_wall_s=0.215 merge_cpu_s=0.052 map_units=9 merge_ranges=9 map_eff_cores=0.40 merge_eff_cores=0.24
event=kink_round H=7 col=29 round=stage6 frontier_in=1146 map_wall_s=0.192 map_cpu_s=0.002 merge_wall_s=0.170 merge_cpu_s=0.001 map_units=1 merge_ranges=1 map_eff_cores=0.01 merge_eff_cores=0.01
event=kink_round H=9 col=17 round=seed frontier_in=2153 map_wall_s=0.198 map_cpu_s=0.012 merge_wall_s=0.000 merge_cpu_s=0.000 map_units=2 merge_ranges=0 map_eff_cores=0.06 merge_eff_cores=0.00
event=kink_round H=11 col=10 round=stage0 frontier_in=14826 map_wall_s=0.212 map_cpu_s=0.118 merge_wall_s=0.175 merge_cpu_s=0.060 map_units=8 merge_ranges=8 map_eff_cores=0.56 merge_eff_cores=0.34
event=kink_round H=8 col=22 round=stage1 frontier_in=1328 map_wall_s=0.171 map_cpu_s=0.007 merge_wall_s=0.197 merge_cpu_s=0.004 map_units=1 merge_ranges=1 map_eff_cores=0.04 merge_eff_cores=0.02
event=kink_round H=12 col=7 round=stage7 frontier_in=140142 map_wall_s=0.220 map_cpu_s=1.194 merge_wall_s=0.297 merge_cpu_s=0.585 map_units=69 merge_ranges=69 map_eff_cores=5.43 merge_eff_cores=1.97
event=kink_round H=13 col=5 round=stage1 frontier_in=171865 map_wall_s=0.363 map_cpu_s=1.457 merge_wall_s=0.372 merge_cpu_s=1.025 map_units=84 merge_ranges=80 map_eff_cores=4.02 merge_eff_cores=2.76
event=kink_round H=10 col=13 round=stage4 frontier_in=18804 map_wall_s=0.222 map_cpu_s=0.105 merge_wall_s=0.150 merge_cpu_s=0.054 map_units=10 merge_ranges=10 map_eff_cores=0.47 merge_eff_cores=0.36
event=kink_round H=7 col=29 round=finalize frontier_in=1074 map_wall_s=0.175 map_cpu_s=0.001 merge_wall_s=0.146 merge_cpu_s=0.000 map_units=1 merge_ranges=1 map_eff_cores=0.01 merge_eff_cores=0.00
event=column H=7 col=29 frontier_in=331 frontier_out=249 wall_s=2.98 cum_wall_s=280.7 cpu_s=0.0 rss_max_mb=74.8 map_wall_s=1.53 map_cpu_s=0.0 merge_wall_s=1.44 merge_cpu_s=0.0 map_units=9 merge_ranges=8 eff_cores=0.01
event=kink_round H=9 col=17 round=stage0 frontier_in=2153 map_wall_s=0.159 map_cpu_s=0.014 merge_wall_s=0.146 merge_cpu_s=0.009 map_units=2 merge_ranges=2 map_eff_cores=0.09 merge_eff_cores=0.06
event=kink_round H=18 col=1 round=stage17 frontier_in=9338570 map_wall_s=1.851 map_cpu_s=34.808 merge_wall_s=1.793 merge_cpu_s=18.050 map_units=640 merge_ranges=80 map_eff_cores=18.81 merge_eff_cores=10.07
event=kink_round H=8 col=22 round=stage2 frontier_in=2153 map_wall_s=0.139 map_cpu_s=0.006 merge_wall_s=0.128 merge_cpu_s=0.005 map_units=2 merge_ranges=2 map_eff_cores=0.04 merge_eff_cores=0.04
event=kink_round H=7 col=30 round=seed frontier_in=249 map_wall_s=0.154 map_cpu_s=0.001 merge_wall_s=0.000 merge_cpu_s=0.000 map_units=1 merge_ranges=0 map_eff_cores=0.01 merge_eff_cores=0.00
event=kink_round H=11 col=10 round=stage1 frontier_in=23855 map_wall_s=0.155 map_cpu_s=0.135 merge_wall_s=0.206 merge_cpu_s=0.108 map_units=12 merge_ranges=12 map_eff_cores=0.87 merge_eff_cores=0.52
event=kink_round H=14 col=3 round=stage9 frontier_in=961648 map_wall_s=1.512 map_cpu_s=7.283 merge_wall_s=0.462 merge_cpu_s=4.001 map_units=470 merge_ranges=80 map_eff_cores=4.82 merge_eff_cores=8.65
event=kink_round H=10 col=13 round=stage5 frontier_in=19508 map_wall_s=0.146 map_cpu_s=0.105 merge_wall_s=0.387 merge_cpu_s=0.047 map_units=10 merge_ranges=10 map_eff_cores=0.72 merge_eff_cores=0.12
event=kink_round H=9 col=17 round=stage1 frontier_in=3472 map_wall_s=0.114 map_cpu_s=0.016 merge_wall_s=0.365 merge_cpu_s=0.011 map_units=2 merge_ranges=2 map_eff_cores=0.14 merge_eff_cores=0.03
event=kink_round H=12 col=7 round=stage8 frontier_in=140687 map_wall_s=0.177 map_cpu_s=0.928 merge_wall_s=0.446 merge_cpu_s=0.551 map_units=69 merge_ranges=69 map_eff_cores=5.25 merge_eff_cores=1.24
event=kink_round H=7 col=30 round=stage0 frontier_in=249 map_wall_s=0.365 map_cpu_s=0.001 merge_wall_s=0.091 merge_cpu_s=0.002 map_units=1 merge_ranges=1 map_eff_cores=0.00 merge_eff_cores=0.02
event=kink_round H=8 col=22 round=stage3 frontier_in=2568 map_wall_s=0.374 map_cpu_s=0.006 merge_wall_s=0.093 merge_cpu_s=0.006 map_units=2 merge_ranges=2 map_eff_cores=0.02 merge_eff_cores=0.06
event=kink_round H=9 col=17 round=stage2 frontier_in=5618 map_wall_s=0.065 map_cpu_s=0.019 merge_wall_s=0.043 merge_cpu_s=0.015 map_units=3 merge_ranges=3 map_eff_cores=0.29 merge_eff_cores=0.35
event=kink_round H=11 col=10 round=stage2 frontier_in=38640 map_wall_s=0.385 map_cpu_s=0.183 merge_wall_s=0.095 merge_cpu_s=0.126 map_units=19 merge_ranges=19 map_eff_cores=0.48 merge_eff_cores=1.33
event=kink_round H=10 col=13 round=stage6 frontier_in=19682 map_wall_s=0.118 map_cpu_s=0.113 merge_wall_s=0.052 merge_cpu_s=0.050 map_units=10 merge_ranges=10 map_eff_cores=0.96 merge_eff_cores=0.96
event=kink_round H=13 col=5 round=stage2 frontier_in=278093 map_wall_s=0.554 map_cpu_s=1.889 merge_wall_s=0.171 merge_cpu_s=1.272 map_units=136 merge_ranges=80 map_eff_cores=3.41 merge_eff_cores=7.43
event=kink_round H=7 col=30 round=stage1 frontier_in=400 map_wall_s=0.043 map_cpu_s=0.001 merge_wall_s=0.166 merge_cpu_s=0.001 map_units=1 merge_ranges=1 map_eff_cores=0.02 merge_eff_cores=0.01
event=kink_round H=8 col=22 round=stage4 frontier_in=2795 map_wall_s=0.056 map_cpu_s=0.008 merge_wall_s=0.262 merge_cpu_s=0.004 map_units=2 merge_ranges=2 map_eff_cores=0.14 merge_eff_cores=0.02
event=heartbeat H=16 col=2 elapsed_s=17 processed=1271808 rate_per_s=73418 steals=0
event=kink_round H=12 col=7 round=stage9 frontier_in=141099 map_wall_s=0.072 map_cpu_s=0.870 merge_wall_s=0.301 merge_cpu_s=0.553 map_units=69 merge_ranges=69 map_eff_cores=12.08 merge_eff_cores=1.84
event=kink_round H=19 col=1 round=stage15 frontier_in=12055674 map_wall_s=2.212 map_cpu_s=44.101 merge_wall_s=1.246 merge_cpu_s=20.059 map_units=640 merge_ranges=80 map_eff_cores=19.94 merge_eff_cores=16.10
event=kink_round H=9 col=17 round=stage3 frontier_in=6682 map_wall_s=0.177 map_cpu_s=0.019 merge_wall_s=0.350 merge_cpu_s=0.016 map_units=4 merge_ranges=4 map_eff_cores=0.11 merge_eff_cores=0.05
event=kink_round H=10 col=13 round=stage7 frontier_in=19901 map_wall_s=0.273 map_cpu_s=0.066 merge_wall_s=0.262 merge_cpu_s=0.050 map_units=10 merge_ranges=10 map_eff_cores=0.24 merge_eff_cores=0.19
event=kink_round H=11 col=10 round=stage3 frontier_in=45710 map_wall_s=0.206 map_cpu_s=0.197 merge_wall_s=0.348 merge_cpu_s=0.166 map_units=23 merge_ranges=23 map_eff_cores=0.96 merge_eff_cores=0.48
event=kink_round H=7 col=30 round=stage2 frontier_in=669 map_wall_s=0.349 map_cpu_s=0.002 merge_wall_s=0.083 merge_cpu_s=0.002 map_units=1 merge_ranges=1 map_eff_cores=0.01 merge_eff_cores=0.02
event=kink_round H=8 col=22 round=stage5 frontier_in=2858 map_wall_s=0.250 map_cpu_s=0.006 merge_wall_s=0.108 merge_cpu_s=0.007 map_units=2 merge_ranges=2 map_eff_cores=0.02 merge_eff_cores=0.06
event=kink_round H=15 col=2 round=stage13 frontier_in=2205535 map_wall_s=1.809 map_cpu_s=12.611 merge_wall_s=0.672 merge_cpu_s=6.205 map_units=640 merge_ranges=80 map_eff_cores=6.97 merge_eff_cores=9.24
event=kink_round H=9 col=17 round=stage4 frontier_in=7282 map_wall_s=0.105 map_cpu_s=0.025 merge_wall_s=0.075 merge_cpu_s=0.018 map_units=4 merge_ranges=4 map_eff_cores=0.24 merge_eff_cores=0.24
event=kink_round H=17 col=2 round=stage2 frontier_in=5122626 map_wall_s=2.108 map_cpu_s=23.374 merge_wall_s=0.849 merge_cpu_s=11.486 map_units=640 merge_ranges=80 map_eff_cores=11.09 merge_eff_cores=13.52
event=kink_round H=12 col=7 round=stage10 frontier_in=140628 map_wall_s=0.207 map_cpu_s=0.815 merge_wall_s=0.155 merge_cpu_s=0.572 map_units=69 merge_ranges=69 map_eff_cores=3.94 merge_eff_cores=3.69
event=kink_round H=7 col=30 round=stage3 frontier_in=829 map_wall_s=0.077 map_cpu_s=0.001 merge_wall_s=0.091 merge_cpu_s=0.001 map_units=1 merge_ranges=1 map_eff_cores=0.01 merge_eff_cores=0.01
event=kink_round H=8 col=22 round=stage6 frontier_in=2920 map_wall_s=0.061 map_cpu_s=0.009 merge_wall_s=0.077 merge_cpu_s=0.004 map_units=2 merge_ranges=2 map_eff_cores=0.15 merge_eff_cores=0.05
event=kink_round H=10 col=13 round=stage8 frontier_in=19909 map_wall_s=0.099 map_cpu_s=0.088 merge_wall_s=0.116 merge_cpu_s=0.051 map_units=10 merge_ranges=10 map_eff_cores=0.89 merge_eff_cores=0.44
event=kink_round H=11 col=10 round=stage4 frontier_in=49855 map_wall_s=0.103 map_cpu_s=0.236 merge_wall_s=0.127 merge_cpu_s=0.151 map_units=25 merge_ranges=25 map_eff_cores=2.29 merge_eff_cores=1.19
event=kink_round H=13 col=5 round=stage3 frontier_in=327287 map_wall_s=0.572 map_cpu_s=2.295 merge_wall_s=0.217 merge_cpu_s=1.475 map_units=160 merge_ranges=80 map_eff_cores=4.01 merge_eff_cores=6.81
event=kink_round H=9 col=17 round=stage5 frontier_in=7502 map_wall_s=0.066 map_cpu_s=0.023 merge_wall_s=0.117 merge_cpu_s=0.013 map_units=4 merge_ranges=4 map_eff_cores=0.35 merge_eff_cores=0.11
event=kink_round H=16 col=2 round=stage7 frontier_in=3469086 map_wall_s=1.982 map_cpu_s=17.090 merge_wall_s=0.941 merge_cpu_s=8.354 map_units=640 merge_ranges=80 map_eff_cores=8.62 merge_eff_cores=8.88
event=kink_round H=7 col=30 round=stage4 frontier_in=911 map_wall_s=0.123 map_cpu_s=0.001 merge_wall_s=0.099 merge_cpu_s=0.001 map_units=1 merge_ranges=1 map_eff_cores=0.01 merge_eff_cores=0.01
event=kink_round H=12 col=7 round=stage11 frontier_in=142690 map_wall_s=0.109 map_cpu_s=0.909 merge_wall_s=0.175 merge_cpu_s=0.559 map_units=70 merge_ranges=70 map_eff_cores=8.30 merge_eff_cores=3.20
event=kink_round H=8 col=22 round=stage7 frontier_in=2997 map_wall_s=0.125 map_cpu_s=0.008 merge_wall_s=0.139 merge_cpu_s=0.004 map_units=2 merge_ranges=2 map_eff_cores=0.06 merge_eff_cores=0.03
event=kink_round H=10 col=13 round=stage9 frontier_in=20222 map_wall_s=0.126 map_cpu_s=0.066 merge_wall_s=0.152 merge_cpu_s=0.052 map_units=10 merge_ranges=10 map_eff_cores=0.52 merge_eff_cores=0.34
event=kink_round H=11 col=10 round=stage5 frontier_in=51728 map_wall_s=0.150 map_cpu_s=0.267 merge_wall_s=0.139 merge_cpu_s=0.164 map_units=26 merge_ranges=26 map_eff_cores=1.78 merge_eff_cores=1.18
event=kink_round H=14 col=3 round=stage10 frontier_in=985552 map_wall_s=1.058 map_cpu_s=6.089 merge_wall_s=0.421 merge_cpu_s=4.066 map_units=482 merge_ranges=80 map_eff_cores=5.75 merge_eff_cores=9.66
event=kink_round H=9 col=17 round=stage6 frontier_in=7569 map_wall_s=0.152 map_cpu_s=0.027 merge_wall_s=0.162 merge_cpu_s=0.017 map_units=4 merge_ranges=4 map_eff_cores=0.18 merge_eff_cores=0.11
event=kink_round H=7 col=30 round=stage5 frontier_in=922 map_wall_s=0.091 map_cpu_s=0.001 merge_wall_s=0.168 merge_cpu_s=0.001 map_units=1 merge_ranges=1 map_eff_cores=0.01 merge_eff_cores=0.01
event=kink_round H=8 col=22 round=finalize frontier_in=2895 map_wall_s=0.149 map_cpu_s=0.012 merge_wall_s=0.127 merge_cpu_s=0.003 map_units=2 merge_ranges=2 map_eff_cores=0.08 merge_eff_cores=0.02
event=column H=8 col=22 frontier_in=825 frontier_out=825 wall_s=3.10 cum_wall_s=283.8 cpu_s=0.1 rss_max_mb=74.8 map_wall_s=1.77 map_cpu_s=0.1 merge_wall_s=1.33 merge_cpu_s=0.0 map_units=17 merge_ranges=16 eff_cores=0.03
event=kink_round H=10 col=13 round=finalize frontier_in=19812 map_wall_s=0.188 map_cpu_s=0.098 merge_wall_s=0.191 merge_cpu_s=0.025 map_units=10 merge_ranges=10 map_eff_cores=0.52 merge_eff_cores=0.13
event=column H=10 col=13 frontier_in=5567 frontier_out=5567 wall_s=4.33 cum_wall_s=288.1 cpu_s=1.4 rss_max_mb=79.0 map_wall_s=2.25 map_cpu_s=0.9 merge_wall_s=2.03 merge_cpu_s=0.5 map_units=98 merge_ranges=95 eff_cores=0.32
event=kink_round H=12 col=7 round=finalize frontier_in=141350 map_wall_s=0.188 map_cpu_s=0.793 merge_wall_s=0.220 merge_cpu_s=0.502 map_units=70 merge_ranges=70 map_eff_cores=4.21 merge_eff_cores=2.28
event=kink_round H=11 col=10 round=stage6 frontier_in=52427 map_wall_s=0.143 map_cpu_s=0.286 merge_wall_s=0.186 merge_cpu_s=0.158 map_units=26 merge_ranges=26 map_eff_cores=2.00 merge_eff_cores=0.85
event=column H=12 col=7 frontier_in=39506 frontier_out=39506 wall_s=6.48 cum_wall_s=294.6 cpu_s=16.8 rss_max_mb=79.0 map_wall_s=2.69 map_cpu_s=10.2 merge_wall_s=3.41 merge_cpu_s=6.6 map_units=801 merge_ranges=781 eff_cores=2.59
event=kink_round H=8 col=23 round=seed frontier_in=825 map_wall_s=0.191 map_cpu_s=0.002 merge_wall_s=0.000 merge_cpu_s=0.000 map_units=1 merge_ranges=0 map_eff_cores=0.01 merge_eff_cores=0.00
event=kink_round H=13 col=5 round=stage4 frontier_in=356349 map_wall_s=0.372 map_cpu_s=2.557 merge_wall_s=0.338 merge_cpu_s=1.545 map_units=174 merge_ranges=80 map_eff_cores=6.86 merge_eff_cores=4.57
event=kink_round H=9 col=17 round=stage7 frontier_in=7596 map_wall_s=0.187 map_cpu_s=0.031 merge_wall_s=0.229 merge_cpu_s=0.017 map_units=4 merge_ranges=4 map_eff_cores=0.17 merge_eff_cores=0.07
event=kink_round H=7 col=30 round=stage6 frontier_in=980 map_wall_s=0.183 map_cpu_s=0.001 merge_wall_s=0.224 merge_cpu_s=0.001 map_units=1 merge_ranges=1 map_eff_cores=0.01 merge_eff_cores=0.00
event=kink_round H=10 col=14 round=seed frontier_in=5567 map_wall_s=0.223 map_cpu_s=0.026 merge_wall_s=0.000 merge_cpu_s=0.000 map_units=3 merge_ranges=0 map_eff_cores=0.12 merge_eff_cores=0.00
event=kink_round H=12 col=8 round=seed frontier_in=39506 map_wall_s=0.336 map_cpu_s=0.219 merge_wall_s=0.000 merge_cpu_s=0.000 map_units=20 merge_ranges=0 map_eff_cores=0.65 merge_eff_cores=0.00
event=kink_round H=8 col=23 round=stage0 frontier_in=825 map_wall_s=0.295 map_cpu_s=0.002 merge_wall_s=0.250 merge_cpu_s=0.003 map_units=1 merge_ranges=1 map_eff_cores=0.01 merge_eff_cores=0.01
event=kink_round H=11 col=10 round=stage7 frontier_in=52569 map_wall_s=0.324 map_cpu_s=0.262 merge_wall_s=0.332 merge_cpu_s=0.219 map_units=26 merge_ranges=26 map_eff_cores=0.81 merge_eff_cores=0.66
event=kink_round H=9 col=17 round=stage8 frontier_in=7732 map_wall_s=0.301 map_cpu_s=0.035 merge_wall_s=0.258 merge_cpu_s=0.017 map_units=4 merge_ranges=4 map_eff_cores=0.12 merge_eff_cores=0.07
event=kink_round H=7 col=30 round=finalize frontier_in=884 map_wall_s=0.290 map_cpu_s=0.001 merge_wall_s=0.259 merge_cpu_s=0.001 map_units=1 merge_ranges=1 map_eff_cores=0.00 merge_eff_cores=0.00
event=column H=7 col=30 frontier_in=249 frontier_out=133 wall_s=2.87 cum_wall_s=297.4 cpu_s=0.0 rss_max_mb=56.6 map_wall_s=1.67 map_cpu_s=0.0 merge_wall_s=1.18 merge_cpu_s=0.0 map_units=9 merge_ranges=8 eff_cores=0.01
event=kink_round H=10 col=14 round=stage0 frontier_in=5567 map_wall_s=0.308 map_cpu_s=0.033 merge_wall_s=0.267 merge_cpu_s=0.026 map_units=3 merge_ranges=3 map_eff_cores=0.11 merge_eff_cores=0.10
event=kink_round H=7 col=31 round=seed frontier_in=133 map_wall_s=0.214 map_cpu_s=0.001 merge_wall_s=0.000 merge_cpu_s=0.000 map_units=1 merge_ranges=0 map_eff_cores=0.00 merge_eff_cores=0.00
event=kink_round H=12 col=8 round=stage0 frontier_in=39506 map_wall_s=0.312 map_cpu_s=0.269 merge_wall_s=0.287 merge_cpu_s=0.193 map_units=20 merge_ranges=20 map_eff_cores=0.86 merge_eff_cores=0.67
event=kink_round H=8 col=23 round=stage1 frontier_in=1328 map_wall_s=0.225 map_cpu_s=0.004 merge_wall_s=0.440 merge_cpu_s=0.003 map_units=1 merge_ranges=1 map_eff_cores=0.02 merge_eff_cores=0.01
event=kink_round H=9 col=17 round=finalize frontier_in=7529 map_wall_s=0.233 map_cpu_s=0.049 merge_wall_s=0.388 merge_cpu_s=0.007 map_units=4 merge_ranges=4 map_eff_cores=0.21 merge_eff_cores=0.02
event=column H=9 col=17 frontier_in=2153 frontier_out=2153 wall_s=3.93 cum_wall_s=301.4 cpu_s=0.4 rss_max_mb=74.8 map_wall_s=1.76 map_cpu_s=0.3 merge_wall_s=2.13 merge_cpu_s=0.1 map_units=37 merge_ranges=35 eff_cores=0.10
event=kink_round H=11 col=10 round=stage8 frontier_in=52799 map_wall_s=0.253 map_cpu_s=0.262 merge_wall_s=0.445 merge_cpu_s=0.168 map_units=26 merge_ranges=26 map_eff_cores=1.04 merge_eff_cores=0.38
event=kink_round H=10 col=14 round=stage1 frontier_in=8947 map_wall_s=0.454 map_cpu_s=0.035 merge_wall_s=0.232 merge_cpu_s=0.044 map_units=5 merge_ranges=5 map_eff_cores=0.08 merge_eff_cores=0.19
event=kink_round H=13 col=5 round=stage5 frontier_in=370085 map_wall_s=1.044 map_cpu_s=2.607 merge_wall_s=0.322 merge_cpu_s=1.594 map_units=181 merge_ranges=80 map_eff_cores=2.50 merge_eff_cores=4.95
event=kink_round H=7 col=31 round=stage0 frontier_in=133 map_wall_s=0.400 map_cpu_s=0.000 merge_wall_s=0.258 merge_cpu_s=0.000 map_units=1 merge_ranges=1 map_eff_cores=0.00 merge_eff_cores=0.00
event=kink_round H=9 col=18 round=seed frontier_in=2153 map_wall_s=0.261 map_cpu_s=0.006 merge_wall_s=0.000 merge_cpu_s=0.000 map_units=2 merge_ranges=0 map_eff_cores=0.02 merge_eff_cores=0.00
event=kink_round H=12 col=8 round=stage1 frontier_in=63502 map_wall_s=0.438 map_cpu_s=0.469 merge_wall_s=0.348 merge_cpu_s=0.339 map_units=32 merge_ranges=32 map_eff_cores=1.07 merge_eff_cores=0.97
event=kink_round H=8 col=23 round=stage2 frontier_in=2153 map_wall_s=0.209 map_cpu_s=0.010 merge_wall_s=0.306 merge_cpu_s=0.007 map_units=2 merge_ranges=2 map_eff_cores=0.05 merge_eff_cores=0.02
event=heartbeat H=14 col=3 elapsed_s=17 processed=543744 rate_per_s=31391 steals=0
event=kink_round H=11 col=10 round=stage9 frontier_in=52650 map_wall_s=0.316 map_cpu_s=0.311 merge_wall_s=0.197 merge_cpu_s=0.177 map_units=26 merge_ranges=26 map_eff_cores=0.98 merge_eff_cores=0.90
event=kink_round H=7 col=31 round=stage1 frontier_in=223 map_wall_s=0.184 map_cpu_s=0.002 merge_wall_s=0.157 merge_cpu_s=0.001 map_units=1 merge_ranges=1 map_eff_cores=0.01 merge_eff_cores=0.01
event=kink_round H=10 col=14 round=stage2 frontier_in=14518 map_wall_s=0.305 map_cpu_s=0.092 merge_wall_s=0.192 merge_cpu_s=0.053 map_units=8 merge_ranges=8 map_eff_cores=0.30 merge_eff_cores=0.28
event=kink_round H=9 col=18 round=stage0 frontier_in=2153 map_wall_s=0.217 map_cpu_s=0.013 merge_wall_s=0.156 merge_cpu_s=0.008 map_units=2 merge_ranges=2 map_eff_cores=0.06 merge_eff_cores=0.05
event=kink_round H=8 col=23 round=stage3 frontier_in=2568 map_wall_s=0.121 map_cpu_s=0.013 merge_wall_s=0.169 merge_cpu_s=0.004 map_units=2 merge_ranges=2 map_eff_cores=0.11 merge_eff_cores=0.02
event=kink_round H=15 col=2 round=stage14 frontier_in=2367815 map_wall_s=1.938 map_cpu_s=12.586 merge_wall_s=0.837 merge_cpu_s=6.694 map_units=640 merge_ranges=80 map_eff_cores=6.49 merge_eff_cores=7.99
event=kink_round H=12 col=8 round=stage2 frontier_in=102880 map_wall_s=0.188 map_cpu_s=0.668 merge_wall_s=0.223 merge_cpu_s=0.536 map_units=51 merge_ranges=51 map_eff_cores=3.55 merge_eff_cores=2.40
event=kink_round H=18 col=1 round=finalize frontier_in=12030739 map_wall_s=2.071 map_cpu_s=43.807 merge_wall_s=1.611 merge_cpu_s=14.879 map_units=640 merge_ranges=80 map_eff_cores=21.15 merge_eff_cores=9.24
event=kink_round H=14 col=3 round=stage11 frontier_in=1005898 map_wall_s=1.967 map_cpu_s=7.447 merge_wall_s=0.447 merge_cpu_s=4.180 map_units=492 merge_ranges=80 map_eff_cores=3.79 merge_eff_cores=9.35
event=kink_round H=7 col=31 round=stage2 frontier_in=383 map_wall_s=0.121 map_cpu_s=0.001 merge_wall_s=0.252 merge_cpu_s=0.000 map_units=1 merge_ranges=1 map_eff_cores=0.01 merge_eff_cores=0.00
event=kink_round H=11 col=10 round=stage10 frontier_in=53453 map_wall_s=0.146 map_cpu_s=0.235 merge_wall_s=0.277 merge_cpu_s=0.135 map_units=27 merge_ranges=27 map_eff_cores=1.61 merge_eff_cores=0.49
event=kink_round H=9 col=18 round=stage1 frontier_in=3472 map_wall_s=0.167 map_cpu_s=0.012 merge_wall_s=0.217 merge_cpu_s=0.018 map_units=2 merge_ranges=2 map_eff_cores=0.07 merge_eff_cores=0.08
event=kink_round H=10 col=14 round=stage3 frontier_in=17220 map_wall_s=0.200 map_cpu_s=0.068 merge_wall_s=0.324 merge_cpu_s=0.037 map_units=9 merge_ranges=9 map_eff_cores=0.34 merge_eff_cores=0.11
event=column H=18 col=1 frontier_in=131327 frontier_out=4686339 wall_s=32.11 cum_wall_s=333.5 cpu_s=323.5 rss_max_mb=79.0 map_wall_s=15.30 map_cpu_s=214.2 merge_wall_s=13.90 merge_cpu_s=109.3 map_units=9765 merge_ranges=1505 eff_cores=10.07
event=kink_round H=8 col=23 round=stage4 frontier_in=2795 map_wall_s=0.276 map_cpu_s=0.007 merge_wall_s=0.293 merge_cpu_s=0.005 map_units=2 merge_ranges=2 map_eff_cores=0.03 merge_eff_cores=0.02
event=kink_round H=7 col=31 round=stage3 frontier_in=532 map_wall_s=0.291 map_cpu_s=0.001 merge_wall_s=0.051 merge_cpu_s=0.001 map_units=1 merge_ranges=1 map_eff_cores=0.00 merge_eff_cores=0.02
event=kink_round H=13 col=5 round=stage6 frontier_in=376071 map_wall_s=0.567 map_cpu_s=2.821 merge_wall_s=0.529 merge_cpu_s=1.458 map_units=184 merge_ranges=80 map_eff_cores=4.97 merge_eff_cores=2.76
event=kink_round H=12 col=8 round=stage3 frontier_in=121352 map_wall_s=0.415 map_cpu_s=0.598 merge_wall_s=0.147 merge_cpu_s=0.524 map_units=60 merge_ranges=60 map_eff_cores=1.44 merge_eff_cores=3.58
event=kink_round H=9 col=18 round=stage2 frontier_in=5618 map_wall_s=0.285 map_cpu_s=0.021 merge_wall_s=0.099 merge_cpu_s=0.014 map_units=3 merge_ranges=3 map_eff_cores=0.07 merge_eff_cores=0.14
event=kink_round H=8 col=23 round=stage5 frontier_in=2858 map_wall_s=0.082 map_cpu_s=0.008 merge_wall_s=0.063 merge_cpu_s=0.004 map_units=2 merge_ranges=2 map_eff_cores=0.10 merge_eff_cores=0.06
event=kink_round H=10 col=14 round=stage4 frontier_in=18804 map_wall_s=0.170 map_cpu_s=0.073 merge_wall_s=0.109 merge_cpu_s=0.049 map_units=10 merge_ranges=10 map_eff_cores=0.43 merge_eff_cores=0.45
event=kink_round H=11 col=10 round=finalize frontier_in=52683 map_wall_s=0.310 map_cpu_s=0.209 merge_wall_s=0.130 merge_cpu_s=0.113 map_units=26 merge_ranges=26 map_eff_cores=0.67 merge_eff_cores=0.87
event=column H=11 col=10 frontier_in=14826 frontier_out=14826 wall_s=5.72 cum_wall_s=339.2 cpu_s=4.5 rss_max_mb=79.0 map_wall_s=2.91 map_cpu_s=2.8 merge_wall_s=2.66 merge_cpu_s=1.7 map_units=278 merge_ranges=270 eff_cores=0.79
event=kink_round H=7 col=31 round=stage4 frontier_in=578 map_wall_s=0.085 map_cpu_s=0.001 merge_wall_s=0.082 merge_cpu_s=0.001 map_units=1 merge_ranges=1 map_eff_cores=0.01 merge_eff_cores=0.01
event=kink_round H=11 col=11 round=seed frontier_in=14826 map_wall_s=0.078 map_cpu_s=0.085 merge_wall_s=0.000 merge_cpu_s=0.000 map_units=8 merge_ranges=0 map_eff_cores=1.09 merge_eff_cores=0.00
event=kink_round H=8 col=23 round=stage6 frontier_in=2920 map_wall_s=0.069 map_cpu_s=0.007 merge_wall_s=0.081 merge_cpu_s=0.006 map_units=2 merge_ranges=2 map_eff_cores=0.10 merge_eff_cores=0.07
event=kink_round H=9 col=18 round=stage3 frontier_in=6682 map_wall_s=0.072 map_cpu_s=0.020 merge_wall_s=0.088 merge_cpu_s=0.016 map_units=4 merge_ranges=4 map_eff_cores=0.28 merge_eff_cores=0.18
event=kink_round H=17 col=2 round=stage3 frontier_in=6279572 map_wall_s=2.361 map_cpu_s=29.692 merge_wall_s=1.126 merge_cpu_s=13.302 map_units=640 merge_ranges=80 map_eff_cores=12.57 merge_eff_cores=11.81
event=kink_round H=7 col=31 round=stage5 frontier_in=583 map_wall_s=0.075 map_cpu_s=0.001 merge_wall_s=0.077 merge_cpu_s=0.001 map_units=1 merge_ranges=1 map_eff_cores=0.01 merge_eff_cores=0.01
event=kink_round H=10 col=14 round=stage5 frontier_in=19508 map_wall_s=0.108 map_cpu_s=0.071 merge_wall_s=0.095 merge_cpu_s=0.054 map_units=10 merge_ranges=10 map_eff_cores=0.65 merge_eff_cores=0.57
event=kink_round H=12 col=8 round=stage4 frontier_in=132241 map_wall_s=0.105 map_cpu_s=0.804 merge_wall_s=0.129 merge_cpu_s=0.511 map_units=65 merge_ranges=65 map_eff_cores=7.69 merge_eff_cores=3.95
event=kink_round H=16 col=2 round=stage8 frontier_in=3715518 map_wall_s=2.398 map_cpu_s=19.763 merge_wall_s=1.006 merge_cpu_s=9.019 map_units=640 merge_ranges=80 map_eff_cores=8.24 merge_eff_cores=8.96
event=kink_round H=11 col=11 round=stage0 frontier_in=14826 map_wall_s=0.092 map_cpu_s=0.072 merge_wall_s=0.426 merge_cpu_s=0.062 map_units=8 merge_ranges=8 map_eff_cores=0.78 merge_eff_cores=0.15
event=kink_round H=9 col=18 round=stage4 frontier_in=7282 map_wall_s=0.202 map_cpu_s=0.018 merge_wall_s=0.349 merge_cpu_s=0.014 map_units=4 merge_ranges=4 map_eff_cores=0.09 merge_eff_cores=0.04
event=kink_round H=8 col=23 round=stage7 frontier_in=2997 map_wall_s=0.181 map_cpu_s=0.006 merge_wall_s=0.382 merge_cpu_s=0.004 map_units=2 merge_ranges=2 map_eff_cores=0.03 merge_eff_cores=0.01
event=kink_round H=13 col=5 round=stage7 frontier_in=378251 map_wall_s=0.247 map_cpu_s=2.452 merge_wall_s=0.597 merge_cpu_s=1.494 map_units=185 merge_ranges=80 map_eff_cores=9.94 merge_eff_cores=2.50
event=kink_round H=7 col=31 round=stage6 frontier_in=616 map_wall_s=0.414 map_cpu_s=0.001 merge_wall_s=0.209 merge_cpu_s=0.001 map_units=1 merge_ranges=1 map_eff_cores=0.00 merge_eff_cores=0.00
event=kink_round H=10 col=14 round=stage6 frontier_in=19682 map_wall_s=0.423 map_cpu_s=0.068 merge_wall_s=0.211 merge_cpu_s=0.055 map_units=10 merge_ranges=10 map_eff_cores=0.16 merge_eff_cores=0.26
event=kink_round H=12 col=8 round=stage5 frontier_in=137385 map_wall_s=0.459 map_cpu_s=0.667 merge_wall_s=0.229 merge_cpu_s=0.535 map_units=68 merge_ranges=68 map_eff_cores=1.45 merge_eff_cores=2.34
event=kink_round H=8 col=23 round=finalize frontier_in=2895 map_wall_s=0.141 map_cpu_s=0.006 merge_wall_s=0.150 merge_cpu_s=0.003 map_units=2 merge_ranges=2 map_eff_cores=0.04 merge_eff_cores=0.02
event=column H=8 col=23 frontier_in=825 frontier_out=825 wall_s=3.93 cum_wall_s=343.1 cpu_s=0.1 rss_max_mb=58.6 map_wall_s=1.79 map_cpu_s=0.1 merge_wall_s=2.13 merge_cpu_s=0.0 map_units=17 merge_ranges=16 eff_cores=0.03
event=kink_round H=9 col=18 round=stage5 frontier_in=7502 map_wall_s=0.151 map_cpu_s=0.023 merge_wall_s=0.156 merge_cpu_s=0.016 map_units=4 merge_ranges=4 map_eff_cores=0.15 merge_eff_cores=0.10
event=kink_round H=11 col=11 round=stage1 frontier_in=23855 map_wall_s=0.209 map_cpu_s=0.120 merge_wall_s=0.159 merge_cpu_s=0.101 map_units=12 merge_ranges=12 map_eff_cores=0.57 merge_eff_cores=0.64
event=kink_round H=7 col=31 round=finalize frontier_in=531 map_wall_s=0.138 map_cpu_s=0.001 merge_wall_s=0.200 merge_cpu_s=0.001 map_units=1 merge_ranges=1 map_eff_cores=0.01 merge_eff_cores=0.00
event=column H=7 col=31 frontier_in=133 frontier_out=62 wall_s=3.21 cum_wall_s=346.3 cpu_s=0.0 rss_max_mb=79.0 map_wall_s=1.92 map_cpu_s=0.0 merge_wall_s=1.29 merge_cpu_s=0.0 map_units=9 merge_ranges=8 eff_cores=0.00
event=kink_round H=8 col=24 round=seed frontier_in=825 map_wall_s=0.206 map_cpu_s=0.002 merge_wall_s=0.000 merge_cpu_s=0.000 map_units=1 merge_ranges=0 map_eff_cores=0.01 merge_eff_cores=0.00
event=kink_round H=10 col=14 round=stage7 frontier_in=19901 map_wall_s=0.215 map_cpu_s=0.062 merge_wall_s=0.180 merge_cpu_s=0.050 map_units=10 merge_ranges=10 map_eff_cores=0.29 merge_eff_cores=0.28
event=kink_round H=7 col=32 round=seed frontier_in=62 map_wall_s=0.101 map_cpu_s=0.001 merge_wall_s=0.000 merge_cpu_s=0.000 map_units=1 merge_ranges=0 map_eff_cores=0.01 merge_eff_cores=0.00
event=kink_round H=9 col=18 round=stage6 frontier_in=7569 map_wall_s=0.206 map_cpu_s=0.029 merge_wall_s=0.141 merge_cpu_s=0.018 map_units=4 merge_ranges=4 map_eff_cores=0.14 merge_eff_cores=0.13
event=kink_round H=12 col=8 round=stage6 frontier_in=139597 map_wall_s=0.246 map_cpu_s=0.929 merge_wall_s=0.176 merge_cpu_s=0.575 map_units=69 merge_ranges=69 map_eff_cores=3.77 merge_eff_cores=3.27
event=kink_round H=14 col=3 round=stage12 frontier_in=1008051 map_wall_s=1.289 map_cpu_s=6.539 merge_wall_s=0.583 merge_cpu_s=4.075 map_units=493 merge_ranges=80 map_eff_cores=5.07 merge_eff_cores=7.00
event=kink_round H=11 col=11 round=stage2 frontier_in=38640 map_wall_s=0.227 map_cpu_s=0.208 merge_wall_s=0.236 merge_cpu_s=0.125 map_units=19 merge_ranges=19 map_eff_cores=0.92 merge_eff_cores=0.53
event=kink_round H=8 col=24 round=stage0 frontier_in=825 map_wall_s=0.127 map_cpu_s=0.003 merge_wall_s=0.186 merge_cpu_s=0.003 map_units=1 merge_ranges=1 map_eff_cores=0.02 merge_eff_cores=0.02
event=kink_round H=18 col=2 round=seed frontier_in=4686339 map_wall_s=1.684 map_cpu_s=14.302 merge_wall_s=0.000 merge_cpu_s=0.000 map_units=640 merge_ranges=0 map_eff_cores=8.49 merge_eff_cores=0.00
event=kink_round H=7 col=32 round=stage0 frontier_in=62 map_wall_s=0.193 map_cpu_s=0.001 merge_wall_s=0.116 merge_cpu_s=0.001 map_units=1 merge_ranges=1 map_eff_cores=0.01 merge_eff_cores=0.01
event=kink_round H=10 col=14 round=stage8 frontier_in=19909 map_wall_s=0.223 map_cpu_s=0.077 merge_wall_s=0.117 merge_cpu_s=0.055 map_units=10 merge_ranges=10 map_eff_cores=0.34 merge_eff_cores=0.47
event=kink_round H=9 col=18 round=stage7 frontier_in=7596 map_wall_s=0.187 map_cpu_s=0.029 merge_wall_s=0.091 merge_cpu_s=0.014 map_units=4 merge_ranges=4 map_eff_cores=0.15 merge_eff_cores=0.15
event=kink_round H=8 col=24 round=stage1 frontier_in=1328 map_wall_s=0.105 map_cpu_s=0.003 merge_wall_s=0.122 merge_cpu_s=0.003 map_units=1 merge_ranges=1 map_eff_cores=0.03 merge_eff_cores=0.02
event=kink_round H=12 col=8 round=stage7 frontier_in=140142 map_wall_s=0.187 map_cpu_s=0.993 merge_wall_s=0.166 merge_cpu_s=0.625 map_units=69 merge_ranges=69 map_eff_cores=5.32 merge_eff_cores=3.75
event=kink_round H=11 col=11 round=stage3 frontier_in=45710 map_wall_s=0.122 map_cpu_s=0.218 merge_wall_s=0.155 merge_cpu_s=0.138 map_units=23 merge_ranges=23 map_eff_cores=1.79 merge_eff_cores=0.89
event=kink_round H=13 col=5 round=stage8 frontier_in=378805 map_wall_s=0.620 map_cpu_s=2.430 merge_wall_s=0.278 merge_cpu_s=1.616 map_units=185 merge_ranges=80 map_eff_cores=3.92 merge_eff_cores=5.82
event=kink_round H=15 col=2 round=finalize frontier_in=2317498 map_wall_s=1.681 map_cpu_s=9.943 merge_wall_s=0.638 merge_cpu_s=5.587 map_units=640 merge_ranges=80 map_eff_cores=5.91 merge_eff_cores=8.75
event=kink_round H=19 col=1 round=stage16 frontier_in=14683564 map_wall_s=2.958 map_cpu_s=58.284 merge_wall_s=1.873 merge_cpu_s=25.345 map_units=640 merge_ranges=80 map_eff_cores=19.70 merge_eff_cores=13.53
event=kink_round H=7 col=32 round=stage1 frontier_in=105 map_wall_s=0.126 map_cpu_s=0.002 merge_wall_s=0.196 merge_cpu_s=0.001 map_units=1 merge_ranges=1 map_eff_cores=0.02 merge_eff_cores=0.01
event=kink_round H=10 col=14 round=stage9 frontier_in=20222 map_wall_s=0.143 map_cpu_s=0.064 merge_wall_s=0.199 merge_cpu_s=0.061 map_units=10 merge_ranges=10 map_eff_cores=0.45 merge_eff_cores=0.31
event=kink_round H=9 col=18 round=stage8 frontier_in=7732 map_wall_s=0.197 map_cpu_s=0.025 merge_wall_s=0.177 merge_cpu_s=0.014 map_units=4 merge_ranges=4 map_eff_cores=0.13 merge_eff_cores=0.08
event=column H=15 col=2 frontier_in=333623 frontier_out=644932 wall_s=28.80 cum_wall_s=375.1 cpu_s=194.3 rss_max_mb=79.0 map_wall_s=18.03 map_cpu_s=124.2 merge_wall_s=8.71 merge_cpu_s=70.1 map_units=9147 merge_ranges=1280 eff_cores=6.75
event=kink_round H=8 col=24 round=stage2 frontier_in=2153 map_wall_s=0.176 map_cpu_s=0.008 merge_wall_s=0.192 merge_cpu_s=0.004 map_units=2 merge_ranges=2 map_eff_cores=0.05 merge_eff_cores=0.02
event=kink_round H=11 col=11 round=stage4 frontier_in=49855 map_wall_s=0.193 map_cpu_s=0.360 merge_wall_s=0.227 merge_cpu_s=0.171 map_units=25 merge_ranges=25 map_eff_cores=1.86 merge_eff_cores=0.75
event=kink_round H=12 col=8 round=stage8 frontier_in=140687 map_wall_s=0.213 map_cpu_s=0.930 merge_wall_s=0.265 merge_cpu_s=0.559 map_units=69 merge_ranges=69 map_eff_cores=4.37 merge_eff_cores=2.11
event=kink_round H=7 col=32 round=stage2 frontier_in=171 map_wall_s=0.191 map_cpu_s=0.001 merge_wall_s=0.160 merge_cpu_s=0.000 map_units=1 merge_ranges=1 map_eff_cores=0.01 merge_eff_cores=0.00
event=kink_round H=10 col=14 round=finalize frontier_in=19812 map_wall_s=0.200 map_cpu_s=0.086 merge_wall_s=0.130 merge_cpu_s=0.031 map_units=10 merge_ranges=10 map_eff_cores=0.43 merge_eff_cores=0.24
event=column H=10 col=14 frontier_in=5567 frontier_out=5567 wall_s=5.10 cum_wall_s=380.2 cpu_s=1.3 rss_max_mb=79.0 map_wall_s=2.97 map_cpu_s=0.8 merge_wall_s=2.06 merge_cpu_s=0.5 map_units=98 merge_ranges=95 eff_cores=0.25
event=kink_round H=9 col=18 round=finalize frontier_in=7529 map_wall_s=0.195 map_cpu_s=0.022 merge_wall_s=0.101 merge_cpu_s=0.007 map_units=4 merge_ranges=4 map_eff_cores=0.11 merge_eff_cores=0.07
event=column H=9 col=18 frontier_in=2153 frontier_out=2153 wall_s=3.72 cum_wall_s=384.0 cpu_s=0.4 rss_max_mb=79.0 map_wall_s=2.14 map_cpu_s=0.2 merge_wall_s=1.57 merge_cpu_s=0.1 map_units=37 merge_ranges=35 eff_cores=0.10
event=kink_round H=8 col=24 round=stage3 frontier_in=2568 map_wall_s=0.151 map_cpu_s=0.006 merge_wall_s=0.063 merge_cpu_s=0.005 map_units=2 merge_ranges=2 map_eff_cores=0.04 merge_eff_cores=0.08
event=kink_round H=10 col=15 round=seed frontier_in=5567 map_wall_s=0.202 map_cpu_s=0.015 merge_wall_s=0.000 merge_cpu_s=0.000 map_units=3 merge_ranges=0 map_eff_cores=0.07 merge_eff_cores=0.00
event=kink_round H=9 col=19 round=seed frontier_in=2153 map_wall_s=0.237 map_cpu_s=0.006 merge_wall_s=0.000 merge_cpu_s=0.000 map_units=2 merge_ranges=0 map_eff_cores=0.03 merge_eff_cores=0.00
event=kink_round H=11 col=11 round=stage5 frontier_in=51728 map_wall_s=0.110 map_cpu_s=0.226 merge_wall_s=0.256 merge_cpu_s=0.143 map_units=26 merge_ranges=26 map_eff_cores=2.05 merge_eff_cores=0.56
event=kink_round H=7 col=32 round=stage3 frontier_in=257 map_wall_s=0.060 map_cpu_s=0.001 merge_wall_s=0.265 merge_cpu_s=0.001 map_units=1 merge_ranges=1 map_eff_cores=0.02 merge_eff_cores=0.00
event=kink_round H=13 col=5 round=stage9 frontier_in=379337 map_wall_s=0.510 map_cpu_s=2.415 merge_wall_s=0.410 merge_cpu_s=1.512 map_units=186 merge_ranges=80 map_eff_cores=4.73 merge_eff_cores=3.68
event=kink_round H=8 col=24 round=stage4 frontier_in=2794 map_wall_s=0.261 map_cpu_s=0.009 merge_wall_s=0.339 merge_cpu_s=0.004 map_units=2 merge_ranges=2 map_eff_cores=0.03 merge_eff_cores=0.01
event=kink_round H=12 col=8 round=stage9 frontier_in=141099 map_wall_s=0.254 map_cpu_s=0.710 merge_wall_s=0.396 merge_cpu_s=0.501 map_units=69 merge_ranges=69 map_eff_cores=2.80 merge_eff_cores=1.26
event=kink_round H=15 col=3 round=seed frontier_in=644932 map_wall_s=0.893 map_cpu_s=2.900 merge_wall_s=0.000 merge_cpu_s=0.000 map_units=315 merge_ranges=0 map_eff_cores=3.25 merge_eff_cores=0.00
event=kink_round H=16 col=2 round=stage9 frontier_in=3993270 map_wall_s=1.633 map_cpu_s=20.343 merge_wall_s=0.829 merge_cpu_s=9.531 map_units=640 merge_ranges=80 map_eff_cores=12.46 merge_eff_cores=11.50
event=heartbeat H=19 col=1 elapsed_s=35 processed=540672 rate_per_s=15608 steals=0
event=kink_round H=7 col=32 round=stage4 frontier_in=310 map_wall_s=0.336 map_cpu_s=0.001 merge_wall_s=0.199 merge_cpu_s=0.000 map_units=1 merge_ranges=1 map_eff_cores=0.00 merge_eff_cores=0.00
event=kink_round H=9 col=19 round=stage0 frontier_in=2153 map_wall_s=0.345 map_cpu_s=0.007 merge_wall_s=0.233 merge_cpu_s=0.007 map_units=2 merge_ranges=2 map_eff_cores=0.02 merge_eff_cores=0.03
event=kink_round H=10 col=15 round=stage0 frontier_in=5567 map_wall_s=0.380 map_cpu_s=0.021 merge_wall_s=0.250 merge_cpu_s=0.021 map_units=3 merge_ranges=3 map_eff_cores=0.06 merge_eff_cores=0.08
event=kink_round H=11 col=11 round=stage6 frontier_in=52427 map_wall_s=0.367 map_cpu_s=0.222 merge_wall_s=0.242 merge_cpu_s=0.139 map_units=26 merge_ranges=26 map_eff_cores=0.60 merge_eff_cores=0.58
event=kink_round H=8 col=24 round=stage5 frontier_in=2858 map_wall_s=0.194 map_cpu_s=0.006 merge_wall_s=0.257 merge_cpu_s=0.006 map_units=2 merge_ranges=2 map_eff_cores=0.03 merge_eff_cores=0.02
event=kink_round H=12 col=8 round=stage10 frontier_in=140628 map_wall_s=0.210 map_cpu_s=0.913 merge_wall_s=0.376 merge_cpu_s=0.550 map_units=69 merge_ranges=69 map_eff_cores=4.35 merge_eff_cores=1.46
event=kink_round H=7 col=32 round=stage5 frontier_in=313 map_wall_s=0.248 map_cpu_s=0.002 merge_wall_s=0.214 merge_cpu_s=0.002 map_units=1 merge_ranges=1 map_eff_cores=0.01 merge_eff_cores=0.01
event=kink_round H=9 col=19 round=stage1 frontier_in=3472 map_wall_s=0.257 map_cpu_s=0.017 merge_wall_s=0.218 merge_cpu_s=0.010 map_units=2 merge_ranges=2 map_eff_cores=0.07 merge_eff_cores=0.05
event=kink_round H=14 col=3 round=stage13 frontier_in=1024227 map_wall_s=1.404 map_cpu_s=6.984 merge_wall_s=0.657 merge_cpu_s=4.134 map_units=501 merge_ranges=80 map_eff_cores=4.97 merge_eff_cores=6.29
event=kink_round H=10 col=15 round=stage1 frontier_in=8947 map_wall_s=0.269 map_cpu_s=0.045 merge_wall_s=0.223 merge_cpu_s=0.034 map_units=5 merge_ranges=5 map_eff_cores=0.17 merge_eff_cores=0.15
event=kink_round H=17 col=2 round=stage4 frontier_in=6951355 map_wall_s=1.779 map_cpu_s=32.929 merge_wall_s=1.513 merge_cpu_s=14.221 map_units=640 merge_ranges=80 map_eff_cores=18.51 merge_eff_cores=9.40
event=kink_round H=11 col=11 round=stage7 frontier_in=52569 map_wall_s=0.302 map_cpu_s=0.247 merge_wall_s=0.259 merge_cpu_s=0.160 map_units=26 merge_ranges=26 map_eff_cores=0.82 merge_eff_cores=0.62
event=kink_round H=8 col=24 round=stage6 frontier_in=2920 map_wall_s=0.215 map_cpu_s=0.008 merge_wall_s=0.244 merge_cpu_s=0.005 map_units=2 merge_ranges=2 map_eff_cores=0.04 merge_eff_cores=0.02
event=heartbeat H=17 col=2 elapsed_s=17 processed=1660928 rate_per_s=95893 steals=0
event=kink_round H=13 col=5 round=stage10 frontier_in=379975 map_wall_s=0.797 map_cpu_s=2.855 merge_wall_s=0.414 merge_cpu_s=1.538 map_units=186 merge_ranges=80 map_eff_cores=3.58 merge_eff_cores=3.71
event=kink_round H=7 col=32 round=stage6 frontier_in=313 map_wall_s=0.225 map_cpu_s=0.001 merge_wall_s=0.236 merge_cpu_s=0.000 map_units=1 merge_ranges=1 map_eff_cores=0.00 merge_eff_cores=0.00
event=kink_round H=9 col=19 round=stage2 frontier_in=5618 map_wall_s=0.239 map_cpu_s=0.025 merge_wall_s=0.228 merge_cpu_s=0.014 map_units=3 merge_ranges=3 map_eff_cores=0.10 merge_eff_cores=0.06
event=kink_round H=10 col=15 round=stage2 frontier_in=14518 map_wall_s=0.245 map_cpu_s=0.089 merge_wall_s=0.239 merge_cpu_s=0.054 map_units=8 merge_ranges=8 map_eff_cores=0.36 merge_eff_cores=0.23
event=kink_round H=11 col=11 round=stage8 frontier_in=52799 map_wall_s=0.196 map_cpu_s=0.351 merge_wall_s=0.206 merge_cpu_s=0.146 map_units=26 merge_ranges=26 map_eff_cores=1.79 merge_eff_cores=0.71
event=kink_round H=8 col=24 round=stage7 frontier_in=2997 map_wall_s=0.224 map_cpu_s=0.010 merge_wall_s=0.120 merge_cpu_s=0.006 map_units=2 merge_ranges=2 map_eff_cores=0.04 merge_eff_cores=0.05
event=kink_round H=12 col=8 round=stage11 frontier_in=142690 map_wall_s=0.278 map_cpu_s=0.746 merge_wall_s=0.270 merge_cpu_s=0.565 map_units=70 merge_ranges=70 map_eff_cores=2.69 merge_eff_cores=2.10
event=kink_round H=15 col=3 round=stage0 frontier_in=644932 map_wall_s=1.104 map_cpu_s=9.779 merge_wall_s=0.418 merge_cpu_s=3.674 map_units=315 merge_ranges=80 map_eff_cores=8.86 merge_eff_cores=8.79
event=kink_round H=7 col=32 round=finalize frontier_in=251 map_wall_s=0.120 map_cpu_s=0.001 merge_wall_s=0.394 merge_cpu_s=0.001 map_units=1 merge_ranges=1 map_eff_cores=0.01 merge_eff_cores=0.00
event=column H=7 col=32 frontier_in=62 frontier_out=28 wall_s=3.39 cum_wall_s=387.4 cpu_s=0.0 rss_max_mb=58.6 map_wall_s=1.60 map_cpu_s=0.0 merge_wall_s=1.78 merge_cpu_s=0.0 map_units=9 merge_ranges=8 eff_cores=0.01
event=kink_round H=9 col=19 round=stage3 frontier_in=6682 map_wall_s=0.118 map_cpu_s=0.029 merge_wall_s=0.401 merge_cpu_s=0.014 map_units=4 merge_ranges=4 map_eff_cores=0.25 merge_eff_cores=0.03
event=kink_round H=10 col=15 round=stage3 frontier_in=17220 map_wall_s=0.173 map_cpu_s=0.093 merge_wall_s=0.413 merge_cpu_s=0.068 map_units=9 merge_ranges=9 map_eff_cores=0.54 merge_eff_cores=0.16
event=kink_round H=7 col=33 round=seed frontier_in=28 map_wall_s=0.225 map_cpu_s=0.001 merge_wall_s=0.000 merge_cpu_s=0.000 map_units=1 merge_ranges=0 map_eff_cores=0.00 merge_eff_cores=0.00
event=kink_round H=8 col=24 round=finalize frontier_in=2895 map_wall_s=0.387 map_cpu_s=0.004 merge_wall_s=0.235 merge_cpu_s=0.003 map_units=2 merge_ranges=2 map_eff_cores=0.01 merge_eff_cores=0.01
event=column H=8 col=24 frontier_in=825 frontier_out=825 wall_s=3.81 cum_wall_s=391.2 cpu_s=0.1 rss_max_mb=74.8 map_wall_s=2.05 map_cpu_s=0.1 merge_wall_s=1.76 merge_cpu_s=0.0 map_units=17 merge_ranges=16 eff_cores=0.03
event=kink_round H=11 col=11 round=stage9 frontier_in=52650 map_wall_s=0.405 map_cpu_s=0.222 merge_wall_s=0.251 merge_cpu_s=0.171 map_units=26 merge_ranges=26 map_eff_cores=0.55 merge_eff_cores=0.68
event=kink_round H=12 col=8 round=finalize frontier_in=141350 map_wall_s=0.397 map_cpu_s=0.639 merge_wall_s=0.240 merge_cpu_s=0.483 map_units=70 merge_ranges=70 map_eff_cores=1.61 merge_eff_cores=2.01
event=column H=12 col=8 frontier_in=39506 frontier_out=39506 wall_s=7.69 cum_wall_s=398.8 cpu_s=16.1 rss_max_mb=79.0 map_wall_s=4.04 map_cpu_s=9.6 merge_wall_s=3.25 merge_cpu_s=6.5 map_units=801 merge_ranges=781 eff_cores=2.09
event=kink_round H=8 col=25 round=seed frontier_in=825 map_wall_s=0.178 map_cpu_s=0.002 merge_wall_s=0.000 merge_cpu_s=0.000 map_units=1 merge_ranges=0 map_eff_cores=0.01 merge_eff_cores=0.00
event=kink_round H=9 col=19 round=stage4 frontier_in=7282 map_wall_s=0.243 map_cpu_s=0.024 merge_wall_s=0.178 merge_cpu_s=0.022 map_units=4 merge_ranges=4 map_eff_cores=0.10 merge_eff_cores=0.12
event=kink_round H=10 col=15 round=stage4 frontier_in=18804 map_wall_s=0.156 map_cpu_s=0.069 merge_wall_s=0.172 merge_cpu_s=0.069 map_units=10 merge_ranges=10 map_eff_cores=0.44 merge_eff_cores=0.40
event=kink_round H=7 col=33 round=stage0 frontier_in=28 map_wall_s=0.174 map_cpu_s=0.001 merge_wall_s=0.219 merge_cpu_s=0.001 map_units=1 merge_ranges=1 map_eff_cores=0.01 merge_eff_cores=0.00
event=kink_round H=12 col=9 round=seed frontier_in=39506 map_wall_s=0.251 map_cpu_s=0.293 merge_wall_s=0.000 merge_cpu_s=0.000 map_units=20 merge_ranges=0 map_eff_cores=1.17 merge_eff_cores=0.00
event=kink_round H=13 col=5 round=stage11 frontier_in=378719 map_wall_s=0.762 map_cpu_s=2.796 merge_wall_s=0.446 merge_cpu_s=1.603 map_units=185 merge_ranges=80 map_eff_cores=3.67 merge_eff_cores=3.59
event=kink_round H=11 col=11 round=stage10 frontier_in=53453 map_wall_s=0.195 map_cpu_s=0.356 merge_wall_s=0.333 merge_cpu_s=0.183 map_units=27 merge_ranges=27 map_eff_cores=1.83 merge_eff_cores=0.55
event=kink_round H=8 col=25 round=stage0 frontier_in=825 map_wall_s=0.242 map_cpu_s=0.003 merge_wall_s=0.247 merge_cpu_s=0.003 map_units=1 merge_ranges=1 map_eff_cores=0.01 merge_eff_cores=0.01
event=kink_round H=9 col=19 round=stage5 frontier_in=7501 map_wall_s=0.263 map_cpu_s=0.033 merge_wall_s=0.214 merge_cpu_s=0.017 map_units=4 merge_ranges=4 map_eff_cores=0.13 merge_eff_cores=0.08
event=kink_round H=10 col=15 round=stage5 frontier_in=19508 map_wall_s=0.258 map_cpu_s=0.084 merge_wall_s=0.221 merge_cpu_s=0.044 map_units=10 merge_ranges=10 map_eff_cores=0.33 merge_eff_cores=0.20
event=kink_round H=7 col=33 round=stage1 frontier_in=45 map_wall_s=0.244 map_cpu_s=0.001 merge_wall_s=0.114 merge_cpu_s=0.002 map_units=1 merge_ranges=1 map_eff_cores=0.00 merge_eff_cores=0.02
event=kink_round H=18 col=2 round=stage0 frontier_in=4686339 map_wall_s=2.403 map_cpu_s=39.309 merge_wall_s=1.692 merge_cpu_s=14.190 map_units=640 merge_ranges=80 map_eff_cores=16.36 merge_eff_cores=8.39
event=kink_round H=12 col=9 round=stage0 frontier_in=39506 map_wall_s=0.270 map_cpu_s=0.239 merge_wall_s=0.191 merge_cpu_s=0.178 map_units=20 merge_ranges=20 map_eff_cores=0.88 merge_eff_cores=0.93
event=kink_round H=11 col=11 round=finalize frontier_in=52683 map_wall_s=0.157 map_cpu_s=0.414 merge_wall_s=0.164 merge_cpu_s=0.116 map_units=26 merge_ranges=26 map_eff_cores=2.64 merge_eff_cores=0.71
event=kink_round H=8 col=25 round=stage1 frontier_in=1328 map_wall_s=0.166 map_cpu_s=0.003 merge_wall_s=0.100 merge_cpu_s=0.004 map_units=1 merge_ranges=1 map_eff_cores=0.02 merge_eff_cores=0.04
event=column H=11 col=11 frontier_in=14826 frontier_out=14826 wall_s=5.70 cum_wall_s=404.6 cpu_s=4.8 rss_max_mb=79.0 map_wall_s=2.65 map_cpu_s=3.1 merge_wall_s=2.91 merge_cpu_s=1.7 map_units=278 merge_ranges=270 eff_cores=0.83
event=kink_round H=14 col=3 round=finalize frontier_in=1018368 map_wall_s=1.647 map_cpu_s=6.389 merge_wall_s=0.435 merge_cpu_s=4.092 map_units=498 merge_ranges=80 map_eff_cores=3.88 merge_eff_cores=9.41
event=kink_round H=9 col=19 round=stage6 frontier_in=7569 map_wall_s=0.175 map_cpu_s=0.021 merge_wall_s=0.237 merge_cpu_s=0.012 map_units=4 merge_ranges=4 map_eff_cores=0.12 merge_eff_cores=0.05
event=kink_round H=7 col=33 round=stage2 frontier_in=68 map_wall_s=0.157 map_cpu_s=0.001 merge_wall_s=0.224 merge_cpu_s=0.000 map_units=1 merge_ranges=1 map_eff_cores=0.01 merge_eff_cores=0.00
event=kink_round H=10 col=15 round=stage6 frontier_in=19682 map_wall_s=0.187 map_cpu_s=0.071 merge_wall_s=0.242 merge_cpu_s=0.044 map_units=10 merge_ranges=10 map_eff_cores=0.38 merge_eff_cores=0.18
event=column H=14 col=3 frontier_in=246587 frontier_out=283878 wall_s=24.30 cum_wall_s=428.8 cpu_s=138.6 rss_max_mb=79.0 map_wall_s=16.03 map_cpu_s=86.9 merge_wall_s=6.69 merge_cpu_s=51.7 map_units=6239 merge_ranges=1200 eff_cores=5.70
event=kink_round H=11 col=12 round=seed frontier_in=14826 map_wall_s=0.223 map_cpu_s=0.065 merge_wall_s=0.000 merge_cpu_s=0.000 map_units=8 merge_ranges=0 map_eff_cores=0.29 merge_eff_cores=0.00
event=kink_round H=16 col=2 round=stage10 frontier_in=4307532 map_wall_s=2.240 map_cpu_s=22.557 merge_wall_s=0.788 merge_cpu_s=10.515 map_units=640 merge_ranges=80 map_eff_cores=10.07 merge_eff_cores=13.34
event=kink_round H=8 col=25 round=stage2 frontier_in=2153 map_wall_s=0.208 map_cpu_s=0.004 merge_wall_s=0.456 merge_cpu_s=0.003 map_units=2 merge_ranges=2 map_eff_cores=0.02 merge_eff_cores=0.01
event=kink_round H=12 col=9 round=stage1 frontier_in=63502 map_wall_s=0.248 map_cpu_s=0.330 merge_wall_s=0.567 merge_cpu_s=0.267 map_units=32 merge_ranges=32 map_eff_cores=1.33 merge_eff_cores=0.47
event=kink_round H=13 col=5 round=stage12 frontier_in=384110 map_wall_s=0.553 map_cpu_s=2.592 merge_wall_s=0.620 merge_cpu_s=1.510 map_units=188 merge_ranges=80 map_eff_cores=4.69 merge_eff_cores=2.44
event=kink_round H=7 col=33 round=stage3 frontier_in=96 map_wall_s=0.475 map_cpu_s=0.000 merge_wall_s=0.287 merge_cpu_s=0.000 map_units=1 merge_ranges=1 map_eff_cores=0.00 merge_eff_cores=0.00
event=kink_round H=9 col=19 round=stage7 frontier_in=7596 map_wall_s=0.502 map_cpu_s=0.018 merge_wall_s=0.292 merge_cpu_s=0.015 map_units=4 merge_ranges=4 map_eff_cores=0.04 merge_eff_cores=0.05
event=kink_round H=10 col=15 round=stage7 frontier_in=19901 map_wall_s=0.467 map_cpu_s=0.059 merge_wall_s=0.296 merge_cpu_s=0.046 map_units=10 merge_ranges=10 map_eff_cores=0.13 merge_eff_cores=0.16
event=kink_round H=11 col=12 round=stage0 frontier_in=14826 map_wall_s=0.454 map_cpu_s=0.059 merge_wall_s=0.273 merge_cpu_s=0.060 map_units=8 merge_ranges=8 map_eff_cores=0.13 merge_eff_cores=0.22
event=kink_round H=14 col=4 round=seed frontier_in=283878 map_wall_s=0.833 map_cpu_s=1.511 merge_wall_s=0.000 merge_cpu_s=0.000 map_units=139 merge_ranges=0 map_eff_cores=1.81 merge_eff_cores=0.00
event=kink_round H=8 col=25 round=stage3 frontier_in=2565 map_wall_s=0.276 map_cpu_s=0.006 merge_wall_s=0.176 merge_cpu_s=0.004 map_units=2 merge_ranges=2 map_eff_cores=0.02 merge_eff_cores=0.02
event=kink_round H=15 col=3 round=stage1 frontier_in=1032257 map_wall_s=1.439 map_cpu_s=8.020 merge_wall_s=1.031 merge_cpu_s=5.584 map_units=505 merge_ranges=80 map_eff_cores=5.57 merge_eff_cores=5.41
event=kink_round H=12 col=9 round=stage2 frontier_in=102880 map_wall_s=0.235 map_cpu_s=0.619 merge_wall_s=0.256 merge_cpu_s=0.453 map_units=51 merge_ranges=51 map_eff_cores=2.64 merge_eff_cores=1.77
event=kink_round H=7 col=33 round=stage4 frontier_in=118 map_wall_s=0.157 map_cpu_s=0.000 merge_wall_s=0.196 merge_cpu_s=0.001 map_units=1 merge_ranges=1 map_eff_cores=0.00 merge_eff_cores=0.01
event=kink_round H=9 col=19 round=stage8 frontier_in=7732 map_wall_s=0.167 map_cpu_s=0.041 merge_wall_s=0.184 merge_cpu_s=0.015 map_units=4 merge_ranges=4 map_eff_cores=0.25 merge_eff_cores=0.08
event=kink_round H=10 col=15 round=stage8 frontier_in=19909 map_wall_s=0.188 map_cpu_s=0.136 merge_wall_s=0.173 merge_cpu_s=0.047 map_units=10 merge_ranges=10 map_eff_cores=0.73 merge_eff_cores=0.27
event=kink_round H=11 col=12 round=stage1 frontier_in=23855 map_wall_s=0.188 map_cpu_s=0.141 merge_wall_s=0.200 merge_cpu_s=0.114 map_units=12 merge_ranges=12 map_eff_cores=0.75 merge_eff_cores=0.57
event=kink_round H=8 col=25 round=stage4 frontier_in=2791 map_wall_s=0.179 map_cpu_s=0.007 merge_wall_s=0.156 merge_cpu_s=0.005 map_units=2 merge_ranges=2 map_eff_cores=0.04 merge_eff_cores=0.03
event=kink_round H=7 col=33 round=stage5 frontier_in=129 map_wall_s=0.150 map_cpu_s=0.002 merge_wall_s=0.127 merge_cpu_s=0.001 map_units=1 merge_ranges=1 map_eff_cores=0.01 merge_eff_cores=0.01
event=kink_round H=9 col=19 round=finalize frontier_in=7529 map_wall_s=0.167 map_cpu_s=0.024 merge_wall_s=0.216 merge_cpu_s=0.005 map_units=4 merge_ranges=4 map_eff_cores=0.14 merge_eff_cores=0.02
event=column H=9 col=19 frontier_in=2153 frontier_out=2153 wall_s=5.13 cum_wall_s=434.0 cpu_s=0.4 rss_max_mb=74.8 map_wall_s=2.71 map_cpu_s=0.2 merge_wall_s=2.40 merge_cpu_s=0.1 map_units=37 merge_ranges=35 eff_cores=0.07
event=kink_round H=13 col=5 round=finalize frontier_in=382187 map_wall_s=0.629 map_cpu_s=2.227 merge_wall_s=0.249 merge_cpu_s=1.264 map_units=187 merge_ranges=80 map_eff_cores=3.54 merge_eff_cores=5.08
event=kink_round H=10 col=15 round=stage9 frontier_in=20222 map_wall_s=0.167 map_cpu_s=0.083 merge_wall_s=0.209 merge_cpu_s=0.039 map_units=10 merge_ranges=10 map_eff_cores=0.50 merge_eff_cores=0.19
event=kink_round H=11 col=12 round=stage2 frontier_in=38640 map_wall_s=0.139 map_cpu_s=0.178 merge_wall_s=0.238 merge_cpu_s=0.117 map_units=19 merge_ranges=19 map_eff_cores=1.28 merge_eff_cores=0.49
event=kink_round H=12 col=9 round=stage3 frontier_in=121352 map_wall_s=0.200 map_cpu_s=0.730 merge_wall_s=0.271 merge_cpu_s=0.467 map_units=60 merge_ranges=60 map_eff_cores=3.66 merge_eff_cores=1.73
event=column H=13 col=5 frontier_in=106843 frontier_out=106912 wall_s=14.10 cum_wall_s=448.1 cpu_s=52.3 rss_max_mb=79.0 map_wall_s=8.19 map_cpu_s=32.8 merge_wall_s=5.23 merge_cpu_s=19.5 map_units=2327 merge_ranges=1093 eff_cores=3.71
event=kink_round H=8 col=25 round=stage5 frontier_in=2858 map_wall_s=0.124 map_cpu_s=0.006 merge_wall_s=0.247 merge_cpu_s=0.004 map_units=2 merge_ranges=2 map_eff_cores=0.05 merge_eff_cores=0.02
event=kink_round H=14 col=4 round=stage0 frontier_in=283878 map_wall_s=0.426 map_cpu_s=2.780 merge_wall_s=0.349 merge_cpu_s=1.820 map_units=139 merge_ranges=80 map_eff_cores=6.52 merge_eff_cores=5.21
event=kink_round H=9 col=20 round=seed frontier_in=2153 map_wall_s=0.433 map_cpu_s=0.006 merge_wall_s=0.000 merge_cpu_s=0.000 map_units=2 merge_ranges=0 map_eff_cores=0.01 merge_eff_cores=0.00
event=kink_round H=7 col=33 round=stage6 frontier_in=115 map_wall_s=0.234 map_cpu_s=0.000 merge_wall_s=0.472 merge_cpu_s=0.001 map_units=1 merge_ranges=1 map_eff_cores=0.00 merge_eff_cores=0.00
event=kink_round H=13 col=6 round=seed frontier_in=106912 map_wall_s=0.512 map_cpu_s=0.622 merge_wall_s=0.000 merge_cpu_s=0.000 map_units=53 merge_ranges=0 map_eff_cores=1.21 merge_eff_cores=0.00
event=kink_round H=10 col=15 round=finalize frontier_in=19812 map_wall_s=0.476 map_cpu_s=0.052 merge_wall_s=0.178 merge_cpu_s=0.029 map_units=10 merge_ranges=10 map_eff_cores=0.11 merge_eff_cores=0.16
event=column H=10 col=15 frontier_in=5567 frontier_out=5567 wall_s=5.83 cum_wall_s=453.9 cpu_s=1.3 rss_max_mb=79.0 map_wall_s=3.17 map_cpu_s=0.8 merge_wall_s=2.62 merge_cpu_s=0.5 map_units=98 merge_ranges=95 eff_cores=0.23
event=kink_round H=11 col=12 round=stage3 frontier_in=45710 map_wall_s=0.487 map_cpu_s=0.199 merge_wall_s=0.178 merge_cpu_s=0.144 map_units=23 merge_ranges=23 map_eff_cores=0.41 merge_eff_cores=0.81
event=kink_round H=8 col=25 round=stage6 frontier_in=2920 map_wall_s=0.477 map_cpu_s=0.009 merge_wall_s=0.123 merge_cpu_s=0.004 map_units=2 merge_ranges=2 map_eff_cores=0.02 merge_eff_cores=0.03
event=kink_round H=9 col=20 round=stage0 frontier_in=2153 map_wall_s=0.226 map_cpu_s=0.007 merge_wall_s=0.157 merge_cpu_s=0.006 map_units=2 merge_ranges=2 map_eff_cores=0.03 merge_eff_cores=0.04
event=kink_round H=12 col=9 round=stage4 frontier_in=132241 map_wall_s=0.493 map_cpu_s=0.798 merge_wall_s=0.233 merge_cpu_s=0.524 map_units=65 merge_ranges=65 map_eff_cores=1.62 merge_eff_cores=2.25
event=kink_round H=10 col=16 round=seed frontier_in=5567 map_wall_s=0.131 map_cpu_s=0.033 merge_wall_s=0.000 merge_cpu_s=0.000 map_units=3 merge_ranges=0 map_eff_cores=0.25 merge_eff_cores=0.00
event=kink_round H=7 col=33 round=finalize frontier_in=77 map_wall_s=0.116 map_cpu_s=0.001 merge_wall_s=0.123 merge_cpu_s=0.001 map_units=1 merge_ranges=1 map_eff_cores=0.01 merge_eff_cores=0.01
event=column H=7 col=33 frontier_in=28 frontier_out=11 wall_s=3.70 cum_wall_s=457.6 cpu_s=0.0 rss_max_mb=56.6 map_wall_s=1.93 map_cpu_s=0.0 merge_wall_s=1.76 merge_cpu_s=0.0 map_units=9 merge_ranges=8 eff_cores=0.00
event=kink_round H=19 col=1 round=stage17 frontier_in=18041231 map_wall_s=3.058 map_cpu_s=70.557 merge_wall_s=2.746 merge_cpu_s=32.354 map_units=640 merge_ranges=80 map_eff_cores=23.08 merge_eff_cores=11.78
event=kink_round H=7 col=34 round=seed frontier_in=11 map_wall_s=0.108 map_cpu_s=0.000 merge_wall_s=0.000 merge_cpu_s=0.000 map_units=1 merge_ranges=0 map_eff_cores=0.00 merge_eff_cores=0.00
event=kink_round H=8 col=25 round=stage7 frontier_in=2997 map_wall_s=0.135 map_cpu_s=0.009 merge_wall_s=0.124 merge_cpu_s=0.004 map_units=2 merge_ranges=2 map_eff_cores=0.07 merge_eff_cores=0.03
event=kink_round H=13 col=6 round=stage0 frontier_in=106912 map_wall_s=0.175 map_cpu_s=0.817 merge_wall_s=0.215 merge_cpu_s=0.578 map_units=53 merge_ranges=53 map_eff_cores=4.67 merge_eff_cores=2.69
event=kink_round H=11 col=12 round=stage4 frontier_in=49855 map_wall_s=0.144 map_cpu_s=0.313 merge_wall_s=0.163 merge_cpu_s=0.179 map_units=25 merge_ranges=25 map_eff_cores=2.17 merge_eff_cores=1.10
event=kink_round H=9 col=20 round=stage1 frontier_in=3472 map_wall_s=0.143 map_cpu_s=0.015 merge_wall_s=0.105 merge_cpu_s=0.011 map_units=2 merge_ranges=2 map_eff_cores=0.11 merge_eff_cores=0.10
event=kink_round H=10 col=16 round=stage0 frontier_in=5567 map_wall_s=0.132 map_cpu_s=0.027 merge_wall_s=0.121 merge_cpu_s=0.020 map_units=3 merge_ranges=3 map_eff_cores=0.20 merge_eff_cores=0.17
event=kink_round H=7 col=34 round=stage0 frontier_in=11 map_wall_s=0.112 map_cpu_s=0.000 merge_wall_s=0.085 merge_cpu_s=0.000 map_units=1 merge_ranges=1 map_eff_cores=0.00 merge_eff_cores=0.00
event=kink_round H=12 col=9 round=stage5 frontier_in=137385 map_wall_s=0.154 map_cpu_s=0.896 merge_wall_s=0.136 merge_cpu_s=0.537 map_units=68 merge_ranges=68 map_eff_cores=5.81 merge_eff_cores=3.96
event=kink_round H=14 col=4 round=stage1 frontier_in=456098 map_wall_s=0.719 map_cpu_s=3.588 merge_wall_s=0.280 merge_cpu_s=2.666 map_units=223 merge_ranges=80 map_eff_cores=4.99 merge_eff_cores=9.53
event=kink_round H=17 col=2 round=stage5 frontier_in=7407943 map_wall_s=2.455 map_cpu_s=35.659 merge_wall_s=1.453 merge_cpu_s=15.720 map_units=640 merge_ranges=80 map_eff_cores=14.52 merge_eff_cores=10.82
event=kink_round H=8 col=25 round=finalize frontier_in=2894 map_wall_s=0.119 map_cpu_s=0.005 merge_wall_s=0.188 merge_cpu_s=0.002 map_units=2 merge_ranges=2 map_eff_cores=0.04 merge_eff_cores=0.01
event=column H=8 col=25 frontier_in=825 frontier_out=825 wall_s=3.93 cum_wall_s=461.5 cpu_s=0.1 rss_max_mb=79.0 map_wall_s=2.10 map_cpu_s=0.1 merge_wall_s=1.82 merge_cpu_s=0.0 map_units=17 merge_ranges=16 eff_cores=0.02
event=kink_round H=9 col=20 round=stage2 frontier_in=5618 map_wall_s=0.106 map_cpu_s=0.014 merge_wall_s=0.163 merge_cpu_s=0.012 map_units=3 merge_ranges=3 map_eff_cores=0.13 merge_eff_cores=0.07
event=kink_round H=10 col=16 round=stage1 frontier_in=8947 map_wall_s=0.095 map_cpu_s=0.041 merge_wall_s=0.170 merge_cpu_s=0.028 map_units=5 merge_ranges=5 map_eff_cores=0.43 merge_eff_cores=0.16
event=kink_round H=11 col=12 round=stage5 frontier_in=51728 map_wall_s=0.103 map_cpu_s=0.249 merge_wall_s=0.179 merge_cpu_s=0.146 map_units=26 merge_ranges=26 map_eff_cores=2.43 merge_eff_cores=0.82
event=kink_round H=8 col=26 round=seed frontier_in=825 map_wall_s=0.340 map_cpu_s=0.001 merge_wall_s=0.000 merge_cpu_s=0.000 map_units=1 merge_ranges=0 map_eff_cores=0.00 merge_eff_cores=0.00
event=kink_round H=7 col=34 round=stage1 frontier_in=16 map_wall_s=0.174 map_cpu_s=0.000 merge_wall_s=0.337 merge_cpu_s=0.001 map_units=1 merge_ranges=1 map_eff_cores=0.00 merge_eff_cores=0.00
event=kink_round H=13 col=6 round=stage1 frontier_in=171990 map_wall_s=0.303 map_cpu_s=1.027 merge_wall_s=0.390 merge_cpu_s=0.992 map_units=84 merge_ranges=80 map_eff_cores=3.39 merge_eff_cores=2.54
event=kink_round H=12 col=9 round=stage6 frontier_in=139597 map_wall_s=0.169 map_cpu_s=0.728 merge_wall_s=0.347 merge_cpu_s=0.527 map_units=69 merge_ranges=69 map_eff_cores=4.31 merge_eff_cores=1.52
event=kink_round H=16 col=2 round=stage11 frontier_in=4652361 map_wall_s=1.951 map_cpu_s=22.159 merge_wall_s=0.670 merge_cpu_s=11.189 map_units=640 merge_ranges=80 map_eff_cores=11.36 merge_eff_cores=16.69
event=kink_round H=9 col=20 round=stage3 frontier_in=6681 map_wall_s=0.337 map_cpu_s=0.016 merge_wall_s=0.216 merge_cpu_s=0.014 map_units=4 merge_ranges=4 map_eff_cores=0.05 merge_eff_cores=0.06
event=kink_round H=10 col=16 round=stage2 frontier_in=14518 map_wall_s=0.333 map_cpu_s=0.048 merge_wall_s=0.214 merge_cpu_s=0.040 map_units=8 merge_ranges=8 map_eff_cores=0.14 merge_eff_cores=0.19
event=kink_round H=11 col=12 round=stage6 frontier_in=52427 map_wall_s=0.333 map_cpu_s=0.194 merge_wall_s=0.220 merge_cpu_s=0.139 map_units=26 merge_ranges=26 map_eff_cores=0.58 merge_eff_cores=0.63
event=kink_round H=7 col=34 round=stage2 frontier_in=21 map_wall_s=0.218 map_cpu_s=0.000 merge_wall_s=0.066 merge_cpu_s=0.001 map_units=1 merge_ranges=1 map_eff_cores=0.00 merge_eff_cores=0.02
event=kink_round H=8 col=26 round=stage0 frontier_in=825 map_wall_s=0.227 map_cpu_s=0.003 merge_wall_s=0.059 merge_cpu_s=0.002 map_units=1 merge_ranges=1 map_eff_cores=0.01 merge_eff_cores=0.03
event=kink_round H=7 col=34 round=stage3 frontier_in=26 map_wall_s=0.087 map_cpu_s=0.002 merge_wall_s=0.056 merge_cpu_s=0.000 map_units=1 merge_ranges=1 map_eff_cores=0.02 merge_eff_cores=0.00
event=kink_round H=8 col=26 round=stage1 frontier_in=1325 map_wall_s=0.098 map_cpu_s=0.004 merge_wall_s=0.048 merge_cpu_s=0.002 map_units=1 merge_ranges=1 map_eff_cores=0.04 merge_eff_cores=0.04
event=kink_round H=9 col=20 round=stage4 frontier_in=7281 map_wall_s=0.108 map_cpu_s=0.024 merge_wall_s=0.081 merge_cpu_s=0.015 map_units=4 merge_ranges=4 map_eff_cores=0.22 merge_eff_cores=0.19
event=kink_round H=10 col=16 round=stage3 frontier_in=17220 map_wall_s=0.109 map_cpu_s=0.078 merge_wall_s=0.094 merge_cpu_s=0.052 map_units=9 merge_ranges=9 map_eff_cores=0.71 merge_eff_cores=0.55
event=kink_round H=12 col=9 round=stage7 frontier_in=140142 map_wall_s=0.197 map_cpu_s=0.883 merge_wall_s=0.184 merge_cpu_s=0.531 map_units=69 merge_ranges=69 map_eff_cores=4.49 merge_eff_cores=2.89
event=kink_round H=11 col=12 round=stage7 frontier_in=52569 map_wall_s=0.119 map_cpu_s=0.271 merge_wall_s=0.123 merge_cpu_s=0.153 map_units=26 merge_ranges=26 map_eff_cores=2.28 merge_eff_cores=1.24
event=kink_round H=15 col=3 round=stage2 frontier_in=1686822 map_wall_s=1.628 map_cpu_s=10.946 merge_wall_s=0.861 merge_cpu_s=6.904 map_units=640 merge_ranges=80 map_eff_cores=6.72 merge_eff_cores=8.02
event=kink_round H=13 col=6 round=stage2 frontier_in=278236 map_wall_s=0.301 map_cpu_s=2.019 merge_wall_s=0.245 merge_cpu_s=1.337 map_units=136 merge_ranges=80 map_eff_cores=6.71 merge_eff_cores=5.46
event=kink_round H=7 col=34 round=stage4 frontier_in=30 map_wall_s=0.083 map_cpu_s=0.000 merge_wall_s=0.336 merge_cpu_s=0.001 map_units=1 merge_ranges=1 map_eff_cores=0.00 merge_eff_cores=0.00
event=kink_round H=8 col=26 round=stage2 frontier_in=2150 map_wall_s=0.081 map_cpu_s=0.004 merge_wall_s=0.342 merge_cpu_s=0.005 map_units=2 merge_ranges=2 map_eff_cores=0.05 merge_eff_cores=0.01
event=kink_round H=9 col=20 round=stage5 frontier_in=7500 map_wall_s=0.091 map_cpu_s=0.021 merge_wall_s=0.333 merge_cpu_s=0.013 map_units=4 merge_ranges=4 map_eff_cores=0.23 merge_eff_cores=0.04
event=kink_round H=10 col=16 round=stage4 frontier_in=18804 map_wall_s=0.063 map_cpu_s=0.066 merge_wall_s=0.352 merge_cpu_s=0.044 map_units=10 merge_ranges=10 map_eff_cores=1.05 merge_eff_cores=0.13
event=kink_round H=18 col=2 round=stage1 frontier_in=7432229 map_wall_s=2.625 map_cpu_s=34.587 merge_wall_s=1.775 merge_cpu_s=21.059 map_units=640 merge_ranges=80 map_eff_cores=13.18 merge_eff_cores=11.86
event=kink_round H=11 col=12 round=stage8 frontier_in=52799 map_wall_s=0.306 map_cpu_s=0.245 merge_wall_s=0.395 merge_cpu_s=0.167 map_units=26 merge_ranges=26 map_eff_cores=0.80 merge_eff_cores=0.42
event=kink_round H=12 col=9 round=stage8 frontier_in=140687 map_wall_s=0.354 map_cpu_s=0.886 merge_wall_s=0.404 merge_cpu_s=0.661 map_units=69 merge_ranges=69 map_eff_cores=2.50 merge_eff_cores=1.64
event=kink_round H=14 col=4 round=stage2 frontier_in=739424 map_wall_s=0.905 map_cpu_s=5.362 merge_wall_s=0.759 merge_cpu_s=3.551 map_units=362 merge_ranges=80 map_eff_cores=5.93 merge_eff_cores=4.68
event=kink_round H=7 col=34 round=stage5 frontier_in=30 map_wall_s=0.275 map_cpu_s=0.001 merge_wall_s=0.316 merge_cpu_s=0.001 map_units=1 merge_ranges=1 map_eff_cores=0.00 merge_eff_cores=0.00
event=kink_round H=8 col=26 round=stage3 frontier_in=2558 map_wall_s=0.291 map_cpu_s=0.012 merge_wall_s=0.300 merge_cpu_s=0.004 map_units=2 merge_ranges=2 map_eff_cores=0.04 merge_eff_cores=0.01
event=kink_round H=9 col=20 round=stage6 frontier_in=7569 map_wall_s=0.309 map_cpu_s=0.049 merge_wall_s=0.278 merge_cpu_s=0.013 map_units=4 merge_ranges=4 map_eff_cores=0.16 merge_eff_cores=0.05
event=kink_round H=10 col=16 round=stage5 frontier_in=19507 map_wall_s=0.363 map_cpu_s=0.082 merge_wall_s=0.231 merge_cpu_s=0.050 map_units=10 merge_ranges=10 map_eff_cores=0.23 merge_eff_cores=0.22
event=kink_round H=11 col=12 round=stage9 frontier_in=52650 map_wall_s=0.287 map_cpu_s=0.479 merge_wall_s=0.309 merge_cpu_s=0.165 map_units=26 merge_ranges=26 map_eff_cores=1.67 merge_eff_cores=0.53
event=kink_round H=13 col=6 round=stage3 frontier_in=327424 map_wall_s=0.697 map_cpu_s=2.519 merge_wall_s=0.543 merge_cpu_s=1.539 map_units=160 merge_ranges=80 map_eff_cores=3.61 merge_eff_cores=2.83
event=kink_round H=12 col=9 round=stage9 frontier_in=141099 map_wall_s=0.352 map_cpu_s=0.926 merge_wall_s=0.345 merge_cpu_s=0.839 map_units=69 merge_ranges=69 map_eff_cores=2.63 merge_eff_cores=2.44
event=kink_round H=7 col=34 round=stage6 frontier_in=26 map_wall_s=0.344 map_cpu_s=0.000 merge_wall_s=0.306 merge_cpu_s=0.001 map_units=1 merge_ranges=1 map_eff_cores=0.00 merge_eff_cores=0.00
event=kink_round H=8 col=26 round=stage4 frontier_in=2784 map_wall_s=0.338 map_cpu_s=0.004 merge_wall_s=0.306 merge_cpu_s=0.007 map_units=2 merge_ranges=2 map_eff_cores=0.01 merge_eff_cores=0.02
event=kink_round H=9 col=20 round=stage7 frontier_in=7596 map_wall_s=0.371 map_cpu_s=0.022 merge_wall_s=0.321 merge_cpu_s=0.016 map_units=4 merge_ranges=4 map_eff_cores=0.06 merge_eff_cores=0.05
event=kink_round H=10 col=16 round=stage6 frontier_in=19682 map_wall_s=0.358 map_cpu_s=0.095 merge_wall_s=0.328 merge_cpu_s=0.058 map_units=10 merge_ranges=10 map_eff_cores=0.27 merge_eff_cores=0.18
event=kink_round H=11 col=12 round=stage10 frontier_in=53453 map_wall_s=0.275 map_cpu_s=0.390 merge_wall_s=0.308 merge_cpu_s=0.163 map_units=27 merge_ranges=27 map_eff_cores=1.42 merge_eff_cores=0.53
event=kink_round H=7 col=34 round=finalize frontier_in=15 map_wall_s=0.289 map_cpu_s=0.001 merge_wall_s=0.178 merge_cpu_s=0.001 map_units=1 merge_ranges=1 map_eff_cores=0.00 merge_eff_cores=0.01
event=column H=7 col=34 frontier_in=11 frontier_out=4 wall_s=3.37 cum_wall_s=464.9 cpu_s=0.0 rss_max_mb=58.6 map_wall_s=1.69 map_cpu_s=0.0 merge_wall_s=1.68 merge_cpu_s=0.0 map_units=9 merge_ranges=8 eff_cores=0.00
event=kink_round H=8 col=26 round=stage5 frontier_in=2850 map_wall_s=0.297 map_cpu_s=0.006 merge_wall_s=0.189 merge_cpu_s=0.005 map_units=2 merge_ranges=2 map_eff_cores=0.02 merge_eff_cores=0.03
event=kink_round H=12 col=9 round=stage10 frontier_in=140628 map_wall_s=0.274 map_cpu_s=1.061 merge_wall_s=0.292 merge_cpu_s=0.583 map_units=69 merge_ranges=69 map_eff_cores=3.87 merge_eff_cores=1.99
event=kink_round H=9 col=20 round=stage8 frontier_in=7732 map_wall_s=0.299 map_cpu_s=0.029 merge_wall_s=0.238 merge_cpu_s=0.013 map_units=4 merge_ranges=4 map_eff_cores=0.10 merge_eff_cores=0.05
event=kink_round H=10 col=16 round=stage7 frontier_in=19901 map_wall_s=0.292 map_cpu_s=0.091 merge_wall_s=0.479 merge_cpu_s=0.048 map_units=10 merge_ranges=10 map_eff_cores=0.31 merge_eff_cores=0.10
event=kink_round H=7 col=35 round=seed frontier_in=4 map_wall_s=0.760 map_cpu_s=0.000 merge_wall_s=0.000 merge_cpu_s=0.000 map_units=1 merge_ranges=0 map_eff_cores=0.00 merge_eff_cores=0.00
event=heartbeat H=16 col=2 elapsed_s=35 processed=403456 rate_per_s=11646 steals=0
event=heartbeat H=18 col=2 elapsed_s=17 processed=747520 rate_per_s=43156 steals=0
event=kink_round H=8 col=26 round=stage6 frontier_in=2913 map_wall_s=0.792 map_cpu_s=0.011 merge_wall_s=5.143 merge_cpu_s=0.007 map_units=2 merge_ranges=2 map_eff_cores=0.01 merge_eff_cores=0.00
event=kink_round H=11 col=12 round=finalize frontier_in=52683 map_wall_s=0.893 map_cpu_s=0.307 merge_wall_s=5.120 merge_cpu_s=0.201 map_units=26 merge_ranges=26 map_eff_cores=0.34 merge_eff_cores=0.04
event=column H=11 col=12 frontier_in=14826 frontier_out=14826 wall_s=11.85 cum_wall_s=476.8 cpu_s=4.8 rss_max_mb=79.0 map_wall_s=3.95 map_cpu_s=3.1 merge_wall_s=7.71 merge_cpu_s=1.7 map_units=278 merge_ranges=270 eff_cores=0.41
event=kink_round H=13 col=6 round=stage4 frontier_in=356512 map_wall_s=1.153 map_cpu_s=3.225 merge_wall_s=5.454 merge_cpu_s=3.150 map_units=175 merge_ranges=80 map_eff_cores=2.80 merge_eff_cores=0.58
event=kink_round H=17 col=2 round=stage6 frontier_in=7859573 map_wall_s=2.491 map_cpu_s=38.907 merge_wall_s=6.284 merge_cpu_s=41.292 map_units=640 merge_ranges=80 map_eff_cores=15.62 merge_eff_cores=6.57
event=kink_round H=9 col=20 round=finalize frontier_in=7529 map_wall_s=4.638 map_cpu_s=0.032 merge_wall_s=1.610 merge_cpu_s=0.013 map_units=4 merge_ranges=4 map_eff_cores=0.01 merge_eff_cores=0.01
event=column H=9 col=20 frontier_in=2153 frontier_out=2153 wall_s=10.58 cum_wall_s=487.3 cpu_s=0.4 rss_max_mb=74.8 map_wall_s=7.06 map_cpu_s=0.2 merge_wall_s=3.50 merge_cpu_s=0.1 map_units=37 merge_ranges=35 eff_cores=0.03
event=kink_round H=12 col=9 round=stage11 frontier_in=142690 map_wall_s=4.626 map_cpu_s=1.565 merge_wall_s=1.732 merge_cpu_s=1.006 map_units=70 merge_ranges=70 map_eff_cores=0.34 merge_eff_cores=0.58
event=kink_round H=10 col=16 round=stage8 frontier_in=19909 map_wall_s=5.106 map_cpu_s=0.144 merge_wall_s=1.546 merge_cpu_s=0.096 map_units=10 merge_ranges=10 map_eff_cores=0.03 merge_eff_cores=0.06
event=kink_round H=7 col=35 round=stage0 frontier_in=4 map_wall_s=5.131 map_cpu_s=0.000 merge_wall_s=1.356 merge_cpu_s=0.001 map_units=1 merge_ranges=1 map_eff_cores=0.00 merge_eff_cores=0.00
event=kink_round H=11 col=13 round=seed frontier_in=14826 map_wall_s=1.353 map_cpu_s=0.062 merge_wall_s=0.000 merge_cpu_s=0.000 map_units=8 merge_ranges=0 map_eff_cores=0.05 merge_eff_cores=0.00
event=kink_round H=9 col=21 round=seed frontier_in=2153 map_wall_s=1.189 map_cpu_s=0.010 merge_wall_s=0.000 merge_cpu_s=0.000 map_units=2 merge_ranges=0 map_eff_cores=0.01 merge_eff_cores=0.00
event=heartbeat H=15 col=3 elapsed_s=17 processed=258048 rate_per_s=14898 steals=0
event=kink_round H=14 col=4 round=stage3 frontier_in=870695 map_wall_s=7.542 map_cpu_s=7.885 merge_wall_s=1.963 merge_cpu_s=6.025 map_units=426 merge_ranges=80 map_eff_cores=1.05 merge_eff_cores=3.07
event=kink_round H=8 col=26 round=stage7 frontier_in=2995 map_wall_s=1.313 map_cpu_s=0.006 merge_wall_s=1.237 merge_cpu_s=0.002 map_units=2 merge_ranges=2 map_eff_cores=0.00 merge_eff_cores=0.00
event=kink_round H=16 col=2 round=stage12 frontier_in=5024375 map_wall_s=7.482 map_cpu_s=28.962 merge_wall_s=3.177 merge_cpu_s=23.378 map_units=640 merge_ranges=80 map_eff_cores=3.87 merge_eff_cores=7.36
event=kink_round H=12 col=9 round=finalize frontier_in=141350 map_wall_s=1.594 map_cpu_s=1.122 merge_wall_s=0.679 merge_cpu_s=0.538 map_units=70 merge_ranges=70 map_eff_cores=0.70 merge_eff_cores=0.79
event=column H=12 col=9 frontier_in=39506 frontier_out=39506 wall_s=15.42 cum_wall_s=502.8 cpu_s=18.2 rss_max_mb=79.0 map_wall_s=9.42 map_cpu_s=11.1 merge_wall_s=5.64 merge_cpu_s=7.1 map_units=801 merge_ranges=781 eff_cores=1.18
event=heartbeat H=19 col=1 elapsed_s=52 processed=0 rate_per_s=0 steals=0
event=kink_round H=10 col=16 round=stage9 frontier_in=20222 map_wall_s=1.265 map_cpu_s=0.125 merge_wall_s=0.480 merge_cpu_s=0.052 map_units=10 merge_ranges=10 map_eff_cores=0.10 merge_eff_cores=0.11
event=kink_round H=7 col=35 round=stage1 frontier_in=4 map_wall_s=1.246 map_cpu_s=0.000 merge_wall_s=0.448 merge_cpu_s=0.000 map_units=1 merge_ranges=1 map_eff_cores=0.00 merge_eff_cores=0.00
event=kink_round H=11 col=13 round=stage0 frontier_in=14826 map_wall_s=1.224 map_cpu_s=0.089 merge_wall_s=0.396 merge_cpu_s=0.073 map_units=8 merge_ranges=8 map_eff_cores=0.07 merge_eff_cores=0.18
event=kink_round H=9 col=21 round=stage0 frontier_in=2153 map_wall_s=1.059 map_cpu_s=0.010 merge_wall_s=0.344 merge_cpu_s=0.007 map_units=2 merge_ranges=2 map_eff_cores=0.01 merge_eff_cores=0.02
event=kink_round H=12 col=10 round=seed frontier_in=39506 map_wall_s=0.287 map_cpu_s=0.366 merge_wall_s=0.000 merge_cpu_s=0.000 map_units=20 merge_ranges=0 map_eff_cores=1.28 merge_eff_cores=0.00
event=kink_round H=15 col=3 round=stage3 frontier_in=2009086 map_wall_s=8.800 map_cpu_s=17.029 merge_wall_s=2.046 merge_cpu_s=8.632 map_units=640 merge_ranges=80 map_eff_cores=1.94 merge_eff_cores=4.22
event=kink_round H=8 col=26 round=finalize frontier_in=2887 map_wall_s=0.433 map_cpu_s=0.006 merge_wall_s=0.329 merge_cpu_s=0.002 map_units=2 merge_ranges=2 map_eff_cores=0.01 merge_eff_cores=0.01
event=column H=8 col=26 frontier_in=825 frontier_out=822 wall_s=12.17 cum_wall_s=514.9 cpu_s=0.1 rss_max_mb=72.8 map_wall_s=4.21 map_cpu_s=0.1 merge_wall_s=7.95 merge_cpu_s=0.0 map_units=17 merge_ranges=16 eff_cores=0.01
event=kink_round H=10 col=16 round=finalize frontier_in=19812 map_wall_s=0.253 map_cpu_s=0.099 merge_wall_s=0.372 merge_cpu_s=0.028 map_units=10 merge_ranges=10 map_eff_cores=0.39 merge_eff_cores=0.08
event=column H=10 col=16 frontier_in=5567 frontier_out=5567 wall_s=12.93 cum_wall_s=527.9 cpu_s=1.4 rss_max_mb=79.0 map_wall_s=8.50 map_cpu_s=0.9 merge_wall_s=4.39 merge_cpu_s=0.5 map_units=98 merge_ranges=95 eff_cores=0.11
event=kink_round H=13 col=6 round=stage5 frontier_in=370228 map_wall_s=2.857 map_cpu_s=2.808 merge_wall_s=0.520 merge_cpu_s=1.794 map_units=181 merge_ranges=80 map_eff_cores=0.98 merge_eff_cores=3.45
event=heartbeat H=17 col=2 elapsed_s=35 processed=45056 rate_per_s=1301 steals=0
event=heartbeat H=14 col=4 elapsed_s=17 processed=45056 rate_per_s=2601 steals=0
event=heartbeat H=13 col=6 elapsed_s=17 processed=79872 rate_per_s=4611 steals=0
event=kink_round H=7 col=35 round=stage2 frontier_in=4 map_wall_s=0.326 map_cpu_s=0.000 merge_wall_s=4.397 merge_cpu_s=0.000 map_units=1 merge_ranges=1 map_eff_cores=0.00 merge_eff_cores=0.00
event=kink_round H=8 col=27 round=seed frontier_in=822 map_wall_s=4.429 map_cpu_s=0.002 merge_wall_s=0.000 merge_cpu_s=0.000 map_units=1 merge_ranges=0 map_eff_cores=0.00 merge_eff_cores=0.00
event=kink_round H=9 col=21 round=stage1 frontier_in=3471 map_wall_s=0.351 map_cpu_s=0.014 merge_wall_s=4.690 merge_cpu_s=0.017 map_units=2 merge_ranges=2 map_eff_cores=0.04 merge_eff_cores=0.00
event=kink_round H=11 col=13 round=stage1 frontier_in=23855 map_wall_s=0.397 map_cpu_s=0.136 merge_wall_s=4.798 merge_cpu_s=0.203 map_units=12 merge_ranges=12 map_eff_cores=0.34 merge_eff_cores=0.04
event=kink_round H=10 col=17 round=seed frontier_in=5567 map_wall_s=4.787 map_cpu_s=0.033 merge_wall_s=0.000 merge_cpu_s=0.000 map_units=3 merge_ranges=0 map_eff_cores=0.01 merge_eff_cores=0.00
event=kink_round H=12 col=10 round=stage0 frontier_in=39506 map_wall_s=0.418 map_cpu_s=0.234 merge_wall_s=4.925 merge_cpu_s=0.386 map_units=20 merge_ranges=20 map_eff_cores=0.56 merge_eff_cores=0.08
event=kink_round H=7 col=35 round=stage3 frontier_in=4 map_wall_s=1.095 map_cpu_s=0.001 merge_wall_s=0.784 merge_cpu_s=0.001 map_units=1 merge_ranges=1 map_eff_cores=0.00 merge_eff_cores=0.00
event=kink_round H=8 col=27 round=stage0 frontier_in=822 map_wall_s=1.133 map_cpu_s=0.004 merge_wall_s=0.813 merge_cpu_s=0.003 map_units=1 merge_ranges=1 map_eff_cores=0.00 merge_eff_cores=0.00
event=kink_round H=19 col=1 round=stage18 frontier_in=22543583 map_wall_s=11.250 map_cpu_s=99.978 merge_wall_s=6.753 merge_cpu_s=102.318 map_units=640 merge_ranges=80 map_eff_cores=8.89 merge_eff_cores=15.15
event=kink_round H=9 col=21 round=stage2 frontier_in=5617 map_wall_s=1.103 map_cpu_s=0.032 merge_wall_s=0.807 merge_cpu_s=0.024 map_units=3 merge_ranges=3 map_eff_cores=0.03 merge_eff_cores=0.03
event=kink_round H=10 col=17 round=stage0 frontier_in=5567 map_wall_s=0.985 map_cpu_s=0.044 merge_wall_s=0.819 merge_cpu_s=0.041 map_units=3 merge_ranges=3 map_eff_cores=0.04 merge_eff_cores=0.05
event=kink_round H=11 col=13 round=stage2 frontier_in=38640 map_wall_s=1.056 map_cpu_s=0.332 merge_wall_s=0.860 merge_cpu_s=0.265 map_units=19 merge_ranges=19 map_eff_cores=0.31 merge_eff_cores=0.31
event=kink_round H=12 col=10 round=stage1 frontier_in=63502 map_wall_s=0.974 map_cpu_s=0.665 merge_wall_s=0.770 merge_cpu_s=0.646 map_units=32 merge_ranges=32 map_eff_cores=0.68 merge_eff_cores=0.84
event=kink_round H=7 col=35 round=stage4 frontier_in=4 map_wall_s=0.614 map_cpu_s=0.001 merge_wall_s=0.512 merge_cpu_s=0.000 map_units=1 merge_ranges=1 map_eff_cores=0.00 merge_eff_cores=0.00
event=kink_round H=8 col=27 round=stage1 frontier_in=1317 map_wall_s=0.605 map_cpu_s=0.005 merge_wall_s=0.511 merge_cpu_s=0.004 map_units=1 merge_ranges=1 map_eff_cores=0.01 merge_eff_cores=0.01
event=kink_round H=13 col=6 round=stage6 frontier_in=376230 map_wall_s=6.593 map_cpu_s=4.436 merge_wall_s=0.732 merge_cpu_s=3.028 map_units=184 merge_ranges=80 map_eff_cores=0.67 merge_eff_cores=4.14
event=kink_round H=9 col=21 round=stage3 frontier_in=6680 map_wall_s=0.560 map_cpu_s=0.039 merge_wall_s=0.428 merge_cpu_s=0.026 map_units=4 merge_ranges=4 map_eff_cores=0.07 merge_eff_cores=0.06
event=heartbeat H=7 col=35 elapsed_s=17 processed=1930240 rate_per_s=111440 steals=0
event=kink_round H=10 col=17 round=stage1 frontier_in=8947 map_wall_s=0.599 map_cpu_s=0.071 merge_wall_s=0.861 merge_cpu_s=0.056 map_units=5 merge_ranges=5 map_eff_cores=0.12 merge_eff_cores=0.07
event=kink_round H=11 col=13 round=stage3 frontier_in=45710 map_wall_s=0.583 map_cpu_s=0.395 merge_wall_s=0.901 merge_cpu_s=0.277 map_units=23 merge_ranges=23 map_eff_cores=0.68 merge_eff_cores=0.31
event=kink_round H=12 col=10 round=stage2 frontier_in=102880 map_wall_s=0.583 map_cpu_s=1.030 merge_wall_s=0.977 merge_cpu_s=0.436 map_units=51 merge_ranges=51 map_eff_cores=1.77 merge_eff_cores=0.45
event=kink_round H=14 col=4 round=stage4 frontier_in=947116 map_wall_s=8.202 map_cpu_s=10.029 merge_wall_s=1.435 merge_cpu_s=6.968 map_units=463 merge_ranges=80 map_eff_cores=1.22 merge_eff_cores=4.86
event=heartbeat H=16 col=2 elapsed_s=52 processed=2028544 rate_per_s=39038 steals=0
event=kink_round H=7 col=35 round=stage5 frontier_in=3 map_wall_s=0.815 map_cpu_s=0.001 merge_wall_s=3.253 merge_cpu_s=0.000 map_units=1 merge_ranges=1 map_eff_cores=0.00 merge_eff_cores=0.00
event=kink_round H=8 col=27 round=stage2 frontier_in=2138 map_wall_s=2.299 map_cpu_s=0.008 merge_wall_s=2.190 merge_cpu_s=0.006 map_units=2 merge_ranges=2 map_eff_cores=0.00 merge_eff_cores=0.00
event=kink_round H=9 col=21 round=stage4 frontier_in=7281 map_wall_s=2.974 map_cpu_s=0.038 merge_wall_s=1.398 merge_cpu_s=0.025 map_units=4 merge_ranges=4 map_eff_cores=0.01 merge_eff_cores=0.02
event=kink_round H=10 col=17 round=stage2 frontier_in=14518 map_wall_s=3.301 map_cpu_s=0.097 merge_wall_s=0.644 merge_cpu_s=0.074 map_units=8 merge_ranges=8 map_eff_cores=0.03 merge_eff_cores=0.11
event=kink_round H=18 col=2 round=stage2 frontier_in=12361021 map_wall_s=16.885 map_cpu_s=61.416 merge_wall_s=4.907 merge_cpu_s=62.076 map_units=640 merge_ranges=80 map_eff_cores=3.64 merge_eff_cores=12.65
event=kink_round H=11 col=13 round=stage4 frontier_in=49855 map_wall_s=3.513 map_cpu_s=0.408 merge_wall_s=1.413 merge_cpu_s=0.245 map_units=25 merge_ranges=25 map_eff_cores=0.12 merge_eff_cores=0.17
event=heartbeat H=18 col=2 elapsed_s=35 processed=2814976 rate_per_s=81257 steals=0
event=kink_round H=12 col=10 round=stage3 frontier_in=121352 map_wall_s=3.542 map_cpu_s=1.230 merge_wall_s=1.632 merge_cpu_s=0.909 map_units=60 merge_ranges=60 map_eff_cores=0.35 merge_eff_cores=0.56
event=kink_round H=7 col=35 round=stage6 frontier_in=2 map_wall_s=0.663 map_cpu_s=0.000 merge_wall_s=1.583 merge_cpu_s=0.000 map_units=1 merge_ranges=1 map_eff_cores=0.00 merge_eff_cores=0.00
event=heartbeat H=11 col=13 elapsed_s=17 processed=2989056 rate_per_s=172572 steals=0
event=heartbeat H=9 col=21 elapsed_s=17 processed=3050496 rate_per_s=176115 steals=0
event=kink_round H=8 col=27 round=stage3 frontier_in=2540 map_wall_s=1.494 map_cpu_s=0.004 merge_wall_s=1.291 merge_cpu_s=0.007 map_units=2 merge_ranges=2 map_eff_cores=0.00 merge_eff_cores=0.01
event=kink_round H=9 col=21 round=stage5 frontier_in=7500 map_wall_s=1.597 map_cpu_s=0.023 merge_wall_s=1.256 merge_cpu_s=0.027 map_units=4 merge_ranges=4 map_eff_cores=0.01 merge_eff_cores=0.02
event=kink_round H=7 col=35 round=finalize frontier_in=1 map_wall_s=1.256 map_cpu_s=0.001 merge_wall_s=0.000 merge_cpu_s=0.000 map_units=0 merge_ranges=0 map_eff_cores=0.00 merge_eff_cores=0.00
event=column H=7 col=35 frontier_in=4 frontier_out=0 wall_s=24.24 cum_wall_s=552.1 cpu_s=0.0 rss_max_mb=56.6 map_wall_s=11.90 map_cpu_s=0.0 merge_wall_s=12.33 merge_cpu_s=0.0 map_units=8 merge_ranges=7 eff_cores=0.00
event=kink_round H=17 col=2 round=stage7 frontier_in=8375616 map_wall_s=14.292 map_cpu_s=46.025 merge_wall_s=3.425 merge_cpu_s=36.829 map_units=640 merge_ranges=80 map_eff_cores=3.22 merge_eff_cores=10.75
event=kink_round H=10 col=17 round=stage3 frontier_in=17219 map_wall_s=1.673 map_cpu_s=0.100 merge_wall_s=1.282 merge_cpu_s=0.068 map_units=9 merge_ranges=9 map_eff_cores=0.06 merge_eff_cores=0.05
event=kink_round H=13 col=6 round=stage7 frontier_in=378384 map_wall_s=6.067 map_cpu_s=4.272 merge_wall_s=1.550 merge_cpu_s=3.197 map_units=185 merge_ranges=80 map_eff_cores=0.70 merge_eff_cores=2.06
event=heartbeat H=15 col=3 elapsed_s=35 processed=3249152 rate_per_s=93795 steals=0
event=kink_round H=11 col=13 round=stage5 frontier_in=51728 map_wall_s=1.376 map_cpu_s=0.425 merge_wall_s=1.472 merge_cpu_s=0.273 map_units=26 merge_ranges=26 map_eff_cores=0.31 merge_eff_cores=0.19
event=heartbeat H=12 col=10 elapsed_s=17 processed=3358720 rate_per_s=193904 steals=0
event=heartbeat H=19 col=1 elapsed_s=69 processed=3358720 rate_per_s=48479 steals=0
event=kink_round H=12 col=10 round=stage4 frontier_in=132241 map_wall_s=1.371 map_cpu_s=1.396 merge_wall_s=2.113 merge_cpu_s=0.954 map_units=65 merge_ranges=65 map_eff_cores=1.02 merge_eff_cores=0.45
event=heartbeat H=8 col=27 elapsed_s=17 processed=3485696 rate_per_s=201238 steals=0
event=kink_round H=16 col=2 round=stage13 frontier_in=5419036 map_wall_s=14.458 map_cpu_s=36.207 merge_wall_s=3.327 merge_cpu_s=25.941 map_units=640 merge_ranges=80 map_eff_cores=2.50 merge_eff_cores=7.80
event=kink_round H=15 col=3 round=stage4 frontier_in=2189633 map_wall_s=14.680 map_cpu_s=21.962 merge_wall_s=2.803 merge_cpu_s=13.361 map_units=640 merge_ranges=80 map_eff_cores=1.50 merge_eff_cores=4.77
event=heartbeat H=10 col=17 elapsed_s=17 processed=3550208 rate_per_s=204963 steals=0
event=heartbeat H=17 col=2 elapsed_s=52 processed=3623936 rate_per_s=69742 steals=0
event=kink_round H=8 col=27 round=stage4 frontier_in=2755 map_wall_s=1.787 map_cpu_s=0.011 merge_wall_s=1.226 merge_cpu_s=0.005 map_units=2 merge_ranges=2 map_eff_cores=0.01 merge_eff_cores=0.00
event=kink_round H=9 col=21 round=stage6 frontier_in=7569 map_wall_s=1.882 map_cpu_s=0.025 merge_wall_s=1.212 merge_cpu_s=0.028 map_units=4 merge_ranges=4 map_eff_cores=0.01 merge_eff_cores=0.02
event=kink_round H=10 col=17 round=stage4 frontier_in=18803 map_wall_s=2.016 map_cpu_s=0.083 merge_wall_s=0.950 merge_cpu_s=0.093 map_units=10 merge_ranges=10 map_eff_cores=0.04 merge_eff_cores=0.10
event=kink_round H=11 col=13 round=stage6 frontier_in=52427 map_wall_s=1.621 map_cpu_s=0.409 merge_wall_s=1.373 merge_cpu_s=0.269 map_units=26 merge_ranges=26 map_eff_cores=0.25 merge_eff_cores=0.20
event=kink_round H=12 col=10 round=stage5 frontier_in=137385 map_wall_s=0.989 map_cpu_s=1.467 merge_wall_s=1.434 merge_cpu_s=1.121 map_units=68 merge_ranges=68 map_eff_cores=1.48 merge_eff_cores=0.78
event=heartbeat H=14 col=4 elapsed_s=35 processed=4401152 rate_per_s=127049 steals=0
event=kink_round H=8 col=27 round=stage5 frontier_in=2823 map_wall_s=1.258 map_cpu_s=0.009 merge_wall_s=1.301 merge_cpu_s=0.007 map_units=2 merge_ranges=2 map_eff_cores=0.01 merge_eff_cores=0.01
event=kink_round H=9 col=21 round=stage7 frontier_in=7596 map_wall_s=1.157 map_cpu_s=0.042 merge_wall_s=1.318 merge_cpu_s=0.028 map_units=4 merge_ranges=4 map_eff_cores=0.04 merge_eff_cores=0.02
event=kink_round H=10 col=17 round=stage5 frontier_in=19506 map_wall_s=1.259 map_cpu_s=0.124 merge_wall_s=1.112 merge_cpu_s=0.086 map_units=10 merge_ranges=10 map_eff_cores=0.10 merge_eff_cores=0.08
event=kink_round H=13 col=6 round=stage8 frontier_in=378846 map_wall_s=4.439 map_cpu_s=4.467 merge_wall_s=1.456 merge_cpu_s=3.200 map_units=185 merge_ranges=80 map_eff_cores=1.01 merge_eff_cores=2.20
event=heartbeat H=13 col=6 elapsed_s=35 processed=4810752 rate_per_s=138871 steals=0
event=kink_round H=14 col=4 round=stage5 frontier_in=983720 map_wall_s=10.977 map_cpu_s=10.943 merge_wall_s=2.075 merge_cpu_s=7.186 map_units=481 merge_ranges=80 map_eff_cores=1.00 merge_eff_cores=3.46
event=kink_round H=11 col=13 round=stage7 frontier_in=52569 map_wall_s=1.378 map_cpu_s=0.433 merge_wall_s=1.525 merge_cpu_s=0.281 map_units=26 merge_ranges=26 map_eff_cores=0.31 merge_eff_cores=0.18
event=kink_round H=12 col=10 round=stage6 frontier_in=139596 map_wall_s=1.208 map_cpu_s=1.372 merge_wall_s=1.332 merge_cpu_s=1.035 map_units=69 merge_ranges=69 map_eff_cores=1.14 merge_eff_cores=0.78
event=kink_round H=8 col=27 round=stage6 frontier_in=2885 map_wall_s=1.414 map_cpu_s=0.011 merge_wall_s=1.019 merge_cpu_s=0.005 map_units=2 merge_ranges=2 map_eff_cores=0.01 merge_eff_cores=0.00
event=kink_round H=9 col=21 round=stage8 frontier_in=7732 map_wall_s=1.497 map_cpu_s=0.033 merge_wall_s=1.204 merge_cpu_s=0.025 map_units=4 merge_ranges=4 map_eff_cores=0.02 merge_eff_cores=0.02
event=kink_round H=10 col=17 round=stage6 frontier_in=19682 map_wall_s=1.511 map_cpu_s=0.114 merge_wall_s=1.202 merge_cpu_s=0.088 map_units=10 merge_ranges=10 map_eff_cores=0.08 merge_eff_cores=0.07
event=heartbeat H=16 col=2 elapsed_s=69 processed=5847040 rate_per_s=84392 steals=0
event=kink_round H=11 col=13 round=stage8 frontier_in=52799 map_wall_s=1.395 map_cpu_s=0.444 merge_wall_s=4.958 merge_cpu_s=0.318 map_units=26 merge_ranges=26 map_eff_cores=0.32 merge_eff_cores=0.06
event=kink_round H=12 col=10 round=stage7 frontier_in=140142 map_wall_s=1.356 map_cpu_s=1.526 merge_wall_s=5.049 merge_cpu_s=1.149 map_units=69 merge_ranges=69 map_eff_cores=1.13 merge_eff_cores=0.23
event=kink_round H=8 col=27 round=stage7 frontier_in=2980 map_wall_s=1.214 map_cpu_s=0.011 merge_wall_s=4.585 merge_cpu_s=0.007 map_units=2 merge_ranges=2 map_eff_cores=0.01 merge_eff_cores=0.00
event=kink_round H=9 col=21 round=finalize frontier_in=7528 map_wall_s=4.670 map_cpu_s=0.031 merge_wall_s=1.370 merge_cpu_s=0.012 map_units=4 merge_ranges=4 map_eff_cores=0.01 merge_eff_cores=0.01
event=column H=9 col=21 frontier_in=2153 frontier_out=2152 wall_s=32.07 cum_wall_s=584.2 cpu_s=0.5 rss_max_mb=79.0 map_wall_s=18.04 map_cpu_s=0.3 merge_wall_s=14.03 merge_cpu_s=0.2 map_units=37 merge_ranges=35 eff_cores=0.02
event=kink_round H=10 col=17 round=stage7 frontier_in=19901 map_wall_s=4.804 map_cpu_s=0.132 merge_wall_s=1.285 merge_cpu_s=0.091 map_units=10 merge_ranges=10 map_eff_cores=0.03 merge_eff_cores=0.07
event=kink_round H=19 col=1 round=finalize frontier_in=29043071 map_wall_s=15.578 map_cpu_s=98.926 merge_wall_s=6.968 merge_cpu_s=76.238 map_units=640 merge_ranges=80 map_eff_cores=6.35 merge_eff_cores=10.94
event=kink_round H=9 col=22 round=seed frontier_in=2152 map_wall_s=0.509 map_cpu_s=0.009 merge_wall_s=0.000 merge_cpu_s=0.000 map_units=2 merge_ranges=0 map_eff_cores=0.02 merge_eff_cores=0.00
event=kink_round H=13 col=6 round=stage9 frontier_in=379337 map_wall_s=7.342 map_cpu_s=4.686 merge_wall_s=1.128 merge_cpu_s=2.427 map_units=186 merge_ranges=80 map_eff_cores=0.64 merge_eff_cores=2.15
event=kink_round H=8 col=27 round=finalize frontier_in=2858 map_wall_s=0.933 map_cpu_s=0.006 merge_wall_s=0.303 merge_cpu_s=0.002 map_units=2 merge_ranges=2 map_eff_cores=0.01 merge_eff_cores=0.01
event=column H=8 col=27 frontier_in=822 frontier_out=810 wall_s=29.81 cum_wall_s=614.0 cpu_s=0.1 rss_max_mb=73.0 map_wall_s=16.57 map_cpu_s=0.1 merge_wall_s=13.24 merge_cpu_s=0.0 map_units=17 merge_ranges=16 eff_cores=0.00
event=kink_round H=11 col=13 round=stage9 frontier_in=52650 map_wall_s=1.118 map_cpu_s=0.421 merge_wall_s=0.338 merge_cpu_s=0.190 map_units=26 merge_ranges=26 map_eff_cores=0.38 merge_eff_cores=0.56
event=kink_round H=12 col=10 round=stage8 frontier_in=140687 map_wall_s=1.007 map_cpu_s=1.170 merge_wall_s=0.353 merge_cpu_s=0.794 map_units=69 merge_ranges=69 map_eff_cores=1.16 merge_eff_cores=2.25
event=kink_round H=10 col=17 round=stage8 frontier_in=19909 map_wall_s=0.483 map_cpu_s=0.080 merge_wall_s=0.301 merge_cpu_s=0.080 map_units=10 merge_ranges=10 map_eff_cores=0.17 merge_eff_cores=0.27
event=kink_round H=8 col=28 round=seed frontier_in=810 map_wall_s=0.360 map_cpu_s=0.002 merge_wall_s=0.000 merge_cpu_s=0.000 map_units=1 merge_ranges=0 map_eff_cores=0.01 merge_eff_cores=0.00
event=kink_round H=9 col=22 round=stage0 frontier_in=2152 map_wall_s=0.277 map_cpu_s=0.008 merge_wall_s=0.295 merge_cpu_s=0.009 map_units=2 merge_ranges=2 map_eff_cores=0.03 merge_eff_cores=0.03
event=column H=19 col=1 frontier_in=262655 frontier_out=11313826 wall_s=82.81 cum_wall_s=696.8 cpu_s=877.5 rss_max_mb=79.0 map_wall_s=46.79 map_cpu_s=534.0 merge_wall_s=29.73 merge_cpu_s=343.4 map_units=11745 merge_ranges=1600 eff_cores=10.60
event=heartbeat H=18 col=2 elapsed_s=52 processed=0 rate_per_s=0 steals=0
event=heartbeat H=11 col=13 elapsed_s=35 processed=0 rate_per_s=0 steals=0
event=heartbeat H=15 col=3 elapsed_s=52 processed=43008 rate_per_s=828 steals=0
event=kink_round H=11 col=13 round=stage10 frontier_in=53453 map_wall_s=0.425 map_cpu_s=0.424 merge_wall_s=3.727 merge_cpu_s=0.310 map_units=27 merge_ranges=27 map_eff_cores=1.00 merge_eff_cores=0.08
event=heartbeat H=12 col=10 elapsed_s=35 processed=192512 rate_per_s=5557 steals=0
event=heartbeat H=10 col=17 elapsed_s=35 processed=192512 rate_per_s=5557 steals=0
event=heartbeat H=17 col=2 elapsed_s=69 processed=192512 rate_per_s=2779 steals=0
event=kink_round H=18 col=2 round=stage3 frontier_in=15153538 map_wall_s=17.219 map_cpu_s=78.037 merge_wall_s=6.501 merge_cpu_s=66.803 map_units=640 merge_ranges=80 map_eff_cores=4.53 merge_eff_cores=10.28
event=kink_round H=12 col=10 round=stage9 frontier_in=141099 map_wall_s=0.413 map_cpu_s=1.404 merge_wall_s=6.303 merge_cpu_s=1.164 map_units=69 merge_ranges=69 map_eff_cores=3.40 merge_eff_cores=0.18
event=heartbeat H=14 col=4 elapsed_s=52 processed=192512 rate_per_s=3705 steals=0
event=kink_round H=10 col=17 round=stage9 frontier_in=20222 map_wall_s=2.991 map_cpu_s=0.126 merge_wall_s=4.621 merge_cpu_s=0.081 map_units=10 merge_ranges=10 map_eff_cores=0.04 merge_eff_cores=0.02
event=kink_round H=15 col=3 round=stage5 frontier_in=2279177 map_wall_s=12.715 map_cpu_s=22.105 merge_wall_s=7.688 merge_cpu_s=16.781 map_units=640 merge_ranges=80 map_eff_cores=1.74 merge_eff_cores=2.18
event=kink_round H=8 col=28 round=stage0 frontier_in=810 map_wall_s=3.557 map_cpu_s=0.003 merge_wall_s=4.346 merge_cpu_s=0.002 map_units=1 merge_ranges=1 map_eff_cores=0.00 merge_eff_cores=0.00
event=kink_round H=9 col=22 round=stage1 frontier_in=3470 map_wall_s=3.669 map_cpu_s=0.021 merge_wall_s=4.188 merge_cpu_s=0.014 map_units=2 merge_ranges=2 map_eff_cores=0.01 merge_eff_cores=0.00
event=heartbeat H=13 col=6 elapsed_s=52 processed=380928 rate_per_s=7330 steals=0
event=kink_round H=13 col=6 round=stage10 frontier_in=379975 map_wall_s=7.925 map_cpu_s=4.355 merge_wall_s=0.936 merge_cpu_s=1.750 map_units=186 merge_ranges=80 map_eff_cores=0.55 merge_eff_cores=1.87
event=kink_round H=17 col=2 round=stage8 frontier_in=8971245 map_wall_s=14.990 map_cpu_s=52.748 merge_wall_s=8.379 merge_cpu_s=50.888 map_units=640 merge_ranges=80 map_eff_cores=3.52 merge_eff_cores=6.07
event=kink_round H=11 col=13 round=finalize frontier_in=52683 map_wall_s=4.178 map_cpu_s=0.280 merge_wall_s=0.502 merge_cpu_s=0.093 map_units=26 merge_ranges=26 map_eff_cores=0.07 merge_eff_cores=0.19
event=column H=11 col=13 frontier_in=14826 frontier_out=14826 wall_s=41.95 cum_wall_s=738.7 cpu_s=7.1 rss_max_mb=79.0 map_wall_s=19.61 map_cpu_s=4.3 merge_wall_s=22.26 merge_cpu_s=2.8 map_units=278 merge_ranges=270 eff_cores=0.17
event=kink_round H=12 col=10 round=stage10 frontier_in=140628 map_wall_s=1.538 map_cpu_s=1.099 merge_wall_s=0.491 merge_cpu_s=0.494 map_units=69 merge_ranges=69 map_eff_cores=0.71 merge_eff_cores=1.01
event=kink_round H=10 col=17 round=finalize frontier_in=19812 map_wall_s=0.843 map_cpu_s=0.056 merge_wall_s=0.345 merge_cpu_s=0.026 map_units=10 merge_ranges=10 map_eff_cores=0.07 merge_eff_cores=0.08
event=kink_round H=8 col=28 round=stage1 frontier_in=1285 map_wall_s=0.525 map_cpu_s=0.002 merge_wall_s=0.259 merge_cpu_s=0.002 map_units=1 merge_ranges=1 map_eff_cores=0.00 merge_eff_cores=0.01
event=column H=10 col=17 frontier_in=5567 frontier_out=5567 wall_s=38.70 cum_wall_s=777.4 cpu_s=1.8 rss_max_mb=74.8 map_wall_s=25.25 map_cpu_s=1.1 merge_wall_s=13.42 merge_cpu_s=0.8 map_units=98 merge_ranges=95 eff_cores=0.05
event=kink_round H=9 col=22 round=stage2 frontier_in=5617 map_wall_s=0.486 map_cpu_s=0.013 merge_wall_s=0.261 merge_cpu_s=0.010 map_units=3 merge_ranges=3 map_eff_cores=0.03 merge_eff_cores=0.04
event=kink_round H=14 col=4 round=stage6 frontier_in=1000535 map_wall_s=15.684 map_cpu_s=11.476 merge_wall_s=1.273 merge_cpu_s=4.114 map_units=489 merge_ranges=80 map_eff_cores=0.73 merge_eff_cores=3.23
event=kink_round H=11 col=14 round=seed frontier_in=14826 map_wall_s=0.292 map_cpu_s=0.042 merge_wall_s=0.000 merge_cpu_s=0.000 map_units=8 merge_ranges=0 map_eff_cores=0.14 merge_eff_cores=0.00
event=kink_round H=10 col=18 round=seed frontier_in=5567 map_wall_s=0.244 map_cpu_s=0.036 merge_wall_s=0.000 merge_cpu_s=0.000 map_units=3 merge_ranges=0 map_eff_cores=0.15 merge_eff_cores=0.00
event=kink_round H=16 col=2 round=stage14 frontier_in=5766188 map_wall_s=15.966 map_cpu_s=40.188 merge_wall_s=6.151 merge_cpu_s=20.608 map_units=640 merge_ranges=80 map_eff_cores=2.52 merge_eff_cores=3.35
event=kink_round H=8 col=28 round=stage2 frontier_in=2076 map_wall_s=0.235 map_cpu_s=0.008 merge_wall_s=0.658 merge_cpu_s=0.002 map_units=2 merge_ranges=2 map_eff_cores=0.03 merge_eff_cores=0.00
event=kink_round H=9 col=22 round=stage3 frontier_in=6680 map_wall_s=0.251 map_cpu_s=0.039 merge_wall_s=0.640 merge_cpu_s=0.018 map_units=4 merge_ranges=4 map_eff_cores=0.16 merge_eff_cores=0.03
event=kink_round H=12 col=10 round=stage11 frontier_in=142690 map_wall_s=0.299 map_cpu_s=0.640 merge_wall_s=0.753 merge_cpu_s=0.618 map_units=70 merge_ranges=70 map_eff_cores=2.14 merge_eff_cores=0.82
event=kink_round H=11 col=14 round=stage0 frontier_in=14826 map_wall_s=0.709 map_cpu_s=0.136 merge_wall_s=0.817 merge_cpu_s=0.070 map_units=8 merge_ranges=8 map_eff_cores=0.19 merge_eff_cores=0.09
event=kink_round H=10 col=18 round=stage0 frontier_in=5567 map_wall_s=0.656 map_cpu_s=0.017 merge_wall_s=0.924 merge_cpu_s=0.023 map_units=3 merge_ranges=3 map_eff_cores=0.03 merge_eff_cores=0.02
event=kink_round H=8 col=28 round=stage3 frontier_in=2483 map_wall_s=0.917 map_cpu_s=0.009 merge_wall_s=1.152 merge_cpu_s=0.005 map_units=2 merge_ranges=2 map_eff_cores=0.01 merge_eff_cores=0.00
event=kink_round H=13 col=6 round=stage11 frontier_in=378719 map_wall_s=1.806 map_cpu_s=3.302 merge_wall_s=1.393 merge_cpu_s=2.385 map_units=185 merge_ranges=80 map_eff_cores=1.83 merge_eff_cores=1.71
event=kink_round H=9 col=22 round=stage4 frontier_in=7281 map_wall_s=0.959 map_cpu_s=0.037 merge_wall_s=1.155 merge_cpu_s=0.021 map_units=4 merge_ranges=4 map_eff_cores=0.04 merge_eff_cores=0.02
event=kink_round H=12 col=10 round=finalize frontier_in=141350 map_wall_s=0.945 map_cpu_s=1.176 merge_wall_s=1.189 merge_cpu_s=0.750 map_units=70 merge_ranges=70 map_eff_cores=1.24 merge_eff_cores=0.63
event=column H=12 col=10 frontier_in=39506 frontier_out=39506 wall_s=42.51 cum_wall_s=819.9 cpu_s=25.2 rss_max_mb=79.0 map_wall_s=14.93 map_cpu_s=14.8 merge_wall_s=27.32 merge_cpu_s=10.5 map_units=801 merge_ranges=781 eff_cores=0.59
event=kink_round H=11 col=14 round=stage1 frontier_in=23855 map_wall_s=1.233 map_cpu_s=0.212 merge_wall_s=1.371 merge_cpu_s=0.163 map_units=12 merge_ranges=12 map_eff_cores=0.17 merge_eff_cores=0.12
event=kink_round H=10 col=18 round=stage1 frontier_in=8946 map_wall_s=1.198 map_cpu_s=0.051 merge_wall_s=1.434 merge_cpu_s=0.050 map_units=5 merge_ranges=5 map_eff_cores=0.04 merge_eff_cores=0.03
event=kink_round H=12 col=11 round=seed frontier_in=39506 map_wall_s=1.563 map_cpu_s=0.372 merge_wall_s=0.000 merge_cpu_s=0.000 map_units=20 merge_ranges=0 map_eff_cores=0.24 merge_eff_cores=0.00
event=heartbeat H=16 col=2 elapsed_s=87 processed=606208 rate_per_s=7000 steals=0
event=kink_round H=8 col=28 round=stage4 frontier_in=2682 map_wall_s=1.413 map_cpu_s=0.009 merge_wall_s=1.652 merge_cpu_s=0.004 map_units=2 merge_ranges=2 map_eff_cores=0.01 merge_eff_cores=0.00
event=kink_round H=9 col=22 round=stage5 frontier_in=7500 map_wall_s=1.482 map_cpu_s=0.040 merge_wall_s=1.730 merge_cpu_s=0.023 map_units=4 merge_ranges=4 map_eff_cores=0.03 merge_eff_cores=0.01
event=kink_round H=19 col=2 round=seed frontier_in=11313826 map_wall_s=15.792 map_cpu_s=46.819 merge_wall_s=0.000 merge_cpu_s=0.000 map_units=640 merge_ranges=0 map_eff_cores=2.96 merge_eff_cores=0.00
event=heartbeat H=9 col=22 elapsed_s=17 processed=1183744 rate_per_s=68339 steals=0
event=kink_round H=11 col=14 round=stage2 frontier_in=38640 map_wall_s=1.750 map_cpu_s=0.314 merge_wall_s=1.846 merge_cpu_s=0.225 map_units=19 merge_ranges=19 map_eff_cores=0.18 merge_eff_cores=0.12
event=kink_round H=10 col=18 round=stage2 frontier_in=14517 map_wall_s=1.769 map_cpu_s=0.099 merge_wall_s=1.696 merge_cpu_s=0.064 map_units=8 merge_ranges=8 map_eff_cores=0.06 merge_eff_cores=0.04
event=kink_round H=12 col=11 round=stage0 frontier_in=39506 map_wall_s=1.855 map_cpu_s=0.400 merge_wall_s=1.654 merge_cpu_s=0.339 map_units=20 merge_ranges=20 map_eff_cores=0.22 merge_eff_cores=0.20
event=heartbeat H=8 col=28 elapsed_s=17 processed=1431552 rate_per_s=82650 steals=0
event=heartbeat H=19 col=2 elapsed_s=17 processed=1518592 rate_per_s=87675 steals=0
event=heartbeat H=18 col=2 elapsed_s=69 processed=1568768 rate_per_s=22643 steals=0
event=kink_round H=8 col=28 round=stage5 frontier_in=2759 map_wall_s=1.763 map_cpu_s=0.009 merge_wall_s=2.078 merge_cpu_s=0.005 map_units=2 merge_ranges=2 map_eff_cores=0.01 merge_eff_cores=0.00
event=kink_round H=9 col=22 round=stage6 frontier_in=7569 map_wall_s=1.687 map_cpu_s=0.039 merge_wall_s=2.075 merge_cpu_s=0.022 map_units=4 merge_ranges=4 map_eff_cores=0.02 merge_eff_cores=0.01
event=kink_round H=13 col=6 round=stage12 frontier_in=384110 map_wall_s=5.095 map_cpu_s=4.565 merge_wall_s=2.305 merge_cpu_s=3.410 map_units=188 merge_ranges=80 map_eff_cores=0.90 merge_eff_cores=1.48
event=heartbeat H=15 col=3 elapsed_s=69 processed=1868800 rate_per_s=26974 steals=0
event=kink_round H=15 col=3 round=stage6 frontier_in=2338652 map_wall_s=9.012 map_cpu_s=21.731 merge_wall_s=4.033 merge_cpu_s=17.242 map_units=640 merge_ranges=80 map_eff_cores=2.41 merge_eff_cores=4.27
event=kink_round H=10 col=18 round=stage3 frontier_in=17218 map_wall_s=2.122 map_cpu_s=0.116 merge_wall_s=2.936 merge_cpu_s=0.083 map_units=9 merge_ranges=9 map_eff_cores=0.05 merge_eff_cores=0.03
event=kink_round H=11 col=14 round=stage3 frontier_in=45710 map_wall_s=2.207 map_cpu_s=0.382 merge_wall_s=3.013 merge_cpu_s=0.288 map_units=23 merge_ranges=23 map_eff_cores=0.17 merge_eff_cores=0.10
event=kink_round H=12 col=11 round=stage1 frontier_in=63502 map_wall_s=2.196 map_cpu_s=0.636 merge_wall_s=2.747 merge_cpu_s=0.596 map_units=32 merge_ranges=32 map_eff_cores=0.29 merge_eff_cores=0.22
event=kink_round H=8 col=28 round=stage6 frontier_in=2815 map_wall_s=2.520 map_cpu_s=0.009 merge_wall_s=0.836 merge_cpu_s=0.006 map_units=2 merge_ranges=2 map_eff_cores=0.00 merge_eff_cores=0.01
event=heartbeat H=17 col=2 elapsed_s=87 processed=2181120 rate_per_s=25185 steals=0
event=kink_round H=14 col=4 round=stage7 frontier_in=1008979 map_wall_s=9.796 map_cpu_s=12.291 merge_wall_s=3.535 merge_cpu_s=7.980 map_units=493 merge_ranges=80 map_eff_cores=1.25 merge_eff_cores=2.26
event=kink_round H=9 col=22 round=stage7 frontier_in=7595 map_wall_s=2.552 map_cpu_s=0.039 merge_wall_s=1.000 merge_cpu_s=0.021 map_units=4 merge_ranges=4 map_eff_cores=0.02 merge_eff_cores=0.02
event=heartbeat H=14 col=4 elapsed_s=69 processed=2267136 rate_per_s=32723 steals=0
event=heartbeat H=13 col=6 elapsed_s=69 processed=2269184 rate_per_s=32753 steals=0
event=heartbeat H=11 col=14 elapsed_s=17 processed=2270208 rate_per_s=131067 steals=0
event=heartbeat H=10 col=18 elapsed_s=17 processed=2271232 rate_per_s=131120 steals=0
event=kink_round H=10 col=18 round=stage4 frontier_in=18803 map_wall_s=5.286 map_cpu_s=0.118 merge_wall_s=1.494 merge_cpu_s=0.079 map_units=10 merge_ranges=10 map_eff_cores=0.02 merge_eff_cores=0.05
event=kink_round H=11 col=14 round=stage4 frontier_in=49855 map_wall_s=5.541 map_cpu_s=0.408 merge_wall_s=1.508 merge_cpu_s=0.296 map_units=25 merge_ranges=25 map_eff_cores=0.07 merge_eff_cores=0.20
event=kink_round H=8 col=28 round=stage7 frontier_in=2914 map_wall_s=5.669 map_cpu_s=0.009 merge_wall_s=1.347 merge_cpu_s=0.006 map_units=2 merge_ranges=2 map_eff_cores=0.00 merge_eff_cores=0.00
event=kink_round H=9 col=22 round=stage8 frontier_in=7731 map_wall_s=5.859 map_cpu_s=0.037 merge_wall_s=0.937 merge_cpu_s=0.024 map_units=4 merge_ranges=4 map_eff_cores=0.01 merge_eff_cores=0.03
event=kink_round H=12 col=11 round=stage2 frontier_in=102880 map_wall_s=5.739 map_cpu_s=0.974 merge_wall_s=1.451 merge_cpu_s=0.865 map_units=51 merge_ranges=51 map_eff_cores=0.17 merge_eff_cores=0.60
event=heartbeat H=12 col=11 elapsed_s=17 processed=3012608 rate_per_s=173923 steals=0
event=kink_round H=18 col=2 round=stage4 frontier_in=16775220 map_wall_s=14.371 map_cpu_s=86.403 merge_wall_s=8.339 merge_cpu_s=81.255 map_units=640 merge_ranges=80 map_eff_cores=6.01 merge_eff_cores=9.74
event=kink_round H=13 col=6 round=finalize frontier_in=382187 map_wall_s=9.749 map_cpu_s=2.994 merge_wall_s=2.324 merge_cpu_s=2.495 map_units=187 merge_ranges=80 map_eff_cores=0.31 merge_eff_cores=1.07
event=column H=13 col=6 frontier_in=106912 frontier_out=106912 wall_s=74.82 cum_wall_s=894.8 cpu_s=77.4 rss_max_mb=79.0 map_wall_s=55.01 map_cpu_s=46.1 merge_wall_s=19.19 merge_cpu_s=31.3 map_units=2328 merge_ranges=1093 eff_cores=1.03
event=kink_round H=10 col=18 round=stage5 frontier_in=19504 map_wall_s=0.718 map_cpu_s=0.114 merge_wall_s=2.345 merge_cpu_s=0.073 map_units=10 merge_ranges=10 map_eff_cores=0.16 merge_eff_cores=0.03
event=heartbeat H=16 col=2 elapsed_s=104 processed=201728 rate_per_s=1941 steals=0
event=kink_round H=17 col=2 round=stage9 frontier_in=9646396 map_wall_s=19.451 map_cpu_s=60.481 merge_wall_s=3.437 merge_cpu_s=48.355 map_units=640 merge_ranges=80 map_eff_cores=3.11 merge_eff_cores=14.07
event=kink_round H=8 col=28 round=finalize frontier_in=2721 map_wall_s=2.223 map_cpu_s=0.004 merge_wall_s=1.218 merge_cpu_s=0.000 map_units=2 merge_ranges=2 map_eff_cores=0.00 merge_eff_cores=0.00
event=column H=8 col=28 frontier_in=810 frontier_out=638 wall_s=32.73 cum_wall_s=927.5 cpu_s=0.1 rss_max_mb=74.8 map_wall_s=19.18 map_cpu_s=0.1 merge_wall_s=13.55 merge_cpu_s=0.0 map_units=17 merge_ranges=16 eff_cores=0.00
event=kink_round H=9 col=22 round=finalize frontier_in=7527 map_wall_s=2.222 map_cpu_s=0.023 merge_wall_s=1.139 merge_cpu_s=0.004 map_units=4 merge_ranges=4 map_eff_cores=0.01 merge_eff_cores=0.00
event=column H=9 col=22 frontier_in=2152 frontier_out=2152 wall_s=33.38 cum_wall_s=960.9 cpu_s=0.5 rss_max_mb=79.0 map_wall_s=19.95 map_cpu_s=0.3 merge_wall_s=13.42 merge_cpu_s=0.2 map_units=37 merge_ranges=35 eff_cores=0.01
event=kink_round H=11 col=14 round=stage5 frontier_in=51726 map_wall_s=1.798 map_cpu_s=0.406 merge_wall_s=1.795 merge_cpu_s=0.188 map_units=26 merge_ranges=26 map_eff_cores=0.23 merge_eff_cores=0.10
event=kink_round H=13 col=7 round=seed frontier_in=106912 map_wall_s=1.213 map_cpu_s=0.572 merge_wall_s=0.000 merge_cpu_s=0.000 map_units=53 merge_ranges=0 map_eff_cores=0.47 merge_eff_cores=0.00
event=kink_round H=12 col=11 round=stage3 frontier_in=121352 map_wall_s=2.408 map_cpu_s=1.154 merge_wall_s=1.170 merge_cpu_s=0.690 map_units=60 merge_ranges=60 map_eff_cores=0.48 merge_eff_cores=0.59
event=kink_round H=8 col=29 round=seed frontier_in=638 map_wall_s=0.391 map_cpu_s=0.002 merge_wall_s=0.000 merge_cpu_s=0.000 map_units=1 merge_ranges=0 map_eff_cores=0.01 merge_eff_cores=0.00
event=kink_round H=9 col=23 round=seed frontier_in=2152 map_wall_s=0.435 map_cpu_s=0.006 merge_wall_s=0.000 merge_cpu_s=0.000 map_units=2 merge_ranges=0 map_eff_cores=0.01 merge_eff_cores=0.00
event=kink_round H=16 col=2 round=stage15 frontier_in=6192144 map_wall_s=19.348 map_cpu_s=46.438 merge_wall_s=4.407 merge_cpu_s=22.798 map_units=640 merge_ranges=80 map_eff_cores=2.40 merge_eff_cores=5.17
event=kink_round H=10 col=18 round=stage6 frontier_in=19679 map_wall_s=1.091 map_cpu_s=0.073 merge_wall_s=1.202 merge_cpu_s=0.081 map_units=10 merge_ranges=10 map_eff_cores=0.07 merge_eff_cores=0.07
event=kink_round H=11 col=14 round=stage6 frontier_in=52426 map_wall_s=0.623 map_cpu_s=0.374 merge_wall_s=1.177 merge_cpu_s=0.263 map_units=26 merge_ranges=26 map_eff_cores=0.60 merge_eff_cores=0.22
event=kink_round H=13 col=7 round=stage0 frontier_in=106912 map_wall_s=0.825 map_cpu_s=1.359 merge_wall_s=1.304 merge_cpu_s=1.190 map_units=53 merge_ranges=53 map_eff_cores=1.65 merge_eff_cores=0.91
event=heartbeat H=19 col=2 elapsed_s=35 processed=976896 rate_per_s=28200 steals=0
event=kink_round H=8 col=29 round=stage0 frontier_in=638 map_wall_s=1.179 map_cpu_s=0.003 merge_wall_s=1.133 merge_cpu_s=0.002 map_units=1 merge_ranges=1 map_eff_cores=0.00 merge_eff_cores=0.00
event=kink_round H=9 col=23 round=stage0 frontier_in=2152 map_wall_s=1.124 map_cpu_s=0.013 merge_wall_s=1.140 merge_cpu_s=0.011 map_units=2 merge_ranges=2 map_eff_cores=0.01 merge_eff_cores=0.01
event=kink_round H=12 col=11 round=stage4 frontier_in=132241 map_wall_s=1.322 map_cpu_s=1.344 merge_wall_s=1.240 merge_cpu_s=1.010 map_units=65 merge_ranges=65 map_eff_cores=1.02 merge_eff_cores=0.81
event=heartbeat H=18 col=2 elapsed_s=87 processed=1148928 rate_per_s=13267 steals=0
event=kink_round H=10 col=18 round=stage7 frontier_in=19901 map_wall_s=1.230 map_cpu_s=0.123 merge_wall_s=1.596 merge_cpu_s=0.083 map_units=10 merge_ranges=10 map_eff_cores=0.10 merge_eff_cores=0.05
event=kink_round H=11 col=14 round=stage7 frontier_in=52569 map_wall_s=1.292 map_cpu_s=0.396 merge_wall_s=1.964 merge_cpu_s=0.294 map_units=26 merge_ranges=26 map_eff_cores=0.31 merge_eff_cores=0.15
event=heartbeat H=15 col=3 elapsed_s=87 processed=1646592 rate_per_s=19013 steals=0
event=kink_round H=8 col=29 round=stage1 frontier_in=1022 map_wall_s=1.556 map_cpu_s=0.004 merge_wall_s=1.400 merge_cpu_s=0.003 map_units=1 merge_ranges=1 map_eff_cores=0.00 merge_eff_cores=0.00
event=kink_round H=9 col=23 round=stage1 frontier_in=3470 map_wall_s=1.671 map_cpu_s=0.019 merge_wall_s=1.334 merge_cpu_s=0.017 map_units=2 merge_ranges=2 map_eff_cores=0.01 merge_eff_cores=0.01
event=kink_round H=14 col=4 round=stage8 frontier_in=1014076 map_wall_s=13.829 map_cpu_s=11.411 merge_wall_s=2.428 merge_cpu_s=8.912 map_units=496 merge_ranges=80 map_eff_cores=0.83 merge_eff_cores=3.67
event=heartbeat H=17 col=2 elapsed_s=104 processed=1680384 rate_per_s=16169 steals=0
event=heartbeat H=14 col=4 elapsed_s=87 processed=1680384 rate_per_s=19403 steals=0
event=heartbeat H=11 col=14 elapsed_s=35 processed=1718272 rate_per_s=49602 steals=0
event=heartbeat H=10 col=18 elapsed_s=35 processed=1743872 rate_per_s=50340 steals=0
event=kink_round H=12 col=11 round=stage5 frontier_in=137382 map_wall_s=1.944 map_cpu_s=1.459 merge_wall_s=6.388 merge_cpu_s=1.097 map_units=68 merge_ranges=68 map_eff_cores=0.75 merge_eff_cores=0.17
event=kink_round H=10 col=18 round=stage8 frontier_in=19909 map_wall_s=1.413 map_cpu_s=0.119 merge_wall_s=6.535 merge_cpu_s=0.077 map_units=10 merge_ranges=10 map_eff_cores=0.08 merge_eff_cores=0.01
event=kink_round H=13 col=7 round=stage1 frontier_in=171990 map_wall_s=2.903 map_cpu_s=2.225 merge_wall_s=7.038 merge_cpu_s=1.892 map_units=84 merge_ranges=80 map_eff_cores=0.77 merge_eff_cores=0.27
event=kink_round H=19 col=2 round=stage0 frontier_in=11313826 map_wall_s=20.598 map_cpu_s=89.238 merge_wall_s=8.268 merge_cpu_s=83.848 map_units=640 merge_ranges=80 map_eff_cores=4.33 merge_eff_cores=10.14
event=kink_round H=11 col=14 round=stage8 frontier_in=52799 map_wall_s=6.453 map_cpu_s=0.429 merge_wall_s=1.212 merge_cpu_s=0.264 map_units=26 merge_ranges=26 map_eff_cores=0.07 merge_eff_cores=0.22
event=kink_round H=8 col=29 round=stage2 frontier_in=1708 map_wall_s=6.497 map_cpu_s=0.005 merge_wall_s=0.667 merge_cpu_s=0.004 map_units=1 merge_ranges=1 map_eff_cores=0.00 merge_eff_cores=0.01
event=kink_round H=9 col=23 round=stage2 frontier_in=5617 map_wall_s=6.469 map_cpu_s=0.025 merge_wall_s=0.635 merge_cpu_s=0.014 map_units=3 merge_ranges=3 map_eff_cores=0.00 merge_eff_cores=0.02
event=kink_round H=15 col=3 round=stage7 frontier_in=2394227 map_wall_s=16.307 map_cpu_s=22.690 merge_wall_s=7.920 merge_cpu_s=13.575 map_units=640 merge_ranges=80 map_eff_cores=1.39 merge_eff_cores=1.71
event=kink_round H=12 col=11 round=stage6 frontier_in=139593 map_wall_s=1.451 map_cpu_s=1.253 merge_wall_s=0.704 merge_cpu_s=1.026 map_units=69 merge_ranges=69 map_eff_cores=0.86 merge_eff_cores=1.46
event=kink_round H=10 col=18 round=stage9 frontier_in=20222 map_wall_s=0.630 map_cpu_s=0.079 merge_wall_s=0.767 merge_cpu_s=0.076 map_units=10 merge_ranges=10 map_eff_cores=0.13 merge_eff_cores=0.10
event=heartbeat H=12 col=11 elapsed_s=35 processed=2619392 rate_per_s=75615 steals=0
event=kink_round H=8 col=29 round=stage3 frontier_in=2118 map_wall_s=0.708 map_cpu_s=0.007 merge_wall_s=1.935 merge_cpu_s=0.004 map_units=2 merge_ranges=2 map_eff_cores=0.01 merge_eff_cores=0.00
event=kink_round H=9 col=23 round=stage3 frontier_in=6680 map_wall_s=0.762 map_cpu_s=0.034 merge_wall_s=2.020 merge_cpu_s=0.022 map_units=4 merge_ranges=4 map_eff_cores=0.04 merge_eff_cores=0.01
event=kink_round H=11 col=14 round=stage9 frontier_in=52650 map_wall_s=0.767 map_cpu_s=0.380 merge_wall_s=2.069 merge_cpu_s=0.281 map_units=26 merge_ranges=26 map_eff_cores=0.50 merge_eff_cores=0.14
event=heartbeat H=13 col=7 elapsed_s=17 processed=2998272 rate_per_s=173099 steals=0
event=kink_round H=13 col=7 round=stage2 frontier_in=278236 map_wall_s=1.492 map_cpu_s=2.459 merge_wall_s=2.643 merge_cpu_s=2.959 map_units=136 merge_ranges=80 map_eff_cores=1.65 merge_eff_cores=1.12
event=heartbeat H=16 col=2 elapsed_s=121 processed=3068928 rate_per_s=25312 steals=0
event=heartbeat H=8 col=29 elapsed_s=17 processed=3189760 rate_per_s=184158 steals=0
event=heartbeat H=9 col=23 elapsed_s=17 processed=3193856 rate_per_s=184387 steals=0
event=kink_round H=12 col=11 round=stage7 frontier_in=140142 map_wall_s=2.010 map_cpu_s=1.428 merge_wall_s=2.451 merge_cpu_s=1.097 map_units=69 merge_ranges=69 map_eff_cores=0.71 merge_eff_cores=0.45
event=kink_round H=10 col=18 round=finalize frontier_in=19810 map_wall_s=2.152 map_cpu_s=0.095 merge_wall_s=2.118 merge_cpu_s=0.040 map_units=10 merge_ranges=10 map_eff_cores=0.04 merge_eff_cores=0.02
event=column H=10 col=18 frontier_in=5567 frontier_out=5566 wall_s=41.58 cum_wall_s=1002.5 cpu_s=1.8 rss_max_mb=79.0 map_wall_s=18.51 map_cpu_s=1.0 merge_wall_s=23.05 merge_cpu_s=0.7 map_units=98 merge_ranges=95 eff_cores=0.04
event=kink_round H=8 col=29 round=stage4 frontier_in=2334 map_wall_s=2.304 map_cpu_s=0.007 merge_wall_s=1.775 merge_cpu_s=0.004 map_units=2 merge_ranges=2 map_eff_cores=0.00 merge_eff_cores=0.00
event=kink_round H=9 col=23 round=stage4 frontier_in=7278 map_wall_s=2.232 map_cpu_s=0.036 merge_wall_s=1.821 merge_cpu_s=0.023 map_units=4 merge_ranges=4 map_eff_cores=0.02 merge_eff_cores=0.01
event=heartbeat H=19 col=2 elapsed_s=52 processed=415744 rate_per_s=8001 steals=0
event=kink_round H=11 col=14 round=stage10 frontier_in=53453 map_wall_s=2.264 map_cpu_s=0.403 merge_wall_s=2.307 merge_cpu_s=0.307 map_units=27 merge_ranges=27 map_eff_cores=0.18 merge_eff_cores=0.13
event=kink_round H=10 col=19 round=seed frontier_in=5566 map_wall_s=2.306 map_cpu_s=0.028 merge_wall_s=0.000 merge_cpu_s=0.000 map_units=3 merge_ranges=0 map_eff_cores=0.01 merge_eff_cores=0.00
event=heartbeat H=18 col=2 elapsed_s=104 processed=531456 rate_per_s=5114 steals=0
event=heartbeat H=15 col=3 elapsed_s=104 processed=772096 rate_per_s=7429 steals=0
event=heartbeat H=17 col=2 elapsed_s=121 processed=772096 rate_per_s=6368 steals=0
event=heartbeat H=14 col=4 elapsed_s=104 processed=806912 rate_per_s=7764 steals=0
event=kink_round H=12 col=11 round=stage8 frontier_in=140687 map_wall_s=2.315 map_cpu_s=1.477 merge_wall_s=6.663 merge_cpu_s=1.136 map_units=69 merge_ranges=69 map_eff_cores=0.64 merge_eff_cores=0.17
event=heartbeat H=11 col=14 elapsed_s=52 processed=862208 rate_per_s=16593 steals=0
event=kink_round H=8 col=29 round=stage5 frontier_in=2422 map_wall_s=1.273 map_cpu_s=0.008 merge_wall_s=7.584 merge_cpu_s=0.004 map_units=2 merge_ranges=2 map_eff_cores=0.01 merge_eff_cores=0.00
event=kink_round H=13 col=7 round=stage3 frontier_in=327424 map_wall_s=4.245 map_cpu_s=4.040 merge_wall_s=7.908 merge_cpu_s=3.293 map_units=160 merge_ranges=80 map_eff_cores=0.95 merge_eff_cores=0.42
event=kink_round H=18 col=2 round=stage5 frontier_in=17877255 map_wall_s=21.960 map_cpu_s=90.707 merge_wall_s=9.426 merge_cpu_s=97.877 map_units=640 merge_ranges=80 map_eff_cores=4.13 merge_eff_cores=10.38
event=kink_round H=16 col=2 round=finalize frontier_in=6062007 map_wall_s=18.955 map_cpu_s=36.282 merge_wall_s=8.866 merge_cpu_s=18.083 map_units=640 merge_ranges=80 map_eff_cores=1.91 merge_eff_cores=2.04
event=column H=16 col=2 frontier_in=804455 frontier_out=1685628 wall_s=134.41 cum_wall_s=1136.9 cpu_s=572.7 rss_max_mb=79.0 map_wall_s=95.57 map_cpu_s=371.2 merge_wall_s=34.46 merge_cpu_s=201.5 map_units=11010 merge_ranges=1360 eff_cores=4.26
event=kink_round H=9 col=23 round=stage5 frontier_in=7497 map_wall_s=5.753 map_cpu_s=0.037 merge_wall_s=5.411 merge_cpu_s=0.022 map_units=4 merge_ranges=4 map_eff_cores=0.01 merge_eff_cores=0.00
event=kink_round H=10 col=19 round=stage0 frontier_in=5566 map_wall_s=6.639 map_cpu_s=0.039 merge_wall_s=4.052 merge_cpu_s=0.033 map_units=3 merge_ranges=3 map_eff_cores=0.01 merge_eff_cores=0.01
event=kink_round H=11 col=14 round=finalize frontier_in=52683 map_wall_s=6.663 map_cpu_s=0.324 merge_wall_s=4.048 merge_cpu_s=0.175 map_units=26 merge_ranges=26 map_eff_cores=0.05 merge_eff_cores=0.04
event=column H=11 col=14 frontier_in=14826 frontier_out=14826 wall_s=54.79 cum_wall_s=1191.7 cpu_s=7.0 rss_max_mb=79.0 map_wall_s=31.59 map_cpu_s=4.2 merge_wall_s=23.13 merge_cpu_s=2.8 map_units=278 merge_ranges=270 eff_cores=0.13
event=heartbeat H=12 col=11 elapsed_s=52 processed=78848 rate_per_s=1517 steals=0
event=kink_round H=14 col=4 round=stage9 frontier_in=1020238 map_wall_s=20.799 map_cpu_s=11.448 merge_wall_s=4.757 merge_cpu_s=7.750 map_units=499 merge_ranges=80 map_eff_cores=0.55 merge_eff_cores=1.63
event=kink_round H=11 col=15 round=seed frontier_in=14826 map_wall_s=1.660 map_cpu_s=0.096 merge_wall_s=0.000 merge_cpu_s=0.000 map_units=8 merge_ranges=0 map_eff_cores=0.06 merge_eff_cores=0.00
event=kink_round H=8 col=29 round=stage6 frontier_in=2454 map_wall_s=3.159 map_cpu_s=0.007 merge_wall_s=1.056 merge_cpu_s=0.004 map_units=2 merge_ranges=2 map_eff_cores=0.00 merge_eff_cores=0.00
event=kink_round H=12 col=11 round=stage9 frontier_in=141099 map_wall_s=4.176 map_cpu_s=1.251 merge_wall_s=1.621 merge_cpu_s=1.084 map_units=69 merge_ranges=69 map_eff_cores=0.30 merge_eff_cores=0.67
event=kink_round H=17 col=2 round=stage10 frontier_in=10401017 map_wall_s=20.722 map_cpu_s=65.613 merge_wall_s=12.157 merge_cpu_s=57.888 map_units=640 merge_ranges=80 map_eff_cores=3.17 merge_eff_cores=4.76
event=heartbeat H=13 col=7 elapsed_s=35 processed=714752 rate_per_s=20633 steals=0
event=kink_round H=9 col=23 round=stage6 frontier_in=7568 map_wall_s=1.701 map_cpu_s=0.037 merge_wall_s=1.097 merge_cpu_s=0.024 map_units=4 merge_ranges=4 map_eff_cores=0.02 merge_eff_cores=0.02
event=kink_round H=10 col=19 round=stage1 frontier_in=8945 map_wall_s=1.684 map_cpu_s=0.060 merge_wall_s=1.095 merge_cpu_s=0.056 map_units=5 merge_ranges=5 map_eff_cores=0.04 merge_eff_cores=0.05
event=heartbeat H=8 col=29 elapsed_s=35 processed=1113088 rate_per_s=32128 steals=0
event=heartbeat H=9 col=23 elapsed_s=35 processed=1121280 rate_per_s=32368 steals=0
event=kink_round H=8 col=29 round=stage7 frontier_in=2537 map_wall_s=1.057 map_cpu_s=0.006 merge_wall_s=1.349 merge_cpu_s=0.004 map_units=2 merge_ranges=2 map_eff_cores=0.01 merge_eff_cores=0.00
event=kink_round H=11 col=15 round=stage0 frontier_in=14826 map_wall_s=1.140 map_cpu_s=0.126 merge_wall_s=1.411 merge_cpu_s=0.115 map_units=8 merge_ranges=8 map_eff_cores=0.11 merge_eff_cores=0.08
event=heartbeat H=10 col=19 elapsed_s=17 processed=1219584 rate_per_s=70412 steals=0
event=kink_round H=12 col=11 round=stage10 frontier_in=140628 map_wall_s=1.217 map_cpu_s=1.360 merge_wall_s=1.378 merge_cpu_s=1.075 map_units=69 merge_ranges=69 map_eff_cores=1.12 merge_eff_cores=0.78
event=kink_round H=13 col=7 round=stage4 frontier_in=356512 map_wall_s=5.460 map_cpu_s=3.548 merge_wall_s=1.694 merge_cpu_s=3.455 map_units=175 merge_ranges=80 map_eff_cores=0.65 merge_eff_cores=2.04
event=kink_round H=9 col=23 round=stage7 frontier_in=7594 map_wall_s=1.359 map_cpu_s=0.035 merge_wall_s=1.463 merge_cpu_s=0.024 map_units=4 merge_ranges=4 map_eff_cores=0.03 merge_eff_cores=0.02
event=kink_round H=10 col=19 round=stage2 frontier_in=14517 map_wall_s=1.392 map_cpu_s=0.090 merge_wall_s=1.610 merge_cpu_s=0.065 map_units=8 merge_ranges=8 map_eff_cores=0.06 merge_eff_cores=0.04
event=heartbeat H=19 col=2 elapsed_s=69 processed=1498112 rate_per_s=21623 steals=0
event=heartbeat H=18 col=2 elapsed_s=121 processed=1498112 rate_per_s=12356 steals=0
event=kink_round H=15 col=3 round=stage8 frontier_in=2454783 map_wall_s=22.084 map_cpu_s=25.374 merge_wall_s=4.019 merge_cpu_s=19.681 map_units=640 merge_ranges=80 map_eff_cores=1.15 merge_eff_cores=4.90
event=kink_round H=8 col=29 round=finalize frontier_in=2285 map_wall_s=1.462 map_cpu_s=0.004 merge_wall_s=2.927 merge_cpu_s=0.002 map_units=2 merge_ranges=2 map_eff_cores=0.00 merge_eff_cores=0.00
event=column H=8 col=29 frontier_in=638 frontier_out=344 wall_s=39.42 cum_wall_s=1231.1 cpu_s=0.1 rss_max_mb=74.8 map_wall_s=19.59 map_cpu_s=0.1 merge_wall_s=19.83 merge_cpu_s=0.0 map_units=16 merge_ranges=15 eff_cores=0.00
event=kink_round H=11 col=15 round=stage1 frontier_in=23855 map_wall_s=1.771 map_cpu_s=0.202 merge_wall_s=2.808 merge_cpu_s=0.186 map_units=12 merge_ranges=12 map_eff_cores=0.11 merge_eff_cores=0.07
event=heartbeat H=15 col=3 elapsed_s=121 processed=83968 rate_per_s=693 steals=0
event=kink_round H=12 col=11 round=stage11 frontier_in=142690 map_wall_s=2.786 map_cpu_s=1.259 merge_wall_s=2.052 merge_cpu_s=1.064 map_units=70 merge_ranges=70 map_eff_cores=0.45 merge_eff_cores=0.52
event=kink_round H=8 col=30 round=seed frontier_in=344 map_wall_s=1.102 map_cpu_s=0.001 merge_wall_s=0.000 merge_cpu_s=0.000 map_units=1 merge_ranges=0 map_eff_cores=0.00 merge_eff_cores=0.00
event=kink_round H=9 col=23 round=stage8 frontier_in=7731 map_wall_s=2.990 map_cpu_s=0.034 merge_wall_s=1.123 merge_cpu_s=0.022 map_units=4 merge_ranges=4 map_eff_cores=0.01 merge_eff_cores=0.02
event=kink_round H=10 col=19 round=stage3 frontier_in=17216 map_wall_s=2.879 map_cpu_s=0.106 merge_wall_s=1.085 merge_cpu_s=0.081 map_units=9 merge_ranges=9 map_eff_cores=0.04 merge_eff_cores=0.07
event=heartbeat H=17 col=2 elapsed_s=139 processed=571392 rate_per_s=4124 steals=0
event=heartbeat H=14 col=4 elapsed_s=121 processed=733184 rate_per_s=6047 steals=0
event=heartbeat H=16 col=3 elapsed_s=17 processed=733184 rate_per_s=42328 steals=0
event=heartbeat H=11 col=15 elapsed_s=17 processed=733184 rate_per_s=42328 steals=0
event=heartbeat H=12 col=11 elapsed_s=69 processed=733184 rate_per_s=10583 steals=0
event=kink_round H=11 col=15 round=stage2 frontier_in=38640 map_wall_s=1.328 map_cpu_s=0.302 merge_wall_s=9.072 merge_cpu_s=0.250 map_units=19 merge_ranges=19 map_eff_cores=0.23 merge_eff_cores=0.03
event=heartbeat H=13 col=7 elapsed_s=52 processed=792576 rate_per_s=15253 steals=0
event=kink_round H=12 col=11 round=finalize frontier_in=141350 map_wall_s=1.635 map_cpu_s=1.134 merge_wall_s=9.664 merge_cpu_s=0.944 map_units=70 merge_ranges=70 map_eff_cores=0.69 merge_eff_cores=0.10
event=column H=12 col=11 frontier_in=39506 frontier_out=39506 wall_s=72.02 cum_wall_s=1303.1 cpu_s=27.5 rss_max_mb=102.6 map_wall_s=32.62 map_cpu_s=15.5 merge_wall_s=39.18 merge_cpu_s=12.0 map_units=801 merge_ranges=781 eff_cores=0.38
event=kink_round H=8 col=30 round=stage0 frontier_in=344 map_wall_s=1.400 map_cpu_s=0.002 merge_wall_s=9.671 merge_cpu_s=0.001 map_units=1 merge_ranges=1 map_eff_cores=0.00 merge_eff_cores=0.00
event=kink_round H=9 col=23 round=finalize frontier_in=7527 map_wall_s=1.440 map_cpu_s=0.028 merge_wall_s=9.643 merge_cpu_s=0.010 map_units=4 merge_ranges=4 map_eff_cores=0.02 merge_eff_cores=0.00
event=column H=9 col=23 frontier_in=2152 frontier_out=2152 wall_s=51.63 cum_wall_s=1354.7 cpu_s=0.5 rss_max_mb=73.0 map_wall_s=25.94 map_cpu_s=0.3 merge_wall_s=25.69 merge_cpu_s=0.2 map_units=37 merge_ranges=35 eff_cores=0.01
event=kink_round H=13 col=7 round=stage5 frontier_in=370228 map_wall_s=6.057 map_cpu_s=4.414 merge_wall_s=9.936 merge_cpu_s=3.094 map_units=181 merge_ranges=80 map_eff_cores=0.73 merge_eff_cores=0.31
event=kink_round H=10 col=19 round=stage4 frontier_in=18798 map_wall_s=1.461 map_cpu_s=0.117 merge_wall_s=9.740 merge_cpu_s=0.075 map_units=10 merge_ranges=10 map_eff_cores=0.08 merge_eff_cores=0.01
event=kink_round H=16 col=3 round=seed frontier_in=1685628 map_wall_s=22.312 map_cpu_s=15.562 merge_wall_s=0.000 merge_cpu_s=0.000 map_units=640 merge_ranges=0 map_eff_cores=0.70 merge_eff_cores=0.00
event=kink_round H=19 col=2 round=stage1 frontier_in=17942993 map_wall_s=27.694 map_cpu_s=113.362 merge_wall_s=11.837 merge_cpu_s=139.384 map_units=640 merge_ranges=80 map_eff_cores=4.09 merge_eff_cores=11.77
event=heartbeat H=10 col=19 elapsed_s=35 processed=152576 rate_per_s=4404 steals=0
event=kink_round H=12 col=12 round=seed frontier_in=39506 map_wall_s=1.212 map_cpu_s=0.313 merge_wall_s=0.000 merge_cpu_s=0.000 map_units=20 merge_ranges=0 map_eff_cores=0.26 merge_eff_cores=0.00
event=kink_round H=9 col=24 round=seed frontier_in=2152 map_wall_s=1.065 map_cpu_s=0.007 merge_wall_s=0.000 merge_cpu_s=0.000 map_units=2 merge_ranges=0 map_eff_cores=0.01 merge_eff_cores=0.00
event=kink_round H=14 col=4 round=stage10 frontier_in=1025272 map_wall_s=19.184 map_cpu_s=12.732 merge_wall_s=1.961 merge_cpu_s=7.000 map_units=501 merge_ranges=80 map_eff_cores=0.66 merge_eff_cores=3.57
event=kink_round H=11 col=15 round=stage3 frontier_in=45708 map_wall_s=2.016 map_cpu_s=0.364 merge_wall_s=1.015 merge_cpu_s=0.183 map_units=23 merge_ranges=23 map_eff_cores=0.18 merge_eff_cores=0.18
event=kink_round H=8 col=30 round=stage1 frontier_in=585 map_wall_s=1.084 map_cpu_s=0.002 merge_wall_s=0.760 merge_cpu_s=0.002 map_units=1 merge_ranges=1 map_eff_cores=0.00 merge_eff_cores=0.00
event=kink_round H=10 col=19 round=stage5 frontier_in=19499 map_wall_s=1.049 map_cpu_s=0.091 merge_wall_s=0.912 merge_cpu_s=0.063 map_units=10 merge_ranges=10 map_eff_cores=0.09 merge_eff_cores=0.07
event=heartbeat H=19 col=2 elapsed_s=87 processed=1074176 rate_per_s=12403 steals=0
event=heartbeat H=18 col=2 elapsed_s=139 processed=1097728 rate_per_s=7922 steals=0
event=kink_round H=9 col=24 round=stage0 frontier_in=2152 map_wall_s=0.826 map_cpu_s=0.011 merge_wall_s=1.893 merge_cpu_s=0.010 map_units=2 merge_ranges=2 map_eff_cores=0.01 merge_eff_cores=0.01
event=kink_round H=12 col=12 round=stage0 frontier_in=39506 map_wall_s=0.851 map_cpu_s=0.382 merge_wall_s=2.102 merge_cpu_s=0.345 map_units=20 merge_ranges=20 map_eff_cores=0.45 merge_eff_cores=0.16
event=kink_round H=8 col=30 round=stage2 frontier_in=1028 map_wall_s=1.912 map_cpu_s=0.003 merge_wall_s=1.312 merge_cpu_s=0.002 map_units=1 merge_ranges=1 map_eff_cores=0.00 merge_eff_cores=0.00
event=kink_round H=11 col=15 round=stage4 frontier_in=49853 map_wall_s=1.041 map_cpu_s=0.329 merge_wall_s=2.452 merge_cpu_s=0.240 map_units=25 merge_ranges=25 map_eff_cores=0.32 merge_eff_cores=0.10
event=heartbeat H=8 col=30 elapsed_s=17 processed=1538048 rate_per_s=88795 steals=0
event=heartbeat H=15 col=3 elapsed_s=139 processed=1605632 rate_per_s=11588 steals=0
event=kink_round H=10 col=19 round=stage6 frontier_in=19672 map_wall_s=2.275 map_cpu_s=0.120 merge_wall_s=2.248 merge_cpu_s=0.081 map_units=10 merge_ranges=10 map_eff_cores=0.05 merge_eff_cores=0.04
event=kink_round H=13 col=7 round=stage6 frontier_in=376230 map_wall_s=4.226 map_cpu_s=3.733 merge_wall_s=2.464 merge_cpu_s=3.313 map_units=184 merge_ranges=80 map_eff_cores=0.88 merge_eff_cores=1.34
event=kink_round H=9 col=24 round=stage1 frontier_in=3470 map_wall_s=1.415 map_cpu_s=0.019 merge_wall_s=1.884 merge_cpu_s=0.015 map_units=2 merge_ranges=2 map_eff_cores=0.01 merge_eff_cores=0.01
event=kink_round H=12 col=12 round=stage1 frontier_in=63502 map_wall_s=1.576 map_cpu_s=0.614 merge_wall_s=1.592 merge_cpu_s=0.539 map_units=32 merge_ranges=32 map_eff_cores=0.39 merge_eff_cores=0.34
event=heartbeat H=17 col=2 elapsed_s=156 processed=1911808 rate_per_s=12264 steals=0
event=heartbeat H=14 col=4 elapsed_s=139 processed=1911808 rate_per_s=13797 steals=0
event=heartbeat H=16 col=3 elapsed_s=35 processed=1914880 rate_per_s=55277 steals=0
event=heartbeat H=11 col=15 elapsed_s=35 processed=1960960 rate_per_s=56607 steals=0
event=kink_round H=18 col=2 round=stage6 frontier_in=18967142 map_wall_s=27.678 map_cpu_s=102.854 merge_wall_s=10.239 merge_cpu_s=104.815 map_units=640 merge_ranges=80 map_eff_cores=3.72 merge_eff_cores=10.24
event=heartbeat H=13 col=7 elapsed_s=69 processed=1961984 rate_per_s=28318 steals=0
event=heartbeat H=12 col=12 elapsed_s=17 processed=1991680 rate_per_s=114987 steals=0
event=heartbeat H=9 col=24 elapsed_s=17 processed=2012160 rate_per_s=116170 steals=0
event=kink_round H=8 col=30 round=stage3 frontier_in=1434 map_wall_s=1.982 map_cpu_s=0.001 merge_wall_s=10.814 merge_cpu_s=0.002 map_units=1 merge_ranges=1 map_eff_cores=0.00 merge_eff_cores=0.00
event=kink_round H=11 col=15 round=stage5 frontier_in=51721 map_wall_s=2.068 map_cpu_s=0.235 merge_wall_s=10.811 merge_cpu_s=0.278 map_units=26 merge_ranges=26 map_eff_cores=0.11 merge_eff_cores=0.03
event=heartbeat H=10 col=19 elapsed_s=52 processed=2383872 rate_per_s=45877 steals=0
event=kink_round H=17 col=2 round=stage11 frontier_in=11237744 map_wall_s=24.501 map_cpu_s=71.308 merge_wall_s=13.674 merge_cpu_s=66.386 map_units=640 merge_ranges=80 map_eff_cores=2.91 merge_eff_cores=4.85
event=heartbeat H=19 col=2 elapsed_s=104 processed=2489344 rate_per_s=23954 steals=0
event=kink_round H=10 col=19 round=stage7 frontier_in=19901 map_wall_s=10.455 map_cpu_s=0.109 merge_wall_s=3.001 merge_cpu_s=0.082 map_units=10 merge_ranges=10 map_eff_cores=0.01 merge_eff_cores=0.03
event=kink_round H=9 col=24 round=stage2 frontier_in=5617 map_wall_s=10.811 map_cpu_s=0.026 merge_wall_s=2.550 merge_cpu_s=0.017 map_units=3 merge_ranges=3 map_eff_cores=0.00 merge_eff_cores=0.01
event=heartbeat H=18 col=2 elapsed_s=156 processed=2758656 rate_per_s=17697 steals=0
event=kink_round H=12 col=12 round=stage2 frontier_in=102880 map_wall_s=10.901 map_cpu_s=0.684 merge_wall_s=3.248 merge_cpu_s=0.832 map_units=51 merge_ranges=51 map_eff_cores=0.06 merge_eff_cores=0.26
event=kink_round H=8 col=30 round=stage4 frontier_in=1578 map_wall_s=2.600 map_cpu_s=0.002 merge_wall_s=1.346 merge_cpu_s=0.002 map_units=1 merge_ranges=1 map_eff_cores=0.00 merge_eff_cores=0.00
event=kink_round H=15 col=3 round=stage9 frontier_in=2520522 map_wall_s=30.338 map_cpu_s=25.580 merge_wall_s=3.848 merge_cpu_s=18.422 map_units=640 merge_ranges=80 map_eff_cores=0.84 merge_eff_cores=4.79
event=kink_round H=11 col=15 round=stage6 frontier_in=52423 map_wall_s=2.612 map_cpu_s=0.366 merge_wall_s=1.617 merge_cpu_s=0.281 map_units=26 merge_ranges=26 map_eff_cores=0.14 merge_eff_cores=0.17
event=heartbeat H=8 col=30 elapsed_s=35 processed=3151872 rate_per_s=90985 steals=0
event=heartbeat H=15 col=3 elapsed_s=156 processed=3190784 rate_per_s=20469 steals=0
event=kink_round H=10 col=19 round=stage8 frontier_in=19907 map_wall_s=1.451 map_cpu_s=0.065 merge_wall_s=1.645 merge_cpu_s=0.082 map_units=10 merge_ranges=10 map_eff_cores=0.04 merge_eff_cores=0.05
event=kink_round H=9 col=24 round=stage3 frontier_in=6669 map_wall_s=1.437 map_cpu_s=0.024 merge_wall_s=2.451 merge_cpu_s=0.021 map_units=4 merge_ranges=4 map_eff_cores=0.02 merge_eff_cores=0.01
event=kink_round H=13 col=7 round=stage7 frontier_in=378384 map_wall_s=14.889 map_cpu_s=3.721 merge_wall_s=2.681 merge_cpu_s=3.543 map_units=185 merge_ranges=80 map_eff_cores=0.25 merge_eff_cores=1.32
event=heartbeat H=17 col=2 elapsed_s=173 processed=3593216 rate_per_s=20745 steals=0
event=kink_round H=12 col=12 round=stage3 frontier_in=121349 map_wall_s=1.815 map_cpu_s=1.153 merge_wall_s=2.961 merge_cpu_s=0.982 map_units=60 merge_ranges=60 map_eff_cores=0.64 merge_eff_cores=0.33
event=kink_round H=8 col=30 round=stage5 frontier_in=1621 map_wall_s=1.832 map_cpu_s=0.004 merge_wall_s=2.969 merge_cpu_s=0.002 map_units=1 merge_ranges=1 map_eff_cores=0.00 merge_eff_cores=0.00
event=heartbeat H=14 col=4 elapsed_s=156 processed=3847168 rate_per_s=24679 steals=0
event=kink_round H=11 col=15 round=stage7 frontier_in=52567 map_wall_s=2.411 map_cpu_s=0.300 merge_wall_s=2.556 merge_cpu_s=0.279 map_units=26 merge_ranges=26 map_eff_cores=0.12 merge_eff_cores=0.11
event=kink_round H=14 col=4 round=stage11 frontier_in=1029762 map_wall_s=21.946 map_cpu_s=9.764 merge_wall_s=3.836 merge_cpu_s=9.303 map_units=503 merge_ranges=80 map_eff_cores=0.44 merge_eff_cores=2.43
event=kink_round H=10 col=19 round=stage9 frontier_in=20220 map_wall_s=2.834 map_cpu_s=0.117 merge_wall_s=3.494 merge_cpu_s=0.077 map_units=10 merge_ranges=10 map_eff_cores=0.04 merge_eff_cores=0.02
event=heartbeat H=16 col=3 elapsed_s=52 processed=4179968 rate_per_s=80443 steals=0
event=kink_round H=9 col=24 round=stage4 frontier_in=7261 map_wall_s=2.298 map_cpu_s=0.029 merge_wall_s=3.441 merge_cpu_s=0.020 map_units=4 merge_ranges=4 map_eff_cores=0.01 merge_eff_cores=0.01
event=kink_round H=16 col=3 round=stage0 frontier_in=1685628 map_wall_s=25.502 map_cpu_s=46.885 merge_wall_s=4.899 merge_cpu_s=21.474 map_units=640 merge_ranges=80 map_eff_cores=1.84 merge_eff_cores=4.38
event=heartbeat H=11 col=15 elapsed_s=52 processed=4567040 rate_per_s=87892 steals=0
event=kink_round H=8 col=30 round=stage6 frontier_in=1664 map_wall_s=3.491 map_cpu_s=0.004 merge_wall_s=2.533 merge_cpu_s=0.002 map_units=1 merge_ranges=1 map_eff_cores=0.00 merge_eff_cores=0.00
event=kink_round H=12 col=12 round=stage4 frontier_in=132238 map_wall_s=3.871 map_cpu_s=1.291 merge_wall_s=2.600 merge_cpu_s=1.060 map_units=65 merge_ranges=65 map_eff_cores=0.33 merge_eff_cores=0.41
event=kink_round H=11 col=15 round=stage8 frontier_in=52799 map_wall_s=3.687 map_cpu_s=0.408 merge_wall_s=2.384 merge_cpu_s=0.286 map_units=26 merge_ranges=26 map_eff_cores=0.11 merge_eff_cores=0.12
event=heartbeat H=13 col=7 elapsed_s=87 processed=5074944 rate_per_s=58600 steals=0
event=kink_round H=10 col=19 round=finalize frontier_in=19806 map_wall_s=2.702 map_cpu_s=0.088 merge_wall_s=2.097 merge_cpu_s=0.041 map_units=10 merge_ranges=10 map_eff_cores=0.03 merge_eff_cores=0.02
event=column H=10 col=19 frontier_in=5566 frontier_out=5566 wall_s=68.13 cum_wall_s=1422.9 cpu_s=1.8 rss_max_mb=102.6 map_wall_s=37.13 map_cpu_s=1.0 merge_wall_s=30.98 merge_cpu_s=0.7 map_units=98 merge_ranges=95 eff_cores=0.03
event=heartbeat H=12 col=12 elapsed_s=35 processed=8192 rate_per_s=236 steals=0
event=kink_round H=9 col=24 round=stage5 frontier_in=7484 map_wall_s=2.469 map_cpu_s=0.034 merge_wall_s=2.037 merge_cpu_s=0.021 map_units=4 merge_ranges=4 map_eff_cores=0.01 merge_eff_cores=0.01
event=heartbeat H=9 col=24 elapsed_s=35 processed=22528 rate_per_s=650 steals=0
event=kink_round H=13 col=7 round=stage8 frontier_in=378846 map_wall_s=8.606 map_cpu_s=4.086 merge_wall_s=2.763 merge_cpu_s=3.320 map_units=185 merge_ranges=80 map_eff_cores=0.47 merge_eff_cores=1.20
event=kink_round H=8 col=30 round=stage7 frontier_in=1696 map_wall_s=2.009 map_cpu_s=0.004 merge_wall_s=1.744 merge_cpu_s=0.002 map_units=1 merge_ranges=1 map_eff_cores=0.00 merge_eff_cores=0.00
event=kink_round H=10 col=20 round=seed frontier_in=5566 map_wall_s=1.961 map_cpu_s=0.027 merge_wall_s=0.000 merge_cpu_s=0.000 map_units=3 merge_ranges=0 map_eff_cores=0.01 merge_eff_cores=0.00
event=kink_round H=12 col=12 round=stage5 frontier_in=137378 map_wall_s=2.394 map_cpu_s=1.380 merge_wall_s=1.510 merge_cpu_s=0.948 map_units=68 merge_ranges=68 map_eff_cores=0.58 merge_eff_cores=0.63
event=kink_round H=11 col=15 round=stage9 frontier_in=52650 map_wall_s=2.604 map_cpu_s=0.370 merge_wall_s=1.399 merge_cpu_s=0.280 map_units=26 merge_ranges=26 map_eff_cores=0.14 merge_eff_cores=0.20
event=heartbeat H=19 col=2 elapsed_s=121 processed=784384 rate_per_s=6469 steals=0
event=heartbeat H=18 col=2 elapsed_s=173 processed=828416 rate_per_s=4783 steals=0
event=heartbeat H=8 col=30 elapsed_s=52 processed=828416 rate_per_s=15943 steals=0
event=heartbeat H=15 col=3 elapsed_s=173 processed=828416 rate_per_s=4783 steals=0
event=heartbeat H=17 col=2 elapsed_s=191 processed=828416 rate_per_s=4348 steals=0
event=heartbeat H=14 col=4 elapsed_s=173 processed=828416 rate_per_s=4783 steals=0
event=heartbeat H=16 col=3 elapsed_s=69 processed=888832 rate_per_s=12829 steals=0
event=kink_round H=9 col=24 round=stage6 frontier_in=7562 map_wall_s=1.787 map_cpu_s=0.034 merge_wall_s=11.697 merge_cpu_s=0.021 map_units=4 merge_ranges=4 map_eff_cores=0.02 merge_eff_cores=0.00
event=heartbeat H=11 col=15 elapsed_s=69 processed=1031168 rate_per_s=14883 steals=0
event=kink_round H=8 col=30 round=finalize frontier_in=1478 map_wall_s=11.663 map_cpu_s=0.002 merge_wall_s=2.168 merge_cpu_s=0.001 map_units=1 merge_ranges=1 map_eff_cores=0.00 merge_eff_cores=0.00
event=column H=8 col=30 frontier_in=344 frontier_out=165 wall_s=62.40 cum_wall_s=1485.2 cpu_s=0.0 rss_max_mb=74.8 map_wall_s=29.08 map_cpu_s=0.0 merge_wall_s=33.32 merge_cpu_s=0.0 map_units=10 merge_ranges=9 eff_cores=0.00
event=kink_round H=10 col=20 round=stage0 frontier_in=5566 map_wall_s=11.722 map_cpu_s=0.036 merge_wall_s=2.156 merge_cpu_s=0.031 map_units=3 merge_ranges=3 map_eff_cores=0.00 merge_eff_cores=0.01
event=kink_round H=12 col=12 round=stage6 frontier_in=139593 map_wall_s=12.078 map_cpu_s=1.451 merge_wall_s=2.048 merge_cpu_s=1.052 map_units=69 merge_ranges=69 map_eff_cores=0.12 merge_eff_cores=0.51
event=kink_round H=11 col=15 round=stage10 frontier_in=53453 map_wall_s=11.763 map_cpu_s=0.391 merge_wall_s=1.795 merge_cpu_s=0.260 map_units=27 merge_ranges=27 map_eff_cores=0.03 merge_eff_cores=0.14
event=kink_round H=19 col=2 round=stage2 frontier_in=29842157 map_wall_s=34.047 map_cpu_s=161.720 merge_wall_s=15.276 merge_cpu_s=173.627 map_units=640 merge_ranges=80 map_eff_cores=4.75 merge_eff_cores=11.37
event=kink_round H=8 col=31 round=seed frontier_in=165 map_wall_s=0.858 map_cpu_s=0.001 merge_wall_s=0.000 merge_cpu_s=0.000 map_units=1 merge_ranges=0 map_eff_cores=0.00 merge_eff_cores=0.00
event=kink_round H=9 col=24 round=stage7 frontier_in=7585 map_wall_s=2.150 map_cpu_s=0.033 merge_wall_s=0.913 merge_cpu_s=0.021 map_units=4 merge_ranges=4 map_eff_cores=0.02 merge_eff_cores=0.02
event=heartbeat H=13 col=7 elapsed_s=104 processed=380928 rate_per_s=3665 steals=0
event=kink_round H=13 col=7 round=stage9 frontier_in=379337 map_wall_s=14.937 map_cpu_s=4.540 merge_wall_s=0.752 merge_cpu_s=3.208 map_units=186 merge_ranges=80 map_eff_cores=0.30 merge_eff_cores=4.26
event=heartbeat H=10 col=20 elapsed_s=17 processed=537600 rate_per_s=31036 steals=0
event=heartbeat H=12 col=12 elapsed_s=52 processed=550912 rate_per_s=10602 steals=0
event=kink_round H=10 col=20 round=stage1 frontier_in=8943 map_wall_s=0.952 map_cpu_s=0.059 merge_wall_s=0.761 merge_cpu_s=0.047 map_units=5 merge_ranges=5 map_eff_cores=0.06 merge_eff_cores=0.06
event=heartbeat H=9 col=24 elapsed_s=52 processed=577536 rate_per_s=11114 steals=0
event=kink_round H=11 col=15 round=finalize frontier_in=52683 map_wall_s=0.705 map_cpu_s=0.310 merge_wall_s=0.957 merge_cpu_s=0.083 map_units=26 merge_ranges=26 map_eff_cores=0.44 merge_eff_cores=0.09
event=column H=11 col=15 frontier_in=14826 frontier_out=14826 wall_s=73.16 cum_wall_s=1558.4 cpu_s=6.5 rss_max_mb=102.6 map_wall_s=34.81 map_cpu_s=3.8 merge_wall_s=38.28 merge_cpu_s=2.7 map_units=278 merge_ranges=270 eff_cores=0.09
event=kink_round H=12 col=12 round=stage7 frontier_in=140142 map_wall_s=0.755 map_cpu_s=1.401 merge_wall_s=1.119 merge_cpu_s=0.725 map_units=69 merge_ranges=69 map_eff_cores=1.85 merge_eff_cores=0.65
event=kink_round H=8 col=31 round=stage0 frontier_in=165 map_wall_s=0.745 map_cpu_s=0.001 merge_wall_s=0.859 merge_cpu_s=0.001 map_units=1 merge_ranges=1 map_eff_cores=0.00 merge_eff_cores=0.00
event=kink_round H=15 col=3 round=stage10 frontier_in=2591772 map_wall_s=28.921 map_cpu_s=26.263 merge_wall_s=1.876 merge_cpu_s=14.186 map_units=640 merge_ranges=80 map_eff_cores=0.91 merge_eff_cores=7.56
event=kink_round H=14 col=4 round=stage12 frontier_in=1026249 map_wall_s=24.086 map_cpu_s=12.367 merge_wall_s=1.495 merge_cpu_s=7.226 map_units=502 merge_ranges=80 map_eff_cores=0.51 merge_eff_cores=4.83
event=heartbeat H=19 col=2 elapsed_s=139 processed=93184 rate_per_s=672 steals=0
event=heartbeat H=18 col=2 elapsed_s=191 processed=93184 rate_per_s=489 steals=0
event=heartbeat H=15 col=3 elapsed_s=191 processed=93184 rate_per_s=489 steals=0
event=heartbeat H=17 col=2 elapsed_s=208 processed=161792 rate_per_s=778 steals=0
event=kink_round H=9 col=24 round=stage8 frontier_in=7731 map_wall_s=0.753 map_cpu_s=0.031 merge_wall_s=7.805 merge_cpu_s=0.020 map_units=4 merge_ranges=4 map_eff_cores=0.04 merge_eff_cores=0.00
event=kink_round H=18 col=2 round=stage7 frontier_in=20212442 map_wall_s=35.412 map_cpu_s=112.099 merge_wall_s=9.423 merge_cpu_s=113.513 map_units=640 merge_ranges=80 map_eff_cores=3.17 merge_eff_cores=12.05
event=heartbeat H=14 col=4 elapsed_s=191 processed=252928 rate_per_s=1328 steals=0
event=kink_round H=11 col=16 round=seed frontier_in=14826 map_wall_s=11.534 map_cpu_s=0.095 merge_wall_s=0.000 merge_cpu_s=0.000 map_units=8 merge_ranges=0 map_eff_cores=0.01 merge_eff_cores=0.00
event=heartbeat H=16 col=3 elapsed_s=87 processed=406528 rate_per_s=4694 steals=0
event=kink_round H=10 col=20 round=stage2 frontier_in=14513 map_wall_s=7.882 map_cpu_s=0.087 merge_wall_s=5.205 merge_cpu_s=0.067 map_units=8 merge_ranges=8 map_eff_cores=0.01 merge_eff_cores=0.01
event=kink_round H=17 col=2 round=stage12 frontier_in=12150711 map_wall_s=31.703 map_cpu_s=78.862 merge_wall_s=14.813 merge_cpu_s=73.512 map_units=640 merge_ranges=80 map_eff_cores=2.49 merge_eff_cores=4.96
event=heartbeat H=8 col=31 elapsed_s=17 processed=803840 rate_per_s=46408 steals=0
event=kink_round H=8 col=31 round=stage1 frontier_in=285 map_wall_s=11.995 map_cpu_s=0.001 merge_wall_s=3.053 merge_cpu_s=0.001 map_units=1 merge_ranges=1 map_eff_cores=0.00 merge_eff_cores=0.00
event=kink_round H=12 col=12 round=stage8 frontier_in=140687 map_wall_s=12.041 map_cpu_s=1.439 merge_wall_s=3.182 merge_cpu_s=1.049 map_units=69 merge_ranges=69 map_eff_cores=0.12 merge_eff_cores=0.33
event=kink_round H=9 col=24 round=finalize frontier_in=7522 map_wall_s=5.316 map_cpu_s=0.027 merge_wall_s=2.866 merge_cpu_s=0.009 map_units=4 merge_ranges=4 map_eff_cores=0.01 merge_eff_cores=0.00
event=column H=9 col=24 frontier_in=2152 frontier_out=2152 wall_s=67.87 cum_wall_s=1626.3 cpu_s=0.5 rss_max_mb=74.8 map_wall_s=30.33 map_cpu_s=0.3 merge_wall_s=37.54 merge_cpu_s=0.2 map_units=37 merge_ranges=35 eff_cores=0.01
event=heartbeat H=13 col=7 elapsed_s=121 processed=122880 rate_per_s=1013 steals=0
event=heartbeat H=10 col=20 elapsed_s=35 processed=135168 rate_per_s=3902 steals=0
event=heartbeat H=12 col=12 elapsed_s=69 processed=139264 rate_per_s=2010 steals=0
event=kink_round H=11 col=16 round=stage0 frontier_in=14826 map_wall_s=3.659 map_cpu_s=0.119 merge_wall_s=1.620 merge_cpu_s=0.110 map_units=8 merge_ranges=8 map_eff_cores=0.03 merge_eff_cores=0.07
event=heartbeat H=11 col=16 elapsed_s=17 processed=205824 rate_per_s=11883 steals=0
event=kink_round H=9 col=25 round=seed frontier_in=2152 map_wall_s=2.576 map_cpu_s=0.006 merge_wall_s=0.000 merge_cpu_s=0.000 map_units=2 merge_ranges=0 map_eff_cores=0.00 merge_eff_cores=0.00
event=kink_round H=13 col=7 round=stage10 frontier_in=379975 map_wall_s=16.080 map_cpu_s=4.312 merge_wall_s=2.731 merge_cpu_s=3.451 map_units=186 merge_ranges=80 map_eff_cores=0.27 merge_eff_cores=1.26
event=heartbeat H=19 col=2 elapsed_s=156 processed=431104 rate_per_s=2766 steals=0
event=kink_round H=10 col=20 round=stage3 frontier_in=17211 map_wall_s=2.903 map_cpu_s=0.088 merge_wall_s=4.258 merge_cpu_s=0.074 map_units=9 merge_ranges=9 map_eff_cores=0.03 merge_eff_cores=0.02
event=heartbeat H=18 col=2 elapsed_s=208 processed=553984 rate_per_s=2665 steals=0
event=kink_round H=16 col=3 round=stage1 frontier_in=2697324 map_wall_s=36.817 map_cpu_s=31.541 merge_wall_s=6.045 merge_cpu_s=28.429 map_units=640 merge_ranges=80 map_eff_cores=0.86 merge_eff_cores=4.70
event=kink_round H=8 col=31 round=stage2 frontier_in=483 map_wall_s=2.254 map_cpu_s=0.002 merge_wall_s=4.126 merge_cpu_s=0.001 map_units=1 merge_ranges=1 map_eff_cores=0.00 merge_eff_cores=0.00
event=heartbeat H=15 col=3 elapsed_s=208 processed=727040 rate_per_s=3498 steals=0
event=kink_round H=12 col=12 round=stage9 frontier_in=141099 map_wall_s=2.640 map_cpu_s=1.113 merge_wall_s=4.641 merge_cpu_s=1.058 map_units=69 merge_ranges=69 map_eff_cores=0.42 merge_eff_cores=0.23
event=kink_round H=11 col=16 round=stage1 frontier_in=23853 map_wall_s=3.941 map_cpu_s=0.189 merge_wall_s=2.618 merge_cpu_s=0.182 map_units=12 merge_ranges=12 map_eff_cores=0.05 merge_eff_cores=0.07
event=heartbeat H=17 col=2 elapsed_s=225 processed=1126400 rate_per_s=5003 steals=0
event=kink_round H=9 col=25 round=stage0 frontier_in=2152 map_wall_s=4.496 map_cpu_s=0.011 merge_wall_s=2.867 merge_cpu_s=0.009 map_units=2 merge_ranges=2 map_eff_cores=0.00 merge_eff_cores=0.00
event=kink_round H=10 col=20 round=stage4 frontier_in=18791 map_wall_s=3.252 map_cpu_s=0.107 merge_wall_s=3.203 merge_cpu_s=0.073 map_units=10 merge_ranges=10 map_eff_cores=0.03 merge_eff_cores=0.02
event=heartbeat H=14 col=4 elapsed_s=208 processed=1555456 rate_per_s=7484 steals=0
event=kink_round H=8 col=31 round=stage3 frontier_in=749 map_wall_s=2.661 map_cpu_s=0.002 merge_wall_s=3.054 merge_cpu_s=0.002 map_units=1 merge_ranges=1 map_eff_cores=0.00 merge_eff_cores=0.00
event=kink_round H=12 col=12 round=stage10 frontier_in=140628 map_wall_s=3.365 map_cpu_s=1.444 merge_wall_s=2.969 merge_cpu_s=1.060 map_units=69 merge_ranges=69 map_eff_cores=0.43 merge_eff_cores=0.36
event=heartbeat H=16 col=3 elapsed_s=104 processed=2114560 rate_per_s=20347 steals=0
event=kink_round H=11 col=16 round=stage2 frontier_in=38638 map_wall_s=3.436 map_cpu_s=0.282 merge_wall_s=2.872 merge_cpu_s=0.224 map_units=19 merge_ranges=19 map_eff_cores=0.08 merge_eff_cores=0.08
event=kink_round H=9 col=25 round=stage1 frontier_in=3459 map_wall_s=2.954 map_cpu_s=0.017 merge_wall_s=3.247 merge_cpu_s=0.013 map_units=2 merge_ranges=2 map_eff_cores=0.01 merge_eff_cores=0.00
event=kink_round H=10 col=20 round=stage5 frontier_in=19495 map_wall_s=2.821 map_cpu_s=0.115 merge_wall_s=3.112 merge_cpu_s=0.070 map_units=10 merge_ranges=10 map_eff_cores=0.04 merge_eff_cores=0.02
event=kink_round H=13 col=7 round=stage11 frontier_in=378719 map_wall_s=10.617 map_cpu_s=4.419 merge_wall_s=3.495 merge_cpu_s=3.459 map_units=185 merge_ranges=80 map_eff_cores=0.42 merge_eff_cores=0.99
event=heartbeat H=8 col=31 elapsed_s=35 processed=2513920 rate_per_s=72569 steals=0
event=heartbeat H=9 col=25 elapsed_s=17 processed=2630656 rate_per_s=151874 steals=0
event=kink_round H=8 col=31 round=stage4 frontier_in=930 map_wall_s=3.013 map_cpu_s=0.003 merge_wall_s=2.600 merge_cpu_s=0.001 map_units=1 merge_ranges=1 map_eff_cores=0.00 merge_eff_cores=0.00
event=heartbeat H=13 col=7 elapsed_s=139 processed=2716672 rate_per_s=19606 steals=0
event=heartbeat H=10 col=20 elapsed_s=52 processed=2749440 rate_per_s=52912 steals=0
event=heartbeat H=12 col=12 elapsed_s=87 processed=2752512 rate_per_s=31783 steals=0
event=heartbeat H=11 col=16 elapsed_s=35 processed=2777088 rate_per_s=80167 steals=0
event=kink_round H=12 col=12 round=stage11 frontier_in=142690 map_wall_s=3.271 map_cpu_s=1.170 merge_wall_s=3.267 merge_cpu_s=1.009 map_units=70 merge_ranges=70 map_eff_cores=0.36 merge_eff_cores=0.31
event=kink_round H=14 col=4 round=stage13 frontier_in=1040643 map_wall_s=31.104 map_cpu_s=12.478 merge_wall_s=4.024 merge_cpu_s=9.710 map_units=509 merge_ranges=80 map_eff_cores=0.40 merge_eff_cores=2.41
event=kink_round H=11 col=16 round=stage3 frontier_in=45703 map_wall_s=2.990 map_cpu_s=0.336 merge_wall_s=3.145 merge_cpu_s=0.252 map_units=23 merge_ranges=23 map_eff_cores=0.11 merge_eff_cores=0.08
event=kink_round H=9 col=25 round=stage2 frontier_in=5598 map_wall_s=2.574 map_cpu_s=0.024 merge_wall_s=2.574 merge_cpu_s=0.017 map_units=3 merge_ranges=3 map_eff_cores=0.01 merge_eff_cores=0.01
event=heartbeat H=19 col=2 elapsed_s=173 processed=3225600 rate_per_s=18623 steals=0
event=heartbeat H=18 col=2 elapsed_s=225 processed=3261440 rate_per_s=14484 steals=0
event=kink_round H=10 col=20 round=stage6 frontier_in=19667 map_wall_s=3.207 map_cpu_s=0.105 merge_wall_s=2.921 merge_cpu_s=0.076 map_units=10 merge_ranges=10 map_eff_cores=0.03 merge_eff_cores=0.03
event=kink_round H=8 col=31 round=stage5 frontier_in=945 map_wall_s=2.886 map_cpu_s=0.002 merge_wall_s=2.717 merge_cpu_s=0.001 map_units=1 merge_ranges=1 map_eff_cores=0.00 merge_eff_cores=0.00
event=heartbeat H=15 col=3 elapsed_s=225 processed=3444736 rate_per_s=15299 steals=0
event=kink_round H=15 col=3 round=stage11 frontier_in=2659745 map_wall_s=35.353 map_cpu_s=26.599 merge_wall_s=5.432 merge_cpu_s=21.024 map_units=640 merge_ranges=80 map_eff_cores=0.75 merge_eff_cores=3.87
event=heartbeat H=17 col=2 elapsed_s=242 processed=3687424 rate_per_s=15207 steals=0
event=kink_round H=12 col=12 round=finalize frontier_in=141349 map_wall_s=2.860 map_cpu_s=1.114 merge_wall_s=3.204 merge_cpu_s=0.904 map_units=70 merge_ranges=70 map_eff_cores=0.39 merge_eff_cores=0.28
event=column H=12 col=12 frontier_in=39506 frontier_out=39506 wall_s=94.32 cum_wall_s=1720.6 cpu_s=26.5 rss_max_mb=102.6 map_wall_s=59.63 map_cpu_s=14.9 merge_wall_s=34.44 merge_cpu_s=11.6 map_units=801 merge_ranges=781 eff_cores=0.28
event=kink_round H=11 col=16 round=stage4 frontier_in=49847 map_wall_s=2.810 map_cpu_s=0.358 merge_wall_s=3.191 merge_cpu_s=0.266 map_units=25 merge_ranges=25 map_eff_cores=0.13 merge_eff_cores=0.08
event=kink_round H=9 col=25 round=stage3 frontier_in=6642 map_wall_s=4.007 map_cpu_s=0.028 merge_wall_s=1.636 merge_cpu_s=0.018 map_units=4 merge_ranges=4 map_eff_cores=0.01 merge_eff_cores=0.01
event=kink_round H=10 col=20 round=stage7 frontier_in=19898 map_wall_s=3.213 map_cpu_s=0.111 merge_wall_s=1.865 merge_cpu_s=0.079 map_units=10 merge_ranges=10 map_eff_cores=0.03 merge_eff_cores=0.04
event=kink_round H=8 col=31 round=stage6 frontier_in=955 map_wall_s=3.167 map_cpu_s=0.002 merge_wall_s=1.810 merge_cpu_s=0.001 map_units=1 merge_ranges=1 map_eff_cores=0.00 merge_eff_cores=0.00
event=kink_round H=12 col=13 round=seed frontier_in=39506 map_wall_s=1.870 map_cpu_s=0.329 merge_wall_s=0.000 merge_cpu_s=0.000 map_units=20 merge_ranges=0 map_eff_cores=0.18 merge_eff_cores=0.00
event=heartbeat H=14 col=4 elapsed_s=225 processed=356352 rate_per_s=1583 steals=0
event=kink_round H=13 col=7 round=stage12 frontier_in=384110 map_wall_s=9.375 map_cpu_s=4.021 merge_wall_s=2.121 merge_cpu_s=3.434 map_units=188 merge_ranges=80 map_eff_cores=0.43 merge_eff_cores=1.62
event=heartbeat H=16 col=3 elapsed_s=121 processed=356352 rate_per_s=2939 steals=0
event=heartbeat H=8 col=31 elapsed_s=52 processed=356352 rate_per_s=6858 steals=0
event=heartbeat H=9 col=25 elapsed_s=35 processed=356352 rate_per_s=10287 steals=0
event=heartbeat H=13 col=7 elapsed_s=156 processed=356352 rate_per_s=2286 steals=0
event=heartbeat H=10 col=20 elapsed_s=69 processed=356352 rate_per_s=5143 steals=0
event=heartbeat H=11 col=16 elapsed_s=52 processed=359424 rate_per_s=6917 steals=0
event=heartbeat H=19 col=2 elapsed_s=191 processed=480256 rate_per_s=2521 steals=0
event=kink_round H=9 col=25 round=stage4 frontier_in=7227 map_wall_s=1.237 map_cpu_s=0.030 merge_wall_s=10.883 merge_cpu_s=0.021 map_units=4 merge_ranges=4 map_eff_cores=0.02 merge_eff_cores=0.00
event=kink_round H=11 col=16 round=stage5 frontier_in=51714 map_wall_s=1.799 map_cpu_s=0.371 merge_wall_s=11.012 merge_cpu_s=0.264 map_units=26 merge_ranges=26 map_eff_cores=0.21 merge_eff_cores=0.02
event=heartbeat H=18 col=2 elapsed_s=242 processed=516096 rate_per_s=2128 steals=0
event=heartbeat H=15 col=3 elapsed_s=242 processed=519168 rate_per_s=2141 steals=0
event=heartbeat H=17 col=2 elapsed_s=260 processed=519168 rate_per_s=1998 steals=0
event=kink_round H=19 col=2 round=stage3 frontier_in=36583913 map_wall_s=43.209 map_cpu_s=187.799 merge_wall_s=16.524 merge_cpu_s=197.370 map_units=640 merge_ranges=80 map_eff_cores=4.35 merge_eff_cores=11.94
event=heartbeat H=12 col=13 elapsed_s=17 processed=519168 rate_per_s=29973 steals=0
event=heartbeat H=14 col=4 elapsed_s=242 processed=519168 rate_per_s=2141 steals=0
event=heartbeat H=16 col=3 elapsed_s=139 processed=519168 rate_per_s=3747 steals=0
event=kink_round H=18 col=2 round=stage8 frontier_in=21650964 map_wall_s=34.554 map_cpu_s=123.211 merge_wall_s=22.791 merge_cpu_s=124.561 map_units=640 merge_ranges=80 map_eff_cores=3.57 merge_eff_cores=5.47
event=heartbeat H=8 col=31 elapsed_s=69 processed=519168 rate_per_s=7493 steals=0
event=heartbeat H=9 col=25 elapsed_s=52 processed=519168 rate_per_s=9991 steals=0
event=heartbeat H=13 col=7 elapsed_s=173 processed=558080 rate_per_s=3222 steals=0
event=kink_round H=10 col=20 round=stage8 frontier_in=19904 map_wall_s=10.680 map_cpu_s=0.116 merge_wall_s=14.161 merge_cpu_s=0.077 map_units=10 merge_ranges=10 map_eff_cores=0.01 merge_eff_cores=0.01
event=kink_round H=8 col=31 round=stage7 frontier_in=937 map_wall_s=10.786 map_cpu_s=0.002 merge_wall_s=13.970 merge_cpu_s=0.001 map_units=1 merge_ranges=1 map_eff_cores=0.00 merge_eff_cores=0.00
event=kink_round H=12 col=13 round=stage0 frontier_in=39506 map_wall_s=11.056 map_cpu_s=0.369 merge_wall_s=13.856 merge_cpu_s=0.353 map_units=20 merge_ranges=20 map_eff_cores=0.03 merge_eff_cores=0.03
event=heartbeat H=10 col=20 elapsed_s=87 processed=631808 rate_per_s=7295 steals=0
event=heartbeat H=11 col=16 elapsed_s=69 processed=631808 rate_per_s=9119 steals=0
event=heartbeat H=19 col=2 elapsed_s=208 processed=700416 rate_per_s=3370 steals=0
event=kink_round H=17 col=2 round=stage13 frontier_in=13133650 map_wall_s=29.077 map_cpu_s=85.882 merge_wall_s=27.545 merge_cpu_s=80.362 map_units=640 merge_ranges=80 map_eff_cores=2.95 merge_eff_cores=2.92
event=heartbeat H=18 col=2 elapsed_s=260 processed=723968 rate_per_s=2787 steals=0
event=kink_round H=16 col=3 round=stage2 frontier_in=4408647 map_wall_s=33.571 map_cpu_s=43.022 merge_wall_s=17.626 merge_cpu_s=33.972 map_units=640 merge_ranges=80 map_eff_cores=1.28 merge_eff_cores=1.93
event=kink_round H=9 col=25 round=stage5 frontier_in=7450 map_wall_s=13.946 map_cpu_s=0.033 merge_wall_s=5.746 merge_cpu_s=0.020 map_units=4 merge_ranges=4 map_eff_cores=0.00 merge_eff_cores=0.00
event=kink_round H=11 col=16 round=stage6 frontier_in=52415 map_wall_s=13.827 map_cpu_s=0.395 merge_wall_s=5.809 merge_cpu_s=0.278 map_units=26 merge_ranges=26 map_eff_cores=0.03 merge_eff_cores=0.05
event=heartbeat H=15 col=3 elapsed_s=260 processed=956416 rate_per_s=3681 steals=0
event=heartbeat H=17 col=2 elapsed_s=277 processed=1149952 rate_per_s=4150 steals=0
event=heartbeat H=12 col=13 elapsed_s=35 processed=1179648 rate_per_s=34053 steals=0
event=kink_round H=8 col=31 round=finalize frontier_in=766 map_wall_s=5.709 map_cpu_s=0.001 merge_wall_s=3.384 merge_cpu_s=0.000 map_units=1 merge_ranges=1 map_eff_cores=0.00 merge_eff_cores=0.00
event=column H=8 col=31 frontier_in=165 frontier_out=73 wall_s=79.65 cum_wall_s=1800.2 cpu_s=0.0 rss_max_mb=102.6 map_wall_s=44.07 map_cpu_s=0.0 merge_wall_s=35.57 merge_cpu_s=0.0 map_units=10 merge_ranges=9 eff_cores=0.00
event=kink_round H=10 col=20 round=stage9 frontier_in=20217 map_wall_s=5.794 map_cpu_s=0.110 merge_wall_s=3.444 merge_cpu_s=0.070 map_units=10 merge_ranges=10 map_eff_cores=0.02 merge_eff_cores=0.02
event=kink_round H=13 col=7 round=finalize frontier_in=382187 map_wall_s=30.544 map_cpu_s=3.526 merge_wall_s=3.814 merge_cpu_s=2.629 map_units=187 merge_ranges=80 map_eff_cores=0.12 merge_eff_cores=0.69
event=column H=13 col=7 frontier_in=106912 frontier_out=106912 wall_s=183.32 cum_wall_s=1983.6 cpu_s=93.2 rss_max_mb=102.6 map_wall_s=131.47 map_cpu_s=51.0 merge_wall_s=51.34 merge_cpu_s=42.2 map_units=2328 merge_ranges=1093 eff_cores=0.51
event=kink_round H=12 col=13 round=stage1 frontier_in=63499 map_wall_s=5.846 map_cpu_s=0.611 merge_wall_s=3.806 merge_cpu_s=0.502 map_units=32 merge_ranges=32 map_eff_cores=0.10 merge_eff_cores=0.13
event=heartbeat H=14 col=4 elapsed_s=260 processed=9216 rate_per_s=35 steals=0
event=kink_round H=8 col=32 round=seed frontier_in=73 map_wall_s=3.041 map_cpu_s=0.000 merge_wall_s=0.000 merge_cpu_s=0.000 map_units=1 merge_ranges=0 map_eff_cores=0.00 merge_eff_cores=0.00
event=kink_round H=9 col=25 round=stage6 frontier_in=7536 map_wall_s=3.438 map_cpu_s=0.031 merge_wall_s=3.089 merge_cpu_s=0.017 map_units=4 merge_ranges=4 map_eff_cores=0.01 merge_eff_cores=0.01
event=heartbeat H=16 col=3 elapsed_s=156 processed=322560 rate_per_s=2069 steals=0
event=kink_round H=11 col=16 round=stage7 frontier_in=52564 map_wall_s=3.739 map_cpu_s=0.365 merge_wall_s=3.651 merge_cpu_s=0.241 map_units=26 merge_ranges=26 map_eff_cores=0.10 merge_eff_cores=0.07
event=kink_round H=14 col=4 round=finalize frontier_in=1038925 map_wall_s=41.884 map_cpu_s=9.814 merge_wall_s=4.178 merge_cpu_s=6.000 map_units=508 merge_ranges=80 map_eff_cores=0.23 merge_eff_cores=1.44
event=column H=14 col=4 frontier_in=283878 frontier_out=289910 wall_s=263.36 cum_wall_s=2246.9 cpu_s=242.1 rss_max_mb=113.8 map_wall_s=227.92 map_cpu_s=145.9 merge_wall_s=34.35 merge_cpu_s=96.2 map_units=6733 merge_ranges=1200 eff_cores=0.92
event=kink_round H=13 col=8 round=seed frontier_in=106912 map_wall_s=3.754 map_cpu_s=0.968 merge_wall_s=0.000 merge_cpu_s=0.000 map_units=53 merge_ranges=0 map_eff_cores=0.26 merge_eff_cores=0.00
event=kink_round H=10 col=20 round=finalize frontier_in=19801 map_wall_s=3.087 map_cpu_s=0.089 merge_wall_s=4.117 merge_cpu_s=0.040 map_units=10 merge_ranges=10 map_eff_cores=0.03 merge_eff_cores=0.01
event=column H=10 col=20 frontier_in=5566 frontier_out=5563 wall_s=102.70 cum_wall_s=2349.6 cpu_s=1.8 rss_max_mb=102.6 map_wall_s=57.47 map_cpu_s=1.0 merge_wall_s=45.20 merge_cpu_s=0.7 map_units=98 merge_ranges=95 eff_cores=0.02
event=heartbeat H=9 col=25 elapsed_s=69 processed=13312 rate_per_s=192 steals=0
event=kink_round H=12 col=13 round=stage2 frontier_in=102877 map_wall_s=3.839 map_cpu_s=0.851 merge_wall_s=3.509 merge_cpu_s=0.785 map_units=51 merge_ranges=51 map_eff_cores=0.22 merge_eff_cores=0.22
event=heartbeat H=11 col=16 elapsed_s=87 processed=272384 rate_per_s=3145 steals=0
event=kink_round H=8 col=32 round=stage0 frontier_in=73 map_wall_s=4.108 map_cpu_s=0.001 merge_wall_s=3.495 merge_cpu_s=0.001 map_units=1 merge_ranges=1 map_eff_cores=0.00 merge_eff_cores=0.00
event=kink_round H=10 col=21 round=seed frontier_in=5563 map_wall_s=3.665 map_cpu_s=0.025 merge_wall_s=0.000 merge_cpu_s=0.000 map_units=3 merge_ranges=0 map_eff_cores=0.01 merge_eff_cores=0.00
event=kink_round H=9 col=25 round=stage7 frontier_in=7561 map_wall_s=4.091 map_cpu_s=0.032 merge_wall_s=3.727 merge_cpu_s=0.017 map_units=4 merge_ranges=4 map_eff_cores=0.01 merge_eff_cores=0.00
event=heartbeat H=19 col=2 elapsed_s=225 processed=541696 rate_per_s=2406 steals=0
event=kink_round H=11 col=16 round=stage8 frontier_in=52799 map_wall_s=3.419 map_cpu_s=0.398 merge_wall_s=3.834 merge_cpu_s=0.261 map_units=26 merge_ranges=26 map_eff_cores=0.12 merge_eff_cores=0.07
event=kink_round H=14 col=5 round=seed frontier_in=289910 map_wall_s=7.239 map_cpu_s=3.000 merge_wall_s=0.000 merge_cpu_s=0.000 map_units=142 merge_ranges=0 map_eff_cores=0.41 merge_eff_cores=0.00
event=kink_round H=13 col=8 round=stage0 frontier_in=106912 map_wall_s=3.531 map_cpu_s=1.344 merge_wall_s=3.833 merge_cpu_s=1.280 map_units=53 merge_ranges=53 map_eff_cores=0.38 merge_eff_cores=0.33
event=heartbeat H=18 col=2 elapsed_s=277 processed=666624 rate_per_s=2405 steals=0
event=heartbeat H=15 col=3 elapsed_s=277 processed=804864 rate_per_s=2904 steals=0
event=heartbeat H=17 col=2 elapsed_s=294 processed=939008 rate_per_s=3189 steals=0
event=heartbeat H=12 col=13 elapsed_s=52 processed=939008 rate_per_s=18071 steals=0
event=kink_round H=12 col=13 round=stage3 frontier_in=121345 map_wall_s=3.731 map_cpu_s=1.105 merge_wall_s=5.040 merge_cpu_s=0.923 map_units=60 merge_ranges=60 map_eff_cores=0.30 merge_eff_cores=0.18
event=heartbeat H=8 col=32 elapsed_s=17 processed=1178624 rate_per_s=68044 steals=0
event=kink_round H=8 col=32 round=stage1 frontier_in=125 map_wall_s=3.295 map_cpu_s=0.001 merge_wall_s=3.910 merge_cpu_s=0.001 map_units=1 merge_ranges=1 map_eff_cores=0.00 merge_eff_cores=0.00
event=kink_round H=15 col=3 round=stage12 frontier_in=2717443 map_wall_s=47.585 map_cpu_s=28.806 merge_wall_s=6.435 merge_cpu_s=21.051 map_units=640 merge_ranges=80 map_eff_cores=0.61 merge_eff_cores=3.27
event=heartbeat H=13 col=8 elapsed_s=17 processed=1244160 rate_per_s=71829 steals=0
event=kink_round H=10 col=21 round=stage0 frontier_in=5563 map_wall_s=3.460 map_cpu_s=0.034 merge_wall_s=4.098 merge_cpu_s=0.027 map_units=3 merge_ranges=3 map_eff_cores=0.01 merge_eff_cores=0.01
event=kink_round H=9 col=25 round=stage8 frontier_in=7719 map_wall_s=3.423 map_cpu_s=0.029 merge_wall_s=4.296 merge_cpu_s=0.017 map_units=4 merge_ranges=4 map_eff_cores=0.01 merge_eff_cores=0.00
event=kink_round H=11 col=16 round=stage9 frontier_in=52650 map_wall_s=3.746 map_cpu_s=0.394 merge_wall_s=4.468 merge_cpu_s=0.281 map_units=26 merge_ranges=26 map_eff_cores=0.11 merge_eff_cores=0.06
event=heartbeat H=16 col=3 elapsed_s=173 processed=1753088 rate_per_s=10121 steals=0
event=heartbeat H=14 col=5 elapsed_s=17 processed=1798144 rate_per_s=103814 steals=0
event=kink_round H=13 col=8 round=stage1 frontier_in=171990 map_wall_s=8.708 map_cpu_s=2.130 merge_wall_s=3.301 merge_cpu_s=2.352 map_units=84 merge_ranges=80 map_eff_cores=0.24 merge_eff_cores=0.71
event=kink_round H=8 col=32 round=stage2 frontier_in=202 map_wall_s=2.866 map_cpu_s=0.001 merge_wall_s=3.342 merge_cpu_s=0.001 map_units=1 merge_ranges=1 map_eff_cores=0.00 merge_eff_cores=0.00
event=kink_round H=12 col=13 round=stage4 frontier_in=132237 map_wall_s=3.776 map_cpu_s=1.225 merge_wall_s=3.569 merge_cpu_s=0.984 map_units=65 merge_ranges=65 map_eff_cores=0.32 merge_eff_cores=0.28
event=kink_round H=14 col=5 round=stage0 frontier_in=289910 map_wall_s=8.941 map_cpu_s=5.563 merge_wall_s=3.678 merge_cpu_s=4.354 map_units=142 merge_ranges=80 map_eff_cores=0.62 merge_eff_cores=1.18
event=heartbeat H=10 col=21 elapsed_s=17 processed=2103296 rate_per_s=121429 steals=0
event=heartbeat H=9 col=25 elapsed_s=87 processed=2116608 rate_per_s=24440 steals=0
event=kink_round H=9 col=25 round=finalize frontier_in=7492 map_wall_s=2.603 map_cpu_s=0.024 merge_wall_s=3.190 merge_cpu_s=0.008 map_units=4 merge_ranges=4 map_eff_cores=0.01 merge_eff_cores=0.00
event=column H=9 col=25 frontier_in=2152 frontier_out=2137 wall_s=86.61 cum_wall_s=2436.2 cpu_s=0.4 rss_max_mb=93.2 map_wall_s=45.34 map_cpu_s=0.3 merge_wall_s=41.26 merge_cpu_s=0.2 map_units=37 merge_ranges=35 eff_cores=0.00
event=kink_round H=10 col=21 round=stage1 frontier_in=8937 map_wall_s=2.988 map_cpu_s=0.056 merge_wall_s=3.259 merge_cpu_s=0.049 map_units=5 merge_ranges=5 map_eff_cores=0.02 merge_eff_cores=0.02
event=kink_round H=11 col=16 round=stage10 frontier_in=53453 map_wall_s=2.937 map_cpu_s=0.377 merge_wall_s=2.945 merge_cpu_s=0.264 map_units=27 merge_ranges=27 map_eff_cores=0.13 merge_eff_cores=0.09
event=heartbeat H=11 col=16 elapsed_s=104 processed=217088 rate_per_s=2089 steals=0
event=kink_round H=9 col=26 round=seed frontier_in=2137 map_wall_s=2.971 map_cpu_s=0.007 merge_wall_s=0.000 merge_cpu_s=0.000 map_units=2 merge_ranges=0 map_eff_cores=0.00 merge_eff_cores=0.00
event=heartbeat H=19 col=2 elapsed_s=242 processed=637952 rate_per_s=2631 steals=0
event=heartbeat H=18 col=2 elapsed_s=294 processed=637952 rate_per_s=2167 steals=0
event=kink_round H=8 col=32 round=stage3 frontier_in=308 map_wall_s=3.015 map_cpu_s=0.001 merge_wall_s=4.216 merge_cpu_s=0.001 map_units=1 merge_ranges=1 map_eff_cores=0.00 merge_eff_cores=0.00
event=kink_round H=12 col=13 round=stage5 frontier_in=137372 map_wall_s=3.019 map_cpu_s=1.319 merge_wall_s=4.248 merge_cpu_s=0.987 map_units=68 merge_ranges=68 map_eff_cores=0.44 merge_eff_cores=0.23
event=heartbeat H=15 col=3 elapsed_s=294 processed=760832 rate_per_s=2584 steals=0
event=kink_round H=10 col=21 round=stage2 frontier_in=14506 map_wall_s=3.132 map_cpu_s=0.079 merge_wall_s=3.965 merge_cpu_s=0.061 map_units=8 merge_ranges=8 map_eff_cores=0.03 merge_eff_cores=0.02
event=kink_round H=11 col=16 round=finalize frontier_in=52679 map_wall_s=2.701 map_cpu_s=0.286 merge_wall_s=3.589 merge_cpu_s=0.174 map_units=26 merge_ranges=26 map_eff_cores=0.11 merge_eff_cores=0.05
event=column H=11 col=16 frontier_in=14826 frontier_out=14824 wall_s=109.36 cum_wall_s=2545.6 cpu_s=6.8 rss_max_mb=113.8 map_wall_s=60.54 map_cpu_s=4.0 merge_wall_s=48.75 merge_cpu_s=2.8 map_units=278 merge_ranges=270 eff_cores=0.06
event=kink_round H=16 col=3 round=stage3 frontier_in=5250292 map_wall_s=30.989 map_cpu_s=49.154 merge_wall_s=6.866 merge_cpu_s=40.118 map_units=640 merge_ranges=80 map_eff_cores=1.59 merge_eff_cores=5.84
event=heartbeat H=17 col=2 elapsed_s=312 processed=0 rate_per_s=0 steals=0
event=heartbeat H=12 col=13 elapsed_s=69 processed=0 rate_per_s=0 steals=0
event=heartbeat H=8 col=32 elapsed_s=35 processed=0 rate_per_s=0 steals=0
event=heartbeat H=13 col=8 elapsed_s=35 processed=0 rate_per_s=0 steals=0
event=heartbeat H=16 col=3 elapsed_s=191 processed=0 rate_per_s=0 steals=0
event=heartbeat H=14 col=5 elapsed_s=35 processed=0 rate_per_s=0 steals=0
event=kink_round H=17 col=2 round=stage14 frontier_in=14172480 map_wall_s=34.037 map_cpu_s=92.313 merge_wall_s=11.232 merge_cpu_s=85.536 map_units=640 merge_ranges=80 map_eff_cores=2.71 merge_eff_cores=7.62
event=heartbeat H=10 col=21 elapsed_s=35 processed=0 rate_per_s=0 steals=0
event=heartbeat H=9 col=26 elapsed_s=17 processed=0 rate_per_s=0 steals=0
event=kink_round H=13 col=8 round=stage2 frontier_in=278236 map_wall_s=7.392 map_cpu_s=3.399 merge_wall_s=13.834 merge_cpu_s=2.995 map_units=136 merge_ranges=80 map_eff_cores=0.46 merge_eff_cores=0.22
event=kink_round H=9 col=26 round=stage0 frontier_in=2137 map_wall_s=4.125 map_cpu_s=0.011 merge_wall_s=13.641 merge_cpu_s=0.009 map_units=2 merge_ranges=2 map_eff_cores=0.00 merge_eff_cores=0.00
event=kink_round H=11 col=17 round=seed frontier_in=14824 map_wall_s=13.568 map_cpu_s=0.095 merge_wall_s=0.000 merge_cpu_s=0.000 map_units=8 merge_ranges=0 map_eff_cores=0.01 merge_eff_cores=0.00
event=heartbeat H=19 col=2 elapsed_s=260 processed=313344 rate_per_s=1206 steals=0
event=heartbeat H=18 col=2 elapsed_s=312 processed=313344 rate_per_s=1005 steals=0
event=kink_round H=18 col=2 round=stage9 frontier_in=23284504 map_wall_s=39.399 map_cpu_s=133.708 merge_wall_s=19.421 merge_cpu_s=136.519 map_units=640 merge_ranges=80 map_eff_cores=3.39 merge_eff_cores=7.03
event=heartbeat H=15 col=3 elapsed_s=312 processed=313344 rate_per_s=1005 steals=0
event=heartbeat H=11 col=17 elapsed_s=17 processed=313344 rate_per_s=18090 steals=0
event=heartbeat H=17 col=2 elapsed_s=329 processed=313344 rate_per_s=952 steals=0
event=heartbeat H=12 col=13 elapsed_s=87 processed=313344 rate_per_s=3618 steals=0
event=heartbeat H=8 col=32 elapsed_s=52 processed=313344 rate_per_s=6030 steals=0
event=heartbeat H=13 col=8 elapsed_s=52 processed=313344 rate_per_s=6030 steals=0
event=heartbeat H=16 col=3 elapsed_s=208 processed=316416 rate_per_s=1522 steals=0
event=heartbeat H=14 col=5 elapsed_s=52 processed=320512 rate_per_s=6168 steals=0
event=heartbeat H=10 col=21 elapsed_s=52 processed=371712 rate_per_s=7154 steals=0
event=heartbeat H=9 col=26 elapsed_s=35 processed=374784 rate_per_s=10819 steals=0
event=kink_round H=8 col=32 round=stage4 frontier_in=414 map_wall_s=12.505 map_cpu_s=0.001 merge_wall_s=15.957 merge_cpu_s=0.001 map_units=1 merge_ranges=1 map_eff_cores=0.00 merge_eff_cores=0.00
event=kink_round H=10 col=21 round=stage3 frontier_in=17207 map_wall_s=13.649 map_cpu_s=0.101 merge_wall_s=15.048 merge_cpu_s=0.067 map_units=9 merge_ranges=9 map_eff_cores=0.01 merge_eff_cores=0.00
event=kink_round H=12 col=13 round=stage6 frontier_in=139585 map_wall_s=13.701 map_cpu_s=1.361 merge_wall_s=15.259 merge_cpu_s=1.038 map_units=69 merge_ranges=69 map_eff_cores=0.10 merge_eff_cores=0.07
event=kink_round H=14 col=5 round=stage1 frontier_in=466288 map_wall_s=21.127 map_cpu_s=6.638 merge_wall_s=15.897 merge_cpu_s=5.779 map_units=228 merge_ranges=80 map_eff_cores=0.31 merge_eff_cores=0.36
event=heartbeat H=19 col=2 elapsed_s=277 processed=812032 rate_per_s=2930 steals=0
event=kink_round H=9 col=26 round=stage1 frontier_in=3422 map_wall_s=15.067 map_cpu_s=0.015 merge_wall_s=3.388 merge_cpu_s=0.013 map_units=2 merge_ranges=2 map_eff_cores=0.00 merge_eff_cores=0.00
event=heartbeat H=18 col=2 elapsed_s=329 processed=1040384 rate_per_s=3161 steals=0
event=kink_round H=11 col=17 round=stage0 frontier_in=14824 map_wall_s=15.383 map_cpu_s=0.110 merge_wall_s=3.111 merge_cpu_s=0.104 map_units=8 merge_ranges=8 map_eff_cores=0.01 merge_eff_cores=0.03
event=kink_round H=19 col=2 round=stage4 frontier_in=40499044 map_wall_s=51.071 map_cpu_s=201.628 merge_wall_s=31.097 merge_cpu_s=217.045 map_units=640 merge_ranges=80 map_eff_cores=3.95 merge_eff_cores=6.98
event=kink_round H=8 col=32 round=stage5 frontier_in=469 map_wall_s=3.395 map_cpu_s=0.001 merge_wall_s=1.622 merge_cpu_s=0.001 map_units=1 merge_ranges=1 map_eff_cores=0.00 merge_eff_cores=0.00
event=kink_round H=10 col=21 round=stage4 frontier_in=18784 map_wall_s=3.386 map_cpu_s=0.103 merge_wall_s=2.150 merge_cpu_s=0.067 map_units=10 merge_ranges=10 map_eff_cores=0.03 merge_eff_cores=0.03
event=heartbeat H=15 col=3 elapsed_s=329 processed=1371136 rate_per_s=4166 steals=0
event=kink_round H=13 col=8 round=stage3 frontier_in=327424 map_wall_s=18.712 map_cpu_s=4.033 merge_wall_s=2.662 merge_cpu_s=3.236 map_units=160 merge_ranges=80 map_eff_cores=0.22 merge_eff_cores=1.22
event=heartbeat H=11 col=17 elapsed_s=35 processed=1427456 rate_per_s=41203 steals=0
event=kink_round H=12 col=13 round=stage7 frontier_in=140137 map_wall_s=3.438 map_cpu_s=1.305 merge_wall_s=2.635 merge_cpu_s=1.024 map_units=69 merge_ranges=69 map_eff_cores=0.38 merge_eff_cores=0.39
event=kink_round H=9 col=26 round=stage2 frontier_in=5543 map_wall_s=2.140 map_cpu_s=0.022 merge_wall_s=1.362 merge_cpu_s=0.015 map_units=3 merge_ranges=3 map_eff_cores=0.01 merge_eff_cores=0.01
event=heartbeat H=17 col=2 elapsed_s=346 processed=1745920 rate_per_s=5040 steals=0
event=heartbeat H=12 col=13 elapsed_s=104 processed=1745920 rate_per_s=16800 steals=0
event=heartbeat H=8 col=32 elapsed_s=69 processed=1811456 rate_per_s=26146 steals=0
event=heartbeat H=13 col=8 elapsed_s=69 processed=1819648 rate_per_s=26264 steals=0
event=kink_round H=11 col=17 round=stage1 frontier_in=23848 map_wall_s=2.610 map_cpu_s=0.187 merge_wall_s=4.428 merge_cpu_s=0.175 map_units=12 merge_ranges=12 map_eff_cores=0.07 merge_eff_cores=0.04
event=kink_round H=8 col=32 round=stage6 frontier_in=461 map_wall_s=2.156 map_cpu_s=0.001 merge_wall_s=5.366 merge_cpu_s=0.001 map_units=1 merge_ranges=1 map_eff_cores=0.00 merge_eff_cores=0.00
event=kink_round H=10 col=21 round=stage5 frontier_in=19493 map_wall_s=1.509 map_cpu_s=0.107 merge_wall_s=5.610 merge_cpu_s=0.072 map_units=10 merge_ranges=10 map_eff_cores=0.07 merge_eff_cores=0.01
event=heartbeat H=16 col=3 elapsed_s=225 processed=2254848 rate_per_s=10014 steals=0
event=heartbeat H=14 col=5 elapsed_s=69 processed=2284544 rate_per_s=32974 steals=0
event=kink_round H=15 col=3 round=stage13 frontier_in=2724159 map_wall_s=48.622 map_cpu_s=27.860 merge_wall_s=7.053 merge_cpu_s=20.670 map_units=640 merge_ranges=80 map_eff_cores=0.57 merge_eff_cores=2.93
event=kink_round H=12 col=13 round=stage8 frontier_in=140683 map_wall_s=4.492 map_cpu_s=1.327 merge_wall_s=4.762 merge_cpu_s=1.033 map_units=69 merge_ranges=69 map_eff_cores=0.30 merge_eff_cores=0.22
event=heartbeat H=10 col=21 elapsed_s=69 processed=2588672 rate_per_s=37364 steals=0
event=heartbeat H=9 col=26 elapsed_s=52 processed=2596864 rate_per_s=49976 steals=0
event=kink_round H=9 col=26 round=stage3 frontier_in=6582 map_wall_s=5.717 map_cpu_s=0.026 merge_wall_s=3.965 merge_cpu_s=0.017 map_units=4 merge_ranges=4 map_eff_cores=0.00 merge_eff_cores=0.00
event=kink_round H=11 col=17 round=stage2 frontier_in=38633 map_wall_s=4.208 map_cpu_s=0.269 merge_wall_s=3.107 merge_cpu_s=0.212 map_units=19 merge_ranges=19 map_eff_cores=0.06 merge_eff_cores=0.07
event=kink_round H=8 col=32 round=stage7 frontier_in=414 map_wall_s=4.487 map_cpu_s=0.001 merge_wall_s=2.583 merge_cpu_s=0.001 map_units=1 merge_ranges=1 map_eff_cores=0.00 merge_eff_cores=0.00
event=kink_round H=10 col=21 round=stage6 frontier_in=19665 map_wall_s=4.108 map_cpu_s=0.105 merge_wall_s=3.340 merge_cpu_s=0.073 map_units=10 merge_ranges=10 map_eff_cores=0.03 merge_eff_cores=0.02
event=heartbeat H=19 col=2 elapsed_s=294 processed=3179520 rate_per_s=10798 steals=0
event=heartbeat H=18 col=2 elapsed_s=346 processed=3204096 rate_per_s=9249 steals=0
event=kink_round H=13 col=8 round=stage4 frontier_in=356512 map_wall_s=11.569 map_cpu_s=4.284 merge_wall_s=4.666 merge_cpu_s=3.412 map_units=175 merge_ranges=80 map_eff_cores=0.37 merge_eff_cores=0.73
event=kink_round H=12 col=13 round=stage9 frontier_in=141099 map_wall_s=3.270 map_cpu_s=1.380 merge_wall_s=4.048 merge_cpu_s=0.943 map_units=69 merge_ranges=69 map_eff_cores=0.42 merge_eff_cores=0.23
event=heartbeat H=15 col=3 elapsed_s=346 processed=3470336 rate_per_s=10018 steals=0
event=heartbeat H=11 col=17 elapsed_s=52 processed=3470336 rate_per_s=66786 steals=0
event=kink_round H=9 col=26 round=stage4 frontier_in=7144 map_wall_s=2.684 map_cpu_s=0.028 merge_wall_s=4.562 merge_cpu_s=0.016 map_units=4 merge_ranges=4 map_eff_cores=0.01 merge_eff_cores=0.00
event=kink_round H=14 col=5 round=stage2 frontier_in=754117 map_wall_s=17.897 map_cpu_s=9.378 merge_wall_s=5.484 merge_cpu_s=7.412 map_units=369 merge_ranges=80 map_eff_cores=0.52 merge_eff_cores=1.35
event=heartbeat H=17 col=2 elapsed_s=364 processed=3643392 rate_per_s=10017 steals=0
event=heartbeat H=12 col=13 elapsed_s=121 processed=3666944 rate_per_s=30244 steals=0
event=kink_round H=11 col=17 round=stage3 frontier_in=45695 map_wall_s=4.267 map_cpu_s=0.319 merge_wall_s=3.533 merge_cpu_s=0.235 map_units=23 merge_ranges=23 map_eff_cores=0.07 merge_eff_cores=0.07
event=heartbeat H=8 col=32 elapsed_s=87 processed=3898368 rate_per_s=45014 steals=0
event=kink_round H=8 col=32 round=finalize frontier_in=297 map_wall_s=4.127 map_cpu_s=0.001 merge_wall_s=3.292 merge_cpu_s=0.001 map_units=1 merge_ranges=1 map_eff_cores=0.00 merge_eff_cores=0.00
event=column H=8 col=32 frontier_in=73 frontier_out=31 wall_s=86.78 cum_wall_s=2632.4 cpu_s=0.0 rss_max_mb=101.6 map_wall_s=42.99 map_cpu_s=0.0 merge_wall_s=43.78 merge_cpu_s=0.0 map_units=10 merge_ranges=9 eff_cores=0.00
event=heartbeat H=13 col=8 elapsed_s=87 processed=54272 rate_per_s=627 steals=0
event=kink_round H=10 col=21 round=stage7 frontier_in=19895 map_wall_s=3.926 map_cpu_s=0.100 merge_wall_s=3.758 merge_cpu_s=0.070 map_units=10 merge_ranges=10 map_eff_cores=0.03 merge_eff_cores=0.02
event=heartbeat H=16 col=3 elapsed_s=242 processed=436224 rate_per_s=1799 steals=0
event=heartbeat H=14 col=5 elapsed_s=87 processed=436224 rate_per_s=5037 steals=0
event=kink_round H=8 col=33 round=seed frontier_in=31 map_wall_s=5.645 map_cpu_s=0.000 merge_wall_s=0.000 merge_cpu_s=0.000 map_units=1 merge_ranges=0 map_eff_cores=0.00 merge_eff_cores=0.00
event=kink_round H=12 col=13 round=stage10 frontier_in=140627 map_wall_s=3.515 map_cpu_s=1.358 merge_wall_s=6.034 merge_cpu_s=1.075 map_units=69 merge_ranges=69 map_eff_cores=0.39 merge_eff_cores=0.18
event=kink_round H=9 col=26 round=stage5 frontier_in=7370 map_wall_s=3.732 map_cpu_s=0.029 merge_wall_s=5.256 merge_cpu_s=0.017 map_units=4 merge_ranges=4 map_eff_cores=0.01 merge_eff_cores=0.00
event=heartbeat H=10 col=21 elapsed_s=87 processed=559104 rate_per_s=6456 steals=0
event=heartbeat H=9 col=26 elapsed_s=69 processed=565248 rate_per_s=8159 steals=0
event=kink_round H=11 col=17 round=stage4 frontier_in=49837 map_wall_s=3.622 map_cpu_s=0.353 merge_wall_s=5.372 merge_cpu_s=0.256 map_units=25 merge_ranges=25 map_eff_cores=0.10 merge_eff_cores=0.05
event=kink_round H=16 col=3 round=stage4 frontier_in=5721543 map_wall_s=52.760 map_cpu_s=49.791 merge_wall_s=8.937 merge_cpu_s=41.794 map_units=640 merge_ranges=80 map_eff_cores=0.94 merge_eff_cores=4.68
event=kink_round H=10 col=21 round=stage8 frontier_in=19900 map_wall_s=5.323 map_cpu_s=0.106 merge_wall_s=2.466 merge_cpu_s=0.073 map_units=10 merge_ranges=10 map_eff_cores=0.02 merge_eff_cores=0.03
event=heartbeat H=19 col=2 elapsed_s=312 processed=914432 rate_per_s=2933 steals=0
event=heartbeat H=18 col=2 elapsed_s=364 processed=914432 rate_per_s=2514 steals=0
event=heartbeat H=15 col=3 elapsed_s=364 processed=914432 rate_per_s=2514 steals=0
event=heartbeat H=11 col=17 elapsed_s=69 processed=914432 rate_per_s=13199 steals=0
event=heartbeat H=17 col=2 elapsed_s=381 processed=1026048 rate_per_s=2693 steals=0
event=heartbeat H=12 col=13 elapsed_s=139 processed=1061888 rate_per_s=7663 steals=0
event=kink_round H=13 col=8 round=stage5 frontier_in=370228 map_wall_s=12.362 map_cpu_s=4.307 merge_wall_s=8.222 merge_cpu_s=3.064 map_units=181 merge_ranges=80 map_eff_cores=0.35 merge_eff_cores=0.37
event=kink_round H=8 col=33 round=stage0 frontier_in=31 map_wall_s=3.288 map_cpu_s=0.000 merge_wall_s=7.994 merge_cpu_s=0.000 map_units=1 merge_ranges=1 map_eff_cores=0.00 merge_eff_cores=0.00
event=kink_round H=9 col=26 round=stage6 frontier_in=7450 map_wall_s=2.816 map_cpu_s=0.030 merge_wall_s=7.673 merge_cpu_s=0.012 map_units=4 merge_ranges=4 map_eff_cores=0.01 merge_eff_cores=0.00
event=kink_round H=12 col=13 round=stage11 frontier_in=142689 map_wall_s=3.286 map_cpu_s=1.339 merge_wall_s=7.807 merge_cpu_s=0.895 map_units=70 merge_ranges=70 map_eff_cores=0.41 merge_eff_cores=0.11
event=heartbeat H=8 col=33 elapsed_s=17 processed=1278976 rate_per_s=73839 steals=0
event=heartbeat H=13 col=8 elapsed_s=104 processed=1346560 rate_per_s=12957 steals=0
event=kink_round H=11 col=17 round=stage5 frontier_in=51704 map_wall_s=7.965 map_cpu_s=0.366 merge_wall_s=2.172 merge_cpu_s=0.261 map_units=26 merge_ranges=26 map_eff_cores=0.05 merge_eff_cores=0.12
event=kink_round H=10 col=21 round=stage9 frontier_in=20214 map_wall_s=7.717 map_cpu_s=0.101 merge_wall_s=1.897 merge_cpu_s=0.072 map_units=10 merge_ranges=10 map_eff_cores=0.01 merge_eff_cores=0.04
event=kink_round H=17 col=2 round=stage15 frontier_in=15084855 map_wall_s=52.891 map_cpu_s=97.741 merge_wall_s=12.190 merge_cpu_s=95.742 map_units=640 merge_ranges=80 map_eff_cores=1.85 merge_eff_cores=7.85
event=heartbeat H=16 col=3 elapsed_s=260 processed=1599488 rate_per_s=6156 steals=0
event=heartbeat H=14 col=5 elapsed_s=104 processed=1599488 rate_per_s=15391 steals=0
event=heartbeat H=10 col=21 elapsed_s=104 processed=1599488 rate_per_s=15391 steals=0
event=heartbeat H=9 col=26 elapsed_s=87 processed=1599488 rate_per_s=18469 steals=0
event=kink_round H=8 col=33 round=stage1 frontier_in=49 map_wall_s=1.922 map_cpu_s=0.001 merge_wall_s=9.193 merge_cpu_s=0.001 map_units=1 merge_ranges=1 map_eff_cores=0.00 merge_eff_cores=0.00
event=kink_round H=9 col=26 round=stage7 frontier_in=7472 map_wall_s=1.930 map_cpu_s=0.029 merge_wall_s=9.236 merge_cpu_s=0.017 map_units=4 merge_ranges=4 map_eff_cores=0.02 merge_eff_cores=0.00
event=heartbeat H=19 col=2 elapsed_s=329 processed=1991680 rate_per_s=6052 steals=0
event=heartbeat H=18 col=2 elapsed_s=381 processed=2029568 rate_per_s=5326 steals=0
event=kink_round H=12 col=13 round=finalize frontier_in=141343 map_wall_s=9.314 map_cpu_s=0.933 merge_wall_s=3.750 merge_cpu_s=0.858 map_units=70 merge_ranges=70 map_eff_cores=0.10 merge_eff_cores=0.23
event=column H=12 col=13 frontier_in=39506 frontier_out=39503 wall_s=152.70 cum_wall_s=2785.1 cpu_s=26.2 rss_max_mb=132.5 map_wall_s=74.15 map_cpu_s=14.8 merge_wall_s=78.32 merge_cpu_s=11.4 map_units=801 merge_ranges=781 eff_cores=0.17
event=kink_round H=11 col=17 round=stage6 frontier_in=52404 map_wall_s=9.200 map_cpu_s=0.366 merge_wall_s=2.620 merge_cpu_s=0.261 map_units=26 merge_ranges=26 map_eff_cores=0.04 merge_eff_cores=0.10
event=kink_round H=18 col=2 round=stage10 frontier_in=25106930 map_wall_s=53.958 map_cpu_s=143.413 merge_wall_s=13.910 merge_cpu_s=147.942 map_units=640 merge_ranges=80 map_eff_cores=2.66 merge_eff_cores=10.64
event=kink_round H=10 col=21 round=finalize frontier_in=19794 map_wall_s=9.304 map_cpu_s=0.080 merge_wall_s=3.043 merge_cpu_s=0.038 map_units=10 merge_ranges=10 map_eff_cores=0.01 merge_eff_cores=0.01
event=column H=10 col=21 frontier_in=5563 frontier_out=5560 wall_s=110.82 cum_wall_s=2895.9 cpu_s=1.7 rss_max_mb=104.2 map_wall_s=62.17 map_cpu_s=1.0 merge_wall_s=48.63 merge_cpu_s=0.7 map_units=98 merge_ranges=95 eff_cores=0.02
event=heartbeat H=15 col=3 elapsed_s=381 processed=25600 rate_per_s=67 steals=0
event=heartbeat H=11 col=17 elapsed_s=87 processed=103424 rate_per_s=1194 steals=0
event=kink_round H=15 col=3 round=stage14 frontier_in=2768109 map_wall_s=40.694 map_cpu_s=28.327 merge_wall_s=4.737 merge_cpu_s=19.699 map_units=640 merge_ranges=80 map_eff_cores=0.70 merge_eff_cores=4.16
event=kink_round H=12 col=14 round=seed frontier_in=39503 map_wall_s=2.554 map_cpu_s=0.327 merge_wall_s=0.000 merge_cpu_s=0.000 map_units=20 merge_ranges=0 map_eff_cores=0.13 merge_eff_cores=0.00
event=heartbeat H=17 col=2 elapsed_s=398 processed=163840 rate_per_s=411 steals=0
event=kink_round H=8 col=33 round=stage2 frontier_in=73 map_wall_s=3.103 map_cpu_s=0.001 merge_wall_s=2.534 merge_cpu_s=0.001 map_units=1 merge_ranges=1 map_eff_cores=0.00 merge_eff_cores=0.00
event=kink_round H=10 col=22 round=seed frontier_in=5560 map_wall_s=2.391 map_cpu_s=0.023 merge_wall_s=0.000 merge_cpu_s=0.000 map_units=3 merge_ranges=0 map_eff_cores=0.01 merge_eff_cores=0.00
event=kink_round H=9 col=26 round=stage8 frontier_in=7661 map_wall_s=3.016 map_cpu_s=0.027 merge_wall_s=2.549 merge_cpu_s=0.017 map_units=4 merge_ranges=4 map_eff_cores=0.01 merge_eff_cores=0.01
event=kink_round H=13 col=8 round=stage6 frontier_in=376230 map_wall_s=13.692 map_cpu_s=4.459 merge_wall_s=3.412 merge_cpu_s=3.347 map_units=184 merge_ranges=80 map_eff_cores=0.33 merge_eff_cores=0.98
event=kink_round H=14 col=5 round=stage3 frontier_in=885559 map_wall_s=32.262 map_cpu_s=11.290 merge_wall_s=3.515 merge_cpu_s=8.025 map_units=433 merge_ranges=80 map_eff_cores=0.35 merge_eff_cores=2.28
event=heartbeat H=8 col=33 elapsed_s=35 processed=394240 rate_per_s=11381 steals=0
event=heartbeat H=13 col=8 elapsed_s=121 processed=456704 rate_per_s=3767 steals=0
event=kink_round H=11 col=17 round=stage7 frontier_in=52558 map_wall_s=3.033 map_cpu_s=0.371 merge_wall_s=1.873 merge_cpu_s=0.256 map_units=26 merge_ranges=26 map_eff_cores=0.12 merge_eff_cores=0.14
event=heartbeat H=16 col=3 elapsed_s=277 processed=736256 rate_per_s=2657 steals=0
event=heartbeat H=14 col=5 elapsed_s=121 processed=736256 rate_per_s=6073 steals=0
event=heartbeat H=9 col=26 elapsed_s=104 processed=736256 rate_per_s=7085 steals=0
event=heartbeat H=19 col=2 elapsed_s=346 processed=736256 rate_per_s=2125 steals=0
event=heartbeat H=18 col=2 elapsed_s=398 processed=736256 rate_per_s=1848 steals=0
event=heartbeat H=12 col=14 elapsed_s=17 processed=738304 rate_per_s=42625 steals=0
event=heartbeat H=10 col=22 elapsed_s=17 processed=741376 rate_per_s=42801 steals=0
event=heartbeat H=15 col=3 elapsed_s=398 processed=742400 rate_per_s=1864 steals=0
event=heartbeat H=11 col=17 elapsed_s=104 processed=743424 rate_per_s=7154 steals=0
event=heartbeat H=17 col=2 elapsed_s=416 processed=774144 rate_per_s=1862 steals=0
event=kink_round H=8 col=33 round=stage3 frontier_in=103 map_wall_s=1.593 map_cpu_s=0.001 merge_wall_s=16.294 merge_cpu_s=0.001 map_units=1 merge_ranges=1 map_eff_cores=0.00 merge_eff_cores=0.00
event=kink_round H=10 col=22 round=stage0 frontier_in=5560 map_wall_s=1.586 map_cpu_s=0.033 merge_wall_s=16.368 merge_cpu_s=0.027 map_units=3 merge_ranges=3 map_eff_cores=0.02 merge_eff_cores=0.00
event=kink_round H=9 col=26 round=finalize frontier_in=7380 map_wall_s=1.567 map_cpu_s=0.021 merge_wall_s=16.403 merge_cpu_s=0.008 map_units=4 merge_ranges=4 map_eff_cores=0.01 merge_eff_cores=0.00
event=column H=9 col=26 frontier_in=2137 frontier_out=2089 wall_s=113.81 cum_wall_s=3009.7 cpu_s=0.4 rss_max_mb=103.9 map_wall_s=45.76 map_cpu_s=0.2 merge_wall_s=68.04 merge_cpu_s=0.1 map_units=37 merge_ranges=35 eff_cores=0.00
event=kink_round H=12 col=14 round=stage0 frontier_in=39503 map_wall_s=2.438 map_cpu_s=0.355 merge_wall_s=16.511 merge_cpu_s=0.323 map_units=20 merge_ranges=20 map_eff_cores=0.15 merge_eff_cores=0.02
event=heartbeat H=8 col=33 elapsed_s=52 processed=58368 rate_per_s=1123 steals=0
event=heartbeat H=13 col=8 elapsed_s=139 processed=130048 rate_per_s=939 steals=0
event=kink_round H=9 col=27 round=seed frontier_in=2089 map_wall_s=2.084 map_cpu_s=0.009 merge_wall_s=0.000 merge_cpu_s=0.000 map_units=2 merge_ranges=0 map_eff_cores=0.00 merge_eff_cores=0.00
event=kink_round H=11 col=17 round=stage8 frontier_in=52799 map_wall_s=16.487 map_cpu_s=0.368 merge_wall_s=2.088 merge_cpu_s=0.260 map_units=26 merge_ranges=26 map_eff_cores=0.02 merge_eff_cores=0.12
event=kink_round H=19 col=2 round=stage5 frontier_in=43159694 map_wall_s=54.737 map_cpu_s=220.295 merge_wall_s=21.323 merge_cpu_s=242.659 map_units=640 merge_ranges=80 map_eff_cores=4.02 merge_eff_cores=11.38
event=kink_round H=8 col=33 round=stage4 frontier_in=136 map_wall_s=2.114 map_cpu_s=0.001 merge_wall_s=1.953 merge_cpu_s=0.001 map_units=1 merge_ranges=1 map_eff_cores=0.00 merge_eff_cores=0.00
event=kink_round H=10 col=22 round=stage1 frontier_in=8934 map_wall_s=2.127 map_cpu_s=0.051 merge_wall_s=2.063 merge_cpu_s=0.044 map_units=5 merge_ranges=5 map_eff_cores=0.02 merge_eff_cores=0.02
event=heartbeat H=16 col=3 elapsed_s=294 processed=765952 rate_per_s=2601 steals=0
event=kink_round H=12 col=14 round=stage1 frontier_in=63495 map_wall_s=2.122 map_cpu_s=0.563 merge_wall_s=2.159 merge_cpu_s=0.553 map_units=32 merge_ranges=32 map_eff_cores=0.27 merge_eff_cores=0.26
event=heartbeat H=14 col=5 elapsed_s=139 processed=813056 rate_per_s=5868 steals=0
event=kink_round H=13 col=8 round=stage7 frontier_in=378384 map_wall_s=20.740 map_cpu_s=4.324 merge_wall_s=2.030 merge_cpu_s=3.203 map_units=185 merge_ranges=80 map_eff_cores=0.21 merge_eff_cores=1.58
event=kink_round H=9 col=27 round=stage0 frontier_in=2089 map_wall_s=2.046 map_cpu_s=0.009 merge_wall_s=1.375 merge_cpu_s=0.007 map_units=2 merge_ranges=2 map_eff_cores=0.00 merge_eff_cores=0.01
event=kink_round H=11 col=17 round=stage9 frontier_in=52647 map_wall_s=2.085 map_cpu_s=0.362 merge_wall_s=1.475 merge_cpu_s=0.180 map_units=26 merge_ranges=26 map_eff_cores=0.17 merge_eff_cores=0.12
event=kink_round H=8 col=33 round=stage5 frontier_in=158 map_wall_s=1.267 map_cpu_s=0.001 merge_wall_s=4.173 merge_cpu_s=0.001 map_units=1 merge_ranges=1 map_eff_cores=0.00 merge_eff_cores=0.00
event=kink_round H=16 col=3 round=stage5 frontier_in=5955278 map_wall_s=47.553 map_cpu_s=50.098 merge_wall_s=6.188 merge_cpu_s=43.824 map_units=640 merge_ranges=80 map_eff_cores=1.05 merge_eff_cores=7.08
event=heartbeat H=19 col=2 elapsed_s=364 processed=1371136 rate_per_s=3770 steals=0
event=kink_round H=10 col=22 round=stage2 frontier_in=14505 map_wall_s=1.465 map_cpu_s=0.077 merge_wall_s=6.057 merge_cpu_s=0.055 map_units=8 merge_ranges=8 map_eff_cores=0.05 merge_eff_cores=0.01
event=heartbeat H=18 col=2 elapsed_s=416 processed=1439744 rate_per_s=3463 steals=0
event=kink_round H=12 col=14 round=stage2 frontier_in=102876 map_wall_s=1.790 map_cpu_s=0.861 merge_wall_s=6.204 merge_cpu_s=0.784 map_units=51 merge_ranges=51 map_eff_cores=0.48 merge_eff_cores=0.13
event=heartbeat H=12 col=14 elapsed_s=35 processed=1533952 rate_per_s=44277 steals=0
event=heartbeat H=10 col=22 elapsed_s=35 processed=1779712 rate_per_s=51374 steals=0
event=kink_round H=9 col=27 round=stage1 frontier_in=3321 map_wall_s=5.951 map_cpu_s=0.013 merge_wall_s=2.895 merge_cpu_s=0.011 map_units=2 merge_ranges=2 map_eff_cores=0.00 merge_eff_cores=0.00
event=heartbeat H=15 col=3 elapsed_s=416 processed=1797120 rate_per_s=4323 steals=0
event=kink_round H=11 col=17 round=stage10 frontier_in=53449 map_wall_s=6.052 map_cpu_s=0.361 merge_wall_s=2.738 merge_cpu_s=0.248 map_units=27 merge_ranges=27 map_eff_cores=0.06 merge_eff_cores=0.09
event=heartbeat H=11 col=17 elapsed_s=121 processed=1875968 rate_per_s=15473 steals=0
event=heartbeat H=17 col=2 elapsed_s=433 processed=1959936 rate_per_s=4526 steals=0
event=heartbeat H=9 col=27 elapsed_s=17 processed=2033664 rate_per_s=117408 steals=0
event=heartbeat H=8 col=33 elapsed_s=69 processed=2048000 rate_per_s=29560 steals=0
event=kink_round H=8 col=33 round=stage6 frontier_in=168 map_wall_s=4.201 map_cpu_s=0.001 merge_wall_s=4.415 merge_cpu_s=0.001 map_units=1 merge_ranges=1 map_eff_cores=0.00 merge_eff_cores=0.00
event=heartbeat H=13 col=8 elapsed_s=156 processed=2067456 rate_per_s=13263 steals=0
event=kink_round H=14 col=5 round=stage4 frontier_in=963372 map_wall_s=31.213 map_cpu_s=11.895 merge_wall_s=5.166 merge_cpu_s=9.730 map_units=471 merge_ranges=80 map_eff_cores=0.38 merge_eff_cores=1.88
event=kink_round H=10 col=22 round=stage3 frontier_in=17195 map_wall_s=2.824 map_cpu_s=0.086 merge_wall_s=4.214 merge_cpu_s=0.062 map_units=9 merge_ranges=9 map_eff_cores=0.03 merge_eff_cores=0.01
event=kink_round H=12 col=14 round=stage3 frontier_in=121339 map_wall_s=2.972 map_cpu_s=1.126 merge_wall_s=3.555 merge_cpu_s=0.900 map_units=60 merge_ranges=60 map_eff_cores=0.38 merge_eff_cores=0.25
event=kink_round H=13 col=8 round=stage8 frontier_in=378846 map_wall_s=12.406 map_cpu_s=4.463 merge_wall_s=3.664 merge_cpu_s=3.548 map_units=185 merge_ranges=80 map_eff_cores=0.36 merge_eff_cores=0.97
event=heartbeat H=16 col=3 elapsed_s=312 processed=2353152 rate_per_s=7548 steals=0
event=kink_round H=9 col=27 round=stage2 frontier_in=5368 map_wall_s=4.096 map_cpu_s=0.011 merge_wall_s=3.247 merge_cpu_s=0.013 map_units=3 merge_ranges=3 map_eff_cores=0.00 merge_eff_cores=0.00
event=heartbeat H=14 col=5 elapsed_s=156 processed=2385920 rate_per_s=15306 steals=0
event=kink_round H=11 col=17 round=finalize frontier_in=52668 map_wall_s=4.239 map_cpu_s=0.277 merge_wall_s=3.451 merge_cpu_s=0.167 map_units=26 merge_ranges=26 map_eff_cores=0.07 merge_eff_cores=0.05
event=column H=11 col=17 frontier_in=14824 frontier_out=14820 wall_s=128.76 cum_wall_s=3138.5 cpu_s=6.4 rss_max_mb=132.5 map_wall_s=92.72 map_cpu_s=3.8 merge_wall_s=35.97 merge_cpu_s=2.6 map_units=278 merge_ranges=270 eff_cores=0.05
event=kink_round H=15 col=3 round=finalize frontier_in=2757360 map_wall_s=37.693 map_cpu_s=21.866 merge_wall_s=4.742 merge_cpu_s=10.786 map_units=640 merge_ranges=80 map_eff_cores=0.58 merge_eff_cores=2.27
event=column H=15 col=3 frontier_in=644932 frontier_out=768826 wall_s=425.05 cum_wall_s=3563.5 cpu_s=579.1 rss_max_mb=140.1 map_wall_s=357.87 map_cpu_s=347.8 merge_wall_s=64.94 merge_cpu_s=231.3 map_units=10095 merge_ranges=1280 eff_cores=1.36
event=kink_round H=8 col=33 round=stage7 frontier_in=144 map_wall_s=3.022 map_cpu_s=0.001 merge_wall_s=7.899 merge_cpu_s=0.001 map_units=1 merge_ranges=1 map_eff_cores=0.00 merge_eff_cores=0.00
event=heartbeat H=19 col=2 elapsed_s=381 processed=45056 rate_per_s=118 steals=0
event=heartbeat H=18 col=2 elapsed_s=433 processed=132096 rate_per_s=305 steals=0
event=heartbeat H=12 col=14 elapsed_s=52 processed=195584 rate_per_s=3764 steals=0
event=kink_round H=10 col=22 round=stage4 frontier_in=18769 map_wall_s=3.333 map_cpu_s=0.094 merge_wall_s=8.902 merge_cpu_s=0.063 map_units=10 merge_ranges=10 map_eff_cores=0.03 merge_eff_cores=0.01
event=kink_round H=11 col=18 round=seed frontier_in=14820 map_wall_s=9.248 map_cpu_s=0.086 merge_wall_s=0.000 merge_cpu_s=0.000 map_units=8 merge_ranges=0 map_eff_cores=0.01 merge_eff_cores=0.00
event=heartbeat H=10 col=22 elapsed_s=52 processed=360448 rate_per_s=6937 steals=0
event=kink_round H=17 col=2 round=stage16 frontier_in=16201987 map_wall_s=51.180 map_cpu_s=97.844 merge_wall_s=12.405 merge_cpu_s=94.016 map_units=640 merge_ranges=80 map_eff_cores=1.91 merge_eff_cores=7.58
event=kink_round H=12 col=14 round=stage4 frontier_in=132226 map_wall_s=3.798 map_cpu_s=1.141 merge_wall_s=9.215 merge_cpu_s=0.832 map_units=65 merge_ranges=65 map_eff_cores=0.30 merge_eff_cores=0.09
event=kink_round H=9 col=27 round=stage3 frontier_in=6410 map_wall_s=8.407 map_cpu_s=0.022 merge_wall_s=2.689 merge_cpu_s=0.014 map_units=4 merge_ranges=4 map_eff_cores=0.00 merge_eff_cores=0.01
event=heartbeat H=17 col=2 elapsed_s=450 processed=629760 rate_per_s=1398 steals=0
event=heartbeat H=9 col=27 elapsed_s=35 processed=816128 rate_per_s=23559 steals=0
event=heartbeat H=8 col=33 elapsed_s=87 processed=818176 rate_per_s=9447 steals=0
event=heartbeat H=13 col=8 elapsed_s=173 processed=818176 rate_per_s=4724 steals=0
event=kink_round H=8 col=33 round=finalize frontier_in=93 map_wall_s=3.602 map_cpu_s=0.000 merge_wall_s=3.167 merge_cpu_s=0.000 map_units=1 merge_ranges=1 map_eff_cores=0.00 merge_eff_cores=0.00
event=column H=8 col=33 frontier_in=31 frontier_out=12 wall_s=87.38 cum_wall_s=3650.9 cpu_s=0.0 rss_max_mb=111.0 map_wall_s=29.76 map_cpu_s=0.0 merge_wall_s=57.62 merge_cpu_s=0.0 map_units=10 merge_ranges=9 eff_cores=0.00
event=kink_round H=10 col=22 round=stage5 frontier_in=19486 map_wall_s=2.150 map_cpu_s=0.101 merge_wall_s=2.738 merge_cpu_s=0.065 map_units=10 merge_ranges=10 map_eff_cores=0.05 merge_eff_cores=0.02
event=kink_round H=11 col=18 round=stage0 frontier_in=14820 map_wall_s=2.423 map_cpu_s=0.109 merge_wall_s=2.185 merge_cpu_s=0.098 map_units=8 merge_ranges=8 map_eff_cores=0.04 merge_eff_cores=0.04
event=heartbeat H=16 col=3 elapsed_s=329 processed=189440 rate_per_s=576 steals=0
event=heartbeat H=14 col=5 elapsed_s=173 processed=189440 rate_per_s=1094 steals=0
event=heartbeat H=11 col=18 elapsed_s=17 processed=189440 rate_per_s=10937 steals=0
event=heartbeat H=15 col=4 elapsed_s=17 processed=189440 rate_per_s=10937 steals=0
event=kink_round H=12 col=14 round=stage5 frontier_in=137356 map_wall_s=2.567 map_cpu_s=1.278 merge_wall_s=11.483 merge_cpu_s=1.019 map_units=68 merge_ranges=68 map_eff_cores=0.50 merge_eff_cores=0.09
event=heartbeat H=19 col=2 elapsed_s=398 processed=203776 rate_per_s=512 steals=0
event=heartbeat H=18 col=2 elapsed_s=450 processed=232448 rate_per_s=516 steals=0
event=kink_round H=8 col=34 round=seed frontier_in=12 map_wall_s=12.100 map_cpu_s=0.000 merge_wall_s=0.000 merge_cpu_s=0.000 map_units=1 merge_ranges=0 map_eff_cores=0.00 merge_eff_cores=0.00
event=heartbeat H=12 col=14 elapsed_s=69 processed=246784 rate_per_s=3562 steals=0
event=kink_round H=9 col=27 round=stage4 frontier_in=6935 map_wall_s=3.017 map_cpu_s=0.025 merge_wall_s=12.305 merge_cpu_s=0.015 map_units=4 merge_ranges=4 map_eff_cores=0.01 merge_eff_cores=0.00
event=kink_round H=13 col=8 round=stage9 frontier_in=379337 map_wall_s=14.683 map_cpu_s=4.540 merge_wall_s=12.706 merge_cpu_s=2.666 map_units=186 merge_ranges=80 map_eff_cores=0.31 merge_eff_cores=0.21
event=heartbeat H=10 col=22 elapsed_s=69 processed=434176 rate_per_s=6267 steals=0
event=kink_round H=10 col=22 round=stage6 frontier_in=19658 map_wall_s=12.506 map_cpu_s=0.096 merge_wall_s=1.902 merge_cpu_s=0.063 map_units=10 merge_ranges=10 map_eff_cores=0.01 merge_eff_cores=0.03
event=heartbeat H=17 col=2 elapsed_s=468 processed=746496 rate_per_s=1596 steals=0
event=kink_round H=11 col=18 round=stage1 frontier_in=23839 map_wall_s=12.624 map_cpu_s=0.166 merge_wall_s=2.110 merge_cpu_s=0.151 map_units=12 merge_ranges=12 map_eff_cores=0.01 merge_eff_cores=0.07
event=kink_round H=18 col=2 round=stage11 frontier_in=27132900 map_wall_s=54.019 map_cpu_s=150.227 merge_wall_s=16.668 merge_cpu_s=165.595 map_units=640 merge_ranges=80 map_eff_cores=2.78 merge_eff_cores=9.93
event=kink_round H=8 col=34 round=stage0 frontier_in=12 map_wall_s=2.004 map_cpu_s=0.000 merge_wall_s=1.514 merge_cpu_s=0.000 map_units=1 merge_ranges=1 map_eff_cores=0.00 merge_eff_cores=0.00
event=kink_round H=12 col=14 round=stage6 frontier_in=139561 map_wall_s=3.280 map_cpu_s=1.344 merge_wall_s=2.004 merge_cpu_s=0.950 map_units=69 merge_ranges=69 map_eff_cores=0.41 merge_eff_cores=0.47
event=kink_round H=9 col=27 round=stage5 frontier_in=7152 map_wall_s=1.952 map_cpu_s=0.025 merge_wall_s=1.396 merge_cpu_s=0.015 map_units=4 merge_ranges=4 map_eff_cores=0.01 merge_eff_cores=0.01
event=kink_round H=15 col=4 round=seed frontier_in=768826 map_wall_s=27.740 map_cpu_s=8.012 merge_wall_s=0.000 merge_cpu_s=0.000 map_units=376 merge_ranges=0 map_eff_cores=0.29 merge_eff_cores=0.00
event=heartbeat H=9 col=27 elapsed_s=52 processed=908288 rate_per_s=17480 steals=0
event=heartbeat H=13 col=8 elapsed_s=191 processed=1120256 rate_per_s=5880 steals=0
event=heartbeat H=8 col=34 elapsed_s=17 processed=1156096 rate_per_s=66746 steals=0
event=kink_round H=10 col=22 round=stage7 frontier_in=19892 map_wall_s=1.357 map_cpu_s=0.096 merge_wall_s=1.508 merge_cpu_s=0.065 map_units=10 merge_ranges=10 map_eff_cores=0.07 merge_eff_cores=0.04
event=kink_round H=11 col=18 round=stage2 frontier_in=38624 map_wall_s=1.248 map_cpu_s=0.260 merge_wall_s=2.034 merge_cpu_s=0.187 map_units=19 merge_ranges=19 map_eff_cores=0.21 merge_eff_cores=0.09
event=kink_round H=14 col=5 round=stage5 frontier_in=1000406 map_wall_s=32.919 map_cpu_s=12.338 merge_wall_s=2.909 merge_cpu_s=9.432 map_units=489 merge_ranges=80 map_eff_cores=0.37 merge_eff_cores=3.24
event=kink_round H=8 col=34 round=stage1 frontier_in=17 map_wall_s=1.053 map_cpu_s=0.000 merge_wall_s=2.814 merge_cpu_s=0.000 map_units=1 merge_ranges=1 map_eff_cores=0.00 merge_eff_cores=0.00
event=heartbeat H=16 col=3 elapsed_s=346 processed=1284096 rate_per_s=3707 steals=0
event=heartbeat H=14 col=5 elapsed_s=191 processed=1284096 rate_per_s=6740 steals=0
event=heartbeat H=11 col=18 elapsed_s=35 processed=1284096 rate_per_s=37069 steals=0
event=kink_round H=9 col=27 round=stage6 frontier_in=7230 map_wall_s=1.167 map_cpu_s=0.025 merge_wall_s=5.494 merge_cpu_s=0.013 map_units=4 merge_ranges=4 map_eff_cores=0.02 merge_eff_cores=0.00
event=kink_round H=12 col=14 round=stage7 frontier_in=140118 map_wall_s=1.304 map_cpu_s=1.324 merge_wall_s=5.721 merge_cpu_s=1.015 map_units=69 merge_ranges=69 map_eff_cores=1.02 merge_eff_cores=0.18
event=heartbeat H=15 col=4 elapsed_s=35 processed=1331200 rate_per_s=38426 steals=0
event=kink_round H=13 col=8 round=stage10 frontier_in=379975 map_wall_s=5.467 map_cpu_s=4.253 merge_wall_s=5.195 merge_cpu_s=2.697 map_units=186 merge_ranges=80 map_eff_cores=0.78 merge_eff_cores=0.52
event=kink_round H=16 col=3 round=stage6 frontier_in=6111026 map_wall_s=41.285 map_cpu_s=51.928 merge_wall_s=7.907 merge_cpu_s=44.658 map_units=640 merge_ranges=80 map_eff_cores=1.26 merge_eff_cores=5.65
event=kink_round H=10 col=22 round=stage8 frontier_in=19892 map_wall_s=5.465 map_cpu_s=0.062 merge_wall_s=2.751 merge_cpu_s=0.057 map_units=10 merge_ranges=10 map_eff_cores=0.01 merge_eff_cores=0.02
event=kink_round H=11 col=18 round=stage3 frontier_in=45682 map_wall_s=5.094 map_cpu_s=0.263 merge_wall_s=2.248 merge_cpu_s=0.201 map_units=23 merge_ranges=23 map_eff_cores=0.05 merge_eff_cores=0.09
event=kink_round H=8 col=34 round=stage2 frontier_in=22 map_wall_s=4.788 map_cpu_s=0.000 merge_wall_s=1.808 merge_cpu_s=0.001 map_units=1 merge_ranges=1 map_eff_cores=0.00 merge_eff_cores=0.00
event=kink_round H=9 col=27 round=stage7 frontier_in=7249 map_wall_s=2.848 map_cpu_s=0.024 merge_wall_s=1.211 merge_cpu_s=0.014 map_units=4 merge_ranges=4 map_eff_cores=0.01 merge_eff_cores=0.01
event=kink_round H=12 col=14 round=stage8 frontier_in=140672 map_wall_s=2.797 map_cpu_s=1.289 merge_wall_s=1.236 merge_cpu_s=0.931 map_units=69 merge_ranges=69 map_eff_cores=0.46 merge_eff_cores=0.75
event=heartbeat H=19 col=2 elapsed_s=416 processed=2348032 rate_per_s=5648 steals=0
event=heartbeat H=18 col=2 elapsed_s=468 processed=2355200 rate_per_s=5036 steals=0
event=heartbeat H=12 col=14 elapsed_s=87 processed=2355200 rate_per_s=27195 steals=0
event=heartbeat H=10 col=22 elapsed_s=87 processed=2355200 rate_per_s=27195 steals=0
event=heartbeat H=17 col=2 elapsed_s=485 processed=2355200 rate_per_s=4856 steals=0
event=heartbeat H=9 col=27 elapsed_s=69 processed=2355200 rate_per_s=33994 steals=0
event=heartbeat H=13 col=8 elapsed_s=208 processed=2355200 rate_per_s=11331 steals=0
event=heartbeat H=8 col=34 elapsed_s=35 processed=2355200 rate_per_s=67986 steals=0
event=heartbeat H=16 col=3 elapsed_s=364 processed=2355200 rate_per_s=6475 steals=0
event=heartbeat H=14 col=5 elapsed_s=208 processed=2355200 rate_per_s=11331 steals=0
event=heartbeat H=11 col=18 elapsed_s=52 processed=2355200 rate_per_s=45325 steals=0
event=heartbeat H=15 col=4 elapsed_s=52 processed=2355200 rate_per_s=45325 steals=0
event=kink_round H=10 col=22 round=stage9 frontier_in=20209 map_wall_s=1.174 map_cpu_s=0.087 merge_wall_s=18.180 merge_cpu_s=0.062 map_units=10 merge_ranges=10 map_eff_cores=0.07 merge_eff_cores=0.00
event=kink_round H=11 col=18 round=stage4 frontier_in=49820 map_wall_s=1.191 map_cpu_s=0.323 merge_wall_s=18.143 merge_cpu_s=0.238 map_units=25 merge_ranges=25 map_eff_cores=0.27 merge_eff_cores=0.01
event=kink_round H=8 col=34 round=stage3 frontier_in=27 map_wall_s=1.767 map_cpu_s=0.000 merge_wall_s=17.322 merge_cpu_s=0.001 map_units=1 merge_ranges=1 map_eff_cores=0.00 merge_eff_cores=0.00
event=heartbeat H=19 col=2 elapsed_s=433 processed=2689024 rate_per_s=6210 steals=0
event=heartbeat H=18 col=2 elapsed_s=485 processed=2792448 rate_per_s=5758 steals=0
event=kink_round H=9 col=27 round=stage8 frontier_in=7458 map_wall_s=17.886 map_cpu_s=0.024 merge_wall_s=1.772 merge_cpu_s=0.013 map_units=4 merge_ranges=4 map_eff_cores=0.00 merge_eff_cores=0.01
event=heartbeat H=12 col=14 elapsed_s=104 processed=2860032 rate_per_s=27521 steals=0
event=kink_round H=12 col=14 round=stage9 frontier_in=141097 map_wall_s=18.242 map_cpu_s=1.296 merge_wall_s=2.050 merge_cpu_s=0.999 map_units=69 merge_ranges=69 map_eff_cores=0.07 merge_eff_cores=0.49
event=heartbeat H=10 col=22 elapsed_s=104 processed=2984960 rate_per_s=28723 steals=0
event=kink_round H=13 col=8 round=stage11 frontier_in=378719 map_wall_s=21.638 map_cpu_s=3.900 merge_wall_s=2.830 merge_cpu_s=3.381 map_units=185 merge_ranges=80 map_eff_cores=0.18 merge_eff_cores=1.19
event=kink_round H=15 col=4 round=stage0 frontier_in=768826 map_wall_s=29.321 map_cpu_s=20.365 merge_wall_s=3.009 merge_cpu_s=10.384 map_units=376 merge_ranges=80 map_eff_cores=0.69 merge_eff_cores=3.45
event=kink_round H=19 col=2 round=stage6 frontier_in=45791130 map_wall_s=56.285 map_cpu_s=243.836 merge_wall_s=23.019 merge_cpu_s=266.205 map_units=640 merge_ranges=80 map_eff_cores=4.33 merge_eff_cores=11.56
event=kink_round H=10 col=22 round=finalize frontier_in=19783 map_wall_s=1.875 map_cpu_s=0.077 merge_wall_s=2.843 merge_cpu_s=0.035 map_units=10 merge_ranges=10 map_eff_cores=0.04 merge_eff_cores=0.01
event=column H=10 col=22 frontier_in=5560 frontier_out=5560 wall_s=105.80 cum_wall_s=3756.7 cpu_s=1.5 rss_max_mb=140.1 map_wall_s=38.25 map_cpu_s=0.9 merge_wall_s=67.53 merge_cpu_s=0.6 map_units=98 merge_ranges=95 eff_cores=0.01
event=heartbeat H=17 col=2 elapsed_s=502 processed=2048 rate_per_s=4 steals=0
event=kink_round H=11 col=18 round=stage5 frontier_in=51685 map_wall_s=1.876 map_cpu_s=0.355 merge_wall_s=3.575 merge_cpu_s=0.233 map_units=26 merge_ranges=26 map_eff_cores=0.19 merge_eff_cores=0.07
event=kink_round H=17 col=2 round=finalize frontier_in=15864171 map_wall_s=49.061 map_cpu_s=76.137 merge_wall_s=5.025 merge_cpu_s=43.078 map_units=640 merge_ranges=80 map_eff_cores=1.55 merge_eff_cores=8.57
event=heartbeat H=9 col=27 elapsed_s=87 processed=92160 rate_per_s=1064 steals=0
event=kink_round H=8 col=34 round=stage4 frontier_in=32 map_wall_s=2.262 map_cpu_s=0.001 merge_wall_s=3.549 merge_cpu_s=0.001 map_units=1 merge_ranges=1 map_eff_cores=0.00 merge_eff_cores=0.00
event=column H=17 col=2 frontier_in=1942129 frontier_out=4411345 wall_s=503.82 cum_wall_s=4260.5 cpu_s=1880.1 rss_max_mb=140.1 map_wall_s=357.66 map_cpu_s=1034.5 merge_wall_s=137.12 merge_cpu_s=845.6 map_units=12160 merge_ranges=1440 eff_cores=3.73
event=kink_round H=9 col=27 round=finalize frontier_in=7025 map_wall_s=3.156 map_cpu_s=0.014 merge_wall_s=2.112 merge_cpu_s=0.005 map_units=4 merge_ranges=4 map_eff_cores=0.00 merge_eff_cores=0.00
event=column H=9 col=27 frontier_in=2089 frontier_out=1693 wall_s=87.11 cum_wall_s=4347.6 cpu_s=0.3 rss_max_mb=116.2 map_wall_s=52.61 map_cpu_s=0.2 merge_wall_s=34.50 merge_cpu_s=0.1 map_units=37 merge_ranges=35 eff_cores=0.00
event=kink_round H=10 col=23 round=seed frontier_in=5560 map_wall_s=1.714 map_cpu_s=0.019 merge_wall_s=0.000 merge_cpu_s=0.000 map_units=3 merge_ranges=0 map_eff_cores=0.01 merge_eff_cores=0.00
event=heartbeat H=13 col=8 elapsed_s=225 processed=122880 rate_per_s=546 steals=0
event=heartbeat H=8 col=34 elapsed_s=52 processed=134144 rate_per_s=2582 steals=0
event=kink_round H=12 col=14 round=stage10 frontier_in=140621 map_wall_s=3.935 map_cpu_s=1.325 merge_wall_s=3.580 merge_cpu_s=1.006 map_units=69 merge_ranges=69 map_eff_cores=0.34 merge_eff_cores=0.28
event=heartbeat H=16 col=3 elapsed_s=381 processed=340992 rate_per_s=895 steals=0
event=heartbeat H=14 col=5 elapsed_s=225 processed=363520 rate_per_s=1614 steals=0
event=kink_round H=9 col=28 round=seed frontier_in=1693 map_wall_s=4.260 map_cpu_s=0.005 merge_wall_s=0.000 merge_cpu_s=0.000 map_units=1 merge_ranges=0 map_eff_cores=0.00 merge_eff_cores=0.00
event=kink_round H=11 col=18 round=stage6 frontier_in=52378 map_wall_s=0.952 map_cpu_s=0.352 merge_wall_s=4.277 merge_cpu_s=0.250 map_units=26 merge_ranges=26 map_eff_cores=0.37 merge_eff_cores=0.06
event=heartbeat H=11 col=18 elapsed_s=69 processed=500736 rate_per_s=7227 steals=0
event=kink_round H=8 col=34 round=stage5 frontier_in=35 map_wall_s=3.067 map_cpu_s=0.000 merge_wall_s=2.082 merge_cpu_s=0.001 map_units=1 merge_ranges=1 map_eff_cores=0.00 merge_eff_cores=0.00
event=heartbeat H=15 col=4 elapsed_s=69 processed=605184 rate_per_s=8735 steals=0
event=kink_round H=14 col=5 round=stage6 frontier_in=1017148 map_wall_s=35.714 map_cpu_s=12.142 merge_wall_s=4.653 merge_cpu_s=9.579 map_units=497 merge_ranges=80 map_eff_cores=0.34 merge_eff_cores=2.06
event=kink_round H=10 col=23 round=stage0 frontier_in=5560 map_wall_s=4.272 map_cpu_s=0.031 merge_wall_s=3.729 merge_cpu_s=0.025 map_units=3 merge_ranges=3 map_eff_cores=0.01 merge_eff_cores=0.01
event=kink_round H=12 col=14 round=stage11 frontier_in=142684 map_wall_s=2.997 map_cpu_s=1.281 merge_wall_s=3.024 merge_cpu_s=0.967 map_units=70 merge_ranges=70 map_eff_cores=0.43 merge_eff_cores=0.32
event=kink_round H=13 col=8 round=stage12 frontier_in=384110 map_wall_s=10.730 map_cpu_s=4.311 merge_wall_s=3.453 merge_cpu_s=3.533 map_units=188 merge_ranges=80 map_eff_cores=0.40 merge_eff_cores=1.02
event=heartbeat H=19 col=2 elapsed_s=450 processed=1080320 rate_per_s=2399 steals=0
event=kink_round H=9 col=28 round=stage0 frontier_in=1693 map_wall_s=3.668 map_cpu_s=0.006 merge_wall_s=3.419 merge_cpu_s=0.005 map_units=1 merge_ranges=1 map_eff_cores=0.00 merge_eff_cores=0.00
event=heartbeat H=18 col=2 elapsed_s=502 processed=1188864 rate_per_s=2367 steals=0
event=kink_round H=8 col=34 round=stage6 frontier_in=34 map_wall_s=3.929 map_cpu_s=0.000 merge_wall_s=3.285 merge_cpu_s=0.000 map_units=1 merge_ranges=1 map_eff_cores=0.00 merge_eff_cores=0.00
event=kink_round H=11 col=18 round=stage7 frontier_in=52535 map_wall_s=4.097 map_cpu_s=0.344 merge_wall_s=3.425 merge_cpu_s=0.237 map_units=26 merge_ranges=26 map_eff_cores=0.08 merge_eff_cores=0.07
event=heartbeat H=12 col=14 elapsed_s=121 processed=1335296 rate_per_s=11013 steals=0
event=kink_round H=10 col=23 round=stage1 frontier_in=8922 map_wall_s=3.429 map_cpu_s=0.047 merge_wall_s=2.901 merge_cpu_s=0.041 map_units=5 merge_ranges=5 map_eff_cores=0.01 merge_eff_cores=0.01
event=kink_round H=12 col=14 round=finalize frontier_in=141329 map_wall_s=3.652 map_cpu_s=1.012 merge_wall_s=2.582 merge_cpu_s=0.788 map_units=70 merge_ranges=70 map_eff_cores=0.28 merge_eff_cores=0.31
event=column H=12 col=14 frontier_in=39503 frontier_out=39502 wall_s=124.00 cum_wall_s=4471.6 cpu_s=25.6 rss_max_mb=140.1 map_wall_s=54.45 map_cpu_s=14.5 merge_wall_s=69.32 merge_cpu_s=11.1 map_units=801 merge_ranges=781 eff_cores=0.21
event=heartbeat H=10 col=23 elapsed_s=17 processed=8192 rate_per_s=473 steals=0
event=kink_round H=9 col=28 round=stage1 frontier_in=2708 map_wall_s=2.865 map_cpu_s=0.009 merge_wall_s=2.239 merge_cpu_s=0.008 map_units=2 merge_ranges=2 map_eff_cores=0.00 merge_eff_cores=0.00
event=kink_round H=8 col=34 round=stage7 frontier_in=29 map_wall_s=2.961 map_cpu_s=0.000 merge_wall_s=1.887 merge_cpu_s=0.000 map_units=1 merge_ranges=1 map_eff_cores=0.00 merge_eff_cores=0.00
event=kink_round H=11 col=18 round=stage8 frontier_in=52792 map_wall_s=3.077 map_cpu_s=0.348 merge_wall_s=1.925 merge_cpu_s=0.239 map_units=26 merge_ranges=26 map_eff_cores=0.11 merge_eff_cores=0.12
event=heartbeat H=17 col=3 elapsed_s=17 processed=171008 rate_per_s=9873 steals=0
event=heartbeat H=9 col=28 elapsed_s=17 processed=171008 rate_per_s=9873 steals=0
event=heartbeat H=13 col=8 elapsed_s=242 processed=171008 rate_per_s=705 steals=0
event=heartbeat H=8 col=34 elapsed_s=69 processed=171008 rate_per_s=2468 steals=0
event=heartbeat H=16 col=3 elapsed_s=398 processed=171008 rate_per_s=429 steals=0
event=heartbeat H=14 col=5 elapsed_s=242 processed=171008 rate_per_s=705 steals=0
event=heartbeat H=11 col=18 elapsed_s=87 processed=171008 rate_per_s=1975 steals=0
event=heartbeat H=15 col=4 elapsed_s=87 processed=171008 rate_per_s=1975 steals=0
event=kink_round H=12 col=15 round=seed frontier_in=39502 map_wall_s=12.312 map_cpu_s=0.315 merge_wall_s=0.000 merge_cpu_s=0.000 map_units=20 merge_ranges=0 map_eff_cores=0.03 merge_eff_cores=0.00
event=heartbeat H=19 col=2 elapsed_s=468 processed=189440 rate_per_s=405 steals=0
event=heartbeat H=18 col=2 elapsed_s=520 processed=189440 rate_per_s=365 steals=0
event=kink_round H=10 col=23 round=stage2 frontier_in=14493 map_wall_s=2.272 map_cpu_s=0.071 merge_wall_s=15.327 merge_cpu_s=0.051 map_units=8 merge_ranges=8 map_eff_cores=0.03 merge_eff_cores=0.00
event=heartbeat H=12 col=15 elapsed_s=17 processed=422912 rate_per_s=24417 steals=0
event=heartbeat H=10 col=23 elapsed_s=35 processed=435200 rate_per_s=12563 steals=0
event=kink_round H=18 col=2 round=stage12 frontier_in=29350852 map_wall_s=49.986 map_cpu_s=161.009 merge_wall_s=18.554 merge_cpu_s=180.806 map_units=640 merge_ranges=80 map_eff_cores=3.22 merge_eff_cores=9.74
event=kink_round H=9 col=28 round=stage2 frontier_in=4502 map_wall_s=15.229 map_cpu_s=0.016 merge_wall_s=2.556 merge_cpu_s=0.008 map_units=3 merge_ranges=3 map_eff_cores=0.00 merge_eff_cores=0.00
event=kink_round H=13 col=8 round=finalize frontier_in=382187 map_wall_s=20.188 map_cpu_s=3.427 merge_wall_s=3.198 merge_cpu_s=2.423 map_units=187 merge_ranges=80 map_eff_cores=0.17 merge_eff_cores=0.76
event=column H=13 col=8 frontier_in=106912 frontier_out=106912 wall_s=259.11 cum_wall_s=4730.7 cpu_s=95.3 rss_max_mb=140.1 map_wall_s=185.57 map_cpu_s=54.1 merge_wall_s=73.00 merge_cpu_s=41.1 map_units=2328 merge_ranges=1093 eff_cores=0.37
event=kink_round H=16 col=3 round=stage7 frontier_in=6258676 map_wall_s=42.097 map_cpu_s=53.967 merge_wall_s=18.845 merge_cpu_s=44.329 map_units=640 merge_ranges=80 map_eff_cores=1.28 merge_eff_cores=2.35
event=kink_round H=8 col=34 round=finalize frontier_in=16 map_wall_s=15.303 map_cpu_s=0.000 merge_wall_s=2.398 merge_cpu_s=0.000 map_units=1 merge_ranges=1 map_eff_cores=0.00 merge_eff_cores=0.00
event=column H=8 col=34 frontier_in=12 frontier_out=4 wall_s=85.90 cum_wall_s=4816.6 cpu_s=0.0 rss_max_mb=125.5 map_wall_s=49.23 map_cpu_s=0.0 merge_wall_s=36.66 merge_cpu_s=0.0 map_units=10 merge_ranges=9 eff_cores=0.00
event=heartbeat H=17 col=3 elapsed_s=35 processed=19456 rate_per_s=562 steals=0
event=heartbeat H=9 col=28 elapsed_s=35 processed=19456 rate_per_s=562 steals=0
event=kink_round H=11 col=18 round=stage9 frontier_in=52635 map_wall_s=15.668 map_cpu_s=0.349 merge_wall_s=2.067 merge_cpu_s=0.232 map_units=26 merge_ranges=26 map_eff_cores=0.02 merge_eff_cores=0.11
event=kink_round H=12 col=15 round=stage0 frontier_in=39502 map_wall_s=6.059 map_cpu_s=0.337 merge_wall_s=1.043 merge_cpu_s=0.309 map_units=20 merge_ranges=20 map_eff_cores=0.06 merge_eff_cores=0.30
event=kink_round H=8 col=35 round=seed frontier_in=4 map_wall_s=0.768 map_cpu_s=0.000 merge_wall_s=0.000 merge_cpu_s=0.000 map_units=1 merge_ranges=0 map_eff_cores=0.00 merge_eff_cores=0.00
event=kink_round H=13 col=9 round=seed frontier_in=106912 map_wall_s=0.928 map_cpu_s=1.066 merge_wall_s=0.000 merge_cpu_s=0.000 map_units=53 merge_ranges=0 map_eff_cores=1.15 merge_eff_cores=0.00
event=kink_round H=10 col=23 round=stage3 frontier_in=17163 map_wall_s=2.524 map_cpu_s=0.084 merge_wall_s=0.820 merge_cpu_s=0.056 map_units=9 merge_ranges=9 map_eff_cores=0.03 merge_eff_cores=0.07
event=kink_round H=15 col=4 round=stage1 frontier_in=1235594 map_wall_s=37.856 map_cpu_s=17.698 merge_wall_s=2.982 merge_cpu_s=15.509 map_units=604 merge_ranges=80 map_eff_cores=0.47 merge_eff_cores=5.20
event=heartbeat H=16 col=3 elapsed_s=416 processed=260096 rate_per_s=626 steals=0
event=heartbeat H=14 col=5 elapsed_s=260 processed=291840 rate_per_s=1123 steals=0
event=heartbeat H=11 col=18 elapsed_s=104 processed=346112 rate_per_s=3330 steals=0
event=kink_round H=9 col=28 round=stage3 frontier_in=5534 map_wall_s=0.752 map_cpu_s=0.019 merge_wall_s=4.260 merge_cpu_s=0.010 map_units=3 merge_ranges=3 map_eff_cores=0.03 merge_eff_cores=0.00
event=kink_round H=11 col=18 round=stage10 frontier_in=53441 map_wall_s=1.893 map_cpu_s=0.337 merge_wall_s=2.919 merge_cpu_s=0.252 map_units=27 merge_ranges=27 map_eff_cores=0.18 merge_eff_cores=0.09
event=kink_round H=17 col=3 round=seed frontier_in=4411345 map_wall_s=39.570 map_cpu_s=32.800 merge_wall_s=0.000 merge_cpu_s=0.000 map_units=640 merge_ranges=0 map_eff_cores=0.83 merge_eff_cores=0.00
event=heartbeat H=15 col=4 elapsed_s=104 processed=569344 rate_per_s=5478 steals=0
event=kink_round H=8 col=35 round=stage0 frontier_in=4 map_wall_s=4.037 map_cpu_s=0.000 merge_wall_s=3.851 merge_cpu_s=0.000 map_units=1 merge_ranges=1 map_eff_cores=0.00 merge_eff_cores=0.00
event=kink_round H=12 col=15 round=stage1 frontier_in=63489 map_wall_s=4.388 map_cpu_s=0.539 merge_wall_s=3.990 merge_cpu_s=0.514 map_units=32 merge_ranges=32 map_eff_cores=0.12 merge_eff_cores=0.13
event=kink_round H=10 col=23 round=stage4 frontier_in=18728 map_wall_s=4.170 map_cpu_s=0.096 merge_wall_s=4.306 merge_cpu_s=0.061 map_units=10 merge_ranges=10 map_eff_cores=0.02 merge_eff_cores=0.01
event=kink_round H=13 col=9 round=stage0 frontier_in=106912 map_wall_s=4.296 map_cpu_s=1.299 merge_wall_s=4.517 merge_cpu_s=1.248 map_units=53 merge_ranges=53 map_eff_cores=0.30 merge_eff_cores=0.28
event=kink_round H=14 col=5 round=stage7 frontier_in=1024117 map_wall_s=31.435 map_cpu_s=12.486 merge_wall_s=4.975 merge_cpu_s=9.209 map_units=501 merge_ranges=80 map_eff_cores=0.40 merge_eff_cores=1.85
event=heartbeat H=19 col=2 elapsed_s=485 processed=1061888 rate_per_s=2190 steals=0
event=heartbeat H=18 col=2 elapsed_s=537 processed=1092608 rate_per_s=2035 steals=0
event=kink_round H=9 col=28 round=stage4 frontier_in=6104 map_wall_s=3.833 map_cpu_s=0.019 merge_wall_s=3.311 merge_cpu_s=0.010 map_units=3 merge_ranges=3 map_eff_cores=0.00 merge_eff_cores=0.00
event=kink_round H=11 col=18 round=finalize frontier_in=52650 map_wall_s=4.237 map_cpu_s=0.270 merge_wall_s=3.705 merge_cpu_s=0.155 map_units=26 merge_ranges=26 map_eff_cores=0.06 merge_eff_cores=0.04
event=column H=11 col=18 frontier_in=14820 frontier_out=14815 wall_s=112.31 cum_wall_s=4928.9 cpu_s=6.0 rss_max_mb=140.1 map_wall_s=63.63 map_cpu_s=3.6 merge_wall_s=48.61 merge_cpu_s=2.5 map_units=278 merge_ranges=270 eff_cores=0.05
event=kink_round H=8 col=35 round=stage1 frontier_in=4 map_wall_s=3.337 map_cpu_s=0.000 merge_wall_s=2.659 merge_cpu_s=0.000 map_units=1 merge_ranges=1 map_eff_cores=0.00 merge_eff_cores=0.00
event=kink_round H=12 col=15 round=stage2 frontier_in=102867 map_wall_s=3.900 map_cpu_s=0.825 merge_wall_s=2.597 merge_cpu_s=0.735 map_units=51 merge_ranges=51 map_eff_cores=0.21 merge_eff_cores=0.28
event=kink_round H=11 col=19 round=seed frontier_in=14815 map_wall_s=2.374 map_cpu_s=0.080 merge_wall_s=0.000 merge_cpu_s=0.000 map_units=8 merge_ranges=0 map_eff_cores=0.03 merge_eff_cores=0.00
event=kink_round H=10 col=23 round=stage5 frontier_in=19435 map_wall_s=3.751 map_cpu_s=0.093 merge_wall_s=2.407 merge_cpu_s=0.055 map_units=10 merge_ranges=10 map_eff_cores=0.02 merge_eff_cores=0.02
event=heartbeat H=12 col=15 elapsed_s=35 processed=489472 rate_per_s=14130 steals=0
event=heartbeat H=10 col=23 elapsed_s=52 processed=504832 rate_per_s=9715 steals=0
event=heartbeat H=13 col=9 elapsed_s=17 processed=702464 rate_per_s=40556 steals=0
event=heartbeat H=8 col=35 elapsed_s=17 processed=760832 rate_per_s=43925 steals=0
event=kink_round H=9 col=28 round=stage5 frontier_in=6353 map_wall_s=2.751 map_cpu_s=0.021 merge_wall_s=2.746 merge_cpu_s=0.011 map_units=4 merge_ranges=4 map_eff_cores=0.01 merge_eff_cores=0.00
event=heartbeat H=17 col=3 elapsed_s=52 processed=808960 rate_per_s=15568 steals=0
event=heartbeat H=9 col=28 elapsed_s=52 processed=813056 rate_per_s=15647 steals=0
event=kink_round H=13 col=9 round=stage1 frontier_in=171990 map_wall_s=6.257 map_cpu_s=2.070 merge_wall_s=2.551 merge_cpu_s=2.181 map_units=84 merge_ranges=80 map_eff_cores=0.33 merge_eff_cores=0.85
event=kink_round H=8 col=35 round=stage2 frontier_in=4 map_wall_s=2.743 map_cpu_s=0.000 merge_wall_s=1.641 merge_cpu_s=0.000 map_units=1 merge_ranges=1 map_eff_cores=0.00 merge_eff_cores=0.00
event=kink_round H=11 col=19 round=stage0 frontier_in=14815 map_wall_s=2.641 map_cpu_s=0.103 merge_wall_s=1.722 merge_cpu_s=0.094 map_units=8 merge_ranges=8 map_eff_cores=0.04 merge_eff_cores=0.05
event=kink_round H=10 col=23 round=stage6 frontier_in=19613 map_wall_s=2.568 map_cpu_s=0.095 merge_wall_s=1.726 merge_cpu_s=0.059 map_units=10 merge_ranges=10 map_eff_cores=0.04 merge_eff_cores=0.03
event=kink_round H=12 col=15 round=stage3 frontier_in=121320 map_wall_s=2.677 map_cpu_s=1.055 merge_wall_s=1.740 merge_cpu_s=0.842 map_units=60 merge_ranges=60 map_eff_cores=0.39 merge_eff_cores=0.48
event=heartbeat H=16 col=3 elapsed_s=433 processed=1320960 rate_per_s=3051 steals=0
event=heartbeat H=14 col=5 elapsed_s=277 processed=1320960 rate_per_s=4767 steals=0
event=heartbeat H=15 col=4 elapsed_s=121 processed=1320960 rate_per_s=10895 steals=0
event=heartbeat H=19 col=2 elapsed_s=502 processed=1320960 rate_per_s=2630 steals=0
event=heartbeat H=18 col=2 elapsed_s=554 processed=1320960 rate_per_s=2383 steals=0
event=heartbeat H=11 col=19 elapsed_s=17 processed=1320960 rate_per_s=76261 steals=0
event=heartbeat H=12 col=15 elapsed_s=52 processed=1320960 rate_per_s=25422 steals=0
event=heartbeat H=10 col=23 elapsed_s=69 processed=1320960 rate_per_s=19066 steals=0
event=heartbeat H=13 col=9 elapsed_s=35 processed=1320960 rate_per_s=38133 steals=0
event=heartbeat H=8 col=35 elapsed_s=35 processed=1320960 rate_per_s=38132 steals=0
event=heartbeat H=17 col=3 elapsed_s=69 processed=1320960 rate_per_s=19066 steals=0
event=heartbeat H=9 col=28 elapsed_s=69 processed=1320960 rate_per_s=19066 steals=0
event=heartbeat H=16 col=3 elapsed_s=450 processed=1522688 rate_per_s=3381 steals=0
event=heartbeat H=14 col=5 elapsed_s=294 processed=1562624 rate_per_s=5307 steals=0
event=kink_round H=9 col=28 round=stage6 frontier_in=6490 map_wall_s=1.632 map_cpu_s=0.021 merge_wall_s=20.215 merge_cpu_s=0.013 map_units=4 merge_ranges=4 map_eff_cores=0.01 merge_eff_cores=0.00
event=heartbeat H=15 col=4 elapsed_s=139 processed=1916928 rate_per_s=13834 steals=0
event=kink_round H=8 col=35 round=stage3 frontier_in=4 map_wall_s=20.193 map_cpu_s=0.000 merge_wall_s=2.542 merge_cpu_s=0.000 map_units=1 merge_ranges=1 map_eff_cores=0.00 merge_eff_cores=0.00
event=kink_round H=10 col=23 round=stage7 frontier_in=19858 map_wall_s=20.339 map_cpu_s=0.093 merge_wall_s=2.010 merge_cpu_s=0.059 map_units=10 merge_ranges=10 map_eff_cores=0.00 merge_eff_cores=0.03
event=kink_round H=11 col=19 round=stage1 frontier_in=23826 map_wall_s=20.379 map_cpu_s=0.164 merge_wall_s=2.036 merge_cpu_s=0.149 map_units=12 merge_ranges=12 map_eff_cores=0.01 merge_eff_cores=0.07
event=kink_round H=12 col=15 round=stage4 frontier_in=132193 map_wall_s=20.488 map_cpu_s=1.160 merge_wall_s=2.092 merge_cpu_s=0.926 map_units=65 merge_ranges=65 map_eff_cores=0.06 merge_eff_cores=0.44
event=kink_round H=13 col=9 round=stage2 frontier_in=278236 map_wall_s=22.916 map_cpu_s=3.306 merge_wall_s=1.670 merge_cpu_s=2.414 map_units=136 merge_ranges=80 map_eff_cores=0.14 merge_eff_cores=1.45
event=kink_round H=9 col=28 round=stage7 frontier_in=6516 map_wall_s=2.582 map_cpu_s=0.021 merge_wall_s=1.328 merge_cpu_s=0.012 map_units=4 merge_ranges=4 map_eff_cores=0.01 merge_eff_cores=0.01
event=kink_round H=19 col=2 round=stage7 frontier_in=48798069 map_wall_s=53.361 map_cpu_s=266.363 merge_wall_s=25.679 merge_cpu_s=286.297 map_units=640 merge_ranges=80 map_eff_cores=4.99 merge_eff_cores=11.15
event=kink_round H=8 col=35 round=stage4 frontier_in=4 map_wall_s=1.228 map_cpu_s=0.000 merge_wall_s=1.396 merge_cpu_s=0.001 map_units=1 merge_ranges=1 map_eff_cores=0.00 merge_eff_cores=0.00
event=kink_round H=10 col=23 round=stage8 frontier_in=19853 map_wall_s=1.412 map_cpu_s=0.097 merge_wall_s=2.309 merge_cpu_s=0.061 map_units=10 merge_ranges=10 map_eff_cores=0.07 merge_eff_cores=0.03
event=heartbeat H=19 col=2 elapsed_s=520 processed=2899968 rate_per_s=5581 steals=0
event=kink_round H=11 col=19 round=stage2 frontier_in=38609 map_wall_s=1.565 map_cpu_s=0.249 merge_wall_s=2.298 merge_cpu_s=0.191 map_units=19 merge_ranges=19 map_eff_cores=0.16 merge_eff_cores=0.08
event=heartbeat H=18 col=2 elapsed_s=572 processed=2907136 rate_per_s=5086 steals=0
event=kink_round H=15 col=4 round=stage2 frontier_in=2002147 map_wall_s=40.213 map_cpu_s=21.331 merge_wall_s=3.688 merge_cpu_s=18.997 map_units=640 merge_ranges=80 map_eff_cores=0.53 merge_eff_cores=5.15
event=heartbeat H=11 col=19 elapsed_s=35 processed=2907136 rate_per_s=83919 steals=0
event=kink_round H=12 col=15 round=stage5 frontier_in=137320 map_wall_s=1.998 map_cpu_s=1.189 merge_wall_s=4.850 merge_cpu_s=0.956 map_units=68 merge_ranges=68 map_eff_cores=0.60 merge_eff_cores=0.20
event=kink_round H=9 col=28 round=stage8 frontier_in=6703 map_wall_s=1.399 map_cpu_s=0.019 merge_wall_s=5.031 merge_cpu_s=0.011 map_units=4 merge_ranges=4 map_eff_cores=0.01 merge_eff_cores=0.00
event=kink_round H=14 col=5 round=stage8 frontier_in=1026207 map_wall_s=34.532 map_cpu_s=12.577 merge_wall_s=5.751 merge_cpu_s=7.044 map_units=502 merge_ranges=80 map_eff_cores=0.36 merge_eff_cores=1.22
event=heartbeat H=12 col=15 elapsed_s=69 processed=3115008 rate_per_s=44961 steals=0
event=heartbeat H=10 col=23 elapsed_s=87 processed=3119104 rate_per_s=36016 steals=0
event=kink_round H=16 col=3 round=stage8 frontier_in=6421991 map_wall_s=43.423 map_cpu_s=55.299 merge_wall_s=7.544 merge_cpu_s=44.745 map_units=640 merge_ranges=80 map_eff_cores=1.27 merge_eff_cores=5.93
event=heartbeat H=13 col=9 elapsed_s=52 processed=3174400 rate_per_s=61091 steals=0
event=heartbeat H=8 col=35 elapsed_s=52 processed=3175424 rate_per_s=61110 steals=0
event=heartbeat H=17 col=3 elapsed_s=87 processed=3175424 rate_per_s=36666 steals=0
event=heartbeat H=9 col=28 elapsed_s=87 processed=3179520 rate_per_s=36714 steals=0
event=kink_round H=8 col=35 round=stage5 frontier_in=4 map_wall_s=4.752 map_cpu_s=0.001 merge_wall_s=4.347 merge_cpu_s=0.001 map_units=1 merge_ranges=1 map_eff_cores=0.00 merge_eff_cores=0.00
event=kink_round H=13 col=9 round=stage3 frontier_in=327424 map_wall_s=6.659 map_cpu_s=3.845 merge_wall_s=4.358 merge_cpu_s=3.089 map_units=160 merge_ranges=80 map_eff_cores=0.58 merge_eff_cores=0.71
event=heartbeat H=16 col=3 elapsed_s=468 processed=3383296 rate_per_s=7235 steals=0
event=heartbeat H=14 col=5 elapsed_s=312 processed=3383296 rate_per_s=10852 steals=0
event=kink_round H=10 col=23 round=stage9 frontier_in=20197 map_wall_s=6.434 map_cpu_s=0.089 merge_wall_s=5.013 merge_cpu_s=0.057 map_units=10 merge_ranges=10 map_eff_cores=0.01 merge_eff_cores=0.01
event=kink_round H=11 col=19 round=stage3 frontier_in=45661 map_wall_s=6.639 map_cpu_s=0.297 merge_wall_s=4.741 merge_cpu_s=0.209 map_units=23 merge_ranges=23 map_eff_cores=0.04 merge_eff_cores=0.04
event=heartbeat H=15 col=4 elapsed_s=156 processed=3680256 rate_per_s=23609 steals=0
event=kink_round H=9 col=28 round=finalize frontier_in=6065 map_wall_s=4.003 map_cpu_s=0.011 merge_wall_s=4.593 merge_cpu_s=0.003 map_units=3 merge_ranges=3 map_eff_cores=0.00 merge_eff_cores=0.00
event=column H=9 col=28 frontier_in=1693 frontier_out=933 wall_s=92.71 cum_wall_s=5021.6 cpu_s=0.3 rss_max_mb=123.4 map_wall_s=42.97 map_cpu_s=0.2 merge_wall_s=49.70 merge_cpu_s=0.1 map_units=32 merge_ranges=31 eff_cores=0.00
event=kink_round H=12 col=15 round=stage6 frontier_in=139510 map_wall_s=4.404 map_cpu_s=1.253 merge_wall_s=4.834 merge_cpu_s=0.923 map_units=69 merge_ranges=69 map_eff_cores=0.28 merge_eff_cores=0.19
event=kink_round H=17 col=3 round=stage0 frontier_in=4411345 map_wall_s=44.939 map_cpu_s=70.779 merge_wall_s=8.762 merge_cpu_s=47.587 map_units=640 merge_ranges=80 map_eff_cores=1.57 merge_eff_cores=5.43
event=kink_round H=8 col=35 round=stage6 frontier_in=3 map_wall_s=4.437 map_cpu_s=0.000 merge_wall_s=2.811 merge_cpu_s=0.000 map_units=1 merge_ranges=1 map_eff_cores=0.00 merge_eff_cores=0.00
event=kink_round H=9 col=29 round=seed frontier_in=933 map_wall_s=2.548 map_cpu_s=0.002 merge_wall_s=0.000 merge_cpu_s=0.000 map_units=1 merge_ranges=0 map_eff_cores=0.00 merge_eff_cores=0.00
event=heartbeat H=19 col=2 elapsed_s=537 processed=478208 rate_per_s=891 steals=0
event=heartbeat H=18 col=2 elapsed_s=589 processed=478208 rate_per_s=812 steals=0
event=heartbeat H=11 col=19 elapsed_s=52 processed=478208 rate_per_s=9203 steals=0
event=heartbeat H=12 col=15 elapsed_s=87 processed=478208 rate_per_s=5522 steals=0
event=heartbeat H=10 col=23 elapsed_s=104 processed=478208 rate_per_s=4602 steals=0
event=heartbeat H=13 col=9 elapsed_s=69 processed=478208 rate_per_s=6902 steals=0
event=heartbeat H=8 col=35 elapsed_s=69 processed=478208 rate_per_s=6902 steals=0
event=heartbeat H=17 col=3 elapsed_s=104 processed=478208 rate_per_s=4602 steals=0
event=heartbeat H=16 col=3 elapsed_s=485 processed=529408 rate_per_s=1092 steals=0
event=heartbeat H=14 col=5 elapsed_s=329 processed=558080 rate_per_s=1696 steals=0
event=kink_round H=10 col=23 round=finalize frontier_in=19746 map_wall_s=3.088 map_cpu_s=0.072 merge_wall_s=13.873 merge_cpu_s=0.036 map_units=10 merge_ranges=10 map_eff_cores=0.02 merge_eff_cores=0.00
event=column H=10 col=23 frontier_in=5560 frontier_out=5548 wall_s=110.41 cum_wall_s=5132.1 cpu_s=1.4 rss_max_mb=125.5 map_wall_s=55.97 map_cpu_s=0.9 merge_wall_s=54.42 merge_cpu_s=0.6 map_units=98 merge_ranges=95 eff_cores=0.01
event=kink_round H=11 col=19 round=stage4 frontier_in=49786 map_wall_s=3.044 map_cpu_s=0.331 merge_wall_s=13.985 merge_cpu_s=0.194 map_units=25 merge_ranges=25 map_eff_cores=0.11 merge_eff_cores=0.01
event=heartbeat H=15 col=4 elapsed_s=173 processed=103424 rate_per_s=597 steals=0
event=heartbeat H=9 col=29 elapsed_s=17 processed=111616 rate_per_s=6444 steals=0
event=kink_round H=12 col=15 round=stage7 frontier_in=140084 map_wall_s=2.403 map_cpu_s=1.293 merge_wall_s=15.508 merge_cpu_s=0.938 map_units=69 merge_ranges=69 map_eff_cores=0.54 merge_eff_cores=0.06
event=kink_round H=10 col=24 round=seed frontier_in=5548 map_wall_s=3.092 map_cpu_s=0.019 merge_wall_s=0.000 merge_cpu_s=0.000 map_units=3 merge_ranges=0 map_eff_cores=0.01 merge_eff_cores=0.00
event=kink_round H=18 col=2 round=stage13 frontier_in=31761192 map_wall_s=58.612 map_cpu_s=175.811 merge_wall_s=18.945 merge_cpu_s=196.908 map_units=640 merge_ranges=80 map_eff_cores=3.00 merge_eff_cores=10.39
event=kink_round H=8 col=35 round=stage7 frontier_in=2 map_wall_s=14.218 map_cpu_s=0.000 merge_wall_s=2.779 merge_cpu_s=0.000 map_units=1 merge_ranges=1 map_eff_cores=0.00 merge_eff_cores=0.00
event=kink_round H=9 col=29 round=stage0 frontier_in=933 map_wall_s=14.592 map_cpu_s=0.003 merge_wall_s=2.435 merge_cpu_s=0.003 map_units=1 merge_ranges=1 map_eff_cores=0.00 merge_eff_cores=0.00
event=kink_round H=13 col=9 round=stage4 frontier_in=356512 map_wall_s=22.361 map_cpu_s=4.116 merge_wall_s=2.308 merge_cpu_s=3.184 map_units=175 merge_ranges=80 map_eff_cores=0.18 merge_eff_cores=1.38
event=kink_round H=11 col=19 round=stage5 frontier_in=51647 map_wall_s=3.014 map_cpu_s=0.335 merge_wall_s=2.323 merge_cpu_s=0.237 map_units=26 merge_ranges=26 map_eff_cores=0.11 merge_eff_cores=0.10
event=kink_round H=8 col=35 round=finalize frontier_in=1 map_wall_s=2.511 map_cpu_s=0.000 merge_wall_s=0.000 merge_cpu_s=0.000 map_units=0 merge_ranges=0 map_eff_cores=0.00 merge_eff_cores=0.00
event=column H=8 col=35 frontier_in=4 frontier_out=0 wall_s=80.25 cum_wall_s=5212.3 cpu_s=0.0 rss_max_mb=121.9 map_wall_s=58.22 map_cpu_s=0.0 merge_wall_s=22.03 merge_cpu_s=0.0 map_units=9 merge_ranges=8 eff_cores=0.00
event=heartbeat H=19 col=2 elapsed_s=554 processed=881664 rate_per_s=1591 steals=0
event=heartbeat H=18 col=2 elapsed_s=606 processed=959488 rate_per_s=1583 steals=0
event=kink_round H=12 col=15 round=stage8 frontier_in=140647 map_wall_s=2.085 map_cpu_s=1.255 merge_wall_s=3.032 merge_cpu_s=0.935 map_units=69 merge_ranges=69 map_eff_cores=0.60 merge_eff_cores=0.31
event=heartbeat H=11 col=19 elapsed_s=69 processed=1242112 rate_per_s=17928 steals=0
event=kink_round H=10 col=24 round=stage0 frontier_in=5548 map_wall_s=1.946 map_cpu_s=0.028 merge_wall_s=4.319 merge_cpu_s=0.022 map_units=3 merge_ranges=3 map_eff_cores=0.01 merge_eff_cores=0.01
event=kink_round H=9 col=29 round=stage1 frontier_in=1583 map_wall_s=2.674 map_cpu_s=0.005 merge_wall_s=3.609 merge_cpu_s=0.004 map_units=1 merge_ranges=1 map_eff_cores=0.00 merge_eff_cores=0.00
event=heartbeat H=12 col=15 elapsed_s=104 processed=1510400 rate_per_s=14534 steals=0
event=heartbeat H=13 col=9 elapsed_s=87 processed=1826816 rate_per_s=21094 steals=0
event=heartbeat H=17 col=3 elapsed_s=121 processed=1843200 rate_per_s=15202 steals=0
event=kink_round H=11 col=19 round=stage6 frontier_in=52331 map_wall_s=3.988 map_cpu_s=0.330 merge_wall_s=3.593 merge_cpu_s=0.230 map_units=26 merge_ranges=26 map_eff_cores=0.08 merge_eff_cores=0.06
event=heartbeat H=16 col=3 elapsed_s=502 processed=2177024 rate_per_s=4334 steals=0
event=kink_round H=12 col=15 round=stage9 frontier_in=141089 map_wall_s=4.620 map_cpu_s=1.288 merge_wall_s=4.332 merge_cpu_s=0.947 map_units=69 merge_ranges=69 map_eff_cores=0.28 merge_eff_cores=0.22
event=heartbeat H=14 col=5 elapsed_s=346 processed=2183168 rate_per_s=6302 steals=0
event=kink_round H=10 col=24 round=stage1 frontier_in=8887 map_wall_s=3.557 map_cpu_s=0.046 merge_wall_s=4.380 merge_cpu_s=0.034 map_units=5 merge_ranges=5 map_eff_cores=0.01 merge_eff_cores=0.01
event=heartbeat H=10 col=24 elapsed_s=17 processed=2271232 rate_per_s=131127 steals=0
event=kink_round H=9 col=29 round=stage2 frontier_in=2804 map_wall_s=4.303 map_cpu_s=0.009 merge_wall_s=3.216 merge_cpu_s=0.006 map_units=2 merge_ranges=2 map_eff_cores=0.00 merge_eff_cores=0.00
event=kink_round H=14 col=5 round=stage9 frontier_in=1028307 map_wall_s=36.061 map_cpu_s=12.698 merge_wall_s=5.369 merge_cpu_s=9.286 map_units=503 merge_ranges=80 map_eff_cores=0.35 merge_eff_cores=1.73
event=heartbeat H=15 col=4 elapsed_s=191 processed=2313216 rate_per_s=12141 steals=0
event=heartbeat H=9 col=29 elapsed_s=35 processed=2316288 rate_per_s=66865 steals=0
event=kink_round H=13 col=9 round=stage5 frontier_in=370228 map_wall_s=11.590 map_cpu_s=4.168 merge_wall_s=5.350 merge_cpu_s=3.405 map_units=181 merge_ranges=80 map_eff_cores=0.36 merge_eff_cores=0.64
event=kink_round H=11 col=19 round=stage7 frontier_in=52499 map_wall_s=4.229 map_cpu_s=0.318 merge_wall_s=5.561 merge_cpu_s=0.226 map_units=26 merge_ranges=26 map_eff_cores=0.08 merge_eff_cores=0.04
event=heartbeat H=19 col=2 elapsed_s=572 processed=2767872 rate_per_s=4843 steals=0
event=kink_round H=15 col=4 round=stage3 frontier_in=2355362 map_wall_s=43.207 map_cpu_s=26.465 merge_wall_s=7.855 merge_cpu_s=19.940 map_units=640 merge_ranges=80 map_eff_cores=0.61 merge_eff_cores=2.54
event=heartbeat H=18 col=2 elapsed_s=624 processed=2779136 rate_per_s=4457 steals=0
event=heartbeat H=11 col=19 elapsed_s=87 processed=2822144 rate_per_s=32587 steals=0
event=kink_round H=9 col=29 round=stage3 frontier_in=3867 map_wall_s=5.503 map_cpu_s=0.011 merge_wall_s=3.974 merge_cpu_s=0.007 map_units=2 merge_ranges=2 map_eff_cores=0.00 merge_eff_cores=0.00
event=kink_round H=12 col=15 round=stage10 frontier_in=140609 map_wall_s=6.256 map_cpu_s=1.048 merge_wall_s=4.290 merge_cpu_s=0.929 map_units=69 merge_ranges=69 map_eff_cores=0.17 merge_eff_cores=0.22
event=kink_round H=10 col=24 round=stage2 frontier_in=14440 map_wall_s=5.456 map_cpu_s=0.065 merge_wall_s=4.145 merge_cpu_s=0.045 map_units=8 merge_ranges=8 map_eff_cores=0.01 merge_eff_cores=0.01
event=heartbeat H=12 col=15 elapsed_s=121 processed=3108864 rate_per_s=25641 steals=0
event=heartbeat H=13 col=9 elapsed_s=104 processed=3109888 rate_per_s=29925 steals=0
event=heartbeat H=17 col=3 elapsed_s=139 processed=3120128 rate_per_s=22518 steals=0
event=kink_round H=11 col=19 round=stage8 frontier_in=52776 map_wall_s=4.043 map_cpu_s=0.332 merge_wall_s=6.113 merge_cpu_s=0.222 map_units=26 merge_ranges=26 map_eff_cores=0.08 merge_eff_cores=0.04
event=kink_round H=16 col=3 round=stage9 frontier_in=6602521 map_wall_s=45.755 map_cpu_s=56.423 merge_wall_s=10.171 merge_cpu_s=45.960 map_units=640 merge_ranges=80 map_eff_cores=1.23 merge_eff_cores=4.52
event=heartbeat H=16 col=3 elapsed_s=520 processed=3644416 rate_per_s=7014 steals=0
event=heartbeat H=14 col=5 elapsed_s=364 processed=3659776 rate_per_s=10062 steals=0
event=heartbeat H=10 col=24 elapsed_s=35 processed=3678208 rate_per_s=106178 steals=0
event=kink_round H=9 col=29 round=stage4 frontier_in=4298 map_wall_s=5.847 map_cpu_s=0.013 merge_wall_s=2.748 merge_cpu_s=0.007 map_units=3 merge_ranges=3 map_eff_cores=0.00 merge_eff_cores=0.00
event=kink_round H=10 col=24 round=stage3 frontier_in=17081 map_wall_s=5.862 map_cpu_s=0.075 merge_wall_s=2.766 merge_cpu_s=0.051 map_units=9 merge_ranges=9 map_eff_cores=0.01 merge_eff_cores=0.02
event=heartbeat H=15 col=4 elapsed_s=208 processed=3863552 rate_per_s=18588 steals=0
event=kink_round H=12 col=15 round=stage11 frontier_in=142673 map_wall_s=6.133 map_cpu_s=1.236 merge_wall_s=2.744 merge_cpu_s=0.917 map_units=70 merge_ranges=70 map_eff_cores=0.20 merge_eff_cores=0.33
event=heartbeat H=9 col=29 elapsed_s=52 processed=3937280 rate_per_s=75770 steals=0
event=heartbeat H=19 col=2 elapsed_s=589 processed=4038656 rate_per_s=6858 steals=0
event=heartbeat H=18 col=2 elapsed_s=641 processed=4046848 rate_per_s=6315 steals=0
event=kink_round H=11 col=19 round=stage9 frontier_in=52611 map_wall_s=2.751 map_cpu_s=0.331 merge_wall_s=6.549 merge_cpu_s=0.200 map_units=26 merge_ranges=26 map_eff_cores=0.12 merge_eff_cores=0.03
event=kink_round H=13 col=9 round=stage6 frontier_in=376228 map_wall_s=13.968 map_cpu_s=4.288 merge_wall_s=6.920 merge_cpu_s=2.867 map_units=184 merge_ranges=80 map_eff_cores=0.31 merge_eff_cores=0.41
event=heartbeat H=11 col=19 elapsed_s=104 processed=4292608 rate_per_s=41305 steals=0
event=kink_round H=17 col=3 round=stage1 frontier_in=7059110 map_wall_s=49.171 map_cpu_s=70.095 merge_wall_s=10.042 merge_cpu_s=74.602 map_units=640 merge_ranges=80 map_eff_cores=1.43 merge_eff_cores=7.43
event=heartbeat H=12 col=15 elapsed_s=139 processed=4370432 rate_per_s=31541 steals=0
event=heartbeat H=13 col=9 elapsed_s=121 processed=4370432 rate_per_s=36046 steals=0
event=heartbeat H=17 col=3 elapsed_s=156 processed=4370432 rate_per_s=28036 steals=0
event=heartbeat H=16 col=3 elapsed_s=537 processed=4370432 rate_per_s=8140 steals=0
event=heartbeat H=14 col=5 elapsed_s=381 processed=4370432 rate_per_s=11469 steals=0
event=heartbeat H=10 col=24 elapsed_s=52 processed=4370432 rate_per_s=84108 steals=0
event=heartbeat H=15 col=4 elapsed_s=225 processed=4370432 rate_per_s=19410 steals=0
event=heartbeat H=9 col=29 elapsed_s=69 processed=4370432 rate_per_s=63082 steals=0
event=heartbeat H=19 col=2 elapsed_s=606 processed=4370432 rate_per_s=7209 steals=0
event=heartbeat H=18 col=2 elapsed_s=658 processed=4370432 rate_per_s=6640 steals=0
event=heartbeat H=11 col=19 elapsed_s=121 processed=4378624 rate_per_s=36114 steals=0
event=kink_round H=9 col=29 round=stage5 frontier_in=4506 map_wall_s=6.676 map_cpu_s=0.013 merge_wall_s=19.513 merge_cpu_s=0.007 map_units=3 merge_ranges=3 map_eff_cores=0.00 merge_eff_cores=0.00
event=kink_round H=10 col=24 round=stage4 frontier_in=18600 map_wall_s=6.621 map_cpu_s=0.083 merge_wall_s=19.641 merge_cpu_s=0.052 map_units=10 merge_ranges=10 map_eff_cores=0.01 merge_eff_cores=0.00
event=kink_round H=12 col=15 round=finalize frontier_in=141302 map_wall_s=6.559 map_cpu_s=0.920 merge_wall_s=19.829 merge_cpu_s=0.809 map_units=69 merge_ranges=69 map_eff_cores=0.14 merge_eff_cores=0.04
event=column H=12 col=15 frontier_in=39502 frontier_out=39495 wall_s=155.44 cum_wall_s=5367.7 cpu_s=24.4 rss_max_mb=140.1 map_wall_s=84.28 map_cpu_s=13.7 merge_wall_s=70.88 merge_cpu_s=10.7 map_units=800 merge_ranges=780 eff_cores=0.16
event=heartbeat H=13 col=9 elapsed_s=139 processed=282624 rate_per_s=2040 steals=0
event=heartbeat H=17 col=3 elapsed_s=173 processed=286720 rate_per_s=1655 steals=0
event=kink_round H=12 col=16 round=seed frontier_in=39495 map_wall_s=3.834 map_cpu_s=0.293 merge_wall_s=0.000 merge_cpu_s=0.000 map_units=20 merge_ranges=0 map_eff_cores=0.08 merge_eff_cores=0.00
event=kink_round H=11 col=19 round=stage10 frontier_in=53425 map_wall_s=19.929 map_cpu_s=0.310 merge_wall_s=3.751 merge_cpu_s=0.223 map_units=27 merge_ranges=27 map_eff_cores=0.02 merge_eff_cores=0.06
event=kink_round H=19 col=2 round=stage8 frontier_in=52271076 map_wall_s=67.537 map_cpu_s=270.921 merge_wall_s=29.749 merge_cpu_s=311.318 map_units=640 merge_ranges=80 map_eff_cores=4.01 merge_eff_cores=10.46
event=heartbeat H=16 col=3 elapsed_s=554 processed=790528 rate_per_s=1426 steals=0
event=kink_round H=9 col=29 round=stage6 frontier_in=4622 map_wall_s=4.211 map_cpu_s=0.013 merge_wall_s=2.442 merge_cpu_s=0.007 map_units=3 merge_ranges=3 map_eff_cores=0.00 merge_eff_cores=0.00
event=kink_round H=10 col=24 round=stage5 frontier_in=19278 map_wall_s=4.141 map_cpu_s=0.086 merge_wall_s=2.539 merge_cpu_s=0.053 map_units=10 merge_ranges=10 map_eff_cores=0.02 merge_eff_cores=0.02
event=heartbeat H=14 col=5 elapsed_s=398 processed=860160 rate_per_s=2159 steals=0
event=heartbeat H=10 col=24 elapsed_s=69 processed=952320 rate_per_s=13745 steals=0
event=kink_round H=11 col=19 round=finalize frontier_in=52622 map_wall_s=2.692 map_cpu_s=0.245 merge_wall_s=1.044 merge_cpu_s=0.135 map_units=26 merge_ranges=26 map_eff_cores=0.09 merge_eff_cores=0.13
event=kink_round H=12 col=16 round=stage0 frontier_in=39495 map_wall_s=2.679 map_cpu_s=0.320 merge_wall_s=1.089 merge_cpu_s=0.273 map_units=20 merge_ranges=20 map_eff_cores=0.12 merge_eff_cores=0.25
event=column H=11 col=19 frontier_in=14815 frontier_out=14800 wall_s=131.06 cum_wall_s=5498.8 cpu_s=5.7 rss_max_mb=140.1 map_wall_s=77.29 map_cpu_s=3.4 merge_wall_s=53.72 merge_cpu_s=2.3 map_units=278 merge_ranges=270 eff_cores=0.04
event=kink_round H=14 col=5 round=stage10 frontier_in=1029262 map_wall_s=48.453 map_cpu_s=12.078 merge_wall_s=3.766 merge_cpu_s=9.043 map_units=503 merge_ranges=80 map_eff_cores=0.25 merge_eff_cores=2.40
event=kink_round H=13 col=9 round=stage7 frontier_in=378381 map_wall_s=26.343 map_cpu_s=4.157 merge_wall_s=1.281 merge_cpu_s=2.789 map_units=185 merge_ranges=80 map_eff_cores=0.16 merge_eff_cores=2.18
event=kink_round H=9 col=29 round=stage7 frontier_in=4636 map_wall_s=1.299 map_cpu_s=0.013 merge_wall_s=0.736 merge_cpu_s=0.007 map_units=3 merge_ranges=3 map_eff_cores=0.01 merge_eff_cores=0.01
event=heartbeat H=15 col=4 elapsed_s=242 processed=110592 rate_per_s=456 steals=0
event=heartbeat H=9 col=29 elapsed_s=87 processed=144384 rate_per_s=1667 steals=0
event=kink_round H=10 col=24 round=stage6 frontier_in=19482 map_wall_s=1.235 map_cpu_s=0.080 merge_wall_s=0.909 merge_cpu_s=0.053 map_units=10 merge_ranges=10 map_eff_cores=0.06 merge_eff_cores=0.06
event=kink_round H=11 col=20 round=seed frontier_in=14800 map_wall_s=0.957 map_cpu_s=0.075 merge_wall_s=0.000 merge_cpu_s=0.000 map_units=8 merge_ranges=0 map_eff_cores=0.08 merge_eff_cores=0.00
event=heartbeat H=19 col=2 elapsed_s=624 processed=331776 rate_per_s=532 steals=0
event=heartbeat H=18 col=2 elapsed_s=676 processed=331776 rate_per_s=491 steals=0
event=heartbeat H=12 col=16 elapsed_s=17 processed=331776 rate_per_s=19154 steals=0
event=heartbeat H=13 col=9 elapsed_s=156 processed=331776 rate_per_s=2128 steals=0
event=heartbeat H=17 col=3 elapsed_s=191 processed=331776 rate_per_s=1741 steals=0
event=heartbeat H=16 col=3 elapsed_s=572 processed=465920 rate_per_s=815 steals=0
event=heartbeat H=14 col=5 elapsed_s=416 processed=477184 rate_per_s=1148 steals=0
event=heartbeat H=10 col=24 elapsed_s=87 processed=509952 rate_per_s=5888 steals=0
event=heartbeat H=11 col=20 elapsed_s=17 processed=520192 rate_per_s=30033 steals=0
event=heartbeat H=15 col=4 elapsed_s=260 processed=521216 rate_per_s=2006 steals=0
event=heartbeat H=9 col=29 elapsed_s=104 processed=521216 rate_per_s=5015 steals=0
event=kink_round H=12 col=16 round=stage1 frontier_in=63467 map_wall_s=1.077 map_cpu_s=0.506 merge_wall_s=19.072 merge_cpu_s=0.497 map_units=31 merge_ranges=31 map_eff_cores=0.47 merge_eff_cores=0.03
event=kink_round H=18 col=2 round=stage14 frontier_in=34348411 map_wall_s=65.132 map_cpu_s=190.782 merge_wall_s=20.462 merge_cpu_s=213.611 map_units=640 merge_ranges=80 map_eff_cores=2.93 merge_eff_cores=10.44
event=kink_round H=9 col=29 round=stage8 frontier_in=4779 map_wall_s=18.659 map_cpu_s=0.013 merge_wall_s=2.528 merge_cpu_s=0.006 map_units=3 merge_ranges=3 map_eff_cores=0.00 merge_eff_cores=0.00
event=kink_round H=10 col=24 round=stage7 frontier_in=19750 map_wall_s=18.896 map_cpu_s=0.087 merge_wall_s=2.595 merge_cpu_s=0.053 map_units=10 merge_ranges=10 map_eff_cores=0.00 merge_eff_cores=0.02
event=kink_round H=15 col=4 round=stage4 frontier_in=2560764 map_wall_s=46.889 map_cpu_s=27.015 merge_wall_s=21.737 merge_cpu_s=19.885 map_units=640 merge_ranges=80 map_eff_cores=0.58 merge_eff_cores=0.91
event=heartbeat H=19 col=2 elapsed_s=641 processed=977920 rate_per_s=1526 steals=0
event=kink_round H=11 col=20 round=stage0 frontier_in=14800 map_wall_s=18.930 map_cpu_s=0.095 merge_wall_s=3.260 merge_cpu_s=0.087 map_units=8 merge_ranges=8 map_eff_cores=0.01 merge_eff_cores=0.03
event=heartbeat H=18 col=2 elapsed_s=693 processed=995328 rate_per_s=1437 steals=0
event=heartbeat H=12 col=16 elapsed_s=35 processed=1315840 rate_per_s=37984 steals=0
event=kink_round H=12 col=16 round=stage2 frontier_in=102836 map_wall_s=4.779 map_cpu_s=0.782 merge_wall_s=3.819 merge_cpu_s=0.686 map_units=51 merge_ranges=51 map_eff_cores=0.16 merge_eff_cores=0.18
event=heartbeat H=13 col=9 elapsed_s=173 processed=1604608 rate_per_s=9264 steals=0
event=heartbeat H=17 col=3 elapsed_s=208 processed=1607680 rate_per_s=7735 steals=0
event=kink_round H=9 col=29 round=finalize frontier_in=4172 map_wall_s=3.884 map_cpu_s=0.007 merge_wall_s=3.759 merge_cpu_s=0.002 map_units=3 merge_ranges=3 map_eff_cores=0.00 merge_eff_cores=0.00
event=column H=9 col=29 frontier_in=933 frontier_out=451 wall_s=115.16 cum_wall_s=5614.0 cpu_s=0.2 rss_max_mb=140.1 map_wall_s=70.20 map_cpu_s=0.1 merge_wall_s=44.96 merge_cpu_s=0.1 map_units=25 merge_ranges=24 eff_cores=0.00
event=kink_round H=13 col=9 round=stage8 frontier_in=378846 map_wall_s=25.355 map_cpu_s=4.088 merge_wall_s=4.870 merge_cpu_s=3.249 map_units=185 merge_ranges=80 map_eff_cores=0.16 merge_eff_cores=0.67
event=heartbeat H=16 col=3 elapsed_s=589 processed=10240 rate_per_s=17 steals=0
event=heartbeat H=14 col=5 elapsed_s=433 processed=26624 rate_per_s=61 steals=0
event=heartbeat H=10 col=24 elapsed_s=104 processed=37888 rate_per_s=365 steals=0
event=heartbeat H=11 col=20 elapsed_s=35 processed=64512 rate_per_s=1862 steals=0
event=kink_round H=10 col=24 round=stage8 frontier_in=19728 map_wall_s=5.663 map_cpu_s=0.087 merge_wall_s=7.011 merge_cpu_s=0.057 map_units=10 merge_ranges=10 map_eff_cores=0.02 merge_eff_cores=0.01
event=heartbeat H=15 col=4 elapsed_s=277 processed=119808 rate_per_s=432 steals=0
event=kink_round H=16 col=3 round=stage10 frontier_in=6802189 map_wall_s=61.858 map_cpu_s=54.571 merge_wall_s=11.310 merge_cpu_s=47.467 map_units=640 merge_ranges=80 map_eff_cores=0.88 merge_eff_cores=4.20
event=kink_round H=11 col=20 round=stage1 frontier_in=23797 map_wall_s=5.342 map_cpu_s=0.155 merge_wall_s=8.645 merge_cpu_s=0.136 map_units=12 merge_ranges=12 map_eff_cores=0.03 merge_eff_cores=0.02
event=kink_round H=9 col=30 round=seed frontier_in=451 map_wall_s=8.099 map_cpu_s=0.001 merge_wall_s=0.000 merge_cpu_s=0.000 map_units=1 merge_ranges=0 map_eff_cores=0.00 merge_eff_cores=0.00
event=heartbeat H=19 col=2 elapsed_s=658 processed=643072 rate_per_s=977 steals=0
event=heartbeat H=18 col=2 elapsed_s=710 processed=733184 rate_per_s=1032 steals=0
event=kink_round H=12 col=16 round=stage3 frontier_in=121275 map_wall_s=8.700 map_cpu_s=0.997 merge_wall_s=4.941 merge_cpu_s=0.824 map_units=60 merge_ranges=60 map_eff_cores=0.11 merge_eff_cores=0.17
event=kink_round H=10 col=24 round=stage9 frontier_in=20132 map_wall_s=4.982 map_cpu_s=0.082 merge_wall_s=3.275 merge_cpu_s=0.051 map_units=10 merge_ranges=10 map_eff_cores=0.02 merge_eff_cores=0.02
event=heartbeat H=12 col=16 elapsed_s=52 processed=1227776 rate_per_s=23628 steals=0
event=kink_round H=11 col=20 round=stage2 frontier_in=38565 map_wall_s=3.873 map_cpu_s=0.228 merge_wall_s=3.715 merge_cpu_s=0.182 map_units=19 merge_ranges=19 map_eff_cores=0.06 merge_eff_cores=0.05
event=heartbeat H=13 col=9 elapsed_s=191 processed=1355776 rate_per_s=7116 steals=0
event=kink_round H=9 col=30 round=stage0 frontier_in=451 map_wall_s=4.785 map_cpu_s=0.002 merge_wall_s=4.278 merge_cpu_s=0.001 map_units=1 merge_ranges=1 map_eff_cores=0.00 merge_eff_cores=0.00
event=heartbeat H=17 col=3 elapsed_s=225 processed=1368064 rate_per_s=6076 steals=0
event=heartbeat H=9 col=30 elapsed_s=17 processed=1376256 rate_per_s=79457 steals=0
event=heartbeat H=16 col=3 elapsed_s=606 processed=1597440 rate_per_s=2635 steals=0
event=heartbeat H=14 col=5 elapsed_s=450 processed=1597440 rate_per_s=3547 steals=0
event=heartbeat H=10 col=24 elapsed_s=121 processed=1597440 rate_per_s=13175 steals=0
event=heartbeat H=11 col=20 elapsed_s=52 processed=1598464 rate_per_s=30762 steals=0
event=heartbeat H=15 col=4 elapsed_s=294 processed=1607680 rate_per_s=5460 steals=0
event=kink_round H=14 col=5 round=stage11 frontier_in=1030843 map_wall_s=44.820 map_cpu_s=12.471 merge_wall_s=11.294 merge_cpu_s=9.299 map_units=504 merge_ranges=80 map_eff_cores=0.28 merge_eff_cores=0.82
event=kink_round H=10 col=24 round=finalize frontier_in=19624 map_wall_s=4.001 map_cpu_s=0.068 merge_wall_s=9.354 merge_cpu_s=0.029 map_units=10 merge_ranges=10 map_eff_cores=0.02 merge_eff_cores=0.00
event=column H=10 col=24 frontier_in=5548 frontier_out=5497 wall_s=126.40 cum_wall_s=5740.4 cpu_s=1.3 rss_max_mb=132.5 map_wall_s=65.45 map_cpu_s=0.8 merge_wall_s=60.94 merge_cpu_s=0.5 map_units=98 merge_ranges=95 eff_cores=0.01
event=kink_round H=12 col=16 round=stage4 frontier_in=132122 map_wall_s=4.777 map_cpu_s=1.101 merge_wall_s=9.474 merge_cpu_s=0.690 map_units=65 merge_ranges=65 map_eff_cores=0.23 merge_eff_cores=0.07
event=kink_round H=13 col=9 round=stage9 frontier_in=379337 map_wall_s=16.546 map_cpu_s=4.373 merge_wall_s=9.602 merge_cpu_s=2.460 map_units=186 merge_ranges=80 map_eff_cores=0.26 merge_eff_cores=0.26
event=heartbeat H=19 col=2 elapsed_s=676 processed=96256 rate_per_s=142 steals=0
event=kink_round H=17 col=3 round=stage2 frontier_in=11537457 map_wall_s=69.638 map_cpu_s=88.925 merge_wall_s=13.518 merge_cpu_s=90.114 map_units=640 merge_ranges=80 map_eff_cores=1.28 merge_eff_cores=6.67
event=heartbeat H=18 col=2 elapsed_s=727 processed=100352 rate_per_s=138 steals=0
event=kink_round H=11 col=20 round=stage3 frontier_in=45622 map_wall_s=8.577 map_cpu_s=0.282 merge_wall_s=6.130 merge_cpu_s=0.195 map_units=23 merge_ranges=23 map_eff_cores=0.03 merge_eff_cores=0.03
event=kink_round H=9 col=30 round=stage1 frontier_in=790 map_wall_s=9.458 map_cpu_s=0.003 merge_wall_s=3.986 merge_cpu_s=0.002 map_units=1 merge_ranges=1 map_eff_cores=0.00 merge_eff_cores=0.00
event=kink_round H=10 col=25 round=seed frontier_in=5497 map_wall_s=4.246 map_cpu_s=0.018 merge_wall_s=0.000 merge_cpu_s=0.000 map_units=3 merge_ranges=0 map_eff_cores=0.00 merge_eff_cores=0.00
event=heartbeat H=12 col=16 elapsed_s=69 processed=645120 rate_per_s=9311 steals=0
event=heartbeat H=13 col=9 elapsed_s=208 processed=775168 rate_per_s=3730 steals=0
event=heartbeat H=17 col=3 elapsed_s=242 processed=787456 rate_per_s=3247 steals=0
event=heartbeat H=9 col=30 elapsed_s=35 processed=792576 rate_per_s=22879 steals=0
event=kink_round H=12 col=16 round=stage5 frontier_in=137250 map_wall_s=4.503 map_cpu_s=1.176 merge_wall_s=5.258 merge_cpu_s=0.863 map_units=68 merge_ranges=68 map_eff_cores=0.26 merge_eff_cores=0.16
event=heartbeat H=16 col=3 elapsed_s=624 processed=1262592 rate_per_s=2025 steals=0
event=kink_round H=11 col=20 round=stage4 frontier_in=49730 map_wall_s=3.688 map_cpu_s=0.301 merge_wall_s=4.628 merge_cpu_s=0.207 map_units=25 merge_ranges=25 map_eff_cores=0.08 merge_eff_cores=0.04
event=kink_round H=9 col=30 round=stage2 frontier_in=1372 map_wall_s=3.985 map_cpu_s=0.004 merge_wall_s=3.855 merge_cpu_s=0.002 map_units=1 merge_ranges=1 map_eff_cores=0.00 merge_eff_cores=0.00
event=heartbeat H=14 col=5 elapsed_s=468 processed=1310720 rate_per_s=2803 steals=0
event=heartbeat H=11 col=20 elapsed_s=69 processed=1449984 rate_per_s=20928 steals=0
event=kink_round H=10 col=25 round=stage0 frontier_in=5497 map_wall_s=4.819 map_cpu_s=0.025 merge_wall_s=3.811 merge_cpu_s=0.020 map_units=3 merge_ranges=3 map_eff_cores=0.01 merge_eff_cores=0.01
event=heartbeat H=15 col=4 elapsed_s=312 processed=1483776 rate_per_s=4759 steals=0
event=heartbeat H=10 col=25 elapsed_s=17 processed=1941504 rate_per_s=112087 steals=0
event=heartbeat H=19 col=2 elapsed_s=693 processed=1941504 rate_per_s=2802 steals=0
event=heartbeat H=18 col=2 elapsed_s=745 processed=1986560 rate_per_s=2667 steals=0
event=kink_round H=12 col=16 round=stage6 frontier_in=139422 map_wall_s=5.015 map_cpu_s=1.194 merge_wall_s=4.701 merge_cpu_s=0.729 map_units=69 merge_ranges=69 map_eff_cores=0.24 merge_eff_cores=0.16
event=kink_round H=13 col=9 round=stage10 frontier_in=379975 map_wall_s=14.597 map_cpu_s=4.167 merge_wall_s=4.885 merge_cpu_s=2.862 map_units=186 merge_ranges=80 map_eff_cores=0.29 merge_eff_cores=0.59
event=kink_round H=9 col=30 round=stage3 frontier_in=2157 map_wall_s=5.189 map_cpu_s=0.006 merge_wall_s=3.306 merge_cpu_s=0.004 map_units=2 merge_ranges=2 map_eff_cores=0.00 merge_eff_cores=0.00
event=kink_round H=11 col=20 round=stage5 frontier_in=51599 map_wall_s=5.208 map_cpu_s=0.317 merge_wall_s=3.359 merge_cpu_s=0.203 map_units=26 merge_ranges=26 map_eff_cores=0.06 merge_eff_cores=0.06
event=kink_round H=15 col=4 round=stage5 frontier_in=2659316 map_wall_s=46.643 map_cpu_s=28.095 merge_wall_s=6.874 merge_cpu_s=20.856 map_units=640 merge_ranges=80 map_eff_cores=0.60 merge_eff_cores=3.03
event=kink_round H=10 col=25 round=stage1 frontier_in=8760 map_wall_s=4.408 map_cpu_s=0.040 merge_wall_s=4.367 merge_cpu_s=0.030 map_units=5 merge_ranges=5 map_eff_cores=0.01 merge_eff_cores=0.01
event=heartbeat H=12 col=16 elapsed_s=87 processed=2425856 rate_per_s=28011 steals=0
event=kink_round H=9 col=30 round=stage4 frontier_in=2678 map_wall_s=2.677 map_cpu_s=0.007 merge_wall_s=1.152 merge_cpu_s=0.004 map_units=2 merge_ranges=2 map_eff_cores=0.00 merge_eff_cores=0.00
event=kink_round H=12 col=16 round=stage7 frontier_in=140030 map_wall_s=2.792 map_cpu_s=1.183 merge_wall_s=1.358 merge_cpu_s=0.897 map_units=69 merge_ranges=69 map_eff_cores=0.42 merge_eff_cores=0.66
event=heartbeat H=13 col=9 elapsed_s=225 processed=2792448 rate_per_s=12402 steals=0
event=heartbeat H=17 col=3 elapsed_s=260 processed=2792448 rate_per_s=10748 steals=0
event=heartbeat H=9 col=30 elapsed_s=52 processed=2792448 rate_per_s=53740 steals=0
event=heartbeat H=16 col=3 elapsed_s=641 processed=2792448 rate_per_s=4357 steals=0
event=heartbeat H=14 col=5 elapsed_s=485 processed=2792448 rate_per_s=5758 steals=0
event=heartbeat H=11 col=20 elapsed_s=87 processed=2792448 rate_per_s=32244 steals=0
event=heartbeat H=15 col=4 elapsed_s=329 processed=2792448 rate_per_s=8485 steals=0
event=heartbeat H=10 col=25 elapsed_s=35 processed=2792448 rate_per_s=80608 steals=0
event=heartbeat H=19 col=2 elapsed_s=710 processed=2792448 rate_per_s=3932 steals=0
event=heartbeat H=18 col=2 elapsed_s=762 processed=2792448 rate_per_s=3664 steals=0
event=heartbeat H=12 col=16 elapsed_s=104 processed=2792448 rate_per_s=26870 steals=0
event=heartbeat H=13 col=9 elapsed_s=242 processed=2800640 rate_per_s=11550 steals=0
event=heartbeat H=17 col=3 elapsed_s=277 processed=2804736 rate_per_s=10121 steals=0
event=heartbeat H=9 col=30 elapsed_s=69 processed=2806784 rate_per_s=40512 steals=0
event=kink_round H=11 col=20 round=stage6 frontier_in=52295 map_wall_s=2.799 map_cpu_s=0.317 merge_wall_s=20.560 merge_cpu_s=0.203 map_units=26 merge_ranges=26 map_eff_cores=0.11 merge_eff_cores=0.01
event=heartbeat H=16 col=3 elapsed_s=658 processed=2949120 rate_per_s=4481 steals=0
event=heartbeat H=14 col=5 elapsed_s=502 processed=2949120 rate_per_s=5871 steals=0
event=kink_round H=10 col=25 round=stage2 frontier_in=14214 map_wall_s=1.528 map_cpu_s=0.059 merge_wall_s=24.155 merge_cpu_s=0.044 map_units=7 merge_ranges=7 map_eff_cores=0.04 merge_eff_cores=0.00
event=heartbeat H=11 col=20 elapsed_s=104 processed=2954240 rate_per_s=28427 steals=0
event=heartbeat H=15 col=4 elapsed_s=346 processed=2974720 rate_per_s=8587 steals=0
event=kink_round H=19 col=2 round=stage9 frontier_in=56216303 map_wall_s=78.505 map_cpu_s=303.315 merge_wall_s=28.235 merge_cpu_s=337.641 map_units=640 merge_ranges=80 map_eff_cores=3.86 merge_eff_cores=11.96
event=kink_round H=16 col=3 round=stage11 frontier_in=7008660 map_wall_s=42.304 map_cpu_s=57.956 merge_wall_s=28.393 merge_cpu_s=46.944 map_units=640 merge_ranges=80 map_eff_cores=1.37 merge_eff_cores=1.65
event=heartbeat H=10 col=25 elapsed_s=52 processed=3122176 rate_per_s=60086 steals=0
event=heartbeat H=19 col=2 elapsed_s=727 processed=3122176 rate_per_s=4292 steals=0
event=heartbeat H=18 col=2 elapsed_s=779 processed=3122176 rate_per_s=4006 steals=0
event=heartbeat H=12 col=16 elapsed_s=121 processed=3122176 rate_per_s=25751 steals=0
event=heartbeat H=13 col=9 elapsed_s=260 processed=3122176 rate_per_s=12017 steals=0
event=heartbeat H=17 col=3 elapsed_s=294 processed=3122176 rate_per_s=10603 steals=0
event=heartbeat H=9 col=30 elapsed_s=87 processed=3122176 rate_per_s=36051 steals=0
event=heartbeat H=16 col=3 elapsed_s=676 processed=3122176 rate_per_s=4622 steals=0
event=heartbeat H=14 col=5 elapsed_s=520 processed=3124224 rate_per_s=6013 steals=0
event=heartbeat H=11 col=20 elapsed_s=121 processed=3175424 rate_per_s=26190 steals=0
event=heartbeat H=15 col=4 elapsed_s=364 processed=3237888 rate_per_s=8902 steals=0
event=kink_round H=9 col=30 round=stage5 frontier_in=2780 map_wall_s=24.067 map_cpu_s=0.007 merge_wall_s=18.116 merge_cpu_s=0.004 map_units=2 merge_ranges=2 map_eff_cores=0.00 merge_eff_cores=0.00
event=kink_round H=12 col=16 round=stage8 frontier_in=140603 map_wall_s=25.215 map_cpu_s=1.160 merge_wall_s=17.369 merge_cpu_s=0.879 map_units=69 merge_ranges=69 map_eff_cores=0.05 merge_eff_cores=0.05
event=kink_round H=14 col=5 round=stage12 frontier_in=1027495 map_wall_s=44.771 map_cpu_s=12.518 merge_wall_s=21.941 merge_cpu_s=8.391 map_units=502 merge_ranges=80 map_eff_cores=0.28 merge_eff_cores=0.38
event=kink_round H=13 col=9 round=stage11 frontier_in=378719 map_wall_s=29.084 map_cpu_s=4.245 merge_wall_s=17.627 merge_cpu_s=3.338 map_units=185 merge_ranges=80 map_eff_cores=0.15 merge_eff_cores=0.19
event=heartbeat H=10 col=25 elapsed_s=69 processed=3485696 rate_per_s=50311 steals=0
event=heartbeat H=19 col=2 elapsed_s=745 processed=3485696 rate_per_s=4680 steals=0
event=kink_round H=18 col=2 round=stage15 frontier_in=37075746 map_wall_s=58.914 map_cpu_s=203.625 merge_wall_s=46.500 merge_cpu_s=227.394 map_units=640 merge_ranges=80 map_eff_cores=3.46 merge_eff_cores=4.89
event=heartbeat H=18 col=2 elapsed_s=797 processed=3487744 rate_per_s=4377 steals=0
event=kink_round H=11 col=20 round=stage7 frontier_in=52468 map_wall_s=21.452 map_cpu_s=0.313 merge_wall_s=6.622 merge_cpu_s=0.213 map_units=26 merge_ranges=26 map_eff_cores=0.01 merge_eff_cores=0.03
event=kink_round H=10 col=25 round=stage3 frontier_in=16851 map_wall_s=18.377 map_cpu_s=0.070 merge_wall_s=5.727 merge_cpu_s=0.048 map_units=9 merge_ranges=9 map_eff_cores=0.00 merge_eff_cores=0.01
event=kink_round H=9 col=30 round=stage6 frontier_in=2764 map_wall_s=5.711 map_cpu_s=0.007 merge_wall_s=1.494 merge_cpu_s=0.004 map_units=2 merge_ranges=2 map_eff_cores=0.00 merge_eff_cores=0.00
event=heartbeat H=12 col=16 elapsed_s=139 processed=4177920 rate_per_s=30151 steals=0
event=kink_round H=12 col=16 round=stage9 frontier_in=141072 map_wall_s=5.184 map_cpu_s=1.198 merge_wall_s=3.052 merge_cpu_s=0.924 map_units=69 merge_ranges=69 map_eff_cores=0.23 merge_eff_cores=0.30
event=heartbeat H=13 col=9 elapsed_s=277 processed=4392960 rate_per_s=15852 steals=0
event=heartbeat H=17 col=3 elapsed_s=312 processed=4418560 rate_per_s=14173 steals=0
event=heartbeat H=9 col=30 elapsed_s=104 processed=4418560 rate_per_s=42517 steals=0
event=kink_round H=11 col=20 round=stage8 frontier_in=52749 map_wall_s=1.522 map_cpu_s=0.322 merge_wall_s=5.762 merge_cpu_s=0.212 map_units=26 merge_ranges=26 map_eff_cores=0.21 merge_eff_cores=0.04
event=kink_round H=10 col=25 round=stage4 frontier_in=18299 map_wall_s=1.565 map_cpu_s=0.077 merge_wall_s=5.767 merge_cpu_s=0.047 map_units=9 merge_ranges=9 map_eff_cores=0.05 merge_eff_cores=0.01
event=heartbeat H=16 col=3 elapsed_s=693 processed=4859904 rate_per_s=7015 steals=0
event=heartbeat H=14 col=5 elapsed_s=537 processed=4859904 rate_per_s=9051 steals=0
event=heartbeat H=11 col=20 elapsed_s=139 processed=4859904 rate_per_s=35073 steals=0
event=heartbeat H=15 col=4 elapsed_s=381 processed=4859904 rate_per_s=12754 steals=0
event=heartbeat H=10 col=25 elapsed_s=87 processed=4865024 rate_per_s=56176 steals=0
event=heartbeat H=19 col=2 elapsed_s=762 processed=4878336 rate_per_s=6401 steals=0
event=heartbeat H=18 col=2 elapsed_s=814 processed=4883456 rate_per_s=5999 steals=0
event=kink_round H=9 col=30 round=stage7 frontier_in=2745 map_wall_s=5.682 map_cpu_s=0.007 merge_wall_s=10.991 merge_cpu_s=0.004 map_units=2 merge_ranges=2 map_eff_cores=0.00 merge_eff_cores=0.00
event=kink_round H=12 col=16 round=stage10 frontier_in=140584 map_wall_s=4.362 map_cpu_s=1.210 merge_wall_s=12.364 merge_cpu_s=0.921 map_units=69 merge_ranges=69 map_eff_cores=0.28 merge_eff_cores=0.07
event=kink_round H=13 col=9 round=stage12 frontier_in=384110 map_wall_s=12.496 map_cpu_s=3.855 merge_wall_s=12.456 merge_cpu_s=2.884 map_units=188 merge_ranges=80 map_eff_cores=0.31 merge_eff_cores=0.23
event=heartbeat H=12 col=16 elapsed_s=156 processed=5283840 rate_per_s=33896 steals=0
event=kink_round H=17 col=3 round=stage3 frontier_in=13739240 map_wall_s=75.148 map_cpu_s=100.429 merge_wall_s=15.140 merge_cpu_s=98.005 map_units=640 merge_ranges=80 map_eff_cores=1.34 merge_eff_cores=6.47
event=heartbeat H=13 col=9 elapsed_s=294 processed=5312512 rate_per_s=18042 steals=0
event=heartbeat H=17 col=3 elapsed_s=329 processed=5313536 rate_per_s=16146 steals=0
event=heartbeat H=9 col=30 elapsed_s=121 processed=5313536 rate_per_s=43825 steals=0
event=kink_round H=11 col=20 round=stage9 frontier_in=52577 map_wall_s=10.897 map_cpu_s=0.311 merge_wall_s=5.048 merge_cpu_s=0.213 map_units=26 merge_ranges=26 map_eff_cores=0.03 merge_eff_cores=0.04
event=kink_round H=10 col=25 round=stage5 frontier_in=18990 map_wall_s=11.338 map_cpu_s=0.078 merge_wall_s=4.541 merge_cpu_s=0.048 map_units=10 merge_ranges=10 map_eff_cores=0.01 merge_eff_cores=0.01
event=heartbeat H=16 col=3 elapsed_s=710 processed=5807104 rate_per_s=8177 steals=0
event=kink_round H=9 col=30 round=stage8 frontier_in=2721 map_wall_s=4.799 map_cpu_s=0.006 merge_wall_s=3.428 merge_cpu_s=0.004 map_units=2 merge_ranges=2 map_eff_cores=0.00 merge_eff_cores=0.00
event=heartbeat H=14 col=5 elapsed_s=554 processed=5876736 rate_per_s=10603 steals=0
event=heartbeat H=11 col=20 elapsed_s=156 processed=5925888 rate_per_s=38015 steals=0
event=heartbeat H=15 col=4 elapsed_s=398 processed=5944320 rate_per_s=14922 steals=0
event=kink_round H=12 col=16 round=stage11 frontier_in=142648 map_wall_s=4.288 map_cpu_s=1.163 merge_wall_s=5.688 merge_cpu_s=0.886 map_units=70 merge_ranges=70 map_eff_cores=0.27 merge_eff_cores=0.16
event=heartbeat H=10 col=25 elapsed_s=104 processed=6179840 rate_per_s=59465 steals=0
event=kink_round H=15 col=4 round=stage6 frontier_in=2704543 map_wall_s=75.715 map_cpu_s=27.849 merge_wall_s=8.169 merge_cpu_s=20.705 map_units=640 merge_ranges=80 map_eff_cores=0.37 merge_eff_cores=2.53
event=kink_round H=11 col=20 round=stage10 frontier_in=53399 map_wall_s=3.544 map_cpu_s=0.327 merge_wall_s=6.777 merge_cpu_s=0.206 map_units=27 merge_ranges=27 map_eff_cores=0.09 merge_eff_cores=0.03
event=kink_round H=10 col=25 round=stage6 frontier_in=19203 map_wall_s=3.463 map_cpu_s=0.081 merge_wall_s=6.780 merge_cpu_s=0.050 map_units=10 merge_ranges=10 map_eff_cores=0.02 merge_eff_cores=0.01
event=heartbeat H=19 col=2 elapsed_s=779 processed=6235136 rate_per_s=8000 steals=0
event=heartbeat H=18 col=2 elapsed_s=831 processed=6284288 rate_per_s=7559 steals=0
event=heartbeat H=12 col=16 elapsed_s=173 processed=6447104 rate_per_s=37222 steals=0
event=kink_round H=9 col=30 round=finalize frontier_in=2305 map_wall_s=6.444 map_cpu_s=0.004 merge_wall_s=5.483 merge_cpu_s=0.002 map_units=2 merge_ranges=2 map_eff_cores=0.00 merge_eff_cores=0.00
event=column H=9 col=30 frontier_in=451 frontier_out=205 wall_s=136.99 cum_wall_s=5877.4 cpu_s=0.1 rss_max_mb=123.5 map_wall_s=80.90 map_cpu_s=0.1 merge_wall_s=56.09 merge_cpu_s=0.0 map_units=18 merge_ranges=17 eff_cores=0.00
event=heartbeat H=13 col=9 elapsed_s=312 processed=119808 rate_per_s=384 steals=0
event=heartbeat H=17 col=3 elapsed_s=346 processed=134144 rate_per_s=387 steals=0
event=kink_round H=12 col=16 round=finalize frontier_in=141248 map_wall_s=5.045 map_cpu_s=0.922 merge_wall_s=6.255 merge_cpu_s=0.633 map_units=69 merge_ranges=69 map_eff_cores=0.18 merge_eff_cores=0.10
event=column H=12 col=16 frontier_in=39495 frontier_out=39472 wall_s=176.89 cum_wall_s=6054.3 cpu_s=22.9 rss_max_mb=140.1 map_wall_s=82.25 map_cpu_s=13.2 merge_wall_s=94.44 merge_cpu_s=9.7 map_units=799 merge_ranges=779 eff_cores=0.13
event=kink_round H=13 col=9 round=finalize frontier_in=382186 map_wall_s=14.798 map_cpu_s=3.232 merge_wall_s=6.537 merge_cpu_s=2.622 map_units=187 merge_ranges=80 map_eff_cores=0.22 merge_eff_cores=0.40
event=column H=13 col=9 frontier_in=106912 frontier_out=106912 wall_s=313.62 cum_wall_s=6367.9 cpu_s=90.9 rss_max_mb=140.1 map_wall_s=228.19 map_cpu_s=52.3 merge_wall_s=84.93 merge_cpu_s=38.6 map_units=2328 merge_ranges=1093 eff_cores=0.29
event=kink_round H=14 col=5 round=stage13 frontier_in=1041627 map_wall_s=39.416 map_cpu_s=12.488 merge_wall_s=7.251 merge_cpu_s=9.670 map_units=509 merge_ranges=80 map_eff_cores=0.32 merge_eff_cores=1.33
event=kink_round H=9 col=31 round=seed frontier_in=205 map_wall_s=4.562 map_cpu_s=0.001 merge_wall_s=0.000 merge_cpu_s=0.000 map_units=1 merge_ranges=0 map_eff_cores=0.00 merge_eff_cores=0.00
event=kink_round H=11 col=20 round=finalize frontier_in=52576 map_wall_s=5.148 map_cpu_s=0.241 merge_wall_s=5.023 merge_cpu_s=0.137 map_units=26 merge_ranges=26 map_eff_cores=0.05 merge_eff_cores=0.03
event=column H=11 col=20 frontier_in=14800 frontier_out=14783 wall_s=171.52 cum_wall_s=6539.4 cpu_s=5.5 rss_max_mb=140.1 map_wall_s=91.94 map_cpu_s=3.3 merge_wall_s=79.53 merge_cpu_s=2.2 map_units=278 merge_ranges=270 eff_cores=0.03
event=kink_round H=10 col=25 round=stage7 frontier_in=19463 map_wall_s=5.042 map_cpu_s=0.080 merge_wall_s=5.056 merge_cpu_s=0.047 map_units=10 merge_ranges=10 map_eff_cores=0.02 merge_eff_cores=0.01
event=heartbeat H=16 col=3 elapsed_s=727 processed=14336 rate_per_s=20 steals=0
event=heartbeat H=14 col=5 elapsed_s=572 processed=22528 rate_per_s=39 steals=0
event=heartbeat H=15 col=4 elapsed_s=416 processed=121856 rate_per_s=293 steals=0
event=kink_round H=12 col=17 round=seed frontier_in=39472 map_wall_s=4.870 map_cpu_s=0.277 merge_wall_s=0.000 merge_cpu_s=0.000 map_units=20 merge_ranges=0 map_eff_cores=0.06 merge_eff_cores=0.00
event=kink_round H=13 col=10 round=seed frontier_in=106912 map_wall_s=5.395 map_cpu_s=1.022 merge_wall_s=0.000 merge_cpu_s=0.000 map_units=53 merge_ranges=0 map_eff_cores=0.19 merge_eff_cores=0.00
event=heartbeat H=10 col=25 elapsed_s=121 processed=139264 rate_per_s=1149 steals=0
event=heartbeat H=19 col=2 elapsed_s=797 processed=251904 rate_per_s=316 steals=0
event=kink_round H=11 col=21 round=seed frontier_in=14783 map_wall_s=7.467 map_cpu_s=0.068 merge_wall_s=0.000 merge_cpu_s=0.000 map_units=8 merge_ranges=0 map_eff_cores=0.01 merge_eff_cores=0.00
event=heartbeat H=18 col=2 elapsed_s=849 processed=300032 rate_per_s=354 steals=0
event=kink_round H=16 col=3 round=stage12 frontier_in=7202096 map_wall_s=61.326 map_cpu_s=59.019 merge_wall_s=11.837 merge_cpu_s=48.879 map_units=640 merge_ranges=80 map_eff_cores=0.96 merge_eff_cores=4.13
event=heartbeat H=9 col=31 elapsed_s=17 processed=534528 rate_per_s=30860 steals=0
event=kink_round H=9 col=31 round=stage0 frontier_in=205 map_wall_s=7.651 map_cpu_s=0.001 merge_wall_s=6.321 merge_cpu_s=0.001 map_units=1 merge_ranges=1 map_eff_cores=0.00 merge_eff_cores=0.00
event=kink_round H=10 col=25 round=stage8 frontier_in=19437 map_wall_s=7.441 map_cpu_s=0.080 merge_wall_s=6.085 merge_cpu_s=0.050 map_units=10 merge_ranges=10 map_eff_cores=0.01 merge_eff_cores=0.01
event=heartbeat H=17 col=3 elapsed_s=364 processed=646144 rate_per_s=1776 steals=0
event=heartbeat H=12 col=17 elapsed_s=17 processed=776192 rate_per_s=44812 steals=0
event=heartbeat H=13 col=10 elapsed_s=17 processed=798720 rate_per_s=46113 steals=0
event=kink_round H=12 col=17 round=stage0 frontier_in=39472 map_wall_s=7.949 map_cpu_s=0.302 merge_wall_s=4.940 merge_cpu_s=0.281 map_units=20 merge_ranges=20 map_eff_cores=0.04 merge_eff_cores=0.06
event=kink_round H=13 col=10 round=stage0 frontier_in=106912 map_wall_s=7.937 map_cpu_s=1.250 merge_wall_s=4.510 merge_cpu_s=1.202 map_units=53 merge_ranges=53 map_eff_cores=0.16 merge_eff_cores=0.27
event=kink_round H=11 col=21 round=stage0 frontier_in=14783 map_wall_s=6.123 map_cpu_s=0.092 merge_wall_s=2.562 merge_cpu_s=0.073 map_units=8 merge_ranges=8 map_eff_cores=0.02 merge_eff_cores=0.03
event=heartbeat H=11 col=21 elapsed_s=17 processed=1027072 rate_per_s=59296 steals=0
event=heartbeat H=16 col=3 elapsed_s=745 processed=1031168 rate_per_s=1385 steals=0
event=heartbeat H=14 col=5 elapsed_s=589 processed=1052672 rate_per_s=1788 steals=0
event=kink_round H=9 col=31 round=stage1 frontier_in=355 map_wall_s=2.552 map_cpu_s=0.001 merge_wall_s=2.847 merge_cpu_s=0.001 map_units=1 merge_ranges=1 map_eff_cores=0.00 merge_eff_cores=0.00
event=kink_round H=10 col=25 round=stage9 frontier_in=19917 map_wall_s=2.534 map_cpu_s=0.068 merge_wall_s=2.687 merge_cpu_s=0.047 map_units=10 merge_ranges=10 map_eff_cores=0.03 merge_eff_cores=0.02
event=heartbeat H=15 col=4 elapsed_s=433 processed=1397760 rate_per_s=3228 steals=0
event=kink_round H=12 col=17 round=stage1 frontier_in=63414 map_wall_s=2.954 map_cpu_s=0.480 merge_wall_s=2.413 merge_cpu_s=0.480 map_units=31 merge_ranges=31 map_eff_cores=0.16 merge_eff_cores=0.20
event=kink_round H=11 col=21 round=stage1 frontier_in=23768 map_wall_s=2.786 map_cpu_s=0.150 merge_wall_s=2.192 merge_cpu_s=0.128 map_units=12 merge_ranges=12 map_eff_cores=0.05 merge_eff_cores=0.06
event=heartbeat H=10 col=25 elapsed_s=139 processed=1573888 rate_per_s=11358 steals=0
event=heartbeat H=19 col=2 elapsed_s=814 processed=1573888 rate_per_s=1933 steals=0
event=heartbeat H=18 col=2 elapsed_s=866 processed=1573888 rate_per_s=1817 steals=0
event=heartbeat H=9 col=31 elapsed_s=35 processed=1573888 rate_per_s=45433 steals=0
event=heartbeat H=17 col=3 elapsed_s=381 processed=1573888 rate_per_s=4130 steals=0
event=heartbeat H=12 col=17 elapsed_s=35 processed=1573888 rate_per_s=45433 steals=0
event=heartbeat H=13 col=10 elapsed_s=35 processed=1573888 rate_per_s=45433 steals=0
event=heartbeat H=11 col=21 elapsed_s=35 processed=1573888 rate_per_s=45434 steals=0
event=heartbeat H=16 col=3 elapsed_s=762 processed=1573888 rate_per_s=2065 steals=0
event=heartbeat H=14 col=5 elapsed_s=606 processed=1573888 rate_per_s=2596 steals=0
event=heartbeat H=15 col=4 elapsed_s=450 processed=1573888 rate_per_s=3495 steals=0

orchestrate: received terminated — writing checkpoint and stopping
event=heartbeat H=19 col=2 elapsed_s=831 processed=1573888 rate_per_s=1893 steals=0
orchestrate: stopped (checkpoint written to runs/ns_a35/dalby/POLYCKPT)
