# Columns are: width, height, cells, count.
# Where 2 <= width+height <= 24 with 1 <= width <= height.
# Ordered by width+height, width, cells.
1 1 1 1
1 2 2 1
1 3 3 1
2 2 3 4
2 2 4 1
1 4 4 1
2 3 4 8
2 3 5 6
2 3 6 1
1 5 5 1
2 4 5 12
2 4 6 18
2 4 7 8
2 4 8 1
3 3 5 25
3 3 6 44
3 3 7 32
3 3 8 9
3 3 9 1
1 6 6 1
2 5 6 16
2 5 7 38
2 5 8 32
2 5 9 10
2 5 10 1
3 4 6 50
3 4 7 154
3 4 8 212
3 4 9 158
3 4 10 62
3 4 11 12
3 4 12 1
1 7 7 1
2 6 7 20
2 6 8 66
2 6 9 88
2 6 10 50
2 6 11 12
2 6 12 1
3 5 7 83
3 5 8 376
3 5 9 784
3 5 10 987
3 5 11 778
3 5 12 370
3 5 13 101
3 5 14 15
3 5 15 1
4 4 7 120
4 4 8 584
4 4 9 1396
4 4 10 2038
4 4 11 1952
4 4 12 1232
4 4 13 488
4 4 14 116
4 4 15 16
4 4 16 1
1 8 8 1
2 7 8 24
2 7 9 102
2 7 10 192
2 7 11 170
2 7 12 72
2 7 13 14
2 7 14 1
3 6 8 124
3 6 9 750
3 6 10 2133
3 6 11 3802
3 6 12 4622
3 6 13 3814
3 6 14 2068
3 6 15 708
3 6 16 149
3 6 17 18
3 6 18 1
4 5 8 230
4 5 9 1526
4 5 10 5154
4 5 11 11328
4 5 12 17598
4 5 13 19912
4 5 14 16440
4 5 15 9658
4 5 16 3892
4 5 17 1050
4 5 18 186
4 5 19 20
4 5 20 1
1 9 9 1
2 8 9 28
2 8 10 146
2 8 11 360
2 8 12 450
2 8 13 292
2 8 14 98
2 8 15 16
2 8 16 1
3 7 9 173
3 7 10 1316
3 7 11 4803
3 7 12 11127
3 7 13 18278
3 7 14 21825
3 7 15 18671
3 7 16 11125
3 7 17 4486
3 7 18 1199
3 7 19 206
3 7 20 21
3 7 21 1
4 6 9 388
4 6 10 3276
4 6 11 14192
4 6 12 41196
4 6 13 87980
4 6 14 143866
4 6 15 182992
4 6 16 180736
4 6 17 136448
4 6 18 76754
4 6 19 31408
4 6 20 9218
4 6 21 1916
4 6 22 272
4 6 23 24
4 6 24 1
5 5 9 497
5 5 10 4180
5 5 11 18944
5 5 12 58665
5 5 13 135325
5 5 14 241550
5 5 15 339488
5 5 16 376953
5 5 17 328380
5 5 18 220332
5 5 19 111100
5 5 20 41284
5 5 21 11195
5 5 22 2188
5 5 23 296
5 5 24 25
5 5 25 1
1 10 10 1
2 9 10 32
2 9 11 198
2 9 12 608
2 9 13 1002
2 9 14 912
2 9 15 462
2 9 16 128
2 9 17 18
2 9 18 1
3 8 10 230
3 8 11 2114
3 8 12 9490
3 8 13 27252
3 8 14 56382
3 8 15 87964
3 8 16 103856
3 8 17 91342
3 8 18 58490
3 8 19 26674
3 8 20 8518
3 8 21 1870
3 8 22 272
3 8 23 24
3 8 24 1
4 7 10 602
4 7 11 6194
4 7 12 32824
4 7 13 117616
4 7 14 316126
4 7 15 668840
4 7 16 1140300
4 7 17 1580262
4 7 18 1775266
4 7 19 1597288
4 7 20 1130330
4 7 21 616874
4 7 22 255632
4 7 23 79698
4 7 24 18532
4 7 25 3150
4 7 26 374
4 7 27 28
4 7 28 1
5 6 10 932
5 6 11 9458
5 6 12 52488
5 6 13 204466
5 6 14 611859
5 6 15 1466938
5 6 16 2879126
5 6 17 4673698
5 6 18 6293542
5 6 19 7007536
5 6 20 6394169
5 6 21 4711828
5 6 22 2754908
5 6 23 1258640
5 6 24 445348
5 6 25 121450
5 6 26 25293
5 6 27 3926
5 6 28 431
5 6 29 30
5 6 30 1
1 11 11 1
2 10 11 36
2 10 12 258
2 10 13 952
2 10 14 1970
2 10 15 2364
2 10 16 1666
2 10 17 688
2 10 18 162
2 10 19 20
2 10 20 1
3 9 11 295
3 9 12 3184
3 9 13 17042
3 9 14 58755
3 9 15 147021
3 9 16 282621
3 9 17 424765
3 9 18 497268
3 9 19 447024
3 9 20 302954
3 9 21 152085
3 9 22 55753
3 9 23 14731
3 9 24 2748
3 9 25 347
3 9 26 27
3 9 27 1
4 8 11 880
4 8 12 10704
4 8 13 67284
4 8 14 286748
4 8 15 923992
4 8 16 2377060
4 8 17 5026492
4 8 18 8868708
4 8 19 13123452
4 8 20 16237056
4 8 21 16636988
4 8 22 13923598
4 8 23 9371716
4 8 24 5001190
4 8 25 2093908
4 8 26 683340
4 8 27 172732
4 8 28 33402
4 8 29 4816
4 8 30 492
4 8 31 32
4 8 32 1
5 7 11 1591
5 7 12 18936
5 7 13 123652
5 7 14 572705
5 7 15 2067669
5 7 16 6096423
5 7 17 15058973
5 7 18 31607964
5 7 19 56778486
5 7 20 87483769
5 7 21 115415028
5 7 22 129656944
5 7 23 122909778
5 7 24 97140882
5 7 25 63160429
5 7 26 33383904
5 7 27 14228637
5 7 28 4869810
5 7 29 1334095
5 7 30 290481
5 7 31 49471
5 7 32 6389
5 7 33 591
5 7 34 35
5 7 35 1
6 6 11 1924
6 6 12 22576
6 6 13 147656
6 6 14 695088
6 6 15 2584696
6 6 16 7930294
6 6 17 20537800
6 6 18 45451572
6 6 19 86514652
6 6 20 142004479
6 6 21 200893484
6 6 22 244103180
6 6 23 253114272
6 6 24 221841360
6 6 25 162366104
6 6 26 97994536
6 6 27 48276596
6 6 28 19297576
6 6 29 6241928
6 6 30 1628796
6 6 31 340156
6 6 32 55859
6 6 33 6980
6 6 34 626
6 6 35 36
6 6 36 1
1 12 12 1
2 11 12 40
2 11 13 326
2 11 14 1408
2 11 15 3530
2 11 16 5336
2 11 17 4942
2 11 18 2816
2 11 19 978
2 11 20 200
2 11 21 22
2 11 22 1
3 10 12 368
3 10 13 4566
3 10 14 28459
3 10 15 115022
3 10 16 338896
3 10 17 774538
3 10 18 1410450
3 10 19 2058246
3 10 20 2392971
3 10 21 2189618
3 10 22 1553460
3 10 23 842250
3 10 24 344762
3 10 25 105436
3 10 26 23773
3 10 27 3860
3 10 28 431
3 10 29 30
3 10 30 1
4 9 12 1230
4 9 13 17294
4 9 14 126078
4 9 15 623728
4 9 16 2340070
4 9 17 7057196
4 9 18 17684044
4 9 19 37532960
4 9 20 68157418
4 9 21 106218098
4 9 22 141640658
4 9 23 160377640
4 9 24 152531402
4 9 25 120357324
4 9 26 77834192
4 9 27 40824256
4 9 28 17237698
4 9 29 5830886
4 9 30 1572588
4 9 31 335358
4 9 32 55652
4 9 33 6978
4 9 34 626
4 9 35 36
4 9 36 1
5 8 12 2538
5 8 13 34726
5 8 14 260616
5 8 15 1392272
5 8 16 5835024
5 8 17 20156838
5 8 18 59064860
5 8 19 149396746
5 8 20 329593574
5 8 21 637759056
5 8 22 1084470618
5 8 23 1618876402
5 8 24 2113597646
5 8 25 2398417200
5 8 26 2345587466
5 8 27 1957333228
5 8 28 1379175692
5 8 29 812829050
5 8 30 397853178
5 8 31 161052798
5 8 32 53796884
5 8 33 14790692
5 8 34 3328588
5 8 35 606302
5 8 36 87604
5 8 37 9702
5 8 38 776
5 8 39 40
5 8 40 1
6 7 12 3588
6 7 13 47798
6 7 14 356514
6 7 15 1933180
6 7 16 8388536
6 7 17 30519310
6 7 18 95494783
6 7 19 260733640
6 7 20 626385574
6 7 21 1330143504
6 7 22 2501831657
6 7 23 4168330186
6 7 24 6141725021
6 7 25 7975500318
6 7 26 9079951226
6 7 27 8998636906
6 7 28 7695423367
6 7 29 5624299256
6 7 30 3481219001
6 7 31 1811991232
6 7 32 789795725
6 7 33 287740436
6 7 34 87514560
6 7 35 22155452
6 7 36 4636379
6 7 37 791454
6 7 38 107782
6 7 39 11294
6 7 40 857
6 7 41 42
6 7 42 1
1 13 13 1
2 12 13 44
2 12 14 402
2 12 15 1992
2 12 16 5890
2 12 17 10836
2 12 18 12642
2 12 19 9424
2 12 20 4482
2 12 21 1340
2 12 22 242
2 12 23 24
2 12 24 1
3 11 13 449
3 11 14 6300
3 11 15 44893
3 11 16 208767
3 11 17 710186
3 11 18 1884183
3 11 19 4027835
3 11 20 7024791
3 11 21 10004273
3 11 22 11563812
3 11 23 10737104
3 11 24 7910163
3 11 25 4567945
3 11 26 2046199
3 11 27 704723
3 11 28 184822
3 11 29 36373
3 11 30 5233
3 11 31 524
3 11 32 33
3 11 33 1
4 10 13 1660
4 10 14 26516
4 10 15 220336
4 10 16 1243156
4 10 17 5324052
4 10 18 18385978
4 10 19 53063120
4 10 20 130833954
4 10 21 279287272
4 10 22 519763366
4 10 23 844769288
4 10 24 1195868006
4 10 25 1465399048
4 10 26 1541042874
4 10 27 1376984156
4 10 28 1034732902
4 10 29 647684776
4 10 30 335079030
4 10 31 142487080
4 10 32 49613360
4 10 33 14092984
4 10 34 3246536
4 10 35 600104
4 10 36 87362
4 10 37 9700
4 10 38 776
4 10 39 40
4 10 40 1
5 9 13 3845
5 9 14 59556
5 9 15 505362
5 9 16 3054369
5 9 17 14519109
5 9 18 57135593
5 9 19 191938952
5 9 20 561387251
5 9 21 1448032642
5 9 22 3320688961
5 9 23 6801502441
5 9 24 12465226045
5 9 25 20431114317
5 9 26 29870715244
5 9 27 38778327733
5 9 28 44424130993
5 9 29 44572021527
5 9 30 38842113379
5 9 31 29152532505
5 9 32 18699712003
5 9 33 10188534235
5 9 34 4696008307
5 9 35 1826831846
5 9 36 598946032
5 9 37 165146668
5 9 38 38126750
5 9 39 7309240
5 9 40 1147388
5 9 41 144192
5 9 42 13990
5 9 43 986
5 9 44 45
5 9 45 1
6 8 13 6212
6 8 14 92820
6 8 15 775644
6 8 16 4728414
6 8 17 23198336
6 8 18 96153722
6 8 19 346100052
6 8 20 1100085270
6 8 21 3120090644
6 8 22 7947382344
6 8 23 18248945384
6 8 24 37845963926
6 8 25 70914681612
6 8 26 119950472250
6 8 27 182773444584
6 8 28 250060874048
6 8 29 305804810252
6 8 30 332375750898
6 8 31 318904333944
6 8 32 268099762630
6 8 33 196010506252
6 8 34 123796029722
6 8 35 67200890408
6 8 36 31256493180
6 8 37 12439213536
6 8 38 4233126364
6 8 39 1230434876
6 8 40 304586632
6 8 41 63830204
6 8 42 11208992
6 8 43 1623188
6 8 44 189162
6 8 45 17084
6 8 46 1124
6 8 47 48
6 8 48 1
7 7 13 7265
7 7 14 107052
7 7 15 887992
7 7 16 5406161
7 7 17 26662289
7 7 18 111835470
7 7 19 409982610
7 7 20 1334773314
7 7 21 3896060526
7 7 22 10252242932
7 7 23 24395914742
7 7 24 52572176858
7 7 25 102629373183
7 7 26 181376902012
7 7 27 289735324332
7 7 28 417273926727
7 7 29 539851842599
7 7 30 624463672388
7 7 31 642060580372
7 7 32 582800957623
7 7 33 463616764043
7 7 34 320940675062
7 7 35 192197149936
7 7 36 99160953907
7 7 37 43980525178
7 7 38 16756034016
7 7 39 5481492588
7 7 40 1537747238
7 7 41 368689087
7 7 42 75053376
7 7 43 12832108
7 7 44 1812306
7 7 45 206245
7 7 46 18208
7 7 47 1172
7 7 48 49
7 7 49 1
1 14 14 1
2 13 14 48
2 13 15 486
2 13 16 2720
2 13 17 9290
2 13 18 20256
2 13 19 28814
2 13 20 27008
2 13 21 16722
2 13 22 6800
2 13 23 1782
2 13 24 288
2 13 25 26
2 13 26 1
3 12 14 538
3 12 15 8426
3 12 16 67648
3 12 17 356552
3 12 18 1379100
3 12 19 4174392
3 12 20 10250641
3 12 21 20774852
3 12 22 34951022
3 12 23 48757132
3 12 24 56078766
3 12 25 52713532
3 12 26 40078934
3 12 27 24394910
3 12 28 11779116
3 12 29 4477112
3 12 30 1329384
3 12 31 305278
3 12 32 53341
3 12 33 6894
3 12 34 626
3 12 35 36
3 12 36 1
4 11 14 2178
4 11 15 38986
4 11 16 364164
4 11 17 2311232
4 11 18 11136190
4 11 19 43321472
4 11 20 141266772
4 11 21 395500582
4 11 22 965474598
4 11 23 2074678986
4 11 24 3943475228
4 11 25 6636317320
4 11 26 9864312152
4 11 27 12886353924
4 11 28 14693288556
4 11 29 14504820290
4 11 30 12290361554
4 11 31 8863688130
4 11 32 5400098146
4 11 33 2762682746
4 11 34 1181819280
4 11 35 421442092
4 11 36 124910594
4 11 37 30635410
4 11 38 6171064
4 11 39 1008202
4 11 40 130868
4 11 41 13046
4 11 42 942
4 11 43 44
4 11 44 1
5 10 14 5592
5 10 15 96850
5 10 16 917690
5 10 17 6189482
5 10 18 32853411
5 10 19 144631830
5 10 20 545278772
5 10 21 1798184472
5 10 22 5262425678
5 10 23 13802593728
5 10 24 32657563183
5 10 25 69974914508
5 10 26 136016050327
5 10 27 239812625842
5 10 28 382825722236
5 10 29 551470728848
5 10 30 713498797748
5 10 31 824312797222
5 10 32 844806428661
5 10 33 762694893008
5 10 34 602353996836
5 10 35 413504467012
5 10 36 245429279684
5 10 37 125462177322
5 10 38 55106602554
5 10 39 20769103682
5 10 40 6709329872
5 10 41 1854339478
5 10 42 436911063
5 10 43 87205426
5 10 44 14594676
5 10 45 2015964
5 10 46 224360
5 10 47 19378
5 10 48 1221
5 10 49 50
5 10 50 1
6 9 14 10156
6 9 15 168602
6 9 16 1560298
6 9 17 10535342
6 9 18 57373826
6 9 19 264889964
6 9 20 1067165986
6 9 21 3820436374
6 9 22 12300668409
6 9 23 35907673682
6 9 24 95547256690
6 9 25 232537059636
6 9 26 518587173730
6 9 27 1060449067376
6 9 28 1987599162935
6 9 29 3410088452880
6 9 30 5343692131241
6 9 31 7624598605364
6 9 32 9866831482139
6 9 33 11525319432968
6 9 34 12085506021607
6 9 35 11308892870962
6 9 36 9385479678430
6 9 37 6868180559848
6 9 38 4409567851372
6 9 39 2474445321476
6 9 40 1210768484908
6 9 41 516009868932
6 9 42 191466525727
6 9 43 61827317192
6 9 44 17353162311
6 9 45 4221460034
6 9 46 885569183
6 9 47 158906896
6 9 48 24098240
6 9 49 3034888
6 9 50 309395
6 9 51 24566
6 9 52 1427
6 9 53 54
6 9 54 1
7 8 14 13582
7 8 15 219922
7 8 16 2002570
7 8 17 13424246
7 8 18 73283704
7 8 19 342557792
7 8 20 1410966314
7 8 21 5211751338
7 8 22 17455858958
7 8 23 53384160560
7 8 24 149710073668
7 8 25 385950892882
7 8 26 915802388260
7 8 27 2000916282110
7 8 28 4024261878728
7 8 29 7443633328406
7 8 30 12643855400892
7 8 31 19681332991496
7 8 32 27996477648032
7 8 33 36266640194170
7 8 34 42601502727698
7 8 35 45155209262012
7 8 36 42949985480682
7 8 37 36448558426610
7 8 38 27442665362202
7 8 39 18241859329610
7 8 40 10665332474576
7 8 41 5471467780806
7 8 42 2460221190850
7 8 43 969339956148
7 8 44 334653510852
7 8 45 101180488622
7 8 46 26743835026
7 8 47 6157913970
7 8 48 1227875964
7 8 49 210142400
7 8 50 30475982
7 8 51 3678142
7 8 52 359952
7 8 53 27474
7 8 54 1536
7 8 55 56
7 8 56 1
1 15 15 1
2 14 15 52
2 14 16 578
2 14 17 3608
2 14 18 14002
2 14 19 35436
2 14 20 59906
2 14 21 68464
2 14 22 53154
2 14 23 28004
2 14 24 9922
2 14 25 2312
2 14 26 338
2 14 27 28
2 14 28 1
3 13 15 635
3 13 16 10984
3 13 17 98180
3 13 18 579307
3 13 19 2516117
3 13 20 8573603
3 13 21 23804024
3 13 22 54963296
3 13 23 106536226
3 13 24 173800111
3 13 25 238180560
3 13 26 272776350
3 13 27 259104400
3 13 28 202345411
3 13 29 128769915
3 13 30 66246493
3 13 31 27362640
3 13 32 9016278
3 13 33 2352422
3 13 34 480682
3 13 35 75568
3 13 36 8870
3 13 37 737
3 13 38 39
3 13 39 1
4 12 15 2792
4 12 16 55384
4 12 17 574996
4 12 18 4059540
4 12 19 21758288
4 12 20 94188774
4 12 21 342273760
4 12 22 1070861338
4 12 23 2933897292
4 12 24 7118546090
4 12 25 15401923512
4 12 26 29817236004
4 12 27 51671571284
4 12 28 79989809808
4 12 29 110168264572
4 12 30 134244945874
4 12 31 143774426524
4 12 32 134361051652
4 12 33 108766362632
4 12 34 75744213704
4 12 35 45107117908
4 12 36 22863660448
4 12 37 9830644244
4 12 38 3576566112
4 12 39 1098349952
4 12 40 283746568
4 12 41 61327036
4 12 42 10991124
4 12 43 1610612
4 12 44 188762
4 12 45 17080
4 12 46 1124
4 12 47 48
4 12 48 1
5 11 15 7867
5 11 16 150808
5 11 17 1579762
5 11 18 11766441
5 11 19 68948067
5 11 20 335265337
5 11 21 1398157545
5 11 22 5112652572
5 11 23 16649768830
5 11 24 48825759776
5 11 25 129947076998
5 11 26 315556419671
5 11 27 701496787262
5 11 28 1429954285912
5 11 29 2673168072378
5 11 30 4577256091395
5 11 31 7161159152460
5 11 32 10200033781138
5 11 33 13167244160644
5 11 34 15324467434481
5 11 35 15987781715909
5 11 36 14863714881812
5 11 37 12242391840941
5 11 38 8884950807530
5 11 39 5655643418435
5 11 40 3146260301720
5 11 41 1525952850105
5 11 42 644315483910
5 11 43 236640287115
5 11 44 75529672309
5 11 45 20916490500
5 11 46 5010927479
5 11 47 1033342294
5 11 48 182009930
5 11 49 27066896
5 11 50 3341130
5 11 51 333858
5 11 52 25991
5 11 53 1481
5 11 54 55
5 11 55 1
6 10 15 15860
6 10 16 290200
6 10 17 2948792
6 10 18 21828266
6 10 19 130349384
6 10 20 660804162
6 10 21 2929880312
6 10 22 11581346068
6 10 23 41349875744
6 10 24 134583812628
6 10 25 401938701764
6 10 26 1106559477182
6 10 27 2816982685360
6 10 28 6643675072983
6 10 29 14528745037336
6 10 30 29460791869652
6 10 31 55350187128984
6 10 32 96205464769390
6 10 33 154359914405572
6 10 34 227972643186732
6 10 35 308836318338044
6 10 36 382211433526718
6 10 37 430158179366444
6 10 38 438094718374666
6 10 39 401716661957380
6 10 40 330006023517551
6 10 41 241761197314068
6 10 42 157338998703216
6 10 43 90700290402764
6 10 44 46226927251474
6 10 45 20810902719920
6 10 46 8272920788302
6 10 47 2903562556976
6 10 48 899269094260
6 10 49 245443779528
6 10 50 58881120508
6 10 51 12361498580
6 10 52 2256260731
6 10 53 354693468
6 10 54 47397350
6 10 55 5285700
6 10 56 479173
6 10 57 33956
6 10 58 1766
6 10 59 60
6 10 60 1
7 9 15 23859
7 9 16 422376
7 9 17 4189208
7 9 18 30577329
7 9 19 182077336
7 9 20 931213826
7 9 21 4213508044
7 9 22 17182777751
7 9 23 63927642944
7 9 24 218766751229
7 9 25 692398666029
7 9 26 2034153781436
7 9 27 5559704422602
7 9 28 14155410257117
7 9 29 33592252030687
7 9 30 74300767447620
7 9 31 153096442231701
7 9 32 293590883807568
7 9 33 523270992214405
7 9 34 865219814238808
7 9 35 1324185607567691
7 9 36 1870627561409623
7 9 37 2431168115227033
7 9 38 2895935866927275
7 9 39 3148281846255378
7 9 40 3109509726046233
7 9 41 2777221236247347
7 9 42 2232837612560111
7 9 43 1609374036699650
7 9 44 1036478002231515
7 9 45 595015865413472
7 9 46 304057370068675
7 9 47 138230623522380
7 9 48 55908171592691
7 9 49 20119970071913
7 9 50 6441444013933
7 9 51 1832933067766
7 9 52 462637312491
7 9 53 103220242579
7 9 54 20251220855
7 9 55 3468087012
7 9 56 513195156
7 9 57 64722334
7 9 58 6826679
7 9 59 586396
7 9 60 39435
7 9 61 1949
7 9 62 63
7 9 63 1
8 8 15 27288
8 8 16 477464
8 8 17 4694728
8 8 18 34071432
8 8 19 202352464
8 8 20 1035597552
8 8 21 4705081628
8 8 22 19333997346
8 8 23 72731662072
8 8 24 252490226460
8 8 25 813093950188
8 8 26 2436826628984
8 8 27 6809628383940
8 8 28 17760679432704
8 8 29 43248722733240
8 8 30 98310232325684
8 8 31 208499858207680
8 8 32 412208549357238
8 8 33 758766522623276
8 8 34 1298369400354138
8 8 35 2061265666666052
8 8 36 3028809751541038
8 8 37 4107369260269656
8 8 38 5123267541425834
8 8 39 5855339201281796
8 8 40 6105639107240556
8 8 41 5782580435701340
8 8 42 4951609771380680
8 8 43 3817178115043144
8 8 44 2639353941239084
8 8 45 1632164122800692
8 8 46 900982620566080
8 8 47 443548524648300
8 8 48 194690725499604
8 8 49 76209424136720
8 8 50 26607403547902
8 8 51 8283314926736
8 8 52 2296835289018
8 8 53 565966373344
8 8 54 123471063716
8 8 55 23717504996
8 8 56 3980975532
8 8 57 577888372
8 8 58 71547306
8 8 59 7413016
8 8 60 625830
8 8 61 41384
8 8 62 2012
8 8 63 64
8 8 64 1
1 16 16 1
2 15 16 56
2 15 17 678
2 15 18 4672
2 15 19 20330
2 15 20 58728
2 15 21 115598
2 15 22 157184
2 15 23 148626
2 15 24 97880
2 15 25 44726
2 15 26 14016
2 15 27 2938
2 15 28 392
2 15 29 30
2 15 30 1
3 14 16 740
3 14 17 14014
3 14 18 138097
3 14 19 902850
3 14 20 4357914
3 14 21 16537002
3 14 22 51284083
3 14 23 132948694
3 14 24 291591485
3 14 25 543975148
3 14 26 864030824
3 14 27 1165915386
3 14 28 1330292003
3 14 29 1275058092
3 14 30 1018910835
3 14 31 673644224
3 14 32 365883671
3 14 33 162256316
3 14 34 58424008
3 14 35 16979470
3 14 36 3951551
3 14 37 727666
3 14 38 104026
3 14 39 11188
3 14 40 857
3 14 41 42
3 14 42 1
4 13 16 3510
4 13 17 76454
4 13 18 873946
4 13 19 6800480
4 13 20 40173382
4 13 21 191666492
4 13 22 768079272
4 13 23 2654029124
4 13 24 8051500644
4 13 25 21713709898
4 13 26 52493442768
4 13 27 114340470194
4 13 28 224933918064
4 13 29 399687903486
4 13 30 640367247302
4 13 31 922022369816
4 13 32 1187657385542
4 13 33 1361178818384
4 13 34 1379716213896
4 13 35 1229075595442
4 13 36 956305176396
4 13 37 646219697934
4 13 38 377432255384
4 13 39 189819857938
4 13 40 81977193858
4 13 41 30337733198
4 13 42 9601293868
4 13 43 2591561924
4 13 44 594114082
4 13 45 114925566
4 13 46 18571188
4 13 47 2469046
4 13 48 263892
4 13 49 21866
4 13 50 1322
4 13 51 52
4 13 52 1
5 12 16 10766
5 12 17 226486
5 12 18 2601174
5 12 19 21216472
5 12 20 136040728
5 12 21 723729690
5 12 22 3303603244
5 12 23 13238258250
5 12 24 47335544550
5 12 25 152836679706
5 12 26 449517420940
5 12 27 1211985584596
5 12 28 3008906308529
5 12 29 6898057850360
5 12 30 14625513513642
5 12 31 28687631715562
5 12 32 52014932615278
5 12 33 87019671999720
5 12 34 133958097053926
5 12 35 189078943958894
5 12 36 243680197886018
5 12 37 285412163119078
5 12 38 302302368203974
5 12 39 288085493263744
5 12 40 245781921665965
5 12 41 186857731204630
5 12 42 126078194793610
5 12 43 75251130347114
5 12 44 39636460301378
5 12 45 18395804741520
5 12 46 7516100324260
5 12 47 2701736530838
5 12 48 853741381228
5 12 49 236826402850
5 12 50 57527776612
5 12 51 12187859356
5 12 52 2238438901
5 12 53 353270222
5 12 54 47311900
5 12 55 5281986
5 12 56 479061
5 12 57 33954
5 12 58 1766
5 12 59 60
5 12 60 1
6 11 16 23852
6 11 17 477694
6 11 18 5293116
6 11 19 42627772
6 11 20 276693876
6 11 21 1524870480
6 11 22 7356469760
6 11 23 31691026726
6 11 24 123600752054
6 11 25 440810584526
6 11 26 1448191298321
6 11 27 4406729602934
6 11 28 12469943612588
6 11 29 32908140751952
6 11 30 81141499285589
6 11 31 187124408660358
6 11 32 403731656018279
6 11 33 814646581493060
6 11 34 1535795127765928
6 11 35 2700902124183660
6 11 36 4421633934786223
6 11 37 6720751499629004
6 11 38 9455170147578699
6 11 39 12268979131113876
6 11 40 14626933706228817
6 11 41 15955495041923812
6 11 42 15857197514357849
6 11 43 14297353987202070
6 11 44 11647664324851674
6 11 45 8542653375836376
6 11 46 5623356333897780
6 11 47 3314738645229044
6 11 48 1747028499591031
6 11 49 822629038173266
6 11 50 345971927396969
6 11 51 129953095507462
6 11 52 43588221281469
6 11 53 13047361786546
6 11 54 3480591027093
6 11 55 825489510838
6 11 56 173408281058
6 11 57 32090446230
6 11 58 5192406037
6 11 59 727136978
6 11 60 86918693
6 11 61 8702162
6 11 62 710484
6 11 63 45470
6 11 64 2141
6 11 65 66
6 11 66 1
7 10 16 39856
7 10 17 767886
7 10 18 8249710
7 10 19 65085636
7 10 20 418818560
7 10 21 2317092610
7 10 22 11362086941
7 10 23 50341304322
7 10 24 204147328430
7 10 25 764562217614
7 10 26 2661312577500
7 10 27 8648892909552
7 10 28 26326349820893
7 10 29 75219183070148
7 10 30 202010581186731
7 10 31 510334000999850
7 10 32 1213038539668947
7 10 33 2712384166795668
7 10 34 5702109513501521
7 10 35 11259686985775614
7 10 36 20858114713988764
7 10 37 36189798257144520
7 10 38 58696660348761474
7 10 39 88788216626066978
7 10 40 124926007801410181
7 10 41 163001567981476042
7 10 42 196568632391878308
7 10 43 218294306935060868
7 10 44 222391589738659320
7 10 45 207043383880010208
7 10 46 175485971233493538
7 10 47 134948900331678004
7 10 48 93879505576493068
7 10 49 58947127996699426
7 10 50 33356566330351679
7 10 51 16997014520001858
7 10 52 7797122329616224
7 10 53 3220479517639212
7 10 54 1197905985521331
7 10 55 401277369140048
7 10 56 120999694570216
7 10 57 32804187712374
7 10 58 7979308898023
7 10 59 1735754870116
7 10 60 336132233713
7 10 61 57588691584
7 10 62 8657697675
7 10 63 1129826950
7 10 64 126167561
7 10 65 11825288
7 10 66 905471
7 10 67 54434
7 10 68 2411
7 10 69 70
7 10 70 1
8 9 16 51290
8 9 17 967894
8 9 18 10227332
8 9 19 79706180
8 9 20 509052488
8 9 21 2809261562
8 9 22 13813326078
8 9 23 61699766240
8 9 24 253596627360
8 9 25 967636850390
8 9 26 3448546163986
8 9 27 11527031459084
8 9 28 36236561310488
8 9 29 107316454951598
8 9 30 299702224882156
8 9 31 789575607360180
8 9 32 1962352246791514
8 9 33 4599424428714564
8 9 34 10160741462775088
8 9 35 21139477618826780
8 9 36 41377360836349010
8 9 37 76099232478007074
8 9 38 131305734595971470
8 9 39 212171359558146554
8 9 40 320382506911062836
8 9 41 450988658570501514
8 9 42 590153944472105814
8 9 43 715669476454422446
8 9 44 801540612113846240
8 9 45 826097134304704102
8 9 46 780582474340958044
8 9 47 673773656882041496
8 9 48 529495970280586110
8 9 49 377758809311837722
8 9 50 244113300169840244
8 9 51 142667018201279992
8 9 52 75343705636018548
8 9 53 35946532976473438
8 9 54 15496208881891096
8 9 55 6037998747504252
8 9 56 2126927613590904
8 9 57 677232716323396
8 9 58 194770666418854
8 9 59 50517519643626
8 9 60 11787185403392
8 9 61 2465227386338
8 9 62 459875413564
8 9 63 76020820300
8 9 64 11042220718
8 9 65 1393895996
8 9 66 150719194
8 9 67 13690530
8 9 68 1016748
8 9 69 59326
8 9 70 2552
8 9 71 72
8 9 72 1
1 17 17 1
2 16 17 60
2 16 18 786
2 16 19 5928
2 16 20 28610
2 16 21 93060
2 16 22 209762
2 16 23 332688
2 16 24 374274
2 16 25 299660
2 16 26 170610
2 16 27 68664
2 16 28 19266
2 16 29 3668
2 16 30 450
2 16 31 32
2 16 32 1
3 15 17 853
3 15 18 17556
3 15 19 189159
3 15 20 1358407
3 15 21 7222982
3 15 22 30250901
3 15 23 103767886
3 15 24 298630433
3 15 25 731145438
3 15 26 1534263746
3 15 27 2768258356
3 15 28 4295154570
3 15 29 5717655475
3 15 30 6502404648
3 15 31 6281514540
3 15 32 5120860304
3 15 33 3499414511
3 15 34 1992023231
3 15 35 939354773
3 15 36 365130412
3 15 37 116408745
3 15 38 30256508
3 15 39 6357027
3 15 40 1065859
3 15 41 139768
3 15 42 13875
3 15 43 986
3 15 44 45
3 15 45 1
4 14 17 4340
4 14 18 103004
4 14 19 1286160
4 14 20 10944348
4 14 21 70711164
4 14 22 368911056
4 14 23 1616805012
4 14 24 6114348316
4 14 25 20331322040
4 14 26 60242821866
4 14 27 160563531304
4 14 28 387370706114
4 14 29 849159073352
4 14 30 1694215957138
4 14 31 3076384535340
4 14 32 5076284557192
4 14 33 7591052832760
4 14 34 10249369627158
4 14 35 12438827686788
4 14 36 13500453396926
4 14 37 13033408630128
4 14 38 11131037247762
4 14 39 8365867271188
4 14 40 5507362230488
4 14 41 3163185888240
4 14 42 1580236286544
4 14 43 685084617812
4 14 44 257287001282
4 14 45 83559487240
4 14 46 23416675652
4 14 47 5644096984
4 14 48 1164267840
4 14 49 204020640
4 14 50 30039792
4 14 51 3656992
4 14 52 359362
4 14 53 27468
4 14 54 1536
4 14 55 56
4 14 56 1
5 13 17 14393
5 13 18 329876
5 13 19 4124556
5 13 20 36585145
5 13 21 254874715
5 13 22 1472389993
5 13 23 7297629576
5 13 24 31765168775
5 13 25 123496488047
5 13 26 434235279048
5 13 27 1393937183229
5 13 28 4114087864141
5 13 29 11222417358680
5 13 30 28399263182192
5 13 31 66837031310366
5 13 32 146494921247126
5 13 33 299157338657642
5 13 34 568891222419438
5 13 35 1006067056332383
5 13 36 1651111049806219
5 13 37 2507655725121231
5 13 38 3512733664071050
5 13 39 4521214150337520
5 13 40 5324778906453424
5 13 41 5713504653001153
5 13 42 5560967874090186
5 13 43 4888534608636664
5 13 44 3865773230047222
5 13 45 2740082631132298
5 13 46 1735641457893036
5 13 47 980229210788028
5 13 48 492804649251066
5 13 49 220328333045067
5 13 50 87549277436428
5 13 51 30903351654890
5 13 52 9683240544647
5 13 53 2690021097193
5 13 54 661143269017
5 13 55 143287968380
5 13 56 27251461801
5 13 57 4516959024
5 13 58 646288012
5 13 59 78775938
5 13 60 8030757
5 13 61 666969
5 13 62 43392
5 13 63 2076
5 13 64 65
5 13 65 1
6 12 17 34756
6 12 18 757212
6 12 19 9096488
6 12 20 79217112
6 12 21 555186292
6 12 22 3301559082
6 12 23 17188152124
6 12 24 79954817216
6 12 25 337123121824
6 12 26 1302046586006
6 12 27 4643036478132
6 12 28 15379738583918
6 12 29 47542830306792
6 12 30 137638237120850
6 12 31 374142099488620
6 12 32 956664439202234
6 12 33 2303512073124648
6 12 34 5225687327127510
6 12 35 11168338042091160
6 12 36 22473453176039886
6 12 37 42532279765782460
6 12 38 75590224456292036
6 12 39 125907543380444840
6 12 40 196083863636958031
6 12 41 284735274817600212
6 12 42 384340789871586148
6 12 43 480640163629065288
6 12 44 554907155509230386
6 12 45 589300022438829048
6 12 46 573562349587157810
6 12 47 509809956077608736
6 12 48 412454442534051296
6 12 49 302832289192669344
6 12 50 201290402540779990
6 12 51 120901360058519724
6 12 52 65536938203483032
6 12 53 32039874733701288
6 12 54 14123212115218838
6 12 55 5613113802009060
6 12 56 2011381143906390
6 12 57 649679051365456
6 12 58 189023555031244
6 12 59 49472019620360
6 12 60 11621823131676
6 12 61 2442563044036
6 12 62 457193190742
6 12 63 75747975948
6 12 64 11018552093
6 12 65 1392173644
6 12 66 150617576
6 12 67 13685980
6 12 68 1016612
6 12 69 59324
6 12 70 2552
6 12 71 72
6 12 72 1
7 11 17 63861
7 11 18 1333268
7 11 19 15447022
7 11 20 131026109
7 11 21 905226893
7 11 22 5375654370
7 11 23 28310041109
7 11 24 134863584986
7 11 25 589012692347
7 11 26 2381015163720
7 11 27 8970648195711
7 11 28 31662808300920
7 11 29 105101885983895
7 11 30 329037800296419
7 11 31 973538621799899
7 11 32 2726180207937963
7 11 33 7231740999510219
7 11 34 18180971706951589
7 11 35 43321998119362730
7 11 36 97813747391918815
7 11 37 209141235289517463
7 11 38 423107445069268213
7 11 39 808975655355340140
7 11 40 1459749394623327376
7 11 41 2481677103055929887
7 11 42 3967195844577100313
7 11 43 5950073577051688802
7 11 44 8351702398558045839
7 11 45 10940757088809630289
7 11 46 13336763625537361193
7 11 47 15080693402740507795
7 11 48 15767132498684347783
7 11 49 15192618310774603547
7 11 50 13449093116879681334
7 11 51 10905992684890130368
7 11 52 8080463360070521231
7 11 53 5458807287362228751
7 11 54 3357206382215243898
7 11 55 1877802945206064688
7 11 56 954795867532106363
7 11 57 441298425907149859
7 11 58 185436423174635442
7 11 59 70860341701723571
7 11 60 24626507566770310
7 11 61 7782182338954517
7 11 62 2234588187475335
7 11 63 582261496268655
7 11 64 137391814834202
7 11 65 29270870029104
7 11 66 5607851134287
7 11 67 961070235182
7 11 68 146339540804
7 11 69 19626028715
7 11 70 2292405029
7 11 71 229808750
7 11 72 19387801
7 11 73 1339472
7 11 74 72814
7 11 75 2922
7 11 76 77
7 11 77 1
8 10 17 91308
8 10 18 1854620
8 10 19 20993048
8 10 20 174828858
8 10 21 1192403528
8 10 22 7032308702
8 10 23 37010993364
8 10 24 177332540100
8 10 25 783956906008
8 10 26 3227821611188
8 10 27 12460850000228
8 10 28 45321092841526
8 10 29 155835343271396
8 10 30 507802196896040
8 10 31 1570702203483940
8 10 32 4616447306317674
8 10 33 12899626563446724
8 10 34 34275490401529340
8 10 35 86593309249868408
8 10 36 207938049092957930
8 10 37 474351666318645124
8 10 38 1027242428593462076
8 10 39 2109915720619592216
8 10 40 4105951696320516462
8 10 41 7560933811481125796
8 10 42 13155875260970763848
8 10 43 21593522214056164080
8 10 44 33370595993624502436
8 10 45 48452309530169893868
8 10 46 65939116525319986298
8 10 47 83891264625597224024
8 10 48 99497540624276229754
8 10 49 109682641863673885360
8 10 50 112037645195018554854
8 10 51 105722209881881424944
8 10 52 91891797675616517506
8 10 53 73373523607108281188
8 10 54 53698543982128977854
8 10 55 35955159252527681720
8 10 56 21997900428923567948
8 10 57 12288515447657665268
8 10 58 6266121160939587090
8 10 59 2916891579908549656
8 10 60 1239930277674792776
8 10 61 481482666126652676
8 10 62 170829602014590580
8 10 63 55374357461518404
8 10 64 16390468801014834
8 10 65 4425303824423224
8 10 66 1087948538787594
8 10 67 242940954365120
8 10 68 49108297789480
8 10 69 8946767812404
8 10 70 1460858765144
8 10 71 212282976512
8 10 72 27208742592
8 10 73 3041137148
8 10 74 292055070
8 10 75 23627356
8 10 76 1566754
8 10 77 81812
8 10 78 3156
8 10 79 80
8 10 80 1
9 9 17 102745
9 9 18 2067300
9 9 19 23215716
9 9 20 192104477
9 9 21 1303994939
9 9 22 7667167438
9 9 23 40303699614
9 9 24 193242306062
9 9 25 856547401317
9 9 26 3543027458690
9 9 27 13768279832362
9 9 28 50506062906071
9 9 29 175479966445597
9 9 30 578799019934414
9 9 31 1815039930745780
9 9 32 5415980267969487
9 9 33 15384189473048118
9 9 34 41601033453030350
9 9 35 107072847082599682
9 9 36 262197210637413910
9 9 37 610531025270088597
9 9 38 1350870027787606524
9 9 39 2837792215740637016
9 9 40 5654334125172033717
9 9 41 10673851831554452316
9 9 42 19064691904756044772
9 9 43 32170244467178423198
9 9 44 51197725940145302908
9 9 45 76696615896088676126
9 9 46 107915916023108041044
9 9 47 142275375269851373760
9 9 48 175292183044826275934
9 9 49 201258615908361122457
9 9 50 214693098424634592958
9 9 51 212150707564072584844
9 9 52 193620068950859297032
9 9 53 162754039474591576396
9 9 54 125695231804159214926
9 9 55 89006943277795601706
9 9 56 57700030394820300697
9 9 57 34208560321021404988
9 9 58 18538738305580606216
9 9 59 9182874785948330664
9 9 60 4158424851990833484
9 9 61 1722238802520938892
9 9 62 652566832022623436
9 9 63 226253154624439518
9 9 64 71767268151401580
9 9 65 20813366460597669
9 9 66 5512087348165986
9 9 67 1330554638375390
9 9 68 291977203011141
9 9 69 58042745086830
9 9 70 10405919460518
9 9 71 1672949537896
9 9 72 239474260742
9 9 73 30248621107
9 9 74 3333122248
9 9 75 315679580
9 9 76 25194034
9 9 77 1648565
9 9 78 84968
9 9 79 3236
9 9 80 81
9 9 81 1
1 18 18 1
2 17 18 64
2 17 19 902
2 17 20 7392
2 17 21 39210
2 17 22 142000
2 17 23 361550
2 17 24 658048
2 17 25 864146
2 17 26 822560
2 17 27 568150
2 17 28 284000
2 17 29 101946
2 17 30 25872
2 17 31 4510
2 17 32 512
2 17 33 34
2 17 34 1
3 16 18 974
3 16 19 21650
3 16 20 253278
3 16 21 1983132
3 16 22 11528930
3 16 23 52885668
3 16 24 199046134
3 16 25 630178780
3 16 26 1704225460
3 16 27 3972443222
3 16 28 8019847090
3 16 29 14050327578
3 16 30 21352744264
3 16 31 28084919946
3 16 32 31846992588
3 16 33 30977844052
3 16 34 25699802150
3 16 35 18077515236
3 16 36 10721199074
3 16 37 5334079250
3 16 38 2216356578
3 16 39 765786132
3 16 40 218954394
3 16 41 51477066
3 16 42 9860882
3 16 43 1518130
3 16 44 183928
3 16 45 16958
3 16 46 1124
3 16 47 48
3 16 48 1
4 15 18 5290
4 15 19 135906
4 15 20 1841168
4 15 21 17018064
4 15 22 119466206
4 15 23 677084456
4 15 24 3223254332
4 15 25 13243989476
4 15 26 47887276582
4 15 27 154520279866
4 15 28 449495552082
4 15 29 1187306985514
4 15 30 2861458257272
4 15 31 6310086082552
4 15 32 12747747554706
4 15 33 23589345467440
4 15 34 39931929691602
4 15 35 61697433568004
4 15 36 86741166355508
4 15 37 110553418285066
4 15 38 127190950286548
4 15 39 131482801577668
4 15 40 121543193136126
4 15 41 99997106333156
4 15 42 72897627804606
4 15 43 46903404360546
4 15 44 26548808610260
4 15 45 13186497409364
4 15 46 5736163000044
4 15 47 2182002932978
4 15 48 724752443554
4 15 49 209813855146
4 15 50 52803196024
4 15 51 11507880988
4 15 52 2159652450
4 15 53 346161258
4 15 54 46838176
4 15 55 5260738
4 15 56 478532
4 15 57 33950
4 15 58 1766
4 15 59 60
4 15 60 1
5 14 18 18860
5 14 19 467986
5 14 20 6331700
5 14 21 60715122
5 14 22 456843659
5 14 23 2848412206
5 14 24 15230811722
5 14 25 71521034644
5 14 26 300079910074
5 14 27 1139622515662
5 14 28 3956387643231
5 14 29 12651579040434
5 14 30 37481642766685
5 14 31 103328322536570
5 14 32 265907936208897
5 14 33 640173503812550
5 14 34 1443682798214359
5 14 35 3051073306462072
5 14 36 6041056326482406
5 14 37 11194980224612130
5 14 38 19385571476956034
5 14 39 31298669201381252
5 14 40 46989111414460697
5 14 41 65395120401792296
5 14 42 84077783449251762
5 14 43 99497944684015806
5 14 44 107967547558836694
5 14 45 107017265739192536
5 14 46 96531176201030670
5 14 47 78958297845534798
5 14 48 58378956804594316
5 14 49 38909531084031300
5 14 50 23326410596886829
5 14 51 12558400646553410
5 14 52 6065257766801118
5 14 53 2626069147305088
5 14 54 1018869427820969
5 14 55 354081908175082
5 14 56 110148916948976
5 14 57 30638313979824
5 14 58 7606260202973
5 14 59 1680754450372
5 14 60 329262989505
5 14 61 56871520606
5 14 62 8596145403
5 14 63 1125574260
5 14 64 125937385
5 14 65 11815918
5 14 66 905207
5 14 67 54430
5 14 68 2411
5 14 69 70
5 14 70 1
6 13 18 49300
6 13 19 1162050
6 13 20 15058580
6 13 21 141091098
6 13 22 1061966496
6 13 23 6775315492
6 13 24 37825204194
6 13 25 188691217604
6 13 26 853596203772
6 13 27 3540225549322
6 13 28 13574164127974
6 13 29 48430722814398
6 13 30 161610736109821
6 13 31 506407365220202
6 13 32 1494725036385158
6 13 33 4165612244550616
6 13 34 10979832616275864
6 13 35 27403502082194030
6 13 36 64800642581045303
6 13 37 145203954315660034
6 13 38 308229306541088885
6 13 39 619376452300456038
6 13 40 1176894485480948569
6 13 41 2111428708911975792
6 13 42 3570039230009689978
6 13 43 5676609414266816916
6 13 44 8467622266606047486
6 13 45 11817347730904571842
6 13 46 15385323227504281792
6 13 47 18629345644958902982
6 13 48 20913571446736868227
6 13 49 21698065686802900672
6 13 50 20740492640250245706
6 13 51 18210593898028817090
6 13 52 14646671871584979346
6 13 53 10764905681642923888
6 13 54 7215488780404614574
6 13 55 4403918538767016102
6 13 56 2444984363758500201
6 13 57 1234001748033363226
6 13 58 566047000120572489
6 13 59 235981057034284864
6 13 60 89414616489882715
6 13 61 30790784968187068
6 13 62 9633247795427256
6 13 63 2736163249991348
6 13 64 704633110259922
6 13 65 164197508897976
6 13 66 34523520758994
6 13 67 6524211350904
6 13 68 1102522425818
6 13 69 165505176686
6 13 70 21881489068
6 13 71 2519737308
6 13 72 249062690
6 13 73 20721804
6 13 74 1412137
6 13 75 75734
6 13 76 2999
6 13 77 78
6 13 78 1
7 12 18 98786
7 12 19 2225714
7 12 20 27702556
7 12 21 251583974
7 12 22 1857082784
7 12 23 11770937768
7 12 24 66147001212
7 12 25 336338239200
7 12 26 1569040468050
7 12 27 6782588594044
7 12 28 27368934234598
7 12 29 103669335323342
7 12 30 370206291397576
7 12 31 1250509098165398
7 12 32 4005863940464510
7 12 33 12193251848943524
7 12 34 35316738423389602
7 12 35 97434323442257770
7 12 36 256200651047567231
7 12 37 642251314604082924
7 12 38 1534878802203780380
7 12 39 3495868893464311762
7 12 40 7584108676206692840
7 12 41 15659356623679186776
7 12 42 30740743392277488950
7 12 43 57303251073008753928
7 12 44 101280514818782252547
7 12 45 169440407713485510428
7 12 46 267807508266553943422
7 12 47 399047399617568770430
7 12 48 559268502283793026829
7 12 49 735417767604372134276
7 12 50 904955945977804873972
7 12 51 1039242024543277365306
7 12 52 1110695216271391855456
7 12 53 1101689595595535128486
7 12 54 1011449730252886081552
7 12 55 857352408488665333140
7 12 56 669464030606322152997
7 12 57 480639956940205651602
7 12 58 316800282834741380580
7 12 59 191497290592417466258
7 12 60 106090332486756413025
7 12 61 53853540941800859896
7 12 62 25049158194413264132
7 12 63 10678316107036190422
7 12 64 4173028125389545973
7 12 65 1495223664976785980
7 12 66 491177751330817326
7 12 67 147868049281222058
7 12 68 40761338747846400
7 12 69 10274621260730940
7 12 70 2363532185680380
7 12 71 494832678550630
7 12 72 93954325462433
7 12 73 16105360637352
7 12 74 2478219789700
7 12 75 339868376232
7 12 76 41167952564
7 12 77 4354010002
7 12 78 396119326
7 12 79 30391318
7 12 80 1913095
7 12 81 94918
7 12 82 3482
7 12 83 84
7 12 84 1
8 11 18 155350
8 11 19 3388610
8 11 20 40984856
8 11 21 363483558
8 11 22 2635359282
8 11 23 16512499438
8 11 24 92357311436
8 11 25 470695040498
8 11 26 2216320544308
8 11 27 9736175980820
8 11 28 40187283585724
8 11 29 156681591319004
8 11 30 579275944972076
8 11 31 2036893915442330
8 11 32 6826692057706448
8 11 33 21841962134628978
8 11 34 66785502261568870
8 11 35 195290539323939762
8 11 36 546321915223002980
8 11 37 1462276261158425320
8 11 38 3744315145002393684
8 11 39 9169467213442694302
8 11 40 21465395975928084918
8 11 41 48004873629499625634
8 11 42 102482441443256024084
8 11 43 208658359438917130858
8 11 44 404749248493273185084
8 11 45 747096422153167165044
8 11 46 1310434224374981782710
8 11 47 2180906092143850436800
8 11 48 3437965948699789064488
8 11 49 5123792353089368427638
8 11 50 7204645955498389891390
8 11 51 9536696351376814769748
8 11 52 11855388692131948023760
8 11 53 13806489423553325088676
8 11 54 15024003276326152445560
8 11 55 15237100745215776411866
8 11 56 14366076920771480602174
8 11 57 12562018615045960340982
8 11 58 10165543351557470715954
8 11 59 7598868112300351985824
8 11 60 5239280733046631364520
8 11 61 3328376241898115355102
8 11 62 1946895531601307186872
8 11 63 1048281384754029497518
8 11 64 519575441449651704840
8 11 65 237115167703575740230
8 11 66 99668867968611724076
8 11 67 38600401895547068130
8 11 68 13776585005599119234
8 11 69 4530967218280531254
8 11 70 1372710513873963748
8 11 71 382796313943585878
8 11 72 98132420281568480
8 11 73 23085192372666844
8 11 74 4971484694779664
8 11 75 977069340298788
8 11 76 174566253163482
8 11 77 28215765360942
8 11 78 4101352548986
8 11 79 532178278644
8 11 80 61077282062
8 11 81 6128221748
8 11 82 529532726
8 11 83 38626886
8 11 84 2313992
8 11 85 109354
8 11 86 3824
8 11 87 88
8 11 88 1
9 10 18 194240
9 10 19 4166306
9 10 20 49657888
9 10 21 434984762
9 10 22 3122763328
9 10 23 19426559604
9 10 24 108188604804
9 10 25 550642974282
9 10 26 2597226052951
9 10 27 11464584477816
9 10 28 47698297285352
9 10 29 188025717898848
9 10 30 704986067677508
9 10 31 2521271616467134
9 10 32 8618058907695433
9 10 33 28193442956028102
9 10 34 88351954433169559
9 10 35 265353118957745658
9 10 36 763925425476396427
9 10 37 2108012658628160226
9 10 38 5574273943927809878
9 10 39 14119863573572398654
9 10 40 34243789704665724657
9 10 41 79465469914118784156
9 10 42 176324831465738505686
9 10 43 373797761327825374340
9 10 44 756401381648956684743
9 10 45 1459536597219012860942
9 10 46 2682408207487868935295
9 10 47 4689452044359004649012
9 10 48 7787200568857910071655
9 10 49 12263291224030390990858
9 10 50 18282254935017865091041
9 10 51 25751653929460771275312
9 10 52 34199187882119332671024
9 10 53 42724594555611694683320
9 10 54 50090275326655019772655
9 10 55 54975370851236720020996
9 10 56 56342677347064251910489
9 10 57 53789443152376861017926
9 10 58 47724143822910583696921
9 10 59 39268469169216815249638
9 10 60 29910483870448804876259
9 10 61 21059030921258368339000
9 10 62 13690534557986839239089
9 10 63 8212484031153583231408
9 10 64 4544313855536243072991
9 10 65 2319566167039443180106
9 10 66 1092434717204812588513
9 10 67 474892895638302543104
9 10 68 190622974215301845023
9 10 69 70674156682342274938
9 10 70 24204292542290572972
9 10 71 7655730006470140220
9 10 72 2235129157260861552
9 10 73 601749831576980714
9 10 74 149174467839681690
9 10 75 33984014543515894
9 10 76 7096349365039402
9 10 77 1353824042346054
9 10 78 235020921551326
9 10 79 36941910368408
9 10 80 5225966486892
9 10 81 660397392514
9 10 82 73859255130
9 10 83 7225717282
9 10 84 609093358
9 10 85 43364054
9 10 86 2536522
9 10 87 117090
9 10 88 4001
9 10 89 90
9 10 90 1
1 19 19 1
2 18 19 68
2 18 20 1026
2 18 21 9080
2 18 22 52530
2 18 23 209820
2 18 24 596610
2 18 25 1229360
2 18 26 1854882
2 18 27 2060980
2 18 28 1690370
2 18 29 1022760
2 18 30 454610
2 18 31 147084
2 18 32 34050
2 18 33 5472
2 18 34 578
2 18 35 36
2 18 36 1
3 17 19 1103
3 17 20 26336
3 17 21 332518
3 17 22 2820627
3 17 23 17811477
3 17 24 88902529
3 17 25 364627055
3 17 26 1260540572
3 17 27 3733617015
3 17 28 9572016399
3 17 29 21372182444
3 17 30 41696724017
3 17 31 71162193982
3 17 32 106167470695
3 17 33 138152840826
3 17 34 156254013158
3 17 35 152919444621
3 17 36 128841528534
3 17 37 92968786961
3 17 38 57164092016
3 17 39 29814537452
3 17 40 13136332137
3 17 41 4870713176
3 17 42 1513616428
3 17 43 392265193
3 17 44 84204910
3 17 45 14826887
3 17 46 2110831
3 17 47 237721
3 17 48 20464
3 17 49 1271
3 17 50 51
3 17 51 1
4 16 19 6368
4 16 20 176096
4 16 21 2573236
4 16 22 25685548
4 16 23 194796040
4 16 24 1192579568
4 16 25 6131423332
4 16 26 27208767918
4 16 27 106291655652
4 16 28 370877530500
4 16 29 1168326230868
4 16 30 3348995904828
4 16 31 8784262095456
4 16 32 21161632888480
4 16 33 46923265713468
4 16 34 95852960118934
4 16 35 180350180744604
4 16 36 312206709789402
4 16 37 496324744076324
4 16 38 722736249581148
4 16 39 961006006942916
4 16 40 1162625938667668
4 16 41 1274678944152800
4 16 42 1261227457403062
4 16 43 1121452500446088
4 16 44 892450611778320
4 16 45 633230533030044
4 16 46 399280569802174
4 16 47 223124205464388
4 16 48 110264543151578
4 16 49 48109482115600
4 16 50 18507664811486
4 16 51 6269630349888
4 16 52 1867389418842
4 16 53 487988818780
4 16 54 111541684344
4 16 55 22202528944
4 16 56 3824634008
4 16 57 565183908
4 16 58 70773020
4 16 59 7380396
4 16 60 625018
4 16 61 41376
4 16 62 2012
4 16 63 64
4 16 64 1
5 15 19 24287
5 15 20 648920
5 15 21 9450216
5 15 22 97462609
5 15 23 788056233
5 15 24 5276063419
5 15 25 30276036107
5 15 26 152524810906
5 15 27 686543199747
5 15 28 2798063377610
5 15 29 10431911660408
5 15 30 35863767844004
5 15 31 114404159776467
5 15 32 340270720722349
5 15 33 947134402742244
5 15 34 2473958810230062
5 15 35 6075665978974176
5 15 36 14044913649165225
5 15 37 30575712154761830
5 15 38 62676309876171044
5 15 39 120888671798706779
5 15 40 219118284387160050
5 15 41 372588191696212520
5 15 42 593059501874844991
5 15 43 881428860230284288
5 15 44 1219730045691888816
5 15 45 1566714615471735064
5 15 46 1861883157462819259
5 15 47 2040302057866853772
5 15 48 2054712631168054592
5 15 49 1895345620569339005
5 15 50 1596416234532922749
5 15 51 1224281466540322819
5 15 52 852724995236018725
5 15 53 538312283353702998
5 15 54 307516078084274540
5 15 55 158789003571373090
5 15 56 74058360240638464
5 15 57 31183994539780401
5 15 58 11850895992701631
5 15 59 4063220824979348
5 15 60 1256117778292855
5 15 61 349782499659607
5 15 62 87597278274307
5 15 63 19683211837223
5 15 64 3955352751424
5 15 65 707630888528
5 15 66 112033929413
5 15 67 15572381628
5 15 68 1880377301
5 15 69 194494241
5 15 70 16905319
5 15 71 1202025
5 15 72 67193
5 15 73 2771
5 15 74 75
5 15 75 1
6 14 19 68324
6 14 20 1733888
6 14 21 24129144
6 14 22 242184652
6 14 23 1949054760
6 14 24 13278611108
6 14 25 79100686236
6 14 26 420895091422
6 14 27 2030965770984
6 14 28 8987931355320
6 14 29 36797086388372
6 14 30 140322912964198
6 14 31 501150488443452
6 14 32 1683548430674722
6 14 33 5338458345740132
6 14 34 16022836595821280
6 14 35 45617218120567848
6 14 36 123390797323946313
6 14 37 317461946980819828
6 14 38 777421542789857602
6 14 39 1812606910073644736
6 14 40 4023417957952809412
6 14 41 8498421186162506884
6 14 42 17068382409537123552
6 14 43 32559407679335586888
6 14 44 58908398052324509479
6 14 45 100915535804163138632
6 14 46 163369327805789387030
6 14 47 249383168160609889568
6 14 48 358109191534799227307
6 14 49 482518175921757892660
6 14 50 608424989682127989214
6 14 51 715988247793234384296
6 14 52 784161625808359809018
6 14 53 797093611095902742436
6 14 54 749988205303467795012
6 14 55 651541156065395130300
6 14 56 521395967569361286325
6 14 57 383578018650536401648
6 14 58 258984219329115552246
6 14 59 160275626710855921184
6 14 60 90833875162667291333
6 14 61 47117657926423377456
6 14 62 22365257632140312006
6 14 63 9714176740767519016
6 14 64 3861063042514278697
6 14 65 1404397160054575036
6 14 66 467414668108365684
6 14 67 142290256885566400
6 14 68 39589201844349040
6 14 69 10054677738735408
6 14 70 2326797129629156
6 14 71 489391872206048
6 14 72 93242806037911
6 14 73 16023610610464
6 14 74 2470017235568
6 14 75 339155433408
6 14 76 41114936284
6 14 77 4350707228
6 14 78 395953214
6 14 79 30385004
6 14 80 1912935
6 14 81 94916
6 14 82 3482
6 14 83 84
6 14 84 1
7 13 19 148271
7 13 20 3591128
7 13 21 47852596
7 13 22 463662833
7 13 23 3642771494
7 13 24 24538048768
7 13 25 146426785150
7 13 26 790401172159
7 13 27 3914918622096
7 13 28 17976679093790
7 13 29 77116586144866
7 13 30 310890912551596
7 13 31 1183329721545751
7 13 32 4268147944453309
7 13 33 14631274374373434
7 13 34 47779868516109982
7 13 35 148909390630133351
7 13 36 443530709454526445
7 13 37 1263863477506318225
7 13 38 3447947543775652989
7 13 39 9009225894560298726
7 13 40 22550052472632886171
7 13 41 54063178875827113474
7 13 42 124111320571195925269
7 13 43 272675374990391229023
7 13 44 572909052696595040631
7 13 45 1150075536817860802291
7 13 46 2203339838261922328255
7 13 47 4023321594658417469824
7 13 48 6991854632184129890074
7 13 49 11544790325173924512952
7 13 50 18079087369612670233693
7 13 51 26798385867748438819755
7 13 52 37520439688485054120526
7 13 53 49509518301756457876944
7 13 54 61427759313329399695243
7 13 55 71492744644480809497399
7 13 56 77863761659214541221849
7 13 57 79167709242553771838656
7 13 58 74971267424637921380084
7 13 59 65982415856302225366314
7 13 60 53862412300662970105156
7 13 61 40711455337882560945712
7 13 62 28451355507980511981297
7 13 63 18364306456185893716692
7 13 64 10939873084180993630895
7 13 65 6012293057648792689135
7 13 66 3047928688914760091849
7 13 67 1425427985230523035609
7 13 68 615113344582129210894
7 13 69 244985848299189348604
7 13 70 90070072834514409456
7 13 71 30569105254789137334
7 13 72 9575288448539977092
7 13 73 2766655133831231503
7 13 74 736703709578899297
7 13 75 180539249759664495
7 13 76 40641959874122958
7 13 77 8383594228770142
7 13 78 1579696182409737
7 13 79 270830628953215
7 13 80 42042616994323
7 13 81 5874111216414
7 13 82 733213483790
7 13 83 81009335111
7 13 84 7830278067
7 13 85 652242349
7 13 86 45893014
7 13 87 2653437
7 13 88 121089
7 13 89 4091
7 13 90 91
7 13 91 1
8 12 19 254336
8 12 20 5943008
8 12 21 76628204
8 12 22 721805690
8 12 23 5544719168
8 12 24 36758866264
8 12 25 217417490304
8 12 26 1171813683652
8 12 27 5837899819108
8 12 28 27156647268238
8 12 29 118831959447892
8 12 30 491867237212804
8 12 31 1934073444802672
8 12 32 7248378356465446
8 12 33 25957409217333024
8 12 34 88999919412859328
8 12 35 292600639274915180
8 12 36 923418891266750312
8 12 37 2799620380723150356
8 12 38 8158229473899258254
8 12 39 22856317876556867732
8 12 40 61568572710602451976
8 12 41 159443261593034767352
8 12 42 396854309460167645050
8 12 43 948977722038070045628
8 12 44 2178946015799475299244
8 12 45 4800810226373818314588
8 12 46 10141925023732698077958
8 12 47 20524499312296429901900
8 12 48 39749090163108253389034
8 12 49 73584531401871119867320
8 12 50 130046071453670341045496
8 12 51 219103199389479137894908
8 12 52 351375960929167600001392
8 12 53 535475900620398659669536
8 12 54 774048591690359305692846
8 12 55 1059301204570847813189624
8 12 56 1369647946408924507645868
8 12 57 1669605458497186201175880
8 12 58 1914634258528232917679448
8 12 59 2060949177075404943321528
8 12 60 2077836727481502271669928
8 12 61 1957966852763989554220912
8 12 62 1721056739199410073095748
8 12 63 1408677405489008995016220
8 12 64 1071994694231050670159272
8 12 65 757535180398024534012760
8 12 66 496642419312713492936562
8 12 67 301895671823110071844928
8 12 68 170104079219631756917492
8 12 69 88838976649219068085024
8 12 70 43012692780974201800160
8 12 71 19311755872708639217512
8 12 72 8043134515748821370566
8 12 73 3108393733729129979208
8 12 74 1114885847008702598502
8 12 75 371109378818112965232
8 12 76 114613042586428867432
8 12 77 32822899895087244616
8 12 78 8708175929670590512
8 12 79 2137511492584291932
8 12 80 484564681744001896
8 12 81 101221543404766352
8 12 82 19428764358300118
8 12 83 3414784072988800
8 12 84 547263346251772
8 12 85 79565350619160
8 12 86 10429110317318
8 12 87 1223107012560
8 12 88 127142683080
8 12 89 11576964452
8 12 90 909452770
8 12 91 60412000
8 12 92 3300702
8 12 93 142464
8 12 94 4556
8 12 95 96
8 12 96 1
9 11 19 349799
9 11 20 7992488
9 11 21 100995116
9 11 22 934744553
9 11 23 7075879942
9 11 24 46375203524
9 11 25 272106482168
9 11 26 1460142543369
9 11 27 7269461029384
9 11 28 33920966905165
9 11 29 149455259284882
9 11 30 625225236822445
9 11 31 2493831510629436
9 11 32 9514596987090660
9 11 33 34806195497213259
9 11 34 122306177154963439
9 11 35 413364864137680952
9 11 36 1344947569993282527
9 11 37 4215174424758112031
9 11 38 12729201511011480435
9 11 39 37043011168328572407
9 11 40 103872290113536362450
9 11 41 280600760170246821477
9 11 42 730012579293288443465
9 11 43 1828259393429363097695
9 11 44 4405416315985510625813
9 11 45 10207479125431435475496
9 11 46 22726850348447290025388
9 11 47 48587169450165482925949
9 11 48 99655620352685900451373
9 11 49 195919356355685544808598
9 11 50 368810906734388189386447
9 11 51 664035079724955254782537
9 11 52 1142089459910177206023536
9 11 53 1873871939371586364679713
9 11 54 2928631955398322165270795
9 11 55 4352850642423241857852231
9 11 56 6142019023500929600797589
9 11 57 8212396721404499386142178
9 11 58 10384793793528067183838991
9 11 59 12393887158284115400893843
9 11 60 13931241434874660316408129
9 11 61 14717419553034906377776282
9 11 62 14582674648100671748589011
9 11 63 13525434789658095942609741
9 11 64 11721525007222478573673532
9 11 65 9476223938367993305196945
9 11 66 7136973570827167217833490
9 11 67 5002127216564036509002284
9 11 68 3260051893452701760370617
9 11 69 1974799233822821321923286
9 11 70 1111659910841469860775046
9 11 71 581563611983679759916451
9 11 72 282815071419171700675733
9 11 73 127890657979839227768802
9 11 74 53798565277089488074638
9 11 75 21059263100800790421498
9 11 76 7672737113815771093958
9 11 77 2602001166483650220999
9 11 78 821159680087747724939
9 11 79 241046836425875848421
9 11 80 65762857213463350618
9 11 81 16655702715198580018
9 11 82 3910000119458479974
9 11 83 849111207716869506
9 11 84 170161844413613498
9 11 85 31374156389951401
9 11 86 5303075299438175
9 11 87 818175248445021
9 11 88 114620654367966
9 11 89 14489091559481
9 11 90 1640013970942
9 11 91 164653274382
9 11 92 14489458550
9 11 93 1100720239
9 11 94 70745772
9 11 95 3741855
9 11 96 156421
9 11 97 4847
9 11 98 99
9 11 99 1
10 10 19 388692
10 10 20 8813760
10 10 21 110620672
10 10 22 1017773836
10 10 23 7665755528
10 10 24 50038246632
10 10 25 292718135384
10 10 26 1567736790756
10 10 27 7798911377364
10 10 28 36404179389404
10 10 29 160639244395652
10 10 30 673825597481652
10 10 31 2698146584971156
10 10 32 10346458412490814
10 10 33 38086227879741112
10 10 34 134822144021142608
10 10 35 459532473147155168
10 10 36 1509377056031220975
10 10 37 4779979615024323504
10 10 38 14598426034665788580
10 10 39 42998331618136308832
10 10 40 122125167425582176434
10 10 41 334389739609508555300
10 10 42 882340774737091042840
10 10 43 2242642836656785779040
10 10 44 5487789382778866148796
10 10 45 12920899948932316089856
10 10 46 29252473035311528549910
10 10 47 63634793605420430429524
10 10 48 132906390908110741104567
10 10 49 266280565132266760471072
10 10 50 511282992445204962187242
10 10 51 939844787740127382372636
10 10 52 1652050180005409339019163
10 10 53 2773403202697999876699440
10 10 54 4440415955440625030737042
10 10 55 6770161047563032442881688
10 10 56 9813590379719411607304522
10 10 57 13500375787173863838417444
10 10 58 17592964599424975657432606
10 10 59 21674652134661783328724116
10 10 60 25194156486049480295201282
10 10 61 27572884349733537809639788
10 10 62 28353335668258173027900226
10 10 63 27339951802367912364742228
10 10 64 24674382461980384557610273
10 10 65 20806960142031121043972356
10 10 66 16369722284569084092954104
10 10 67 12000977712645527253639612
10 10 68 8190955717870956473197560
10 10 69 5201480687983855997600052
10 10 70 3072225001490850975379644
10 10 71 1687663500929780850486576
10 10 72 862365853088997875683388
10 10 73 410016726418584032617712
10 10 74 181460226046211197581330
10 10 75 74782141447271225221164
10 10 76 28706938248718314608984
10 10 77 10266544268112988094708
10 10 78 3420586002188712470518
10 10 79 1061448925465980695500
10 10 80 306604905779683694024
10 10 81 82368309159833737352
10 10 82 20554592003233613984
10 10 83 4756908470998542624
10 10 84 1018882958218143729
10 10 85 201474533625420732
10 10 86 36668650763322242
10 10 87 6120194862929804
10 10 88 932682225231452
10 10 89 129099128606336
10 10 90 16128256018454
10 10 91 1804610025116
10 10 92 179139570042
10 10 93 15590040784
10 10 94 1171461550
10 10 95 74487532
10 10 96 3898275
10 10 97 161268
10 10 98 4946
10 10 99 100
10 10 100 1
1 20 20 1
2 19 20 72
2 19 21 1158
2 19 22 11008
2 19 23 69002
2 19 24 301560
2 19 25 948430
2 19 26 2187520
2 19 27 3742290
2 19 28 4780008
2 19 29 4573910
2 19 30 3281280
2 19 31 1761370
2 19 32 703640
2 19 33 207006
2 19 34 44032
2 19 35 6562
2 19 36 648
2 19 37 38
2 19 38 1
3 18 20 1240
3 18 21 31654
3 18 22 429095
3 18 23 3921462
3 18 24 26745132
3 18 25 144419562
3 18 26 641676592
3 18 27 2407053694
3 18 28 7754073525
3 18 29 21690997802
3 18 30 53069061761
3 18 31 114056587324
3 18 32 215830625281
3 18 33 359809867194
3 18 34 527980210849
3 18 35 680480485248
3 18 36 767854783750
3 18 37 755564775686
3 18 38 645416308016
3 18 39 476383606040
3 18 40 302451799076
3 18 41 164485057846
3 18 42 76337149595
3 18 43 30128285034
3 18 44 10076551679
3 18 45 2844367812
3 18 46 674096925
3 18 47 133162754
3 18 48 21701244
3 18 49 2874040
3 18 50 302443
3 18 51 24420
3 18 52 1427
3 18 53 54
3 18 54 1
4 17 20 7582
4 17 21 224574
4 17 22 3521718
4 17 23 37769744
4 17 24 307906150
4 17 25 2026265788
4 17 26 11195625380
4 17 27 53384386916
4 17 28 224115040298
4 17 29 840759241286
4 17 30 2850149774924
4 17 31 8804349654492
4 17 32 24936782842932
4 17 33 65042748458224
4 17 34 156686985661092
4 17 35 349196935967474
4 17 36 720435859574922
4 17 37 1375682538269434
4 17 38 2429020398746888
4 17 39 3959581662594240
4 17 40 5946258270590666
4 17 41 8204848648981386
4 17 42 10370530265363248
4 17 43 11966233563475688
4 17 44 12559101736396404
4 17 45 11944625970953908
4 17 46 10256022789580916
4 17 47 7921976866350168
4 17 48 5486933333915004
4 17 49 3398188432427410
4 17 50 1877504602689664
4 17 51 923710370665390
4 17 52 404103906675904
4 17 53 157015885333900
4 17 54 54125167412532
4 17 55 16530637949718
4 17 56 4465297914642
4 17 57 1064153527078
4 17 58 222960541236
4 17 59 40869097140
4 17 60 6509862658
4 17 61 892757782
4 17 62 104073276
4 17 63 10130926
4 17 64 802692
4 17 65 49810
4 17 66 2274
4 17 67 68
4 17 68 1
5 16 20 30802
5 16 21 881958
5 16 22 13760716
5 16 23 151950416
5 16 24 1314489000
5 16 25 9408541822
5 16 26 57682614696
5 16 27 310323714958
5 16 28 1491288355040
5 16 29 6488936310572
5 16 30 25836277186966
5 16 31 94915164629628
5 16 32 323850593423376
5 16 33 1031613604026372
5 16 34 3080560157110650
5 16 35 8650816946463692
5 16 36 22899685373235028
5 16 37 57236737607490446
5 16 38 135222862159036468
5 16 39 302109932318069776
5 16 40 638265867926475772
5 16 41 1274476746012006480
5 16 42 2402892913998885990
5 16 43 4271802257138966834
5 16 44 7148337548195949990
5 16 45 11236167881237696694
5 16 46 16551248407864020878
5 16 47 22788759761308138346
5 16 48 29247252910693816954
5 16 49 34886941378958508114
5 16 50 38562058147364684796
5 16 51 39380225455693795142
5 16 52 37046242438446816004
5 16 53 32014367785495563308
5 16 54 25349021343424263480
5 16 55 18348475180805830868
5 16 56 12117726097681368410
5 16 57 7290435147789232316
5 16 58 3991134217693099696
5 16 59 1986574149629162378
5 16 60 898582764043062306
5 16 61 369245351401124396
5 16 62 137803455016299558
5 16 63 46692294037407268
5 16 64 14355905015743106
5 16 65 4001531620771202
5 16 66 1009796404103514
5 16 67 230242688222310
5 16 68 47301949413208
5 16 69 8723587215532
5 16 70 1437146216330
5 16 71 210143394714
5 16 72 27047389014
5 16 73 3031179720
5 16 74 291567256
5 16 75 23609310
5 16 76 1566298
5 16 77 81806
5 16 78 3156
5 16 79 80
5 16 80 1
6 15 20 92788
6 15 21 2524102
6 15 22 37570766
6 15 23 402432636
6 15 24 3449792576
6 15 25 24999973842
6 15 26 158259517480
6 15 27 894350953786
6 15 28 4582024263700
6 15 29 21529436794802
6 15 30 93608879781060
6 15 31 379305013855670
6 15 32 1440537013815466
6 15 33 5151524187785532
6 15 34 17412482997620121
6 15 35 55799526745587968
6 15 36 169948586741080256
6 15 37 492913926903646814
6 15 38 1363465216428587241
6 15 39 3600919612563815224
6 15 40 9086476850203729525
6 15 41 21915824405057245222
6 15 42 50527501640467166524
6 15 43 111326939004611851344
6 15 44 234284213962510187897
6 15 45 470546845845020253354
6 15 46 900972448096122757572
6 15 47 1642451763210157361322
6 15 48 2846230120043725855421
6 15 49 4680336408681884178944
6 15 50 7288990153346276110780
6 15 51 10728179267622410544862
6 15 52 14889557251117630852338
6 15 53 19441045280441502411004
6 15 54 23822870097735123273452
6 15 55 27330274125542594769518
6 15 56 29282536950278204435190
6 15 57 29231210666866157916856
6 15 58 27124213019574828626517
6 15 59 23345430379875446818828
6 15 60 18600740064332370259124
6 15 61 13696220450897992882422
6 15 62 9306780121757503673840
6 15 63 5829760941798488932664
6 15 64 3363710288792392550816
6 15 65 1786885799389019450436
6 15 66 873752762788368656679
6 15 67 393257260765986231564
6 15 68 162925061437701121241
6 15 69 62137369250980756676
6 15 70 21815593803880759603
6 15 71 7049396273795979450
6 15 72 2095651323185431382
6 15 73 572711361474300288
6 15 74 143711847444042685
6 15 75 33057399335056168
6 15 76 6954973781791478
6 15 77 1334483936549460
6 15 78 232658331556123
6 15 79 36685594718038
6 15 80 5201463254227
6 15 81 658356980448
6 15 82 73713811472
6 15 83 7217075134
6 15 84 608682575
6 15 85 43349446
6 15 86 2536178
6 15 87 117086
6 15 88 4001
6 15 89 90
6 15 90 1
7 14 20 216796
7 14 21 5623878
7 14 22 79974802
7 14 23 824254652
7 14 24 6870563944
7 14 25 49014754386
7 14 26 309411950365
7 14 27 1765676010094
7 14 28 9243057696106
7 14 29 44859092850956
7 14 30 203458568996480
7 14 31 867712813347592
7 14 32 3496856401483611
7 14 33 13368797906315288
7 14 34 48641625550135165
7 14 35 168871159347495452
7 14 36 560600301521280124
7 14 37 1782551818193266096
7 14 38 5436372931584086260
7 14 39 15918687173490186328
7 14 40 44788722141375710060
7 14 41 121148207063900003382
7 14 42 315119704195462156078
7 14 43 788269603720184497688
7 14 44 1896085713025958444958
7 14 45 4384157752308826643048
7 14 46 9739623699959418898224
7 14 47 20774652887149785107728
7 14 48 42510534801432492023968
7 14 49 83367437480880380194954
7 14 50 156506383080448981362083
7 14 51 280890698955713661886114
7 14 52 481265518722908269308632
7 14 53 785938633175660762986346
7 14 54 1221264790273236743468738
7 14 55 1802439519441791337312128
7 14 56 2521803335367311326531507
7 14 57 3338075380942592134124084
7 14 58 4171800096666307527600715
7 14 59 4912297461671728657524510
7 14 60 5438342465989766383027576
7 14 61 5648928008469325298169182
7 14 62 5494228586405750604331252
7 14 63 4994105829479714501222710
7 14 64 4235002464078516304917217
7 14 65 3345138378168187253121280
7 14 66 2457881229609624493973439
7 14 67 1678151486197367486301334
7 14 68 1063857993196873485286526
7 14 69 625889315365045394987834
7 14 70 341635241651521248402366
7 14 71 173006367520362533845916
7 14 72 81292030322819569387685
7 14 73 35449740071835124192994
7 14 74 14350265319265931766924
7 14 75 5393494142508574986460
7 14 76 1882241016355196937358
7 14 77 609858649523857967392
7 14 78 183393909033077374450
7 14 79 51153091916460513896
7 14 80 13221346492428570556
7 14 81 3162404799905487770
7 14 82 698766744700105419
7 14 83 142312844789993456
7 14 84 26640135465680882
7 14 85 4567875265039172
7 14 86 714422890319430
7 14 87 101401707749176
7 14 88 12980397494464
7 14 89 1487241518398
7 14 90 151090982457
7 14 91 13449949264
7 14 92 1033301460
7 14 93 67146946
7 14 94 3589996
7 14 95 151670
7 14 96 4749
7 14 97 98
7 14 98 1
8 13 20 402826
8 13 21 10057254
8 13 22 137937216
8 13 23 1376904888
8 13 24 11177486460
8 13 25 78162781294
8 13 26 487112554456
8 13 27 2764810852908
8 13 28 14504303498898
8 13 29 71064699431144
8 13 30 327696174812602
8 13 31 1430466850771994
8 13 32 5937909983230420
8 13 33 23522444999608800
8 13 34 89176686034014612
8 13 35 324279209592309946
8 13 36 1133092067643223654
8 13 37 3809824254640132454
8 13 38 12340025148394858102
8 13 39 38535305707145335606
8 13 40 116089229727666056728
8 13 41 337508815545281982814
8 13 42 947173194585570047294
8 13 43 2565934571553450097736
8 13 44 6709517945446655145002
8 13 45 16930388544385469834630
8 13 46 41211650630432297845248
8 13 47 96727305819788175834286
8 13 48 218779281637998516154728
8 13 49 476539057198834921471846
8 13 50 998824586486117839286362
8 13 51 2012786687398435457009894
8 13 52 3895824100910987144930238
8 13 53 7234766598406897767360454
8 13 54 12875334074676221617222318
8 13 55 21930108177179956309181844
8 13 56 35699754155797643072143142
8 13 57 55460149982407890634411182
8 13 58 82090812431401873817493424
8 13 59 115577260116093809183658696
8 13 60 154506277345087127684388490
8 13 61 195757626612092708550753026
8 13 62 234624227748910822631535394
8 13 63 265510657060276453116800382
8 13 64 283154155759658771763818842
8 13 65 284047930900404975724782336
8 13 66 267559141142363407287074416
8 13 67 236261624401559982330948080
8 13 68 195285241983747344748513512
8 13 69 150901722108280024926861932
8 13 70 108896565405059243178388884
8 13 71 73330585414382283255626746
8 13 72 46054704922127839746389874
8 13 73 26968331653823439144501968
8 13 74 14722913327918412182026694
8 13 75 7494436931513604364489190
8 13 76 3557880025477997201409366
8 13 77 1575732285416664676584232
8 13 78 651250790664249821444372
8 13 79 251248140522995126993706
8 13 80 90492880411917774968382
8 13 81 30428720544625616175542
8 13 82 9550479265789900728300
8 13 83 2796730587308246731234
8 13 84 763580197319799332178
8 13 85 194178415629558511444
8 13 86 45931287902345626720
8 13 87 10088743200518576282
8 13 88 2053374793607498032
8 13 89 386264319464741264
8 13 90 66948537429386354
8 13 91 10651931152531124
8 13 92 1548901832770260
8 13 93 204751174021854
8 13 94 24449251186342
8 13 95 2616833028172
8 13 96 248666049566
8 13 97 20730134028
8 13 98 1493109218
8 13 99 91057834
8 13 100 4573220
8 13 101 181654
8 13 102 5352
8 13 103 104
8 13 104 1
9 12 20 604366
9 12 21 14692438
9 12 22 196607532
9 12 23 1919854272
9 12 24 15292781294
9 12 25 105296507290
9 12 26 648549868710
9 12 27 3652652917784
9 12 28 19092378542370
9 12 29 93595783516194
9 12 30 433642646925890
9 12 31 1909831007119128
9 12 32 8030992959879530
9 12 33 32355650275899362
9 12 34 125229369254441704
9 12 35 466605285413232420
9 12 36 1676435098713928954
9 12 37 5815074345064807496
9 12 38 19491876405208619594
9 12 39 63177726382983009390
9 12 40 198093800567302027474
9 12 41 601003288150729830604
9 12 42 1764473779001088003736
9 12 43 5012573710282239937754
9 12 44 13776490848054453640151
9 12 45 36621078792462549030190
9 12 46 94120370000368409640656
9 12 47 233780501693878714287106
9 12 48 560901986665120184257726
9 12 49 1299190280494537290678798
9 12 50 2903289774947335263714660
9 12 51 6255123125716761325912906
9 12 52 12983009049573628101075830
9 12 53 25938419051446293084767714
9 12 54 49835789164135041675083342
9 12 55 91988626897454756578226570
9 12 56 162948061987792904725263907
9 12 57 276677585017522308367033808
9 12 58 449732895477672877997102032
9 12 59 698868633474339233886352044
9 12 60 1036715400028836718343374299
9 12 61 1465783953692058248058459566
9 12 62 1972032382510409916970235222
9 12 63 2520278435275748390132013744
9 12 64 3054269864551979153588310583
9 12 65 3503580744244011003872912772
9 12 66 3797380482788818799097227242
9 12 67 3882034893838110616039773942
9 12 68 3736845381127828156768234973
9 12 69 3381709633861260391908453820
9 12 70 2872983258619564595630034842
9 12 71 2288526625799782068922422116
9 12 72 1707491027209629039607250468
9 12 73 1192327239495103908855830004
9 12 74 778801767759237983987295988
9 12 75 475680236192604723087569476
9 12 76 271654156293146894226620130
9 12 77 145066510321221065825446692
9 12 78 72454545837193310735347470
9 12 79 33857092534255714413832884
9 12 80 14807213204325994261705910
9 12 81 6062939147322955718173792
9 12 82 2324854188000072680398724
9 12 83 834981114599540094956404
9 12 84 280881627064763499154887
9 12 85 88480890974808803563498
9 12 86 26089906090476729150190
9 12 87 7196188038704646002702
9 12 88 1854949771623051385877
9 12 89 446299788226714297064
9 12 90 100072003258699918882
9 12 91 20872010887880278446
9 12 92 4040054498460878831
9 12 93 723762666304319784
9 12 94 119615359816983684
9 12 95 18167660862507716
9 12 96 2524444788665062
9 12 97 319189314312458
9 12 98 36487436846898
9 12 99 3741596428086
9 12 100 340896475033
9 12 101 27266686810
9 12 102 1885490846
9 12 103 110461738
9 12 104 5332361
9 12 105 203690
9 12 106 5774
9 12 107 108
9 12 108 1
10 11 20 738728
10 11 21 17715462
10 11 22 234135470
10 11 23 2261033636
10 11 24 17836462966
10 11 25 121810759836
10 11 26 745384233618
10 11 27 4177969562430
10 11 28 21773056787770
10 11 29 106615140567040
10 11 30 494322753122053
10 11 31 2182782068383878
10 11 32 9220339301361918
10 11 33 37386581477248004
10 11 34 145908321350587644
10 11 35 549210967067007962
10 11 36 1997001074726317103
10 11 37 7022729621269438782
10 11 38 23904766567337061415
10 11 39 78805278985326161264
10 11 40 251686573739587583489
10 11 41 778859155624423115852
10 11 42 2335317743367569959047
10 11 43 6783622924776916061386
10 11 44 19085489148849022188000
10 11 45 51991540038818428552276
10 11 46 137082649911989849649062
10 11 47 349671555604346261688892
10 11 48 862484593543504432782130
10 11 49 2055984464530252535166692
10 11 50 4733792331611529619187720
10 11 51 10520622935308779134502642
10 11 52 22553590336966352431122499
10 11 53 46602165131838434574873330
10 11 54 92738389302068818847527526
10 11 55 177579538263530440966037532
10 11 56 326881479547940384816098796
10 11 57 577830366546344194787804444
10 11 58 979791832047794361336814096
10 11 59 1591701512961291559857959408
10 11 60 2474080399834912593634164659
10 11 61 3674339855269475471065700604
10 11 62 5206039154542814216976737050
10 11 63 7026042069865637800696458364
10 11 64 9017173083956876008800188170
10 11 65 10986100267700986624065277518
10 11 66 12684499154736604499343488972
10 11 67 13854828563882719968734210558
10 11 68 14291614874313088490170391653
10 11 69 13899424451627179683453929116
10 11 70 12725541955346300070778145203
10 11 71 10952425610172477121090798888
10 11 72 8850473742237755242321691580
10 11 73 6708137068506986910390043918
10 11 74 4765094718581009289658091887
10 11 75 3170532023381740429661938490
10 11 76 1975335196817148539391359866
10 11 77 1152252633945477369013082938
10 11 78 629337776869578573440298265
10 11 79 321916932711538451548539972
10 11 80 154264508372336425581885586
10 11 81 69280322249867113898399408
10 11 82 29169800546047947540674029
10 11 83 11517846481674980517400416
10 11 84 4265937777245373855426370
10 11 85 1482154041704503070374612
10 11 86 483016810052807824521593
10 11 87 147600489718364982300126
10 11 88 42270610352394157092039
10 11 89 11336422610427468303138
10 11 90 2844111606852587082994
10 11 91 666610860565872372730
10 11 92 145727181354566508053
10 11 93 29654500588851421326
10 11 94 5603989247920346990
10 11 95 980728395972973214
10 11 96 158422839639827862
10 11 97 23530116523700848
10 11 98 3198776969516802
10 11 99 395861499794316
10 11 100 44308361152090
10 11 101 4450464825830
10 11 102 397305829332
10 11 103 31147756224
10 11 104 2111735771
10 11 105 121329940
10 11 106 5745513
10 11 107 215346
10 11 108 5991
10 11 109 110
10 11 110 1
1 21 21 1
2 20 21 76
2 20 22 1298
2 20 23 13192
2 20 24 89090
2 20 25 423092
2 20 26 1459810
2 20 27 3732560
2 20 28 7159170
2 20 29 10377180
2 20 30 11414898
2 20 31 9545560
2 20 32 6065410
2 20 33 2919620
2 20 34 1057730
2 20 35 285088
2 20 36 56066
2 20 37 7788
2 20 38 722
2 20 39 40
2 20 40 1
3 19 21 1385
3 19 22 37644
3 19 23 545377
3 19 24 5343695
3 19 25 39165562
3 19 26 227642203
3 19 27 1090076421
3 19 28 4413004435
3 19 29 15370495989
3 19 30 46606445734
3 19 31 124009569249
3 19 32 291064372527
3 19 33 604568884853
3 19 34 1113058330731
3 19 35 1816756801293
3 19 36 2626330204085
3 19 37 3355731848463
3 19 38 3778694086880
3 19 39 3736389586195
3 19 40 3231257864961
3 19 41 2433788775170
3 19 42 1590040764676
3 19 43 897616927540
3 19 44 436342111205
3 19 45 182068090956
3 19 46 65006082918
3 19 47 19792579902
3 19 48 5117547074
3 19 49 1117445982
3 19 50 204489921
3 19 51 31024007
3 19 52 3841804
3 19 53 379471
3 19 54 28853
3 19 55 1592
3 19 56 57
3 19 57 1
4 18 21 8940
4 18 22 282404
4 18 23 4731408
4 18 24 54276292
4 18 25 473528932
4 18 26 3335106254
4 18 27 19718144312
4 18 28 100588786842
4 18 29 451753334544
4 18 30 1813364497032
4 18 31 6581070863352
4 18 32 21784477828046
4 18 33 66209031906136
4 18 34 185666880139174
4 18 35 482067627419504
4 18 36 1161542620802948
4 18 37 2600684959215892
4 18 38 5413539551596018
4 18 39 10474406910488988
4 18 40 18822824338225584
4 18 41 31373986129122380
4 18 42 48417225402258742
4 18 43 69024813498021072
4 18 44 90667452929343914
4 18 45 109412228081832176
4 18 46 120912240729639620
4 18 47 121960893281764140
4 18 48 111906180328046328
4 18 49 93098111473807680
4 18 50 70006177959064872
4 18 51 47449123852329344
4 18 52 28918201199464894
4 18 53 15816269703012284
4 18 54 7750706848869522
4 18 55 3398928256720692
4 18 56 1332462913872008
4 18 57 466497084960912
4 18 58 145689891895902
4 18 59 40527751558540
4 18 60 10021449713154
4 18 61 2196494684432
4 18 62 425063634748
4 18 63 72242639752
4 18 64 10706159056
4 18 65 1370163464
4 18 66 149451096
4 18 67 13643160
4 18 68 1015682
4 18 69 59316
4 18 70 2552
4 18 71 72
4 18 72 1
5 17 21 38541
5 17 22 1177636
5 17 23 19604526
5 17 24 230860529
5 17 25 2128409817
5 17 26 16224481537
5 17 27 105866740196
5 17 28 605838186243
5 17 29 3095701175286
5 17 30 14319895037080
5 17 31 60614359387381
5 17 32 236797875344852
5 17 33 859639348859618
5 17 34 2915912022652722
5 17 35 9282430027667705
5 17 36 27828869363638619
5 17 37 78788294898172945
5 17 38 211085477159622861
5 17 39 535956413250989366
5 17 40 1290892101442301066
5 17 41 2950839844614675969
5 17 42 6401919884446519483
5 17 43 13177110538930855092
5 17 44 25712762456444718202
5 17 45 47513762712151251233
5 17 46 83027020787382271214
5 17 47 136966094414818568066
5 17 48 212889952812884730507
5 17 49 311103847639463994568
5 17 50 426425443839617374599
5 17 51 546869584599517619495
5 17 52 654480731052464112220
5 17 53 728997743137386560378
5 17 54 753724080493768977773
5 17 55 721469457404295006264
5 17 56 637755017357969797333
5 17 57 519406273635424347474
5 17 58 388926022274145691466
5 17 59 267267884839740709150
5 17 60 168305943743713772927
5 17 61 97011373624742831253
5 17 62 51138971796712251510
5 17 63 24640077084172683500
5 17 64 10847668362111631223
5 17 65 4362435718464427196
5 17 66 1602215516578515014
5 17 67 537247194640463164
5 17 68 164386433331802337
5 17 69 45860992208467074
5 17 70 11651398263650283
5 17 71 2691029654385868
5 17 72 563688169132307
5 17 73 106752626122709
5 17 74 18204010586655
5 17 75 2780531209882
5 17 76 377873712726
5 17 77 45298964101
5 17 78 4737242102
5 17 79 425918680
5 17 80 32283866
5 17 81 2007526
5 17 82 98394
5 17 83 3566
5 17 84 85
5 17 85 1
6 16 21 123780
6 16 22 3595172
6 16 23 57031476
6 16 24 649717066
6 16 25 5913040536
6 16 26 45428449018
6 16 27 304558000088
6 16 28 1821362488998
6 16 29 9870201746856
6 16 30 49042938750208
6 16 31 225489758291020
6 16 32 966379230106708
6 16 33 3883360317031552
6 16 34 14703181943009496
6 16 35 52661429936810256
6 16 36 179012458828310758
6 16 37 579110943964773404
6 16 38 1786861020244532336
6 16 39 5267989087030963728
6 16 40 14860455647598501364
6 16 41 40152316424820324052
6 16 42 103992259037834094052
6 16 43 258283375027232759324
6 16 44 615275966925591771120
6 16 45 1405660395718676023088
6 16 46 3078772429005518827580
6 16 47 6461103842467541588232
6 16 48 12981151708805399562014
6 16 49 24942958895044029567956
6 16 50 45779741826602170184318
6 16 51 80143848502304675897052
6 16 52 133612072928908613310082
6 16 53 211758987825052439022532
6 16 54 318452355701480946594548
6 16 55 453515953673535065009012
6 16 56 610362876000854123384328
6 16 57 774651133327716251978880
6 16 58 925136651910991261149298
6 16 59 1037391512905441708209888
6 16 60 1089887975525797706520882
6 16 61 1070567297378826897229236
6 16 62 981232486079413163146752
6 16 63 837623835824716604427096
6 16 64 664840060129468504807958
6 16 65 489940455566736043572360
6 16 66 334812993619087501226518
6 16 67 211974939487170224520808
6 16 68 124249904739970613586262
6 16 69 67398666263054118243820
6 16 70 33826538706758772358254
6 16 71 15706997025493565375024
6 16 72 6748085081458894907376
6 16 73 2682604216102164578424
6 16 74 986829394352943840546
6 16 75 335901306316130920864
6 16 76 105770779270159152544
6 16 77 30796624770405832244
6 16 78 8285069405480312450
6 16 79 2057145144157824536
6 16 80 470707705907620798
6 16 81 99058084933000100
6 16 82 19123823930711398
6 16 83 3376122056249236
6 16 84 542874382968422
6 16 85 79121933507040
6 16 86 10389575351090
6 16 87 1220033762804
6 16 88 126938098732
6 16 89 11565611484
6 16 90 908948864
6 16 91 60395268
6 16 92 3300334
6 16 93 142460
6 16 94 4556
6 16 95 96
6 16 96 1
7 15 21 309801
7 15 22 8578076
7 15 23 129796788
7 15 24 1419045577
7 15 25 12515355449
7 15 26 94288273078
7 15 27 627708789319
7 15 28 3774250518158
7 15 29 20806432239400
7 15 30 106312354036952
7 15 31 507640758279916
7 15 32 2279797317102123
7 15 33 9678799982667854
7 15 34 39006101577145973
7 15 35 149729353292497634
7 15 36 548991902993154477
7 15 37 1927177126509063737
7 15 38 6489505762639519831
7 15 39 20995428647502893147
7 15 40 65346231816047348723
7 15 41 195859291255690254438
7 15 42 565767372340165941848
7 15 43 1575977844596734228382
7 15 44 4234893541545248446911
7 15 45 10979834677526426266326
7 15 46 27467206401574860196584
7 15 47 66287349829768499697199
7 15 48 154279154829953955320731
7 15 49 346131292045533219105068
7 15 50 748107733167590848640116
7 15 51 1556496108290002934937022
7 15 52 3114612232736052064478870
7 15 53 5988061001057097343192188
7 15 54 11048271226718557241563114
7 15 55 19537824231609673991420211
7 15 56 33069782380479349352583152
7 15 57 53495182540115658152384759
7 15 58 82573521377309358144478685
7 15 59 121419575357056041947296895
7 15 60 169787996569818279074012919
7 15 61 225382266173142221776387816
7 15 62 283487137484462916933675745
7 15 63 337244080356907102221622444
7 15 64 378746415983957256103078873
7 15 65 400822410769145448287128203
7 15 66 399009673269531105542010011
7 15 67 372999343801147122354712007
7 15 68 326920787637477580505452752
7 15 69 268268466682984407904565808
7 15 70 205850513050485134838348177
7 15 71 147551287320729264004414835
7 15 72 98717518584726660137008248
7 15 73 61610832503691003674989307
7 15 74 35857436202753633781571606
7 15 75 19457859990496236944989484
7 15 76 9844888309008123287841365
7 15 77 4644995925881347701469530
7 15 78 2044129977282630261047575
7 15 79 839223726284299857246666
7 15 80 321495585939023779609734
7 15 81 114932970465666627208912
7 15 82 38341840459824572560675
7 15 83 11933554726110931403020
7 15 84 3463791402895671847316
7 15 85 936970885036276697429
7 15 86 235980494842126610647
7 15 87 55264349969083805696
7 15 88 12014877947466002021
7 15 89 2419963752004266688
7 15 90 450425797169874927
7 15 91 77240062068399609
7 15 92 12158489808385063
7 15 93 1749162869449280
7 15 94 228774499211051
7 15 95 27030374396492
7 15 96 2862894954316
7 15 97 269234509938
7 15 98 22214945297
7 15 99 1583829476
7 15 100 95620860
7 15 101 4754671
7 15 102 187004
7 15 103 5456
7 15 104 105
7 15 105 1
8 14 21 619860
8 14 22 16492324
8 14 23 240083700
8 14 24 2534503982
8 14 25 21696029020
8 14 26 159644835338
8 14 27 1045370826204
8 14 28 6228709573706
8 14 29 34285406226480
8 14 30 176227839722900
8 14 31 852590987416668
8 14 32 3906004329145446
8 14 33 17025490183929328
8 14 34 70871538083888284
8 14 35 282594879100477144
8 14 36 1082047932331634560
8 14 37 3986503797421551844
8 14 38 14155161659379118672
8 14 39 48505859299855179032
8 14 40 160581780677231570934
8 14 41 514030180443464314476
8 14 42 1592034515341080610910
8 14 43 4773009817523928333108
8 14 44 13856185821632866995978
8 14 45 38956474747631115082404
8 14 46 106075769212140775970100
8 14 47 279715720651583515150304
8 14 48 714161920987604450758244
8 14 49 1764921023231837609838032
8 14 50 4220166256769022079597052
8 14 51 9758786008235604554142196
8 14 52 21810772674895313721289938
8 14 53 47083010289678232711741584
8 14 54 98094938279528939435499618
8 14 55 197084347655539636443121232
8 14 56 381485048459880966052963934
8 14 57 710693292517351335361536124
8 14 58 1272883254542962917615938194
8 14 59 2189183771381075252160578668
8 14 60 3610878115673084233351807780
8 14 61 5704208584047490788417765732
8 14 62 8618112731823194115220921630
8 14 63 12434127874746748385669110788
8 14 64 17105295847273808338019371528
8 14 65 22400714176029060844275019612
8 14 66 27880281583388677557550039922
8 14 67 32924246165437865197413613284
8 14 68 36829638767867044985572953662
8 14 69 38961173783349998404213767548
8 14 70 38916319662158425488135950934
8 14 71 36647452704585666034043310708
8 14 72 32491028165139621990133767976
8 14 73 27086144285166691002213552284
8 14 74 21209194893895999469058829850
8 14 75 15584959742115699222771943228
8 14 76 10739670663080386739425925134
8 14 77 6936959563816396853734638752
8 14 78 4198716403767162520419692324
8 14 79 2381162567802020396962767344
8 14 80 1265349711946486257881212962
8 14 81 630169890024454953858356288
8 14 82 294199290694365809335316628
8 14 83 128792161293124333410844236
8 14 84 52883986622202504377934162
8 14 85 20372600311581597959116132
8 14 86 7364055387151585936476198
8 14 87 2497706804097679797700248
8 14 88 794797295898848696431544
8 14 89 237201666947793266428716
8 14 90 66357498501420716058318
8 14 91 17387464606533303023064
8 14 92 4262930305499305994604
8 14 93 976642771844833689548
8 14 94 208744302031380907192
8 14 95 41542477294875619220
8 14 96 7679808024672728680
8 14 97 1315167963336022308
8 14 98 207950521432600126
8 14 99 30241715533266564
8 14 100 4026566838167832
8 14 101 488188901119004
8 14 102 53548171921490
8 14 103 5272229292320
8 14 104 461481436736
8 14 105 35481484972
8 14 106 2359722230
8 14 107 133024548
8 14 108 6181978
8 14 109 227436
8 14 110 6212
8 14 111 112
8 14 112 1
9 13 21 1007445
9 13 22 26018444
9 13 23 368240680
9 13 24 3788917569
9 13 25 31708834481
9 13 26 228901585684
9 13 27 1476169538790
9 13 28 8698415917794
9 13 29 47557068554636
9 13 30 243877527098961
9 13 31 1182391741667706
9 13 32 5452372521079917
9 13 33 24024333567127375
9 13 34 101516082373732732
9 13 35 412561223117583169
9 13 36 1616270166372977191
9 13 37 6115252055609024736
9 13 38 22378484914729710521
9 13 39 79299427292891889586
9 13 40 272349848480780702486
9 13 41 907195770288122721715
9 13 42 2932302447855976173560
9 13 43 9200185967648533640410
9 13 44 28025233406578915575258
9 13 45 82889150541267784394726
9 13 46 238026895210378085884468
9 13 47 663555253140941418227537
9 13 48 1795383569470851226900758
9 13 49 4713465957238016725741162
9 13 50 12002479823494550051469304
9 13 51 29632381101851537696476372
9 13 52 70895570499414007727636637
9 13 53 164284319848025818399430651
9 13 54 368502788869847139169020472
9 13 55 799598062101116522774965040
9 13 56 1677190325843548954080023734
9 13 57 3398127714245932467209422947
9 13 58 6644821174977522911958866322
9 13 59 12529212744074483960046857716
9 13 60 22758394275394371608952222834
9 13 61 39781943266306960719969985896
9 13 62 66845793476675270944638547956
9 13 63 107842701354746807545262905017
9 13 64 166835695726371298790810380924
9 13 65 247167278544166110677106322072
9 13 66 350179283521513574145845606235
9 13 67 473757264980592133048246322846
9 13 68 611132228178913730742901735283
9 13 69 750519144572736968756076365818
9 13 70 876117065085222908474128902622
9 13 71 970655069869038020640326727692
9 13 72 1019087265432615171855553012741
9 13 73 1012434267762945506260659923285
9 13 74 950458069194758061706301284652
9 13 75 842092750741355668380526840219
9 13 76 703328132709491537912914857568
9 13 77 553232298778420453592644310021
9 13 78 409512144392303199597859577268
9 13 79 285086419075676238805415567420
9 13 80 186578268637232007469524022304
9 13 81 114769176484658345642861474632
9 13 82 66351035018102821386460763137
9 13 83 36055373124343114918295363352
9 13 84 18419727743952069791191449872
9 13 85 8849362909592331782176057897
9 13 86 3999425378911449918974535960
9 13 87 1700906427928098283012552555
9 13 88 680900203804836082976713056
9 13 89 256623762435038381382797414
9 13 90 91067677897533982468711542
9 13 91 30427827972382267113026731
9 13 92 9570483447191817887412461
9 13 93 2832650878364781166828696
9 13 94 788504269737274053170705
9 13 95 206267588026677556580459
9 13 96 50656999397846929860460
9 13 97 11665107602976441600812
9 13 98 2514911656072774524418
9 13 99 506709142611332663699
9 13 100 95208023476354195733
9 13 101 16641236589045496847
9 13 102 2697939016367084255
9 13 103 404333480401886065
9 13 104 55793771367039241
9 13 105 7055824355669231
9 13 106 813272293405514
9 13 107 84879175043380
9 13 108 7958056635089
9 13 109 663816575454
9 13 110 48672167584
9 13 111 3088939222
9 13 112 166270919
9 13 113 7382398
9 13 114 259626
9 13 115 6782
9 13 116 117
9 13 117 1
10 12 21 1343356
10 12 22 34062436
10 12 23 473943388
10 12 24 4801385974
10 12 25 39629157184
10 12 26 282659100282
10 12 27 1804652115716
10 12 28 10550202422692
10 12 29 57353780125664
10 12 30 293114038495104
10 12 31 1419555609521304
10 12 32 6554192635968576
10 12 33 28983186693476472
10 12 34 123198743140803878
10 12 35 504829151731705164
10 12 36 1998709766671368434
10 12 37 7659605316951907824
10 12 38 28453157038376992220
10 12 39 102564695292399950184
10 12 40 359059781584632037158
10 12 41 1221505766878488887888
10 12 42 4039786373685064303096
10 12 43 12991477216736899399388
10 12 44 40629291691293262782168
10 12 45 123564493310138868774000
10 12 46 365403761098896119722758
10 12 47 1050493113824315140766744
10 12 48 2935220455264905261750036
10 12 49 7968506026427976793157892
10 12 50 21010742585868929051726234
10 12 51 53784187417416879554917108
10 12 52 133603933064908353756080916
10 12 53 321900099785516687949165636
10 12 54 751846621914186143815849252
10 12 55 1701357055943697652900749880
10 12 56 3727806626061349026600027993
10 12 57 7903457279382559758248850060
10 12 58 16202413159397826183704029020
10 12 59 32093072819630150933580210916
10 12 60 61370165706368425420543632632
10 12 61 113197401281402726186394783680
10 12 62 201205206381358453578203227824
10 12 63 344291418584398302323140608780
10 12 64 566535570856200397776734040006
10 12 65 895448484870299438994795126172
10 12 66 1357793832909015367067007465022
10 12 67 1972624199185768197882343902552
10 12 68 2742092760676058930129103278524
10 12 69 3641943961580039707004890505812
10 12 70 4614928514303420129705148429188
10 12 71 5570990216494718458644479909928
10 12 72 6397150734163868591121898891518
10 12 73 6977247872027661531042503324012
10 12 74 7217685831732543696875579905550
10 12 75 7071779515338638124978281754380
10 12 76 6554153612937484990448602645238
10 12 77 5739221802287705106990902328748
10 12 78 4743410885784496463538864299440
10 12 79 3697029707571898608468767330708
10 12 80 2715434114418050439405587283215
10 12 81 1878578137506609063218300067528
10 12 82 1223720265456822108543735153102
10 12 83 750469542795476112210056807720
10 12 84 433297010423966568474690149824
10 12 85 235560036647294877167136867396
10 12 86 120611051621526606608720159918
10 12 87 58180573221578975150659050288
10 12 88 26449873030310961304010147492
10 12 89 11336278260965354996286435680
10 12 90 4581916393300180212460886424
10 12 91 1746826320020066623663636392
10 12 92 628245830469668417090199352
10 12 93 213148821045576444826738912
10 12 94 68209000205414639967327314
10 12 95 20580998377917761272128376
10 12 96 5852482701933330023310112
10 12 97 1567337287732841288216672
10 12 98 394951958864132285913580
10 12 99 93540891139632134655932
10 12 100 20794478664013591208412
10 12 101 4331984090038759904796
10 12 102 844109694798681001948
10 12 103 153507232545340202604
10 12 104 25987651273210579949
10 12 105 4083439370582821964
10 12 106 593486850958254090
10 12 107 79465832681115004
10 12 108 9756518963356152
10 12 109 1092319124851876
10 12 110 110785137864946
10 12 111 10098155039068
10 12 112 819245517005
10 12 113 58444441172
10 12 114 3610139146
10 12 115 189203428
10 12 116 8181736
10 12 117 280324
10 12 118 7136
10 12 119 120
10 12 120 1
11 11 21 1477721
11 11 22 37237628
11 11 23 515179152
11 11 24 5192128249
11 11 25 42655407637
11 11 26 303007367134
11 11 27 1927895059882
11 11 28 11239192324856
11 11 29 60970190626516
11 11 30 311156036915938
11 11 31 1505879951806950
11 11 32 6952924266025954
11 11 33 30769615431485444
11 11 34 130987597113927630
11 11 35 537946627750652522
11 11 36 2136189008864278974
11 11 37 8217036558903397553
11 11 38 30660449745523501402
11 11 39 111096145668521412116
11 11 40 391223535712814409524
11 11 41 1339684155605774191825
11 11 42 4462631513237920822314
11 11 43 14463663075390243839652
11 11 44 45613330237374418883827
11 11 45 139961834674393269001338
11 11 46 417801007447474008559594
11 11 47 1213042135321388255243592
11 11 48 3424571308458688077696178
11 11 49 9397564720429273679315391
11 11 50 25057574647521261847774986
11 11 51 64892800949053661243015258
11 11 52 163151791485906002373859545
11 11 53 398028950908597635289364944
11 11 54 941759985931327949890996156
11 11 55 2159876482052319806879886600
11 11 56 4798716967615951095469229051
11 11 57 10321813629528625912615029758
11 11 58 21479772869009187335684517892
11 11 59 43214891639228534862996878124
11 11 60 83990791489829223272961644531
11 11 61 157566537300436579105000230620
11 11 62 285064513197400614250632631318
11 11 63 496882173976240362420160553820
11 11 64 833583428273365982644486961267
11 11 65 1344477537665553732515234682446
11 11 66 2082375881228727148350888283286
11 11 67 3093338745806225019968740034516
11 11 68 4401405024592700256121609327968
11 11 69 5990420164005410680510948378458
11 11 70 7787715517566311112547143615034
11 11 71 9656470121608668823885964804024
11 11 72 11403606296256176274803943980432
11 11 73 12806828297293502273500514623974
11 11 74 13657990295006022267937802562106
11 11 75 13812409123732729739136700286022
11 11 76 13228602474468464637893783733527
11 11 77 11983656154810736960536993145010
11 11 78 10256988409623787956707121482126
11 11 79 8286951139156619184722086626224
11 11 80 6315035258578154068692737205842
11 11 81 4536301744944653620822350669089
11 11 82 3070375175326716465257646867376
11 11 83 1957672180764777126594808117234
11 11 84 1175751123660837517469885311757
11 11 85 665195500226408497692246857425
11 11 86 354589092503708855578173541198
11 11 87 178141726455477228040756957838
11 11 88 84375288136969966901050194193
11 11 89 37690031576319136694419813820
11 11 90 15883389263177942573020730118
11 11 91 6316637675115882461787769018
11 11 92 2371041462020093605810264546
11 11 93 840115902617712020399139860
11 11 94 280973411506515769167167148
11 11 95 88681088367879072627497492
11 11 96 26404539873293649275946585
11 11 97 7412636193101278494042264
11 11 98 1960629367851906955811706
11 11 99 488136898872424317008082
11 11 100 114264716465510627719042
11 11 101 25113515128929383659420
11 11 102 5173908916078147640358
11 11 103 997278390471668067378
11 11 104 179446873766553050370
11 11 105 30064882567134085814
11 11 106 4676197615966358386
11 11 107 672875505981216692
11 11 108 89215025139780547
11 11 109 10848220305643793
11 11 110 1203058518709794
11 11 111 120880362727532
11 11 112 10917241401183
11 11 113 877682828506
11 11 114 62054327356
11 11 115 3799335908
11 11 116 197385048
11 11 117 8462059
11 11 118 287460
11 11 119 7256
11 11 120 121
11 11 121 1
1 22 22 1
2 21 22 80
2 21 23 1446
2 21 24 15648
2 21 25 113290
2 21 26 581184
2 21 27 2184462
2 21 28 6140800
2 21 29 13079250
2 21 30 21278640
2 21 31 26572086
2 21 32 25534368
2 21 33 18892250
2 21 34 10746400
2 21 35 4680990
2 21 36 1549824
2 21 37 385186
2 21 38 70416
2 21 39 9158
2 21 40 800
2 21 41 42
2 21 42 1
3 20 22 1538
3 20 23 44346
3 20 24 683884
3 20 25 7153392
3 20 26 56093648
3 20 27 349363584
3 20 28 1794797807
3 20 29 7804513180
3 20 30 29242139248
3 20 31 95577600088
3 20 32 274851560580
3 20 33 699520713510
3 20 34 1581904311462
3 20 35 3186245755466
3 20 36 5722300588290
3 20 37 9162852005322
3 20 38 13067654538270
3 20 39 16566401872610
3 20 40 18619110806883
3 20 41 18491818985202
3 20 42 16170344284482
3 20 43 12403387961306
3 20 44 8314371537692
3 20 45 4853641302912
3 20 46 2459600152570
3 20 47 1078807328494
3 20 48 408394514338
3 20 49 133041066022
3 20 50 37167379988
3 20 51 8865560526
3 20 52 1795043245
3 20 53 306034996
3 20 54 43441232
3 20 55 5052382
3 20 56 470263
3 20 57 33790
3 20 58 1766
3 20 59 60
3 20 60 1
4 19 22 10450
4 19 23 350714
4 19 24 6252892
4 19 25 76418848
4 19 26 710703678
4 19 27 5336526496
4 19 28 33632700660
4 19 29 182851539910
4 19 30 875067421234
4 19 31 3743088025450
4 19 32 14479991906168
4 19 33 51121371681602
4 19 34 165871250694368
4 19 35 497257275059610
4 19 36 1382737839144938
4 19 37 3576505190344910
4 19 38 8620619863542504
4 19 39 19383670321718758
4 19 40 40674265806247952
4 19 41 79636182575626150
4 19 42 145382550734955624
4 19 43 247192555663007370
4 19 44 390852816465673846
4 19 45 573611620608595162
4 19 46 779607421356297374
4 19 47 978784629381968458
4 19 48 1132005350801581524
4 19 49 1202496975663284754
4 19 50 1169716152674184866
4 19 51 1038791045752829522
4 19 52 839776710519452574
4 19 53 616328577337267160
4 19 54 409659062050861048
4 19 55 246088993632389118
4 19 56 133375591447314384
4 19 57 65129577520784164
4 19 58 28623365809330364
4 19 59 11311006869975622
4 19 60 4015458822063092
4 19 61 1279352166727684
4 19 62 365355830434092
4 19 63 93362173515290
4 19 64 21298085648338
4 19 65 4323620144194
4 19 66 777753571616
4 19 67 123271074572
4 19 68 17085883202
4 19 69 2050321474
4 19 70 210166856
4 19 71 18064826
4 19 72 1268372
4 19 73 69958
4 19 74 2846
4 19 75 76
4 19 76 1
5 18 22 47648
5 18 23 1547826
5 18 24 27391926
5 18 25 342769098
5 18 26 3356268651
5 18 27 27155130918
5 18 28 187951566860
5 18 29 1140241503236
5 18 30 6173717376006
5 18 31 30250413752460
5 18 32 135613336159455
5 18 33 561121184290268
5 18 34 2158024028614975
5 18 35 7758609358289248
5 18 36 26197198439463729
5 18 37 83387298629414398
5 18 38 250972804862136568
5 18 39 715921846127431512
5 18 40 1939120463014739245
5 18 41 4993629407845468792
5 18 42 12237064894320736652
5 18 43 28548728911645334050
5 18 44 63413332873045373633
5 18 45 134073809151202671228
5 18 46 269664360914066314611
5 18 47 515511695102173108226
5 18 48 935601539283994551689
5 18 49 1609814723928838314830
5 18 50 2621751739662336541367
5 18 51 4034123704073724035972
5 18 52 5853072426954434081566
5 18 53 7990354806401907532984
5 18 54 10240341615278167557587
5 18 55 12291663419238391695990
5 18 56 13785283644846094783489
5 18 57 14410811649196599895686
5 18 58 14008960260850550392597
5 18 59 12635284371485454788910
5 18 60 10551272409542677228521
5 18 61 8141939168193690856848
5 18 62 5795870459997819246735
5 18 63 3800648686536264506182
5 18 64 2293232470933682273479
5 18 65 1272077606802349261848
5 18 66 648317774195006303961
5 18 67 303455178934462376066
5 18 68 130412636231023630801
5 18 69 51449335310818527772
5 18 70 18628860539982280696
5 18 71 6188841047616423400
5 18 72 1885564453536238406
5 18 73 526455410609462736
5 18 74 134555002898015352
5 18 75 31433987929198998
5 18 76 6698484105194884
5 18 77 1298592261839926
5 18 78 228243793976398
5 18 79 36212819327352
5 18 80 5157885391620
5 18 81 654948915016
5 18 82 73491647404
5 18 83 7205271782
5 18 84 608186638
5 18 85 43333712
5 18 86 2535834
5 18 87 117082
5 18 88 4001
5 18 89 90
5 18 90 1
6 17 22 162524
6 17 23 5022186
6 17 24 84627942
6 17 25 1022262294
6 17 26 9848276838
6 17 27 79980427620
6 17 28 566181975772
6 17 29 3572326487486
6 17 30 20412087892076
6 17 31 106898274094492
6 17 32 517918339574276
6 17 33 2338876015809176
6 17 34 9904968379700606
6 17 35 39534743890070870
6 17 36 149346803987569948
6 17 37 535815573778958380
6 17 38 1831044630973218633
6 17 39 5974438482531871228
6 17 40 18649953970468371208
6 17 41 55789037412556559926
6 17 42 160131123305496924976
6 17 43 441463468176347262122
6 17 44 1169833085866184976799
6 17 45 2981061687032123052360
6 17 46 7307016401955348457299
6 17 47 17228077350330574886104
6 17 48 39063614427825244175273
6 17 49 85146687325697564173120
6 17 50 178302332798597666695511
6 17 51 358419726327402155764462
6 17 52 690949144702473935194808
6 17 53 1275911193618539381494888
6 17 54 2253973797619314050067159
6 17 55 3803684803553959078333056
6 17 56 6122188607367824213693235
6 17 57 9382700617788020856008654
6 17 58 13667871868316155198006834
6 17 59 18889773580817606839929126
6 17 60 24721923368781544610535293
6 17 61 30579374138802653513837374
6 17 62 35679645749095890759319354
6 17 63 39193742907787118390221816
6 17 64 40456778937636810557194095
6 17 65 39169367508060016699392758
6 17 66 35508059637419242253042016
6 17 67 30090771346484604209275866
6 17 68 23803288255466108306487868
6 17 69 17554636432261188815735798
6 17 70 12057134389555918839981157
6 17 71 7706144631325858687215298
6 17 72 4580486048950897940170700
6 17 73 2531040610777233473332906
6 17 74 1299903729757729138039719
6 17 75 620472002845692909870210
6 17 76 275263820190694661410768
6 17 77 113508635996337046946512
6 17 78 43510545147115697073538
6 17 79 15504278883372704950922
6 17 80 5135178294119057263831
6 17 81 1580484835106057139762
6 17 82 451801916919424191526
6 17 83 119869665059898552882
6 17 84 29486506333101408330
6 17 85 6715641567296019092
6 17 86 1413592921386709323
6 17 87 274381610548194590
6 17 88 48974181714766984
6 17 89 8010791722989446
6 17 90 1195831118672283
6 17 91 162087196520602
6 17 92 19825654681367
6 17 93 2171765525400
6 17 94 211068010237
6 17 95 17985310856
6 17 96 1323411908
6 17 97 82416656
6 17 98 4225167
6 17 99 171254
6 17 100 5147
6 17 101 102
6 17 102 1
7 16 22 433814
7 16 23 12780498
7 16 24 205199710
7 16 25 2373814598
7 16 26 22098437840
7 16 27 175383793256
7 16 28 1228176679642
7 16 29 7759639787140
7 16 30 44915748798484
7 16 31 240864952473642
7 16 32 1206788977980180
7 16 33 5686401437131358
7 16 34 25333125557329048
7 16 35 107166600902762482
7 16 36 432015599502951700
7 16 37 1664569111288510112
7 16 38 6145419296299538198
7 16 39 21785154063627816964
7 16 40 74283992146692382112
7 16 41 244003206384940621450
7 16 42 773021315550161989488
7 16 43 2364366500038910386992
7 16 44 6987286434260592454904
7 16 45 19963399253955614762078
7 16 46 55166965329631574340142
7 16 47 147488538434215087686580
7 16 48 381523480393745832994554
7 16 49 954891098869988238281754
7 16 50 2311963115620625958877530
7 16 51 5413383098210626668501678
7 16 52 12252569115179638902283536
7 16 53 26792366997480484114812256
7 16 54 56561717836395651723554462
7 16 55 115189454206868082730963772
7 16 56 226091155108911751473405312
7 16 57 427258449444951877870255656
7 16 58 776507331671901652320682030
7 16 59 1355560437708800298899953242
7 16 60 2270092436859456067377840268
7 16 61 3641818206267444039087840746
7 16 62 5588707502123167578229240082
7 16 63 8191526786704155865849996284
7 16 64 11449819037403349840302229232
7 16 65 15237557729035074973450226522
7 16 66 19275510299879131208890875678
7 16 67 23139569923803322116608769780
7 16 68 26317832436736934861088237470
7 16 69 28313053586087708873485879060
7 16 70 28766076637339653358910804112
7 16 71 27559874644458608070005526732
7 16 72 24863537366654935842507483004
7 16 73 21094853105883017397364042170
7 16 74 16812026946468175272400561388
7 16 75 12573847645196602557613575736
7 16 76 8818093029941794209061745494
7 16 77 5795301597317152323019818408
7 16 78 3567721881063955418378286494
7 16 79 2056911815386814028889477926
7 16 80 1110490494155168591143313608
7 16 81 561447884098504199053434728
7 16 82 265865130178999938255992528
7 16 83 117938731741648887790112576
7 16 84 49021495982990902126364690
7 16 85 19095539377721674521792750
7 16 86 6971787815399144123175916
7 16 87 2385780360151212654140328
7 16 88 765137028682110661842064
7 16 89 229904176964615325736694
7 16 90 64691261201842786424524
7 16 91 17034596999001747358674
7 16 92 4193671739110118895390
7 16 93 964056124671279868354
7 16 94 206628884726147904030
7 16 95 41214193565791797246
7 16 96 7632865664845677964
7 16 97 1309000310369975428
7 16 98 207208789270822080
7 16 99 30160493168908456
7 16 100 4018525275306754
7 16 101 487475791261932
7 16 102 53492229972240
7 16 103 5268409766298
7 16 104 461259311028
7 16 105 35470800468
7 16 106 2359314634
7 16 107 133012998
7 16 108 6181762
7 16 109 227434
7 16 110 6212
7 16 111 112
7 16 112 1
8 15 22 929918
8 15 23 26298834
8 15 24 405482910
8 15 25 4518411654
8 15 26 40710232914
8 15 27 314574510700
8 15 28 2159513298282
8 15 29 13473827001686
8 15 30 77602441689648
8 15 31 417173598277510
8 15 32 2110430606921790
8 15 33 10110042064386386
8 15 34 46088280214193650
8 15 35 200718399801623376
8 15 36 837777413630068000
8 15 37 3360122097124433146
8 15 38 12978119910960460924
8 15 39 48359951324834084414
8 15 40 174113689971564798306
8 15 41 606453532593638880700
8 15 42 2045637702610982944354
8 15 43 6687935985967853068888
8 15 44 21207010277436550728422
8 15 45 65255368654277023738398
8 15 46 194925186917138294379318
8 15 47 565386014365973427691368
8 15 48 1592602225537057538129320
8 15 49 4356797631764265653838284
8 15 50 11574277949623941508033810
8 15 51 29854798196765158169107416
8 15 52 74750866448093060714022006
8 15 53 181614745515352376946585204
8 15 54 427990402315376999427781704
8 15 55 977790566490088782443747336
8 15 56 2164382010857708368303365802
8 15 57 4638876975214685548382382694
8 15 58 9619777487341180534127478820
8 15 59 19285946837240565851175024858
8 15 60 37347346983724520269538348692
8 15 61 69792615517336032400347962616
8 15 62 125732558791321153947179338726
8 15 63 218123562286250781588548986502
8 15 64 363976508503263322907106645256
8 15 65 583488473260562489022001564514
8 15 66 897482885283005721560882254542
8 15 67 1322752886185311442841761039228
8 15 68 1865491433674027426617043724150
8 15 69 2513947912016658797274934556654
8 15 70 3232522700191916576066630574358
8 15 71 3960184738192582324311490777414
8 15 72 4615754044215676769061158705150
8 15 73 5110856597309890950051363667962
8 15 74 5368499009130750955797582187956
8 15 75 5342289873883825973737092411446
8 15 76 5029876081801083313562870953136
8 15 77 4475327358538126015607692518992
8 15 78 3758932763833228256096189246342
8 15 79 2977637050086068672125692837480
8 15 80 2222845059214551674454096642174
8 15 81 1562829814424726619745609931868
8 15 82 1034398186972411007197735733068
8 15 83 644344216986826164580481613958
8 15 84 377702545871911023419821701160
8 15 85 208348510816940338516808206894
8 15 86 108166903645530078663274173900
8 15 87 52863065595208694199773138390
8 15 88 24326295379007139458033122320
8 15 89 10543471510473919461956958466
8 15 90 4305124586741034916534424282
8 15 91 1656421960687794043064316896
8 15 92 600611647202761822877295832
8 15 93 205240314018365722754433188
8 15 94 66089217856458374930380898
8 15 95 20048680097210814605885026
8 15 96 5727218190007195971704340
8 15 97 1539713125487500153655242
8 15 98 389243951096620512384974
8 15 99 92436290843171080202588
8 15 100 20594467912018811402912
8 15 101 4298147315075208840136
8 15 102 838772978796779148054
8 15 103 152724846684928057142
8 15 104 25881446134275585200
8 15 105 4070155498236740572
8 15 106 591965070658860240
8 15 107 79307314574543720
8 15 108 9741634761419212
8 15 109 1091072500737874
8 15 110 110693190666114
8 15 111 10092277976324
8 15 112 818926681438
8 15 113 58430168516
8 15 114 3609632990
8 15 115 189190094
8 15 116 8181504
8 15 117 280322
8 15 118 7136
8 15 119 120
8 15 120 1
9 14 22 1627580
9 14 23 44577186
9 14 24 666366624
9 14 25 7215571450
9 14 26 63358384980
9 14 27 478772796016
9 14 28 3226574592574
9 14 29 19846337002702
9 14 30 113186960343435
9 14 31 605276623687210
9 14 32 3060004219639240
9 14 33 14716184200479618
9 14 34 67648418685707522
9 14 35 298369294498513306
9 14 36 1266494110817103343
9 14 37 5186492590597898206
9 14 38 20532353875932042058
9 14 39 78706953128560293642
9 14 40 292537876064832252696
9 14 41 1055413150814274087252
9 14 42 3699294260334413637792
9 14 43 12605976795253887201408
9 14 44 41786077280349767894813
9 14 45 134790641280305975689912
9 14 46 423236151443172255621296
9 14 47 1293822359609266274786890
9 14 48 3850938811625655979030349
9 14 49 11159671588029078041920146
9 14 50 31483802651151504931941587
9 14 51 86457116691853075036734144
9 14 52 231041743907588334107972874
9 14 53 600659715108463001283328094
9 14 54 1518668060157701164256738316
9 14 55 3732661794035417084065375396
9 14 56 8914543871464793859234529983
9 14 57 20676941121339019381545229756
9 14 58 46552283731767100034641341981
9 14 59 101672338630329074630839441682
9 14 60 215273047376255488954621127280
9 14 61 441567536305023340231908243292
9 14 62 876794549026516920192119449179
9 14 63 1683994205777569203795628737822
9 14 64 3125717603965244048979246996100
9 14 65 5601761163492950740917301105724
9 14 66 9683649907542850277273160309535
9 14 67 16130274641370458868893579911282
9 14 68 25861646822614579184455218838628
9 14 69 39864079241204547300581343311892
9 14 70 59005866287408372785042050432301
9 14 71 83763102313124817626536745595712
9 14 72 113891949422828388050718036171339
9 14 73 148129229968316680430903827205500
9 14 74 184039732011674584827944317015397
9 14 75 218131150101071934059986682575960
9 14 76 246305705135131123642341700364359
9 14 77 264611171523253246807848718849638
9 14 78 270124644028415749347565676572494
9 14 79 261707398166940405562819637310754
9 14 80 240366546916054659203356876427787
9 14 81 209071348521473166419380425588212
9 14 82 172062973415230259553594026182795
9 14 83 133882237452567019970469984628736
9 14 84 98432019374098793735904241201393
9 14 85 68348731294691274819848056877682
9 14 86 44810024277103109071966572452324
9 14 87 27733516195229679482019759841610
9 14 88 16203646697637484156412748809063
9 14 89 8938038171570074281360553412508
9 14 90 4655614852164113354911437075196
9 14 91 2290496204703307183033824409286
9 14 92 1064701715686119047310986877155
9 14 93 467738707946843519023298490458
9 14 94 194257241030046576524924525834
9 14 95 76286891665591433889192562936
9 14 96 28332815438172064388419874299
9 14 97 9952304958565677376524901376
9 14 98 3306202211425624376320891549
9 14 99 1038552228827648491547118738
9 14 100 308375324117051987230764169
9 14 101 86511691578452942272823040
9 14 102 22915683420917643268730208
9 14 103 5726572990246095701029914
9 14 104 1348710019434237883374613
9 14 105 299000725750484775748554
9 14 106 62305507567806505103221
9 14 107 12182740649149572340176
9 14 108 2230864537067626722773
9 14 109 381700791817830927380
9 14 110 60863198954974589022
9 14 111 9016813783336051062
9 14 112 1236793285713481338
9 14 113 156430383743484588
9 14 114 18157803746787868
9 14 115 1923524842861638
9 14 116 184731981672893
9 14 117 15956188541648
9 14 118 1227509650434
9 14 119 83091970952
9 14 120 4873166779
9 14 121 242627748
9 14 122 9972885
9 14 123 324958
9 14 124 7871
9 14 125 126
9 14 126 1
10 13 22 2351088
10 13 23 62990194
10 13 24 922233796
10 13 25 9795964986
10 13 26 84529035934
10 13 27 628950671608
10 13 28 4182666986724
10 13 29 25446410885434
10 13 30 143894642584550
10 13 31 764913894077932
10 13 32 3854112316495862
10 13 33 18521916209679320
10 13 34 85306556938313521
10 13 35 377965488608669762
10 13 36 1615851751678754970
10 13 37 6681635944837158394
10 13 38 26776146739977914546
10 13 39 104156762557165313478
10 13 40 393783439680166541607
10 13 41 1448445789984929133210
10 13 42 5187651203832278439335
10 13 43 18102153983625017454066
10 13 44 61571200664561416868539
10 13 45 204196855036893650176066
10 13 46 660432106584623259821614
10 13 47 2083306699585469682422828
10 13 48 6409483802061768084260655
10 13 49 19231035178178797797478664
10 13 50 56263615351370310581529767
10 13 51 160475282596546626249343834
10 13 52 446100017322630510850831080
10 13 53 1208282482697833779693453024
10 13 54 3187631138752522716469611547
10 13 55 8187783173295896247700965552
10 13 56 20468396091819280303871471609
10 13 57 49776770115695796505853312612
10 13 58 117702869436862287219766127492
10 13 59 270484491505118553738616736906
10 13 60 603747228297023585955799317554
10 13 61 1308193408651786010169371252894
10 13 62 2749934748975705919793444182920
10 13 63 5604255122495461017827223846840
10 13 64 11064977347118183105474628489518
10 13 65 21149089283449246723152011159174
10 13 66 39101269775838614673213963374828
10 13 67 69867427187100322035123697743506
10 13 68 120544193089989215395634191620862
10 13 69 200624634203436897555158546792880
10 13 70 321768225090702129756802636874013
10 13 71 496768097407889738136343763626076
10 13 72 737435231381957350170678141130373
10 13 73 1051334245854032505587445413538484
10 13 74 1437716795876331775289094585927513
10 13 75 1883543623187079126983059124932144
10 13 76 2360977736338818320045948826734558
10 13 77 2827883053934799679143150134608614
10 13 78 3232404412179649736653536434796804
10 13 79 3521560583485340794819809024227894
10 13 80 3652225405407216377043901554806794
10 13 81 3601523050287135693491756778298620
10 13 82 3373248940262662690304254176766913
10 13 83 2997876844080762372440531184652692
10 13 84 2525816467609456619932701231258086
10 13 85 2015987851048573517090874169361992
10 13 86 1523380848864114869796895840588210
10 13 87 1089340024297696852912222897042434
10 13 88 736913997153549496171500739846916
10 13 89 471514018654833131763163742957086
10 13 90 285351804837447704915260889060286
10 13 91 163346386368792975278725054253686
10 13 92 88462293178890304253538624492142
10 13 93 45335178122495157862788817171422
10 13 94 21992273831980578771469917672498
10 13 95 10101839569279180531023195556694
10 13 96 4395022077192483836303587822562
10 13 97 1811641856720813947055591502776
10 13 98 707669036285880299521793441071
10 13 99 261997315866989360991720515444
10 13 100 91937586708490658653122533818
10 13 101 30576782536919158776132461262
10 13 102 9636343054985133676936151098
10 13 103 2876840473929436164023955330
10 13 104 813207756814291981440451973
10 13 105 217521734284826476282506846
10 13 106 55015186656131325648209419
10 13 107 13144090595786393333451524
10 13 108 2963169710895019839460213
10 13 109 629484646398675270176462
10 13 110 125819492014830470233966
10 13 111 23619667153221829292606
10 13 112 4156013309517288729727
10 13 113 683820230915640821628
10 13 114 104931213510332121042
10 13 115 14970226177792172532
10 13 116 1978667360833051020
10 13 117 241298706502533298
10 13 118 27020761855076658
10 13 119 2762869496938446
10 13 120 256240477830721
10 13 121 21383582370382
10 13 122 1590058395091
10 13 123 104079352198
10 13 124 5904791800
10 13 125 284500146
10 13 126 11320444
10 13 127 357202
10 13 128 8381
10 13 129 130
10 13 130 1
11 12 22 2821370
11 12 23 74747106
11 12 24 1083000374
11 12 25 11393420862
11 12 26 97455519152
11 12 27 719467184238
11 12 28 4751940538284
11 12 29 28742526821780
11 12 30 161772382035116
11 12 31 856902392477588
11 12 32 4307360350586864
11 12 33 20675533783267900
11 12 34 95226420573470084
11 12 35 422429886339438084
11 12 36 1810326410462712384
11 12 37 7513079033915851356
11 12 38 30254500802169163810
11 12 39 118402551420388501410
11 12 40 450902414798345614760
11 12 41 1672592348728364568064
11 12 42 6048117492520838082800
11 12 43 21331639973862027872838
11 12 44 73414240115108883313318
11 12 45 246606090706614694837852
11 12 46 808642635572193643568388
11 12 47 2588543261841716222282688
11 12 48 8088697823267816307904564
11 12 49 24670196923144359972250576
11 12 50 73427222665132452597795726
11 12 51 213220679760177016094103984
11 12 52 603903693429201335129975405
11 12 53 1667763795750492414916781810
11 12 54 4489296745190301959038066206
11 12 55 11774297104335960123875033266
11 12 56 30076623386941964645681760112
11 12 57 74795256501581136669876031032
11 12 58 180997431121078327495671208424
11 12 59 426005589536411334872868827512
11 12 60 974724509279992284618809740817
11 12 61 2166897935305596662348708628598
11 12 62 4677752841044911408200619829720
11 12 63 9799757126448642620239313137372
11 12 64 19910991821561349050853704628705
11 12 65 39207778479401787233467621575214
11 12 66 74771490988613414086276063522618
11 12 67 137989532589870952368132696523018
11 12 68 246230757385169906196584936854546
11 12 69 424464336861937322024320146222526
11 12 70 706213188088794886835782506936784
11 12 71 1132909262674534420542819093327416
11 12 72 1750509169632213326920816355154027
11 12 73 2602352343096060424710144712903486
11 12 74 3717933623906554587233962688420492
11 12 75 5098633776261194595406508567620008
11 12 76 6703327025366470340225260904096543
11 12 77 8438564021051958649358934316539908
11 12 78 10158749773501606410107353536901890
11 12 79 11680429838639857942013388525041888
11 12 80 12811086967819430460491014071315831
11 12 81 13387508713955876083518058235388268
11 12 82 13313821383303902920238866025633958
11 12 83 12587229833513311663039799621221406
11 12 84 11302073025865746033743868074030395
11 12 85 9629652366115599973179485315175496
11 12 86 7779754504103507197352764942281348
11 12 87 5956087476253392483420231032752118
11 12 88 4319116996085055001525725741604898
11 12 89 2965711406803838993808912592796752
11 12 90 1927902285974956472983730418137980
11 12 91 1186431228963256740656785449255586
11 12 92 691244455654308067047226721584650
11 12 93 381351315593229820218154049640682
11 12 94 199264286750156930928341799028530
11 12 95 98644499241777245597974994746094
11 12 96 46280185742261388630693592418271
11 12 97 20584270370918476220488565791272
11 12 98 8682047609746004427506071751584
11 12 99 3473457581184681731487661538352
11 12 100 1318352612661453404150191188269
11 12 101 474754999398887140450030331768
11 12 102 162207185901311303384523073128
11 12 103 52574805341757508312648707958
11 12 104 16161536205432762909943830543
11 12 105 4709963185312958938280539764
11 12 106 1300629712504648593648159124
11 12 107 340093298072219947518536844
11 12 108 84137522625649535773250707
11 12 109 19674129907252427924280384
11 12 110 4343155271252363966037596
11 12 111 903911099053569576368228
11 12 112 177081044363183454686822
11 12 113 32595605207712497598712
11 12 114 5625851364390425353722
11 12 115 908307746340777164254
11 12 116 136810431834818171767
11 12 117 19164656867521352750
11 12 118 2487884709074030522
11 12 119 298068745642767580
11 12 120 32800120053939603
11 12 121 3296558080897244
11 12 122 300587468211072
11 12 123 24667273279698
11 12 124 1804101295094
11 12 125 116172770282
11 12 126 6485096542
11 12 127 307497982
11 12 128 12043227
11 12 129 374094
11 12 130 8642
11 12 131 132
11 12 132 1
1 23 23 1
2 22 23 84
2 22 24 1602
2 22 25 18392
2 22 26 142130
2 22 27 783564
2 22 28 3188738
2 22 29 9785072
2 22 30 22952610
2 22 31 41517060
2 22 32 58227906
2 22 33 63521352
2 22 34 53972178
2 22 35 35704060
2 22 36 18347010
2 22 37 7288544
2 22 38 2220098
2 22 39 511668
2 22 40 87362
2 22 41 10680
2 22 42 882
2 22 43 44
2 22 44 1
3 21 23 1699
3 21 24 51800
3 21 25 847288
3 21 26 9425147
3 21 27 78761229
3 21 28 523540023
3 21 29 2873805778
3 21 30 13366735704
3 21 31 53639104110
3 21 32 188079103849
3 21 33 581460218916
3 21 34 1595205397062
3 21 35 3901233404479
3 21 36 8530969871196
3 21 37 16710390020935
3 21 38 29341122081316
3 21 39 46170312893203
3 21 40 65038338186426
3 21 41 81864967471377
3 21 42 91849948571945
3 21 43 91586492585607
3 21 44 80897563871930
3 21 45 63082443021264
3 21 46 43279385026746
3 21 47 26040977645529
3 21 48 13700880260251
3 21 49 6285944735890
3 21 50 2508427486977
3 21 51 868362759254
3 21 52 260014350685
3 21 53 67102999766
3 21 54 14857097906
3 21 55 2804759943
3 21 56 447685658
3 21 57 59717856
3 21 58 6548488
3 21 59 576358
3 21 60 39258
3 21 61 1949
3 21 62 63
3 21 63 1
4 20 23 12120
4 20 24 430696
4 20 25 8142900
4 20 26 105646052
4 20 27 1043664640
4 20 28 8325942914
4 20 29 55744495624
4 20 30 321896688446
4 20 31 1635895343564
4 20 32 7430316313222
4 20 33 30525009837996
4 20 34 114485826602204
4 20 35 394874575764608
4 20 36 1259589660702758
4 20 37 3731887218221100
4 20 38 10302489650630826
4 20 39 26561638166429024
4 20 40 64049877642889454
4 20 41 144578989210946900
4 20 42 305598345735706714
4 20 43 604763771710356616
4 20 44 1119843258397408212
4 20 45 1938419913756769212
4 20 46 3132476294817516630
4 20 47 4718090399906791008
4 20 48 6610637498113869866
4 20 49 8597338504268585840
4 20 50 10353230694281289974
4 20 51 11514668807545291552
4 20 52 11795474346673936928
4 20 53 11098808987556580800
4 20 54 9566689069686547098
4 20 55 7534472077921941268
4 20 56 5409023641597645994
4 20 57 3532183460546051460
4 20 58 2094309787335423162
4 20 59 1125803245376716512
4 20 60 548003920245840364
4 20 61 241312742596052268
4 20 62 96048567886526080
4 20 63 34527916340183304
4 20 64 11200485485360116
4 20 65 3275029086420432
4 20 66 861939890793198
4 20 67 203787137731128
4 20 68 43169855709242
4 20 69 8165496932900
4 20 70 1372780851152
4 20 71 203911794656
4 20 72 26552809640
4 20 73 3000087052
4 20 74 290098276
4 20 75 23561572
4 20 76 1565402
4 20 77 81800
4 20 78 3156
4 20 79 80
4 20 80 1
5 19 23 58275
5 19 24 2005816
5 19 25 37610918
5 19 26 498526745
5 19 27 5168267079
5 19 28 44249123389
5 19 29 323897330105
5 19 30 2076904800440
5 19 31 11879601907814
5 19 32 61467237863624
5 19 33 290905337834850
5 19 34 1270544970338391
5 19 35 5158170624716979
5 19 36 19580871913804296
5 19 37 69839388600990414
5 19 38 234975863514193248
5 19 39 748179788793259826
5 19 40 2260394339917131817
5 19 41 6493212024649718826
5 19 42 17763449097946187422
5 19 43 46333791983170333250
5 19 44 115322639775444988010
5 19 45 274011226483719613681
5 19 46 621598937614303539112
5 19 47 1346055006122915967131
5 19 48 2781186117683464592979
5 19 49 5479069518787633466421
5 19 50 10282224137563505045021
5 19 51 18359963351205961055095
5 19 52 31151322679618877527325
5 19 53 50146242295081087670701
5 19 54 76458234448403494966541
5 19 55 110214455871984042464773
5 19 56 149910716570374232360092
5 19 57 192006296712449179807472
5 19 58 231081540784722435818053
5 19 59 260761505597406461485207
5 19 60 275302413575897063296698
5 19 61 271356306590868545948169
5 19 62 249196094766906574251633
5 19 63 212800788780191791479704
5 19 64 168680177409847842422328
5 19 65 123915706986986817883995
5 19 66 84249950747986207517586
5 19 67 52955066479292295390988
5 19 68 30743876876583080422623
5 19 69 16475585297872424218313
5 19 70 8146260696585070003062
5 19 71 3715201099095556417023
5 19 72 1562527171452870081810
5 19 73 605933493912930323779
5 19 74 216617178612270052543
5 19 75 71368765182464333332
5 19 76 21660928834233596639
5 19 77 6052108118809705432
5 19 78 1555163965488334730
5 19 79 367034581430211629
5 19 80 79420054099516138
5 19 81 15719891377113233
5 19 82 2837901361318724
5 19 83 465563709142963
5 19 84 69088102877407
5 19 85 9221176209445
5 19 86 1099066314126
5 19 87 115933104663
5 19 88 10699294720
5 19 89 851135130
5 19 90 57215448
5 19 91 3161972
5 19 92 137995
5 19 93 4461
5 19 94 95
5 19 95 1
6 18 23 210388
6 18 24 6894440
6 18 25 123039976
6 18 26 1571543222
6 18 27 15984072216
6 18 28 136865835598
6 18 29 1020411586608
6 18 30 6774829256196
6 18 31 40706833915864
6 18 32 224059796538148
6 18 33 1140560167432396
6 18 34 5410581706476138
6 18 35 24068538742024104
6 18 36 100920317232114526
6 18 37 400594862420575148
6 18 38 1510796998548045468
6 18 39 5430122461318646176
6 18 40 18648168830958739448
6 18 41 61323557103572116664
6 18 42 193450100351247677450
6 18 43 586285969885742177256
6 18 44 1709126868274380497917
6 18 45 4797079595796880835964
6 18 46 12972632552137243689086
6 18 47 33817606989445245140156
6 18 48 85005305799704169969566
6 18 49 206051985104000074319720
6 18 50 481606687685940808188324
6 18 51 1085105466392867744367264
6 18 52 2355692462112834855627582
6 18 53 4924519242135398963127652
6 18 54 9905367323765896607291140
6 18 55 19153014084266621226762732
6 18 56 35563254157389908565373131
6 18 57 63335348485893230667570020
6 18 58 108044620079002358345773184
6 18 59 176302837593690327777001852
6 18 60 274765300495133100825154523
6 18 61 408342190263065276613504360
6 18 62 577739118208649156054571060
6 18 63 776869396132507833897600904
6 18 64 991108821413772784477971963
6 18 65 1197545783908510222775458656
6 18 66 1368045950408363236688229972
6 18 67 1475014012033054730779574384
6 18 68 1498463833907323822891376813
6 18 69 1432016833284454047152408372
6 18 70 1285403341235203290098771226
6 18 71 1082205960478745156951151304
6 18 72 853517127390611082988314164
6 18 73 629899458049433652159253656
6 18 74 434601187339740267175135990
6 18 75 280128965201328844665557044
6 18 76 168593826061478739959301858
6 18 77 94708417904152273537967976
6 18 78 49649413051265882569480890
6 18 79 24287874698452276453707492
6 18 80 11087309613910255863993212
6 18 81 4723435676736377024506176
6 18 82 1878117450685209696417408
6 18 83 697016773297970362055108
6 18 84 241439940836505743068229
6 18 85 78047595554160800910340
6 18 86 23537837654463221889686
6 18 87 6619413909244752377312
6 18 88 1734640785238974609339
6 18 89 423168971544489390432
6 18 90 95979619280442851550
6 18 91 20207051465965392056
6 18 92 3941061267132048907
6 18 93 710299892871939680
6 18 94 117948866368961892
6 18 95 17980758159528204
6 18 96 2505565379541162
6 18 97 317485135992604
6 18 98 36351410969482
6 18 99 3732132419628
6 18 100 340333816337
6 18 101 27238896412
6 18 102 1884396998
6 18 103 110429620
6 18 104 5331737
6 18 105 203684
6 18 106 5774
6 18 107 108
6 18 108 1
7 17 23 596587
7 17 24 18645256
7 17 25 316830760
7 17 26 3869269697
7 17 27 37937217364
7 17 28 316497488694
7 17 29 2326228546704
7 17 30 15407699741191
7 17 31 93417134336699
7 17 32 524407029711178
7 17 33 2749277123793496
7 17 34 13552504680782189
7 17 35 63159299437248310
7 17 36 279518113169139478
7 17 37 1179093484976719019
7 17 38 4755592115777610072
7 17 39 18387503773354617180
7 17 40 68308426986730224130
7 17 41 244278827649175971378
7 17 42 842287258895224532241
7 17 43 2804094601752764475739
7 17 44 9023671607269471478964
7 17 45 28096177173462921310177
7 17 46 84707631015540704802683
7 17 47 247443698507325929055986
7 17 48 700664735346440206983878
7 17 49 1923817452913882094170744
7 17 50 5122931293608048877009534
7 17 51 13231219796059482723540846
7 17 52 33142100478472025706413070
7 17 53 80496955243696329444755509
7 17 54 189525935438938401313983242
7 17 55 432383995880674187425677894
7 17 56 955338529128675784086688436
7 17 57 2042965893231322953437947660
7 17 58 4225388109868926335833655872
7 17 59 8445341869525442003215285397
7 17 60 16297331470126199972517775883
7 17 61 30334039483885846178986343124
7 17 62 54398791507307978423262570333
7 17 63 93884084178995737910345811678
7 17 64 155742631697293833037314832352
7 17 65 248015401563544028463906390621
7 17 66 378638776076976065023028706360
7 17 67 553409662483108996840811379479
7 17 68 773263126045773485492386221582
7 17 69 1031426117926050499862809056463
7 17 70 1311422170484536667386177632799
7 17 71 1587086842325273292569056933104
7 17 72 1825472871033447945646671437309
7 17 73 1992683856015645927804594335206
7 17 74 2061474566624566111478389663046
7 17 75 2018398587434889403791673254861
7 17 76 1867976348948346068529799738170
7 17 77 1632148329978824175145149449195
7 17 78 1344964512892525780974228608886
7 17 79 1044293553494286600890602149389
7 17 80 763408755937447146148762891748
7 17 81 525103721777256930096487083311
7 17 82 339693114676796270242165689688
7 17 83 206609408812530417185473212082
7 17 84 118131560762877183163547640176
7 17 85 63492141687364419565215667903
7 17 86 32080596037419015983929904370
7 17 87 15240380844098073119060940964
7 17 88 6808658168725633769321417254
7 17 89 2861052757073516892742785930
7 17 90 1131009438487583208748709105
7 17 91 420666446356975435830107395
7 17 92 147218205022948778218445540
7 17 93 48474346242637176975052958
7 17 94 15014387371537805002101167
7 17 95 4373215164526865353121703
7 17 96 1197205699861615614462637
7 17 97 307825289853747504243657
7 17 98 74268870926605866804866
7 17 99 16794704619072583525351
7 17 100 3554532308423148150038
7 17 101 702896271637901805958
7 17 102 129601492655537072331
7 17 103 22227384993412603384
7 17 104 3535824522461938268
7 17 105 519955544260648114
7 17 106 70406126974527377
7 17 107 8738057039617526
7 17 108 988552197473923
7 17 109 101279632368572
7 17 110 9322882338487
7 17 111 763625568535
7 17 112 54988269266
7 17 113 3427864484
7 17 114 181268905
7 17 115 7907970
7 17 116 273303
7 17 117 7017
7 17 118 119
7 17 119 1
8 16 23 1364008
8 16 24 40899880
8 16 25 666516448
8 16 26 7825675772
8 16 27 74084910512
8 16 28 600124489598
8 16 29 4311065008008
8 16 30 28109067729178
8 16 31 169019940520896
8 16 32 947979615961670
8 16 33 5001395385860208
8 16 34 24981335574240170
8 16 35 118733624797966956
8 16 36 539180400762665876
8 16 37 2347161533158434980
8 16 38 9821974972261520562
8 16 39 39600847810711795748
8 16 40 154136214262851418492
8 16 41 580114407870164869200
8 16 42 2114150439670349761388
8 16 43 7469338996770015619464
8 16 44 25608371633176095151088
8 16 45 85269400634187428865232
8 16 46 275937114842979446286154
8 16 47 868299240878544164103800
8 16 48 2658002871521894754842048
8 16 49 7917795506725868812565832
8 16 50 22956582254577918818341596
8 16 51 64790856744224612201024636
8 16 52 178005645454835458392336482
8 16 53 476036368914322380563407712
8 16 54 1238996552481698125141927578
8 16 55 3137813465459364070929377836
8 16 56 7730047881400500289984455754
8 16 57 18517184494063459323641460444
8 16 58 43113649288392395813362185868
8 16 59 97517271514220502160032550024
8 16 60 214154052269202098612565766826
8 16 61 456322551529548289328778072924
8 16 62 942787226174389111887590011000
8 16 63 1887207768825067353529322858924
8 16 64 3657056349279240714476624179474
8 16 65 6854334803409478430826681656620
8 16 66 12413992920491325409567142385584
8 16 67 21703857142984019795957662385548
8 16 68 36591938476965915029312253822584
8 16 69 59426374290173589680757889895140
8 16 70 92858285496485560069324207785304
8 16 71 139442091291381929057941454500892
8 16 72 200986648945429264861223783737628
8 16 73 277712629504103920481891403682684
8 16 74 367387145963417050039699652031672
8 16 75 464719040259554861104591645508464
8 16 76 561346788659296980835189566408142
8 16 77 646673764721581446033601853797752
8 16 78 709577958034163302147080541087430
8 16 79 740693859885186620916007300414620
8 16 80 734659946506121415004460211220242
8 16 81 691604910627355383502253756520272
8 16 82 617314367970632456798029032339716
8 16 83 521949514877264083072264142107968
8 16 84 417707903062688988389112049426044
8 16 85 316186648673985238350721023595732
8 16 86 226258707636184564881351811385384
8 16 87 152997184026290255470197546689996
8 16 88 97738021553995799913117401778056
8 16 89 58977734272213869188438833610132
8 16 90 33616363492424705502726327402182
8 16 91 18100420391815261774126536394936
8 16 92 9208167293231951458961147949756
8 16 93 4426895708883088452868491893536
8 16 94 2011751434607170899739666933796
8 16 95 864384201052490230316993974160
8 16 96 351233133392218593723571572830
8 16 97 134995343418879296645189904504
8 16 98 49082375804226973618463591256
8 16 99 16882100282120070976701057188
8 16 100 5492705733258227639619578264
8 16 101 1690119575529282929409516020
8 16 102 491669595398980501487318818
8 16 103 135158456904331708569497852
8 16 104 35086990630234062101802652
8 16 105 8594592537449980866151872
8 16 106 1984458126438787384770508
8 16 107 431388118193424527583712
8 16 108 88161468354463613519506
8 16 109 16909916848842161370804
8 16 110 3038117355888260935552
8 16 111 510131661976867864532
8 16 112 79842860259373286972
8 16 113 11613173965425971044
8 16 114 1564246372025114324
8 16 115 194326255106196788
8 16 116 22159804951414648
8 16 117 2306640342916736
8 16 118 217714765876782
8 16 119 18485014987440
8 16 120 1398100746664
8 16 121 93061620180
8 16 122 5367760730
8 16 123 262882984
8 16 124 10630422
8 16 125 340824
8 16 126 8124
8 16 127 128
8 16 128 1
9 15 23 2557795
9 15 24 74154896
9 15 25 1169117154
9 15 26 13305999905
9 15 27 122439921080
9 15 28 967241965330
9 15 29 6801664492548
9 15 30 43593206790533
9 15 31 258809971707719
9 15 32 1439843791094919
9 15 33 7570235687437984
9 15 34 37857414746316604
9 15 35 180967179488335593
9 15 36 830166010752715148
9 15 37 3666254777359092169
9 15 38 15627766778560395857
9 15 39 64434046300987015238
9 15 40 257424012767280698896
9 15 41 998024391555246220941
9 15 42 3759489858876839603184
9 15 43 13773996349272927906692
9 15 44 49125288397332534992808
9 15 45 170674436794430147748655
9 15 46 577957026971358181853630
9 15 47 1908445474104973051395700
9 15 48 6147066354210106594611528
9 15 49 19318112711113669913769480
9 15 50 59242946239718063446605669
9 15 51 177302733254085563683484833
9 15 52 517846244100212116149294971
9 15 53 1475921869496239896618004630
9 15 54 4104370915111440727782719234
9 15 55 11134459843656187618323513310
9 15 56 29459573348561773744352142822
9 15 57 75996256140924622481624370143
9 15 58 191081892660920624015825860510
9 15 59 468103571425088526442545820716
9 15 60 1116796190579622117229755969553
9 15 61 2593649290651888158800617001372
9 15 62 5860453579095454101003988705883
9 15 63 12876344453618736616325728792303
9 15 64 27493831321130126805834492663229
9 15 65 57013816544720461531744712447577
9 15 66 114743612071943565470062598243722
9 15 67 223955643079064010038376886579179
9 15 68 423586354151979155182854035590716
9 15 69 775727792293639936721909712600724
9 15 70 1374310023357801772097016341815004
9 15 71 2353251128466959513856601732009943
9 15 72 3890812970204077614690399140781752
9 15 73 6205289702046661528002716889145811
9 15 74 9536221930212109284528645952870319
9 15 75 14106181635287124787990159105325227
9 15 76 20061938896674176863005007519155287
9 15 77 27400960389663633338557083002627490
9 15 78 35898635959014760428370845893688488
9 15 79 45060247082409248931640702618814470
9 15 80 54124700055522264520932260349914207
9 15 81 62139860090200826719677384034202645
9 15 82 68110442331775885135898176399742326
9 15 83 71192968819700494695602372044825338
9 15 84 70888185173033776672550026818336281
9 15 85 67171673522443945508159170363607444
9 15 86 60516212104163589831918944326591303
9 15 87 51792873518971139881023295191935476
9 15 88 42079216201425986693600388562825570
9 15 89 32434175333831288666314966041580175
9 15 90 23706547769946362432285895146718813
9 15 91 16425259564270326341080866218468852
9 15 92 10785435665721746402547612274702147
9 15 93 6711194180697003264844164704401449
9 15 94 3957319739212759885820775875684367
9 15 95 2211491651996417463557820881589374
9 15 96 1171464418675491128553990030954543
9 15 97 588347141985990299850007588463766
9 15 98 280230118905901178597311393487888
9 15 99 126617415618832796888185936469466
9 15 100 54285743589823797906930398160503
9 15 101 22089932122421996778721779288813
9 15 102 8532959437234522134231992631552
9 15 103 3129338991660281693377043752368
9 15 104 1089602257580103878370882400344
9 15 105 360179404546786944491336564144
9 15 106 113013834706501046791092916565
9 15 107 33649727363495228763792318851
9 15 108 9503621076385749412207555807
9 15 109 2544579625409165375244615149
9 15 110 645448539106102452623158573
9 15 111 154973891667689563534560587
9 15 112 35185868125653923464262979
9 15 113 7545284287853562814773372
9 15 114 1526096816664223380639548
9 15 115 290668501597141932218833
9 15 116 52039412437561852009583
9 15 117 8739388998658627301322
9 15 118 1373444665735387551385
9 15 119 201438327315669328754
9 15 120 27486631414552363196
9 15 121 3476918696862918938
9 15 122 406035742083400695
9 15 123 43565249131804975
9 15 124 4270412065094161
9 15 125 379879441645332
9 15 126 30421323733132
9 15 127 2171756027725
9 15 128 136538152651
9 15 129 7443337688
9 15 130 344741173
9 15 131 13191302
9 15 132 400415
9 15 133 9041
9 15 134 135
9 15 135 1
10 14 23 3978980
10 14 24 112526536
10 14 25 1732295576
10 14 26 19280582028
10 14 27 173815889404
10 14 28 1347958839502
10 14 29 9326120955096
10 14 30 58952143405118
10 14 31 346080410775176
10 14 32 1908974969977810
10 14 33 9979109881593572
10 14 34 49757374568558808
10 14 35 237826583991422720
10 14 36 1093961394526721502
10 14 37 4857838510580533860
10 14 38 20877893810865891256
10 14 39 87023310703980623312
10 14 40 352397687631177855270
10 14 41 1388328560689330943060
10 14 42 5327438655103717883796
10 14 43 19930844687230875272344
10 14 44 72752860543264423955173
10 14 45 259274762036926009107632
10 14 46 902539408153523921672564
10 14 47 3069914825617313320102592
10 14 48 10205958369613768179404940
10 14 49 33168172939451746332197920
10 14 50 105382144183704321809989306
10 14 51 327337790837366938601984640
10 14 52 994001027369247755148345932
10 14 53 2950476718695703919970836260
10 14 54 8559398790347804249614022256
10 14 55 24263386776482971052456497012
10 14 56 67190899471050708434364027413
10 14 57 181718127404713554808120711208
10 14 58 479819810044984866488804157524
10 14 59 1236516935947253906802276521020
10 14 60 3108858588868782111399515842649
10 14 61 7622641061874106652364650189352
10 14 62 18219054887135948705798991128478
10 14 63 42428910601658691601065495382912
10 14 64 96227793485587396496600247195879
10 14 65 212429752914499195666887673155184
10 14 66 456211074103868518973138463498864
10 14 67 952569371337743649610466227451212
10 14 68 1932576473225975911608116822133177
10 14 69 3807137054950238649526000705498012
10 14 70 7277416605235469870427541061254142
10 14 71 13488075897015928456354299223450492
10 14 72 24220067290621022791876712807913616
10 14 73 42101041461740489349062191762157196
10 14 74 70782018066943379660324203090860212
10 14 75 114991877457620361534538373662214168
10 14 76 180346871576259139996965616983580338
10 14 77 272780253435288046743925385052701804
10 14 78 397493226055727098038433072389519150
10 14 79 557435472097347452368006554952569588
10 14 80 751504595019811405665060643289115083
10 14 81 972874174975097671372242324290695724
10 14 82 1208039395512255041996688077414090054
10 14 83 1437197149672272446094103610509022712
10 14 84 1636360534449444999665441994836451124
10 14 85 1781133014025611100753466463138674088
10 14 86 1851452030096323909110238411497369088
10 14 87 1836091612977777880657790413300460624
10 14 88 1735554440814415678451547668144387342
10 14 89 1562340267042080299263182631625372752
10 14 90 1338377803925172030209143835561467416
10 14 91 1090348199832244748014464200238037316
10 14 92 844309780316012415078552942936521672
10 14 93 621164508965250701311025116455166644
10 14 94 434060041098996511871892265761295698
10 14 95 288039881897056541983825917388101112
10 14 96 181503427443179940298806956605040880
10 14 97 108607621045091123972514443202211008
10 14 98 61720750009252353548818683578845702
10 14 99 33318147342789888045956763566556632
10 14 100 17088962356813024025791604735714849
10 14 101 8330223296480933889979979484997492
10 14 102 3860381156796163075334363327707704
10 14 103 1701216859429275874819528057738964
10 14 104 713110845683351445848613337980516
10 14 105 284390554396979725084746789454428
10 14 106 107919799813141368630928819991714
10 14 107 38971785669252512996757736817344
10 14 108 13392490834877261493285837413745
10 14 109 4379172312794936757216780050592
10 14 110 1362246188014547291942263262520
10 14 111 403011806364215383811442931716
10 14 112 113342790489138049745310072502
10 14 113 30286305751194943853532476604
10 14 114 7683894422719000954594887984
10 14 115 1849466705172986751790535028
10 14 116 421916277545198720627604717
10 14 117 91125106791658531553886988
10 14 118 18609149861515177198721940
10 14 119 3588038470394258129757004
10 14 120 652089950010157963023817
10 14 121 111495627327526211170180
10 14 122 17896901399205334801472
10 14 123 2690366470727723605192
10 14 124 377708908317845003049
10 14 125 49367834119847086400
10 14 126 5985495663851140790
10 14 127 670367541555400884
10 14 128 69020468622912341
10 14 129 6495747847181672
10 14 130 555069350579106
10 14 131 42719931939224
10 14 132 2932327978645
10 14 133 177334174872
10 14 134 9302960858
10 14 135 414792244
10 14 136 15285137
10 14 137 446980
10 14 138 9726
10 14 139 140
10 14 140 1
11 13 23 5172779
11 13 24 144076720
11 13 25 2186363406
11 13 26 24010778433
11 13 27 213805440348
11 13 28 1639602614264
11 13 29 11231047789382
11 13 30 70377892162755
11 13 31 410131820860132
11 13 32 2248924128555750
11 13 33 11703924597230577
11 13 34 58185033181192553
11 13 35 277705179075048281
11 13 36 1277479529940902232
11 13 37 5681757566178660052
11 13 38 24494720036807075314
11 13 39 102570872033480026501
11 13 40 417904648756248056266
11 13 41 1658975147542648340816
11 13 42 6424060574123353127615
11 13 43 24287901758029028990270
11 13 44 89722950407851152785313
11 13 45 324042896215788444933097
11 13 46 1144663464453323225705627
11 13 47 3956097534717565257267046
11 13 48 13380148886046253088196765
11 13 49 44290457181191618434565068
11 13 50 143492788487261174849221638
11 13 51 454994208950361847436353090
11 13 52 1411876480034409345168808900
11 13 53 4286860845699618832489126934
11 13 54 12733609856029335451413751167
11 13 55 36994254607279839715571773072
11 13 56 105093159787884733019574441086
11 13 57 291841062192579692120887863998
11 13 58 791978473264660344452182927887
11 13 59 2099561302037015291064730905642
11 13 60 5435452409949206657103355557441
11 13 61 13736290960558252654975690432043
11 13 62 33873151662959423579952040387687
11 13 63 81472415782455985755572829910691
11 13 64 191047513840249649411202875912635
11 13 65 436560848639082645335615634975210
11 13 66 971642879073974699010750467717621
11 13 67 2105237975277364343396746621496782
11 13 68 4438025605738011220048220642650724
11 13 69 9097462092200959447476534316805403
11 13 70 18122812677705015025846265311872740
11 13 71 35060911266799866024729581766642908
11 13 72 65828472326836579268801344297477281
11 13 73 119861748926271093983345563118359901
11 13 74 211489527404638788191564473345969960
11 13 75 361314302387418806230376108660673212
11 13 76 597169127650381407718907002552990861
11 13 77 953970114477433632015658087546643863
11 13 78 1471596547322591961706620398138538978
11 13 79 2189947669183679089291196071235611013
11 13 80 3140716868054484157795003400997937066
11 13 81 4336305282906636613125324097083414210
11 13 82 5757613792468566322020529567643303437
11 13 83 7343879772549924677914229583704308346
11 13 84 8988658654194727571813764030145111400
11 13 85 10545772444060891402308458171646341700
11 13 86 11847074113948628351819398354257174336
11 13 87 12730364342434552071745266580614047533
11 13 88 13071761209263659029381156233492502665
11 13 89 12813924682330755410050674966110505586
11 13 90 11981380782873487509224270280241285906
11 13 91 10677417318437757958127604419648829710
11 13 92 9062735084333201972481970686372007641
11 13 93 7322009873766994083201153084800108768
11 13 94 5628227755764602282325655761572863041
11 13 95 4114580155179144025986649213389687837
11 13 96 2860118976250613986313361004132310794
11 13 97 1890115041092259117886476820791641868
11 13 98 1187475123265657975076519737311352670
11 13 99 709285022992596346728277056506307777
11 13 100 402847197593222520188358837868060584
11 13 101 217608080230703721198899583141693039
11 13 102 111824610379086659102982946571409666
11 13 103 54683031679900186064023920599348887
11 13 104 25453635516448069665519029946438399
11 13 105 11281172613943639122303720561273252
11 13 106 4761887767496445517441283774649954
11 13 107 1914780279689384553096889079474621
11 13 108 733572183327800216307108810668783
11 13 109 267787068538667221311663639085903
11 13 110 93145716184198135474219561145436
11 13 111 30869363635209193889110946938503
11 13 112 9745567563166169333641888620573
11 13 113 2930083818955625621533506660191
11 13 114 838645654341553364302929193996
11 13 115 228394553798569584514109470022
11 13 116 59147155132937826516934043937
11 13 117 14554631899918469382893620901
11 13 118 3400239183851135013370338501
11 13 119 753389883284401662752193062
11 13 120 158135152784716771603870938
11 13 121 31402274883370707064958556
11 13 122 5890690491927720676006853
11 13 123 1042092480011122161566315
11 13 124 173519259757764922470707
11 13 125 27136133733641681076407
11 13 126 3975940979848868496096
11 13 127 544267100881422429727
11 13 128 69387954466896746734
11 13 129 8208722657529727417
11 13 130 897359201558568842
11 13 131 90207827065895493
11 13 132 8291568213321674
11 13 133 692177909568427
11 13 134 52057064728744
11 13 135 3492610917842
11 13 136 206501435477
11 13 137 10593611634
11 13 138 461997907
11 13 139 16655392
11 13 140 476579
11 13 141 10149
11 13 142 143
11 13 143 1
12 12 23 5643064
12 12 24 156371240
12 12 25 2361575224
12 12 26 25819545208
12 12 27 228968124752
12 12 28 1749309668560
12 12 29 11942278441352
12 12 30 74613773271480
12 12 31 433718934605264
12 12 32 2373317244010862
12 12 33 12331272440456264
12 12 34 61233038137527982
12 12 35 292052841529185752
12 12 36 1343199125573394386
12 12 37 5975651101319932724
12 12 38 25780971893784266604
12 12 39 108089754338754057560
12 12 40 441145568396019681262
12 12 41 1755093108303736608668
12 12 42 6814543766545143392790
12 12 43 25846051384044609201880
12 12 44 95828004233216708398448
12 12 45 347519934376311801319684
12 12 46 1233222790538183621705302
12 12 47 4283598288983192375670836
12 12 48 14566817171198528188750426
12 12 49 48501115244215825127173936
12 12 50 158116474552847543944755476
12 12 51 504682316610929407382896412
12 12 52 1576980760224683121350303766
12 12 53 4823166956801800057142603880
12 12 54 14436033025092555771420906540
12 12 55 42273655448727906986550700100
12 12 56 121082588138072798076080904804
12 12 57 339121897923550190620738439944
12 12 58 928441583287257546888849708324
12 12 59 2483884300510157508766308265304
12 12 60 6491293957609755582646497794128
12 12 61 16564999873348263616362325074980
12 12 62 41261119153851967154176490240430
12 12 63 100276919784627426576048968913844
12 12 64 237675179066484226757537526671164
12 12 65 549152332615734492956698345034012
12 12 66 1236292958624852339276323017920670
12 12 67 2710517171724237654025757680886304
12 12 68 5784369983088469128068139254477440
12 12 69 12008569938313954982345815292436212
12 12 70 24238305356192015203567487682745460
12 12 71 47535548838618361232256839154596044
12 12 72 90521926819742128419376280258373574
12 12 73 167264980295982971782375832103390160
12 12 74 299675735295911648031930362255021346
12 12 75 520181176812008405156858429727686336
12 12 76 874091303816600977637086159339684466
12 12 77 1420633577191912089833098797879098356
12 12 78 2231187925691541164181858661121179640
12 12 79 3383040355552455899816693348575807128
12 12 80 4947286340646620856004019910386265045
12 12 81 6970649388056712894264027501713204456
12 12 82 9453035699102245224041698419377402540
12 12 83 12325312802399084216805798661210114692
12 12 84 15434226411192181297559977282956413364
12 12 85 18542276397850200172869611192080289884
12 12 86 21348520158293558020597307244573373084
12 12 87 23531195702465203014501916351774297224
12 12 88 24805733917042524662118872622655027148
12 12 89 24984676524841626336029485816813105384
12 12 90 24022481486992316146175525510864790020
12 12 91 22030598150502890790598426124931954772
12 12 92 19256566777665617498475331461086165520
12 12 93 16032379685026852166527397934349339464
12 12 94 12707267141778432746482553119265240774
12 12 95 9584253583246250208804763761993482696
12 12 96 6876742792965722819542865905060345120
12 12 97 4692896779535707283822009447129769312
12 12 98 3045757706006177119451591979938644530
12 12 99 1879973422209542646021347959009810712
12 12 100 1103708788005186374202844252431443892
12 12 101 616425382758272847050124192517992880
12 12 102 327590827137105037880801017822946564
12 12 103 165701899331840432246691342860368000
12 12 104 79798779573950382145302155826614526
12 12 105 36598848989957636497746789434255304
12 12 106 15990551290395373794782191763523548
12 12 107 6657211149769405584443682572161472
12 12 108 2641442547801998245955614372151808
12 12 109 999010881654726099731574977152344
12 12 110 360170432508314427854826065073848
12 12 111 123779150950559254136950615932668
12 12 112 40545463486910204232250925174548
12 12 113 12656227400275099583078070860100
12 12 114 3763581004756977343229843676826
12 12 115 1065748722500138395023525850536
12 12 116 287235578224182570879650051670
12 12 117 73633317841733264466618836500
12 12 118 17940442243719008243196733452
12 12 119 4150768296680651030387969532
12 12 120 910992209729636748331744244
12 12 121 189444355422802350049011732
12 12 122 37277746316764218464445608
12 12 123 6930458181928954814269888
12 12 124 1215280785560711345353124
12 12 125 200611607872629486034352
12 12 126 31106708620989717192982
12 12 127 4519601235701049159856
12 12 128 613592016276610574009
12 12 129 77590694506553145620
12 12 130 9105566532050506960
12 12 131 987527057945507064
12 12 132 98496630634903026
12 12 133 8983577662383056
12 12 134 744226070401680
12 12 135 55549275682812
12 12 136 3699097505296
12 12 137 217094609716
12 12 138 11055599954
12 12 139 478653160
12 12 140 17131970
12 12 141 486728
12 12 142 10292
12 12 143 144
12 12 144 1
