orchestrate maxn=40 fold=true cores=48 unit_mult=8 merge_mult=1 ram=1073741824 counter=u128 kernel=kink max_diag_k=0 run_dir=runs/a40_h20_recheck rev=db01b5d4
event=kink_round H=20 col=0 round=seed frontier_in=1 map_wall_s=0.003 map_cpu_s=0.000 merge_wall_s=0.000 merge_cpu_s=0.000 map_units=1 merge_ranges=0 map_eff_cores=0.00 merge_eff_cores=0.00
event=kink_round H=20 col=0 round=stage0 frontier_in=1 map_wall_s=0.003 map_cpu_s=0.001 merge_wall_s=0.003 merge_cpu_s=0.001 map_units=1 merge_ranges=1 map_eff_cores=0.29 merge_eff_cores=0.34
event=kink_round H=20 col=0 round=stage1 frontier_in=2 map_wall_s=0.003 map_cpu_s=0.001 merge_wall_s=0.002 merge_cpu_s=0.001 map_units=1 merge_ranges=1 map_eff_cores=0.33 merge_eff_cores=0.42
event=kink_round H=20 col=0 round=stage2 frontier_in=4 map_wall_s=0.003 map_cpu_s=0.000 merge_wall_s=0.002 merge_cpu_s=0.001 map_units=1 merge_ranges=1 map_eff_cores=0.00 merge_eff_cores=0.41
event=kink_round H=20 col=0 round=stage3 frontier_in=8 map_wall_s=0.003 map_cpu_s=0.001 merge_wall_s=0.002 merge_cpu_s=0.001 map_units=1 merge_ranges=1 map_eff_cores=0.34 merge_eff_cores=0.46
event=kink_round H=20 col=0 round=stage4 frontier_in=16 map_wall_s=0.003 map_cpu_s=0.001 merge_wall_s=0.003 merge_cpu_s=0.001 map_units=1 merge_ranges=1 map_eff_cores=0.33 merge_eff_cores=0.36
event=kink_round H=20 col=0 round=stage5 frontier_in=32 map_wall_s=0.003 map_cpu_s=0.001 merge_wall_s=0.003 merge_cpu_s=0.001 map_units=1 merge_ranges=1 map_eff_cores=0.37 merge_eff_cores=0.35
event=kink_round H=20 col=0 round=stage6 frontier_in=64 map_wall_s=0.003 map_cpu_s=0.001 merge_wall_s=0.003 merge_cpu_s=0.001 map_units=1 merge_ranges=1 map_eff_cores=0.32 merge_eff_cores=0.33
event=kink_round H=20 col=0 round=stage7 frontier_in=128 map_wall_s=0.003 map_cpu_s=0.001 merge_wall_s=0.003 merge_cpu_s=0.001 map_units=1 merge_ranges=1 map_eff_cores=0.31 merge_eff_cores=0.30
event=kink_round H=20 col=0 round=stage8 frontier_in=256 map_wall_s=0.003 map_cpu_s=0.001 merge_wall_s=0.003 merge_cpu_s=0.001 map_units=1 merge_ranges=1 map_eff_cores=0.29 merge_eff_cores=0.30
event=kink_round H=20 col=0 round=stage9 frontier_in=512 map_wall_s=0.004 map_cpu_s=0.001 merge_wall_s=0.003 merge_cpu_s=0.001 map_units=1 merge_ranges=1 map_eff_cores=0.28 merge_eff_cores=0.32
event=kink_round H=20 col=0 round=stage10 frontier_in=1024 map_wall_s=0.004 map_cpu_s=0.002 merge_wall_s=0.004 merge_cpu_s=0.002 map_units=1 merge_ranges=1 map_eff_cores=0.47 merge_eff_cores=0.50
event=kink_round H=20 col=0 round=stage11 frontier_in=2048 map_wall_s=0.006 map_cpu_s=0.003 merge_wall_s=0.005 merge_cpu_s=0.002 map_units=1 merge_ranges=1 map_eff_cores=0.54 merge_eff_cores=0.43
event=kink_round H=20 col=0 round=stage12 frontier_in=4096 map_wall_s=0.006 map_cpu_s=0.006 merge_wall_s=0.005 merge_cpu_s=0.006 map_units=2 merge_ranges=2 map_eff_cores=1.05 merge_eff_cores=1.11
event=kink_round H=20 col=0 round=stage13 frontier_in=8192 map_wall_s=0.006 map_cpu_s=0.012 merge_wall_s=0.006 merge_cpu_s=0.011 map_units=4 merge_ranges=4 map_eff_cores=1.88 merge_eff_cores=1.84
event=kink_round H=20 col=0 round=stage14 frontier_in=16384 map_wall_s=0.011 map_cpu_s=0.032 merge_wall_s=0.007 merge_cpu_s=0.039 map_units=12 merge_ranges=12 map_eff_cores=2.84 merge_eff_cores=5.59
event=kink_round H=20 col=0 round=stage15 frontier_in=32768 map_wall_s=0.068 map_cpu_s=0.048 merge_wall_s=0.014 merge_cpu_s=0.076 map_units=17 merge_ranges=17 map_eff_cores=0.71 merge_eff_cores=5.60
event=kink_round H=20 col=0 round=stage16 frontier_in=65536 map_wall_s=0.011 map_cpu_s=0.109 merge_wall_s=0.016 merge_cpu_s=0.228 map_units=38 merge_ranges=38 map_eff_cores=10.30 merge_eff_cores=14.45
event=kink_round H=20 col=0 round=stage17 frontier_in=131072 map_wall_s=0.020 map_cpu_s=0.249 merge_wall_s=0.033 merge_cpu_s=0.707 map_units=97 merge_ranges=48 map_eff_cores=12.58 merge_eff_cores=21.60
event=kink_round H=20 col=0 round=stage18 frontier_in=262144 map_wall_s=0.024 map_cpu_s=0.511 merge_wall_s=0.050 merge_cpu_s=1.123 map_units=150 merge_ranges=48 map_eff_cores=21.06 merge_eff_cores=22.44
event=kink_round H=20 col=0 round=stage19 frontier_in=524288 map_wall_s=0.038 map_cpu_s=1.094 merge_wall_s=0.084 merge_cpu_s=2.243 map_units=260 merge_ranges=48 map_eff_cores=28.50 merge_eff_cores=26.85
event=kink_round H=20 col=0 round=finalize frontier_in=1048576 map_wall_s=0.076 map_cpu_s=2.428 merge_wall_s=0.134 merge_cpu_s=3.257 map_units=384 merge_ranges=48 map_eff_cores=31.90 merge_eff_cores=24.28
event=column H=20 col=0 frontier_in=1 frontier_out=524799 wall_s=0.71 cum_wall_s=0.7 cpu_s=12.2 rss_max_mb=31.1 map_wall_s=0.30 map_cpu_s=4.5 merge_wall_s=0.39 merge_cpu_s=7.7 map_units=977 merge_ranges=277 eff_cores=17.21
event=kink_round H=20 col=1 round=seed frontier_in=524799 map_wall_s=0.039 map_cpu_s=0.811 merge_wall_s=0.000 merge_cpu_s=0.000 map_units=257 merge_ranges=0 map_eff_cores=20.80 merge_eff_cores=0.00
event=kink_round H=20 col=1 round=stage0 frontier_in=524799 map_wall_s=0.313 map_cpu_s=11.196 merge_wall_s=0.102 merge_cpu_s=2.607 map_units=271 merge_ranges=48 map_eff_cores=35.76 merge_eff_cores=25.47
event=kink_round H=20 col=1 round=stage1 frontier_in=1049598 map_wall_s=0.093 map_cpu_s=2.427 merge_wall_s=0.127 merge_cpu_s=3.359 map_units=390 merge_ranges=48 map_eff_cores=26.03 merge_eff_cores=26.49
event=kink_round H=20 col=1 round=stage2 frontier_in=1738108 map_wall_s=0.123 map_cpu_s=2.758 merge_wall_s=0.134 merge_cpu_s=3.473 map_units=408 merge_ranges=48 map_eff_cores=22.40 merge_eff_cores=25.99
event=kink_round H=20 col=1 round=stage3 frontier_in=2311800 map_wall_s=0.119 map_cpu_s=3.289 merge_wall_s=0.130 merge_cpu_s=3.696 map_units=392 merge_ranges=48 map_eff_cores=27.58 merge_eff_cores=28.49
event=kink_round H=20 col=1 round=stage4 frontier_in=2920400 map_wall_s=0.160 map_cpu_s=4.041 merge_wall_s=0.164 merge_cpu_s=3.867 map_units=392 merge_ranges=48 map_eff_cores=25.25 merge_eff_cores=23.59
event=kink_round H=20 col=1 round=stage5 frontier_in=3588448 map_wall_s=0.221 map_cpu_s=5.336 merge_wall_s=0.182 merge_cpu_s=4.442 map_units=442 merge_ranges=48 map_eff_cores=24.13 merge_eff_cores=24.41
event=kink_round H=20 col=1 round=stage6 frontier_in=4366264 map_wall_s=0.185 map_cpu_s=6.705 merge_wall_s=0.200 merge_cpu_s=4.634 map_units=388 merge_ranges=48 map_eff_cores=36.32 merge_eff_cores=23.15
event=kink_round H=20 col=1 round=stage7 frontier_in=5288728 map_wall_s=0.277 map_cpu_s=8.530 merge_wall_s=0.235 merge_cpu_s=5.274 map_units=422 merge_ranges=48 map_eff_cores=30.84 merge_eff_cores=22.48
event=kink_round H=20 col=1 round=stage8 frontier_in=6393822 map_wall_s=0.331 map_cpu_s=11.452 merge_wall_s=0.246 merge_cpu_s=6.018 map_units=412 merge_ranges=48 map_eff_cores=34.57 merge_eff_cores=24.51
event=kink_round H=20 col=1 round=stage9 frontier_in=7723164 map_wall_s=0.385 map_cpu_s=14.665 merge_wall_s=0.298 merge_cpu_s=7.005 map_units=426 merge_ranges=48 map_eff_cores=38.11 merge_eff_cores=23.53
event=kink_round H=20 col=1 round=stage10 frontier_in=9325204 map_wall_s=0.532 map_cpu_s=18.280 merge_wall_s=0.284 merge_cpu_s=8.133 map_units=434 merge_ranges=48 map_eff_cores=34.35 merge_eff_cores=28.60
event=kink_round H=20 col=1 round=stage11 frontier_in=11258807 map_wall_s=0.597 map_cpu_s=22.698 merge_wall_s=0.391 merge_cpu_s=9.601 map_units=432 merge_ranges=48 map_eff_cores=38.01 merge_eff_cores=24.54
event=kink_round H=20 col=1 round=stage12 frontier_in=13594330 map_wall_s=0.807 map_cpu_s=31.350 merge_wall_s=0.485 merge_cpu_s=11.328 map_units=429 merge_ranges=48 map_eff_cores=38.83 merge_eff_cores=23.38
event=kink_round H=20 col=1 round=stage13 frontier_in=16418499 map_wall_s=0.979 map_cpu_s=38.223 merge_wall_s=0.534 merge_cpu_s=13.857 map_units=417 merge_ranges=48 map_eff_cores=39.03 merge_eff_cores=25.95
event=kink_round H=20 col=1 round=stage14 frontier_in=19840724 map_wall_s=1.199 map_cpu_s=46.891 merge_wall_s=0.603 merge_cpu_s=16.774 map_units=417 merge_ranges=48 map_eff_cores=39.10 merge_eff_cores=27.82
event=kink_round H=20 col=1 round=stage15 frontier_in=24003629 map_wall_s=1.423 map_cpu_s=57.798 merge_wall_s=0.774 merge_cpu_s=20.630 map_units=426 merge_ranges=48 map_eff_cores=40.63 merge_eff_cores=26.65
event=kink_round H=20 col=1 round=stage16 frontier_in=29105648 map_wall_s=1.914 map_cpu_s=80.192 merge_wall_s=0.826 merge_cpu_s=24.834 map_units=388 merge_ranges=48 map_eff_cores=41.89 merge_eff_cores=30.05
event=heartbeat H=20 col=1 elapsed_s=17 processed=7117824 rate_per_s=410922 steals=308
event=kink_round H=20 col=1 round=stage17 frontier_in=35449961 map_wall_s=2.357 map_cpu_s=98.931 merge_wall_s=1.001 merge_cpu_s=30.809 map_units=386 merge_ranges=48 map_eff_cores=41.98 merge_eff_cores=30.77
event=kink_round H=20 col=1 round=stage18 frontier_in=43556094 map_wall_s=2.904 map_cpu_s=123.104 merge_wall_s=1.415 merge_cpu_s=39.218 map_units=386 merge_ranges=48 map_eff_cores=42.40 merge_eff_cores=27.72
event=kink_round H=20 col=1 round=stage19 frontier_in=54425737 map_wall_s=3.989 map_cpu_s=170.494 merge_wall_s=1.799 merge_cpu_s=51.173 map_units=395 merge_ranges=48 map_eff_cores=42.74 merge_eff_cores=28.44
event=heartbeat H=20 col=1 elapsed_s=35 processed=8031232 rate_per_s=231834 steals=317
event=kink_round H=20 col=1 round=finalize frontier_in=70116882 map_wall_s=4.701 map_cpu_s=188.246 merge_wall_s=1.380 merge_cpu_s=39.933 map_units=384 merge_ranges=48 map_eff_cores=40.04 merge_eff_cores=28.94
event=column H=20 col=1 frontier_in=524799 frontier_out=27308254 wall_s=35.64 cum_wall_s=36.4 cpu_s=1258.1 rss_max_mb=163.2 map_wall_s=23.65 map_cpu_s=947.4 merge_wall_s=11.31 merge_cpu_s=310.7 map_units=8694 merge_ranges=1008 eff_cores=35.30
event=kink_round H=20 col=2 round=seed frontier_in=27308254 map_wall_s=1.518 map_cpu_s=48.828 merge_wall_s=0.000 merge_cpu_s=0.000 map_units=384 merge_ranges=0 map_eff_cores=32.18 merge_eff_cores=0.00
event=kink_round H=20 col=2 round=stage0 frontier_in=27308254 map_wall_s=2.878 map_cpu_s=115.523 merge_wall_s=1.265 merge_cpu_s=34.546 map_units=384 merge_ranges=48 map_eff_cores=40.14 merge_eff_cores=27.30
event=kink_round H=20 col=2 round=stage1 frontier_in=43306740 map_wall_s=3.505 map_cpu_s=146.428 merge_wall_s=1.798 merge_cpu_s=55.718 map_units=384 merge_ranges=48 map_eff_cores=41.77 merge_eff_cores=30.99
event=heartbeat H=20 col=2 elapsed_s=17 processed=1179648 rate_per_s=68106 steals=0
event=kink_round H=20 col=2 round=stage2 frontier_in=72030622 map_wall_s=6.540 map_cpu_s=275.648 merge_wall_s=2.384 merge_cpu_s=72.004 map_units=384 merge_ranges=48 map_eff_cores=42.15 merge_eff_cores=30.21
event=kink_round H=20 col=2 round=stage3 frontier_in=88305223 map_wall_s=7.921 map_cpu_s=345.153 merge_wall_s=2.976 merge_cpu_s=84.975 map_units=384 merge_ranges=48 map_eff_cores=43.57 merge_eff_cores=28.55
event=heartbeat H=20 col=2 elapsed_s=35 processed=1720320 rate_per_s=49661 steals=0
event=kink_round H=20 col=2 round=stage4 frontier_in=97756841 map_wall_s=8.924 map_cpu_s=391.136 merge_wall_s=3.396 merge_cpu_s=97.571 map_units=384 merge_ranges=63 map_eff_cores=43.83 merge_eff_cores=28.73
event=heartbeat H=20 col=2 elapsed_s=52 processed=2309120 rate_per_s=44439 steals=10
event=kink_round H=20 col=2 round=stage5 frontier_in=104179604 map_wall_s=10.402 map_cpu_s=453.937 merge_wall_s=3.842 merge_cpu_s=113.172 map_units=384 merge_ranges=129 map_eff_cores=43.64 merge_eff_cores=29.46
event=heartbeat H=20 col=2 elapsed_s=69 processed=2752512 rate_per_s=39729 steals=41
event=kink_round H=20 col=2 round=stage6 frontier_in=110531471 map_wall_s=11.205 map_cpu_s=494.818 merge_wall_s=4.041 merge_cpu_s=123.797 map_units=384 merge_ranges=122 map_eff_cores=44.16 merge_eff_cores=30.63
event=heartbeat H=20 col=2 elapsed_s=87 processed=3145728 rate_per_s=36324 steals=65
event=kink_round H=20 col=2 round=stage7 frontier_in=117789501 map_wall_s=12.150 map_cpu_s=529.972 merge_wall_s=4.533 merge_cpu_s=138.995 map_units=384 merge_ranges=172 map_eff_cores=43.62 merge_eff_cores=30.66
event=heartbeat H=20 col=2 elapsed_s=104 processed=3538944 rate_per_s=34053 steals=95
event=kink_round H=20 col=2 round=stage8 frontier_in=126172519 map_wall_s=12.836 map_cpu_s=565.459 merge_wall_s=4.876 merge_cpu_s=150.196 map_units=384 merge_ranges=150 map_eff_cores=44.05 merge_eff_cores=30.80
event=heartbeat H=20 col=2 elapsed_s=121 processed=3932160 rate_per_s=32432 steals=122
event=kink_round H=20 col=2 round=stage9 frontier_in=135698377 map_wall_s=13.601 map_cpu_s=604.460 merge_wall_s=5.219 merge_cpu_s=166.346 map_units=384 merge_ranges=162 map_eff_cores=44.44 merge_eff_cores=31.87
event=heartbeat H=20 col=2 elapsed_s=139 processed=4227072 rate_per_s=30506 steals=147
event=kink_round H=20 col=2 round=stage10 frontier_in=146358534 map_wall_s=14.519 map_cpu_s=639.926 merge_wall_s=5.827 merge_cpu_s=183.750 map_units=384 merge_ranges=149 map_eff_cores=44.08 merge_eff_cores=31.54
event=heartbeat H=20 col=2 elapsed_s=156 processed=4521984 rate_per_s=29008 steals=175
event=kink_round H=20 col=2 round=stage11 frontier_in=158145530 map_wall_s=15.580 map_cpu_s=688.299 merge_wall_s=6.310 merge_cpu_s=202.959 map_units=384 merge_ranges=111 map_eff_cores=44.18 merge_eff_cores=32.16
event=heartbeat H=20 col=2 elapsed_s=173 processed=4767744 rate_per_s=27526 steals=204
event=heartbeat H=20 col=2 elapsed_s=191 processed=5111808 rate_per_s=26830 steals=204
event=kink_round H=20 col=2 round=stage12 frontier_in=171120026 map_wall_s=16.584 map_cpu_s=729.891 merge_wall_s=7.227 merge_cpu_s=227.471 map_units=384 merge_ranges=119 map_eff_cores=44.01 merge_eff_cores=31.47
event=heartbeat H=20 col=2 elapsed_s=208 processed=5406720 rate_per_s=26013 steals=232
event=kink_round H=20 col=2 round=stage13 frontier_in=185287446 map_wall_s=17.435 map_cpu_s=777.837 merge_wall_s=7.775 merge_cpu_s=256.060 map_units=384 merge_ranges=140 map_eff_cores=44.61 merge_eff_cores=32.94
event=heartbeat H=20 col=2 elapsed_s=225 processed=5577728 rate_per_s=24771 steals=261
event=heartbeat H=20 col=2 elapsed_s=242 processed=5898240 rate_per_s=24324 steals=261
event=kink_round H=20 col=2 round=stage14 frontier_in=200689182 map_wall_s=18.194 map_cpu_s=805.332 merge_wall_s=8.848 merge_cpu_s=287.296 map_units=384 merge_ranges=142 map_eff_cores=44.26 merge_eff_cores=32.47
event=heartbeat H=20 col=2 elapsed_s=260 processed=6094848 rate_per_s=23459 steals=289
event=heartbeat H=20 col=2 elapsed_s=277 processed=6291456 rate_per_s=22702 steals=289
event=kink_round H=20 col=2 round=stage15 frontier_in=217358865 map_wall_s=20.702 map_cpu_s=931.675 merge_wall_s=9.590 merge_cpu_s=316.368 map_units=384 merge_ranges=107 map_eff_cores=45.01 merge_eff_cores=32.99
event=heartbeat H=20 col=2 elapsed_s=294 processed=6537216 rate_per_s=22201 steals=323
event=heartbeat H=20 col=2 elapsed_s=312 processed=6684672 rate_per_s=21441 steals=329
event=kink_round H=20 col=2 round=stage16 frontier_in=235184349 map_wall_s=22.256 map_cpu_s=985.887 merge_wall_s=10.422 merge_cpu_s=346.062 map_units=384 merge_ranges=135 map_eff_cores=44.30 merge_eff_cores=33.21
event=heartbeat H=20 col=2 elapsed_s=329 processed=6930432 rate_per_s=21059 steals=353
event=heartbeat H=20 col=2 elapsed_s=346 processed=7077888 rate_per_s=20432 steals=353
event=kink_round H=20 col=2 round=stage17 frontier_in=253931257 map_wall_s=24.312 map_cpu_s=1063.779 merge_wall_s=10.802 merge_cpu_s=374.668 map_units=384 merge_ranges=141 map_eff_cores=43.75 merge_eff_cores=34.68
event=heartbeat H=20 col=2 elapsed_s=364 processed=7274496 rate_per_s=20000 steals=382
event=heartbeat H=20 col=2 elapsed_s=381 processed=7471104 rate_per_s=19606 steals=382
event=kink_round H=20 col=2 round=stage18 frontier_in=270371280 map_wall_s=25.293 map_cpu_s=1117.739 merge_wall_s=11.830 merge_cpu_s=406.881 map_units=384 merge_ranges=89 map_eff_cores=44.19 merge_eff_cores=34.39
event=heartbeat H=20 col=2 elapsed_s=398 processed=42934272 rate_per_s=107774 steals=408
event=heartbeat H=20 col=2 elapsed_s=416 processed=149227520 rate_per_s=358984 steals=408
event=heartbeat H=20 col=2 elapsed_s=433 processed=290789376 rate_per_s=671548 steals=408
event=kink_round H=20 col=2 round=stage19 frontier_in=290461770 map_wall_s=42.824 map_cpu_s=1953.197 merge_wall_s=12.444 merge_cpu_s=424.895 map_units=384 merge_ranges=102 map_eff_cores=45.61 merge_eff_cores=34.15
event=heartbeat H=20 col=2 elapsed_s=450 processed=290789376 rate_per_s=645717 steals=439
event=heartbeat H=20 col=2 elapsed_s=468 processed=290789376 rate_per_s=621804 steals=439
event=kink_round H=20 col=2 round=finalize frontier_in=284465737 map_wall_s=28.828 map_cpu_s=1153.291 merge_wall_s=7.870 merge_cpu_s=255.353 map_units=384 merge_ranges=122 map_eff_cores=40.01 merge_eff_cores=32.44
event=column H=20 col=2 frontier_in=27308254 frontier_out=79076635 wall_s=484.51 cum_wall_s=520.9 cpu_s=19137.3 rss_max_mb=840.8 map_wall_s=338.01 map_cpu_s=14818.2 merge_wall_s=133.28 merge_cpu_s=4319.1 map_units=8448 merge_ranges=2347 eff_cores=39.50
event=kink_round H=20 col=3 round=seed frontier_in=79076635 map_wall_s=5.796 map_cpu_s=213.182 merge_wall_s=0.000 merge_cpu_s=0.000 map_units=384 merge_ranges=0 map_eff_cores=36.78 merge_eff_cores=0.00
event=heartbeat H=20 col=3 elapsed_s=17 processed=393216 rate_per_s=22701 steals=0
event=kink_round H=20 col=3 round=stage0 frontier_in=79076635 map_wall_s=9.091 map_cpu_s=371.652 merge_wall_s=7.053 merge_cpu_s=232.616 map_units=384 merge_ranges=129 map_eff_cores=40.88 merge_eff_cores=32.98
event=heartbeat H=20 col=3 elapsed_s=35 processed=739328 rate_per_s=21342 steals=28
event=kink_round H=20 col=3 round=stage1 frontier_in=126524805 map_wall_s=14.333 map_cpu_s=624.290 merge_wall_s=11.604 merge_cpu_s=378.669 map_units=384 merge_ranges=148 map_eff_cores=43.56 merge_eff_cores=32.63
event=fastmap_fallback H=20 col=3 stage=2
event=heartbeat H=20 col=3 elapsed_s=52 processed=835584 rate_per_s=16080 steals=58
event=heartbeat H=20 col=3 elapsed_s=69 processed=1128448 rate_per_s=16288 steals=58
event=heartbeat H=20 col=3 elapsed_s=87 processed=1179648 rate_per_s=13621 steals=63
event=kink_round H=20 col=3 round=stage2 frontier_in=206813848 map_wall_s=24.767 map_cpu_s=1103.860 merge_wall_s=23.603 merge_cpu_s=532.776 map_units=384 merge_ranges=150 map_eff_cores=44.57 merge_eff_cores=22.57
event=fastmap_fallback H=20 col=3 stage=3
event=heartbeat H=20 col=3 elapsed_s=104 processed=1228800 rate_per_s=11824 steals=106
event=heartbeat H=20 col=3 elapsed_s=121 processed=1474560 rate_per_s=12162 steals=106
event=heartbeat H=20 col=3 elapsed_s=139 processed=1572864 rate_per_s=11351 steals=106
event=heartbeat H=20 col=3 elapsed_s=156 processed=1572864 rate_per_s=10090 steals=112
event=kink_round H=20 col=3 round=stage3 frontier_in=246260702 map_wall_s=30.509 map_cpu_s=1332.073 merge_wall_s=35.548 merge_cpu_s=766.557 map_units=384 merge_ranges=136 map_eff_cores=43.66 merge_eff_cores=21.56
event=fastmap_fallback H=20 col=3 stage=4
event=heartbeat H=20 col=3 elapsed_s=173 processed=1649664 rate_per_s=9524 steals=142
event=heartbeat H=20 col=3 elapsed_s=191 processed=1867776 rate_per_s=9803 steals=142
event=heartbeat H=20 col=3 elapsed_s=208 processed=1966080 rate_per_s=9459 steals=142
event=heartbeat H=20 col=3 elapsed_s=225 processed=1966080 rate_per_s=8732 steals=144
event=kink_round H=20 col=3 round=stage4 frontier_in=268329819 map_wall_s=32.285 map_cpu_s=1440.666 merge_wall_s=35.788 merge_cpu_s=749.353 map_units=384 merge_ranges=154 map_eff_cores=44.62 merge_eff_cores=20.94
event=fastmap_fallback H=20 col=3 stage=5
event=heartbeat H=20 col=3 elapsed_s=242 processed=2015232 rate_per_s=8311 steals=180
event=heartbeat H=20 col=3 elapsed_s=260 processed=98044928 rate_per_s=377375 steals=180
event=heartbeat H=20 col=3 elapsed_s=277 processed=175324160 rate_per_s=632645 steals=180
event=heartbeat H=20 col=3 elapsed_s=294 processed=235243520 rate_per_s=798928 steals=211
event=heartbeat H=20 col=3 elapsed_s=312 processed=235243520 rate_per_s=754542 steals=246
event=kink_round H=20 col=3 round=stage5 frontier_in=279274023 map_wall_s=51.074 map_cpu_s=2256.124 merge_wall_s=26.429 merge_cpu_s=682.040 map_units=1410 merge_ranges=119 map_eff_cores=44.17 merge_eff_cores=25.81
event=fastmap_fallback H=20 col=3 stage=6
event=heartbeat H=20 col=3 elapsed_s=329 processed=268538880 rate_per_s=816003 steals=246
event=heartbeat H=20 col=3 elapsed_s=346 processed=366850048 rate_per_s=1058989 steals=246
event=heartbeat H=20 col=3 elapsed_s=364 processed=436203520 rate_per_s=1199245 steals=246
event=heartbeat H=20 col=3 elapsed_s=381 processed=465812480 rate_per_s=1222438 steals=268
event=heartbeat H=20 col=3 elapsed_s=398 processed=465812480 rate_per_s=1169291 steals=309
event=kink_round H=20 col=3 round=stage6 frontier_in=286591846 map_wall_s=52.340 map_cpu_s=2299.323 merge_wall_s=29.809 merge_cpu_s=732.439 map_units=967 merge_ranges=163 map_eff_cores=43.93 merge_eff_cores=24.57
event=fastmap_fallback H=20 col=3 stage=7
event=heartbeat H=20 col=3 elapsed_s=416 processed=500759552 rate_per_s=1204637 steals=309
event=heartbeat H=20 col=3 elapsed_s=433 processed=600775680 rate_per_s=1387430 steals=309
event=heartbeat H=20 col=3 elapsed_s=450 processed=676809728 rate_per_s=1502905 steals=309
event=heartbeat H=20 col=3 elapsed_s=468 processed=702818304 rate_per_s=1502860 steals=341
event=kink_round H=20 col=3 round=stage7 frontier_in=293594013 map_wall_s=52.243 map_cpu_s=2330.613 merge_wall_s=29.874 merge_cpu_s=774.519 map_units=1230 merge_ranges=168 map_eff_cores=44.61 merge_eff_cores=25.93
event=heartbeat H=20 col=3 elapsed_s=485 processed=702818304 rate_per_s=1449176 steals=379
event=fastmap_fallback H=20 col=3 stage=8
event=heartbeat H=20 col=3 elapsed_s=502 processed=773380096 rate_per_s=1539691 steals=379
event=heartbeat H=20 col=3 elapsed_s=520 processed=843195392 rate_per_s=1622729 steals=379
event=heartbeat H=20 col=3 elapsed_s=537 processed=931204096 rate_per_s=1734291 steals=379
event=heartbeat H=20 col=3 elapsed_s=554 processed=979915776 rate_per_s=1767981 steals=400
event=heartbeat H=20 col=3 elapsed_s=572 processed=979915776 rate_per_s=1714405 steals=401
event=kink_round H=20 col=3 round=stage8 frontier_in=301480528 map_wall_s=59.968 map_cpu_s=2699.087 merge_wall_s=35.501 merge_cpu_s=882.803 map_units=755 merge_ranges=299 map_eff_cores=45.01 merge_eff_cores=24.87
event=fastmap_fallback H=20 col=3 stage=9
event=heartbeat H=20 col=3 elapsed_s=589 processed=979964928 rate_per_s=1664067 steals=447
event=heartbeat H=20 col=3 elapsed_s=606 processed=1050525696 rate_per_s=1732908 steals=447
event=heartbeat H=20 col=3 elapsed_s=624 processed=1156271104 rate_per_s=1854367 steals=447
event=heartbeat H=20 col=3 elapsed_s=641 processed=1226887168 rate_per_s=1914439 steals=447
event=heartbeat H=20 col=3 elapsed_s=658 processed=1262164992 rate_per_s=1917661 steals=447
event=kink_round H=20 col=3 round=stage9 frontier_in=310512299 map_wall_s=62.701 map_cpu_s=2853.770 merge_wall_s=26.865 merge_cpu_s=728.176 map_units=384 merge_ranges=285 map_eff_cores=45.51 merge_eff_cores=27.11
event=heartbeat H=20 col=3 elapsed_s=676 processed=1262164992 rate_per_s=1868478 steals=503
event=fastmap_fallback H=20 col=3 stage=10
event=heartbeat H=20 col=3 elapsed_s=693 processed=1329075200 rate_per_s=1918354 steals=503
event=heartbeat H=20 col=3 elapsed_s=710 processed=1403342848 rate_per_s=1976144 steals=503
event=heartbeat H=20 col=3 elapsed_s=727 processed=1473966080 rate_per_s=2026175 steals=503
event=heartbeat H=20 col=3 elapsed_s=745 processed=1544532992 rate_per_s=2073796 steals=503
event=heartbeat H=20 col=3 elapsed_s=762 processed=1544532992 rate_per_s=2026673 steals=503
event=heartbeat H=20 col=3 elapsed_s=779 processed=1544532992 rate_per_s=1981637 steals=548
event=kink_round H=20 col=3 round=stage10 frontier_in=320687146 map_wall_s=64.757 map_cpu_s=2941.500 merge_wall_s=42.610 merge_cpu_s=963.036 map_units=384 merge_ranges=288 map_eff_cores=45.42 merge_eff_cores=22.60
event=fastmap_fallback H=20 col=3 stage=11
event=heartbeat H=20 col=3 elapsed_s=797 processed=1579791360 rate_per_s=1982809 steals=548
event=heartbeat H=20 col=3 elapsed_s=814 processed=1650395136 rate_per_s=2027352 steals=548
event=heartbeat H=20 col=3 elapsed_s=831 processed=1720953856 rate_per_s=2069980 steals=548
event=heartbeat H=20 col=3 elapsed_s=849 processed=1791507456 rate_per_s=2110863 steals=548
event=heartbeat H=20 col=3 elapsed_s=866 processed=1826733056 rate_per_s=2109328 steals=548
event=heartbeat H=20 col=3 elapsed_s=883 processed=1826733056 rate_per_s=2067968 steals=552
event=kink_round H=20 col=3 round=stage11 frontier_in=331872326 map_wall_s=65.403 map_cpu_s=2991.399 merge_wall_s=41.718 merge_cpu_s=944.477 map_units=384 merge_ranges=183 map_eff_cores=45.74 merge_eff_cores=22.64
event=fastmap_fallback H=20 col=3 stage=12
event=heartbeat H=20 col=3 elapsed_s=901 processed=1826782208 rate_per_s=2028254 steals=589
event=heartbeat H=20 col=3 elapsed_s=918 processed=1897324544 rate_per_s=2066829 steals=589
event=heartbeat H=20 col=3 elapsed_s=935 processed=1967874048 rate_per_s=2103979 steals=589
event=heartbeat H=20 col=3 elapsed_s=953 processed=2072178688 rate_per_s=2175222 steals=589
event=heartbeat H=20 col=3 elapsed_s=970 processed=2108923904 rate_per_s=2174262 steals=589
event=heartbeat H=20 col=3 elapsed_s=987 processed=2108923904 rate_per_s=2136117 steals=590
event=kink_round H=20 col=3 round=stage12 frontier_in=343937290 map_wall_s=66.855 map_cpu_s=3021.908 merge_wall_s=35.621 merge_cpu_s=888.213 map_units=384 merge_ranges=263 map_eff_cores=45.20 merge_eff_cores=24.94
event=heartbeat H=20 col=3 elapsed_s=1005 processed=2108923904 rate_per_s=2099289 steals=629
event=fastmap_fallback H=20 col=3 stage=13
event=heartbeat H=20 col=3 elapsed_s=1022 processed=2179514368 rate_per_s=2132779 steals=629
event=heartbeat H=20 col=3 elapsed_s=1039 processed=2250065920 rate_per_s=2165125 steals=629
event=heartbeat H=20 col=3 elapsed_s=1057 processed=2320606208 rate_per_s=2196393 steals=629
event=heartbeat H=20 col=3 elapsed_s=1074 processed=2391113728 rate_per_s=2226627 steals=629
event=heartbeat H=20 col=3 elapsed_s=1091 processed=2391113728 rate_per_s=2191285 steals=629
event=heartbeat H=20 col=3 elapsed_s=1109 processed=2391113728 rate_per_s=2157045 steals=672
event=kink_round H=20 col=3 round=stage13 frontier_in=356634574 map_wall_s=67.993 map_cpu_s=3081.344 merge_wall_s=44.428 merge_cpu_s=1031.730 map_units=384 merge_ranges=341 map_eff_cores=45.32 merge_eff_cores=23.22
event=fastmap_fallback H=20 col=3 stage=14
event=heartbeat H=20 col=3 elapsed_s=1126 processed=2391162880 rate_per_s=2123904 steals=679
event=heartbeat H=20 col=3 elapsed_s=1143 processed=2494729216 rate_per_s=2182322 steals=679
event=heartbeat H=20 col=3 elapsed_s=1160 processed=2567482368 rate_per_s=2212442 steals=679
event=heartbeat H=20 col=3 elapsed_s=1178 processed=2638036992 rate_per_s=2239810 steals=679
event=heartbeat H=20 col=3 elapsed_s=1195 processed=2673321984 rate_per_s=2236873 steals=679
event=heartbeat H=20 col=3 elapsed_s=1212 processed=2673321984 rate_per_s=2204917 steals=679
event=heartbeat H=20 col=3 elapsed_s=1230 processed=2673321984 rate_per_s=2173863 steals=720
event=kink_round H=20 col=3 round=stage14 frontier_in=369630185 map_wall_s=69.742 map_cpu_s=3148.235 merge_wall_s=45.592 merge_cpu_s=1050.590 map_units=384 merge_ranges=208 map_eff_cores=45.14 merge_eff_cores=23.04
event=fastmap_fallback H=20 col=3 stage=15
event=heartbeat H=20 col=3 elapsed_s=1247 processed=2708601856 rate_per_s=2171960 steals=720
event=heartbeat H=20 col=3 elapsed_s=1264 processed=2779157504 rate_per_s=2198007 steals=720
event=heartbeat H=20 col=3 elapsed_s=1282 processed=2849731584 rate_per_s=2223367 steals=720
event=heartbeat H=20 col=3 elapsed_s=1299 processed=2920307712 rate_per_s=2248053 steals=720
event=heartbeat H=20 col=3 elapsed_s=1316 processed=2955548672 rate_per_s=2245244 steals=720
event=heartbeat H=20 col=3 elapsed_s=1334 processed=2955548672 rate_per_s=2216085 steals=720
event=heartbeat H=20 col=3 elapsed_s=1351 processed=2955548672 rate_per_s=2187675 steals=737
event=kink_round H=20 col=3 round=stage15 frontier_in=382465987 map_wall_s=70.475 map_cpu_s=3199.133 merge_wall_s=51.728 merge_cpu_s=1176.567 map_units=384 merge_ranges=213 map_eff_cores=45.39 merge_eff_cores=22.75
event=fastmap_fallback H=20 col=3 stage=16
event=heartbeat H=20 col=3 elapsed_s=1368 processed=2955597824 rate_per_s=2160017 steals=761
event=heartbeat H=20 col=3 elapsed_s=1386 processed=3026148352 rate_per_s=2183933 steals=761
event=heartbeat H=20 col=3 elapsed_s=1403 processed=3096683520 rate_per_s=2207244 steals=761
event=heartbeat H=20 col=3 elapsed_s=1420 processed=3167229952 rate_per_s=2229997 steals=761
event=heartbeat H=20 col=3 elapsed_s=1438 processed=3237741568 rate_per_s=2252179 steals=761
event=heartbeat H=20 col=3 elapsed_s=1455 processed=3237741568 rate_per_s=2225369 steals=761
event=heartbeat H=20 col=3 elapsed_s=1472 processed=3237741568 rate_per_s=2199188 steals=804
event=kink_round H=20 col=3 round=stage16 frontier_in=394143400 map_wall_s=71.478 map_cpu_s=3214.156 merge_wall_s=42.461 merge_cpu_s=1018.442 map_units=384 merge_ranges=279 map_eff_cores=44.97 merge_eff_cores=23.99
event=fastmap_fallback H=20 col=3 stage=17
event=heartbeat H=20 col=3 elapsed_s=1490 processed=3273022464 rate_per_s=2197302 steals=804
event=heartbeat H=20 col=3 elapsed_s=1507 processed=3343582208 rate_per_s=2218870 steals=804
event=heartbeat H=20 col=3 elapsed_s=1524 processed=3414161408 rate_per_s=2239961 steals=804
event=heartbeat H=20 col=3 elapsed_s=1542 processed=3484690432 rate_per_s=2260547 steals=804
event=heartbeat H=20 col=3 elapsed_s=1559 processed=3519983616 rate_per_s=2258069 steals=804
event=heartbeat H=20 col=3 elapsed_s=1576 processed=3519983616 rate_per_s=2233256 steals=804
event=kink_round H=20 col=3 round=stage17 frontier_in=403631688 map_wall_s=71.010 map_cpu_s=3209.087 merge_wall_s=36.278 merge_cpu_s=908.473 map_units=384 merge_ranges=182 map_eff_cores=45.19 merge_eff_cores=25.04
event=heartbeat H=20 col=3 elapsed_s=1593 processed=3519983616 rate_per_s=2208973 steals=837
event=fastmap_fallback H=20 col=3 stage=18
event=heartbeat H=20 col=3 elapsed_s=1611 processed=3590553600 rate_per_s=2229037 steals=837
event=heartbeat H=20 col=3 elapsed_s=1628 processed=3661006848 rate_per_s=2248597 steals=837
event=heartbeat H=20 col=3 elapsed_s=1645 processed=3731554304 rate_per_s=2267803 steals=837
event=heartbeat H=20 col=3 elapsed_s=1663 processed=3802057728 rate_per_s=2286582 steals=837
event=heartbeat H=20 col=3 elapsed_s=1680 processed=3802057728 rate_per_s=2263007 steals=837
event=kink_round H=20 col=3 round=stage18 frontier_in=404856685 map_wall_s=70.947 map_cpu_s=3202.047 merge_wall_s=30.657 merge_cpu_s=848.562 map_units=384 merge_ranges=191 map_eff_cores=45.13 merge_eff_cores=27.68
event=heartbeat H=20 col=3 elapsed_s=1697 processed=3802057728 rate_per_s=2239909 steals=873
event=fastmap_fallback H=20 col=3 stage=19
event=heartbeat H=20 col=3 elapsed_s=1715 processed=3872633856 rate_per_s=2258450 steals=873
event=heartbeat H=20 col=3 elapsed_s=1732 processed=3943408640 rate_per_s=2276726 steals=873
event=heartbeat H=20 col=3 elapsed_s=1749 processed=4014148608 rate_per_s=2294623 steals=873
event=heartbeat H=20 col=3 elapsed_s=1767 processed=4084757504 rate_per_s=2312094 steals=873
event=heartbeat H=20 col=3 elapsed_s=1784 processed=4084757504 rate_per_s=2289645 steals=873
event=kink_round H=20 col=3 round=stage19 frontier_in=411440400 map_wall_s=71.054 map_cpu_s=3184.645 merge_wall_s=25.555 merge_cpu_s=837.012 map_units=384 merge_ranges=188 map_eff_cores=44.82 merge_eff_cores=32.75
event=fastmap_fallback H=20 col=3 stage=finalize
event=heartbeat H=20 col=3 elapsed_s=1801 processed=4084757504 rate_per_s=2267627 steals=905
event=heartbeat H=20 col=3 elapsed_s=1819 processed=4084757504 rate_per_s=2246034 steals=905
event=heartbeat H=20 col=3 elapsed_s=1836 processed=4084757504 rate_per_s=2224845 steals=905
event=heartbeat H=20 col=3 elapsed_s=1853 processed=4084757504 rate_per_s=2204050 steals=929
event=kink_round H=20 col=3 round=finalize frontier_in=411528360 map_wall_s=42.847 map_cpu_s=1770.234 merge_wall_s=22.892 merge_cpu_s=468.363 map_units=384 merge_ranges=119 map_eff_cores=41.32 merge_eff_cores=20.46
event=column H=20 col=3 frontier_in=79076635 frontier_out=114616902 wall_s=1866.01 cum_wall_s=2386.9 cpu_s=67083.7 rss_max_mb=959.4 map_wall_s=1127.67 map_cpu_s=50488.3 merge_wall_s=681.61 merge_cpu_s=16595.4 map_units=11274 merge_ranges=4206 eff_cores=35.95
event=kink_round H=20 col=4 round=seed frontier_in=114616902 map_wall_s=9.237 map_cpu_s=356.726 merge_wall_s=0.000 merge_cpu_s=0.000 map_units=384 merge_ranges=0 map_eff_cores=38.62 merge_eff_cores=0.00
event=fastmap_fallback H=20 col=4 stage=0
event=heartbeat H=20 col=4 elapsed_s=17 processed=245760 rate_per_s=14188 steals=0
event=heartbeat H=20 col=4 elapsed_s=35 processed=393216 rate_per_s=11350 steals=0
event=kink_round H=20 col=4 round=stage0 frontier_in=114616902 map_wall_s=14.523 map_cpu_s=613.865 merge_wall_s=22.724 merge_cpu_s=443.770 map_units=384 merge_ranges=109 map_eff_cores=42.27 merge_eff_cores=19.53
event=fastmap_fallback H=20 col=4 stage=1
event=heartbeat H=20 col=4 elapsed_s=52 processed=491520 rate_per_s=9459 steals=42
event=heartbeat H=20 col=4 elapsed_s=69 processed=624640 rate_per_s=9016 steals=42
event=heartbeat H=20 col=4 elapsed_s=87 processed=746496 rate_per_s=8620 steals=42
event=heartbeat H=20 col=4 elapsed_s=104 processed=786432 rate_per_s=7567 steals=42
event=heartbeat H=20 col=4 elapsed_s=121 processed=786432 rate_per_s=6486 steals=42
event=heartbeat H=20 col=4 elapsed_s=139 processed=786432 rate_per_s=5675 steals=89
event=kink_round H=20 col=4 round=stage1 frontier_in=184242146 map_wall_s=47.658 map_cpu_s=1076.997 merge_wall_s=43.796 merge_cpu_s=970.525 map_units=384 merge_ranges=254 map_eff_cores=22.60 merge_eff_cores=22.16
event=fastmap_fallback H=20 col=4 stage=2
event=heartbeat H=20 col=4 elapsed_s=156 processed=35488768 rate_per_s=227657 steals=89
event=heartbeat H=20 col=4 elapsed_s=173 processed=112010240 rate_per_s=646690 steals=89
event=heartbeat H=20 col=4 elapsed_s=191 processed=199345152 rate_per_s=1046288 steals=89
event=heartbeat H=20 col=4 elapsed_s=208 processed=231179264 rate_per_s=1112255 steals=106
event=heartbeat H=20 col=4 elapsed_s=225 processed=231179264 rate_per_s=1026702 steals=106
event=heartbeat H=20 col=4 elapsed_s=242 processed=231179264 rate_per_s=953366 steals=126
event=kink_round H=20 col=4 round=stage2 frontier_in=298308305 map_wall_s=62.180 map_cpu_s=2805.323 merge_wall_s=48.254 merge_cpu_s=1104.027 map_units=409 merge_ranges=291 map_eff_cores=45.12 merge_eff_cores=22.88
event=fastmap_fallback H=20 col=4 stage=3
event=heartbeat H=20 col=4 elapsed_s=260 processed=231228416 rate_per_s=889995 steals=156
event=heartbeat H=20 col=4 elapsed_s=277 processed=300527616 rate_per_s=1084433 steals=156
event=heartbeat H=20 col=4 elapsed_s=294 processed=376034304 rate_per_s=1277077 steals=156
event=heartbeat H=20 col=4 elapsed_s=312 processed=446046208 rate_per_s=1430690 steals=156
event=heartbeat H=20 col=4 elapsed_s=329 processed=509925376 rate_per_s=1549501 steals=175
event=heartbeat H=20 col=4 elapsed_s=346 processed=509925376 rate_per_s=1472023 steals=175
event=heartbeat H=20 col=4 elapsed_s=364 processed=509925376 rate_per_s=1401928 steals=181
event=kink_round H=20 col=4 round=stage3 frontier_in=350117986 map_wall_s=74.073 map_cpu_s=3290.804 merge_wall_s=48.004 merge_cpu_s=1125.520 map_units=895 merge_ranges=247 map_eff_cores=44.43 merge_eff_cores=23.45
event=heartbeat H=20 col=4 elapsed_s=381 processed=509925376 rate_per_s=1338193 steals=226
event=fastmap_fallback H=20 col=4 stage=4
event=heartbeat H=20 col=4 elapsed_s=398 processed=567797760 rate_per_s=1425294 steals=226
event=heartbeat H=20 col=4 elapsed_s=416 processed=636750848 rate_per_s=1531782 steals=226
event=heartbeat H=20 col=4 elapsed_s=433 processed=706220032 rate_per_s=1630942 steals=226
event=heartbeat H=20 col=4 elapsed_s=450 processed=772531200 rate_per_s=1715465 steals=226
event=heartbeat H=20 col=4 elapsed_s=468 processed=789244928 rate_per_s=1687667 steals=253
event=heartbeat H=20 col=4 elapsed_s=485 processed=789244928 rate_per_s=1627391 steals=253
event=heartbeat H=20 col=4 elapsed_s=502 processed=789244928 rate_per_s=1571278 steals=292
event=kink_round H=20 col=4 round=stage4 frontier_in=380148698 map_wall_s=76.038 map_cpu_s=3438.178 merge_wall_s=53.427 merge_cpu_s=1225.362 map_units=769 merge_ranges=165 map_eff_cores=45.22 merge_eff_cores=22.94
event=fastmap_fallback H=20 col=4 stage=5
event=heartbeat H=20 col=4 elapsed_s=520 processed=789294080 rate_per_s=1518996 steals=294
event=heartbeat H=20 col=4 elapsed_s=537 processed=860983296 rate_per_s=1603511 steals=294
event=heartbeat H=20 col=4 elapsed_s=554 processed=930843648 rate_per_s=1679446 steals=294
event=heartbeat H=20 col=4 elapsed_s=572 processed=998890496 rate_per_s=1747603 steals=294
event=heartbeat H=20 col=4 elapsed_s=589 processed=1067421696 rate_per_s=1812576 steals=332
event=heartbeat H=20 col=4 elapsed_s=606 processed=1067831296 rate_per_s=1761461 steals=343
event=heartbeat H=20 col=4 elapsed_s=624 processed=1067831296 rate_per_s=1712533 steals=343
event=heartbeat H=20 col=4 elapsed_s=641 processed=1067831296 rate_per_s=1666243 steals=389
event=kink_round H=20 col=4 round=stage5 frontier_in=394613872 map_wall_s=78.150 map_cpu_s=3448.456 merge_wall_s=51.486 merge_cpu_s=1290.308 map_units=1190 merge_ranges=206 map_eff_cores=44.13 merge_eff_cores=25.06
event=fastmap_fallback H=20 col=4 stage=6
event=heartbeat H=20 col=4 elapsed_s=658 processed=1103085568 rate_per_s=1675963 steals=389
event=heartbeat H=20 col=4 elapsed_s=676 processed=1164747776 rate_per_s=1724274 steals=389
event=heartbeat H=20 col=4 elapsed_s=693 processed=1222732800 rate_per_s=1764862 steals=389
event=heartbeat H=20 col=4 elapsed_s=710 processed=1291256832 rate_per_s=1818310 steals=389
event=heartbeat H=20 col=4 elapsed_s=727 processed=1347050496 rate_per_s=1851713 steals=435
event=heartbeat H=20 col=4 elapsed_s=745 processed=1347050496 rate_per_s=1808649 steals=435
event=heartbeat H=20 col=4 elapsed_s=762 processed=1347050496 rate_per_s=1767543 steals=435
event=heartbeat H=20 col=4 elapsed_s=779 processed=1347050496 rate_per_s=1728257 steals=473
event=kink_round H=20 col=4 round=stage6 frontier_in=401307210 map_wall_s=80.355 map_cpu_s=3524.029 merge_wall_s=52.426 merge_cpu_s=1250.486 map_units=1129 merge_ranges=170 map_eff_cores=43.86 merge_eff_cores=23.85
event=fastmap_fallback H=20 col=4 stage=7
event=heartbeat H=20 col=4 elapsed_s=797 processed=1382296576 rate_per_s=1734933 steals=473
event=heartbeat H=20 col=4 elapsed_s=814 processed=1453557760 rate_per_s=1785556 steals=473
event=heartbeat H=20 col=4 elapsed_s=831 processed=1520460800 rate_per_s=1828828 steals=473
event=heartbeat H=20 col=4 elapsed_s=849 processed=1577788416 rate_per_s=1859054 steals=473
event=heartbeat H=20 col=4 elapsed_s=866 processed=1630263296 rate_per_s=1882465 steals=517
event=heartbeat H=20 col=4 elapsed_s=883 processed=1630263296 rate_per_s=1845554 steals=517
event=heartbeat H=20 col=4 elapsed_s=901 processed=1630263296 rate_per_s=1810061 steals=517
event=heartbeat H=20 col=4 elapsed_s=918 processed=1630263296 rate_per_s=1775905 steals=559
event=kink_round H=20 col=4 round=stage7 frontier_in=404953360 map_wall_s=78.628 map_cpu_s=3538.958 merge_wall_s=58.218 merge_cpu_s=1348.963 map_units=1342 merge_ranges=190 map_eff_cores=45.01 merge_eff_cores=23.17
event=fastmap_fallback H=20 col=4 stage=8
event=heartbeat H=20 col=4 elapsed_s=935 processed=1665431552 rate_per_s=1780623 steals=559
event=heartbeat H=20 col=4 elapsed_s=953 processed=1720547328 rate_per_s=1806106 steals=559
event=heartbeat H=20 col=4 elapsed_s=970 processed=1771661312 rate_per_s=1826551 steals=559
event=heartbeat H=20 col=4 elapsed_s=987 processed=1842780160 rate_per_s=1866541 steals=559
event=heartbeat H=20 col=4 elapsed_s=1005 processed=1911846912 rate_per_s=1903112 steals=576
event=heartbeat H=20 col=4 elapsed_s=1022 processed=1912007680 rate_per_s=1871012 steals=584
event=heartbeat H=20 col=4 elapsed_s=1039 processed=1912007680 rate_per_s=1839829 steals=584
event=heartbeat H=20 col=4 elapsed_s=1057 processed=1912007680 rate_per_s=1809668 steals=621
event=kink_round H=20 col=4 round=stage8 frontier_in=408064717 map_wall_s=83.411 map_cpu_s=3712.039 merge_wall_s=60.208 merge_cpu_s=1313.736 map_units=681 merge_ranges=206 map_eff_cores=44.50 merge_eff_cores=21.82
event=heartbeat H=20 col=4 elapsed_s=1074 processed=1912007680 rate_per_s=1780479 steals=626
event=fastmap_fallback H=20 col=4 stage=9
event=heartbeat H=20 col=4 elapsed_s=1091 processed=1975105536 rate_per_s=1810043 steals=626
event=heartbeat H=20 col=4 elapsed_s=1109 processed=2018349056 rate_per_s=1820772 steals=626
event=heartbeat H=20 col=4 elapsed_s=1126 processed=2089436160 rate_per_s=1855901 steals=626
event=heartbeat H=20 col=4 elapsed_s=1143 processed=2159744000 rate_per_s=1889285 steals=626
event=heartbeat H=20 col=4 elapsed_s=1160 processed=2193814528 rate_per_s=1890446 steals=659
event=heartbeat H=20 col=4 elapsed_s=1178 processed=2193814528 rate_per_s=1862646 steals=659
event=heartbeat H=20 col=4 elapsed_s=1195 processed=2193814528 rate_per_s=1835650 steals=659
event=heartbeat H=20 col=4 elapsed_s=1212 processed=2193814528 rate_per_s=1809426 steals=705
event=kink_round H=20 col=4 round=stage9 frontier_in=411594780 map_wall_s=84.406 map_cpu_s=3791.632 merge_wall_s=62.418 merge_cpu_s=1392.427 map_units=732 merge_ranges=214 map_eff_cores=44.92 merge_eff_cores=22.31
event=fastmap_fallback H=20 col=4 stage=10
event=heartbeat H=20 col=4 elapsed_s=1230 processed=2193863680 rate_per_s=1783978 steals=705
event=heartbeat H=20 col=4 elapsed_s=1247 processed=2264237056 rate_per_s=1815634 steals=705
event=heartbeat H=20 col=4 elapsed_s=1264 processed=2334525440 rate_per_s=1846354 steals=705
event=heartbeat H=20 col=4 elapsed_s=1282 processed=2392484864 rate_per_s=1866623 steals=705
event=heartbeat H=20 col=4 elapsed_s=1299 processed=2440871936 rate_per_s=1878983 steals=705
event=heartbeat H=20 col=4 elapsed_s=1316 processed=2475412480 rate_per_s=1880498 steals=707
event=heartbeat H=20 col=4 elapsed_s=1334 processed=2475412480 rate_per_s=1856077 steals=707
event=heartbeat H=20 col=4 elapsed_s=1351 processed=2475412480 rate_per_s=1832282 steals=707
event=heartbeat H=20 col=4 elapsed_s=1368 processed=2475412480 rate_per_s=1809085 steals=752
event=kink_round H=20 col=4 round=stage10 frontier_in=415824307 map_wall_s=86.680 map_cpu_s=3938.825 merge_wall_s=61.623 merge_cpu_s=1368.772 map_units=421 merge_ranges=256 map_eff_cores=45.44 merge_eff_cores=22.21
event=fastmap_fallback H=20 col=4 stage=11
event=heartbeat H=20 col=4 elapsed_s=1386 processed=2510609408 rate_per_s=1811875 steals=752
event=heartbeat H=20 col=4 elapsed_s=1403 processed=2575161344 rate_per_s=1835518 steals=752
event=heartbeat H=20 col=4 elapsed_s=1420 processed=2616994816 rate_per_s=1842588 steals=752
event=heartbeat H=20 col=4 elapsed_s=1438 processed=2687323136 rate_per_s=1869308 steals=752
event=heartbeat H=20 col=4 elapsed_s=1455 processed=2754822144 rate_per_s=1893448 steals=753
event=heartbeat H=20 col=4 elapsed_s=1472 processed=2757130240 rate_per_s=1872740 steals=777
event=heartbeat H=20 col=4 elapsed_s=1490 processed=2757130240 rate_per_s=1850963 steals=777
event=heartbeat H=20 col=4 elapsed_s=1507 processed=2757130240 rate_per_s=1829689 steals=801
event=kink_round H=20 col=4 round=stage11 frontier_in=420687904 map_wall_s=85.696 map_cpu_s=3846.458 merge_wall_s=58.771 merge_cpu_s=1318.565 map_units=511 merge_ranges=233 map_eff_cores=44.88 merge_eff_cores=22.44
event=heartbeat H=20 col=4 elapsed_s=1524 processed=2757130240 rate_per_s=1808897 steals=818
event=fastmap_fallback H=20 col=4 stage=12
event=heartbeat H=20 col=4 elapsed_s=1542 processed=2826074112 rate_per_s=1833296 steals=818
event=heartbeat H=20 col=4 elapsed_s=1559 processed=2862780416 rate_per_s=1836474 steals=818
event=heartbeat H=20 col=4 elapsed_s=1576 processed=2933165056 rate_per_s=1860948 steals=818
event=heartbeat H=20 col=4 elapsed_s=1593 processed=3003508736 rate_per_s=1884865 steals=818
event=heartbeat H=20 col=4 elapsed_s=1611 processed=3038755840 rate_per_s=1886477 steals=819
event=heartbeat H=20 col=4 elapsed_s=1628 processed=3038755840 rate_per_s=1866410 steals=819
event=heartbeat H=20 col=4 elapsed_s=1645 processed=3038755840 rate_per_s=1846764 steals=819
event=heartbeat H=20 col=4 elapsed_s=1663 processed=3038755840 rate_per_s=1827524 steals=859
event=kink_round H=20 col=4 round=stage12 frontier_in=426047272 map_wall_s=84.457 map_cpu_s=3817.613 merge_wall_s=57.265 merge_cpu_s=1318.630 map_units=424 merge_ranges=268 map_eff_cores=45.20 merge_eff_cores=23.03
event=fastmap_fallback H=20 col=4 stage=13
event=heartbeat H=20 col=4 elapsed_s=1680 processed=3073965056 rate_per_s=1829642 steals=859
event=heartbeat H=20 col=4 elapsed_s=1697 processed=3144397824 rate_per_s=1852467 steals=859
event=heartbeat H=20 col=4 elapsed_s=1715 processed=3184772096 rate_per_s=1857301 steals=859
event=heartbeat H=20 col=4 elapsed_s=1732 processed=3253718016 rate_per_s=1878534 steals=859
event=heartbeat H=20 col=4 elapsed_s=1749 processed=3319876608 rate_per_s=1897753 steals=909
event=heartbeat H=20 col=4 elapsed_s=1767 processed=3319876608 rate_per_s=1879148 steals=909
event=heartbeat H=20 col=4 elapsed_s=1784 processed=3319876608 rate_per_s=1860904 steals=909
event=heartbeat H=20 col=4 elapsed_s=1801 processed=3319876608 rate_per_s=1843011 steals=916
event=kink_round H=20 col=4 round=stage13 frontier_in=431575924 map_wall_s=83.445 map_cpu_s=3684.053 merge_wall_s=63.955 merge_cpu_s=1423.698 map_units=613 merge_ranges=217 map_eff_cores=44.15 merge_eff_cores=22.26
event=heartbeat H=20 col=4 elapsed_s=1819 processed=3319876608 rate_per_s=1825450 steals=956
event=fastmap_fallback H=20 col=4 stage=14
event=heartbeat H=20 col=4 elapsed_s=1836 processed=3355159552 rate_per_s=1827452 steals=956
event=heartbeat H=20 col=4 elapsed_s=1853 processed=3425632256 rate_per_s=1848401 steals=956
event=heartbeat H=20 col=4 elapsed_s=1871 processed=3496038400 rate_per_s=1868924 steals=956
event=heartbeat H=20 col=4 elapsed_s=1888 processed=3566439424 rate_per_s=1889068 steals=956
event=heartbeat H=20 col=4 elapsed_s=1905 processed=3601659904 rate_per_s=1890380 steals=956
event=heartbeat H=20 col=4 elapsed_s=1923 processed=3601659904 rate_per_s=1873350 steals=956
event=heartbeat H=20 col=4 elapsed_s=1940 processed=3601659904 rate_per_s=1856623 steals=956
event=heartbeat H=20 col=4 elapsed_s=1957 processed=3601659904 rate_per_s=1840194 steals=964
event=kink_round H=20 col=4 round=stage14 frontier_in=436879769 map_wall_s=84.592 map_cpu_s=3750.028 merge_wall_s=68.061 merge_cpu_s=1483.717 map_units=384 merge_ranges=271 map_eff_cores=44.33 merge_eff_cores=21.80
event=heartbeat H=20 col=4 elapsed_s=1975 processed=3601659904 rate_per_s=1824047 steals=1005
event=fastmap_fallback H=20 col=4 stage=15
event=heartbeat H=20 col=4 elapsed_s=1992 processed=3636967424 rate_per_s=1825915 steals=1005
event=heartbeat H=20 col=4 elapsed_s=2009 processed=3708234752 rate_per_s=1845646 steals=1005
event=heartbeat H=20 col=4 elapsed_s=2027 processed=3778673664 rate_per_s=1864630 steals=1005
event=heartbeat H=20 col=4 elapsed_s=2044 processed=3848397824 rate_per_s=1882943 steals=1005
event=heartbeat H=20 col=4 elapsed_s=2061 processed=3883723776 rate_per_s=1884257 steals=1029
event=heartbeat H=20 col=4 elapsed_s=2078 processed=3883723776 rate_per_s=1868557 steals=1029
event=heartbeat H=20 col=4 elapsed_s=2096 processed=3883723776 rate_per_s=1853114 steals=1029
event=heartbeat H=20 col=4 elapsed_s=2113 processed=3883723776 rate_per_s=1837925 steals=1048
event=kink_round H=20 col=4 round=stage15 frontier_in=441570859 map_wall_s=82.114 map_cpu_s=3663.850 merge_wall_s=68.733 merge_cpu_s=1490.148 map_units=505 merge_ranges=219 map_eff_cores=44.62 merge_eff_cores=21.68
event=heartbeat H=20 col=4 elapsed_s=2130 processed=3883723776 rate_per_s=1822975 steals=1084
event=fastmap_fallback H=20 col=4 stage=16
event=heartbeat H=20 col=4 elapsed_s=2148 processed=3921997824 rate_per_s=1826102 steals=1084
event=heartbeat H=20 col=4 elapsed_s=2165 processed=3989645312 rate_per_s=1842736 steals=1084
event=heartbeat H=20 col=4 elapsed_s=2182 processed=4060171264 rate_per_s=1860429 steals=1084
event=heartbeat H=20 col=4 elapsed_s=2200 processed=4130641920 rate_per_s=1877816 steals=1084
event=heartbeat H=20 col=4 elapsed_s=2217 processed=4165889024 rate_per_s=1879042 steals=1084
event=heartbeat H=20 col=4 elapsed_s=2234 processed=4165889024 rate_per_s=1864478 steals=1084
event=heartbeat H=20 col=4 elapsed_s=2252 processed=4165889024 rate_per_s=1850135 steals=1084
event=heartbeat H=20 col=4 elapsed_s=2269 processed=4165889024 rate_per_s=1836013 steals=1134
event=kink_round H=20 col=4 round=stage16 frontier_in=444989024 map_wall_s=82.862 map_cpu_s=3687.805 merge_wall_s=59.813 merge_cpu_s=1356.646 map_units=384 merge_ranges=205 map_eff_cores=44.51 merge_eff_cores=22.68
event=fastmap_fallback H=20 col=4 stage=17
event=heartbeat H=20 col=4 elapsed_s=2286 processed=4190200832 rate_per_s=1832737 steals=1134
event=heartbeat H=20 col=4 elapsed_s=2304 processed=4236581888 rate_per_s=1839090 steals=1134
event=heartbeat H=20 col=4 elapsed_s=2321 processed=4308683776 rate_per_s=1856433 steals=1134
event=heartbeat H=20 col=4 elapsed_s=2338 processed=4380024832 rate_per_s=1873191 steals=1134
event=heartbeat H=20 col=4 elapsed_s=2356 processed=4448648192 rate_per_s=1888550 steals=1210
event=heartbeat H=20 col=4 elapsed_s=2373 processed=4448648192 rate_per_s=1874765 steals=1210
event=heartbeat H=20 col=4 elapsed_s=2390 processed=4448648192 rate_per_s=1861180 steals=1211
event=kink_round H=20 col=4 round=stage17 frontier_in=447662850 map_wall_s=78.601 map_cpu_s=3497.060 merge_wall_s=49.593 merge_cpu_s=1184.839 map_units=768 merge_ranges=193 map_eff_cores=44.49 merge_eff_cores=23.89
event=heartbeat H=20 col=4 elapsed_s=2408 processed=4448648192 rate_per_s=1847786 steals=1252
event=fastmap_fallback H=20 col=4 stage=18
event=heartbeat H=20 col=4 elapsed_s=2425 processed=4483981312 rate_per_s=1849162 steals=1252
event=heartbeat H=20 col=4 elapsed_s=2442 processed=4554602496 rate_per_s=1864965 steals=1252
event=heartbeat H=20 col=4 elapsed_s=2460 processed=4625074176 rate_per_s=1880483 steals=1252
event=heartbeat H=20 col=4 elapsed_s=2477 processed=4695645184 rate_per_s=1895826 steals=1252
event=heartbeat H=20 col=4 elapsed_s=2494 processed=4730898432 rate_per_s=1896795 steals=1252
event=heartbeat H=20 col=4 elapsed_s=2511 processed=4730898432 rate_per_s=1883713 steals=1252
event=heartbeat H=20 col=4 elapsed_s=2529 processed=4730898432 rate_per_s=1870811 steals=1254
event=kink_round H=20 col=4 round=stage18 frontier_in=445990329 map_wall_s=80.748 map_cpu_s=3559.912 merge_wall_s=50.772 merge_cpu_s=1221.885 map_units=384 merge_ranges=295 map_eff_cores=44.09 merge_eff_cores=24.07
event=heartbeat H=20 col=4 elapsed_s=2546 processed=4730898432 rate_per_s=1858080 steals=1303
event=fastmap_fallback H=20 col=4 stage=19
event=heartbeat H=20 col=4 elapsed_s=2563 processed=4766307328 rate_per_s=1859344 steals=1303
event=heartbeat H=20 col=4 elapsed_s=2581 processed=4836964352 rate_per_s=1874243 steals=1303
event=heartbeat H=20 col=4 elapsed_s=2598 processed=4907715584 rate_per_s=1888979 steals=1303
event=heartbeat H=20 col=4 elapsed_s=2615 processed=4978370560 rate_per_s=1903485 steals=1303
event=heartbeat H=20 col=4 elapsed_s=2633 processed=5013623808 rate_per_s=1904353 steals=1303
event=heartbeat H=20 col=4 elapsed_s=2650 processed=5013623808 rate_per_s=1891906 steals=1303
event=heartbeat H=20 col=4 elapsed_s=2667 processed=5013623808 rate_per_s=1879621 steals=1351
event=kink_round H=20 col=4 round=stage19 frontier_in=452068867 map_wall_s=78.169 map_cpu_s=3512.542 merge_wall_s=45.882 merge_cpu_s=1157.418 map_units=384 merge_ranges=214 map_eff_cores=44.94 merge_eff_cores=25.23
event=fastmap_fallback H=20 col=4 stage=finalize
event=heartbeat H=20 col=4 elapsed_s=2685 processed=5013623808 rate_per_s=1867494 steals=1351
event=heartbeat H=20 col=4 elapsed_s=2702 processed=5013623808 rate_per_s=1855524 steals=1351
event=heartbeat H=20 col=4 elapsed_s=2719 processed=5013623808 rate_per_s=1843704 steals=1351
event=heartbeat H=20 col=4 elapsed_s=2737 processed=5013623808 rate_per_s=1832034 steals=1378
event=kink_round H=20 col=4 round=finalize frontier_in=455933096 map_wall_s=47.671 map_cpu_s=1927.590 merge_wall_s=21.736 merge_cpu_s=539.589 map_units=384 merge_ranges=138 map_eff_cores=40.44 merge_eff_cores=24.82
event=column H=20 col=4 frontier_in=114616902 frontier_out=127191908 wall_s=2748.82 cum_wall_s=5135.7 cpu_s=93811.8 rss_max_mb=1076.6 map_wall_s=1563.69 map_cpu_s=68482.7 merge_wall_s=1107.17 merge_cpu_s=25329.0 map_units=13461 merge_ranges=4561 eff_cores=34.13
event=fastmap_fallback H=20 col=5 stage=seed
event=kink_round H=20 col=5 round=seed frontier_in=127191908 map_wall_s=10.532 map_cpu_s=405.223 merge_wall_s=0.000 merge_cpu_s=0.000 map_units=384 merge_ranges=0 map_eff_cores=38.47 merge_eff_cores=0.00
event=fastmap_fallback H=20 col=5 stage=0
event=heartbeat H=20 col=5 elapsed_s=17 processed=116736 rate_per_s=6739 steals=0
event=heartbeat H=20 col=5 elapsed_s=35 processed=270336 rate_per_s=7804 steals=0
event=heartbeat H=20 col=5 elapsed_s=52 processed=413696 rate_per_s=7962 steals=16
event=heartbeat H=20 col=5 elapsed_s=69 processed=413696 rate_per_s=5971 steals=16
event=kink_round H=20 col=5 round=stage0 frontier_in=127191908 map_wall_s=40.221 map_cpu_s=773.184 merge_wall_s=33.362 merge_cpu_s=739.660 map_units=408 merge_ranges=225 map_eff_cores=19.22 merge_eff_cores=22.17
event=heartbeat H=20 col=5 elapsed_s=87 processed=413696 rate_per_s=4777 steals=52
event=fastmap_fallback H=20 col=5 stage=1
event=heartbeat H=20 col=5 elapsed_s=104 processed=570368 rate_per_s=5488 steals=52
event=heartbeat H=20 col=5 elapsed_s=121 processed=671744 rate_per_s=5540 steals=52
event=heartbeat H=20 col=5 elapsed_s=139 processed=806912 rate_per_s=5823 steals=52
event=heartbeat H=20 col=5 elapsed_s=156 processed=806912 rate_per_s=5176 steals=52
event=heartbeat H=20 col=5 elapsed_s=173 processed=806912 rate_per_s=4659 steals=52
event=heartbeat H=20 col=5 elapsed_s=191 processed=806912 rate_per_s=4235 steals=86
event=kink_round H=20 col=5 round=stage1 frontier_in=204696481 map_wall_s=58.526 map_cpu_s=1288.601 merge_wall_s=53.949 merge_cpu_s=1164.196 map_units=384 merge_ranges=236 map_eff_cores=22.02 merge_eff_cores=21.58
event=fastmap_fallback H=20 col=5 stage=2
event=heartbeat H=20 col=5 elapsed_s=208 processed=856064 rate_per_s=4119 steals=89
event=heartbeat H=20 col=5 elapsed_s=225 processed=79726592 rate_per_s=354076 steals=89
event=heartbeat H=20 col=5 elapsed_s=242 processed=158540800 rate_per_s=653810 steals=89
event=heartbeat H=20 col=5 elapsed_s=260 processed=230311936 rate_per_s=886469 steals=89
event=heartbeat H=20 col=5 elapsed_s=277 processed=280815616 rate_per_s=1013302 steals=124
event=heartbeat H=20 col=5 elapsed_s=294 processed=280815616 rate_per_s=953695 steals=124
event=heartbeat H=20 col=5 elapsed_s=312 processed=280815616 rate_per_s=900713 steals=127
event=heartbeat H=20 col=5 elapsed_s=329 processed=280815616 rate_per_s=853298 steals=171
event=kink_round H=20 col=5 round=stage2 frontier_in=330007342 map_wall_s=71.726 map_cpu_s=3166.350 merge_wall_s=57.449 merge_cpu_s=1304.976 map_units=1169 merge_ranges=201 map_eff_cores=44.14 merge_eff_cores=22.72
event=fastmap_fallback H=20 col=5 stage=3
event=heartbeat H=20 col=5 elapsed_s=346 processed=315572224 rate_per_s=910977 steals=171
event=heartbeat H=20 col=5 elapsed_s=364 processed=385634304 rate_per_s=1060217 steals=171
event=heartbeat H=20 col=5 elapsed_s=381 processed=457700352 rate_per_s=1201149 steals=171
event=heartbeat H=20 col=5 elapsed_s=398 processed=513360896 rate_per_s=1288646 steals=171
event=heartbeat H=20 col=5 elapsed_s=416 processed=559746048 rate_per_s=1346536 steals=191
event=heartbeat H=20 col=5 elapsed_s=433 processed=559746048 rate_per_s=1292672 steals=191
event=heartbeat H=20 col=5 elapsed_s=450 processed=559746048 rate_per_s=1242958 steals=191
event=heartbeat H=20 col=5 elapsed_s=468 processed=559746048 rate_per_s=1196923 steals=232
event=kink_round H=20 col=5 round=stage3 frontier_in=384926121 map_wall_s=80.004 map_cpu_s=3560.617 merge_wall_s=63.602 merge_cpu_s=1461.573 map_units=805 merge_ranges=294 map_eff_cores=44.51 merge_eff_cores=22.98
event=fastmap_fallback H=20 col=5 stage=4
event=heartbeat H=20 col=5 elapsed_s=485 processed=559795200 rate_per_s=1154274 steals=237
event=heartbeat H=20 col=5 elapsed_s=502 processed=630244352 rate_per_s=1254728 steals=237
event=heartbeat H=20 col=5 elapsed_s=520 processed=694931456 rate_per_s=1337394 steals=237
event=heartbeat H=20 col=5 elapsed_s=537 processed=757861376 rate_per_s=1411452 steals=237
event=heartbeat H=20 col=5 elapsed_s=554 processed=813383680 rate_per_s=1467519 steals=237
event=heartbeat H=20 col=5 elapsed_s=572 processed=839390208 rate_per_s=1468550 steals=258
event=heartbeat H=20 col=5 elapsed_s=589 processed=839390208 rate_per_s=1425357 steals=258
event=heartbeat H=20 col=5 elapsed_s=606 processed=839390208 rate_per_s=1384632 steals=259
event=heartbeat H=20 col=5 elapsed_s=624 processed=839390208 rate_per_s=1346170 steals=305
event=kink_round H=20 col=5 round=stage4 frontier_in=417254142 map_wall_s=82.216 map_cpu_s=3712.778 merge_wall_s=65.559 merge_cpu_s=1428.254 map_units=690 merge_ranges=254 map_eff_cores=45.16 merge_eff_cores=21.79
event=fastmap_fallback H=20 col=5 stage=5
event=heartbeat H=20 col=5 elapsed_s=641 processed=868676608 rate_per_s=1355486 steals=305
event=heartbeat H=20 col=5 elapsed_s=658 processed=915965952 rate_per_s=1391663 steals=305
event=heartbeat H=20 col=5 elapsed_s=676 processed=983424000 rate_per_s=1455845 steals=305
event=heartbeat H=20 col=5 elapsed_s=693 processed=1047937024 rate_per_s=1512565 steals=305
event=heartbeat H=20 col=5 elapsed_s=710 processed=1106706432 rate_per_s=1558430 steals=312
event=heartbeat H=20 col=5 elapsed_s=727 processed=1117464576 rate_per_s=1536113 steals=344
event=heartbeat H=20 col=5 elapsed_s=745 processed=1117464576 rate_per_s=1500390 steals=344
event=heartbeat H=20 col=5 elapsed_s=762 processed=1117464576 rate_per_s=1466291 steals=345
event=heartbeat H=20 col=5 elapsed_s=779 processed=1117464576 rate_per_s=1433697 steals=393
event=kink_round H=20 col=5 round=stage5 frontier_in=432954671 map_wall_s=86.201 map_cpu_s=3757.941 merge_wall_s=62.488 merge_cpu_s=1441.908 map_units=956 merge_ranges=153 map_eff_cores=43.60 merge_eff_cores=23.07
event=fastmap_fallback H=20 col=5 stage=6
event=heartbeat H=20 col=5 elapsed_s=797 processed=1152805888 rate_per_s=1446896 steals=393
event=heartbeat H=20 col=5 elapsed_s=814 processed=1222582272 rate_per_s=1501825 steals=393
event=heartbeat H=20 col=5 elapsed_s=831 processed=1278490624 rate_per_s=1537783 steals=393
event=heartbeat H=20 col=5 elapsed_s=849 processed=1341351936 rate_per_s=1580467 steals=393
event=heartbeat H=20 col=5 elapsed_s=866 processed=1396867072 rate_per_s=1612961 steals=425
event=heartbeat H=20 col=5 elapsed_s=883 processed=1398446080 rate_per_s=1583121 steals=428
event=heartbeat H=20 col=5 elapsed_s=901 processed=1398446080 rate_per_s=1552678 steals=428
event=heartbeat H=20 col=5 elapsed_s=918 processed=1398446080 rate_per_s=1523382 steals=429
event=heartbeat H=20 col=5 elapsed_s=935 processed=1398446080 rate_per_s=1495164 steals=478
event=kink_round H=20 col=5 round=stage6 frontier_in=440030141 map_wall_s=86.248 map_cpu_s=3790.933 merge_wall_s=67.586 merge_cpu_s=1519.294 map_units=854 merge_ranges=280 map_eff_cores=43.95 merge_eff_cores=22.48
event=fastmap_fallback H=20 col=5 stage=7
event=heartbeat H=20 col=5 elapsed_s=953 processed=1433682944 rate_per_s=1504976 steals=478
event=heartbeat H=20 col=5 elapsed_s=970 processed=1497135104 rate_per_s=1543519 steals=478
event=heartbeat H=20 col=5 elapsed_s=987 processed=1548752896 rate_per_s=1568723 steals=478
event=heartbeat H=20 col=5 elapsed_s=1005 processed=1617170432 rate_per_s=1609781 steals=478
event=heartbeat H=20 col=5 elapsed_s=1022 processed=1679855616 rate_per_s=1643838 steals=494
event=heartbeat H=20 col=5 elapsed_s=1039 processed=1681326080 rate_per_s=1617854 steals=528
event=heartbeat H=20 col=5 elapsed_s=1057 processed=1681326080 rate_per_s=1591334 steals=528
event=heartbeat H=20 col=5 elapsed_s=1074 processed=1681326080 rate_per_s=1565667 steals=529
event=heartbeat H=20 col=5 elapsed_s=1091 processed=1681326080 rate_per_s=1540807 steals=571
event=kink_round H=20 col=5 round=stage7 frontier_in=443198679 map_wall_s=84.961 map_cpu_s=3825.261 merge_wall_s=66.968 merge_cpu_s=1487.516 map_units=1316 merge_ranges=168 map_eff_cores=45.02 merge_eff_cores=22.21
event=fastmap_fallback H=20 col=5 stage=8
event=heartbeat H=20 col=5 elapsed_s=1109 processed=1716613120 rate_per_s=1548572 steals=571
event=heartbeat H=20 col=5 elapsed_s=1126 processed=1785183232 rate_per_s=1585653 steals=571
event=heartbeat H=20 col=5 elapsed_s=1143 processed=1827742720 rate_per_s=1598859 steals=571
event=heartbeat H=20 col=5 elapsed_s=1160 processed=1897679872 rate_per_s=1635261 steals=571
event=heartbeat H=20 col=5 elapsed_s=1178 processed=1960978432 rate_per_s=1664956 steals=580
event=heartbeat H=20 col=5 elapsed_s=1195 processed=1964690432 rate_per_s=1643933 steals=660
event=heartbeat H=20 col=5 elapsed_s=1212 processed=1964690432 rate_per_s=1620447 steals=660
event=heartbeat H=20 col=5 elapsed_s=1230 processed=1964690432 rate_per_s=1597625 steals=660
event=heartbeat H=20 col=5 elapsed_s=1247 processed=1964690432 rate_per_s=1575432 steals=711
event=kink_round H=20 col=5 round=stage8 frontier_in=444885923 map_wall_s=86.084 map_cpu_s=3891.347 merge_wall_s=68.702 merge_cpu_s=1599.860 map_units=1352 merge_ranges=279 map_eff_cores=45.20 merge_eff_cores=23.29
event=fastmap_fallback H=20 col=5 stage=9
event=heartbeat H=20 col=5 elapsed_s=1264 processed=1999889408 rate_per_s=1581690 steals=711
event=heartbeat H=20 col=5 elapsed_s=1282 processed=2043990016 rate_per_s=1594726 steals=711
event=heartbeat H=20 col=5 elapsed_s=1299 processed=2107271168 rate_per_s=1622177 steals=711
event=heartbeat H=20 col=5 elapsed_s=1316 processed=2177150976 rate_per_s=1653918 steals=711
event=heartbeat H=20 col=5 elapsed_s=1334 processed=2217648128 rate_per_s=1662804 steals=711
event=heartbeat H=20 col=5 elapsed_s=1351 processed=2247667712 rate_per_s=1663705 steals=829
event=heartbeat H=20 col=5 elapsed_s=1368 processed=2247667712 rate_per_s=1642647 steals=829
event=heartbeat H=20 col=5 elapsed_s=1386 processed=2247667712 rate_per_s=1622113 steals=829
event=heartbeat H=20 col=5 elapsed_s=1403 processed=2247667712 rate_per_s=1602087 steals=881
event=kink_round H=20 col=5 round=stage9 frontier_in=446043012 map_wall_s=90.802 map_cpu_s=3994.803 merge_wall_s=67.415 merge_cpu_s=1508.039 map_units=1080 merge_ranges=220 map_eff_cores=43.99 merge_eff_cores=22.37
event=fastmap_fallback H=20 col=5 stage=10
event=heartbeat H=20 col=5 elapsed_s=1420 processed=2247716864 rate_per_s=1582582 steals=881
event=heartbeat H=20 col=5 elapsed_s=1438 processed=2318281728 rate_per_s=1612602 steals=881
event=heartbeat H=20 col=5 elapsed_s=1455 processed=2382353408 rate_per_s=1637442 steals=881
event=heartbeat H=20 col=5 elapsed_s=1472 processed=2427931648 rate_per_s=1649136 steals=881
event=heartbeat H=20 col=5 elapsed_s=1490 processed=2496986112 rate_per_s=1676319 steals=881
event=heartbeat H=20 col=5 elapsed_s=1507 processed=2530491392 rate_per_s=1679286 steals=991
event=heartbeat H=20 col=5 elapsed_s=1524 processed=2530491392 rate_per_s=1660203 steals=991
event=heartbeat H=20 col=5 elapsed_s=1542 processed=2530491392 rate_per_s=1641549 steals=991
event=heartbeat H=20 col=5 elapsed_s=1559 processed=2530491392 rate_per_s=1623311 steals=994
event=heartbeat H=20 col=5 elapsed_s=1576 processed=2530491392 rate_per_s=1605467 steals=1034
event=kink_round H=20 col=5 round=stage10 frontier_in=447114227 map_wall_s=92.464 map_cpu_s=4016.459 merge_wall_s=71.089 merge_cpu_s=1547.256 map_units=873 merge_ranges=220 map_eff_cores=43.44 merge_eff_cores=21.77
event=fastmap_fallback H=20 col=5 stage=11
event=heartbeat H=20 col=5 elapsed_s=1593 processed=2565832704 rate_per_s=1610199 steals=1034
event=heartbeat H=20 col=5 elapsed_s=1611 processed=2636525568 rate_per_s=1636772 steals=1034
event=heartbeat H=20 col=5 elapsed_s=1628 processed=2673308672 rate_per_s=1641952 steals=1034
event=heartbeat H=20 col=5 elapsed_s=1645 processed=2743175168 rate_per_s=1667128 steals=1034
event=heartbeat H=20 col=5 elapsed_s=1663 processed=2782113792 rate_per_s=1673181 steals=1034
event=heartbeat H=20 col=5 elapsed_s=1680 processed=2813107200 rate_per_s=1674379 steals=1064
event=heartbeat H=20 col=5 elapsed_s=1697 processed=2813107200 rate_per_s=1657293 steals=1064
event=heartbeat H=20 col=5 elapsed_s=1715 processed=2813107200 rate_per_s=1640553 steals=1064
event=heartbeat H=20 col=5 elapsed_s=1732 processed=2813107200 rate_per_s=1624147 steals=1067
event=heartbeat H=20 col=5 elapsed_s=1749 processed=2813107200 rate_per_s=1608063 steals=1118
event=kink_round H=20 col=5 round=stage11 frontier_in=448191309 map_wall_s=91.614 map_cpu_s=4082.917 merge_wall_s=79.631 merge_cpu_s=1658.571 map_units=578 merge_ranges=258 map_eff_cores=44.57 merge_eff_cores=20.83
event=fastmap_fallback H=20 col=5 stage=12
event=heartbeat H=20 col=5 elapsed_s=1767 processed=2848438272 rate_per_s=1612297 steals=1118
event=heartbeat H=20 col=5 elapsed_s=1784 processed=2917672960 rate_per_s=1635455 steals=1118
event=heartbeat H=20 col=5 elapsed_s=1801 processed=2955972608 rate_per_s=1640991 steals=1118
event=heartbeat H=20 col=5 elapsed_s=1819 processed=3026565120 rate_per_s=1664178 steals=1118
event=heartbeat H=20 col=5 elapsed_s=1836 processed=3072154624 rate_per_s=1673310 steals=1118
event=heartbeat H=20 col=5 elapsed_s=1853 processed=3095897088 rate_per_s=1670482 steals=1163
event=heartbeat H=20 col=5 elapsed_s=1871 processed=3095897088 rate_per_s=1655015 steals=1163
event=heartbeat H=20 col=5 elapsed_s=1888 processed=3095897088 rate_per_s=1639831 steals=1163
event=heartbeat H=20 col=5 elapsed_s=1905 processed=3095897088 rate_per_s=1624924 steals=1209
event=kink_round H=20 col=5 round=stage12 frontier_in=449313105 map_wall_s=89.285 map_cpu_s=3983.450 merge_wall_s=67.657 merge_cpu_s=1444.186 map_units=655 merge_ranges=239 map_eff_cores=44.62 merge_eff_cores=21.35
event=fastmap_fallback H=20 col=5 stage=13
event=heartbeat H=20 col=5 elapsed_s=1923 processed=3095946240 rate_per_s=1610310 steals=1209
event=heartbeat H=20 col=5 elapsed_s=1940 processed=3167397888 rate_per_s=1632765 steals=1209
event=heartbeat H=20 col=5 elapsed_s=1957 processed=3237998592 rate_per_s=1654388 steals=1209
event=heartbeat H=20 col=5 elapsed_s=1975 processed=3297650688 rate_per_s=1670087 steals=1209
event=heartbeat H=20 col=5 elapsed_s=1992 processed=3347664896 rate_per_s=1680673 steals=1209
event=heartbeat H=20 col=5 elapsed_s=2009 processed=3378734080 rate_per_s=1681648 steals=1269
event=heartbeat H=20 col=5 elapsed_s=2027 processed=3378734080 rate_per_s=1667275 steals=1269
event=heartbeat H=20 col=5 elapsed_s=2044 processed=3378734080 rate_per_s=1653145 steals=1269
event=heartbeat H=20 col=5 elapsed_s=2061 processed=3378734080 rate_per_s=1639254 steals=1322
event=kink_round H=20 col=5 round=stage13 frontier_in=450382519 map_wall_s=87.173 map_cpu_s=3889.434 merge_wall_s=67.740 merge_cpu_s=1527.345 map_units=683 merge_ranges=324 map_eff_cores=44.62 merge_eff_cores=22.55
event=fastmap_fallback H=20 col=5 stage=14
event=heartbeat H=20 col=5 elapsed_s=2078 processed=3378783232 rate_per_s=1625617 steals=1325
event=heartbeat H=20 col=5 elapsed_s=2096 processed=3449457664 rate_per_s=1645905 steals=1325
event=heartbeat H=20 col=5 elapsed_s=2113 processed=3520104448 rate_per_s=1665846 steals=1325
event=heartbeat H=20 col=5 elapsed_s=2130 processed=3559183360 rate_per_s=1670646 steals=1325
event=heartbeat H=20 col=5 elapsed_s=2148 processed=3629766656 rate_per_s=1690037 steals=1325
event=heartbeat H=20 col=5 elapsed_s=2165 processed=3660915712 rate_per_s=1690904 steals=1410
event=heartbeat H=20 col=5 elapsed_s=2182 processed=3660915712 rate_per_s=1677484 steals=1410
event=heartbeat H=20 col=5 elapsed_s=2200 processed=3660915712 rate_per_s=1664276 steals=1410
event=heartbeat H=20 col=5 elapsed_s=2217 processed=3660915712 rate_per_s=1651273 steals=1411
event=heartbeat H=20 col=5 elapsed_s=2234 processed=3660915712 rate_per_s=1638471 steals=1457
event=kink_round H=20 col=5 round=stage14 frontier_in=451295147 map_wall_s=86.284 map_cpu_s=3819.565 merge_wall_s=78.139 merge_cpu_s=1676.079 map_units=790 merge_ranges=215 map_eff_cores=44.27 merge_eff_cores=21.45
event=fastmap_fallback H=20 col=5 stage=15
event=heartbeat H=20 col=5 elapsed_s=2252 processed=3696263168 rate_per_s=1641566 steals=1457
event=heartbeat H=20 col=5 elapsed_s=2269 processed=3766991872 rate_per_s=1660208 steals=1457
event=heartbeat H=20 col=5 elapsed_s=2286 processed=3804557312 rate_per_s=1664061 steals=1457
event=heartbeat H=20 col=5 elapsed_s=2304 processed=3876673536 rate_per_s=1682856 steals=1457
event=heartbeat H=20 col=5 elapsed_s=2321 processed=3943610368 rate_per_s=1699135 steals=1490
event=heartbeat H=20 col=5 elapsed_s=2338 processed=3943801856 rate_per_s=1686632 steals=1542
event=heartbeat H=20 col=5 elapsed_s=2356 processed=3943801856 rate_per_s=1674231 steals=1542
event=heartbeat H=20 col=5 elapsed_s=2373 processed=3943801856 rate_per_s=1662010 steals=1542
event=heartbeat H=20 col=5 elapsed_s=2390 processed=3943801856 rate_per_s=1649967 steals=1595
event=kink_round H=20 col=5 round=stage15 frontier_in=452075043 map_wall_s=85.335 map_cpu_s=3765.698 merge_wall_s=70.195 merge_cpu_s=1549.418 map_units=777 merge_ranges=260 map_eff_cores=44.13 merge_eff_cores=22.07
event=fastmap_fallback H=20 col=5 stage=16
event=heartbeat H=20 col=5 elapsed_s=2408 processed=3952699392 rate_per_s=1641791 steals=1595
event=heartbeat H=20 col=5 elapsed_s=2425 processed=4015319040 rate_per_s=1655889 steals=1595
event=heartbeat H=20 col=5 elapsed_s=2442 processed=4086675456 rate_per_s=1673364 steals=1595
event=heartbeat H=20 col=5 elapsed_s=2460 processed=4157314048 rate_per_s=1690300 steals=1595
event=heartbeat H=20 col=5 elapsed_s=2477 processed=4216122368 rate_per_s=1702223 steals=1596
event=heartbeat H=20 col=5 elapsed_s=2494 processed=4226589696 rate_per_s=1694598 steals=1653
event=heartbeat H=20 col=5 elapsed_s=2511 processed=4226589696 rate_per_s=1682912 steals=1653
event=heartbeat H=20 col=5 elapsed_s=2529 processed=4226589696 rate_per_s=1671385 steals=1653
event=heartbeat H=20 col=5 elapsed_s=2546 processed=4226589696 rate_per_s=1660015 steals=1704
event=kink_round H=20 col=5 round=stage16 frontier_in=452546707 map_wall_s=84.279 map_cpu_s=3720.070 merge_wall_s=66.632 merge_cpu_s=1509.048 map_units=626 merge_ranges=300 map_eff_cores=44.14 merge_eff_cores=22.65
event=fastmap_fallback H=20 col=5 stage=17
event=heartbeat H=20 col=5 elapsed_s=2563 processed=4261947392 rate_per_s=1662591 steals=1704
event=heartbeat H=20 col=5 elapsed_s=2581 processed=4298095616 rate_per_s=1665440 steals=1704
event=heartbeat H=20 col=5 elapsed_s=2598 processed=4368792576 rate_per_s=1681548 steals=1704
event=heartbeat H=20 col=5 elapsed_s=2615 processed=4440916992 rate_per_s=1697989 steals=1704
event=heartbeat H=20 col=5 elapsed_s=2633 processed=4509333504 rate_per_s=1712806 steals=1726
event=heartbeat H=20 col=5 elapsed_s=2650 processed=4509429760 rate_per_s=1701646 steals=1748
event=heartbeat H=20 col=5 elapsed_s=2667 processed=4509429760 rate_per_s=1690597 steals=1748
event=heartbeat H=20 col=5 elapsed_s=2685 processed=4509429760 rate_per_s=1679690 steals=1811
event=kink_round H=20 col=5 round=stage17 frontier_in=453786325 map_wall_s=82.340 map_cpu_s=3655.502 merge_wall_s=51.714 merge_cpu_s=1235.259 map_units=577 merge_ranges=329 map_eff_cores=44.40 merge_eff_cores=23.89
event=fastmap_fallback H=20 col=5 stage=18
event=heartbeat H=20 col=5 elapsed_s=2702 processed=4533010432 rate_per_s=1677650 steals=1811
event=heartbeat H=20 col=5 elapsed_s=2719 processed=4580233216 rate_per_s=1684329 steals=1811
event=heartbeat H=20 col=5 elapsed_s=2737 processed=4652985344 rate_per_s=1700254 steals=1811
event=heartbeat H=20 col=5 elapsed_s=2754 processed=4725093376 rate_per_s=1715744 steals=1811
event=heartbeat H=20 col=5 elapsed_s=2771 processed=4792238080 rate_per_s=1729249 steals=1893
event=heartbeat H=20 col=5 elapsed_s=2789 processed=4792267776 rate_per_s=1718519 steals=1895
event=heartbeat H=20 col=5 elapsed_s=2806 processed=4792267776 rate_per_s=1707911 steals=1895
event=heartbeat H=20 col=5 elapsed_s=2823 processed=4792267776 rate_per_s=1697433 steals=1942
event=kink_round H=20 col=5 round=stage18 frontier_in=452081128 map_wall_s=80.935 map_cpu_s=3552.594 merge_wall_s=52.035 merge_cpu_s=1257.582 map_units=787 merge_ranges=241 map_eff_cores=43.89 merge_eff_cores=24.17
event=fastmap_fallback H=20 col=5 stage=19
event=heartbeat H=20 col=5 elapsed_s=2841 processed=4827670528 rate_per_s=1699546 steals=1942
event=heartbeat H=20 col=5 elapsed_s=2858 processed=4887334912 rate_per_s=1710123 steals=1942
event=heartbeat H=20 col=5 elapsed_s=2875 processed=4937542656 rate_per_s=1717283 steals=1942
event=heartbeat H=20 col=5 elapsed_s=2893 processed=5009071104 rate_per_s=1731729 steals=1942
event=heartbeat H=20 col=5 elapsed_s=2910 processed=5075443712 rate_per_s=1744231 steals=1993
event=heartbeat H=20 col=5 elapsed_s=2927 processed=5075443712 rate_per_s=1733910 steals=1993
event=heartbeat H=20 col=5 elapsed_s=2944 processed=5075443712 rate_per_s=1723710 steals=1993
event=heartbeat H=20 col=5 elapsed_s=2962 processed=5075443712 rate_per_s=1713629 steals=2047
event=kink_round H=20 col=5 round=stage19 frontier_in=458101432 map_wall_s=79.156 map_cpu_s=3496.504 merge_wall_s=52.596 merge_cpu_s=1295.837 map_units=628 merge_ranges=233 map_eff_cores=44.17 merge_eff_cores=24.64
event=fastmap_fallback H=20 col=5 stage=finalize
event=heartbeat H=20 col=5 elapsed_s=2979 processed=5075443712 rate_per_s=1703666 steals=2047
event=heartbeat H=20 col=5 elapsed_s=2996 processed=5075443712 rate_per_s=1693820 steals=2047
event=heartbeat H=20 col=5 elapsed_s=3014 processed=5075443712 rate_per_s=1684085 steals=2047
event=heartbeat H=20 col=5 elapsed_s=3031 processed=5075443712 rate_per_s=1674462 steals=2066
event=kink_round H=20 col=5 round=finalize frontier_in=462411085 map_wall_s=47.649 map_cpu_s=1901.303 merge_wall_s=28.565 merge_cpu_s=592.702 map_units=384 merge_ranges=185 map_eff_cores=39.90 merge_eff_cores=20.75
event=heartbeat H=20 col=5 elapsed_s=3048 processed=5075443712 rate_per_s=1664941 steals=2099
event=column H=20 col=5 frontier_in=127191908 frontier_out=128930885 wall_s=3048.74 cum_wall_s=8184.4 cpu_s=100999.1 rss_max_mb=1114.2 map_wall_s=1684.03 map_cpu_s=72050.5 merge_wall_s=1293.08 merge_cpu_s=28948.6 map_units=16756 merge_ranges=5114 eff_cores=33.13
event=fastmap_fallback H=20 col=6 stage=seed
event=kink_round H=20 col=6 round=seed frontier_in=128930885 map_wall_s=12.567 map_cpu_s=423.058 merge_wall_s=0.000 merge_cpu_s=0.000 map_units=384 merge_ranges=0 map_eff_cores=33.66 merge_eff_cores=0.00
event=fastmap_fallback H=20 col=6 stage=0
event=heartbeat H=20 col=6 elapsed_s=17 processed=72704 rate_per_s=4197 steals=0
event=heartbeat H=20 col=6 elapsed_s=35 processed=226304 rate_per_s=6533 steals=0
event=heartbeat H=20 col=6 elapsed_s=52 processed=373760 rate_per_s=7193 steals=0
event=heartbeat H=20 col=6 elapsed_s=69 processed=398336 rate_per_s=5749 steals=5
event=heartbeat H=20 col=6 elapsed_s=87 processed=398336 rate_per_s=4600 steals=8
event=kink_round H=20 col=6 round=stage0 frontier_in=128930885 map_wall_s=45.786 map_cpu_s=870.537 merge_wall_s=38.896 merge_cpu_s=835.801 map_units=392 merge_ranges=252 map_eff_cores=19.01 merge_eff_cores=21.49
event=fastmap_fallback H=20 col=6 stage=1
event=heartbeat H=20 col=6 elapsed_s=104 processed=466944 rate_per_s=4493 steals=46
event=heartbeat H=20 col=6 elapsed_s=121 processed=585728 rate_per_s=4831 steals=46
event=heartbeat H=20 col=6 elapsed_s=139 processed=666624 rate_per_s=4811 steals=46
event=heartbeat H=20 col=6 elapsed_s=156 processed=791552 rate_per_s=5078 steals=46
event=heartbeat H=20 col=6 elapsed_s=173 processed=791552 rate_per_s=4570 steals=46
event=heartbeat H=20 col=6 elapsed_s=191 processed=791552 rate_per_s=4155 steals=46
event=heartbeat H=20 col=6 elapsed_s=208 processed=791552 rate_per_s=3808 steals=51
event=kink_round H=20 col=6 round=stage1 frontier_in=207469731 map_wall_s=61.798 map_cpu_s=1354.354 merge_wall_s=60.460 merge_cpu_s=1309.433 map_units=384 merge_ranges=239 map_eff_cores=21.92 merge_eff_cores=21.66
event=heartbeat H=20 col=6 elapsed_s=225 processed=791552 rate_per_s=3515 steals=82
event=fastmap_fallback H=20 col=6 stage=2
event=heartbeat H=20 col=6 elapsed_s=242 processed=68163584 rate_per_s=281101 steals=82
event=heartbeat H=20 col=6 elapsed_s=260 processed=127546368 rate_per_s=490925 steals=82
event=heartbeat H=20 col=6 elapsed_s=277 processed=199199744 rate_per_s=718799 steals=82
event=heartbeat H=20 col=6 elapsed_s=294 processed=275486720 rate_per_s=935601 steals=106
event=heartbeat H=20 col=6 elapsed_s=312 processed=278594560 rate_per_s=893590 steals=123
event=heartbeat H=20 col=6 elapsed_s=329 processed=278594560 rate_per_s=846558 steals=123
event=heartbeat H=20 col=6 elapsed_s=346 processed=278594560 rate_per_s=804233 steals=127
event=heartbeat H=20 col=6 elapsed_s=364 processed=278594560 rate_per_s=765926 steals=164
event=kink_round H=20 col=6 round=stage2 frontier_in=334199903 map_wall_s=73.695 map_cpu_s=3252.297 merge_wall_s=66.148 merge_cpu_s=1470.427 map_units=1187 merge_ranges=203 map_eff_cores=44.13 merge_eff_cores=22.23
event=fastmap_fallback H=20 col=6 stage=3
event=heartbeat H=20 col=6 elapsed_s=381 processed=313387008 rate_per_s=822427 steals=164
event=heartbeat H=20 col=6 elapsed_s=398 processed=382720000 rate_per_s=960708 steals=164
event=heartbeat H=20 col=6 elapsed_s=416 processed=444052480 rate_per_s=1068223 steals=164
event=heartbeat H=20 col=6 elapsed_s=433 processed=509163520 rate_per_s=1175861 steals=164
event=heartbeat H=20 col=6 elapsed_s=450 processed=556870656 rate_per_s=1236573 steals=184
event=heartbeat H=20 col=6 elapsed_s=468 processed=556870656 rate_per_s=1190774 steals=184
event=heartbeat H=20 col=6 elapsed_s=485 processed=556870656 rate_per_s=1148246 steals=184
event=heartbeat H=20 col=6 elapsed_s=502 processed=556870656 rate_per_s=1108652 steals=192
event=kink_round H=20 col=6 round=stage3 frontier_in=389446023 map_wall_s=81.259 map_cpu_s=3623.921 merge_wall_s=68.113 merge_cpu_s=1505.320 map_units=769 merge_ranges=273 map_eff_cores=44.60 merge_eff_cores=22.10
event=heartbeat H=20 col=6 elapsed_s=520 processed=556870656 rate_per_s=1071679 steals=233
event=fastmap_fallback H=20 col=6 stage=4
event=heartbeat H=20 col=6 elapsed_s=537 processed=593121280 rate_per_s=1104641 steals=233
event=heartbeat H=20 col=6 elapsed_s=554 processed=662946816 rate_per_s=1196100 steals=233
event=heartbeat H=20 col=6 elapsed_s=572 processed=726951936 rate_per_s=1271836 steals=233
event=heartbeat H=20 col=6 elapsed_s=589 processed=792626176 rate_per_s=1345948 steals=233
event=heartbeat H=20 col=6 elapsed_s=606 processed=835927040 rate_per_s=1378920 steals=252
event=heartbeat H=20 col=6 elapsed_s=624 processed=835927040 rate_per_s=1340617 steals=252
event=heartbeat H=20 col=6 elapsed_s=641 processed=835927040 rate_per_s=1304384 steals=252
event=heartbeat H=20 col=6 elapsed_s=658 processed=835927040 rate_per_s=1270058 steals=257
event=kink_round H=20 col=6 round=stage4 frontier_in=421957846 map_wall_s=84.417 map_cpu_s=3797.598 merge_wall_s=69.182 merge_cpu_s=1519.695 map_units=711 merge_ranges=221 map_eff_cores=44.99 merge_eff_cores=21.97
event=heartbeat H=20 col=6 elapsed_s=676 processed=835927040 rate_per_s=1237481 steals=299
event=fastmap_fallback H=20 col=6 stage=5
event=heartbeat H=20 col=6 elapsed_s=693 processed=871889920 rate_per_s=1258463 steals=299
event=heartbeat H=20 col=6 elapsed_s=710 processed=944259072 rate_per_s=1329678 steals=299
event=heartbeat H=20 col=6 elapsed_s=727 processed=1004836864 rate_per_s=1381291 steals=299
event=heartbeat H=20 col=6 elapsed_s=745 processed=1063574528 rate_per_s=1428034 steals=299
event=heartbeat H=20 col=6 elapsed_s=762 processed=1113474048 rate_per_s=1461054 steals=345
event=heartbeat H=20 col=6 elapsed_s=779 processed=1113474048 rate_per_s=1428585 steals=345
event=heartbeat H=20 col=6 elapsed_s=797 processed=1113474048 rate_per_s=1397531 steals=345
event=heartbeat H=20 col=6 elapsed_s=814 processed=1113474048 rate_per_s=1367796 steals=347
event=heartbeat H=20 col=6 elapsed_s=831 processed=1113474048 rate_per_s=1339292 steals=394
event=kink_round H=20 col=6 round=stage5 frontier_in=437771402 map_wall_s=85.066 map_cpu_s=3793.322 merge_wall_s=70.804 merge_cpu_s=1573.963 map_units=1029 merge_ranges=222 map_eff_cores=44.59 merge_eff_cores=22.23
event=fastmap_fallback H=20 col=6 stage=6
event=heartbeat H=20 col=6 elapsed_s=849 processed=1148824576 rate_per_s=1353620 steals=394
event=heartbeat H=20 col=6 elapsed_s=866 processed=1210652672 rate_per_s=1397940 steals=394
event=heartbeat H=20 col=6 elapsed_s=883 processed=1263693824 rate_per_s=1430575 steals=394
event=heartbeat H=20 col=6 elapsed_s=901 processed=1332263936 rate_per_s=1479196 steals=394
event=heartbeat H=20 col=6 elapsed_s=918 processed=1388282880 rate_per_s=1512311 steals=399
event=heartbeat H=20 col=6 elapsed_s=935 processed=1394044928 rate_per_s=1490466 steals=436
event=heartbeat H=20 col=6 elapsed_s=953 processed=1394044928 rate_per_s=1463367 steals=436
event=heartbeat H=20 col=6 elapsed_s=970 processed=1394044928 rate_per_s=1437236 steals=437
event=heartbeat H=20 col=6 elapsed_s=987 processed=1394044928 rate_per_s=1412013 steals=482
event=kink_round H=20 col=6 round=stage6 frontier_in=444835264 map_wall_s=88.318 map_cpu_s=3879.825 merge_wall_s=64.206 merge_cpu_s=1486.813 map_units=1012 merge_ranges=190 map_eff_cores=43.93 merge_eff_cores=23.16
event=fastmap_fallback H=20 col=6 stage=7
event=heartbeat H=20 col=6 elapsed_s=1005 processed=1429326848 rate_per_s=1422796 steals=482
event=heartbeat H=20 col=6 elapsed_s=1022 processed=1499375616 rate_per_s=1467227 steals=482
event=heartbeat H=20 col=6 elapsed_s=1039 processed=1546647552 rate_per_s=1488261 steals=482
event=heartbeat H=20 col=6 elapsed_s=1057 processed=1612973056 rate_per_s=1526639 steals=482
event=heartbeat H=20 col=6 elapsed_s=1074 processed=1676431360 rate_per_s=1561108 steals=500
event=heartbeat H=20 col=6 elapsed_s=1091 processed=1677784064 rate_per_s=1537569 steals=542
event=heartbeat H=20 col=6 elapsed_s=1109 processed=1677784064 rate_per_s=1513543 steals=542
event=heartbeat H=20 col=6 elapsed_s=1126 processed=1677784064 rate_per_s=1490260 steals=542
event=heartbeat H=20 col=6 elapsed_s=1143 processed=1677784064 rate_per_s=1467679 steals=595
event=kink_round H=20 col=6 round=stage7 frontier_in=447902686 map_wall_s=89.391 map_cpu_s=3889.227 merge_wall_s=71.033 merge_cpu_s=1534.444 map_units=1229 merge_ranges=203 map_eff_cores=43.51 merge_eff_cores=21.60
event=fastmap_fallback H=20 col=6 stage=8
event=heartbeat H=20 col=6 elapsed_s=1160 processed=1677833216 rate_per_s=1445813 steals=595
event=heartbeat H=20 col=6 elapsed_s=1178 processed=1748462592 rate_per_s=1484522 steals=595
event=heartbeat H=20 col=6 elapsed_s=1195 processed=1812570112 rate_per_s=1516648 steals=595
event=heartbeat H=20 col=6 elapsed_s=1212 processed=1860498432 rate_per_s=1534512 steals=595
event=heartbeat H=20 col=6 elapsed_s=1230 processed=1928939520 rate_per_s=1568554 steals=595
event=heartbeat H=20 col=6 elapsed_s=1247 processed=1961346048 rate_per_s=1572754 steals=665
event=heartbeat H=20 col=6 elapsed_s=1264 processed=1961346048 rate_per_s=1551209 steals=665
event=heartbeat H=20 col=6 elapsed_s=1282 processed=1961346048 rate_per_s=1530248 steals=665
event=heartbeat H=20 col=6 elapsed_s=1299 processed=1961346048 rate_per_s=1509845 steals=708
event=kink_round H=20 col=6 round=stage8 frontier_in=449386630 map_wall_s=87.239 map_cpu_s=3926.877 merge_wall_s=65.779 merge_cpu_s=1523.729 map_units=1206 merge_ranges=193 map_eff_cores=45.01 merge_eff_cores=23.16
event=fastmap_fallback H=20 col=6 stage=9
event=heartbeat H=20 col=6 elapsed_s=1316 processed=1961395200 rate_per_s=1490012 steals=708
event=heartbeat H=20 col=6 elapsed_s=1334 processed=2031806464 rate_per_s=1523459 steals=708
event=heartbeat H=20 col=6 elapsed_s=1351 processed=2094466048 rate_per_s=1550307 steals=708
event=heartbeat H=20 col=6 elapsed_s=1368 processed=2141650944 rate_per_s=1565166 steals=708
event=heartbeat H=20 col=6 elapsed_s=1386 processed=2210007040 rate_per_s=1594935 steals=708
event=heartbeat H=20 col=6 elapsed_s=1403 processed=2244476928 rate_per_s=1599813 steals=831
event=heartbeat H=20 col=6 elapsed_s=1420 processed=2244476928 rate_per_s=1580302 steals=831
event=heartbeat H=20 col=6 elapsed_s=1438 processed=2244476928 rate_per_s=1561260 steals=831
event=heartbeat H=20 col=6 elapsed_s=1455 processed=2244476928 rate_per_s=1542677 steals=850
event=kink_round H=20 col=6 round=stage9 frontier_in=450138233 map_wall_s=92.541 map_cpu_s=4046.055 merge_wall_s=64.245 merge_cpu_s=1501.343 map_units=1134 merge_ranges=218 map_eff_cores=43.72 merge_eff_cores=23.37
event=heartbeat H=20 col=6 elapsed_s=1472 processed=2244476928 rate_per_s=1524516 steals=881
event=fastmap_fallback H=20 col=6 stage=10
event=heartbeat H=20 col=6 elapsed_s=1490 processed=2315119616 rate_per_s=1554226 steals=881
event=heartbeat H=20 col=6 elapsed_s=1507 processed=2351282176 rate_per_s=1560359 steals=881
event=heartbeat H=20 col=6 elapsed_s=1524 processed=2421917696 rate_per_s=1588971 steals=881
event=heartbeat H=20 col=6 elapsed_s=1542 processed=2461698048 rate_per_s=1596923 steals=881
event=heartbeat H=20 col=6 elapsed_s=1559 processed=2527470592 rate_per_s=1621373 steals=957
event=heartbeat H=20 col=6 elapsed_s=1576 processed=2527470592 rate_per_s=1603555 steals=957
event=heartbeat H=20 col=6 elapsed_s=1593 processed=2527470592 rate_per_s=1586125 steals=957
event=heartbeat H=20 col=6 elapsed_s=1611 processed=2527470592 rate_per_s=1569070 steals=957
event=heartbeat H=20 col=6 elapsed_s=1628 processed=2527470592 rate_per_s=1552378 steals=1001
event=kink_round H=20 col=6 round=stage10 frontier_in=450579699 map_wall_s=93.352 map_cpu_s=4104.420 merge_wall_s=79.789 merge_cpu_s=1662.641 map_units=838 merge_ranges=223 map_eff_cores=43.97 merge_eff_cores=20.84
event=heartbeat H=20 col=6 elapsed_s=1645 processed=2527470592 rate_per_s=1536038 steals=1005
event=fastmap_fallback H=20 col=6 stage=11
event=heartbeat H=20 col=6 elapsed_s=1663 processed=2562880512 rate_per_s=1541330 steals=1005
event=heartbeat H=20 col=6 elapsed_s=1680 processed=2633630720 rate_per_s=1567554 steals=1005
event=heartbeat H=20 col=6 elapsed_s=1697 processed=2704242688 rate_per_s=1593158 steals=1005
event=heartbeat H=20 col=6 elapsed_s=1715 processed=2743287808 rate_per_s=1599836 steals=1005
event=heartbeat H=20 col=6 elapsed_s=1732 processed=2810267648 rate_per_s=1622508 steals=1075
event=heartbeat H=20 col=6 elapsed_s=1749 processed=2810490880 rate_per_s=1606572 steals=1088
event=heartbeat H=20 col=6 elapsed_s=1767 processed=2810490880 rate_per_s=1590821 steals=1088
event=heartbeat H=20 col=6 elapsed_s=1784 processed=2810490880 rate_per_s=1575376 steals=1088
event=heartbeat H=20 col=6 elapsed_s=1801 processed=2810490880 rate_per_s=1560228 steals=1137
event=kink_round H=20 col=6 round=stage11 frontier_in=450863379 map_wall_s=90.352 map_cpu_s=4038.171 merge_wall_s=72.839 merge_cpu_s=1572.724 map_units=849 merge_ranges=238 map_eff_cores=44.69 merge_eff_cores=21.59
event=fastmap_fallback H=20 col=6 stage=12
event=heartbeat H=20 col=6 elapsed_s=1819 processed=2810540032 rate_per_s=1545396 steals=1137
event=heartbeat H=20 col=6 elapsed_s=1836 processed=2881273856 rate_per_s=1569343 steals=1137
event=heartbeat H=20 col=6 elapsed_s=1853 processed=2951895040 rate_per_s=1592782 steals=1137
event=heartbeat H=20 col=6 elapsed_s=1871 processed=2991708160 rate_per_s=1599317 steals=1137
event=heartbeat H=20 col=6 elapsed_s=1888 processed=3062288384 rate_per_s=1622030 steals=1137
event=heartbeat H=20 col=6 elapsed_s=1905 processed=3092792320 rate_per_s=1623295 steals=1238
event=heartbeat H=20 col=6 elapsed_s=1923 processed=3092792320 rate_per_s=1608670 steals=1238
event=heartbeat H=20 col=6 elapsed_s=1940 processed=3092792320 rate_per_s=1594307 steals=1238
event=heartbeat H=20 col=6 elapsed_s=1957 processed=3092792320 rate_per_s=1580198 steals=1240
event=heartbeat H=20 col=6 elapsed_s=1975 processed=3092792320 rate_per_s=1566334 steals=1281
event=kink_round H=20 col=6 round=stage12 frontier_in=451133886 map_wall_s=89.159 map_cpu_s=3956.821 merge_wall_s=76.694 merge_cpu_s=1665.257 map_units=896 merge_ranges=171 map_eff_cores=44.38 merge_eff_cores=21.71
event=fastmap_fallback H=20 col=6 stage=13
event=heartbeat H=20 col=6 elapsed_s=1992 processed=3128152064 rate_per_s=1570467 steals=1281
event=heartbeat H=20 col=6 elapsed_s=2009 processed=3198887936 rate_per_s=1592137 steals=1281
event=heartbeat H=20 col=6 elapsed_s=2027 processed=3235716096 rate_per_s=1596701 steals=1281
event=heartbeat H=20 col=6 elapsed_s=2044 processed=3306353664 rate_per_s=1617732 steals=1281
event=heartbeat H=20 col=6 elapsed_s=2061 processed=3374714880 rate_per_s=1637304 steals=1282
event=heartbeat H=20 col=6 elapsed_s=2078 processed=3375532032 rate_per_s=1624053 steals=1309
event=heartbeat H=20 col=6 elapsed_s=2096 processed=3375532032 rate_per_s=1610631 steals=1309
event=heartbeat H=20 col=6 elapsed_s=2113 processed=3375532032 rate_per_s=1597429 steals=1309
event=heartbeat H=20 col=6 elapsed_s=2130 processed=3375532032 rate_per_s=1584442 steals=1340
event=kink_round H=20 col=6 round=stage13 frontier_in=451420950 map_wall_s=87.640 map_cpu_s=3937.669 merge_wall_s=75.993 merge_cpu_s=1612.763 map_units=504 merge_ranges=180 map_eff_cores=44.93 merge_eff_cores=21.22
event=heartbeat H=20 col=6 elapsed_s=2148 processed=3375532032 rate_per_s=1571663 steals=1354
event=fastmap_fallback H=20 col=6 stage=14
event=heartbeat H=20 col=6 elapsed_s=2165 processed=3446264832 rate_per_s=1591761 steals=1354
event=heartbeat H=20 col=6 elapsed_s=2182 processed=3483138048 rate_per_s=1596024 steals=1354
event=heartbeat H=20 col=6 elapsed_s=2200 processed=3553796096 rate_per_s=1615578 steals=1354
event=heartbeat H=20 col=6 elapsed_s=2217 processed=3624373248 rate_per_s=1634791 steals=1354
event=heartbeat H=20 col=6 elapsed_s=2234 processed=3657756672 rate_per_s=1637059 steals=1457
event=heartbeat H=20 col=6 elapsed_s=2252 processed=3657756672 rate_per_s=1624464 steals=1457
event=heartbeat H=20 col=6 elapsed_s=2269 processed=3657756672 rate_per_s=1612066 steals=1457
event=heartbeat H=20 col=6 elapsed_s=2286 processed=3657756672 rate_per_s=1599853 steals=1457
event=heartbeat H=20 col=6 elapsed_s=2304 processed=3657756672 rate_per_s=1587824 steals=1501
event=kink_round H=20 col=6 round=stage14 frontier_in=451734441 map_wall_s=85.750 map_cpu_s=3803.757 merge_wall_s=76.634 merge_cpu_s=1632.438 map_units=920 merge_ranges=185 map_eff_cores=44.36 merge_eff_cores=21.30
event=fastmap_fallback H=20 col=6 stage=15
event=heartbeat H=20 col=6 elapsed_s=2321 processed=3693103104 rate_per_s=1591204 steals=1501
event=heartbeat H=20 col=6 elapsed_s=2338 processed=3728528384 rate_per_s=1594567 steals=1501
event=heartbeat H=20 col=6 elapsed_s=2356 processed=3799173120 rate_per_s=1612833 steals=1501
event=heartbeat H=20 col=6 elapsed_s=2373 processed=3870542848 rate_per_s=1631138 steals=1501
event=heartbeat H=20 col=6 elapsed_s=2390 processed=3911708672 rate_per_s=1636540 steals=1501
event=heartbeat H=20 col=6 elapsed_s=2408 processed=3940404224 rate_per_s=1636686 steals=1506
event=heartbeat H=20 col=6 elapsed_s=2425 processed=3940404224 rate_per_s=1624995 steals=1506
event=heartbeat H=20 col=6 elapsed_s=2442 processed=3940404224 rate_per_s=1613470 steals=1506
event=heartbeat H=20 col=6 elapsed_s=2460 processed=3940404224 rate_per_s=1602108 steals=1559
event=kink_round H=20 col=6 round=stage15 frontier_in=452177480 map_wall_s=85.541 map_cpu_s=3840.890 merge_wall_s=70.976 merge_cpu_s=1543.434 map_units=409 merge_ranges=267 map_eff_cores=44.90 merge_eff_cores=21.75
event=fastmap_fallback H=20 col=6 stage=16
event=heartbeat H=20 col=6 elapsed_s=2477 processed=3940453376 rate_per_s=1590924 steals=1560
event=heartbeat H=20 col=6 elapsed_s=2494 processed=4011144192 rate_per_s=1608218 steals=1560
event=heartbeat H=20 col=6 elapsed_s=2511 processed=4081778688 rate_per_s=1625252 steals=1560
event=heartbeat H=20 col=6 elapsed_s=2529 processed=4150245376 rate_per_s=1641195 steals=1560
event=heartbeat H=20 col=6 elapsed_s=2546 processed=4192202752 rate_per_s=1646509 steals=1562
event=heartbeat H=20 col=6 elapsed_s=2563 processed=4222042112 rate_per_s=1647025 steals=1682
event=heartbeat H=20 col=6 elapsed_s=2581 processed=4222042112 rate_per_s=1635971 steals=1682
event=heartbeat H=20 col=6 elapsed_s=2598 processed=4222042112 rate_per_s=1625064 steals=1682
event=heartbeat H=20 col=6 elapsed_s=2615 processed=4222042112 rate_per_s=1614301 steals=1738
event=kink_round H=20 col=6 round=stage16 frontier_in=452557647 map_wall_s=82.337 map_cpu_s=3652.678 merge_wall_s=64.292 merge_cpu_s=1496.672 map_units=1053 merge_ranges=263 map_eff_cores=44.36 merge_eff_cores=23.28
event=fastmap_fallback H=20 col=6 stage=17
event=heartbeat H=20 col=6 elapsed_s=2633 processed=4257396736 rate_per_s=1617110 steals=1738
event=heartbeat H=20 col=6 elapsed_s=2650 processed=4328133632 rate_per_s=1633234 steals=1738
event=heartbeat H=20 col=6 elapsed_s=2667 processed=4364973056 rate_per_s=1636440 steals=1738
event=heartbeat H=20 col=6 elapsed_s=2685 processed=4437111808 rate_per_s=1652753 steals=1738
event=heartbeat H=20 col=6 elapsed_s=2702 processed=4504759296 rate_per_s=1667194 steals=1747
event=heartbeat H=20 col=6 elapsed_s=2719 processed=4504759296 rate_per_s=1656575 steals=1747
event=heartbeat H=20 col=6 elapsed_s=2737 processed=4504759296 rate_per_s=1646091 steals=1747
event=heartbeat H=20 col=6 elapsed_s=2754 processed=4504759296 rate_per_s=1635737 steals=1786
event=kink_round H=20 col=6 round=stage17 frontier_in=453793600 map_wall_s=81.376 map_cpu_s=3676.206 merge_wall_s=52.933 merge_cpu_s=1260.452 map_units=449 merge_ranges=184 map_eff_cores=45.18 merge_eff_cores=23.81
event=fastmap_fallback H=20 col=6 stage=18
event=heartbeat H=20 col=6 elapsed_s=2771 processed=4539350016 rate_per_s=1637996 steals=1786
event=heartbeat H=20 col=6 elapsed_s=2789 processed=4579998720 rate_per_s=1642399 steals=1786
event=heartbeat H=20 col=6 elapsed_s=2806 processed=4649056256 rate_per_s=1656873 steals=1786
event=heartbeat H=20 col=6 elapsed_s=2823 processed=4720442368 rate_per_s=1671993 steals=1786
event=heartbeat H=20 col=6 elapsed_s=2841 processed=4787476480 rate_per_s=1685396 steals=1823
event=heartbeat H=20 col=6 elapsed_s=2858 processed=4787476480 rate_per_s=1675181 steals=1823
event=heartbeat H=20 col=6 elapsed_s=2875 processed=4787476480 rate_per_s=1665090 steals=1823
event=heartbeat H=20 col=6 elapsed_s=2893 processed=4787476480 rate_per_s=1655119 steals=1868
event=kink_round H=20 col=6 round=stage18 frontier_in=452085779 map_wall_s=79.840 map_cpu_s=3569.777 merge_wall_s=51.820 merge_cpu_s=1209.215 map_units=598 merge_ranges=244 map_eff_cores=44.71 merge_eff_cores=23.33
event=fastmap_fallback H=20 col=6 stage=19
event=heartbeat H=20 col=6 elapsed_s=2910 processed=4822880256 rate_per_s=1657435 steals=1868
event=heartbeat H=20 col=6 elapsed_s=2927 processed=4893619200 rate_per_s=1671794 steals=1868
event=heartbeat H=20 col=6 elapsed_s=2944 processed=4964431872 rate_per_s=1686009 steals=1868
event=heartbeat H=20 col=6 elapsed_s=2962 processed=5007943680 rate_per_s=1690840 steals=1868
event=heartbeat H=20 col=6 elapsed_s=2979 processed=5070655488 rate_per_s=1702060 steals=1916
event=heartbeat H=20 col=6 elapsed_s=2996 processed=5070655488 rate_per_s=1692222 steals=1916
event=heartbeat H=20 col=6 elapsed_s=3014 processed=5070655488 rate_per_s=1682496 steals=1919
event=kink_round H=20 col=6 round=stage19 frontier_in=458104355 map_wall_s=79.273 map_cpu_s=3474.226 merge_wall_s=49.091 merge_cpu_s=1208.178 map_units=639 merge_ranges=280 map_eff_cores=43.83 merge_eff_cores=24.61
event=heartbeat H=20 col=6 elapsed_s=3031 processed=5070655488 rate_per_s=1672878 steals=1971
event=fastmap_fallback H=20 col=6 stage=finalize
event=heartbeat H=20 col=6 elapsed_s=3048 processed=5070655488 rate_per_s=1663377 steals=1971
event=heartbeat H=20 col=6 elapsed_s=3066 processed=5070655488 rate_per_s=1653979 steals=1971
event=heartbeat H=20 col=6 elapsed_s=3083 processed=5070655488 rate_per_s=1644688 steals=1971
event=heartbeat H=20 col=6 elapsed_s=3100 processed=5070655488 rate_per_s=1635497 steals=2000
event=kink_round H=20 col=6 round=finalize frontier_in=462412953 map_wall_s=47.781 map_cpu_s=1897.837 merge_wall_s=24.984 merge_cpu_s=551.971 map_units=384 merge_ranges=136 map_eff_cores=39.72 merge_eff_cores=22.09
event=column H=20 col=6 frontier_in=128930885 frontier_out=128930885 wall_s=3109.14 cum_wall_s=11293.6 cpu_s=102486.2 rss_max_mb=1120.2 map_wall_s=1704.48 map_cpu_s=72809.5 merge_wall_s=1334.91 merge_cpu_s=29676.7 map_units=16976 merge_ranges=4585 eff_cores=32.96
event=fastmap_fallback H=20 col=7 stage=seed
event=kink_round H=20 col=7 round=seed frontier_in=128930885 map_wall_s=10.759 map_cpu_s=410.019 merge_wall_s=0.000 merge_cpu_s=0.000 map_units=384 merge_ranges=0 map_eff_cores=38.11 merge_eff_cores=0.00
event=fastmap_fallback H=20 col=7 stage=0
event=heartbeat H=20 col=7 elapsed_s=17 processed=114688 rate_per_s=6621 steals=0
event=heartbeat H=20 col=7 elapsed_s=35 processed=253952 rate_per_s=7331 steals=0
event=heartbeat H=20 col=7 elapsed_s=52 processed=393216 rate_per_s=7567 steals=0
event=heartbeat H=20 col=7 elapsed_s=69 processed=413696 rate_per_s=5971 steals=18
event=heartbeat H=20 col=7 elapsed_s=87 processed=413696 rate_per_s=4777 steals=48
event=kink_round H=20 col=7 round=stage0 frontier_in=128930885 map_wall_s=42.995 map_cpu_s=816.564 merge_wall_s=34.515 merge_cpu_s=754.859 map_units=411 merge_ranges=112 map_eff_cores=18.99 merge_eff_cores=21.87
event=fastmap_fallback H=20 col=7 stage=1
event=heartbeat H=20 col=7 elapsed_s=104 processed=570368 rate_per_s=5488 steals=48
event=heartbeat H=20 col=7 elapsed_s=121 processed=640000 rate_per_s=5279 steals=48
event=heartbeat H=20 col=7 elapsed_s=139 processed=746496 rate_per_s=5387 steals=48
event=heartbeat H=20 col=7 elapsed_s=156 processed=806912 rate_per_s=5176 steals=48
event=heartbeat H=20 col=7 elapsed_s=173 processed=806912 rate_per_s=4659 steals=48
event=heartbeat H=20 col=7 elapsed_s=191 processed=806912 rate_per_s=4235 steals=48
event=heartbeat H=20 col=7 elapsed_s=208 processed=806912 rate_per_s=3882 steals=82
event=kink_round H=20 col=7 round=stage1 frontier_in=207469731 map_wall_s=62.391 map_cpu_s=1331.628 merge_wall_s=55.728 merge_cpu_s=1211.000 map_units=384 merge_ranges=162 map_eff_cores=21.34 merge_eff_cores=21.73
event=fastmap_fallback H=20 col=7 stage=2
event=heartbeat H=20 col=7 elapsed_s=225 processed=35632128 rate_per_s=158247 steals=82
event=heartbeat H=20 col=7 elapsed_s=242 processed=108022784 rate_per_s=445476 steals=82
event=heartbeat H=20 col=7 elapsed_s=260 processed=181139456 rate_per_s=697204 steals=82
event=heartbeat H=20 col=7 elapsed_s=277 processed=238155776 rate_per_s=859370 steals=82
event=heartbeat H=20 col=7 elapsed_s=294 processed=279435264 rate_per_s=948998 steals=124
event=heartbeat H=20 col=7 elapsed_s=312 processed=279435264 rate_per_s=896288 steals=124
event=heartbeat H=20 col=7 elapsed_s=329 processed=279435264 rate_per_s=849115 steals=125
event=heartbeat H=20 col=7 elapsed_s=346 processed=279435264 rate_per_s=806658 steals=158
event=kink_round H=20 col=7 round=stage2 frontier_in=334199903 map_wall_s=76.521 map_cpu_s=3198.612 merge_wall_s=66.400 merge_cpu_s=1456.906 map_units=1231 merge_ranges=133 map_eff_cores=41.80 merge_eff_cores=21.94
event=fastmap_fallback H=20 col=7 stage=3
event=heartbeat H=20 col=7 elapsed_s=364 processed=279484416 rate_per_s=768377 steals=158
event=heartbeat H=20 col=7 elapsed_s=381 processed=348995584 rate_per_s=915874 steals=158
event=heartbeat H=20 col=7 elapsed_s=398 processed=423179264 rate_per_s=1062270 steals=158
event=heartbeat H=20 col=7 elapsed_s=416 processed=478199808 rate_per_s=1150368 steals=158
event=heartbeat H=20 col=7 elapsed_s=433 processed=549157888 rate_per_s=1268223 steals=158
event=heartbeat H=20 col=7 elapsed_s=450 processed=559458304 rate_per_s=1242319 steals=177
event=heartbeat H=20 col=7 elapsed_s=468 processed=559458304 rate_per_s=1196307 steals=177
event=heartbeat H=20 col=7 elapsed_s=485 processed=559458304 rate_per_s=1153581 steals=182
event=heartbeat H=20 col=7 elapsed_s=502 processed=559458304 rate_per_s=1113795 steals=230
event=kink_round H=20 col=7 round=stage3 frontier_in=389446023 map_wall_s=81.792 map_cpu_s=3574.871 merge_wall_s=64.525 merge_cpu_s=1475.009 map_units=878 merge_ranges=315 map_eff_cores=43.71 merge_eff_cores=22.86
event=fastmap_fallback H=20 col=7 stage=4
event=heartbeat H=20 col=7 elapsed_s=520 processed=594211840 rate_per_s=1143561 steals=230
event=heartbeat H=20 col=7 elapsed_s=537 processed=656101376 rate_per_s=1221934 steals=230
event=heartbeat H=20 col=7 elapsed_s=554 processed=712147968 rate_per_s=1284870 steals=230
event=heartbeat H=20 col=7 elapsed_s=572 processed=773224448 rate_per_s=1352790 steals=230
event=heartbeat H=20 col=7 elapsed_s=589 processed=838285312 rate_per_s=1423476 steals=245
event=heartbeat H=20 col=7 elapsed_s=606 processed=839465984 rate_per_s=1384760 steals=260
event=heartbeat H=20 col=7 elapsed_s=624 processed=839465984 rate_per_s=1346292 steals=260
event=heartbeat H=20 col=7 elapsed_s=641 processed=839465984 rate_per_s=1309906 steals=272
event=kink_round H=20 col=7 round=stage4 frontier_in=421957846 map_wall_s=83.840 map_cpu_s=3742.767 merge_wall_s=63.923 merge_cpu_s=1426.017 map_units=846 merge_ranges=272 map_eff_cores=44.64 merge_eff_cores=22.31
event=heartbeat H=20 col=7 elapsed_s=658 processed=839465984 rate_per_s=1275420 steals=317
event=fastmap_fallback H=20 col=7 stage=5
event=heartbeat H=20 col=7 elapsed_s=676 processed=879780864 rate_per_s=1302412 steals=317
event=heartbeat H=20 col=7 elapsed_s=693 processed=951447552 rate_per_s=1373295 steals=317
event=heartbeat H=20 col=7 elapsed_s=710 processed=1015650304 rate_per_s=1430209 steals=317
event=heartbeat H=20 col=7 elapsed_s=727 processed=1079421952 rate_per_s=1483819 steals=317
event=heartbeat H=20 col=7 elapsed_s=745 processed=1117812736 rate_per_s=1500857 steals=360
event=heartbeat H=20 col=7 elapsed_s=762 processed=1117812736 rate_per_s=1466747 steals=360
event=heartbeat H=20 col=7 elapsed_s=779 processed=1117812736 rate_per_s=1434154 steals=360
event=heartbeat H=20 col=7 elapsed_s=797 processed=1117812736 rate_per_s=1402977 steals=368
event=kink_round H=20 col=7 round=stage5 frontier_in=437771402 map_wall_s=83.904 map_cpu_s=3750.308 merge_wall_s=68.856 merge_cpu_s=1556.579 map_units=1093 merge_ranges=199 map_eff_cores=44.70 merge_eff_cores=22.61
event=heartbeat H=20 col=7 elapsed_s=814 processed=1117812736 rate_per_s=1373111 steals=402
event=fastmap_fallback H=20 col=7 stage=6
event=heartbeat H=20 col=7 elapsed_s=831 processed=1157672960 rate_per_s=1392463 steals=402
event=heartbeat H=20 col=7 elapsed_s=849 processed=1228326912 rate_per_s=1447295 steals=402
event=heartbeat H=20 col=7 elapsed_s=866 processed=1294449664 rate_per_s=1494700 steals=402
event=heartbeat H=20 col=7 elapsed_s=883 processed=1349282816 rate_per_s=1527468 steals=402
event=heartbeat H=20 col=7 elapsed_s=901 processed=1399027712 rate_per_s=1553324 steals=437
event=heartbeat H=20 col=7 elapsed_s=918 processed=1399077888 rate_per_s=1524068 steals=438
event=heartbeat H=20 col=7 elapsed_s=935 processed=1399077888 rate_per_s=1495847 steals=438
event=heartbeat H=20 col=7 elapsed_s=953 processed=1399077888 rate_per_s=1468650 steals=440
event=kink_round H=20 col=7 round=stage6 frontier_in=444835264 map_wall_s=88.120 map_cpu_s=3827.737 merge_wall_s=66.987 merge_cpu_s=1532.539 map_units=977 merge_ranges=214 map_eff_cores=43.44 merge_eff_cores=22.88
event=heartbeat H=20 col=7 elapsed_s=970 processed=1399077888 rate_per_s=1442415 steals=487
event=fastmap_fallback H=20 col=7 stage=7
event=heartbeat H=20 col=7 elapsed_s=987 processed=1435115520 rate_per_s=1453620 steals=487
event=heartbeat H=20 col=7 elapsed_s=1005 processed=1505955840 rate_per_s=1499075 steals=487
event=heartbeat H=20 col=7 elapsed_s=1022 processed=1570878464 rate_per_s=1537197 steals=487
event=heartbeat H=20 col=7 elapsed_s=1039 processed=1626889216 rate_per_s=1565474 steals=487
event=heartbeat H=20 col=7 elapsed_s=1057 processed=1682830336 rate_per_s=1592758 steals=539
event=heartbeat H=20 col=7 elapsed_s=1074 processed=1682878464 rate_per_s=1567112 steals=540
event=heartbeat H=20 col=7 elapsed_s=1091 processed=1682878464 rate_per_s=1542237 steals=540
event=heartbeat H=20 col=7 elapsed_s=1109 processed=1682878464 rate_per_s=1518140 steals=544
event=kink_round H=20 col=7 round=stage7 frontier_in=447902686 map_wall_s=88.081 map_cpu_s=3842.073 merge_wall_s=64.666 merge_cpu_s=1517.135 map_units=1461 merge_ranges=229 map_eff_cores=43.62 merge_eff_cores=23.46
event=heartbeat H=20 col=7 elapsed_s=1126 processed=1682878464 rate_per_s=1494775 steals=582
event=fastmap_fallback H=20 col=7 stage=8
event=heartbeat H=20 col=7 elapsed_s=1143 processed=1719005184 rate_per_s=1503738 steals=582
event=heartbeat H=20 col=7 elapsed_s=1160 processed=1789736960 rate_per_s=1542246 steals=582
event=heartbeat H=20 col=7 elapsed_s=1178 processed=1858885632 rate_per_s=1578276 steals=582
event=heartbeat H=20 col=7 elapsed_s=1195 processed=1903181824 rate_per_s=1592466 steals=582
event=heartbeat H=20 col=7 elapsed_s=1212 processed=1966326784 rate_per_s=1621798 steals=655
event=heartbeat H=20 col=7 elapsed_s=1230 processed=1966469120 rate_per_s=1599071 steals=659
event=heartbeat H=20 col=7 elapsed_s=1247 processed=1966469120 rate_per_s=1576861 steals=659
event=heartbeat H=20 col=7 elapsed_s=1264 processed=1966469120 rate_per_s=1555261 steals=696
event=kink_round H=20 col=7 round=stage8 frontier_in=449386582 map_wall_s=86.253 map_cpu_s=3858.158 merge_wall_s=61.938 merge_cpu_s=1474.800 map_units=1284 merge_ranges=232 map_eff_cores=44.73 merge_eff_cores=23.81
event=fastmap_fallback H=20 col=7 stage=9
event=heartbeat H=20 col=7 elapsed_s=1282 processed=1966518272 rate_per_s=1534282 steals=701
event=heartbeat H=20 col=7 elapsed_s=1299 processed=2036924416 rate_per_s=1568025 steals=701
event=heartbeat H=20 col=7 elapsed_s=1316 processed=2073838592 rate_per_s=1575435 steals=701
event=heartbeat H=20 col=7 elapsed_s=1334 processed=2144526336 rate_per_s=1607977 steals=701
event=heartbeat H=20 col=7 elapsed_s=1351 processed=2213679104 rate_per_s=1638549 steals=701
event=heartbeat H=20 col=7 elapsed_s=1368 processed=2249261056 rate_per_s=1643810 steals=748
event=heartbeat H=20 col=7 elapsed_s=1386 processed=2249261056 rate_per_s=1623264 steals=748
event=heartbeat H=20 col=7 elapsed_s=1403 processed=2249261056 rate_per_s=1603223 steals=748
event=heartbeat H=20 col=7 elapsed_s=1420 processed=2249261056 rate_per_s=1583672 steals=749
event=heartbeat H=20 col=7 elapsed_s=1438 processed=2249261056 rate_per_s=1564587 steals=800
event=kink_round H=20 col=7 round=stage9 frontier_in=450138122 map_wall_s=90.523 map_cpu_s=3992.335 merge_wall_s=70.884 merge_cpu_s=1558.006 map_units=714 merge_ranges=277 map_eff_cores=44.10 merge_eff_cores=21.98
event=fastmap_fallback H=20 col=7 stage=10
event=heartbeat H=20 col=7 elapsed_s=1455 processed=2284548096 rate_per_s=1570216 steals=800
event=heartbeat H=20 col=7 elapsed_s=1472 processed=2353085440 rate_per_s=1598299 steals=800
event=heartbeat H=20 col=7 elapsed_s=1490 processed=2393609216 rate_per_s=1606919 steals=800
event=heartbeat H=20 col=7 elapsed_s=1507 processed=2462751744 rate_per_s=1634332 steals=800
event=heartbeat H=20 col=7 elapsed_s=1524 processed=2505390080 rate_per_s=1643735 steals=800
event=heartbeat H=20 col=7 elapsed_s=1542 processed=2532237312 rate_per_s=1642683 steals=894
event=heartbeat H=20 col=7 elapsed_s=1559 processed=2532237312 rate_per_s=1624431 steals=894
event=heartbeat H=20 col=7 elapsed_s=1576 processed=2532237312 rate_per_s=1606579 steals=894
event=heartbeat H=20 col=7 elapsed_s=1593 processed=2532237312 rate_per_s=1589116 steals=939
event=kink_round H=20 col=7 round=stage10 frontier_in=450579529 map_wall_s=91.274 map_cpu_s=3966.860 merge_wall_s=67.459 merge_cpu_s=1483.577 map_units=849 merge_ranges=196 map_eff_cores=43.46 merge_eff_cores=21.99
event=fastmap_fallback H=20 col=7 stage=11
event=heartbeat H=20 col=7 elapsed_s=1611 processed=2532286464 rate_per_s=1572057 steals=939
event=heartbeat H=20 col=7 elapsed_s=1628 processed=2603047936 rate_per_s=1598797 steals=939
event=heartbeat H=20 col=7 elapsed_s=1645 processed=2673656832 rate_per_s=1624880 steals=939
event=heartbeat H=20 col=7 elapsed_s=1663 processed=2712744960 rate_per_s=1631462 steals=939
event=heartbeat H=20 col=7 elapsed_s=1680 processed=2781822976 rate_per_s=1655758 steals=939
event=heartbeat H=20 col=7 elapsed_s=1697 processed=2815218688 rate_per_s=1658537 steals=1040
event=heartbeat H=20 col=7 elapsed_s=1715 processed=2815218688 rate_per_s=1641785 steals=1040
event=heartbeat H=20 col=7 elapsed_s=1732 processed=2815218688 rate_per_s=1625366 steals=1040
event=heartbeat H=20 col=7 elapsed_s=1749 processed=2815218688 rate_per_s=1609273 steals=1089
event=kink_round H=20 col=7 round=stage11 frontier_in=450862953 map_wall_s=88.700 map_cpu_s=3951.590 merge_wall_s=61.419 merge_cpu_s=1408.347 map_units=822 merge_ranges=254 map_eff_cores=44.55 merge_eff_cores=22.93
event=fastmap_fallback H=20 col=7 stage=12
event=heartbeat H=20 col=7 elapsed_s=1767 processed=2850563072 rate_per_s=1613503 steals=1089
event=heartbeat H=20 col=7 elapsed_s=1784 processed=2886737920 rate_per_s=1618115 steals=1089
event=heartbeat H=20 col=7 elapsed_s=1801 processed=2957406208 rate_per_s=1641787 steals=1089
event=heartbeat H=20 col=7 elapsed_s=1819 processed=3028031488 rate_per_s=1664985 steals=1089
event=heartbeat H=20 col=7 elapsed_s=1836 processed=3068499968 rate_per_s=1671319 steals=1090
event=heartbeat H=20 col=7 elapsed_s=1853 processed=3098115072 rate_per_s=1671679 steals=1151
event=heartbeat H=20 col=7 elapsed_s=1871 processed=3098115072 rate_per_s=1656201 steals=1151
event=heartbeat H=20 col=7 elapsed_s=1888 processed=3098115072 rate_per_s=1641006 steals=1151
event=heartbeat H=20 col=7 elapsed_s=1905 processed=3098115072 rate_per_s=1626088 steals=1204
event=kink_round H=20 col=7 round=stage12 frontier_in=451133075 map_wall_s=87.235 map_cpu_s=3880.846 merge_wall_s=69.736 merge_cpu_s=1541.109 map_units=672 merge_ranges=235 map_eff_cores=44.49 merge_eff_cores=22.10
event=fastmap_fallback H=20 col=7 stage=13
event=heartbeat H=20 col=7 elapsed_s=1923 processed=3098164224 rate_per_s=1611464 steals=1204
event=heartbeat H=20 col=7 elapsed_s=1940 processed=3168857088 rate_per_s=1633517 steals=1204
event=heartbeat H=20 col=7 elapsed_s=1957 processed=3239520256 rate_per_s=1655166 steals=1204
event=heartbeat H=20 col=7 elapsed_s=1975 processed=3278604288 rate_per_s=1660441 steals=1204
event=heartbeat H=20 col=7 elapsed_s=1992 processed=3349196800 rate_per_s=1681442 steals=1204
event=heartbeat H=20 col=7 elapsed_s=2009 processed=3381047296 rate_per_s=1682800 steals=1264
event=heartbeat H=20 col=7 elapsed_s=2026 processed=3381047296 rate_per_s=1668417 steals=1264
event=heartbeat H=20 col=7 elapsed_s=2044 processed=3381047296 rate_per_s=1654278 steals=1264
event=heartbeat H=20 col=7 elapsed_s=2061 processed=3381047296 rate_per_s=1640377 steals=1295
event=kink_round H=20 col=7 round=stage13 frontier_in=451419131 map_wall_s=85.744 map_cpu_s=3827.814 merge_wall_s=70.245 merge_cpu_s=1522.719 map_units=703 merge_ranges=286 map_eff_cores=44.64 merge_eff_cores=21.68
event=heartbeat H=20 col=7 elapsed_s=2078 processed=3381047296 rate_per_s=1626706 steals=1308
event=fastmap_fallback H=20 col=7 stage=14
event=heartbeat H=20 col=7 elapsed_s=2096 processed=3451771904 rate_per_s=1647009 steals=1308
event=heartbeat H=20 col=7 elapsed_s=2113 processed=3489380352 rate_per_s=1651307 steals=1308
event=heartbeat H=20 col=7 elapsed_s=2130 processed=3559313408 rate_per_s=1670707 steals=1308
event=heartbeat H=20 col=7 elapsed_s=2148 processed=3629888512 rate_per_s=1690094 steals=1308
event=heartbeat H=20 col=7 elapsed_s=2165 processed=3663869952 rate_per_s=1692269 steals=1354
event=heartbeat H=20 col=7 elapsed_s=2182 processed=3663869952 rate_per_s=1678838 steals=1354
event=heartbeat H=20 col=7 elapsed_s=2200 processed=3663869952 rate_per_s=1665619 steals=1354
event=heartbeat H=20 col=7 elapsed_s=2217 processed=3663869952 rate_per_s=1652606 steals=1356
event=heartbeat H=20 col=7 elapsed_s=2234 processed=3663869952 rate_per_s=1639791 steals=1404
event=kink_round H=20 col=7 round=stage14 frontier_in=451731674 map_wall_s=84.105 map_cpu_s=3767.775 merge_wall_s=74.079 merge_cpu_s=1589.360 map_units=617 merge_ranges=272 map_eff_cores=44.80 merge_eff_cores=21.46
event=fastmap_fallback H=20 col=7 stage=15
event=heartbeat H=20 col=7 elapsed_s=2252 processed=3699267584 rate_per_s=1642902 steals=1404
event=heartbeat H=20 col=7 elapsed_s=2269 processed=3769952256 rate_per_s=1661513 steals=1404
event=heartbeat H=20 col=7 elapsed_s=2286 processed=3840611328 rate_per_s=1679831 steals=1404
event=heartbeat H=20 col=7 elapsed_s=2304 processed=3879649280 rate_per_s=1684147 steals=1404
event=heartbeat H=20 col=7 elapsed_s=2321 processed=3946527744 rate_per_s=1700394 steals=1410
event=heartbeat H=20 col=7 elapsed_s=2338 processed=3946527744 rate_per_s=1687799 steals=1410
event=heartbeat H=20 col=7 elapsed_s=2356 processed=3946527744 rate_per_s=1675388 steals=1410
event=heartbeat H=20 col=7 elapsed_s=2373 processed=3946527744 rate_per_s=1663159 steals=1421
event=kink_round H=20 col=7 round=stage15 frontier_in=452174282 map_wall_s=83.487 map_cpu_s=3790.938 merge_wall_s=67.583 merge_cpu_s=1462.405 map_units=410 merge_ranges=198 map_eff_cores=45.41 merge_eff_cores=21.64
event=heartbeat H=20 col=7 elapsed_s=2390 processed=3946527744 rate_per_s=1651103 steals=1467
event=fastmap_fallback H=20 col=7 stage=16
event=heartbeat H=20 col=7 elapsed_s=2408 processed=3981921280 rate_per_s=1653930 steals=1467
event=heartbeat H=20 col=7 elapsed_s=2425 processed=4052634624 rate_per_s=1671278 steals=1467
event=heartbeat H=20 col=7 elapsed_s=2442 processed=4123236352 rate_per_s=1688334 steals=1467
event=heartbeat H=20 col=7 elapsed_s=2460 processed=4193871872 rate_per_s=1705164 steals=1467
event=heartbeat H=20 col=7 elapsed_s=2477 processed=4229166080 rate_per_s=1707489 steals=1472
event=heartbeat H=20 col=7 elapsed_s=2494 processed=4229166080 rate_per_s=1695632 steals=1472
event=heartbeat H=20 col=7 elapsed_s=2511 processed=4229166080 rate_per_s=1683938 steals=1472
event=heartbeat H=20 col=7 elapsed_s=2529 processed=4229166080 rate_per_s=1672404 steals=1524
event=kink_round H=20 col=7 round=stage16 frontier_in=452554560 map_wall_s=82.754 map_cpu_s=3720.137 merge_wall_s=61.033 merge_cpu_s=1346.666 map_units=409 merge_ranges=171 map_eff_cores=44.95 merge_eff_cores=22.06
event=fastmap_fallback H=20 col=7 stage=17
event=heartbeat H=20 col=7 elapsed_s=2546 processed=4229215232 rate_per_s=1661046 steals=1524
event=heartbeat H=20 col=7 elapsed_s=2563 processed=4299916288 rate_per_s=1677403 steals=1524
event=heartbeat H=20 col=7 elapsed_s=2581 processed=4370581504 rate_per_s=1693526 steals=1524
event=heartbeat H=20 col=7 elapsed_s=2598 processed=4441268224 rate_per_s=1709445 steals=1524
event=heartbeat H=20 col=7 elapsed_s=2615 processed=4495655936 rate_per_s=1718919 steals=1524
event=heartbeat H=20 col=7 elapsed_s=2633 processed=4511856640 rate_per_s=1713764 steals=1529
event=heartbeat H=20 col=7 elapsed_s=2650 processed=4511856640 rate_per_s=1702563 steals=1529
event=heartbeat H=20 col=7 elapsed_s=2667 processed=4511856640 rate_per_s=1691507 steals=1585
event=kink_round H=20 col=7 round=stage17 frontier_in=453791060 map_wall_s=81.287 map_cpu_s=3616.849 merge_wall_s=50.188 merge_cpu_s=1224.239 map_units=407 merge_ranges=277 map_eff_cores=44.49 merge_eff_cores=24.39
event=fastmap_fallback H=20 col=7 stage=18
event=heartbeat H=20 col=7 elapsed_s=2685 processed=4511905792 rate_per_s=1680611 steals=1585
event=heartbeat H=20 col=7 elapsed_s=2702 processed=4582663168 rate_per_s=1696027 steals=1585
event=heartbeat H=20 col=7 elapsed_s=2719 processed=4653942784 rate_per_s=1711436 steals=1585
event=heartbeat H=20 col=7 elapsed_s=2737 processed=4725305344 rate_per_s=1726681 steals=1585
event=heartbeat H=20 col=7 elapsed_s=2754 processed=4794454016 rate_per_s=1740930 steals=1608
event=heartbeat H=20 col=7 elapsed_s=2771 processed=4794471424 rate_per_s=1730055 steals=1609
event=heartbeat H=20 col=7 elapsed_s=2789 processed=4794471424 rate_per_s=1719310 steals=1609
event=heartbeat H=20 col=7 elapsed_s=2806 processed=4794471424 rate_per_s=1708695 steals=1658
event=kink_round H=20 col=7 round=stage18 frontier_in=452082863 map_wall_s=79.111 map_cpu_s=3521.216 merge_wall_s=49.175 merge_cpu_s=1196.485 map_units=478 merge_ranges=295 map_eff_cores=44.51 merge_eff_cores=24.33
event=fastmap_fallback H=20 col=7 stage=19
event=heartbeat H=20 col=7 elapsed_s=2823 processed=4829881344 rate_per_s=1710756 steals=1658
event=heartbeat H=20 col=7 elapsed_s=2841 processed=4900617216 rate_per_s=1725227 steals=1658
event=heartbeat H=20 col=7 elapsed_s=2858 processed=4971431936 rate_per_s=1739549 steals=1658
event=heartbeat H=20 col=7 elapsed_s=2875 processed=5042873344 rate_per_s=1753918 steals=1658
event=heartbeat H=20 col=7 elapsed_s=2893 processed=5077646336 rate_per_s=1755437 steals=1710
event=heartbeat H=20 col=7 elapsed_s=2910 processed=5077646336 rate_per_s=1744988 steals=1710
event=heartbeat H=20 col=7 elapsed_s=2927 processed=5077646336 rate_per_s=1734663 steals=1758
event=kink_round H=20 col=7 round=stage19 frontier_in=458102039 map_wall_s=77.941 map_cpu_s=3391.239 merge_wall_s=46.937 merge_cpu_s=1161.608 map_units=634 merge_ranges=236 map_eff_cores=43.51 merge_eff_cores=24.75
event=fastmap_fallback H=20 col=7 stage=finalize
event=heartbeat H=20 col=7 elapsed_s=2944 processed=5077646336 rate_per_s=1724457 steals=1769
event=heartbeat H=20 col=7 elapsed_s=2962 processed=5077646336 rate_per_s=1714374 steals=1769
event=heartbeat H=20 col=7 elapsed_s=2979 processed=5077646336 rate_per_s=1704407 steals=1769
event=heartbeat H=20 col=7 elapsed_s=2996 processed=5077646336 rate_per_s=1694555 steals=1769
event=kink_round H=20 col=7 round=finalize frontier_in=462409058 map_wall_s=47.339 map_cpu_s=1865.412 merge_wall_s=23.379 merge_cpu_s=540.768 map_units=384 merge_ranges=139 map_eff_cores=39.41 merge_eff_cores=23.13
event=heartbeat H=20 col=7 elapsed_s=3014 processed=5077646336 rate_per_s=1684810 steals=1799
event=column H=20 col=7 frontier_in=128930885 frontier_out=128930261 wall_s=3015.70 cum_wall_s=14309.3 cpu_s=100085.9 rss_max_mb=1120.2 map_wall_s=1684.16 map_cpu_s=71645.7 merge_wall_s=1259.65 merge_cpu_s=28440.1 map_units=16048 merge_ranges=4704 eff_cores=33.19
event=fastmap_fallback H=20 col=8 stage=seed
event=kink_round H=20 col=8 round=seed frontier_in=128930261 map_wall_s=10.324 map_cpu_s=399.615 merge_wall_s=0.000 merge_cpu_s=0.000 map_units=384 merge_ranges=0 map_eff_cores=38.71 merge_eff_cores=0.00
event=fastmap_fallback H=20 col=8 stage=0
event=heartbeat H=20 col=8 elapsed_s=17 processed=99328 rate_per_s=5735 steals=0
event=heartbeat H=20 col=8 elapsed_s=35 processed=249856 rate_per_s=7212 steals=0
event=heartbeat H=20 col=8 elapsed_s=52 processed=393216 rate_per_s=7567 steals=0
event=heartbeat H=20 col=8 elapsed_s=69 processed=395264 rate_per_s=5705 steals=2
event=heartbeat H=20 col=8 elapsed_s=87 processed=395264 rate_per_s=4564 steals=32
event=kink_round H=20 col=8 round=stage0 frontier_in=128930261 map_wall_s=43.800 map_cpu_s=812.956 merge_wall_s=36.604 merge_cpu_s=789.440 map_units=387 merge_ranges=161 map_eff_cores=18.56 merge_eff_cores=21.57
event=fastmap_fallback H=20 col=8 stage=1
event=heartbeat H=20 col=8 elapsed_s=104 processed=583680 rate_per_s=5616 steals=32
event=heartbeat H=20 col=8 elapsed_s=121 processed=642048 rate_per_s=5295 steals=32
event=heartbeat H=20 col=8 elapsed_s=139 processed=746496 rate_per_s=5387 steals=32
event=heartbeat H=20 col=8 elapsed_s=156 processed=788480 rate_per_s=5058 steals=32
event=heartbeat H=20 col=8 elapsed_s=173 processed=788480 rate_per_s=4552 steals=32
event=heartbeat H=20 col=8 elapsed_s=191 processed=788480 rate_per_s=4138 steals=34
event=kink_round H=20 col=8 round=stage1 frontier_in=207467710 map_wall_s=55.774 map_cpu_s=1274.694 merge_wall_s=58.492 merge_cpu_s=1292.275 map_units=384 merge_ranges=328 map_eff_cores=22.85 merge_eff_cores=22.09
event=heartbeat H=20 col=8 elapsed_s=208 processed=788480 rate_per_s=3794 steals=67
event=fastmap_fallback H=20 col=8 stage=2
event=heartbeat H=20 col=8 elapsed_s=225 processed=44294144 rate_per_s=196717 steals=67
event=heartbeat H=20 col=8 elapsed_s=242 processed=125362176 rate_per_s=516983 steals=67
event=heartbeat H=20 col=8 elapsed_s=260 processed=199188480 rate_per_s=766675 steals=67
event=heartbeat H=20 col=8 elapsed_s=277 processed=276355072 rate_per_s=997208 steals=95
event=heartbeat H=20 col=8 elapsed_s=294 processed=277749760 rate_per_s=943286 steals=110
event=heartbeat H=20 col=8 elapsed_s=312 processed=277749760 rate_per_s=890881 steals=110
event=heartbeat H=20 col=8 elapsed_s=329 processed=277749760 rate_per_s=843994 steals=114
event=heartbeat H=20 col=8 elapsed_s=346 processed=277749760 rate_per_s=801785 steals=158
event=kink_round H=20 col=8 round=stage2 frontier_in=334197061 map_wall_s=70.017 map_cpu_s=3101.951 merge_wall_s=68.806 merge_cpu_s=1477.368 map_units=1178 merge_ranges=214 map_eff_cores=44.30 merge_eff_cores=21.47
event=fastmap_fallback H=20 col=8 stage=3
event=heartbeat H=20 col=8 elapsed_s=364 processed=312509440 rate_per_s=859178 steals=158
event=heartbeat H=20 col=8 elapsed_s=381 processed=371932160 rate_per_s=976067 steals=158
event=heartbeat H=20 col=8 elapsed_s=398 processed=438874112 rate_per_s=1101669 steals=158
event=heartbeat H=20 col=8 elapsed_s=416 processed=508323840 rate_per_s=1222835 steals=158
event=heartbeat H=20 col=8 elapsed_s=433 processed=558582784 rate_per_s=1289989 steals=175
event=heartbeat H=20 col=8 elapsed_s=450 processed=558582784 rate_per_s=1240374 steals=175
event=heartbeat H=20 col=8 elapsed_s=468 processed=558582784 rate_per_s=1194435 steals=175
event=heartbeat H=20 col=8 elapsed_s=485 processed=558582784 rate_per_s=1151776 steals=201
event=kink_round H=20 col=8 round=stage3 frontier_in=389441079 map_wall_s=79.373 map_cpu_s=3475.872 merge_wall_s=64.606 merge_cpu_s=1452.598 map_units=878 merge_ranges=284 map_eff_cores=43.79 merge_eff_cores=22.48
event=heartbeat H=20 col=8 elapsed_s=502 processed=558582784 rate_per_s=1112058 steals=222
event=fastmap_fallback H=20 col=8 stage=4
event=heartbeat H=20 col=8 elapsed_s=520 processed=621166592 rate_per_s=1195435 steals=222
event=heartbeat H=20 col=8 elapsed_s=537 processed=685729792 rate_per_s=1277115 steals=222
event=heartbeat H=20 col=8 elapsed_s=554 processed=748931072 rate_per_s=1351233 steals=222
event=heartbeat H=20 col=8 elapsed_s=572 processed=810980352 rate_per_s=1418846 steals=222
event=heartbeat H=20 col=8 elapsed_s=589 processed=835950592 rate_per_s=1419518 steals=245
event=heartbeat H=20 col=8 elapsed_s=606 processed=835950592 rate_per_s=1378960 steals=245
event=heartbeat H=20 col=8 elapsed_s=624 processed=835950592 rate_per_s=1340654 steals=245
event=heartbeat H=20 col=8 elapsed_s=641 processed=835950592 rate_per_s=1304421 steals=297
event=kink_round H=20 col=8 round=stage4 frontier_in=421950423 map_wall_s=81.225 map_cpu_s=3634.719 merge_wall_s=68.480 merge_cpu_s=1522.192 map_units=663 merge_ranges=237 map_eff_cores=44.75 merge_eff_cores=22.23
event=fastmap_fallback H=20 col=8 stage=5
event=heartbeat H=20 col=8 elapsed_s=658 processed=835999744 rate_per_s=1270167 steals=298
event=heartbeat H=20 col=8 elapsed_s=676 processed=906431488 rate_per_s=1341867 steals=298
event=heartbeat H=20 col=8 elapsed_s=693 processed=973607936 rate_per_s=1405281 steals=298
event=heartbeat H=20 col=8 elapsed_s=710 processed=1041081344 rate_per_s=1466020 steals=298
event=heartbeat H=20 col=8 elapsed_s=727 processed=1098290176 rate_per_s=1509756 steals=298
event=heartbeat H=20 col=8 elapsed_s=745 processed=1114972160 rate_per_s=1497044 steals=333
event=heartbeat H=20 col=8 elapsed_s=762 processed=1114972160 rate_per_s=1463021 steals=333
event=heartbeat H=20 col=8 elapsed_s=779 processed=1114972160 rate_per_s=1430509 steals=333
event=heartbeat H=20 col=8 elapsed_s=797 processed=1114972160 rate_per_s=1399390 steals=346
event=kink_round H=20 col=8 round=stage5 frontier_in=437763028 map_wall_s=81.625 map_cpu_s=3647.869 merge_wall_s=73.200 merge_cpu_s=1643.983 map_units=1047 merge_ranges=222 map_eff_cores=44.69 merge_eff_cores=22.46
event=fastmap_fallback H=20 col=8 stage=6
event=heartbeat H=20 col=8 elapsed_s=814 processed=1115021312 rate_per_s=1369697 steals=376
event=heartbeat H=20 col=8 elapsed_s=831 processed=1185627136 rate_per_s=1426087 steals=376
event=heartbeat H=20 col=8 elapsed_s=849 processed=1240130560 rate_per_s=1461201 steals=376
event=heartbeat H=20 col=8 elapsed_s=866 processed=1302263808 rate_per_s=1503724 steals=376
event=heartbeat H=20 col=8 elapsed_s=883 processed=1371242496 rate_per_s=1552327 steals=376
event=heartbeat H=20 col=8 elapsed_s=901 processed=1396970496 rate_per_s=1551040 steals=408
event=heartbeat H=20 col=8 elapsed_s=918 processed=1396970496 rate_per_s=1521774 steals=408
event=heartbeat H=20 col=8 elapsed_s=935 processed=1396970496 rate_per_s=1493587 steals=408
event=heartbeat H=20 col=8 elapsed_s=953 processed=1396970496 rate_per_s=1466438 steals=409
event=heartbeat H=20 col=8 elapsed_s=970 processed=1396970496 rate_per_s=1440246 steals=452
event=kink_round H=20 col=8 round=stage6 frontier_in=444825797 map_wall_s=84.907 map_cpu_s=3717.198 merge_wall_s=76.078 merge_cpu_s=1643.727 map_units=982 merge_ranges=227 map_eff_cores=43.78 merge_eff_cores=21.61
event=fastmap_fallback H=20 col=8 stage=7
event=heartbeat H=20 col=8 elapsed_s=987 processed=1432243200 rate_per_s=1450712 steals=452
event=heartbeat H=20 col=8 elapsed_s=1005 processed=1499416576 rate_per_s=1492566 steals=452
event=heartbeat H=20 col=8 elapsed_s=1022 processed=1549584384 rate_per_s=1516360 steals=452
event=heartbeat H=20 col=8 elapsed_s=1039 processed=1618806784 rate_per_s=1557696 steals=452
event=heartbeat H=20 col=8 elapsed_s=1057 processed=1680470016 rate_per_s=1590523 steals=490
event=heartbeat H=20 col=8 elapsed_s=1074 processed=1680821248 rate_per_s=1565196 steals=501
event=heartbeat H=20 col=8 elapsed_s=1091 processed=1680821248 rate_per_s=1540351 steals=501
event=heartbeat H=20 col=8 elapsed_s=1109 processed=1680821248 rate_per_s=1516285 steals=501
event=heartbeat H=20 col=8 elapsed_s=1126 processed=1680821248 rate_per_s=1492957 steals=548
event=kink_round H=20 col=8 round=stage7 frontier_in=447895392 map_wall_s=86.397 map_cpu_s=3736.103 merge_wall_s=71.626 merge_cpu_s=1602.816 map_units=1272 merge_ranges=240 map_eff_cores=43.24 merge_eff_cores=22.38
event=fastmap_fallback H=20 col=8 stage=8
event=heartbeat H=20 col=8 elapsed_s=1143 processed=1680870400 rate_per_s=1470376 steals=548
event=heartbeat H=20 col=8 elapsed_s=1160 processed=1752274944 rate_per_s=1509964 steals=548
event=heartbeat H=20 col=8 elapsed_s=1178 processed=1823013888 rate_per_s=1547818 steals=548
event=heartbeat H=20 col=8 elapsed_s=1195 processed=1880443904 rate_per_s=1573440 steals=548
event=heartbeat H=20 col=8 elapsed_s=1212 processed=1935688704 rate_per_s=1596529 steals=548
event=heartbeat H=20 col=8 elapsed_s=1230 processed=1964302336 rate_per_s=1597309 steals=620
event=heartbeat H=20 col=8 elapsed_s=1247 processed=1964302336 rate_per_s=1575124 steals=620
event=heartbeat H=20 col=8 elapsed_s=1264 processed=1964302336 rate_per_s=1553547 steals=620
event=heartbeat H=20 col=8 elapsed_s=1282 processed=1964302336 rate_per_s=1532554 steals=660
event=kink_round H=20 col=8 round=stage8 frontier_in=449381159 map_wall_s=84.076 map_cpu_s=3770.357 merge_wall_s=72.249 merge_cpu_s=1563.021 map_units=1162 merge_ranges=182 map_eff_cores=44.84 merge_eff_cores=21.63
event=fastmap_fallback H=20 col=8 stage=9
event=heartbeat H=20 col=8 elapsed_s=1299 processed=1964351488 rate_per_s=1512158 steals=661
event=heartbeat H=20 col=8 elapsed_s=1316 processed=2034759680 rate_per_s=1545748 steals=661
event=heartbeat H=20 col=8 elapsed_s=1334 processed=2076064768 rate_per_s=1556644 steals=661
event=heartbeat H=20 col=8 elapsed_s=1351 processed=2144613376 rate_per_s=1587427 steals=661
event=heartbeat H=20 col=8 elapsed_s=1368 processed=2212997120 rate_per_s=1617309 steals=661
event=heartbeat H=20 col=8 elapsed_s=1386 processed=2247256064 rate_per_s=1621817 steals=748
event=heartbeat H=20 col=8 elapsed_s=1403 processed=2247256064 rate_per_s=1601795 steals=748
event=heartbeat H=20 col=8 elapsed_s=1420 processed=2247256064 rate_per_s=1582260 steals=748
event=heartbeat H=20 col=8 elapsed_s=1438 processed=2247256064 rate_per_s=1563196 steals=789
event=kink_round H=20 col=8 round=stage9 frontier_in=450133376 map_wall_s=88.739 map_cpu_s=3868.282 merge_wall_s=64.248 merge_cpu_s=1460.999 map_units=885 merge_ranges=265 map_eff_cores=43.59 merge_eff_cores=22.74
event=fastmap_fallback H=20 col=8 stage=10
event=heartbeat H=20 col=8 elapsed_s=1455 processed=2247305216 rate_per_s=1544621 steals=799
event=heartbeat H=20 col=8 elapsed_s=1472 processed=2317906944 rate_per_s=1574404 steals=799
event=heartbeat H=20 col=8 elapsed_s=1490 processed=2356997120 rate_per_s=1582340 steals=799
event=heartbeat H=20 col=8 elapsed_s=1507 processed=2426194944 rate_per_s=1610073 steals=799
event=heartbeat H=20 col=8 elapsed_s=1524 processed=2495991808 rate_per_s=1637569 steals=799
event=heartbeat H=20 col=8 elapsed_s=1542 processed=2530074624 rate_per_s=1641279 steals=851
event=heartbeat H=20 col=8 elapsed_s=1559 processed=2530074624 rate_per_s=1623042 steals=851
event=heartbeat H=20 col=8 elapsed_s=1576 processed=2530074624 rate_per_s=1605207 steals=851
event=heartbeat H=20 col=8 elapsed_s=1593 processed=2530074624 rate_per_s=1587760 steals=892
event=kink_round H=20 col=8 round=stage10 frontier_in=450573966 map_wall_s=89.173 map_cpu_s=3903.163 merge_wall_s=60.770 merge_cpu_s=1376.132 map_units=660 merge_ranges=196 map_eff_cores=43.77 merge_eff_cores=22.64
event=fastmap_fallback H=20 col=8 stage=11
event=heartbeat H=20 col=8 elapsed_s=1611 processed=2530123776 rate_per_s=1570717 steals=892
event=heartbeat H=20 col=8 elapsed_s=1628 processed=2600904704 rate_per_s=1597481 steals=892
event=heartbeat H=20 col=8 elapsed_s=1645 processed=2671516672 rate_per_s=1623579 steals=892
event=heartbeat H=20 col=8 elapsed_s=1663 processed=2716493824 rate_per_s=1633717 steals=892
event=heartbeat H=20 col=8 elapsed_s=1680 processed=2781198336 rate_per_s=1655386 steals=892
event=heartbeat H=20 col=8 elapsed_s=1697 processed=2812989440 rate_per_s=1657224 steals=983
event=heartbeat H=20 col=8 elapsed_s=1715 processed=2812989440 rate_per_s=1640484 steals=983
event=heartbeat H=20 col=8 elapsed_s=1732 processed=2812989440 rate_per_s=1624079 steals=983
event=heartbeat H=20 col=8 elapsed_s=1749 processed=2812989440 rate_per_s=1608000 steals=1001
event=kink_round H=20 col=8 round=stage11 frontier_in=450855181 map_wall_s=87.734 map_cpu_s=3875.750 merge_wall_s=71.692 merge_cpu_s=1538.958 map_units=757 merge_ranges=246 map_eff_cores=44.18 merge_eff_cores=21.47
event=heartbeat H=20 col=8 elapsed_s=1767 processed=2812989440 rate_per_s=1592228 steals=1028
event=fastmap_fallback H=20 col=8 stage=12
event=heartbeat H=20 col=8 elapsed_s=1784 processed=2848391168 rate_per_s=1596621 steals=1028
event=heartbeat H=20 col=8 elapsed_s=1801 processed=2919135232 rate_per_s=1620542 steals=1028
event=heartbeat H=20 col=8 elapsed_s=1819 processed=2989762560 rate_per_s=1643941 steals=1028
event=heartbeat H=20 col=8 elapsed_s=1836 processed=3054525440 rate_per_s=1663708 steals=1028
event=heartbeat H=20 col=8 elapsed_s=1853 processed=3095974912 rate_per_s=1670525 steals=1123
event=heartbeat H=20 col=8 elapsed_s=1871 processed=3095974912 rate_per_s=1655056 steals=1123
event=heartbeat H=20 col=8 elapsed_s=1888 processed=3095974912 rate_per_s=1639872 steals=1123
event=heartbeat H=20 col=8 elapsed_s=1905 processed=3095974912 rate_per_s=1624965 steals=1171
event=kink_round H=20 col=8 round=stage12 frontier_in=451121729 map_wall_s=85.056 map_cpu_s=3776.367 merge_wall_s=65.286 merge_cpu_s=1419.422 map_units=805 merge_ranges=209 map_eff_cores=44.40 merge_eff_cores=21.74
event=heartbeat H=20 col=8 elapsed_s=1923 processed=3095974912 rate_per_s=1610319 steals=1173
event=fastmap_fallback H=20 col=8 stage=13
event=heartbeat H=20 col=8 elapsed_s=1940 processed=3166717952 rate_per_s=1632415 steals=1173
event=heartbeat H=20 col=8 elapsed_s=1957 processed=3205059584 rate_per_s=1637559 steals=1173
event=heartbeat H=20 col=8 elapsed_s=1975 processed=3274989568 rate_per_s=1658610 steals=1173
event=heartbeat H=20 col=8 elapsed_s=1992 processed=3345564672 rate_per_s=1679619 steals=1173
event=heartbeat H=20 col=8 elapsed_s=2009 processed=3378703360 rate_per_s=1681633 steals=1188
event=heartbeat H=20 col=8 elapsed_s=2027 processed=3378703360 rate_per_s=1667260 steals=1188
event=heartbeat H=20 col=8 elapsed_s=2044 processed=3378703360 rate_per_s=1653131 steals=1188
event=heartbeat H=20 col=8 elapsed_s=2061 processed=3378703360 rate_per_s=1639239 steals=1191
event=kink_round H=20 col=8 round=stage13 frontier_in=451402049 map_wall_s=83.049 map_cpu_s=3726.048 merge_wall_s=72.041 merge_cpu_s=1537.242 map_units=462 merge_ranges=291 map_eff_cores=44.87 merge_eff_cores=21.34
event=heartbeat H=20 col=8 elapsed_s=2078 processed=3378703360 rate_per_s=1625573 steals=1230
event=fastmap_fallback H=20 col=8 stage=14
event=heartbeat H=20 col=8 elapsed_s=2096 processed=3414106112 rate_per_s=1629036 steals=1230
event=heartbeat H=20 col=8 elapsed_s=2113 processed=3484841984 rate_per_s=1649159 steals=1230
event=heartbeat H=20 col=8 elapsed_s=2130 processed=3555461120 rate_per_s=1668899 steals=1230
event=heartbeat H=20 col=8 elapsed_s=2148 processed=3626079232 rate_per_s=1688321 steals=1230
event=heartbeat H=20 col=8 elapsed_s=2165 processed=3661526016 rate_per_s=1691185 steals=1281
event=heartbeat H=20 col=8 elapsed_s=2182 processed=3661526016 rate_per_s=1677764 steals=1281
event=heartbeat H=20 col=8 elapsed_s=2200 processed=3661526016 rate_per_s=1664553 steals=1281
event=heartbeat H=20 col=8 elapsed_s=2217 processed=3661526016 rate_per_s=1651549 steals=1285
event=kink_round H=20 col=8 round=stage14 frontier_in=451708073 map_wall_s=82.279 map_cpu_s=3639.302 merge_wall_s=71.376 merge_cpu_s=1539.575 map_units=594 merge_ranges=227 map_eff_cores=44.23 merge_eff_cores=21.57
event=heartbeat H=20 col=8 elapsed_s=2234 processed=3661526016 rate_per_s=1638742 steals=1328
event=fastmap_fallback H=20 col=8 stage=15
event=heartbeat H=20 col=8 elapsed_s=2252 processed=3696928768 rate_per_s=1641863 steals=1328
event=heartbeat H=20 col=8 elapsed_s=2269 processed=3767628800 rate_per_s=1660489 steals=1328
event=heartbeat H=20 col=8 elapsed_s=2286 processed=3838283776 rate_per_s=1678814 steals=1328
event=heartbeat H=20 col=8 elapsed_s=2304 processed=3910370304 rate_per_s=1697483 steals=1328
event=heartbeat H=20 col=8 elapsed_s=2321 processed=3943649280 rate_per_s=1699153 steals=1387
event=heartbeat H=20 col=8 elapsed_s=2338 processed=3943649280 rate_per_s=1686568 steals=1387
event=heartbeat H=20 col=8 elapsed_s=2356 processed=3943649280 rate_per_s=1674167 steals=1387
event=heartbeat H=20 col=8 elapsed_s=2373 processed=3943649280 rate_per_s=1661946 steals=1430
event=kink_round H=20 col=8 round=stage15 frontier_in=452145360 map_wall_s=81.475 map_cpu_s=3573.048 merge_wall_s=67.766 merge_cpu_s=1414.168 map_units=635 merge_ranges=191 map_eff_cores=43.85 merge_eff_cores=20.87
event=heartbeat H=20 col=8 elapsed_s=2390 processed=3943649280 rate_per_s=1649897 steals=1432
event=fastmap_fallback H=20 col=8 stage=16
event=heartbeat H=20 col=8 elapsed_s=2408 processed=4000413696 rate_per_s=1661611 steals=1432
event=heartbeat H=20 col=8 elapsed_s=2425 processed=4050512896 rate_per_s=1670403 steals=1432
event=heartbeat H=20 col=8 elapsed_s=2442 processed=4121883648 rate_per_s=1687780 steals=1432
event=heartbeat H=20 col=8 elapsed_s=2460 processed=4193964032 rate_per_s=1705201 steals=1432
event=heartbeat H=20 col=8 elapsed_s=2477 processed=4226294784 rate_per_s=1706330 steals=1440
event=heartbeat H=20 col=8 elapsed_s=2494 processed=4226294784 rate_per_s=1694480 steals=1440
event=heartbeat H=20 col=8 elapsed_s=2511 processed=4226294784 rate_per_s=1682795 steals=1440
event=heartbeat H=20 col=8 elapsed_s=2529 processed=4226294784 rate_per_s=1671268 steals=1498
event=kink_round H=20 col=8 round=stage16 frontier_in=452525588 map_wall_s=79.620 map_cpu_s=3577.911 merge_wall_s=62.909 merge_cpu_s=1364.051 map_units=424 merge_ranges=240 map_eff_cores=44.94 merge_eff_cores=21.68
event=fastmap_fallback H=20 col=8 stage=17
event=heartbeat H=20 col=8 elapsed_s=2546 processed=4261654528 rate_per_s=1673787 steals=1498
event=heartbeat H=20 col=8 elapsed_s=2563 processed=4310327296 rate_per_s=1681465 steals=1498
event=heartbeat H=20 col=8 elapsed_s=2581 processed=4369980416 rate_per_s=1693294 steals=1498
event=heartbeat H=20 col=8 elapsed_s=2598 processed=4441391104 rate_per_s=1709492 steals=1498
event=heartbeat H=20 col=8 elapsed_s=2615 processed=4509156352 rate_per_s=1724081 steals=1536
event=heartbeat H=20 col=8 elapsed_s=2633 processed=4509156352 rate_per_s=1712738 steals=1536
event=heartbeat H=20 col=8 elapsed_s=2650 processed=4509156352 rate_per_s=1701544 steals=1539
event=kink_round H=20 col=8 round=stage17 frontier_in=453767164 map_wall_s=78.482 map_cpu_s=3497.228 merge_wall_s=49.604 merge_cpu_s=1162.028 map_units=597 merge_ranges=286 map_eff_cores=44.56 merge_eff_cores=23.43
event=heartbeat H=20 col=8 elapsed_s=2667 processed=4509156352 rate_per_s=1690492 steals=1587
event=fastmap_fallback H=20 col=8 stage=18
event=heartbeat H=20 col=8 elapsed_s=2685 processed=4544530432 rate_per_s=1692765 steals=1587
event=heartbeat H=20 col=8 elapsed_s=2702 processed=4615259136 rate_per_s=1708090 steals=1587
event=heartbeat H=20 col=8 elapsed_s=2719 processed=4688029696 rate_per_s=1723971 steals=1587
event=heartbeat H=20 col=8 elapsed_s=2737 processed=4759371776 rate_per_s=1739129 steals=1587
event=heartbeat H=20 col=8 elapsed_s=2754 processed=4791909376 rate_per_s=1740006 steals=1633
event=heartbeat H=20 col=8 elapsed_s=2771 processed=4791909376 rate_per_s=1729131 steals=1633
event=heartbeat H=20 col=8 elapsed_s=2789 processed=4791909376 rate_per_s=1718391 steals=1665
event=kink_round H=20 col=8 round=stage18 frontier_in=452055988 map_wall_s=77.672 map_cpu_s=3391.361 merge_wall_s=49.988 merge_cpu_s=1208.632 map_units=653 merge_ranges=262 map_eff_cores=43.66 merge_eff_cores=24.18
event=heartbeat H=20 col=8 elapsed_s=2806 processed=4791909376 rate_per_s=1707781 steals=1687
event=fastmap_fallback H=20 col=8 stage=19
event=heartbeat H=20 col=8 elapsed_s=2823 processed=4862627840 rate_per_s=1722355 steals=1687
event=heartbeat H=20 col=8 elapsed_s=2841 processed=4933457920 rate_per_s=1736788 steals=1687
event=heartbeat H=20 col=8 elapsed_s=2858 processed=5004994560 rate_per_s=1751293 steals=1687
event=heartbeat H=20 col=8 elapsed_s=2875 processed=5074907136 rate_per_s=1765058 steals=1695
event=heartbeat H=20 col=8 elapsed_s=2893 processed=5074935808 rate_per_s=1754500 steals=1700
event=heartbeat H=20 col=8 elapsed_s=2910 processed=5074935808 rate_per_s=1744057 steals=1734
event=kink_round H=20 col=8 round=stage19 frontier_in=458083069 map_wall_s=74.044 map_cpu_s=3327.050 merge_wall_s=40.234 merge_cpu_s=1019.236 map_units=445 merge_ranges=254 map_eff_cores=44.93 merge_eff_cores=25.33
event=fastmap_fallback H=20 col=8 stage=finalize
event=heartbeat H=20 col=8 elapsed_s=2927 processed=5074935808 rate_per_s=1733731 steals=1739
event=heartbeat H=20 col=8 elapsed_s=2944 processed=5074935808 rate_per_s=1723538 steals=1739
event=heartbeat H=20 col=8 elapsed_s=2962 processed=5074935808 rate_per_s=1713459 steals=1739
event=heartbeat H=20 col=8 elapsed_s=2979 processed=5074935808 rate_per_s=1703497 steals=1740
event=kink_round H=20 col=8 round=finalize frontier_in=462379231 map_wall_s=46.609 map_cpu_s=1826.464 merge_wall_s=21.849 merge_cpu_s=518.583 map_units=384 merge_ranges=128 map_eff_cores=39.19 merge_eff_cores=23.73
event=column H=20 col=8 frontier_in=128930261 frontier_out=128921806 wall_s=2994.61 cum_wall_s=17303.9 cpu_s=98099.8 rss_max_mb=1120.2 map_wall_s=1631.45 map_cpu_s=69553.3 merge_wall_s=1287.90 merge_cpu_s=28546.4 map_units=15638 merge_ranges=4890 eff_cores=32.76
event=fastmap_fallback H=20 col=9 stage=seed
event=kink_round H=20 col=9 round=seed frontier_in=128921806 map_wall_s=10.467 map_cpu_s=388.712 merge_wall_s=0.000 merge_cpu_s=0.000 map_units=384 merge_ranges=0 map_eff_cores=37.14 merge_eff_cores=0.00
event=fastmap_fallback H=20 col=9 stage=0
event=heartbeat H=20 col=9 elapsed_s=17 processed=169984 rate_per_s=9814 steals=0
event=heartbeat H=20 col=9 elapsed_s=35 processed=340992 rate_per_s=9843 steals=0
event=heartbeat H=20 col=9 elapsed_s=52 processed=397312 rate_per_s=7646 steals=4
event=heartbeat H=20 col=9 elapsed_s=69 processed=397312 rate_per_s=5735 steals=5
event=kink_round H=20 col=9 round=stage0 frontier_in=128921806 map_wall_s=34.142 map_cpu_s=738.576 merge_wall_s=37.848 merge_cpu_s=802.187 map_units=390 merge_ranges=211 map_eff_cores=21.63 merge_eff_cores=21.19
event=fastmap_fallback H=20 col=9 stage=1
event=heartbeat H=20 col=9 elapsed_s=87 processed=446464 rate_per_s=5155 steals=44
event=heartbeat H=20 col=9 elapsed_s=104 processed=581632 rate_per_s=5597 steals=44
event=heartbeat H=20 col=9 elapsed_s=121 processed=662528 rate_per_s=5464 steals=44
event=heartbeat H=20 col=9 elapsed_s=139 processed=790528 rate_per_s=5705 steals=44
event=heartbeat H=20 col=9 elapsed_s=156 processed=790528 rate_per_s=5071 steals=44
event=heartbeat H=20 col=9 elapsed_s=173 processed=790528 rate_per_s=4564 steals=44
event=heartbeat H=20 col=9 elapsed_s=191 processed=790528 rate_per_s=4149 steals=81
event=kink_round H=20 col=9 round=stage1 frontier_in=207447739 map_wall_s=59.456 map_cpu_s=1266.219 merge_wall_s=55.112 merge_cpu_s=1181.947 map_units=384 merge_ranges=205 map_eff_cores=21.30 merge_eff_cores=21.45
event=fastmap_fallback H=20 col=9 stage=2
event=heartbeat H=20 col=9 elapsed_s=208 processed=839680 rate_per_s=4040 steals=84
event=heartbeat H=20 col=9 elapsed_s=225 processed=84858880 rate_per_s=376871 steals=84
event=heartbeat H=20 col=9 elapsed_s=242 processed=165210112 rate_per_s=681314 steals=84
event=heartbeat H=20 col=9 elapsed_s=260 processed=239768576 rate_per_s=922866 steals=84
event=heartbeat H=20 col=9 elapsed_s=277 processed=281909248 rate_per_s=1017249 steals=122
event=heartbeat H=20 col=9 elapsed_s=294 processed=281909248 rate_per_s=957411 steals=122
event=heartbeat H=20 col=9 elapsed_s=312 processed=281909248 rate_per_s=904224 steals=124
event=heartbeat H=20 col=9 elapsed_s=329 processed=281909248 rate_per_s=856631 steals=163
event=kink_round H=20 col=9 round=stage2 frontier_in=334167116 map_wall_s=68.563 map_cpu_s=3025.863 merge_wall_s=63.309 merge_cpu_s=1353.873 map_units=1249 merge_ranges=132 map_eff_cores=44.13 merge_eff_cores=21.39
event=fastmap_fallback H=20 col=9 stage=3
event=heartbeat H=20 col=9 elapsed_s=346 processed=310145024 rate_per_s=895309 steals=163
event=heartbeat H=20 col=9 elapsed_s=364 processed=372486144 rate_per_s=1024069 steals=163
event=heartbeat H=20 col=9 elapsed_s=381 processed=435837952 rate_per_s=1143777 steals=163
event=heartbeat H=20 col=9 elapsed_s=398 processed=509615104 rate_per_s=1279243 steals=163
event=heartbeat H=20 col=9 elapsed_s=416 processed=561934336 rate_per_s=1351799 steals=183
event=heartbeat H=20 col=9 elapsed_s=433 processed=561934336 rate_per_s=1297730 steals=183
event=heartbeat H=20 col=9 elapsed_s=450 processed=561934336 rate_per_s=1247818 steals=183
event=heartbeat H=20 col=9 elapsed_s=468 processed=561934336 rate_per_s=1201603 steals=187
event=kink_round H=20 col=9 round=stage3 frontier_in=389402287 map_wall_s=76.424 map_cpu_s=3367.517 merge_wall_s=70.419 merge_cpu_s=1496.037 map_units=852 merge_ranges=229 map_eff_cores=44.06 merge_eff_cores=21.24
event=heartbeat H=20 col=9 elapsed_s=485 processed=561934336 rate_per_s=1158673 steals=223
event=fastmap_fallback H=20 col=9 stage=4
event=heartbeat H=20 col=9 elapsed_s=502 processed=596730880 rate_per_s=1188008 steals=223
event=heartbeat H=20 col=9 elapsed_s=520 processed=670191616 rate_per_s=1289783 steals=223
event=heartbeat H=20 col=9 elapsed_s=537 processed=734219264 rate_per_s=1367423 steals=223
event=heartbeat H=20 col=9 elapsed_s=554 processed=808550400 rate_per_s=1458801 steals=223
event=heartbeat H=20 col=9 elapsed_s=572 processed=838491136 rate_per_s=1466977 steals=248
event=heartbeat H=20 col=9 elapsed_s=589 processed=838491136 rate_per_s=1423830 steals=248
event=heartbeat H=20 col=9 elapsed_s=606 processed=838491136 rate_per_s=1383151 steals=249
event=heartbeat H=20 col=9 elapsed_s=624 processed=838491136 rate_per_s=1344728 steals=307
event=kink_round H=20 col=9 round=stage4 frontier_in=421898470 map_wall_s=78.655 map_cpu_s=3515.387 merge_wall_s=61.580 merge_cpu_s=1372.265 map_units=656 merge_ranges=311 map_eff_cores=44.69 merge_eff_cores=22.28
event=fastmap_fallback H=20 col=9 stage=5
event=heartbeat H=20 col=9 elapsed_s=641 processed=859765760 rate_per_s=1341581 steals=307
event=heartbeat H=20 col=9 elapsed_s=658 processed=918243328 rate_per_s=1395125 steals=307
event=heartbeat H=20 col=9 elapsed_s=676 processed=992175104 rate_per_s=1468800 steals=307
event=heartbeat H=20 col=9 elapsed_s=693 processed=1057789952 rate_per_s=1526786 steals=307
event=heartbeat H=20 col=9 elapsed_s=710 processed=1116641280 rate_per_s=1572421 steals=340
event=heartbeat H=20 col=9 elapsed_s=727 processed=1116829696 rate_per_s=1535239 steals=345
event=heartbeat H=20 col=9 elapsed_s=745 processed=1116829696 rate_per_s=1499538 steals=345
event=heartbeat H=20 col=9 elapsed_s=762 processed=1116829696 rate_per_s=1465457 steals=348
event=kink_round H=20 col=9 round=stage5 frontier_in=437707981 map_wall_s=79.988 map_cpu_s=3519.406 merge_wall_s=66.886 merge_cpu_s=1452.170 map_units=1105 merge_ranges=160 map_eff_cores=44.00 merge_eff_cores=21.71
event=heartbeat H=20 col=9 elapsed_s=779 processed=1116829696 rate_per_s=1432881 steals=391
event=fastmap_fallback H=20 col=9 stage=6
event=heartbeat H=20 col=9 elapsed_s=797 processed=1152947200 rate_per_s=1447073 steals=391
event=heartbeat H=20 col=9 elapsed_s=814 processed=1225194496 rate_per_s=1505034 steals=391
event=heartbeat H=20 col=9 elapsed_s=831 processed=1293505536 rate_per_s=1555845 steals=391
event=heartbeat H=20 col=9 elapsed_s=849 processed=1357942784 rate_per_s=1600017 steals=391
event=heartbeat H=20 col=9 elapsed_s=866 processed=1398112256 rate_per_s=1614400 steals=425
event=heartbeat H=20 col=9 elapsed_s=883 processed=1398112256 rate_per_s=1582745 steals=425
event=heartbeat H=20 col=9 elapsed_s=901 processed=1398112256 rate_per_s=1552308 steals=425
event=heartbeat H=20 col=9 elapsed_s=918 processed=1398112256 rate_per_s=1523018 steals=451
event=kink_round H=20 col=9 round=stage6 frontier_in=444763706 map_wall_s=83.372 map_cpu_s=3603.633 merge_wall_s=64.881 merge_cpu_s=1464.380 map_units=853 merge_ranges=231 map_eff_cores=43.22 merge_eff_cores=22.57
event=heartbeat H=20 col=9 elapsed_s=935 processed=1398112256 rate_per_s=1494798 steals=475
event=fastmap_fallback H=20 col=9 stage=7
event=heartbeat H=20 col=9 elapsed_s=953 processed=1459424256 rate_per_s=1531997 steals=475
event=heartbeat H=20 col=9 elapsed_s=970 processed=1511652352 rate_per_s=1558487 steals=475
event=heartbeat H=20 col=9 elapsed_s=987 processed=1582298112 rate_per_s=1602701 steals=475
event=heartbeat H=20 col=9 elapsed_s=1005 processed=1650214912 rate_per_s=1642674 steals=475
event=heartbeat H=20 col=9 elapsed_s=1022 processed=1681918976 rate_per_s=1645857 steals=521
event=heartbeat H=20 col=9 elapsed_s=1039 processed=1681918976 rate_per_s=1618426 steals=521
event=heartbeat H=20 col=9 elapsed_s=1057 processed=1681918976 rate_per_s=1591894 steals=521
event=heartbeat H=20 col=9 elapsed_s=1074 processed=1681918976 rate_per_s=1566219 steals=569
event=kink_round H=20 col=9 round=stage7 frontier_in=447833616 map_wall_s=80.332 map_cpu_s=3608.924 merge_wall_s=65.196 merge_cpu_s=1459.350 map_units=1260 merge_ranges=149 map_eff_cores=44.93 merge_eff_cores=22.38
event=fastmap_fallback H=20 col=9 stage=8
event=heartbeat H=20 col=9 elapsed_s=1091 processed=1681968128 rate_per_s=1541398 steals=569
event=heartbeat H=20 col=9 elapsed_s=1109 processed=1753405440 rate_per_s=1581764 steals=569
event=heartbeat H=20 col=9 elapsed_s=1126 processed=1824154624 rate_per_s=1620269 steals=569
event=heartbeat H=20 col=9 elapsed_s=1143 processed=1895585792 rate_per_s=1658207 steals=569
event=heartbeat H=20 col=9 elapsed_s=1160 processed=1958906880 rate_per_s=1688023 steals=576
event=heartbeat H=20 col=9 elapsed_s=1178 processed=1965310976 rate_per_s=1668635 steals=637
event=heartbeat H=20 col=9 elapsed_s=1195 processed=1965310976 rate_per_s=1644453 steals=637
event=heartbeat H=20 col=9 elapsed_s=1212 processed=1965310976 rate_per_s=1620961 steals=678
event=kink_round H=20 col=9 round=stage8 frontier_in=449319529 map_wall_s=81.769 map_cpu_s=3645.771 merge_wall_s=57.634 merge_cpu_s=1365.661 map_units=996 merge_ranges=247 map_eff_cores=44.59 merge_eff_cores=23.70
event=fastmap_fallback H=20 col=9 stage=9
event=heartbeat H=20 col=9 elapsed_s=1230 processed=1965360128 rate_per_s=1598170 steals=682
event=heartbeat H=20 col=9 elapsed_s=1247 processed=2035795968 rate_per_s=1632453 steals=682
event=heartbeat H=20 col=9 elapsed_s=1264 processed=2103617536 rate_per_s=1663731 steals=682
event=heartbeat H=20 col=9 elapsed_s=1282 processed=2146413568 rate_per_s=1674638 steals=682
event=heartbeat H=20 col=9 elapsed_s=1299 processed=2215527424 rate_per_s=1705512 steals=682
event=heartbeat H=20 col=9 elapsed_s=1316 processed=2248348672 rate_per_s=1708005 steals=771
event=heartbeat H=20 col=9 elapsed_s=1334 processed=2248348672 rate_per_s=1685823 steals=771
event=heartbeat H=20 col=9 elapsed_s=1351 processed=2248348672 rate_per_s=1664211 steals=771
event=heartbeat H=20 col=9 elapsed_s=1368 processed=2248348672 rate_per_s=1643144 steals=781
event=kink_round H=20 col=9 round=stage9 frontier_in=450070852 map_wall_s=83.252 map_cpu_s=3734.443 merge_wall_s=71.334 merge_cpu_s=1592.543 map_units=974 merge_ranges=248 map_eff_cores=44.86 merge_eff_cores=22.33
event=heartbeat H=20 col=9 elapsed_s=1386 processed=2248348672 rate_per_s=1622599 steals=806
event=fastmap_fallback H=20 col=9 stage=10
event=heartbeat H=20 col=9 elapsed_s=1403 processed=2319005696 rate_per_s=1652936 steals=806
event=heartbeat H=20 col=9 elapsed_s=1420 processed=2355913728 rate_per_s=1658765 steals=806
event=heartbeat H=20 col=9 elapsed_s=1438 processed=2426620928 rate_per_s=1687964 steals=806
event=heartbeat H=20 col=9 elapsed_s=1455 processed=2497160192 rate_per_s=1716352 steals=806
event=heartbeat H=20 col=9 elapsed_s=1472 processed=2531325952 rate_per_s=1719366 steals=854
event=heartbeat H=20 col=9 elapsed_s=1490 processed=2531325952 rate_per_s=1699372 steals=854
event=heartbeat H=20 col=9 elapsed_s=1507 processed=2531325952 rate_per_s=1679841 steals=854
event=heartbeat H=20 col=9 elapsed_s=1524 processed=2531325952 rate_per_s=1660752 steals=871
event=kink_round H=20 col=9 round=stage10 frontier_in=450504688 map_wall_s=86.162 map_cpu_s=3760.845 merge_wall_s=69.520 merge_cpu_s=1472.564 map_units=731 merge_ranges=271 map_eff_cores=43.65 merge_eff_cores=21.18
event=heartbeat H=20 col=9 elapsed_s=1542 processed=2531325952 rate_per_s=1642083 steals=903
event=fastmap_fallback H=20 col=9 stage=11
event=heartbeat H=20 col=9 elapsed_s=1559 processed=2566752256 rate_per_s=1646571 steals=903
event=heartbeat H=20 col=9 elapsed_s=1576 processed=2638267392 rate_per_s=1673850 steals=903
event=heartbeat H=20 col=9 elapsed_s=1593 processed=2708894720 rate_per_s=1699979 steals=903
event=heartbeat H=20 col=9 elapsed_s=1611 processed=2779511808 rate_per_s=1725539 steals=903
event=heartbeat H=20 col=9 elapsed_s=1628 processed=2814465024 rate_per_s=1728650 steals=995
event=heartbeat H=20 col=9 elapsed_s=1645 processed=2814465024 rate_per_s=1710454 steals=995
event=heartbeat H=20 col=9 elapsed_s=1663 processed=2814465024 rate_per_s=1692637 steals=995
event=heartbeat H=20 col=9 elapsed_s=1680 processed=2814465024 rate_per_s=1675187 steals=1041
event=kink_round H=20 col=9 round=stage11 frontier_in=450775185 map_wall_s=84.952 map_cpu_s=3693.722 merge_wall_s=62.266 merge_cpu_s=1360.767 map_units=917 merge_ranges=244 map_eff_cores=43.48 merge_eff_cores=21.85
event=heartbeat H=20 col=9 elapsed_s=1697 processed=2814465024 rate_per_s=1658092 steals=1043
event=fastmap_fallback H=20 col=9 stage=12
event=heartbeat H=20 col=9 elapsed_s=1715 processed=2885221376 rate_per_s=1682608 steals=1043
event=heartbeat H=20 col=9 elapsed_s=1732 processed=2955913216 rate_per_s=1706597 steals=1043
event=heartbeat H=20 col=9 elapsed_s=1749 processed=3003836416 rate_per_s=1717095 steals=1043
event=heartbeat H=20 col=9 elapsed_s=1767 processed=3065639936 rate_per_s=1735240 steals=1043
event=heartbeat H=20 col=9 elapsed_s=1784 processed=3097427968 rate_per_s=1736214 steals=1074
event=heartbeat H=20 col=9 elapsed_s=1801 processed=3097427968 rate_per_s=1719520 steals=1074
event=heartbeat H=20 col=9 elapsed_s=1819 processed=3097427968 rate_per_s=1703143 steals=1074
event=heartbeat H=20 col=9 elapsed_s=1836 processed=3097427968 rate_per_s=1687075 steals=1122
event=kink_round H=20 col=9 round=stage12 frontier_in=451024684 map_wall_s=83.229 map_cpu_s=3649.480 merge_wall_s=72.044 merge_cpu_s=1509.028 map_units=622 merge_ranges=255 map_eff_cores=43.85 merge_eff_cores=20.95
event=heartbeat H=20 col=9 elapsed_s=1853 processed=3097427968 rate_per_s=1671300 steals=1128
event=fastmap_fallback H=20 col=9 stage=13
event=heartbeat H=20 col=9 elapsed_s=1871 processed=3168184320 rate_per_s=1693658 steals=1128
event=heartbeat H=20 col=9 elapsed_s=1888 processed=3209473024 rate_per_s=1699990 steals=1128
event=heartbeat H=20 col=9 elapsed_s=1905 processed=3275741184 rate_per_s=1719317 steals=1128
event=heartbeat H=20 col=9 elapsed_s=1923 processed=3347095552 rate_per_s=1740942 steals=1128
event=heartbeat H=20 col=9 elapsed_s=1940 processed=3380150272 rate_per_s=1742437 steals=1134
event=heartbeat H=20 col=9 elapsed_s=1957 processed=3380150272 rate_per_s=1727017 steals=1134
event=heartbeat H=20 col=9 elapsed_s=1975 processed=3380150272 rate_per_s=1711869 steals=1134
event=heartbeat H=20 col=9 elapsed_s=1992 processed=3380150272 rate_per_s=1696983 steals=1169
event=kink_round H=20 col=9 round=stage13 frontier_in=451289392 map_wall_s=81.529 map_cpu_s=3637.762 merge_wall_s=67.971 merge_cpu_s=1470.276 map_units=407 merge_ranges=194 map_eff_cores=44.62 merge_eff_cores=21.63
event=heartbeat H=20 col=9 elapsed_s=2009 processed=3380150272 rate_per_s=1682349 steals=1173
event=fastmap_fallback H=20 col=9 stage=14
event=heartbeat H=20 col=9 elapsed_s=2027 processed=3450907648 rate_per_s=1702889 steals=1173
event=heartbeat H=20 col=9 elapsed_s=2044 processed=3521583104 rate_per_s=1723039 steals=1173
event=heartbeat H=20 col=9 elapsed_s=2061 processed=3593006080 rate_per_s=1743212 steals=1173
event=heartbeat H=20 col=9 elapsed_s=2078 processed=3632741376 rate_per_s=1747803 steals=1173
event=heartbeat H=20 col=9 elapsed_s=2096 processed=3663045632 rate_per_s=1747818 steals=1211
event=heartbeat H=20 col=9 elapsed_s=2113 processed=3663045632 rate_per_s=1733492 steals=1211
event=heartbeat H=20 col=9 elapsed_s=2130 processed=3663045632 rate_per_s=1719398 steals=1211
event=heartbeat H=20 col=9 elapsed_s=2148 processed=3663045632 rate_per_s=1705532 steals=1260
event=kink_round H=20 col=9 round=stage14 frontier_in=451588431 map_wall_s=79.920 map_cpu_s=3523.959 merge_wall_s=68.351 merge_cpu_s=1472.434 map_units=598 merge_ranges=279 map_eff_cores=44.09 merge_eff_cores=21.54
event=fastmap_fallback H=20 col=9 stage=15
event=heartbeat H=20 col=9 elapsed_s=2165 processed=3663094784 rate_per_s=1691908 steals=1260
event=heartbeat H=20 col=9 elapsed_s=2182 processed=3733844992 rate_per_s=1710901 steals=1260
event=heartbeat H=20 col=9 elapsed_s=2200 processed=3804511232 rate_per_s=1729555 steals=1260
event=heartbeat H=20 col=9 elapsed_s=2217 processed=3876669440 rate_per_s=1748591 steals=1260
event=heartbeat H=20 col=9 elapsed_s=2234 processed=3945768960 rate_per_s=1765962 steals=1269
event=heartbeat H=20 col=9 elapsed_s=2252 processed=3945768960 rate_per_s=1752377 steals=1269
event=heartbeat H=20 col=9 elapsed_s=2269 processed=3945768960 rate_per_s=1739000 steals=1269
event=heartbeat H=20 col=9 elapsed_s=2286 processed=3945768960 rate_per_s=1725826 steals=1269
event=heartbeat H=20 col=9 elapsed_s=2304 processed=3945768960 rate_per_s=1712850 steals=1328
event=kink_round H=20 col=9 round=stage15 frontier_in=452017002 map_wall_s=78.785 map_cpu_s=3511.407 merge_wall_s=72.241 merge_cpu_s=1571.139 map_units=421 merge_ranges=310 map_eff_cores=44.57 merge_eff_cores=21.75
event=fastmap_fallback H=20 col=9 stage=16
event=heartbeat H=20 col=9 elapsed_s=2321 processed=3946552320 rate_per_s=1700405 steals=1328
event=heartbeat H=20 col=9 elapsed_s=2338 processed=4018044928 rate_per_s=1718384 steals=1328
event=heartbeat H=20 col=9 elapsed_s=2356 processed=4088700928 rate_per_s=1735744 steals=1328
event=heartbeat H=20 col=9 elapsed_s=2373 processed=4161581056 rate_per_s=1753788 steals=1328
event=heartbeat H=20 col=9 elapsed_s=2390 processed=4228467712 rate_per_s=1769063 steals=1332
event=heartbeat H=20 col=9 elapsed_s=2408 processed=4228467712 rate_per_s=1756335 steals=1332
event=heartbeat H=20 col=9 elapsed_s=2425 processed=4228467712 rate_per_s=1743790 steals=1332
event=heartbeat H=20 col=9 elapsed_s=2442 processed=4228467712 rate_per_s=1731423 steals=1367
event=kink_round H=20 col=9 round=stage16 frontier_in=452382353 map_wall_s=77.448 map_cpu_s=3430.215 merge_wall_s=62.032 merge_cpu_s=1379.692 map_units=413 merge_ranges=184 map_eff_cores=44.29 merge_eff_cores=22.24
event=heartbeat H=20 col=9 elapsed_s=2460 processed=4228467712 rate_per_s=1719223 steals=1379
event=fastmap_fallback H=20 col=9 stage=17
event=heartbeat H=20 col=9 elapsed_s=2477 processed=4299216896 rate_per_s=1735771 steals=1379
event=heartbeat H=20 col=9 elapsed_s=2494 processed=4369926144 rate_per_s=1752067 steals=1379
event=heartbeat H=20 col=9 elapsed_s=2511 processed=4440630272 rate_per_s=1768137 steals=1379
event=heartbeat H=20 col=9 elapsed_s=2529 processed=4511202304 rate_per_s=1783934 steals=1379
event=heartbeat H=20 col=9 elapsed_s=2546 processed=4511221760 rate_per_s=1771805 steals=1385
event=heartbeat H=20 col=9 elapsed_s=2563 processed=4511221760 rate_per_s=1759834 steals=1385
event=heartbeat H=20 col=9 elapsed_s=2581 processed=4511221760 rate_per_s=1748023 steals=1440
event=kink_round H=20 col=9 round=stage17 frontier_in=453606900 map_wall_s=76.564 map_cpu_s=3390.464 merge_wall_s=53.012 merge_cpu_s=1241.897 map_units=405 merge_ranges=318 map_eff_cores=44.28 merge_eff_cores=23.43
event=fastmap_fallback H=20 col=9 stage=18
event=heartbeat H=20 col=9 elapsed_s=2598 processed=4511270912 rate_per_s=1736388 steals=1441
event=heartbeat H=20 col=9 elapsed_s=2615 processed=4582072320 rate_per_s=1751960 steals=1441
event=heartbeat H=20 col=9 elapsed_s=2633 processed=4654111744 rate_per_s=1767798 steals=1441
event=heartbeat H=20 col=9 elapsed_s=2650 processed=4727734272 rate_per_s=1784025 steals=1441
event=heartbeat H=20 col=9 elapsed_s=2667 processed=4793947136 rate_per_s=1797264 steals=1455
event=heartbeat H=20 col=9 elapsed_s=2685 processed=4793947136 rate_per_s=1785668 steals=1455
event=heartbeat H=20 col=9 elapsed_s=2702 processed=4793947136 rate_per_s=1774221 steals=1479
event=kink_round H=20 col=9 round=stage18 frontier_in=451842660 map_wall_s=73.475 map_cpu_s=3280.272 merge_wall_s=45.527 merge_cpu_s=1090.556 map_units=483 merge_ranges=278 map_eff_cores=44.64 merge_eff_cores=23.95
event=heartbeat H=20 col=9 elapsed_s=2719 processed=4793947136 rate_per_s=1762921 steals=1507
event=fastmap_fallback H=20 col=9 stage=19
event=heartbeat H=20 col=9 elapsed_s=2737 processed=4864734208 rate_per_s=1777630 steals=1507
event=heartbeat H=20 col=9 elapsed_s=2754 processed=4936336384 rate_per_s=1792449 steals=1507
event=heartbeat H=20 col=9 elapsed_s=2771 processed=5008626688 rate_per_s=1807332 steals=1507
event=heartbeat H=20 col=9 elapsed_s=2789 processed=5077099520 rate_per_s=1820661 steals=1537
event=heartbeat H=20 col=9 elapsed_s=2806 processed=5077099520 rate_per_s=1809422 steals=1537
event=heartbeat H=20 col=9 elapsed_s=2823 processed=5077099520 rate_per_s=1798319 steals=1586
event=kink_round H=20 col=9 round=stage19 frontier_in=457846901 map_wall_s=73.517 map_cpu_s=3192.497 merge_wall_s=41.565 merge_cpu_s=1023.661 map_units=506 merge_ranges=273 map_eff_cores=43.43 merge_eff_cores=24.63
event=fastmap_fallback H=20 col=9 stage=finalize
event=heartbeat H=20 col=9 elapsed_s=2841 processed=5077099520 rate_per_s=1787349 steals=1593
event=heartbeat H=20 col=9 elapsed_s=2858 processed=5077099520 rate_per_s=1776524 steals=1593
event=heartbeat H=20 col=9 elapsed_s=2875 processed=5077099520 rate_per_s=1765822 steals=1593
event=heartbeat H=20 col=9 elapsed_s=2893 processed=5077099520 rate_per_s=1755248 steals=1601
event=kink_round H=20 col=9 round=finalize frontier_in=462062197 map_wall_s=45.397 map_cpu_s=1783.135 merge_wall_s=25.807 merge_cpu_s=498.792 map_units=384 merge_ranges=129 map_eff_cores=39.28 merge_eff_cores=19.33
event=heartbeat H=20 col=9 elapsed_s=2910 processed=5077099520 rate_per_s=1744791 steals=1621
event=column H=20 col=9 frontier_in=128921806 frontier_out=128779243 wall_s=2910.72 cum_wall_s=20214.6 cpu_s=94899.4 rss_max_mb=1120.2 map_wall_s=1577.40 map_cpu_s=67268.2 merge_wall_s=1254.54 merge_cpu_s=27631.2 map_units=14990 merge_ranges=4858 eff_cores=32.60
event=kink_round H=20 col=10 round=seed frontier_in=128779243 map_wall_s=9.504 map_cpu_s=367.970 merge_wall_s=0.000 merge_cpu_s=0.000 map_units=384 merge_ranges=0 map_eff_cores=38.72 merge_eff_cores=0.00
event=fastmap_fallback H=20 col=10 stage=0
event=heartbeat H=20 col=10 elapsed_s=17 processed=217088 rate_per_s=12533 steals=0
event=heartbeat H=20 col=10 elapsed_s=35 processed=420864 rate_per_s=12149 steals=20
event=heartbeat H=20 col=10 elapsed_s=52 processed=420864 rate_per_s=8099 steals=20
event=kink_round H=20 col=10 round=stage0 frontier_in=128779243 map_wall_s=15.836 map_cpu_s=631.435 merge_wall_s=41.674 merge_cpu_s=787.814 map_units=414 merge_ranges=154 map_eff_cores=39.87 merge_eff_cores=18.90
event=heartbeat H=20 col=10 elapsed_s=69 processed=420864 rate_per_s=6075 steals=50
event=fastmap_fallback H=20 col=10 stage=1
event=heartbeat H=20 col=10 elapsed_s=87 processed=616448 rate_per_s=7118 steals=50
event=heartbeat H=20 col=10 elapsed_s=104 processed=717824 rate_per_s=6907 steals=50
event=heartbeat H=20 col=10 elapsed_s=121 processed=814080 rate_per_s=6714 steals=50
event=heartbeat H=20 col=10 elapsed_s=139 processed=815104 rate_per_s=5882 steals=51
event=heartbeat H=20 col=10 elapsed_s=156 processed=815104 rate_per_s=5229 steals=52
event=heartbeat H=20 col=10 elapsed_s=173 processed=815104 rate_per_s=4706 steals=87
event=kink_round H=20 col=10 round=stage1 frontier_in=207191229 map_wall_s=53.350 map_cpu_s=1200.779 merge_wall_s=51.785 merge_cpu_s=1096.492 map_units=386 merge_ranges=183 map_eff_cores=22.51 merge_eff_cores=21.17
event=fastmap_fallback H=20 col=10 stage=2
event=heartbeat H=20 col=10 elapsed_s=191 processed=42175488 rate_per_s=221363 steals=87
event=heartbeat H=20 col=10 elapsed_s=208 processed=127632384 rate_per_s=614071 steals=87
event=heartbeat H=20 col=10 elapsed_s=225 processed=203672576 rate_per_s=904537 steals=87
event=heartbeat H=20 col=10 elapsed_s=242 processed=281224192 rate_per_s=1159748 steals=127
event=heartbeat H=20 col=10 elapsed_s=260 processed=281224192 rate_per_s=1082429 steals=127
event=heartbeat H=20 col=10 elapsed_s=277 processed=281224192 rate_per_s=1014778 steals=128
event=heartbeat H=20 col=10 elapsed_s=294 processed=281224192 rate_per_s=955084 steals=166
event=kink_round H=20 col=10 round=stage2 frontier_in=333748000 map_wall_s=65.485 map_cpu_s=2895.979 merge_wall_s=62.513 merge_cpu_s=1370.888 map_units=1240 merge_ranges=130 map_eff_cores=44.22 merge_eff_cores=21.93
event=fastmap_fallback H=20 col=10 stage=3
event=heartbeat H=20 col=10 elapsed_s=312 processed=281273344 rate_per_s=902181 steals=167
event=heartbeat H=20 col=10 elapsed_s=329 processed=350834688 rate_per_s=1066076 steals=167
event=heartbeat H=20 col=10 elapsed_s=346 processed=427996160 rate_per_s=1235517 steals=167
event=heartbeat H=20 col=10 elapsed_s=364 processed=498903040 rate_per_s=1371624 steals=167
event=heartbeat H=20 col=10 elapsed_s=381 processed=560514048 rate_per_s=1470967 steals=188
event=heartbeat H=20 col=10 elapsed_s=398 processed=560514048 rate_per_s=1407011 steals=188
event=heartbeat H=20 col=10 elapsed_s=416 processed=560514048 rate_per_s=1348384 steals=188
event=heartbeat H=20 col=10 elapsed_s=433 processed=560514048 rate_per_s=1294451 steals=236
event=kink_round H=20 col=10 round=stage3 frontier_in=388910630 map_wall_s=72.969 map_cpu_s=3218.415 merge_wall_s=61.234 merge_cpu_s=1372.446 map_units=821 merge_ranges=257 map_eff_cores=44.11 merge_eff_cores=22.41
event=fastmap_fallback H=20 col=10 stage=4
event=heartbeat H=20 col=10 elapsed_s=450 processed=560563200 rate_per_s=1244773 steals=240
event=heartbeat H=20 col=10 elapsed_s=468 processed=631158784 rate_per_s=1349626 steals=240
event=heartbeat H=20 col=10 elapsed_s=485 processed=704626688 rate_per_s=1452913 steals=240
event=heartbeat H=20 col=10 elapsed_s=502 processed=771995648 rate_per_s=1536937 steals=240
event=heartbeat H=20 col=10 elapsed_s=520 processed=841121792 rate_per_s=1618738 steals=251
event=heartbeat H=20 col=10 elapsed_s=537 processed=841425920 rate_per_s=1567086 steals=264
event=heartbeat H=20 col=10 elapsed_s=554 processed=841425920 rate_per_s=1518117 steals=264
event=heartbeat H=20 col=10 elapsed_s=572 processed=841425920 rate_per_s=1472113 steals=268
event=kink_round H=20 col=10 round=stage4 frontier_in=421328484 map_wall_s=75.434 map_cpu_s=3374.154 merge_wall_s=66.482 merge_cpu_s=1423.497 map_units=761 merge_ranges=198 map_eff_cores=44.73 merge_eff_cores=21.41
event=heartbeat H=20 col=10 elapsed_s=589 processed=841425920 rate_per_s=1428798 steals=315
event=fastmap_fallback H=20 col=10 stage=5
event=heartbeat H=20 col=10 elapsed_s=606 processed=876698624 rate_per_s=1446176 steals=315
event=heartbeat H=20 col=10 elapsed_s=624 processed=954209280 rate_per_s=1530313 steals=315
event=heartbeat H=20 col=10 elapsed_s=641 processed=1024262144 rate_per_s=1598263 steals=315
event=heartbeat H=20 col=10 elapsed_s=658 processed=1093116928 rate_per_s=1660817 steals=315
event=heartbeat H=20 col=10 elapsed_s=676 processed=1120751616 rate_per_s=1659143 steals=359
event=heartbeat H=20 col=10 elapsed_s=693 processed=1120751616 rate_per_s=1617664 steals=359
event=heartbeat H=20 col=10 elapsed_s=710 processed=1120751616 rate_per_s=1578208 steals=359
event=heartbeat H=20 col=10 elapsed_s=727 processed=1120751616 rate_per_s=1540632 steals=406
event=kink_round H=20 col=10 round=stage5 frontier_in=437084911 map_wall_s=76.341 map_cpu_s=3369.679 merge_wall_s=68.816 merge_cpu_s=1465.724 map_units=1205 merge_ranges=217 map_eff_cores=44.14 merge_eff_cores=21.30
event=fastmap_fallback H=20 col=10 stage=6
event=heartbeat H=20 col=10 elapsed_s=745 processed=1120800768 rate_per_s=1504870 steals=406
event=heartbeat H=20 col=10 elapsed_s=762 processed=1191487488 rate_per_s=1563421 steals=406
event=heartbeat H=20 col=10 elapsed_s=779 processed=1262415872 rate_per_s=1619679 steals=406
event=heartbeat H=20 col=10 elapsed_s=797 processed=1331094528 rate_per_s=1670668 steals=406
event=heartbeat H=20 col=10 elapsed_s=814 processed=1397386240 rate_per_s=1716555 steals=408
event=heartbeat H=20 col=10 elapsed_s=831 processed=1400529920 rate_per_s=1684574 steals=428
event=heartbeat H=20 col=10 elapsed_s=849 processed=1400529920 rate_per_s=1650195 steals=428
event=heartbeat H=20 col=10 elapsed_s=866 processed=1400529920 rate_per_s=1617191 steals=429
event=heartbeat H=20 col=10 elapsed_s=883 processed=1400529920 rate_per_s=1585474 steals=474
event=kink_round H=20 col=10 round=stage6 frontier_in=444056719 map_wall_s=80.332 map_cpu_s=3451.995 merge_wall_s=63.595 merge_cpu_s=1370.804 map_units=546 merge_ranges=205 map_eff_cores=42.97 merge_eff_cores=21.56
event=fastmap_fallback H=20 col=10 stage=7
event=heartbeat H=20 col=10 elapsed_s=901 processed=1435831296 rate_per_s=1594187 steals=474
event=heartbeat H=20 col=10 elapsed_s=918 processed=1506715648 rate_per_s=1641324 steals=474
event=heartbeat H=20 col=10 elapsed_s=935 processed=1576152064 rate_per_s=1685168 steals=474
event=heartbeat H=20 col=10 elapsed_s=953 processed=1646952448 rate_per_s=1728851 steals=474
event=heartbeat H=20 col=10 elapsed_s=970 processed=1684523008 rate_per_s=1736711 steals=517
event=heartbeat H=20 col=10 elapsed_s=987 processed=1684523008 rate_per_s=1706244 steals=517
event=heartbeat H=20 col=10 elapsed_s=1005 processed=1684523008 rate_per_s=1676827 steals=517
event=heartbeat H=20 col=10 elapsed_s=1022 processed=1684523008 rate_per_s=1648405 steals=560
event=kink_round H=20 col=10 round=stage7 frontier_in=447030595 map_wall_s=78.391 map_cpu_s=3431.501 merge_wall_s=62.056 merge_cpu_s=1411.595 map_units=1125 merge_ranges=270 map_eff_cores=43.77 merge_eff_cores=22.75
event=fastmap_fallback H=20 col=10 stage=8
event=heartbeat H=20 col=10 elapsed_s=1039 processed=1684572160 rate_per_s=1620976 steals=561
event=heartbeat H=20 col=10 elapsed_s=1057 processed=1756114944 rate_per_s=1662120 steals=561
event=heartbeat H=20 col=10 elapsed_s=1074 processed=1828374528 rate_per_s=1702599 steals=561
event=heartbeat H=20 col=10 elapsed_s=1091 processed=1902082048 rate_per_s=1743122 steals=561
event=heartbeat H=20 col=10 elapsed_s=1109 processed=1967996928 rate_per_s=1775330 steals=630
event=heartbeat H=20 col=10 elapsed_s=1126 processed=1968391168 rate_per_s=1748386 steals=638
event=heartbeat H=20 col=10 elapsed_s=1143 processed=1968391168 rate_per_s=1721894 steals=638
event=heartbeat H=20 col=10 elapsed_s=1160 processed=1968391168 rate_per_s=1696194 steals=643
event=kink_round H=20 col=10 round=stage8 frontier_in=448408034 map_wall_s=77.705 map_cpu_s=3471.415 merge_wall_s=63.574 merge_cpu_s=1424.826 map_units=1211 merge_ranges=211 map_eff_cores=44.67 merge_eff_cores=22.41
event=heartbeat H=20 col=10 elapsed_s=1178 processed=1968391168 rate_per_s=1671239 steals=680
event=fastmap_fallback H=20 col=10 stage=9
event=heartbeat H=20 col=10 elapsed_s=1195 processed=2023656448 rate_per_s=1693273 steals=680
event=heartbeat H=20 col=10 elapsed_s=1212 processed=2075175936 rate_per_s=1711573 steals=680
event=heartbeat H=20 col=10 elapsed_s=1230 processed=2147484672 rate_per_s=1746269 steals=680
event=heartbeat H=20 col=10 elapsed_s=1247 processed=2217496576 rate_per_s=1778154 steals=680
event=heartbeat H=20 col=10 elapsed_s=1264 processed=2251558912 rate_per_s=1780736 steals=730
event=heartbeat H=20 col=10 elapsed_s=1282 processed=2251558912 rate_per_s=1756673 steals=730
event=heartbeat H=20 col=10 elapsed_s=1299 processed=2251558912 rate_per_s=1733250 steals=738
event=kink_round H=20 col=10 round=stage9 frontier_in=449105002 map_wall_s=80.238 map_cpu_s=3607.979 merge_wall_s=56.280 merge_cpu_s=1258.272 map_units=627 merge_ranges=282 map_eff_cores=44.97 merge_eff_cores=22.36
event=heartbeat H=20 col=10 elapsed_s=1316 processed=2251558912 rate_per_s=1710441 steals=786
event=fastmap_fallback H=20 col=10 stage=10
event=heartbeat H=20 col=10 elapsed_s=1334 processed=2286935040 rate_per_s=1714755 steals=786
event=heartbeat H=20 col=10 elapsed_s=1351 processed=2358449152 rate_per_s=1745706 steals=786
event=heartbeat H=20 col=10 elapsed_s=1368 processed=2429966336 rate_per_s=1775874 steals=786
event=heartbeat H=20 col=10 elapsed_s=1386 processed=2500639744 rate_per_s=1804680 steals=786
event=heartbeat H=20 col=10 elapsed_s=1403 processed=2534767616 rate_per_s=1806723 steals=860
event=heartbeat H=20 col=10 elapsed_s=1420 processed=2534767616 rate_per_s=1784693 steals=860
event=heartbeat H=20 col=10 elapsed_s=1438 processed=2534767616 rate_per_s=1763191 steals=860
event=heartbeat H=20 col=10 elapsed_s=1455 processed=2534767616 rate_per_s=1742200 steals=899
event=kink_round H=20 col=10 round=stage10 frontier_in=449488895 map_wall_s=80.816 map_cpu_s=3572.393 merge_wall_s=66.053 merge_cpu_s=1411.409 map_units=739 merge_ranges=223 map_eff_cores=44.20 merge_eff_cores=21.37
event=heartbeat H=20 col=10 elapsed_s=1472 processed=2534767616 rate_per_s=1721690 steals=904
event=fastmap_fallback H=20 col=10 stage=11
event=heartbeat H=20 col=10 elapsed_s=1490 processed=2605626368 rate_per_s=1749253 steals=904
event=heartbeat H=20 col=10 elapsed_s=1507 processed=2676330496 rate_per_s=1776068 steals=904
event=heartbeat H=20 col=10 elapsed_s=1524 processed=2728679424 rate_per_s=1790231 steals=904
event=heartbeat H=20 col=10 elapsed_s=1542 processed=2785332224 rate_per_s=1806867 steals=904
event=heartbeat H=20 col=10 elapsed_s=1559 processed=2817735680 rate_per_s=1807577 steals=932
event=heartbeat H=20 col=10 elapsed_s=1576 processed=2817735680 rate_per_s=1787714 steals=932
event=heartbeat H=20 col=10 elapsed_s=1593 processed=2817735680 rate_per_s=1768282 steals=932
event=heartbeat H=20 col=10 elapsed_s=1611 processed=2817735680 rate_per_s=1749267 steals=984
event=kink_round H=20 col=10 round=stage11 frontier_in=449778271 map_wall_s=81.880 map_cpu_s=3587.512 merge_wall_s=61.629 merge_cpu_s=1350.011 map_units=521 merge_ranges=247 map_eff_cores=43.81 merge_eff_cores=21.91
event=fastmap_fallback H=20 col=10 stage=12
event=heartbeat H=20 col=10 elapsed_s=1628 processed=2853135360 rate_per_s=1752399 steals=984
event=heartbeat H=20 col=10 elapsed_s=1645 processed=2923945984 rate_per_s=1776990 steals=984
event=heartbeat H=20 col=10 elapsed_s=1663 processed=2993926144 rate_per_s=1800566 steals=984
event=heartbeat H=20 col=10 elapsed_s=1680 processed=3049911296 rate_per_s=1815326 steals=984
event=heartbeat H=20 col=10 elapsed_s=1697 processed=3100879872 rate_per_s=1826830 steals=1034
event=heartbeat H=20 col=10 elapsed_s=1715 processed=3100879872 rate_per_s=1808377 steals=1034
event=heartbeat H=20 col=10 elapsed_s=1732 processed=3100879872 rate_per_s=1790293 steals=1034
event=heartbeat H=20 col=10 elapsed_s=1749 processed=3100879872 rate_per_s=1772567 steals=1074
event=kink_round H=20 col=10 round=stage12 frontier_in=450076431 map_wall_s=79.212 map_cpu_s=3499.562 merge_wall_s=64.439 merge_cpu_s=1331.290 map_units=651 merge_ranges=192 map_eff_cores=44.18 merge_eff_cores=20.66
event=heartbeat H=20 col=10 elapsed_s=1767 processed=3100879872 rate_per_s=1755189 steals=1075
event=fastmap_fallback H=20 col=10 stage=13
event=heartbeat H=20 col=10 elapsed_s=1784 processed=3171699712 rate_per_s=1777845 steals=1075
event=heartbeat H=20 col=10 elapsed_s=1801 processed=3242427392 rate_per_s=1800015 steals=1075
event=heartbeat H=20 col=10 elapsed_s=1819 processed=3313917952 rate_per_s=1822182 steals=1075
event=heartbeat H=20 col=10 elapsed_s=1836 processed=3371315200 rate_per_s=1836253 steals=1075
event=heartbeat H=20 col=10 elapsed_s=1853 processed=3383824384 rate_per_s=1825843 steals=1080
event=heartbeat H=20 col=10 elapsed_s=1871 processed=3383824384 rate_per_s=1808936 steals=1080
event=heartbeat H=20 col=10 elapsed_s=1888 processed=3383824384 rate_per_s=1792341 steals=1089
event=kink_round H=20 col=10 round=stage13 frontier_in=450401388 map_wall_s=77.147 map_cpu_s=3463.840 merge_wall_s=59.067 merge_cpu_s=1278.605 map_units=414 merge_ranges=264 map_eff_cores=44.90 merge_eff_cores=21.65
event=heartbeat H=20 col=10 elapsed_s=1905 processed=3383824384 rate_per_s=1776039 steals=1132
event=fastmap_fallback H=20 col=10 stage=14
event=heartbeat H=20 col=10 elapsed_s=1923 processed=3454644224 rate_per_s=1796882 steals=1132
event=heartbeat H=20 col=10 elapsed_s=1940 processed=3525362688 rate_per_s=1817294 steals=1132
event=heartbeat H=20 col=10 elapsed_s=1957 processed=3593896960 rate_per_s=1836227 steals=1132
event=heartbeat H=20 col=10 elapsed_s=1975 processed=3635147776 rate_per_s=1841012 steals=1133
event=heartbeat H=20 col=10 elapsed_s=1992 processed=3666797568 rate_per_s=1840892 steals=1151
event=heartbeat H=20 col=10 elapsed_s=2009 processed=3666797568 rate_per_s=1825022 steals=1151
event=heartbeat H=20 col=10 elapsed_s=2027 processed=3666797568 rate_per_s=1809424 steals=1151
event=heartbeat H=20 col=10 elapsed_s=2044 processed=3666797568 rate_per_s=1794090 steals=1198
event=kink_round H=20 col=10 round=stage14 frontier_in=450748704 map_wall_s=75.874 map_cpu_s=3400.942 merge_wall_s=67.081 merge_cpu_s=1431.018 map_units=477 merge_ranges=242 map_eff_cores=44.82 merge_eff_cores=21.33
event=fastmap_fallback H=20 col=10 stage=15
event=heartbeat H=20 col=10 elapsed_s=2061 processed=3702192128 rate_per_s=1796186 steals=1198
event=heartbeat H=20 col=10 elapsed_s=2078 processed=3773005824 rate_per_s=1815288 steals=1198
event=heartbeat H=20 col=10 elapsed_s=2096 processed=3843725312 rate_per_s=1834029 steals=1198
event=heartbeat H=20 col=10 elapsed_s=2113 processed=3907778560 rate_per_s=1849308 steals=1198
event=heartbeat H=20 col=10 elapsed_s=2130 processed=3949838336 rate_per_s=1854015 steals=1245
event=heartbeat H=20 col=10 elapsed_s=2148 processed=3949838336 rate_per_s=1839064 steals=1245
event=heartbeat H=20 col=10 elapsed_s=2165 processed=3949838336 rate_per_s=1824352 steals=1245
event=heartbeat H=20 col=10 elapsed_s=2182 processed=3949838336 rate_per_s=1809873 steals=1291
event=kink_round H=20 col=10 round=stage15 frontier_in=451173423 map_wall_s=75.259 map_cpu_s=3335.803 merge_wall_s=58.369 merge_cpu_s=1278.186 map_units=572 merge_ranges=234 map_eff_cores=44.32 merge_eff_cores=21.90
event=fastmap_fallback H=20 col=10 stage=16
event=heartbeat H=20 col=10 elapsed_s=2200 processed=3985227776 rate_per_s=1811710 steals=1291
event=heartbeat H=20 col=10 elapsed_s=2217 processed=4056042496 rate_per_s=1829497 steals=1291
event=heartbeat H=20 col=10 elapsed_s=2234 processed=4126750720 rate_per_s=1846961 steals=1291
event=heartbeat H=20 col=10 elapsed_s=2252 processed=4198152192 rate_per_s=1864465 steals=1291
event=heartbeat H=20 col=10 elapsed_s=2269 processed=4232744960 rate_per_s=1865477 steals=1299
event=heartbeat H=20 col=10 elapsed_s=2286 processed=4232744960 rate_per_s=1851345 steals=1299
event=heartbeat H=20 col=10 elapsed_s=2304 processed=4232744960 rate_per_s=1837426 steals=1299
event=heartbeat H=20 col=10 elapsed_s=2321 processed=4232744960 rate_per_s=1823713 steals=1359
event=kink_round H=20 col=10 round=stage16 frontier_in=451499637 map_wall_s=73.418 map_cpu_s=3315.414 merge_wall_s=62.885 merge_cpu_s=1385.272 map_units=431 merge_ranges=364 map_eff_cores=45.16 merge_eff_cores=22.03
event=fastmap_fallback H=20 col=10 stage=17
event=heartbeat H=20 col=10 elapsed_s=2338 processed=4232794112 rate_per_s=1810224 steals=1359
event=heartbeat H=20 col=10 elapsed_s=2356 processed=4303609856 rate_per_s=1826977 steals=1359
event=heartbeat H=20 col=10 elapsed_s=2373 processed=4378062848 rate_per_s=1845018 steals=1359
event=heartbeat H=20 col=10 elapsed_s=2390 processed=4466451456 rate_per_s=1868628 steals=1359
event=heartbeat H=20 col=10 elapsed_s=2408 processed=4515717120 rate_per_s=1875647 steals=1366
event=heartbeat H=20 col=10 elapsed_s=2425 processed=4515717120 rate_per_s=1862250 steals=1366
event=heartbeat H=20 col=10 elapsed_s=2442 processed=4515717120 rate_per_s=1849042 steals=1410
event=kink_round H=20 col=10 round=stage17 frontier_in=452636543 map_wall_s=73.347 map_cpu_s=3255.721 merge_wall_s=45.590 merge_cpu_s=1076.212 map_units=411 merge_ranges=261 map_eff_cores=44.39 merge_eff_cores=23.61
event=fastmap_fallback H=20 col=10 stage=18
event=heartbeat H=20 col=10 elapsed_s=2460 processed=4515766272 rate_per_s=1836041 steals=1415
event=heartbeat H=20 col=10 elapsed_s=2477 processed=4586646528 rate_per_s=1851819 steals=1415
event=heartbeat H=20 col=10 elapsed_s=2494 processed=4658012160 rate_per_s=1867572 steals=1415
event=heartbeat H=20 col=10 elapsed_s=2511 processed=4732435456 rate_per_s=1884326 steals=1415
event=heartbeat H=20 col=10 elapsed_s=2529 processed=4798732288 rate_per_s=1897636 steals=1461
event=heartbeat H=20 col=10 elapsed_s=2546 processed=4798732288 rate_per_s=1884727 steals=1461
event=heartbeat H=20 col=10 elapsed_s=2563 processed=4798732288 rate_per_s=1871992 steals=1511
event=kink_round H=20 col=10 round=stage18 frontier_in=450633636 map_wall_s=71.647 map_cpu_s=3146.408 merge_wall_s=42.583 merge_cpu_s=1041.675 map_units=573 merge_ranges=380 map_eff_cores=43.92 merge_eff_cores=24.46
event=fastmap_fallback H=20 col=10 stage=19
event=heartbeat H=20 col=10 elapsed_s=2581 processed=4799519744 rate_per_s=1859734 steals=1512
event=heartbeat H=20 col=10 elapsed_s=2598 processed=4905032704 rate_per_s=1887947 steals=1512
event=heartbeat H=20 col=10 elapsed_s=2615 processed=4975948800 rate_per_s=1902557 steals=1512
event=heartbeat H=20 col=10 elapsed_s=2633 processed=5048189952 rate_per_s=1917482 steals=1512
event=heartbeat H=20 col=10 elapsed_s=2650 processed=5082125312 rate_per_s=1917755 steals=1527
event=heartbeat H=20 col=10 elapsed_s=2667 processed=5082125312 rate_per_s=1905302 steals=1527
event=heartbeat H=20 col=10 elapsed_s=2685 processed=5082125312 rate_per_s=1893008 steals=1578
event=kink_round H=20 col=10 round=stage19 frontier_in=456482696 map_wall_s=68.806 map_cpu_s=3064.817 merge_wall_s=41.838 merge_cpu_s=999.713 map_units=480 merge_ranges=216 map_eff_cores=44.54 merge_eff_cores=23.89
event=fastmap_fallback H=20 col=10 stage=finalize
event=heartbeat H=20 col=10 elapsed_s=2702 processed=5082125312 rate_per_s=1880876 steals=1578
event=heartbeat H=20 col=10 elapsed_s=2719 processed=5082125312 rate_per_s=1868895 steals=1578
event=heartbeat H=20 col=10 elapsed_s=2737 processed=5082125312 rate_per_s=1857066 steals=1578
event=kink_round H=20 col=10 round=finalize frontier_in=460354867 map_wall_s=44.105 map_cpu_s=1718.909 merge_wall_s=20.642 merge_cpu_s=474.618 map_units=384 merge_ranges=134 map_eff_cores=38.97 merge_eff_cores=22.99
event=heartbeat H=20 col=10 elapsed_s=2754 processed=5082125312 rate_per_s=1845382 steals=1606
event=column H=20 col=10 frontier_in=128779243 frontier_out=128133691 wall_s=2757.40 cum_wall_s=22972.0 cpu_s=90423.0 rss_max_mb=1120.2 map_wall_s=1487.09 map_cpu_s=64382.6 merge_wall_s=1188.18 merge_cpu_s=26040.4 map_units=14373 merge_ranges=4864 eff_cores=32.79
event=kink_round H=20 col=11 round=seed frontier_in=128133691 map_wall_s=9.098 map_cpu_s=351.988 merge_wall_s=0.000 merge_cpu_s=0.000 map_units=384 merge_ranges=0 map_eff_cores=38.69 merge_eff_cores=0.00
event=fastmap_fallback H=20 col=11 stage=0
event=heartbeat H=20 col=11 elapsed_s=17 processed=246784 rate_per_s=14248 steals=0
event=heartbeat H=20 col=11 elapsed_s=35 processed=422912 rate_per_s=12208 steals=25
event=heartbeat H=20 col=11 elapsed_s=52 processed=422912 rate_per_s=8139 steals=57
event=kink_round H=20 col=11 round=stage0 frontier_in=128133691 map_wall_s=15.042 map_cpu_s=596.452 merge_wall_s=31.465 merge_cpu_s=660.032 map_units=422 merge_ranges=134 map_eff_cores=39.65 merge_eff_cores=20.98
event=fastmap_fallback H=20 col=11 stage=1
event=heartbeat H=20 col=11 elapsed_s=69 processed=594944 rate_per_s=8587 steals=57
event=heartbeat H=20 col=11 elapsed_s=87 processed=688128 rate_per_s=7946 steals=57
event=heartbeat H=20 col=11 elapsed_s=104 processed=816128 rate_per_s=7853 steals=57
event=heartbeat H=20 col=11 elapsed_s=121 processed=816128 rate_per_s=6731 steals=57
event=heartbeat H=20 col=11 elapsed_s=139 processed=816128 rate_per_s=5890 steals=57
event=heartbeat H=20 col=11 elapsed_s=156 processed=816128 rate_per_s=5235 steals=94
event=kink_round H=20 col=11 round=stage1 frontier_in=206067819 map_wall_s=50.135 map_cpu_s=1148.146 merge_wall_s=51.729 merge_cpu_s=1102.646 map_units=384 merge_ranges=159 map_eff_cores=22.90 merge_eff_cores=21.32
event=fastmap_fallback H=20 col=11 stage=2
event=heartbeat H=20 col=11 elapsed_s=173 processed=35706880 rate_per_s=206153 steals=94
event=heartbeat H=20 col=11 elapsed_s=191 processed=115437568 rate_per_s=605887 steals=94
event=heartbeat H=20 col=11 elapsed_s=208 processed=200219648 rate_per_s=963303 steals=94
event=heartbeat H=20 col=11 elapsed_s=225 processed=278035456 rate_per_s=1234795 steals=131
event=heartbeat H=20 col=11 elapsed_s=242 processed=278035456 rate_per_s=1146594 steals=131
event=heartbeat H=20 col=11 elapsed_s=260 processed=278035456 rate_per_s=1070154 steals=132
event=heartbeat H=20 col=11 elapsed_s=277 processed=278035456 rate_per_s=1003272 steals=180
event=kink_round H=20 col=11 round=stage2 frontier_in=331933083 map_wall_s=63.111 map_cpu_s=2764.899 merge_wall_s=59.353 merge_cpu_s=1295.863 map_units=1085 merge_ranges=209 map_eff_cores=43.81 merge_eff_cores=21.83
event=fastmap_fallback H=20 col=11 stage=3
event=heartbeat H=20 col=11 elapsed_s=294 processed=284617728 rate_per_s=966611 steals=180
event=heartbeat H=20 col=11 elapsed_s=312 processed=369465344 rate_per_s=1185060 steals=180
event=heartbeat H=20 col=11 elapsed_s=329 processed=455355392 rate_per_s=1383678 steals=180
event=heartbeat H=20 col=11 elapsed_s=346 processed=519802880 rate_per_s=1500538 steals=180
event=heartbeat H=20 col=11 elapsed_s=364 processed=559279104 rate_per_s=1537611 steals=200
event=heartbeat H=20 col=11 elapsed_s=381 processed=559279104 rate_per_s=1467724 steals=200
event=heartbeat H=20 col=11 elapsed_s=398 processed=559279104 rate_per_s=1403911 steals=206
event=heartbeat H=20 col=11 elapsed_s=416 processed=559279104 rate_per_s=1345402 steals=249
event=kink_round H=20 col=11 round=stage3 frontier_in=386847784 map_wall_s=70.209 map_cpu_s=3080.595 merge_wall_s=58.869 merge_cpu_s=1259.613 map_units=920 merge_ranges=281 map_eff_cores=43.88 merge_eff_cores=21.40
event=fastmap_fallback H=20 col=11 stage=4
event=heartbeat H=20 col=11 elapsed_s=433 processed=594121728 rate_per_s=1372063 steals=249
event=heartbeat H=20 col=11 elapsed_s=450 processed=668451840 rate_per_s=1484347 steals=249
event=heartbeat H=20 col=11 elapsed_s=468 processed=744151040 rate_per_s=1591243 steals=249
event=heartbeat H=20 col=11 elapsed_s=485 processed=815712256 rate_per_s=1681967 steals=249
event=heartbeat H=20 col=11 elapsed_s=502 processed=837108736 rate_per_s=1666563 steals=274
event=heartbeat H=20 col=11 elapsed_s=520 processed=837108736 rate_per_s=1611016 steals=274
event=heartbeat H=20 col=11 elapsed_s=537 processed=837108736 rate_per_s=1559047 steals=276
event=kink_round H=20 col=11 round=stage4 frontier_in=419048617 map_wall_s=71.943 map_cpu_s=3200.499 merge_wall_s=61.828 merge_cpu_s=1360.047 map_units=679 merge_ranges=301 map_eff_cores=44.49 merge_eff_cores=22.00
event=heartbeat H=20 col=11 elapsed_s=554 processed=837108736 rate_per_s=1510315 steals=328
event=fastmap_fallback H=20 col=11 stage=5
event=heartbeat H=20 col=11 elapsed_s=572 processed=872412160 rate_per_s=1526323 steals=328
event=heartbeat H=20 col=11 elapsed_s=589 processed=950763520 rate_per_s=1614480 steals=328
event=heartbeat H=20 col=11 elapsed_s=606 processed=1026695168 rate_per_s=1693608 steals=328
event=heartbeat H=20 col=11 elapsed_s=624 processed=1096196096 rate_per_s=1758024 steals=328
event=heartbeat H=20 col=11 elapsed_s=641 processed=1119041536 rate_per_s=1746158 steals=369
event=heartbeat H=20 col=11 elapsed_s=658 processed=1119041536 rate_per_s=1700207 steals=369
event=heartbeat H=20 col=11 elapsed_s=676 processed=1119041536 rate_per_s=1656612 steals=376
event=kink_round H=20 col=11 round=stage5 frontier_in=434580071 map_wall_s=74.825 map_cpu_s=3226.761 merge_wall_s=56.591 merge_cpu_s=1261.182 map_units=969 merge_ranges=197 map_eff_cores=43.12 merge_eff_cores=22.29
event=heartbeat H=20 col=11 elapsed_s=693 processed=1119041536 rate_per_s=1615185 steals=414
event=fastmap_fallback H=20 col=11 stage=6
event=heartbeat H=20 col=11 elapsed_s=710 processed=1159004160 rate_per_s=1632074 steals=414
event=heartbeat H=20 col=11 elapsed_s=727 processed=1238736896 rate_per_s=1702821 steals=414
event=heartbeat H=20 col=11 elapsed_s=745 processed=1316435968 rate_per_s=1767544 steals=414
event=heartbeat H=20 col=11 elapsed_s=762 processed=1384201216 rate_per_s=1816292 steals=414
event=heartbeat H=20 col=11 elapsed_s=779 processed=1398518784 rate_per_s=1794298 steals=447
event=heartbeat H=20 col=11 elapsed_s=797 processed=1398518784 rate_per_s=1755294 steals=447
event=heartbeat H=20 col=11 elapsed_s=814 processed=1398518784 rate_per_s=1717945 steals=448
event=heartbeat H=20 col=11 elapsed_s=831 processed=1398518784 rate_per_s=1682151 steals=501
event=kink_round H=20 col=11 round=stage6 frontier_in=441391914 map_wall_s=74.630 map_cpu_s=3251.648 merge_wall_s=64.054 merge_cpu_s=1378.005 map_units=723 merge_ranges=244 map_eff_cores=43.57 merge_eff_cores=21.51
event=fastmap_fallback H=20 col=11 stage=7
event=heartbeat H=20 col=11 elapsed_s=849 processed=1433878528 rate_per_s=1689489 steals=501
event=heartbeat H=20 col=11 elapsed_s=866 processed=1504851968 rate_per_s=1737651 steals=501
event=heartbeat H=20 col=11 elapsed_s=883 processed=1577995264 rate_per_s=1786384 steals=501
event=heartbeat H=20 col=11 elapsed_s=901 processed=1649681408 rate_per_s=1831622 steals=501
event=heartbeat H=20 col=11 elapsed_s=918 processed=1682786304 rate_per_s=1833124 steals=557
event=heartbeat H=20 col=11 elapsed_s=935 processed=1682786304 rate_per_s=1799179 steals=557
event=heartbeat H=20 col=11 elapsed_s=953 processed=1682786304 rate_per_s=1766467 steals=557
event=heartbeat H=20 col=11 elapsed_s=970 processed=1682786304 rate_per_s=1734916 steals=604
event=kink_round H=20 col=11 round=stage7 frontier_in=444290835 map_wall_s=73.366 map_cpu_s=3296.629 merge_wall_s=60.597 merge_cpu_s=1356.268 map_units=1125 merge_ranges=243 map_eff_cores=44.93 merge_eff_cores=22.38
event=fastmap_fallback H=20 col=11 stage=8
event=heartbeat H=20 col=11 elapsed_s=987 processed=1718170624 rate_per_s=1740325 steals=604
event=heartbeat H=20 col=11 elapsed_s=1005 processed=1789934592 rate_per_s=1781756 steals=604
event=heartbeat H=20 col=11 elapsed_s=1022 processed=1861634048 rate_per_s=1821719 steals=604
event=heartbeat H=20 col=11 elapsed_s=1039 processed=1933920256 rate_per_s=1860915 steals=604
event=heartbeat H=20 col=11 elapsed_s=1057 processed=1967013888 rate_per_s=1861730 steals=704
event=heartbeat H=20 col=11 elapsed_s=1074 processed=1967013888 rate_per_s=1831703 steals=704
event=heartbeat H=20 col=11 elapsed_s=1091 processed=1967013888 rate_per_s=1802627 steals=704
event=heartbeat H=20 col=11 elapsed_s=1109 processed=1967013888 rate_per_s=1774461 steals=749
event=kink_round H=20 col=11 round=stage8 frontier_in=445605232 map_wall_s=74.029 map_cpu_s=3331.310 merge_wall_s=61.456 merge_cpu_s=1344.701 map_units=1182 merge_ranges=235 map_eff_cores=45.00 merge_eff_cores=21.88
event=fastmap_fallback H=20 col=11 stage=9
event=heartbeat H=20 col=11 elapsed_s=1126 processed=2002277376 rate_per_s=1778480 steals=749
event=heartbeat H=20 col=11 elapsed_s=1143 processed=2073249792 rate_per_s=1813622 steals=749
event=heartbeat H=20 col=11 elapsed_s=1160 processed=2144130048 rate_per_s=1847631 steals=749
event=heartbeat H=20 col=11 elapsed_s=1178 processed=2215674880 rate_per_s=1881206 steals=749
event=heartbeat H=20 col=11 elapsed_s=1195 processed=2250829824 rate_per_s=1883357 steals=847
event=heartbeat H=20 col=11 elapsed_s=1212 processed=2250829824 rate_per_s=1856452 steals=847
event=heartbeat H=20 col=11 elapsed_s=1230 processed=2250829824 rate_per_s=1830305 steals=847
event=heartbeat H=20 col=11 elapsed_s=1247 processed=2250829824 rate_per_s=1804879 steals=894
event=kink_round H=20 col=11 round=stage9 frontier_in=446310414 map_wall_s=74.587 map_cpu_s=3350.651 merge_wall_s=58.620 merge_cpu_s=1296.244 map_units=1029 merge_ranges=234 map_eff_cores=44.92 merge_eff_cores=22.11
event=fastmap_fallback H=20 col=11 stage=10
event=heartbeat H=20 col=11 elapsed_s=1264 processed=2286215168 rate_per_s=1808143 steals=894
event=heartbeat H=20 col=11 elapsed_s=1282 processed=2357053440 rate_per_s=1838980 steals=894
event=heartbeat H=20 col=11 elapsed_s=1299 processed=2427934720 rate_per_s=1869025 steals=894
event=heartbeat H=20 col=11 elapsed_s=1316 processed=2498769920 rate_per_s=1898244 steals=894
event=heartbeat H=20 col=11 elapsed_s=1334 processed=2534249472 rate_per_s=1900194 steals=918
event=heartbeat H=20 col=11 elapsed_s=1351 processed=2534249472 rate_per_s=1875833 steals=918
event=heartbeat H=20 col=11 elapsed_s=1368 processed=2534249472 rate_per_s=1852087 steals=918
event=heartbeat H=20 col=11 elapsed_s=1386 processed=2534249472 rate_per_s=1828935 steals=969
event=kink_round H=20 col=11 round=stage10 frontier_in=446725855 map_wall_s=76.857 map_cpu_s=3427.013 merge_wall_s=62.735 merge_cpu_s=1284.692 map_units=553 merge_ranges=311 map_eff_cores=44.59 merge_eff_cores=20.48
event=fastmap_fallback H=20 col=11 stage=11
event=heartbeat H=20 col=11 elapsed_s=1403 processed=2534298624 rate_per_s=1806388 steals=969
event=heartbeat H=20 col=11 elapsed_s=1420 processed=2606000128 rate_per_s=1834847 steals=969
event=heartbeat H=20 col=11 elapsed_s=1438 processed=2677582848 rate_per_s=1862533 steals=969
event=heartbeat H=20 col=11 elapsed_s=1455 processed=2750647296 rate_per_s=1890579 steals=969
event=heartbeat H=20 col=11 elapsed_s=1472 processed=2817737728 rate_per_s=1913907 steals=992
event=heartbeat H=20 col=11 elapsed_s=1490 processed=2817737728 rate_per_s=1891652 steals=992
event=heartbeat H=20 col=11 elapsed_s=1507 processed=2817737728 rate_per_s=1869910 steals=992
event=heartbeat H=20 col=11 elapsed_s=1524 processed=2817737728 rate_per_s=1848661 steals=1043
event=kink_round H=20 col=11 round=stage11 frontier_in=447076205 map_wall_s=75.665 map_cpu_s=3395.112 merge_wall_s=61.753 merge_cpu_s=1320.059 map_units=568 merge_ranges=287 map_eff_cores=44.87 merge_eff_cores=21.38
event=fastmap_fallback H=20 col=11 stage=12
event=heartbeat H=20 col=11 elapsed_s=1542 processed=2817786880 rate_per_s=1827921 steals=1044
event=heartbeat H=20 col=11 elapsed_s=1559 processed=2889448448 rate_per_s=1853581 steals=1044
event=heartbeat H=20 col=11 elapsed_s=1576 processed=2960265216 rate_per_s=1878142 steals=1044
event=heartbeat H=20 col=11 elapsed_s=1593 processed=3034029056 rate_per_s=1904018 steals=1044
event=heartbeat H=20 col=11 elapsed_s=1611 processed=3101346816 rate_per_s=1925336 steals=1115
event=heartbeat H=20 col=11 elapsed_s=1628 processed=3101346816 rate_per_s=1904854 steals=1115
event=heartbeat H=20 col=11 elapsed_s=1645 processed=3101346816 rate_per_s=1884802 steals=1115
event=heartbeat H=20 col=11 elapsed_s=1663 processed=3101346816 rate_per_s=1865170 steals=1160
event=kink_round H=20 col=11 round=stage12 frontier_in=447441482 map_wall_s=73.331 map_cpu_s=3291.443 merge_wall_s=59.804 merge_cpu_s=1306.802 map_units=800 merge_ranges=253 map_eff_cores=44.88 merge_eff_cores=21.85
event=fastmap_fallback H=20 col=11 stage=13
event=heartbeat H=20 col=11 elapsed_s=1680 processed=3101395968 rate_per_s=1845970 steals=1164
event=heartbeat H=20 col=11 elapsed_s=1697 processed=3172308992 rate_per_s=1868911 steals=1164
event=heartbeat H=20 col=11 elapsed_s=1715 processed=3243858944 rate_per_s=1891760 steals=1164
event=heartbeat H=20 col=11 elapsed_s=1732 processed=3316156416 rate_per_s=1914583 steals=1164
event=heartbeat H=20 col=11 elapsed_s=1749 processed=3384580096 rate_per_s=1934740 steals=1171
event=heartbeat H=20 col=11 elapsed_s=1767 processed=3384580096 rate_per_s=1915772 steals=1171
event=heartbeat H=20 col=11 elapsed_s=1784 processed=3384580096 rate_per_s=1897173 steals=1171
event=heartbeat H=20 col=11 elapsed_s=1801 processed=3384580096 rate_per_s=1878931 steals=1200
event=kink_round H=20 col=11 round=stage13 frontier_in=447842779 map_wall_s=74.306 map_cpu_s=3314.220 merge_wall_s=63.397 merge_cpu_s=1355.783 map_units=413 merge_ranges=262 map_eff_cores=44.60 merge_eff_cores=21.39
event=heartbeat H=20 col=11 elapsed_s=1819 processed=3384580096 rate_per_s=1861036 steals=1219
event=fastmap_fallback H=20 col=11 stage=14
event=heartbeat H=20 col=11 elapsed_s=1836 processed=3455492096 rate_per_s=1882102 steals=1219
event=heartbeat H=20 col=11 elapsed_s=1853 processed=3526298624 rate_per_s=1902719 steals=1219
event=heartbeat H=20 col=11 elapsed_s=1871 processed=3597864960 rate_per_s=1923359 steals=1219
event=heartbeat H=20 col=11 elapsed_s=1888 processed=3667876864 rate_per_s=1942798 steals=1243
event=heartbeat H=20 col=11 elapsed_s=1905 processed=3667876864 rate_per_s=1925136 steals=1243
event=heartbeat H=20 col=11 elapsed_s=1923 processed=3667876864 rate_per_s=1907792 steals=1243
event=heartbeat H=20 col=11 elapsed_s=1940 processed=3667876864 rate_per_s=1890758 steals=1245
event=kink_round H=20 col=11 round=stage14 frontier_in=448248993 map_wall_s=73.233 map_cpu_s=3215.823 merge_wall_s=65.135 merge_cpu_s=1361.074 map_units=503 merge_ranges=293 map_eff_cores=43.91 merge_eff_cores=20.90
event=heartbeat H=20 col=11 elapsed_s=1957 processed=3667876864 rate_per_s=1874021 steals=1294
event=fastmap_fallback H=20 col=11 stage=15
event=heartbeat H=20 col=11 elapsed_s=1975 processed=3703373824 rate_per_s=1875564 steals=1294
event=heartbeat H=20 col=11 elapsed_s=1992 processed=3775020032 rate_per_s=1895223 steals=1294
event=heartbeat H=20 col=11 elapsed_s=2009 processed=3849509888 rate_per_s=1915961 steals=1294
event=heartbeat H=20 col=11 elapsed_s=2027 processed=3918014464 rate_per_s=1933388 steals=1294
event=heartbeat H=20 col=11 elapsed_s=2044 processed=3951102976 rate_per_s=1933194 steals=1300
event=heartbeat H=20 col=11 elapsed_s=2061 processed=3951102976 rate_per_s=1916949 steals=1300
event=heartbeat H=20 col=11 elapsed_s=2078 processed=3951102976 rate_per_s=1900975 steals=1302
event=heartbeat H=20 col=11 elapsed_s=2096 processed=3951102976 rate_per_s=1885261 steals=1357
event=kink_round H=20 col=11 round=stage15 frontier_in=448713312 map_wall_s=71.554 map_cpu_s=3216.337 merge_wall_s=63.440 merge_cpu_s=1356.740 map_units=421 merge_ranges=252 map_eff_cores=44.95 merge_eff_cores=21.39
event=fastmap_fallback H=20 col=11 stage=16
event=heartbeat H=20 col=11 elapsed_s=2113 processed=3986596864 rate_per_s=1886608 steals=1357
event=heartbeat H=20 col=11 elapsed_s=2130 processed=4058253312 rate_per_s=1904905 steals=1357
event=heartbeat H=20 col=11 elapsed_s=2148 processed=4131265536 rate_per_s=1923538 steals=1357
event=heartbeat H=20 col=11 elapsed_s=2165 processed=4202723328 rate_per_s=1941155 steals=1357
event=heartbeat H=20 col=11 elapsed_s=2182 processed=4234418176 rate_per_s=1940271 steals=1388
event=heartbeat H=20 col=11 elapsed_s=2200 processed=4234418176 rate_per_s=1924994 steals=1388
event=heartbeat H=20 col=11 elapsed_s=2217 processed=4234418176 rate_per_s=1909954 steals=1446
event=kink_round H=20 col=11 round=stage16 frontier_in=449043566 map_wall_s=71.292 map_cpu_s=3128.659 merge_wall_s=47.982 merge_cpu_s=1120.636 map_units=546 merge_ranges=357 map_eff_cores=43.88 merge_eff_cores=23.36
event=fastmap_fallback H=20 col=11 stage=17
event=heartbeat H=20 col=11 elapsed_s=2234 processed=4269883392 rate_per_s=1911020 steals=1446
event=heartbeat H=20 col=11 elapsed_s=2252 processed=4340843520 rate_per_s=1927836 steals=1446
event=heartbeat H=20 col=11 elapsed_s=2269 processed=4413920256 rate_per_s=1945326 steals=1446
event=heartbeat H=20 col=11 elapsed_s=2286 processed=4485359616 rate_per_s=1961836 steals=1446
event=heartbeat H=20 col=11 elapsed_s=2304 processed=4517917696 rate_per_s=1961218 steals=1508
event=heartbeat H=20 col=11 elapsed_s=2321 processed=4517917696 rate_per_s=1946582 steals=1508
event=kink_round H=20 col=11 round=stage17 frontier_in=450111102 map_wall_s=68.190 map_cpu_s=3029.647 merge_wall_s=45.019 merge_cpu_s=1057.033 map_units=672 merge_ranges=398 map_eff_cores=44.43 merge_eff_cores=23.48
event=heartbeat H=20 col=11 elapsed_s=2338 processed=4517917696 rate_per_s=1932160 steals=1562
event=fastmap_fallback H=20 col=11 stage=18
event=heartbeat H=20 col=11 elapsed_s=2356 processed=4553408512 rate_per_s=1933023 steals=1562
event=heartbeat H=20 col=11 elapsed_s=2373 processed=4658882560 rate_per_s=1963362 steals=1562
event=heartbeat H=20 col=11 elapsed_s=2390 processed=4731184128 rate_per_s=1979384 steals=1562
event=heartbeat H=20 col=11 elapsed_s=2408 processed=4801283072 rate_per_s=1994260 steals=1615
event=heartbeat H=20 col=11 elapsed_s=2425 processed=4801306624 rate_per_s=1980025 steals=1616
event=heartbeat H=20 col=11 elapsed_s=2442 processed=4801306624 rate_per_s=1965982 steals=1669
event=kink_round H=20 col=11 round=stage18 frontier_in=447967013 map_wall_s=68.254 map_cpu_s=2988.133 merge_wall_s=41.253 merge_cpu_s=981.729 map_units=616 merge_ranges=373 map_eff_cores=43.78 merge_eff_cores=23.80
event=fastmap_fallback H=20 col=11 stage=19
event=heartbeat H=20 col=11 elapsed_s=2460 processed=4801355776 rate_per_s=1952157 steals=1670
event=heartbeat H=20 col=11 elapsed_s=2477 processed=4873014272 rate_per_s=1967437 steals=1670
event=heartbeat H=20 col=11 elapsed_s=2494 processed=4978795520 rate_per_s=1996186 steals=1670
event=heartbeat H=20 col=11 elapsed_s=2511 processed=5051853824 rate_per_s=2011509 steals=1670
event=heartbeat H=20 col=11 elapsed_s=2529 processed=5085246464 rate_per_s=2010937 steals=1727
event=heartbeat H=20 col=11 elapsed_s=2546 processed=5085246464 rate_per_s=1997257 steals=1743
event=kink_round H=20 col=11 round=stage19 frontier_in=453791640 map_wall_s=65.252 map_cpu_s=2891.468 merge_wall_s=36.983 merge_cpu_s=946.814 map_units=691 merge_ranges=324 map_eff_cores=44.31 merge_eff_cores=25.60
event=heartbeat H=20 col=11 elapsed_s=2563 processed=5085246464 rate_per_s=1983755 steals=1789
event=fastmap_fallback H=20 col=11 stage=finalize
event=heartbeat H=20 col=11 elapsed_s=2581 processed=5085246464 rate_per_s=1970448 steals=1789
event=heartbeat H=20 col=11 elapsed_s=2598 processed=5085246464 rate_per_s=1957312 steals=1789
event=heartbeat H=20 col=11 elapsed_s=2615 processed=5085246464 rate_per_s=1944350 steals=1816
event=kink_round H=20 col=11 round=finalize frontier_in=456919864 map_wall_s=42.560 map_cpu_s=1674.337 merge_wall_s=23.526 merge_cpu_s=449.764 map_units=384 merge_ranges=133 map_eff_cores=39.34 merge_eff_cores=19.12
event=column H=20 col=11 frontier_in=128133691 frontier_out=126951877 wall_s=2630.87 cum_wall_s=25602.9 cpu_s=86027.5 rss_max_mb=1120.2 map_wall_s=1411.47 map_cpu_s=61171.8 merge_wall_s=1135.59 merge_cpu_s=24855.7 map_units=15069 merge_ranges=5480 eff_cores=32.70
event=kink_round H=20 col=12 round=seed frontier_in=126951877 map_wall_s=8.898 map_cpu_s=338.584 merge_wall_s=0.000 merge_cpu_s=0.000 map_units=384 merge_ranges=0 map_eff_cores=38.05 merge_eff_cores=0.00
event=fastmap_fallback H=20 col=12 stage=0
event=heartbeat H=20 col=12 elapsed_s=17 processed=259072 rate_per_s=14957 steals=0
event=heartbeat H=20 col=12 elapsed_s=35 processed=441344 rate_per_s=12740 steals=37
event=kink_round H=20 col=12 round=stage0 frontier_in=126951877 map_wall_s=14.338 map_cpu_s=566.912 merge_wall_s=26.220 merge_cpu_s=538.073 map_units=438 merge_ranges=170 map_eff_cores=39.54 merge_eff_cores=20.52
event=heartbeat H=20 col=12 elapsed_s=52 processed=441344 rate_per_s=8494 steals=70
event=fastmap_fallback H=20 col=12 stage=1
event=heartbeat H=20 col=12 elapsed_s=69 processed=662528 rate_per_s=9563 steals=70
event=heartbeat H=20 col=12 elapsed_s=87 processed=803840 rate_per_s=9282 steals=70
event=heartbeat H=20 col=12 elapsed_s=104 processed=845824 rate_per_s=8139 steals=80
event=heartbeat H=20 col=12 elapsed_s=121 processed=845824 rate_per_s=6976 steals=81
event=kink_round H=20 col=12 round=stage1 frontier_in=204038985 map_wall_s=42.873 map_cpu_s=1066.068 merge_wall_s=44.304 merge_cpu_s=916.427 map_units=399 merge_ranges=156 map_eff_cores=24.87 merge_eff_cores=20.68
event=heartbeat H=20 col=12 elapsed_s=139 processed=845824 rate_per_s=6104 steals=123
event=fastmap_fallback H=20 col=12 stage=2
event=heartbeat H=20 col=12 elapsed_s=156 processed=66960384 rate_per_s=429549 steals=123
event=heartbeat H=20 col=12 elapsed_s=173 processed=140962816 rate_per_s=813845 steals=123
event=heartbeat H=20 col=12 elapsed_s=191 processed=236311552 rate_per_s=1240312 steals=123
event=heartbeat H=20 col=12 elapsed_s=208 processed=278255616 rate_per_s=1338756 steals=162
event=heartbeat H=20 col=12 elapsed_s=225 processed=278255616 rate_per_s=1235769 steals=162
event=heartbeat H=20 col=12 elapsed_s=242 processed=278255616 rate_per_s=1147504 steals=180
event=kink_round H=20 col=12 round=stage2 frontier_in=328764252 map_wall_s=59.574 map_cpu_s=2611.575 merge_wall_s=52.055 merge_cpu_s=1142.885 map_units=1094 merge_ranges=186 map_eff_cores=43.84 merge_eff_cores=21.96
event=fastmap_fallback H=20 col=12 stage=3
event=heartbeat H=20 col=12 elapsed_s=260 processed=278304768 rate_per_s=1071193 steals=205
event=heartbeat H=20 col=12 elapsed_s=277 processed=359647232 rate_per_s=1297763 steals=205
event=heartbeat H=20 col=12 elapsed_s=294 processed=455026688 rate_per_s=1545346 steals=205
event=heartbeat H=20 col=12 elapsed_s=312 processed=523868160 rate_per_s=1680302 steals=205
event=heartbeat H=20 col=12 elapsed_s=329 processed=558041088 rate_per_s=1695710 steals=226
event=heartbeat H=20 col=12 elapsed_s=346 processed=558041088 rate_per_s=1610918 steals=226
event=heartbeat H=20 col=12 elapsed_s=364 processed=558041088 rate_per_s=1534213 steals=233
event=kink_round H=20 col=12 round=stage3 frontier_in=383412583 map_wall_s=66.271 map_cpu_s=2909.977 merge_wall_s=57.213 merge_cpu_s=1265.214 map_units=846 merge_ranges=222 map_eff_cores=43.91 merge_eff_cores=22.11
event=heartbeat H=20 col=12 elapsed_s=381 processed=558041088 rate_per_s=1464450 steals=273
event=fastmap_fallback H=20 col=12 stage=4
event=heartbeat H=20 col=12 elapsed_s=398 processed=616999936 rate_per_s=1548801 steals=273
event=heartbeat H=20 col=12 elapsed_s=416 processed=693749760 rate_per_s=1668901 steals=273
event=heartbeat H=20 col=12 elapsed_s=433 processed=770024448 rate_per_s=1778292 steals=273
event=heartbeat H=20 col=12 elapsed_s=450 processed=837855232 rate_per_s=1860522 steals=296
event=heartbeat H=20 col=12 elapsed_s=468 processed=837855232 rate_per_s=1791613 steals=296
event=heartbeat H=20 col=12 elapsed_s=485 processed=837855232 rate_per_s=1727626 steals=298
event=heartbeat H=20 col=12 elapsed_s=502 processed=837855232 rate_per_s=1668038 steals=348
event=kink_round H=20 col=12 round=stage4 frontier_in=415242612 map_wall_s=68.392 map_cpu_s=3041.701 merge_wall_s=51.511 merge_cpu_s=1153.712 map_units=747 merge_ranges=282 map_eff_cores=44.47 merge_eff_cores=22.40
event=fastmap_fallback H=20 col=12 stage=5
event=heartbeat H=20 col=12 elapsed_s=520 processed=873223168 rate_per_s=1680515 steals=348
event=heartbeat H=20 col=12 elapsed_s=537 processed=956995584 rate_per_s=1782325 steals=348
event=heartbeat H=20 col=12 elapsed_s=554 processed=1042293760 rate_per_s=1880525 steals=348
event=heartbeat H=20 col=12 elapsed_s=572 processed=1110692864 rate_per_s=1943208 steals=354
event=heartbeat H=20 col=12 elapsed_s=589 processed=1116856320 rate_per_s=1896518 steals=382
event=heartbeat H=20 col=12 elapsed_s=606 processed=1116856320 rate_per_s=1842333 steals=382
event=heartbeat H=20 col=12 elapsed_s=624 processed=1116856320 rate_per_s=1791156 steals=435
event=kink_round H=20 col=12 round=stage5 frontier_in=430619686 map_wall_s=70.913 map_cpu_s=3059.340 merge_wall_s=51.349 merge_cpu_s=1193.457 map_units=831 merge_ranges=315 map_eff_cores=43.14 merge_eff_cores=23.24
event=fastmap_fallback H=20 col=12 stage=6
event=heartbeat H=20 col=12 elapsed_s=641 processed=1144361984 rate_per_s=1785667 steals=435
event=heartbeat H=20 col=12 elapsed_s=658 processed=1217554432 rate_per_s=1849880 steals=435
event=heartbeat H=20 col=12 elapsed_s=675 processed=1294149632 rate_per_s=1915840 steals=435
event=heartbeat H=20 col=12 elapsed_s=693 processed=1366025216 rate_per_s=1971686 steals=435
event=heartbeat H=20 col=12 elapsed_s=710 processed=1399711744 rate_per_s=1971032 steals=469
event=heartbeat H=20 col=12 elapsed_s=727 processed=1399711744 rate_per_s=1924101 steals=469
event=heartbeat H=20 col=12 elapsed_s=745 processed=1399711744 rate_per_s=1879357 steals=475
event=kink_round H=20 col=12 round=stage6 frontier_in=437371166 map_wall_s=72.911 map_cpu_s=3104.520 merge_wall_s=54.532 merge_cpu_s=1201.112 map_units=788 merge_ranges=259 map_eff_cores=42.58 merge_eff_cores=22.03
event=heartbeat H=20 col=12 elapsed_s=762 processed=1399711744 rate_per_s=1836629 steals=522
event=fastmap_fallback H=20 col=12 stage=7
event=heartbeat H=20 col=12 elapsed_s=779 processed=1435911168 rate_per_s=1842273 steals=522
event=heartbeat H=20 col=12 elapsed_s=797 processed=1513697280 rate_per_s=1899854 steals=522
event=heartbeat H=20 col=12 elapsed_s=814 processed=1595723776 rate_per_s=1960193 steals=522
event=heartbeat H=20 col=12 elapsed_s=831 processed=1669529600 rate_per_s=2008131 steals=524
event=heartbeat H=20 col=12 elapsed_s=849 processed=1684322304 rate_per_s=1984578 steals=586
event=heartbeat H=20 col=12 elapsed_s=866 processed=1684322304 rate_per_s=1944886 steals=586
event=heartbeat H=20 col=12 elapsed_s=883 processed=1684322304 rate_per_s=1906752 steals=631
event=kink_round H=20 col=12 round=stage7 frontier_in=440236932 map_wall_s=70.683 map_cpu_s=3146.305 merge_wall_s=55.314 merge_cpu_s=1221.105 map_units=1239 merge_ranges=211 map_eff_cores=44.51 merge_eff_cores=22.08
event=fastmap_fallback H=20 col=12 stage=8
event=heartbeat H=20 col=12 elapsed_s=901 processed=1684371456 rate_per_s=1870138 steals=632
event=heartbeat H=20 col=12 elapsed_s=918 processed=1756227584 rate_per_s=1913129 steals=632
event=heartbeat H=20 col=12 elapsed_s=935 processed=1833708544 rate_per_s=1960539 steals=632
event=heartbeat H=20 col=12 elapsed_s=953 processed=1912077312 rate_per_s=2007159 steals=632
event=heartbeat H=20 col=12 elapsed_s=970 processed=1968996352 rate_per_s=2029986 steals=706
event=heartbeat H=20 col=12 elapsed_s=987 processed=1968996352 rate_per_s=1994385 steals=706
event=heartbeat H=20 col=12 elapsed_s=1005 processed=1968996352 rate_per_s=1959999 steals=706
event=heartbeat H=20 col=12 elapsed_s=1022 processed=1968996352 rate_per_s=1926779 steals=749
event=kink_round H=20 col=12 round=stage8 frontier_in=441572396 map_wall_s=71.199 map_cpu_s=3163.733 merge_wall_s=59.920 merge_cpu_s=1333.306 map_units=1299 merge_ranges=231 map_eff_cores=44.44 merge_eff_cores=22.25
event=fastmap_fallback H=20 col=12 stage=9
event=heartbeat H=20 col=12 elapsed_s=1039 processed=2004318208 rate_per_s=1928653 steals=749
event=heartbeat H=20 col=12 elapsed_s=1057 processed=2075522048 rate_per_s=1964430 steals=749
event=heartbeat H=20 col=12 elapsed_s=1074 processed=2146385920 rate_per_s=1998735 steals=749
event=heartbeat H=20 col=12 elapsed_s=1091 processed=2218059776 rate_per_s=2032692 steals=749
event=heartbeat H=20 col=12 elapsed_s=1109 processed=2252824576 rate_per_s=2032294 steals=768
event=heartbeat H=20 col=12 elapsed_s=1126 processed=2252824576 rate_per_s=2001027 steals=768
event=heartbeat H=20 col=12 elapsed_s=1143 processed=2252824576 rate_per_s=1970710 steals=775
event=kink_round H=20 col=12 round=stage9 frontier_in=442307975 map_wall_s=73.546 map_cpu_s=3290.881 merge_wall_s=54.710 merge_cpu_s=1157.169 map_units=540 merge_ranges=249 map_eff_cores=44.75 merge_eff_cores=21.15
event=heartbeat H=20 col=12 elapsed_s=1160 processed=2252824576 rate_per_s=1941286 steals=816
event=fastmap_fallback H=20 col=12 stage=10
event=heartbeat H=20 col=12 elapsed_s=1178 processed=2289038336 rate_per_s=1943494 steals=816
event=heartbeat H=20 col=12 elapsed_s=1195 processed=2363736064 rate_per_s=1977830 steals=816
event=heartbeat H=20 col=12 elapsed_s=1212 processed=2440559616 rate_per_s=2012938 steals=816
event=heartbeat H=20 col=12 elapsed_s=1230 processed=2504791040 rate_per_s=2036818 steals=816
event=heartbeat H=20 col=12 elapsed_s=1247 processed=2536697856 rate_per_s=2034115 steals=881
event=heartbeat H=20 col=12 elapsed_s=1264 processed=2536697856 rate_per_s=2006250 steals=881
event=heartbeat H=20 col=12 elapsed_s=1282 processed=2536697856 rate_per_s=1979139 steals=926
event=kink_round H=20 col=12 round=stage10 frontier_in=442768641 map_wall_s=74.595 map_cpu_s=3285.661 merge_wall_s=52.790 merge_cpu_s=1194.106 map_units=721 merge_ranges=333 map_eff_cores=44.05 merge_eff_cores=22.62
event=fastmap_fallback H=20 col=12 stage=11
event=heartbeat H=20 col=12 elapsed_s=1299 processed=2536747008 rate_per_s=1952788 steals=929
event=heartbeat H=20 col=12 elapsed_s=1316 processed=2607758336 rate_per_s=1981037 steals=929
event=heartbeat H=20 col=12 elapsed_s=1334 processed=2681635840 rate_per_s=2010704 steals=929
event=heartbeat H=20 col=12 elapsed_s=1351 processed=2754725888 rate_per_s=2039028 steals=929
event=heartbeat H=20 col=12 elapsed_s=1368 processed=2820434944 rate_per_s=2061237 steals=963
event=heartbeat H=20 col=12 elapsed_s=1386 processed=2820434944 rate_per_s=2035472 steals=963
event=heartbeat H=20 col=12 elapsed_s=1403 processed=2820434944 rate_per_s=2010344 steals=963
event=heartbeat H=20 col=12 elapsed_s=1420 processed=2820434944 rate_per_s=1985826 steals=1013
event=kink_round H=20 col=12 round=stage11 frontier_in=443181644 map_wall_s=72.207 map_cpu_s=3218.753 merge_wall_s=57.140 merge_cpu_s=1248.947 map_units=548 merge_ranges=287 map_eff_cores=44.58 merge_eff_cores=21.86
event=fastmap_fallback H=20 col=12 stage=12
event=heartbeat H=20 col=12 elapsed_s=1438 processed=2855937024 rate_per_s=1986595 steals=1013
event=heartbeat H=20 col=12 elapsed_s=1455 processed=2926959616 rate_per_s=2011763 steals=1013
event=heartbeat H=20 col=12 elapsed_s=1472 processed=2998632448 rate_per_s=2036776 steals=1013
event=heartbeat H=20 col=12 elapsed_s=1490 processed=3071661056 rate_per_s=2062121 steals=1013
event=heartbeat H=20 col=12 elapsed_s=1507 processed=3104106496 rate_per_s=2059950 steals=1045
event=heartbeat H=20 col=12 elapsed_s=1524 processed=3104106496 rate_per_s=2036541 steals=1045
event=heartbeat H=20 col=12 elapsed_s=1542 processed=3104106496 rate_per_s=2013658 steals=1052
event=kink_round H=20 col=12 round=stage12 frontier_in=443609177 map_wall_s=72.488 map_cpu_s=3164.018 merge_wall_s=56.054 merge_cpu_s=1181.786 map_units=494 merge_ranges=306 map_eff_cores=43.65 merge_eff_cores=21.08
event=heartbeat H=20 col=12 elapsed_s=1559 processed=3104106496 rate_per_s=1991275 steals=1095
event=fastmap_fallback H=20 col=12 stage=13
event=heartbeat H=20 col=12 elapsed_s=1576 processed=3174393856 rate_per_s=2013995 steals=1095
event=heartbeat H=20 col=12 elapsed_s=1593 processed=3246050304 rate_per_s=2037073 steals=1095
event=heartbeat H=20 col=12 elapsed_s=1611 processed=3317728256 rate_per_s=2059668 steals=1095
event=heartbeat H=20 col=12 elapsed_s=1628 processed=3387805696 rate_per_s=2080797 steals=1117
event=heartbeat H=20 col=12 elapsed_s=1645 processed=3387826176 rate_per_s=2058908 steals=1118
event=heartbeat H=20 col=12 elapsed_s=1663 processed=3387826176 rate_per_s=2037460 steals=1118
event=heartbeat H=20 col=12 elapsed_s=1680 processed=3387826176 rate_per_s=2016455 steals=1170
event=kink_round H=20 col=12 round=stage13 frontier_in=444074370 map_wall_s=69.888 map_cpu_s=3096.482 merge_wall_s=56.840 merge_cpu_s=1218.764 map_units=528 merge_ranges=295 map_eff_cores=44.31 merge_eff_cores=21.44
event=fastmap_fallback H=20 col=12 stage=14
event=heartbeat H=20 col=12 elapsed_s=1697 processed=3387875328 rate_per_s=1995907 steals=1170
event=heartbeat H=20 col=12 elapsed_s=1715 processed=3462604800 rate_per_s=2019329 steals=1170
event=heartbeat H=20 col=12 elapsed_s=1732 processed=3565261824 rate_per_s=2058405 steals=1170
event=heartbeat H=20 col=12 elapsed_s=1749 processed=3636082688 rate_per_s=2078508 steals=1170
event=heartbeat H=20 col=12 elapsed_s=1767 processed=3671516160 rate_per_s=2078186 steals=1193
event=heartbeat H=20 col=12 elapsed_s=1784 processed=3671516160 rate_per_s=2058009 steals=1193
event=heartbeat H=20 col=12 elapsed_s=1801 processed=3671516160 rate_per_s=2038221 steals=1194
event=heartbeat H=20 col=12 elapsed_s=1819 processed=3671516160 rate_per_s=2018805 steals=1252
event=kink_round H=20 col=12 round=stage14 frontier_in=444522474 map_wall_s=69.077 map_cpu_s=3052.841 merge_wall_s=58.005 merge_cpu_s=1232.374 map_units=505 merge_ranges=261 map_eff_cores=44.20 merge_eff_cores=21.25
event=fastmap_fallback H=20 col=12 stage=15
event=heartbeat H=20 col=12 elapsed_s=1836 processed=3707076608 rate_per_s=2019133 steals=1252
event=heartbeat H=20 col=12 elapsed_s=1853 processed=3782518784 rate_per_s=2040970 steals=1252
event=heartbeat H=20 col=12 elapsed_s=1871 processed=3884393472 rate_per_s=2076532 steals=1252
event=heartbeat H=20 col=12 elapsed_s=1888 processed=3955132416 rate_per_s=2094950 steals=1267
event=heartbeat H=20 col=12 elapsed_s=1905 processed=3955152896 rate_per_s=2075916 steals=1271
event=heartbeat H=20 col=12 elapsed_s=1923 processed=3955152896 rate_per_s=2057214 steals=1271
event=heartbeat H=20 col=12 elapsed_s=1940 processed=3955152896 rate_per_s=2038847 steals=1319
event=kink_round H=20 col=12 round=stage15 frontier_in=445014095 map_wall_s=68.540 map_cpu_s=3044.843 merge_wall_s=52.877 merge_cpu_s=1146.315 map_units=466 merge_ranges=264 map_eff_cores=44.42 merge_eff_cores=21.68
event=fastmap_fallback H=20 col=12 stage=16
event=heartbeat H=20 col=12 elapsed_s=1957 processed=3990669312 rate_per_s=2038950 steals=1319
event=heartbeat H=20 col=12 elapsed_s=1975 processed=4061730816 rate_per_s=2057053 steals=1319
event=heartbeat H=20 col=12 elapsed_s=1992 processed=4135615488 rate_per_s=2076259 steals=1319
event=heartbeat H=20 col=12 elapsed_s=2009 processed=4207159296 rate_per_s=2093969 steals=1319
event=heartbeat H=20 col=12 elapsed_s=2027 processed=4238941184 rate_per_s=2091755 steals=1360
event=heartbeat H=20 col=12 elapsed_s=2044 processed=4238941184 rate_per_s=2074029 steals=1360
event=heartbeat H=20 col=12 elapsed_s=2061 processed=4238941184 rate_per_s=2056599 steals=1419
event=kink_round H=20 col=12 round=stage16 frontier_in=445354635 map_wall_s=66.670 map_cpu_s=2937.948 merge_wall_s=54.191 merge_cpu_s=1140.436 map_units=614 merge_ranges=292 map_eff_cores=44.07 merge_eff_cores=21.04
event=fastmap_fallback H=20 col=12 stage=17
event=heartbeat H=20 col=12 elapsed_s=2078 processed=4238990336 rate_per_s=2039484 steals=1419
event=heartbeat H=20 col=12 elapsed_s=2096 processed=4321144832 rate_per_s=2061830 steals=1419
event=heartbeat H=20 col=12 elapsed_s=2113 processed=4416486400 rate_per_s=2090048 steals=1419
event=heartbeat H=20 col=12 elapsed_s=2130 processed=4490265600 rate_per_s=2107687 steals=1419
event=heartbeat H=20 col=12 elapsed_s=2148 processed=4522741760 rate_per_s=2105811 steals=1443
event=heartbeat H=20 col=12 elapsed_s=2165 processed=4522741760 rate_per_s=2088964 steals=1449
event=kink_round H=20 col=12 round=stage17 frontier_in=446391288 map_wall_s=65.179 map_cpu_s=2893.255 merge_wall_s=39.342 merge_cpu_s=919.170 map_units=518 merge_ranges=305 map_eff_cores=44.39 merge_eff_cores=23.36
event=heartbeat H=20 col=12 elapsed_s=2182 processed=4522741760 rate_per_s=2072382 steals=1502
event=fastmap_fallback H=20 col=12 stage=18
event=heartbeat H=20 col=12 elapsed_s=2200 processed=4593848320 rate_per_s=2088393 steals=1502
event=heartbeat H=20 col=12 elapsed_s=2217 processed=4666946560 rate_per_s=2105048 steals=1502
event=heartbeat H=20 col=12 elapsed_s=2234 processed=4766619648 rate_per_s=2133340 steals=1502
event=heartbeat H=20 col=12 elapsed_s=2252 processed=4805094400 rate_per_s=2134016 steals=1570
event=heartbeat H=20 col=12 elapsed_s=2269 processed=4805094400 rate_per_s=2117722 steals=1571
event=kink_round H=20 col=12 round=stage18 frontier_in=444086080 map_wall_s=65.203 map_cpu_s=2838.755 merge_wall_s=35.821 merge_cpu_s=874.016 map_units=649 merge_ranges=353 map_eff_cores=43.54 merge_eff_cores=24.40
event=heartbeat H=20 col=12 elapsed_s=2286 processed=4805094400 rate_per_s=2101678 steals=1615
event=fastmap_fallback H=20 col=12 stage=19
event=heartbeat H=20 col=12 elapsed_s=2304 processed=4876163072 rate_per_s=2116730 steals=1615
event=heartbeat H=20 col=12 elapsed_s=2321 processed=4948835328 rate_per_s=2132247 steals=1615
event=heartbeat H=20 col=12 elapsed_s=2338 processed=5053841408 rate_per_s=2161360 steals=1615
event=heartbeat H=20 col=12 elapsed_s=2356 processed=5089243136 rate_per_s=2160497 steals=1621
event=heartbeat H=20 col=12 elapsed_s=2373 processed=5089243136 rate_per_s=2144726 steals=1665
event=kink_round H=20 col=12 round=stage19 frontier_in=450088266 map_wall_s=63.090 map_cpu_s=2800.869 merge_wall_s=28.597 merge_cpu_s=776.042 map_units=423 merge_ranges=208 map_eff_cores=44.39 merge_eff_cores=27.14
event=fastmap_fallback H=20 col=12 stage=finalize
event=heartbeat H=20 col=12 elapsed_s=2390 processed=5089243136 rate_per_s=2129185 steals=1665
event=heartbeat H=20 col=12 elapsed_s=2408 processed=5089243136 rate_per_s=2113867 steals=1665
event=heartbeat H=20 col=12 elapsed_s=2425 processed=5089243136 rate_per_s=2098764 steals=1665
event=heartbeat H=20 col=12 elapsed_s=2442 processed=5089243136 rate_per_s=2083883 steals=1690
event=kink_round H=20 col=12 round=finalize frontier_in=452294207 map_wall_s=41.213 map_cpu_s=1614.043 merge_wall_s=24.625 merge_cpu_s=422.480 map_units=384 merge_ranges=122 map_eff_cores=39.16 merge_eff_cores=17.16
event=column H=20 col=12 frontier_in=126951877 frontier_out=125377480 wall_s=2451.15 cum_wall_s=28054.0 cpu_s=80724.0 rss_max_mb=1120.2 map_wall_s=1347.75 map_cpu_s=58247.1 merge_wall_s=1023.41 merge_cpu_s=22476.9 map_units=14455 merge_ranges=5307 eff_cores=32.93
event=kink_round H=20 col=13 round=seed frontier_in=125377480 map_wall_s=8.705 map_cpu_s=320.912 merge_wall_s=0.000 merge_cpu_s=0.000 map_units=384 merge_ranges=0 map_eff_cores=36.87 merge_eff_cores=0.00
event=fastmap_fallback H=20 col=13 stage=0
event=heartbeat H=20 col=13 elapsed_s=17 processed=277504 rate_per_s=16021 steals=0
event=heartbeat H=20 col=13 elapsed_s=35 processed=437248 rate_per_s=12621 steals=33
event=kink_round H=20 col=13 round=stage0 frontier_in=125377480 map_wall_s=14.288 map_cpu_s=536.228 merge_wall_s=25.864 merge_cpu_s=417.633 map_units=434 merge_ranges=359 map_eff_cores=37.53 merge_eff_cores=16.15
event=fastmap_fallback H=20 col=13 stage=1
event=heartbeat H=20 col=13 elapsed_s=52 processed=486400 rate_per_s=9361 steals=76
event=heartbeat H=20 col=13 elapsed_s=69 processed=706560 rate_per_s=10198 steals=76
event=heartbeat H=20 col=13 elapsed_s=87 processed=830464 rate_per_s=9589 steals=76
event=heartbeat H=20 col=13 elapsed_s=104 processed=831488 rate_per_s=8001 steals=77
event=heartbeat H=20 col=13 elapsed_s=121 processed=831488 rate_per_s=6858 steals=108
event=kink_round H=20 col=13 round=stage1 frontier_in=201361811 map_wall_s=37.726 map_cpu_s=969.619 merge_wall_s=41.863 merge_cpu_s=866.150 map_units=386 merge_ranges=189 map_eff_cores=25.70 merge_eff_cores=20.69
event=fastmap_fallback H=20 col=13 stage=2
event=heartbeat H=20 col=13 elapsed_s=139 processed=10365952 rate_per_s=74809 steals=122
event=heartbeat H=20 col=13 elapsed_s=156 processed=107033600 rate_per_s=686616 steals=122
event=heartbeat H=20 col=13 elapsed_s=173 processed=200689664 rate_per_s=1158678 steals=122
event=heartbeat H=20 col=13 elapsed_s=191 processed=278336512 rate_per_s=1460874 steals=162
event=heartbeat H=20 col=13 elapsed_s=208 processed=278336512 rate_per_s=1339140 steals=162
event=heartbeat H=20 col=13 elapsed_s=225 processed=278336512 rate_per_s=1236130 steals=165
event=heartbeat H=20 col=13 elapsed_s=242 processed=278336512 rate_per_s=1147826 steals=203
event=kink_round H=20 col=13 round=stage2 frontier_in=324597999 map_wall_s=56.541 map_cpu_s=2464.868 merge_wall_s=54.854 merge_cpu_s=1181.500 map_units=1113 merge_ranges=182 map_eff_cores=43.59 merge_eff_cores=21.54
event=fastmap_fallback H=20 col=13 stage=3
event=heartbeat H=20 col=13 elapsed_s=260 processed=318361600 rate_per_s=1225373 steals=203
event=heartbeat H=20 col=13 elapsed_s=277 processed=421915648 rate_per_s=1522452 steals=203
event=heartbeat H=20 col=13 elapsed_s=294 processed=495927296 rate_per_s=1684251 steals=203
event=heartbeat H=20 col=13 elapsed_s=312 processed=560970752 rate_per_s=1799304 steals=223
event=heartbeat H=20 col=13 elapsed_s=329 processed=560970752 rate_per_s=1704606 steals=223
event=heartbeat H=20 col=13 elapsed_s=346 processed=560970752 rate_per_s=1619377 steals=254
event=kink_round H=20 col=13 round=stage3 frontier_in=378871694 map_wall_s=63.489 map_cpu_s=2764.271 merge_wall_s=46.848 merge_cpu_s=1064.341 map_units=982 merge_ranges=305 map_eff_cores=43.54 merge_eff_cores=22.72
event=fastmap_fallback H=20 col=13 stage=4
event=heartbeat H=20 col=13 elapsed_s=364 processed=561019904 rate_per_s=1542401 steals=279
event=heartbeat H=20 col=13 elapsed_s=381 processed=642811904 rate_per_s=1686939 steals=279
event=heartbeat H=20 col=13 elapsed_s=398 processed=731076608 rate_per_s=1835161 steals=279
event=heartbeat H=20 col=13 elapsed_s=416 processed=812226560 rate_per_s=1953913 steals=279
event=heartbeat H=20 col=13 elapsed_s=433 processed=838615040 rate_per_s=1936696 steals=306
event=heartbeat H=20 col=13 elapsed_s=450 processed=838615040 rate_per_s=1862207 steals=307
event=heartbeat H=20 col=13 elapsed_s=468 processed=838615040 rate_per_s=1793230 steals=362
event=kink_round H=20 col=13 round=stage4 frontier_in=410276547 map_wall_s=64.114 map_cpu_s=2861.225 merge_wall_s=46.068 merge_cpu_s=1013.048 map_units=669 merge_ranges=323 map_eff_cores=44.63 merge_eff_cores=21.99
event=fastmap_fallback H=20 col=13 stage=5
event=heartbeat H=20 col=13 elapsed_s=485 processed=874007552 rate_per_s=1802170 steals=362
event=heartbeat H=20 col=13 elapsed_s=502 processed=951869440 rate_per_s=1895038 steals=362
event=heartbeat H=20 col=13 elapsed_s=520 processed=1041829888 rate_per_s=2004999 steals=362
event=heartbeat H=20 col=13 elapsed_s=537 processed=1116170240 rate_per_s=2078776 steals=387
event=heartbeat H=20 col=13 elapsed_s=554 processed=1116644352 rate_per_s=2014668 steals=401
event=heartbeat H=20 col=13 elapsed_s=572 processed=1116644352 rate_per_s=1953619 steals=402
event=kink_round H=20 col=13 round=stage5 frontier_in=425490689 map_wall_s=65.159 map_cpu_s=2869.184 merge_wall_s=48.740 merge_cpu_s=1069.243 map_units=978 merge_ranges=181 map_eff_cores=44.03 merge_eff_cores=21.94
event=heartbeat H=20 col=13 elapsed_s=589 processed=1116644352 rate_per_s=1896142 steals=446
event=fastmap_fallback H=20 col=13 stage=6
event=heartbeat H=20 col=13 elapsed_s=606 processed=1158214656 rate_per_s=1910558 steals=446
event=heartbeat H=20 col=13 elapsed_s=624 processed=1255194624 rate_per_s=2013016 steals=446
event=heartbeat H=20 col=13 elapsed_s=641 processed=1337238528 rate_per_s=2086631 steals=446
event=heartbeat H=20 col=13 elapsed_s=658 processed=1400052736 rate_per_s=2127159 steals=477
event=heartbeat H=20 col=13 elapsed_s=676 processed=1400100864 rate_per_s=2072685 steals=478
event=heartbeat H=20 col=13 elapsed_s=693 processed=1400100864 rate_per_s=2020868 steals=479
event=kink_round H=20 col=13 round=stage6 frontier_in=432201646 map_wall_s=66.740 map_cpu_s=2933.403 merge_wall_s=50.917 merge_cpu_s=1144.996 map_units=1091 merge_ranges=164 map_eff_cores=43.95 merge_eff_cores=22.49
event=heartbeat H=20 col=13 elapsed_s=710 processed=1400100864 rate_per_s=1971568 steals=532
event=fastmap_fallback H=20 col=13 stage=7
event=heartbeat H=20 col=13 elapsed_s=727 processed=1437104128 rate_per_s=1975504 steals=532
event=heartbeat H=20 col=13 elapsed_s=745 processed=1539934208 rate_per_s=2067630 steals=532
event=heartbeat H=20 col=13 elapsed_s=762 processed=1616414720 rate_per_s=2120993 steals=532
event=heartbeat H=20 col=13 elapsed_s=779 processed=1685086208 rate_per_s=2161964 steals=594
event=heartbeat H=20 col=13 elapsed_s=797 processed=1685135360 rate_per_s=2115026 steals=595
event=heartbeat H=20 col=13 elapsed_s=814 processed=1685135360 rate_per_s=2070026 steals=595
event=heartbeat H=20 col=13 elapsed_s=831 processed=1685135360 rate_per_s=2026892 steals=644
event=kink_round H=20 col=13 round=stage7 frontier_in=435062350 map_wall_s=66.159 map_cpu_s=2962.778 merge_wall_s=52.475 merge_cpu_s=1177.043 map_units=1292 merge_ranges=187 map_eff_cores=44.78 merge_eff_cores=22.43
event=fastmap_fallback H=20 col=13 stage=8
event=heartbeat H=20 col=13 elapsed_s=849 processed=1720752128 rate_per_s=2027501 steals=644
event=heartbeat H=20 col=13 elapsed_s=866 processed=1792791552 rate_per_s=2070136 steals=644
event=heartbeat H=20 col=13 elapsed_s=883 processed=1889650688 rate_per_s=2139194 steals=644
event=heartbeat H=20 col=13 elapsed_s=901 processed=1966482432 rate_per_s=2183362 steals=647
event=heartbeat H=20 col=13 elapsed_s=918 processed=1969874944 rate_per_s=2145862 steals=686
event=heartbeat H=20 col=13 elapsed_s=935 processed=1969874944 rate_per_s=2106124 steals=686
event=heartbeat H=20 col=13 elapsed_s=953 processed=1969874944 rate_per_s=2067828 steals=740
event=kink_round H=20 col=13 round=stage8 frontier_in=436430612 map_wall_s=68.564 map_cpu_s=3020.989 merge_wall_s=50.254 merge_cpu_s=1131.638 map_units=882 merge_ranges=292 map_eff_cores=44.06 merge_eff_cores=22.52
event=fastmap_fallback H=20 col=13 stage=9
event=heartbeat H=20 col=13 elapsed_s=970 processed=2005312512 rate_per_s=2067441 steals=740
event=heartbeat H=20 col=13 elapsed_s=987 processed=2077380608 rate_per_s=2104168 steals=740
event=heartbeat H=20 col=13 elapsed_s=1005 processed=2150650880 rate_per_s=2140825 steals=740
event=heartbeat H=20 col=13 elapsed_s=1022 processed=2222928896 rate_per_s=2175267 steals=740
event=heartbeat H=20 col=13 elapsed_s=1039 processed=2254253056 rate_per_s=2169154 steals=788
event=heartbeat H=20 col=13 elapsed_s=1057 processed=2254253056 rate_per_s=2133596 steals=788
event=heartbeat H=20 col=13 elapsed_s=1074 processed=2254253056 rate_per_s=2099177 steals=831
event=kink_round H=20 col=13 round=stage9 frontier_in=437225234 map_wall_s=69.030 map_cpu_s=3072.119 merge_wall_s=47.796 merge_cpu_s=1097.397 map_units=793 merge_ranges=326 map_eff_cores=44.50 merge_eff_cores=22.96
event=fastmap_fallback H=20 col=13 stage=10
event=heartbeat H=20 col=13 elapsed_s=1091 processed=2289801216 rate_per_s=2098439 steals=831
event=heartbeat H=20 col=13 elapsed_s=1109 processed=2361742336 rate_per_s=2130549 steals=831
event=heartbeat H=20 col=13 elapsed_s=1126 processed=2434952192 rate_per_s=2162799 steals=831
event=heartbeat H=20 col=13 elapsed_s=1143 processed=2510310400 rate_per_s=2195950 steals=831
event=heartbeat H=20 col=13 elapsed_s=1160 processed=2538753024 rate_per_s=2187684 steals=926
event=heartbeat H=20 col=13 elapsed_s=1178 processed=2538753024 rate_per_s=2155512 steals=926
event=heartbeat H=20 col=13 elapsed_s=1195 processed=2538753024 rate_per_s=2124267 steals=972
event=kink_round H=20 col=13 round=stage10 frontier_in=437733888 map_wall_s=68.305 map_cpu_s=3039.979 merge_wall_s=47.604 merge_cpu_s=1034.598 map_units=927 merge_ranges=207 map_eff_cores=44.51 merge_eff_cores=21.73
event=fastmap_fallback H=20 col=13 stage=11
event=heartbeat H=20 col=13 elapsed_s=1212 processed=2574372864 rate_per_s=2123306 steals=972
event=heartbeat H=20 col=13 elapsed_s=1230 processed=2650648576 rate_per_s=2155426 steals=972
event=heartbeat H=20 col=13 elapsed_s=1247 processed=2751922176 rate_per_s=2206697 steals=972
event=heartbeat H=20 col=13 elapsed_s=1264 processed=2822787072 rate_per_s=2232515 steals=1024
event=heartbeat H=20 col=13 elapsed_s=1282 processed=2822940672 rate_per_s=2202464 steals=1039
event=heartbeat H=20 col=13 elapsed_s=1299 processed=2822940672 rate_per_s=2173100 steals=1039
event=heartbeat H=20 col=13 elapsed_s=1316 processed=2822940672 rate_per_s=2144505 steals=1084
event=kink_round H=20 col=13 round=stage11 frontier_in=438212243 map_wall_s=68.111 map_cpu_s=3015.496 merge_wall_s=51.406 merge_cpu_s=1103.284 map_units=699 merge_ranges=172 map_eff_cores=44.27 merge_eff_cores=21.46
event=fastmap_fallback H=20 col=13 stage=12
event=heartbeat H=20 col=13 elapsed_s=1334 processed=2858511360 rate_per_s=2143326 steals=1084
event=heartbeat H=20 col=13 elapsed_s=1351 processed=2930445312 rate_per_s=2169093 steals=1084
event=heartbeat H=20 col=13 elapsed_s=1368 processed=3004413952 rate_per_s=2195695 steals=1084
event=heartbeat H=20 col=13 elapsed_s=1386 processed=3090039808 rate_per_s=2230043 steals=1084
event=heartbeat H=20 col=13 elapsed_s=1403 processed=3107052544 rate_per_s=2214638 steals=1109
event=heartbeat H=20 col=13 elapsed_s=1420 processed=3107052544 rate_per_s=2187630 steals=1109
event=heartbeat H=20 col=13 elapsed_s=1438 processed=3107052544 rate_per_s=2161271 steals=1158
event=kink_round H=20 col=13 round=stage12 frontier_in=438687050 map_wall_s=67.970 map_cpu_s=2975.209 merge_wall_s=48.678 merge_cpu_s=1071.649 map_units=522 merge_ranges=238 map_eff_cores=43.77 merge_eff_cores=22.02
event=fastmap_fallback H=20 col=13 stage=13
event=heartbeat H=20 col=13 elapsed_s=1455 processed=3142645760 rate_per_s=2160007 steals=1158
event=heartbeat H=20 col=13 elapsed_s=1472 processed=3213836288 rate_per_s=2182950 steals=1158
event=heartbeat H=20 col=13 elapsed_s=1490 processed=3320310784 rate_per_s=2229048 steals=1158
event=heartbeat H=20 col=13 elapsed_s=1507 processed=3390385152 rate_per_s=2249930 steals=1162
event=heartbeat H=20 col=13 elapsed_s=1524 processed=3391181824 rate_per_s=2224886 steals=1172
event=heartbeat H=20 col=13 elapsed_s=1542 processed=3391181824 rate_per_s=2199886 steals=1172
event=heartbeat H=20 col=13 elapsed_s=1559 processed=3391181824 rate_per_s=2175440 steals=1224
event=kink_round H=20 col=13 round=stage13 frontier_in=439189102 map_wall_s=66.106 map_cpu_s=2947.507 merge_wall_s=50.480 merge_cpu_s=1080.909 map_units=471 merge_ranges=307 map_eff_cores=44.59 merge_eff_cores=21.41
event=fastmap_fallback H=20 col=13 stage=14
event=heartbeat H=20 col=13 elapsed_s=1576 processed=3426812928 rate_per_s=2174143 steals=1224
event=heartbeat H=20 col=13 elapsed_s=1593 processed=3500200960 rate_per_s=2196566 steals=1224
event=heartbeat H=20 col=13 elapsed_s=1611 processed=3604458496 rate_per_s=2237671 steals=1224
event=heartbeat H=20 col=13 elapsed_s=1628 processed=3675331584 rate_per_s=2257396 steals=1254
event=heartbeat H=20 col=13 elapsed_s=1645 processed=3675331584 rate_per_s=2233635 steals=1254
event=heartbeat H=20 col=13 elapsed_s=1663 processed=3675331584 rate_per_s=2210367 steals=1256
event=kink_round H=20 col=13 round=stage14 frontier_in=439662075 map_wall_s=66.146 map_cpu_s=2892.772 merge_wall_s=45.414 merge_cpu_s=997.850 map_units=496 merge_ranges=221 map_eff_cores=43.73 merge_eff_cores=21.97
event=heartbeat H=20 col=13 elapsed_s=1680 processed=3675331584 rate_per_s=2187573 steals=1296
event=fastmap_fallback H=20 col=13 stage=15
event=heartbeat H=20 col=13 elapsed_s=1697 processed=3746530304 rate_per_s=2207203 steals=1296
event=heartbeat H=20 col=13 elapsed_s=1715 processed=3820575744 rate_per_s=2228090 steals=1296
event=heartbeat H=20 col=13 elapsed_s=1732 processed=3924814848 rate_per_s=2265992 steals=1296
event=heartbeat H=20 col=13 elapsed_s=1749 processed=3957823488 rate_per_s=2262425 steals=1415
event=heartbeat H=20 col=13 elapsed_s=1767 processed=3957823488 rate_per_s=2240244 steals=1415
event=heartbeat H=20 col=13 elapsed_s=1784 processed=3957823488 rate_per_s=2218494 steals=1461
event=kink_round H=20 col=13 round=stage15 frontier_in=440167294 map_wall_s=62.120 map_cpu_s=2788.941 merge_wall_s=51.341 merge_cpu_s=1111.328 map_units=1113 merge_ranges=254 map_eff_cores=44.90 merge_eff_cores=21.65
event=fastmap_fallback H=20 col=13 stage=16
event=heartbeat H=20 col=13 elapsed_s=1801 processed=3957872640 rate_per_s=2197190 steals=1465
event=heartbeat H=20 col=13 elapsed_s=1819 processed=4029819904 rate_per_s=2215825 steals=1465
event=heartbeat H=20 col=13 elapsed_s=1836 processed=4135632896 rate_per_s=2252554 steals=1465
event=heartbeat H=20 col=13 elapsed_s=1853 processed=4209563648 rate_per_s=2271394 steals=1465
event=heartbeat H=20 col=13 elapsed_s=1871 processed=4241349632 rate_per_s=2267355 steals=1512
event=heartbeat H=20 col=13 elapsed_s=1888 processed=4241349632 rate_per_s=2246553 steals=1512
event=heartbeat H=20 col=13 elapsed_s=1905 processed=4241349632 rate_per_s=2226126 steals=1572
event=kink_round H=20 col=13 round=stage16 frontier_in=440502799 map_wall_s=64.204 map_cpu_s=2804.900 merge_wall_s=42.933 merge_cpu_s=997.908 map_units=584 merge_ranges=350 map_eff_cores=43.69 merge_eff_cores=23.24
event=fastmap_fallback H=20 col=13 stage=17
event=heartbeat H=20 col=13 elapsed_s=1923 processed=4279968768 rate_per_s=2226160 steals=1572
event=heartbeat H=20 col=13 elapsed_s=1940 processed=4383711232 rate_per_s=2259764 steals=1572
event=heartbeat H=20 col=13 elapsed_s=1957 processed=4457789440 rate_per_s=2277615 steals=1572
event=heartbeat H=20 col=13 elapsed_s=1975 processed=4525788160 rate_per_s=2292074 steals=1610
event=heartbeat H=20 col=13 elapsed_s=1992 processed=4525788160 rate_per_s=2272142 steals=1611
event=kink_round H=20 col=13 round=stage17 frontier_in=441492274 map_wall_s=61.615 map_cpu_s=2718.296 merge_wall_s=34.520 merge_cpu_s=852.482 map_units=610 merge_ranges=357 map_eff_cores=44.12 merge_eff_cores=24.70
event=heartbeat H=20 col=13 elapsed_s=2009 processed=4525788160 rate_per_s=2252548 steals=1673
event=fastmap_fallback H=20 col=13 stage=18
event=heartbeat H=20 col=13 elapsed_s=2027 processed=4597102592 rate_per_s=2268493 steals=1673
event=heartbeat H=20 col=13 elapsed_s=2044 processed=4703577088 rate_per_s=2301365 steals=1673
event=heartbeat H=20 col=13 elapsed_s=2061 processed=4777500672 rate_per_s=2317890 steals=1673
event=heartbeat H=20 col=13 elapsed_s=2078 processed=4810008576 rate_per_s=2314216 steals=1701
event=heartbeat H=20 col=13 elapsed_s=2096 processed=4810008576 rate_per_s=2295090 steals=1734
event=kink_round H=20 col=13 round=stage18 frontier_in=439048163 map_wall_s=60.575 map_cpu_s=2702.531 merge_wall_s=31.562 merge_cpu_s=757.931 map_units=541 merge_ranges=206 map_eff_cores=44.61 merge_eff_cores=24.01
event=fastmap_fallback H=20 col=13 stage=19
event=heartbeat H=20 col=13 elapsed_s=2113 processed=4845670400 rate_per_s=2293154 steals=1734
event=heartbeat H=20 col=13 elapsed_s=2130 processed=4917708800 rate_per_s=2308325 steals=1734
event=heartbeat H=20 col=13 elapsed_s=2148 processed=5024441344 rate_per_s=2339404 steals=1734
event=heartbeat H=20 col=13 elapsed_s=2165 processed=5094614016 rate_per_s=2353101 steals=1749
event=heartbeat H=20 col=13 elapsed_s=2182 processed=5094614016 rate_per_s=2334425 steals=1769
event=kink_round H=20 col=13 round=stage19 frontier_in=445297689 map_wall_s=59.897 map_cpu_s=2637.870 merge_wall_s=22.006 merge_cpu_s=707.587 map_units=452 merge_ranges=157 map_eff_cores=44.04 merge_eff_cores=32.15
event=fastmap_fallback H=20 col=13 stage=finalize
event=heartbeat H=20 col=13 elapsed_s=2200 processed=5094614016 rate_per_s=2316043 steals=1769
event=heartbeat H=20 col=13 elapsed_s=2217 processed=5094614016 rate_per_s=2297950 steals=1769
event=heartbeat H=20 col=13 elapsed_s=2234 processed=5094614016 rate_per_s=2280136 steals=1769
event=kink_round H=20 col=13 round=finalize frontier_in=446387565 map_wall_s=39.531 map_cpu_s=1535.567 merge_wall_s=16.997 merge_cpu_s=394.596 map_units=384 merge_ranges=119 map_eff_cores=38.84 merge_eff_cores=23.21
event=column H=20 col=13 frontier_in=125377480 frontier_out=123336324 wall_s=2249.27 cum_wall_s=30303.3 cpu_s=75107.8 rss_max_mb=1120.2 map_wall_s=1265.10 map_cpu_s=54834.7 merge_wall_s=908.62 merge_cpu_s=20273.1 map_units=15803 merge_ranges=5096 eff_cores=33.39
event=kink_round H=20 col=14 round=seed frontier_in=123336324 map_wall_s=8.022 map_cpu_s=305.209 merge_wall_s=0.000 merge_cpu_s=0.000 map_units=384 merge_ranges=0 map_eff_cores=38.04 merge_eff_cores=0.00
event=fastmap_fallback H=20 col=14 stage=0
event=heartbeat H=20 col=14 elapsed_s=17 processed=309248 rate_per_s=17854 steals=0
event=heartbeat H=20 col=14 elapsed_s=35 processed=451584 rate_per_s=13036 steals=42
event=kink_round H=20 col=14 round=stage0 frontier_in=123336324 map_wall_s=13.852 map_cpu_s=521.202 merge_wall_s=27.959 merge_cpu_s=486.000 map_units=443 merge_ranges=117 map_eff_cores=37.63 merge_eff_cores=17.38
event=heartbeat H=20 col=14 elapsed_s=52 processed=451584 rate_per_s=8691 steals=74
event=fastmap_fallback H=20 col=14 stage=1
event=heartbeat H=20 col=14 elapsed_s=69 processed=723968 rate_per_s=10450 steals=74
event=heartbeat H=20 col=14 elapsed_s=87 processed=857088 rate_per_s=9897 steals=86
event=heartbeat H=20 col=14 elapsed_s=104 processed=857088 rate_per_s=8247 steals=86
event=heartbeat H=20 col=14 elapsed_s=121 processed=857088 rate_per_s=7069 steals=122
event=kink_round H=20 col=14 round=stage1 frontier_in=197922422 map_wall_s=34.666 map_cpu_s=921.218 merge_wall_s=41.036 merge_cpu_s=878.647 map_units=402 merge_ranges=200 map_eff_cores=26.57 merge_eff_cores=21.41
event=fastmap_fallback H=20 col=14 stage=2
event=heartbeat H=20 col=14 elapsed_s=139 processed=35923968 rate_per_s=259257 steals=122
event=heartbeat H=20 col=14 elapsed_s=156 processed=134850560 rate_per_s=865063 steals=122
event=heartbeat H=20 col=14 elapsed_s=173 processed=239340544 rate_per_s=1381831 steals=122
event=heartbeat H=20 col=14 elapsed_s=191 processed=281808896 rate_per_s=1479109 steals=164
event=heartbeat H=20 col=14 elapsed_s=208 processed=281808896 rate_per_s=1355846 steals=166
event=heartbeat H=20 col=14 elapsed_s=225 processed=281808896 rate_per_s=1251544 steals=209
event=kink_round H=20 col=14 round=stage2 frontier_in=319244323 map_wall_s=52.990 map_cpu_s=2320.956 merge_wall_s=44.856 merge_cpu_s=983.310 map_units=1310 merge_ranges=229 map_eff_cores=43.80 merge_eff_cores=21.92
event=fastmap_fallback H=20 col=14 stage=3
event=heartbeat H=20 col=14 elapsed_s=242 processed=321906688 rate_per_s=1327519 steals=209
event=heartbeat H=20 col=14 elapsed_s=260 processed=427125760 rate_per_s=1644006 steals=209
event=heartbeat H=20 col=14 elapsed_s=277 processed=513554432 rate_per_s=1853124 steals=209
event=heartbeat H=20 col=14 elapsed_s=294 processed=564019200 rate_per_s=1915506 steals=228
event=heartbeat H=20 col=14 elapsed_s=312 processed=564019200 rate_per_s=1809088 steals=228
event=heartbeat H=20 col=14 elapsed_s=329 processed=564019200 rate_per_s=1713866 steals=271
event=kink_round H=20 col=14 round=stage3 frontier_in=373037544 map_wall_s=59.169 map_cpu_s=2604.487 merge_wall_s=42.288 merge_cpu_s=987.000 map_units=907 merge_ranges=205 map_eff_cores=44.02 merge_eff_cores=23.34
event=fastmap_fallback H=20 col=14 stage=4
event=heartbeat H=20 col=14 elapsed_s=346 processed=599046144 rate_per_s=1729293 steals=271
event=heartbeat H=20 col=14 elapsed_s=364 processed=698015744 rate_per_s=1919043 steals=271
event=heartbeat H=20 col=14 elapsed_s=381 processed=780081152 rate_per_s=2047177 steals=271
event=heartbeat H=20 col=14 elapsed_s=398 processed=842157056 rate_per_s=2113986 steals=299
event=heartbeat H=20 col=14 elapsed_s=416 processed=842157056 rate_per_s=2025914 steals=299
event=heartbeat H=20 col=14 elapsed_s=433 processed=842157056 rate_per_s=1944877 steals=345
event=kink_round H=20 col=14 round=stage4 frontier_in=403944910 map_wall_s=60.842 map_cpu_s=2686.858 merge_wall_s=47.333 merge_cpu_s=1025.613 map_units=729 merge_ranges=188 map_eff_cores=44.16 merge_eff_cores=21.67
event=fastmap_fallback H=20 col=14 stage=5
event=heartbeat H=20 col=14 elapsed_s=450 processed=842206208 rate_per_s=1870180 steals=349
event=heartbeat H=20 col=14 elapsed_s=468 processed=933677056 rate_per_s=1996511 steals=349
event=heartbeat H=20 col=14 elapsed_s=485 processed=1021755392 rate_per_s=2106821 steals=349
event=heartbeat H=20 col=14 elapsed_s=502 processed=1108509696 rate_per_s=2206890 steals=349
event=heartbeat H=20 col=14 elapsed_s=520 processed=1122867200 rate_per_s=2160956 steals=385
event=heartbeat H=20 col=14 elapsed_s=537 processed=1122867200 rate_per_s=2091246 steals=386
event=kink_round H=20 col=14 round=stage5 frontier_in=418961171 map_wall_s=62.155 map_cpu_s=2695.964 merge_wall_s=44.129 merge_cpu_s=1025.445 map_units=1019 merge_ranges=260 map_eff_cores=43.37 merge_eff_cores=23.24
event=heartbeat H=20 col=14 elapsed_s=554 processed=1122867200 rate_per_s=2025877 steals=433
event=fastmap_fallback H=20 col=14 stage=6
event=heartbeat H=20 col=14 elapsed_s=572 processed=1190467584 rate_per_s=2082777 steals=433
event=heartbeat H=20 col=14 elapsed_s=589 processed=1270602752 rate_per_s=2157594 steals=433
event=heartbeat H=20 col=14 elapsed_s=606 processed=1359707136 rate_per_s=2242932 steals=433
event=heartbeat H=20 col=14 elapsed_s=624 processed=1403760640 rate_per_s=2251278 steals=481
event=heartbeat H=20 col=14 elapsed_s=641 processed=1403760640 rate_per_s=2190436 steals=481
event=heartbeat H=20 col=14 elapsed_s=658 processed=1403760640 rate_per_s=2132793 steals=498
event=kink_round H=20 col=14 round=stage6 frontier_in=425675295 map_wall_s=62.312 map_cpu_s=2729.135 merge_wall_s=48.365 merge_cpu_s=1102.556 map_units=1004 merge_ranges=290 map_eff_cores=43.80 merge_eff_cores=22.80
event=fastmap_fallback H=20 col=14 stage=7
event=heartbeat H=20 col=14 elapsed_s=676 processed=1403809792 rate_per_s=2078176 steals=527
event=heartbeat H=20 col=14 elapsed_s=693 processed=1485609984 rate_per_s=2144291 steals=527
event=heartbeat H=20 col=14 elapsed_s=710 processed=1582569472 rate_per_s=2228527 steals=527
event=heartbeat H=20 col=14 elapsed_s=727 processed=1657554944 rate_per_s=2278544 steals=527
event=heartbeat H=20 col=14 elapsed_s=745 processed=1689308160 rate_per_s=2268189 steals=590
event=heartbeat H=20 col=14 elapsed_s=762 processed=1689308160 rate_per_s=2216641 steals=590
event=heartbeat H=20 col=14 elapsed_s=779 processed=1689308160 rate_per_s=2167375 steals=634
event=kink_round H=20 col=14 round=stage7 frontier_in=428582169 map_wall_s=63.755 map_cpu_s=2804.033 merge_wall_s=46.028 merge_cpu_s=1009.038 map_units=1157 merge_ranges=219 map_eff_cores=43.98 merge_eff_cores=21.92
event=fastmap_fallback H=20 col=14 stage=8
event=heartbeat H=20 col=14 elapsed_s=797 processed=1725033472 rate_per_s=2165103 steals=634
event=heartbeat H=20 col=14 elapsed_s=814 processed=1806626816 rate_per_s=2219268 steals=634
event=heartbeat H=20 col=14 elapsed_s=831 processed=1904540672 rate_per_s=2290804 steals=634
event=heartbeat H=20 col=14 elapsed_s=849 processed=1974926336 rate_per_s=2326986 steals=714
event=heartbeat H=20 col=14 elapsed_s=866 processed=1974926336 rate_per_s=2280446 steals=714
event=heartbeat H=20 col=14 elapsed_s=883 processed=1974926336 rate_per_s=2235733 steals=753
event=kink_round H=20 col=14 round=stage8 frontier_in=430061412 map_wall_s=63.586 map_cpu_s=2816.774 merge_wall_s=43.094 merge_cpu_s=1017.079 map_units=1322 merge_ranges=204 map_eff_cores=44.30 merge_eff_cores=23.60
event=fastmap_fallback H=20 col=14 stage=9
event=heartbeat H=20 col=14 elapsed_s=901 processed=1974975488 rate_per_s=2192787 steals=756
event=heartbeat H=20 col=14 elapsed_s=918 processed=2081134592 rate_per_s=2267062 steals=756
event=heartbeat H=20 col=14 elapsed_s=935 processed=2155196416 rate_per_s=2304265 steals=756
event=heartbeat H=20 col=14 elapsed_s=953 processed=2227059712 rate_per_s=2337805 steals=756
event=heartbeat H=20 col=14 elapsed_s=970 processed=2259786752 rate_per_s=2329800 steals=804
event=heartbeat H=20 col=14 elapsed_s=987 processed=2259786752 rate_per_s=2288924 steals=804
event=heartbeat H=20 col=14 elapsed_s=1005 processed=2259786752 rate_per_s=2249459 steals=848
event=kink_round H=20 col=14 round=stage9 frontier_in=430895888 map_wall_s=64.590 map_cpu_s=2867.676 merge_wall_s=47.358 merge_cpu_s=1008.707 map_units=756 merge_ranges=221 map_eff_cores=44.40 merge_eff_cores=21.30
event=fastmap_fallback H=20 col=14 stage=10
event=heartbeat H=20 col=14 elapsed_s=1022 processed=2295430144 rate_per_s=2246213 steals=848
event=heartbeat H=20 col=14 elapsed_s=1039 processed=2369010688 rate_per_s=2279579 steals=848
event=heartbeat H=20 col=14 elapsed_s=1057 processed=2473459712 rate_per_s=2341069 steals=848
event=heartbeat H=20 col=14 elapsed_s=1074 processed=2544610304 rate_per_s=2369565 steals=893
event=heartbeat H=20 col=14 elapsed_s=1091 processed=2544690176 rate_per_s=2332026 steals=896
event=heartbeat H=20 col=14 elapsed_s=1109 processed=2544690176 rate_per_s=2295589 steals=918
event=kink_round H=20 col=14 round=stage10 frontier_in=431510356 map_wall_s=65.042 map_cpu_s=2880.979 merge_wall_s=44.048 merge_cpu_s=1019.231 map_units=716 merge_ranges=303 map_eff_cores=44.29 merge_eff_cores=23.14
event=heartbeat H=20 col=14 elapsed_s=1126 processed=2544690176 rate_per_s=2260252 steals=949
event=fastmap_fallback H=20 col=14 stage=11
event=heartbeat H=20 col=14 elapsed_s=1143 processed=2616088576 rate_per_s=2288482 steals=949
event=heartbeat H=20 col=14 elapsed_s=1160 processed=2722828288 rate_per_s=2346306 steals=949
event=heartbeat H=20 col=14 elapsed_s=1178 processed=2796766208 rate_per_s=2374577 steals=949
event=heartbeat H=20 col=14 elapsed_s=1195 processed=2829582336 rate_per_s=2367622 steals=1014
event=heartbeat H=20 col=14 elapsed_s=1212 processed=2829582336 rate_per_s=2333800 steals=1014
event=heartbeat H=20 col=14 elapsed_s=1230 processed=2829582336 rate_per_s=2300928 steals=1058
event=kink_round H=20 col=14 round=stage11 frontier_in=432010151 map_wall_s=63.319 map_cpu_s=2819.933 merge_wall_s=46.842 merge_cpu_s=1035.494 map_units=808 merge_ranges=220 map_eff_cores=44.54 merge_eff_cores=22.11
event=fastmap_fallback H=20 col=14 stage=12
event=heartbeat H=20 col=14 elapsed_s=1247 processed=2865233920 rate_per_s=2297559 steals=1058
event=heartbeat H=20 col=14 elapsed_s=1264 processed=2937366528 rate_per_s=2323133 steals=1058
event=heartbeat H=20 col=14 elapsed_s=1282 processed=3044007936 rate_per_s=2374943 steals=1058
event=heartbeat H=20 col=14 elapsed_s=1299 processed=3114269696 rate_per_s=2397365 steals=1091
event=heartbeat H=20 col=14 elapsed_s=1316 processed=3114295296 rate_per_s=2365840 steals=1092
event=heartbeat H=20 col=14 elapsed_s=1334 processed=3114295296 rate_per_s=2335115 steals=1098
event=kink_round H=20 col=14 round=stage12 frontier_in=432516096 map_wall_s=62.822 map_cpu_s=2796.365 merge_wall_s=46.548 merge_cpu_s=1066.451 map_units=599 merge_ranges=293 map_eff_cores=44.51 merge_eff_cores=22.91
event=heartbeat H=20 col=14 elapsed_s=1351 processed=3114295296 rate_per_s=2305172 steals=1142
event=fastmap_fallback H=20 col=14 stage=13
event=heartbeat H=20 col=14 elapsed_s=1368 processed=3185710080 rate_per_s=2328190 steals=1142
event=heartbeat H=20 col=14 elapsed_s=1386 processed=3260607488 rate_per_s=2353140 steals=1142
event=heartbeat H=20 col=14 elapsed_s=1403 processed=3365076992 rate_per_s=2398552 steals=1142
event=heartbeat H=20 col=14 elapsed_s=1420 processed=3399041024 rate_per_s=2393215 steals=1157
event=heartbeat H=20 col=14 elapsed_s=1438 processed=3399041024 rate_per_s=2364381 steals=1157
event=heartbeat H=20 col=14 elapsed_s=1455 processed=3399041024 rate_per_s=2336230 steals=1207
event=kink_round H=20 col=14 round=stage13 frontier_in=433022982 map_wall_s=63.185 map_cpu_s=2760.609 merge_wall_s=41.657 merge_cpu_s=914.707 map_units=448 merge_ranges=220 map_eff_cores=43.69 merge_eff_cores=21.96
event=fastmap_fallback H=20 col=14 stage=14
event=heartbeat H=20 col=14 elapsed_s=1472 processed=3434761216 rate_per_s=2333012 steals=1207
event=heartbeat H=20 col=14 elapsed_s=1490 processed=3541614592 rate_per_s=2377618 steals=1207
event=heartbeat H=20 col=14 elapsed_s=1507 processed=3615905792 rate_per_s=2399589 steals=1207
event=heartbeat H=20 col=14 elapsed_s=1524 processed=3683865600 rate_per_s=2416906 steals=1236
event=heartbeat H=20 col=14 elapsed_s=1542 processed=3683865600 rate_per_s=2389752 steals=1236
event=heartbeat H=20 col=14 elapsed_s=1559 processed=3683865600 rate_per_s=2363200 steals=1285
event=kink_round H=20 col=14 round=stage14 frontier_in=433473317 map_wall_s=61.906 map_cpu_s=2719.308 merge_wall_s=45.655 merge_cpu_s=1016.435 map_units=530 merge_ranges=273 map_eff_cores=43.93 merge_eff_cores=22.26
event=fastmap_fallback H=20 col=14 stage=15
event=heartbeat H=20 col=14 elapsed_s=1576 processed=3683914752 rate_per_s=2337259 steals=1288
event=heartbeat H=20 col=14 elapsed_s=1593 processed=3790923776 rate_per_s=2379011 steals=1288
event=heartbeat H=20 col=14 elapsed_s=1611 processed=3865194496 rate_per_s=2399537 steals=1288
event=heartbeat H=20 col=14 elapsed_s=1628 processed=3967890432 rate_per_s=2437087 steals=1313
event=heartbeat H=20 col=14 elapsed_s=1645 processed=3968067584 rate_per_s=2411540 steals=1340
event=heartbeat H=20 col=14 elapsed_s=1663 processed=3968067584 rate_per_s=2386421 steals=1353
event=kink_round H=20 col=14 round=stage15 frontier_in=433989668 map_wall_s=60.934 map_cpu_s=2664.128 merge_wall_s=41.665 merge_cpu_s=931.485 map_units=660 merge_ranges=334 map_eff_cores=43.72 merge_eff_cores=22.36
event=heartbeat H=20 col=14 elapsed_s=1680 processed=3968067584 rate_per_s=2361805 steals=1392
event=fastmap_fallback H=20 col=14 stage=16
event=heartbeat H=20 col=14 elapsed_s=1697 processed=4060325888 rate_per_s=2392070 steals=1392
event=heartbeat H=20 col=14 elapsed_s=1715 processed=4148744192 rate_per_s=2419472 steals=1392
event=heartbeat H=20 col=14 elapsed_s=1732 processed=4221258752 rate_per_s=2437143 steals=1398
event=heartbeat H=20 col=14 elapsed_s=1749 processed=4248932352 rate_per_s=2428829 steals=1499
event=heartbeat H=20 col=14 elapsed_s=1767 processed=4248932352 rate_per_s=2405021 steals=1545
event=kink_round H=20 col=14 round=stage16 frontier_in=434318720 map_wall_s=57.912 map_cpu_s=2575.692 merge_wall_s=34.833 merge_cpu_s=853.075 map_units=969 merge_ranges=214 map_eff_cores=44.48 merge_eff_cores=24.49
event=fastmap_fallback H=20 col=14 stage=17
event=heartbeat H=20 col=14 elapsed_s=1784 processed=4284693504 rate_per_s=2401717 steals=1545
event=heartbeat H=20 col=14 elapsed_s=1801 processed=4391661568 rate_per_s=2438005 steals=1545
event=heartbeat H=20 col=14 elapsed_s=1819 processed=4465897472 rate_per_s=2455606 steals=1545
event=heartbeat H=20 col=14 elapsed_s=1836 processed=4533850112 rate_per_s=2469452 steals=1560
event=heartbeat H=20 col=14 elapsed_s=1853 processed=4533850112 rate_per_s=2446373 steals=1571
event=kink_round H=20 col=14 round=stage17 frontier_in=435270423 map_wall_s=58.821 map_cpu_s=2593.071 merge_wall_s=31.566 merge_cpu_s=763.271 map_units=482 merge_ranges=346 map_eff_cores=44.08 merge_eff_cores=24.18
event=fastmap_fallback H=20 col=14 stage=18
event=heartbeat H=20 col=14 elapsed_s=1871 processed=4533899264 rate_per_s=2423748 steals=1618
event=heartbeat H=20 col=14 elapsed_s=1888 processed=4640929792 rate_per_s=2458202 steals=1618
event=heartbeat H=20 col=14 elapsed_s=1905 processed=4715898880 rate_per_s=2475205 steals=1618
event=heartbeat H=20 col=14 elapsed_s=1923 processed=4818720768 rate_per_s=2506386 steals=1643
event=heartbeat H=20 col=14 elapsed_s=1940 processed=4818779136 rate_per_s=2484037 steals=1646
event=kink_round H=20 col=14 round=stage18 frontier_in=432762451 map_wall_s=57.632 map_cpu_s=2536.617 merge_wall_s=27.918 merge_cpu_s=701.911 map_units=555 merge_ranges=243 map_eff_cores=44.01 merge_eff_cores=25.14
event=heartbeat H=20 col=14 elapsed_s=1957 processed=4818779136 rate_per_s=2462050 steals=1682
event=fastmap_fallback H=20 col=14 stage=19
event=heartbeat H=20 col=14 elapsed_s=1975 processed=4890215424 rate_per_s=2476636 steals=1682
event=heartbeat H=20 col=14 elapsed_s=1992 processed=4999078912 rate_per_s=2509754 steals=1682
event=heartbeat H=20 col=14 elapsed_s=2009 processed=5102680064 rate_per_s=2539683 steals=1683
event=heartbeat H=20 col=14 elapsed_s=2026 processed=5104203776 rate_per_s=2518729 steals=1701
event=kink_round H=20 col=14 round=stage19 frontier_in=439400069 map_wall_s=56.458 map_cpu_s=2483.882 merge_wall_s=26.798 merge_cpu_s=680.474 map_units=457 merge_ranges=173 map_eff_cores=44.00 merge_eff_cores=25.39
event=heartbeat H=20 col=14 elapsed_s=2044 processed=5104203776 rate_per_s=2497376 steals=1746
event=fastmap_fallback H=20 col=14 stage=finalize
event=heartbeat H=20 col=14 elapsed_s=2061 processed=5104203776 rate_per_s=2476396 steals=1746
event=heartbeat H=20 col=14 elapsed_s=2078 processed=5104203776 rate_per_s=2455760 steals=1746
event=heartbeat H=20 col=14 elapsed_s=2096 processed=5104203776 rate_per_s=2435462 steals=1771
event=kink_round H=20 col=14 round=finalize frontier_in=439173228 map_wall_s=38.791 map_cpu_s=1501.792 merge_wall_s=22.324 merge_cpu_s=367.726 map_units=384 merge_ranges=121 map_eff_cores=38.71 merge_eff_cores=16.47
event=column H=20 col=14 frontier_in=123336324 frontier_out=120825665 wall_s=2106.77 cum_wall_s=32410.1 cpu_s=70479.5 rss_max_mb=1120.2 map_wall_s=1192.76 map_cpu_s=51605.9 merge_wall_s=842.30 merge_cpu_s=18873.7 map_units=16041 merge_ranges=4873 eff_cores=33.45
event=kink_round H=20 col=15 round=seed frontier_in=120825665 map_wall_s=7.736 map_cpu_s=290.061 merge_wall_s=0.000 merge_cpu_s=0.000 map_units=384 merge_ranges=0 map_eff_cores=37.50 merge_eff_cores=0.00
event=heartbeat H=20 col=15 elapsed_s=17 processed=337920 rate_per_s=19509 steals=0
event=kink_round H=20 col=15 round=stage0 frontier_in=120825665 map_wall_s=12.785 map_cpu_s=487.801 merge_wall_s=10.220 merge_cpu_s=336.792 map_units=439 merge_ranges=106 map_eff_cores=38.15 merge_eff_cores=32.96
event=fastmap_fallback H=20 col=15 stage=1
event=heartbeat H=20 col=15 elapsed_s=35 processed=498688 rate_per_s=14396 steals=65
event=heartbeat H=20 col=15 elapsed_s=52 processed=830464 rate_per_s=15982 steals=65
event=heartbeat H=20 col=15 elapsed_s=69 processed=876544 rate_per_s=12652 steals=97
event=heartbeat H=20 col=15 elapsed_s=87 processed=876544 rate_per_s=10121 steals=106
event=kink_round H=20 col=15 round=stage1 frontier_in=193702774 map_wall_s=24.945 map_cpu_s=780.921 merge_wall_s=38.624 merge_cpu_s=808.348 map_units=432 merge_ranges=229 map_eff_cores=31.31 merge_eff_cores=20.93
event=fastmap_fallback H=20 col=15 stage=2
event=heartbeat H=20 col=15 elapsed_s=104 processed=36002816 rate_per_s=346436 steals=141
event=heartbeat H=20 col=15 elapsed_s=121 processed=127905792 rate_per_s=1054941 steals=141
event=heartbeat H=20 col=15 elapsed_s=139 processed=240622592 rate_per_s=1736542 steals=141
event=heartbeat H=20 col=15 elapsed_s=156 processed=261772288 rate_per_s=1679260 steals=179
event=heartbeat H=20 col=15 elapsed_s=173 processed=261772288 rate_per_s=1511334 steals=189
event=kink_round H=20 col=15 round=stage2 frontier_in=312684476 map_wall_s=48.218 map_cpu_s=2102.292 merge_wall_s=38.421 merge_cpu_s=844.764 map_units=604 merge_ranges=208 map_eff_cores=43.60 merge_eff_cores=21.99
event=fastmap_fallback H=20 col=15 stage=3
event=heartbeat H=20 col=15 elapsed_s=191 processed=261821440 rate_per_s=1374195 steals=228
event=heartbeat H=20 col=15 elapsed_s=208 processed=367730688 rate_per_s=1769238 steals=228
event=heartbeat H=20 col=15 elapsed_s=225 processed=459091968 rate_per_s=2038892 steals=228
event=heartbeat H=20 col=15 elapsed_s=242 processed=545276928 rate_per_s=2248674 steals=248
event=heartbeat H=20 col=15 elapsed_s=260 processed=545326080 rate_per_s=2098953 steals=249
event=heartbeat H=20 col=15 elapsed_s=277 processed=545326080 rate_per_s=1967770 steals=288
event=kink_round H=20 col=15 round=stage3 frontier_in=365938442 map_wall_s=56.159 map_cpu_s=2449.096 merge_wall_s=38.599 merge_cpu_s=856.735 map_units=968 merge_ranges=176 map_eff_cores=43.61 merge_eff_cores=22.20
event=fastmap_fallback H=20 col=15 stage=4
event=heartbeat H=20 col=15 elapsed_s=294 processed=580436992 rate_per_s=1971261 steals=288
event=heartbeat H=20 col=15 elapsed_s=312 processed=680411136 rate_per_s=2182415 steals=288
event=heartbeat H=20 col=15 elapsed_s=329 processed=766823424 rate_per_s=2330118 steals=288
event=heartbeat H=20 col=15 elapsed_s=346 processed=824922112 rate_per_s=2381338 steals=315
event=heartbeat H=20 col=15 elapsed_s=364 processed=824922112 rate_per_s=2267946 steals=316
event=kink_round H=20 col=15 round=stage4 frontier_in=396239148 map_wall_s=56.770 map_cpu_s=2518.253 merge_wall_s=39.567 merge_cpu_s=882.261 map_units=766 merge_ranges=263 map_eff_cores=44.36 merge_eff_cores=22.30
event=heartbeat H=20 col=15 elapsed_s=381 processed=824922112 rate_per_s=2164835 steals=365
event=fastmap_fallback H=20 col=15 stage=5
event=heartbeat H=20 col=15 elapsed_s=398 processed=887287808 rate_per_s=2227283 steals=365
event=heartbeat H=20 col=15 elapsed_s=416 processed=975550464 rate_per_s=2346804 steals=365
event=heartbeat H=20 col=15 elapsed_s=433 processed=1071384576 rate_per_s=2474252 steals=365
event=heartbeat H=20 col=15 elapsed_s=450 processed=1106221056 rate_per_s=2456449 steals=402
event=heartbeat H=20 col=15 elapsed_s=468 processed=1106221056 rate_per_s=2365469 steals=402
event=heartbeat H=20 col=15 elapsed_s=485 processed=1106221056 rate_per_s=2280980 steals=460
event=kink_round H=20 col=15 round=stage5 frontier_in=410960791 map_wall_s=58.010 map_cpu_s=2538.833 merge_wall_s=44.718 merge_cpu_s=1031.568 map_units=1055 merge_ranges=321 map_eff_cores=43.77 merge_eff_cores=23.07
event=fastmap_fallback H=20 col=15 stage=6
event=heartbeat H=20 col=15 elapsed_s=502 processed=1144233984 rate_per_s=2278010 steals=460
event=heartbeat H=20 col=15 elapsed_s=520 processed=1251249152 rate_per_s=2408026 steals=460
event=heartbeat H=20 col=15 elapsed_s=537 processed=1333022720 rate_per_s=2482643 steals=460
event=heartbeat H=20 col=15 elapsed_s=554 processed=1390004224 rate_per_s=2507869 steals=504
event=heartbeat H=20 col=15 elapsed_s=572 processed=1390004224 rate_per_s=2431872 steals=504
event=kink_round H=20 col=15 round=stage6 frontier_in=417713893 map_wall_s=58.616 map_cpu_s=2566.972 merge_wall_s=39.372 merge_cpu_s=878.983 map_units=1189 merge_ranges=202 map_eff_cores=43.79 merge_eff_cores=22.33
event=heartbeat H=20 col=15 elapsed_s=589 processed=1390004224 rate_per_s=2360332 steals=552
event=fastmap_fallback H=20 col=15 stage=7
event=heartbeat H=20 col=15 elapsed_s=606 processed=1454184448 rate_per_s=2398780 steals=552
event=heartbeat H=20 col=15 elapsed_s=624 processed=1535045632 rate_per_s=2461826 steals=552
event=heartbeat H=20 col=15 elapsed_s=641 processed=1631716352 rate_per_s=2546138 steals=552
event=heartbeat H=20 col=15 elapsed_s=658 processed=1675947008 rate_per_s=2546337 steals=601
event=heartbeat H=20 col=15 elapsed_s=676 processed=1675947008 rate_per_s=2481045 steals=602
event=kink_round H=20 col=15 round=stage7 frontier_in=420732244 map_wall_s=59.201 map_cpu_s=2611.832 merge_wall_s=39.885 merge_cpu_s=901.657 map_units=1102 merge_ranges=197 map_eff_cores=44.12 merge_eff_cores=22.61
event=heartbeat H=20 col=15 elapsed_s=693 processed=1675947008 rate_per_s=2418999 steals=651
event=fastmap_fallback H=20 col=15 stage=8
event=heartbeat H=20 col=15 elapsed_s=710 processed=1747452928 rate_per_s=2460711 steals=651
event=heartbeat H=20 col=15 elapsed_s=727 processed=1822002176 rate_per_s=2504601 steals=651
event=heartbeat H=20 col=15 elapsed_s=745 processed=1926496256 rate_per_s=2586655 steals=651
event=heartbeat H=20 col=15 elapsed_s=762 processed=1961838592 rate_per_s=2574242 steals=743
event=heartbeat H=20 col=15 elapsed_s=779 processed=1961838592 rate_per_s=2517036 steals=743
event=kink_round H=20 col=15 round=stage8 frontier_in=422284407 map_wall_s=59.821 map_cpu_s=2650.853 merge_wall_s=41.812 merge_cpu_s=963.446 map_units=1174 merge_ranges=213 map_eff_cores=44.31 merge_eff_cores=23.04
event=heartbeat H=20 col=15 elapsed_s=797 processed=1961838592 rate_per_s=2462306 steals=789
event=fastmap_fallback H=20 col=15 stage=9
event=heartbeat H=20 col=15 elapsed_s=814 processed=2033287168 rate_per_s=2497698 steals=789
event=heartbeat H=20 col=15 elapsed_s=831 processed=2104705024 rate_per_s=2531565 steals=789
event=heartbeat H=20 col=15 elapsed_s=849 processed=2204884992 rate_per_s=2597938 steals=789
event=heartbeat H=20 col=15 elapsed_s=866 processed=2247227392 rate_per_s=2594874 steals=825
event=heartbeat H=20 col=15 elapsed_s=883 processed=2247227392 rate_per_s=2543993 steals=825
event=kink_round H=20 col=15 round=stage9 frontier_in=423301333 map_wall_s=60.870 map_cpu_s=2715.185 merge_wall_s=38.777 merge_cpu_s=862.948 map_units=717 merge_ranges=286 map_eff_cores=44.61 merge_eff_cores=22.25
event=heartbeat H=20 col=15 elapsed_s=901 processed=2247227392 rate_per_s=2495058 steals=875
event=fastmap_fallback H=20 col=15 stage=10
event=heartbeat H=20 col=15 elapsed_s=918 processed=2318795776 rate_per_s=2525943 steals=875
event=heartbeat H=20 col=15 elapsed_s=935 processed=2390926336 rate_per_s=2556299 steals=875
event=heartbeat H=20 col=15 elapsed_s=953 processed=2496828416 rate_per_s=2620979 steals=875
event=heartbeat H=20 col=15 elapsed_s=970 processed=2532439040 rate_per_s=2610898 steals=905
event=heartbeat H=20 col=15 elapsed_s=987 processed=2532439040 rate_per_s=2565093 steals=908
event=kink_round H=20 col=15 round=stage10 frontier_in=423926014 map_wall_s=61.129 map_cpu_s=2708.244 merge_wall_s=35.871 merge_cpu_s=837.754 map_units=613 merge_ranges=255 map_eff_cores=44.30 merge_eff_cores=23.35
event=heartbeat H=20 col=15 elapsed_s=1005 processed=2532439040 rate_per_s=2520868 steals=956
event=fastmap_fallback H=20 col=15 stage=11
event=heartbeat H=20 col=15 elapsed_s=1022 processed=2604075008 rate_per_s=2548240 steals=956
event=heartbeat H=20 col=15 elapsed_s=1039 processed=2711077888 rate_per_s=2608735 steals=956
event=heartbeat H=20 col=15 elapsed_s=1057 processed=2784522240 rate_per_s=2635481 steals=956
event=heartbeat H=20 col=15 elapsed_s=1074 processed=2817802240 rate_per_s=2623964 steals=978
event=heartbeat H=20 col=15 elapsed_s=1091 processed=2817802240 rate_per_s=2582315 steals=989
event=kink_round H=20 col=15 round=stage11 frontier_in=424443502 map_wall_s=60.276 map_cpu_s=2665.361 merge_wall_s=39.125 merge_cpu_s=882.351 map_units=530 merge_ranges=268 map_eff_cores=44.22 merge_eff_cores=22.55
event=heartbeat H=20 col=15 elapsed_s=1109 processed=2817802240 rate_per_s=2541956 steals=1024
event=fastmap_fallback H=20 col=15 stage=12
event=heartbeat H=20 col=15 elapsed_s=1126 processed=2916231168 rate_per_s=2590287 steals=1024
event=heartbeat H=20 col=15 elapsed_s=1143 processed=2998178816 rate_per_s=2622726 steals=1024
event=heartbeat H=20 col=15 elapsed_s=1160 processed=3081145344 rate_per_s=2655073 steals=1024
event=heartbeat H=20 col=15 elapsed_s=1178 processed=3103297536 rate_per_s=2634837 steals=1038
event=heartbeat H=20 col=15 elapsed_s=1195 processed=3103297536 rate_per_s=2596633 steals=1085
event=kink_round H=20 col=15 round=stage12 frontier_in=424920202 map_wall_s=59.983 map_cpu_s=2634.918 merge_wall_s=36.163 merge_cpu_s=806.278 map_units=464 merge_ranges=315 map_eff_cores=43.93 merge_eff_cores=22.30
event=fastmap_fallback H=20 col=15 stage=13
event=heartbeat H=20 col=15 elapsed_s=1212 processed=3139075072 rate_per_s=2589065 steals=1090
event=heartbeat H=20 col=15 elapsed_s=1230 processed=3210740736 rate_per_s=2610874 steals=1090
event=heartbeat H=20 col=15 elapsed_s=1247 processed=3318644736 rate_per_s=2661137 steals=1090
event=heartbeat H=20 col=15 elapsed_s=1264 processed=3389068288 rate_per_s=2680381 steals=1133
event=heartbeat H=20 col=15 elapsed_s=1282 processed=3389068288 rate_per_s=2644161 steals=1133
event=heartbeat H=20 col=15 elapsed_s=1299 processed=3389068288 rate_per_s=2608903 steals=1180
event=kink_round H=20 col=15 round=stage13 frontier_in=425356570 map_wall_s=58.654 map_cpu_s=2561.325 merge_wall_s=40.260 merge_cpu_s=854.850 map_units=611 merge_ranges=248 map_eff_cores=43.67 merge_eff_cores=21.23
event=fastmap_fallback H=20 col=15 stage=14
event=heartbeat H=20 col=15 elapsed_s=1316 processed=3424849920 rate_per_s=2601759 steals=1180
event=heartbeat H=20 col=15 elapsed_s=1334 processed=3498775552 rate_per_s=2623401 steals=1180
event=heartbeat H=20 col=15 elapsed_s=1351 processed=3605937152 rate_per_s=2669087 steals=1180
event=heartbeat H=20 col=15 elapsed_s=1368 processed=3674673152 rate_per_s=2685534 steals=1189
event=heartbeat H=20 col=15 elapsed_s=1386 processed=3674673152 rate_per_s=2651965 steals=1189
event=heartbeat H=20 col=15 elapsed_s=1403 processed=3674673152 rate_per_s=2619223 steals=1244
event=kink_round H=20 col=15 round=stage14 frontier_in=425768911 map_wall_s=58.784 map_cpu_s=2558.162 merge_wall_s=37.866 merge_cpu_s=850.713 map_units=424 merge_ranges=289 map_eff_cores=43.52 merge_eff_cores=22.47
event=fastmap_fallback H=20 col=15 stage=15
event=heartbeat H=20 col=15 elapsed_s=1420 processed=3710517248 rate_per_s=2612518 steals=1244
event=heartbeat H=20 col=15 elapsed_s=1438 processed=3817822208 rate_per_s=2655686 steals=1244
event=heartbeat H=20 col=15 elapsed_s=1455 processed=3924952064 rate_per_s=2697704 steals=1244
event=heartbeat H=20 col=15 elapsed_s=1472 processed=3960530944 rate_per_s=2690132 steals=1268
event=heartbeat H=20 col=15 elapsed_s=1490 processed=3960530944 rate_per_s=2658853 steals=1302
event=kink_round H=20 col=15 round=stage15 frontier_in=426265861 map_wall_s=56.477 map_cpu_s=2512.000 merge_wall_s=35.423 merge_cpu_s=775.080 map_units=561 merge_ranges=257 map_eff_cores=44.48 merge_eff_cores=21.88
event=heartbeat H=20 col=15 elapsed_s=1507 processed=3960530944 rate_per_s=2628289 steals=1323
event=fastmap_fallback H=20 col=15 stage=16
event=heartbeat H=20 col=15 elapsed_s=1524 processed=4068033536 rate_per_s=2668953 steals=1323
event=heartbeat H=20 col=15 elapsed_s=1542 processed=4141897728 rate_per_s=2686871 steals=1323
event=heartbeat H=20 col=15 elapsed_s=1559 processed=4246291456 rate_per_s=2723996 steals=1337
event=heartbeat H=20 col=15 elapsed_s=1576 processed=4246309888 rate_per_s=2694074 steals=1340
event=kink_round H=20 col=15 round=stage16 frontier_in=426588718 map_wall_s=56.716 map_cpu_s=2482.071 merge_wall_s=31.359 merge_cpu_s=744.897 map_units=456 merge_ranges=419 map_eff_cores=43.76 merge_eff_cores=23.75
event=heartbeat H=20 col=15 elapsed_s=1593 processed=4246309888 rate_per_s=2664789 steals=1401
event=fastmap_fallback H=20 col=15 stage=17
event=heartbeat H=20 col=15 elapsed_s=1611 processed=4318072832 rate_per_s=2680688 steals=1401
event=heartbeat H=20 col=15 elapsed_s=1628 processed=4425348096 rate_per_s=2718058 steals=1401
event=heartbeat H=20 col=15 elapsed_s=1645 processed=4499148800 rate_per_s=2734298 steals=1401
event=heartbeat H=20 col=15 elapsed_s=1663 processed=4532386816 rate_per_s=2725806 steals=1421
event=kink_round H=20 col=15 round=stage17 frontier_in=427582053 map_wall_s=55.417 map_cpu_s=2431.603 merge_wall_s=26.583 merge_cpu_s=656.280 map_units=473 merge_ranges=286 map_eff_cores=43.88 merge_eff_cores=24.69
event=heartbeat H=20 col=15 elapsed_s=1680 processed=4532386816 rate_per_s=2697697 steals=1466
event=fastmap_fallback H=20 col=15 stage=18
event=heartbeat H=20 col=15 elapsed_s=1697 processed=4604194816 rate_per_s=2712482 steals=1466
event=heartbeat H=20 col=15 elapsed_s=1715 processed=4713022464 rate_per_s=2748550 steals=1466
event=heartbeat H=20 col=15 elapsed_s=1732 processed=4818142208 rate_per_s=2781755 steals=1471
event=heartbeat H=20 col=15 elapsed_s=1749 processed=4818190336 rate_per_s=2754235 steals=1479
event=kink_round H=20 col=15 round=stage18 frontier_in=425097863 map_wall_s=54.529 map_cpu_s=2397.557 merge_wall_s=20.894 merge_cpu_s=620.986 map_units=460 merge_ranges=135 map_eff_cores=43.97 merge_eff_cores=29.72
event=fastmap_fallback H=20 col=15 stage=19
event=heartbeat H=20 col=15 elapsed_s=1767 processed=4854043648 rate_per_s=2747531 steals=1499
event=heartbeat H=20 col=15 elapsed_s=1784 processed=4961507328 rate_per_s=2781094 steals=1499
event=heartbeat H=20 col=15 elapsed_s=1801 processed=5068659712 rate_per_s=2813838 steals=1499
event=heartbeat H=20 col=15 elapsed_s=1819 processed=5104113664 rate_per_s=2806534 steals=1500
event=kink_round H=20 col=15 round=stage19 frontier_in=432309687 map_wall_s=53.768 map_cpu_s=2347.169 merge_wall_s=20.932 merge_cpu_s=603.577 map_units=387 merge_ranges=133 map_eff_cores=43.65 merge_eff_cores=28.83
event=heartbeat H=20 col=15 elapsed_s=1836 processed=5104113664 rate_per_s=2780049 steals=1521
event=fastmap_fallback H=20 col=15 stage=finalize
event=heartbeat H=20 col=15 elapsed_s=1853 processed=5104113664 rate_per_s=2754075 steals=1521
event=heartbeat H=20 col=15 elapsed_s=1871 processed=5104113664 rate_per_s=2728575 steals=1521
event=heartbeat H=20 col=15 elapsed_s=1888 processed=5104113664 rate_per_s=2703536 steals=1547
event=kink_round H=20 col=15 round=finalize frontier_in=430400201 map_wall_s=36.424 map_cpu_s=1413.927 merge_wall_s=15.171 merge_cpu_s=339.549 map_units=384 merge_ranges=123 map_eff_cores=38.82 merge_eff_cores=22.38
event=column H=20 col=15 frontier_in=120825665 frontier_out=117756998 wall_s=1890.70 cum_wall_s=34300.8 cpu_s=64764.3 rss_max_mb=1120.2 map_wall_s=1115.29 map_cpu_s=48424.4 merge_wall_s=709.64 merge_cpu_s=16339.8 map_units=14193 merge_ranges=4929 eff_cores=34.25
event=kink_round H=20 col=16 round=seed frontier_in=117756998 map_wall_s=7.251 map_cpu_s=274.735 merge_wall_s=0.000 merge_cpu_s=0.000 map_units=384 merge_ranges=0 map_eff_cores=37.89 merge_eff_cores=0.00
event=heartbeat H=20 col=16 elapsed_s=17 processed=373760 rate_per_s=21578 steals=0
event=kink_round H=20 col=16 round=stage0 frontier_in=117756998 map_wall_s=12.139 map_cpu_s=455.318 merge_wall_s=9.945 merge_cpu_s=308.217 map_units=448 merge_ranges=127 map_eff_cores=37.51 merge_eff_cores=30.99
event=heartbeat H=20 col=16 elapsed_s=35 processed=555008 rate_per_s=16021 steals=70
event=heartbeat H=20 col=16 elapsed_s=52 processed=916480 rate_per_s=17637 steals=131
event=kink_round H=20 col=16 round=stage1 frontier_in=188559781 map_wall_s=17.106 map_cpu_s=690.822 merge_wall_s=15.446 merge_cpu_s=476.170 map_units=475 merge_ranges=117 map_eff_cores=40.39 merge_eff_cores=30.83
event=fastmap_fallback H=20 col=16 stage=2
event=heartbeat H=20 col=16 elapsed_s=69 processed=965632 rate_per_s=13937 steals=155
event=heartbeat H=20 col=16 elapsed_s=87 processed=123253760 rate_per_s=1423205 steals=155
event=heartbeat H=20 col=16 elapsed_s=104 processed=233975808 rate_per_s=2251424 steals=155
event=heartbeat H=20 col=16 elapsed_s=121 processed=234051584 rate_per_s=1930414 steals=202
event=kink_round H=20 col=16 round=stage2 frontier_in=304706621 map_wall_s=43.574 map_cpu_s=1891.173 merge_wall_s=28.663 merge_cpu_s=670.398 map_units=450 merge_ranges=275 map_eff_cores=43.40 merge_eff_cores=23.39
event=heartbeat H=20 col=16 elapsed_s=139 processed=234051584 rate_per_s=1689066 steals=246
event=fastmap_fallback H=20 col=16 stage=3
event=heartbeat H=20 col=16 elapsed_s=156 processed=308943872 rate_per_s=1981873 steals=246
event=heartbeat H=20 col=16 elapsed_s=173 processed=416688128 rate_per_s=2405739 steals=246
event=heartbeat H=20 col=16 elapsed_s=191 processed=516604928 rate_per_s=2711470 steals=273
event=heartbeat H=20 col=16 elapsed_s=208 processed=516654080 rate_per_s=2485750 steals=274
event=heartbeat H=20 col=16 elapsed_s=225 processed=516654080 rate_per_s=2294519 steals=331
event=kink_round H=20 col=16 round=stage3 frontier_in=357410177 map_wall_s=52.125 map_cpu_s=2263.847 merge_wall_s=35.307 merge_cpu_s=824.218 map_units=943 merge_ranges=309 map_eff_cores=43.43 merge_eff_cores=23.34
event=fastmap_fallback H=20 col=16 stage=4
event=heartbeat H=20 col=16 elapsed_s=242 processed=579361792 rate_per_s=2389244 steals=331
event=heartbeat H=20 col=16 elapsed_s=260 processed=679992320 rate_per_s=2617287 steals=331
event=heartbeat H=20 col=16 elapsed_s=277 processed=776099840 rate_per_s=2800504 steals=331
event=heartbeat H=20 col=16 elapsed_s=294 processed=797851648 rate_per_s=2709637 steals=364
event=heartbeat H=20 col=16 elapsed_s=312 processed=797851648 rate_per_s=2559110 steals=383
event=kink_round H=20 col=16 round=stage4 frontier_in=386939076 map_wall_s=53.059 map_cpu_s=2335.425 merge_wall_s=38.972 merge_cpu_s=855.387 map_units=864 merge_ranges=248 map_eff_cores=44.02 merge_eff_cores=21.95
event=fastmap_fallback H=20 col=16 stage=5
event=heartbeat H=20 col=16 elapsed_s=329 processed=797900800 rate_per_s=2424564 steals=412
event=heartbeat H=20 col=16 elapsed_s=346 processed=909963264 rate_per_s=2626835 steals=412
event=heartbeat H=20 col=16 elapsed_s=364 processed=1007838208 rate_per_s=2770828 steals=412
event=heartbeat H=20 col=16 elapsed_s=381 processed=1080820736 rate_per_s=2836403 steals=450
event=heartbeat H=20 col=16 elapsed_s=398 processed=1080820736 rate_per_s=2713089 steals=450
event=kink_round H=20 col=16 round=stage5 frontier_in=401414279 map_wall_s=53.886 map_cpu_s=2347.109 merge_wall_s=37.328 merge_cpu_s=830.735 map_units=1100 merge_ranges=238 map_eff_cores=43.56 merge_eff_cores=22.25
event=heartbeat H=20 col=16 elapsed_s=416 processed=1080820736 rate_per_s=2600026 steals=503
event=fastmap_fallback H=20 col=16 stage=6
event=heartbeat H=20 col=16 elapsed_s=433 processed=1152560128 rate_per_s=2661718 steals=503
event=heartbeat H=20 col=16 elapsed_s=450 processed=1239862272 rate_per_s=2753206 steals=503
event=heartbeat H=20 col=16 elapsed_s=468 processed=1340151808 rate_per_s=2865690 steals=503
event=heartbeat H=20 col=16 elapsed_s=485 processed=1361807360 rate_per_s=2807994 steals=558
event=heartbeat H=20 col=16 elapsed_s=502 processed=1361807360 rate_per_s=2711170 steals=560
event=kink_round H=20 col=16 round=stage6 frontier_in=408108452 map_wall_s=55.416 map_cpu_s=2376.959 merge_wall_s=41.901 merge_cpu_s=932.582 map_units=1085 merge_ranges=263 map_eff_cores=42.89 merge_eff_cores=22.26
event=heartbeat H=20 col=16 elapsed_s=520 processed=1361807360 rate_per_s=2620765 steals=611
event=fastmap_fallback H=20 col=16 stage=7
event=heartbeat H=20 col=16 elapsed_s=537 processed=1434385408 rate_per_s=2671427 steals=611
event=heartbeat H=20 col=16 elapsed_s=554 processed=1543225344 rate_per_s=2784315 steals=611
event=heartbeat H=20 col=16 elapsed_s=572 processed=1641366528 rate_per_s=2871642 steals=615
event=heartbeat H=20 col=16 elapsed_s=589 processed=1648719872 rate_per_s=2799671 steals=685
event=heartbeat H=20 col=16 elapsed_s=606 processed=1648719872 rate_per_s=2719676 steals=736
event=kink_round H=20 col=16 round=stage7 frontier_in=411244059 map_wall_s=55.430 map_cpu_s=2453.982 merge_wall_s=33.876 merge_cpu_s=795.814 map_units=1295 merge_ranges=236 map_eff_cores=44.27 merge_eff_cores=23.49
event=fastmap_fallback H=20 col=16 stage=8
event=heartbeat H=20 col=16 elapsed_s=624 processed=1684705280 rate_per_s=2701844 steals=736
event=heartbeat H=20 col=16 elapsed_s=641 processed=1793106944 rate_per_s=2797970 steals=736
event=heartbeat H=20 col=16 elapsed_s=658 processed=1900233728 rate_per_s=2887103 steals=736
event=heartbeat H=20 col=16 elapsed_s=676 processed=1935273984 rate_per_s=2864944 steals=771
event=heartbeat H=20 col=16 elapsed_s=693 processed=1935273984 rate_per_s=2793326 steals=773
event=kink_round H=20 col=16 round=stage8 frontier_in=412976449 map_wall_s=57.107 map_cpu_s=2476.573 merge_wall_s=36.024 merge_cpu_s=844.054 map_units=740 merge_ranges=225 map_eff_cores=43.37 merge_eff_cores=23.43
event=heartbeat H=20 col=16 elapsed_s=710 processed=1935273984 rate_per_s=2725166 steals=820
event=fastmap_fallback H=20 col=16 stage=9
event=heartbeat H=20 col=16 elapsed_s=727 processed=2008546304 rate_per_s=2761034 steals=820
event=heartbeat H=20 col=16 elapsed_s=745 processed=2116175872 rate_per_s=2841336 steals=820
event=heartbeat H=20 col=16 elapsed_s=762 processed=2212700160 rate_per_s=2903413 steals=821
event=heartbeat H=20 col=16 elapsed_s=779 processed=2221684736 rate_per_s=2850421 steals=841
event=kink_round H=20 col=16 round=stage9 frontier_in=413969700 map_wall_s=57.614 map_cpu_s=2558.042 merge_wall_s=30.434 merge_cpu_s=721.633 map_units=573 merge_ranges=250 map_eff_cores=44.40 merge_eff_cores=23.71
event=heartbeat H=20 col=16 elapsed_s=797 processed=2221684736 rate_per_s=2788441 steals=888
event=fastmap_fallback H=20 col=16 stage=10
event=heartbeat H=20 col=16 elapsed_s=814 processed=2293496832 rate_per_s=2817339 steals=888
event=heartbeat H=20 col=16 elapsed_s=831 processed=2368866304 rate_per_s=2849302 steals=888
event=heartbeat H=20 col=16 elapsed_s=849 processed=2473749504 rate_per_s=2914732 steals=888
event=heartbeat H=20 col=16 elapsed_s=866 processed=2507746304 rate_per_s=2895692 steals=894
event=heartbeat H=20 col=16 elapsed_s=883 processed=2507746304 rate_per_s=2838916 steals=929
event=kink_round H=20 col=16 round=stage10 frontier_in=414708216 map_wall_s=57.426 map_cpu_s=2538.855 merge_wall_s=36.380 merge_cpu_s=790.575 map_units=453 merge_ranges=254 map_eff_cores=44.21 merge_eff_cores=21.73
event=fastmap_fallback H=20 col=16 stage=11
event=heartbeat H=20 col=16 elapsed_s=901 processed=2507795456 rate_per_s=2784377 steals=944
event=heartbeat H=20 col=16 elapsed_s=918 processed=2615574528 rate_per_s=2849247 steals=944
event=heartbeat H=20 col=16 elapsed_s=935 processed=2722906112 rate_per_s=2911240 steals=944
event=heartbeat H=20 col=16 elapsed_s=953 processed=2794338304 rate_per_s=2933292 steals=1005
event=heartbeat H=20 col=16 elapsed_s=970 processed=2794338304 rate_per_s=2880913 steals=1006
event=kink_round H=20 col=16 round=stage11 frontier_in=415136092 map_wall_s=55.304 map_cpu_s=2455.082 merge_wall_s=33.820 merge_cpu_s=769.681 map_units=834 merge_ranges=290 map_eff_cores=44.39 merge_eff_cores=22.76
event=heartbeat H=20 col=16 elapsed_s=987 processed=2794338304 rate_per_s=2830356 steals=1060
event=fastmap_fallback H=20 col=16 stage=12
event=heartbeat H=20 col=16 elapsed_s=1005 processed=2866310144 rate_per_s=2853213 steals=1060
event=heartbeat H=20 col=16 elapsed_s=1022 processed=2973804544 rate_per_s=2910043 steals=1060
event=heartbeat H=20 col=16 elapsed_s=1039 processed=3047611392 rate_per_s=2932562 steals=1060
event=heartbeat H=20 col=16 elapsed_s=1057 processed=3080924160 rate_per_s=2916018 steals=1080
event=heartbeat H=20 col=16 elapsed_s=1074 processed=3080924160 rate_per_s=2868979 steals=1134
event=kink_round H=20 col=16 round=stage12 frontier_in=415542957 map_wall_s=54.924 map_cpu_s=2448.885 merge_wall_s=30.100 merge_cpu_s=716.743 map_units=529 merge_ranges=297 map_eff_cores=44.59 merge_eff_cores=23.81
event=fastmap_fallback H=20 col=16 stage=13
event=heartbeat H=20 col=16 elapsed_s=1091 processed=3152881664 rate_per_s=2889392 steals=1134
event=heartbeat H=20 col=16 elapsed_s=1109 processed=3260483584 rate_per_s=2941313 steals=1134
event=heartbeat H=20 col=16 elapsed_s=1126 processed=3334265856 rate_per_s=2961597 steals=1134
event=heartbeat H=20 col=16 elapsed_s=1143 processed=3367533568 rate_per_s=2945825 steals=1160
event=heartbeat H=20 col=16 elapsed_s=1160 processed=3367533568 rate_per_s=2901858 steals=1203
event=kink_round H=20 col=16 round=stage13 frontier_in=415879617 map_wall_s=54.608 map_cpu_s=2412.213 merge_wall_s=38.484 merge_cpu_s=800.985 map_units=487 merge_ranges=226 map_eff_cores=44.17 merge_eff_cores=20.81
event=fastmap_fallback H=20 col=16 stage=14
event=heartbeat H=20 col=16 elapsed_s=1178 processed=3367582720 rate_per_s=2859226 steals=1208
event=heartbeat H=20 col=16 elapsed_s=1195 processed=3475501056 rate_per_s=2908089 steals=1208
event=heartbeat H=20 col=16 elapsed_s=1212 processed=3584000000 rate_per_s=2956032 steals=1208
event=heartbeat H=20 col=16 elapsed_s=1230 processed=3653644288 rate_per_s=2971031 steals=1225
event=heartbeat H=20 col=16 elapsed_s=1247 processed=3653644288 rate_per_s=2929766 steals=1272
event=kink_round H=20 col=16 round=stage14 frontier_in=416179796 map_wall_s=54.883 map_cpu_s=2386.060 merge_wall_s=28.914 merge_cpu_s=659.538 map_units=439 merge_ranges=240 map_eff_cores=43.48 merge_eff_cores=22.81
event=fastmap_fallback H=20 col=16 stage=15
event=heartbeat H=20 col=16 elapsed_s=1264 processed=3653693440 rate_per_s=2889670 steals=1276
event=heartbeat H=20 col=16 elapsed_s=1282 processed=3761655808 rate_per_s=2934855 steals=1276
event=heartbeat H=20 col=16 elapsed_s=1299 processed=3870269440 rate_per_s=2979334 steals=1276
event=heartbeat H=20 col=16 elapsed_s=1316 processed=3940038656 rate_per_s=2993130 steals=1302
event=heartbeat H=20 col=16 elapsed_s=1334 processed=3940038656 rate_per_s=2954261 steals=1302
event=heartbeat H=20 col=16 elapsed_s=1351 processed=3940038656 rate_per_s=2916385 steals=1347
event=kink_round H=20 col=16 round=stage15 frontier_in=416614981 map_wall_s=53.480 map_cpu_s=2343.810 merge_wall_s=38.335 merge_cpu_s=819.065 map_units=547 merge_ranges=310 map_eff_cores=43.83 merge_eff_cores=21.37
event=fastmap_fallback H=20 col=16 stage=16
event=heartbeat H=20 col=16 elapsed_s=1368 processed=3998628864 rate_per_s=2922289 steals=1347
event=heartbeat H=20 col=16 elapsed_s=1386 processed=4087942144 rate_per_s=2950218 steals=1347
event=heartbeat H=20 col=16 elapsed_s=1403 processed=4193098752 rate_per_s=2988748 steals=1348
event=heartbeat H=20 col=16 elapsed_s=1420 processed=4226349056 rate_per_s=2975710 steals=1364
event=kink_round H=20 col=16 round=stage16 frontier_in=416987781 map_wall_s=52.867 map_cpu_s=2299.421 merge_wall_s=22.227 merge_cpu_s=612.955 map_units=457 merge_ranges=274 map_eff_cores=43.49 merge_eff_cores=27.58
event=fastmap_fallback H=20 col=16 stage=17
event=heartbeat H=20 col=16 elapsed_s=1438 processed=4226398208 rate_per_s=2939892 steals=1398
event=heartbeat H=20 col=16 elapsed_s=1455 processed=4334503936 rate_per_s=2979197 steals=1398
event=heartbeat H=20 col=16 elapsed_s=1472 processed=4442833920 rate_per_s=3017729 steals=1398
event=heartbeat H=20 col=16 elapsed_s=1490 processed=4511816704 rate_per_s=3028951 steals=1418
event=kink_round H=20 col=16 round=stage17 frontier_in=417935994 map_wall_s=51.198 map_cpu_s=2254.103 merge_wall_s=21.049 merge_cpu_s=581.736 map_units=521 merge_ranges=161 map_eff_cores=44.03 merge_eff_cores=27.64
event=heartbeat H=20 col=16 elapsed_s=1507 processed=4511816704 rate_per_s=2994130 steals=1441
event=fastmap_fallback H=20 col=16 stage=18
event=heartbeat H=20 col=16 elapsed_s=1524 processed=4583944192 rate_per_s=3007433 steals=1441
event=heartbeat H=20 col=16 elapsed_s=1542 processed=4692435968 rate_per_s=3044021 steals=1441
event=heartbeat H=20 col=16 elapsed_s=1559 processed=4798612480 rate_per_s=3078309 steals=1460
event=heartbeat H=20 col=16 elapsed_s=1576 processed=4798647296 rate_per_s=3044504 steals=1486
event=kink_round H=20 col=16 round=stage18 frontier_in=415601722 map_wall_s=51.075 map_cpu_s=2225.542 merge_wall_s=20.819 merge_cpu_s=572.252 map_units=497 merge_ranges=114 map_eff_cores=43.57 merge_eff_cores=27.49
event=fastmap_fallback H=20 col=16 stage=19
event=heartbeat H=20 col=16 elapsed_s=1593 processed=4834743296 rate_per_s=3034063 steals=1486
event=heartbeat H=20 col=16 elapsed_s=1611 processed=4942700544 rate_per_s=3068461 steals=1486
event=heartbeat H=20 col=16 elapsed_s=1628 processed=5050182656 rate_per_s=3101834 steals=1486
event=heartbeat H=20 col=16 elapsed_s=1645 processed=5085617152 rate_per_s=3090716 steals=1486
event=kink_round H=20 col=16 round=stage19 frontier_in=423553478 map_wall_s=50.878 map_cpu_s=2195.664 merge_wall_s=19.570 merge_cpu_s=551.966 map_units=384 merge_ranges=108 map_eff_cores=43.16 merge_eff_cores=28.20
event=fastmap_fallback H=20 col=16 stage=finalize
event=heartbeat H=20 col=16 elapsed_s=1663 processed=5085617152 rate_per_s=3058513 steals=1511
event=heartbeat H=20 col=16 elapsed_s=1680 processed=5085617152 rate_per_s=3026991 steals=1511
event=heartbeat H=20 col=16 elapsed_s=1697 processed=5085617152 rate_per_s=2996104 steals=1511
event=kink_round H=20 col=16 round=finalize frontier_in=419487866 map_wall_s=34.226 map_cpu_s=1324.715 merge_wall_s=10.769 merge_cpu_s=310.166 map_units=384 merge_ranges=117 map_eff_cores=38.71 merge_eff_cores=28.80
event=column H=20 col=16 frontier_in=117756998 frontier_out=113932363 wall_s=1704.73 cum_wall_s=36005.5 cpu_s=59453.2 rss_max_mb=1120.2 map_wall_s=1035.58 map_cpu_s=45008.3 merge_wall_s=608.36 merge_cpu_s=14444.9 map_units=13889 merge_ranges=4679 eff_cores=34.88
event=kink_round H=20 col=17 round=seed frontier_in=113932363 map_wall_s=6.886 map_cpu_s=255.938 merge_wall_s=0.000 merge_cpu_s=0.000 map_units=384 merge_ranges=0 map_eff_cores=37.17 merge_eff_cores=0.00
event=heartbeat H=20 col=17 elapsed_s=17 processed=427008 rate_per_s=24652 steals=26
event=kink_round H=20 col=17 round=stage0 frontier_in=113932363 map_wall_s=11.710 map_cpu_s=429.115 merge_wall_s=8.824 merge_cpu_s=282.042 map_units=460 merge_ranges=112 map_eff_cores=36.65 merge_eff_cores=31.96
event=heartbeat H=20 col=17 elapsed_s=35 processed=627712 rate_per_s=18120 steals=78
event=heartbeat H=20 col=17 elapsed_s=52 processed=950272 rate_per_s=18288 steals=153
event=kink_round H=20 col=17 round=stage1 frontier_in=182174406 map_wall_s=16.421 map_cpu_s=654.526 merge_wall_s=13.960 merge_cpu_s=430.966 map_units=494 merge_ranges=102 map_eff_cores=39.86 merge_eff_cores=30.87
event=fastmap_fallback H=20 col=17 stage=2
event=heartbeat H=20 col=17 elapsed_s=69 processed=36462592 rate_per_s=526286 steals=175
event=heartbeat H=20 col=17 elapsed_s=87 processed=171457536 rate_per_s=1979804 steals=175
event=heartbeat H=20 col=17 elapsed_s=104 processed=234908672 rate_per_s=2260375 steals=232
event=heartbeat H=20 col=17 elapsed_s=121 processed=234908672 rate_per_s=1937451 steals=279
event=kink_round H=20 col=17 round=stage2 frontier_in=294796188 map_wall_s=39.587 map_cpu_s=1735.895 merge_wall_s=22.123 merge_cpu_s=548.848 map_units=467 merge_ranges=172 map_eff_cores=43.85 merge_eff_cores=24.81
event=fastmap_fallback H=20 col=17 stage=3
event=heartbeat H=20 col=17 elapsed_s=139 processed=305718272 rate_per_s=2206320 steals=279
event=heartbeat H=20 col=17 elapsed_s=156 processed=419734528 rate_per_s=2692579 steals=279
event=heartbeat H=20 col=17 elapsed_s=173 processed=520130560 rate_per_s=3002956 steals=298
event=heartbeat H=20 col=17 elapsed_s=191 processed=520130560 rate_per_s=2729960 steals=302
event=kink_round H=20 col=17 round=stage3 frontier_in=346896683 map_wall_s=48.402 map_cpu_s=2089.273 merge_wall_s=30.377 merge_cpu_s=714.431 map_units=1009 merge_ranges=278 map_eff_cores=43.17 merge_eff_cores=23.52
event=heartbeat H=20 col=17 elapsed_s=208 processed=520130560 rate_per_s=2502375 steals=346
event=fastmap_fallback H=20 col=17 stage=4
event=heartbeat H=20 col=17 elapsed_s=225 processed=625889280 rate_per_s=2779664 steals=346
event=heartbeat H=20 col=17 elapsed_s=242 processed=736798720 rate_per_s=3038499 steals=346
event=heartbeat H=20 col=17 elapsed_s=260 processed=805793792 rate_per_s=3101488 steals=377
event=heartbeat H=20 col=17 elapsed_s=277 processed=805793792 rate_per_s=2907653 steals=411
event=kink_round H=20 col=17 round=stage4 frontier_in=375650927 map_wall_s=50.261 map_cpu_s=2155.785 merge_wall_s=26.902 merge_cpu_s=645.068 map_units=1120 merge_ranges=118 map_eff_cores=42.89 merge_eff_cores=23.98
event=fastmap_fallback H=20 col=17 stage=5
event=heartbeat H=20 col=17 elapsed_s=294 processed=841680896 rate_per_s=2858496 steals=411
event=heartbeat H=20 col=17 elapsed_s=312 processed=954805248 rate_per_s=3062533 steals=411
event=heartbeat H=20 col=17 elapsed_s=329 processed=1065384960 rate_per_s=3237364 steals=411
event=heartbeat H=20 col=17 elapsed_s=346 processed=1086094336 rate_per_s=3135273 steals=454
event=kink_round H=20 col=17 round=stage5 frontier_in=389691526 map_wall_s=49.884 map_cpu_s=2155.608 merge_wall_s=24.900 merge_cpu_s=659.348 map_units=1058 merge_ranges=222 map_eff_cores=43.21 merge_eff_cores=26.48
event=heartbeat H=20 col=17 elapsed_s=364 processed=1086094336 rate_per_s=2985929 steals=501
event=fastmap_fallback H=20 col=17 stage=6
event=heartbeat H=20 col=17 elapsed_s=381 processed=1186181120 rate_per_s=3112910 steals=501
event=heartbeat H=20 col=17 elapsed_s=398 processed=1290949632 rate_per_s=3240563 steals=501
event=heartbeat H=20 col=17 elapsed_s=416 processed=1369647104 rate_per_s=3294849 steals=555
event=heartbeat H=20 col=17 elapsed_s=433 processed=1369647104 rate_per_s=3163058 steals=557
event=kink_round H=20 col=17 round=stage6 frontier_in=396615027 map_wall_s=51.569 map_cpu_s=2206.742 merge_wall_s=29.766 merge_cpu_s=696.235 map_units=1149 merge_ranges=219 map_eff_cores=42.79 merge_eff_cores=23.39
event=fastmap_fallback H=20 col=17 stage=7
event=heartbeat H=20 col=17 elapsed_s=450 processed=1369696256 rate_per_s=3041510 steals=601
event=heartbeat H=20 col=17 elapsed_s=468 processed=1478021120 rate_per_s=3160495 steals=601
event=heartbeat H=20 col=17 elapsed_s=485 processed=1586529280 rate_per_s=3271361 steals=601
event=heartbeat H=20 col=17 elapsed_s=502 processed=1657521152 rate_per_s=3299896 steals=643
event=heartbeat H=20 col=17 elapsed_s=520 processed=1657521152 rate_per_s=3189898 steals=655
event=kink_round H=20 col=17 round=stage7 frontier_in=399907938 map_wall_s=51.783 map_cpu_s=2277.950 merge_wall_s=32.321 merge_cpu_s=684.490 map_units=967 merge_ranges=174 map_eff_cores=43.99 merge_eff_cores=21.18
event=fastmap_fallback H=20 col=17 stage=8
event=heartbeat H=20 col=17 elapsed_s=537 processed=1657570304 rate_per_s=3087091 steals=692
event=heartbeat H=20 col=17 elapsed_s=554 processed=1766035456 rate_per_s=3186309 steals=692
event=heartbeat H=20 col=17 elapsed_s=572 processed=1874388992 rate_per_s=3279324 steals=692
event=heartbeat H=20 col=17 elapsed_s=589 processed=1945239552 rate_per_s=3303183 steals=720
event=heartbeat H=20 col=17 elapsed_s=606 processed=1945239552 rate_per_s=3208788 steals=730
event=kink_round H=20 col=17 round=stage8 frontier_in=401684033 map_wall_s=51.795 map_cpu_s=2292.378 merge_wall_s=30.695 merge_cpu_s=717.829 map_units=836 merge_ranges=244 map_eff_cores=44.26 merge_eff_cores=23.39
event=fastmap_fallback H=20 col=17 stage=9
event=heartbeat H=20 col=17 elapsed_s=624 processed=1945288704 rate_per_s=3119749 steals=771
event=heartbeat H=20 col=17 elapsed_s=641 processed=2054366208 rate_per_s=3205643 steals=771
event=heartbeat H=20 col=17 elapsed_s=658 processed=2162148352 rate_per_s=3285042 steals=771
event=heartbeat H=20 col=17 elapsed_s=676 processed=2232771584 rate_per_s=3305358 steals=788
event=heartbeat H=20 col=17 elapsed_s=693 processed=2232771584 rate_per_s=3222726 steals=807
event=kink_round H=20 col=17 round=stage9 frontier_in=402695500 map_wall_s=54.006 map_cpu_s=2350.697 merge_wall_s=29.216 merge_cpu_s=654.610 map_units=588 merge_ranges=265 map_eff_cores=43.53 merge_eff_cores=22.41
event=fastmap_fallback H=20 col=17 stage=10
event=heartbeat H=20 col=17 elapsed_s=710 processed=2232820736 rate_per_s=3144159 steals=836
event=heartbeat H=20 col=17 elapsed_s=727 processed=2341157888 rate_per_s=3218251 steals=836
event=heartbeat H=20 col=17 elapsed_s=745 processed=2449686528 rate_per_s=3289130 steals=836
event=heartbeat H=20 col=17 elapsed_s=762 processed=2520150016 rate_per_s=3306831 steals=842
event=heartbeat H=20 col=17 elapsed_s=779 processed=2520150016 rate_per_s=3233352 steals=852
event=kink_round H=20 col=17 round=stage10 frontier_in=403311137 map_wall_s=54.253 map_cpu_s=2351.254 merge_wall_s=30.555 merge_cpu_s=660.913 map_units=412 merge_ranges=235 map_eff_cores=43.34 merge_eff_cores=21.63
event=fastmap_fallback H=20 col=17 stage=11
event=heartbeat H=20 col=17 elapsed_s=797 processed=2520199168 rate_per_s=3163088 steals=886
event=heartbeat H=20 col=17 elapsed_s=814 processed=2629490688 rate_per_s=3230076 steals=886
event=heartbeat H=20 col=17 elapsed_s=831 processed=2738002944 rate_per_s=3293304 steals=886
event=heartbeat H=20 col=17 elapsed_s=849 processed=2807778304 rate_per_s=3308305 steals=908
event=heartbeat H=20 col=17 elapsed_s=866 processed=2807778304 rate_per_s=3242141 steals=948
event=kink_round H=20 col=17 round=stage11 frontier_in=403703823 map_wall_s=52.374 map_cpu_s=2285.829 merge_wall_s=28.588 merge_cpu_s=650.068 map_units=511 merge_ranges=224 map_eff_cores=43.64 merge_eff_cores=22.74
event=fastmap_fallback H=20 col=17 stage=12
event=heartbeat H=20 col=17 elapsed_s=883 processed=2813907968 rate_per_s=3185509 steals=952
event=heartbeat H=20 col=17 elapsed_s=901 processed=2950066176 rate_per_s=3275424 steals=952
event=heartbeat H=20 col=17 elapsed_s=918 processed=3030224896 rate_per_s=3300943 steals=952
event=heartbeat H=20 col=17 elapsed_s=935 processed=3095498752 rate_per_s=3309601 steals=967
event=heartbeat H=20 col=17 elapsed_s=953 processed=3095498752 rate_per_s=3249423 steals=1000
event=kink_round H=20 col=17 round=stage12 frontier_in=403940688 map_wall_s=51.896 map_cpu_s=2245.510 merge_wall_s=24.684 merge_cpu_s=593.520 map_units=483 merge_ranges=149 map_eff_cores=43.27 merge_eff_cores=24.04
event=fastmap_fallback H=20 col=17 stage=13
event=heartbeat H=20 col=17 elapsed_s=970 processed=3167866880 rate_per_s=3266014 steals=1000
event=heartbeat H=20 col=17 elapsed_s=987 processed=3276010496 rate_per_s=3318252 steals=1000
event=heartbeat H=20 col=17 elapsed_s=1005 processed=3383119872 rate_per_s=3367662 steals=1009
event=heartbeat H=20 col=17 elapsed_s=1022 processed=3383178240 rate_per_s=3310636 steals=1019
event=kink_round H=20 col=17 round=stage13 frontier_in=404178594 map_wall_s=50.598 map_cpu_s=2210.058 merge_wall_s=30.055 merge_cpu_s=657.071 map_units=482 merge_ranges=324 map_eff_cores=43.68 merge_eff_cores=21.86
event=heartbeat H=20 col=17 elapsed_s=1039 processed=3383178240 rate_per_s=3255449 steals=1073
event=fastmap_fallback H=20 col=17 stage=14
event=heartbeat H=20 col=17 elapsed_s=1057 processed=3457897472 rate_per_s=3272814 steals=1073
event=heartbeat H=20 col=17 elapsed_s=1074 processed=3583259648 rate_per_s=3336764 steals=1073
event=heartbeat H=20 col=17 elapsed_s=1091 processed=3670977536 rate_per_s=3364188 steals=1083
event=heartbeat H=20 col=17 elapsed_s=1109 processed=3670977536 rate_per_s=3311621 steals=1092
event=kink_round H=20 col=17 round=stage14 frontier_in=404335614 map_wall_s=49.810 map_cpu_s=2181.601 merge_wall_s=28.371 merge_cpu_s=629.688 map_units=477 merge_ranges=264 map_eff_cores=43.80 merge_eff_cores=22.20
event=fastmap_fallback H=20 col=17 stage=15
event=heartbeat H=20 col=17 elapsed_s=1126 processed=3671026688 rate_per_s=3260719 steals=1125
event=heartbeat H=20 col=17 elapsed_s=1143 processed=3781154816 rate_per_s=3307650 steals=1125
event=heartbeat H=20 col=17 elapsed_s=1160 processed=3895075840 rate_per_s=3356451 steals=1125
event=heartbeat H=20 col=17 elapsed_s=1178 processed=3958867968 rate_per_s=3361252 steals=1127
event=heartbeat H=20 col=17 elapsed_s=1195 processed=3958867968 rate_per_s=3312534 steals=1165
event=kink_round H=20 col=17 round=stage15 frontier_in=404660482 map_wall_s=49.357 map_cpu_s=2162.400 merge_wall_s=25.248 merge_cpu_s=598.219 map_units=422 merge_ranges=246 map_eff_cores=43.81 merge_eff_cores=23.69
event=fastmap_fallback H=20 col=17 stage=16
event=heartbeat H=20 col=17 elapsed_s=1212 processed=4031361024 rate_per_s=3325007 steals=1165
event=heartbeat H=20 col=17 elapsed_s=1230 processed=4141177856 rate_per_s=3367476 steals=1165
event=heartbeat H=20 col=17 elapsed_s=1247 processed=4246897664 rate_per_s=3405479 steals=1173
event=heartbeat H=20 col=17 elapsed_s=1264 processed=4246897664 rate_per_s=3358832 steals=1200
event=kink_round H=20 col=17 round=stage16 frontier_in=404929853 map_wall_s=48.242 map_cpu_s=2124.908 merge_wall_s=21.600 merge_cpu_s=556.468 map_units=460 merge_ranges=118 map_eff_cores=44.05 merge_eff_cores=25.76
event=fastmap_fallback H=20 col=17 stage=17
event=heartbeat H=20 col=17 elapsed_s=1282 processed=4283938816 rate_per_s=3342341 steals=1200
event=heartbeat H=20 col=17 elapsed_s=1299 processed=4427859968 rate_per_s=3408565 steals=1200
event=heartbeat H=20 col=17 elapsed_s=1316 processed=4534330368 rate_per_s=3444599 steals=1205
event=heartbeat H=20 col=17 elapsed_s=1334 processed=4535163904 rate_per_s=3400489 steals=1244
event=kink_round H=20 col=17 round=stage17 frontier_in=405942121 map_wall_s=46.660 map_cpu_s=2069.452 merge_wall_s=22.339 merge_cpu_s=533.544 map_units=505 merge_ranges=189 map_eff_cores=44.35 merge_eff_cores=23.88
event=fastmap_fallback H=20 col=17 stage=18
event=heartbeat H=20 col=17 elapsed_s=1351 processed=4571376640 rate_per_s=3383698 steals=1244
event=heartbeat H=20 col=17 elapsed_s=1368 processed=4681284608 rate_per_s=3421189 steals=1244
event=heartbeat H=20 col=17 elapsed_s=1386 processed=4791341056 rate_per_s=3457850 steals=1244
event=heartbeat H=20 col=17 elapsed_s=1403 processed=4823213056 rate_per_s=3437880 steals=1280
event=kink_round H=20 col=17 round=stage18 frontier_in=403840331 map_wall_s=46.044 map_cpu_s=2049.822 merge_wall_s=18.192 merge_cpu_s=524.250 map_units=504 merge_ranges=145 map_eff_cores=44.52 merge_eff_cores=28.82
event=fastmap_fallback H=20 col=17 stage=19
event=heartbeat H=20 col=17 elapsed_s=1420 processed=4859559936 rate_per_s=3421543 steals=1281
event=heartbeat H=20 col=17 elapsed_s=1438 processed=5004437504 rate_per_s=3481100 steals=1281
event=heartbeat H=20 col=17 elapsed_s=1455 processed=5111876608 rate_per_s=3513502 steals=1282
event=heartbeat H=20 col=17 elapsed_s=1472 processed=5111912448 rate_per_s=3472190 steals=1306
event=kink_round H=20 col=17 round=stage19 frontier_in=412484549 map_wall_s=46.438 map_cpu_s=2014.709 merge_wall_s=17.984 merge_cpu_s=502.074 map_units=423 merge_ranges=116 map_eff_cores=43.38 merge_eff_cores=27.92
event=fastmap_fallback H=20 col=17 stage=finalize
event=heartbeat H=20 col=17 elapsed_s=1490 processed=5111912448 rate_per_s=3431817 steals=1306
event=heartbeat H=20 col=17 elapsed_s=1507 processed=5111912448 rate_per_s=3392372 steals=1306
event=kink_round H=20 col=17 round=finalize frontier_in=405905926 map_wall_s=31.984 map_cpu_s=1241.867 merge_wall_s=11.961 merge_cpu_s=280.067 map_units=384 merge_ranges=117 map_eff_cores=38.83 merge_eff_cores=23.42
event=column H=20 col=17 frontier_in=113932363 frontier_out=109038768 wall_s=1523.41 cum_wall_s=37528.9 cpu_s=53761.1 rss_max_mb=1120.2 map_wall_s=959.96 map_cpu_s=41541.3 merge_wall_s=508.66 merge_cpu_s=12219.7 map_units=13595 merge_ranges=4033 eff_cores=35.29
event=kink_round H=20 col=18 round=seed frontier_in=109038768 map_wall_s=6.400 map_cpu_s=236.957 merge_wall_s=0.000 merge_cpu_s=0.000 map_units=384 merge_ranges=0 map_eff_cores=37.02 merge_eff_cores=0.00
event=heartbeat H=20 col=18 elapsed_s=17 processed=472064 rate_per_s=27254 steals=54
event=kink_round H=20 col=18 round=stage0 frontier_in=109038768 map_wall_s=10.969 map_cpu_s=395.345 merge_wall_s=8.324 merge_cpu_s=254.426 map_units=461 merge_ranges=109 map_eff_cores=36.04 merge_eff_cores=30.57
event=heartbeat H=20 col=18 elapsed_s=35 processed=696320 rate_per_s=20101 steals=77
event=heartbeat H=20 col=18 elapsed_s=52 processed=932864 rate_per_s=17953 steals=160
event=kink_round H=20 col=18 round=stage1 frontier_in=174101258 map_wall_s=14.880 map_cpu_s=587.058 merge_wall_s=12.132 merge_cpu_s=388.621 map_units=475 merge_ranges=109 map_eff_cores=39.45 merge_eff_cores=32.03
event=fastmap_fallback H=20 col=18 stage=2
event=heartbeat H=20 col=18 elapsed_s=69 processed=23101440 rate_per_s=333438 steals=160
event=heartbeat H=20 col=18 elapsed_s=87 processed=119531520 rate_per_s=1380225 steals=198
event=heartbeat H=20 col=18 elapsed_s=104 processed=119531520 rate_per_s=1150187 steals=207
event=kink_round H=20 col=18 round=stage2 frontier_in=282386387 map_wall_s=30.182 map_cpu_s=1267.858 merge_wall_s=27.763 merge_cpu_s=586.263 map_units=439 merge_ranges=183 map_eff_cores=42.01 merge_eff_cores=21.12
event=fastmap_fallback H=20 col=18 stage=3
event=heartbeat H=20 col=18 elapsed_s=121 processed=119580672 rate_per_s=986265 steals=241
event=heartbeat H=20 col=18 elapsed_s=139 processed=264881152 rate_per_s=1911601 steals=241
event=heartbeat H=20 col=18 elapsed_s=156 processed=372465664 rate_per_s=2389360 steals=241
event=heartbeat H=20 col=18 elapsed_s=173 processed=406056960 rate_per_s=2344360 steals=267
event=kink_round H=20 col=18 round=stage3 frontier_in=333935463 map_wall_s=45.304 map_cpu_s=1944.967 merge_wall_s=25.718 merge_cpu_s=584.085 map_units=1147 merge_ranges=173 map_eff_cores=42.93 merge_eff_cores=22.71
event=heartbeat H=20 col=18 elapsed_s=191 processed=406056960 rate_per_s=2131174 steals=303
event=fastmap_fallback H=20 col=18 stage=4
event=heartbeat H=20 col=18 elapsed_s=208 processed=511740928 rate_per_s=2462103 steals=303
event=heartbeat H=20 col=18 elapsed_s=225 processed=626392064 rate_per_s=2781898 steals=303
event=heartbeat H=20 col=18 elapsed_s=242 processed=694550528 rate_per_s=2864274 steals=324
event=heartbeat H=20 col=18 elapsed_s=260 processed=694550528 rate_per_s=2673310 steals=380
event=kink_round H=20 col=18 round=stage4 frontier_in=361576674 map_wall_s=46.773 map_cpu_s=1989.231 merge_wall_s=24.851 merge_cpu_s=631.548 map_units=1070 merge_ranges=259 map_eff_cores=42.53 merge_eff_cores=25.41
event=fastmap_fallback H=20 col=18 stage=5
event=heartbeat H=20 col=18 elapsed_s=277 processed=766896128 rate_per_s=2767288 steals=380
event=heartbeat H=20 col=18 elapsed_s=294 processed=888864768 rate_per_s=3018738 steals=380
event=heartbeat H=20 col=18 elapsed_s=312 processed=976218112 rate_per_s=3131210 steals=426
event=heartbeat H=20 col=18 elapsed_s=329 processed=976218112 rate_per_s=2966412 steals=465
event=kink_round H=20 col=18 round=stage5 frontier_in=375634520 map_wall_s=46.064 map_cpu_s=1977.393 merge_wall_s=25.557 merge_cpu_s=632.108 map_units=1100 merge_ranges=231 map_eff_cores=42.93 merge_eff_cores=24.73
event=fastmap_fallback H=20 col=18 stage=6
event=heartbeat H=20 col=18 elapsed_s=346 processed=1012533248 rate_per_s=2922923 steals=470
event=heartbeat H=20 col=18 elapsed_s=364 processed=1124387840 rate_per_s=3091261 steals=470
event=heartbeat H=20 col=18 elapsed_s=381 processed=1242802176 rate_per_s=3261506 steals=470
event=heartbeat H=20 col=18 elapsed_s=398 processed=1265056768 rate_per_s=3175565 steals=509
event=kink_round H=20 col=18 round=stage6 frontier_in=382531577 map_wall_s=47.717 map_cpu_s=2047.539 merge_wall_s=26.523 merge_cpu_s=634.286 map_units=1232 merge_ranges=218 map_eff_cores=42.91 merge_eff_cores=23.91
event=heartbeat H=20 col=18 elapsed_s=416 processed=1265056768 rate_per_s=3043247 steals=551
event=fastmap_fallback H=20 col=18 stage=7
event=heartbeat H=20 col=18 elapsed_s=433 processed=1374043136 rate_per_s=3173211 steals=551
event=heartbeat H=20 col=18 elapsed_s=450 processed=1485327360 rate_per_s=3298283 steals=551
event=heartbeat H=20 col=18 elapsed_s=468 processed=1554378752 rate_per_s=3323774 steals=584
event=kink_round H=20 col=18 round=stage7 frontier_in=386120365 map_wall_s=47.519 map_cpu_s=2072.293 merge_wall_s=21.709 merge_cpu_s=562.937 map_units=1042 merge_ranges=151 map_eff_cores=43.61 merge_eff_cores=25.93
event=heartbeat H=20 col=18 elapsed_s=485 processed=1554378752 rate_per_s=3205050 steals=617
event=fastmap_fallback H=20 col=18 stage=8
event=heartbeat H=20 col=18 elapsed_s=502 processed=1627163648 rate_per_s=3239454 steals=617
event=heartbeat H=20 col=18 elapsed_s=520 processed=1750793216 rate_per_s=3369399 steals=617
event=heartbeat H=20 col=18 elapsed_s=537 processed=1843153920 rate_per_s=3432723 steals=623
event=heartbeat H=20 col=18 elapsed_s=554 processed=1843153920 rate_per_s=3325450 steals=661
event=kink_round H=20 col=18 round=stage8 frontier_in=387871722 map_wall_s=49.002 map_cpu_s=2150.266 merge_wall_s=23.468 merge_cpu_s=554.591 map_units=556 merge_ranges=204 map_eff_cores=43.88 merge_eff_cores=23.63
event=fastmap_fallback H=20 col=18 stage=9
event=heartbeat H=20 col=18 elapsed_s=572 processed=1879601152 rate_per_s=3288445 steals=661
event=heartbeat H=20 col=18 elapsed_s=589 processed=1988246528 rate_per_s=3376217 steals=661
event=heartbeat H=20 col=18 elapsed_s=606 processed=2098523136 rate_per_s=3461660 steals=661
event=heartbeat H=20 col=18 elapsed_s=624 processed=2131844096 rate_per_s=3418941 steals=665
event=kink_round H=20 col=18 round=stage9 frontier_in=388896161 map_wall_s=49.810 map_cpu_s=2158.878 merge_wall_s=23.857 merge_cpu_s=553.037 map_units=479 merge_ranges=291 map_eff_cores=43.34 merge_eff_cores=23.18
event=fastmap_fallback H=20 col=18 stage=10
event=heartbeat H=20 col=18 elapsed_s=641 processed=2131893248 rate_per_s=3326597 steals=705
event=heartbeat H=20 col=18 elapsed_s=658 processed=2240982016 rate_per_s=3404816 steals=705
event=heartbeat H=20 col=18 elapsed_s=676 processed=2350104576 rate_per_s=3479057 steals=705
event=heartbeat H=20 col=18 elapsed_s=693 processed=2420710400 rate_per_s=3493990 steals=707
event=kink_round H=20 col=18 round=stage10 frontier_in=389447487 map_wall_s=49.109 map_cpu_s=2144.208 merge_wall_s=19.705 merge_cpu_s=525.247 map_units=427 merge_ranges=214 map_eff_cores=43.66 merge_eff_cores=26.66
event=heartbeat H=20 col=18 elapsed_s=710 processed=2420710400 rate_per_s=3408756 steals=745
event=fastmap_fallback H=20 col=18 stage=11
event=heartbeat H=20 col=18 elapsed_s=727 processed=2529951744 rate_per_s=3477780 steals=745
event=heartbeat H=20 col=18 elapsed_s=745 processed=2639072256 rate_per_s=3543414 steals=745
event=heartbeat H=20 col=18 elapsed_s=762 processed=2709672960 rate_per_s=3555523 steals=749
event=heartbeat H=20 col=18 elapsed_s=779 processed=2709672960 rate_per_s=3476509 steals=798
event=kink_round H=20 col=18 round=stage11 frontier_in=389611022 map_wall_s=48.802 map_cpu_s=2110.680 merge_wall_s=23.755 merge_cpu_s=545.082 map_units=443 merge_ranges=216 map_eff_cores=43.25 merge_eff_cores=22.95
event=fastmap_fallback H=20 col=18 stage=12
event=heartbeat H=20 col=18 elapsed_s=797 processed=2782542848 rate_per_s=3492392 steals=798
event=heartbeat H=20 col=18 elapsed_s=814 processed=2891376640 rate_per_s=3551777 steals=798
event=heartbeat H=20 col=18 elapsed_s=831 processed=2998765568 rate_per_s=3606951 steals=799
event=heartbeat H=20 col=18 elapsed_s=849 processed=2998765568 rate_per_s=3533339 steals=817
event=kink_round H=20 col=18 round=stage12 frontier_in=389754610 map_wall_s=48.459 map_cpu_s=2082.518 merge_wall_s=23.997 merge_cpu_s=559.313 map_units=410 merge_ranges=345 map_eff_cores=42.98 merge_eff_cores=23.31
event=fastmap_fallback H=20 col=18 stage=13
event=heartbeat H=20 col=18 elapsed_s=866 processed=3035197440 rate_per_s=3504744 steals=855
event=heartbeat H=20 col=18 elapsed_s=883 processed=3144287232 rate_per_s=3559518 steals=855
event=heartbeat H=20 col=18 elapsed_s=901 processed=3252505600 rate_per_s=3611220 steals=855
event=heartbeat H=20 col=18 elapsed_s=918 processed=3288012800 rate_per_s=3581763 steals=855
event=kink_round H=20 col=18 round=stage13 frontier_in=389737990 map_wall_s=47.636 map_cpu_s=2042.060 merge_wall_s=21.277 merge_cpu_s=533.292 map_units=384 merge_ranges=246 map_eff_cores=42.87 merge_eff_cores=25.06
event=fastmap_fallback H=20 col=18 stage=14
event=heartbeat H=20 col=18 elapsed_s=935 processed=3288061952 rate_per_s=3515483 steals=912
event=heartbeat H=20 col=18 elapsed_s=953 processed=3433591808 rate_per_s=3604333 steals=912
event=heartbeat H=20 col=18 elapsed_s=970 processed=3541878784 rate_per_s=3651614 steals=912
event=heartbeat H=20 col=18 elapsed_s=987 processed=3577445376 rate_per_s=3623574 steals=912
event=kink_round H=20 col=18 round=stage14 frontier_in=389758027 map_wall_s=47.163 map_cpu_s=2026.218 merge_wall_s=24.120 merge_cpu_s=556.892 map_units=384 merge_ranges=302 map_eff_cores=42.96 merge_eff_cores=23.09
event=heartbeat H=20 col=18 elapsed_s=1005 processed=3577445376 rate_per_s=3561086 steals=963
event=fastmap_fallback H=20 col=18 stage=15
event=heartbeat H=20 col=18 elapsed_s=1022 processed=3686960128 rate_per_s=3607908 steals=963
event=heartbeat H=20 col=18 elapsed_s=1039 processed=3795630080 rate_per_s=3652344 steals=963
event=heartbeat H=20 col=18 elapsed_s=1057 processed=3867056128 rate_per_s=3660075 steals=964
event=kink_round H=20 col=18 round=stage15 frontier_in=389884544 map_wall_s=45.561 map_cpu_s=1979.391 merge_wall_s=22.314 merge_cpu_s=528.687 map_units=389 merge_ranges=251 map_eff_cores=43.45 merge_eff_cores=23.69
event=heartbeat H=20 col=18 elapsed_s=1074 processed=3867056128 rate_per_s=3601033 steals=1002
event=fastmap_fallback H=20 col=18 stage=16
event=heartbeat H=20 col=18 elapsed_s=1091 processed=3973639168 rate_per_s=3641556 steals=1002
event=heartbeat H=20 col=18 elapsed_s=1109 processed=4085378048 rate_per_s=3685459 steals=1002
event=heartbeat H=20 col=18 elapsed_s=1126 processed=4156843008 rate_per_s=3692235 steals=1002
event=kink_round H=20 col=18 round=stage16 frontier_in=390002519 map_wall_s=45.240 map_cpu_s=1955.986 merge_wall_s=19.640 merge_cpu_s=503.292 map_units=384 merge_ranges=181 map_eff_cores=43.24 merge_eff_cores=25.63
event=heartbeat H=20 col=18 elapsed_s=1143 processed=4156843008 rate_per_s=3636281 steals=1037
event=fastmap_fallback H=20 col=18 stage=17
event=heartbeat H=20 col=18 elapsed_s=1160 processed=4266693632 rate_per_s=3676679 steals=1037
event=heartbeat H=20 col=18 elapsed_s=1178 processed=4377162752 rate_per_s=3716405 steals=1037
event=heartbeat H=20 col=18 elapsed_s=1195 processed=4447165440 rate_per_s=3721117 steals=1044
event=kink_round H=20 col=18 round=stage17 frontier_in=390869982 map_wall_s=44.610 map_cpu_s=1895.906 merge_wall_s=17.377 merge_cpu_s=471.795 map_units=413 merge_ranges=112 map_eff_cores=42.50 merge_eff_cores=27.15
event=fastmap_fallback H=20 col=18 stage=18
event=heartbeat H=20 col=18 elapsed_s=1212 processed=4447214592 rate_per_s=3667995 steals=1066
event=heartbeat H=20 col=18 elapsed_s=1230 processed=4592871424 rate_per_s=3734781 steals=1066
event=heartbeat H=20 col=18 elapsed_s=1247 processed=4720509952 rate_per_s=3785260 steals=1066
event=heartbeat H=20 col=18 elapsed_s=1264 processed=4736786432 rate_per_s=3746278 steals=1105
event=kink_round H=20 col=18 round=stage18 frontier_in=389152875 map_wall_s=43.280 map_cpu_s=1875.903 merge_wall_s=17.015 merge_cpu_s=470.591 map_units=450 merge_ranges=117 map_eff_cores=43.34 merge_eff_cores=27.66
event=fastmap_fallback H=20 col=18 stage=19
event=heartbeat H=20 col=18 elapsed_s=1282 processed=4809884672 rate_per_s=3752685 steals=1105
event=heartbeat H=20 col=18 elapsed_s=1299 processed=4924060672 rate_per_s=3790543 steals=1105
event=heartbeat H=20 col=18 elapsed_s=1316 processed=5027205120 rate_per_s=3819023 steals=1106
event=heartbeat H=20 col=18 elapsed_s=1334 processed=5027205120 rate_per_s=3769404 steals=1127
event=kink_round H=20 col=18 round=stage19 frontier_in=398488445 map_wall_s=42.281 map_cpu_s=1839.638 merge_wall_s=21.132 merge_cpu_s=450.473 map_units=424 merge_ranges=107 map_eff_cores=43.51 merge_eff_cores=21.32
event=fastmap_fallback H=20 col=18 stage=finalize
event=heartbeat H=20 col=18 elapsed_s=1351 processed=5027205120 rate_per_s=3721098 steals=1127
event=heartbeat H=20 col=18 elapsed_s=1368 processed=5027205120 rate_per_s=3673996 steals=1127
event=kink_round H=20 col=18 round=finalize frontier_in=388885688 map_wall_s=28.459 map_cpu_s=1101.017 merge_wall_s=18.884 merge_cpu_s=247.775 map_units=384 merge_ranges=122 map_eff_cores=38.69 merge_eff_cores=13.12
event=column H=20 col=18 frontier_in=109038768 frontier_out=102356490 wall_s=1385.53 cum_wall_s=38914.4 cpu_s=48655.7 rss_max_mb=1120.2 map_wall_s=885.22 map_cpu_s=37881.3 merge_wall_s=449.12 merge_cpu_s=10774.3 map_units=12877 merge_ranges=4141 eff_cores=35.12
event=kink_round H=20 col=19 round=seed frontier_in=102356490 map_wall_s=5.930 map_cpu_s=217.405 merge_wall_s=0.000 merge_cpu_s=0.000 map_units=384 merge_ranges=0 map_eff_cores=36.66 merge_eff_cores=0.00
event=heartbeat H=20 col=19 elapsed_s=17 processed=464896 rate_per_s=26840 steals=49
event=kink_round H=20 col=19 round=stage0 frontier_in=102356490 map_wall_s=9.776 map_cpu_s=355.636 merge_wall_s=7.441 merge_cpu_s=225.329 map_units=455 merge_ranges=106 map_eff_cores=36.38 merge_eff_cores=30.28
event=heartbeat H=20 col=19 elapsed_s=35 processed=817152 rate_per_s=23589 steals=72
event=kink_round H=20 col=19 round=stage1 frontier_in=163338118 map_wall_s=13.434 map_cpu_s=526.671 merge_wall_s=11.486 merge_cpu_s=345.317 map_units=476 merge_ranges=117 map_eff_cores=39.20 merge_eff_cores=30.06
event=heartbeat H=20 col=19 elapsed_s=52 processed=923648 rate_per_s=17775 steals=158
event=heartbeat H=20 col=19 elapsed_s=69 processed=1280000 rate_per_s=18475 steals=158
event=heartbeat H=20 col=19 elapsed_s=87 processed=1390592 rate_per_s=16057 steals=251
event=kink_round H=20 col=19 round=stage2 frontier_in=266096502 map_wall_s=22.672 map_cpu_s=909.885 merge_wall_s=14.164 merge_cpu_s=415.705 map_units=480 merge_ranges=101 map_eff_cores=40.13 merge_eff_cores=29.35
event=fastmap_fallback H=20 col=19 stage=3
event=heartbeat H=20 col=19 elapsed_s=104 processed=82236416 rate_per_s=791318 steals=251
event=heartbeat H=20 col=19 elapsed_s=121 processed=217947136 rate_per_s=1797594 steals=251
event=heartbeat H=20 col=19 elapsed_s=139 processed=266157056 rate_per_s=1920818 steals=278
event=kink_round H=20 col=19 round=stage3 frontier_in=316809131 map_wall_s=39.448 map_cpu_s=1690.865 merge_wall_s=18.844 merge_cpu_s=475.276 map_units=944 merge_ranges=155 map_eff_cores=42.86 merge_eff_cores=25.22
event=fastmap_fallback H=20 col=19 stage=4
event=heartbeat H=20 col=19 elapsed_s=156 processed=290135040 rate_per_s=1861211 steals=301
event=heartbeat H=20 col=19 elapsed_s=173 processed=418826240 rate_per_s=2418084 steals=301
event=heartbeat H=20 col=19 elapsed_s=191 processed=554802176 rate_per_s=2911950 steals=318
event=heartbeat H=20 col=19 elapsed_s=208 processed=556025856 rate_per_s=2675175 steals=363
event=kink_round H=20 col=19 round=stage4 frontier_in=343520922 map_wall_s=42.740 map_cpu_s=1804.676 merge_wall_s=22.513 merge_cpu_s=518.580 map_units=1068 merge_ranges=215 map_eff_cores=42.22 merge_eff_cores=23.03
event=fastmap_fallback H=20 col=19 stage=5
event=heartbeat H=20 col=19 elapsed_s=225 processed=592429056 rate_per_s=2631060 steals=363
event=heartbeat H=20 col=19 elapsed_s=242 processed=725653504 rate_per_s=2992541 steals=363
event=heartbeat H=20 col=19 elapsed_s=260 processed=842280960 rate_per_s=3241933 steals=410
event=heartbeat H=20 col=19 elapsed_s=277 processed=842280960 rate_per_s=3039317 steals=449
event=kink_round H=20 col=19 round=stage5 frontier_in=357307792 map_wall_s=42.037 map_cpu_s=1810.582 merge_wall_s=20.756 merge_cpu_s=529.658 map_units=1224 merge_ranges=207 map_eff_cores=43.07 merge_eff_cores=25.52
event=fastmap_fallback H=20 col=19 stage=6
event=heartbeat H=20 col=19 elapsed_s=294 processed=914755584 rate_per_s=3106666 steals=449
event=heartbeat H=20 col=19 elapsed_s=312 processed=1028021248 rate_per_s=3297377 steals=449
event=heartbeat H=20 col=19 elapsed_s=329 processed=1133727744 rate_per_s=3445039 steals=504
event=heartbeat H=20 col=19 elapsed_s=346 processed=1133727744 rate_per_s=3272776 steals=537
event=kink_round H=20 col=19 round=stage6 frontier_in=364521664 map_wall_s=44.408 map_cpu_s=1889.663 merge_wall_s=21.283 merge_cpu_s=541.132 map_units=1400 merge_ranges=195 map_eff_cores=42.55 merge_eff_cores=25.43
event=fastmap_fallback H=20 col=19 stage=7
event=heartbeat H=20 col=19 elapsed_s=364 processed=1207116800 rate_per_s=3318709 steals=537
event=heartbeat H=20 col=19 elapsed_s=381 processed=1326398464 rate_per_s=3480890 steals=537
event=heartbeat H=20 col=19 elapsed_s=398 processed=1424706560 rate_per_s=3576319 steals=559
event=heartbeat H=20 col=19 elapsed_s=416 processed=1424706560 rate_per_s=3427296 steals=598
event=kink_round H=20 col=19 round=stage7 frontier_in=368073383 map_wall_s=44.135 map_cpu_s=1928.070 merge_wall_s=21.860 merge_cpu_s=516.040 map_units=794 merge_ranges=278 map_eff_cores=43.69 merge_eff_cores=23.61
event=fastmap_fallback H=20 col=19 stage=8
event=heartbeat H=20 col=19 elapsed_s=433 processed=1498074112 rate_per_s=3459650 steals=598
event=heartbeat H=20 col=19 elapsed_s=450 processed=1628712960 rate_per_s=3616676 steals=598
event=heartbeat H=20 col=19 elapsed_s=468 processed=1715471360 rate_per_s=3668249 steals=603
event=kink_round H=20 col=19 round=stage8 frontier_in=370131523 map_wall_s=45.059 map_cpu_s=1955.622 merge_wall_s=19.830 merge_cpu_s=471.527 map_units=550 merge_ranges=155 map_eff_cores=43.40 merge_eff_cores=23.78
event=heartbeat H=20 col=19 elapsed_s=485 processed=1715471360 rate_per_s=3537241 steals=626
event=fastmap_fallback H=20 col=19 stage=9
event=heartbeat H=20 col=19 elapsed_s=502 processed=1822534656 rate_per_s=3628414 steals=626
event=heartbeat H=20 col=19 elapsed_s=520 processed=1935419392 rate_per_s=3724711 steals=626
event=heartbeat H=20 col=19 elapsed_s=537 processed=2006302720 rate_per_s=3736572 steals=628
event=kink_round H=20 col=19 round=stage9 frontier_in=371183001 map_wall_s=45.086 map_cpu_s=1954.269 merge_wall_s=20.966 merge_cpu_s=493.122 map_units=435 merge_ranges=324 map_eff_cores=43.35 merge_eff_cores=23.52
event=heartbeat H=20 col=19 elapsed_s=554 processed=2006302720 rate_per_s=3619778 steals=667
event=fastmap_fallback H=20 col=19 stage=10
event=heartbeat H=20 col=19 elapsed_s=572 processed=2114998272 rate_per_s=3700280 steals=667
event=heartbeat H=20 col=19 elapsed_s=589 processed=2225645568 rate_per_s=3779339 steals=667
event=heartbeat H=20 col=19 elapsed_s=606 processed=2297208832 rate_per_s=3789407 steals=668
event=kink_round H=20 col=19 round=stage10 frontier_in=371786980 map_wall_s=45.949 map_cpu_s=1945.817 merge_wall_s=20.885 merge_cpu_s=473.847 map_units=390 merge_ranges=183 map_eff_cores=42.35 merge_eff_cores=22.69
event=heartbeat H=20 col=19 elapsed_s=624 processed=2297208832 rate_per_s=3684115 steals=703
event=fastmap_fallback H=20 col=19 stage=11
event=heartbeat H=20 col=19 elapsed_s=641 processed=2407500800 rate_per_s=3756676 steals=703
event=heartbeat H=20 col=19 elapsed_s=658 processed=2516732928 rate_per_s=3823775 steals=703
event=heartbeat H=20 col=19 elapsed_s=676 processed=2588385280 rate_per_s=3831803 steals=705
event=kink_round H=20 col=19 round=stage11 frontier_in=371972708 map_wall_s=43.694 map_cpu_s=1906.811 merge_wall_s=22.388 merge_cpu_s=482.069 map_units=462 merge_ranges=169 map_eff_cores=43.64 merge_eff_cores=21.53
event=heartbeat H=20 col=19 elapsed_s=693 processed=2588385280 rate_per_s=3735975 steals=739
event=fastmap_fallback H=20 col=19 stage=12
event=heartbeat H=20 col=19 elapsed_s=710 processed=2698787840 rate_per_s=3800353 steals=739
event=heartbeat H=20 col=19 elapsed_s=727 processed=2841020416 rate_per_s=3905389 steals=739
event=heartbeat H=20 col=19 elapsed_s=745 processed=2879655936 rate_per_s=3866437 steals=739
event=kink_round H=20 col=19 round=stage12 frontier_in=371937669 map_wall_s=43.559 map_cpu_s=1877.834 merge_wall_s=18.065 merge_cpu_s=450.438 map_units=384 merge_ranges=114 map_eff_cores=43.11 merge_eff_cores=24.93
event=fastmap_fallback H=20 col=19 stage=13
event=heartbeat H=20 col=19 elapsed_s=762 processed=2879705088 rate_per_s=3778621 steals=766
event=heartbeat H=20 col=19 elapsed_s=779 processed=3026560000 rate_per_s=3883077 steals=766
event=heartbeat H=20 col=19 elapsed_s=797 processed=3167419392 rate_per_s=3975454 steals=766
event=heartbeat H=20 col=19 elapsed_s=814 processed=3171102720 rate_per_s=3895397 steals=799
event=kink_round H=20 col=19 round=stage13 frontier_in=371771078 map_wall_s=43.068 map_cpu_s=1850.229 merge_wall_s=20.312 merge_cpu_s=463.354 map_units=384 merge_ranges=219 map_eff_cores=42.96 merge_eff_cores=22.81
event=fastmap_fallback H=20 col=19 stage=14
event=heartbeat H=20 col=19 elapsed_s=831 processed=3207986176 rate_per_s=3858603 steals=800
event=heartbeat H=20 col=19 elapsed_s=849 processed=3354721280 rate_per_s=3952750 steals=800
event=heartbeat H=20 col=19 elapsed_s=866 processed=3462730752 rate_per_s=3998417 steals=800
event=heartbeat H=20 col=19 elapsed_s=883 processed=3462730752 rate_per_s=3920016 steals=839
event=kink_round H=20 col=19 round=stage14 frontier_in=371561824 map_wall_s=42.406 map_cpu_s=1819.628 merge_wall_s=22.354 merge_cpu_s=477.155 map_units=384 merge_ranges=230 map_eff_cores=42.91 merge_eff_cores=21.35
event=fastmap_fallback H=20 col=19 stage=15
event=heartbeat H=20 col=19 elapsed_s=901 processed=3536443392 rate_per_s=3926469 steals=839
event=heartbeat H=20 col=19 elapsed_s=918 processed=3659431936 rate_per_s=3986365 steals=839
event=heartbeat H=20 col=19 elapsed_s=935 processed=3754670080 rate_per_s=4014367 steals=840
event=kink_round H=20 col=19 round=stage15 frontier_in=371456453 map_wall_s=41.231 map_cpu_s=1789.347 merge_wall_s=19.961 merge_cpu_s=457.130 map_units=430 merge_ranges=182 map_eff_cores=43.40 merge_eff_cores=22.90
event=heartbeat H=20 col=19 elapsed_s=953 processed=3754670080 rate_per_s=3941359 steals=873
event=fastmap_fallback H=20 col=19 stage=16
event=heartbeat H=20 col=19 elapsed_s=970 processed=3865397248 rate_per_s=3985153 steals=873
event=heartbeat H=20 col=19 elapsed_s=987 processed=4011082752 rate_per_s=4062804 steals=873
event=heartbeat H=20 col=19 elapsed_s=1005 processed=4046796800 rate_per_s=4028307 steals=875
event=kink_round H=20 col=19 round=stage16 frontier_in=371343357 map_wall_s=41.081 map_cpu_s=1752.674 merge_wall_s=17.797 merge_cpu_s=435.129 map_units=384 merge_ranges=149 map_eff_cores=42.66 merge_eff_cores=24.45
event=fastmap_fallback H=20 col=19 stage=17
event=heartbeat H=20 col=19 elapsed_s=1022 processed=4083727360 rate_per_s=3996168 steals=901
event=heartbeat H=20 col=19 elapsed_s=1039 processed=4230828032 rate_per_s=4071112 steals=901
event=heartbeat H=20 col=19 elapsed_s=1057 processed=4339062784 rate_per_s=4106815 steals=901
event=kink_round H=20 col=19 round=stage17 frontier_in=371841837 map_wall_s=40.736 map_cpu_s=1719.030 merge_wall_s=15.730 merge_cpu_s=418.604 map_units=384 merge_ranges=93 map_eff_cores=42.20 merge_eff_cores=26.61
event=heartbeat H=20 col=19 elapsed_s=1074 processed=4339062784 rate_per_s=4040558 steals=925
event=fastmap_fallback H=20 col=19 stage=18
event=heartbeat H=20 col=19 elapsed_s=1091 processed=4449701888 rate_per_s=4077835 steals=925
event=heartbeat H=20 col=19 elapsed_s=1109 processed=4595326976 rate_per_s=4145487 steals=925
event=heartbeat H=20 col=19 elapsed_s=1126 processed=4631015424 rate_per_s=4113410 steals=947
event=kink_round H=20 col=19 round=stage18 frontier_in=370082118 map_wall_s=39.881 map_cpu_s=1690.345 merge_wall_s=19.970 merge_cpu_s=417.640 map_units=417 merge_ranges=90 map_eff_cores=42.38 merge_eff_cores=20.91
event=heartbeat H=20 col=19 elapsed_s=1143 processed=4668153856 rate_per_s=4083575 steals=947
event=heartbeat H=20 col=19 elapsed_s=1160 processed=4815799296 rate_per_s=4149852 steals=947
event=heartbeat H=20 col=19 elapsed_s=1178 processed=4924170240 rate_per_s=4180836 steals=947
event=kink_round H=20 col=19 round=stage19 frontier_in=379797546 map_wall_s=38.941 map_cpu_s=1643.475 merge_wall_s=13.526 merge_cpu_s=398.230 map_units=384 merge_ranges=114 map_eff_cores=42.20 merge_eff_cores=29.44
event=heartbeat H=20 col=19 elapsed_s=1195 processed=4924170240 rate_per_s=4120244 steals=970
event=heartbeat H=20 col=19 elapsed_s=1212 processed=4924170240 rate_per_s=4061385 steals=970
event=kink_round H=20 col=19 round=finalize frontier_in=367165004 map_wall_s=26.304 map_cpu_s=982.892 merge_wall_s=7.305 merge_cpu_s=212.274 map_units=384 merge_ranges=118 map_eff_cores=37.37 merge_eff_cores=29.06
event=column H=20 col=19 frontier_in=102356490 frontier_out=93223201 wall_s=1225.31 cum_wall_s=40139.8 cpu_s=43239.0 rss_max_mb=1120.2 map_wall_s=801.57 map_cpu_s=34021.4 merge_wall_s=377.44 merge_cpu_s=9217.6 map_units=12597 merge_ranges=3514 eff_cores=35.29
event=kink_round H=20 col=20 round=seed frontier_in=93223201 map_wall_s=5.385 map_cpu_s=189.574 merge_wall_s=0.000 merge_cpu_s=0.000 map_units=384 merge_ranges=0 map_eff_cores=35.20 merge_eff_cores=0.00
event=heartbeat H=20 col=20 elapsed_s=17 processed=457728 rate_per_s=26425 steals=48
event=kink_round H=20 col=20 round=stage0 frontier_in=93223201 map_wall_s=8.040 map_cpu_s=290.463 merge_wall_s=6.140 merge_cpu_s=192.308 map_units=456 merge_ranges=127 map_eff_cores=36.13 merge_eff_cores=31.32
event=heartbeat H=20 col=20 elapsed_s=35 processed=893952 rate_per_s=25806 steals=109
event=kink_round H=20 col=20 round=stage1 frontier_in=148964431 map_wall_s=11.764 map_cpu_s=464.032 merge_wall_s=10.359 merge_cpu_s=298.097 map_units=439 merge_ranges=116 map_eff_cores=39.44 merge_eff_cores=28.78
event=heartbeat H=20 col=20 elapsed_s=52 processed=1073152 rate_per_s=20653 steals=132
event=heartbeat H=20 col=20 elapsed_s=69 processed=1359872 rate_per_s=19628 steals=197
event=kink_round H=20 col=20 round=stage2 frontier_in=244369869 map_wall_s=19.937 map_cpu_s=801.821 merge_wall_s=12.204 merge_cpu_s=364.396 map_units=479 merge_ranges=128 map_eff_cores=40.22 merge_eff_cores=29.86
event=heartbeat H=20 col=20 elapsed_s=87 processed=49721344 rate_per_s=574131 steals=224
event=heartbeat H=20 col=20 elapsed_s=104 processed=198339584 rate_per_s=1908521 steals=224
event=heartbeat H=20 col=20 elapsed_s=121 processed=239475712 rate_per_s=1975064 steals=273
event=kink_round H=20 col=20 round=stage3 frontier_in=293744639 map_wall_s=33.641 map_cpu_s=1442.844 merge_wall_s=13.219 merge_cpu_s=393.147 map_units=470 merge_ranges=121 map_eff_cores=42.89 merge_eff_cores=29.74
event=fastmap_fallback H=20 col=20 stage=4
event=heartbeat H=20 col=20 elapsed_s=139 processed=313884672 rate_per_s=2265258 steals=278
event=heartbeat H=20 col=20 elapsed_s=156 processed=453513216 rate_per_s=2909283 steals=278
event=heartbeat H=20 col=20 elapsed_s=173 processed=505452544 rate_per_s=2918221 steals=331
event=kink_round H=20 col=20 round=stage4 frontier_in=319196289 map_wall_s=37.013 map_cpu_s=1589.878 merge_wall_s=16.917 merge_cpu_s=421.244 map_units=1110 merge_ranges=98 map_eff_cores=42.95 merge_eff_cores=24.90
event=fastmap_fallback H=20 col=20 stage=5
event=heartbeat H=20 col=20 elapsed_s=191 processed=542277632 rate_per_s=2846208 steals=346
event=heartbeat H=20 col=20 elapsed_s=208 processed=705797120 rate_per_s=3395766 steals=346
event=heartbeat H=20 col=20 elapsed_s=225 processed=788636672 rate_per_s=3502450 steals=398
event=kink_round H=20 col=20 round=stage5 frontier_in=332751390 map_wall_s=38.067 map_cpu_s=1616.986 merge_wall_s=16.797 merge_cpu_s=429.323 map_units=1223 merge_ranges=96 map_eff_cores=42.48 merge_eff_cores=25.56
event=fastmap_fallback H=20 col=20 stage=6
event=heartbeat H=20 col=20 elapsed_s=242 processed=788685824 rate_per_s=3252465 steals=418
event=heartbeat H=20 col=20 elapsed_s=260 processed=936348672 rate_per_s=3603996 steals=418
event=heartbeat H=20 col=20 elapsed_s=277 processed=1080774656 rate_per_s=3899900 steals=438
event=heartbeat H=20 col=20 elapsed_s=294 processed=1082098688 rate_per_s=3674975 steals=475
event=kink_round H=20 col=20 round=stage6 frontier_in=339954550 map_wall_s=40.395 map_cpu_s=1725.654 merge_wall_s=16.080 merge_cpu_s=429.531 map_units=1192 merge_ranges=110 map_eff_cores=42.72 merge_eff_cores=26.71
event=fastmap_fallback H=20 col=20 stage=7
event=heartbeat H=20 col=20 elapsed_s=312 processed=1192559616 rate_per_s=3825128 steals=475
event=heartbeat H=20 col=20 elapsed_s=329 processed=1330989056 rate_per_s=4044448 steals=475
event=heartbeat H=20 col=20 elapsed_s=346 processed=1375282176 rate_per_s=3970087 steals=489
event=kink_round H=20 col=20 round=stage7 frontier_in=344020875 map_wall_s=39.696 map_cpu_s=1730.438 merge_wall_s=16.521 merge_cpu_s=421.533 map_units=663 merge_ranges=149 map_eff_cores=43.59 merge_eff_cores=25.51
event=fastmap_fallback H=20 col=20 stage=8
event=heartbeat H=20 col=20 elapsed_s=364 processed=1412489216 rate_per_s=3883331 steals=507
event=heartbeat H=20 col=20 elapsed_s=381 processed=1560040448 rate_per_s=4094040 steals=507
event=heartbeat H=20 col=20 elapsed_s=398 processed=1668560896 rate_per_s=4188436 steals=512
event=kink_round H=20 col=20 round=stage8 frontier_in=346265174 map_wall_s=40.884 map_cpu_s=1746.625 merge_wall_s=16.949 merge_cpu_s=409.116 map_units=555 merge_ranges=107 map_eff_cores=42.72 merge_eff_cores=24.14
event=heartbeat H=20 col=20 elapsed_s=416 processed=1668560896 rate_per_s=4013903 steals=533
event=fastmap_fallback H=20 col=20 stage=9
event=heartbeat H=20 col=20 elapsed_s=433 processed=1779951616 rate_per_s=4110613 steals=533
event=heartbeat H=20 col=20 elapsed_s=450 processed=1926200320 rate_per_s=4277272 steals=533
event=heartbeat H=20 col=20 elapsed_s=468 processed=1961911296 rate_per_s=4195222 steals=556
event=kink_round H=20 col=20 round=stage9 frontier_in=347715838 map_wall_s=40.195 map_cpu_s=1752.075 merge_wall_s=17.588 merge_cpu_s=404.502 map_units=474 merge_ranges=106 map_eff_cores=43.59 merge_eff_cores=23.00
event=fastmap_fallback H=20 col=20 stage=10
event=heartbeat H=20 col=20 elapsed_s=485 processed=2015448064 rate_per_s=4155779 steals=556
event=heartbeat H=20 col=20 elapsed_s=502 processed=2153886720 rate_per_s=4288090 steals=556
event=heartbeat H=20 col=20 elapsed_s=520 processed=2255511552 rate_per_s=4340728 steals=557
event=kink_round H=20 col=20 round=stage10 frontier_in=348455202 map_wall_s=40.376 map_cpu_s=1736.592 merge_wall_s=17.286 merge_cpu_s=400.305 map_units=430 merge_ranges=111 map_eff_cores=43.01 merge_eff_cores=23.16
event=heartbeat H=20 col=20 elapsed_s=537 processed=2255511552 rate_per_s=4200703 steals=580
event=fastmap_fallback H=20 col=20 stage=11
event=heartbeat H=20 col=20 elapsed_s=554 processed=2403876864 rate_per_s=4337118 steals=580
event=heartbeat H=20 col=20 elapsed_s=572 processed=2545715200 rate_per_s=4453840 steals=580
event=heartbeat H=20 col=20 elapsed_s=589 processed=2549442560 rate_per_s=4329162 steals=604
event=kink_round H=20 col=20 round=stage11 frontier_in=348863651 map_wall_s=39.521 map_cpu_s=1694.703 merge_wall_s=16.163 merge_cpu_s=397.742 map_units=432 merge_ranges=117 map_eff_cores=42.88 merge_eff_cores=24.61
event=fastmap_fallback H=20 col=20 stage=12
event=heartbeat H=20 col=20 elapsed_s=606 processed=2639496192 rate_per_s=4354038 steals=604
event=heartbeat H=20 col=20 elapsed_s=624 processed=2804797440 rate_per_s=4498189 steals=604
event=heartbeat H=20 col=20 elapsed_s=641 processed=2843613184 rate_per_s=4437118 steals=614
event=kink_round H=20 col=20 round=stage12 frontier_in=348855949 map_wall_s=38.573 map_cpu_s=1653.562 merge_wall_s=19.118 merge_cpu_s=394.774 map_units=432 merge_ranges=113 map_eff_cores=42.87 merge_eff_cores=20.65
event=fastmap_fallback H=20 col=20 stage=13
event=heartbeat H=20 col=20 elapsed_s=658 processed=2880893952 rate_per_s=4377065 steals=629
event=heartbeat H=20 col=20 elapsed_s=675 processed=3029201920 rate_per_s=4484385 steals=629
event=heartbeat H=20 col=20 elapsed_s=693 processed=3137966080 rate_per_s=4529260 steals=629
event=heartbeat H=20 col=20 elapsed_s=710 processed=3137966080 rate_per_s=4418749 steals=653
event=kink_round H=20 col=20 round=stage13 frontier_in=348715226 map_wall_s=37.900 map_cpu_s=1629.308 merge_wall_s=20.140 merge_cpu_s=391.693 map_units=384 merge_ranges=122 map_eff_cores=42.99 merge_eff_cores=19.45
event=fastmap_fallback H=20 col=20 stage=14
event=heartbeat H=20 col=20 elapsed_s=727 processed=3249887232 rate_per_s=4467431 steals=653
event=heartbeat H=20 col=20 elapsed_s=745 processed=3396851712 rate_per_s=4560863 steals=653
event=heartbeat H=20 col=20 elapsed_s=762 processed=3432674304 rate_per_s=4504213 steals=677
event=kink_round H=20 col=20 round=stage14 frontier_in=348380370 map_wall_s=37.006 map_cpu_s=1600.784 merge_wall_s=18.868 merge_cpu_s=391.137 map_units=431 merge_ranges=119 map_eff_cores=43.26 merge_eff_cores=20.73
event=fastmap_fallback H=20 col=20 stage=15
event=heartbeat H=20 col=20 elapsed_s=779 processed=3470084096 rate_per_s=4452110 steals=677
event=heartbeat H=20 col=20 elapsed_s=797 processed=3655297024 rate_per_s=4587791 steals=677
event=heartbeat H=20 col=20 elapsed_s=814 processed=3727537152 rate_per_s=4578918 steals=677
event=kink_round H=20 col=20 round=stage15 frontier_in=348011011 map_wall_s=37.231 map_cpu_s=1582.137 merge_wall_s=14.367 merge_cpu_s=387.053 map_units=384 merge_ranges=126 map_eff_cores=42.49 merge_eff_cores=26.94
event=fastmap_fallback H=20 col=20 stage=16
event=heartbeat H=20 col=20 elapsed_s=831 processed=3764968448 rate_per_s=4528551 steals=700
event=heartbeat H=20 col=20 elapsed_s=849 processed=3915186176 rate_per_s=4613124 steals=700
event=heartbeat H=20 col=20 elapsed_s=866 processed=4022728704 rate_per_s=4645042 steals=701
event=kink_round H=20 col=20 round=stage16 frontier_in=347588601 map_wall_s=36.269 map_cpu_s=1551.783 merge_wall_s=15.508 merge_cpu_s=380.835 map_units=432 merge_ranges=114 map_eff_cores=42.78 merge_eff_cores=24.56
event=heartbeat H=20 col=20 elapsed_s=883 processed=4043865088 rate_per_s=4577890 steals=726
event=heartbeat H=20 col=20 elapsed_s=901 processed=4209057792 rate_per_s=4673267 steals=726
event=heartbeat H=20 col=20 elapsed_s=918 processed=4318118912 rate_per_s=4703896 steals=727
event=kink_round H=20 col=20 round=stage17 frontier_in=347718236 map_wall_s=35.397 map_cpu_s=1508.922 merge_wall_s=12.074 merge_cpu_s=369.136 map_units=430 merge_ranges=118 map_eff_cores=42.63 merge_eff_cores=30.57
event=heartbeat H=20 col=20 elapsed_s=935 processed=4355542016 rate_per_s=4656797 steals=750
event=heartbeat H=20 col=20 elapsed_s=953 processed=4540916736 rate_per_s=4766723 steals=750
event=heartbeat H=20 col=20 elapsed_s=970 processed=4613311488 rate_per_s=4756243 steals=751
event=kink_round H=20 col=20 round=stage18 frontier_in=345803189 map_wall_s=35.197 map_cpu_s=1489.637 merge_wall_s=12.344 merge_cpu_s=367.761 map_units=431 merge_ranges=108 map_eff_cores=42.32 merge_eff_cores=29.79
event=heartbeat H=20 col=20 elapsed_s=987 processed=4688377856 rate_per_s=4748831 steals=771
event=heartbeat H=20 col=20 elapsed_s=1005 processed=4874132480 rate_per_s=4851863 steals=771
event=kink_round H=20 col=20 round=stage19 frontier_in=354906272 map_wall_s=33.919 map_cpu_s=1447.973 merge_wall_s=11.091 merge_cpu_s=347.734 map_units=431 merge_ranges=114 map_eff_cores=42.69 merge_eff_cores=31.35
event=heartbeat H=20 col=20 elapsed_s=1022 processed=4910111744 rate_per_s=4804833 steals=794
event=heartbeat H=20 col=20 elapsed_s=1039 processed=4910111744 rate_per_s=4724756 steals=794
event=kink_round H=20 col=20 round=finalize frontier_in=339625888 map_wall_s=22.584 map_cpu_s=842.335 merge_wall_s=6.094 merge_cpu_s=173.514 map_units=384 merge_ranges=121 map_eff_cores=37.30 merge_eff_cores=28.47
event=column H=20 col=20 frontier_in=93223201 frontier_out=81002176 wall_s=1053.78 cum_wall_s=41193.5 cpu_s=37853.0 rss_max_mb=1120.2 map_wall_s=708.99 map_cpu_s=30088.1 merge_wall_s=305.83 merge_cpu_s=7764.9 map_units=12046 merge_ranges=2441 eff_cores=35.92
event=kink_round H=20 col=21 round=seed frontier_in=81002176 map_wall_s=4.556 map_cpu_s=160.902 merge_wall_s=0.000 merge_cpu_s=0.000 map_units=384 merge_ranges=0 map_eff_cores=35.32 merge_eff_cores=0.00
event=kink_round H=20 col=21 round=stage0 frontier_in=81002176 map_wall_s=7.125 map_cpu_s=256.015 merge_wall_s=5.608 merge_cpu_s=165.031 map_units=464 merge_ranges=126 map_eff_cores=35.93 merge_eff_cores=29.43
event=heartbeat H=20 col=21 elapsed_s=17 processed=479232 rate_per_s=27668 steals=77
event=heartbeat H=20 col=21 elapsed_s=35 processed=916480 rate_per_s=26456 steals=146
event=kink_round H=20 col=21 round=stage1 frontier_in=129991122 map_wall_s=10.114 map_cpu_s=395.811 merge_wall_s=8.145 merge_cpu_s=251.994 map_units=443 merge_ranges=142 map_eff_cores=39.14 merge_eff_cores=30.94
event=heartbeat H=20 col=21 elapsed_s=52 processed=1251328 rate_per_s=24081 steals=146
event=kink_round H=20 col=21 round=stage2 frontier_in=215435619 map_wall_s=17.791 map_cpu_s=675.256 merge_wall_s=9.844 merge_cpu_s=304.952 map_units=473 merge_ranges=108 map_eff_cores=37.95 merge_eff_cores=30.98
event=heartbeat H=20 col=21 elapsed_s=69 processed=1431552 rate_per_s=20662 steals=231
event=heartbeat H=20 col=21 elapsed_s=87 processed=1832960 rate_per_s=21165 steals=282
event=kink_round H=20 col=21 round=stage3 frontier_in=262885271 map_wall_s=21.150 map_cpu_s=836.617 merge_wall_s=11.037 merge_cpu_s=332.783 map_units=458 merge_ranges=116 map_eff_cores=39.56 merge_eff_cores=30.15
event=heartbeat H=20 col=21 elapsed_s=104 processed=1884160 rate_per_s=18130 steals=309
event=heartbeat H=20 col=21 elapsed_s=121 processed=65841152 rate_per_s=543047 steals=309
event=heartbeat H=20 col=21 elapsed_s=139 processed=102601728 rate_per_s=740459 steals=365
event=kink_round H=20 col=21 round=stage4 frontier_in=287276110 map_wall_s=26.595 map_cpu_s=1080.600 merge_wall_s=13.398 merge_cpu_s=380.838 map_units=1328 merge_ranges=165 map_eff_cores=40.63 merge_eff_cores=28.43
event=heartbeat H=20 col=21 elapsed_s=156 processed=199069696 rate_per_s=1277024 steals=365
event=heartbeat H=20 col=21 elapsed_s=173 processed=334166016 rate_per_s=1929300 steals=409
event=kink_round H=20 col=21 round=stage5 frontier_in=300205539 map_wall_s=31.147 map_cpu_s=1312.187 merge_wall_s=13.009 merge_cpu_s=374.054 map_units=1387 merge_ranges=118 map_eff_cores=42.13 merge_eff_cores=28.75
event=heartbeat H=20 col=21 elapsed_s=191 processed=334215168 rate_per_s=1754165 steals=431
event=heartbeat H=20 col=21 elapsed_s=208 processed=486920192 rate_per_s=2342685 steals=431
event=heartbeat H=20 col=21 elapsed_s=225 processed=566175744 rate_per_s=2514470 steals=467
event=kink_round H=20 col=21 round=stage6 frontier_in=307635008 map_wall_s=30.609 map_cpu_s=1310.955 merge_wall_s=12.684 merge_cpu_s=354.957 map_units=642 merge_ranges=109 map_eff_cores=42.83 merge_eff_cores=27.98
event=heartbeat H=20 col=21 elapsed_s=242 processed=630367232 rate_per_s=2599588 steals=489
event=heartbeat H=20 col=21 elapsed_s=260 processed=774489088 rate_per_s=2981006 steals=489
event=kink_round H=20 col=21 round=stage7 frontier_in=312034699 map_wall_s=32.097 map_cpu_s=1378.334 merge_wall_s=12.331 merge_cpu_s=358.138 map_units=826 merge_ranges=114 map_eff_cores=42.94 merge_eff_cores=29.04
event=heartbeat H=20 col=21 elapsed_s=277 processed=810482688 rate_per_s=2924560 steals=531
event=heartbeat H=20 col=21 elapsed_s=294 processed=919989248 rate_per_s=3124446 steals=531
event=heartbeat H=20 col=21 elapsed_s=312 processed=1064992768 rate_per_s=3415955 steals=596
event=kink_round H=20 col=21 round=stage8 frontier_in=314778124 map_wall_s=33.215 map_cpu_s=1416.250 merge_wall_s=11.805 merge_cpu_s=350.392 map_units=662 merge_ranges=109 map_eff_cores=42.64 merge_eff_cores=29.68
event=heartbeat H=20 col=21 elapsed_s=329 processed=1065041920 rate_per_s=3236311 steals=619
event=heartbeat H=20 col=21 elapsed_s=346 processed=1248875520 rate_per_s=3605190 steals=619
event=heartbeat H=20 col=21 elapsed_s=364 processed=1356295168 rate_per_s=3728841 steals=640
event=kink_round H=20 col=21 round=stage9 frontier_in=316621224 map_wall_s=35.184 map_cpu_s=1510.493 merge_wall_s=12.280 merge_cpu_s=354.365 map_units=897 merge_ranges=108 map_eff_cores=42.93 merge_eff_cores=28.86
event=heartbeat H=20 col=21 elapsed_s=381 processed=1394094080 rate_per_s=3658540 steals=661
event=heartbeat H=20 col=21 elapsed_s=398 processed=1550063616 rate_per_s=3890995 steals=661
event=heartbeat H=20 col=21 elapsed_s=416 processed=1653417984 rate_per_s=3977501 steals=664
event=kink_round H=20 col=21 round=stage10 frontier_in=317893362 map_wall_s=34.857 map_cpu_s=1518.371 merge_wall_s=12.192 merge_cpu_s=343.948 map_units=524 merge_ranges=108 map_eff_cores=43.56 merge_eff_cores=28.21
event=heartbeat H=20 col=21 elapsed_s=433 processed=1728844800 rate_per_s=3992587 steals=686
event=heartbeat H=20 col=21 elapsed_s=450 processed=1878236160 rate_per_s=4170758 steals=686
event=heartbeat H=20 col=21 elapsed_s=468 processed=1950988288 rate_per_s=4171862 steals=714
event=kink_round H=20 col=21 round=stage11 frontier_in=318645181 map_wall_s=34.408 map_cpu_s=1488.108 merge_wall_s=12.460 merge_cpu_s=343.633 map_units=568 merge_ranges=114 map_eff_cores=43.25 merge_eff_cores=27.58
event=heartbeat H=20 col=21 elapsed_s=485 processed=2064323584 rate_per_s=4256555 steals=714
event=heartbeat H=20 col=21 elapsed_s=502 processed=2212793344 rate_per_s=4405359 steals=714
event=kink_round H=20 col=21 round=stage12 frontier_in=319074325 map_wall_s=33.749 map_cpu_s=1461.874 merge_wall_s=12.201 merge_cpu_s=339.327 map_units=477 merge_ranges=109 map_eff_cores=43.32 merge_eff_cores=27.81
event=heartbeat H=20 col=21 elapsed_s=520 processed=2248830976 rate_per_s=4327850 steals=740
event=heartbeat H=20 col=21 elapsed_s=537 processed=2398780416 rate_per_s=4467531 steals=740
event=heartbeat H=20 col=21 elapsed_s=554 processed=2545355776 rate_per_s=4592378 steals=742
event=kink_round H=20 col=21 round=stage13 frontier_in=319149032 map_wall_s=32.994 map_cpu_s=1422.204 merge_wall_s=11.884 merge_cpu_s=336.584 map_units=436 merge_ranges=108 map_eff_cores=43.11 merge_eff_cores=28.32
event=heartbeat H=20 col=21 elapsed_s=572 processed=2561289216 rate_per_s=4481090 steals=767
event=heartbeat H=20 col=21 elapsed_s=589 processed=2733788160 rate_per_s=4642211 steals=767
event=heartbeat H=20 col=21 elapsed_s=606 processed=2843852800 rate_per_s=4691137 steals=769
event=kink_round H=20 col=21 round=stage14 frontier_in=318968317 map_wall_s=33.010 map_cpu_s=1405.980 merge_wall_s=11.202 merge_cpu_s=335.535 map_units=477 merge_ranges=106 map_eff_cores=42.59 merge_eff_cores=29.95
event=heartbeat H=20 col=21 elapsed_s=624 processed=2919602176 rate_per_s=4682309 steals=792
event=heartbeat H=20 col=21 elapsed_s=641 processed=3106522112 rate_per_s=4847435 steals=792
event=kink_round H=20 col=21 round=stage15 frontier_in=318635085 map_wall_s=32.345 map_cpu_s=1387.058 merge_wall_s=11.056 merge_cpu_s=333.876 map_units=524 merge_ranges=105 map_eff_cores=42.88 merge_eff_cores=30.20
event=heartbeat H=20 col=21 elapsed_s=658 processed=3142702080 rate_per_s=4774837 steals=820
event=heartbeat H=20 col=21 elapsed_s=676 processed=3293931520 rate_per_s=4876284 steals=820
event=heartbeat H=20 col=21 elapsed_s=693 processed=3441806336 rate_per_s=4967816 steals=823
event=kink_round H=20 col=21 round=stage16 frontier_in=318067846 map_wall_s=31.745 map_cpu_s=1352.833 merge_wall_s=11.109 merge_cpu_s=327.517 map_units=523 merge_ranges=101 map_eff_cores=42.62 merge_eff_cores=29.48
event=heartbeat H=20 col=21 elapsed_s=710 processed=3479888896 rate_per_s=4900279 steals=847
event=heartbeat H=20 col=21 elapsed_s=727 processed=3674916864 rate_per_s=5051700 steals=847
event=heartbeat H=20 col=21 elapsed_s=745 processed=3739858944 rate_per_s=5021413 steals=882
event=kink_round H=20 col=21 round=stage17 frontier_in=317836418 map_wall_s=31.022 map_cpu_s=1317.079 merge_wall_s=11.471 merge_cpu_s=324.261 map_units=835 merge_ranges=92 map_eff_cores=42.46 merge_eff_cores=28.27
event=heartbeat H=20 col=21 elapsed_s=762 processed=3890273280 rate_per_s=5104655 steals=882
event=heartbeat H=20 col=21 elapsed_s=779 processed=4037652480 rate_per_s=5180306 steals=890
event=kink_round H=20 col=21 round=stage18 frontier_in=315985776 map_wall_s=31.089 map_cpu_s=1312.567 merge_wall_s=12.072 merge_cpu_s=317.745 map_units=614 merge_ranges=93 map_eff_cores=42.22 merge_eff_cores=26.32
event=heartbeat H=20 col=21 elapsed_s=797 processed=4076059648 rate_per_s=5115899 steals=914
event=heartbeat H=20 col=21 elapsed_s=814 processed=4265832448 rate_per_s=5240165 steals=914
event=heartbeat H=20 col=21 elapsed_s=831 processed=4339505152 rate_per_s=5219608 steals=944
event=kink_round H=20 col=21 round=stage19 frontier_in=323789634 map_wall_s=30.110 map_cpu_s=1270.999 merge_wall_s=10.169 merge_cpu_s=301.921 map_units=773 merge_ranges=106 map_eff_cores=42.21 merge_eff_cores=29.69
event=heartbeat H=20 col=21 elapsed_s=849 processed=4339505152 rate_per_s=5113087 steals=944
event=kink_round H=20 col=21 round=finalize frontier_in=306062832 map_wall_s=17.023 map_cpu_s=640.564 merge_wall_s=4.857 merge_cpu_s=124.120 map_units=384 merge_ranges=114 map_eff_cores=37.63 merge_eff_cores=25.55
event=column H=20 col=21 frontier_in=81002176 frontier_out=63974702 wall_s=856.51 cum_wall_s=42050.1 cpu_s=31567.0 rss_max_mb=1120.2 map_wall_s=591.94 map_cpu_s=24911.1 merge_wall_s=230.82 merge_cpu_s=6656.0 map_units=14099 merge_ranges=2371 eff_cores=36.86
event=kink_round H=20 col=22 round=seed frontier_in=63974702 map_wall_s=3.343 map_cpu_s=123.340 merge_wall_s=0.000 merge_cpu_s=0.000 map_units=384 merge_ranges=0 map_eff_cores=36.89 merge_eff_cores=0.00
event=kink_round H=20 col=22 round=stage0 frontier_in=63974702 map_wall_s=6.352 map_cpu_s=200.470 merge_wall_s=4.288 merge_cpu_s=128.089 map_units=463 merge_ranges=130 map_eff_cores=31.56 merge_eff_cores=29.87
event=heartbeat H=20 col=22 elapsed_s=17 processed=647168 rate_per_s=37363 steals=82
event=kink_round H=20 col=22 round=stage1 frontier_in=103992610 map_wall_s=7.431 map_cpu_s=288.947 merge_wall_s=6.383 merge_cpu_s=194.991 map_units=433 merge_ranges=122 map_eff_cores=38.88 merge_eff_cores=30.55
event=heartbeat H=20 col=22 elapsed_s=35 processed=1090560 rate_per_s=31481 steals=140
event=kink_round H=20 col=22 round=stage2 frontier_in=176015617 map_wall_s=12.749 map_cpu_s=487.739 merge_wall_s=8.439 merge_cpu_s=241.734 map_units=459 merge_ranges=118 map_eff_cores=38.26 merge_eff_cores=28.64
event=heartbeat H=20 col=22 elapsed_s=52 processed=1355776 rate_per_s=26091 steals=215
event=heartbeat H=20 col=22 elapsed_s=69 processed=1783808 rate_per_s=25747 steals=248
event=kink_round H=20 col=22 round=stage3 frontier_in=220870566 map_wall_s=17.609 map_cpu_s=672.743 merge_wall_s=9.288 merge_cpu_s=265.461 map_units=433 merge_ranges=120 map_eff_cores=38.20 merge_eff_cores=28.58
event=heartbeat H=20 col=22 elapsed_s=87 processed=1937408 rate_per_s=22371 steals=273
event=heartbeat H=20 col=22 elapsed_s=104 processed=2265088 rate_per_s=21796 steals=353
event=kink_round H=20 col=22 round=stage4 frontier_in=244545931 map_wall_s=18.524 map_cpu_s=736.761 merge_wall_s=9.171 merge_cpu_s=278.856 map_units=499 merge_ranges=126 map_eff_cores=39.77 merge_eff_cores=30.41
event=heartbeat H=20 col=22 elapsed_s=121 processed=2541568 rate_per_s=20962 steals=377
event=kink_round H=20 col=22 round=stage5 frontier_in=257230930 map_wall_s=19.316 map_cpu_s=751.349 merge_wall_s=9.375 merge_cpu_s=283.743 map_units=466 merge_ranges=122 map_eff_cores=38.90 merge_eff_cores=30.26
event=heartbeat H=20 col=22 elapsed_s=139 processed=2724864 rate_per_s=19665 steals=458
event=heartbeat H=20 col=22 elapsed_s=156 processed=3168256 rate_per_s=20324 steals=501
event=kink_round H=20 col=22 round=stage6 frontier_in=264822530 map_wall_s=19.018 map_cpu_s=751.384 merge_wall_s=9.739 merge_cpu_s=284.747 map_units=477 merge_ranges=114 map_eff_cores=39.51 merge_eff_cores=29.24
event=heartbeat H=20 col=22 elapsed_s=173 processed=3240960 rate_per_s=18712 steals=542
event=heartbeat H=20 col=22 elapsed_s=191 processed=3661824 rate_per_s=19220 steals=611
event=kink_round H=20 col=22 round=stage7 frontier_in=269786473 map_wall_s=20.461 map_cpu_s=776.761 merge_wall_s=9.698 merge_cpu_s=283.515 map_units=484 merge_ranges=111 map_eff_cores=37.96 merge_eff_cores=29.23
event=heartbeat H=20 col=22 elapsed_s=208 processed=3813376 rate_per_s=18347 steals=634
event=heartbeat H=20 col=22 elapsed_s=225 processed=4144128 rate_per_s=18405 steals=711
event=kink_round H=20 col=22 round=stage8 frontier_in=273188955 map_wall_s=19.364 map_cpu_s=754.302 merge_wall_s=9.260 merge_cpu_s=283.820 map_units=495 merge_ranges=127 map_eff_cores=38.95 merge_eff_cores=30.65
event=heartbeat H=20 col=22 elapsed_s=242 processed=4396032 rate_per_s=18129 steals=735
event=kink_round H=20 col=22 round=stage9 frontier_in=275775147 map_wall_s=19.357 map_cpu_s=731.179 merge_wall_s=9.450 merge_cpu_s=281.449 map_units=495 merge_ranges=108 map_eff_cores=37.77 merge_eff_cores=29.78
event=heartbeat H=20 col=22 elapsed_s=260 processed=4626432 rate_per_s=17807 steals=833
event=heartbeat H=20 col=22 elapsed_s=277 processed=4977664 rate_per_s=17962 steals=833
event=kink_round H=20 col=22 round=stage10 frontier_in=277841459 map_wall_s=18.967 map_cpu_s=720.709 merge_wall_s=9.317 merge_cpu_s=280.955 map_units=495 merge_ranges=113 map_eff_cores=38.00 merge_eff_cores=30.15
event=heartbeat H=20 col=22 elapsed_s=294 processed=5158912 rate_per_s=17521 steals=934
event=heartbeat H=20 col=22 elapsed_s=312 processed=5594112 rate_per_s=17943 steals=1011
event=kink_round H=20 col=22 round=stage11 frontier_in=279433807 map_wall_s=17.923 map_cpu_s=701.656 merge_wall_s=9.744 merge_cpu_s=281.392 map_units=494 merge_ranges=132 map_eff_cores=39.15 merge_eff_cores=28.88
event=heartbeat H=20 col=22 elapsed_s=329 processed=5753856 rate_per_s=17484 steals=1034
event=heartbeat H=20 col=22 elapsed_s=346 processed=6075392 rate_per_s=17538 steals=1109
event=kink_round H=20 col=22 round=stage12 frontier_in=280684208 map_wall_s=18.514 map_cpu_s=691.427 merge_wall_s=9.767 merge_cpu_s=279.387 map_units=492 merge_ranges=115 map_eff_cores=37.35 merge_eff_cores=28.60
event=heartbeat H=20 col=22 elapsed_s=364 processed=6374400 rate_per_s=17525 steals=1133
event=kink_round H=20 col=22 round=stage13 frontier_in=281496541 map_wall_s=17.207 map_cpu_s=662.083 merge_wall_s=9.463 merge_cpu_s=277.871 map_units=494 merge_ranges=114 map_eff_cores=38.48 merge_eff_cores=29.36
event=heartbeat H=20 col=22 elapsed_s=381 processed=6554624 rate_per_s=17201 steals=1233
event=heartbeat H=20 col=22 elapsed_s=398 processed=7014400 rate_per_s=17608 steals=1290
event=kink_round H=20 col=22 round=stage14 frontier_in=282024722 map_wall_s=17.370 map_cpu_s=653.413 merge_wall_s=9.400 merge_cpu_s=276.983 map_units=466 merge_ranges=113 map_eff_cores=37.62 merge_eff_cores=29.47
event=heartbeat H=20 col=22 elapsed_s=416 processed=7172096 rate_per_s=17253 steals=1313
event=heartbeat H=20 col=22 elapsed_s=433 processed=7458816 rate_per_s=17225 steals=1360
event=kink_round H=20 col=22 round=stage15 frontier_in=282215979 map_wall_s=17.304 map_cpu_s=646.502 merge_wall_s=9.270 merge_cpu_s=275.057 map_units=451 merge_ranges=125 map_eff_cores=37.36 merge_eff_cores=29.67
event=heartbeat H=20 col=22 elapsed_s=450 processed=7825408 rate_per_s=17377 steals=1380
event=kink_round H=20 col=22 round=stage16 frontier_in=282010280 map_wall_s=16.444 map_cpu_s=628.754 merge_wall_s=9.042 merge_cpu_s=270.714 map_units=445 merge_ranges=118 map_eff_cores=38.24 merge_eff_cores=29.94
event=heartbeat H=20 col=22 elapsed_s=468 processed=7948288 rate_per_s=16996 steals=1444
event=heartbeat H=20 col=22 elapsed_s=485 processed=8345600 rate_per_s=17208 steals=1490
event=kink_round H=20 col=22 round=stage17 frontier_in=282047554 map_wall_s=17.038 map_cpu_s=630.358 merge_wall_s=8.631 merge_cpu_s=262.864 map_units=450 merge_ranges=119 map_eff_cores=37.00 merge_eff_cores=30.46
event=heartbeat H=20 col=22 elapsed_s=502 processed=8606720 rate_per_s=17135 steals=1512
event=kink_round H=20 col=22 round=stage18 frontier_in=280439445 map_wall_s=16.819 map_cpu_s=622.677 merge_wall_s=9.172 merge_cpu_s=262.194 map_units=479 merge_ranges=110 map_eff_cores=37.02 merge_eff_cores=28.58
event=heartbeat H=20 col=22 elapsed_s=520 processed=8815616 rate_per_s=16966 steals=1603
event=heartbeat H=20 col=22 elapsed_s=537 processed=9291776 rate_per_s=17305 steals=1674
event=kink_round H=20 col=22 round=stage19 frontier_in=286977156 map_wall_s=16.845 map_cpu_s=621.655 merge_wall_s=8.204 merge_cpu_s=242.447 map_units=487 merge_ranges=110 map_eff_cores=36.90 merge_eff_cores=29.55
event=heartbeat H=20 col=22 elapsed_s=554 processed=9291776 rate_per_s=16764 steals=1695
event=kink_round H=20 col=22 round=finalize frontier_in=267543873 map_wall_s=13.408 map_cpu_s=478.074 merge_wall_s=2.698 merge_cpu_s=67.146 map_units=384 merge_ranges=48 map_eff_cores=35.66 merge_eff_cores=24.89
event=column H=20 col=22 frontier_in=63974702 frontier_out=39312368 wall_s=563.82 cum_wall_s=42613.9 cpu_s=18635.7 rss_max_mb=1120.2 map_wall_s=351.36 map_cpu_s=13332.3 merge_wall_s=179.80 merge_cpu_s=5303.4 map_units=10225 merge_ranges=2415 eff_cores=33.05
event=kink_round H=20 col=23 round=seed frontier_in=39312368 map_wall_s=1.954 map_cpu_s=69.547 merge_wall_s=0.000 merge_cpu_s=0.000 map_units=384 merge_ranges=0 map_eff_cores=35.60 merge_eff_cores=0.00
event=kink_round H=20 col=23 round=stage0 frontier_in=39312368 map_wall_s=4.408 map_cpu_s=123.473 merge_wall_s=2.872 merge_cpu_s=73.658 map_units=449 merge_ranges=48 map_eff_cores=28.01 merge_eff_cores=25.65
event=heartbeat H=20 col=23 elapsed_s=17 processed=877568 rate_per_s=50663 steals=95
event=kink_round H=20 col=23 round=stage1 frontier_in=67056162 map_wall_s=4.334 map_cpu_s=175.073 merge_wall_s=4.214 merge_cpu_s=126.391 map_units=426 merge_ranges=131 map_eff_cores=40.40 merge_eff_cores=30.00
event=kink_round H=20 col=23 round=stage2 frontier_in=120640486 map_wall_s=8.051 map_cpu_s=324.727 merge_wall_s=5.864 merge_cpu_s=165.450 map_units=473 merge_ranges=121 map_eff_cores=40.33 merge_eff_cores=28.21
event=heartbeat H=20 col=23 elapsed_s=35 processed=1383424 rate_per_s=39935 steals=178
event=kink_round H=20 col=23 round=stage3 frontier_in=163031071 map_wall_s=10.837 map_cpu_s=418.249 merge_wall_s=6.305 merge_cpu_s=186.766 map_units=424 merge_ranges=157 map_eff_cores=38.59 merge_eff_cores=29.62
event=heartbeat H=20 col=23 elapsed_s=52 processed=1756160 rate_per_s=33797 steals=233
event=heartbeat H=20 col=23 elapsed_s=69 processed=2196480 rate_per_s=31703 steals=303
event=kink_round H=20 col=23 round=stage4 frontier_in=185625486 map_wall_s=12.058 map_cpu_s=478.816 merge_wall_s=7.040 merge_cpu_s=196.821 map_units=453 merge_ranges=117 map_eff_cores=39.71 merge_eff_cores=27.96
event=heartbeat H=20 col=23 elapsed_s=87 processed=2616320 rate_per_s=30210 steals=326
event=kink_round H=20 col=23 round=stage5 frontier_in=199100455 map_wall_s=12.913 map_cpu_s=493.274 merge_wall_s=7.559 merge_cpu_s=202.800 map_units=417 merge_ranges=100 map_eff_cores=38.20 merge_eff_cores=26.83
event=heartbeat H=20 col=23 elapsed_s=104 processed=2970624 rate_per_s=28585 steals=347
event=kink_round H=20 col=23 round=stage6 frontier_in=209040299 map_wall_s=13.699 map_cpu_s=533.318 merge_wall_s=7.281 merge_cpu_s=206.696 map_units=453 merge_ranges=97 map_eff_cores=38.93 merge_eff_cores=28.39
event=heartbeat H=20 col=23 elapsed_s=121 processed=3254272 rate_per_s=26841 steals=414
event=kink_round H=20 col=23 round=stage7 frontier_in=215817824 map_wall_s=13.937 map_cpu_s=531.745 merge_wall_s=7.536 merge_cpu_s=208.597 map_units=470 merge_ranges=97 map_eff_cores=38.15 merge_eff_cores=27.68
event=heartbeat H=20 col=23 elapsed_s=139 processed=3512320 rate_per_s=25347 steals=496
event=heartbeat H=20 col=23 elapsed_s=156 processed=3978240 rate_per_s=25520 steals=562
event=kink_round H=20 col=23 round=stage8 frontier_in=221095366 map_wall_s=14.274 map_cpu_s=544.939 merge_wall_s=7.477 merge_cpu_s=210.057 map_units=481 merge_ranges=100 map_eff_cores=38.18 merge_eff_cores=28.09
event=heartbeat H=20 col=23 elapsed_s=173 processed=4438016 rate_per_s=25623 steals=647
event=kink_round H=20 col=23 round=stage9 frontier_in=225169320 map_wall_s=13.699 map_cpu_s=538.927 merge_wall_s=7.052 merge_cpu_s=210.929 map_units=478 merge_ranges=102 map_eff_cores=39.34 merge_eff_cores=29.91
event=heartbeat H=20 col=23 elapsed_s=191 processed=4697088 rate_per_s=24653 steals=672
event=kink_round H=20 col=23 round=stage10 frontier_in=228668776 map_wall_s=14.273 map_cpu_s=544.918 merge_wall_s=7.054 merge_cpu_s=212.183 map_units=480 merge_ranges=106 map_eff_cores=38.18 merge_eff_cores=30.08
event=heartbeat H=20 col=23 elapsed_s=208 processed=5007360 rate_per_s=24092 steals=764
event=heartbeat H=20 col=23 elapsed_s=225 processed=5373952 rate_per_s=23866 steals=850
event=kink_round H=20 col=23 round=stage11 frontier_in=231604612 map_wall_s=14.146 map_cpu_s=537.490 merge_wall_s=7.489 merge_cpu_s=212.292 map_units=473 merge_ranges=95 map_eff_cores=38.00 merge_eff_cores=28.35
event=heartbeat H=20 col=23 elapsed_s=242 processed=5834752 rate_per_s=24062 steals=909
event=kink_round H=20 col=23 round=stage12 frontier_in=234112517 map_wall_s=14.516 map_cpu_s=530.095 merge_wall_s=7.282 merge_cpu_s=212.450 map_units=469 merge_ranges=94 map_eff_cores=36.52 merge_eff_cores=29.18
event=heartbeat H=20 col=23 elapsed_s=260 processed=6132736 rate_per_s=23605 steals=931
event=kink_round H=20 col=23 round=stage13 frontier_in=236141112 map_wall_s=13.870 map_cpu_s=515.701 merge_wall_s=7.389 merge_cpu_s=213.231 map_units=482 merge_ranges=92 map_eff_cores=37.18 merge_eff_cores=28.86
event=heartbeat H=20 col=23 elapsed_s=277 processed=6400000 rate_per_s=23094 steals=1018
event=heartbeat H=20 col=23 elapsed_s=294 processed=6781952 rate_per_s=23033 steals=1116
event=kink_round H=20 col=23 round=stage14 frontier_in=237767187 map_wall_s=13.816 map_cpu_s=514.103 merge_wall_s=7.727 merge_cpu_s=214.010 map_units=494 merge_ranges=94 map_eff_cores=37.21 merge_eff_cores=27.70
event=heartbeat H=20 col=23 elapsed_s=312 processed=7241728 rate_per_s=23228 steals=1174
event=kink_round H=20 col=23 round=stage15 frontier_in=238854310 map_wall_s=13.314 map_cpu_s=505.677 merge_wall_s=7.257 merge_cpu_s=213.649 map_units=468 merge_ranges=96 map_eff_cores=37.98 merge_eff_cores=29.44
event=heartbeat H=20 col=23 elapsed_s=329 processed=7599104 rate_per_s=23091 steals=1199
event=kink_round H=20 col=23 round=stage16 frontier_in=239565176 map_wall_s=13.829 map_cpu_s=508.520 merge_wall_s=6.712 merge_cpu_s=211.444 map_units=479 merge_ranges=98 map_eff_cores=36.77 merge_eff_cores=31.50
event=heartbeat H=20 col=23 elapsed_s=346 processed=7917568 rate_per_s=22856 steals=1289
event=kink_round H=20 col=23 round=stage17 frontier_in=240095739 map_wall_s=13.631 map_cpu_s=504.187 merge_wall_s=7.072 merge_cpu_s=206.872 map_units=490 merge_ranges=95 map_eff_cores=36.99 merge_eff_cores=29.25
event=heartbeat H=20 col=23 elapsed_s=364 processed=8256512 rate_per_s=22699 steals=1384
event=kink_round H=20 col=23 round=stage18 frontier_in=239094510 map_wall_s=12.933 map_cpu_s=495.383 merge_wall_s=6.992 merge_cpu_s=207.160 map_units=478 merge_ranges=90 map_eff_cores=38.30 merge_eff_cores=29.63
event=heartbeat H=20 col=23 elapsed_s=381 processed=8659968 rate_per_s=22726 steals=1469
event=heartbeat H=20 col=23 elapsed_s=398 processed=9139200 rate_per_s=22941 steals=1544
event=kink_round H=20 col=23 round=stage19 frontier_in=244623634 map_wall_s=13.295 map_cpu_s=488.998 merge_wall_s=6.530 merge_cpu_s=191.460 map_units=492 merge_ranges=121 map_eff_cores=36.78 merge_eff_cores=29.32
event=kink_round H=20 col=23 round=finalize frontier_in=224645021 map_wall_s=9.545 map_cpu_s=336.014 merge_wall_s=1.411 merge_cpu_s=33.564 map_units=384 merge_ranges=48 map_eff_cores=35.20 merge_eff_cores=23.80
event=column H=20 col=23 frontier_in=39312368 frontier_out=19955123 wall_s=414.45 cum_wall_s=43028.3 cpu_s=13629.7 rss_max_mb=1120.2 map_wall_s=257.33 map_cpu_s=9713.2 merge_wall_s=136.11 merge_cpu_s=3916.5 map_units=10097 merge_ranges=2099 eff_cores=32.89
event=kink_round H=20 col=24 round=seed frontier_in=19955123 map_wall_s=0.943 map_cpu_s=31.414 merge_wall_s=0.000 merge_cpu_s=0.000 map_units=384 merge_ranges=0 map_eff_cores=33.31 merge_eff_cores=0.00
event=kink_round H=20 col=24 round=stage0 frontier_in=19955123 map_wall_s=4.021 map_cpu_s=70.635 merge_wall_s=1.601 merge_cpu_s=39.705 map_units=473 merge_ranges=48 map_eff_cores=17.57 merge_eff_cores=24.81
event=kink_round H=20 col=24 round=stage1 frontier_in=35827357 map_wall_s=2.132 map_cpu_s=82.548 merge_wall_s=2.567 merge_cpu_s=64.528 map_units=407 merge_ranges=48 map_eff_cores=38.72 merge_eff_cores=25.14
event=heartbeat H=20 col=24 elapsed_s=17 processed=1323008 rate_per_s=76379 steals=111
event=kink_round H=20 col=24 round=stage2 frontier_in=66757166 map_wall_s=4.124 map_cpu_s=164.761 merge_wall_s=3.632 merge_cpu_s=98.346 map_units=438 merge_ranges=71 map_eff_cores=39.95 merge_eff_cores=27.07
event=kink_round H=20 col=24 round=stage3 frontier_in=105141787 map_wall_s=6.540 map_cpu_s=250.228 merge_wall_s=4.377 merge_cpu_s=120.009 map_units=428 merge_ranges=112 map_eff_cores=38.26 merge_eff_cores=27.42
event=heartbeat H=20 col=24 elapsed_s=35 processed=1948672 rate_per_s=56252 steals=176
event=kink_round H=20 col=24 round=stage4 frontier_in=128907303 map_wall_s=7.786 map_cpu_s=321.921 merge_wall_s=4.996 merge_cpu_s=131.220 map_units=472 merge_ranges=128 map_eff_cores=41.35 merge_eff_cores=26.27
event=heartbeat H=20 col=24 elapsed_s=52 processed=2594816 rate_per_s=49936 steals=263
event=kink_round H=20 col=24 round=stage5 frontier_in=140601593 map_wall_s=8.592 map_cpu_s=345.836 merge_wall_s=4.752 merge_cpu_s=136.847 map_units=454 merge_ranges=123 map_eff_cores=40.25 merge_eff_cores=28.80
event=heartbeat H=20 col=24 elapsed_s=69 processed=3086336 rate_per_s=44547 steals=367
event=kink_round H=20 col=24 round=stage6 frontier_in=149358656 map_wall_s=9.233 map_cpu_s=358.575 merge_wall_s=4.929 merge_cpu_s=139.159 map_units=442 merge_ranges=111 map_eff_cores=38.84 merge_eff_cores=28.23
event=heartbeat H=20 col=24 elapsed_s=87 processed=3549184 rate_per_s=40982 steals=469
event=kink_round H=20 col=24 round=stage7 frontier_in=155441052 map_wall_s=9.138 map_cpu_s=370.435 merge_wall_s=5.033 merge_cpu_s=142.025 map_units=477 merge_ranges=110 map_eff_cores=40.54 merge_eff_cores=28.22
event=kink_round H=20 col=24 round=stage8 frontier_in=161086161 map_wall_s=9.515 map_cpu_s=369.741 merge_wall_s=4.815 merge_cpu_s=145.879 map_units=475 merge_ranges=148 map_eff_cores=38.86 merge_eff_cores=30.30
event=heartbeat H=20 col=24 elapsed_s=104 processed=4060160 rate_per_s=39069 steals=558
event=kink_round H=20 col=24 round=stage9 frontier_in=165689932 map_wall_s=9.338 map_cpu_s=365.625 merge_wall_s=4.901 merge_cpu_s=144.910 map_units=452 merge_ranges=116 map_eff_cores=39.15 merge_eff_cores=29.57
event=heartbeat H=20 col=24 elapsed_s=121 processed=4601856 rate_per_s=37955 steals=623
event=kink_round H=20 col=24 round=stage10 frontier_in=169796749 map_wall_s=9.443 map_cpu_s=359.256 merge_wall_s=5.286 merge_cpu_s=148.356 map_units=429 merge_ranges=156 map_eff_cores=38.04 merge_eff_cores=28.07
event=heartbeat H=20 col=24 elapsed_s=139 processed=5080064 rate_per_s=36662 steals=683
event=kink_round H=20 col=24 round=stage11 frontier_in=173272899 map_wall_s=9.323 map_cpu_s=350.588 merge_wall_s=4.976 merge_cpu_s=148.944 map_units=449 merge_ranges=135 map_eff_cores=37.60 merge_eff_cores=29.93
event=heartbeat H=20 col=24 elapsed_s=156 processed=5660672 rate_per_s=36313 steals=751
event=kink_round H=20 col=24 round=stage12 frontier_in=176432664 map_wall_s=9.150 map_cpu_s=342.675 merge_wall_s=5.347 merge_cpu_s=149.532 map_units=443 merge_ranges=128 map_eff_cores=37.45 merge_eff_cores=27.97
event=heartbeat H=20 col=24 elapsed_s=173 processed=6194176 rate_per_s=35762 steals=850
event=kink_round H=20 col=24 round=stage13 frontier_in=179160311 map_wall_s=9.021 map_cpu_s=337.368 merge_wall_s=5.366 merge_cpu_s=150.338 map_units=436 merge_ranges=119 map_eff_cores=37.40 merge_eff_cores=28.02
event=heartbeat H=20 col=24 elapsed_s=191 processed=6656000 rate_per_s=34935 steals=932
event=kink_round H=20 col=24 round=stage14 frontier_in=181469775 map_wall_s=8.777 map_cpu_s=334.692 merge_wall_s=5.370 merge_cpu_s=151.560 map_units=471 merge_ranges=110 map_eff_cores=38.13 merge_eff_cores=28.22
event=heartbeat H=20 col=24 elapsed_s=208 processed=7098368 rate_per_s=34152 steals=1019
event=kink_round H=20 col=24 round=stage15 frontier_in=183360924 map_wall_s=8.847 map_cpu_s=337.000 merge_wall_s=5.290 merge_cpu_s=152.920 map_units=448 merge_ranges=123 map_eff_cores=38.09 merge_eff_cores=28.91
event=kink_round H=20 col=24 round=stage16 frontier_in=184801290 map_wall_s=8.861 map_cpu_s=333.243 merge_wall_s=4.966 merge_cpu_s=151.851 map_units=442 merge_ranges=129 map_eff_cores=37.61 merge_eff_cores=30.58
event=heartbeat H=20 col=24 elapsed_s=225 processed=7582720 rate_per_s=33676 steals=1078
event=kink_round H=20 col=24 round=stage17 frontier_in=185764913 map_wall_s=8.890 map_cpu_s=331.549 merge_wall_s=5.380 merge_cpu_s=149.578 map_units=463 merge_ranges=122 map_eff_cores=37.29 merge_eff_cores=27.80
event=heartbeat H=20 col=24 elapsed_s=242 processed=8160256 rate_per_s=33652 steals=1151
event=kink_round H=20 col=24 round=stage18 frontier_in=185709253 map_wall_s=8.682 map_cpu_s=330.369 merge_wall_s=5.344 merge_cpu_s=150.728 map_units=461 merge_ranges=122 map_eff_cores=38.05 merge_eff_cores=28.20
event=heartbeat H=20 col=24 elapsed_s=260 processed=8751104 rate_per_s=33683 steals=1228
event=kink_round H=20 col=24 round=stage19 frontier_in=190182191 map_wall_s=8.828 map_cpu_s=329.292 merge_wall_s=4.719 merge_cpu_s=137.352 map_units=470 merge_ranges=118 map_eff_cores=37.30 merge_eff_cores=29.11
event=kink_round H=20 col=24 round=finalize frontier_in=172654576 map_wall_s=6.455 map_cpu_s=222.684 merge_wall_s=0.669 merge_cpu_s=16.488 map_units=384 merge_ranges=48 map_eff_cores=34.50 merge_eff_cores=24.66
event=column H=20 col=24 frontier_in=19955123 frontier_out=9114014 wall_s=275.23 cum_wall_s=43303.6 cpu_s=9010.7 rss_max_mb=1120.2 map_wall_s=167.64 map_cpu_s=6340.4 merge_wall_s=94.32 merge_cpu_s=2670.3 map_units=9798 merge_ranges=2325 eff_cores=32.74
event=kink_round H=20 col=25 round=seed frontier_in=9114014 map_wall_s=0.389 map_cpu_s=12.655 merge_wall_s=0.000 merge_cpu_s=0.000 map_units=384 merge_ranges=0 map_eff_cores=32.54 merge_eff_cores=0.00
event=kink_round H=20 col=25 round=stage0 frontier_in=9114014 map_wall_s=4.791 map_cpu_s=37.695 merge_wall_s=0.796 merge_cpu_s=19.142 map_units=435 merge_ranges=48 map_eff_cores=7.87 merge_eff_cores=24.04
event=kink_round H=20 col=25 round=stage1 frontier_in=16878867 map_wall_s=0.947 map_cpu_s=35.488 merge_wall_s=1.224 merge_cpu_s=31.077 map_units=431 merge_ranges=48 map_eff_cores=37.49 merge_eff_cores=25.39
event=kink_round H=20 col=25 round=stage2 frontier_in=31665615 map_wall_s=1.838 map_cpu_s=68.989 merge_wall_s=1.992 merge_cpu_s=49.703 map_units=425 merge_ranges=48 map_eff_cores=37.53 merge_eff_cores=24.95
event=heartbeat H=20 col=25 elapsed_s=17 processed=1722368 rate_per_s=99439 steals=130
event=kink_round H=20 col=25 round=stage3 frontier_in=55347682 map_wall_s=3.130 map_cpu_s=121.638 merge_wall_s=2.858 merge_cpu_s=69.899 map_units=441 merge_ranges=48 map_eff_cores=38.86 merge_eff_cores=24.45
event=kink_round H=20 col=25 round=stage4 frontier_in=80365261 map_wall_s=4.529 map_cpu_s=180.349 merge_wall_s=3.483 merge_cpu_s=80.821 map_units=480 merge_ranges=50 map_eff_cores=39.82 merge_eff_cores=23.20
event=heartbeat H=20 col=25 elapsed_s=35 processed=2629632 rate_per_s=75909 steals=248
event=kink_round H=20 col=25 round=stage5 frontier_in=93581252 map_wall_s=5.195 map_cpu_s=205.600 merge_wall_s=3.232 merge_cpu_s=85.448 map_units=463 merge_ranges=52 map_eff_cores=39.58 merge_eff_cores=26.44
event=kink_round H=20 col=25 round=stage6 frontier_in=99716290 map_wall_s=5.437 map_cpu_s=214.351 merge_wall_s=3.589 merge_cpu_s=88.405 map_units=456 merge_ranges=56 map_eff_cores=39.42 merge_eff_cores=24.63
event=heartbeat H=20 col=25 elapsed_s=52 processed=3512320 rate_per_s=67594 steals=345
event=kink_round H=20 col=25 round=stage7 frontier_in=104842682 map_wall_s=5.695 map_cpu_s=222.055 merge_wall_s=3.565 merge_cpu_s=89.542 map_units=447 merge_ranges=58 map_eff_cores=38.99 merge_eff_cores=25.11
event=kink_round H=20 col=25 round=stage8 frontier_in=108708485 map_wall_s=5.890 map_cpu_s=225.579 merge_wall_s=3.506 merge_cpu_s=90.964 map_units=466 merge_ranges=58 map_eff_cores=38.30 merge_eff_cores=25.95
event=heartbeat H=20 col=25 elapsed_s=69 processed=4329472 rate_per_s=62490 steals=408
event=kink_round H=20 col=25 round=stage9 frontier_in=111637897 map_wall_s=5.826 map_cpu_s=223.679 merge_wall_s=3.549 merge_cpu_s=91.628 map_units=429 merge_ranges=58 map_eff_cores=38.39 merge_eff_cores=25.82
event=kink_round H=20 col=25 round=stage10 frontier_in=114290072 map_wall_s=5.733 map_cpu_s=222.681 merge_wall_s=3.624 merge_cpu_s=92.070 map_units=424 merge_ranges=57 map_eff_cores=38.84 merge_eff_cores=25.40
event=heartbeat H=20 col=25 elapsed_s=87 processed=5004288 rate_per_s=57784 steals=473
event=kink_round H=20 col=25 round=stage11 frontier_in=116507484 map_wall_s=5.746 map_cpu_s=221.253 merge_wall_s=3.413 merge_cpu_s=92.772 map_units=423 merge_ranges=57 map_eff_cores=38.51 merge_eff_cores=27.18
event=kink_round H=20 col=25 round=stage12 frontier_in=118511952 map_wall_s=5.798 map_cpu_s=220.278 merge_wall_s=3.527 merge_cpu_s=93.226 map_units=423 merge_ranges=59 map_eff_cores=37.99 merge_eff_cores=26.43
event=heartbeat H=20 col=25 elapsed_s=104 processed=5651456 rate_per_s=54381 steals=535
event=kink_round H=20 col=25 round=stage13 frontier_in=120145997 map_wall_s=5.757 map_cpu_s=217.873 merge_wall_s=3.456 merge_cpu_s=94.304 map_units=448 merge_ranges=59 map_eff_cores=37.84 merge_eff_cores=27.29
event=heartbeat H=20 col=25 elapsed_s=121 processed=6519808 rate_per_s=53774 steals=614
event=kink_round H=20 col=25 round=stage14 frontier_in=121559972 map_wall_s=5.778 map_cpu_s=219.636 merge_wall_s=3.423 merge_cpu_s=94.648 map_units=427 merge_ranges=57 map_eff_cores=38.01 merge_eff_cores=27.65
event=kink_round H=20 col=25 round=stage15 frontier_in=122666029 map_wall_s=5.847 map_cpu_s=216.420 merge_wall_s=3.613 merge_cpu_s=94.626 map_units=456 merge_ranges=57 map_eff_cores=37.02 merge_eff_cores=26.19
event=heartbeat H=20 col=25 elapsed_s=139 processed=7417856 rate_per_s=53533 steals=723
event=kink_round H=20 col=25 round=stage16 frontier_in=123366723 map_wall_s=5.921 map_cpu_s=215.882 merge_wall_s=3.461 merge_cpu_s=93.787 map_units=460 merge_ranges=59 map_eff_cores=36.46 merge_eff_cores=27.10
event=kink_round H=20 col=25 round=stage17 frontier_in=123759105 map_wall_s=5.925 map_cpu_s=215.026 merge_wall_s=3.394 merge_cpu_s=92.352 map_units=459 merge_ranges=58 map_eff_cores=36.29 merge_eff_cores=27.21
event=heartbeat H=20 col=25 elapsed_s=156 processed=8162304 rate_per_s=52361 steals=785
event=kink_round H=20 col=25 round=stage18 frontier_in=123639653 map_wall_s=5.794 map_cpu_s=212.807 merge_wall_s=3.525 merge_cpu_s=93.116 map_units=457 merge_ranges=57 map_eff_cores=36.73 merge_eff_cores=26.41
event=kink_round H=20 col=25 round=stage19 frontier_in=125948967 map_wall_s=5.652 map_cpu_s=207.424 merge_wall_s=3.331 merge_cpu_s=84.825 map_units=461 merge_ranges=51 map_eff_cores=36.70 merge_eff_cores=25.46
event=heartbeat H=20 col=25 elapsed_s=173 processed=8761344 rate_per_s=50583 steals=892
event=kink_round H=20 col=25 round=finalize frontier_in=114039340 map_wall_s=4.108 map_cpu_s=135.274 merge_wall_s=0.354 merge_cpu_s=8.999 map_units=384 merge_ranges=48 map_eff_cores=32.93 merge_eff_cores=25.45
event=column H=20 col=25 frontier_in=9114014 frontier_out=3953784 wall_s=175.76 cum_wall_s=43479.3 cpu_s=5484.0 rss_max_mb=1120.2 map_wall_s=105.73 map_cpu_s=3852.6 merge_wall_s=62.92 merge_cpu_s=1631.4 map_units=9679 merge_ranges=1143 eff_cores=31.20
event=kink_round H=20 col=26 round=seed frontier_in=3953784 map_wall_s=0.189 map_cpu_s=5.121 merge_wall_s=0.000 merge_cpu_s=0.000 map_units=384 merge_ranges=0 map_eff_cores=27.11 merge_eff_cores=0.00
event=kink_round H=20 col=26 round=stage0 frontier_in=3953784 map_wall_s=5.124 map_cpu_s=32.744 merge_wall_s=0.454 merge_cpu_s=11.478 map_units=464 merge_ranges=48 map_eff_cores=6.39 merge_eff_cores=25.30
event=kink_round H=20 col=26 round=stage1 frontier_in=7428403 map_wall_s=0.437 map_cpu_s=14.525 merge_wall_s=0.618 merge_cpu_s=14.887 map_units=406 merge_ranges=48 map_eff_cores=33.21 merge_eff_cores=24.08
event=kink_round H=20 col=26 round=stage2 frontier_in=13897836 map_wall_s=0.700 map_cpu_s=26.927 merge_wall_s=1.010 merge_cpu_s=23.438 map_units=429 merge_ranges=48 map_eff_cores=38.46 merge_eff_cores=23.20
event=kink_round H=20 col=26 round=stage3 frontier_in=25075899 map_wall_s=1.262 map_cpu_s=47.944 merge_wall_s=1.469 merge_cpu_s=35.799 map_units=401 merge_ranges=48 map_eff_cores=38.00 merge_eff_cores=24.37
event=kink_round H=20 col=26 round=stage4 frontier_in=41555947 map_wall_s=2.208 map_cpu_s=85.512 merge_wall_s=2.060 merge_cpu_s=48.324 map_units=424 merge_ranges=48 map_eff_cores=38.72 merge_eff_cores=23.46
event=heartbeat H=20 col=26 elapsed_s=17 processed=2319360 rate_per_s=133903 steals=103
event=kink_round H=20 col=26 round=stage5 frontier_in=57408375 map_wall_s=2.987 map_cpu_s=119.418 merge_wall_s=2.455 merge_cpu_s=53.905 map_units=419 merge_ranges=48 map_eff_cores=39.98 merge_eff_cores=21.96
event=kink_round H=20 col=26 round=stage6 frontier_in=64762862 map_wall_s=3.458 map_cpu_s=137.397 merge_wall_s=2.381 merge_cpu_s=55.833 map_units=468 merge_ranges=48 map_eff_cores=39.73 merge_eff_cores=23.45
event=kink_round H=20 col=26 round=stage7 frontier_in=67716797 map_wall_s=3.619 map_cpu_s=142.098 merge_wall_s=2.513 merge_cpu_s=56.837 map_units=444 merge_ranges=48 map_eff_cores=39.26 merge_eff_cores=22.61
event=heartbeat H=20 col=26 elapsed_s=35 processed=3471360 rate_per_s=100208 steals=221
event=kink_round H=20 col=26 round=stage8 frontier_in=70268132 map_wall_s=3.793 map_cpu_s=143.052 merge_wall_s=2.455 merge_cpu_s=57.229 map_units=437 merge_ranges=48 map_eff_cores=37.71 merge_eff_cores=23.32
event=kink_round H=20 col=26 round=stage9 frontier_in=72083262 map_wall_s=3.650 map_cpu_s=142.438 merge_wall_s=2.392 merge_cpu_s=57.605 map_units=432 merge_ranges=48 map_eff_cores=39.03 merge_eff_cores=24.08
event=heartbeat H=20 col=26 elapsed_s=52 processed=4709376 rate_per_s=90632 steals=324
event=kink_round H=20 col=26 round=stage10 frontier_in=73425717 map_wall_s=3.698 map_cpu_s=138.851 merge_wall_s=2.421 merge_cpu_s=57.565 map_units=438 merge_ranges=48 map_eff_cores=37.55 merge_eff_cores=23.78
event=kink_round H=20 col=26 round=stage11 frontier_in=74287721 map_wall_s=3.494 map_cpu_s=135.324 merge_wall_s=2.462 merge_cpu_s=57.393 map_units=421 merge_ranges=48 map_eff_cores=38.73 merge_eff_cores=23.31
event=kink_round H=20 col=26 round=stage12 frontier_in=74989376 map_wall_s=3.467 map_cpu_s=131.009 merge_wall_s=2.414 merge_cpu_s=57.418 map_units=409 merge_ranges=48 map_eff_cores=37.79 merge_eff_cores=23.79
event=heartbeat H=20 col=26 elapsed_s=69 processed=5960704 rate_per_s=86034 steals=391
event=kink_round H=20 col=26 round=stage13 frontier_in=75440126 map_wall_s=3.444 map_cpu_s=128.914 merge_wall_s=2.339 merge_cpu_s=57.466 map_units=422 merge_ranges=48 map_eff_cores=37.43 merge_eff_cores=24.57
event=kink_round H=20 col=26 round=stage14 frontier_in=75765609 map_wall_s=3.409 map_cpu_s=127.208 merge_wall_s=2.357 merge_cpu_s=57.363 map_units=432 merge_ranges=48 map_eff_cores=37.31 merge_eff_cores=24.34
event=kink_round H=20 col=26 round=stage15 frontier_in=75807369 map_wall_s=3.368 map_cpu_s=125.441 merge_wall_s=2.474 merge_cpu_s=57.091 map_units=436 merge_ranges=48 map_eff_cores=37.24 merge_eff_cores=23.08
event=heartbeat H=20 col=26 elapsed_s=87 processed=7208960 rate_per_s=83242 steals=458
event=kink_round H=20 col=26 round=stage16 frontier_in=75622995 map_wall_s=3.287 map_cpu_s=123.442 merge_wall_s=2.320 merge_cpu_s=56.257 map_units=432 merge_ranges=48 map_eff_cores=37.56 merge_eff_cores=24.25
event=kink_round H=20 col=26 round=stage17 frontier_in=75372681 map_wall_s=3.317 map_cpu_s=121.666 merge_wall_s=2.214 merge_cpu_s=55.161 map_units=441 merge_ranges=48 map_eff_cores=36.68 merge_eff_cores=24.91
event=kink_round H=20 col=26 round=stage18 frontier_in=74945811 map_wall_s=3.323 map_cpu_s=120.142 merge_wall_s=2.212 merge_cpu_s=55.346 map_units=448 merge_ranges=48 map_eff_cores=36.15 merge_eff_cores=25.02
event=heartbeat H=20 col=26 elapsed_s=104 processed=8501248 rate_per_s=81803 steals=570
event=kink_round H=20 col=26 round=stage19 frontier_in=75545148 map_wall_s=3.244 map_cpu_s=116.178 merge_wall_s=2.119 merge_cpu_s=51.350 map_units=462 merge_ranges=48 map_eff_cores=35.81 merge_eff_cores=24.24
event=kink_round H=20 col=26 round=finalize frontier_in=69034460 map_wall_s=2.173 map_cpu_s=70.321 merge_wall_s=0.208 merge_cpu_s=5.801 map_units=384 merge_ranges=48 map_eff_cores=32.36 merge_eff_cores=27.88
event=column H=20 col=26 frontier_in=3953784 frontier_out=1689134 wall_s=109.25 cum_wall_s=43588.6 cpu_s=3219.2 rss_max_mb=1120.2 map_wall_s=63.65 map_cpu_s=2235.7 merge_wall_s=41.35 merge_cpu_s=983.5 map_units=9433 merge_ranges=1008 eff_cores=29.47
event=kink_round H=20 col=27 round=seed frontier_in=1689134 map_wall_s=0.073 map_cpu_s=2.157 merge_wall_s=0.000 merge_cpu_s=0.000 map_units=384 merge_ranges=0 map_eff_cores=29.52 merge_eff_cores=0.00
event=kink_round H=20 col=27 round=stage0 frontier_in=1689134 map_wall_s=4.320 map_cpu_s=25.323 merge_wall_s=0.266 merge_cpu_s=6.744 map_units=392 merge_ranges=48 map_eff_cores=5.86 merge_eff_cores=25.32
event=kink_round H=20 col=27 round=stage1 frontier_in=3187433 map_wall_s=0.231 map_cpu_s=5.676 merge_wall_s=0.326 merge_cpu_s=8.102 map_units=442 merge_ranges=48 map_eff_cores=24.59 merge_eff_cores=24.85
event=kink_round H=20 col=27 round=stage2 frontier_in=5931071 map_wall_s=0.288 map_cpu_s=10.162 merge_wall_s=0.416 merge_cpu_s=11.568 map_units=412 merge_ranges=48 map_eff_cores=35.26 merge_eff_cores=27.79
event=kink_round H=20 col=27 round=stage3 frontier_in=10773050 map_wall_s=0.569 map_cpu_s=18.762 merge_wall_s=0.708 merge_cpu_s=17.016 map_units=403 merge_ranges=48 map_eff_cores=32.97 merge_eff_cores=24.03
event=kink_round H=20 col=27 round=stage4 frontier_in=18867182 map_wall_s=0.978 map_cpu_s=34.377 merge_wall_s=1.043 merge_cpu_s=25.106 map_units=431 merge_ranges=48 map_eff_cores=35.15 merge_eff_cores=24.06
event=kink_round H=20 col=27 round=stage5 frontier_in=29462362 map_wall_s=1.480 map_cpu_s=56.060 merge_wall_s=1.445 merge_cpu_s=32.142 map_units=402 merge_ranges=48 map_eff_cores=37.89 merge_eff_cores=22.24
event=kink_round H=20 col=27 round=stage6 frontier_in=39302460 map_wall_s=2.006 map_cpu_s=76.883 merge_wall_s=1.607 merge_cpu_s=35.373 map_units=387 merge_ranges=48 map_eff_cores=38.33 merge_eff_cores=22.01
event=heartbeat H=20 col=27 elapsed_s=17 processed=3060736 rate_per_s=176709 steals=114
event=kink_round H=20 col=27 round=stage7 frontier_in=43494810 map_wall_s=2.150 map_cpu_s=82.623 merge_wall_s=1.547 merge_cpu_s=36.164 map_units=395 merge_ranges=48 map_eff_cores=38.43 merge_eff_cores=23.37
event=kink_round H=20 col=27 round=stage8 frontier_in=44813172 map_wall_s=2.139 map_cpu_s=83.507 merge_wall_s=1.610 merge_cpu_s=36.191 map_units=402 merge_ranges=48 map_eff_cores=39.04 merge_eff_cores=22.48
event=kink_round H=20 col=27 round=stage9 frontier_in=45901238 map_wall_s=2.109 map_cpu_s=82.853 merge_wall_s=1.698 merge_cpu_s=36.551 map_units=398 merge_ranges=48 map_eff_cores=39.29 merge_eff_cores=21.53
event=kink_round H=20 col=27 round=stage10 frontier_in=46517081 map_wall_s=2.148 map_cpu_s=81.018 merge_wall_s=1.548 merge_cpu_s=36.278 map_units=407 merge_ranges=48 map_eff_cores=37.72 merge_eff_cores=23.43
event=heartbeat H=20 col=27 elapsed_s=35 processed=4885504 rate_per_s=141029 steals=171
event=kink_round H=20 col=27 round=stage11 frontier_in=46825684 map_wall_s=2.072 map_cpu_s=78.321 merge_wall_s=1.527 merge_cpu_s=36.157 map_units=407 merge_ranges=48 map_eff_cores=37.81 merge_eff_cores=23.67
event=kink_round H=20 col=27 round=stage12 frontier_in=46881865 map_wall_s=2.045 map_cpu_s=75.764 merge_wall_s=1.636 merge_cpu_s=35.961 map_units=415 merge_ranges=48 map_eff_cores=37.05 merge_eff_cores=21.98
event=kink_round H=20 col=27 round=stage13 frontier_in=46770112 map_wall_s=2.039 map_cpu_s=73.502 merge_wall_s=1.435 merge_cpu_s=35.492 map_units=408 merge_ranges=48 map_eff_cores=36.04 merge_eff_cores=24.74
event=kink_round H=20 col=27 round=stage14 frontier_in=46494296 map_wall_s=1.877 map_cpu_s=72.093 merge_wall_s=1.455 merge_cpu_s=35.147 map_units=414 merge_ranges=48 map_eff_cores=38.40 merge_eff_cores=24.16
event=kink_round H=20 col=27 round=stage15 frontier_in=46085259 map_wall_s=1.954 map_cpu_s=70.679 merge_wall_s=1.425 merge_cpu_s=34.743 map_units=416 merge_ranges=48 map_eff_cores=36.17 merge_eff_cores=24.37
event=heartbeat H=20 col=27 elapsed_s=52 processed=6958080 rate_per_s=133908 steals=274
event=kink_round H=20 col=27 round=stage16 frontier_in=45554926 map_wall_s=1.937 map_cpu_s=69.135 merge_wall_s=1.407 merge_cpu_s=33.911 map_units=423 merge_ranges=48 map_eff_cores=35.70 merge_eff_cores=24.10
event=kink_round H=20 col=27 round=stage17 frontier_in=45018236 map_wall_s=1.790 map_cpu_s=67.454 merge_wall_s=1.389 merge_cpu_s=33.156 map_units=434 merge_ranges=48 map_eff_cores=37.68 merge_eff_cores=23.86
event=kink_round H=20 col=27 round=stage18 frontier_in=44329182 map_wall_s=1.901 map_cpu_s=65.631 merge_wall_s=1.330 merge_cpu_s=33.113 map_units=440 merge_ranges=48 map_eff_cores=34.53 merge_eff_cores=24.89
event=kink_round H=20 col=27 round=stage19 frontier_in=44559822 map_wall_s=1.746 map_cpu_s=63.446 merge_wall_s=1.363 merge_cpu_s=30.925 map_units=439 merge_ranges=48 map_eff_cores=36.33 merge_eff_cores=22.69
event=kink_round H=20 col=27 round=finalize frontier_in=40858420 map_wall_s=1.166 map_cpu_s=37.571 merge_wall_s=0.156 merge_cpu_s=4.625 map_units=384 merge_ranges=48 map_eff_cores=32.23 merge_eff_cores=29.58
event=column H=20 col=27 frontier_in=1689134 frontier_out=721885 wall_s=64.91 cum_wall_s=43653.5 cpu_s=1827.5 rss_max_mb=1120.2 map_wall_s=37.02 map_cpu_s=1233.0 merge_wall_s=25.34 merge_cpu_s=594.5 map_units=9035 merge_ranges=1008 eff_cores=28.15
event=kink_round H=20 col=28 round=seed frontier_in=721885 map_wall_s=0.034 map_cpu_s=0.953 merge_wall_s=0.000 merge_cpu_s=0.000 map_units=353 merge_ranges=0 map_eff_cores=27.96 merge_eff_cores=0.00
event=kink_round H=20 col=28 round=stage0 frontier_in=721885 map_wall_s=3.746 map_cpu_s=18.542 merge_wall_s=0.207 merge_cpu_s=4.542 map_units=359 merge_ranges=48 map_eff_cores=4.95 merge_eff_cores=21.95
event=kink_round H=20 col=28 round=stage1 frontier_in=1360562 map_wall_s=0.264 map_cpu_s=3.057 merge_wall_s=0.168 merge_cpu_s=5.040 map_units=402 merge_ranges=48 map_eff_cores=11.57 merge_eff_cores=29.93
event=kink_round H=20 col=28 round=stage2 frontier_in=2516001 map_wall_s=0.167 map_cpu_s=4.451 merge_wall_s=0.256 merge_cpu_s=6.437 map_units=422 merge_ranges=48 map_eff_cores=26.62 merge_eff_cores=25.10
event=kink_round H=20 col=28 round=stage3 frontier_in=4556985 map_wall_s=0.255 map_cpu_s=7.558 merge_wall_s=0.369 merge_cpu_s=8.942 map_units=442 merge_ranges=48 map_eff_cores=29.70 merge_eff_cores=24.22
event=kink_round H=20 col=28 round=stage4 frontier_in=8070725 map_wall_s=0.413 map_cpu_s=13.577 merge_wall_s=0.481 merge_cpu_s=12.630 map_units=424 merge_ranges=48 map_eff_cores=32.85 merge_eff_cores=26.23
event=kink_round H=20 col=28 round=stage5 frontier_in=13438288 map_wall_s=0.582 map_cpu_s=21.581 merge_wall_s=0.765 merge_cpu_s=16.986 map_units=403 merge_ranges=48 map_eff_cores=37.07 merge_eff_cores=22.21
event=kink_round H=20 col=28 round=stage6 frontier_in=19923669 map_wall_s=0.971 map_cpu_s=35.023 merge_wall_s=0.914 merge_cpu_s=21.256 map_units=396 merge_ranges=48 map_eff_cores=36.06 merge_eff_cores=23.26
event=kink_round H=20 col=28 round=stage7 frontier_in=25901412 map_wall_s=1.176 map_cpu_s=44.350 merge_wall_s=1.007 merge_cpu_s=22.943 map_units=395 merge_ranges=48 map_eff_cores=37.72 merge_eff_cores=22.79
event=kink_round H=20 col=28 round=stage8 frontier_in=28316576 map_wall_s=1.374 map_cpu_s=47.859 merge_wall_s=1.034 merge_cpu_s=23.276 map_units=405 merge_ranges=48 map_eff_cores=34.84 merge_eff_cores=22.51
event=kink_round H=20 col=28 round=stage9 frontier_in=28853450 map_wall_s=1.318 map_cpu_s=47.717 merge_wall_s=0.998 merge_cpu_s=23.251 map_units=402 merge_ranges=48 map_eff_cores=36.20 merge_eff_cores=23.30
event=heartbeat H=20 col=28 elapsed_s=17 processed=4081664 rate_per_s=235648 steals=150
event=kink_round H=20 col=28 round=stage10 frontier_in=29202364 map_wall_s=1.257 map_cpu_s=46.597 merge_wall_s=0.998 merge_cpu_s=23.235 map_units=404 merge_ranges=48 map_eff_cores=37.07 merge_eff_cores=23.29
event=kink_round H=20 col=28 round=stage11 frontier_in=29263692 map_wall_s=1.260 map_cpu_s=44.318 merge_wall_s=0.986 merge_cpu_s=23.021 map_units=415 merge_ranges=48 map_eff_cores=35.17 merge_eff_cores=23.34
event=kink_round H=20 col=28 round=stage12 frontier_in=29170830 map_wall_s=1.255 map_cpu_s=43.332 merge_wall_s=0.923 merge_cpu_s=22.710 map_units=407 merge_ranges=48 map_eff_cores=34.54 merge_eff_cores=24.60
event=kink_round H=20 col=28 round=stage13 frontier_in=28880167 map_wall_s=1.163 map_cpu_s=41.789 merge_wall_s=0.979 merge_cpu_s=22.216 map_units=416 merge_ranges=48 map_eff_cores=35.93 merge_eff_cores=22.70
event=kink_round H=20 col=28 round=stage14 frontier_in=28459558 map_wall_s=1.187 map_cpu_s=40.186 merge_wall_s=0.931 merge_cpu_s=22.006 map_units=412 merge_ranges=48 map_eff_cores=33.85 merge_eff_cores=23.65
event=kink_round H=20 col=28 round=stage15 frontier_in=27937608 map_wall_s=1.141 map_cpu_s=39.324 merge_wall_s=0.891 merge_cpu_s=21.475 map_units=409 merge_ranges=48 map_eff_cores=34.46 merge_eff_cores=24.11
event=kink_round H=20 col=28 round=stage16 frontier_in=27381058 map_wall_s=1.005 map_cpu_s=38.156 merge_wall_s=0.845 merge_cpu_s=20.969 map_units=417 merge_ranges=48 map_eff_cores=37.96 merge_eff_cores=24.81
event=kink_round H=20 col=28 round=stage17 frontier_in=26773505 map_wall_s=1.063 map_cpu_s=36.457 merge_wall_s=0.815 merge_cpu_s=20.289 map_units=423 merge_ranges=48 map_eff_cores=34.31 merge_eff_cores=24.88
event=heartbeat H=20 col=28 elapsed_s=35 processed=7310336 rate_per_s=211027 steals=296
event=kink_round H=20 col=28 round=stage18 frontier_in=26206291 map_wall_s=1.091 map_cpu_s=35.404 merge_wall_s=0.818 merge_cpu_s=20.221 map_units=417 merge_ranges=48 map_eff_cores=32.45 merge_eff_cores=24.71
event=kink_round H=20 col=28 round=stage19 frontier_in=26127985 map_wall_s=0.991 map_cpu_s=33.570 merge_wall_s=0.736 merge_cpu_s=18.949 map_units=439 merge_ranges=48 map_eff_cores=33.87 merge_eff_cores=25.73
event=kink_round H=20 col=28 round=finalize frontier_in=23814375 map_wall_s=0.624 map_cpu_s=19.215 merge_wall_s=0.117 merge_cpu_s=3.223 map_units=384 merge_ranges=48 map_eff_cores=30.78 merge_eff_cores=27.55
event=column H=20 col=28 frontier_in=721885 frontier_out=312632 wall_s=39.08 cum_wall_s=43692.6 cpu_s=1026.6 rss_max_mb=1120.2 map_wall_s=22.34 map_cpu_s=663.0 merge_wall_s=15.24 merge_cpu_s=363.6 map_units=8946 merge_ranges=1008 eff_cores=26.27
event=kink_round H=20 col=29 round=seed frontier_in=312632 map_wall_s=0.025 map_cpu_s=0.453 merge_wall_s=0.000 merge_cpu_s=0.000 map_units=153 merge_ranges=0 map_eff_cores=18.07 merge_eff_cores=0.00
event=kink_round H=20 col=29 round=stage0 frontier_in=312632 map_wall_s=1.733 map_cpu_s=5.344 merge_wall_s=0.098 merge_cpu_s=2.325 map_units=220 merge_ranges=48 map_eff_cores=3.08 merge_eff_cores=23.82
event=kink_round H=20 col=29 round=stage1 frontier_in=586530 map_wall_s=0.143 map_cpu_s=1.829 merge_wall_s=0.090 merge_cpu_s=2.895 map_units=298 merge_ranges=48 map_eff_cores=12.77 merge_eff_cores=32.15
event=kink_round H=20 col=29 round=stage2 frontier_in=1076573 map_wall_s=0.172 map_cpu_s=2.755 merge_wall_s=0.132 merge_cpu_s=4.204 map_units=396 merge_ranges=48 map_eff_cores=15.98 merge_eff_cores=31.80
event=kink_round H=20 col=29 round=stage3 frontier_in=1935138 map_wall_s=0.166 map_cpu_s=3.626 merge_wall_s=0.178 merge_cpu_s=4.980 map_units=406 merge_ranges=48 map_eff_cores=21.78 merge_eff_cores=28.00
event=kink_round H=20 col=29 round=stage4 frontier_in=3409280 map_wall_s=0.173 map_cpu_s=5.232 merge_wall_s=0.231 merge_cpu_s=6.768 map_units=404 merge_ranges=48 map_eff_cores=30.33 merge_eff_cores=29.33
event=kink_round H=20 col=29 round=stage5 frontier_in=5834124 map_wall_s=0.248 map_cpu_s=8.546 merge_wall_s=0.317 merge_cpu_s=8.916 map_units=401 merge_ranges=48 map_eff_cores=34.49 merge_eff_cores=28.13
event=kink_round H=20 col=29 round=stage6 frontier_in=9082994 map_wall_s=0.390 map_cpu_s=14.084 merge_wall_s=0.486 merge_cpu_s=11.511 map_units=405 merge_ranges=48 map_eff_cores=36.14 merge_eff_cores=23.68
event=kink_round H=20 col=29 round=stage7 frontier_in=12870986 map_wall_s=0.519 map_cpu_s=19.308 merge_wall_s=0.591 merge_cpu_s=13.853 map_units=394 merge_ranges=48 map_eff_cores=37.21 merge_eff_cores=23.43
event=kink_round H=20 col=29 round=stage8 frontier_in=16373635 map_wall_s=0.748 map_cpu_s=25.711 merge_wall_s=0.588 merge_cpu_s=14.930 map_units=416 merge_ranges=48 map_eff_cores=34.36 merge_eff_cores=25.39
event=kink_round H=20 col=29 round=stage9 frontier_in=17765983 map_wall_s=0.805 map_cpu_s=27.740 merge_wall_s=0.639 merge_cpu_s=14.936 map_units=422 merge_ranges=48 map_eff_cores=34.46 merge_eff_cores=23.36
event=kink_round H=20 col=29 round=stage10 frontier_in=17924715 map_wall_s=0.775 map_cpu_s=27.411 merge_wall_s=0.647 merge_cpu_s=14.984 map_units=418 merge_ranges=48 map_eff_cores=35.36 merge_eff_cores=23.16
event=kink_round H=20 col=29 round=stage11 frontier_in=17953007 map_wall_s=0.767 map_cpu_s=26.618 merge_wall_s=0.586 merge_cpu_s=14.871 map_units=425 merge_ranges=48 map_eff_cores=34.69 merge_eff_cores=25.36
event=kink_round H=20 col=29 round=stage12 frontier_in=17797363 map_wall_s=0.765 map_cpu_s=26.058 merge_wall_s=0.622 merge_cpu_s=14.545 map_units=427 merge_ranges=48 map_eff_cores=34.08 merge_eff_cores=23.38
event=kink_round H=20 col=29 round=stage13 frontier_in=17501473 map_wall_s=0.842 map_cpu_s=25.200 merge_wall_s=0.620 merge_cpu_s=14.432 map_units=442 merge_ranges=48 map_eff_cores=29.93 merge_eff_cores=23.26
event=kink_round H=20 col=29 round=stage14 frontier_in=17104068 map_wall_s=0.715 map_cpu_s=24.202 merge_wall_s=0.606 merge_cpu_s=13.963 map_units=439 merge_ranges=48 map_eff_cores=33.87 merge_eff_cores=23.03
event=heartbeat H=20 col=29 elapsed_s=17 processed=6334464 rate_per_s=365651 steals=344
event=kink_round H=20 col=29 round=stage15 frontier_in=16664706 map_wall_s=0.733 map_cpu_s=23.041 merge_wall_s=0.573 merge_cpu_s=13.658 map_units=441 merge_ranges=48 map_eff_cores=31.44 merge_eff_cores=23.86
event=kink_round H=20 col=29 round=stage16 frontier_in=16162461 map_wall_s=0.654 map_cpu_s=21.478 merge_wall_s=0.522 merge_cpu_s=13.179 map_units=433 merge_ranges=48 map_eff_cores=32.83 merge_eff_cores=25.27
event=kink_round H=20 col=29 round=stage17 frontier_in=15701398 map_wall_s=0.629 map_cpu_s=20.095 merge_wall_s=0.505 merge_cpu_s=12.576 map_units=430 merge_ranges=48 map_eff_cores=31.97 merge_eff_cores=24.89
event=kink_round H=20 col=29 round=stage18 frontier_in=15202833 map_wall_s=0.542 map_cpu_s=18.837 merge_wall_s=0.502 merge_cpu_s=12.579 map_units=431 merge_ranges=48 map_eff_cores=34.74 merge_eff_cores=25.04
event=kink_round H=20 col=29 round=stage19 frontier_in=15040523 map_wall_s=0.524 map_cpu_s=17.881 merge_wall_s=0.490 merge_cpu_s=11.548 map_units=435 merge_ranges=48 map_eff_cores=34.14 merge_eff_cores=23.55
event=kink_round H=20 col=29 round=finalize frontier_in=13492299 map_wall_s=0.352 map_cpu_s=10.815 merge_wall_s=0.084 merge_cpu_s=2.260 map_units=384 merge_ranges=48 map_eff_cores=30.69 merge_eff_cores=27.03
event=column H=20 col=29 frontier_in=312632 frontier_out=136835 wall_s=22.48 cum_wall_s=43715.0 cpu_s=580.2 rss_max_mb=1120.2 map_wall_s=12.42 map_cpu_s=356.3 merge_wall_s=9.11 merge_cpu_s=223.9 map_units=8620 merge_ranges=1008 eff_cores=25.81
event=kink_round H=20 col=30 round=seed frontier_in=136835 map_wall_s=0.024 map_cpu_s=0.191 merge_wall_s=0.000 merge_cpu_s=0.000 map_units=67 merge_ranges=0 map_eff_cores=8.01 merge_eff_cores=0.00
event=kink_round H=20 col=30 round=stage0 frontier_in=136835 map_wall_s=0.067 map_cpu_s=1.353 merge_wall_s=0.048 merge_cpu_s=1.099 map_units=121 merge_ranges=48 map_eff_cores=20.31 merge_eff_cores=22.86
event=kink_round H=20 col=30 round=stage1 frontier_in=254685 map_wall_s=0.091 map_cpu_s=1.003 merge_wall_s=0.043 merge_cpu_s=1.319 map_units=158 merge_ranges=48 map_eff_cores=11.02 merge_eff_cores=30.99
event=kink_round H=20 col=30 round=stage2 frontier_in=462762 map_wall_s=0.140 map_cpu_s=1.640 merge_wall_s=0.081 merge_cpu_s=2.203 map_units=259 merge_ranges=48 map_eff_cores=11.73 merge_eff_cores=27.36
event=kink_round H=20 col=30 round=stage3 frontier_in=822349 map_wall_s=0.174 map_cpu_s=2.444 merge_wall_s=0.125 merge_cpu_s=3.518 map_units=409 merge_ranges=48 map_eff_cores=14.07 merge_eff_cores=28.23
event=kink_round H=20 col=30 round=stage4 frontier_in=1431341 map_wall_s=0.150 map_cpu_s=2.758 merge_wall_s=0.146 merge_cpu_s=4.037 map_units=395 merge_ranges=48 map_eff_cores=18.42 merge_eff_cores=27.65
event=kink_round H=20 col=30 round=stage5 frontier_in=2438960 map_wall_s=0.187 map_cpu_s=4.016 merge_wall_s=0.201 merge_cpu_s=5.166 map_units=408 merge_ranges=48 map_eff_cores=21.45 merge_eff_cores=25.64
event=kink_round H=20 col=30 round=stage6 frontier_in=3927251 map_wall_s=0.206 map_cpu_s=5.624 merge_wall_s=0.286 merge_cpu_s=6.589 map_units=421 merge_ranges=48 map_eff_cores=27.29 merge_eff_cores=23.07
event=kink_round H=20 col=30 round=stage7 frontier_in=5766891 map_wall_s=0.255 map_cpu_s=7.770 merge_wall_s=0.269 merge_cpu_s=7.698 map_units=404 merge_ranges=48 map_eff_cores=30.47 merge_eff_cores=28.63
event=kink_round H=20 col=30 round=stage8 frontier_in=7860756 map_wall_s=0.363 map_cpu_s=10.590 merge_wall_s=0.390 merge_cpu_s=9.294 map_units=428 merge_ranges=48 map_eff_cores=29.17 merge_eff_cores=23.85
event=kink_round H=20 col=30 round=stage9 frontier_in=9800907 map_wall_s=0.398 map_cpu_s=13.530 merge_wall_s=0.328 merge_cpu_s=9.878 map_units=425 merge_ranges=48 map_eff_cores=34.03 merge_eff_cores=30.15
event=kink_round H=20 col=30 round=stage10 frontier_in=10594083 map_wall_s=0.456 map_cpu_s=14.189 merge_wall_s=0.401 merge_cpu_s=10.057 map_units=430 merge_ranges=48 map_eff_cores=31.13 merge_eff_cores=25.09
event=kink_round H=20 col=30 round=stage11 frontier_in=10582127 map_wall_s=0.433 map_cpu_s=14.060 merge_wall_s=0.413 merge_cpu_s=9.614 map_units=424 merge_ranges=48 map_eff_cores=32.51 merge_eff_cores=23.30
event=kink_round H=20 col=30 round=stage12 frontier_in=10427579 map_wall_s=0.433 map_cpu_s=13.641 merge_wall_s=0.428 merge_cpu_s=9.251 map_units=433 merge_ranges=48 map_eff_cores=31.49 merge_eff_cores=21.61
event=kink_round H=20 col=30 round=stage13 frontier_in=10190175 map_wall_s=0.397 map_cpu_s=13.298 merge_wall_s=0.392 merge_cpu_s=9.397 map_units=433 merge_ranges=48 map_eff_cores=33.46 merge_eff_cores=23.98
event=kink_round H=20 col=30 round=stage14 frontier_in=9894059 map_wall_s=0.372 map_cpu_s=12.827 merge_wall_s=0.394 merge_cpu_s=9.185 map_units=459 merge_ranges=48 map_eff_cores=34.48 merge_eff_cores=23.29
event=kink_round H=20 col=30 round=stage15 frontier_in=9549045 map_wall_s=0.371 map_cpu_s=12.237 merge_wall_s=0.324 merge_cpu_s=8.888 map_units=442 merge_ranges=48 map_eff_cores=33.00 merge_eff_cores=27.40
event=kink_round H=20 col=30 round=stage16 frontier_in=9200555 map_wall_s=0.380 map_cpu_s=11.611 merge_wall_s=0.346 merge_cpu_s=8.517 map_units=444 merge_ranges=48 map_eff_cores=30.52 merge_eff_cores=24.62
event=kink_round H=20 col=30 round=stage17 frontier_in=8841606 map_wall_s=0.361 map_cpu_s=10.828 merge_wall_s=0.325 merge_cpu_s=8.431 map_units=458 merge_ranges=48 map_eff_cores=30.03 merge_eff_cores=25.92
event=kink_round H=20 col=30 round=stage18 frontier_in=8468790 map_wall_s=0.334 map_cpu_s=10.001 merge_wall_s=0.278 merge_cpu_s=8.202 map_units=455 merge_ranges=48 map_eff_cores=29.93 merge_eff_cores=29.54
event=kink_round H=20 col=30 round=stage19 frontier_in=8273820 map_wall_s=0.285 map_cpu_s=9.071 merge_wall_s=0.304 merge_cpu_s=7.521 map_units=448 merge_ranges=48 map_eff_cores=31.87 merge_eff_cores=24.78
event=kink_round H=20 col=30 round=finalize frontier_in=7271553 map_wall_s=0.192 map_cpu_s=5.183 merge_wall_s=0.055 merge_cpu_s=1.028 map_units=382 merge_ranges=35 map_eff_cores=26.94 merge_eff_cores=18.56
event=column H=20 col=30 frontier_in=136835 frontier_out=59743 wall_s=12.28 cum_wall_s=43727.3 cpu_s=318.8 rss_max_mb=1120.2 map_wall_s=6.07 map_cpu_s=177.9 merge_wall_s=5.58 merge_cpu_s=140.9 map_units=8303 merge_ranges=995 eff_cores=25.95
event=kink_round H=20 col=31 round=seed frontier_in=59743 map_wall_s=0.010 map_cpu_s=0.095 merge_wall_s=0.000 merge_cpu_s=0.000 map_units=30 merge_ranges=0 map_eff_cores=9.25 merge_eff_cores=0.00
event=kink_round H=20 col=31 round=stage0 frontier_in=59743 map_wall_s=0.051 map_cpu_s=0.652 merge_wall_s=0.028 merge_cpu_s=0.729 map_units=117 merge_ranges=48 map_eff_cores=12.68 merge_eff_cores=26.32
event=kink_round H=20 col=31 round=stage1 frontier_in=109753 map_wall_s=0.056 map_cpu_s=0.478 merge_wall_s=0.053 merge_cpu_s=0.394 map_units=55 merge_ranges=48 map_eff_cores=8.57 merge_eff_cores=7.47
event=kink_round H=20 col=31 round=stage2 frontier_in=196400 map_wall_s=0.019 map_cpu_s=0.436 merge_wall_s=0.028 merge_cpu_s=0.782 map_units=96 merge_ranges=48 map_eff_cores=22.73 merge_eff_cores=28.01
event=kink_round H=20 col=31 round=stage3 frontier_in=343171 map_wall_s=0.120 map_cpu_s=1.192 merge_wall_s=0.046 merge_cpu_s=1.447 map_units=186 merge_ranges=48 map_eff_cores=9.89 merge_eff_cores=31.29
event=kink_round H=20 col=31 round=stage4 frontier_in=586582 map_wall_s=0.154 map_cpu_s=1.793 merge_wall_s=0.086 merge_cpu_s=2.510 map_units=310 merge_ranges=48 map_eff_cores=11.61 merge_eff_cores=29.29
event=kink_round H=20 col=31 round=stage5 frontier_in=982065 map_wall_s=0.173 map_cpu_s=2.298 merge_wall_s=0.121 merge_cpu_s=3.450 map_units=410 merge_ranges=48 map_eff_cores=13.29 merge_eff_cores=28.48
event=kink_round H=20 col=31 round=stage6 frontier_in=1596582 map_wall_s=0.150 map_cpu_s=2.790 merge_wall_s=0.134 merge_cpu_s=3.940 map_units=401 merge_ranges=48 map_eff_cores=18.57 merge_eff_cores=29.48
event=kink_round H=20 col=31 round=stage7 frontier_in=2396782 map_wall_s=0.200 map_cpu_s=3.688 merge_wall_s=0.178 merge_cpu_s=4.712 map_units=412 merge_ranges=48 map_eff_cores=18.48 merge_eff_cores=26.45
event=kink_round H=20 col=31 round=stage8 frontier_in=3348958 map_wall_s=0.177 map_cpu_s=4.491 merge_wall_s=0.221 merge_cpu_s=5.442 map_units=418 merge_ranges=48 map_eff_cores=25.44 merge_eff_cores=24.65
event=kink_round H=20 col=31 round=stage9 frontier_in=4414727 map_wall_s=0.205 map_cpu_s=5.557 merge_wall_s=0.240 merge_cpu_s=6.196 map_units=426 merge_ranges=48 map_eff_cores=27.15 merge_eff_cores=25.87
event=kink_round H=20 col=31 round=stage10 frontier_in=5412379 map_wall_s=0.200 map_cpu_s=6.710 merge_wall_s=0.214 merge_cpu_s=6.390 map_units=418 merge_ranges=48 map_eff_cores=33.60 merge_eff_cores=29.81
event=kink_round H=20 col=31 round=stage11 frontier_in=5826392 map_wall_s=0.218 map_cpu_s=6.954 merge_wall_s=0.271 merge_cpu_s=6.424 map_units=427 merge_ranges=48 map_eff_cores=31.96 merge_eff_cores=23.68
event=kink_round H=20 col=31 round=stage12 frontier_in=5746962 map_wall_s=0.248 map_cpu_s=6.870 merge_wall_s=0.258 merge_cpu_s=6.371 map_units=438 merge_ranges=48 map_eff_cores=27.70 merge_eff_cores=24.67
event=kink_round H=20 col=31 round=stage13 frontier_in=5586621 map_wall_s=0.241 map_cpu_s=6.625 merge_wall_s=0.255 merge_cpu_s=6.167 map_units=436 merge_ranges=48 map_eff_cores=27.45 merge_eff_cores=24.18
event=kink_round H=20 col=31 round=stage14 frontier_in=5384487 map_wall_s=0.210 map_cpu_s=6.389 merge_wall_s=0.223 merge_cpu_s=6.159 map_units=432 merge_ranges=48 map_eff_cores=30.36 merge_eff_cores=27.58
event=kink_round H=20 col=31 round=stage15 frontier_in=5157789 map_wall_s=0.240 map_cpu_s=6.158 merge_wall_s=0.242 merge_cpu_s=6.055 map_units=450 merge_ranges=48 map_eff_cores=25.66 merge_eff_cores=25.01
event=kink_round H=20 col=31 round=stage16 frontier_in=4909671 map_wall_s=0.237 map_cpu_s=5.727 merge_wall_s=0.223 merge_cpu_s=5.671 map_units=440 merge_ranges=48 map_eff_cores=24.13 merge_eff_cores=25.38
event=kink_round H=20 col=31 round=stage17 frontier_in=4646608 map_wall_s=0.186 map_cpu_s=5.431 merge_wall_s=0.204 merge_cpu_s=5.398 map_units=417 merge_ranges=48 map_eff_cores=29.21 merge_eff_cores=26.46
event=kink_round H=20 col=31 round=stage18 frontier_in=4361174 map_wall_s=0.224 map_cpu_s=4.845 merge_wall_s=0.210 merge_cpu_s=5.648 map_units=438 merge_ranges=48 map_eff_cores=21.61 merge_eff_cores=26.96
event=kink_round H=20 col=31 round=stage19 frontier_in=4136677 map_wall_s=0.181 map_cpu_s=4.370 merge_wall_s=0.201 merge_cpu_s=4.884 map_units=436 merge_ranges=48 map_eff_cores=24.12 merge_eff_cores=24.24
event=kink_round H=20 col=31 round=finalize frontier_in=3433663 map_wall_s=0.112 map_cpu_s=2.403 merge_wall_s=0.039 merge_cpu_s=0.207 map_units=253 merge_ranges=15 map_eff_cores=21.36 merge_eff_cores=5.34
event=column H=20 col=31 frontier_in=59743 frontier_out=25356 wall_s=7.47 cum_wall_s=43734.8 cpu_s=174.9 rss_max_mb=1120.2 map_wall_s=3.61 map_cpu_s=86.0 merge_wall_s=3.48 merge_cpu_s=89.0 map_units=7446 merge_ranges=975 eff_cores=23.43
event=kink_round H=20 col=32 round=seed frontier_in=25356 map_wall_s=0.005 map_cpu_s=0.029 merge_wall_s=0.000 merge_cpu_s=0.000 map_units=13 merge_ranges=0 map_eff_cores=6.42 merge_eff_cores=0.00
event=kink_round H=20 col=32 round=stage0 frontier_in=25356 map_wall_s=0.014 map_cpu_s=0.207 merge_wall_s=0.015 merge_cpu_s=0.173 map_units=65 merge_ranges=23 map_eff_cores=14.79 merge_eff_cores=11.91
event=kink_round H=20 col=32 round=stage1 frontier_in=45740 map_wall_s=0.009 map_cpu_s=0.100 merge_wall_s=0.011 merge_cpu_s=0.143 map_units=23 merge_ranges=23 map_eff_cores=10.95 merge_eff_cores=12.57
event=kink_round H=20 col=32 round=stage2 frontier_in=80272 map_wall_s=0.014 map_cpu_s=0.194 merge_wall_s=0.017 merge_cpu_s=0.315 map_units=40 merge_ranges=40 map_eff_cores=14.02 merge_eff_cores=18.67
event=kink_round H=20 col=32 round=stage3 frontier_in=137425 map_wall_s=0.029 map_cpu_s=0.464 merge_wall_s=0.033 merge_cpu_s=0.775 map_units=92 merge_ranges=48 map_eff_cores=16.16 merge_eff_cores=23.66
event=kink_round H=20 col=32 round=stage4 frontier_in=229954 map_wall_s=0.094 map_cpu_s=1.027 merge_wall_s=0.048 merge_cpu_s=0.993 map_units=139 merge_ranges=48 map_eff_cores=10.91 merge_eff_cores=20.71
event=kink_round H=20 col=32 round=stage5 frontier_in=376644 map_wall_s=0.119 map_cpu_s=1.331 merge_wall_s=0.046 merge_cpu_s=1.507 map_units=201 merge_ranges=48 map_eff_cores=11.23 merge_eff_cores=32.79
event=kink_round H=20 col=32 round=stage6 frontier_in=603474 map_wall_s=0.166 map_cpu_s=1.744 merge_wall_s=0.074 merge_cpu_s=2.350 map_units=309 merge_ranges=48 map_eff_cores=10.53 merge_eff_cores=31.83
event=kink_round H=20 col=32 round=stage7 frontier_in=922562 map_wall_s=0.180 map_cpu_s=2.293 merge_wall_s=0.108 merge_cpu_s=3.126 map_units=401 merge_ranges=48 map_eff_cores=12.72 merge_eff_cores=28.93
event=kink_round H=20 col=32 round=stage8 frontier_in=1307809 map_wall_s=0.171 map_cpu_s=2.649 merge_wall_s=0.124 merge_cpu_s=3.394 map_units=387 merge_ranges=48 map_eff_cores=15.51 merge_eff_cores=27.41
event=kink_round H=20 col=32 round=stage9 frontier_in=1753378 map_wall_s=0.154 map_cpu_s=2.756 merge_wall_s=0.152 merge_cpu_s=3.813 map_units=395 merge_ranges=48 map_eff_cores=17.92 merge_eff_cores=25.15
event=kink_round H=20 col=32 round=stage10 frontier_in=2240190 map_wall_s=0.195 map_cpu_s=3.301 merge_wall_s=0.172 merge_cpu_s=4.293 map_units=436 merge_ranges=48 map_eff_cores=16.96 merge_eff_cores=24.98
event=kink_round H=20 col=32 round=stage11 frontier_in=2700333 map_wall_s=0.181 map_cpu_s=3.598 merge_wall_s=0.172 merge_cpu_s=4.450 map_units=434 merge_ranges=48 map_eff_cores=19.91 merge_eff_cores=25.85
event=kink_round H=20 col=32 round=stage12 frontier_in=2909949 map_wall_s=0.160 map_cpu_s=3.699 merge_wall_s=0.168 merge_cpu_s=4.375 map_units=414 merge_ranges=48 map_eff_cores=23.05 merge_eff_cores=26.02
event=kink_round H=20 col=32 round=stage13 frontier_in=2839225 map_wall_s=0.174 map_cpu_s=3.557 merge_wall_s=0.180 merge_cpu_s=4.440 map_units=438 merge_ranges=48 map_eff_cores=20.41 merge_eff_cores=24.67
event=kink_round H=20 col=32 round=stage14 frontier_in=2730617 map_wall_s=0.158 map_cpu_s=3.372 merge_wall_s=0.166 merge_cpu_s=4.215 map_units=423 merge_ranges=48 map_eff_cores=21.33 merge_eff_cores=25.42
event=kink_round H=20 col=32 round=stage15 frontier_in=2600206 map_wall_s=0.189 map_cpu_s=3.491 merge_wall_s=0.168 merge_cpu_s=4.200 map_units=425 merge_ranges=48 map_eff_cores=18.50 merge_eff_cores=24.95
event=kink_round H=20 col=32 round=stage16 frontier_in=2454535 map_wall_s=0.154 map_cpu_s=3.193 merge_wall_s=0.150 merge_cpu_s=4.031 map_units=440 merge_ranges=48 map_eff_cores=20.70 merge_eff_cores=26.82
event=kink_round H=20 col=32 round=stage17 frontier_in=2297316 map_wall_s=0.160 map_cpu_s=3.133 merge_wall_s=0.146 merge_cpu_s=3.993 map_units=435 merge_ranges=48 map_eff_cores=19.61 merge_eff_cores=27.26
event=kink_round H=20 col=32 round=stage18 frontier_in=2127970 map_wall_s=0.158 map_cpu_s=2.928 merge_wall_s=0.128 merge_cpu_s=3.732 map_units=414 merge_ranges=48 map_eff_cores=18.50 merge_eff_cores=29.15
event=kink_round H=20 col=32 round=stage19 frontier_in=1975150 map_wall_s=0.198 map_cpu_s=2.801 merge_wall_s=0.163 merge_cpu_s=3.296 map_units=439 merge_ranges=48 map_eff_cores=14.16 merge_eff_cores=20.24
event=kink_round H=20 col=32 round=finalize frontier_in=1598484 map_wall_s=0.082 map_cpu_s=1.058 merge_wall_s=0.015 merge_cpu_s=0.047 map_units=175 merge_ranges=6 map_eff_cores=12.86 merge_eff_cores=3.08
event=column H=20 col=32 frontier_in=25356 frontier_out=10315 wall_s=5.24 cum_wall_s=43740.0 cpu_s=104.6 rss_max_mb=1120.2 map_wall_s=2.76 map_cpu_s=46.9 merge_wall_s=2.26 merge_cpu_s=57.7 map_units=6538 merge_ranges=908 eff_cores=19.95
event=kink_round H=20 col=33 round=seed frontier_in=10315 map_wall_s=0.003 map_cpu_s=0.012 merge_wall_s=0.000 merge_cpu_s=0.000 map_units=6 merge_ranges=0 map_eff_cores=3.98 merge_eff_cores=0.00
event=kink_round H=20 col=33 round=stage0 frontier_in=10315 map_wall_s=0.005 map_cpu_s=0.019 merge_wall_s=0.004 merge_cpu_s=0.018 map_units=6 merge_ranges=6 map_eff_cores=4.18 merge_eff_cores=4.06
event=kink_round H=20 col=33 round=stage1 frontier_in=18232 map_wall_s=0.005 map_cpu_s=0.028 merge_wall_s=0.005 merge_cpu_s=0.031 map_units=9 merge_ranges=9 map_eff_cores=5.78 merge_eff_cores=6.32
event=kink_round H=20 col=33 round=stage2 frontier_in=31349 map_wall_s=0.007 map_cpu_s=0.060 merge_wall_s=0.007 merge_cpu_s=0.073 map_units=18 merge_ranges=18 map_eff_cores=8.34 merge_eff_cores=9.74
event=kink_round H=20 col=33 round=stage3 frontier_in=52550 map_wall_s=0.010 map_cpu_s=0.115 merge_wall_s=0.014 merge_cpu_s=0.189 map_units=35 merge_ranges=35 map_eff_cores=11.46 merge_eff_cores=13.93
event=kink_round H=20 col=33 round=stage4 frontier_in=86016 map_wall_s=0.017 map_cpu_s=0.217 merge_wall_s=0.021 merge_cpu_s=0.379 map_units=59 merge_ranges=48 map_eff_cores=13.01 merge_eff_cores=18.16
event=kink_round H=20 col=33 round=stage5 frontier_in=137669 map_wall_s=0.024 map_cpu_s=0.384 merge_wall_s=0.025 merge_cpu_s=0.543 map_units=69 merge_ranges=48 map_eff_cores=15.78 merge_eff_cores=22.16
event=kink_round H=20 col=33 round=stage6 frontier_in=215679 map_wall_s=0.024 map_cpu_s=0.502 merge_wall_s=0.045 merge_cpu_s=0.981 map_units=120 merge_ranges=48 map_eff_cores=20.64 merge_eff_cores=21.98
event=kink_round H=20 col=33 round=stage7 frontier_in=329356 map_wall_s=0.101 map_cpu_s=1.279 merge_wall_s=0.063 merge_cpu_s=1.233 map_units=179 merge_ranges=48 map_eff_cores=12.64 merge_eff_cores=19.49
event=kink_round H=20 col=33 round=stage8 frontier_in=471960 map_wall_s=0.135 map_cpu_s=1.550 merge_wall_s=0.070 merge_cpu_s=1.722 map_units=250 merge_ranges=48 map_eff_cores=11.46 merge_eff_cores=24.47
event=kink_round H=20 col=33 round=stage9 frontier_in=636925 map_wall_s=0.159 map_cpu_s=1.774 merge_wall_s=0.096 merge_cpu_s=2.188 map_units=329 merge_ranges=48 map_eff_cores=11.13 merge_eff_cores=22.74
event=kink_round H=20 col=33 round=stage10 frontier_in=822671 map_wall_s=0.152 map_cpu_s=2.071 merge_wall_s=0.094 merge_cpu_s=2.928 map_units=399 merge_ranges=48 map_eff_cores=13.67 merge_eff_cores=31.11
event=kink_round H=20 col=33 round=stage11 frontier_in=1021549 map_wall_s=0.167 map_cpu_s=2.285 merge_wall_s=0.099 merge_cpu_s=3.041 map_units=395 merge_ranges=48 map_eff_cores=13.71 merge_eff_cores=30.79
event=kink_round H=20 col=33 round=stage12 frontier_in=1211285 map_wall_s=0.165 map_cpu_s=2.278 merge_wall_s=0.103 merge_cpu_s=3.206 map_units=419 merge_ranges=48 map_eff_cores=13.81 merge_eff_cores=31.13
event=kink_round H=20 col=33 round=stage13 frontier_in=1305822 map_wall_s=0.179 map_cpu_s=2.573 merge_wall_s=0.118 merge_cpu_s=3.048 map_units=393 merge_ranges=48 map_eff_cores=14.38 merge_eff_cores=25.94
event=kink_round H=20 col=33 round=stage14 frontier_in=1262602 map_wall_s=0.155 map_cpu_s=2.363 merge_wall_s=0.091 merge_cpu_s=2.889 map_units=386 merge_ranges=48 map_eff_cores=15.21 merge_eff_cores=31.58
event=kink_round H=20 col=33 round=stage15 frontier_in=1199766 map_wall_s=0.179 map_cpu_s=2.356 merge_wall_s=0.090 merge_cpu_s=2.839 map_units=395 merge_ranges=48 map_eff_cores=13.14 merge_eff_cores=31.69
event=kink_round H=20 col=33 round=stage16 frontier_in=1124492 map_wall_s=0.175 map_cpu_s=2.199 merge_wall_s=0.085 merge_cpu_s=2.939 map_units=398 merge_ranges=48 map_eff_cores=12.59 merge_eff_cores=34.71
event=kink_round H=20 col=33 round=stage17 frontier_in=1040872 map_wall_s=0.174 map_cpu_s=2.109 merge_wall_s=0.107 merge_cpu_s=2.958 map_units=411 merge_ranges=48 map_eff_cores=12.11 merge_eff_cores=27.55
event=kink_round H=20 col=33 round=stage18 frontier_in=947910 map_wall_s=0.140 map_cpu_s=2.148 merge_wall_s=0.108 merge_cpu_s=2.715 map_units=385 merge_ranges=48 map_eff_cores=15.30 merge_eff_cores=25.20
event=kink_round H=20 col=33 round=stage19 frontier_in=855230 map_wall_s=0.159 map_cpu_s=1.952 merge_wall_s=0.091 merge_cpu_s=2.488 map_units=385 merge_ranges=48 map_eff_cores=12.30 merge_eff_cores=27.48
event=kink_round H=20 col=33 round=finalize frontier_in=669283 map_wall_s=0.111 map_cpu_s=0.414 merge_wall_s=0.010 merge_cpu_s=0.013 map_units=111 merge_ranges=3 map_eff_cores=3.74 merge_eff_cores=1.34
event=column H=20 col=33 frontier_in=10315 frontier_out=4046 wall_s=3.71 cum_wall_s=43743.7 cpu_s=65.1 rss_max_mb=1120.2 map_wall_s=2.25 map_cpu_s=28.7 merge_wall_s=1.34 merge_cpu_s=36.4 map_units=5157 merge_ranges=839 eff_cores=17.55
event=kink_round H=20 col=34 round=seed frontier_in=4046 map_wall_s=0.003 map_cpu_s=0.004 merge_wall_s=0.000 merge_cpu_s=0.000 map_units=2 merge_ranges=0 map_eff_cores=1.42 merge_eff_cores=0.00
event=kink_round H=20 col=34 round=stage0 frontier_in=4046 map_wall_s=0.004 map_cpu_s=0.006 merge_wall_s=0.004 merge_cpu_s=0.006 map_units=2 merge_ranges=2 map_eff_cores=1.59 merge_eff_cores=1.71
event=kink_round H=20 col=34 round=stage1 frontier_in=7024 map_wall_s=0.003 map_cpu_s=0.010 merge_wall_s=0.003 merge_cpu_s=0.010 map_units=4 merge_ranges=4 map_eff_cores=2.92 merge_eff_cores=2.93
event=kink_round H=20 col=34 round=stage2 frontier_in=11843 map_wall_s=0.004 map_cpu_s=0.019 merge_wall_s=0.004 merge_cpu_s=0.018 map_units=6 merge_ranges=6 map_eff_cores=4.46 merge_eff_cores=4.53
event=kink_round H=20 col=34 round=stage3 frontier_in=19426 map_wall_s=0.005 map_cpu_s=0.030 merge_wall_s=0.005 merge_cpu_s=0.031 map_units=10 merge_ranges=10 map_eff_cores=6.22 merge_eff_cores=5.73
event=kink_round H=20 col=34 round=stage4 frontier_in=31047 map_wall_s=0.005 map_cpu_s=0.046 merge_wall_s=0.006 merge_cpu_s=0.059 map_units=16 merge_ranges=16 map_eff_cores=9.29 merge_eff_cores=9.89
event=kink_round H=20 col=34 round=stage5 frontier_in=48427 map_wall_s=0.006 map_cpu_s=0.073 merge_wall_s=0.009 merge_cpu_s=0.109 map_units=24 merge_ranges=24 map_eff_cores=12.70 merge_eff_cores=12.45
event=kink_round H=20 col=34 round=stage6 frontier_in=73844 map_wall_s=0.009 map_cpu_s=0.155 merge_wall_s=0.013 merge_cpu_s=0.231 map_units=37 merge_ranges=37 map_eff_cores=16.60 merge_eff_cores=17.45
event=kink_round H=20 col=34 round=stage7 frontier_in=110177 map_wall_s=0.018 map_cpu_s=0.298 merge_wall_s=0.021 merge_cpu_s=0.417 map_units=60 merge_ranges=48 map_eff_cores=16.12 merge_eff_cores=20.25
event=kink_round H=20 col=34 round=stage8 frontier_in=158686 map_wall_s=0.029 map_cpu_s=0.439 merge_wall_s=0.030 merge_cpu_s=0.648 map_units=92 merge_ranges=48 map_eff_cores=15.06 merge_eff_cores=21.83
event=kink_round H=20 col=34 round=stage9 frontier_in=214286 map_wall_s=0.083 map_cpu_s=0.849 merge_wall_s=0.033 merge_cpu_s=0.676 map_units=110 merge_ranges=48 map_eff_cores=10.20 merge_eff_cores=20.31
event=kink_round H=20 col=34 round=stage10 frontier_in=276083 map_wall_s=0.101 map_cpu_s=0.953 merge_wall_s=0.044 merge_cpu_s=0.938 map_units=144 merge_ranges=48 map_eff_cores=9.46 merge_eff_cores=21.24
event=kink_round H=20 col=34 round=stage11 frontier_in=343135 map_wall_s=0.115 map_cpu_s=1.094 merge_wall_s=0.047 merge_cpu_s=1.108 map_units=182 merge_ranges=48 map_eff_cores=9.52 merge_eff_cores=23.34
event=kink_round H=20 col=34 round=stage12 frontier_in=413867 map_wall_s=0.133 map_cpu_s=1.330 merge_wall_s=0.047 merge_cpu_s=1.431 map_units=211 merge_ranges=48 map_eff_cores=10.02 merge_eff_cores=30.69
event=kink_round H=20 col=34 round=stage13 frontier_in=479783 map_wall_s=0.151 map_cpu_s=1.464 merge_wall_s=0.046 merge_cpu_s=1.592 map_units=244 merge_ranges=48 map_eff_cores=9.66 merge_eff_cores=34.79
event=kink_round H=20 col=34 round=stage14 frontier_in=514619 map_wall_s=0.162 map_cpu_s=1.580 merge_wall_s=0.075 merge_cpu_s=1.664 map_units=259 merge_ranges=48 map_eff_cores=9.77 merge_eff_cores=22.19
event=kink_round H=20 col=34 round=stage15 frontier_in=492131 map_wall_s=0.137 map_cpu_s=1.381 merge_wall_s=0.059 merge_cpu_s=1.542 map_units=253 merge_ranges=48 map_eff_cores=10.05 merge_eff_cores=26.10
event=kink_round H=20 col=34 round=stage16 frontier_in=459558 map_wall_s=0.146 map_cpu_s=1.396 merge_wall_s=0.042 merge_cpu_s=1.422 map_units=236 merge_ranges=48 map_eff_cores=9.57 merge_eff_cores=34.25
event=kink_round H=20 col=34 round=stage17 frontier_in=420158 map_wall_s=0.153 map_cpu_s=1.322 merge_wall_s=0.046 merge_cpu_s=1.320 map_units=217 merge_ranges=48 map_eff_cores=8.63 merge_eff_cores=28.75
event=kink_round H=20 col=34 round=stage18 frontier_in=374593 map_wall_s=0.137 map_cpu_s=1.129 merge_wall_s=0.037 merge_cpu_s=1.252 map_units=201 merge_ranges=48 map_eff_cores=8.22 merge_eff_cores=33.74
event=kink_round H=20 col=34 round=stage19 frontier_in=326237 map_wall_s=0.141 map_cpu_s=1.030 merge_wall_s=0.033 merge_cpu_s=1.058 map_units=174 merge_ranges=48 map_eff_cores=7.30 merge_eff_cores=32.42
event=kink_round H=20 col=34 round=finalize frontier_in=244365 map_wall_s=0.079 map_cpu_s=0.156 merge_wall_s=0.039 merge_cpu_s=0.002 map_units=35 merge_ranges=1 map_eff_cores=1.97 merge_eff_cores=0.05
event=column H=20 col=34 frontier_in=4046 frontier_out=1556 wall_s=2.32 cum_wall_s=43746.1 cpu_s=30.3 rss_max_mb=1120.2 map_wall_s=1.63 map_cpu_s=14.8 merge_wall_s=0.64 merge_cpu_s=15.5 map_units=2519 merge_ranges=724 eff_cores=13.04
event=kink_round H=20 col=35 round=seed frontier_in=1556 map_wall_s=0.002 map_cpu_s=0.002 merge_wall_s=0.000 merge_cpu_s=0.000 map_units=1 merge_ranges=0 map_eff_cores=0.96 merge_eff_cores=0.00
event=kink_round H=20 col=35 round=stage0 frontier_in=1556 map_wall_s=0.003 map_cpu_s=0.002 merge_wall_s=0.002 merge_cpu_s=0.002 map_units=1 merge_ranges=1 map_eff_cores=0.73 merge_eff_cores=0.81
event=kink_round H=20 col=35 round=stage1 frontier_in=2654 map_wall_s=0.003 map_cpu_s=0.004 merge_wall_s=0.002 merge_cpu_s=0.004 map_units=2 merge_ranges=2 map_eff_cores=1.41 merge_eff_cores=1.66
event=kink_round H=20 col=35 round=stage2 frontier_in=4377 map_wall_s=0.006 map_cpu_s=0.009 merge_wall_s=0.003 merge_cpu_s=0.006 map_units=3 merge_ranges=3 map_eff_cores=1.51 merge_eff_cores=2.20
event=kink_round H=20 col=35 round=stage3 frontier_in=6994 map_wall_s=0.006 map_cpu_s=0.016 merge_wall_s=0.004 merge_cpu_s=0.009 map_units=4 merge_ranges=4 map_eff_cores=2.77 merge_eff_cores=2.49
event=kink_round H=20 col=35 round=stage4 frontier_in=10856 map_wall_s=0.003 map_cpu_s=0.016 merge_wall_s=0.004 merge_cpu_s=0.013 map_units=6 merge_ranges=6 map_eff_cores=4.61 merge_eff_cores=3.33
event=kink_round H=20 col=35 round=stage5 frontier_in=16411 map_wall_s=0.005 map_cpu_s=0.025 merge_wall_s=0.004 merge_cpu_s=0.022 map_units=9 merge_ranges=9 map_eff_cores=5.47 merge_eff_cores=6.06
event=kink_round H=20 col=35 round=stage6 frontier_in=24219 map_wall_s=0.004 map_cpu_s=0.035 merge_wall_s=0.005 merge_cpu_s=0.036 map_units=12 merge_ranges=12 map_eff_cores=7.99 merge_eff_cores=7.43
event=kink_round H=20 col=35 round=stage7 frontier_in=34964 map_wall_s=0.006 map_cpu_s=0.052 merge_wall_s=0.006 merge_cpu_s=0.059 map_units=18 merge_ranges=18 map_eff_cores=9.24 merge_eff_cores=10.22
event=kink_round H=20 col=35 round=stage8 frontier_in=49379 map_wall_s=0.006 map_cpu_s=0.072 merge_wall_s=0.010 merge_cpu_s=0.113 map_units=25 merge_ranges=25 map_eff_cores=11.91 merge_eff_cores=11.84
event=kink_round H=20 col=35 round=stage9 frontier_in=66379 map_wall_s=0.009 map_cpu_s=0.099 merge_wall_s=0.011 merge_cpu_s=0.204 map_units=37 merge_ranges=37 map_eff_cores=10.47 merge_eff_cores=19.30
event=kink_round H=20 col=35 round=stage10 frontier_in=84631 map_wall_s=0.012 map_cpu_s=0.148 merge_wall_s=0.014 merge_cpu_s=0.294 map_units=47 merge_ranges=47 map_eff_cores=12.64 merge_eff_cores=21.24
event=kink_round H=20 col=35 round=stage11 frontier_in=103898 map_wall_s=0.016 map_cpu_s=0.198 merge_wall_s=0.016 merge_cpu_s=0.409 map_units=58 merge_ranges=48 map_eff_cores=12.52 merge_eff_cores=25.47
event=kink_round H=20 col=35 round=stage12 frontier_in=124377 map_wall_s=0.025 map_cpu_s=0.227 merge_wall_s=0.026 merge_cpu_s=0.652 map_units=91 merge_ranges=48 map_eff_cores=9.09 merge_eff_cores=24.78
event=kink_round H=20 col=35 round=stage13 frontier_in=144321 map_wall_s=0.058 map_cpu_s=0.627 merge_wall_s=0.040 merge_cpu_s=0.375 map_units=76 merge_ranges=48 map_eff_cores=10.79 merge_eff_cores=9.37
event=kink_round H=20 col=35 round=stage14 frontier_in=162104 map_wall_s=0.039 map_cpu_s=0.537 merge_wall_s=0.026 merge_cpu_s=0.516 map_units=94 merge_ranges=48 map_eff_cores=13.66 merge_eff_cores=19.86
event=kink_round H=20 col=35 round=stage15 frontier_in=171205 map_wall_s=0.084 map_cpu_s=0.811 merge_wall_s=0.018 merge_cpu_s=0.563 map_units=102 merge_ranges=48 map_eff_cores=9.64 merge_eff_cores=31.36
event=kink_round H=20 col=35 round=stage16 frontier_in=160821 map_wall_s=0.081 map_cpu_s=0.579 merge_wall_s=0.039 merge_cpu_s=0.316 map_units=83 merge_ranges=48 map_eff_cores=7.14 merge_eff_cores=8.01
event=kink_round H=20 col=35 round=stage17 frontier_in=145458 map_wall_s=0.061 map_cpu_s=0.435 merge_wall_s=0.014 merge_cpu_s=0.369 map_units=74 merge_ranges=48 map_eff_cores=7.08 merge_eff_cores=27.00
event=kink_round H=20 col=35 round=stage18 frontier_in=126537 map_wall_s=0.047 map_cpu_s=0.424 merge_wall_s=0.019 merge_cpu_s=0.374 map_units=72 merge_ranges=48 map_eff_cores=9.08 merge_eff_cores=19.27
event=kink_round H=20 col=35 round=stage19 frontier_in=105793 map_wall_s=0.030 map_cpu_s=0.362 merge_wall_s=0.012 merge_cpu_s=0.236 map_units=64 merge_ranges=37 map_eff_cores=11.88 merge_eff_cores=20.37
event=kink_round H=20 col=35 round=finalize frontier_in=75127 map_wall_s=0.006 map_cpu_s=0.072 merge_wall_s=0.001 merge_cpu_s=0.001 map_units=11 merge_ranges=1 map_eff_cores=11.21 merge_eff_cores=0.71
event=column H=20 col=35 frontier_in=1556 frontier_out=597 wall_s=0.83 cum_wall_s=43746.9 cpu_s=9.3 rss_max_mb=1120.2 map_wall_s=0.51 map_cpu_s=4.8 merge_wall_s=0.28 merge_cpu_s=4.6 map_units=890 merge_ranges=586 eff_cores=11.30
event=kink_round H=20 col=36 round=seed frontier_in=597 map_wall_s=0.002 map_cpu_s=0.001 merge_wall_s=0.000 merge_cpu_s=0.000 map_units=1 merge_ranges=0 map_eff_cores=0.56 merge_eff_cores=0.00
event=kink_round H=20 col=36 round=stage0 frontier_in=597 map_wall_s=0.002 map_cpu_s=0.001 merge_wall_s=0.001 merge_cpu_s=0.001 map_units=1 merge_ranges=1 map_eff_cores=0.58 merge_eff_cores=0.82
event=kink_round H=20 col=36 round=stage1 frontier_in=990 map_wall_s=0.002 map_cpu_s=0.002 merge_wall_s=0.002 merge_cpu_s=0.001 map_units=1 merge_ranges=1 map_eff_cores=1.04 merge_eff_cores=0.55
event=kink_round H=20 col=36 round=stage2 frontier_in=1580 map_wall_s=0.003 map_cpu_s=0.002 merge_wall_s=0.002 merge_cpu_s=0.002 map_units=1 merge_ranges=1 map_eff_cores=0.75 merge_eff_cores=0.82
event=kink_round H=20 col=36 round=stage3 frontier_in=2435 map_wall_s=0.003 map_cpu_s=0.004 merge_wall_s=0.003 merge_cpu_s=0.004 map_units=2 merge_ranges=2 map_eff_cores=1.49 merge_eff_cores=1.53
event=kink_round H=20 col=36 round=stage4 frontier_in=3637 map_wall_s=0.003 map_cpu_s=0.005 merge_wall_s=0.002 merge_cpu_s=0.004 map_units=2 merge_ranges=2 map_eff_cores=1.65 merge_eff_cores=1.71
event=kink_round H=20 col=36 round=stage5 frontier_in=5282 map_wall_s=0.004 map_cpu_s=0.011 merge_wall_s=0.004 merge_cpu_s=0.008 map_units=3 merge_ranges=3 map_eff_cores=2.51 merge_eff_cores=1.98
event=kink_round H=20 col=36 round=stage6 frontier_in=7480 map_wall_s=0.004 map_cpu_s=0.013 merge_wall_s=0.003 merge_cpu_s=0.009 map_units=4 merge_ranges=4 map_eff_cores=3.07 merge_eff_cores=2.76
event=kink_round H=20 col=36 round=stage7 frontier_in=10355 map_wall_s=0.005 map_cpu_s=0.018 merge_wall_s=0.004 merge_cpu_s=0.013 map_units=6 merge_ranges=6 map_eff_cores=3.73 merge_eff_cores=3.25
event=kink_round H=20 col=36 round=stage8 frontier_in=14042 map_wall_s=0.004 map_cpu_s=0.017 merge_wall_s=0.004 merge_cpu_s=0.015 map_units=7 merge_ranges=7 map_eff_cores=4.01 merge_eff_cores=4.12
event=kink_round H=20 col=36 round=stage9 frontier_in=18563 map_wall_s=0.004 map_cpu_s=0.025 merge_wall_s=0.004 merge_cpu_s=0.023 map_units=10 merge_ranges=10 map_eff_cores=6.30 merge_eff_cores=5.77
event=kink_round H=20 col=36 round=stage10 frontier_in=23233 map_wall_s=0.006 map_cpu_s=0.052 merge_wall_s=0.005 merge_cpu_s=0.033 map_units=12 merge_ranges=12 map_eff_cores=8.37 merge_eff_cores=6.76
event=kink_round H=20 col=36 round=stage11 frontier_in=27909 map_wall_s=0.009 map_cpu_s=0.060 merge_wall_s=0.006 merge_cpu_s=0.048 map_units=20 merge_ranges=16 map_eff_cores=7.00 merge_eff_cores=8.43
event=kink_round H=20 col=36 round=stage12 frontier_in=32705 map_wall_s=0.010 map_cpu_s=0.073 merge_wall_s=0.008 merge_cpu_s=0.065 map_units=25 merge_ranges=19 map_eff_cores=7.02 merge_eff_cores=8.49
event=kink_round H=20 col=36 round=stage13 frontier_in=37098 map_wall_s=0.006 map_cpu_s=0.061 merge_wall_s=0.006 merge_cpu_s=0.063 map_units=19 merge_ranges=19 map_eff_cores=10.56 merge_eff_cores=10.36
event=kink_round H=20 col=36 round=stage14 frontier_in=41054 map_wall_s=0.008 map_cpu_s=0.059 merge_wall_s=0.007 merge_cpu_s=0.079 map_units=25 merge_ranges=22 map_eff_cores=7.09 merge_eff_cores=11.04
event=kink_round H=20 col=36 round=stage15 frontier_in=44252 map_wall_s=0.008 map_cpu_s=0.088 merge_wall_s=0.013 merge_cpu_s=0.114 map_units=43 merge_ranges=23 map_eff_cores=11.30 merge_eff_cores=8.99
event=kink_round H=20 col=36 round=stage16 frontier_in=45334 map_wall_s=0.007 map_cpu_s=0.091 merge_wall_s=0.008 merge_cpu_s=0.090 map_units=23 merge_ranges=21 map_eff_cores=12.76 merge_eff_cores=11.55
event=kink_round H=20 col=36 round=stage17 frontier_in=41038 map_wall_s=0.008 map_cpu_s=0.081 merge_wall_s=0.007 merge_cpu_s=0.076 map_units=23 merge_ranges=18 map_eff_cores=10.14 merge_eff_cores=10.25
event=kink_round H=20 col=36 round=stage18 frontier_in=34844 map_wall_s=0.007 map_cpu_s=0.063 merge_wall_s=0.008 merge_cpu_s=0.044 map_units=18 merge_ranges=14 map_eff_cores=8.83 merge_eff_cores=5.62
event=kink_round H=20 col=36 round=stage19 frontier_in=27824 map_wall_s=0.008 map_cpu_s=0.047 merge_wall_s=0.007 merge_cpu_s=0.035 map_units=25 merge_ranges=10 map_eff_cores=6.26 merge_eff_cores=4.95
event=kink_round H=20 col=36 round=finalize frontier_in=18505 map_wall_s=0.004 map_cpu_s=0.029 merge_wall_s=0.001 merge_cpu_s=0.001 map_units=3 merge_ranges=1 map_eff_cores=6.68 merge_eff_cores=0.78
event=column H=20 col=36 frontier_in=597 frontier_out=223 wall_s=0.24 cum_wall_s=43747.1 cpu_s=1.5 rss_max_mb=1120.2 map_wall_s=0.12 map_cpu_s=0.8 merge_wall_s=0.10 merge_cpu_s=0.7 map_units=274 merge_ranges=212 eff_cores=6.38
event=kink_round H=20 col=37 round=seed frontier_in=223 map_wall_s=0.001 map_cpu_s=0.001 merge_wall_s=0.000 merge_cpu_s=0.000 map_units=1 merge_ranges=0 map_eff_cores=0.81 merge_eff_cores=0.00
event=kink_round H=20 col=37 round=stage0 frontier_in=223 map_wall_s=0.002 map_cpu_s=0.001 merge_wall_s=0.001 merge_cpu_s=0.001 map_units=1 merge_ranges=1 map_eff_cores=0.63 merge_eff_cores=0.73
event=kink_round H=20 col=37 round=stage1 frontier_in=359 map_wall_s=0.002 map_cpu_s=0.002 merge_wall_s=0.002 merge_cpu_s=0.002 map_units=1 merge_ranges=1 map_eff_cores=1.00 merge_eff_cores=1.06
event=kink_round H=20 col=37 round=stage2 frontier_in=550 map_wall_s=0.003 map_cpu_s=0.002 merge_wall_s=0.002 merge_cpu_s=0.002 map_units=1 merge_ranges=1 map_eff_cores=0.79 merge_eff_cores=0.81
event=kink_round H=20 col=37 round=stage3 frontier_in=809 map_wall_s=0.002 map_cpu_s=0.002 merge_wall_s=0.002 merge_cpu_s=0.002 map_units=1 merge_ranges=1 map_eff_cores=0.87 merge_eff_cores=0.85
event=kink_round H=20 col=37 round=stage4 frontier_in=1149 map_wall_s=0.004 map_cpu_s=0.004 merge_wall_s=0.003 merge_cpu_s=0.002 map_units=1 merge_ranges=1 map_eff_cores=1.04 merge_eff_cores=0.71
event=kink_round H=20 col=37 round=stage5 frontier_in=1583 map_wall_s=0.005 map_cpu_s=0.004 merge_wall_s=0.003 merge_cpu_s=0.003 map_units=1 merge_ranges=1 map_eff_cores=0.78 merge_eff_cores=1.01
event=kink_round H=20 col=37 round=stage6 frontier_in=2124 map_wall_s=0.004 map_cpu_s=0.007 merge_wall_s=0.003 merge_cpu_s=0.005 map_units=2 merge_ranges=2 map_eff_cores=1.80 merge_eff_cores=1.44
event=kink_round H=20 col=37 round=stage7 frontier_in=2785 map_wall_s=0.004 map_cpu_s=0.005 merge_wall_s=0.003 merge_cpu_s=0.004 map_units=2 merge_ranges=2 map_eff_cores=1.23 merge_eff_cores=1.39
event=kink_round H=20 col=37 round=stage8 frontier_in=3579 map_wall_s=0.006 map_cpu_s=0.010 merge_wall_s=0.005 merge_cpu_s=0.008 map_units=2 merge_ranges=2 map_eff_cores=1.57 merge_eff_cores=1.72
event=kink_round H=20 col=37 round=stage9 frontier_in=4516 map_wall_s=0.005 map_cpu_s=0.013 merge_wall_s=0.003 merge_cpu_s=0.007 map_units=3 merge_ranges=3 map_eff_cores=2.52 merge_eff_cores=2.04
event=kink_round H=20 col=37 round=stage10 frontier_in=5493 map_wall_s=0.006 map_cpu_s=0.014 merge_wall_s=0.005 merge_cpu_s=0.011 map_units=3 merge_ranges=3 map_eff_cores=2.33 merge_eff_cores=2.25
event=kink_round H=20 col=37 round=stage11 frontier_in=6398 map_wall_s=0.005 map_cpu_s=0.017 merge_wall_s=0.003 merge_cpu_s=0.009 map_units=4 merge_ranges=4 map_eff_cores=3.20 merge_eff_cores=2.77
event=kink_round H=20 col=37 round=stage12 frontier_in=7233 map_wall_s=0.006 map_cpu_s=0.017 merge_wall_s=0.005 merge_cpu_s=0.014 map_units=4 merge_ranges=4 map_eff_cores=2.86 merge_eff_cores=3.07
event=kink_round H=20 col=37 round=stage13 frontier_in=7893 map_wall_s=0.006 map_cpu_s=0.014 merge_wall_s=0.005 merge_cpu_s=0.015 map_units=4 merge_ranges=4 map_eff_cores=2.35 merge_eff_cores=2.86
event=kink_round H=20 col=37 round=stage14 frontier_in=8431 map_wall_s=0.005 map_cpu_s=0.019 merge_wall_s=0.005 merge_cpu_s=0.015 map_units=5 merge_ranges=5 map_eff_cores=3.82 merge_eff_cores=3.29
event=kink_round H=20 col=37 round=stage15 frontier_in=8818 map_wall_s=0.006 map_cpu_s=0.021 merge_wall_s=0.004 merge_cpu_s=0.015 map_units=5 merge_ranges=5 map_eff_cores=3.70 merge_eff_cores=3.71
event=kink_round H=20 col=37 round=stage16 frontier_in=8996 map_wall_s=0.006 map_cpu_s=0.020 merge_wall_s=0.003 merge_cpu_s=0.012 map_units=5 merge_ranges=5 map_eff_cores=3.53 merge_eff_cores=3.44
event=kink_round H=20 col=37 round=stage17 frontier_in=8773 map_wall_s=0.005 map_cpu_s=0.020 merge_wall_s=0.005 merge_cpu_s=0.015 map_units=5 merge_ranges=4 map_eff_cores=3.65 merge_eff_cores=3.28
event=kink_round H=20 col=37 round=stage18 frontier_in=7383 map_wall_s=0.005 map_cpu_s=0.014 merge_wall_s=0.004 merge_cpu_s=0.011 map_units=4 merge_ranges=3 map_eff_cores=3.07 merge_eff_cores=2.58
event=kink_round H=20 col=37 round=stage19 frontier_in=5618 map_wall_s=0.004 map_cpu_s=0.010 merge_wall_s=0.004 merge_cpu_s=0.005 map_units=3 merge_ranges=2 map_eff_cores=2.41 merge_eff_cores=1.39
event=kink_round H=20 col=37 round=finalize frontier_in=3441 map_wall_s=0.004 map_cpu_s=0.006 merge_wall_s=0.001 merge_cpu_s=0.001 map_units=1 merge_ranges=1 map_eff_cores=1.60 merge_eff_cores=0.74
event=column H=20 col=37 frontier_in=223 frontier_out=85 wall_s=0.17 cum_wall_s=43747.3 cpu_s=0.4 rss_max_mb=1120.2 map_wall_s=0.10 map_cpu_s=0.2 merge_wall_s=0.07 merge_cpu_s=0.2 map_units=59 merge_ranges=55 eff_cores=2.20
event=kink_round H=20 col=38 round=seed frontier_in=85 map_wall_s=0.001 map_cpu_s=0.001 merge_wall_s=0.000 merge_cpu_s=0.000 map_units=1 merge_ranges=0 map_eff_cores=1.00 merge_eff_cores=0.00
event=kink_round H=20 col=38 round=stage0 frontier_in=85 map_wall_s=0.001 map_cpu_s=0.000 merge_wall_s=0.001 merge_cpu_s=0.001 map_units=1 merge_ranges=1 map_eff_cores=0.00 merge_eff_cores=0.95
event=kink_round H=20 col=38 round=stage1 frontier_in=127 map_wall_s=0.001 map_cpu_s=0.001 merge_wall_s=0.001 merge_cpu_s=0.001 map_units=1 merge_ranges=1 map_eff_cores=0.86 merge_eff_cores=0.88
event=kink_round H=20 col=38 round=stage2 frontier_in=181 map_wall_s=0.001 map_cpu_s=0.001 merge_wall_s=0.001 merge_cpu_s=0.001 map_units=1 merge_ranges=1 map_eff_cores=0.77 merge_eff_cores=0.81
event=kink_round H=20 col=38 round=stage3 frontier_in=247 map_wall_s=0.002 map_cpu_s=0.001 merge_wall_s=0.001 merge_cpu_s=0.001 map_units=1 merge_ranges=1 map_eff_cores=0.55 merge_eff_cores=0.67
event=kink_round H=20 col=38 round=stage4 frontier_in=325 map_wall_s=0.001 map_cpu_s=0.001 merge_wall_s=0.001 merge_cpu_s=0.001 map_units=1 merge_ranges=1 map_eff_cores=0.69 merge_eff_cores=0.76
event=kink_round H=20 col=38 round=stage5 frontier_in=415 map_wall_s=0.002 map_cpu_s=0.001 merge_wall_s=0.002 merge_cpu_s=0.001 map_units=1 merge_ranges=1 map_eff_cores=0.56 merge_eff_cores=0.62
event=kink_round H=20 col=38 round=stage6 frontier_in=517 map_wall_s=0.002 map_cpu_s=0.002 merge_wall_s=0.002 merge_cpu_s=0.001 map_units=1 merge_ranges=1 map_eff_cores=0.94 merge_eff_cores=0.56
event=kink_round H=20 col=38 round=stage7 frontier_in=631 map_wall_s=0.002 map_cpu_s=0.002 merge_wall_s=0.002 merge_cpu_s=0.002 map_units=1 merge_ranges=1 map_eff_cores=0.89 merge_eff_cores=0.99
event=kink_round H=20 col=38 round=stage8 frontier_in=757 map_wall_s=0.002 map_cpu_s=0.002 merge_wall_s=0.002 merge_cpu_s=0.002 map_units=1 merge_ranges=1 map_eff_cores=0.82 merge_eff_cores=0.83
event=kink_round H=20 col=38 round=stage9 frontier_in=895 map_wall_s=0.003 map_cpu_s=0.002 merge_wall_s=0.002 merge_cpu_s=0.001 map_units=1 merge_ranges=1 map_eff_cores=0.76 merge_eff_cores=0.62
event=kink_round H=20 col=38 round=stage10 frontier_in=1042 map_wall_s=0.003 map_cpu_s=0.003 merge_wall_s=0.002 merge_cpu_s=0.002 map_units=1 merge_ranges=1 map_eff_cores=1.00 merge_eff_cores=0.93
event=kink_round H=20 col=38 round=stage11 frontier_in=1166 map_wall_s=0.003 map_cpu_s=0.003 merge_wall_s=0.002 merge_cpu_s=0.002 map_units=1 merge_ranges=1 map_eff_cores=0.95 merge_eff_cores=0.93
event=kink_round H=20 col=38 round=stage12 frontier_in=1249 map_wall_s=0.003 map_cpu_s=0.003 merge_wall_s=0.002 merge_cpu_s=0.002 map_units=1 merge_ranges=1 map_eff_cores=0.93 merge_eff_cores=0.81
event=kink_round H=20 col=38 round=stage13 frontier_in=1292 map_wall_s=0.003 map_cpu_s=0.003 merge_wall_s=0.002 merge_cpu_s=0.002 map_units=1 merge_ranges=1 map_eff_cores=0.88 merge_eff_cores=0.83
event=kink_round H=20 col=38 round=stage14 frontier_in=1312 map_wall_s=0.003 map_cpu_s=0.003 merge_wall_s=0.003 merge_cpu_s=0.002 map_units=1 merge_ranges=1 map_eff_cores=0.91 merge_eff_cores=0.72
event=kink_round H=20 col=38 round=stage15 frontier_in=1307 map_wall_s=0.003 map_cpu_s=0.003 merge_wall_s=0.003 merge_cpu_s=0.002 map_units=1 merge_ranges=1 map_eff_cores=0.90 merge_eff_cores=0.79
event=kink_round H=20 col=38 round=stage16 frontier_in=1274 map_wall_s=0.003 map_cpu_s=0.002 merge_wall_s=0.003 merge_cpu_s=0.002 map_units=1 merge_ranges=1 map_eff_cores=0.74 merge_eff_cores=0.74
event=kink_round H=20 col=38 round=stage17 frontier_in=1210 map_wall_s=0.003 map_cpu_s=0.003 merge_wall_s=0.002 merge_cpu_s=0.002 map_units=1 merge_ranges=1 map_eff_cores=0.99 merge_eff_cores=0.99
event=kink_round H=20 col=38 round=stage18 frontier_in=1096 map_wall_s=0.003 map_cpu_s=0.002 merge_wall_s=0.002 merge_cpu_s=0.002 map_units=1 merge_ranges=1 map_eff_cores=0.73 merge_eff_cores=1.02
event=kink_round H=20 col=38 round=stage19 frontier_in=807 map_wall_s=0.002 map_cpu_s=0.002 merge_wall_s=0.001 merge_cpu_s=0.001 map_units=1 merge_ranges=1 map_eff_cores=0.97 merge_eff_cores=0.69
event=kink_round H=20 col=38 round=finalize frontier_in=444 map_wall_s=0.001 map_cpu_s=0.001 merge_wall_s=0.001 merge_cpu_s=0.001 map_units=1 merge_ranges=1 map_eff_cores=0.68 merge_eff_cores=1.00
event=column H=20 col=38 frontier_in=85 frontier_out=30 wall_s=0.09 cum_wall_s=43747.4 cpu_s=0.1 rss_max_mb=1120.2 map_wall_s=0.05 map_cpu_s=0.0 merge_wall_s=0.04 merge_cpu_s=0.0 map_units=22 merge_ranges=21 eff_cores=0.80
event=kink_round H=20 col=39 round=seed frontier_in=30 map_wall_s=0.001 map_cpu_s=0.001 merge_wall_s=0.000 merge_cpu_s=0.000 map_units=1 merge_ranges=0 map_eff_cores=1.16 merge_eff_cores=0.00
event=kink_round H=20 col=39 round=stage0 frontier_in=30 map_wall_s=0.001 map_cpu_s=0.001 merge_wall_s=0.001 merge_cpu_s=0.001 map_units=1 merge_ranges=1 map_eff_cores=1.02 merge_eff_cores=1.07
event=kink_round H=20 col=39 round=stage1 frontier_in=41 map_wall_s=0.001 map_cpu_s=0.001 merge_wall_s=0.001 merge_cpu_s=0.001 map_units=1 merge_ranges=1 map_eff_cores=1.07 merge_eff_cores=0.99
event=kink_round H=20 col=39 round=stage2 frontier_in=52 map_wall_s=0.001 map_cpu_s=0.001 merge_wall_s=0.001 merge_cpu_s=0.001 map_units=1 merge_ranges=1 map_eff_cores=1.11 merge_eff_cores=1.06
event=kink_round H=20 col=39 round=stage3 frontier_in=63 map_wall_s=0.001 map_cpu_s=0.001 merge_wall_s=0.001 merge_cpu_s=0.001 map_units=1 merge_ranges=1 map_eff_cores=1.00 merge_eff_cores=1.00
event=kink_round H=20 col=39 round=stage4 frontier_in=74 map_wall_s=0.001 map_cpu_s=0.001 merge_wall_s=0.001 merge_cpu_s=0.001 map_units=1 merge_ranges=1 map_eff_cores=0.96 merge_eff_cores=1.04
event=kink_round H=20 col=39 round=stage5 frontier_in=85 map_wall_s=0.001 map_cpu_s=0.001 merge_wall_s=0.001 merge_cpu_s=0.001 map_units=1 merge_ranges=1 map_eff_cores=0.97 merge_eff_cores=0.94
event=kink_round H=20 col=39 round=stage6 frontier_in=96 map_wall_s=0.001 map_cpu_s=0.001 merge_wall_s=0.001 merge_cpu_s=0.001 map_units=1 merge_ranges=1 map_eff_cores=1.01 merge_eff_cores=1.11
event=kink_round H=20 col=39 round=stage7 frontier_in=107 map_wall_s=0.001 map_cpu_s=0.001 merge_wall_s=0.001 merge_cpu_s=0.001 map_units=1 merge_ranges=1 map_eff_cores=0.97 merge_eff_cores=0.90
event=kink_round H=20 col=39 round=stage8 frontier_in=118 map_wall_s=0.001 map_cpu_s=0.001 merge_wall_s=0.001 merge_cpu_s=0.001 map_units=1 merge_ranges=1 map_eff_cores=0.89 merge_eff_cores=1.04
event=kink_round H=20 col=39 round=stage9 frontier_in=129 map_wall_s=0.001 map_cpu_s=0.001 merge_wall_s=0.001 merge_cpu_s=0.001 map_units=1 merge_ranges=1 map_eff_cores=0.92 merge_eff_cores=0.88
event=kink_round H=20 col=39 round=stage10 frontier_in=140 map_wall_s=0.001 map_cpu_s=0.001 merge_wall_s=0.001 merge_cpu_s=0.001 map_units=1 merge_ranges=1 map_eff_cores=0.97 merge_eff_cores=1.00
event=kink_round H=20 col=39 round=stage11 frontier_in=149 map_wall_s=0.001 map_cpu_s=0.001 merge_wall_s=0.001 merge_cpu_s=0.001 map_units=1 merge_ranges=1 map_eff_cores=0.89 merge_eff_cores=0.93
event=kink_round H=20 col=39 round=stage12 frontier_in=148 map_wall_s=0.001 map_cpu_s=0.001 merge_wall_s=0.001 merge_cpu_s=0.001 map_units=1 merge_ranges=1 map_eff_cores=0.89 merge_eff_cores=1.02
event=kink_round H=20 col=39 round=stage13 frontier_in=143 map_wall_s=0.001 map_cpu_s=0.001 merge_wall_s=0.001 merge_cpu_s=0.001 map_units=1 merge_ranges=1 map_eff_cores=0.91 merge_eff_cores=0.93
event=kink_round H=20 col=39 round=stage14 frontier_in=136 map_wall_s=0.001 map_cpu_s=0.001 merge_wall_s=0.001 merge_cpu_s=0.001 map_units=1 merge_ranges=1 map_eff_cores=0.94 merge_eff_cores=1.00
event=kink_round H=20 col=39 round=stage15 frontier_in=127 map_wall_s=0.001 map_cpu_s=0.001 merge_wall_s=0.001 merge_cpu_s=0.001 map_units=1 merge_ranges=1 map_eff_cores=0.94 merge_eff_cores=1.06
event=kink_round H=20 col=39 round=stage16 frontier_in=116 map_wall_s=0.001 map_cpu_s=0.001 merge_wall_s=0.001 merge_cpu_s=0.001 map_units=1 merge_ranges=1 map_eff_cores=0.97 merge_eff_cores=0.98
event=kink_round H=20 col=39 round=stage17 frontier_in=103 map_wall_s=0.001 map_cpu_s=0.001 merge_wall_s=0.001 merge_cpu_s=0.001 map_units=1 merge_ranges=1 map_eff_cores=1.05 merge_eff_cores=1.00
event=kink_round H=20 col=39 round=stage18 frontier_in=88 map_wall_s=0.001 map_cpu_s=0.000 merge_wall_s=0.001 merge_cpu_s=0.001 map_units=1 merge_ranges=1 map_eff_cores=0.00 merge_eff_cores=1.05
event=kink_round H=20 col=39 round=stage19 frontier_in=71 map_wall_s=0.001 map_cpu_s=0.001 merge_wall_s=0.001 merge_cpu_s=0.001 map_units=1 merge_ranges=1 map_eff_cores=1.00 merge_eff_cores=1.05
event=kink_round H=20 col=39 round=finalize frontier_in=34 map_wall_s=0.001 map_cpu_s=0.000 merge_wall_s=0.001 merge_cpu_s=0.001 map_units=1 merge_ranges=1 map_eff_cores=0.00 merge_eff_cores=1.13
event=column H=20 col=39 frontier_in=30 frontier_out=10 wall_s=0.05 cum_wall_s=43747.4 cpu_s=0.0 rss_max_mb=1076.6 map_wall_s=0.02 map_cpu_s=0.0 merge_wall_s=0.02 merge_cpu_s=0.0 map_units=22 merge_ranges=21 eff_cores=0.89
event=kink_round H=20 col=40 round=seed frontier_in=10 map_wall_s=0.001 map_cpu_s=0.000 merge_wall_s=0.000 merge_cpu_s=0.000 map_units=1 merge_ranges=0 map_eff_cores=0.00 merge_eff_cores=0.00
event=kink_round H=20 col=40 round=stage0 frontier_in=10 map_wall_s=0.001 map_cpu_s=0.000 merge_wall_s=0.001 merge_cpu_s=0.001 map_units=1 merge_ranges=1 map_eff_cores=0.00 merge_eff_cores=1.10
event=kink_round H=20 col=40 round=stage1 frontier_in=10 map_wall_s=0.001 map_cpu_s=0.001 merge_wall_s=0.001 merge_cpu_s=0.001 map_units=1 merge_ranges=1 map_eff_cores=1.16 merge_eff_cores=1.14
event=kink_round H=20 col=40 round=stage2 frontier_in=10 map_wall_s=0.001 map_cpu_s=0.001 merge_wall_s=0.001 merge_cpu_s=0.001 map_units=1 merge_ranges=1 map_eff_cores=1.19 merge_eff_cores=0.93
event=kink_round H=20 col=40 round=stage3 frontier_in=10 map_wall_s=0.001 map_cpu_s=0.001 merge_wall_s=0.001 merge_cpu_s=0.001 map_units=1 merge_ranges=1 map_eff_cores=1.03 merge_eff_cores=0.96
event=kink_round H=20 col=40 round=stage4 frontier_in=10 map_wall_s=0.001 map_cpu_s=0.001 merge_wall_s=0.001 merge_cpu_s=0.001 map_units=1 merge_ranges=1 map_eff_cores=0.97 merge_eff_cores=1.00
event=kink_round H=20 col=40 round=stage5 frontier_in=10 map_wall_s=0.001 map_cpu_s=0.000 merge_wall_s=0.001 merge_cpu_s=0.001 map_units=1 merge_ranges=1 map_eff_cores=0.00 merge_eff_cores=1.13
event=kink_round H=20 col=40 round=stage6 frontier_in=10 map_wall_s=0.001 map_cpu_s=0.001 merge_wall_s=0.001 merge_cpu_s=0.001 map_units=1 merge_ranges=1 map_eff_cores=1.14 merge_eff_cores=1.24
event=kink_round H=20 col=40 round=stage7 frontier_in=10 map_wall_s=0.001 map_cpu_s=0.001 merge_wall_s=0.001 merge_cpu_s=0.001 map_units=1 merge_ranges=1 map_eff_cores=1.21 merge_eff_cores=1.22
event=kink_round H=20 col=40 round=stage8 frontier_in=10 map_wall_s=0.001 map_cpu_s=0.001 merge_wall_s=0.001 merge_cpu_s=0.001 map_units=1 merge_ranges=1 map_eff_cores=1.07 merge_eff_cores=1.07
event=kink_round H=20 col=40 round=stage9 frontier_in=10 map_wall_s=0.001 map_cpu_s=0.001 merge_wall_s=0.001 merge_cpu_s=0.001 map_units=1 merge_ranges=1 map_eff_cores=1.05 merge_eff_cores=1.14
event=kink_round H=20 col=40 round=stage10 frontier_in=10 map_wall_s=0.001 map_cpu_s=0.001 merge_wall_s=0.001 merge_cpu_s=0.001 map_units=1 merge_ranges=1 map_eff_cores=1.14 merge_eff_cores=1.20
event=kink_round H=20 col=40 round=stage11 frontier_in=10 map_wall_s=0.001 map_cpu_s=0.001 merge_wall_s=0.001 merge_cpu_s=0.001 map_units=1 merge_ranges=1 map_eff_cores=1.21 merge_eff_cores=1.13
event=kink_round H=20 col=40 round=stage12 frontier_in=9 map_wall_s=0.001 map_cpu_s=0.001 merge_wall_s=0.001 merge_cpu_s=0.001 map_units=1 merge_ranges=1 map_eff_cores=1.22 merge_eff_cores=1.04
event=kink_round H=20 col=40 round=stage13 frontier_in=8 map_wall_s=0.001 map_cpu_s=0.001 merge_wall_s=0.001 merge_cpu_s=0.001 map_units=1 merge_ranges=1 map_eff_cores=1.19 merge_eff_cores=0.93
event=kink_round H=20 col=40 round=stage14 frontier_in=7 map_wall_s=0.001 map_cpu_s=0.001 merge_wall_s=0.001 merge_cpu_s=0.001 map_units=1 merge_ranges=1 map_eff_cores=1.20 merge_eff_cores=0.75
event=kink_round H=20 col=40 round=stage15 frontier_in=6 map_wall_s=0.001 map_cpu_s=0.001 merge_wall_s=0.001 merge_cpu_s=0.001 map_units=1 merge_ranges=1 map_eff_cores=1.20 merge_eff_cores=1.21
event=kink_round H=20 col=40 round=stage16 frontier_in=5 map_wall_s=0.001 map_cpu_s=0.000 merge_wall_s=0.001 merge_cpu_s=0.001 map_units=1 merge_ranges=1 map_eff_cores=0.00 merge_eff_cores=1.10
event=kink_round H=20 col=40 round=stage17 frontier_in=4 map_wall_s=0.001 map_cpu_s=0.001 merge_wall_s=0.001 merge_cpu_s=0.001 map_units=1 merge_ranges=1 map_eff_cores=1.14 merge_eff_cores=1.08
event=kink_round H=20 col=40 round=stage18 frontier_in=3 map_wall_s=0.001 map_cpu_s=0.001 merge_wall_s=0.001 merge_cpu_s=0.001 map_units=1 merge_ranges=1 map_eff_cores=1.19 merge_eff_cores=1.16
event=kink_round H=20 col=40 round=stage19 frontier_in=2 map_wall_s=0.001 map_cpu_s=0.001 merge_wall_s=0.001 merge_cpu_s=0.001 map_units=1 merge_ranges=1 map_eff_cores=1.16 merge_eff_cores=1.21
event=kink_round H=20 col=40 round=finalize frontier_in=1 map_wall_s=0.001 map_cpu_s=0.000 merge_wall_s=0.000 merge_cpu_s=0.000 map_units=0 merge_ranges=0 map_eff_cores=0.00 merge_eff_cores=0.00
event=column H=20 col=40 frontier_in=10 frontier_out=0 wall_s=0.04 cum_wall_s=43747.5 cpu_s=0.0 rss_max_mb=1116.7 map_wall_s=0.02 map_cpu_s=0.0 merge_wall_s=0.02 merge_cpu_s=0.0 map_units=21 merge_ranges=20 eff_cores=0.91

wall=43761.5s cpu_s=1474047.056 wall_s=1716496.180 rss_max_mb=1120.2
